date,temperature_2m_mean,precipitation_sum,soil_moisture_7_to_28cm_mean,name
2015-01-01 00:00:00+00:00,-7.213643,0.5,0.30535716,Saskatchewan
2015-01-02 00:00:00+00:00,-10.297274,4.714286,0.30482143,Saskatchewan
2015-01-03 00:00:00+00:00,-22.63031,1.6714286,0.3041131,Saskatchewan
2015-01-04 00:00:00+00:00,-29.733582,0.0,0.30367857,Saskatchewan
2015-01-05 00:00:00+00:00,-25.502035,0.5857143,0.3031488,Saskatchewan
2015-01-06 00:00:00+00:00,-21.578524,0.27142859,0.30251786,Saskatchewan
2015-01-07 00:00:00+00:00,-23.841915,0.0,0.3019881,Saskatchewan
2015-01-08 00:00:00+00:00,-15.349655,0.6714286,0.30140477,Saskatchewan
2015-01-09 00:00:00+00:00,-21.934774,0.0,0.30096433,Saskatchewan
2015-01-10 00:00:00+00:00,-22.200846,0.0,0.30055356,Saskatchewan
2015-01-11 00:00:00+00:00,-21.72168,0.0,0.3001131,Saskatchewan
2015-01-12 00:00:00+00:00,-21.750547,0.0,0.29954168,Saskatchewan
2015-01-13 00:00:00+00:00,-14.076141,0.0,0.29919645,Saskatchewan
2015-01-14 00:00:00+00:00,-5.229714,0.62857145,0.2987976,Saskatchewan
2015-01-15 00:00:00+00:00,-3.7344763,0.0,0.2982083,Saskatchewan
2015-01-16 00:00:00+00:00,-5.813941,0.071428575,0.2980893,Saskatchewan
2015-01-17 00:00:00+00:00,-1.0782262,1.5142858,0.29828572,Saskatchewan
2015-01-18 00:00:00+00:00,-6.6794167,0.88571423,0.298625,Saskatchewan
2015-01-19 00:00:00+00:00,-3.5609646,1.4428571,0.30060714,Saskatchewan
2015-01-20 00:00:00+00:00,-3.5612617,0.81428576,0.30238095,Saskatchewan
2015-01-21 00:00:00+00:00,-7.1850715,0.12857142,0.30282736,Saskatchewan
2015-01-22 00:00:00+00:00,-1.4053096,0.014285714,0.30298805,Saskatchewan
2015-01-23 00:00:00+00:00,0.30748814,0.014285714,0.3032678,Saskatchewan
2015-01-24 00:00:00+00:00,-0.4407262,2.857143,0.3038809,Saskatchewan
2015-01-25 00:00:00+00:00,-0.6996549,0.9857143,0.30682737,Saskatchewan
2015-01-26 00:00:00+00:00,1.2964762,0.0,0.31005952,Saskatchewan
2015-01-27 00:00:00+00:00,-1.4704882,0.071428575,0.3118095,Saskatchewan
2015-01-28 00:00:00+00:00,-2.6755474,1.2285715,0.31268454,Saskatchewan
2015-01-29 00:00:00+00:00,-7.6198926,0.0,0.31313092,Saskatchewan
2015-01-30 00:00:00+00:00,-7.816619,0.2,0.3129107,Saskatchewan
2015-01-31 00:00:00+00:00,-13.966322,1.9,0.31260118,Saskatchewan
2015-02-01 00:00:00+00:00,-20.19251,0.057142857,0.3121786,Saskatchewan
2015-02-02 00:00:00+00:00,-15.882988,0.15714286,0.31151786,Saskatchewan
2015-02-03 00:00:00+00:00,-16.502928,0.6285714,0.31085715,Saskatchewan
2015-02-04 00:00:00+00:00,-19.738346,0.0,0.31031546,Saskatchewan
2015-02-05 00:00:00+00:00,-12.85144,0.41428572,0.30975002,Saskatchewan
2015-02-06 00:00:00+00:00,-12.227632,4.585714,0.30899405,Saskatchewan
2015-02-07 00:00:00+00:00,-9.657691,1.2142857,0.3092619,Saskatchewan
2015-02-08 00:00:00+00:00,-13.0675125,0.59999996,0.3103631,Saskatchewan
2015-02-09 00:00:00+00:00,-12.702929,0.028571429,0.31029764,Saskatchewan
2015-02-10 00:00:00+00:00,-11.993703,6.271428,0.30994052,Saskatchewan
2015-02-11 00:00:00+00:00,-19.034475,0.0,0.309506,Saskatchewan
2015-02-12 00:00:00+00:00,-16.265131,0.028571429,0.309131,Saskatchewan
2015-02-13 00:00:00+00:00,-8.619297,0.12857144,0.30876783,Saskatchewan
2015-02-14 00:00:00+00:00,-16.176739,3.8285713,0.3087024,Saskatchewan
2015-02-15 00:00:00+00:00,-14.719001,1.5714285,0.30870837,Saskatchewan
2015-02-16 00:00:00+00:00,-11.291024,0.25714287,0.30864286,Saskatchewan
2015-02-17 00:00:00+00:00,-19.367514,0.0,0.30835715,Saskatchewan
2015-02-18 00:00:00+00:00,-21.132093,0.0,0.3080893,Saskatchewan
2015-02-19 00:00:00+00:00,-12.319594,1.3428572,0.3079464,Saskatchewan
2015-02-20 00:00:00+00:00,-5.639833,1.0714285,0.30792856,Saskatchewan
2015-02-21 00:00:00+00:00,-17.457691,0.028571429,0.3077798,Saskatchewan
2015-02-22 00:00:00+00:00,-25.43031,0.0,0.30762503,Saskatchewan
2015-02-23 00:00:00+00:00,-10.6124525,0.0,0.3073631,Saskatchewan
2015-02-24 00:00:00+00:00,-5.0951905,0.8428572,0.30733928,Saskatchewan
2015-02-25 00:00:00+00:00,-14.188346,0.61428577,0.30750003,Saskatchewan
2015-02-26 00:00:00+00:00,-22.026142,0.0,0.30745834,Saskatchewan
2015-02-27 00:00:00+00:00,-20.585072,0.0,0.30732146,Saskatchewan
2015-02-28 00:00:00+00:00,-17.95144,0.0,0.30692858,Saskatchewan
2015-03-01 00:00:00+00:00,-12.077929,0.114285715,0.30653572,Saskatchewan
2015-03-02 00:00:00+00:00,-10.994596,0.20000002,0.30624408,Saskatchewan
2015-03-03 00:00:00+00:00,-15.961263,0.0,0.30595833,Saskatchewan
2015-03-04 00:00:00+00:00,-21.839834,0.0,0.30550596,Saskatchewan
2015-03-05 00:00:00+00:00,-15.763643,0.0,0.30525,Saskatchewan
2015-03-06 00:00:00+00:00,-4.778821,0.6857143,0.3051667,Saskatchewan
2015-03-07 00:00:00+00:00,-1.7130474,0.4,0.30577382,Saskatchewan
2015-03-08 00:00:00+00:00,-2.1270354,0.0,0.30758932,Saskatchewan
2015-03-09 00:00:00+00:00,0.5574881,0.17142858,0.31140476,Saskatchewan
2015-03-10 00:00:00+00:00,1.6193928,0.31428573,0.31804165,Saskatchewan
2015-03-11 00:00:00+00:00,0.6923095,0.0,0.3283512,Saskatchewan
2015-03-12 00:00:00+00:00,1.6673096,0.10000001,0.34085712,Saskatchewan
2015-03-13 00:00:00+00:00,1.6551073,0.15714285,0.35818455,Saskatchewan
2015-03-14 00:00:00+00:00,4.9307027,0.0,0.37365478,Saskatchewan
2015-03-15 00:00:00+00:00,7.3783216,0.042857144,0.39511314,Saskatchewan
2015-03-16 00:00:00+00:00,-0.2395358,2.6285713,0.39270237,Saskatchewan
2015-03-17 00:00:00+00:00,-1.9687023,0.0,0.38522622,Saskatchewan
2015-03-18 00:00:00+00:00,-0.12733337,0.67142856,0.38482738,Saskatchewan
2015-03-19 00:00:00+00:00,1.4753454,0.0,0.38745236,Saskatchewan
2015-03-20 00:00:00+00:00,0.12951186,2.2142856,0.3887857,Saskatchewan
2015-03-21 00:00:00+00:00,-3.937452,2.0714288,0.38430953,Saskatchewan
2015-03-22 00:00:00+00:00,-3.5472739,2.8857143,0.38013098,Saskatchewan
2015-03-23 00:00:00+00:00,-3.5862617,0.41428572,0.37685114,Saskatchewan
2015-03-24 00:00:00+00:00,-2.6502497,3.7571428,0.37428573,Saskatchewan
2015-03-25 00:00:00+00:00,-2.7020357,0.6571428,0.37161902,Saskatchewan
2015-03-26 00:00:00+00:00,-2.8803093,0.0,0.37007147,Saskatchewan
2015-03-27 00:00:00+00:00,2.844988,1.542857,0.37103572,Saskatchewan
2015-03-28 00:00:00+00:00,5.661655,1.4571428,0.38298216,Saskatchewan
2015-03-29 00:00:00+00:00,5.2824883,0.95714283,0.3955893,Saskatchewan
2015-03-30 00:00:00+00:00,6.449155,0.6999999,0.39136904,Saskatchewan
2015-03-31 00:00:00+00:00,6.6351666,0.057142857,0.3844107,Saskatchewan
2015-04-01 00:00:00+00:00,6.753321,1.3857143,0.3785774,Saskatchewan
2015-04-02 00:00:00+00:00,0.001833277,2.3999999,0.3742084,Saskatchewan
2015-04-03 00:00:00+00:00,-1.1794167,0.5285714,0.36863688,Saskatchewan
2015-04-04 00:00:00+00:00,-1.0270358,0.20000002,0.36486906,Saskatchewan
2015-04-05 00:00:00+00:00,-2.4636428,0.2857143,0.36215475,Saskatchewan
2015-04-06 00:00:00+00:00,-2.0856664,0.18571429,0.3599405,Saskatchewan
2015-04-07 00:00:00+00:00,-0.7922144,4.1285715,0.35818455,Saskatchewan
2015-04-08 00:00:00+00:00,1.6527262,0.014285714,0.35724995,Saskatchewan
2015-04-09 00:00:00+00:00,4.1985598,0.0,0.3599762,Saskatchewan
2015-04-10 00:00:00+00:00,5.113143,0.028571429,0.35975596,Saskatchewan
2015-04-11 00:00:00+00:00,9.972369,0.18571427,0.35679168,Saskatchewan
2015-04-12 00:00:00+00:00,7.700345,0.21428572,0.35175,Saskatchewan
2015-04-13 00:00:00+00:00,4.901238,0.042857144,0.3462917,Saskatchewan
2015-04-14 00:00:00+00:00,7.47475,0.042857144,0.3401607,Saskatchewan
2015-04-15 00:00:00+00:00,10.18219,0.14285715,0.33412498,Saskatchewan
2015-04-16 00:00:00+00:00,7.377726,0.0,0.32881546,Saskatchewan
2015-04-17 00:00:00+00:00,9.5435,0.0,0.32259527,Saskatchewan
2015-04-18 00:00:00+00:00,8.987548,0.5285714,0.31689882,Saskatchewan
2015-04-19 00:00:00+00:00,5.2295117,0.9285715,0.31360123,Saskatchewan
2015-04-20 00:00:00+00:00,3.5866547,0.014285714,0.31120235,Saskatchewan
2015-04-21 00:00:00+00:00,3.938738,0.17142858,0.3075357,Saskatchewan
2015-04-22 00:00:00+00:00,5.536655,0.0,0.3037381,Saskatchewan
2015-04-23 00:00:00+00:00,5.7824883,1.3285714,0.29980356,Saskatchewan
2015-04-24 00:00:00+00:00,6.638143,0.0,0.2976012,Saskatchewan
2015-04-25 00:00:00+00:00,6.3652263,5.557143,0.29636905,Saskatchewan
2015-04-26 00:00:00+00:00,5.2423096,2.9857144,0.30873212,Saskatchewan
2015-04-27 00:00:00+00:00,6.2089763,0.25714287,0.31350592,Saskatchewan
2015-04-28 00:00:00+00:00,10.802131,0.0,0.3100238,Saskatchewan
2015-04-29 00:00:00+00:00,13.965523,0.0,0.30444643,Saskatchewan
2015-04-30 00:00:00+00:00,12.72832,1.2428571,0.29868454,Saskatchewan
2015-05-01 00:00:00+00:00,11.574452,0.0,0.29451188,Saskatchewan
2015-05-02 00:00:00+00:00,11.597964,0.27142859,0.28954762,Saskatchewan
2015-05-03 00:00:00+00:00,8.110464,0.071428575,0.28566667,Saskatchewan
2015-05-04 00:00:00+00:00,9.17475,0.21428572,0.2821845,Saskatchewan
2015-05-05 00:00:00+00:00,14.520583,0.45714283,0.2776369,Saskatchewan
2015-05-06 00:00:00+00:00,14.123559,2.8857143,0.27350593,Saskatchewan
2015-05-07 00:00:00+00:00,5.879512,1.5999998,0.27722022,Saskatchewan
2015-05-08 00:00:00+00:00,3.442012,0.0,0.2780833,Saskatchewan
2015-05-09 00:00:00+00:00,5.5247498,0.0,0.27577975,Saskatchewan
2015-05-10 00:00:00+00:00,7.678917,0.028571429,0.27226192,Saskatchewan
2015-05-11 00:00:00+00:00,6.7190948,0.071428575,0.26886907,Saskatchewan
2015-05-12 00:00:00+00:00,7.029512,0.042857144,0.26608333,Saskatchewan
2015-05-13 00:00:00+00:00,6.3259406,2.6857142,0.26471427,Saskatchewan
2015-05-14 00:00:00+00:00,7.4625473,0.0,0.26674405,Saskatchewan
2015-05-15 00:00:00+00:00,9.764334,0.0,0.26503572,Saskatchewan
2015-05-16 00:00:00+00:00,12.217309,0.90000004,0.2613631,Saskatchewan
2015-05-17 00:00:00+00:00,5.5095716,7.014286,0.26557738,Saskatchewan
2015-05-18 00:00:00+00:00,4.615524,0.0,0.27324405,Saskatchewan
2015-05-19 00:00:00+00:00,8.488738,0.0,0.2708095,Saskatchewan
2015-05-20 00:00:00+00:00,12.568202,0.0,0.26671427,Saskatchewan
2015-05-21 00:00:00+00:00,14.774451,0.0,0.26140472,Saskatchewan
2015-05-22 00:00:00+00:00,16.218798,0.0,0.25593454,Saskatchewan
2015-05-23 00:00:00+00:00,17.214035,0.042857144,0.25005952,Saskatchewan
2015-05-24 00:00:00+00:00,17.641417,0.071428575,0.24446428,Saskatchewan
2015-05-25 00:00:00+00:00,18.631893,0.028571429,0.23870237,Saskatchewan
2015-05-26 00:00:00+00:00,19.159573,0.42857143,0.23327978,Saskatchewan
2015-05-27 00:00:00+00:00,16.50719,0.21428572,0.2282976,Saskatchewan
2015-05-28 00:00:00+00:00,15.10362,2.8142858,0.22505356,Saskatchewan
2015-05-29 00:00:00+00:00,8.267309,0.0,0.22363691,Saskatchewan
2015-05-30 00:00:00+00:00,9.078619,0.45714286,0.22167262,Saskatchewan
2015-05-31 00:00:00+00:00,12.828917,0.0,0.21958928,Saskatchewan
2015-06-01 00:00:00+00:00,17.521475,1.6714287,0.21723212,Saskatchewan
2015-06-02 00:00:00+00:00,15.545881,0.44285712,0.21444048,Saskatchewan
2015-06-03 00:00:00+00:00,14.073262,0.9,0.21308331,Saskatchewan
2015-06-04 00:00:00+00:00,14.342309,2.2714283,0.21114287,Saskatchewan
2015-06-05 00:00:00+00:00,16.40451,0.057142857,0.20972024,Saskatchewan
2015-06-06 00:00:00+00:00,18.539629,4.4857144,0.21090476,Saskatchewan
2015-06-07 00:00:00+00:00,19.881596,0.042857144,0.21245836,Saskatchewan
2015-06-08 00:00:00+00:00,21.514034,0.0,0.20907739,Saskatchewan
2015-06-09 00:00:00+00:00,20.451534,0.44285712,0.20504762,Saskatchewan
2015-06-10 00:00:00+00:00,18.259867,0.071428575,0.20115475,Saskatchewan
2015-06-11 00:00:00+00:00,18.75213,0.028571429,0.19822024,Saskatchewan
2015-06-12 00:00:00+00:00,20.366714,3.3285713,0.19498809,Saskatchewan
2015-06-13 00:00:00+00:00,15.983678,2.542857,0.19360714,Saskatchewan
2015-06-14 00:00:00+00:00,13.468797,1.2142857,0.19372618,Saskatchewan
2015-06-15 00:00:00+00:00,12.130404,0.028571429,0.19389284,Saskatchewan
2015-06-16 00:00:00+00:00,14.891417,0.0,0.1926607,Saskatchewan
2015-06-17 00:00:00+00:00,16.162546,1.1142857,0.19051193,Saskatchewan
2015-06-18 00:00:00+00:00,13.862249,0.4857143,0.18896429,Saskatchewan
2015-06-19 00:00:00+00:00,16.501535,3.742857,0.18755952,Saskatchewan
2015-06-20 00:00:00+00:00,16.247965,9.428572,0.19131549,Saskatchewan
2015-06-21 00:00:00+00:00,15.909273,1.0142857,0.19974406,Saskatchewan
2015-06-22 00:00:00+00:00,15.572072,3.1285713,0.20497024,Saskatchewan
2015-06-23 00:00:00+00:00,17.824154,0.50000006,0.20670833,Saskatchewan
2015-06-24 00:00:00+00:00,18.330997,0.14285715,0.20461905,Saskatchewan
2015-06-25 00:00:00+00:00,20.15689,0.15714286,0.20135713,Saskatchewan
2015-06-26 00:00:00+00:00,21.904512,0.21428572,0.19763097,Saskatchewan
2015-06-27 00:00:00+00:00,23.060465,0.14285715,0.19333334,Saskatchewan
2015-06-28 00:00:00+00:00,23.56701,0.21428572,0.18841667,Saskatchewan
2015-06-29 00:00:00+00:00,24.034573,0.27142859,0.18370833,Saskatchewan
2015-06-30 00:00:00+00:00,20.42951,3.957143,0.18058334,Saskatchewan
2015-07-01 00:00:00+00:00,19.316118,5.5999994,0.18149999,Saskatchewan
2015-07-02 00:00:00+00:00,20.378618,1.3000001,0.18676193,Saskatchewan
2015-07-03 00:00:00+00:00,22.229214,0.0,0.18689285,Saskatchewan
2015-07-04 00:00:00+00:00,21.986355,3.0571427,0.18480358,Saskatchewan
2015-07-05 00:00:00+00:00,17.731297,1.0,0.18389286,Saskatchewan
2015-07-06 00:00:00+00:00,15.319094,0.37142855,0.1828988,Saskatchewan
2015-07-07 00:00:00+00:00,16.941118,1.6285715,0.18095835,Saskatchewan
2015-07-08 00:00:00+00:00,16.09469,0.31428573,0.17929165,Saskatchewan
2015-07-09 00:00:00+00:00,21.431,0.0,0.1769881,Saskatchewan
2015-07-10 00:00:00+00:00,24.361952,0.0,0.17376785,Saskatchewan
2015-07-11 00:00:00+00:00,24.2185,1.1285714,0.17044643,Saskatchewan
2015-07-12 00:00:00+00:00,22.476833,4.6714287,0.16885118,Saskatchewan
2015-07-13 00:00:00+00:00,20.930105,4.142857,0.16908333,Saskatchewan
2015-07-14 00:00:00+00:00,20.528915,4.457143,0.17254761,Saskatchewan
2015-07-15 00:00:00+00:00,21.10481,1.2714285,0.1774762,Saskatchewan
2015-07-16 00:00:00+00:00,21.153616,1.3285714,0.1778512,Saskatchewan
2015-07-17 00:00:00+00:00,16.380701,2.0571427,0.17694643,Saskatchewan
2015-07-18 00:00:00+00:00,16.40094,6.4000006,0.17993453,Saskatchewan
2015-07-19 00:00:00+00:00,19.511059,0.52857137,0.18609524,Saskatchewan
2015-07-20 00:00:00+00:00,18.41463,0.014285714,0.18557143,Saskatchewan
2015-07-21 00:00:00+00:00,20.503323,0.20000002,0.18341073,Saskatchewan
2015-07-22 00:00:00+00:00,22.330702,0.071428575,0.18039286,Saskatchewan
2015-07-23 00:00:00+00:00,20.087545,2.1571429,0.1778512,Saskatchewan
2015-07-24 00:00:00+00:00,19.571178,0.15714286,0.17652977,Saskatchewan
2015-07-25 00:00:00+00:00,21.535166,0.18571429,0.17405356,Saskatchewan
2015-07-26 00:00:00+00:00,21.53576,0.35714287,0.17143452,Saskatchewan
2015-07-27 00:00:00+00:00,19.366713,8.485715,0.1696607,Saskatchewan
2015-07-28 00:00:00+00:00,16.528025,37.014282,0.2378988,Saskatchewan
2015-07-29 00:00:00+00:00,17.612844,3.4,0.29776192,Saskatchewan
2015-07-30 00:00:00+00:00,18.039928,0.21428572,0.2899405,Saskatchewan
2015-07-31 00:00:00+00:00,18.58487,0.0,0.27935714,Saskatchewan
2015-08-01 00:00:00+00:00,20.118795,0.21428572,0.26885715,Saskatchewan
2015-08-02 00:00:00+00:00,18.369394,0.057142857,0.2598393,Saskatchewan
2015-08-03 00:00:00+00:00,18.926832,0.0,0.25122026,Saskatchewan
2015-08-04 00:00:00+00:00,20.074156,0.0,0.24277976,Saskatchewan
2015-08-05 00:00:00+00:00,19.156595,11.357142,0.2413631,Saskatchewan
2015-08-06 00:00:00+00:00,17.346476,12.528571,0.26272023,Saskatchewan
2015-08-07 00:00:00+00:00,15.9187975,7.257142,0.30079168,Saskatchewan
2015-08-08 00:00:00+00:00,16.328917,0.51428574,0.30597618,Saskatchewan
2015-08-09 00:00:00+00:00,18.460165,0.0,0.29923216,Saskatchewan
2015-08-10 00:00:00+00:00,21.203617,0.0,0.28957143,Saskatchewan
2015-08-11 00:00:00+00:00,23.29082,0.028571429,0.27873215,Saskatchewan
2015-08-12 00:00:00+00:00,24.476831,0.0,0.26824406,Saskatchewan
2015-08-13 00:00:00+00:00,24.724155,0.042857144,0.2583869,Saskatchewan
2015-08-14 00:00:00+00:00,25.449154,0.0,0.24879166,Saskatchewan
2015-08-15 00:00:00+00:00,22.319988,8.2,0.24251191,Saskatchewan
2015-08-16 00:00:00+00:00,14.450643,0.9,0.2529643,Saskatchewan
2015-08-17 00:00:00+00:00,14.39469,0.14285715,0.25110716,Saskatchewan
2015-08-18 00:00:00+00:00,14.730107,1.4428571,0.247125,Saskatchewan
2015-08-19 00:00:00+00:00,15.433678,0.08571429,0.24346428,Saskatchewan
2015-08-20 00:00:00+00:00,17.580107,0.14285715,0.23857142,Saskatchewan
2015-08-21 00:00:00+00:00,16.376238,5.3285713,0.23474406,Saskatchewan
2015-08-22 00:00:00+00:00,12.971476,16.942858,0.25216666,Saskatchewan
2015-08-23 00:00:00+00:00,11.7685,0.51428574,0.279625,Saskatchewan
2015-08-24 00:00:00+00:00,14.0086775,0.0,0.27849406,Saskatchewan
2015-08-25 00:00:00+00:00,17.15213,0.0,0.272875,Saskatchewan
2015-08-26 00:00:00+00:00,18.656,0.0,0.26647618,Saskatchewan
2015-08-27 00:00:00+00:00,19.823856,0.0,0.26026192,Saskatchewan
2015-08-28 00:00:00+00:00,21.222073,0.29999998,0.25414285,Saskatchewan
2015-08-29 00:00:00+00:00,22.759571,0.0,0.24794641,Saskatchewan
2015-08-30 00:00:00+00:00,21.916714,0.18571427,0.24169047,Saskatchewan
2015-08-31 00:00:00+00:00,18.67862,0.9714286,0.2371131,Saskatchewan
2015-09-01 00:00:00+00:00,18.921177,0.0,0.23202382,Saskatchewan
2015-09-02 00:00:00+00:00,20.195583,0.08571429,0.2267857,Saskatchewan
2015-09-03 00:00:00+00:00,19.548262,0.12857144,0.22228573,Saskatchewan
2015-09-04 00:00:00+00:00,14.815225,2.2714286,0.21895835,Saskatchewan
2015-09-05 00:00:00+00:00,11.898561,14.171428,0.2205238,Saskatchewan
2015-09-06 00:00:00+00:00,12.190524,16.542858,0.27586904,Saskatchewan
2015-09-07 00:00:00+00:00,10.227132,1.1,0.30158332,Saskatchewan
2015-09-08 00:00:00+00:00,10.499453,0.25714284,0.30199406,Saskatchewan
2015-09-09 00:00:00+00:00,10.483975,0.0,0.29879168,Saskatchewan
2015-09-10 00:00:00+00:00,10.689928,0.057142857,0.29389882,Saskatchewan
2015-09-11 00:00:00+00:00,13.317012,0.0,0.28858927,Saskatchewan
2015-09-12 00:00:00+00:00,17.18338,0.0,0.28269643,Saskatchewan
2015-09-13 00:00:00+00:00,15.854215,0.18571429,0.27651784,Saskatchewan
2015-09-14 00:00:00+00:00,11.5399275,1.7571429,0.27276787,Saskatchewan
2015-09-15 00:00:00+00:00,11.570285,8.300001,0.27483925,Saskatchewan
2015-09-16 00:00:00+00:00,10.6185,1.6571428,0.29317856,Saskatchewan
2015-09-17 00:00:00+00:00,10.025642,5.1857142,0.30132145,Saskatchewan
2015-09-18 00:00:00+00:00,10.517607,0.0,0.30433926,Saskatchewan
2015-09-19 00:00:00+00:00,12.751833,0.0,0.3000774,Saskatchewan
2015-09-20 00:00:00+00:00,14.560761,0.071428575,0.29501787,Saskatchewan
2015-09-21 00:00:00+00:00,13.935761,0.22857144,0.29029766,Saskatchewan
2015-09-22 00:00:00+00:00,8.81106,0.12857144,0.28649405,Saskatchewan
2015-09-23 00:00:00+00:00,11.346774,0.34285715,0.28249404,Saskatchewan
2015-09-24 00:00:00+00:00,13.958679,0.0,0.27872023,Saskatchewan
2015-09-25 00:00:00+00:00,17.675047,0.0,0.27480358,Saskatchewan
2015-09-26 00:00:00+00:00,17.109869,0.014285714,0.27018452,Saskatchewan
2015-09-27 00:00:00+00:00,12.608381,0.028571429,0.2663929,Saskatchewan
2015-09-28 00:00:00+00:00,8.285166,0.0,0.26264286,Saskatchewan
2015-09-29 00:00:00+00:00,9.036654,0.0,0.25938097,Saskatchewan
2015-09-30 00:00:00+00:00,13.291417,0.85714287,0.25607142,Saskatchewan
2015-10-01 00:00:00+00:00,12.04231,0.0,0.2534881,Saskatchewan
2015-10-02 00:00:00+00:00,12.636952,0.5571429,0.25129166,Saskatchewan
2015-10-03 00:00:00+00:00,9.993202,5.342857,0.25033334,Saskatchewan
2015-10-04 00:00:00+00:00,6.9381433,6.885714,0.25764287,Saskatchewan
2015-10-05 00:00:00+00:00,6.2985597,0.9857143,0.2713512,Saskatchewan
2015-10-06 00:00:00+00:00,6.050643,0.0,0.2763512,Saskatchewan
2015-10-07 00:00:00+00:00,8.633976,1.4714285,0.27653575,Saskatchewan
2015-10-08 00:00:00+00:00,9.19588,0.0,0.277625,Saskatchewan
2015-10-09 00:00:00+00:00,11.523857,0.0,0.27641666,Saskatchewan
2015-10-10 00:00:00+00:00,16.978619,0.0,0.27397025,Saskatchewan
2015-10-11 00:00:00+00:00,15.324452,2.042857,0.27094045,Saskatchewan
2015-10-12 00:00:00+00:00,8.028619,2.6142857,0.27160117,Saskatchewan
2015-10-13 00:00:00+00:00,9.12594,0.014285714,0.27261308,Saskatchewan
2015-10-14 00:00:00+00:00,8.638144,0.0,0.27138096,Saskatchewan
2015-10-15 00:00:00+00:00,6.5687976,0.0,0.269631,Saskatchewan
2015-10-16 00:00:00+00:00,5.839036,0.0,0.2679702,Saskatchewan
2015-10-17 00:00:00+00:00,6.2863574,0.0,0.2660119,Saskatchewan
2015-10-18 00:00:00+00:00,9.7935,0.0,0.263881,Saskatchewan
2015-10-19 00:00:00+00:00,9.351832,0.114285715,0.26170236,Saskatchewan
2015-10-20 00:00:00+00:00,8.739333,3.7285714,0.26049402,Saskatchewan
2015-10-21 00:00:00+00:00,7.072964,0.1,0.26302975,Saskatchewan
2015-10-22 00:00:00+00:00,8.426833,0.0,0.26339287,Saskatchewan
2015-10-23 00:00:00+00:00,7.8054047,0.29999998,0.26255357,Saskatchewan
2015-10-24 00:00:00+00:00,4.833381,0.12857144,0.26152974,Saskatchewan
2015-10-25 00:00:00+00:00,3.2414167,0.2857143,0.26055357,Saskatchewan
2015-10-26 00:00:00+00:00,3.3801072,0.0,0.25975594,Saskatchewan
2015-10-27 00:00:00+00:00,3.323857,3.614286,0.25916076,Saskatchewan
2015-10-28 00:00:00+00:00,0.3033214,0.27142859,0.2616191,Saskatchewan
2015-10-29 00:00:00+00:00,0.17236905,0.0,0.2628869,Saskatchewan
2015-10-30 00:00:00+00:00,3.3655238,0.071428575,0.26302382,Saskatchewan
2015-10-31 00:00:00+00:00,5.9482617,3.9142857,0.26533931,Saskatchewan
2015-11-01 00:00:00+00:00,4.9131427,3.1285717,0.27305952,Saskatchewan
2015-11-02 00:00:00+00:00,2.7443929,3.7285712,0.2811726,Saskatchewan
2015-11-03 00:00:00+00:00,2.3872502,1.0,0.2878869,Saskatchewan
2015-11-04 00:00:00+00:00,1.6509405,4.028571,0.2919107,Saskatchewan
2015-11-05 00:00:00+00:00,0.9324881,0.58571434,0.29550594,Saskatchewan
2015-11-06 00:00:00+00:00,0.25927383,0.17142858,0.2972202,Saskatchewan
2015-11-07 00:00:00+00:00,1.2923096,0.0,0.29723808,Saskatchewan
2015-11-08 00:00:00+00:00,4.440226,0.0,0.29774404,Saskatchewan
2015-11-09 00:00:00+00:00,2.1482618,0.24285714,0.29876193,Saskatchewan
2015-11-10 00:00:00+00:00,-0.0047143614,1.6571429,0.29929167,Saskatchewan
2015-11-11 00:00:00+00:00,-0.41989285,0.0,0.29895833,Saskatchewan
2015-11-12 00:00:00+00:00,-0.5044167,0.42857143,0.29828572,Saskatchewan
2015-11-13 00:00:00+00:00,0.7479643,0.057142857,0.29717264,Saskatchewan
2015-11-14 00:00:00+00:00,2.9223692,0.12857144,0.29688096,Saskatchewan
2015-11-15 00:00:00+00:00,3.4292142,0.12857142,0.2972143,Saskatchewan
2015-11-16 00:00:00+00:00,3.3036194,0.028571429,0.29767856,Saskatchewan
2015-11-17 00:00:00+00:00,-0.2835832,0.08571429,0.29811308,Saskatchewan
2015-11-18 00:00:00+00:00,0.18873811,4.4,0.29801783,Saskatchewan
2015-11-19 00:00:00+00:00,-6.5559044,0.31428573,0.29877383,Saskatchewan
2015-11-20 00:00:00+00:00,-8.617513,0.0,0.29867268,Saskatchewan
2015-11-21 00:00:00+00:00,-6.5255475,0.014285714,0.2980238,Saskatchewan
2015-11-22 00:00:00+00:00,0.46611902,0.20000002,0.2971488,Saskatchewan
2015-11-23 00:00:00+00:00,-1.1898333,0.057142857,0.29642263,Saskatchewan
2015-11-24 00:00:00+00:00,-2.222869,1.8142859,0.29537496,Saskatchewan
2015-11-25 00:00:00+00:00,-7.738643,0.9714286,0.29455954,Saskatchewan
2015-11-26 00:00:00+00:00,-11.766619,0.0,0.29374406,Saskatchewan
2015-11-27 00:00:00+00:00,-7.0716786,0.0,0.2927619,Saskatchewan
2015-11-28 00:00:00+00:00,-5.5267377,0.0,0.29182142,Saskatchewan
2015-11-29 00:00:00+00:00,-6.080607,0.0,0.2909762,Saskatchewan
2015-11-30 00:00:00+00:00,-6.1053095,0.0,0.29009527,Saskatchewan
2015-12-01 00:00:00+00:00,-5.974952,0.0,0.28921428,Saskatchewan
2015-12-02 00:00:00+00:00,-5.0082855,0.0,0.28845236,Saskatchewan
2015-12-03 00:00:00+00:00,-0.59519047,0.0,0.28773808,Saskatchewan
2015-12-04 00:00:00+00:00,2.9533215,0.17142858,0.28699997,Saskatchewan
2015-12-05 00:00:00+00:00,0.6018333,0.042857144,0.2871726,Saskatchewan
2015-12-06 00:00:00+00:00,0.25094053,0.0,0.28714877,Saskatchewan
2015-12-07 00:00:00+00:00,1.4309999,0.0,0.28708333,Saskatchewan
2015-12-08 00:00:00+00:00,-0.3663215,0.057142857,0.28700593,Saskatchewan
2015-12-09 00:00:00+00:00,1.7568929,1.6999999,0.28744644,Saskatchewan
2015-12-10 00:00:00+00:00,-1.7886428,6.042857,0.29015478,Saskatchewan
2015-12-11 00:00:00+00:00,-5.0076904,0.35714287,0.29238695,Saskatchewan
2015-12-12 00:00:00+00:00,-5.349655,0.65714294,0.29330358,Saskatchewan
2015-12-13 00:00:00+00:00,-3.3618572,0.24285714,0.29349408,Saskatchewan
2015-12-14 00:00:00+00:00,-4.605607,0.0,0.29344648,Saskatchewan
2015-12-15 00:00:00+00:00,-4.921678,0.028571429,0.29298216,Saskatchewan
2015-12-16 00:00:00+00:00,-6.8440003,0.17142858,0.29251194,Saskatchewan
2015-12-17 00:00:00+00:00,-11.231797,0.0,0.29195237,Saskatchewan
2015-12-18 00:00:00+00:00,-15.499656,0.071428575,0.29136306,Saskatchewan
2015-12-19 00:00:00+00:00,-11.08418,0.27142859,0.29045233,Saskatchewan
2015-12-20 00:00:00+00:00,-9.982393,0.0,0.2897857,Saskatchewan
2015-12-21 00:00:00+00:00,-6.0794168,0.14285715,0.28894046,Saskatchewan
2015-12-22 00:00:00+00:00,-9.572274,0.08571429,0.28823215,Saskatchewan
2015-12-23 00:00:00+00:00,-10.90025,0.17142858,0.28750005,Saskatchewan
2015-12-24 00:00:00+00:00,-12.378226,0.0,0.2867441,Saskatchewan
2015-12-25 00:00:00+00:00,-16.43805,0.0,0.28621432,Saskatchewan
2015-12-26 00:00:00+00:00,-21.894001,0.0,0.28534523,Saskatchewan
2015-12-27 00:00:00+00:00,-17.805607,0.0,0.28486305,Saskatchewan
2015-12-28 00:00:00+00:00,-12.087453,0.21428573,0.28427377,Saskatchewan
2015-12-29 00:00:00+00:00,-14.548761,0.08571429,0.28351188,Saskatchewan
2015-12-30 00:00:00+00:00,-15.403227,0.0,0.2831726,Saskatchewan
2015-12-31 00:00:00+00:00,-11.320488,0.0,0.2825357,Saskatchewan
2016-01-01 00:00:00+00:00,-5.9070945,0.0,0.28192857,Saskatchewan
2016-01-02 00:00:00+00:00,-6.2606664,0.0,0.28161308,Saskatchewan
2016-01-03 00:00:00+00:00,-10.857988,0.0,0.28105953,Saskatchewan
2016-01-04 00:00:00+00:00,-7.247274,0.0,0.2805536,Saskatchewan
2016-01-05 00:00:00+00:00,-11.003524,0.014285714,0.28026193,Saskatchewan
2016-01-06 00:00:00+00:00,-7.8606668,0.15714286,0.27982146,Saskatchewan
2016-01-07 00:00:00+00:00,-7.903226,1.5714285,0.27936906,Saskatchewan
2016-01-08 00:00:00+00:00,-16.022572,0.071428575,0.27895835,Saskatchewan
2016-01-09 00:00:00+00:00,-22.296083,0.0,0.2786369,Saskatchewan
2016-01-10 00:00:00+00:00,-20.718702,0.0,0.2783869,Saskatchewan
2016-01-11 00:00:00+00:00,-14.040132,0.1,0.27795833,Saskatchewan
2016-01-12 00:00:00+00:00,-17.78031,0.0,0.27749997,Saskatchewan
2016-01-13 00:00:00+00:00,-10.339239,0.042857144,0.27731547,Saskatchewan
2016-01-14 00:00:00+00:00,-10.095191,1.4428571,0.2769762,Saskatchewan
2016-01-15 00:00:00+00:00,-16.811857,0.18571429,0.27683333,Saskatchewan
2016-01-16 00:00:00+00:00,-26.865725,0.0,0.27645236,Saskatchewan
2016-01-17 00:00:00+00:00,-24.816916,0.0,0.27622023,Saskatchewan
2016-01-18 00:00:00+00:00,-19.832989,0.8714286,0.27592856,Saskatchewan
2016-01-19 00:00:00+00:00,-12.538643,1.1,0.27569646,Saskatchewan
2016-01-20 00:00:00+00:00,-11.640131,0.0,0.27534524,Saskatchewan
2016-01-21 00:00:00+00:00,-13.068404,0.0,0.27514288,Saskatchewan
2016-01-22 00:00:00+00:00,-6.007988,0.0,0.27492264,Saskatchewan
2016-01-23 00:00:00+00:00,-1.2062024,0.88571423,0.2756548,Saskatchewan
2016-01-24 00:00:00+00:00,-6.2240596,0.12857144,0.27659526,Saskatchewan
2016-01-25 00:00:00+00:00,-6.2005477,0.0,0.27699408,Saskatchewan
2016-01-26 00:00:00+00:00,-7.5550117,0.0,0.27698812,Saskatchewan
2016-01-27 00:00:00+00:00,0.6988572,1.8000001,0.27723217,Saskatchewan
2016-01-28 00:00:00+00:00,-1.6070951,0.0,0.27835715,Saskatchewan
2016-01-29 00:00:00+00:00,1.9509404,0.84285706,0.28270832,Saskatchewan
2016-01-30 00:00:00+00:00,-2.7725716,0.0,0.28942257,Saskatchewan
2016-01-31 00:00:00+00:00,-7.014833,0.0,0.2922202,Saskatchewan
2016-02-01 00:00:00+00:00,-6.9317975,0.0,0.29345828,Saskatchewan
2016-02-02 00:00:00+00:00,-9.48388,0.0,0.29391068,Saskatchewan
2016-02-03 00:00:00+00:00,-7.525845,0.042857144,0.294125,Saskatchewan
2016-02-04 00:00:00+00:00,-8.424356,0.0,0.29387498,Saskatchewan
2016-02-05 00:00:00+00:00,-7.4023333,0.0,0.29374406,Saskatchewan
2016-02-06 00:00:00+00:00,0.79379755,0.62857145,0.29435116,Saskatchewan
2016-02-07 00:00:00+00:00,-1.6127499,0.9428572,0.30122024,Saskatchewan
2016-02-08 00:00:00+00:00,-5.194595,0.0,0.30457142,Saskatchewan
2016-02-09 00:00:00+00:00,-3.7160242,0.114285715,0.30572024,Saskatchewan
2016-02-10 00:00:00+00:00,-4.9993577,1.742857,0.30699405,Saskatchewan
2016-02-11 00:00:00+00:00,-9.347572,0.25714287,0.30740473,Saskatchewan
2016-02-12 00:00:00+00:00,-14.930308,0.17142858,0.30733332,Saskatchewan
2016-02-13 00:00:00+00:00,-10.5315,1.957143,0.30685717,Saskatchewan
2016-02-14 00:00:00+00:00,-4.254119,1.6714284,0.3063214,Saskatchewan
2016-02-15 00:00:00+00:00,-3.2725713,0.7285714,0.30676785,Saskatchewan
2016-02-16 00:00:00+00:00,-4.7800117,0.7999999,0.30729765,Saskatchewan
2016-02-17 00:00:00+00:00,-2.7788215,0.014285714,0.30779168,Saskatchewan
2016-02-18 00:00:00+00:00,-0.29816678,0.014285714,0.30981547,Saskatchewan
2016-02-19 00:00:00+00:00,0.7185,3.2285712,0.3158274,Saskatchewan
2016-02-20 00:00:00+00:00,-6.2963815,0.51428574,0.32257143,Saskatchewan
2016-02-21 00:00:00+00:00,-8.2407255,0.14285715,0.32421428,Saskatchewan
2016-02-22 00:00:00+00:00,-3.4154286,0.17142858,0.32451192,Saskatchewan
2016-02-23 00:00:00+00:00,-3.4838808,0.0,0.3254107,Saskatchewan
2016-02-24 00:00:00+00:00,-4.171083,0.0,0.32598808,Saskatchewan
2016-02-25 00:00:00+00:00,-5.4386435,0.0,0.3261607,Saskatchewan
2016-02-26 00:00:00+00:00,0.32475004,0.0,0.32655358,Saskatchewan
2016-02-27 00:00:00+00:00,0.5679048,0.3857143,0.3309762,Saskatchewan
2016-02-28 00:00:00+00:00,-3.0850713,1.0428572,0.3341845,Saskatchewan
2016-02-29 00:00:00+00:00,-14.139535,0.99999994,0.33522028,Saskatchewan
2016-03-01 00:00:00+00:00,-10.607988,0.0,0.3349285,Saskatchewan
2016-03-02 00:00:00+00:00,-5.3975716,0.7571429,0.33441073,Saskatchewan
2016-03-03 00:00:00+00:00,-4.9160237,0.057142857,0.3336726,Saskatchewan
2016-03-04 00:00:00+00:00,-0.97822624,1.4571428,0.33399406,Saskatchewan
2016-03-05 00:00:00+00:00,1.6211787,0.0,0.33439884,Saskatchewan
2016-03-06 00:00:00+00:00,4.3298097,0.08571429,0.33753568,Saskatchewan
2016-03-07 00:00:00+00:00,1.913738,2.6857142,0.3428452,Saskatchewan
2016-03-08 00:00:00+00:00,-0.51275015,1.7428572,0.3478214,Saskatchewan
2016-03-09 00:00:00+00:00,-0.42822608,0.34285715,0.34713092,Saskatchewan
2016-03-10 00:00:00+00:00,2.0298095,0.0,0.34567264,Saskatchewan
2016-03-11 00:00:00+00:00,7.0354643,0.4,0.3450833,Saskatchewan
2016-03-12 00:00:00+00:00,5.218797,0.17142858,0.3454226,Saskatchewan
2016-03-13 00:00:00+00:00,6.352726,0.042857144,0.34563687,Saskatchewan
2016-03-14 00:00:00+00:00,3.8711784,0.2,0.3451607,Saskatchewan
2016-03-15 00:00:00+00:00,1.1170119,1.2714285,0.34348807,Saskatchewan
2016-03-16 00:00:00+00:00,-1.0377501,1.0428573,0.3400119,Saskatchewan
2016-03-17 00:00:00+00:00,-4.2585835,0.9714286,0.33677977,Saskatchewan
2016-03-18 00:00:00+00:00,-4.631798,0.014285714,0.33423212,Saskatchewan
2016-03-19 00:00:00+00:00,-4.2963805,0.0,0.3320833,Saskatchewan
2016-03-20 00:00:00+00:00,-1.268107,0.0,0.33022615,Saskatchewan
2016-03-21 00:00:00+00:00,-0.44548824,1.3000001,0.32879165,Saskatchewan
2016-03-22 00:00:00+00:00,-3.7172143,6.8428574,0.32750002,Saskatchewan
2016-03-23 00:00:00+00:00,-5.0764403,0.15714286,0.32623816,Saskatchewan
2016-03-24 00:00:00+00:00,-2.3091786,0.82857144,0.32573214,Saskatchewan
2016-03-25 00:00:00+00:00,-4.0344763,1.1428572,0.32767853,Saskatchewan
2016-03-26 00:00:00+00:00,-1.2898333,0.7857143,0.32867262,Saskatchewan
2016-03-27 00:00:00+00:00,0.5952858,0.44285718,0.3343036,Saskatchewan
2016-03-28 00:00:00+00:00,1.3893335,0.028571429,0.3395893,Saskatchewan
2016-03-29 00:00:00+00:00,3.2548096,0.58571434,0.34322026,Saskatchewan
2016-03-30 00:00:00+00:00,3.5866547,0.9,0.34825596,Saskatchewan
2016-03-31 00:00:00+00:00,1.2860595,2.0714285,0.35250595,Saskatchewan
2016-04-01 00:00:00+00:00,0.36433342,0.1,0.34998813,Saskatchewan
2016-04-02 00:00:00+00:00,4.599155,0.0,0.34822616,Saskatchewan
2016-04-03 00:00:00+00:00,4.5768332,0.014285714,0.34503573,Saskatchewan
2016-04-04 00:00:00+00:00,0.9824881,0.0,0.33977383,Saskatchewan
2016-04-05 00:00:00+00:00,2.7625477,4.971429,0.33629164,Saskatchewan
2016-04-06 00:00:00+00:00,2.8244526,1.8428571,0.33730358,Saskatchewan
2016-04-07 00:00:00+00:00,3.5000474,0.12857144,0.3429821,Saskatchewan
2016-04-08 00:00:00+00:00,0.6414167,0.0,0.33954763,Saskatchewan
2016-04-09 00:00:00+00:00,4.6042147,0.6,0.33517855,Saskatchewan
2016-04-10 00:00:00+00:00,-0.21394055,0.11428572,0.33308336,Saskatchewan
2016-04-11 00:00:00+00:00,-2.2270358,0.0,0.32973808,Saskatchewan
2016-04-12 00:00:00+00:00,5.3673096,0.057142857,0.3260179,Saskatchewan
2016-04-13 00:00:00+00:00,8.620881,1.3142856,0.3231964,Saskatchewan
2016-04-14 00:00:00+00:00,7.7065954,0.8571429,0.32361907,Saskatchewan
2016-04-15 00:00:00+00:00,5.194095,6.4285707,0.32406548,Saskatchewan
2016-04-16 00:00:00+00:00,2.9646308,0.82857144,0.3308571,Saskatchewan
2016-04-17 00:00:00+00:00,5.393203,0.14285715,0.32781547,Saskatchewan
2016-04-18 00:00:00+00:00,7.805702,0.0,0.32345837,Saskatchewan
2016-04-19 00:00:00+00:00,10.024452,0.0,0.31761906,Saskatchewan
2016-04-20 00:00:00+00:00,12.502428,0.0,0.31164286,Saskatchewan
2016-04-21 00:00:00+00:00,6.151536,0.0,0.30533335,Saskatchewan
2016-04-22 00:00:00+00:00,6.7476664,0.21428572,0.30029765,Saskatchewan
2016-04-23 00:00:00+00:00,4.9610596,1.1571429,0.29639283,Saskatchewan
2016-04-24 00:00:00+00:00,3.507488,0.88571435,0.29357144,Saskatchewan
2016-04-25 00:00:00+00:00,3.042607,3.657143,0.29141665,Saskatchewan
2016-04-26 00:00:00+00:00,4.189631,1.4571431,0.289125,Saskatchewan
2016-04-27 00:00:00+00:00,6.4185004,0.028571429,0.2903988,Saskatchewan
2016-04-28 00:00:00+00:00,7.191715,0.0,0.29242855,Saskatchewan
2016-04-29 00:00:00+00:00,7.6717734,0.0,0.29128572,Saskatchewan
2016-04-30 00:00:00+00:00,9.224452,0.0,0.28805953,Saskatchewan
2016-05-01 00:00:00+00:00,10.370285,0.0,0.28386906,Saskatchewan
2016-05-02 00:00:00+00:00,13.156297,0.0,0.278875,Saskatchewan
2016-05-03 00:00:00+00:00,15.112548,0.0,0.2731131,Saskatchewan
2016-05-04 00:00:00+00:00,18.185167,0.0,0.26686308,Saskatchewan
2016-05-05 00:00:00+00:00,19.89826,0.028571429,0.2599464,Saskatchewan
2016-05-06 00:00:00+00:00,15.354216,0.028571429,0.25379762,Saskatchewan
2016-05-07 00:00:00+00:00,13.806595,0.0,0.24870834,Saskatchewan
2016-05-08 00:00:00+00:00,17.484274,0.0,0.24320833,Saskatchewan
2016-05-09 00:00:00+00:00,15.186952,0.9285714,0.23804761,Saskatchewan
2016-05-10 00:00:00+00:00,9.556,7.457143,0.23672023,Saskatchewan
2016-05-11 00:00:00+00:00,6.3464766,12.942857,0.25788096,Saskatchewan
2016-05-12 00:00:00+00:00,3.3625476,1.1857144,0.27927378,Saskatchewan
2016-05-13 00:00:00+00:00,3.5592735,0.028571429,0.28327382,Saskatchewan
2016-05-14 00:00:00+00:00,7.6247497,0.014285714,0.2834881,Saskatchewan
2016-05-15 00:00:00+00:00,10.64856,0.0,0.2812381,Saskatchewan
2016-05-16 00:00:00+00:00,12.823857,0.0,0.2765774,Saskatchewan
2016-05-17 00:00:00+00:00,15.117904,0.042857144,0.27083927,Saskatchewan
2016-05-18 00:00:00+00:00,16.966417,0.2,0.2644107,Saskatchewan
2016-05-19 00:00:00+00:00,17.911356,0.25714284,0.25820833,Saskatchewan
2016-05-20 00:00:00+00:00,17.352428,2.0714285,0.2522024,Saskatchewan
2016-05-21 00:00:00+00:00,16.97475,2.9571426,0.24819048,Saskatchewan
2016-05-22 00:00:00+00:00,16.922369,4.985714,0.25723216,Saskatchewan
2016-05-23 00:00:00+00:00,12.729215,3.6857142,0.25933334,Saskatchewan
2016-05-24 00:00:00+00:00,11.859275,3.3714287,0.26648808,Saskatchewan
2016-05-25 00:00:00+00:00,12.180405,3.7714286,0.27033928,Saskatchewan
2016-05-26 00:00:00+00:00,13.067309,9.285714,0.2802976,Saskatchewan
2016-05-27 00:00:00+00:00,14.271476,2.7285712,0.30003572,Saskatchewan
2016-05-28 00:00:00+00:00,13.034868,3.8714287,0.30607742,Saskatchewan
2016-05-29 00:00:00+00:00,13.497964,2.2,0.309375,Saskatchewan
2016-05-30 00:00:00+00:00,14.276535,3.1571429,0.30498812,Saskatchewan
2016-05-31 00:00:00+00:00,11.927132,17.614286,0.33557734,Saskatchewan
2016-06-01 00:00:00+00:00,12.082488,0.6857143,0.35252976,Saskatchewan
2016-06-02 00:00:00+00:00,15.919393,0.25714284,0.34022024,Saskatchewan
2016-06-03 00:00:00+00:00,16.540226,4.4714284,0.33040476,Saskatchewan
2016-06-04 00:00:00+00:00,17.243795,0.9714286,0.32813096,Saskatchewan
2016-06-05 00:00:00+00:00,17.818798,0.0,0.31785712,Saskatchewan
2016-06-06 00:00:00+00:00,15.00838,0.057142857,0.30661902,Saskatchewan
2016-06-07 00:00:00+00:00,17.244688,0.0,0.29719645,Saskatchewan
2016-06-08 00:00:00+00:00,20.841715,0.20000002,0.28669643,Saskatchewan
2016-06-09 00:00:00+00:00,22.760761,1.1428572,0.27689287,Saskatchewan
2016-06-10 00:00:00+00:00,19.355106,0.67142856,0.2685,Saskatchewan
2016-06-11 00:00:00+00:00,14.3634405,5.457143,0.26223812,Saskatchewan
2016-06-12 00:00:00+00:00,15.588141,9.728571,0.27209523,Saskatchewan
2016-06-13 00:00:00+00:00,17.546177,0.0,0.27800596,Saskatchewan
2016-06-14 00:00:00+00:00,18.48963,2.5142858,0.27169046,Saskatchewan
2016-06-15 00:00:00+00:00,16.389334,1.9857143,0.26942855,Saskatchewan
2016-06-16 00:00:00+00:00,16.648857,6.585714,0.26788098,Saskatchewan
2016-06-17 00:00:00+00:00,16.596476,0.08571429,0.27202383,Saskatchewan
2016-06-18 00:00:00+00:00,17.255701,0.22857143,0.26639885,Saskatchewan
2016-06-19 00:00:00+00:00,17.468798,9.2,0.2701369,Saskatchewan
2016-06-20 00:00:00+00:00,16.272667,0.5285714,0.2734643,Saskatchewan
2016-06-21 00:00:00+00:00,17.821178,1.7857143,0.26695833,Saskatchewan
2016-06-22 00:00:00+00:00,16.86731,8.442857,0.27202383,Saskatchewan
2016-06-23 00:00:00+00:00,18.646475,0.25714287,0.27597025,Saskatchewan
2016-06-24 00:00:00+00:00,20.066118,1.6857141,0.26911902,Saskatchewan
2016-06-25 00:00:00+00:00,17.011951,18.1,0.28247026,Saskatchewan
2016-06-26 00:00:00+00:00,15.490524,3.9714286,0.29968452,Saskatchewan
2016-06-27 00:00:00+00:00,15.704512,1.914286,0.30791667,Saskatchewan
2016-06-28 00:00:00+00:00,18.943203,0.25714284,0.30279166,Saskatchewan
2016-06-29 00:00:00+00:00,19.594988,3.0142856,0.29315475,Saskatchewan
2016-06-30 00:00:00+00:00,17.056593,0.29999998,0.28724405,Saskatchewan
2016-07-01 00:00:00+00:00,16.52862,5.1142855,0.2809107,Saskatchewan
2016-07-02 00:00:00+00:00,17.875345,3.8,0.2810714,Saskatchewan
2016-07-03 00:00:00+00:00,19.32237,9.071428,0.2911012,Saskatchewan
2016-07-04 00:00:00+00:00,18.542606,2.7571428,0.30289286,Saskatchewan
2016-07-05 00:00:00+00:00,16.699154,3.4285715,0.30044642,Saskatchewan
2016-07-06 00:00:00+00:00,16.187548,1.9857143,0.29936904,Saskatchewan
2016-07-07 00:00:00+00:00,16.541416,5.714286,0.29981548,Saskatchewan
2016-07-08 00:00:00+00:00,18.112547,0.25714284,0.30352977,Saskatchewan
2016-07-09 00:00:00+00:00,19.351833,12.114286,0.30972025,Saskatchewan
2016-07-10 00:00:00+00:00,19.613142,4.071429,0.31871432,Saskatchewan
2016-07-11 00:00:00+00:00,18.039333,16.2,0.33463097,Saskatchewan
2016-07-12 00:00:00+00:00,16.216417,10.014287,0.351,Saskatchewan
2016-07-13 00:00:00+00:00,16.447071,5.471429,0.36540478,Saskatchewan
2016-07-14 00:00:00+00:00,15.86225,2.085714,0.3557976,Saskatchewan
2016-07-15 00:00:00+00:00,16.100048,1.0857143,0.34798214,Saskatchewan
2016-07-16 00:00:00+00:00,16.941713,1.742857,0.33896425,Saskatchewan
2016-07-17 00:00:00+00:00,17.564928,1.6,0.33276787,Saskatchewan
2016-07-18 00:00:00+00:00,18.270285,1.1571429,0.3264524,Saskatchewan
2016-07-19 00:00:00+00:00,21.960165,0.14285715,0.31674406,Saskatchewan
2016-07-20 00:00:00+00:00,22.768795,0.10000001,0.3054524,Saskatchewan
2016-07-21 00:00:00+00:00,21.091715,0.18571427,0.294,Saskatchewan
2016-07-22 00:00:00+00:00,20.657486,0.2857143,0.28263095,Saskatchewan
2016-07-23 00:00:00+00:00,19.771177,26.571428,0.30304763,Saskatchewan
2016-07-24 00:00:00+00:00,18.769392,0.042857144,0.32541665,Saskatchewan
2016-07-25 00:00:00+00:00,20.182785,0.15714286,0.31602976,Saskatchewan
2016-07-26 00:00:00+00:00,19.458082,0.94285715,0.30592856,Saskatchewan
2016-07-27 00:00:00+00:00,18.386654,0.45714286,0.29761904,Saskatchewan
2016-07-28 00:00:00+00:00,18.74439,0.0,0.2901905,Saskatchewan
2016-07-29 00:00:00+00:00,19.700642,0.84285706,0.2814881,Saskatchewan
2016-07-30 00:00:00+00:00,20.639929,0.42857143,0.2738333,Saskatchewan
2016-07-31 00:00:00+00:00,20.911356,5.071429,0.2670298,Saskatchewan
2016-08-01 00:00:00+00:00,17.793797,4.6857142,0.27319047,Saskatchewan
2016-08-02 00:00:00+00:00,19.015522,0.0,0.27082738,Saskatchewan
2016-08-03 00:00:00+00:00,19.057785,15.185715,0.2689107,Saskatchewan
2016-08-04 00:00:00+00:00,16.786951,5.2285714,0.3087857,Saskatchewan
2016-08-05 00:00:00+00:00,17.101833,0.071428575,0.3095119,Saskatchewan
2016-08-06 00:00:00+00:00,18.261358,0.028571429,0.30208927,Saskatchewan
2016-08-07 00:00:00+00:00,19.06076,2.1571429,0.29419047,Saskatchewan
2016-08-08 00:00:00+00:00,19.68249,11.457144,0.29601786,Saskatchewan
2016-08-09 00:00:00+00:00,17.68606,0.3857143,0.31275,Saskatchewan
2016-08-10 00:00:00+00:00,16.674154,8.6,0.3161964,Saskatchewan
2016-08-11 00:00:00+00:00,16.955107,7.4857144,0.33945242,Saskatchewan
2016-08-12 00:00:00+00:00,16.972666,1.2857143,0.3418631,Saskatchewan
2016-08-13 00:00:00+00:00,17.255108,0.29999998,0.33727977,Saskatchewan
2016-08-14 00:00:00+00:00,19.068203,0.22857143,0.32902977,Saskatchewan
2016-08-15 00:00:00+00:00,20.097963,0.5,0.31987497,Saskatchewan
2016-08-16 00:00:00+00:00,19.937845,0.5857143,0.31189284,Saskatchewan
2016-08-17 00:00:00+00:00,20.7432,0.20000002,0.30375597,Saskatchewan
2016-08-18 00:00:00+00:00,17.581892,1.4142858,0.29699403,Saskatchewan
2016-08-19 00:00:00+00:00,14.169095,0.94285715,0.2919643,Saskatchewan
2016-08-20 00:00:00+00:00,14.578619,0.042857144,0.28793454,Saskatchewan
2016-08-21 00:00:00+00:00,17.787548,0.5714286,0.28199407,Saskatchewan
2016-08-22 00:00:00+00:00,20.716715,0.0,0.2754881,Saskatchewan
2016-08-23 00:00:00+00:00,17.143797,4.171428,0.2688869,Saskatchewan
2016-08-24 00:00:00+00:00,13.705107,6.3285713,0.26884526,Saskatchewan
2016-08-25 00:00:00+00:00,13.97713,2.0428574,0.27767858,Saskatchewan
2016-08-26 00:00:00+00:00,14.523262,3.0142858,0.2808214,Saskatchewan
2016-08-27 00:00:00+00:00,15.287547,0.028571429,0.28323215,Saskatchewan
2016-08-28 00:00:00+00:00,18.03576,0.08571429,0.28047618,Saskatchewan
2016-08-29 00:00:00+00:00,14.020881,0.0,0.27681547,Saskatchewan
2016-08-30 00:00:00+00:00,16.29856,0.0,0.27184525,Saskatchewan
2016-08-31 00:00:00+00:00,18.584272,0.057142857,0.26647022,Saskatchewan
2016-09-01 00:00:00+00:00,21.7057,0.0,0.26125595,Saskatchewan
2016-09-02 00:00:00+00:00,22.38844,0.114285715,0.2552619,Saskatchewan
2016-09-03 00:00:00+00:00,18.073261,0.14285715,0.24985711,Saskatchewan
2016-09-04 00:00:00+00:00,13.192308,0.028571429,0.24578571,Saskatchewan
2016-09-05 00:00:00+00:00,11.5092745,3.7000003,0.24351788,Saskatchewan
2016-09-06 00:00:00+00:00,11.248559,0.9285715,0.24536906,Saskatchewan
2016-09-07 00:00:00+00:00,12.804809,9.1,0.2480357,Saskatchewan
2016-09-08 00:00:00+00:00,12.6167145,1.1999999,0.26643455,Saskatchewan
2016-09-09 00:00:00+00:00,12.42356,3.5285716,0.26885715,Saskatchewan
2016-09-10 00:00:00+00:00,12.8435,0.114285715,0.27091068,Saskatchewan
2016-09-11 00:00:00+00:00,12.946773,2.8285713,0.27011308,Saskatchewan
2016-09-12 00:00:00+00:00,8.113143,0.4857143,0.27185714,Saskatchewan
2016-09-13 00:00:00+00:00,7.8571906,0.0,0.27232143,Saskatchewan
2016-09-14 00:00:00+00:00,11.196475,0.0,0.27027383,Saskatchewan
2016-09-15 00:00:00+00:00,14.035762,0.0,0.26708332,Saskatchewan
2016-09-16 00:00:00+00:00,14.296773,0.042857144,0.26361308,Saskatchewan
2016-09-17 00:00:00+00:00,14.864929,0.057142857,0.25991663,Saskatchewan
2016-09-18 00:00:00+00:00,15.881892,2.357143,0.25672022,Saskatchewan
2016-09-19 00:00:00+00:00,12.730702,0.5714286,0.25558332,Saskatchewan
2016-09-20 00:00:00+00:00,11.278916,0.042857144,0.25391668,Saskatchewan
2016-09-21 00:00:00+00:00,10.671477,0.22857144,0.25199404,Saskatchewan
2016-09-22 00:00:00+00:00,10.564035,1.5714285,0.25060123,Saskatchewan
2016-09-23 00:00:00+00:00,9.794691,14.3,0.25603572,Saskatchewan
2016-09-24 00:00:00+00:00,11.046476,9.7,0.29279166,Saskatchewan
2016-09-25 00:00:00+00:00,10.572668,5.8142858,0.3310774,Saskatchewan
2016-09-26 00:00:00+00:00,10.661059,0.0,0.324881,Saskatchewan
2016-09-27 00:00:00+00:00,12.275345,0.0,0.31758332,Saskatchewan
2016-09-28 00:00:00+00:00,11.764036,0.4,0.31138688,Saskatchewan
2016-09-29 00:00:00+00:00,12.655404,0.9428572,0.3069048,Saskatchewan
2016-09-30 00:00:00+00:00,14.142904,0.028571429,0.3028274,Saskatchewan
2016-10-01 00:00:00+00:00,13.990226,0.42857143,0.29895237,Saskatchewan
2016-10-02 00:00:00+00:00,13.386655,1.5714285,0.29570237,Saskatchewan
2016-10-03 00:00:00+00:00,9.44469,9.571428,0.29861906,Saskatchewan
2016-10-04 00:00:00+00:00,7.1845713,24.528574,0.34021428,Saskatchewan
2016-10-05 00:00:00+00:00,2.9336789,11.928572,0.36105362,Saskatchewan
2016-10-06 00:00:00+00:00,0.24498808,3.842857,0.35677978,Saskatchewan
2016-10-07 00:00:00+00:00,-0.18983331,0.32857147,0.35064286,Saskatchewan
2016-10-08 00:00:00+00:00,-0.8332857,0.94285715,0.34619045,Saskatchewan
2016-10-09 00:00:00+00:00,4.405107,4.828572,0.35082144,Saskatchewan
2016-10-10 00:00:00+00:00,1.4057024,3.8142858,0.36500597,Saskatchewan
2016-10-11 00:00:00+00:00,-1.0118572,0.85714287,0.36051193,Saskatchewan
2016-10-12 00:00:00+00:00,-2.321976,0.0,0.3563809,Saskatchewan
2016-10-13 00:00:00+00:00,-1.5115595,0.0,0.35311309,Saskatchewan
2016-10-14 00:00:00+00:00,5.1985593,1.4285715,0.3541488,Saskatchewan
2016-10-15 00:00:00+00:00,5.439929,0.20000002,0.36415482,Saskatchewan
2016-10-16 00:00:00+00:00,4.7932024,4.1714287,0.36294645,Saskatchewan
2016-10-17 00:00:00+00:00,4.9586787,0.8285714,0.37280354,Saskatchewan
2016-10-18 00:00:00+00:00,1.8134404,0.29999998,0.3680952,Saskatchewan
2016-10-19 00:00:00+00:00,1.8798095,0.0,0.3633631,Saskatchewan
2016-10-20 00:00:00+00:00,3.1372502,0.0,0.35907146,Saskatchewan
2016-10-21 00:00:00+00:00,6.917607,1.5142858,0.35671425,Saskatchewan
2016-10-22 00:00:00+00:00,3.722369,3.7999997,0.35608926,Saskatchewan
2016-10-23 00:00:00+00:00,2.645881,2.8,0.3689881,Saskatchewan
2016-10-24 00:00:00+00:00,3.7640357,0.0,0.36517856,Saskatchewan
2016-10-25 00:00:00+00:00,5.41106,0.8142857,0.36031547,Saskatchewan
2016-10-26 00:00:00+00:00,5.828322,0.71428573,0.35854167,Saskatchewan
2016-10-27 00:00:00+00:00,6.2562976,0.014285714,0.35556546,Saskatchewan
2016-10-28 00:00:00+00:00,5.8640356,0.2571429,0.35219643,Saskatchewan
2016-10-29 00:00:00+00:00,3.1378453,0.0,0.3498333,Saskatchewan
2016-10-30 00:00:00+00:00,4.851536,1.1714286,0.34726784,Saskatchewan
2016-10-31 00:00:00+00:00,3.700643,1.7857144,0.34732738,Saskatchewan
2016-11-01 00:00:00+00:00,4.0676074,2.0285714,0.35255358,Saskatchewan
2016-11-02 00:00:00+00:00,3.609869,0.34285715,0.35281548,Saskatchewan
2016-11-03 00:00:00+00:00,5.301833,0.0,0.35094643,Saskatchewan
2016-11-04 00:00:00+00:00,6.8586783,0.0,0.34823808,Saskatchewan
2016-11-05 00:00:00+00:00,7.8167143,0.0,0.34535715,Saskatchewan
2016-11-06 00:00:00+00:00,8.815822,0.0,0.34238693,Saskatchewan
2016-11-07 00:00:00+00:00,6.6857615,0.5714286,0.33995238,Saskatchewan
2016-11-08 00:00:00+00:00,6.29469,0.0,0.33807144,Saskatchewan
2016-11-09 00:00:00+00:00,10.647368,0.0,0.3357976,Saskatchewan
2016-11-10 00:00:00+00:00,7.065822,0.0,0.33332142,Saskatchewan
2016-11-11 00:00:00+00:00,4.8265357,0.0,0.3311905,Saskatchewan
2016-11-12 00:00:00+00:00,7.5821905,0.0,0.32897615,Saskatchewan
2016-11-13 00:00:00+00:00,8.516417,0.042857144,0.3270238,Saskatchewan
2016-11-14 00:00:00+00:00,6.6423097,0.22857143,0.32536906,Saskatchewan
2016-11-15 00:00:00+00:00,4.3205833,0.8142857,0.32435122,Saskatchewan
2016-11-16 00:00:00+00:00,3.0574882,2.5285716,0.32479766,Saskatchewan
2016-11-17 00:00:00+00:00,-1.1657261,0.042857144,0.3268631,Saskatchewan
2016-11-18 00:00:00+00:00,-3.0246544,0.014285714,0.3272024,Saskatchewan
2016-11-19 00:00:00+00:00,-4.4999523,0.071428575,0.3267798,Saskatchewan
2016-11-20 00:00:00+00:00,-1.8056071,0.42857143,0.32622617,Saskatchewan
2016-11-21 00:00:00+00:00,-1.1523334,0.6,0.3256607,Saskatchewan
2016-11-22 00:00:00+00:00,-1.582988,0.0,0.3255714,Saskatchewan
2016-11-23 00:00:00+00:00,-1.3413216,0.0,0.32552382,Saskatchewan
2016-11-24 00:00:00+00:00,-0.7166191,0.32857147,0.32504168,Saskatchewan
2016-11-25 00:00:00+00:00,-0.17554764,0.014285714,0.32468453,Saskatchewan
2016-11-26 00:00:00+00:00,-0.4815,0.0,0.32395238,Saskatchewan
2016-11-27 00:00:00+00:00,-0.35024998,0.0,0.32339287,Saskatchewan
2016-11-28 00:00:00+00:00,-2.420488,0.71428573,0.3229405,Saskatchewan
2016-11-29 00:00:00+00:00,-3.4734643,3.8999999,0.32236314,Saskatchewan
2016-11-30 00:00:00+00:00,-4.0815,1.4142857,0.32195833,Saskatchewan
2016-12-01 00:00:00+00:00,-3.964536,0.0,0.32127976,Saskatchewan
2016-12-02 00:00:00+00:00,-3.765131,0.0,0.32083338,Saskatchewan
2016-12-03 00:00:00+00:00,-3.3460832,0.9571429,0.3203155,Saskatchewan
2016-12-04 00:00:00+00:00,-4.360071,0.64285713,0.31979755,Saskatchewan
2016-12-05 00:00:00+00:00,-8.695191,1.8571432,0.31929162,Saskatchewan
2016-12-06 00:00:00+00:00,-13.89638,1.1428572,0.31890473,Saskatchewan
2016-12-07 00:00:00+00:00,-15.5291195,0.0,0.318244,Saskatchewan
2016-12-08 00:00:00+00:00,-18.622274,0.0,0.3179583,Saskatchewan
2016-12-09 00:00:00+00:00,-23.28299,0.0,0.31719643,Saskatchewan
2016-12-10 00:00:00+00:00,-23.267809,0.114285715,0.3169107,Saskatchewan
2016-12-11 00:00:00+00:00,-22.129416,0.47142857,0.3163274,Saskatchewan
2016-12-12 00:00:00+00:00,-19.93537,0.0,0.31585717,Saskatchewan
2016-12-13 00:00:00+00:00,-16.02168,0.057142857,0.31555954,Saskatchewan
2016-12-14 00:00:00+00:00,-19.62525,0.0,0.31499407,Saskatchewan
2016-12-15 00:00:00+00:00,-21.76275,0.0,0.3146905,Saskatchewan
2016-12-16 00:00:00+00:00,-23.055311,0.0,0.31426194,Saskatchewan
2016-12-17 00:00:00+00:00,-26.748167,0.0,0.31394646,Saskatchewan
2016-12-18 00:00:00+00:00,-21.707989,0.057142857,0.31369045,Saskatchewan
2016-12-19 00:00:00+00:00,-4.668107,0.4714286,0.31327382,Saskatchewan
2016-12-20 00:00:00+00:00,-2.7910235,0.042857144,0.31287497,Saskatchewan
2016-12-21 00:00:00+00:00,-5.6014404,2.057143,0.31277376,Saskatchewan
2016-12-22 00:00:00+00:00,-2.935964,0.0,0.31254166,Saskatchewan
2016-12-23 00:00:00+00:00,-6.9567976,0.0,0.31219643,Saskatchewan
2016-12-24 00:00:00+00:00,-13.472275,0.81428576,0.3119762,Saskatchewan
2016-12-25 00:00:00+00:00,-16.194595,3.0714285,0.31157142,Saskatchewan
2016-12-26 00:00:00+00:00,-16.4437,2.2999997,0.31141666,Saskatchewan
2016-12-27 00:00:00+00:00,-14.859477,0.20000002,0.3112143,Saskatchewan
2016-12-28 00:00:00+00:00,-5.45144,0.32857147,0.31094643,Saskatchewan
2016-12-29 00:00:00+00:00,-5.4764404,0.11428572,0.31071427,Saskatchewan
2016-12-30 00:00:00+00:00,-7.964238,2.3142858,0.31052378,Saskatchewan
2017-01-01 00:00:00+00:00,-14.451654,0.0,0.29289886,Saskatchewan
2017-01-02 00:00:00+00:00,-19.622488,0.12857142,0.29285717,Saskatchewan
2017-01-03 00:00:00+00:00,-22.78975,0.21428573,0.29295835,Saskatchewan
2017-01-04 00:00:00+00:00,-21.523975,0.12857142,0.29286313,Saskatchewan
2017-01-05 00:00:00+00:00,-20.469513,0.042857144,0.29257742,Saskatchewan
2017-01-06 00:00:00+00:00,-18.90106,0.41428572,0.29252386,Saskatchewan
2017-01-07 00:00:00+00:00,-20.412668,0.10000001,0.29231548,Saskatchewan
2017-01-08 00:00:00+00:00,-19.898085,0.0,0.29228574,Saskatchewan
2017-01-09 00:00:00+00:00,-21.007904,3.042857,0.29227382,Saskatchewan
2017-01-10 00:00:00+00:00,-21.815046,0.22857143,0.29216075,Saskatchewan
2017-01-11 00:00:00+00:00,-24.403738,0.057142857,0.29206553,Saskatchewan
2017-01-12 00:00:00+00:00,-22.75969,0.29999998,0.29188094,Saskatchewan
2017-01-13 00:00:00+00:00,-21.663858,0.0,0.29178572,Saskatchewan
2017-01-14 00:00:00+00:00,-14.037965,0.0,0.29171428,Saskatchewan
2017-01-15 00:00:00+00:00,-8.320405,0.0,0.29169646,Saskatchewan
2017-01-16 00:00:00+00:00,-7.468619,0.0,0.2915893,Saskatchewan
2017-01-17 00:00:00+00:00,-2.3995717,0.0,0.2915357,Saskatchewan
2017-01-18 00:00:00+00:00,2.1245358,0.028571429,0.29161906,Saskatchewan
2017-01-19 00:00:00+00:00,1.5388215,0.0,0.29226786,Saskatchewan
2017-01-20 00:00:00+00:00,-1.4028454,0.0,0.29394048,Saskatchewan
2017-01-21 00:00:00+00:00,-3.954036,0.6,0.2953155,Saskatchewan
2017-01-22 00:00:00+00:00,-2.8004644,1.1571429,0.2960833,Saskatchewan
2017-01-23 00:00:00+00:00,-5.7974877,0.8285715,0.29685715,Saskatchewan
2017-01-24 00:00:00+00:00,-7.9587975,0.75714296,0.29520836,Saskatchewan
2017-01-25 00:00:00+00:00,-10.972191,0.24285714,0.29535717,Saskatchewan
2017-01-26 00:00:00+00:00,-9.576655,0.0,0.29592857,Saskatchewan
2017-01-27 00:00:00+00:00,-3.57725,0.0,0.2970714,Saskatchewan
2017-01-28 00:00:00+00:00,-0.43320245,0.12857144,0.2969821,Saskatchewan
2017-01-29 00:00:00+00:00,0.51292855,0.45714286,0.29719642,Saskatchewan
2017-01-30 00:00:00+00:00,1.0013214,1.3142856,0.29792857,Saskatchewan
2017-01-31 00:00:00+00:00,-5.9210005,0.8,0.2996309,Saskatchewan
2017-02-01 00:00:00+00:00,-15.520404,0.028571429,0.29949996,Saskatchewan
2017-02-02 00:00:00+00:00,-14.893918,0.0,0.2991428,Saskatchewan
2017-02-03 00:00:00+00:00,-13.789453,0.0,0.299119,Saskatchewan
2017-02-04 00:00:00+00:00,-14.193917,0.88571435,0.29885706,Saskatchewan
2017-02-05 00:00:00+00:00,-16.88737,2.1857145,0.2989285,Saskatchewan
2017-02-06 00:00:00+00:00,-17.956419,3.7714283,0.29899997,Saskatchewan
2017-02-07 00:00:00+00:00,-23.064749,0.45714286,0.29899997,Saskatchewan
2017-02-08 00:00:00+00:00,-25.889156,0.0,0.29885116,Saskatchewan
2017-02-09 00:00:00+00:00,-20.08707,0.8714286,0.29871422,Saskatchewan
2017-02-10 00:00:00+00:00,-7.645107,0.58571434,0.2986428,Saskatchewan
2017-02-11 00:00:00+00:00,-7.524869,0.50000006,0.29851785,Saskatchewan
2017-02-12 00:00:00+00:00,-4.949571,0.0,0.29817852,Saskatchewan
2017-02-13 00:00:00+00:00,-1.4046309,0.0,0.2981666,Saskatchewan
2017-02-14 00:00:00+00:00,-2.5016549,0.0,0.29832736,Saskatchewan
2017-02-15 00:00:00+00:00,0.20757146,0.0,0.29839283,Saskatchewan
2017-02-16 00:00:00+00:00,3.843881,0.0,0.3031488,Saskatchewan
2017-02-17 00:00:00+00:00,4.7188807,0.25714287,0.31597617,Saskatchewan
2017-02-18 00:00:00+00:00,0.5438809,0.042857144,0.33369046,Saskatchewan
2017-02-19 00:00:00+00:00,0.7337619,1.0142857,0.34405953,Saskatchewan
2017-02-20 00:00:00+00:00,0.5867381,0.114285715,0.3501726,Saskatchewan
2017-02-21 00:00:00+00:00,-0.84986913,0.3,0.35853574,Saskatchewan
2017-02-22 00:00:00+00:00,-1.3593929,0.34285715,0.3636488,Saskatchewan
2017-02-23 00:00:00+00:00,-4.8778453,0.20000002,0.36413687,Saskatchewan
2017-02-24 00:00:00+00:00,-6.42725,0.3,0.3624464,Saskatchewan
2017-02-25 00:00:00+00:00,-9.027548,0.42857146,0.36003566,Saskatchewan
2017-02-26 00:00:00+00:00,-9.980823,0.44285718,0.3584464,Saskatchewan
2017-02-27 00:00:00+00:00,-13.891238,0.057142857,0.3568452,Saskatchewan
2017-02-28 00:00:00+00:00,-12.486177,0.44285712,0.35555357,Saskatchewan
2017-03-01 00:00:00+00:00,-10.624274,0.10000001,0.35459524,Saskatchewan
2017-03-02 00:00:00+00:00,-11.25344,0.22857144,0.35380954,Saskatchewan
2017-03-03 00:00:00+00:00,-5.1471906,0.7714286,0.3532143,Saskatchewan
2017-03-04 00:00:00+00:00,1.3295953,0.0,0.3528869,Saskatchewan
2017-03-05 00:00:00+00:00,-3.276655,1.6428572,0.35307142,Saskatchewan
2017-03-06 00:00:00+00:00,-7.1001663,3.414286,0.3557262,Saskatchewan
2017-03-07 00:00:00+00:00,-12.80493,3.414286,0.35603568,Saskatchewan
2017-03-08 00:00:00+00:00,-14.87606,0.7428571,0.3553988,Saskatchewan
2017-03-09 00:00:00+00:00,-17.717726,0.20000002,0.3550655,Saskatchewan
2017-03-10 00:00:00+00:00,-20.405523,1.4142857,0.3546131,Saskatchewan
2017-03-11 00:00:00+00:00,-18.24838,0.9142858,0.35407737,Saskatchewan
2017-03-12 00:00:00+00:00,-15.651655,3.385714,0.35435715,Saskatchewan
2017-03-13 00:00:00+00:00,-16.293917,0.1,0.354,Saskatchewan
2017-03-14 00:00:00+00:00,-9.629036,0.34285715,0.35379165,Saskatchewan
2017-03-15 00:00:00+00:00,-0.6397501,0.08571429,0.35401183,Saskatchewan
2017-03-16 00:00:00+00:00,1.9066784,0.3857143,0.3601369,Saskatchewan
2017-03-17 00:00:00+00:00,-0.634988,0.7857143,0.3694643,Saskatchewan
2017-03-18 00:00:00+00:00,0.7900119,0.114285715,0.37336904,Saskatchewan
2017-03-19 00:00:00+00:00,5.544476,0.08571429,0.3770714,Saskatchewan
2017-03-20 00:00:00+00:00,-2.1156428,0.057142857,0.38154763,Saskatchewan
2017-03-21 00:00:00+00:00,-7.715345,0.0,0.38080356,Saskatchewan
2017-03-22 00:00:00+00:00,-2.3927264,0.9857143,0.37914285,Saskatchewan
2017-03-23 00:00:00+00:00,1.6733453,0.028571429,0.37855357,Saskatchewan
2017-03-24 00:00:00+00:00,-0.44838092,0.0,0.3786786,Saskatchewan
2017-03-25 00:00:00+00:00,4.9281073,1.0285714,0.37948212,Saskatchewan
2017-03-26 00:00:00+00:00,3.2855475,0.25714287,0.38386902,Saskatchewan
2017-03-27 00:00:00+00:00,1.5900118,0.057142857,0.38567263,Saskatchewan
2017-03-28 00:00:00+00:00,2.7504287,1.3142856,0.38447022,Saskatchewan
2017-03-29 00:00:00+00:00,4.4932857,0.114285715,0.3842143,Saskatchewan
2017-03-30 00:00:00+00:00,5.502809,0.22857144,0.382375,Saskatchewan
2017-03-31 00:00:00+00:00,3.8257263,0.7,0.3800119,Saskatchewan
2017-04-01 00:00:00+00:00,5.1394167,0.17142858,0.37686902,Saskatchewan
2017-04-02 00:00:00+00:00,6.759357,0.87142855,0.37492856,Saskatchewan
2017-04-03 00:00:00+00:00,4.029893,1.0428572,0.36939284,Saskatchewan
2017-04-04 00:00:00+00:00,2.7819762,0.61428577,0.36476785,Saskatchewan
2017-04-05 00:00:00+00:00,2.7801902,0.25714284,0.3602381,Saskatchewan
2017-04-06 00:00:00+00:00,6.6385236,0.0,0.35419044,Saskatchewan
2017-04-07 00:00:00+00:00,11.103702,0.42857143,0.34726784,Saskatchewan
2017-04-08 00:00:00+00:00,10.78525,0.7,0.34192854,Saskatchewan
2017-04-09 00:00:00+00:00,1.6284047,0.11428572,0.33800596,Saskatchewan
2017-04-10 00:00:00+00:00,0.20905964,0.08571429,0.33789286,Saskatchewan
2017-04-11 00:00:00+00:00,3.4873333,1.4857143,0.33597618,Saskatchewan
2017-04-12 00:00:00+00:00,4.1278095,0.15714286,0.3341785,Saskatchewan
2017-04-13 00:00:00+00:00,7.4537024,1.0428572,0.329994,Saskatchewan
2017-04-14 00:00:00+00:00,9.297453,3.7714288,0.32900596,Saskatchewan
2017-04-15 00:00:00+00:00,5.5983453,0.4857143,0.3345595,Saskatchewan
2017-04-16 00:00:00+00:00,-1.0900476,1.2142857,0.33522025,Saskatchewan
2017-04-17 00:00:00+00:00,-1.6141547,0.014285714,0.33609518,Saskatchewan
2017-04-18 00:00:00+00:00,2.26025,1.2428571,0.33541068,Saskatchewan
2017-04-19 00:00:00+00:00,5.700726,0.87142855,0.33311313,Saskatchewan
2017-04-20 00:00:00+00:00,6.255786,2.4142857,0.33981547,Saskatchewan
2017-04-21 00:00:00+00:00,7.7611427,1.4428571,0.3391488,Saskatchewan
2017-04-22 00:00:00+00:00,3.836738,1.8000001,0.3384583,Saskatchewan
2017-04-23 00:00:00+00:00,1.9108454,1.3714286,0.33967856,Saskatchewan
2017-04-24 00:00:00+00:00,0.64566666,4.428571,0.33960715,Saskatchewan
2017-04-25 00:00:00+00:00,-0.9314166,0.24285714,0.3406131,Saskatchewan
2017-04-26 00:00:00+00:00,0.8281072,1.9714285,0.33976784,Saskatchewan
2017-04-27 00:00:00+00:00,2.365607,0.5571429,0.33860117,Saskatchewan
2017-04-28 00:00:00+00:00,3.6941788,0.42857146,0.33544046,Saskatchewan
2017-04-29 00:00:00+00:00,5.4013214,1.7142857,0.331369,Saskatchewan
2017-04-30 00:00:00+00:00,7.999833,1.0428572,0.3292143,Saskatchewan
2017-05-01 00:00:00+00:00,8.139714,6.428571,0.32530954,Saskatchewan
2017-05-02 00:00:00+00:00,6.899833,0.8000001,0.33402973,Saskatchewan
2017-05-03 00:00:00+00:00,8.044178,0.15714286,0.33433333,Saskatchewan
2017-05-04 00:00:00+00:00,11.780488,0.0,0.3265774,Saskatchewan
2017-05-05 00:00:00+00:00,16.16769,0.0,0.3101488,Saskatchewan
2017-05-06 00:00:00+00:00,17.395071,0.0,0.29054165,Saskatchewan
2017-05-07 00:00:00+00:00,15.723345,0.5,0.27679762,Saskatchewan
2017-05-08 00:00:00+00:00,11.143583,4.414286,0.27226785,Saskatchewan
2017-05-09 00:00:00+00:00,9.947452,0.35714284,0.27664882,Saskatchewan
2017-05-10 00:00:00+00:00,9.257869,0.014285714,0.27499405,Saskatchewan
2017-05-11 00:00:00+00:00,12.099833,0.0,0.26923808,Saskatchewan
2017-05-12 00:00:00+00:00,12.882571,0.4,0.26134524,Saskatchewan
2017-05-13 00:00:00+00:00,12.398345,0.71428573,0.256875,Saskatchewan
2017-05-14 00:00:00+00:00,11.294772,5.1142855,0.2559881,Saskatchewan
2017-05-15 00:00:00+00:00,10.073941,0.3,0.25972024,Saskatchewan
2017-05-16 00:00:00+00:00,9.611738,1.6714287,0.26263097,Saskatchewan
2017-05-17 00:00:00+00:00,7.848048,0.12857142,0.26229763,Saskatchewan
2017-05-18 00:00:00+00:00,6.19031,0.0,0.26285118,Saskatchewan
2017-05-19 00:00:00+00:00,9.948344,0.0,0.25779763,Saskatchewan
2017-05-20 00:00:00+00:00,12.497155,0.37142858,0.25026786,Saskatchewan
2017-05-21 00:00:00+00:00,13.11531,0.3857143,0.24203573,Saskatchewan
2017-05-22 00:00:00+00:00,12.570964,0.3571429,0.23569049,Saskatchewan
2017-05-23 00:00:00+00:00,14.395666,0.0,0.22816667,Saskatchewan
2017-05-24 00:00:00+00:00,16.67275,1.3142856,0.2191488,Saskatchewan
2017-05-25 00:00:00+00:00,11.109358,5.4714284,0.21752976,Saskatchewan
2017-05-26 00:00:00+00:00,11.0132265,2.142857,0.22327383,Saskatchewan
2017-05-27 00:00:00+00:00,13.384952,0.59999996,0.22669642,Saskatchewan
2017-05-28 00:00:00+00:00,13.312928,2.4857142,0.22290477,Saskatchewan
2017-05-29 00:00:00+00:00,11.91144,0.37142855,0.22144045,Saskatchewan
2017-05-30 00:00:00+00:00,12.327214,0.0,0.21823214,Saskatchewan
2017-05-31 00:00:00+00:00,15.72275,0.0,0.21402976,Saskatchewan
2017-06-01 00:00:00+00:00,20.196262,0.014285714,0.20563689,Saskatchewan
2017-06-02 00:00:00+00:00,21.148046,0.78571427,0.19417858,Saskatchewan
2017-06-03 00:00:00+00:00,18.945965,0.08571429,0.19204761,Saskatchewan
2017-06-04 00:00:00+00:00,20.073048,0.114285715,0.1889405,Saskatchewan
2017-06-05 00:00:00+00:00,20.937927,2.4571426,0.18294047,Saskatchewan
2017-06-06 00:00:00+00:00,16.133167,0.6714286,0.1869762,Saskatchewan
2017-06-07 00:00:00+00:00,17.393583,0.12857144,0.18902382,Saskatchewan
2017-06-08 00:00:00+00:00,19.687332,0.0,0.18846428,Saskatchewan
2017-06-09 00:00:00+00:00,20.58019,2.9142857,0.18535121,Saskatchewan
2017-06-10 00:00:00+00:00,16.84418,1.1142857,0.19480358,Saskatchewan
2017-06-11 00:00:00+00:00,14.18019,0.8714286,0.19684522,Saskatchewan
2017-06-12 00:00:00+00:00,15.878405,0.057142857,0.19817856,Saskatchewan
2017-06-13 00:00:00+00:00,17.401022,1.5857142,0.19355953,Saskatchewan
2017-06-14 00:00:00+00:00,13.110845,29.12857,0.21627381,Saskatchewan
2017-06-15 00:00:00+00:00,13.342393,2.9428573,0.25517854,Saskatchewan
2017-06-16 00:00:00+00:00,13.77394,1.1,0.26011306,Saskatchewan
2017-06-17 00:00:00+00:00,13.942095,4.9714284,0.26043454,Saskatchewan
2017-06-18 00:00:00+00:00,13.66501,3.085714,0.26664883,Saskatchewan
2017-06-19 00:00:00+00:00,14.2665,0.8,0.26427382,Saskatchewan
2017-06-20 00:00:00+00:00,15.190011,0.49999997,0.26109523,Saskatchewan
2017-06-21 00:00:00+00:00,16.700727,1.8571428,0.25302976,Saskatchewan
2017-06-22 00:00:00+00:00,12.803405,3.857143,0.24984527,Saskatchewan
2017-06-23 00:00:00+00:00,10.840012,0.9285714,0.2520714,Saskatchewan
2017-06-24 00:00:00+00:00,10.793881,0.29999998,0.25098214,Saskatchewan
2017-06-25 00:00:00+00:00,13.344476,0.18571429,0.24667262,Saskatchewan
2017-06-26 00:00:00+00:00,15.577809,0.0,0.24045834,Saskatchewan
2017-06-27 00:00:00+00:00,20.55876,0.20000002,0.23073213,Saskatchewan
2017-06-28 00:00:00+00:00,17.22662,0.61428577,0.2302917,Saskatchewan
2017-06-29 00:00:00+00:00,15.055488,2.8999999,0.22774999,Saskatchewan
2017-06-30 00:00:00+00:00,15.2039995,0.014285714,0.22726785,Saskatchewan
2017-07-01 00:00:00+00:00,17.366201,1.0571429,0.2237024,Saskatchewan
2017-07-02 00:00:00+00:00,17.584654,1.5571429,0.21976785,Saskatchewan
2017-07-03 00:00:00+00:00,20.949537,0.98571426,0.2156488,Saskatchewan
2017-07-04 00:00:00+00:00,21.968287,0.014285714,0.20709525,Saskatchewan
2017-07-05 00:00:00+00:00,21.117392,0.5,0.20391071,Saskatchewan
2017-07-06 00:00:00+00:00,21.010252,0.042857144,0.20015475,Saskatchewan
2017-07-07 00:00:00+00:00,20.866201,0.0,0.1962262,Saskatchewan
2017-07-08 00:00:00+00:00,22.41769,0.014285714,0.19130954,Saskatchewan
2017-07-09 00:00:00+00:00,22.263523,0.5,0.19442858,Saskatchewan
2017-07-10 00:00:00+00:00,22.618284,0.34285715,0.19231547,Saskatchewan
2017-07-11 00:00:00+00:00,19.531382,7.671428,0.19856548,Saskatchewan
2017-07-12 00:00:00+00:00,16.612928,1.0,0.21087499,Saskatchewan
2017-07-13 00:00:00+00:00,19.370667,0.0,0.21422617,Saskatchewan
2017-07-14 00:00:00+00:00,22.495962,0.028571429,0.21180357,Saskatchewan
2017-07-15 00:00:00+00:00,21.122152,0.0,0.21079762,Saskatchewan
2017-07-16 00:00:00+00:00,23.50281,0.44285712,0.20753573,Saskatchewan
2017-07-17 00:00:00+00:00,19.64388,0.12857144,0.20580952,Saskatchewan
2017-07-18 00:00:00+00:00,16.521559,0.042857144,0.20678571,Saskatchewan
2017-07-19 00:00:00+00:00,18.760845,0.8428572,0.20807143,Saskatchewan
2017-07-20 00:00:00+00:00,20.481976,0.0,0.20852382,Saskatchewan
2017-07-21 00:00:00+00:00,20.841202,4.3714285,0.20619048,Saskatchewan
2017-07-22 00:00:00+00:00,18.208166,1.6428572,0.2109524,Saskatchewan
2017-07-23 00:00:00+00:00,20.527811,0.028571429,0.21092857,Saskatchewan
2017-07-24 00:00:00+00:00,22.024534,0.071428575,0.20674405,Saskatchewan
2017-07-25 00:00:00+00:00,18.421558,0.1,0.20667262,Saskatchewan
2017-07-26 00:00:00+00:00,19.406382,0.0,0.20589288,Saskatchewan
2017-07-27 00:00:00+00:00,22.152512,0.071428575,0.20134524,Saskatchewan
2017-07-28 00:00:00+00:00,23.664415,0.27142859,0.19735119,Saskatchewan
2017-07-29 00:00:00+00:00,22.643284,0.5142857,0.1931488,Saskatchewan
2017-07-30 00:00:00+00:00,23.770369,0.40000004,0.19342859,Saskatchewan
2017-07-31 00:00:00+00:00,23.340902,0.12857144,0.18780355,Saskatchewan
2017-08-01 00:00:00+00:00,19.873644,0.7714286,0.18921427,Saskatchewan
2017-08-02 00:00:00+00:00,16.639713,4.9714284,0.19523214,Saskatchewan
2017-08-03 00:00:00+00:00,16.577513,0.028571429,0.1956012,Saskatchewan
2017-08-04 00:00:00+00:00,17.97394,1.2142857,0.19191667,Saskatchewan
2017-08-05 00:00:00+00:00,17.151917,1.7142857,0.19379762,Saskatchewan
2017-08-06 00:00:00+00:00,16.966799,0.85714287,0.1962024,Saskatchewan
2017-08-07 00:00:00+00:00,18.568285,0.5285714,0.19349404,Saskatchewan
2017-08-08 00:00:00+00:00,18.103405,3.6142857,0.19182739,Saskatchewan
2017-08-09 00:00:00+00:00,16.051321,1.9,0.19861905,Saskatchewan
2017-08-10 00:00:00+00:00,16.88763,0.18571429,0.20008333,Saskatchewan
2017-08-11 00:00:00+00:00,18.366201,0.37142855,0.19794643,Saskatchewan
2017-08-12 00:00:00+00:00,18.38644,0.42857143,0.19833931,Saskatchewan
2017-08-13 00:00:00+00:00,18.607868,0.0,0.19566071,Saskatchewan
2017-08-14 00:00:00+00:00,18.961142,2.542857,0.19211905,Saskatchewan
2017-08-15 00:00:00+00:00,17.512928,6.585714,0.19486904,Saskatchewan
2017-08-16 00:00:00+00:00,17.209356,0.057142857,0.19916071,Saskatchewan
2017-08-17 00:00:00+00:00,18.66263,0.7714286,0.19814289,Saskatchewan
2017-08-18 00:00:00+00:00,18.662334,0.0,0.19510713,Saskatchewan
2017-08-19 00:00:00+00:00,19.686441,0.0,0.18964882,Saskatchewan
2017-08-20 00:00:00+00:00,15.795667,0.0,0.19080952,Saskatchewan
2017-08-21 00:00:00+00:00,16.578106,0.22857143,0.1930119,Saskatchewan
2017-08-22 00:00:00+00:00,16.180487,0.0,0.19510712,Saskatchewan
2017-08-23 00:00:00+00:00,18.758762,0.0,0.19158332,Saskatchewan
2017-08-24 00:00:00+00:00,18.906082,0.0,0.1868631,Saskatchewan
2017-08-25 00:00:00+00:00,20.204298,2.2571428,0.18844047,Saskatchewan
2017-08-26 00:00:00+00:00,18.276917,0.32857147,0.18958333,Saskatchewan
2017-08-27 00:00:00+00:00,18.945965,0.0,0.18436906,Saskatchewan
2017-08-28 00:00:00+00:00,21.495071,0.014285714,0.1765893,Saskatchewan
2017-08-29 00:00:00+00:00,21.350725,0.0,0.16733335,Saskatchewan
2017-08-30 00:00:00+00:00,20.478106,0.31428573,0.16935715,Saskatchewan
2017-08-31 00:00:00+00:00,23.149832,0.042857144,0.1730893,Saskatchewan
2017-09-01 00:00:00+00:00,20.491796,3.7285714,0.17998812,Saskatchewan
2017-09-02 00:00:00+00:00,18.643583,0.08571429,0.18351188,Saskatchewan
2017-09-03 00:00:00+00:00,18.437332,0.028571429,0.18045832,Saskatchewan
2017-09-04 00:00:00+00:00,15.345071,0.37142855,0.18142262,Saskatchewan
2017-09-05 00:00:00+00:00,13.615905,0.0,0.18273808,Saskatchewan
2017-09-06 00:00:00+00:00,15.819773,0.0,0.18269643,Saskatchewan
2017-09-07 00:00:00+00:00,17.854298,0.0,0.17300001,Saskatchewan
2017-09-08 00:00:00+00:00,19.31888,0.0,0.1716369,Saskatchewan
2017-09-09 00:00:00+00:00,21.684952,0.0,0.16951784,Saskatchewan
2017-09-10 00:00:00+00:00,22.610546,0.071428575,0.17133929,Saskatchewan
2017-09-11 00:00:00+00:00,18.048048,0.0,0.17417857,Saskatchewan
2017-09-12 00:00:00+00:00,20.041798,0.0,0.1724524,Saskatchewan
2017-09-13 00:00:00+00:00,15.1069765,3.5571425,0.17462501,Saskatchewan
2017-09-14 00:00:00+00:00,10.445071,4.3142858,0.18245836,Saskatchewan
2017-09-15 00:00:00+00:00,8.823345,1.1714286,0.1899226,Saskatchewan
2017-09-16 00:00:00+00:00,8.33287,4.3714285,0.19605358,Saskatchewan
2017-09-17 00:00:00+00:00,7.735845,2.142857,0.2086607,Saskatchewan
2017-09-18 00:00:00+00:00,11.12156,0.014285714,0.21432142,Saskatchewan
2017-09-19 00:00:00+00:00,13.113226,10.557143,0.21491073,Saskatchewan
2017-09-20 00:00:00+00:00,10.0647135,0.15714286,0.23479167,Saskatchewan
2017-09-21 00:00:00+00:00,9.304297,0.0,0.24019644,Saskatchewan
2017-09-22 00:00:00+00:00,7.117095,1.7714287,0.24324997,Saskatchewan
2017-09-23 00:00:00+00:00,6.907869,1.057143,0.24769643,Saskatchewan
2017-09-24 00:00:00+00:00,8.010249,0.68571424,0.25057143,Saskatchewan
2017-09-25 00:00:00+00:00,9.134654,0.042857144,0.24944046,Saskatchewan
2017-09-26 00:00:00+00:00,10.1415,0.18571429,0.24495235,Saskatchewan
2017-09-27 00:00:00+00:00,12.27275,0.08571429,0.24074402,Saskatchewan
2017-09-28 00:00:00+00:00,12.841202,0.014285714,0.23389284,Saskatchewan
2017-09-29 00:00:00+00:00,13.390309,0.0,0.22709522,Saskatchewan
2017-09-30 00:00:00+00:00,15.23912,0.028571429,0.22028568,Saskatchewan
2017-10-01 00:00:00+00:00,12.916499,3.0714288,0.2178274,Saskatchewan
2017-10-02 00:00:00+00:00,7.6295958,23.542858,0.24297617,Saskatchewan
2017-10-03 00:00:00+00:00,3.948643,6.657143,0.30440477,Saskatchewan
2017-10-04 00:00:00+00:00,3.8209646,0.028571429,0.31376192,Saskatchewan
2017-10-05 00:00:00+00:00,4.9278097,0.0,0.31150597,Saskatchewan
2017-10-06 00:00:00+00:00,7.814119,0.0,0.30601788,Saskatchewan
2017-10-07 00:00:00+00:00,10.859953,0.55714285,0.30129167,Saskatchewan
2017-10-08 00:00:00+00:00,5.3170953,0.92857134,0.30016667,Saskatchewan
2017-10-09 00:00:00+00:00,2.3432858,0.0,0.3001012,Saskatchewan
2017-10-10 00:00:00+00:00,6.633167,0.0,0.29523215,Saskatchewan
2017-10-11 00:00:00+00:00,8.6165,0.22857141,0.28938693,Saskatchewan
2017-10-12 00:00:00+00:00,4.800428,0.3,0.28599998,Saskatchewan
2017-10-13 00:00:00+00:00,1.1084644,0.0,0.2848036,Saskatchewan
2017-10-14 00:00:00+00:00,-0.004928521,0.0,0.28361908,Saskatchewan
2017-10-15 00:00:00+00:00,3.6718574,0.5142857,0.28278574,Saskatchewan
2017-10-16 00:00:00+00:00,8.062632,0.0,0.27825597,Saskatchewan
2017-10-17 00:00:00+00:00,11.666799,0.0,0.27043453,Saskatchewan
2017-10-18 00:00:00+00:00,9.705786,0.42857143,0.26450002,Saskatchewan
2017-10-19 00:00:00+00:00,10.651024,0.0,0.262625,Saskatchewan
2017-10-20 00:00:00+00:00,11.225131,0.0,0.25630358,Saskatchewan
2017-10-21 00:00:00+00:00,7.7584643,3.1571426,0.25048214,Saskatchewan
2017-10-22 00:00:00+00:00,4.8727503,1.457143,0.25275,Saskatchewan
2017-10-23 00:00:00+00:00,5.5700717,0.37142858,0.25507736,Saskatchewan
2017-10-24 00:00:00+00:00,5.0269165,0.0,0.2555119,Saskatchewan
2017-10-25 00:00:00+00:00,7.8289995,0.45714286,0.25454167,Saskatchewan
2017-10-26 00:00:00+00:00,0.724238,2.4857142,0.25445834,Saskatchewan
2017-10-27 00:00:00+00:00,-0.9067144,0.0,0.25625592,Saskatchewan
2017-10-28 00:00:00+00:00,1.8968571,0.0,0.25583333,Saskatchewan
2017-10-29 00:00:00+00:00,4.9412026,0.61428577,0.25497022,Saskatchewan
2017-10-30 00:00:00+00:00,-2.1337976,0.31428573,0.2556071,Saskatchewan
2017-10-31 00:00:00+00:00,-2.6007621,0.9285715,0.25907737,Saskatchewan
2017-11-01 00:00:00+00:00,-2.2090952,3.3857143,0.2591369,Saskatchewan
2017-11-02 00:00:00+00:00,-4.2730837,0.88571435,0.25908926,Saskatchewan
2017-11-03 00:00:00+00:00,-5.2052264,1.5857143,0.2599464,Saskatchewan
2017-11-04 00:00:00+00:00,-6.5924287,5.6857142,0.25544044,Saskatchewan
2017-11-05 00:00:00+00:00,-10.9314165,0.08571429,0.25448808,Saskatchewan
2017-11-06 00:00:00+00:00,-12.31475,0.0,0.2551012,Saskatchewan
2017-11-07 00:00:00+00:00,-12.025464,0.0,0.25436905,Saskatchewan
2017-11-08 00:00:00+00:00,-11.268916,0.90000004,0.25370237,Saskatchewan
2017-11-09 00:00:00+00:00,-14.155523,0.014285714,0.25245833,Saskatchewan
2017-11-10 00:00:00+00:00,-7.3712974,2.7857144,0.2510655,Saskatchewan
2017-11-11 00:00:00+00:00,-7.6013565,0.45714286,0.25056547,Saskatchewan
2017-11-12 00:00:00+00:00,-7.647488,0.0,0.25100595,Saskatchewan
2017-11-13 00:00:00+00:00,-4.2909403,0.014285714,0.25,Saskatchewan
2017-11-14 00:00:00+00:00,-2.6766548,0.20000002,0.24931547,Saskatchewan
2017-11-15 00:00:00+00:00,-10.65344,0.057142857,0.2494107,Saskatchewan
2017-11-16 00:00:00+00:00,-7.8355837,1.6571429,0.24992855,Saskatchewan
2017-11-17 00:00:00+00:00,-10.343917,0.4428572,0.24888094,Saskatchewan
2017-11-18 00:00:00+00:00,-12.8793335,0.114285715,0.24905951,Saskatchewan
2017-11-19 00:00:00+00:00,-6.82606,0.0,0.24919643,Saskatchewan
2017-11-20 00:00:00+00:00,-2.9653454,0.5428571,0.24883927,Saskatchewan
2017-11-21 00:00:00+00:00,-16.279036,0.042857144,0.24861309,Saskatchewan
2017-11-22 00:00:00+00:00,-9.251952,0.7285714,0.2482202,Saskatchewan
2017-11-23 00:00:00+00:00,-0.4352856,0.014285714,0.24850594,Saskatchewan
2017-11-24 00:00:00+00:00,1.8209642,1.4142857,0.25406548,Saskatchewan
2017-11-25 00:00:00+00:00,-2.26475,0.0,0.2581488,Saskatchewan
2017-11-26 00:00:00+00:00,-1.5974882,0.0,0.2593929,Saskatchewan
2017-11-27 00:00:00+00:00,2.824238,0.4,0.26055953,Saskatchewan
2017-11-28 00:00:00+00:00,-1.412369,0.071428575,0.2621369,Saskatchewan
2017-11-29 00:00:00+00:00,0.9182857,1.1428572,0.2635,Saskatchewan
2017-11-30 00:00:00+00:00,-1.1519525,0.0,0.2651131,Saskatchewan
2017-12-01 00:00:00+00:00,-3.0832024,0.0,0.26580355,Saskatchewan
2017-12-02 00:00:00+00:00,-2.6814167,0.014285714,0.2660119,Saskatchewan
2017-12-03 00:00:00+00:00,-5.1055236,0.51428574,0.2660536,Saskatchewan
2017-12-04 00:00:00+00:00,-7.0132623,2.3999999,0.26636907,Saskatchewan
2017-12-05 00:00:00+00:00,-8.92606,1.0000001,0.26499406,Saskatchewan
2017-12-06 00:00:00+00:00,-10.079928,0.45714286,0.2643333,Saskatchewan
2017-12-07 00:00:00+00:00,-5.3537383,0.0,0.26406547,Saskatchewan
2017-12-08 00:00:00+00:00,-2.4388573,0.0,0.26364285,Saskatchewan
2017-12-09 00:00:00+00:00,-2.5689166,0.0,0.26323804,Saskatchewan
2017-12-10 00:00:00+00:00,0.4682857,0.25714284,0.2628928,Saskatchewan
2017-12-11 00:00:00+00:00,-0.23379764,1.0142858,0.26313093,Saskatchewan
2017-12-12 00:00:00+00:00,0.5287024,0.0,0.26429167,Saskatchewan
2017-12-13 00:00:00+00:00,0.76292855,0.18571429,0.26556545,Saskatchewan
2017-12-14 00:00:00+00:00,-1.4192142,0.6142858,0.26650596,Saskatchewan
2017-12-15 00:00:00+00:00,-1.0671308,1.6714286,0.26609525,Saskatchewan
2017-12-16 00:00:00+00:00,-0.93171436,0.41428572,0.266375,Saskatchewan
2017-12-17 00:00:00+00:00,-3.2638571,0.114285715,0.2669643,Saskatchewan
2017-12-18 00:00:00+00:00,-1.3796309,0.35714287,0.26680952,Saskatchewan
2017-12-19 00:00:00+00:00,-6.9043336,0.10000001,0.26694646,Saskatchewan
2017-12-20 00:00:00+00:00,-13.837072,1.4142857,0.26663095,Saskatchewan
2017-12-21 00:00:00+00:00,-13.223084,0.27142856,0.26545236,Saskatchewan
2017-12-22 00:00:00+00:00,-9.76088,0.37142858,0.26444644,Saskatchewan
2017-12-23 00:00:00+00:00,-11.091834,0.54285717,0.26394647,Saskatchewan
2017-12-24 00:00:00+00:00,-17.879036,0.3,0.26396427,Saskatchewan
2017-12-25 00:00:00+00:00,-25.29689,0.0,0.2631488,Saskatchewan
2017-12-26 00:00:00+00:00,-26.357904,0.0,0.26250595,Saskatchewan
2017-12-27 00:00:00+00:00,-24.975164,0.028571429,0.26146427,Saskatchewan
2017-12-28 00:00:00+00:00,-22.7085,0.31428573,0.26082143,Saskatchewan
2017-12-29 00:00:00+00:00,-25.176357,0.38571426,0.2600774,Saskatchewan
2017-12-30 00:00:00+00:00,-29.408499,0.3857143,0.25945833,Saskatchewan
2017-12-31 00:00:00+00:00,-27.294216,0.0,0.25892857,Saskatchewan
2018-01-01 00:00:00+00:00,-25.441236,0.0,0.25832736,Saskatchewan
2018-01-02 00:00:00+00:00,-14.024275,0.014285714,0.25756547,Saskatchewan
2018-01-03 00:00:00+00:00,-13.387369,0.0,0.25730953,Saskatchewan
2018-01-04 00:00:00+00:00,-10.912072,0.18571429,0.25725597,Saskatchewan
2018-01-05 00:00:00+00:00,-11.490941,0.0,0.25650004,Saskatchewan
2018-01-06 00:00:00+00:00,-5.80225,0.0,0.2562024,Saskatchewan
2018-01-07 00:00:00+00:00,-2.1183214,0.071428575,0.25535712,Saskatchewan
2018-01-08 00:00:00+00:00,-5.385286,0.0,0.25528568,Saskatchewan
2018-01-09 00:00:00+00:00,-4.7004647,0.42857143,0.2551428,Saskatchewan
2018-01-10 00:00:00+00:00,-13.640643,0.90000004,0.25481546,Saskatchewan
2018-01-11 00:00:00+00:00,-23.531418,0.74285716,0.25435713,Saskatchewan
2018-01-12 00:00:00+00:00,-24.512966,0.0,0.25388095,Saskatchewan
2018-01-13 00:00:00+00:00,-21.221594,0.0,0.25308332,Saskatchewan
2018-01-14 00:00:00+00:00,-13.191238,0.25714287,0.25271425,Saskatchewan
2018-01-15 00:00:00+00:00,-21.71207,0.0,0.25260714,Saskatchewan
2018-01-16 00:00:00+00:00,-14.767728,0.0,0.2522202,Saskatchewan
2018-01-17 00:00:00+00:00,-2.2971904,0.42857143,0.25199997,Saskatchewan
2018-01-18 00:00:00+00:00,-0.58975,0.114285715,0.25201783,Saskatchewan
2018-01-19 00:00:00+00:00,1.4956666,0.114285715,0.25275,Saskatchewan
2018-01-20 00:00:00+00:00,-2.7668335,0.17142858,0.25360712,Saskatchewan
2018-01-21 00:00:00+00:00,-5.207607,0.057142857,0.25368452,Saskatchewan
2018-01-22 00:00:00+00:00,-5.021893,0.014285714,0.25318453,Saskatchewan
2018-01-23 00:00:00+00:00,-5.586179,0.0,0.25383928,Saskatchewan
2018-01-24 00:00:00+00:00,-6.91475,0.0,0.25664288,Saskatchewan
2018-01-25 00:00:00+00:00,-4.993024,0.08571429,0.25571427,Saskatchewan
2018-01-26 00:00:00+00:00,-6.355821,2.642857,0.25714284,Saskatchewan
2018-01-27 00:00:00+00:00,-12.964452,1.542857,0.2569881,Saskatchewan
2018-01-28 00:00:00+00:00,-16.809095,0.61428577,0.2565,Saskatchewan
2018-01-29 00:00:00+00:00,-15.932013,0.0,0.25614288,Saskatchewan
2018-01-30 00:00:00+00:00,-5.21594,0.58571434,0.25602382,Saskatchewan
2018-01-31 00:00:00+00:00,-14.683501,0.071428575,0.25578573,Saskatchewan
2018-02-01 00:00:00+00:00,-20.92874,0.0,0.2559286,Saskatchewan
2018-02-02 00:00:00+00:00,-18.170702,0.3857143,0.25550002,Saskatchewan
2018-02-03 00:00:00+00:00,-20.140644,2.5285716,0.25528577,Saskatchewan
2018-02-04 00:00:00+00:00,-22.262371,0.042857144,0.25492862,Saskatchewan
2018-02-05 00:00:00+00:00,-20.2085,0.0,0.25468454,Saskatchewan
2018-02-06 00:00:00+00:00,-20.449572,0.08571429,0.25483337,Saskatchewan
2018-02-07 00:00:00+00:00,-19.48499,0.057142857,0.25485715,Saskatchewan
2018-02-08 00:00:00+00:00,-20.270702,0.84285706,0.25477383,Saskatchewan
2018-02-09 00:00:00+00:00,-22.387667,0.0,0.25464287,Saskatchewan
2018-02-10 00:00:00+00:00,-16.721298,0.12857144,0.25335714,Saskatchewan
2018-02-11 00:00:00+00:00,-16.579632,0.48571435,0.25335118,Saskatchewan
2018-02-12 00:00:00+00:00,-25.58707,0.0,0.25321427,Saskatchewan
2018-02-13 00:00:00+00:00,-11.9314165,0.0,0.25314283,Saskatchewan
2018-02-14 00:00:00+00:00,-2.829631,3.342857,0.25325593,Saskatchewan
2018-02-15 00:00:00+00:00,-17.682608,0.50000006,0.25378573,Saskatchewan
2018-02-16 00:00:00+00:00,-13.384393,0.028571429,0.25385717,Saskatchewan
2018-02-17 00:00:00+00:00,-12.922191,0.0,0.25392857,Saskatchewan
2018-02-18 00:00:00+00:00,-16.689749,0.40000004,0.2537143,Saskatchewan
2018-02-19 00:00:00+00:00,-21.37457,0.0,0.25357142,Saskatchewan
2018-02-20 00:00:00+00:00,-18.49481,0.0,0.25471428,Saskatchewan
2018-02-21 00:00:00+00:00,-19.326952,0.042857144,0.2546428,Saskatchewan
2018-02-22 00:00:00+00:00,-16.730227,0.0,0.2545714,Saskatchewan
2018-02-23 00:00:00+00:00,-14.165346,0.0,0.25442857,Saskatchewan
2018-02-24 00:00:00+00:00,-9.7126665,0.5142857,0.25342855,Saskatchewan
2018-02-25 00:00:00+00:00,-7.6683207,0.18571429,0.25335714,Saskatchewan
2018-02-26 00:00:00+00:00,-6.965047,0.042857144,0.25342855,Saskatchewan
2018-02-27 00:00:00+00:00,-7.6930237,0.0,0.25349998,Saskatchewan
2018-02-28 00:00:00+00:00,-6.10225,0.0,0.25357142,Saskatchewan
2018-03-01 00:00:00+00:00,-8.248381,0.0,0.25357142,Saskatchewan
2018-03-02 00:00:00+00:00,-7.854333,0.014285714,0.25357142,Saskatchewan
2018-03-03 00:00:00+00:00,-5.184691,3.2571428,0.25314286,Saskatchewan
2018-03-04 00:00:00+00:00,-4.8766546,3.4714284,0.25342858,Saskatchewan
2018-03-05 00:00:00+00:00,-6.246595,10.685716,0.25385717,Saskatchewan
2018-03-06 00:00:00+00:00,-9.018917,4.385714,0.25385714,Saskatchewan
2018-03-07 00:00:00+00:00,-12.737966,0.3,0.25385714,Saskatchewan
2018-03-08 00:00:00+00:00,-13.789154,0.08571429,0.25464287,Saskatchewan
2018-03-09 00:00:00+00:00,-10.691536,0.4714286,0.25502977,Saskatchewan
2018-03-10 00:00:00+00:00,-7.645107,0.24285714,0.25535718,Saskatchewan
2018-03-11 00:00:00+00:00,-8.318916,0.0,0.25535718,Saskatchewan
2018-03-12 00:00:00+00:00,-8.823083,0.0,0.25582144,Saskatchewan
2018-03-13 00:00:00+00:00,-7.344512,0.0,0.25593454,Saskatchewan
2018-03-14 00:00:00+00:00,-6.242726,0.0,0.25698808,Saskatchewan
2018-03-15 00:00:00+00:00,-6.781715,0.14285715,0.25792858,Saskatchewan
2018-03-16 00:00:00+00:00,-4.791536,0.057142857,0.25875595,Saskatchewan
2018-03-17 00:00:00+00:00,-5.475762,2.3999999,0.2601607,Saskatchewan
2018-03-18 00:00:00+00:00,-3.032905,0.62857145,0.26209524,Saskatchewan
2018-03-19 00:00:00+00:00,-3.9829047,1.1857145,0.26227975,Saskatchewan
2018-03-20 00:00:00+00:00,-4.3832026,0.55714285,0.26356548,Saskatchewan
2018-03-21 00:00:00+00:00,-3.4284403,0.114285715,0.26473215,Saskatchewan
2018-03-22 00:00:00+00:00,-3.2826068,0.0,0.26692855,Saskatchewan
2018-03-23 00:00:00+00:00,-1.0302261,6.3428574,0.26944643,Saskatchewan
2018-03-24 00:00:00+00:00,-1.2924284,1.6857141,0.27178568,Saskatchewan
2018-03-25 00:00:00+00:00,-0.29927382,2.1,0.27551788,Saskatchewan
2018-03-26 00:00:00+00:00,-3.17725,0.071428575,0.27725598,Saskatchewan
2018-03-27 00:00:00+00:00,-2.3626666,0.5714286,0.27857143,Saskatchewan
2018-03-28 00:00:00+00:00,-6.084988,1.9857142,0.28230357,Saskatchewan
2018-03-29 00:00:00+00:00,-9.285881,0.82857144,0.28402975,Saskatchewan
2018-03-30 00:00:00+00:00,-17.550465,1.5714285,0.28420237,Saskatchewan
2018-03-31 00:00:00+00:00,-15.754632,0.08571429,0.28406549,Saskatchewan
2018-04-01 00:00:00+00:00,-12.259989,0.0,0.28392854,Saskatchewan
2018-04-02 00:00:00+00:00,-13.642726,0.014285714,0.28371426,Saskatchewan
2018-04-03 00:00:00+00:00,-12.14987,0.0,0.2837619,Saskatchewan
2018-04-04 00:00:00+00:00,-11.240346,0.17142858,0.28342858,Saskatchewan
2018-04-05 00:00:00+00:00,-10.475762,0.51428574,0.28300595,Saskatchewan
2018-04-06 00:00:00+00:00,-15.897191,0.028571429,0.2833571,Saskatchewan
2018-04-07 00:00:00+00:00,-13.171595,0.0,0.28317854,Saskatchewan
2018-04-08 00:00:00+00:00,-8.990941,1.542857,0.28323215,Saskatchewan
2018-04-09 00:00:00+00:00,-6.409393,0.028571429,0.28336903,Saskatchewan
2018-04-10 00:00:00+00:00,-2.812964,0.0,0.2836369,Saskatchewan
2018-04-11 00:00:00+00:00,-1.2477857,1.6999999,0.2890595,Saskatchewan
2018-04-12 00:00:00+00:00,-2.331119,1.0428572,0.29274997,Saskatchewan
2018-04-13 00:00:00+00:00,-4.8093934,0.042857144,0.29590473,Saskatchewan
2018-04-14 00:00:00+00:00,-2.3040357,0.057142857,0.29719046,Saskatchewan
2018-04-15 00:00:00+00:00,0.38822624,0.15714286,0.29972023,Saskatchewan
2018-04-16 00:00:00+00:00,0.44953585,0.6571428,0.30329165,Saskatchewan
2018-04-17 00:00:00+00:00,1.3272142,2.6714287,0.3049762,Saskatchewan
2018-04-18 00:00:00+00:00,2.1218572,1.4285715,0.3067381,Saskatchewan
2018-04-19 00:00:00+00:00,2.772155,0.0,0.31191072,Saskatchewan
2018-04-20 00:00:00+00:00,5.899833,0.0,0.32226783,Saskatchewan
2018-04-21 00:00:00+00:00,8.57781,0.61428577,0.33419642,Saskatchewan
2018-04-22 00:00:00+00:00,8.807571,0.7714286,0.3443155,Saskatchewan
2018-04-23 00:00:00+00:00,5.468583,0.0,0.34125596,Saskatchewan
2018-04-24 00:00:00+00:00,6.3617387,0.0,0.33570835,Saskatchewan
2018-04-25 00:00:00+00:00,9.885251,0.12857142,0.32514882,Saskatchewan
2018-04-26 00:00:00+00:00,8.414119,0.0,0.31683928,Saskatchewan
2018-04-27 00:00:00+00:00,8.341798,0.0,0.3066488,Saskatchewan
2018-04-28 00:00:00+00:00,10.184655,0.0,0.29698807,Saskatchewan
2018-04-29 00:00:00+00:00,14.2144165,0.42857143,0.28117856,Saskatchewan
2018-04-30 00:00:00+00:00,6.775429,2.6714287,0.27389288,Saskatchewan
2018-05-01 00:00:00+00:00,5.5423927,0.12857144,0.2746012,Saskatchewan
2018-05-02 00:00:00+00:00,7.764714,1.0142858,0.27213097,Saskatchewan
2018-05-03 00:00:00+00:00,11.367988,0.114285715,0.26779762,Saskatchewan
2018-05-04 00:00:00+00:00,12.717987,0.057142857,0.26014882,Saskatchewan
2018-05-05 00:00:00+00:00,13.742095,0.071428575,0.24942859,Saskatchewan
2018-05-06 00:00:00+00:00,14.651619,0.0,0.24032143,Saskatchewan
2018-05-07 00:00:00+00:00,17.545666,0.78571427,0.22926785,Saskatchewan
2018-05-08 00:00:00+00:00,14.439118,1.4714286,0.22070834,Saskatchewan
2018-05-09 00:00:00+00:00,11.14775,0.3,0.21834525,Saskatchewan
2018-05-10 00:00:00+00:00,6.284654,2.1857142,0.2205,Saskatchewan
2018-05-11 00:00:00+00:00,6.9176908,0.21428572,0.22363688,Saskatchewan
2018-05-12 00:00:00+00:00,8.993286,0.0,0.22369644,Saskatchewan
2018-05-13 00:00:00+00:00,14.3257265,0.0,0.22118452,Saskatchewan
2018-05-14 00:00:00+00:00,14.859358,0.0,0.21363094,Saskatchewan
2018-05-15 00:00:00+00:00,19.01888,0.10000001,0.20894048,Saskatchewan
2018-05-16 00:00:00+00:00,17.390608,0.14285715,0.19861904,Saskatchewan
2018-05-17 00:00:00+00:00,12.5334635,3.9571433,0.19405952,Saskatchewan
2018-05-18 00:00:00+00:00,9.444179,1.3571428,0.19827381,Saskatchewan
2018-05-19 00:00:00+00:00,11.589714,0.0,0.19875595,Saskatchewan
2018-05-20 00:00:00+00:00,14.003107,0.0,0.19773214,Saskatchewan
2018-05-21 00:00:00+00:00,17.27781,0.08571429,0.19273809,Saskatchewan
2018-05-22 00:00:00+00:00,18.988224,0.61428577,0.18366668,Saskatchewan
2018-05-23 00:00:00+00:00,19.151022,0.12857142,0.18035118,Saskatchewan
2018-05-24 00:00:00+00:00,19.218287,2.7285714,0.1799524,Saskatchewan
2018-05-25 00:00:00+00:00,19.17632,0.44285712,0.182375,Saskatchewan
2018-05-26 00:00:00+00:00,19.688524,0.2857143,0.1811131,Saskatchewan
2018-05-27 00:00:00+00:00,19.301321,0.6285714,0.18030953,Saskatchewan
2018-05-28 00:00:00+00:00,19.468882,0.0,0.18103571,Saskatchewan
2018-05-29 00:00:00+00:00,20.595964,1.2714287,0.17789288,Saskatchewan
2018-05-30 00:00:00+00:00,17.699535,5.157143,0.18153572,Saskatchewan
2018-05-31 00:00:00+00:00,13.851618,5.8285713,0.19153571,Saskatchewan
2018-06-01 00:00:00+00:00,11.73406,11.914286,0.20398213,Saskatchewan
2018-06-02 00:00:00+00:00,10.250131,21.1,0.2955357,Saskatchewan
2018-06-03 00:00:00+00:00,13.4194765,0.014285714,0.32849404,Saskatchewan
2018-06-04 00:00:00+00:00,16.703701,0.44285712,0.31502977,Saskatchewan
2018-06-05 00:00:00+00:00,16.987036,1.7285713,0.30961308,Saskatchewan
2018-06-06 00:00:00+00:00,15.365012,0.057142857,0.3063631,Saskatchewan
2018-06-07 00:00:00+00:00,18.542692,0.6285714,0.2912381,Saskatchewan
2018-06-08 00:00:00+00:00,18.434357,12.17143,0.2872381,Saskatchewan
2018-06-09 00:00:00+00:00,19.292988,0.071428575,0.30014881,Saskatchewan
2018-06-10 00:00:00+00:00,20.807272,4.542857,0.29460713,Saskatchewan
2018-06-11 00:00:00+00:00,14.809655,4.6142855,0.29364285,Saskatchewan
2018-06-12 00:00:00+00:00,14.279594,0.34285715,0.28781548,Saskatchewan
2018-06-13 00:00:00+00:00,15.865905,0.028571429,0.2785774,Saskatchewan
2018-06-14 00:00:00+00:00,17.829594,2.9428575,0.26517263,Saskatchewan
2018-06-15 00:00:00+00:00,15.423643,3.2999997,0.26076788,Saskatchewan
2018-06-16 00:00:00+00:00,15.515309,0.34285715,0.25713095,Saskatchewan
2018-06-17 00:00:00+00:00,16.253702,0.071428575,0.25308928,Saskatchewan
2018-06-18 00:00:00+00:00,17.899534,0.0,0.2455357,Saskatchewan
2018-06-19 00:00:00+00:00,18.830189,0.014285714,0.23827977,Saskatchewan
2018-06-20 00:00:00+00:00,19.833166,0.0,0.23133929,Saskatchewan
2018-06-21 00:00:00+00:00,21.16293,0.0,0.22283335,Saskatchewan
2018-06-22 00:00:00+00:00,21.43168,1.0571429,0.2167738,Saskatchewan
2018-06-23 00:00:00+00:00,19.858763,8.514285,0.21230355,Saskatchewan
2018-06-24 00:00:00+00:00,19.39001,4.2571425,0.21666668,Saskatchewan
2018-06-25 00:00:00+00:00,21.334356,0.67142856,0.22154762,Saskatchewan
2018-06-26 00:00:00+00:00,21.187033,1.0428572,0.2218631,Saskatchewan
2018-06-27 00:00:00+00:00,17.720667,0.042857144,0.22380951,Saskatchewan
2018-06-28 00:00:00+00:00,18.345964,0.014285714,0.22181548,Saskatchewan
2018-06-29 00:00:00+00:00,18.060547,5.6714287,0.21905358,Saskatchewan
2018-06-30 00:00:00+00:00,16.976322,2.7142856,0.22195832,Saskatchewan
2018-07-01 00:00:00+00:00,16.692095,3.9285712,0.22217262,Saskatchewan
2018-07-02 00:00:00+00:00,15.674833,2.8285718,0.22675593,Saskatchewan
2018-07-03 00:00:00+00:00,15.540906,2.2,0.2278869,Saskatchewan
2018-07-04 00:00:00+00:00,15.395666,11.571427,0.24119642,Saskatchewan
2018-07-05 00:00:00+00:00,16.224833,0.028571429,0.25998217,Saskatchewan
2018-07-06 00:00:00+00:00,21.723047,0.0,0.25494644,Saskatchewan
2018-07-07 00:00:00+00:00,25.544476,0.028571429,0.24672022,Saskatchewan
2018-07-08 00:00:00+00:00,19.674238,0.028571429,0.24122618,Saskatchewan
2018-07-09 00:00:00+00:00,19.400726,0.35714287,0.23760119,Saskatchewan
2018-07-10 00:00:00+00:00,21.650427,6.6,0.23188098,Saskatchewan
2018-07-11 00:00:00+00:00,20.584951,11.099999,0.24970238,Saskatchewan
2018-07-12 00:00:00+00:00,20.754,0.057142857,0.26178572,Saskatchewan
2018-07-13 00:00:00+00:00,21.653406,0.071428575,0.2545,Saskatchewan
2018-07-14 00:00:00+00:00,21.575726,0.7714286,0.24636309,Saskatchewan
2018-07-15 00:00:00+00:00,16.736143,0.0,0.24499403,Saskatchewan
2018-07-16 00:00:00+00:00,16.938524,0.0,0.23760118,Saskatchewan
2018-07-17 00:00:00+00:00,20.177511,0.0,0.23014286,Saskatchewan
2018-07-18 00:00:00+00:00,23.786144,0.64285713,0.21976785,Saskatchewan
2018-07-19 00:00:00+00:00,21.131382,2.142857,0.21482143,Saskatchewan
2018-07-20 00:00:00+00:00,20.694773,0.15714286,0.21013096,Saskatchewan
2018-07-21 00:00:00+00:00,20.498642,1.4285715,0.2097262,Saskatchewan
2018-07-22 00:00:00+00:00,18.976915,4.3142858,0.21708332,Saskatchewan
2018-07-23 00:00:00+00:00,16.88138,0.10000001,0.2254524,Saskatchewan
2018-07-24 00:00:00+00:00,16.480785,0.2857143,0.22666666,Saskatchewan
2018-07-25 00:00:00+00:00,15.037332,1.5571429,0.22837499,Saskatchewan
2018-07-26 00:00:00+00:00,15.409655,0.15714286,0.22744048,Saskatchewan
2018-07-27 00:00:00+00:00,16.74775,0.15714286,0.22388689,Saskatchewan
2018-07-28 00:00:00+00:00,17.888523,0.071428575,0.22020237,Saskatchewan
2018-07-29 00:00:00+00:00,19.477215,0.014285714,0.21429762,Saskatchewan
2018-07-30 00:00:00+00:00,21.233168,0.1,0.2057857,Saskatchewan
2018-07-31 00:00:00+00:00,19.80787,0.2857143,0.19786903,Saskatchewan
2018-08-01 00:00:00+00:00,17.456976,0.071428575,0.2014762,Saskatchewan
2018-08-02 00:00:00+00:00,20.461142,3.6714284,0.201875,Saskatchewan
2018-08-03 00:00:00+00:00,21.699236,0.85714287,0.19904168,Saskatchewan
2018-08-04 00:00:00+00:00,19.243582,2.1714284,0.1968988,Saskatchewan
2018-08-05 00:00:00+00:00,17.842096,2.0571427,0.19814882,Saskatchewan
2018-08-06 00:00:00+00:00,18.026321,0.21428572,0.19791071,Saskatchewan
2018-08-07 00:00:00+00:00,21.548048,0.0,0.19529165,Saskatchewan
2018-08-08 00:00:00+00:00,21.895071,0.08571429,0.19135118,Saskatchewan
2018-08-09 00:00:00+00:00,22.88138,0.0,0.1905893,Saskatchewan
2018-08-10 00:00:00+00:00,24.997751,0.0,0.19070832,Saskatchewan
2018-08-11 00:00:00+00:00,26.920666,0.0,0.18914285,Saskatchewan
2018-08-12 00:00:00+00:00,23.81918,2.1000001,0.1903393,Saskatchewan
2018-08-13 00:00:00+00:00,17.20638,0.27142856,0.19775596,Saskatchewan
2018-08-14 00:00:00+00:00,15.267096,0.014285714,0.20345238,Saskatchewan
2018-08-15 00:00:00+00:00,21.266203,0.0,0.20071428,Saskatchewan
2018-08-16 00:00:00+00:00,21.520966,0.028571429,0.20372617,Saskatchewan
2018-08-17 00:00:00+00:00,22.53912,0.028571429,0.20654762,Saskatchewan
2018-08-18 00:00:00+00:00,22.405191,0.35714287,0.20281549,Saskatchewan
2018-08-19 00:00:00+00:00,16.368584,0.0,0.20208335,Saskatchewan
2018-08-20 00:00:00+00:00,15.190011,0.0,0.20017858,Saskatchewan
2018-08-21 00:00:00+00:00,15.948346,0.0,0.19784524,Saskatchewan
2018-08-22 00:00:00+00:00,18.730787,0.0,0.1955,Saskatchewan
2018-08-23 00:00:00+00:00,20.342392,0.0,0.18772025,Saskatchewan
2018-08-24 00:00:00+00:00,18.901321,0.20000002,0.18866667,Saskatchewan
2018-08-25 00:00:00+00:00,14.2560835,0.057142857,0.19477381,Saskatchewan
2018-08-26 00:00:00+00:00,13.240011,2.0428572,0.19782142,Saskatchewan
2018-08-27 00:00:00+00:00,12.548643,3.642857,0.19971427,Saskatchewan
2018-08-28 00:00:00+00:00,11.344178,1.6428572,0.20504764,Saskatchewan
2018-08-29 00:00:00+00:00,14.046263,0.014285714,0.20736906,Saskatchewan
2018-08-30 00:00:00+00:00,18.121561,0.27142859,0.20133929,Saskatchewan
2018-08-31 00:00:00+00:00,14.803701,0.5,0.1977619,Saskatchewan
2018-09-01 00:00:00+00:00,14.668286,0.40000004,0.19844644,Saskatchewan
2018-09-02 00:00:00+00:00,12.666499,0.028571429,0.1986369,Saskatchewan
2018-09-03 00:00:00+00:00,15.061143,0.21428573,0.19591665,Saskatchewan
2018-09-04 00:00:00+00:00,11.924536,0.08571429,0.19289283,Saskatchewan
2018-09-05 00:00:00+00:00,10.510249,0.0,0.19382145,Saskatchewan
2018-09-06 00:00:00+00:00,14.025428,0.0,0.18970834,Saskatchewan
2018-09-07 00:00:00+00:00,15.847452,0.014285714,0.18201192,Saskatchewan
2018-09-08 00:00:00+00:00,18.812332,0.24285714,0.178625,Saskatchewan
2018-09-09 00:00:00+00:00,16.394476,0.2857143,0.18175595,Saskatchewan
2018-09-10 00:00:00+00:00,13.583465,0.114285715,0.18349998,Saskatchewan
2018-09-11 00:00:00+00:00,14.063523,1.4142857,0.18332145,Saskatchewan
2018-09-12 00:00:00+00:00,11.280488,2.8999999,0.18707144,Saskatchewan
2018-09-13 00:00:00+00:00,10.128106,0.4714286,0.18975599,Saskatchewan
2018-09-14 00:00:00+00:00,7.7897143,1.9428571,0.19205952,Saskatchewan
2018-09-15 00:00:00+00:00,8.506679,2.7571428,0.19608334,Saskatchewan
2018-09-16 00:00:00+00:00,9.661142,12.028572,0.20379166,Saskatchewan
2018-09-17 00:00:00+00:00,7.8209643,2.528571,0.22151788,Saskatchewan
2018-09-18 00:00:00+00:00,7.2334642,0.1,0.23266669,Saskatchewan
2018-09-19 00:00:00+00:00,7.2873335,0.24285714,0.23817264,Saskatchewan
2018-09-20 00:00:00+00:00,7.3965597,2.7714288,0.2392381,Saskatchewan
2018-09-21 00:00:00+00:00,5.6474524,1.8999999,0.24705358,Saskatchewan
2018-09-22 00:00:00+00:00,2.6060834,10.814285,0.25470236,Saskatchewan
2018-09-23 00:00:00+00:00,2.163524,2.5,0.2637678,Saskatchewan
2018-09-24 00:00:00+00:00,4.439119,1.4714286,0.27571428,Saskatchewan
2018-09-25 00:00:00+00:00,5.944774,1.2,0.2807857,Saskatchewan
2018-09-26 00:00:00+00:00,7.916797,0.5857143,0.2812262,Saskatchewan
2018-09-27 00:00:00+00:00,5.990012,0.7428571,0.2810476,Saskatchewan
2018-09-28 00:00:00+00:00,1.5566787,0.15714286,0.28175,Saskatchewan
2018-09-29 00:00:00+00:00,2.2176902,0.22857143,0.28167853,Saskatchewan
2018-09-30 00:00:00+00:00,-0.8751666,0.114285715,0.28131545,Saskatchewan
2018-10-01 00:00:00+00:00,1.3566786,2.3285716,0.28007147,Saskatchewan
2018-10-02 00:00:00+00:00,1.4167975,6.4857144,0.28123215,Saskatchewan
2018-10-03 00:00:00+00:00,-0.34451193,5.228572,0.28227973,Saskatchewan
2018-10-04 00:00:00+00:00,-1.5674286,0.0,0.28396425,Saskatchewan
2018-10-05 00:00:00+00:00,0.64447623,3.3999999,0.2841845,Saskatchewan
2018-10-06 00:00:00+00:00,1.473643,0.0,0.2845417,Saskatchewan
2018-10-07 00:00:00+00:00,2.4792976,0.0,0.28322026,Saskatchewan
2018-10-08 00:00:00+00:00,1.1617382,0.41428572,0.28339285,Saskatchewan
2018-10-09 00:00:00+00:00,-0.55790484,0.29999998,0.28342265,Saskatchewan
2018-10-10 00:00:00+00:00,-1.9962976,0.014285714,0.2840119,Saskatchewan
2018-10-11 00:00:00+00:00,-1.8236787,0.0,0.28499404,Saskatchewan
2018-10-12 00:00:00+00:00,0.37275004,1.6999999,0.2858869,Saskatchewan
2018-10-13 00:00:00+00:00,-0.8269524,3.3714287,0.28809524,Saskatchewan
2018-10-14 00:00:00+00:00,-2.540345,0.32857147,0.29095238,Saskatchewan
2018-10-15 00:00:00+00:00,2.6840596,0.21428572,0.29092264,Saskatchewan
2018-10-16 00:00:00+00:00,4.2349524,0.0,0.2900774,Saskatchewan
2018-10-17 00:00:00+00:00,4.1778097,0.0,0.28638095,Saskatchewan
2018-10-18 00:00:00+00:00,8.676321,0.0,0.28321427,Saskatchewan
2018-10-19 00:00:00+00:00,7.382274,0.15714286,0.27684522,Saskatchewan
2018-10-20 00:00:00+00:00,1.4057859,0.014285714,0.27525002,Saskatchewan
2018-10-21 00:00:00+00:00,4.8974524,0.0,0.27332738,Saskatchewan
2018-10-22 00:00:00+00:00,2.7727501,0.0,0.26950595,Saskatchewan
2018-10-23 00:00:00+00:00,2.0409048,0.0,0.26694044,Saskatchewan
2018-10-24 00:00:00+00:00,4.8450713,0.0,0.26528573,Saskatchewan
2018-10-25 00:00:00+00:00,5.23644,0.12857144,0.26227975,Saskatchewan
2018-10-26 00:00:00+00:00,4.8099523,0.42857143,0.25863096,Saskatchewan
2018-10-27 00:00:00+00:00,4.159357,1.2857143,0.2576369,Saskatchewan
2018-10-28 00:00:00+00:00,2.9641192,0.1,0.2593333,Saskatchewan
2018-10-29 00:00:00+00:00,5.4251313,1.0,0.26070836,Saskatchewan
2018-10-30 00:00:00+00:00,2.825131,0.35714287,0.26439878,Saskatchewan
2018-10-31 00:00:00+00:00,1.3075714,0.057142857,0.26674998,Saskatchewan
2018-11-01 00:00:00+00:00,1.607869,1.4857143,0.2672917,Saskatchewan
2018-11-02 00:00:00+00:00,-0.6653452,3.514286,0.26949403,Saskatchewan
2018-11-03 00:00:00+00:00,-1.0939169,1.3571427,0.2708452,Saskatchewan
2018-11-04 00:00:00+00:00,1.6084644,0.5285714,0.27238688,Saskatchewan
2018-11-05 00:00:00+00:00,-0.65820235,4.7285714,0.2746845,Saskatchewan
2018-11-06 00:00:00+00:00,-7.6165357,3.1857142,0.28029165,Saskatchewan
2018-11-07 00:00:00+00:00,-9.481119,0.071428575,0.27926192,Saskatchewan
2018-11-08 00:00:00+00:00,-10.915048,0.12857144,0.2772917,Saskatchewan
2018-11-09 00:00:00+00:00,-12.987966,0.21428572,0.27639285,Saskatchewan
2018-11-10 00:00:00+00:00,-6.019214,3.5857139,0.27533922,Saskatchewan
2018-11-11 00:00:00+00:00,-7.853738,0.22857144,0.27522615,Saskatchewan
2018-11-12 00:00:00+00:00,-11.422191,0.0,0.2709643,Saskatchewan
2018-11-13 00:00:00+00:00,-5.5073094,0.17142858,0.2695655,Saskatchewan
2018-11-14 00:00:00+00:00,0.096857294,0.028571429,0.26875594,Saskatchewan
2018-11-15 00:00:00+00:00,-0.15820244,0.95714283,0.26814285,Saskatchewan
2018-11-16 00:00:00+00:00,-6.9087977,2.7285717,0.26805955,Saskatchewan
2018-11-17 00:00:00+00:00,-13.281714,0.0,0.2663988,Saskatchewan
2018-11-18 00:00:00+00:00,-7.837667,0.8285714,0.26520237,Saskatchewan
2018-11-19 00:00:00+00:00,-9.674868,0.2857143,0.2644226,Saskatchewan
2018-11-20 00:00:00+00:00,-2.0870714,0.6285714,0.26372623,Saskatchewan
2018-11-21 00:00:00+00:00,-3.9564166,0.057142857,0.26336905,Saskatchewan
2018-11-22 00:00:00+00:00,0.18941684,0.0,0.2649167,Saskatchewan
2018-11-23 00:00:00+00:00,-0.8156429,0.12857142,0.2648393,Saskatchewan
2018-11-24 00:00:00+00:00,-4.6400476,0.49999997,0.26514882,Saskatchewan
2018-11-25 00:00:00+00:00,-8.345107,0.057142857,0.26472023,Saskatchewan
2018-11-26 00:00:00+00:00,-9.830226,0.0,0.26361904,Saskatchewan
2018-11-27 00:00:00+00:00,-6.432011,2.1142857,0.26261905,Saskatchewan
2018-11-28 00:00:00+00:00,-4.3537383,2.985714,0.26220834,Saskatchewan
2018-11-29 00:00:00+00:00,-4.3346906,0.057142857,0.26221427,Saskatchewan
2018-11-30 00:00:00+00:00,-3.9111786,0.071428575,0.2627917,Saskatchewan
2018-12-01 00:00:00+00:00,-3.5832026,1.8714285,0.2639226,Saskatchewan
2018-12-02 00:00:00+00:00,-5.2043333,1.1857144,0.2643869,Saskatchewan
2018-12-03 00:00:00+00:00,-6.415345,0.0,0.26375,Saskatchewan
2018-12-04 00:00:00+00:00,-7.033202,0.34285715,0.2663095,Saskatchewan
2018-12-05 00:00:00+00:00,-9.176061,1.257143,0.2670714,Saskatchewan
2018-12-06 00:00:00+00:00,-15.85344,0.014285714,0.2655,Saskatchewan
2018-12-07 00:00:00+00:00,-14.101953,0.0,0.26495236,Saskatchewan
2018-12-08 00:00:00+00:00,-12.045404,0.0,0.2642381,Saskatchewan
2018-12-09 00:00:00+00:00,-10.340345,0.0,0.26347023,Saskatchewan
2018-12-10 00:00:00+00:00,-7.7349877,0.0,0.26265478,Saskatchewan
2018-12-11 00:00:00+00:00,-3.3114762,0.014285714,0.2621488,Saskatchewan
2018-12-12 00:00:00+00:00,-1.1796311,0.114285715,0.26197025,Saskatchewan
2018-12-13 00:00:00+00:00,-2.3192143,0.014285714,0.26175,Saskatchewan
2018-12-14 00:00:00+00:00,-1.2210001,0.0,0.26163095,Saskatchewan
2018-12-15 00:00:00+00:00,1.6162022,0.028571429,0.26162502,Saskatchewan
2018-12-16 00:00:00+00:00,-4.9093924,0.0,0.2623631,Saskatchewan
2018-12-17 00:00:00+00:00,-3.838262,0.0,0.26241073,Saskatchewan
2018-12-18 00:00:00+00:00,-0.1715953,0.10000001,0.26267263,Saskatchewan
2018-12-19 00:00:00+00:00,-0.19808337,1.1142857,0.26395836,Saskatchewan
2018-12-20 00:00:00+00:00,-4.2769523,0.0,0.265631,Saskatchewan
2018-12-21 00:00:00+00:00,-0.48707145,1.0714285,0.26630953,Saskatchewan
2018-12-22 00:00:00+00:00,-4.614155,0.7571429,0.2671012,Saskatchewan
2018-12-23 00:00:00+00:00,-8.9242735,0.14285715,0.2678512,Saskatchewan
2018-12-24 00:00:00+00:00,-9.147191,0.9285715,0.26798216,Saskatchewan
2018-12-25 00:00:00+00:00,-13.076358,0.08571429,0.2660774,Saskatchewan
2018-12-26 00:00:00+00:00,-10.029036,0.20000002,0.26635715,Saskatchewan
2018-12-27 00:00:00+00:00,-11.630524,0.3,0.26579762,Saskatchewan
2018-12-28 00:00:00+00:00,-15.682608,0.0,0.26452973,Saskatchewan
2018-12-29 00:00:00+00:00,-7.8385596,0.61428577,0.26399997,Saskatchewan
2018-12-30 00:00:00+00:00,-9.852548,1.742857,0.26355353,Saskatchewan
2018-12-31 00:00:00+00:00,-20.9585,0.22857144,0.26264876,Saskatchewan
2019-01-01 00:00:00+00:00,-17.645405,0.45714286,0.26161307,Saskatchewan
2019-01-02 00:00:00+00:00,-3.3582025,0.87142855,0.26114288,Saskatchewan
2019-01-03 00:00:00+00:00,1.0569762,0.0,0.26133332,Saskatchewan
2019-01-04 00:00:00+00:00,-2.1355834,0.44285712,0.26181546,Saskatchewan
2019-01-05 00:00:00+00:00,-5.3150473,0.34285712,0.2618988,Saskatchewan
2019-01-06 00:00:00+00:00,-4.666238,0.9285714,0.26186308,Saskatchewan
2019-01-07 00:00:00+00:00,-3.798381,1.2714287,0.26171428,Saskatchewan
2019-01-08 00:00:00+00:00,-13.403739,0.114285715,0.26136902,Saskatchewan
2019-01-09 00:00:00+00:00,-15.643321,0.42857143,0.2606428,Saskatchewan
2019-01-10 00:00:00+00:00,-10.556714,0.6857143,0.26010117,Saskatchewan
2019-01-11 00:00:00+00:00,-12.876656,0.0,0.26014283,Saskatchewan
2019-01-12 00:00:00+00:00,-10.002846,0.0,0.25971428,Saskatchewan
2019-01-13 00:00:00+00:00,-7.1448092,0.014285714,0.2595714,Saskatchewan
2019-01-14 00:00:00+00:00,-5.9037375,0.22857143,0.2592143,Saskatchewan
2019-01-15 00:00:00+00:00,-6.9951067,0.0,0.25861308,Saskatchewan
2019-01-16 00:00:00+00:00,-15.485583,0.057142857,0.25773215,Saskatchewan
2019-01-17 00:00:00+00:00,-16.450762,0.37142858,0.25732145,Saskatchewan
2019-01-18 00:00:00+00:00,-20.592428,0.35714278,0.25678575,Saskatchewan
2019-01-19 00:00:00+00:00,-19.537964,0.67142856,0.2561905,Saskatchewan
2019-01-20 00:00:00+00:00,-17.48499,2.2285712,0.2558572,Saskatchewan
2019-01-21 00:00:00+00:00,-12.950762,0.0,0.25585717,Saskatchewan
2019-01-22 00:00:00+00:00,-9.082011,0.0,0.25614288,Saskatchewan
2019-01-23 00:00:00+00:00,-8.634988,0.21428572,0.256,Saskatchewan
2019-01-24 00:00:00+00:00,-20.01624,0.1,0.25542858,Saskatchewan
2019-01-25 00:00:00+00:00,-14.9516535,0.34285715,0.25585714,Saskatchewan
2019-01-26 00:00:00+00:00,-10.462667,0.7,0.2554405,Saskatchewan
2019-01-27 00:00:00+00:00,-5.66594,5.328572,0.25576192,Saskatchewan
2019-01-28 00:00:00+00:00,-11.865941,0.6,0.25695837,Saskatchewan
2019-01-29 00:00:00+00:00,-23.08707,0.057142857,0.25707144,Saskatchewan
2019-01-30 00:00:00+00:00,-23.809393,0.4,0.25607142,Saskatchewan
2019-01-31 00:00:00+00:00,-14.328737,0.7571429,0.25603572,Saskatchewan
2019-02-01 00:00:00+00:00,-9.529036,1.2857143,0.256375,Saskatchewan
2019-02-02 00:00:00+00:00,-16.33975,3.0428574,0.256131,Saskatchewan
2019-02-03 00:00:00+00:00,-24.395405,1.8428572,0.25600004,Saskatchewan
2019-02-04 00:00:00+00:00,-25.204632,1.9571428,0.25592858,Saskatchewan
2019-02-05 00:00:00+00:00,-24.365643,1.257143,0.25571433,Saskatchewan
2019-02-06 00:00:00+00:00,-26.690643,0.5857143,0.2552857,Saskatchewan
2019-02-07 00:00:00+00:00,-27.773975,0.014285714,0.25507143,Saskatchewan
2019-02-08 00:00:00+00:00,-29.23409,0.14285716,0.2545655,Saskatchewan
2019-02-09 00:00:00+00:00,-26.93112,0.21428575,0.25414282,Saskatchewan
2019-02-10 00:00:00+00:00,-26.123087,0.38571432,0.25428572,Saskatchewan
2019-02-11 00:00:00+00:00,-21.830523,1.3714286,0.25421426,Saskatchewan
2019-02-12 00:00:00+00:00,-23.426357,0.9571429,0.2542143,Saskatchewan
2019-02-13 00:00:00+00:00,-22.109987,1.6428572,0.25442857,Saskatchewan
2019-02-14 00:00:00+00:00,-25.689453,0.057142857,0.25435713,Saskatchewan
2019-02-15 00:00:00+00:00,-25.478144,0.5714286,0.25550002,Saskatchewan
2019-02-16 00:00:00+00:00,-18.349276,1.3999999,0.25471425,Saskatchewan
2019-02-17 00:00:00+00:00,-18.834095,0.7428571,0.25471425,Saskatchewan
2019-02-18 00:00:00+00:00,-21.610582,0.1,0.25442854,Saskatchewan
2019-02-19 00:00:00+00:00,-20.726954,0.0,0.25471425,Saskatchewan
2019-02-20 00:00:00+00:00,-17.440643,0.12857142,0.2545714,Saskatchewan
2019-02-21 00:00:00+00:00,-15.834097,0.37142858,0.2542857,Saskatchewan
2019-02-22 00:00:00+00:00,-18.698679,0.0,0.25357145,Saskatchewan
2019-02-23 00:00:00+00:00,-16.253143,0.5285715,0.25285715,Saskatchewan
2019-02-24 00:00:00+00:00,-22.131714,0.27142856,0.2525714,Saskatchewan
2019-02-25 00:00:00+00:00,-26.490644,0.0,0.25264284,Saskatchewan
2019-02-26 00:00:00+00:00,-22.82606,0.27142859,0.25242856,Saskatchewan
2019-02-27 00:00:00+00:00,-16.706417,0.042857144,0.25199997,Saskatchewan
2019-02-28 00:00:00+00:00,-11.677251,0.071428575,0.25192854,Saskatchewan
2019-03-01 00:00:00+00:00,-17.722486,0.7714285,0.25149998,Saskatchewan
2019-03-02 00:00:00+00:00,-25.313856,0.057142857,0.25207144,Saskatchewan
2019-03-03 00:00:00+00:00,-22.566238,0.0,0.25207144,Saskatchewan
2019-03-04 00:00:00+00:00,-17.224571,0.25714287,0.25207144,Saskatchewan
2019-03-05 00:00:00+00:00,-14.170999,0.0,0.25193456,Saskatchewan
2019-03-06 00:00:00+00:00,-17.161774,0.0,0.25178573,Saskatchewan
2019-03-07 00:00:00+00:00,-17.474573,0.0,0.252,Saskatchewan
2019-03-08 00:00:00+00:00,-9.721298,0.08571429,0.2522857,Saskatchewan
2019-03-09 00:00:00+00:00,-9.451059,0.071428575,0.2522857,Saskatchewan
2019-03-10 00:00:00+00:00,-13.029928,0.028571429,0.2520714,Saskatchewan
2019-03-11 00:00:00+00:00,-9.83975,0.0,0.25142857,Saskatchewan
2019-03-12 00:00:00+00:00,-1.424869,0.028571429,0.25151786,Saskatchewan
2019-03-13 00:00:00+00:00,-1.0370715,0.20000002,0.25229165,Saskatchewan
2019-03-14 00:00:00+00:00,-3.5891545,0.0,0.2535476,Saskatchewan
2019-03-15 00:00:00+00:00,-5.521893,0.014285714,0.25440475,Saskatchewan
2019-03-16 00:00:00+00:00,-3.8641548,0.0,0.25560716,Saskatchewan
2019-03-17 00:00:00+00:00,-2.621893,0.0,0.25767857,Saskatchewan
2019-03-18 00:00:00+00:00,0.18763094,0.014285714,0.26126784,Saskatchewan
2019-03-19 00:00:00+00:00,1.5096548,0.0,0.2672738,Saskatchewan
2019-03-20 00:00:00+00:00,3.4950714,0.0,0.2771607,Saskatchewan
2019-03-21 00:00:00+00:00,3.8486428,0.0,0.29336905,Saskatchewan
2019-03-22 00:00:00+00:00,3.1105475,0.0,0.3075357,Saskatchewan
2019-03-23 00:00:00+00:00,3.7638214,0.0,0.31682736,Saskatchewan
2019-03-24 00:00:00+00:00,-0.793619,0.3285714,0.32315472,Saskatchewan
2019-03-25 00:00:00+00:00,-2.7876668,0.14285715,0.32281548,Saskatchewan
2019-03-26 00:00:00+00:00,4.1385236,0.028571429,0.32355356,Saskatchewan
2019-03-27 00:00:00+00:00,3.7920952,1.5285714,0.32743454,Saskatchewan
2019-03-28 00:00:00+00:00,-0.35016662,0.0,0.3307976,Saskatchewan
2019-03-29 00:00:00+00:00,0.38971427,0.14285715,0.33187503,Saskatchewan
2019-03-30 00:00:00+00:00,-0.6394525,0.21428573,0.33142263,Saskatchewan
2019-03-31 00:00:00+00:00,0.34209517,0.0,0.32990474,Saskatchewan
2019-04-01 00:00:00+00:00,0.7495357,0.31428573,0.3277619,Saskatchewan
2019-04-02 00:00:00+00:00,0.026619127,0.61428577,0.32780358,Saskatchewan
2019-04-03 00:00:00+00:00,-1.0061191,0.0,0.32735714,Saskatchewan
2019-04-04 00:00:00+00:00,5.1632266,1.1285714,0.32620835,Saskatchewan
2019-04-05 00:00:00+00:00,2.5045953,0.0,0.32619047,Saskatchewan
2019-04-06 00:00:00+00:00,2.5415,5.2428575,0.32897022,Saskatchewan
2019-04-07 00:00:00+00:00,5.56025,0.1,0.33750004,Saskatchewan
2019-04-08 00:00:00+00:00,5.5162024,0.61428577,0.339631,Saskatchewan
2019-04-09 00:00:00+00:00,2.5733452,0.0,0.3382381,Saskatchewan
2019-04-10 00:00:00+00:00,0.09358331,0.0,0.33705953,Saskatchewan
2019-04-11 00:00:00+00:00,0.052809577,0.0,0.3353274,Saskatchewan
2019-04-12 00:00:00+00:00,0.72275007,0.0,0.33326194,Saskatchewan
2019-04-13 00:00:00+00:00,2.9754283,0.028571429,0.33099407,Saskatchewan
2019-04-14 00:00:00+00:00,5.4596553,1.6142857,0.32726786,Saskatchewan
2019-04-15 00:00:00+00:00,5.2498336,0.4714286,0.3265714,Saskatchewan
2019-04-16 00:00:00+00:00,4.539714,0.12857142,0.32747027,Saskatchewan
2019-04-17 00:00:00+00:00,5.534655,3.5428574,0.32600594,Saskatchewan
2019-04-18 00:00:00+00:00,6.0715594,0.85714287,0.3306964,Saskatchewan
2019-04-19 00:00:00+00:00,10.3569765,0.071428575,0.32975596,Saskatchewan
2019-04-20 00:00:00+00:00,10.273643,0.32857147,0.32380953,Saskatchewan
2019-04-21 00:00:00+00:00,7.7825713,0.114285715,0.31771427,Saskatchewan
2019-04-22 00:00:00+00:00,7.975131,0.0,0.31169048,Saskatchewan
2019-04-23 00:00:00+00:00,13.000429,0.028571429,0.30191666,Saskatchewan
2019-04-24 00:00:00+00:00,10.055786,0.22857143,0.2915357,Saskatchewan
2019-04-25 00:00:00+00:00,6.1879287,0.78571427,0.28558335,Saskatchewan
2019-04-26 00:00:00+00:00,4.1623335,1.4857142,0.28447026,Saskatchewan
2019-04-27 00:00:00+00:00,4.120667,1.5428572,0.28232738,Saskatchewan
2019-04-28 00:00:00+00:00,0.96352375,9.914286,0.28900596,Saskatchewan
2019-04-29 00:00:00+00:00,-0.8936191,1.6714287,0.2926607,Saskatchewan
2019-04-30 00:00:00+00:00,0.47602385,0.3857143,0.29296428,Saskatchewan
2019-05-01 00:00:00+00:00,1.3307858,0.5857143,0.2929226,Saskatchewan
2019-05-02 00:00:00+00:00,5.0292974,1.8142856,0.29230952,Saskatchewan
2019-05-03 00:00:00+00:00,4.3733454,1.7857143,0.29066068,Saskatchewan
2019-05-04 00:00:00+00:00,3.1352503,1.3714285,0.2881845,Saskatchewan
2019-05-05 00:00:00+00:00,1.5510238,0.028571429,0.28849405,Saskatchewan
2019-05-06 00:00:00+00:00,2.4310834,0.0,0.28674403,Saskatchewan
2019-05-07 00:00:00+00:00,6.214417,0.44285712,0.28255355,Saskatchewan
2019-05-08 00:00:00+00:00,5.6037025,0.31428573,0.27511308,Saskatchewan
2019-05-09 00:00:00+00:00,5.611142,0.8,0.2689107,Saskatchewan
2019-05-10 00:00:00+00:00,8.02275,2.0857143,0.26275006,Saskatchewan
2019-05-11 00:00:00+00:00,8.198346,0.88571435,0.25955358,Saskatchewan
2019-05-12 00:00:00+00:00,10.0998335,0.057142857,0.25656548,Saskatchewan
2019-05-13 00:00:00+00:00,13.542392,0.7285714,0.24425001,Saskatchewan
2019-05-14 00:00:00+00:00,12.6519165,0.028571429,0.23364285,Saskatchewan
2019-05-15 00:00:00+00:00,13.75638,2.5571427,0.22679761,Saskatchewan
2019-05-16 00:00:00+00:00,7.877214,0.12857142,0.2273036,Saskatchewan
2019-05-17 00:00:00+00:00,8.136738,0.61428565,0.2257381,Saskatchewan
2019-05-18 00:00:00+00:00,7.4144163,0.25714287,0.22309525,Saskatchewan
2019-05-19 00:00:00+00:00,7.3810835,0.0,0.2204881,Saskatchewan
2019-05-20 00:00:00+00:00,9.592987,0.0,0.2192262,Saskatchewan
2019-05-21 00:00:00+00:00,11.508761,0.114285715,0.21533333,Saskatchewan
2019-05-22 00:00:00+00:00,13.490904,0.0,0.20964286,Saskatchewan
2019-05-23 00:00:00+00:00,13.955787,0.0,0.20325594,Saskatchewan
2019-05-24 00:00:00+00:00,14.306976,1.3571427,0.19650593,Saskatchewan
2019-05-25 00:00:00+00:00,11.593286,1.8000001,0.19448213,Saskatchewan
2019-05-26 00:00:00+00:00,9.090309,0.9857143,0.1967857,Saskatchewan
2019-05-27 00:00:00+00:00,10.610846,0.0,0.20063688,Saskatchewan
2019-05-28 00:00:00+00:00,14.916799,0.0,0.196625,Saskatchewan
2019-05-29 00:00:00+00:00,19.35787,0.0,0.18850596,Saskatchewan
2019-05-30 00:00:00+00:00,21.105785,0.0,0.1816726,Saskatchewan
2019-05-31 00:00:00+00:00,15.078405,0.0,0.18291667,Saskatchewan
2019-06-01 00:00:00+00:00,15.633464,0.071428575,0.18685713,Saskatchewan
2019-06-02 00:00:00+00:00,18.549238,0.12857144,0.184375,Saskatchewan
2019-06-03 00:00:00+00:00,22.69656,0.014285714,0.18104763,Saskatchewan
2019-06-04 00:00:00+00:00,19.745667,0.014285714,0.17745832,Saskatchewan
2019-06-05 00:00:00+00:00,18.252214,0.17142858,0.17884526,Saskatchewan
2019-06-06 00:00:00+00:00,18.878702,0.4857143,0.18064882,Saskatchewan
2019-06-07 00:00:00+00:00,19.331678,2.0142858,0.17933333,Saskatchewan
2019-06-08 00:00:00+00:00,12.005487,0.94285715,0.18400002,Saskatchewan
2019-06-09 00:00:00+00:00,11.3569765,0.4857143,0.1893393,Saskatchewan
2019-06-10 00:00:00+00:00,13.103404,0.10000001,0.18965475,Saskatchewan
2019-06-11 00:00:00+00:00,15.456678,0.55714285,0.18607739,Saskatchewan
2019-06-12 00:00:00+00:00,15.622452,0.5285714,0.1869762,Saskatchewan
2019-06-13 00:00:00+00:00,18.404001,0.3857143,0.18405952,Saskatchewan
2019-06-14 00:00:00+00:00,19.588522,4.3714285,0.17845833,Saskatchewan
2019-06-15 00:00:00+00:00,14.870071,13.099999,0.19046427,Saskatchewan
2019-06-16 00:00:00+00:00,12.026619,3.642857,0.21279763,Saskatchewan
2019-06-17 00:00:00+00:00,13.541799,0.071428575,0.21766667,Saskatchewan
2019-06-18 00:00:00+00:00,16.256083,0.45714286,0.21549405,Saskatchewan
2019-06-19 00:00:00+00:00,16.617392,5.6857142,0.21122621,Saskatchewan
2019-06-20 00:00:00+00:00,13.571559,13.3,0.2265,Saskatchewan
2019-06-21 00:00:00+00:00,12.407273,5.2000003,0.24872024,Saskatchewan
2019-06-22 00:00:00+00:00,13.139119,16.242857,0.28508928,Saskatchewan
2019-06-23 00:00:00+00:00,14.455488,2.2428572,0.31038097,Saskatchewan
2019-06-24 00:00:00+00:00,15.508464,2.6142857,0.3049881,Saskatchewan
2019-06-25 00:00:00+00:00,15.011142,2.8142858,0.2963512,Saskatchewan
2019-06-26 00:00:00+00:00,15.61769,0.24285714,0.28914285,Saskatchewan
2019-06-27 00:00:00+00:00,18.220964,1.8571428,0.27685714,Saskatchewan
2019-06-28 00:00:00+00:00,19.585844,7.028571,0.28444046,Saskatchewan
2019-06-29 00:00:00+00:00,20.280783,6.428572,0.29362497,Saskatchewan
2019-06-30 00:00:00+00:00,17.690607,0.45714286,0.29236904,Saskatchewan
2019-07-01 00:00:00+00:00,18.278404,0.12857142,0.2816964,Saskatchewan
2019-07-02 00:00:00+00:00,14.276618,0.88571423,0.2697262,Saskatchewan
2019-07-03 00:00:00+00:00,14.944475,0.1,0.26542857,Saskatchewan
2019-07-04 00:00:00+00:00,15.16025,1.6999999,0.2630536,Saskatchewan
2019-07-05 00:00:00+00:00,15.869179,0.7714285,0.26053575,Saskatchewan
2019-07-06 00:00:00+00:00,17.56918,1.9142857,0.2576726,Saskatchewan
2019-07-07 00:00:00+00:00,20.194773,1.1714286,0.25338092,Saskatchewan
2019-07-08 00:00:00+00:00,19.908167,4.371429,0.2561964,Saskatchewan
2019-07-09 00:00:00+00:00,17.559061,3.5,0.2665238,Saskatchewan
2019-07-10 00:00:00+00:00,17.963821,0.44285718,0.27852377,Saskatchewan
2019-07-11 00:00:00+00:00,20.680784,1.1571429,0.27166668,Saskatchewan
2019-07-12 00:00:00+00:00,18.60281,0.22857143,0.2652738,Saskatchewan
2019-07-13 00:00:00+00:00,20.399237,0.114285715,0.25645238,Saskatchewan
2019-07-14 00:00:00+00:00,22.389418,1.4285715,0.24591668,Saskatchewan
2019-07-15 00:00:00+00:00,20.76769,4.457143,0.238125,Saskatchewan
2019-07-16 00:00:00+00:00,18.122154,3.3,0.23358929,Saskatchewan
2019-07-17 00:00:00+00:00,18.101025,6.857143,0.24260119,Saskatchewan
2019-07-18 00:00:00+00:00,18.593287,2.057143,0.25055355,Saskatchewan
2019-07-19 00:00:00+00:00,16.042988,2.3428571,0.25613096,Saskatchewan
2019-07-20 00:00:00+00:00,15.418584,1.2142857,0.26369643,Saskatchewan
2019-07-21 00:00:00+00:00,16.835844,0.35714287,0.2626012,Saskatchewan
2019-07-22 00:00:00+00:00,19.03406,0.0,0.25560117,Saskatchewan
2019-07-23 00:00:00+00:00,21.06769,0.0,0.24804759,Saskatchewan
2019-07-24 00:00:00+00:00,23.152512,0.22857141,0.24186905,Saskatchewan
2019-07-25 00:00:00+00:00,19.513523,4.4285717,0.24106547,Saskatchewan
2019-07-26 00:00:00+00:00,17.942095,1.1285714,0.24055953,Saskatchewan
2019-07-27 00:00:00+00:00,21.026917,0.028571429,0.23957738,Saskatchewan
2019-07-28 00:00:00+00:00,19.382273,1.1857144,0.23265474,Saskatchewan
2019-07-29 00:00:00+00:00,15.73912,0.0,0.23040476,Saskatchewan
2019-07-30 00:00:00+00:00,18.86144,0.08571429,0.22658335,Saskatchewan
2019-07-31 00:00:00+00:00,21.267094,0.5714286,0.22201787,Saskatchewan
2019-08-01 00:00:00+00:00,21.94864,0.5285714,0.21558332,Saskatchewan
2019-08-02 00:00:00+00:00,23.51263,0.41428572,0.20970833,Saskatchewan
2019-08-03 00:00:00+00:00,24.404001,0.014285714,0.203,Saskatchewan
2019-08-04 00:00:00+00:00,20.2915,0.014285714,0.20222619,Saskatchewan
2019-08-05 00:00:00+00:00,19.758465,0.028571429,0.2033631,Saskatchewan
2019-08-06 00:00:00+00:00,20.082869,0.27142859,0.20157142,Saskatchewan
2019-08-07 00:00:00+00:00,15.313821,0.10000001,0.20384523,Saskatchewan
2019-08-08 00:00:00+00:00,16.135845,0.18571427,0.20566666,Saskatchewan
2019-08-09 00:00:00+00:00,19.005785,0.10000001,0.20352976,Saskatchewan
2019-08-10 00:00:00+00:00,16.868881,5.1714287,0.20293452,Saskatchewan
2019-08-11 00:00:00+00:00,15.213226,0.3857143,0.22885121,Saskatchewan
2019-08-12 00:00:00+00:00,14.981381,16.7,0.24357736,Saskatchewan
2019-08-13 00:00:00+00:00,14.289119,2.7428572,0.28611308,Saskatchewan
2019-08-14 00:00:00+00:00,15.9781065,0.34285715,0.28599405,Saskatchewan
2019-08-15 00:00:00+00:00,16.93525,0.55714285,0.27824405,Saskatchewan
2019-08-16 00:00:00+00:00,17.25281,1.4714286,0.27061307,Saskatchewan
2019-08-17 00:00:00+00:00,13.364416,0.12857144,0.26524404,Saskatchewan
2019-08-18 00:00:00+00:00,13.394178,0.0,0.26316667,Saskatchewan
2019-08-19 00:00:00+00:00,14.5998335,0.21428573,0.25669047,Saskatchewan
2019-08-20 00:00:00+00:00,14.847749,0.0,0.24808928,Saskatchewan
2019-08-21 00:00:00+00:00,15.781976,0.0,0.24083927,Saskatchewan
2019-08-22 00:00:00+00:00,18.124237,1.3714285,0.23239882,Saskatchewan
2019-08-23 00:00:00+00:00,17.241499,5.1571426,0.2346905,Saskatchewan
2019-08-24 00:00:00+00:00,19.53525,1.8714286,0.24541669,Saskatchewan
2019-08-25 00:00:00+00:00,17.96263,4.7428575,0.24506547,Saskatchewan
2019-08-26 00:00:00+00:00,15.048643,2.2857144,0.25113687,Saskatchewan
2019-08-27 00:00:00+00:00,13.531083,2.1857142,0.253,Saskatchewan
2019-08-28 00:00:00+00:00,13.790906,1.5142858,0.2548512,Saskatchewan
2019-08-29 00:00:00+00:00,13.260249,0.0,0.25323215,Saskatchewan
2019-08-30 00:00:00+00:00,13.004,0.114285715,0.25025594,Saskatchewan
2019-08-31 00:00:00+00:00,14.704893,3.885714,0.24753572,Saskatchewan
2019-09-01 00:00:00+00:00,15.236441,1.5,0.24901783,Saskatchewan
2019-09-02 00:00:00+00:00,14.136142,8.028571,0.25074404,Saskatchewan
2019-09-03 00:00:00+00:00,14.077214,0.37142858,0.2748512,Saskatchewan
2019-09-04 00:00:00+00:00,16.642393,0.24285714,0.27354166,Saskatchewan
2019-09-05 00:00:00+00:00,16.484653,0.97142845,0.27017263,Saskatchewan
2019-09-06 00:00:00+00:00,15.083762,0.0,0.26591668,Saskatchewan
2019-09-07 00:00:00+00:00,13.983167,0.9142857,0.2608452,Saskatchewan
2019-09-08 00:00:00+00:00,12.656381,0.0,0.25810117,Saskatchewan
2019-09-09 00:00:00+00:00,12.086738,6.1857147,0.25514883,Saskatchewan
2019-09-10 00:00:00+00:00,10.383761,15.0,0.27722022,Saskatchewan
2019-09-11 00:00:00+00:00,10.678405,3.8857143,0.30638692,Saskatchewan
2019-09-12 00:00:00+00:00,10.637334,6.100001,0.32145834,Saskatchewan
2019-09-13 00:00:00+00:00,11.076619,0.4714286,0.33701786,Saskatchewan
2019-09-14 00:00:00+00:00,14.705787,0.42857143,0.3263333,Saskatchewan
2019-09-15 00:00:00+00:00,16.490606,0.0,0.31397623,Saskatchewan
2019-09-16 00:00:00+00:00,19.186142,0.0,0.30023214,Saskatchewan
2019-09-17 00:00:00+00:00,19.472155,0.12857142,0.28327978,Saskatchewan
2019-09-18 00:00:00+00:00,17.053701,8.557143,0.28415474,Saskatchewan
2019-09-19 00:00:00+00:00,14.921262,2.6857142,0.28789285,Saskatchewan
2019-09-20 00:00:00+00:00,15.234358,4.6,0.2912262,Saskatchewan
2019-09-21 00:00:00+00:00,12.934655,1.9714285,0.29580954,Saskatchewan
2019-09-22 00:00:00+00:00,12.633464,0.0,0.29387498,Saskatchewan
2019-09-23 00:00:00+00:00,15.109358,0.14285715,0.28182143,Saskatchewan
2019-09-24 00:00:00+00:00,13.257868,1.4,0.27748218,Saskatchewan
2019-09-25 00:00:00+00:00,10.144476,0.71428573,0.2773214,Saskatchewan
2019-09-26 00:00:00+00:00,8.262035,3.4142857,0.27556548,Saskatchewan
2019-09-27 00:00:00+00:00,5.1575713,3.3428574,0.27825594,Saskatchewan
2019-09-28 00:00:00+00:00,3.0224526,0.071428575,0.2860655,Saskatchewan
2019-09-29 00:00:00+00:00,2.0465596,10.557143,0.28885716,Saskatchewan
2019-09-30 00:00:00+00:00,1.0185834,11.82857,0.29768452,Saskatchewan
2019-10-01 00:00:00+00:00,1.1465596,0.55714285,0.30877382,Saskatchewan
2019-10-02 00:00:00+00:00,1.6173928,0.042857144,0.313875,Saskatchewan
2019-10-03 00:00:00+00:00,2.6016192,0.25714287,0.31954166,Saskatchewan
2019-10-04 00:00:00+00:00,4.9944763,0.0,0.32744643,Saskatchewan
2019-10-05 00:00:00+00:00,6.3007255,0.15714286,0.3327619,Saskatchewan
2019-10-06 00:00:00+00:00,8.510249,0.32857147,0.33552974,Saskatchewan
2019-10-07 00:00:00+00:00,8.520071,0.0,0.33356547,Saskatchewan
2019-10-08 00:00:00+00:00,7.9611425,1.5142858,0.327,Saskatchewan
2019-10-09 00:00:00+00:00,-0.6052262,2.1285713,0.32887504,Saskatchewan
2019-10-10 00:00:00+00:00,-2.010881,0.071428575,0.32873216,Saskatchewan
2019-10-11 00:00:00+00:00,-1.7727858,0.0,0.32724997,Saskatchewan
2019-10-12 00:00:00+00:00,-0.47070238,0.61428565,0.32460713,Saskatchewan
2019-10-13 00:00:00+00:00,0.18286899,0.042857144,0.32200596,Saskatchewan
2019-10-14 00:00:00+00:00,1.2450714,1.8428571,0.3194464,Saskatchewan
2019-10-15 00:00:00+00:00,1.6340595,2.1142857,0.3206726,Saskatchewan
2019-10-16 00:00:00+00:00,4.1778097,0.014285714,0.32029763,Saskatchewan
2019-10-17 00:00:00+00:00,7.0876307,0.0,0.31212497,Saskatchewan
2019-10-18 00:00:00+00:00,7.753108,0.08571429,0.30692264,Saskatchewan
2019-10-19 00:00:00+00:00,5.4542975,1.5571429,0.3004286,Saskatchewan
2019-10-20 00:00:00+00:00,2.9989407,0.014285714,0.29390478,Saskatchewan
2019-10-21 00:00:00+00:00,1.2623333,0.014285714,0.2929226,Saskatchewan
2019-10-22 00:00:00+00:00,0.26798818,1.2428571,0.29018453,Saskatchewan
2019-10-23 00:00:00+00:00,-0.15492858,1.6571426,0.28871432,Saskatchewan
2019-10-24 00:00:00+00:00,-0.36088085,0.042857144,0.2885,Saskatchewan
2019-10-25 00:00:00+00:00,5.381381,0.014285714,0.28830355,Saskatchewan
2019-10-26 00:00:00+00:00,3.3787022,1.0,0.2846964,Saskatchewan
2019-10-27 00:00:00+00:00,-4.780226,0.9142858,0.28385118,Saskatchewan
2019-10-28 00:00:00+00:00,-6.0349884,1.942857,0.2834167,Saskatchewan
2019-10-29 00:00:00+00:00,-7.7915354,1.9857142,0.2828155,Saskatchewan
2019-10-30 00:00:00+00:00,-7.84719,0.34285715,0.28220838,Saskatchewan
2019-10-31 00:00:00+00:00,-1.0927263,0.77142864,0.28161904,Saskatchewan
2019-11-01 00:00:00+00:00,0.24507141,1.4857143,0.281125,Saskatchewan
2019-11-02 00:00:00+00:00,-0.71415484,0.27142859,0.28072023,Saskatchewan
2019-11-03 00:00:00+00:00,-0.32873806,1.4142857,0.2805417,Saskatchewan
2019-11-04 00:00:00+00:00,-5.092726,0.5428571,0.2808929,Saskatchewan
2019-11-05 00:00:00+00:00,-7.1861787,1.1142857,0.2807679,Saskatchewan
2019-11-06 00:00:00+00:00,-10.169213,0.21428573,0.2802976,Saskatchewan
2019-11-07 00:00:00+00:00,-10.02725,0.0,0.27997026,Saskatchewan
2019-11-08 00:00:00+00:00,-3.012369,0.44285712,0.2793869,Saskatchewan
2019-11-09 00:00:00+00:00,-2.3784406,3.2428572,0.27916667,Saskatchewan
2019-11-10 00:00:00+00:00,-11.535286,0.6999999,0.27894646,Saskatchewan
2019-11-11 00:00:00+00:00,-14.762368,0.0,0.27845237,Saskatchewan
2019-11-12 00:00:00+00:00,-8.939155,0.18571429,0.2780357,Saskatchewan
2019-11-13 00:00:00+00:00,-5.8718925,0.057142857,0.27752975,Saskatchewan
2019-11-14 00:00:00+00:00,-2.367726,0.0,0.27722618,Saskatchewan
2019-11-15 00:00:00+00:00,-2.1599882,0.0,0.27686903,Saskatchewan
2019-11-16 00:00:00+00:00,1.2224524,3.4857142,0.2772143,Saskatchewan
2019-11-17 00:00:00+00:00,0.74090475,0.057142857,0.27975002,Saskatchewan
2019-11-18 00:00:00+00:00,2.8721547,1.5285715,0.2807857,Saskatchewan
2019-11-19 00:00:00+00:00,0.073047586,0.2857143,0.28470832,Saskatchewan
2019-11-20 00:00:00+00:00,-3.9308217,1.3428571,0.28761902,Saskatchewan
2019-11-21 00:00:00+00:00,-5.810881,0.0,0.28829762,Saskatchewan
2019-11-22 00:00:00+00:00,-2.5061193,0.057142857,0.28828573,Saskatchewan
2019-11-23 00:00:00+00:00,1.7382262,0.014285714,0.28822026,Saskatchewan
2019-11-24 00:00:00+00:00,1.2010238,2.3428574,0.28878573,Saskatchewan
2019-11-25 00:00:00+00:00,-0.9293334,3.2857144,0.2910774,Saskatchewan
2019-11-26 00:00:00+00:00,-4.2870717,0.22857143,0.29245237,Saskatchewan
2019-11-27 00:00:00+00:00,-6.1718926,0.24285717,0.29273218,Saskatchewan
2019-11-28 00:00:00+00:00,-7.0808215,0.7857143,0.29251194,Saskatchewan
2019-11-29 00:00:00+00:00,-7.1296306,2.3428571,0.29219648,Saskatchewan
2019-11-30 00:00:00+00:00,-7.27963,1.1571429,0.29157743,Saskatchewan
2019-12-01 00:00:00+00:00,-10.329928,0.014285714,0.29083332,Saskatchewan
2019-12-02 00:00:00+00:00,-5.2998695,0.071428575,0.2901905,Saskatchewan
2019-12-03 00:00:00+00:00,-2.3567142,0.0,0.28952977,Saskatchewan
2019-12-04 00:00:00+00:00,-1.9775478,0.028571429,0.28877378,Saskatchewan
2019-12-05 00:00:00+00:00,-6.0218925,0.4714286,0.28823808,Saskatchewan
2019-12-06 00:00:00+00:00,-7.788857,0.0,0.28768453,Saskatchewan
2019-12-07 00:00:00+00:00,-4.5605836,0.14285715,0.28700596,Saskatchewan
2019-12-08 00:00:00+00:00,-13.057013,1.9142857,0.28647622,Saskatchewan
2019-12-09 00:00:00+00:00,-15.540048,0.34285715,0.28582147,Saskatchewan
2019-12-10 00:00:00+00:00,-18.920702,0.071428575,0.2852024,Saskatchewan
2019-12-11 00:00:00+00:00,-19.429035,0.88571423,0.28484526,Saskatchewan
2019-12-12 00:00:00+00:00,-16.168917,0.27142856,0.2840595,Saskatchewan
2019-12-13 00:00:00+00:00,-14.8897505,1.5571429,0.28376785,Saskatchewan
2019-12-14 00:00:00+00:00,-21.382904,0.21428573,0.28323808,Saskatchewan
2019-12-15 00:00:00+00:00,-14.298678,0.014285714,0.283,Saskatchewan
2019-12-16 00:00:00+00:00,-11.013558,0.15714286,0.28250596,Saskatchewan
2019-12-17 00:00:00+00:00,-12.37606,0.071428575,0.2821012,Saskatchewan
2019-12-18 00:00:00+00:00,-4.842726,0.0,0.28185716,Saskatchewan
2019-12-19 00:00:00+00:00,-6.3486786,0.10000001,0.28155357,Saskatchewan
2019-12-20 00:00:00+00:00,-4.634988,0.0,0.28131548,Saskatchewan
2019-12-21 00:00:00+00:00,-1.2751665,0.0,0.28135714,Saskatchewan
2019-12-22 00:00:00+00:00,-0.975762,0.0,0.28148216,Saskatchewan
2019-12-23 00:00:00+00:00,-5.48975,0.0,0.28154764,Saskatchewan
2019-12-24 00:00:00+00:00,-4.5546308,0.22857143,0.2815536,Saskatchewan
2019-12-25 00:00:00+00:00,-5.1022496,0.8571429,0.2815655,Saskatchewan
2019-12-26 00:00:00+00:00,-6.4668336,0.0,0.28138098,Saskatchewan
2019-12-27 00:00:00+00:00,-7.8936186,0.0,0.2811429,Saskatchewan
2019-12-28 00:00:00+00:00,-8.831714,0.071428575,0.281,Saskatchewan
2019-12-29 00:00:00+00:00,-9.574274,0.0,0.28069645,Saskatchewan
2019-12-30 00:00:00+00:00,-9.034988,0.0,0.28042263,Saskatchewan
2015-01-01 00:00:00+00:00,-2.4761333,0.46000004,0.34040838,Alberta
2015-01-02 00:00:00+00:00,-10.414884,5.94,0.33969173,Alberta
2015-01-03 00:00:00+00:00,-20.913218,0.7200001,0.33905837,Alberta
2015-01-04 00:00:00+00:00,-26.947382,0.0,0.3381583,Alberta
2015-01-05 00:00:00+00:00,-23.31155,1.0,0.33764163,Alberta
2015-01-06 00:00:00+00:00,-19.048634,2.3600001,0.33695832,Alberta
2015-01-07 00:00:00+00:00,-16.054882,0.5400001,0.3364666,Alberta
2015-01-08 00:00:00+00:00,-12.978635,0.84000003,0.3358416,Alberta
2015-01-09 00:00:00+00:00,-22.330301,0.0,0.335275,Alberta
2015-01-10 00:00:00+00:00,-14.556134,0.9200001,0.33484164,Alberta
2015-01-11 00:00:00+00:00,-18.236134,0.22,0.33439165,Alberta
2015-01-12 00:00:00+00:00,-15.339048,0.0,0.3339,Alberta
2015-01-13 00:00:00+00:00,-7.973633,0.1,0.33328336,Alberta
2015-01-14 00:00:00+00:00,0.19428349,0.2,0.33299172,Alberta
2015-01-15 00:00:00+00:00,-1.7894665,0.0,0.33315837,Alberta
2015-01-16 00:00:00+00:00,-1.5065498,0.3,0.3330666,Alberta
2015-01-17 00:00:00+00:00,-0.47655,0.0,0.33299997,Alberta
2015-01-18 00:00:00+00:00,-4.2723837,0.35999998,0.33308333,Alberta
2015-01-19 00:00:00+00:00,-0.9573833,0.78000003,0.3337,Alberta
2015-01-20 00:00:00+00:00,-1.3615501,0.8,0.33429998,Alberta
2015-01-21 00:00:00+00:00,-4.7303,0.38000003,0.3345583,Alberta
2015-01-22 00:00:00+00:00,2.4830334,0.02,0.33546665,Alberta
2015-01-23 00:00:00+00:00,1.4255334,0.02,0.34065002,Alberta
2015-01-24 00:00:00+00:00,3.3484497,1.1600001,0.3468,Alberta
2015-01-25 00:00:00+00:00,4.0263667,0.24000001,0.35809165,Alberta
2015-01-26 00:00:00+00:00,2.8997002,0.0,0.37677503,Alberta
2015-01-27 00:00:00+00:00,1.32345,1.1600001,0.3813417,Alberta
2015-01-28 00:00:00+00:00,-1.9607166,0.84000003,0.38325,Alberta
2015-01-29 00:00:00+00:00,-4.9065504,0.0,0.3826083,Alberta
2015-01-30 00:00:00+00:00,-5.3823833,0.26000002,0.38115,Alberta
2015-01-31 00:00:00+00:00,-12.034468,2.8200002,0.37939999,Alberta
2015-02-01 00:00:00+00:00,-16.07405,0.0,0.37731665,Alberta
2015-02-02 00:00:00+00:00,-13.4515505,0.68,0.3752584,Alberta
2015-02-03 00:00:00+00:00,-16.766966,0.32000002,0.37332496,Alberta
2015-02-04 00:00:00+00:00,-13.8248825,0.0,0.371525,Alberta
2015-02-05 00:00:00+00:00,-10.199883,2.1200001,0.36990833,Alberta
2015-02-06 00:00:00+00:00,-12.669884,3.78,0.36862496,Alberta
2015-02-07 00:00:00+00:00,-10.727382,1.3599999,0.36840835,Alberta
2015-02-08 00:00:00+00:00,-10.3265505,0.94000006,0.36840838,Alberta
2015-02-09 00:00:00+00:00,-12.0852995,0.45999998,0.3678083,Alberta
2015-02-10 00:00:00+00:00,-13.048633,0.88,0.36679995,Alberta
2015-02-11 00:00:00+00:00,-15.199051,0.0,0.36580834,Alberta
2015-02-12 00:00:00+00:00,-4.4665504,0.0,0.36481673,Alberta
2015-02-13 00:00:00+00:00,-0.33196664,1.0600001,0.3654417,Alberta
2015-02-14 00:00:00+00:00,-2.29655,4.3599997,0.3686334,Alberta
2015-02-15 00:00:00+00:00,-2.2023833,0.42000002,0.36963338,Alberta
2015-02-16 00:00:00+00:00,-4.86905,0.24000001,0.3692667,Alberta
2015-02-17 00:00:00+00:00,-9.813633,0.120000005,0.36827502,Alberta
2015-02-18 00:00:00+00:00,-3.865717,0.16,0.367375,Alberta
2015-02-19 00:00:00+00:00,0.9717833,0.44,0.36705,Alberta
2015-02-20 00:00:00+00:00,-1.0615499,1.2600001,0.36779165,Alberta
2015-02-21 00:00:00+00:00,-9.266133,0.94000006,0.36761665,Alberta
2015-02-22 00:00:00+00:00,-11.618632,0.0,0.36676663,Alberta
2015-02-23 00:00:00+00:00,-0.012383389,0.0,0.36595002,Alberta
2015-02-24 00:00:00+00:00,1.5101166,0.64,0.36785835,Alberta
2015-02-25 00:00:00+00:00,-8.326134,1.8400002,0.37194166,Alberta
2015-02-26 00:00:00+00:00,-14.178215,0.02,0.37139168,Alberta
2015-02-27 00:00:00+00:00,-11.6203,0.0,0.370275,Alberta
2015-02-28 00:00:00+00:00,-10.849883,0.0,0.3688584,Alberta
2015-03-01 00:00:00+00:00,-8.5053,0.0,0.36761668,Alberta
2015-03-02 00:00:00+00:00,-6.168216,1.2,0.36640835,Alberta
2015-03-03 00:00:00+00:00,-14.583217,0.02,0.36522496,Alberta
2015-03-04 00:00:00+00:00,-13.989883,0.0,0.36421663,Alberta
2015-03-05 00:00:00+00:00,-3.2503002,0.0,0.363275,Alberta
2015-03-06 00:00:00+00:00,2.7538667,0.52000004,0.36511666,Alberta
2015-03-07 00:00:00+00:00,0.5876167,0.0,0.37115836,Alberta
2015-03-08 00:00:00+00:00,1.7601166,0.0,0.37499994,Alberta
2015-03-09 00:00:00+00:00,5.0155334,0.91999996,0.38793334,Alberta
2015-03-10 00:00:00+00:00,0.8401166,0.0,0.40023333,Alberta
2015-03-11 00:00:00+00:00,1.6313667,0.0,0.3993417,Alberta
2015-03-12 00:00:00+00:00,2.3926167,0.46000004,0.40238333,Alberta
2015-03-13 00:00:00+00:00,5.3188667,0.0,0.40857497,Alberta
2015-03-14 00:00:00+00:00,7.0351167,0.14000002,0.40939164,Alberta
2015-03-15 00:00:00+00:00,3.902617,1.68,0.4075667,Alberta
2015-03-16 00:00:00+00:00,-1.1523833,3.3799999,0.40041667,Alberta
2015-03-17 00:00:00+00:00,-0.9598832,0.0,0.39684168,Alberta
2015-03-18 00:00:00+00:00,1.14345,0.9,0.39579165,Alberta
2015-03-19 00:00:00+00:00,1.8097,0.1,0.396175,Alberta
2015-03-20 00:00:00+00:00,0.2647001,1.9199998,0.3985333,Alberta
2015-03-21 00:00:00+00:00,-0.9148833,2.1399999,0.39819163,Alberta
2015-03-22 00:00:00+00:00,-2.9428,5.1800003,0.39655834,Alberta
2015-03-23 00:00:00+00:00,-4.2728,0.93999994,0.394225,Alberta
2015-03-24 00:00:00+00:00,-2.9519668,1.0600001,0.3926583,Alberta
2015-03-25 00:00:00+00:00,-2.442383,0.17999999,0.39207497,Alberta
2015-03-26 00:00:00+00:00,2.0009499,0.52,0.394425,Alberta
2015-03-27 00:00:00+00:00,6.5621996,0.34,0.4040083,Alberta
2015-03-28 00:00:00+00:00,6.1576166,4.38,0.41330004,Alberta
2015-03-29 00:00:00+00:00,5.1413665,0.16,0.41707498,Alberta
2015-03-30 00:00:00+00:00,6.2905335,0.4,0.41226667,Alberta
2015-03-31 00:00:00+00:00,7.05845,1.5800002,0.40675837,Alberta
2015-04-01 00:00:00+00:00,3.5905335,6.0199995,0.404775,Alberta
2015-04-02 00:00:00+00:00,0.7447,1.0600001,0.40126666,Alberta
2015-04-03 00:00:00+00:00,0.4680334,0.26000002,0.39914173,Alberta
2015-04-04 00:00:00+00:00,0.27761668,0.54,0.39755,Alberta
2015-04-05 00:00:00+00:00,-0.6461333,1.4999999,0.39474168,Alberta
2015-04-06 00:00:00+00:00,-0.59905005,1.0199999,0.3921667,Alberta
2015-04-07 00:00:00+00:00,0.5847,0.38000003,0.3896,Alberta
2015-04-08 00:00:00+00:00,2.9292831,0.04,0.38850835,Alberta
2015-04-09 00:00:00+00:00,5.39095,0.02,0.38774166,Alberta
2015-04-10 00:00:00+00:00,7.186783,0.0,0.3852917,Alberta
2015-04-11 00:00:00+00:00,7.3122,0.14000002,0.3813167,Alberta
2015-04-12 00:00:00+00:00,3.70095,0.16,0.37741667,Alberta
2015-04-13 00:00:00+00:00,3.48095,0.0,0.37315002,Alberta
2015-04-14 00:00:00+00:00,5.6755333,0.2,0.36855835,Alberta
2015-04-15 00:00:00+00:00,5.1417837,0.56,0.36505,Alberta
2015-04-16 00:00:00+00:00,7.2822,0.52000004,0.3606333,Alberta
2015-04-17 00:00:00+00:00,7.5497003,0.44,0.356525,Alberta
2015-04-18 00:00:00+00:00,6.5484495,1.06,0.35328332,Alberta
2015-04-19 00:00:00+00:00,4.4772,0.0,0.3504417,Alberta
2015-04-20 00:00:00+00:00,7.181366,0.0,0.3468083,Alberta
2015-04-21 00:00:00+00:00,9.62845,0.0,0.34250838,Alberta
2015-04-22 00:00:00+00:00,11.294284,0.46000004,0.33805,Alberta
2015-04-23 00:00:00+00:00,6.6476164,3.8599994,0.337075,Alberta
2015-04-24 00:00:00+00:00,4.618867,0.8,0.33922496,Alberta
2015-04-25 00:00:00+00:00,2.6771998,2.3000002,0.339025,Alberta
2015-04-26 00:00:00+00:00,3.0097,0.14000002,0.33767498,Alberta
2015-04-27 00:00:00+00:00,7.783034,0.0,0.33540002,Alberta
2015-04-28 00:00:00+00:00,12.2947,0.02,0.33265004,Alberta
2015-04-29 00:00:00+00:00,11.586367,0.34,0.32937497,Alberta
2015-04-30 00:00:00+00:00,8.322617,0.48000002,0.32650003,Alberta
2015-05-01 00:00:00+00:00,9.044283,1.52,0.32370836,Alberta
2015-05-02 00:00:00+00:00,6.9809504,1.6200001,0.32247505,Alberta
2015-05-03 00:00:00+00:00,5.6326165,1.26,0.3221,Alberta
2015-05-04 00:00:00+00:00,7.5976167,0.08,0.32114166,Alberta
2015-05-05 00:00:00+00:00,9.187616,1.8,0.31975836,Alberta
2015-05-06 00:00:00+00:00,4.8447003,4.0199995,0.32093334,Alberta
2015-05-07 00:00:00+00:00,3.9147,0.08,0.3221,Alberta
2015-05-08 00:00:00+00:00,5.3905334,1.7,0.32198334,Alberta
2015-05-09 00:00:00+00:00,8.226784,0.16000001,0.32162496,Alberta
2015-05-10 00:00:00+00:00,9.163867,0.0,0.31915006,Alberta
2015-05-11 00:00:00+00:00,8.637199,0.060000002,0.315825,Alberta
2015-05-12 00:00:00+00:00,8.730116,0.0,0.31217504,Alberta
2015-05-13 00:00:00+00:00,9.622617,0.3,0.30793336,Alberta
2015-05-14 00:00:00+00:00,9.620951,0.71999997,0.30409998,Alberta
2015-05-15 00:00:00+00:00,10.736366,0.42000002,0.30088335,Alberta
2015-05-16 00:00:00+00:00,9.44095,5.76,0.299025,Alberta
2015-05-17 00:00:00+00:00,5.6905336,2.2,0.30465835,Alberta
2015-05-18 00:00:00+00:00,8.266783,0.0,0.30669162,Alberta
2015-05-19 00:00:00+00:00,10.769283,0.0,0.30416664,Alberta
2015-05-20 00:00:00+00:00,12.964701,0.0,0.30011663,Alberta
2015-05-21 00:00:00+00:00,14.562201,0.0,0.29516667,Alberta
2015-05-22 00:00:00+00:00,15.970118,0.0,0.28995004,Alberta
2015-05-23 00:00:00+00:00,17.260532,0.0,0.28465834,Alberta
2015-05-24 00:00:00+00:00,17.596367,0.02,0.27925834,Alberta
2015-05-25 00:00:00+00:00,17.780533,0.1,0.27431667,Alberta
2015-05-26 00:00:00+00:00,17.160534,1.24,0.269975,Alberta
2015-05-27 00:00:00+00:00,16.764698,1.3,0.2664167,Alberta
2015-05-28 00:00:00+00:00,12.666783,1.54,0.26385,Alberta
2015-05-29 00:00:00+00:00,10.969283,0.17999999,0.262225,Alberta
2015-05-30 00:00:00+00:00,12.694283,0.6,0.26040834,Alberta
2015-05-31 00:00:00+00:00,15.0571995,2.6799998,0.25903335,Alberta
2015-06-01 00:00:00+00:00,14.390533,0.14000002,0.25723332,Alberta
2015-06-02 00:00:00+00:00,13.112616,1.44,0.2552417,Alberta
2015-06-03 00:00:00+00:00,13.850116,0.76000005,0.25449163,Alberta
2015-06-04 00:00:00+00:00,15.481366,1.78,0.25315,Alberta
2015-06-05 00:00:00+00:00,15.939282,0.58000004,0.252875,Alberta
2015-06-06 00:00:00+00:00,18.586367,0.0,0.25135,Alberta
2015-06-07 00:00:00+00:00,19.608868,0.0,0.24849167,Alberta
2015-06-08 00:00:00+00:00,20.676785,0.28,0.24550834,Alberta
2015-06-09 00:00:00+00:00,17.935116,0.32,0.24252498,Alberta
2015-06-10 00:00:00+00:00,17.50345,0.46000004,0.24011669,Alberta
2015-06-11 00:00:00+00:00,18.690115,1.3399999,0.23784165,Alberta
2015-06-12 00:00:00+00:00,15.10845,6.46,0.23740001,Alberta
2015-06-13 00:00:00+00:00,11.010117,3.3600001,0.2400833,Alberta
2015-06-14 00:00:00+00:00,10.859283,3.02,0.24301663,Alberta
2015-06-15 00:00:00+00:00,11.933866,0.16,0.24505833,Alberta
2015-06-16 00:00:00+00:00,14.7759495,0.04,0.24449167,Alberta
2015-06-17 00:00:00+00:00,13.425951,2.1600003,0.24289164,Alberta
2015-06-18 00:00:00+00:00,13.409284,1.0600001,0.24317499,Alberta
2015-06-19 00:00:00+00:00,15.815117,1.46,0.24342498,Alberta
2015-06-20 00:00:00+00:00,14.031782,5.04,0.24585836,Alberta
2015-06-21 00:00:00+00:00,13.818451,1.52,0.25001663,Alberta
2015-06-22 00:00:00+00:00,15.59095,0.4,0.2516833,Alberta
2015-06-23 00:00:00+00:00,16.665533,0.58000004,0.25011668,Alberta
2015-06-24 00:00:00+00:00,17.62345,1.2,0.24804166,Alberta
2015-06-25 00:00:00+00:00,20.137617,0.0,0.24535003,Alberta
2015-06-26 00:00:00+00:00,21.507616,0.35999998,0.24207501,Alberta
2015-06-27 00:00:00+00:00,22.105118,0.0,0.2387083,Alberta
2015-06-28 00:00:00+00:00,23.90595,0.28,0.23495834,Alberta
2015-06-29 00:00:00+00:00,22.380533,1.28,0.23188332,Alberta
2015-06-30 00:00:00+00:00,19.614283,7.7399993,0.23186664,Alberta
2015-07-01 00:00:00+00:00,19.290533,2.6,0.23674166,Alberta
2015-07-02 00:00:00+00:00,20.68845,0.0,0.23921664,Alberta
2015-07-03 00:00:00+00:00,22.60345,0.32,0.237475,Alberta
2015-07-04 00:00:00+00:00,19.100117,3.1999998,0.23523334,Alberta
2015-07-05 00:00:00+00:00,14.623449,2.58,0.23652497,Alberta
2015-07-06 00:00:00+00:00,15.835531,0.0,0.23707502,Alberta
2015-07-07 00:00:00+00:00,16.380535,0.22,0.23504166,Alberta
2015-07-08 00:00:00+00:00,19.094282,0.0,0.23295832,Alberta
2015-07-09 00:00:00+00:00,23.543451,0.0,0.23003335,Alberta
2015-07-10 00:00:00+00:00,22.785534,0.0,0.22677498,Alberta
2015-07-11 00:00:00+00:00,22.986368,0.66,0.22414164,Alberta
2015-07-12 00:00:00+00:00,22.074284,3.9600003,0.22205,Alberta
2015-07-13 00:00:00+00:00,20.49345,6.9399996,0.22285001,Alberta
2015-07-14 00:00:00+00:00,19.351368,0.56000006,0.23043334,Alberta
2015-07-15 00:00:00+00:00,18.869701,0.65999997,0.23084167,Alberta
2015-07-16 00:00:00+00:00,16.36845,9.839999,0.23418331,Alberta
2015-07-17 00:00:00+00:00,13.381784,16.939999,0.2609,Alberta
2015-07-18 00:00:00+00:00,17.507616,2.02,0.298325,Alberta
2015-07-19 00:00:00+00:00,19.298035,0.0,0.29512498,Alberta
2015-07-20 00:00:00+00:00,18.785532,0.74,0.2888167,Alberta
2015-07-21 00:00:00+00:00,19.07345,5.500001,0.29091665,Alberta
2015-07-22 00:00:00+00:00,17.446367,6.1000004,0.2957333,Alberta
2015-07-23 00:00:00+00:00,16.157618,0.46000004,0.30105835,Alberta
2015-07-24 00:00:00+00:00,17.305532,0.8000001,0.29637498,Alberta
2015-07-25 00:00:00+00:00,17.672201,1.9799999,0.29088333,Alberta
2015-07-26 00:00:00+00:00,15.816366,2.06,0.28878328,Alberta
2015-07-27 00:00:00+00:00,15.364283,0.86,0.2866333,Alberta
2015-07-28 00:00:00+00:00,16.405117,0.08,0.28314167,Alberta
2015-07-29 00:00:00+00:00,17.38095,0.18,0.27809167,Alberta
2015-07-30 00:00:00+00:00,17.381369,0.14,0.27286667,Alberta
2015-07-31 00:00:00+00:00,19.413868,0.2,0.26719165,Alberta
2015-08-01 00:00:00+00:00,20.180532,0.17999999,0.26187497,Alberta
2015-08-02 00:00:00+00:00,19.135117,0.17999999,0.25751668,Alberta
2015-08-03 00:00:00+00:00,20.943449,2.02,0.2532417,Alberta
2015-08-04 00:00:00+00:00,20.496367,3.8400002,0.25140834,Alberta
2015-08-05 00:00:00+00:00,16.6147,1.9599998,0.2525,Alberta
2015-08-06 00:00:00+00:00,14.930949,4.76,0.25390834,Alberta
2015-08-07 00:00:00+00:00,15.605949,0.38000003,0.25943336,Alberta
2015-08-08 00:00:00+00:00,18.065948,0.0,0.25944167,Alberta
2015-08-09 00:00:00+00:00,19.9347,0.0,0.25637498,Alberta
2015-08-10 00:00:00+00:00,20.724285,0.26,0.25274163,Alberta
2015-08-11 00:00:00+00:00,21.897202,0.04,0.24892502,Alberta
2015-08-12 00:00:00+00:00,22.050533,0.02,0.245,Alberta
2015-08-13 00:00:00+00:00,22.646366,0.98000014,0.24131665,Alberta
2015-08-14 00:00:00+00:00,20.328033,0.1,0.23817499,Alberta
2015-08-15 00:00:00+00:00,14.433451,14.139999,0.24285837,Alberta
2015-08-16 00:00:00+00:00,12.811783,1.0600001,0.2612834,Alberta
2015-08-17 00:00:00+00:00,13.946365,0.65999997,0.26315835,Alberta
2015-08-18 00:00:00+00:00,14.71345,1.1800001,0.2624,Alberta
2015-08-19 00:00:00+00:00,17.592617,0.120000005,0.2608417,Alberta
2015-08-20 00:00:00+00:00,16.573868,0.18,0.25790834,Alberta
2015-08-21 00:00:00+00:00,12.438451,8.5,0.2643167,Alberta
2015-08-22 00:00:00+00:00,10.16845,0.9,0.27611664,Alberta
2015-08-23 00:00:00+00:00,13.745117,0.08,0.27044165,Alberta
2015-08-24 00:00:00+00:00,16.676365,0.0,0.26574165,Alberta
2015-08-25 00:00:00+00:00,17.612617,0.88,0.26132503,Alberta
2015-08-26 00:00:00+00:00,17.200949,0.22,0.25804168,Alberta
2015-08-27 00:00:00+00:00,18.319284,0.1,0.255575,Alberta
2015-08-28 00:00:00+00:00,19.994284,0.5,0.2524833,Alberta
2015-08-29 00:00:00+00:00,19.207617,0.060000002,0.24974997,Alberta
2015-08-30 00:00:00+00:00,18.050951,0.9,0.24675834,Alberta
2015-08-31 00:00:00+00:00,15.439283,0.0,0.24456668,Alberta
2015-09-01 00:00:00+00:00,15.108034,1.0,0.2421,Alberta
2015-09-02 00:00:00+00:00,14.763034,2.5,0.24060833,Alberta
2015-09-03 00:00:00+00:00,11.2446995,1.0400001,0.24240832,Alberta
2015-09-04 00:00:00+00:00,8.969699,3.8800004,0.24472499,Alberta
2015-09-05 00:00:00+00:00,8.341366,5.7,0.25170833,Alberta
2015-09-06 00:00:00+00:00,7.685533,17.02,0.28085,Alberta
2015-09-07 00:00:00+00:00,8.733034,2.6999998,0.31278333,Alberta
2015-09-08 00:00:00+00:00,10.7597,0.66,0.31565,Alberta
2015-09-09 00:00:00+00:00,11.540117,0.98,0.3138417,Alberta
2015-09-10 00:00:00+00:00,13.013867,0.36,0.31206664,Alberta
2015-09-11 00:00:00+00:00,15.9947,0.0,0.3090833,Alberta
2015-09-12 00:00:00+00:00,17.855116,1.1800001,0.30442494,Alberta
2015-09-13 00:00:00+00:00,13.306366,5.3,0.30334166,Alberta
2015-09-14 00:00:00+00:00,8.432617,3.0800002,0.310725,Alberta
2015-09-15 00:00:00+00:00,7.7676163,5.54,0.31845835,Alberta
2015-09-16 00:00:00+00:00,7.5788665,0.7200001,0.32749167,Alberta
2015-09-17 00:00:00+00:00,8.082617,0.0,0.3280583,Alberta
2015-09-18 00:00:00+00:00,11.011367,0.0,0.3247083,Alberta
2015-09-19 00:00:00+00:00,12.800116,0.44,0.32052502,Alberta
2015-09-20 00:00:00+00:00,12.495115,0.7,0.3168333,Alberta
2015-09-21 00:00:00+00:00,8.222616,2.72,0.317,Alberta
2015-09-22 00:00:00+00:00,7.204699,1.0,0.31808335,Alberta
2015-09-23 00:00:00+00:00,9.298033,0.66,0.31760836,Alberta
2015-09-24 00:00:00+00:00,11.29845,0.0,0.31560832,Alberta
2015-09-25 00:00:00+00:00,13.690534,0.17999999,0.31274167,Alberta
2015-09-26 00:00:00+00:00,10.177199,1.64,0.31016666,Alberta
2015-09-27 00:00:00+00:00,8.412617,0.6,0.30919167,Alberta
2015-09-28 00:00:00+00:00,6.9617834,0.0,0.30759162,Alberta
2015-09-29 00:00:00+00:00,10.603868,0.0,0.30550832,Alberta
2015-09-30 00:00:00+00:00,12.770534,0.0,0.30301666,Alberta
2015-10-01 00:00:00+00:00,13.324699,0.0,0.3001417,Alberta
2015-10-02 00:00:00+00:00,12.291783,2.1399999,0.29749167,Alberta
2015-10-03 00:00:00+00:00,4.7184496,5.28,0.2997417,Alberta
2015-10-04 00:00:00+00:00,2.8326166,0.22,0.30277497,Alberta
2015-10-05 00:00:00+00:00,3.8222,0.0,0.30335832,Alberta
2015-10-06 00:00:00+00:00,5.743867,0.0,0.30304164,Alberta
2015-10-07 00:00:00+00:00,10.124701,0.08,0.30219167,Alberta
2015-10-08 00:00:00+00:00,10.395534,0.0,0.30094165,Alberta
2015-10-09 00:00:00+00:00,13.607201,0.0,0.29941666,Alberta
2015-10-10 00:00:00+00:00,16.70345,0.0,0.297475,Alberta
2015-10-11 00:00:00+00:00,11.944283,9.4,0.29995,Alberta
2015-10-12 00:00:00+00:00,8.742617,0.36000004,0.31437498,Alberta
2015-10-13 00:00:00+00:00,9.341367,0.0,0.31609166,Alberta
2015-10-14 00:00:00+00:00,8.032617,0.0,0.314875,Alberta
2015-10-15 00:00:00+00:00,5.6863666,0.0,0.31292495,Alberta
2015-10-16 00:00:00+00:00,6.4472,0.0,0.31085834,Alberta
2015-10-17 00:00:00+00:00,8.379283,0.0,0.30865836,Alberta
2015-10-18 00:00:00+00:00,11.125951,0.22,0.3064,Alberta
2015-10-19 00:00:00+00:00,8.801784,0.34,0.304475,Alberta
2015-10-20 00:00:00+00:00,8.469283,0.86,0.30331668,Alberta
2015-10-21 00:00:00+00:00,8.1522,0.0,0.30216667,Alberta
2015-10-22 00:00:00+00:00,9.5147,0.0,0.300775,Alberta
2015-10-23 00:00:00+00:00,6.0513663,0.02,0.29921666,Alberta
2015-10-24 00:00:00+00:00,4.076367,0.16,0.297825,Alberta
2015-10-25 00:00:00+00:00,2.2684503,0.0,0.29675826,Alberta
2015-10-26 00:00:00+00:00,3.4147003,0.58000004,0.29569167,Alberta
2015-10-27 00:00:00+00:00,2.4447,1.56,0.29575,Alberta
2015-10-28 00:00:00+00:00,0.40678334,0.0,0.29604167,Alberta
2015-10-29 00:00:00+00:00,2.5888667,0.0,0.29586673,Alberta
2015-10-30 00:00:00+00:00,4.6522,0.060000002,0.2954417,Alberta
2015-10-31 00:00:00+00:00,3.9276168,0.74,0.29525834,Alberta
2015-11-01 00:00:00+00:00,3.2501168,4.8199997,0.29688334,Alberta
2015-11-02 00:00:00+00:00,1.1105334,2.86,0.30252498,Alberta
2015-11-03 00:00:00+00:00,-0.124466635,0.120000005,0.30689162,Alberta
2015-11-04 00:00:00+00:00,-0.6640499,0.1,0.30875832,Alberta
2015-11-05 00:00:00+00:00,-0.5698833,0.2,0.30960834,Alberta
2015-11-06 00:00:00+00:00,-1.0623834,0.04,0.31,Alberta
2015-11-07 00:00:00+00:00,3.0476165,0.120000005,0.309825,Alberta
2015-11-08 00:00:00+00:00,2.0638666,1.34,0.31045836,Alberta
2015-11-09 00:00:00+00:00,-0.14571674,1.6200001,0.3122584,Alberta
2015-11-10 00:00:00+00:00,-1.4611334,0.58,0.3129667,Alberta
2015-11-11 00:00:00+00:00,0.2547,0.32,0.3127084,Alberta
2015-11-12 00:00:00+00:00,-0.93821657,0.120000005,0.31220835,Alberta
2015-11-13 00:00:00+00:00,2.0101166,0.16,0.3115167,Alberta
2015-11-14 00:00:00+00:00,1.3026168,0.48000002,0.31126672,Alberta
2015-11-15 00:00:00+00:00,0.20803332,1.6600001,0.31180835,Alberta
2015-11-16 00:00:00+00:00,-0.9644667,1.1000001,0.31218335,Alberta
2015-11-17 00:00:00+00:00,-1.02655,0.45999998,0.31227502,Alberta
2015-11-18 00:00:00+00:00,-5.0119667,4.12,0.31285006,Alberta
2015-11-19 00:00:00+00:00,-8.580717,0.060000002,0.3140083,Alberta
2015-11-20 00:00:00+00:00,-8.747801,0.120000005,0.31424165,Alberta
2015-11-21 00:00:00+00:00,-2.7157168,0.0,0.31419167,Alberta
2015-11-22 00:00:00+00:00,2.0321999,0.02,0.31397504,Alberta
2015-11-23 00:00:00+00:00,-2.6444669,0.7,0.313825,Alberta
2015-11-24 00:00:00+00:00,-6.010717,4.2200003,0.31365836,Alberta
2015-11-25 00:00:00+00:00,-13.561966,0.120000005,0.31343335,Alberta
2015-11-26 00:00:00+00:00,-10.356966,0.0,0.313225,Alberta
2015-11-27 00:00:00+00:00,-4.4715505,0.0,0.31280833,Alberta
2015-11-28 00:00:00+00:00,-7.144883,0.0,0.312375,Alberta
2015-11-29 00:00:00+00:00,-7.752383,0.0,0.31203333,Alberta
2015-11-30 00:00:00+00:00,-8.843634,0.0,0.31162503,Alberta
2015-12-01 00:00:00+00:00,-8.473216,0.0,0.31135833,Alberta
2015-12-02 00:00:00+00:00,-3.5377998,0.04,0.31110835,Alberta
2015-12-03 00:00:00+00:00,-1.4165499,0.02,0.310575,Alberta
2015-12-04 00:00:00+00:00,0.36928338,0.02,0.31051663,Alberta
2015-12-05 00:00:00+00:00,-1.97155,0.0,0.31064162,Alberta
2015-12-06 00:00:00+00:00,-2.3619668,0.0,0.31057495,Alberta
2015-12-07 00:00:00+00:00,-0.91155016,0.04,0.31064168,Alberta
2015-12-08 00:00:00+00:00,-0.8944666,0.52000004,0.31084174,Alberta
2015-12-09 00:00:00+00:00,-1.2369668,4.08,0.31236672,Alberta
2015-12-10 00:00:00+00:00,-3.7282166,0.28000003,0.3166917,Alberta
2015-12-11 00:00:00+00:00,-2.5986333,0.28000003,0.3180167,Alberta
2015-12-12 00:00:00+00:00,-4.876133,0.04,0.3185334,Alberta
2015-12-13 00:00:00+00:00,-3.9636333,0.32,0.31880838,Alberta
2015-12-14 00:00:00+00:00,-5.417383,0.26000002,0.31840834,Alberta
2015-12-15 00:00:00+00:00,-8.134466,0.24000001,0.31855,Alberta
2015-12-16 00:00:00+00:00,-8.5528,0.87999994,0.31816667,Alberta
2015-12-17 00:00:00+00:00,-13.193634,0.0,0.3176833,Alberta
2015-12-18 00:00:00+00:00,-14.694468,1.1,0.31739998,Alberta
2015-12-19 00:00:00+00:00,-11.886966,0.98,0.31693333,Alberta
2015-12-20 00:00:00+00:00,-10.7153,0.1,0.31655833,Alberta
2015-12-21 00:00:00+00:00,-9.261549,0.0,0.3161417,Alberta
2015-12-22 00:00:00+00:00,-13.106134,0.34000003,0.31572497,Alberta
2015-12-23 00:00:00+00:00,-13.831134,0.02,0.31534165,Alberta
2015-12-24 00:00:00+00:00,-15.038218,0.68,0.31488332,Alberta
2015-12-25 00:00:00+00:00,-18.015299,0.120000005,0.31439167,Alberta
2015-12-26 00:00:00+00:00,-18.831549,0.0,0.31385002,Alberta
2015-12-27 00:00:00+00:00,-12.319883,0.0,0.31357503,Alberta
2015-12-28 00:00:00+00:00,-13.157801,0.58000004,0.3131333,Alberta
2015-12-29 00:00:00+00:00,-14.017385,0.36000004,0.31265834,Alberta
2015-12-30 00:00:00+00:00,-14.227384,0.0,0.31220832,Alberta
2015-12-31 00:00:00+00:00,-10.064466,0.0,0.31184998,Alberta
2016-01-01 00:00:00+00:00,-6.59905,0.0,0.31152496,Alberta
2016-01-02 00:00:00+00:00,-9.588217,0.0,0.3112,Alberta
2016-01-03 00:00:00+00:00,-12.6807165,0.0,0.31086665,Alberta
2016-01-04 00:00:00+00:00,-12.272383,0.0,0.31040832,Alberta
2016-01-05 00:00:00+00:00,-13.907382,0.0,0.3102,Alberta
2016-01-06 00:00:00+00:00,-12.49655,0.14000002,0.30985004,Alberta
2016-01-07 00:00:00+00:00,-11.3403,1.4000001,0.30940837,Alberta
2016-01-08 00:00:00+00:00,-15.247385,0.1,0.30935007,Alberta
2016-01-09 00:00:00+00:00,-17.334885,0.0,0.30900842,Alberta
2016-01-10 00:00:00+00:00,-12.814882,0.0,0.30875838,Alberta
2016-01-11 00:00:00+00:00,-8.904883,0.24000001,0.3082834,Alberta
2016-01-12 00:00:00+00:00,-7.2478004,0.0,0.30800837,Alberta
2016-01-13 00:00:00+00:00,-4.27155,0.45999998,0.30785832,Alberta
2016-01-14 00:00:00+00:00,-4.303217,3.0800002,0.3079167,Alberta
2016-01-15 00:00:00+00:00,-13.447383,0.86,0.30789167,Alberta
2016-01-16 00:00:00+00:00,-20.259048,0.02,0.30766672,Alberta
2016-01-17 00:00:00+00:00,-19.86655,0.55999994,0.3074417,Alberta
2016-01-18 00:00:00+00:00,-10.63655,0.8,0.3072167,Alberta
2016-01-19 00:00:00+00:00,-10.0678,0.0,0.30706668,Alberta
2016-01-20 00:00:00+00:00,-10.104467,0.58000004,0.30684167,Alberta
2016-01-21 00:00:00+00:00,-10.434466,0.0,0.30679998,Alberta
2016-01-22 00:00:00+00:00,-4.159883,0.52000004,0.3066333,Alberta
2016-01-23 00:00:00+00:00,-3.453633,3.9599998,0.30776668,Alberta
2016-01-24 00:00:00+00:00,-6.098634,1.9800003,0.30915835,Alberta
2016-01-25 00:00:00+00:00,-8.416133,0.0,0.31000003,Alberta
2016-01-26 00:00:00+00:00,-2.677383,0.1,0.31045002,Alberta
2016-01-27 00:00:00+00:00,1.8842834,1.68,0.31155005,Alberta
2016-01-28 00:00:00+00:00,2.5172,0.38,0.31520835,Alberta
2016-01-29 00:00:00+00:00,1.7667834,0.08,0.3251833,Alberta
2016-01-30 00:00:00+00:00,-4.47655,0.0,0.32980832,Alberta
2016-01-31 00:00:00+00:00,-5.9948835,0.38,0.33184165,Alberta
2016-02-01 00:00:00+00:00,-7.283633,0.0,0.33286664,Alberta
2016-02-02 00:00:00+00:00,-7.95905,0.060000002,0.33339995,Alberta
2016-02-03 00:00:00+00:00,-9.439883,0.0,0.33353335,Alberta
2016-02-04 00:00:00+00:00,-8.0303,0.02,0.33344167,Alberta
2016-02-05 00:00:00+00:00,-2.5286336,0.16,0.33305,Alberta
2016-02-06 00:00:00+00:00,2.2234502,0.36,0.333475,Alberta
2016-02-07 00:00:00+00:00,-1.7032166,0.14,0.334175,Alberta
2016-02-08 00:00:00+00:00,-1.2673833,0.16,0.3345917,Alberta
2016-02-09 00:00:00+00:00,2.0767834,0.1,0.33620834,Alberta
2016-02-10 00:00:00+00:00,0.33553338,0.0,0.34384164,Alberta
2016-02-11 00:00:00+00:00,-1.9411335,2.22,0.34715003,Alberta
2016-02-12 00:00:00+00:00,-4.980716,0.120000005,0.34888333,Alberta
2016-02-13 00:00:00+00:00,-1.1482166,2.02,0.34915835,Alberta
2016-02-14 00:00:00+00:00,-0.25404996,0.04,0.34933332,Alberta
2016-02-15 00:00:00+00:00,1.4117835,1.3800001,0.3495417,Alberta
2016-02-16 00:00:00+00:00,-0.46571666,0.22000003,0.35026664,Alberta
2016-02-17 00:00:00+00:00,-0.99071676,0.0,0.3505833,Alberta
2016-02-18 00:00:00+00:00,-0.68904996,0.3,0.35070837,Alberta
2016-02-19 00:00:00+00:00,-2.8398833,2.7,0.35179996,Alberta
2016-02-20 00:00:00+00:00,-6.705301,0.76000005,0.35274166,Alberta
2016-02-21 00:00:00+00:00,-2.6723835,0.08,0.35261664,Alberta
2016-02-22 00:00:00+00:00,-2.7386334,0.0,0.35219163,Alberta
2016-02-23 00:00:00+00:00,-1.0548834,0.0,0.35176665,Alberta
2016-02-24 00:00:00+00:00,-3.8053002,0.0,0.35124168,Alberta
2016-02-25 00:00:00+00:00,-1.1844668,0.060000002,0.35072505,Alberta
2016-02-26 00:00:00+00:00,2.2126167,0.0,0.35192505,Alberta
2016-02-27 00:00:00+00:00,2.7472003,1.1200001,0.3613917,Alberta
2016-02-28 00:00:00+00:00,-2.2819667,0.52,0.3697417,Alberta
2016-02-29 00:00:00+00:00,-7.9515495,0.64000005,0.3699667,Alberta
2016-03-01 00:00:00+00:00,-3.9623837,0.0,0.36865002,Alberta
2016-03-02 00:00:00+00:00,-1.8161333,0.96000004,0.36941665,Alberta
2016-03-03 00:00:00+00:00,-0.59363335,1.4599999,0.36939168,Alberta
2016-03-04 00:00:00+00:00,-0.5757168,0.1,0.3704667,Alberta
2016-03-05 00:00:00+00:00,2.2892833,0.2,0.37395835,Alberta
2016-03-06 00:00:00+00:00,0.17969999,0.5400001,0.37842494,Alberta
2016-03-07 00:00:00+00:00,1.1747,3.3200002,0.37937498,Alberta
2016-03-08 00:00:00+00:00,-0.2136333,0.6,0.3799,Alberta
2016-03-09 00:00:00+00:00,-0.61321676,0.0,0.38054165,Alberta
2016-03-10 00:00:00+00:00,2.2555332,0.38000003,0.3821833,Alberta
2016-03-11 00:00:00+00:00,4.4467835,0.17999999,0.38465,Alberta
2016-03-12 00:00:00+00:00,4.18095,0.1,0.38339168,Alberta
2016-03-13 00:00:00+00:00,3.33845,2.56,0.38260835,Alberta
2016-03-14 00:00:00+00:00,-0.085300066,0.32000002,0.38035837,Alberta
2016-03-15 00:00:00+00:00,-0.26154998,0.64,0.37639996,Alberta
2016-03-16 00:00:00+00:00,-0.67405003,0.58000004,0.37429997,Alberta
2016-03-17 00:00:00+00:00,-1.93155,0.32,0.37145,Alberta
2016-03-18 00:00:00+00:00,-2.1319666,0.02,0.36879164,Alberta
2016-03-19 00:00:00+00:00,-0.36446676,0.0,0.36784166,Alberta
2016-03-20 00:00:00+00:00,1.5022,0.0,0.36765003,Alberta
2016-03-21 00:00:00+00:00,1.0242833,2.7800002,0.36681664,Alberta
2016-03-22 00:00:00+00:00,-1.8736334,2.4399998,0.3647583,Alberta
2016-03-23 00:00:00+00:00,-1.4653002,0.1,0.36322498,Alberta
2016-03-24 00:00:00+00:00,0.91220015,2.1200001,0.36331668,Alberta
2016-03-25 00:00:00+00:00,-0.6848833,2.54,0.36405832,Alberta
2016-03-26 00:00:00+00:00,1.3876168,0.1,0.36828333,Alberta
2016-03-27 00:00:00+00:00,2.4155333,0.0,0.37355,Alberta
2016-03-28 00:00:00+00:00,3.2472,0.5,0.37609166,Alberta
2016-03-29 00:00:00+00:00,4.0197,0.24000001,0.37596667,Alberta
2016-03-30 00:00:00+00:00,6.9813666,0.0,0.373875,Alberta
2016-03-31 00:00:00+00:00,4.2317834,1.6199999,0.37209162,Alberta
2016-04-01 00:00:00+00:00,6.594701,0.0,0.3701083,Alberta
2016-04-02 00:00:00+00:00,10.42345,0.0,0.3655333,Alberta
2016-04-03 00:00:00+00:00,8.09845,0.26,0.36031663,Alberta
2016-04-04 00:00:00+00:00,5.6242833,0.0,0.35655835,Alberta
2016-04-05 00:00:00+00:00,5.861783,2.4,0.3539583,Alberta
2016-04-06 00:00:00+00:00,8.35345,0.34,0.35213333,Alberta
2016-04-07 00:00:00+00:00,6.368867,0.0,0.3491667,Alberta
2016-04-08 00:00:00+00:00,8.464701,0.0,0.3455333,Alberta
2016-04-09 00:00:00+00:00,9.5997,0.88,0.34174997,Alberta
2016-04-10 00:00:00+00:00,2.39345,0.0,0.3391667,Alberta
2016-04-11 00:00:00+00:00,3.983033,0.0,0.33640832,Alberta
2016-04-12 00:00:00+00:00,8.92095,0.08,0.3331917,Alberta
2016-04-13 00:00:00+00:00,8.449283,1.0600001,0.32982498,Alberta
2016-04-14 00:00:00+00:00,4.4697,1.1,0.328875,Alberta
2016-04-15 00:00:00+00:00,4.47845,0.9000001,0.32769164,Alberta
2016-04-16 00:00:00+00:00,8.033033,0.02,0.32507497,Alberta
2016-04-17 00:00:00+00:00,10.637617,0.0,0.3214583,Alberta
2016-04-18 00:00:00+00:00,13.273033,0.0,0.31725004,Alberta
2016-04-19 00:00:00+00:00,14.740117,0.0,0.3124,Alberta
2016-04-20 00:00:00+00:00,11.509284,0.0,0.30773333,Alberta
2016-04-21 00:00:00+00:00,8.398867,0.0,0.30389166,Alberta
2016-04-22 00:00:00+00:00,7.993867,0.91999996,0.30081663,Alberta
2016-04-23 00:00:00+00:00,6.1426167,1.7400001,0.2987417,Alberta
2016-04-24 00:00:00+00:00,4.0538664,2.22,0.2982,Alberta
2016-04-25 00:00:00+00:00,3.9230335,2.9,0.29834998,Alberta
2016-04-26 00:00:00+00:00,5.5222,1.26,0.29955,Alberta
2016-04-27 00:00:00+00:00,7.071367,0.0,0.30155,Alberta
2016-04-28 00:00:00+00:00,8.0276165,0.52000004,0.30284166,Alberta
2016-04-29 00:00:00+00:00,9.084284,0.08,0.30229998,Alberta
2016-04-30 00:00:00+00:00,9.689283,0.120000005,0.30050835,Alberta
2016-05-01 00:00:00+00:00,11.627617,0.0,0.29833335,Alberta
2016-05-02 00:00:00+00:00,15.3597,0.0,0.294575,Alberta
2016-05-03 00:00:00+00:00,17.861782,0.0,0.29018334,Alberta
2016-05-04 00:00:00+00:00,18.427616,0.0,0.28547496,Alberta
2016-05-05 00:00:00+00:00,14.436368,0.82,0.28106666,Alberta
2016-05-06 00:00:00+00:00,12.168867,0.0,0.278625,Alberta
2016-05-07 00:00:00+00:00,16.231783,0.0,0.27479166,Alberta
2016-05-08 00:00:00+00:00,15.410533,2.46,0.27072495,Alberta
2016-05-09 00:00:00+00:00,8.160949,3.8799999,0.27125832,Alberta
2016-05-10 00:00:00+00:00,7.6697006,0.060000002,0.27195,Alberta
2016-05-11 00:00:00+00:00,8.436783,0.02,0.27080002,Alberta
2016-05-12 00:00:00+00:00,7.086366,2.36,0.26917496,Alberta
2016-05-13 00:00:00+00:00,6.8555336,0.18,0.26879162,Alberta
2016-05-14 00:00:00+00:00,9.816366,0.0,0.26745,Alberta
2016-05-15 00:00:00+00:00,11.977617,0.0,0.26494163,Alberta
2016-05-16 00:00:00+00:00,14.315117,0.0,0.26200002,Alberta
2016-05-17 00:00:00+00:00,16.3097,0.1,0.25866666,Alberta
2016-05-18 00:00:00+00:00,17.3372,0.1,0.25589997,Alberta
2016-05-19 00:00:00+00:00,14.2134495,6.38,0.253225,Alberta
2016-05-20 00:00:00+00:00,7.4567833,15.859998,0.26464167,Alberta
2016-05-21 00:00:00+00:00,5.27095,5.66,0.28247496,Alberta
2016-05-22 00:00:00+00:00,5.7101164,16.36,0.31293336,Alberta
2016-05-23 00:00:00+00:00,6.9280334,7.8000007,0.36382502,Alberta
2016-05-24 00:00:00+00:00,9.990117,0.58000004,0.37658337,Alberta
2016-05-25 00:00:00+00:00,12.84845,0.65999997,0.37245834,Alberta
2016-05-26 00:00:00+00:00,14.223033,1.6,0.36713332,Alberta
2016-05-27 00:00:00+00:00,12.4222,6.5,0.36720833,Alberta
2016-05-28 00:00:00+00:00,10.696367,4.04,0.36985,Alberta
2016-05-29 00:00:00+00:00,11.1126175,2.08,0.365825,Alberta
2016-05-30 00:00:00+00:00,10.041366,12.52,0.3732,Alberta
2016-05-31 00:00:00+00:00,10.569699,1.7,0.38770834,Alberta
2016-06-01 00:00:00+00:00,13.908869,0.34,0.37906668,Alberta
2016-06-02 00:00:00+00:00,15.279699,2.2,0.3694083,Alberta
2016-06-03 00:00:00+00:00,14.997617,1.12,0.36545,Alberta
2016-06-04 00:00:00+00:00,17.355534,0.0,0.356,Alberta
2016-06-05 00:00:00+00:00,17.365534,0.0,0.34555,Alberta
2016-06-06 00:00:00+00:00,19.16595,0.14,0.33529168,Alberta
2016-06-07 00:00:00+00:00,21.116785,0.58000004,0.325875,Alberta
2016-06-08 00:00:00+00:00,19.807617,2.02,0.318,Alberta
2016-06-09 00:00:00+00:00,17.016783,8.3,0.31980833,Alberta
2016-06-10 00:00:00+00:00,13.52345,1.14,0.32460836,Alberta
2016-06-11 00:00:00+00:00,13.460533,10.139999,0.32359165,Alberta
2016-06-12 00:00:00+00:00,13.393033,1.0999999,0.33865,Alberta
2016-06-13 00:00:00+00:00,15.037198,0.24000001,0.33289167,Alberta
2016-06-14 00:00:00+00:00,14.769284,1.04,0.32559165,Alberta
2016-06-15 00:00:00+00:00,11.990533,5.84,0.32588333,Alberta
2016-06-16 00:00:00+00:00,11.54595,7.339999,0.32613337,Alberta
2016-06-17 00:00:00+00:00,11.9222,2.96,0.324825,Alberta
2016-06-18 00:00:00+00:00,14.601782,0.02,0.31986666,Alberta
2016-06-19 00:00:00+00:00,15.069284,3.7,0.31391665,Alberta
2016-06-20 00:00:00+00:00,16.361784,0.26000002,0.30985835,Alberta
2016-06-21 00:00:00+00:00,17.605951,2.2599998,0.3038583,Alberta
2016-06-22 00:00:00+00:00,16.89845,1.24,0.3008417,Alberta
2016-06-23 00:00:00+00:00,17.953033,0.38,0.29661667,Alberta
2016-06-24 00:00:00+00:00,16.603033,4.72,0.29248333,Alberta
2016-06-25 00:00:00+00:00,15.0709505,4.7,0.29387498,Alberta
2016-06-26 00:00:00+00:00,16.4972,4.2599998,0.30015832,Alberta
2016-06-27 00:00:00+00:00,18.153034,0.72,0.301575,Alberta
2016-06-28 00:00:00+00:00,19.6672,0.68,0.29728335,Alberta
2016-06-29 00:00:00+00:00,19.716366,0.88,0.29225835,Alberta
2016-06-30 00:00:00+00:00,19.472616,6.6399994,0.287625,Alberta
2016-07-01 00:00:00+00:00,17.888035,4.9000006,0.30403334,Alberta
2016-07-02 00:00:00+00:00,18.036366,5.3200006,0.31241667,Alberta
2016-07-03 00:00:00+00:00,18.598866,7.22,0.3199834,Alberta
2016-07-04 00:00:00+00:00,15.6722,2.3400002,0.33260003,Alberta
2016-07-05 00:00:00+00:00,14.852199,0.64,0.3323667,Alberta
2016-07-06 00:00:00+00:00,15.198868,2.78,0.32801664,Alberta
2016-07-07 00:00:00+00:00,15.83345,3.18,0.32969168,Alberta
2016-07-08 00:00:00+00:00,17.017618,5.44,0.33305,Alberta
2016-07-09 00:00:00+00:00,16.928452,2.54,0.33124167,Alberta
2016-07-10 00:00:00+00:00,16.088034,7.22,0.33311662,Alberta
2016-07-11 00:00:00+00:00,15.8072,7.0,0.35476664,Alberta
2016-07-12 00:00:00+00:00,16.885952,3.16,0.35735837,Alberta
2016-07-13 00:00:00+00:00,16.350117,2.5399997,0.35425,Alberta
2016-07-14 00:00:00+00:00,15.933034,2.4,0.35394996,Alberta
2016-07-15 00:00:00+00:00,15.653867,6.6,0.353025,Alberta
2016-07-16 00:00:00+00:00,15.460116,11.5199995,0.36630836,Alberta
2016-07-17 00:00:00+00:00,16.231785,2.8600001,0.36348328,Alberta
2016-07-18 00:00:00+00:00,16.881367,0.86,0.35744998,Alberta
2016-07-19 00:00:00+00:00,18.799284,1.5,0.34839165,Alberta
2016-07-20 00:00:00+00:00,18.835117,4.3599997,0.34093332,Alberta
2016-07-21 00:00:00+00:00,18.250532,3.1200001,0.34365836,Alberta
2016-07-22 00:00:00+00:00,18.058867,0.85999995,0.33865002,Alberta
2016-07-23 00:00:00+00:00,18.2472,0.1,0.33143336,Alberta
2016-07-24 00:00:00+00:00,18.53595,0.16,0.32411665,Alberta
2016-07-25 00:00:00+00:00,19.00095,0.58000004,0.3161916,Alberta
2016-07-26 00:00:00+00:00,19.412199,1.78,0.3103,Alberta
2016-07-27 00:00:00+00:00,19.492199,2.2199998,0.30613333,Alberta
2016-07-28 00:00:00+00:00,20.065533,0.62,0.30145833,Alberta
2016-07-29 00:00:00+00:00,19.820118,3.6200001,0.29994166,Alberta
2016-07-30 00:00:00+00:00,19.731785,3.6799998,0.30025,Alberta
2016-07-31 00:00:00+00:00,15.5588665,10.88,0.31043333,Alberta
2016-08-01 00:00:00+00:00,15.1109495,2.0,0.33037502,Alberta
2016-08-02 00:00:00+00:00,17.175116,0.96000004,0.32975,Alberta
2016-08-03 00:00:00+00:00,16.22845,5.7400007,0.3311167,Alberta
2016-08-04 00:00:00+00:00,16.394283,1.38,0.33765,Alberta
2016-08-05 00:00:00+00:00,17.587616,0.44,0.33381665,Alberta
2016-08-06 00:00:00+00:00,17.863033,3.0800004,0.329575,Alberta
2016-08-07 00:00:00+00:00,17.610119,6.6800003,0.33825836,Alberta
2016-08-08 00:00:00+00:00,16.914282,4.46,0.34591666,Alberta
2016-08-09 00:00:00+00:00,17.243032,1.6200001,0.34542498,Alberta
2016-08-10 00:00:00+00:00,16.468866,8.4,0.34564167,Alberta
2016-08-11 00:00:00+00:00,17.208033,2.82,0.35840002,Alberta
2016-08-12 00:00:00+00:00,17.051367,0.96000004,0.35414165,Alberta
2016-08-13 00:00:00+00:00,18.011784,0.120000005,0.34785834,Alberta
2016-08-14 00:00:00+00:00,19.215117,0.14,0.34020835,Alberta
2016-08-15 00:00:00+00:00,18.878866,0.28,0.33305,Alberta
2016-08-16 00:00:00+00:00,19.965115,0.22,0.32579166,Alberta
2016-08-17 00:00:00+00:00,18.255533,1.02,0.31896672,Alberta
2016-08-18 00:00:00+00:00,15.375116,1.4800001,0.31425834,Alberta
2016-08-19 00:00:00+00:00,14.7897005,0.4,0.3114167,Alberta
2016-08-20 00:00:00+00:00,17.259281,0.060000002,0.30724996,Alberta
2016-08-21 00:00:00+00:00,18.300533,1.9200001,0.3023417,Alberta
2016-08-22 00:00:00+00:00,15.888865,18.98,0.31371665,Alberta
2016-08-23 00:00:00+00:00,13.306783,10.4800005,0.36157498,Alberta
2016-08-24 00:00:00+00:00,14.222616,0.22000003,0.35730833,Alberta
2016-08-25 00:00:00+00:00,14.419699,4.54,0.35045832,Alberta
2016-08-26 00:00:00+00:00,13.985533,0.35999998,0.3507917,Alberta
2016-08-27 00:00:00+00:00,15.908867,5.2799997,0.34911665,Alberta
2016-08-28 00:00:00+00:00,11.7671995,3.7399998,0.352825,Alberta
2016-08-29 00:00:00+00:00,11.9251175,0.0,0.34853333,Alberta
2016-08-30 00:00:00+00:00,15.4847,0.82,0.34265834,Alberta
2016-08-31 00:00:00+00:00,17.813034,2.9600003,0.33995834,Alberta
2016-09-01 00:00:00+00:00,18.0572,3.1000001,0.34026664,Alberta
2016-09-02 00:00:00+00:00,14.0484495,2.3600001,0.33374166,Alberta
2016-09-03 00:00:00+00:00,10.857617,2.98,0.3356333,Alberta
2016-09-04 00:00:00+00:00,8.308033,0.94000006,0.33918333,Alberta
2016-09-05 00:00:00+00:00,9.460533,0.02,0.337475,Alberta
2016-09-06 00:00:00+00:00,10.791367,2.06,0.33504167,Alberta
2016-09-07 00:00:00+00:00,11.45845,0.44,0.3342417,Alberta
2016-09-08 00:00:00+00:00,12.030534,1.6800001,0.33084166,Alberta
2016-09-09 00:00:00+00:00,11.350533,0.5,0.32912502,Alberta
2016-09-10 00:00:00+00:00,14.505949,1.1199999,0.32778335,Alberta
2016-09-11 00:00:00+00:00,9.64595,5.6400003,0.32871667,Alberta
2016-09-12 00:00:00+00:00,6.868033,0.8000001,0.33332503,Alberta
2016-09-13 00:00:00+00:00,9.9347,0.0,0.33274168,Alberta
2016-09-14 00:00:00+00:00,14.085116,0.0,0.32918334,Alberta
2016-09-15 00:00:00+00:00,14.962199,0.0,0.32500002,Alberta
2016-09-16 00:00:00+00:00,15.769284,0.0,0.321,Alberta
2016-09-17 00:00:00+00:00,15.518033,1.8600003,0.31765,Alberta
2016-09-18 00:00:00+00:00,12.539282,4.54,0.32214165,Alberta
2016-09-19 00:00:00+00:00,10.366783,0.56,0.32460004,Alberta
2016-09-20 00:00:00+00:00,8.74345,2.1399999,0.32363328,Alberta
2016-09-21 00:00:00+00:00,8.2972,0.5,0.32698336,Alberta
2016-09-22 00:00:00+00:00,9.207617,1.8400002,0.32618335,Alberta
2016-09-23 00:00:00+00:00,10.632617,0.46000004,0.3254667,Alberta
2016-09-24 00:00:00+00:00,10.870117,0.2,0.32455,Alberta
2016-09-25 00:00:00+00:00,9.585115,0.0,0.32225838,Alberta
2016-09-26 00:00:00+00:00,12.536783,0.0,0.31973332,Alberta
2016-09-27 00:00:00+00:00,13.970533,0.28000003,0.31662497,Alberta
2016-09-28 00:00:00+00:00,8.784284,0.04,0.31422502,Alberta
2016-09-29 00:00:00+00:00,8.636783,0.0,0.31224996,Alberta
2016-09-30 00:00:00+00:00,10.456783,2.0,0.3105167,Alberta
2016-10-01 00:00:00+00:00,8.9872,13.479999,0.32218337,Alberta
2016-10-02 00:00:00+00:00,7.3492837,1.46,0.35155836,Alberta
2016-10-03 00:00:00+00:00,6.429283,0.0,0.3492333,Alberta
2016-10-04 00:00:00+00:00,6.3434496,0.2,0.34541664,Alberta
2016-10-05 00:00:00+00:00,3.4226165,0.060000002,0.3426,Alberta
2016-10-06 00:00:00+00:00,1.06595,0.0,0.3401583,Alberta
2016-10-07 00:00:00+00:00,0.35845003,1.72,0.33795,Alberta
2016-10-08 00:00:00+00:00,0.15428331,1.2800001,0.33624998,Alberta
2016-10-09 00:00:00+00:00,0.86011696,5.66,0.33503333,Alberta
2016-10-10 00:00:00+00:00,-1.12155,3.0400002,0.33414164,Alberta
2016-10-11 00:00:00+00:00,-2.0244668,0.0,0.33346668,Alberta
2016-10-12 00:00:00+00:00,-2.3915503,0.0,0.3333333,Alberta
2016-10-13 00:00:00+00:00,-1.5448835,0.5,0.33405,Alberta
2016-10-14 00:00:00+00:00,-0.011133361,7.9399996,0.33604166,Alberta
2016-10-15 00:00:00+00:00,-0.10196652,1.0800002,0.3392333,Alberta
2016-10-16 00:00:00+00:00,1.7951168,1.36,0.34129995,Alberta
2016-10-17 00:00:00+00:00,0.34511656,0.04,0.34518334,Alberta
2016-10-18 00:00:00+00:00,0.09803338,0.40000004,0.34700003,Alberta
2016-10-19 00:00:00+00:00,0.6051165,0.3,0.349075,Alberta
2016-10-20 00:00:00+00:00,2.6955333,0.1,0.35397497,Alberta
2016-10-21 00:00:00+00:00,3.483867,0.38000005,0.36241665,Alberta
2016-10-22 00:00:00+00:00,2.4980333,0.0,0.36745003,Alberta
2016-10-23 00:00:00+00:00,1.6780335,0.0,0.36875004,Alberta
2016-10-24 00:00:00+00:00,1.4621999,0.120000005,0.36873323,Alberta
2016-10-25 00:00:00+00:00,2.6551166,0.9,0.36800003,Alberta
2016-10-26 00:00:00+00:00,2.7788665,1.2,0.37034163,Alberta
2016-10-27 00:00:00+00:00,3.5701168,0.43999997,0.36926663,Alberta
2016-10-28 00:00:00+00:00,2.3372002,1.5200001,0.3689583,Alberta
2016-10-29 00:00:00+00:00,2.6601167,0.0,0.36856666,Alberta
2016-10-30 00:00:00+00:00,3.4872003,0.3,0.36799994,Alberta
2016-10-31 00:00:00+00:00,1.6826165,2.68,0.36744994,Alberta
2016-11-01 00:00:00+00:00,1.0272,1.72,0.3701667,Alberta
2016-11-02 00:00:00+00:00,1.6955335,0.1,0.37026668,Alberta
2016-11-03 00:00:00+00:00,5.818033,0.0,0.36994165,Alberta
2016-11-04 00:00:00+00:00,6.5772004,0.0,0.37046665,Alberta
2016-11-05 00:00:00+00:00,8.305532,0.08,0.36969998,Alberta
2016-11-06 00:00:00+00:00,6.50595,2.04,0.36844167,Alberta
2016-11-07 00:00:00+00:00,3.471367,0.42,0.3706,Alberta
2016-11-08 00:00:00+00:00,8.769283,0.1,0.37008336,Alberta
2016-11-09 00:00:00+00:00,9.530534,0.0,0.36795837,Alberta
2016-11-10 00:00:00+00:00,4.7855334,0.0,0.36569995,Alberta
2016-11-11 00:00:00+00:00,6.4147005,0.0,0.36343333,Alberta
2016-11-12 00:00:00+00:00,6.3247004,0.3,0.36124167,Alberta
2016-11-13 00:00:00+00:00,5.87845,0.87999994,0.3604583,Alberta
2016-11-14 00:00:00+00:00,5.557617,0.68,0.3602333,Alberta
2016-11-15 00:00:00+00:00,1.5167834,1.3599999,0.35975838,Alberta
2016-11-16 00:00:00+00:00,0.0176167,1.6400001,0.35905832,Alberta
2016-11-17 00:00:00+00:00,-3.1419666,0.5,0.35824168,Alberta
2016-11-18 00:00:00+00:00,-4.562383,0.0,0.35741666,Alberta
2016-11-19 00:00:00+00:00,-3.6757164,0.32,0.356575,Alberta
2016-11-20 00:00:00+00:00,-3.2765503,0.44,0.35569164,Alberta
2016-11-21 00:00:00+00:00,-1.5632167,0.45999998,0.35499996,Alberta
2016-11-22 00:00:00+00:00,-1.8678001,0.0,0.354475,Alberta
2016-11-23 00:00:00+00:00,-2.1078,0.04,0.35386667,Alberta
2016-11-24 00:00:00+00:00,-2.4307165,0.1,0.35325,Alberta
2016-11-25 00:00:00+00:00,-0.45154992,0.04,0.35249168,Alberta
2016-11-26 00:00:00+00:00,-2.5978,0.0,0.35204166,Alberta
2016-11-27 00:00:00+00:00,-2.4986336,0.6,0.35135835,Alberta
2016-11-28 00:00:00+00:00,-4.1769667,0.02,0.35091668,Alberta
2016-11-29 00:00:00+00:00,-5.5923834,0.0,0.35043335,Alberta
2016-11-30 00:00:00+00:00,-5.5648837,0.0,0.34982505,Alberta
2016-12-01 00:00:00+00:00,-3.9578,0.66,0.34918326,Alberta
2016-12-02 00:00:00+00:00,-5.2794666,0.24000001,0.34873334,Alberta
2016-12-03 00:00:00+00:00,-1.9394667,0.3,0.34813333,Alberta
2016-12-04 00:00:00+00:00,-4.3719664,2.2800002,0.347475,Alberta
2016-12-05 00:00:00+00:00,-13.811549,0.36000004,0.34710002,Alberta
2016-12-06 00:00:00+00:00,-19.517801,0.0,0.34635827,Alberta
2016-12-07 00:00:00+00:00,-21.274466,0.0,0.3457833,Alberta
2016-12-08 00:00:00+00:00,-23.569468,0.0,0.34516668,Alberta
2016-12-09 00:00:00+00:00,-25.48405,0.0,0.34448332,Alberta
2016-12-10 00:00:00+00:00,-24.1028,0.24000001,0.34400836,Alberta
2016-12-11 00:00:00+00:00,-24.167797,0.0,0.34341672,Alberta
2016-12-12 00:00:00+00:00,-17.41655,0.0,0.3429667,Alberta
2016-12-13 00:00:00+00:00,-15.151134,0.02,0.34265834,Alberta
2016-12-14 00:00:00+00:00,-18.425716,0.0,0.34199166,Alberta
2016-12-15 00:00:00+00:00,-19.820719,0.0,0.3418,Alberta
2016-12-16 00:00:00+00:00,-22.995716,0.0,0.34154168,Alberta
2016-12-17 00:00:00+00:00,-24.60905,0.0,0.34091663,Alberta
2016-12-18 00:00:00+00:00,-9.973633,0.14,0.34074995,Alberta
2016-12-19 00:00:00+00:00,-2.2728,0.45999998,0.34059995,Alberta
2016-12-20 00:00:00+00:00,-4.173633,0.0,0.34029996,Alberta
2016-12-21 00:00:00+00:00,-2.5948832,0.0,0.33993334,Alberta
2016-12-22 00:00:00+00:00,-0.97196656,0.0,0.3396,Alberta
2016-12-23 00:00:00+00:00,-5.9707165,1.0800002,0.3396,Alberta
2016-12-24 00:00:00+00:00,-10.29405,3.8800004,0.33949167,Alberta
2016-12-25 00:00:00+00:00,-15.977798,1.78,0.33910835,Alberta
2016-12-26 00:00:00+00:00,-18.392384,0.0,0.33884162,Alberta
2016-12-27 00:00:00+00:00,-6.8236337,0.0,0.3387083,Alberta
2016-12-28 00:00:00+00:00,-3.3727996,0.0,0.33844164,Alberta
2016-12-29 00:00:00+00:00,-6.04655,0.02,0.33824998,Alberta
2016-12-30 00:00:00+00:00,-7.4836335,0.76000005,0.33805832,Alberta
2017-01-01 00:00:00+00:00,-11.570166,2.0199997,0.33260003,Alberta
2017-01-02 00:00:00+00:00,-18.583084,0.16,0.3323,Alberta
2017-01-03 00:00:00+00:00,-20.980167,0.0,0.33335003,Alberta
2017-01-04 00:00:00+00:00,-13.743502,0.16000001,0.332875,Alberta
2017-01-05 00:00:00+00:00,-9.8085,1.9199998,0.33315003,Alberta
2017-01-06 00:00:00+00:00,-13.893084,0.84000003,0.33300835,Alberta
2017-01-07 00:00:00+00:00,-18.686,0.120000005,0.33305,Alberta
2017-01-08 00:00:00+00:00,-22.894333,0.1,0.332125,Alberta
2017-01-09 00:00:00+00:00,-22.67225,2.3999999,0.33240002,Alberta
2017-01-10 00:00:00+00:00,-21.329334,1.1200001,0.33221668,Alberta
2017-01-11 00:00:00+00:00,-17.584751,0.04,0.3322,Alberta
2017-01-12 00:00:00+00:00,-20.526001,0.08,0.3322,Alberta
2017-01-13 00:00:00+00:00,-11.861417,0.0,0.33182496,Alberta
2017-01-14 00:00:00+00:00,-6.357666,0.0,0.33139998,Alberta
2017-01-15 00:00:00+00:00,-0.7164165,0.0,0.33139998,Alberta
2017-01-16 00:00:00+00:00,-2.2393334,0.0,0.33129162,Alberta
2017-01-17 00:00:00+00:00,2.2827501,0.26,0.33256665,Alberta
2017-01-18 00:00:00+00:00,2.4385834,0.08,0.3348167,Alberta
2017-01-19 00:00:00+00:00,1.0764999,0.08,0.33714163,Alberta
2017-01-20 00:00:00+00:00,-1.3455833,0.1,0.33947498,Alberta
2017-01-21 00:00:00+00:00,-7.1939163,0.18000002,0.3407916,Alberta
2017-01-22 00:00:00+00:00,-6.7576666,0.40000004,0.34125835,Alberta
2017-01-23 00:00:00+00:00,-8.9385,0.48000008,0.34143335,Alberta
2017-01-24 00:00:00+00:00,-10.0935,0.0,0.34092504,Alberta
2017-01-25 00:00:00+00:00,-8.554334,0.0,0.34016666,Alberta
2017-01-26 00:00:00+00:00,-4.3843336,0.0,0.3393666,Alberta
2017-01-27 00:00:00+00:00,-0.9243333,0.0,0.33938327,Alberta
2017-01-28 00:00:00+00:00,2.3535836,0.0,0.33963332,Alberta
2017-01-29 00:00:00+00:00,3.0035834,0.0,0.34149164,Alberta
2017-01-30 00:00:00+00:00,0.14858346,0.8,0.34417498,Alberta
2017-01-31 00:00:00+00:00,-7.8372498,0.68,0.3455083,Alberta
2017-02-01 00:00:00+00:00,-10.94475,0.120000005,0.34556666,Alberta
2017-02-02 00:00:00+00:00,-12.952667,0.0,0.345625,Alberta
2017-02-03 00:00:00+00:00,-13.428083,0.14,0.34501666,Alberta
2017-02-04 00:00:00+00:00,-14.719333,1.4799998,0.34437504,Alberta
2017-02-05 00:00:00+00:00,-17.467667,1.9199998,0.34393337,Alberta
2017-02-06 00:00:00+00:00,-21.357666,3.3800004,0.34354168,Alberta
2017-02-07 00:00:00+00:00,-23.675167,0.32,0.34312502,Alberta
2017-02-08 00:00:00+00:00,-21.840586,0.0,0.34265,Alberta
2017-02-09 00:00:00+00:00,-14.7185,0.2,0.34216666,Alberta
2017-02-10 00:00:00+00:00,-8.711416,1.3399999,0.3419417,Alberta
2017-02-11 00:00:00+00:00,-4.3401666,0.54,0.34272498,Alberta
2017-02-12 00:00:00+00:00,-1.0422499,0.0,0.34362498,Alberta
2017-02-13 00:00:00+00:00,2.7106667,0.0,0.34568334,Alberta
2017-02-14 00:00:00+00:00,2.1519167,0.0,0.34807503,Alberta
2017-02-15 00:00:00+00:00,4.2885838,0.02,0.35375836,Alberta
2017-02-16 00:00:00+00:00,4.477333,0.060000002,0.3631417,Alberta
2017-02-17 00:00:00+00:00,3.3860836,1.6,0.3751583,Alberta
2017-02-18 00:00:00+00:00,-2.0076666,0.08,0.3838083,Alberta
2017-02-19 00:00:00+00:00,0.0585834,4.2,0.38431662,Alberta
2017-02-20 00:00:00+00:00,-1.8039166,0.38000003,0.385225,Alberta
2017-02-21 00:00:00+00:00,-3.5026665,0.28000003,0.38415828,Alberta
2017-02-22 00:00:00+00:00,-4.7597494,0.38,0.38206667,Alberta
2017-02-23 00:00:00+00:00,-7.1914163,0.42000002,0.38007495,Alberta
2017-02-24 00:00:00+00:00,-9.359334,0.6,0.3779834,Alberta
2017-02-25 00:00:00+00:00,-10.793917,0.75999993,0.37576663,Alberta
2017-02-26 00:00:00+00:00,-9.528916,1.52,0.37407497,Alberta
2017-02-27 00:00:00+00:00,-13.853917,0.02,0.37274164,Alberta
2017-02-28 00:00:00+00:00,-12.5859995,0.40000004,0.37155834,Alberta
2017-03-01 00:00:00+00:00,-10.820167,0.28000003,0.37036663,Alberta
2017-03-02 00:00:00+00:00,-10.93725,0.04,0.36905834,Alberta
2017-03-03 00:00:00+00:00,-1.5372499,0.24000001,0.36812496,Alberta
2017-03-04 00:00:00+00:00,-6.3235,2.3000002,0.36782497,Alberta
2017-03-05 00:00:00+00:00,-14.018084,1.1400001,0.36785835,Alberta
2017-03-06 00:00:00+00:00,-13.818918,1.26,0.36768332,Alberta
2017-03-07 00:00:00+00:00,-14.882666,0.1,0.3685333,Alberta
2017-03-08 00:00:00+00:00,-17.656834,1.76,0.367675,Alberta
2017-03-09 00:00:00+00:00,-20.696417,0.2,0.36660832,Alberta
2017-03-10 00:00:00+00:00,-18.425167,2.6,0.3657833,Alberta
2017-03-11 00:00:00+00:00,-18.488083,0.40000004,0.36496666,Alberta
2017-03-12 00:00:00+00:00,-14.741417,2.3399997,0.36418337,Alberta
2017-03-13 00:00:00+00:00,-8.99475,0.26,0.3633,Alberta
2017-03-14 00:00:00+00:00,-1.4426664,0.060000002,0.36451665,Alberta
2017-03-15 00:00:00+00:00,3.2848334,0.38000003,0.37454167,Alberta
2017-03-16 00:00:00+00:00,0.7798333,2.02,0.38341665,Alberta
2017-03-17 00:00:00+00:00,-0.97766656,0.50000006,0.38620833,Alberta
2017-03-18 00:00:00+00:00,2.4510832,0.02,0.38824168,Alberta
2017-03-19 00:00:00+00:00,0.6848332,1.1,0.40230837,Alberta
2017-03-20 00:00:00+00:00,-5.27725,0.1,0.40204167,Alberta
2017-03-21 00:00:00+00:00,-4.0597496,0.120000005,0.39931664,Alberta
2017-03-22 00:00:00+00:00,0.70358336,2.88,0.39704162,Alberta
2017-03-23 00:00:00+00:00,0.013583529,0.6,0.39566666,Alberta
2017-03-24 00:00:00+00:00,-0.27975005,0.0,0.39394167,Alberta
2017-03-25 00:00:00+00:00,1.7202501,0.02,0.39267498,Alberta
2017-03-26 00:00:00+00:00,1.5244167,0.24000001,0.39683336,Alberta
2017-03-27 00:00:00+00:00,2.3848333,0.060000002,0.4008667,Alberta
2017-03-28 00:00:00+00:00,2.4531665,0.18,0.3998167,Alberta
2017-03-29 00:00:00+00:00,2.8410835,0.18,0.4024083,Alberta
2017-03-30 00:00:00+00:00,3.6635833,0.7,0.40142497,Alberta
2017-03-31 00:00:00+00:00,3.0298333,1.28,0.39933333,Alberta
2017-04-01 00:00:00+00:00,5.289417,1.3800001,0.40045,Alberta
2017-04-02 00:00:00+00:00,4.048583,1.1200001,0.39890832,Alberta
2017-04-03 00:00:00+00:00,2.0360832,2.4599998,0.39894167,Alberta
2017-04-04 00:00:00+00:00,1.8981667,0.060000002,0.398625,Alberta
2017-04-05 00:00:00+00:00,4.175667,0.0,0.39543334,Alberta
2017-04-06 00:00:00+00:00,8.259833,0.08,0.39154166,Alberta
2017-04-07 00:00:00+00:00,6.915667,1.12,0.38923335,Alberta
2017-04-08 00:00:00+00:00,5.1785836,5.2600007,0.39587498,Alberta
2017-04-09 00:00:00+00:00,2.8081665,1.9399998,0.39331666,Alberta
2017-04-10 00:00:00+00:00,2.98275,1.12,0.39114165,Alberta
2017-04-11 00:00:00+00:00,2.7660832,1.2,0.3902917,Alberta
2017-04-12 00:00:00+00:00,2.6373334,1.1399999,0.38948333,Alberta
2017-04-13 00:00:00+00:00,2.7885833,7.2200003,0.38998333,Alberta
2017-04-14 00:00:00+00:00,2.6706667,13.219999,0.39945,Alberta
2017-04-15 00:00:00+00:00,0.48066673,4.2000003,0.40263334,Alberta
2017-04-16 00:00:00+00:00,-2.6164167,0.3,0.40152496,Alberta
2017-04-17 00:00:00+00:00,0.14733347,0.58000004,0.40233332,Alberta
2017-04-18 00:00:00+00:00,0.8060835,2.0400002,0.39745837,Alberta
2017-04-19 00:00:00+00:00,1.62775,0.6,0.39390004,Alberta
2017-04-20 00:00:00+00:00,4.3535833,0.08,0.4005167,Alberta
2017-04-21 00:00:00+00:00,3.8835835,2.2199998,0.40208334,Alberta
2017-04-22 00:00:00+00:00,2.83025,0.75999993,0.40105,Alberta
2017-04-23 00:00:00+00:00,1.8402503,5.26,0.39696673,Alberta
2017-04-24 00:00:00+00:00,1.739,1.9200001,0.3958833,Alberta
2017-04-25 00:00:00+00:00,0.94399995,3.7000003,0.39628333,Alberta
2017-04-26 00:00:00+00:00,0.5294167,1.4999999,0.39583334,Alberta
2017-04-27 00:00:00+00:00,1.5456667,1.5999998,0.3973083,Alberta
2017-04-28 00:00:00+00:00,2.5494168,0.82000005,0.4014,Alberta
2017-04-29 00:00:00+00:00,5.1406665,1.8,0.4031167,Alberta
2017-04-30 00:00:00+00:00,7.0340004,2.3600001,0.40003338,Alberta
2017-05-01 00:00:00+00:00,6.4869165,1.26,0.39893332,Alberta
2017-05-02 00:00:00+00:00,7.3769164,0.86,0.39298335,Alberta
2017-05-03 00:00:00+00:00,8.9019165,0.120000005,0.38769168,Alberta
2017-05-04 00:00:00+00:00,13.61775,0.02,0.38032502,Alberta
2017-05-05 00:00:00+00:00,15.428583,0.060000002,0.370675,Alberta
2017-05-06 00:00:00+00:00,16.2915,0.26,0.36076665,Alberta
2017-05-07 00:00:00+00:00,9.8515,2.98,0.35328332,Alberta
2017-05-08 00:00:00+00:00,8.953583,0.22,0.35150003,Alberta
2017-05-09 00:00:00+00:00,11.203583,0.16,0.3465417,Alberta
2017-05-10 00:00:00+00:00,11.86775,1.3,0.3400917,Alberta
2017-05-11 00:00:00+00:00,13.616918,0.120000005,0.33315834,Alberta
2017-05-12 00:00:00+00:00,14.236084,1.78,0.324125,Alberta
2017-05-13 00:00:00+00:00,8.4627495,11.980001,0.33613333,Alberta
2017-05-14 00:00:00+00:00,6.51525,2.68,0.36170837,Alberta
2017-05-15 00:00:00+00:00,6.920667,2.1799998,0.37173334,Alberta
2017-05-16 00:00:00+00:00,6.9869165,1.9200001,0.372325,Alberta
2017-05-17 00:00:00+00:00,6.0610833,6.440001,0.37551665,Alberta
2017-05-18 00:00:00+00:00,7.954833,1.8,0.3835667,Alberta
2017-05-19 00:00:00+00:00,11.027334,0.7,0.38030833,Alberta
2017-05-20 00:00:00+00:00,12.19275,0.5,0.37375835,Alberta
2017-05-21 00:00:00+00:00,14.354416,0.1,0.36480835,Alberta
2017-05-22 00:00:00+00:00,15.6623335,0.0,0.35462505,Alberta
2017-05-23 00:00:00+00:00,18.05275,0.22,0.34332502,Alberta
2017-05-24 00:00:00+00:00,14.286499,10.08,0.33468333,Alberta
2017-05-25 00:00:00+00:00,10.672333,10.020001,0.367925,Alberta
2017-05-26 00:00:00+00:00,12.303167,0.74,0.37431663,Alberta
2017-05-27 00:00:00+00:00,15.490666,0.42000002,0.36442503,Alberta
2017-05-28 00:00:00+00:00,14.667333,0.02,0.3527667,Alberta
2017-05-29 00:00:00+00:00,14.056915,0.060000002,0.34261665,Alberta
2017-05-30 00:00:00+00:00,16.347752,0.02,0.33131665,Alberta
2017-05-31 00:00:00+00:00,19.174417,0.1,0.3193333,Alberta
2017-06-01 00:00:00+00:00,18.258167,0.78000003,0.30859166,Alberta
2017-06-02 00:00:00+00:00,16.03775,6.8599997,0.30548334,Alberta
2017-06-03 00:00:00+00:00,15.85275,0.1,0.308675,Alberta
2017-06-04 00:00:00+00:00,16.256916,0.22,0.30548334,Alberta
2017-06-05 00:00:00+00:00,14.903999,6.9399996,0.303675,Alberta
2017-06-06 00:00:00+00:00,15.149834,0.47999996,0.3098167,Alberta
2017-06-07 00:00:00+00:00,17.939833,0.0,0.30645832,Alberta
2017-06-08 00:00:00+00:00,19.912748,0.16,0.29619998,Alberta
2017-06-09 00:00:00+00:00,17.59275,9.400001,0.29427502,Alberta
2017-06-10 00:00:00+00:00,11.89525,8.7,0.3152,Alberta
2017-06-11 00:00:00+00:00,10.8665,3.9600003,0.33300832,Alberta
2017-06-12 00:00:00+00:00,14.233583,0.26000002,0.33292502,Alberta
2017-06-13 00:00:00+00:00,15.904834,4.6,0.32701665,Alberta
2017-06-14 00:00:00+00:00,13.99275,9.0199995,0.333275,Alberta
2017-06-15 00:00:00+00:00,13.222333,4.7,0.35300833,Alberta
2017-06-16 00:00:00+00:00,14.510249,2.8200002,0.35814166,Alberta
2017-06-17 00:00:00+00:00,13.825666,1.58,0.3574,Alberta
2017-06-18 00:00:00+00:00,13.969417,0.54,0.3502667,Alberta
2017-06-19 00:00:00+00:00,13.934,0.1,0.3424583,Alberta
2017-06-20 00:00:00+00:00,16.589417,1.5799999,0.33498335,Alberta
2017-06-21 00:00:00+00:00,13.783167,4.38,0.33253333,Alberta
2017-06-22 00:00:00+00:00,11.274417,3.52,0.33069164,Alberta
2017-06-23 00:00:00+00:00,12.598166,0.58000004,0.33287498,Alberta
2017-06-24 00:00:00+00:00,14.063583,1.04,0.32640833,Alberta
2017-06-25 00:00:00+00:00,16.204,0.1,0.3200667,Alberta
2017-06-26 00:00:00+00:00,20.128166,0.120000005,0.31204167,Alberta
2017-06-27 00:00:00+00:00,17.787334,1.6200001,0.30555,Alberta
2017-06-28 00:00:00+00:00,14.134,6.8200006,0.30911666,Alberta
2017-06-29 00:00:00+00:00,14.4281645,0.7,0.31209165,Alberta
2017-06-30 00:00:00+00:00,17.984,0.36,0.30930832,Alberta
2017-07-01 00:00:00+00:00,18.874,1.0200001,0.302975,Alberta
2017-07-02 00:00:00+00:00,19.331917,2.64,0.29690832,Alberta
2017-07-03 00:00:00+00:00,19.938581,0.84,0.29498333,Alberta
2017-07-04 00:00:00+00:00,17.026917,1.28,0.29476666,Alberta
2017-07-05 00:00:00+00:00,18.636501,0.1,0.29059166,Alberta
2017-07-06 00:00:00+00:00,19.029833,1.42,0.28422502,Alberta
2017-07-07 00:00:00+00:00,20.50525,0.2,0.27791667,Alberta
2017-07-08 00:00:00+00:00,22.130249,2.42,0.2718833,Alberta
2017-07-09 00:00:00+00:00,21.237751,2.5000002,0.26869997,Alberta
2017-07-10 00:00:00+00:00,19.428165,5.5,0.2693583,Alberta
2017-07-11 00:00:00+00:00,16.115665,11.3,0.28759167,Alberta
2017-07-12 00:00:00+00:00,16.123999,1.78,0.30648333,Alberta
2017-07-13 00:00:00+00:00,19.05525,2.58,0.3107167,Alberta
2017-07-14 00:00:00+00:00,18.612751,1.08,0.32275835,Alberta
2017-07-15 00:00:00+00:00,21.10775,0.1,0.3171,Alberta
2017-07-16 00:00:00+00:00,19.412334,3.1399999,0.3160333,Alberta
2017-07-17 00:00:00+00:00,13.821083,1.9799999,0.3164,Alberta
2017-07-18 00:00:00+00:00,13.851916,2.6,0.318775,Alberta
2017-07-19 00:00:00+00:00,16.8965,0.26,0.31468335,Alberta
2017-07-20 00:00:00+00:00,18.503166,1.2,0.31353334,Alberta
2017-07-21 00:00:00+00:00,17.327333,5.120001,0.31844166,Alberta
2017-07-22 00:00:00+00:00,18.04775,0.2,0.32099167,Alberta
2017-07-23 00:00:00+00:00,19.84275,0.42,0.3136,Alberta
2017-07-24 00:00:00+00:00,14.391083,18.119999,0.32731667,Alberta
2017-07-25 00:00:00+00:00,15.774416,0.6,0.34926665,Alberta
2017-07-26 00:00:00+00:00,18.844833,0.0,0.342475,Alberta
2017-07-27 00:00:00+00:00,20.926502,0.060000002,0.33388335,Alberta
2017-07-28 00:00:00+00:00,19.610666,1.04,0.32827502,Alberta
2017-07-29 00:00:00+00:00,19.004833,1.4799999,0.3202,Alberta
2017-07-30 00:00:00+00:00,20.60525,0.34,0.314,Alberta
2017-07-31 00:00:00+00:00,18.526917,1.0,0.31158334,Alberta
2017-08-01 00:00:00+00:00,16.114,3.9600003,0.31139165,Alberta
2017-08-02 00:00:00+00:00,14.520666,1.9200001,0.31759167,Alberta
2017-08-03 00:00:00+00:00,16.959,0.02,0.31658334,Alberta
2017-08-04 00:00:00+00:00,16.89775,9.22,0.3177667,Alberta
2017-08-05 00:00:00+00:00,15.009,1.8199999,0.32962504,Alberta
2017-08-06 00:00:00+00:00,16.229418,0.120000005,0.33040833,Alberta
2017-08-07 00:00:00+00:00,16.76025,4.52,0.3273,Alberta
2017-08-08 00:00:00+00:00,15.481915,0.28000003,0.33045834,Alberta
2017-08-09 00:00:00+00:00,16.625668,0.0,0.32848334,Alberta
2017-08-10 00:00:00+00:00,18.319416,0.060000002,0.32233337,Alberta
2017-08-11 00:00:00+00:00,18.057333,0.120000005,0.31601667,Alberta
2017-08-12 00:00:00+00:00,19.047749,0.0,0.31016666,Alberta
2017-08-13 00:00:00+00:00,20.523167,0.1,0.30649167,Alberta
2017-08-14 00:00:00+00:00,16.544416,3.1,0.30761665,Alberta
2017-08-15 00:00:00+00:00,14.5894165,2.26,0.31289166,Alberta
2017-08-16 00:00:00+00:00,16.116083,0.0,0.31376666,Alberta
2017-08-17 00:00:00+00:00,17.376083,0.1,0.3101333,Alberta
2017-08-18 00:00:00+00:00,18.671083,0.08,0.30446666,Alberta
2017-08-19 00:00:00+00:00,15.189833,2.66,0.3003833,Alberta
2017-08-20 00:00:00+00:00,14.05025,0.02,0.29888335,Alberta
2017-08-21 00:00:00+00:00,14.47025,0.14000002,0.29924998,Alberta
2017-08-22 00:00:00+00:00,17.773584,0.04,0.29914168,Alberta
2017-08-23 00:00:00+00:00,19.70025,0.060000002,0.29225832,Alberta
2017-08-24 00:00:00+00:00,19.448584,2.32,0.28925,Alberta
2017-08-25 00:00:00+00:00,14.7515,4.1,0.3114,Alberta
2017-08-26 00:00:00+00:00,15.688583,0.0,0.31021667,Alberta
2017-08-27 00:00:00+00:00,18.3915,0.0,0.3041917,Alberta
2017-08-28 00:00:00+00:00,18.879833,0.24000001,0.2988,Alberta
2017-08-29 00:00:00+00:00,17.442749,0.45999998,0.29425833,Alberta
2017-08-30 00:00:00+00:00,19.698582,0.16,0.2918667,Alberta
2017-08-31 00:00:00+00:00,19.828999,0.02,0.29844168,Alberta
2017-09-01 00:00:00+00:00,17.173582,0.24000001,0.29696667,Alberta
2017-09-02 00:00:00+00:00,17.143167,1.4800001,0.29545832,Alberta
2017-09-03 00:00:00+00:00,15.862333,1.4799999,0.2938916,Alberta
2017-09-04 00:00:00+00:00,13.129832,0.5,0.2941833,Alberta
2017-09-05 00:00:00+00:00,14.574,0.0,0.29304168,Alberta
2017-09-06 00:00:00+00:00,17.284832,0.0,0.28841668,Alberta
2017-09-07 00:00:00+00:00,18.821917,0.0,0.28057498,Alberta
2017-09-08 00:00:00+00:00,20.37775,0.65999997,0.27831665,Alberta
2017-09-09 00:00:00+00:00,18.004833,1.14,0.28726664,Alberta
2017-09-10 00:00:00+00:00,16.004416,4.4999995,0.2902333,Alberta
2017-09-11 00:00:00+00:00,16.263166,0.36,0.29024166,Alberta
2017-09-12 00:00:00+00:00,15.7565,0.4,0.2853167,Alberta
2017-09-13 00:00:00+00:00,9.7681675,7.5600004,0.28816667,Alberta
2017-09-14 00:00:00+00:00,6.78275,4.7200003,0.299775,Alberta
2017-09-15 00:00:00+00:00,6.2873335,1.8199999,0.30784997,Alberta
2017-09-16 00:00:00+00:00,7.3069167,0.04,0.31066665,Alberta
2017-09-17 00:00:00+00:00,9.247334,0.0,0.31036663,Alberta
2017-09-18 00:00:00+00:00,10.706917,0.26,0.30875835,Alberta
2017-09-19 00:00:00+00:00,8.056084,11.5199995,0.31446666,Alberta
2017-09-20 00:00:00+00:00,6.414,6.88,0.33237502,Alberta
2017-09-21 00:00:00+00:00,4.84525,7.22,0.33719167,Alberta
2017-09-22 00:00:00+00:00,4.388583,1.26,0.34656668,Alberta
2017-09-23 00:00:00+00:00,5.8456664,0.4,0.3485917,Alberta
2017-09-24 00:00:00+00:00,7.9277496,0.0,0.34775835,Alberta
2017-09-25 00:00:00+00:00,11.783999,0.22,0.34421667,Alberta
2017-09-26 00:00:00+00:00,12.761917,0.060000002,0.33800834,Alberta
2017-09-27 00:00:00+00:00,13.089,0.0,0.33188328,Alberta
2017-09-28 00:00:00+00:00,13.213583,0.0,0.32512498,Alberta
2017-09-29 00:00:00+00:00,14.8315,0.0,0.318825,Alberta
2017-09-30 00:00:00+00:00,13.760666,0.48000002,0.3103083,Alberta
2017-10-01 00:00:00+00:00,8.981501,3.1799998,0.3077667,Alberta
2017-10-02 00:00:00+00:00,2.3110833,10.599999,0.31359997,Alberta
2017-10-03 00:00:00+00:00,0.9881665,0.8,0.32324997,Alberta
2017-10-04 00:00:00+00:00,4.821083,0.0,0.3235,Alberta
2017-10-05 00:00:00+00:00,7.879834,0.0,0.32161665,Alberta
2017-10-06 00:00:00+00:00,11.264833,0.0,0.318125,Alberta
2017-10-07 00:00:00+00:00,8.177333,1.22,0.31938332,Alberta
2017-10-08 00:00:00+00:00,2.9031668,0.74,0.32190838,Alberta
2017-10-09 00:00:00+00:00,4.6065,0.08,0.32508335,Alberta
2017-10-10 00:00:00+00:00,5.5160837,0.0,0.32279164,Alberta
2017-10-11 00:00:00+00:00,3.6615002,1.3399999,0.32220834,Alberta
2017-10-12 00:00:00+00:00,0.2265,0.94000006,0.32419166,Alberta
2017-10-13 00:00:00+00:00,-0.82766664,0.58000004,0.3301417,Alberta
2017-10-14 00:00:00+00:00,0.74191666,0.0,0.33676666,Alberta
2017-10-15 00:00:00+00:00,4.7723336,0.120000005,0.33588332,Alberta
2017-10-16 00:00:00+00:00,8.64775,0.68,0.3308333,Alberta
2017-10-17 00:00:00+00:00,9.549,2.32,0.3281,Alberta
2017-10-18 00:00:00+00:00,4.179,2.3,0.3322917,Alberta
2017-10-19 00:00:00+00:00,7.67525,0.6,0.33388335,Alberta
2017-10-20 00:00:00+00:00,6.580667,0.32,0.33172497,Alberta
2017-10-21 00:00:00+00:00,4.5885835,0.38,0.33116665,Alberta
2017-10-22 00:00:00+00:00,3.9427502,1.1,0.32855,Alberta
2017-10-23 00:00:00+00:00,6.1215,0.02,0.32790834,Alberta
2017-10-24 00:00:00+00:00,9.4315,0.120000005,0.32344168,Alberta
2017-10-25 00:00:00+00:00,6.939833,4.940001,0.32384163,Alberta
2017-10-26 00:00:00+00:00,0.49233335,0.54,0.3255,Alberta
2017-10-27 00:00:00+00:00,3.57775,0.0,0.32764167,Alberta
2017-10-28 00:00:00+00:00,9.95525,0.0,0.32564998,Alberta
2017-10-29 00:00:00+00:00,4.729,0.62,0.3224,Alberta
2017-10-30 00:00:00+00:00,0.3748334,0.04,0.32192498,Alberta
2017-10-31 00:00:00+00:00,1.4894165,5.04,0.32161665,Alberta
2017-11-01 00:00:00+00:00,-1.2418333,3.7799995,0.32423335,Alberta
2017-11-02 00:00:00+00:00,-7.4380836,2.8200002,0.32665834,Alberta
2017-11-03 00:00:00+00:00,-12.017249,2.72,0.32633337,Alberta
2017-11-04 00:00:00+00:00,-15.068918,0.3,0.32621673,Alberta
2017-11-05 00:00:00+00:00,-13.039751,0.36,0.32495004,Alberta
2017-11-06 00:00:00+00:00,-12.735583,0.120000005,0.32450002,Alberta
2017-11-07 00:00:00+00:00,-10.131417,0.4,0.32390004,Alberta
2017-11-08 00:00:00+00:00,-12.785584,0.8000001,0.3237,Alberta
2017-11-09 00:00:00+00:00,-13.0964155,0.060000002,0.322725,Alberta
2017-11-10 00:00:00+00:00,-6.0730834,2.1399999,0.322575,Alberta
2017-11-11 00:00:00+00:00,-8.183917,0.0,0.32272506,Alberta
2017-11-12 00:00:00+00:00,-5.8093333,0.1,0.3233,Alberta
2017-11-13 00:00:00+00:00,-5.218917,0.5,0.32425,Alberta
2017-11-14 00:00:00+00:00,-6.451417,5.04,0.32508332,Alberta
2017-11-15 00:00:00+00:00,-9.036417,0.36000004,0.32708335,Alberta
2017-11-16 00:00:00+00:00,-9.828084,1.6400001,0.3266,Alberta
2017-11-17 00:00:00+00:00,-13.485583,0.64,0.326325,Alberta
2017-11-18 00:00:00+00:00,-9.4089155,0.060000002,0.32597503,Alberta
2017-11-19 00:00:00+00:00,-3.7339168,1.9000002,0.32565835,Alberta
2017-11-20 00:00:00+00:00,-8.345583,1.5400001,0.3253583,Alberta
2017-11-21 00:00:00+00:00,-17.240583,0.14000002,0.32469162,Alberta
2017-11-22 00:00:00+00:00,-6.806417,1.06,0.32459998,Alberta
2017-11-23 00:00:00+00:00,3.9927502,0.91999996,0.32681668,Alberta
2017-11-24 00:00:00+00:00,1.7069168,0.6,0.33643332,Alberta
2017-11-25 00:00:00+00:00,-0.08308323,0.14000002,0.33869168,Alberta
2017-11-26 00:00:00+00:00,-2.2976665,1.4800001,0.33890834,Alberta
2017-11-27 00:00:00+00:00,-0.48225012,1.6600001,0.3389167,Alberta
2017-11-28 00:00:00+00:00,-3.0397499,0.02,0.33905834,Alberta
2017-11-29 00:00:00+00:00,0.39316672,0.0,0.33826667,Alberta
2017-11-30 00:00:00+00:00,-0.14433344,0.0,0.33674163,Alberta
2017-12-01 00:00:00+00:00,-2.4493334,0.04,0.33589998,Alberta
2017-12-02 00:00:00+00:00,-3.5105834,0.1,0.33546668,Alberta
2017-12-03 00:00:00+00:00,-7.001416,0.32000002,0.33450833,Alberta
2017-12-04 00:00:00+00:00,-7.0418334,0.08,0.33415002,Alberta
2017-12-05 00:00:00+00:00,-0.43599996,0.32000002,0.3339417,Alberta
2017-12-06 00:00:00+00:00,-2.1514168,0.0,0.33320004,Alberta
2017-12-07 00:00:00+00:00,0.8681666,0.0,0.33274168,Alberta
2017-12-08 00:00:00+00:00,0.63400006,0.0,0.33224165,Alberta
2017-12-09 00:00:00+00:00,2.7535832,0.0,0.33205834,Alberta
2017-12-10 00:00:00+00:00,3.9256668,0.060000002,0.33140004,Alberta
2017-12-11 00:00:00+00:00,0.18525001,0.0,0.33294162,Alberta
2017-12-12 00:00:00+00:00,3.6815,0.0,0.33381668,Alberta
2017-12-13 00:00:00+00:00,1.3419168,0.0,0.33614174,Alberta
2017-12-14 00:00:00+00:00,-1.3780833,0.0,0.33722502,Alberta
2017-12-15 00:00:00+00:00,2.4948332,0.2,0.33813328,Alberta
2017-12-16 00:00:00+00:00,-1.9468333,0.0,0.33964998,Alberta
2017-12-17 00:00:00+00:00,-0.19350001,0.02,0.33936667,Alberta
2017-12-18 00:00:00+00:00,-2.0072503,0.93999994,0.338475,Alberta
2017-12-19 00:00:00+00:00,-8.128917,0.68,0.3380583,Alberta
2017-12-20 00:00:00+00:00,-10.431833,2.98,0.3363083,Alberta
2017-12-21 00:00:00+00:00,-8.215166,0.52000004,0.3350333,Alberta
2017-12-22 00:00:00+00:00,-9.333083,1.0999998,0.33449164,Alberta
2017-12-23 00:00:00+00:00,-10.875166,0.96000004,0.33364168,Alberta
2017-12-24 00:00:00+00:00,-13.885167,0.76000005,0.33215833,Alberta
2017-12-25 00:00:00+00:00,-22.42475,0.0,0.33110836,Alberta
2017-12-26 00:00:00+00:00,-26.197666,0.0,0.3295083,Alberta
2017-12-27 00:00:00+00:00,-22.613916,0.120000005,0.32852498,Alberta
2017-12-28 00:00:00+00:00,-22.517252,0.22000003,0.32756668,Alberta
2017-12-29 00:00:00+00:00,-27.166,1.1599998,0.32659164,Alberta
2017-12-30 00:00:00+00:00,-28.774332,2.52,0.32585,Alberta
2017-12-31 00:00:00+00:00,-29.064749,0.0,0.32580835,Alberta
2018-01-01 00:00:00+00:00,-24.418917,0.0,0.32584167,Alberta
2018-01-02 00:00:00+00:00,-6.02975,0.0,0.3253667,Alberta
2018-01-03 00:00:00+00:00,-3.5355835,0.0,0.3249667,Alberta
2018-01-04 00:00:00+00:00,-4.4943333,0.0,0.32447505,Alberta
2018-01-05 00:00:00+00:00,-4.9830832,0.0,0.3238667,Alberta
2018-01-06 00:00:00+00:00,-1.3235,0.22,0.32416672,Alberta
2018-01-07 00:00:00+00:00,-1.8205833,0.0,0.32470006,Alberta
2018-01-08 00:00:00+00:00,-3.541,0.62,0.3248334,Alberta
2018-01-09 00:00:00+00:00,-8.703917,3.7599998,0.32537502,Alberta
2018-01-10 00:00:00+00:00,-22.336832,1.24,0.3256833,Alberta
2018-01-11 00:00:00+00:00,-27.486832,0.5400001,0.32579166,Alberta
2018-01-12 00:00:00+00:00,-27.59725,0.0,0.32555002,Alberta
2018-01-13 00:00:00+00:00,-13.50975,0.060000002,0.32532504,Alberta
2018-01-14 00:00:00+00:00,-6.5105834,0.61999995,0.3248333,Alberta
2018-01-15 00:00:00+00:00,-10.8793335,0.16,0.32465,Alberta
2018-01-16 00:00:00+00:00,-7.01225,0.0,0.32401666,Alberta
2018-01-17 00:00:00+00:00,0.14025016,0.76000005,0.32588333,Alberta
2018-01-18 00:00:00+00:00,1.1965001,0.32,0.3277916,Alberta
2018-01-19 00:00:00+00:00,-0.26183328,0.42,0.3315083,Alberta
2018-01-20 00:00:00+00:00,-3.9697502,0.04,0.33499175,Alberta
2018-01-21 00:00:00+00:00,-4.70225,0.04,0.33775002,Alberta
2018-01-22 00:00:00+00:00,-4.0997496,0.08,0.3378417,Alberta
2018-01-23 00:00:00+00:00,-5.096,0.0,0.33811668,Alberta
2018-01-24 00:00:00+00:00,-4.73725,0.02,0.33822504,Alberta
2018-01-25 00:00:00+00:00,-6.136,1.1,0.33860007,Alberta
2018-01-26 00:00:00+00:00,-10.531,5.84,0.33779168,Alberta
2018-01-27 00:00:00+00:00,-16.624334,1.14,0.3395583,Alberta
2018-01-28 00:00:00+00:00,-17.846,0.8000001,0.339675,Alberta
2018-01-29 00:00:00+00:00,-12.071833,0.52,0.339225,Alberta
2018-01-30 00:00:00+00:00,-6.428916,2.9599996,0.33865833,Alberta
2018-01-31 00:00:00+00:00,-16.696,0.56000006,0.33845833,Alberta
2018-02-01 00:00:00+00:00,-21.065584,0.78000003,0.33775836,Alberta
2018-02-02 00:00:00+00:00,-19.397669,2.3799999,0.3373833,Alberta
2018-02-03 00:00:00+00:00,-20.011835,4.48,0.3362,Alberta
2018-02-04 00:00:00+00:00,-22.196417,0.9199999,0.3358333,Alberta
2018-02-05 00:00:00+00:00,-19.0835,1.1599998,0.335275,Alberta
2018-02-06 00:00:00+00:00,-18.687668,0.02,0.3353167,Alberta
2018-02-07 00:00:00+00:00,-17.05225,0.68,0.3345334,Alberta
2018-02-08 00:00:00+00:00,-17.704334,5.4800005,0.33443338,Alberta
2018-02-09 00:00:00+00:00,-21.123499,0.36000004,0.33430004,Alberta
2018-02-10 00:00:00+00:00,-14.84975,0.3,0.33400005,Alberta
2018-02-11 00:00:00+00:00,-15.656418,1.0600001,0.334125,Alberta
2018-02-12 00:00:00+00:00,-20.4435,0.0,0.3338917,Alberta
2018-02-13 00:00:00+00:00,-3.0193326,1.08,0.33366665,Alberta
2018-02-14 00:00:00+00:00,-4.6218333,2.3200002,0.33384165,Alberta
2018-02-15 00:00:00+00:00,-16.220167,0.40000004,0.3339333,Alberta
2018-02-16 00:00:00+00:00,-7.4330835,0.71999997,0.33399996,Alberta
2018-02-17 00:00:00+00:00,-12.620168,0.8,0.33399165,Alberta
2018-02-18 00:00:00+00:00,-16.362667,1.5799998,0.33420834,Alberta
2018-02-19 00:00:00+00:00,-18.345165,0.0,0.33435833,Alberta
2018-02-20 00:00:00+00:00,-16.237667,0.26,0.33419997,Alberta
2018-02-21 00:00:00+00:00,-16.65975,0.14000002,0.33429998,Alberta
2018-02-22 00:00:00+00:00,-11.1235,0.1,0.33431664,Alberta
2018-02-23 00:00:00+00:00,-10.108916,0.16,0.33339998,Alberta
2018-02-24 00:00:00+00:00,-5.446,0.20000002,0.33337498,Alberta
2018-02-25 00:00:00+00:00,-5.661833,0.38000005,0.33361667,Alberta
2018-02-26 00:00:00+00:00,-5.953917,0.120000005,0.33380002,Alberta
2018-02-27 00:00:00+00:00,-3.279333,0.4,0.33430004,Alberta
2018-02-28 00:00:00+00:00,-4.150583,0.14,0.33430004,Alberta
2018-03-01 00:00:00+00:00,-6.864334,0.04,0.33455834,Alberta
2018-03-02 00:00:00+00:00,-9.022666,3.1000001,0.3342417,Alberta
2018-03-03 00:00:00+00:00,-8.718916,6.84,0.33465832,Alberta
2018-03-04 00:00:00+00:00,-11.082251,1.18,0.33486667,Alberta
2018-03-05 00:00:00+00:00,-14.527667,0.08,0.33415,Alberta
2018-03-06 00:00:00+00:00,-13.713499,0.04,0.33369994,Alberta
2018-03-07 00:00:00+00:00,-12.78725,0.0,0.33356664,Alberta
2018-03-08 00:00:00+00:00,-11.721417,0.1,0.33429998,Alberta
2018-03-09 00:00:00+00:00,-4.2955832,0.40000004,0.3342833,Alberta
2018-03-10 00:00:00+00:00,-4.203916,0.120000005,0.33457503,Alberta
2018-03-11 00:00:00+00:00,-4.1568336,0.0,0.33477503,Alberta
2018-03-12 00:00:00+00:00,-4.867667,0.0,0.33479163,Alberta
2018-03-13 00:00:00+00:00,-2.999333,0.0,0.33691666,Alberta
2018-03-14 00:00:00+00:00,-4.2443337,0.0,0.33844167,Alberta
2018-03-15 00:00:00+00:00,-2.7326667,3.9399998,0.3403667,Alberta
2018-03-16 00:00:00+00:00,-2.785583,1.5400001,0.3413417,Alberta
2018-03-17 00:00:00+00:00,-2.9126668,1.0200001,0.34205836,Alberta
2018-03-18 00:00:00+00:00,-2.3835,3.3799999,0.3439083,Alberta
2018-03-19 00:00:00+00:00,-3.1880834,0.8,0.34458333,Alberta
2018-03-20 00:00:00+00:00,-0.6064167,0.36,0.34538335,Alberta
2018-03-21 00:00:00+00:00,-0.90475,0.42000002,0.3508417,Alberta
2018-03-22 00:00:00+00:00,-2.7801666,0.16000001,0.35686666,Alberta
2018-03-23 00:00:00+00:00,0.003583348,5.4199996,0.35835832,Alberta
2018-03-24 00:00:00+00:00,-3.359333,1.0200001,0.35999998,Alberta
2018-03-25 00:00:00+00:00,-5.463083,0.71999997,0.36168337,Alberta
2018-03-26 00:00:00+00:00,-3.6485,1.4199998,0.36262503,Alberta
2018-03-27 00:00:00+00:00,-2.2643335,3.2400002,0.36322504,Alberta
2018-03-28 00:00:00+00:00,-4.61975,1.7999998,0.36561665,Alberta
2018-03-29 00:00:00+00:00,-7.238916,0.76000005,0.367575,Alberta
2018-03-30 00:00:00+00:00,-11.260166,1.8399999,0.36844164,Alberta
2018-03-31 00:00:00+00:00,-14.1068325,0.32000002,0.36768326,Alberta
2018-04-01 00:00:00+00:00,-13.151416,0.34,0.3685083,Alberta
2018-04-02 00:00:00+00:00,-12.100583,1.2599999,0.36795837,Alberta
2018-04-03 00:00:00+00:00,-11.715584,0.02,0.36779168,Alberta
2018-04-04 00:00:00+00:00,-10.383501,0.24000001,0.36631665,Alberta
2018-04-05 00:00:00+00:00,-11.495167,0.34000003,0.3661833,Alberta
2018-04-06 00:00:00+00:00,-14.235583,0.66,0.36584166,Alberta
2018-04-07 00:00:00+00:00,-11.847251,0.24000001,0.36543334,Alberta
2018-04-08 00:00:00+00:00,-7.96725,2.92,0.36362505,Alberta
2018-04-09 00:00:00+00:00,-4.6268325,0.0,0.3634667,Alberta
2018-04-10 00:00:00+00:00,0.9781666,0.17999999,0.36685002,Alberta
2018-04-11 00:00:00+00:00,0.48774996,2.48,0.377625,Alberta
2018-04-12 00:00:00+00:00,-2.7285,1.5199999,0.38471666,Alberta
2018-04-13 00:00:00+00:00,-0.46474996,2.04,0.38758332,Alberta
2018-04-14 00:00:00+00:00,3.2785835,0.18000002,0.40144998,Alberta
2018-04-15 00:00:00+00:00,1.8431666,0.38000003,0.4277583,Alberta
2018-04-16 00:00:00+00:00,0.36358327,6.54,0.43898335,Alberta
2018-04-17 00:00:00+00:00,0.64525,4.3999996,0.43629998,Alberta
2018-04-18 00:00:00+00:00,1.6240002,0.1,0.4389,Alberta
2018-04-19 00:00:00+00:00,3.3744164,0.02,0.44178334,Alberta
2018-04-20 00:00:00+00:00,6.3331666,0.0,0.44090003,Alberta
2018-04-21 00:00:00+00:00,5.908583,2.3,0.43420833,Alberta
2018-04-22 00:00:00+00:00,5.0965,1.0799999,0.4343167,Alberta
2018-04-23 00:00:00+00:00,4.40525,0.0,0.42633334,Alberta
2018-04-24 00:00:00+00:00,8.192333,0.0,0.41913337,Alberta
2018-04-25 00:00:00+00:00,9.128167,0.04,0.41009998,Alberta
2018-04-26 00:00:00+00:00,9.382334,0.0,0.402325,Alberta
2018-04-27 00:00:00+00:00,10.9765,0.0,0.39094996,Alberta
2018-04-28 00:00:00+00:00,13.271916,0.0,0.37826666,Alberta
2018-04-29 00:00:00+00:00,10.0465,1.8400002,0.364925,Alberta
2018-04-30 00:00:00+00:00,5.9377503,0.2,0.3637417,Alberta
2018-05-01 00:00:00+00:00,8.477333,0.5,0.36136666,Alberta
2018-05-02 00:00:00+00:00,9.021917,0.36,0.35825834,Alberta
2018-05-03 00:00:00+00:00,11.232333,0.22,0.35165003,Alberta
2018-05-04 00:00:00+00:00,12.4748335,0.120000005,0.3438,Alberta
2018-05-05 00:00:00+00:00,12.9415,0.5400001,0.33522505,Alberta
2018-05-06 00:00:00+00:00,13.979833,0.02,0.32296667,Alberta
2018-05-07 00:00:00+00:00,15.4065,0.0,0.30997497,Alberta
2018-05-08 00:00:00+00:00,15.2560835,1.38,0.29846668,Alberta
2018-05-09 00:00:00+00:00,9.851916,0.18,0.29235834,Alberta
2018-05-10 00:00:00+00:00,6.63775,2.7800002,0.29103333,Alberta
2018-05-11 00:00:00+00:00,7.92275,0.82000005,0.29441664,Alberta
2018-05-12 00:00:00+00:00,13.009832,0.0,0.29131666,Alberta
2018-05-13 00:00:00+00:00,15.294833,0.0,0.2825667,Alberta
2018-05-14 00:00:00+00:00,15.59775,0.0,0.27557498,Alberta
2018-05-15 00:00:00+00:00,18.975666,0.0,0.26663333,Alberta
2018-05-16 00:00:00+00:00,17.409,0.5,0.25744998,Alberta
2018-05-17 00:00:00+00:00,11.880667,4.2200003,0.25355834,Alberta
2018-05-18 00:00:00+00:00,10.034833,1.9799999,0.257725,Alberta
2018-05-19 00:00:00+00:00,12.08775,0.0,0.25950003,Alberta
2018-05-20 00:00:00+00:00,14.376917,0.0,0.25875002,Alberta
2018-05-21 00:00:00+00:00,16.816082,0.060000002,0.2566833,Alberta
2018-05-22 00:00:00+00:00,17.479,0.04,0.25326663,Alberta
2018-05-23 00:00:00+00:00,19.225666,0.08,0.250575,Alberta
2018-05-24 00:00:00+00:00,19.8815,1.32,0.24623331,Alberta
2018-05-25 00:00:00+00:00,18.870665,0.1,0.24636666,Alberta
2018-05-26 00:00:00+00:00,17.44025,0.7,0.24387503,Alberta
2018-05-27 00:00:00+00:00,16.250668,0.04,0.24450831,Alberta
2018-05-28 00:00:00+00:00,19.180668,0.2,0.24385002,Alberta
2018-05-29 00:00:00+00:00,15.213582,0.46000004,0.24013333,Alberta
2018-05-30 00:00:00+00:00,11.22275,6.7799997,0.24214168,Alberta
2018-05-31 00:00:00+00:00,9.203584,1.5600001,0.2457917,Alberta
2018-06-01 00:00:00+00:00,9.6919155,6.5,0.2525167,Alberta
2018-06-02 00:00:00+00:00,11.704834,0.66,0.262675,Alberta
2018-06-03 00:00:00+00:00,14.0806675,0.04,0.26370004,Alberta
2018-06-04 00:00:00+00:00,16.083584,3.1,0.2591167,Alberta
2018-06-05 00:00:00+00:00,11.820667,0.58000004,0.25996664,Alberta
2018-06-06 00:00:00+00:00,14.007334,0.38,0.2584417,Alberta
2018-06-07 00:00:00+00:00,16.935251,0.0,0.25435832,Alberta
2018-06-08 00:00:00+00:00,19.82525,0.1,0.24851665,Alberta
2018-06-09 00:00:00+00:00,19.049833,1.9000002,0.24665833,Alberta
2018-06-10 00:00:00+00:00,13.756918,9.960001,0.2518417,Alberta
2018-06-11 00:00:00+00:00,9.652333,12.42,0.28763333,Alberta
2018-06-12 00:00:00+00:00,12.038584,3.5400002,0.3140667,Alberta
2018-06-13 00:00:00+00:00,13.343584,0.17999999,0.31787497,Alberta
2018-06-14 00:00:00+00:00,12.820666,3.5999997,0.31306666,Alberta
2018-06-15 00:00:00+00:00,12.621916,3.4,0.30893335,Alberta
2018-06-16 00:00:00+00:00,13.327333,7.88,0.31044167,Alberta
2018-06-17 00:00:00+00:00,15.011083,0.79999995,0.31453332,Alberta
2018-06-18 00:00:00+00:00,16.850666,0.62,0.31006667,Alberta
2018-06-19 00:00:00+00:00,18.613167,0.40000004,0.30386665,Alberta
2018-06-20 00:00:00+00:00,19.911917,0.0,0.29551667,Alberta
2018-06-21 00:00:00+00:00,20.576084,0.2,0.2867,Alberta
2018-06-22 00:00:00+00:00,20.208166,1.74,0.27968335,Alberta
2018-06-23 00:00:00+00:00,18.018581,9.14,0.27969164,Alberta
2018-06-24 00:00:00+00:00,19.14275,1.02,0.29095,Alberta
2018-06-25 00:00:00+00:00,20.44775,2.6399999,0.28975,Alberta
2018-06-26 00:00:00+00:00,15.753583,0.8,0.287575,Alberta
2018-06-27 00:00:00+00:00,14.347333,1.6600001,0.28981662,Alberta
2018-06-28 00:00:00+00:00,15.154001,0.28000003,0.2887,Alberta
2018-06-29 00:00:00+00:00,14.614833,2.3399997,0.28720835,Alberta
2018-06-30 00:00:00+00:00,15.090666,0.36,0.28645834,Alberta
2018-07-01 00:00:00+00:00,14.351084,2.9,0.28604168,Alberta
2018-07-02 00:00:00+00:00,12.3619175,6.6,0.29139167,Alberta
2018-07-03 00:00:00+00:00,12.148167,9.52,0.30343336,Alberta
2018-07-04 00:00:00+00:00,13.5815,3.1999998,0.31489167,Alberta
2018-07-05 00:00:00+00:00,16.674416,0.0,0.31466666,Alberta
2018-07-06 00:00:00+00:00,21.341084,0.02,0.30797502,Alberta
2018-07-07 00:00:00+00:00,19.239834,2.6600003,0.29945832,Alberta
2018-07-08 00:00:00+00:00,15.0065,0.5400001,0.30079165,Alberta
2018-07-09 00:00:00+00:00,18.44775,0.52000004,0.2968583,Alberta
2018-07-10 00:00:00+00:00,19.434418,4.2200003,0.29065832,Alberta
2018-07-11 00:00:00+00:00,18.5215,6.0,0.29789168,Alberta
2018-07-12 00:00:00+00:00,18.880667,0.02,0.30034167,Alberta
2018-07-13 00:00:00+00:00,19.305248,1.1600001,0.29586667,Alberta
2018-07-14 00:00:00+00:00,14.560666,9.88,0.30163333,Alberta
2018-07-15 00:00:00+00:00,15.811917,0.0,0.3024083,Alberta
2018-07-16 00:00:00+00:00,19.903584,0.0,0.2970583,Alberta
2018-07-17 00:00:00+00:00,22.118166,0.0,0.29085,Alberta
2018-07-18 00:00:00+00:00,21.481916,1.64,0.28415832,Alberta
2018-07-19 00:00:00+00:00,18.956083,0.8,0.28220832,Alberta
2018-07-20 00:00:00+00:00,18.743582,8.54,0.27993333,Alberta
2018-07-21 00:00:00+00:00,15.639002,6.9,0.31968334,Alberta
2018-07-22 00:00:00+00:00,14.989416,4.3,0.32317498,Alberta
2018-07-23 00:00:00+00:00,14.926916,1.0200001,0.32105,Alberta
2018-07-24 00:00:00+00:00,14.329416,2.8400002,0.32036668,Alberta
2018-07-25 00:00:00+00:00,14.353168,0.28000003,0.32426664,Alberta
2018-07-26 00:00:00+00:00,16.379002,0.48000002,0.31965834,Alberta
2018-07-27 00:00:00+00:00,17.2965,0.22,0.312875,Alberta
2018-07-28 00:00:00+00:00,18.333584,0.02,0.30588335,Alberta
2018-07-29 00:00:00+00:00,20.138584,0.0,0.29700834,Alberta
2018-07-30 00:00:00+00:00,21.209,2.0000002,0.29071665,Alberta
2018-07-31 00:00:00+00:00,18.942333,0.78,0.29208335,Alberta
2018-08-01 00:00:00+00:00,20.686499,1.1,0.29869166,Alberta
2018-08-02 00:00:00+00:00,19.628584,1.0199999,0.3049667,Alberta
2018-08-03 00:00:00+00:00,18.6965,2.44,0.30255002,Alberta
2018-08-04 00:00:00+00:00,17.440668,5.54,0.30707502,Alberta
2018-08-05 00:00:00+00:00,16.930666,0.56,0.31389168,Alberta
2018-08-06 00:00:00+00:00,19.728582,0.02,0.31072497,Alberta
2018-08-07 00:00:00+00:00,21.721083,0.0,0.30470833,Alberta
2018-08-08 00:00:00+00:00,20.875668,0.0,0.30115002,Alberta
2018-08-09 00:00:00+00:00,23.283167,0.0,0.2997083,Alberta
2018-08-10 00:00:00+00:00,25.27775,0.0,0.29595,Alberta
2018-08-11 00:00:00+00:00,21.44275,0.45999995,0.29355,Alberta
2018-08-12 00:00:00+00:00,15.579832,9.039999,0.29881662,Alberta
2018-08-13 00:00:00+00:00,13.004417,0.82,0.31260833,Alberta
2018-08-14 00:00:00+00:00,18.194,0.0,0.31333333,Alberta
2018-08-15 00:00:00+00:00,20.473583,0.0,0.3089917,Alberta
2018-08-16 00:00:00+00:00,18.7815,1.38,0.30840835,Alberta
2018-08-17 00:00:00+00:00,20.413166,0.0,0.30925,Alberta
2018-08-18 00:00:00+00:00,18.709,0.060000002,0.30773336,Alberta
2018-08-19 00:00:00+00:00,14.812334,0.0,0.30465832,Alberta
2018-08-20 00:00:00+00:00,14.804832,0.9,0.30218333,Alberta
2018-08-21 00:00:00+00:00,16.067333,0.0,0.298175,Alberta
2018-08-22 00:00:00+00:00,19.6165,0.0,0.292075,Alberta
2018-08-23 00:00:00+00:00,18.863583,0.22,0.28776667,Alberta
2018-08-24 00:00:00+00:00,14.095251,5.3200006,0.29402497,Alberta
2018-08-25 00:00:00+00:00,11.1515,0.34,0.30295834,Alberta
2018-08-26 00:00:00+00:00,13.616083,4.06,0.30454168,Alberta
2018-08-27 00:00:00+00:00,9.77275,4.76,0.3101167,Alberta
2018-08-28 00:00:00+00:00,11.803583,1.3399999,0.31426662,Alberta
2018-08-29 00:00:00+00:00,15.013583,1.42,0.3151,Alberta
2018-08-30 00:00:00+00:00,13.427333,3.4999995,0.31695,Alberta
2018-08-31 00:00:00+00:00,12.226084,0.54,0.31760836,Alberta
2018-09-01 00:00:00+00:00,13.123584,1.8199999,0.31615,Alberta
2018-09-02 00:00:00+00:00,10.97025,0.1,0.3184917,Alberta
2018-09-03 00:00:00+00:00,11.174833,4.3399997,0.31728333,Alberta
2018-09-04 00:00:00+00:00,8.1565,0.34000003,0.3240583,Alberta
2018-09-05 00:00:00+00:00,9.877334,0.0,0.32345837,Alberta
2018-09-06 00:00:00+00:00,12.2160845,0.28000003,0.317025,Alberta
2018-09-07 00:00:00+00:00,15.503584,0.02,0.31112498,Alberta
2018-09-08 00:00:00+00:00,15.5789995,0.9599999,0.30535835,Alberta
2018-09-09 00:00:00+00:00,11.411917,1.0200001,0.30776668,Alberta
2018-09-10 00:00:00+00:00,9.437333,4.96,0.30984166,Alberta
2018-09-11 00:00:00+00:00,8.802751,0.91999996,0.31868333,Alberta
2018-09-12 00:00:00+00:00,6.339417,5.7,0.325,Alberta
2018-09-13 00:00:00+00:00,1.2756668,2.58,0.33386663,Alberta
2018-09-14 00:00:00+00:00,1.5031667,0.64000005,0.33741665,Alberta
2018-09-15 00:00:00+00:00,3.4860833,4.9,0.3444333,Alberta
2018-09-16 00:00:00+00:00,3.4560838,7.0199995,0.35543334,Alberta
2018-09-17 00:00:00+00:00,3.7510834,1.36,0.36535004,Alberta
2018-09-18 00:00:00+00:00,4.7656665,0.16,0.36639163,Alberta
2018-09-19 00:00:00+00:00,5.421917,0.7,0.36769998,Alberta
2018-09-20 00:00:00+00:00,5.0423336,1.08,0.36776668,Alberta
2018-09-21 00:00:00+00:00,3.1973336,5.2,0.37016672,Alberta
2018-09-22 00:00:00+00:00,1.3515,4.8599997,0.3732667,Alberta
2018-09-23 00:00:00+00:00,3.1015,0.96000004,0.37320003,Alberta
2018-09-24 00:00:00+00:00,6.450667,1.9200001,0.37364167,Alberta
2018-09-25 00:00:00+00:00,7.3744173,0.93999994,0.37421662,Alberta
2018-09-26 00:00:00+00:00,10.14025,0.86,0.37040833,Alberta
2018-09-27 00:00:00+00:00,5.413167,4.3399997,0.371625,Alberta
2018-09-28 00:00:00+00:00,2.845667,0.32000002,0.37463337,Alberta
2018-09-29 00:00:00+00:00,1.3881667,0.24000001,0.37221667,Alberta
2018-09-30 00:00:00+00:00,-1.1172498,0.55999994,0.37041667,Alberta
2018-10-01 00:00:00+00:00,-0.13808344,0.66,0.3688833,Alberta
2018-10-02 00:00:00+00:00,-1.0126667,4.1400003,0.36635828,Alberta
2018-10-03 00:00:00+00:00,-1.73475,2.52,0.36494997,Alberta
2018-10-04 00:00:00+00:00,-0.87974966,0.0,0.36299998,Alberta
2018-10-05 00:00:00+00:00,-0.30516675,0.060000002,0.36164168,Alberta
2018-10-06 00:00:00+00:00,1.5669167,0.08,0.3601,Alberta
2018-10-07 00:00:00+00:00,0.62691677,1.52,0.3590417,Alberta
2018-10-08 00:00:00+00:00,-0.99766666,3.7,0.357975,Alberta
2018-10-09 00:00:00+00:00,-3.5880833,1.7599999,0.36085835,Alberta
2018-10-10 00:00:00+00:00,-2.8314166,0.5199999,0.36085832,Alberta
2018-10-11 00:00:00+00:00,-0.73475,0.04,0.36033338,Alberta
2018-10-12 00:00:00+00:00,3.2519164,8.040001,0.36583334,Alberta
2018-10-13 00:00:00+00:00,-0.91308326,0.94000006,0.3794083,Alberta
2018-10-14 00:00:00+00:00,1.0215002,0.0,0.38328332,Alberta
2018-10-15 00:00:00+00:00,7.3206663,0.0,0.38534167,Alberta
2018-10-16 00:00:00+00:00,7.3089995,0.060000002,0.38378328,Alberta
2018-10-17 00:00:00+00:00,9.297334,0.0,0.3801083,Alberta
2018-10-18 00:00:00+00:00,10.044833,0.0,0.3755417,Alberta
2018-10-19 00:00:00+00:00,5.5631666,0.0,0.3718,Alberta
2018-10-20 00:00:00+00:00,7.7677507,0.0,0.37239164,Alberta
2018-10-21 00:00:00+00:00,5.494416,0.0,0.37036666,Alberta
2018-10-22 00:00:00+00:00,3.1573331,0.0,0.36751667,Alberta
2018-10-23 00:00:00+00:00,3.5794168,0.0,0.36346665,Alberta
2018-10-24 00:00:00+00:00,4.5473337,0.02,0.3621167,Alberta
2018-10-25 00:00:00+00:00,5.863167,0.060000002,0.36125833,Alberta
2018-10-26 00:00:00+00:00,5.7523336,0.08,0.36195832,Alberta
2018-10-27 00:00:00+00:00,5.724,0.32,0.36118335,Alberta
2018-10-28 00:00:00+00:00,2.3189998,0.88,0.3578083,Alberta
2018-10-29 00:00:00+00:00,2.8198333,0.96000004,0.358275,Alberta
2018-10-30 00:00:00+00:00,2.6298332,1.28,0.35799167,Alberta
2018-10-31 00:00:00+00:00,2.5569165,0.32,0.35557497,Alberta
2018-11-01 00:00:00+00:00,1.5723335,3.0000005,0.3559,Alberta
2018-11-02 00:00:00+00:00,0.4794167,6.12,0.35919166,Alberta
2018-11-03 00:00:00+00:00,0.0406667,1.12,0.3595667,Alberta
2018-11-04 00:00:00+00:00,1.5344167,5.2999997,0.3617,Alberta
2018-11-05 00:00:00+00:00,-5.89225,1.5200001,0.3638583,Alberta
2018-11-06 00:00:00+00:00,-10.173917,0.52000004,0.36481667,Alberta
2018-11-07 00:00:00+00:00,-10.453083,0.34000003,0.36465833,Alberta
2018-11-08 00:00:00+00:00,-10.707251,0.0,0.36373335,Alberta
2018-11-09 00:00:00+00:00,-5.0168333,0.96000004,0.36320004,Alberta
2018-11-10 00:00:00+00:00,-1.2635,1.5000001,0.36154997,Alberta
2018-11-11 00:00:00+00:00,-5.106833,1.26,0.36035004,Alberta
2018-11-12 00:00:00+00:00,-5.0784993,0.04,0.359125,Alberta
2018-11-13 00:00:00+00:00,0.94816667,0.0,0.35777503,Alberta
2018-11-14 00:00:00+00:00,3.9610832,0.24000001,0.35769168,Alberta
2018-11-15 00:00:00+00:00,0.29191652,2.3,0.36202502,Alberta
2018-11-16 00:00:00+00:00,-7.514334,4.14,0.36403337,Alberta
2018-11-17 00:00:00+00:00,-10.438085,0.0,0.36412495,Alberta
2018-11-18 00:00:00+00:00,-1.3730834,2.1200001,0.36307496,Alberta
2018-11-19 00:00:00+00:00,-1.6768332,0.04,0.36379164,Alberta
2018-11-20 00:00:00+00:00,0.89108336,0.0,0.3641917,Alberta
2018-11-21 00:00:00+00:00,0.41358328,0.0,0.3636667,Alberta
2018-11-22 00:00:00+00:00,1.4498334,0.0,0.36252502,Alberta
2018-11-23 00:00:00+00:00,-2.4780834,0.66,0.36131662,Alberta
2018-11-24 00:00:00+00:00,-4.2384996,1.52,0.36047497,Alberta
2018-11-25 00:00:00+00:00,-4.3830833,0.16,0.360325,Alberta
2018-11-26 00:00:00+00:00,-1.8768333,0.08,0.3593,Alberta
2018-11-27 00:00:00+00:00,-0.25808334,0.35999998,0.3589167,Alberta
2018-11-28 00:00:00+00:00,-0.063916594,1.6600002,0.35880005,Alberta
2018-11-29 00:00:00+00:00,-1.296833,0.20000002,0.35833335,Alberta
2018-11-30 00:00:00+00:00,-3.2939162,0.54,0.35848334,Alberta
2018-12-01 00:00:00+00:00,-4.4785,0.36,0.35782504,Alberta
2018-12-02 00:00:00+00:00,-4.565583,5.9399996,0.35651666,Alberta
2018-12-03 00:00:00+00:00,-7.0664167,1.54,0.35625,Alberta
2018-12-04 00:00:00+00:00,-7.231,0.0,0.35539162,Alberta
2018-12-05 00:00:00+00:00,-8.00225,0.74000007,0.35439163,Alberta
2018-12-06 00:00:00+00:00,-12.086,0.0,0.3545,Alberta
2018-12-07 00:00:00+00:00,-10.854333,0.0,0.35341668,Alberta
2018-12-08 00:00:00+00:00,-8.627667,0.02,0.35276666,Alberta
2018-12-09 00:00:00+00:00,-6.48975,0.0,0.35195833,Alberta
2018-12-10 00:00:00+00:00,-2.562667,0.36,0.35109174,Alberta
2018-12-11 00:00:00+00:00,-2.7464168,0.2,0.35036668,Alberta
2018-12-12 00:00:00+00:00,-0.20641665,0.50000006,0.34964997,Alberta
2018-12-13 00:00:00+00:00,-0.2568334,0.1,0.34810838,Alberta
2018-12-14 00:00:00+00:00,0.043166887,0.54,0.3476917,Alberta
2018-12-15 00:00:00+00:00,-0.23266678,0.02,0.34657502,Alberta
2018-12-16 00:00:00+00:00,-7.2489166,0.0,0.3455,Alberta
2018-12-17 00:00:00+00:00,-2.873083,0.26000002,0.34475833,Alberta
2018-12-18 00:00:00+00:00,-1.4360002,0.18,0.34320828,Alberta
2018-12-19 00:00:00+00:00,-0.54766667,0.02,0.34222502,Alberta
2018-12-20 00:00:00+00:00,-2.7755833,0.2,0.34135002,Alberta
2018-12-21 00:00:00+00:00,-0.31433338,2.38,0.34025833,Alberta
2018-12-22 00:00:00+00:00,-6.8864164,0.26000002,0.33993337,Alberta
2018-12-23 00:00:00+00:00,-10.028084,0.060000002,0.33985,Alberta
2018-12-24 00:00:00+00:00,-10.11475,0.16,0.339075,Alberta
2018-12-25 00:00:00+00:00,-10.185167,0.9,0.34,Alberta
2018-12-26 00:00:00+00:00,-11.3497505,0.96000004,0.3385083,Alberta
2018-12-27 00:00:00+00:00,-11.995584,0.08,0.33810002,Alberta
2018-12-28 00:00:00+00:00,-10.9285,0.14000002,0.3404167,Alberta
2018-12-29 00:00:00+00:00,-4.5218334,4.5199995,0.33994168,Alberta
2018-12-30 00:00:00+00:00,-8.705168,3.4,0.33844167,Alberta
2018-12-31 00:00:00+00:00,-16.273083,0.04,0.33726662,Alberta
2019-01-01 00:00:00+00:00,-4.4735003,0.7,0.3366999,Alberta
2019-01-02 00:00:00+00:00,2.2019165,0.0,0.33755833,Alberta
2019-01-03 00:00:00+00:00,0.9406668,0.14,0.34308332,Alberta
2019-01-04 00:00:00+00:00,-1.732666,1.9799999,0.34394163,Alberta
2019-01-05 00:00:00+00:00,-4.6255827,0.7200001,0.34434167,Alberta
2019-01-06 00:00:00+00:00,-3.4001667,0.38000005,0.34432498,Alberta
2019-01-07 00:00:00+00:00,-9.296833,1.22,0.34374166,Alberta
2019-01-08 00:00:00+00:00,-16.459332,0.0,0.34299996,Alberta
2019-01-09 00:00:00+00:00,-11.238083,0.2,0.34218332,Alberta
2019-01-10 00:00:00+00:00,-9.5335,1.3000001,0.34184998,Alberta
2019-01-11 00:00:00+00:00,-7.2822504,0.0,0.34095,Alberta
2019-01-12 00:00:00+00:00,-1.8626667,0.060000002,0.34005007,Alberta
2019-01-13 00:00:00+00:00,-4.0851665,0.08,0.33928338,Alberta
2019-01-14 00:00:00+00:00,-4.091417,0.0,0.3380167,Alberta
2019-01-15 00:00:00+00:00,-6.5739164,0.0,0.33752504,Alberta
2019-01-16 00:00:00+00:00,-10.328917,0.9200001,0.33721668,Alberta
2019-01-17 00:00:00+00:00,-15.630583,0.84000003,0.33538336,Alberta
2019-01-18 00:00:00+00:00,-16.895166,1.1600001,0.3340084,Alberta
2019-01-19 00:00:00+00:00,-11.8585,1.6600001,0.33359998,Alberta
2019-01-20 00:00:00+00:00,-6.4597497,0.16000001,0.3332667,Alberta
2019-01-21 00:00:00+00:00,-5.9705834,0.58000004,0.33250004,Alberta
2019-01-22 00:00:00+00:00,-5.7014165,0.34,0.33166665,Alberta
2019-01-23 00:00:00+00:00,-8.671416,1.14,0.33145002,Alberta
2019-01-24 00:00:00+00:00,-11.438499,0.22,0.33092502,Alberta
2019-01-25 00:00:00+00:00,-1.7755835,0.52000004,0.3301,Alberta
2019-01-26 00:00:00+00:00,2.62775,0.36,0.33060837,Alberta
2019-01-27 00:00:00+00:00,2.6106665,1.68,0.33950835,Alberta
2019-01-28 00:00:00+00:00,-6.5918336,0.17999999,0.34446663,Alberta
2019-01-29 00:00:00+00:00,-11.58225,0.0,0.34547502,Alberta
2019-01-30 00:00:00+00:00,-6.762666,1.8799999,0.34526667,Alberta
2019-01-31 00:00:00+00:00,-2.09725,0.42,0.34503335,Alberta
2019-02-01 00:00:00+00:00,-11.103083,5.5,0.34433332,Alberta
2019-02-02 00:00:00+00:00,-18.526001,3.48,0.34345,Alberta
2019-02-03 00:00:00+00:00,-26.9985,1.1200001,0.34274167,Alberta
2019-02-04 00:00:00+00:00,-28.714748,0.38000003,0.34222502,Alberta
2019-02-05 00:00:00+00:00,-28.09142,0.08,0.34122497,Alberta
2019-02-06 00:00:00+00:00,-26.461416,0.0,0.3399167,Alberta
2019-02-07 00:00:00+00:00,-24.366417,0.0,0.33856663,Alberta
2019-02-08 00:00:00+00:00,-20.884335,1.1,0.336725,Alberta
2019-02-09 00:00:00+00:00,-26.53975,0.32000005,0.33567503,Alberta
2019-02-10 00:00:00+00:00,-26.729748,0.16000001,0.335425,Alberta
2019-02-11 00:00:00+00:00,-24.046833,1.1600001,0.33514166,Alberta
2019-02-12 00:00:00+00:00,-24.65475,0.28000003,0.3342333,Alberta
2019-02-13 00:00:00+00:00,-24.431833,0.28000003,0.33391672,Alberta
2019-02-14 00:00:00+00:00,-22.935583,0.0,0.33374164,Alberta
2019-02-15 00:00:00+00:00,-20.455584,1.1600001,0.3331167,Alberta
2019-02-16 00:00:00+00:00,-17.5035,3.2399998,0.33312503,Alberta
2019-02-17 00:00:00+00:00,-18.098083,1.28,0.33320004,Alberta
2019-02-18 00:00:00+00:00,-21.751415,0.0,0.33293337,Alberta
2019-02-19 00:00:00+00:00,-11.657667,0.38000003,0.33243337,Alberta
2019-02-20 00:00:00+00:00,-7.0597496,1.5400002,0.332275,Alberta
2019-02-21 00:00:00+00:00,-14.208499,0.52,0.3322584,Alberta
2019-02-22 00:00:00+00:00,-10.941416,0.24000004,0.3316,Alberta
2019-02-23 00:00:00+00:00,-13.590584,1.76,0.3316,Alberta
2019-02-24 00:00:00+00:00,-21.89225,0.0,0.33094162,Alberta
2019-02-25 00:00:00+00:00,-24.086002,0.0,0.32999164,Alberta
2019-02-26 00:00:00+00:00,-21.448084,0.5,0.3268,Alberta
2019-02-27 00:00:00+00:00,-11.877667,0.0,0.32615834,Alberta
2019-02-28 00:00:00+00:00,-9.322249,0.04,0.32625836,Alberta
2019-03-01 00:00:00+00:00,-17.435583,0.82,0.32539162,Alberta
2019-03-02 00:00:00+00:00,-26.126831,0.02,0.326,Alberta
2019-03-03 00:00:00+00:00,-23.660168,0.0,0.325875,Alberta
2019-03-04 00:00:00+00:00,-18.768917,0.0,0.32555836,Alberta
2019-03-05 00:00:00+00:00,-15.057251,0.0,0.3254,Alberta
2019-03-06 00:00:00+00:00,-16.980999,0.060000002,0.3253166,Alberta
2019-03-07 00:00:00+00:00,-14.210167,0.02,0.32406664,Alberta
2019-03-08 00:00:00+00:00,-10.08725,2.98,0.32389995,Alberta
2019-03-09 00:00:00+00:00,-9.426833,0.120000005,0.32339996,Alberta
2019-03-10 00:00:00+00:00,-9.328501,0.0,0.32317495,Alberta
2019-03-11 00:00:00+00:00,-1.9585003,0.1,0.32299995,Alberta
2019-03-12 00:00:00+00:00,0.40024996,0.82,0.323825,Alberta
2019-03-13 00:00:00+00:00,-2.1251664,0.46000004,0.32543334,Alberta
2019-03-14 00:00:00+00:00,-4.0268335,0.0,0.32660833,Alberta
2019-03-15 00:00:00+00:00,-1.2597498,0.1,0.32878333,Alberta
2019-03-16 00:00:00+00:00,-2.0955834,0.0,0.3304833,Alberta
2019-03-17 00:00:00+00:00,0.40941668,0.0,0.33441663,Alberta
2019-03-18 00:00:00+00:00,2.7956667,0.0,0.345025,Alberta
2019-03-19 00:00:00+00:00,4.0223336,0.02,0.36018333,Alberta
2019-03-20 00:00:00+00:00,3.5310836,0.0,0.3751,Alberta
2019-03-21 00:00:00+00:00,3.2677498,0.0,0.3865833,Alberta
2019-03-22 00:00:00+00:00,3.5919166,0.0,0.39550835,Alberta
2019-03-23 00:00:00+00:00,3.0098336,0.0,0.39833334,Alberta
2019-03-24 00:00:00+00:00,1.8039999,0.42,0.39841667,Alberta
2019-03-25 00:00:00+00:00,1.87775,0.0,0.39628333,Alberta
2019-03-26 00:00:00+00:00,2.638167,1.1600001,0.39490002,Alberta
2019-03-27 00:00:00+00:00,1.5835834,1.24,0.39755005,Alberta
2019-03-28 00:00:00+00:00,1.0273333,0.04,0.39712498,Alberta
2019-03-29 00:00:00+00:00,1.8023335,0.0,0.39495832,Alberta
2019-03-30 00:00:00+00:00,3.7198334,0.0,0.39233333,Alberta
2019-03-31 00:00:00+00:00,1.8948333,0.2,0.38818333,Alberta
2019-04-01 00:00:00+00:00,2.17025,0.88,0.38492507,Alberta
2019-04-02 00:00:00+00:00,1.08025,0.48000002,0.38274997,Alberta
2019-04-03 00:00:00+00:00,1.8181665,0.4,0.37974998,Alberta
2019-04-04 00:00:00+00:00,2.33775,0.8000001,0.37686664,Alberta
2019-04-05 00:00:00+00:00,1.2694167,0.24000001,0.37519166,Alberta
2019-04-06 00:00:00+00:00,4.0598335,0.66,0.37356663,Alberta
2019-04-07 00:00:00+00:00,4.0335836,0.24000001,0.37475,Alberta
2019-04-08 00:00:00+00:00,5.531083,0.120000005,0.37303331,Alberta
2019-04-09 00:00:00+00:00,5.3794165,0.22,0.3694083,Alberta
2019-04-10 00:00:00+00:00,5.481917,1.0200001,0.36506668,Alberta
2019-04-11 00:00:00+00:00,3.6115003,3.1399999,0.3680667,Alberta
2019-04-12 00:00:00+00:00,2.7581668,1.72,0.37178332,Alberta
2019-04-13 00:00:00+00:00,4.3931665,0.02,0.37209997,Alberta
2019-04-14 00:00:00+00:00,5.2406664,1.86,0.370875,Alberta
2019-04-15 00:00:00+00:00,3.2144165,3.7400002,0.37542498,Alberta
2019-04-16 00:00:00+00:00,3.09275,0.120000005,0.37867498,Alberta
2019-04-17 00:00:00+00:00,6.6144166,0.38000003,0.37708336,Alberta
2019-04-18 00:00:00+00:00,7.4035835,0.32000002,0.3738833,Alberta
2019-04-19 00:00:00+00:00,9.134001,0.3,0.36966667,Alberta
2019-04-20 00:00:00+00:00,5.5181665,0.58000004,0.36845,Alberta
2019-04-21 00:00:00+00:00,4.85775,0.0,0.36748338,Alberta
2019-04-22 00:00:00+00:00,8.298583,0.48000002,0.36329168,Alberta
2019-04-23 00:00:00+00:00,10.454834,0.1,0.35856667,Alberta
2019-04-24 00:00:00+00:00,6.5023336,0.3,0.35506666,Alberta
2019-04-25 00:00:00+00:00,4.0648336,0.22,0.3534333,Alberta
2019-04-26 00:00:00+00:00,4.5365,0.04,0.34939998,Alberta
2019-04-27 00:00:00+00:00,3.3419166,4.68,0.3459,Alberta
2019-04-28 00:00:00+00:00,0.28649998,4.0,0.34439164,Alberta
2019-04-29 00:00:00+00:00,-0.3597501,0.40000004,0.34363335,Alberta
2019-04-30 00:00:00+00:00,0.17149995,1.1600001,0.34288335,Alberta
2019-05-01 00:00:00+00:00,0.1644167,1.3400002,0.34385833,Alberta
2019-05-02 00:00:00+00:00,2.3156667,0.98,0.34370834,Alberta
2019-05-03 00:00:00+00:00,3.6719165,2.06,0.34418333,Alberta
2019-05-04 00:00:00+00:00,0.72150004,1.26,0.344975,Alberta
2019-05-05 00:00:00+00:00,1.07525,1.24,0.34619164,Alberta
2019-05-06 00:00:00+00:00,4.0910835,0.28,0.34566665,Alberta
2019-05-07 00:00:00+00:00,6.1119165,0.66,0.34235,Alberta
2019-05-08 00:00:00+00:00,7.2181664,1.08,0.3402583,Alberta
2019-05-09 00:00:00+00:00,9.243166,0.3,0.33741665,Alberta
2019-05-10 00:00:00+00:00,12.649834,0.16,0.33384997,Alberta
2019-05-11 00:00:00+00:00,11.507334,0.0,0.32744998,Alberta
2019-05-12 00:00:00+00:00,15.471083,0.120000005,0.31815833,Alberta
2019-05-13 00:00:00+00:00,11.701499,0.1,0.308675,Alberta
2019-05-14 00:00:00+00:00,10.676916,0.5,0.299325,Alberta
2019-05-15 00:00:00+00:00,10.046916,8.900001,0.30027503,Alberta
2019-05-16 00:00:00+00:00,8.101084,0.50000006,0.31920832,Alberta
2019-05-17 00:00:00+00:00,8.175249,3.12,0.32264167,Alberta
2019-05-18 00:00:00+00:00,7.5527506,2.8800006,0.32520834,Alberta
2019-05-19 00:00:00+00:00,7.9144163,0.060000002,0.32785,Alberta
2019-05-20 00:00:00+00:00,8.515666,0.04,0.32761663,Alberta
2019-05-21 00:00:00+00:00,9.176916,0.7600001,0.32693332,Alberta
2019-05-22 00:00:00+00:00,11.071083,1.0199999,0.32844168,Alberta
2019-05-23 00:00:00+00:00,12.997749,0.14,0.325125,Alberta
2019-05-24 00:00:00+00:00,12.5373335,3.4,0.32018334,Alberta
2019-05-25 00:00:00+00:00,11.288584,2.52,0.32929164,Alberta
2019-05-26 00:00:00+00:00,11.08775,0.82,0.33902502,Alberta
2019-05-27 00:00:00+00:00,13.286917,0.0,0.338125,Alberta
2019-05-28 00:00:00+00:00,15.3794155,0.0,0.33355832,Alberta
2019-05-29 00:00:00+00:00,17.493584,0.0,0.327925,Alberta
2019-05-30 00:00:00+00:00,17.827335,0.16,0.32645002,Alberta
2019-05-31 00:00:00+00:00,14.95775,1.1,0.33032498,Alberta
2019-06-01 00:00:00+00:00,17.404835,0.1,0.32904166,Alberta
2019-06-02 00:00:00+00:00,18.37775,0.060000002,0.3201,Alberta
2019-06-03 00:00:00+00:00,17.008999,1.8,0.31180835,Alberta
2019-06-04 00:00:00+00:00,13.814417,0.48000002,0.30817503,Alberta
2019-06-05 00:00:00+00:00,12.579416,1.1600001,0.3047667,Alberta
2019-06-06 00:00:00+00:00,12.87525,2.56,0.3005,Alberta
2019-06-07 00:00:00+00:00,8.149833,15.62,0.30846667,Alberta
2019-06-08 00:00:00+00:00,7.4019165,2.2000003,0.3392083,Alberta
2019-06-09 00:00:00+00:00,9.493583,2.26,0.34175006,Alberta
2019-06-10 00:00:00+00:00,12.309,0.44,0.3399333,Alberta
2019-06-11 00:00:00+00:00,14.05775,0.91999996,0.3348083,Alberta
2019-06-12 00:00:00+00:00,17.7515,0.18,0.327675,Alberta
2019-06-13 00:00:00+00:00,19.069834,0.66,0.31614166,Alberta
2019-06-14 00:00:00+00:00,16.521917,4.84,0.31087503,Alberta
2019-06-15 00:00:00+00:00,15.241083,0.86,0.30855,Alberta
2019-06-16 00:00:00+00:00,15.829416,0.48000002,0.30319166,Alberta
2019-06-17 00:00:00+00:00,17.466501,0.24000001,0.29568332,Alberta
2019-06-18 00:00:00+00:00,17.257334,2.1,0.29011667,Alberta
2019-06-19 00:00:00+00:00,13.365666,13.920001,0.30306667,Alberta
2019-06-20 00:00:00+00:00,9.939,11.120001,0.34303334,Alberta
2019-06-21 00:00:00+00:00,11.634417,17.259998,0.379025,Alberta
2019-06-22 00:00:00+00:00,13.1415,2.26,0.3848583,Alberta
2019-06-23 00:00:00+00:00,14.531917,3.2599998,0.37785834,Alberta
2019-06-24 00:00:00+00:00,12.991501,5.7000003,0.37631667,Alberta
2019-06-25 00:00:00+00:00,12.825251,5.9399996,0.38811666,Alberta
2019-06-26 00:00:00+00:00,13.649417,2.5800002,0.38770002,Alberta
2019-06-27 00:00:00+00:00,14.3365,4.4399996,0.37839165,Alberta
2019-06-28 00:00:00+00:00,15.082334,11.72,0.3931667,Alberta
2019-06-29 00:00:00+00:00,14.24025,2.02,0.39561668,Alberta
2019-06-30 00:00:00+00:00,14.385251,1.3800001,0.38561666,Alberta
2019-07-01 00:00:00+00:00,15.179832,4.12,0.37565,Alberta
2019-07-02 00:00:00+00:00,11.34775,1.4,0.371125,Alberta
2019-07-03 00:00:00+00:00,12.838167,0.84,0.36626664,Alberta
2019-07-04 00:00:00+00:00,12.58025,6.9,0.36857498,Alberta
2019-07-05 00:00:00+00:00,12.806917,3.4800003,0.37054998,Alberta
2019-07-06 00:00:00+00:00,14.4465,0.56000006,0.36716667,Alberta
2019-07-07 00:00:00+00:00,16.093584,5.3599997,0.36538333,Alberta
2019-07-08 00:00:00+00:00,14.573584,4.7,0.37013334,Alberta
2019-07-09 00:00:00+00:00,13.54025,1.3199999,0.37113333,Alberta
2019-07-10 00:00:00+00:00,15.746084,2.6,0.36825,Alberta
2019-07-11 00:00:00+00:00,16.41275,1.54,0.36803332,Alberta
2019-07-12 00:00:00+00:00,17.978582,0.060000002,0.3618917,Alberta
2019-07-13 00:00:00+00:00,18.735668,0.78000003,0.3505,Alberta
2019-07-14 00:00:00+00:00,18.32775,1.7599999,0.34119168,Alberta
2019-07-15 00:00:00+00:00,16.976501,2.62,0.33750835,Alberta
2019-07-16 00:00:00+00:00,16.291916,2.92,0.3380917,Alberta
2019-07-17 00:00:00+00:00,16.140667,0.93999994,0.3398917,Alberta
2019-07-18 00:00:00+00:00,15.351915,8.16,0.3463833,Alberta
2019-07-19 00:00:00+00:00,13.496083,7.8599997,0.36572498,Alberta
2019-07-20 00:00:00+00:00,14.428583,11.539999,0.37934166,Alberta
2019-07-21 00:00:00+00:00,15.45775,1.64,0.38050836,Alberta
2019-07-22 00:00:00+00:00,18.586082,0.0,0.3716167,Alberta
2019-07-23 00:00:00+00:00,20.704,0.22,0.36053333,Alberta
2019-07-24 00:00:00+00:00,20.167332,6.2599998,0.34889168,Alberta
2019-07-25 00:00:00+00:00,16.144001,6.4,0.36405,Alberta
2019-07-26 00:00:00+00:00,18.098999,0.0,0.3646,Alberta
2019-07-27 00:00:00+00:00,18.88775,1.0799999,0.35686666,Alberta
2019-07-28 00:00:00+00:00,15.895666,8.380001,0.369525,Alberta
2019-07-29 00:00:00+00:00,16.41275,1.28,0.36859167,Alberta
2019-07-30 00:00:00+00:00,17.168167,1.44,0.36139163,Alberta
2019-07-31 00:00:00+00:00,16.615667,1.2,0.363025,Alberta
2019-08-01 00:00:00+00:00,17.973167,8.0199995,0.3662917,Alberta
2019-08-02 00:00:00+00:00,19.644417,1.1599998,0.36395,Alberta
2019-08-03 00:00:00+00:00,17.75775,1.72,0.35924166,Alberta
2019-08-04 00:00:00+00:00,16.687748,0.060000002,0.3532583,Alberta
2019-08-05 00:00:00+00:00,18.821499,0.36,0.34723336,Alberta
2019-08-06 00:00:00+00:00,16.98275,1.9799999,0.34015,Alberta
2019-08-07 00:00:00+00:00,15.073166,0.46000004,0.33684164,Alberta
2019-08-08 00:00:00+00:00,17.305666,2.56,0.3363334,Alberta
2019-08-09 00:00:00+00:00,15.527333,3.2599998,0.33539164,Alberta
2019-08-10 00:00:00+00:00,11.999417,1.9399998,0.34004167,Alberta
2019-08-11 00:00:00+00:00,13.55025,0.9200001,0.34303334,Alberta
2019-08-12 00:00:00+00:00,13.894834,3.4599998,0.34454995,Alberta
2019-08-13 00:00:00+00:00,14.291916,3.1200001,0.349975,Alberta
2019-08-14 00:00:00+00:00,15.81275,0.65999997,0.35153335,Alberta
2019-08-15 00:00:00+00:00,17.516916,0.62,0.34528333,Alberta
2019-08-16 00:00:00+00:00,14.57025,8.9,0.34061664,Alberta
2019-08-17 00:00:00+00:00,10.467334,1.4200001,0.34758335,Alberta
2019-08-18 00:00:00+00:00,12.382334,2.7399998,0.35314998,Alberta
2019-08-19 00:00:00+00:00,12.404417,5.38,0.36040837,Alberta
2019-08-20 00:00:00+00:00,14.05525,0.0,0.36297503,Alberta
2019-08-21 00:00:00+00:00,18.847334,0.0,0.35431665,Alberta
2019-08-22 00:00:00+00:00,17.714415,1.9799999,0.34589997,Alberta
2019-08-23 00:00:00+00:00,14.494417,0.72,0.3449667,Alberta
2019-08-24 00:00:00+00:00,16.087334,1.1800001,0.34325835,Alberta
2019-08-25 00:00:00+00:00,14.029416,1.24,0.33765832,Alberta
2019-08-26 00:00:00+00:00,12.52775,1.0400001,0.3329917,Alberta
2019-08-27 00:00:00+00:00,12.157333,0.3,0.330875,Alberta
2019-08-28 00:00:00+00:00,14.9660845,2.06,0.3260417,Alberta
2019-08-29 00:00:00+00:00,12.3081665,0.060000002,0.321775,Alberta
2019-08-30 00:00:00+00:00,12.559417,0.38,0.31659168,Alberta
2019-08-31 00:00:00+00:00,12.499001,1.3799999,0.31850833,Alberta
2019-09-01 00:00:00+00:00,12.776501,0.9,0.32025835,Alberta
2019-09-02 00:00:00+00:00,14.6365,1.9599998,0.32248336,Alberta
2019-09-03 00:00:00+00:00,15.326083,0.0,0.32445002,Alberta
2019-09-04 00:00:00+00:00,17.514416,2.1799998,0.319875,Alberta
2019-09-05 00:00:00+00:00,15.773584,0.66,0.31996667,Alberta
2019-09-06 00:00:00+00:00,14.188167,0.71999997,0.3182333,Alberta
2019-09-07 00:00:00+00:00,14.890249,1.0600001,0.31720835,Alberta
2019-09-08 00:00:00+00:00,13.438166,5.0000005,0.31805,Alberta
2019-09-09 00:00:00+00:00,10.9615,5.88,0.33415833,Alberta
2019-09-10 00:00:00+00:00,9.158584,7.9600005,0.3551833,Alberta
2019-09-11 00:00:00+00:00,9.341917,0.5,0.37489164,Alberta
2019-09-12 00:00:00+00:00,11.5998335,0.0,0.37991667,Alberta
2019-09-13 00:00:00+00:00,14.207751,0.38000003,0.37516665,Alberta
2019-09-14 00:00:00+00:00,13.407333,0.6,0.37119168,Alberta
2019-09-15 00:00:00+00:00,13.752749,0.84,0.36851668,Alberta
2019-09-16 00:00:00+00:00,13.4515,0.47999996,0.36521667,Alberta
2019-09-17 00:00:00+00:00,12.075251,3.2000003,0.36525834,Alberta
2019-09-18 00:00:00+00:00,9.996916,0.14,0.36498332,Alberta
2019-09-19 00:00:00+00:00,10.70275,0.85999995,0.36329165,Alberta
2019-09-20 00:00:00+00:00,11.830667,1.04,0.36256665,Alberta
2019-09-21 00:00:00+00:00,11.08025,0.9,0.3598833,Alberta
2019-09-22 00:00:00+00:00,14.403583,0.0,0.3541167,Alberta
2019-09-23 00:00:00+00:00,13.054416,0.9,0.34784168,Alberta
2019-09-24 00:00:00+00:00,10.893999,1.3599999,0.34603333,Alberta
2019-09-25 00:00:00+00:00,9.863584,0.8,0.3439917,Alberta
2019-09-26 00:00:00+00:00,8.573584,4.94,0.3410583,Alberta
2019-09-27 00:00:00+00:00,3.4806664,4.08,0.34972504,Alberta
2019-09-28 00:00:00+00:00,0.57066673,1.3000002,0.35444167,Alberta
2019-09-29 00:00:00+00:00,-0.52225006,5.4199996,0.35689163,Alberta
2019-09-30 00:00:00+00:00,-0.07391658,4.62,0.35493332,Alberta
2019-10-01 00:00:00+00:00,0.7040001,0.02,0.3531,Alberta
2019-10-02 00:00:00+00:00,2.728583,0.0,0.35293332,Alberta
2019-10-03 00:00:00+00:00,3.9740002,0.0,0.35099995,Alberta
2019-10-04 00:00:00+00:00,5.646917,1.22,0.35506672,Alberta
2019-10-05 00:00:00+00:00,7.294417,0.6,0.358775,Alberta
2019-10-06 00:00:00+00:00,8.31775,0.0,0.361225,Alberta
2019-10-07 00:00:00+00:00,8.990667,1.14,0.35415834,Alberta
2019-10-08 00:00:00+00:00,0.51358336,6.8200006,0.35400838,Alberta
2019-10-09 00:00:00+00:00,-4.0593333,0.14,0.35500836,Alberta
2019-10-10 00:00:00+00:00,-4.2972503,0.0,0.35540003,Alberta
2019-10-11 00:00:00+00:00,-1.3539165,0.0,0.35538334,Alberta
2019-10-12 00:00:00+00:00,1.6910836,0.0,0.35469168,Alberta
2019-10-13 00:00:00+00:00,2.8156667,1.0200001,0.3543583,Alberta
2019-10-14 00:00:00+00:00,2.8198333,4.5199995,0.35774168,Alberta
2019-10-15 00:00:00+00:00,1.8506668,0.08,0.36241668,Alberta
2019-10-16 00:00:00+00:00,5.645667,0.82,0.36741668,Alberta
2019-10-17 00:00:00+00:00,7.79525,1.26,0.3611083,Alberta
2019-10-18 00:00:00+00:00,5.4856668,0.060000002,0.356825,Alberta
2019-10-19 00:00:00+00:00,3.7935834,0.86,0.35299167,Alberta
2019-10-20 00:00:00+00:00,1.7944167,0.52000004,0.3492917,Alberta
2019-10-21 00:00:00+00:00,1.41275,0.5,0.34981668,Alberta
2019-10-22 00:00:00+00:00,2.2694168,2.2,0.34871665,Alberta
2019-10-23 00:00:00+00:00,1.9631668,2.16,0.35150832,Alberta
2019-10-24 00:00:00+00:00,3.7115002,0.46000004,0.35215002,Alberta
2019-10-25 00:00:00+00:00,6.975667,5.6200004,0.35336667,Alberta
2019-10-26 00:00:00+00:00,-0.44475007,1.1600001,0.35324997,Alberta
2019-10-27 00:00:00+00:00,-2.38975,0.2,0.3509583,Alberta
2019-10-28 00:00:00+00:00,-5.681,1.4800001,0.34894165,Alberta
2019-10-29 00:00:00+00:00,-8.719334,0.0,0.34736663,Alberta
2019-10-30 00:00:00+00:00,-3.1126666,0.0,0.346175,Alberta
2019-10-31 00:00:00+00:00,1.4385834,0.38000003,0.34510833,Alberta
2019-11-01 00:00:00+00:00,-0.016000003,0.24000001,0.34456667,Alberta
2019-11-02 00:00:00+00:00,2.1510835,1.42,0.34456664,Alberta
2019-11-03 00:00:00+00:00,0.53150004,1.24,0.34773332,Alberta
2019-11-04 00:00:00+00:00,-2.1839166,1.1199999,0.34874165,Alberta
2019-11-05 00:00:00+00:00,-3.426,3.4800003,0.3484583,Alberta
2019-11-06 00:00:00+00:00,-10.203917,1.0999999,0.347725,Alberta
2019-11-07 00:00:00+00:00,-6.644333,0.0,0.34686667,Alberta
2019-11-08 00:00:00+00:00,1.9823335,3.72,0.34952497,Alberta
2019-11-09 00:00:00+00:00,-3.8126664,6.2,0.35697496,Alberta
2019-11-10 00:00:00+00:00,-14.111,3.2400002,0.35835835,Alberta
2019-11-11 00:00:00+00:00,-14.517252,0.0,0.35822502,Alberta
2019-11-12 00:00:00+00:00,-2.5089169,2.08,0.35737497,Alberta
2019-11-13 00:00:00+00:00,-0.4805835,0.52000004,0.3574667,Alberta
2019-11-14 00:00:00+00:00,-1.0064166,0.02,0.3585667,Alberta
2019-11-15 00:00:00+00:00,0.62733334,0.78,0.3585583,Alberta
2019-11-16 00:00:00+00:00,2.0644166,1.08,0.36215836,Alberta
2019-11-17 00:00:00+00:00,4.2790003,1.0799999,0.36705002,Alberta
2019-11-18 00:00:00+00:00,5.0494165,0.32000002,0.37280002,Alberta
2019-11-19 00:00:00+00:00,-0.83433324,3.3799999,0.36943334,Alberta
2019-11-20 00:00:00+00:00,-2.2868333,1.8199999,0.36720002,Alberta
2019-11-21 00:00:00+00:00,-3.013083,0.0,0.36513335,Alberta
2019-11-22 00:00:00+00:00,1.4231666,0.04,0.36387497,Alberta
2019-11-23 00:00:00+00:00,5.0410833,0.0,0.3638,Alberta
2019-11-24 00:00:00+00:00,2.2335835,1.7,0.36608332,Alberta
2019-11-25 00:00:00+00:00,-1.0339167,0.44000006,0.36731663,Alberta
2019-11-26 00:00:00+00:00,-4.980583,2.4599998,0.366675,Alberta
2019-11-27 00:00:00+00:00,-10.093916,1.7200003,0.3655167,Alberta
2019-11-28 00:00:00+00:00,-12.0935,1.26,0.36425,Alberta
2019-11-29 00:00:00+00:00,-12.060582,0.060000002,0.363025,Alberta
2019-11-30 00:00:00+00:00,-12.1835,0.0,0.36177498,Alberta
2019-12-01 00:00:00+00:00,-9.001,0.0,0.36044997,Alberta
2019-12-02 00:00:00+00:00,-3.461,0.04,0.35924166,Alberta
2019-12-03 00:00:00+00:00,1.4627501,0.02,0.35829163,Alberta
2019-12-04 00:00:00+00:00,-1.3284998,1.32,0.35801667,Alberta
2019-12-05 00:00:00+00:00,-5.7668333,0.48000002,0.35766673,Alberta
2019-12-06 00:00:00+00:00,-6.2651668,0.0,0.3571,Alberta
2019-12-07 00:00:00+00:00,-5.7601666,0.9799999,0.35647503,Alberta
2019-12-08 00:00:00+00:00,-12.469334,2.2999997,0.355775,Alberta
2019-12-09 00:00:00+00:00,-8.207666,1.5,0.35514167,Alberta
2019-12-10 00:00:00+00:00,-10.384334,0.68,0.35436666,Alberta
2019-12-11 00:00:00+00:00,-10.599333,1.5600002,0.35375828,Alberta
2019-12-12 00:00:00+00:00,-11.99475,0.66,0.35309997,Alberta
2019-12-13 00:00:00+00:00,-14.971832,1.3000001,0.35253337,Alberta
2019-12-14 00:00:00+00:00,-14.45975,0.48000002,0.35192502,Alberta
2019-12-15 00:00:00+00:00,-11.35475,0.0,0.351325,Alberta
2019-12-16 00:00:00+00:00,-9.046834,0.2,0.35089165,Alberta
2019-12-17 00:00:00+00:00,-4.6393332,0.6,0.35035834,Alberta
2019-12-18 00:00:00+00:00,-2.1393332,0.04,0.35015,Alberta
2019-12-19 00:00:00+00:00,-4.8664165,0.3,0.3498333,Alberta
2019-12-20 00:00:00+00:00,-5.138917,0.44000006,0.34975833,Alberta
2019-12-21 00:00:00+00:00,-4.9351664,1.0,0.350725,Alberta
2019-12-22 00:00:00+00:00,-5.718917,1.5000001,0.35177496,Alberta
2019-12-23 00:00:00+00:00,-6.6847496,0.84,0.35200825,Alberta
2019-12-24 00:00:00+00:00,-9.2185,0.0,0.35203332,Alberta
2019-12-25 00:00:00+00:00,-7.08225,0.4,0.35184163,Alberta
2019-12-26 00:00:00+00:00,-9.091001,0.0,0.3516,Alberta
2019-12-27 00:00:00+00:00,-7.0980835,0.02,0.3512333,Alberta
2019-12-28 00:00:00+00:00,-7.7793336,0.02,0.35117498,Alberta
2019-12-29 00:00:00+00:00,-5.1189165,0.0,0.35087496,Alberta
2019-12-30 00:00:00+00:00,-7.0785003,0.0,0.35080832,Alberta
2015-01-01 00:00:00+00:00,-9.096666,0.53333336,0.23433334,Manitoba
2015-01-02 00:00:00+00:00,-13.270972,3.6000001,0.23425001,Manitoba
2015-01-03 00:00:00+00:00,-21.894583,6.466667,0.23400003,Manitoba
2015-01-04 00:00:00+00:00,-29.75361,0.0,0.23400003,Manitoba
2015-01-05 00:00:00+00:00,-25.345976,0.0,0.23400003,Manitoba
2015-01-06 00:00:00+00:00,-20.90639,0.0,0.2339167,Manitoba
2015-01-07 00:00:00+00:00,-23.15639,0.0,0.23333336,Manitoba
2015-01-08 00:00:00+00:00,-16.284863,1.1666666,0.23333336,Manitoba
2015-01-09 00:00:00+00:00,-20.264029,0.0,0.23333336,Manitoba
2015-01-10 00:00:00+00:00,-23.20986,0.0,0.23333336,Manitoba
2015-01-11 00:00:00+00:00,-21.863333,0.0,0.23309726,Manitoba
2015-01-12 00:00:00+00:00,-25.205694,0.0,0.23300005,Manitoba
2015-01-13 00:00:00+00:00,-17.0175,0.0,0.23300005,Manitoba
2015-01-14 00:00:00+00:00,-8.095278,1.1333333,0.23300005,Manitoba
2015-01-15 00:00:00+00:00,-2.5126388,0.033333335,0.23300005,Manitoba
2015-01-16 00:00:00+00:00,-11.575139,0.0,0.23300005,Manitoba
2015-01-17 00:00:00+00:00,-1.2313889,1.7666668,0.23300005,Manitoba
2015-01-18 00:00:00+00:00,-6.1376386,0.0,0.23300005,Manitoba
2015-01-19 00:00:00+00:00,-7.506389,0.90000004,0.23300005,Manitoba
2015-01-20 00:00:00+00:00,-5.4543056,0.5,0.23311116,Manitoba
2015-01-21 00:00:00+00:00,-10.912639,0.33333334,0.2333334,Manitoba
2015-01-22 00:00:00+00:00,-3.584861,0.0,0.23359723,Manitoba
2015-01-23 00:00:00+00:00,1.6526389,0.13333334,0.2337917,Manitoba
2015-01-24 00:00:00+00:00,-2.6674998,1.3333334,0.23456945,Manitoba
2015-01-25 00:00:00+00:00,-8.493196,1.7333332,0.23561107,Manitoba
2015-01-26 00:00:00+00:00,1.1290278,0.0,0.23640274,Manitoba
2015-01-27 00:00:00+00:00,-2.8070834,0.0,0.23744442,Manitoba
2015-01-28 00:00:00+00:00,-2.9806945,0.06666667,0.23870838,Manitoba
2015-01-29 00:00:00+00:00,-10.750138,0.0,0.2396667,Manitoba
2015-01-30 00:00:00+00:00,-11.143193,0.8333333,0.24069446,Manitoba
2015-01-31 00:00:00+00:00,-15.1779175,0.13333334,0.24100001,Manitoba
2015-02-01 00:00:00+00:00,-23.682083,0.0,0.24125,Manitoba
2015-02-02 00:00:00+00:00,-18.223055,0.0,0.24133335,Manitoba
2015-02-03 00:00:00+00:00,-17.271667,0.0,0.24108337,Manitoba
2015-02-04 00:00:00+00:00,-19.286943,0.0,0.24100001,Manitoba
2015-02-05 00:00:00+00:00,-12.9675,0.0,0.24100001,Manitoba
2015-02-06 00:00:00+00:00,-14.812638,3.5666666,0.24100001,Manitoba
2015-02-07 00:00:00+00:00,-13.62375,0.8666666,0.24069446,Manitoba
2015-02-08 00:00:00+00:00,-16.97722,0.7333333,0.24066669,Manitoba
2015-02-09 00:00:00+00:00,-14.615417,0.2,0.24066669,Manitoba
2015-02-10 00:00:00+00:00,-12.32375,7.4666667,0.24066669,Manitoba
2015-02-11 00:00:00+00:00,-18.936943,0.0,0.24027783,Manitoba
2015-02-12 00:00:00+00:00,-23.394585,0.13333334,0.24000005,Manitoba
2015-02-13 00:00:00+00:00,-12.250832,0.0,0.24000005,Manitoba
2015-02-14 00:00:00+00:00,-22.727915,0.33333334,0.24000005,Manitoba
2015-02-15 00:00:00+00:00,-19.772362,3.1666667,0.24000005,Manitoba
2015-02-16 00:00:00+00:00,-15.414723,0.0,0.23994447,Manitoba
2015-02-17 00:00:00+00:00,-20.314722,0.0,0.23966666,Manitoba
2015-02-18 00:00:00+00:00,-25.398056,0.0,0.23966666,Manitoba
2015-02-19 00:00:00+00:00,-23.721666,0.76666665,0.23966666,Manitoba
2015-02-20 00:00:00+00:00,-9.434167,1.1,0.23966666,Manitoba
2015-02-21 00:00:00+00:00,-19.34111,0.3,0.23966666,Manitoba
2015-02-22 00:00:00+00:00,-27.98625,0.0,0.23958333,Manitoba
2015-02-23 00:00:00+00:00,-16.161251,0.1,0.23916662,Manitoba
2015-02-24 00:00:00+00:00,-7.909167,0.36666667,0.23899996,Manitoba
2015-02-25 00:00:00+00:00,-16.555,0.0,0.23899996,Manitoba
2015-02-26 00:00:00+00:00,-22.407776,0.0,0.23899996,Manitoba
2015-02-27 00:00:00+00:00,-21.40639,0.0,0.23899996,Manitoba
2015-02-28 00:00:00+00:00,-17.693888,0.0,0.23899996,Manitoba
2015-03-01 00:00:00+00:00,-13.145973,0.0,0.23879164,Manitoba
2015-03-02 00:00:00+00:00,-12.625834,0.0,0.23866665,Manitoba
2015-03-03 00:00:00+00:00,-13.505,0.0,0.23866665,Manitoba
2015-03-04 00:00:00+00:00,-22.432083,0.0,0.23866665,Manitoba
2015-03-05 00:00:00+00:00,-21.136946,0.0,0.23866665,Manitoba
2015-03-06 00:00:00+00:00,-6.852917,0.53333336,0.23866665,Manitoba
2015-03-07 00:00:00+00:00,-1.7716665,0.90000004,0.23866665,Manitoba
2015-03-08 00:00:00+00:00,-1.2591666,0.13333334,0.23866665,Manitoba
2015-03-09 00:00:00+00:00,-0.89875,0.0,0.23909724,Manitoba
2015-03-10 00:00:00+00:00,2.612361,0.36666667,0.25512496,Manitoba
2015-03-11 00:00:00+00:00,-0.2820833,0.0,0.28733334,Manitoba
2015-03-12 00:00:00+00:00,1.2227777,0.33333334,0.30304167,Manitoba
2015-03-13 00:00:00+00:00,0.6991666,0.13333334,0.33001387,Manitoba
2015-03-14 00:00:00+00:00,3.1436112,0.0,0.35452783,Manitoba
2015-03-15 00:00:00+00:00,9.665139,0.0,0.37041667,Manitoba
2015-03-16 00:00:00+00:00,1.985972,0.6,0.35565278,Manitoba
2015-03-17 00:00:00+00:00,-1.1536112,0.0,0.341125,Manitoba
2015-03-18 00:00:00+00:00,-0.275139,0.0,0.3327361,Manitoba
2015-03-19 00:00:00+00:00,0.8595833,0.0,0.32681948,Manitoba
2015-03-20 00:00:00+00:00,-0.8320833,1.9000001,0.32169446,Manitoba
2015-03-21 00:00:00+00:00,-6.752222,0.6000001,0.31670836,Manitoba
2015-03-22 00:00:00+00:00,-4.9397225,0.73333335,0.3128333,Manitoba
2015-03-23 00:00:00+00:00,-2.3529165,2.0333333,0.30995834,Manitoba
2015-03-24 00:00:00+00:00,-2.0355556,5.0666666,0.30808333,Manitoba
2015-03-25 00:00:00+00:00,-1.9320835,6.3666673,0.3080139,Manitoba
2015-03-26 00:00:00+00:00,-6.9112496,0.0,0.30733326,Manitoba
2015-03-27 00:00:00+00:00,-4.329305,2.966667,0.30593055,Manitoba
2015-03-28 00:00:00+00:00,-1.0799999,0.0,0.306,Manitoba
2015-03-29 00:00:00+00:00,5.2602777,3.8666668,0.3419861,Manitoba
2015-03-30 00:00:00+00:00,5.2005553,0.7666667,0.34819448,Manitoba
2015-03-31 00:00:00+00:00,5.1193056,0.0,0.34069443,Manitoba
2015-04-01 00:00:00+00:00,6.5325,0.0,0.32973608,Manitoba
2015-04-02 00:00:00+00:00,1.4387501,1.6333333,0.32027778,Manitoba
2015-04-03 00:00:00+00:00,-3.6529167,0.4666667,0.31395832,Manitoba
2015-04-04 00:00:00+00:00,-2.7300003,0.033333335,0.31006944,Manitoba
2015-04-05 00:00:00+00:00,-4.016805,0.23333335,0.30713892,Manitoba
2015-04-06 00:00:00+00:00,-1.9411107,0.0,0.3046944,Manitoba
2015-04-07 00:00:00+00:00,-1.2022221,2.4666667,0.30262497,Manitoba
2015-04-08 00:00:00+00:00,1.5470834,0.06666667,0.30090275,Manitoba
2015-04-09 00:00:00+00:00,3.9443057,0.0,0.30094442,Manitoba
2015-04-10 00:00:00+00:00,2.522778,0.0,0.29879165,Manitoba
2015-04-11 00:00:00+00:00,8.503333,0.0,0.294625,Manitoba
2015-04-12 00:00:00+00:00,10.479722,0.0,0.28819445,Manitoba
2015-04-13 00:00:00+00:00,6.10125,0.0,0.28193057,Manitoba
2015-04-14 00:00:00+00:00,7.2588882,0.0,0.2749722,Manitoba
2015-04-15 00:00:00+00:00,15.068611,0.0,0.26740277,Manitoba
2015-04-16 00:00:00+00:00,10.1554165,0.0,0.25997218,Manitoba
2015-04-17 00:00:00+00:00,10.276944,0.0,0.2536389,Manitoba
2015-04-18 00:00:00+00:00,8.661666,0.4,0.2479722,Manitoba
2015-04-19 00:00:00+00:00,7.163056,3.7666664,0.24473614,Manitoba
2015-04-20 00:00:00+00:00,2.8783333,0.0,0.24488889,Manitoba
2015-04-21 00:00:00+00:00,2.0200002,0.0,0.24326386,Manitoba
2015-04-22 00:00:00+00:00,1.7387501,0.0,0.24097224,Manitoba
2015-04-23 00:00:00+00:00,2.0880556,0.0,0.23841663,Manitoba
2015-04-24 00:00:00+00:00,6.5706944,0.0,0.23577778,Manitoba
2015-04-25 00:00:00+00:00,7.7943063,0.0,0.23251386,Manitoba
2015-04-26 00:00:00+00:00,9.954028,0.4,0.23026393,Manitoba
2015-04-27 00:00:00+00:00,7.736666,2.8,0.22923613,Manitoba
2015-04-28 00:00:00+00:00,8.54639,0.0,0.22870834,Manitoba
2015-04-29 00:00:00+00:00,12.614444,0.0,0.2252639,Manitoba
2015-04-30 00:00:00+00:00,13.788055,0.7666667,0.22090285,Manitoba
2015-05-01 00:00:00+00:00,12.47625,0.36666667,0.21891665,Manitoba
2015-05-02 00:00:00+00:00,15.167222,0.13333334,0.21470833,Manitoba
2015-05-03 00:00:00+00:00,11.3845825,0.16666667,0.21047221,Manitoba
2015-05-04 00:00:00+00:00,9.454028,0.0,0.20740281,Manitoba
2015-05-05 00:00:00+00:00,14.150555,0.0,0.20376392,Manitoba
2015-05-06 00:00:00+00:00,15.65125,3.8999999,0.19988889,Manitoba
2015-05-07 00:00:00+00:00,9.958889,15.766667,0.21308331,Manitoba
2015-05-08 00:00:00+00:00,4.065139,0.0,0.23893054,Manitoba
2015-05-09 00:00:00+00:00,4.0970836,0.0,0.239875,Manitoba
2015-05-10 00:00:00+00:00,5.337362,0.0,0.23725002,Manitoba
2015-05-11 00:00:00+00:00,6.695,0.0,0.2343611,Manitoba
2015-05-12 00:00:00+00:00,7.0713897,0.13333334,0.23076387,Manitoba
2015-05-13 00:00:00+00:00,6.9519444,3.4333332,0.2284584,Manitoba
2015-05-14 00:00:00+00:00,7.1012497,1.2666668,0.23016667,Manitoba
2015-05-15 00:00:00+00:00,8.692917,0.0,0.23112504,Manitoba
2015-05-16 00:00:00+00:00,11.66375,3.833333,0.22779168,Manitoba
2015-05-17 00:00:00+00:00,5.3720837,20.433334,0.2612639,Manitoba
2015-05-18 00:00:00+00:00,2.2158334,6.9,0.28494444,Manitoba
2015-05-19 00:00:00+00:00,5.2116666,0.0,0.28730556,Manitoba
2015-05-20 00:00:00+00:00,12.043611,0.0,0.2900695,Manitoba
2015-05-21 00:00:00+00:00,12.819305,0.0,0.28452778,Manitoba
2015-05-22 00:00:00+00:00,15.532498,0.0,0.27418056,Manitoba
2015-05-23 00:00:00+00:00,16.97,0.0,0.26287502,Manitoba
2015-05-24 00:00:00+00:00,17.144306,0.033333335,0.25227776,Manitoba
2015-05-25 00:00:00+00:00,18.209581,0.0,0.24245833,Manitoba
2015-05-26 00:00:00+00:00,19.656807,0.033333335,0.232875,Manitoba
2015-05-27 00:00:00+00:00,15.831111,0.73333335,0.22391666,Manitoba
2015-05-28 00:00:00+00:00,14.956111,9.033334,0.2186528,Manitoba
2015-05-29 00:00:00+00:00,8.920695,0.4666667,0.22312498,Manitoba
2015-05-30 00:00:00+00:00,6.1206946,0.0,0.22316666,Manitoba
2015-05-31 00:00:00+00:00,10.62,0.0,0.21956944,Manitoba
2015-06-01 00:00:00+00:00,15.956111,1.4333333,0.21443056,Manitoba
2015-06-02 00:00:00+00:00,16.838057,3.4666665,0.21106942,Manitoba
2015-06-03 00:00:00+00:00,13.593612,3.1000001,0.21229167,Manitoba
2015-06-04 00:00:00+00:00,13.586666,0.0,0.21031946,Manitoba
2015-06-05 00:00:00+00:00,16.481806,0.0,0.20547223,Manitoba
2015-06-06 00:00:00+00:00,18.405416,12.033333,0.20673609,Manitoba
2015-06-07 00:00:00+00:00,19.822779,0.9666667,0.22044444,Manitoba
2015-06-08 00:00:00+00:00,20.25611,0.23333333,0.21691667,Manitoba
2015-06-09 00:00:00+00:00,21.09361,1.4333334,0.21065281,Manitoba
2015-06-10 00:00:00+00:00,17.645695,0.0,0.2035972,Manitoba
2015-06-11 00:00:00+00:00,18.604723,0.0,0.19758332,Manitoba
2015-06-12 00:00:00+00:00,20.399862,0.6666667,0.19076389,Manitoba
2015-06-13 00:00:00+00:00,19.674862,10.233333,0.19968057,Manitoba
2015-06-14 00:00:00+00:00,16.990139,0.16666667,0.19794445,Manitoba
2015-06-15 00:00:00+00:00,13.616528,0.0,0.19297223,Manitoba
2015-06-16 00:00:00+00:00,14.334583,0.0,0.18858331,Manitoba
2015-06-17 00:00:00+00:00,16.43736,1.5666667,0.18308334,Manitoba
2015-06-18 00:00:00+00:00,13.7575,1.1,0.17884724,Manitoba
2015-06-19 00:00:00+00:00,15.326249,4.4333334,0.175125,Manitoba
2015-06-20 00:00:00+00:00,16.300554,2.6666667,0.174875,Manitoba
2015-06-21 00:00:00+00:00,17.703333,0.56666666,0.1750139,Manitoba
2015-06-22 00:00:00+00:00,17.42486,8.8,0.183625,Manitoba
2015-06-23 00:00:00+00:00,18.574165,0.0,0.1877361,Manitoba
2015-06-24 00:00:00+00:00,18.681807,1.5666666,0.18381946,Manitoba
2015-06-25 00:00:00+00:00,20.0575,0.2,0.17922223,Manitoba
2015-06-26 00:00:00+00:00,20.826944,0.26666668,0.17429167,Manitoba
2015-06-27 00:00:00+00:00,22.605415,2.2666667,0.1685139,Manitoba
2015-06-28 00:00:00+00:00,22.35611,0.6666667,0.16361111,Manitoba
2015-06-29 00:00:00+00:00,23.336668,0.2,0.1578611,Manitoba
2015-06-30 00:00:00+00:00,20.561666,2.5,0.15333332,Manitoba
2015-07-01 00:00:00+00:00,19.73736,1.1666666,0.15176387,Manitoba
2015-07-02 00:00:00+00:00,21.322779,0.5,0.14904167,Manitoba
2015-07-03 00:00:00+00:00,21.961668,0.8,0.14629167,Manitoba
2015-07-04 00:00:00+00:00,23.556803,3.1333332,0.14226387,Manitoba
2015-07-05 00:00:00+00:00,19.222084,8.366667,0.14958334,Manitoba
2015-07-06 00:00:00+00:00,15.955417,0.1,0.15780553,Manitoba
2015-07-07 00:00:00+00:00,16.140139,0.13333334,0.15598612,Manitoba
2015-07-08 00:00:00+00:00,17.50125,0.33333334,0.15262501,Manitoba
2015-07-09 00:00:00+00:00,19.515139,0.0,0.149125,Manitoba
2015-07-10 00:00:00+00:00,24.137362,0.0,0.1437361,Manitoba
2015-07-11 00:00:00+00:00,23.923471,2.1333334,0.13881944,Manitoba
2015-07-12 00:00:00+00:00,24.14361,6.6333337,0.13616665,Manitoba
2015-07-13 00:00:00+00:00,22.17,4.633333,0.13850002,Manitoba
2015-07-14 00:00:00+00:00,21.05472,7.1,0.14290279,Manitoba
2015-07-15 00:00:00+00:00,21.936666,2.0000002,0.157125,Manitoba
2015-07-16 00:00:00+00:00,21.740137,15.633334,0.18794446,Manitoba
2015-07-17 00:00:00+00:00,20.018614,0.8,0.20933332,Manitoba
2015-07-18 00:00:00+00:00,16.976252,6.6,0.205,Manitoba
2015-07-19 00:00:00+00:00,20.024164,0.13333334,0.20704167,Manitoba
2015-07-20 00:00:00+00:00,18.574862,0.36666667,0.20069444,Manitoba
2015-07-21 00:00:00+00:00,18.721388,0.1,0.19402777,Manitoba
2015-07-22 00:00:00+00:00,21.39708,0.0,0.18698613,Manitoba
2015-07-23 00:00:00+00:00,23.591528,5.1,0.18011111,Manitoba
2015-07-24 00:00:00+00:00,21.353333,10.266666,0.2004583,Manitoba
2015-07-25 00:00:00+00:00,22.283195,0.06666667,0.1966389,Manitoba
2015-07-26 00:00:00+00:00,24.160973,0.43333337,0.18791668,Manitoba
2015-07-27 00:00:00+00:00,23.302637,8.566667,0.18699999,Manitoba
2015-07-28 00:00:00+00:00,21.456804,26.133331,0.24302776,Manitoba
2015-07-29 00:00:00+00:00,18.876944,3.8666668,0.26119444,Manitoba
2015-07-30 00:00:00+00:00,19.904724,0.0,0.25240278,Manitoba
2015-07-31 00:00:00+00:00,19.200556,0.0,0.24005556,Manitoba
2015-08-01 00:00:00+00:00,20.122778,0.2,0.22827776,Manitoba
2015-08-02 00:00:00+00:00,19.299864,0.9666667,0.21837501,Manitoba
2015-08-03 00:00:00+00:00,18.114445,0.0,0.20945835,Manitoba
2015-08-04 00:00:00+00:00,18.145693,0.0,0.20061113,Manitoba
2015-08-05 00:00:00+00:00,18.026247,10.266666,0.19452775,Manitoba
2015-08-06 00:00:00+00:00,17.761667,2.4666665,0.20650001,Manitoba
2015-08-07 00:00:00+00:00,18.131807,0.6666667,0.20945834,Manitoba
2015-08-08 00:00:00+00:00,17.756805,0.13333334,0.20622219,Manitoba
2015-08-09 00:00:00+00:00,17.9325,0.13333334,0.20218056,Manitoba
2015-08-10 00:00:00+00:00,19.691528,0.0,0.19748612,Manitoba
2015-08-11 00:00:00+00:00,22.631111,0.0,0.1908611,Manitoba
2015-08-12 00:00:00+00:00,25.276247,0.0,0.18327779,Manitoba
2015-08-13 00:00:00+00:00,25.636663,0.0,0.17602777,Manitoba
2015-08-14 00:00:00+00:00,26.075554,0.0,0.1686389,Manitoba
2015-08-15 00:00:00+00:00,27.59361,3.3999999,0.16172223,Manitoba
2015-08-16 00:00:00+00:00,18.736666,0.06666667,0.15870835,Manitoba
2015-08-17 00:00:00+00:00,15.725555,0.033333335,0.1567639,Manitoba
2015-08-18 00:00:00+00:00,16.120695,0.26666668,0.15401389,Manitoba
2015-08-19 00:00:00+00:00,15.9075,0.06666667,0.15119444,Manitoba
2015-08-20 00:00:00+00:00,17.721388,0.0,0.14856945,Manitoba
2015-08-21 00:00:00+00:00,19.253336,0.33333334,0.14522223,Manitoba
2015-08-22 00:00:00+00:00,17.338057,24.866667,0.16076389,Manitoba
2015-08-23 00:00:00+00:00,13.301945,2.2,0.19990277,Manitoba
2015-08-24 00:00:00+00:00,13.131111,0.0,0.20304169,Manitoba
2015-08-25 00:00:00+00:00,14.980418,0.0,0.19927776,Manitoba
2015-08-26 00:00:00+00:00,17.860971,0.0,0.194375,Manitoba
2015-08-27 00:00:00+00:00,19.930416,0.0,0.18913889,Manitoba
2015-08-28 00:00:00+00:00,22.340834,3.033333,0.18443055,Manitoba
2015-08-29 00:00:00+00:00,23.15264,0.0,0.18262501,Manitoba
2015-08-30 00:00:00+00:00,24.229723,0.0,0.17772222,Manitoba
2015-08-31 00:00:00+00:00,21.203333,3.8666668,0.17358333,Manitoba
2015-09-01 00:00:00+00:00,19.8575,0.0,0.17022224,Manitoba
2015-09-02 00:00:00+00:00,23.610971,0.033333335,0.16618054,Manitoba
2015-09-03 00:00:00+00:00,25.545694,0.0,0.16218054,Manitoba
2015-09-04 00:00:00+00:00,20.31514,8.166667,0.16022222,Manitoba
2015-09-05 00:00:00+00:00,16.058195,5.5,0.16775,Manitoba
2015-09-06 00:00:00+00:00,17.392221,15.200002,0.20829165,Manitoba
2015-09-07 00:00:00+00:00,14.874167,0.0,0.23083334,Manitoba
2015-09-08 00:00:00+00:00,12.33875,0.2,0.22693056,Manitoba
2015-09-09 00:00:00+00:00,10.81236,0.0,0.22261111,Manitoba
2015-09-10 00:00:00+00:00,10.325557,0.033333335,0.21781945,Manitoba
2015-09-11 00:00:00+00:00,11.755417,0.0,0.21377778,Manitoba
2015-09-12 00:00:00+00:00,16.313055,0.0,0.20851387,Manitoba
2015-09-13 00:00:00+00:00,18.841528,0.0,0.20283334,Manitoba
2015-09-14 00:00:00+00:00,13.460971,0.0,0.19798613,Manitoba
2015-09-15 00:00:00+00:00,13.9394455,0.6666667,0.19454165,Manitoba
2015-09-16 00:00:00+00:00,15.126945,0.033333335,0.19279166,Manitoba
2015-09-17 00:00:00+00:00,12.999167,9.2,0.19427776,Manitoba
2015-09-18 00:00:00+00:00,11.091527,0.0,0.20031945,Manitoba
2015-09-19 00:00:00+00:00,13.888751,0.0,0.19940276,Manitoba
2015-09-20 00:00:00+00:00,15.80611,0.0,0.19659726,Manitoba
2015-09-21 00:00:00+00:00,17.720001,0.0,0.19293056,Manitoba
2015-09-22 00:00:00+00:00,10.883889,0.0,0.18969445,Manitoba
2015-09-23 00:00:00+00:00,12.01514,0.4333333,0.18694444,Manitoba
2015-09-24 00:00:00+00:00,13.441528,2.8,0.18574996,Manitoba
2015-09-25 00:00:00+00:00,17.589445,0.033333335,0.18644445,Manitoba
2015-09-26 00:00:00+00:00,21.094307,0.0,0.1842639,Manitoba
2015-09-27 00:00:00+00:00,17.941528,0.0,0.1812778,Manitoba
2015-09-28 00:00:00+00:00,11.293611,0.0,0.17830555,Manitoba
2015-09-29 00:00:00+00:00,8.458889,0.0,0.17620833,Manitoba
2015-09-30 00:00:00+00:00,14.040833,1.1333333,0.17388888,Manitoba
2015-10-01 00:00:00+00:00,13.394306,3.9666665,0.1726528,Manitoba
2015-10-02 00:00:00+00:00,11.558194,1.1999999,0.17306942,Manitoba
2015-10-03 00:00:00+00:00,9.846389,0.0,0.1740139,Manitoba
2015-10-04 00:00:00+00:00,9.275556,2.9333332,0.17461109,Manitoba
2015-10-05 00:00:00+00:00,9.394306,0.7333334,0.17662501,Manitoba
2015-10-06 00:00:00+00:00,7.629722,0.0,0.17852776,Manitoba
2015-10-07 00:00:00+00:00,6.129722,5.7666664,0.17873614,Manitoba
2015-10-08 00:00:00+00:00,8.27,0.43333337,0.1852361,Manitoba
2015-10-09 00:00:00+00:00,8.20125,0.0,0.18850003,Manitoba
2015-10-10 00:00:00+00:00,16.292223,0.0,0.18866666,Manitoba
2015-10-11 00:00:00+00:00,16.707499,0.73333335,0.18744443,Manitoba
2015-10-12 00:00:00+00:00,9.224167,6.2999997,0.18958332,Manitoba
2015-10-13 00:00:00+00:00,7.1908336,0.06666667,0.1960833,Manitoba
2015-10-14 00:00:00+00:00,9.584583,0.0,0.19697219,Manitoba
2015-10-15 00:00:00+00:00,7.095694,0.033333335,0.19616668,Manitoba
2015-10-16 00:00:00+00:00,5.0234723,0.033333335,0.19543056,Manitoba
2015-10-17 00:00:00+00:00,3.5040276,0.0,0.19431943,Manitoba
2015-10-18 00:00:00+00:00,7.733195,0.0,0.19294441,Manitoba
2015-10-19 00:00:00+00:00,10.229028,0.0,0.19150002,Manitoba
2015-10-20 00:00:00+00:00,7.353334,1.2000002,0.19005556,Manitoba
2015-10-21 00:00:00+00:00,7.712362,1.2333333,0.18983336,Manitoba
2015-10-22 00:00:00+00:00,6.4831944,0.0,0.18893053,Manitoba
2015-10-23 00:00:00+00:00,8.483889,7.066667,0.18949997,Manitoba
2015-10-24 00:00:00+00:00,5.7963886,0.033333335,0.20001386,Manitoba
2015-10-25 00:00:00+00:00,3.511667,0.0,0.20299996,Manitoba
2015-10-26 00:00:00+00:00,3.0755558,0.0,0.20391662,Manitoba
2015-10-27 00:00:00+00:00,3.988056,4.1,0.20468052,Manitoba
2015-10-28 00:00:00+00:00,1.7012501,1.5333332,0.21030556,Manitoba
2015-10-29 00:00:00+00:00,1.5325001,0.0,0.21416669,Manitoba
2015-10-30 00:00:00+00:00,3.0783336,0.0,0.21569444,Manitoba
2015-10-31 00:00:00+00:00,6.6651382,5.233333,0.21745832,Manitoba
2015-11-01 00:00:00+00:00,4.986667,2.0,0.22795832,Manitoba
2015-11-02 00:00:00+00:00,4.425555,1.9333334,0.23493053,Manitoba
2015-11-03 00:00:00+00:00,2.9956949,4.1333337,0.24002779,Manitoba
2015-11-04 00:00:00+00:00,1.9929167,1.3333334,0.24986112,Manitoba
2015-11-05 00:00:00+00:00,1.3220834,2.7,0.25612506,Manitoba
2015-11-06 00:00:00+00:00,1.2908334,0.36666667,0.25852782,Manitoba
2015-11-07 00:00:00+00:00,0.86027765,0.0,0.25766665,Manitoba
2015-11-08 00:00:00+00:00,5.0866666,0.0,0.25604168,Manitoba
2015-11-09 00:00:00+00:00,3.8873615,0.0,0.25458336,Manitoba
2015-11-10 00:00:00+00:00,2.1977777,0.06666667,0.25337496,Manitoba
2015-11-11 00:00:00+00:00,0.6984722,0.0,0.2523611,Manitoba
2015-11-12 00:00:00+00:00,0.38319448,1.6,0.2509722,Manitoba
2015-11-13 00:00:00+00:00,-0.5563888,0.0,0.24916667,Manitoba
2015-11-14 00:00:00+00:00,4.145,0.13333334,0.24755554,Manitoba
2015-11-15 00:00:00+00:00,4.1200004,0.0,0.24651392,Manitoba
2015-11-16 00:00:00+00:00,6.3415275,0.06666667,0.24602778,Manitoba
2015-11-17 00:00:00+00:00,3.3581944,0.1,0.24641664,Manitoba
2015-11-18 00:00:00+00:00,-0.016805474,1.2666668,0.24572217,Manitoba
2015-11-19 00:00:00+00:00,-4.5049996,0.9333334,0.24504165,Manitoba
2015-11-20 00:00:00+00:00,-8.068889,0.0,0.24416667,Manitoba
2015-11-21 00:00:00+00:00,-8.350833,0.0,0.24313891,Manitoba
2015-11-22 00:00:00+00:00,-1.878611,0.8333333,0.24194445,Manitoba
2015-11-23 00:00:00+00:00,0.4616667,0.033333335,0.2409722,Manitoba
2015-11-24 00:00:00+00:00,-2.1466665,0.0,0.24002774,Manitoba
2015-11-25 00:00:00+00:00,-4.411945,1.2666668,0.23901387,Manitoba
2015-11-26 00:00:00+00:00,-9.943889,0.0,0.23808332,Manitoba
2015-11-27 00:00:00+00:00,-9.182082,0.0,0.23713893,Manitoba
2015-11-28 00:00:00+00:00,-4.356389,0.0,0.2361667,Manitoba
2015-11-29 00:00:00+00:00,-6.5952783,0.0,0.23524998,Manitoba
2015-11-30 00:00:00+00:00,-5.0931945,0.0,0.2342639,Manitoba
2015-12-01 00:00:00+00:00,-5.036944,0.0,0.23343055,Manitoba
2015-12-02 00:00:00+00:00,-5.5931945,0.0,0.23266667,Manitoba
2015-12-03 00:00:00+00:00,-0.27097216,0.0,0.2319028,Manitoba
2015-12-04 00:00:00+00:00,1.9644445,0.0,0.23109722,Manitoba
2015-12-05 00:00:00+00:00,1.73875,0.0,0.231,Manitoba
2015-12-06 00:00:00+00:00,0.1408333,0.0,0.23113889,Manitoba
2015-12-07 00:00:00+00:00,2.0519445,0.0,0.2310139,Manitoba
2015-12-08 00:00:00+00:00,0.4915277,0.0,0.23133336,Manitoba
2015-12-09 00:00:00+00:00,1.6123611,0.90000004,0.23150001,Manitoba
2015-12-10 00:00:00+00:00,-0.9994444,7.433334,0.23447223,Manitoba
2015-12-11 00:00:00+00:00,-4.9320836,0.73333335,0.23788889,Manitoba
2015-12-12 00:00:00+00:00,-5.2195835,2.3333333,0.23919444,Manitoba
2015-12-13 00:00:00+00:00,-4.1223607,0.033333335,0.23920834,Manitoba
2015-12-14 00:00:00+00:00,-3.7869444,0.0,0.23900001,Manitoba
2015-12-15 00:00:00+00:00,-4.9119444,0.0,0.238625,Manitoba
2015-12-16 00:00:00+00:00,-6.6952767,1.4333334,0.23793058,Manitoba
2015-12-17 00:00:00+00:00,-9.791805,1.0666667,0.23736115,Manitoba
2015-12-18 00:00:00+00:00,-15.705695,0.0,0.23668058,Manitoba
2015-12-19 00:00:00+00:00,-14.142499,1.3666668,0.23584723,Manitoba
2015-12-20 00:00:00+00:00,-11.518889,0.0,0.23511106,Manitoba
2015-12-21 00:00:00+00:00,-10.652223,0.0,0.23440276,Manitoba
2015-12-22 00:00:00+00:00,-8.252916,0.33333334,0.23363888,Manitoba
2015-12-23 00:00:00+00:00,-8.485555,2.033333,0.23284721,Manitoba
2015-12-24 00:00:00+00:00,-14.376527,0.0,0.23222224,Manitoba
2015-12-25 00:00:00+00:00,-14.304306,0.0,0.23147224,Manitoba
2015-12-26 00:00:00+00:00,-21.964724,0.0,0.23080556,Manitoba
2015-12-27 00:00:00+00:00,-19.65986,0.0,0.23029168,Manitoba
2015-12-28 00:00:00+00:00,-15.215417,0.0,0.229375,Manitoba
2015-12-29 00:00:00+00:00,-17.053614,0.0,0.22894444,Manitoba
2015-12-30 00:00:00+00:00,-14.439723,0.0,0.22833335,Manitoba
2015-12-31 00:00:00+00:00,-11.06125,0.0,0.2276389,Manitoba
2016-01-01 00:00:00+00:00,-5.7258334,0.0,0.22719444,Manitoba
2016-01-02 00:00:00+00:00,-4.4584727,0.0,0.22663887,Manitoba
2016-01-03 00:00:00+00:00,-10.723056,0.0,0.2261111,Manitoba
2016-01-04 00:00:00+00:00,-9.629306,0.0,0.22566664,Manitoba
2016-01-05 00:00:00+00:00,-8.902916,0.0,0.22520834,Manitoba
2016-01-06 00:00:00+00:00,-9.834167,0.0,0.2246667,Manitoba
2016-01-07 00:00:00+00:00,-10.646667,0.33333334,0.22455555,Manitoba
2016-01-08 00:00:00+00:00,-14.829999,0.06666667,0.22366671,Manitoba
2016-01-09 00:00:00+00:00,-24.310556,0.0,0.22366671,Manitoba
2016-01-10 00:00:00+00:00,-25.779306,0.0,0.22301388,Manitoba
2016-01-11 00:00:00+00:00,-19.886944,0.16666667,0.22266664,Manitoba
2016-01-12 00:00:00+00:00,-21.905693,0.0,0.22245832,Manitoba
2016-01-13 00:00:00+00:00,-15.552917,0.23333333,0.22179168,Manitoba
2016-01-14 00:00:00+00:00,-15.074444,1.7666668,0.22159724,Manitoba
2016-01-15 00:00:00+00:00,-20.25361,0.0,0.22133337,Manitoba
2016-01-16 00:00:00+00:00,-26.53625,0.0,0.22083335,Manitoba
2016-01-17 00:00:00+00:00,-24.13347,0.0,0.22040276,Manitoba
2016-01-18 00:00:00+00:00,-25.70014,0.0,0.22033332,Manitoba
2016-01-19 00:00:00+00:00,-16.240416,0.6666667,0.22002776,Manitoba
2016-01-20 00:00:00+00:00,-10.445277,0.0,0.21938889,Manitoba
2016-01-21 00:00:00+00:00,-12.936946,0.0,0.21933334,Manitoba
2016-01-22 00:00:00+00:00,-11.824445,0.0,0.21911113,Manitoba
2016-01-23 00:00:00+00:00,-1.2133334,0.2,0.21866669,Manitoba
2016-01-24 00:00:00+00:00,-7.011251,0.0,0.21866669,Manitoba
2016-01-25 00:00:00+00:00,-6.0980554,0.36666667,0.21866669,Manitoba
2016-01-26 00:00:00+00:00,-7.4049993,0.0,0.21866669,Manitoba
2016-01-27 00:00:00+00:00,-0.991111,2.6000001,0.21873613,Manitoba
2016-01-28 00:00:00+00:00,-2.6119444,0.033333335,0.22233331,Manitoba
2016-01-29 00:00:00+00:00,-0.07930561,0.70000005,0.22672224,Manitoba
2016-01-30 00:00:00+00:00,-0.34875,0.0,0.23604168,Manitoba
2016-01-31 00:00:00+00:00,-5.3925004,0.0,0.24158335,Manitoba
2016-02-01 00:00:00+00:00,-5.600834,0.06666667,0.2438194,Manitoba
2016-02-02 00:00:00+00:00,-10.089723,0.0,0.2448333,Manitoba
2016-02-03 00:00:00+00:00,-9.632778,0.06666667,0.24477775,Manitoba
2016-02-04 00:00:00+00:00,-8.9147215,0.033333335,0.24440277,Manitoba
2016-02-05 00:00:00+00:00,-8.174444,0.0,0.24377777,Manitoba
2016-02-06 00:00:00+00:00,-2.8286107,1.1333333,0.24331944,Manitoba
2016-02-07 00:00:00+00:00,-1.6029167,2.5666666,0.24862503,Manitoba
2016-02-08 00:00:00+00:00,-7.432083,0.0,0.2527083,Manitoba
2016-02-09 00:00:00+00:00,-11.188334,0.0,0.25312498,Manitoba
2016-02-10 00:00:00+00:00,-12.843888,2.9000003,0.2525417,Manitoba
2016-02-11 00:00:00+00:00,-14.6050005,0.0,0.25168058,Manitoba
2016-02-12 00:00:00+00:00,-19.211248,0.0,0.25061116,Manitoba
2016-02-13 00:00:00+00:00,-19.144583,0.26666668,0.24972229,Manitoba
2016-02-14 00:00:00+00:00,-8.327916,3.8,0.24880557,Manitoba
2016-02-15 00:00:00+00:00,-4.1425,0.1,0.24788885,Manitoba
2016-02-16 00:00:00+00:00,-8.620973,0.33333334,0.24733327,Manitoba
2016-02-17 00:00:00+00:00,-7.927916,0.0,0.24715279,Manitoba
2016-02-18 00:00:00+00:00,-1.1890279,0.0,0.2470278,Manitoba
2016-02-19 00:00:00+00:00,0.9783333,0.2,0.24806947,Manitoba
2016-02-20 00:00:00+00:00,-2.6293056,0.033333335,0.25819445,Manitoba
2016-02-21 00:00:00+00:00,-10.172361,0.43333337,0.26349998,Manitoba
2016-02-22 00:00:00+00:00,-2.8744442,0.53333336,0.26466665,Manitoba
2016-02-23 00:00:00+00:00,-2.7619445,0.06666667,0.26618055,Manitoba
2016-02-24 00:00:00+00:00,-4.889028,0.33333334,0.26762497,Manitoba
2016-02-25 00:00:00+00:00,-5.8751388,0.0,0.26761112,Manitoba
2016-02-26 00:00:00+00:00,-1.4605557,0.0,0.26766667,Manitoba
2016-02-27 00:00:00+00:00,-0.14874999,0.0,0.27391666,Manitoba
2016-02-28 00:00:00+00:00,-7.2140274,1.3666668,0.27690277,Manitoba
2016-02-29 00:00:00+00:00,-14.967502,0.83333343,0.2772917,Manitoba
2016-03-01 00:00:00+00:00,-14.09736,0.0,0.27619448,Manitoba
2016-03-02 00:00:00+00:00,-8.805695,0.0,0.2747083,Manitoba
2016-03-03 00:00:00+00:00,-8.705693,0.0,0.2732222,Manitoba
2016-03-04 00:00:00+00:00,-2.8070834,2.6,0.27225,Manitoba
2016-03-05 00:00:00+00:00,-2.082083,0.0,0.27155557,Manitoba
2016-03-06 00:00:00+00:00,4.092917,0.033333335,0.2782639,Manitoba
2016-03-07 00:00:00+00:00,0.64708334,0.0,0.29508334,Manitoba
2016-03-08 00:00:00+00:00,0.3422222,1.3666667,0.29912496,Manitoba
2016-03-09 00:00:00+00:00,-2.033472,0.1,0.2981667,Manitoba
2016-03-10 00:00:00+00:00,1.8602778,0.0,0.29727778,Manitoba
2016-03-11 00:00:00+00:00,7.7408333,0.033333335,0.29958335,Manitoba
2016-03-12 00:00:00+00:00,4.9950004,0.0,0.2971528,Manitoba
2016-03-13 00:00:00+00:00,8.450555,0.0,0.29205552,Manitoba
2016-03-14 00:00:00+00:00,6.286667,0.13333334,0.28543052,Manitoba
2016-03-15 00:00:00+00:00,5.1783333,11.033333,0.29616663,Manitoba
2016-03-16 00:00:00+00:00,1.1415278,0.2,0.30368054,Manitoba
2016-03-17 00:00:00+00:00,-1.6008333,3.0666668,0.29720834,Manitoba
2016-03-18 00:00:00+00:00,-2.2161112,0.0,0.2921528,Manitoba
2016-03-19 00:00:00+00:00,-2.6431942,0.0,0.2880278,Manitoba
2016-03-20 00:00:00+00:00,-2.055,0.0,0.28468058,Manitoba
2016-03-21 00:00:00+00:00,-0.41611114,0.36666667,0.2820139,Manitoba
2016-03-22 00:00:00+00:00,-3.0355558,4.4666667,0.27968055,Manitoba
2016-03-23 00:00:00+00:00,-5.255695,0.033333335,0.2775139,Manitoba
2016-03-24 00:00:00+00:00,-0.28833318,0.5,0.2757917,Manitoba
2016-03-25 00:00:00+00:00,-3.075139,3.4333336,0.2798055,Manitoba
2016-03-26 00:00:00+00:00,-3.697361,0.1,0.28136107,Manitoba
2016-03-27 00:00:00+00:00,1.1137499,1.4666667,0.28258333,Manitoba
2016-03-28 00:00:00+00:00,0.6276389,0.0,0.286,Manitoba
2016-03-29 00:00:00+00:00,2.7922223,0.0,0.2875278,Manitoba
2016-03-30 00:00:00+00:00,3.7915277,0.23333335,0.28731945,Manitoba
2016-03-31 00:00:00+00:00,2.2568054,3.5999997,0.28730553,Manitoba
2016-04-01 00:00:00+00:00,-1.9897219,0.4,0.28623614,Manitoba
2016-04-02 00:00:00+00:00,-2.0681946,0.3,0.28441665,Manitoba
2016-04-03 00:00:00+00:00,-3.0029166,0.0,0.28250003,Manitoba
2016-04-04 00:00:00+00:00,-3.3668053,0.0,0.28038892,Manitoba
2016-04-05 00:00:00+00:00,0.8401389,4.933334,0.2788333,Manitoba
2016-04-06 00:00:00+00:00,0.19222216,3.9333334,0.28102782,Manitoba
2016-04-07 00:00:00+00:00,1.9484721,1.8000001,0.28905556,Manitoba
2016-04-08 00:00:00+00:00,-3.5994446,0.0,0.29069448,Manitoba
2016-04-09 00:00:00+00:00,-0.78347254,0.6666667,0.28819442,Manitoba
2016-04-10 00:00:00+00:00,0.1811111,0.6666667,0.28804168,Manitoba
2016-04-11 00:00:00+00:00,-3.2675006,0.0,0.28593054,Manitoba
2016-04-12 00:00:00+00:00,1.0748612,0.0,0.28305557,Manitoba
2016-04-13 00:00:00+00:00,6.224167,0.13333334,0.28015277,Manitoba
2016-04-14 00:00:00+00:00,10.122777,1.5,0.2772917,Manitoba
2016-04-15 00:00:00+00:00,5.828333,22.166664,0.2954861,Manitoba
2016-04-16 00:00:00+00:00,0.6269444,13.433333,0.3282778,Manitoba
2016-04-17 00:00:00+00:00,1.8463888,4.2999997,0.332625,Manitoba
2016-04-18 00:00:00+00:00,5.137361,0.2,0.33815277,Manitoba
2016-04-19 00:00:00+00:00,8.0075,0.0,0.33631945,Manitoba
2016-04-20 00:00:00+00:00,12.352638,0.0,0.3237778,Manitoba
2016-04-21 00:00:00+00:00,5.6623607,0.0,0.31145832,Manitoba
2016-04-22 00:00:00+00:00,3.0977776,0.5,0.30190277,Manitoba
2016-04-23 00:00:00+00:00,3.2706945,0.2,0.29472223,Manitoba
2016-04-24 00:00:00+00:00,4.26375,0.8,0.28900003,Manitoba
2016-04-25 00:00:00+00:00,4.184583,1.5333333,0.28656948,Manitoba
2016-04-26 00:00:00+00:00,6.0512505,0.0,0.2825139,Manitoba
2016-04-27 00:00:00+00:00,7.2581944,0.0,0.27625003,Manitoba
2016-04-28 00:00:00+00:00,6.556806,0.0,0.2695417,Manitoba
2016-04-29 00:00:00+00:00,6.4998612,0.0,0.26287502,Manitoba
2016-04-30 00:00:00+00:00,8.279029,0.0,0.25608334,Manitoba
2016-05-01 00:00:00+00:00,9.040139,0.0,0.24948609,Manitoba
2016-05-02 00:00:00+00:00,12.174861,0.76666665,0.24330555,Manitoba
2016-05-03 00:00:00+00:00,12.472777,0.0,0.23752777,Manitoba
2016-05-04 00:00:00+00:00,12.610278,0.0,0.23158331,Manitoba
2016-05-05 00:00:00+00:00,20.480415,0.0,0.22495836,Manitoba
2016-05-06 00:00:00+00:00,17.736666,0.0,0.21775,Manitoba
2016-05-07 00:00:00+00:00,12.454028,0.0,0.21206947,Manitoba
2016-05-08 00:00:00+00:00,15.921388,0.0,0.20618057,Manitoba
2016-05-09 00:00:00+00:00,17.729027,0.0,0.2,Manitoba
2016-05-10 00:00:00+00:00,13.969306,3.3999999,0.1950417,Manitoba
2016-05-11 00:00:00+00:00,9.9290285,3.8000002,0.19562499,Manitoba
2016-05-12 00:00:00+00:00,5.7970834,1.2666668,0.19713889,Manitoba
2016-05-13 00:00:00+00:00,3.4762497,0.2,0.1985417,Manitoba
2016-05-14 00:00:00+00:00,5.527638,0.6333334,0.19818057,Manitoba
2016-05-15 00:00:00+00:00,9.904027,0.033333335,0.19688891,Manitoba
2016-05-16 00:00:00+00:00,11.3040285,0.16666667,0.19420832,Manitoba
2016-05-17 00:00:00+00:00,12.833195,0.0,0.19086112,Manitoba
2016-05-18 00:00:00+00:00,16.231112,0.0,0.18619443,Manitoba
2016-05-19 00:00:00+00:00,18.54361,0.0,0.18172222,Manitoba
2016-05-20 00:00:00+00:00,18.882502,0.06666667,0.17688888,Manitoba
2016-05-21 00:00:00+00:00,18.327639,0.0,0.17190278,Manitoba
2016-05-22 00:00:00+00:00,20.294304,0.59999996,0.16762502,Manitoba
2016-05-23 00:00:00+00:00,18.452637,0.93333334,0.16531943,Manitoba
2016-05-24 00:00:00+00:00,16.545694,0.1,0.16104166,Manitoba
2016-05-25 00:00:00+00:00,15.105418,13.333333,0.15831943,Manitoba
2016-05-26 00:00:00+00:00,13.863055,14.833333,0.19422221,Manitoba
2016-05-27 00:00:00+00:00,13.953334,18.5,0.25590277,Manitoba
2016-05-28 00:00:00+00:00,12.992223,0.06666667,0.29068056,Manitoba
2016-05-29 00:00:00+00:00,14.842917,1.9666666,0.2864028,Manitoba
2016-05-30 00:00:00+00:00,16.15125,0.033333335,0.27808332,Manitoba
2016-05-31 00:00:00+00:00,13.299861,31.633337,0.3050139,Manitoba
2016-06-01 00:00:00+00:00,10.594306,6.8000007,0.35187498,Manitoba
2016-06-02 00:00:00+00:00,13.555416,0.0,0.3277639,Manitoba
2016-06-03 00:00:00+00:00,16.590137,11.033333,0.31531945,Manitoba
2016-06-04 00:00:00+00:00,17.264444,1.1333333,0.32519445,Manitoba
2016-06-05 00:00:00+00:00,18.180418,0.16666667,0.30826387,Manitoba
2016-06-06 00:00:00+00:00,14.253334,0.36666667,0.29318058,Manitoba
2016-06-07 00:00:00+00:00,14.105416,0.0,0.28415275,Manitoba
2016-06-08 00:00:00+00:00,17.31514,0.53333336,0.27416667,Manitoba
2016-06-09 00:00:00+00:00,21.836664,0.26666668,0.2629861,Manitoba
2016-06-10 00:00:00+00:00,23.013056,14.400001,0.2773611,Manitoba
2016-06-11 00:00:00+00:00,15.997083,1.4333334,0.28037497,Manitoba
2016-06-12 00:00:00+00:00,15.580418,20.266668,0.29751384,Manitoba
2016-06-13 00:00:00+00:00,18.313057,0.0,0.31309724,Manitoba
2016-06-14 00:00:00+00:00,19.2325,2.8333333,0.2962778,Manitoba
2016-06-15 00:00:00+00:00,18.029722,0.033333335,0.28918055,Manitoba
2016-06-16 00:00:00+00:00,19.639444,0.6333333,0.27816665,Manitoba
2016-06-17 00:00:00+00:00,21.18736,2.2333333,0.26981947,Manitoba
2016-06-18 00:00:00+00:00,18.927637,0.033333335,0.2591111,Manitoba
2016-06-19 00:00:00+00:00,20.995,15.533333,0.27136114,Manitoba
2016-06-20 00:00:00+00:00,17.631807,0.0,0.2757778,Manitoba
2016-06-21 00:00:00+00:00,17.531805,0.06666667,0.26259723,Manitoba
2016-06-22 00:00:00+00:00,16.102638,9.400001,0.2621667,Manitoba
2016-06-23 00:00:00+00:00,17.081804,0.0,0.26790273,Manitoba
2016-06-24 00:00:00+00:00,19.938055,0.06666667,0.25768057,Manitoba
2016-06-25 00:00:00+00:00,20.172083,19.3,0.28172222,Manitoba
2016-06-26 00:00:00+00:00,16.76375,2.4999998,0.28791663,Manitoba
2016-06-27 00:00:00+00:00,15.320695,3.833333,0.2899861,Manitoba
2016-06-28 00:00:00+00:00,17.829721,0.033333335,0.28519443,Manitoba
2016-06-29 00:00:00+00:00,19.759583,6.6,0.27365276,Manitoba
2016-06-30 00:00:00+00:00,15.567916,0.4666667,0.27654168,Manitoba
2016-07-01 00:00:00+00:00,14.685279,0.5,0.26830554,Manitoba
2016-07-02 00:00:00+00:00,17.353334,2.9666665,0.26108333,Manitoba
2016-07-03 00:00:00+00:00,19.110277,10.1,0.26830557,Manitoba
2016-07-04 00:00:00+00:00,20.624166,7.766667,0.2962639,Manitoba
2016-07-05 00:00:00+00:00,18.574862,0.43333337,0.29081944,Manitoba
2016-07-06 00:00:00+00:00,17.381111,1.1,0.28148612,Manitoba
2016-07-07 00:00:00+00:00,16.986666,13.933334,0.28130555,Manitoba
2016-07-08 00:00:00+00:00,16.499166,0.6333334,0.2974722,Manitoba
2016-07-09 00:00:00+00:00,18.879723,7.866667,0.29070833,Manitoba
2016-07-10 00:00:00+00:00,20.71514,5.433333,0.30893055,Manitoba
2016-07-11 00:00:00+00:00,22.460974,17.500002,0.32320833,Manitoba
2016-07-12 00:00:00+00:00,18.401945,5.4,0.3235,Manitoba
2016-07-13 00:00:00+00:00,16.31236,13.799999,0.33340275,Manitoba
2016-07-14 00:00:00+00:00,15.878334,2.6000001,0.33815277,Manitoba
2016-07-15 00:00:00+00:00,16.876944,0.4,0.32316664,Manitoba
2016-07-16 00:00:00+00:00,17.62764,2.8,0.31127778,Manitoba
2016-07-17 00:00:00+00:00,18.417915,2.6333334,0.30347225,Manitoba
2016-07-18 00:00:00+00:00,18.755419,1.5333333,0.29908332,Manitoba
2016-07-19 00:00:00+00:00,22.673471,0.9666667,0.28958336,Manitoba
2016-07-20 00:00:00+00:00,25.430418,11.400001,0.28052774,Manitoba
2016-07-21 00:00:00+00:00,22.615835,1.6666666,0.30197224,Manitoba
2016-07-22 00:00:00+00:00,22.009584,0.0,0.28720832,Manitoba
2016-07-23 00:00:00+00:00,21.434584,26.633333,0.30305555,Manitoba
2016-07-24 00:00:00+00:00,19.967224,0.0,0.32625005,Manitoba
2016-07-25 00:00:00+00:00,20.598475,0.0,0.3087639,Manitoba
2016-07-26 00:00:00+00:00,21.470694,0.4333333,0.29381943,Manitoba
2016-07-27 00:00:00+00:00,18.465834,0.0,0.28175,Manitoba
2016-07-28 00:00:00+00:00,17.695694,0.0,0.27180555,Manitoba
2016-07-29 00:00:00+00:00,18.865833,0.0,0.2616667,Manitoba
2016-07-30 00:00:00+00:00,20.32,0.4,0.25175002,Manitoba
2016-07-31 00:00:00+00:00,22.423471,0.0,0.2435,Manitoba
2016-08-01 00:00:00+00:00,21.89847,16.800001,0.26319447,Manitoba
2016-08-02 00:00:00+00:00,20.53111,0.0,0.27173612,Manitoba
2016-08-03 00:00:00+00:00,21.640139,1.5333333,0.26194444,Manitoba
2016-08-04 00:00:00+00:00,19.483887,5.4,0.2661111,Manitoba
2016-08-05 00:00:00+00:00,17.770002,0.0,0.26127777,Manitoba
2016-08-06 00:00:00+00:00,18.235973,0.0,0.25369444,Manitoba
2016-08-07 00:00:00+00:00,19.84014,2.0333333,0.24686112,Manitoba
2016-08-08 00:00:00+00:00,21.464445,7.8333335,0.24354166,Manitoba
2016-08-09 00:00:00+00:00,19.758888,1.6999999,0.2528611,Manitoba
2016-08-10 00:00:00+00:00,17.388056,3.4666665,0.25370836,Manitoba
2016-08-11 00:00:00+00:00,20.572777,6.433333,0.26419446,Manitoba
2016-08-12 00:00:00+00:00,18.198473,0.16666667,0.2672917,Manitoba
2016-08-13 00:00:00+00:00,17.727638,0.36666667,0.26233333,Manitoba
2016-08-14 00:00:00+00:00,19.119307,0.0,0.2560278,Manitoba
2016-08-15 00:00:00+00:00,20.940834,3.3999999,0.24825001,Manitoba
2016-08-16 00:00:00+00:00,19.838057,1.1333333,0.24734722,Manitoba
2016-08-17 00:00:00+00:00,21.58111,0.033333335,0.24406941,Manitoba
2016-08-18 00:00:00+00:00,21.107498,3.3333333,0.23833334,Manitoba
2016-08-19 00:00:00+00:00,16.344307,0.26666668,0.2344722,Manitoba
2016-08-20 00:00:00+00:00,14.580417,0.36666667,0.23169446,Manitoba
2016-08-21 00:00:00+00:00,16.161667,0.0,0.22755556,Manitoba
2016-08-22 00:00:00+00:00,21.931108,0.0,0.2216111,Manitoba
2016-08-23 00:00:00+00:00,21.633194,1.1999999,0.21515279,Manitoba
2016-08-24 00:00:00+00:00,16.592224,3.7666664,0.21106942,Manitoba
2016-08-25 00:00:00+00:00,15.625556,2.3,0.21140277,Manitoba
2016-08-26 00:00:00+00:00,16.205416,0.06666667,0.21073611,Manitoba
2016-08-27 00:00:00+00:00,16.740833,0.70000005,0.2078472,Manitoba
2016-08-28 00:00:00+00:00,19.666529,0.2,0.20454167,Manitoba
2016-08-29 00:00:00+00:00,17.510973,3.6666667,0.20455556,Manitoba
2016-08-30 00:00:00+00:00,16.599167,0.0,0.20305555,Manitoba
2016-08-31 00:00:00+00:00,17.498472,0.16666667,0.19924998,Manitoba
2016-09-01 00:00:00+00:00,20.019304,0.36666667,0.19523613,Manitoba
2016-09-02 00:00:00+00:00,23.171389,0.0,0.19040275,Manitoba
2016-09-03 00:00:00+00:00,22.077637,0.43333337,0.18669444,Manitoba
2016-09-04 00:00:00+00:00,15.917221,2.1666667,0.18430555,Manitoba
2016-09-05 00:00:00+00:00,14.385278,2.3666666,0.1843055,Manitoba
2016-09-06 00:00:00+00:00,13.379723,0.6333334,0.18506946,Manitoba
2016-09-07 00:00:00+00:00,14.008888,5.8666663,0.18516667,Manitoba
2016-09-08 00:00:00+00:00,13.823472,3.7666664,0.19979168,Manitoba
2016-09-09 00:00:00+00:00,13.8144455,1.6333333,0.20536108,Manitoba
2016-09-10 00:00:00+00:00,13.334582,0.13333334,0.20719445,Manitoba
2016-09-11 00:00:00+00:00,15.277638,0.26666668,0.20594448,Manitoba
2016-09-12 00:00:00+00:00,11.461666,0.1,0.20475002,Manitoba
2016-09-13 00:00:00+00:00,8.290833,0.0,0.20365278,Manitoba
2016-09-14 00:00:00+00:00,10.272778,0.0,0.20147224,Manitoba
2016-09-15 00:00:00+00:00,14.365139,1.2666668,0.19868056,Manitoba
2016-09-16 00:00:00+00:00,14.675555,7.6999993,0.20258333,Manitoba
2016-09-17 00:00:00+00:00,11.999167,0.0,0.21370833,Manitoba
2016-09-18 00:00:00+00:00,18.143612,1.5,0.21244444,Manitoba
2016-09-19 00:00:00+00:00,15.486667,0.0,0.21047218,Manitoba
2016-09-20 00:00:00+00:00,13.16653,0.0,0.20719446,Manitoba
2016-09-21 00:00:00+00:00,12.280416,1.0000001,0.20437498,Manitoba
2016-09-22 00:00:00+00:00,11.355416,0.0,0.20322226,Manitoba
2016-09-23 00:00:00+00:00,11.7075,6.433333,0.20184721,Manitoba
2016-09-24 00:00:00+00:00,15.416527,15.0666685,0.22718056,Manitoba
2016-09-25 00:00:00+00:00,13.3977785,24.333334,0.30775,Manitoba
2016-09-26 00:00:00+00:00,11.545695,0.0,0.31705555,Manitoba
2016-09-27 00:00:00+00:00,10.193611,0.0,0.30216667,Manitoba
2016-09-28 00:00:00+00:00,10.253333,0.0,0.29163888,Manitoba
2016-09-29 00:00:00+00:00,12.130417,0.0,0.28343055,Manitoba
2016-09-30 00:00:00+00:00,13.267917,0.86666673,0.27638885,Manitoba
2016-10-01 00:00:00+00:00,15.428333,0.3,0.27183336,Manitoba
2016-10-02 00:00:00+00:00,15.996388,1.3666668,0.2665417,Manitoba
2016-10-03 00:00:00+00:00,14.62625,10.933333,0.2717639,Manitoba
2016-10-04 00:00:00+00:00,15.261665,20.1,0.328625,Manitoba
2016-10-05 00:00:00+00:00,9.331112,1.5,0.322125,Manitoba
2016-10-06 00:00:00+00:00,2.7325,1.7666668,0.31366667,Manitoba
2016-10-07 00:00:00+00:00,2.2859724,0.7333334,0.30719444,Manitoba
2016-10-08 00:00:00+00:00,1.5318055,0.033333335,0.3019861,Manitoba
2016-10-09 00:00:00+00:00,4.740139,0.4666667,0.29766667,Manitoba
2016-10-10 00:00:00+00:00,5.8915286,3.0,0.2956667,Manitoba
2016-10-11 00:00:00+00:00,2.1880558,1.3000001,0.29495832,Manitoba
2016-10-12 00:00:00+00:00,0.7047222,0.0,0.29329166,Manitoba
2016-10-13 00:00:00+00:00,0.7061112,0.0,0.28987503,Manitoba
2016-10-14 00:00:00+00:00,6.5144444,0.1,0.2870139,Manitoba
2016-10-15 00:00:00+00:00,10.845695,0.033333335,0.2854167,Manitoba
2016-10-16 00:00:00+00:00,5.081111,6.3333335,0.2828472,Manitoba
2016-10-17 00:00:00+00:00,9.266529,2.2,0.29698613,Manitoba
2016-10-18 00:00:00+00:00,4.2713885,0.0,0.2957361,Manitoba
2016-10-19 00:00:00+00:00,3.2734725,0.0,0.29195833,Manitoba
2016-10-20 00:00:00+00:00,3.6297224,0.0,0.2883333,Manitoba
2016-10-21 00:00:00+00:00,6.9713893,2.0666666,0.2857361,Manitoba
2016-10-22 00:00:00+00:00,5.1720834,1.6999999,0.28524998,Manitoba
2016-10-23 00:00:00+00:00,6.1450005,9.7,0.30784723,Manitoba
2016-10-24 00:00:00+00:00,4.21375,0.0,0.31324998,Manitoba
2016-10-25 00:00:00+00:00,5.5533333,0.0,0.30691665,Manitoba
2016-10-26 00:00:00+00:00,7.1387506,6.866667,0.31040284,Manitoba
2016-10-27 00:00:00+00:00,5.356111,0.0,0.31220838,Manitoba
2016-10-28 00:00:00+00:00,8.1165285,0.0,0.3070555,Manitoba
2016-10-29 00:00:00+00:00,3.3915274,0.0,0.30269447,Manitoba
2016-10-30 00:00:00+00:00,4.1818056,0.23333335,0.29875,Manitoba
2016-10-31 00:00:00+00:00,5.2769446,8.033334,0.29876387,Manitoba
2016-11-01 00:00:00+00:00,5.0554166,4.5666666,0.32626387,Manitoba
2016-11-02 00:00:00+00:00,5.2554164,0.56666666,0.322125,Manitoba
2016-11-03 00:00:00+00:00,3.5588887,0.033333335,0.31576386,Manitoba
2016-11-04 00:00:00+00:00,7.4644437,0.0,0.3102778,Manitoba
2016-11-05 00:00:00+00:00,8.360278,0.0,0.30501387,Manitoba
2016-11-06 00:00:00+00:00,9.650556,0.0,0.3004028,Manitoba
2016-11-07 00:00:00+00:00,9.489445,0.0,0.29623616,Manitoba
2016-11-08 00:00:00+00:00,4.915834,0.0,0.29265276,Manitoba
2016-11-09 00:00:00+00:00,9.741528,0.0,0.28945836,Manitoba
2016-11-10 00:00:00+00:00,9.581111,0.0,0.28601384,Manitoba
2016-11-11 00:00:00+00:00,3.1040277,0.0,0.28295836,Manitoba
2016-11-12 00:00:00+00:00,8.013056,0.0,0.28037503,Manitoba
2016-11-13 00:00:00+00:00,8.852639,0.0,0.27781942,Manitoba
2016-11-14 00:00:00+00:00,6.2547226,0.1,0.27555552,Manitoba
2016-11-15 00:00:00+00:00,7.0359726,0.8333333,0.27406946,Manitoba
2016-11-16 00:00:00+00:00,5.4227786,2.7666667,0.2736528,Manitoba
2016-11-17 00:00:00+00:00,1.5776387,0.0,0.27584723,Manitoba
2016-11-18 00:00:00+00:00,-1.0536112,0.0,0.27575,Manitoba
2016-11-19 00:00:00+00:00,-5.068889,0.0,0.275,Manitoba
2016-11-20 00:00:00+00:00,-2.5772219,0.0,0.27425,Manitoba
2016-11-21 00:00:00+00:00,-2.7668056,0.16666667,0.27368054,Manitoba
2016-11-22 00:00:00+00:00,-0.4383333,0.033333335,0.2727639,Manitoba
2016-11-23 00:00:00+00:00,-0.38625002,0.0,0.27226388,Manitoba
2016-11-24 00:00:00+00:00,-0.4508334,0.0,0.27147225,Manitoba
2016-11-25 00:00:00+00:00,-0.168889,0.0,0.27081943,Manitoba
2016-11-26 00:00:00+00:00,-0.001527687,0.0,0.26991668,Manitoba
2016-11-27 00:00:00+00:00,-0.5799999,0.0,0.26922223,Manitoba
2016-11-28 00:00:00+00:00,-1.1779165,6.066667,0.26872227,Manitoba
2016-11-29 00:00:00+00:00,-0.44249997,9.9,0.26995832,Manitoba
2016-11-30 00:00:00+00:00,-1.8418055,5.066666,0.27205554,Manitoba
2016-12-01 00:00:00+00:00,-2.294583,0.0,0.27240276,Manitoba
2016-12-02 00:00:00+00:00,-3.7181947,0.0,0.272125,Manitoba
2016-12-03 00:00:00+00:00,-3.814722,0.0,0.27175,Manitoba
2016-12-04 00:00:00+00:00,-2.4897225,2.6,0.27138892,Manitoba
2016-12-05 00:00:00+00:00,-5.347361,3.6666663,0.27072224,Manitoba
2016-12-06 00:00:00+00:00,-6.7084727,7.233332,0.27033338,Manitoba
2016-12-07 00:00:00+00:00,-10.308473,3.3333337,0.26983333,Manitoba
2016-12-08 00:00:00+00:00,-15.186249,0.0,0.26933333,Manitoba
2016-12-09 00:00:00+00:00,-24.75361,0.0,0.26891667,Manitoba
2016-12-10 00:00:00+00:00,-27.779999,0.0,0.2684861,Manitoba
2016-12-11 00:00:00+00:00,-25.183472,0.73333335,0.26799998,Manitoba
2016-12-12 00:00:00+00:00,-22.448053,0.0,0.2675694,Manitoba
2016-12-13 00:00:00+00:00,-18.160555,0.0,0.26723605,Manitoba
2016-12-14 00:00:00+00:00,-20.643196,0.0,0.2666944,Manitoba
2016-12-15 00:00:00+00:00,-24.62861,0.0,0.2663333,Manitoba
2016-12-16 00:00:00+00:00,-22.673056,0.0,0.26619443,Manitoba
2016-12-17 00:00:00+00:00,-29.193892,0.0,0.26541665,Manitoba
2016-12-18 00:00:00+00:00,-29.813332,0.0,0.2652361,Manitoba
2016-12-19 00:00:00+00:00,-7.5147214,0.56666666,0.2649861,Manitoba
2016-12-20 00:00:00+00:00,-2.2043054,1.0666667,0.26455557,Manitoba
2016-12-21 00:00:00+00:00,-7.018889,3.4333334,0.264,Manitoba
2016-12-22 00:00:00+00:00,-4.084167,0.0,0.2639722,Manitoba
2016-12-23 00:00:00+00:00,-7.7834716,0.0,0.26347223,Manitoba
2016-12-24 00:00:00+00:00,-14.673751,0.0,0.26320836,Manitoba
2016-12-25 00:00:00+00:00,-15.934863,3.6000001,0.263,Manitoba
2016-12-26 00:00:00+00:00,-13.273055,23.733332,0.2624028,Manitoba
2016-12-27 00:00:00+00:00,-17.277916,0.06666667,0.26233336,Manitoba
2016-12-28 00:00:00+00:00,-6.969583,0.59999996,0.26223615,Manitoba
2016-12-29 00:00:00+00:00,-4.6015277,0.0,0.26150006,Manitoba
2016-12-30 00:00:00+00:00,-10.439028,4.3333335,0.26133338,Manitoba
2017-01-01 00:00:00+00:00,-12.625361,0.033333335,0.2545973,Manitoba
2017-01-02 00:00:00+00:00,-17.515638,0.46666667,0.25366673,Manitoba
2017-01-03 00:00:00+00:00,-19.222582,2.5333333,0.25348616,Manitoba
2017-01-04 00:00:00+00:00,-25.444803,0.0,0.25326392,Manitoba
2017-01-05 00:00:00+00:00,-24.628138,0.0,0.253,Manitoba
2017-01-06 00:00:00+00:00,-22.213556,0.0,0.2528194,Manitoba
2017-01-07 00:00:00+00:00,-22.68786,0.0,0.25265273,Manitoba
2017-01-08 00:00:00+00:00,-22.239943,0.0,0.2523333,Manitoba
2017-01-09 00:00:00+00:00,-21.062166,2.4666667,0.2523333,Manitoba
2017-01-10 00:00:00+00:00,-19.65661,0.56666666,0.25215277,Manitoba
2017-01-11 00:00:00+00:00,-24.738554,0.0,0.25166664,Manitoba
2017-01-12 00:00:00+00:00,-22.16633,0.033333335,0.25166664,Manitoba
2017-01-13 00:00:00+00:00,-27.391333,0.0,0.25145832,Manitoba
2017-01-14 00:00:00+00:00,-16.91286,0.0,0.2510278,Manitoba
2017-01-15 00:00:00+00:00,-12.167722,0.0,0.25100002,Manitoba
2017-01-16 00:00:00+00:00,-10.152444,0.0,0.25070834,Manitoba
2017-01-17 00:00:00+00:00,-7.033694,0.0,0.25051388,Manitoba
2017-01-18 00:00:00+00:00,-0.93161106,0.0,0.25033334,Manitoba
2017-01-19 00:00:00+00:00,-1.0961944,0.0,0.25000003,Manitoba
2017-01-20 00:00:00+00:00,-5.1892505,0.033333335,0.24979167,Manitoba
2017-01-21 00:00:00+00:00,-1.9649445,0.53333336,0.25,Manitoba
2017-01-22 00:00:00+00:00,-1.4836946,0.83333343,0.25149992,Manitoba
2017-01-23 00:00:00+00:00,-2.8996668,0.6000001,0.25319442,Manitoba
2017-01-24 00:00:00+00:00,-4.6205,0.26666668,0.25384715,Manitoba
2017-01-25 00:00:00+00:00,-8.594111,0.13333334,0.25399992,Manitoba
2017-01-26 00:00:00+00:00,-10.79411,0.0,0.25398603,Manitoba
2017-01-27 00:00:00+00:00,-5.205917,0.0,0.2536666,Manitoba
2017-01-28 00:00:00+00:00,-2.544111,0.0,0.2536666,Manitoba
2017-01-29 00:00:00+00:00,-3.2954998,0.36666667,0.2533333,Manitoba
2017-01-30 00:00:00+00:00,-0.9211943,4.1000004,0.2533333,Manitoba
2017-01-31 00:00:00+00:00,-3.4156387,0.9333334,0.25349995,Manitoba
2017-02-01 00:00:00+00:00,-17.22536,0.0,0.25383326,Manitoba
2017-02-02 00:00:00+00:00,-16.971891,0.0,0.2537916,Manitoba
2017-02-03 00:00:00+00:00,-15.449666,0.0,0.25327775,Manitoba
2017-02-04 00:00:00+00:00,-14.224667,0.4,0.253,Manitoba
2017-02-05 00:00:00+00:00,-17.273275,1.0,0.2528333,Manitoba
2017-02-06 00:00:00+00:00,-15.952446,3.3333333,0.25266665,Manitoba
2017-02-07 00:00:00+00:00,-19.853834,1.0666667,0.25266665,Manitoba
2017-02-08 00:00:00+00:00,-23.993416,0.0,0.25241664,Manitoba
2017-02-09 00:00:00+00:00,-21.172583,0.4,0.25216666,Manitoba
2017-02-10 00:00:00+00:00,-8.002444,1.4,0.25166664,Manitoba
2017-02-11 00:00:00+00:00,-8.044806,0.033333335,0.25166664,Manitoba
2017-02-12 00:00:00+00:00,-5.077444,0.0,0.25162497,Manitoba
2017-02-13 00:00:00+00:00,-1.6378609,0.0,0.25100002,Manitoba
2017-02-14 00:00:00+00:00,-1.2614722,0.0,0.25115278,Manitoba
2017-02-15 00:00:00+00:00,-3.8100834,0.0,0.25100002,Manitoba
2017-02-16 00:00:00+00:00,-0.5204999,0.0,0.25097224,Manitoba
2017-02-17 00:00:00+00:00,3.4072778,0.23333333,0.25070834,Manitoba
2017-02-18 00:00:00+00:00,2.130889,0.0,0.25756943,Manitoba
2017-02-19 00:00:00+00:00,0.05936114,0.13333334,0.27858332,Manitoba
2017-02-20 00:00:00+00:00,1.344778,0.2,0.28951392,Manitoba
2017-02-21 00:00:00+00:00,-1.1225835,0.36666667,0.30304167,Manitoba
2017-02-22 00:00:00+00:00,-0.64827764,1.1333333,0.30708334,Manitoba
2017-02-23 00:00:00+00:00,-4.8635554,0.1,0.30737495,Manitoba
2017-02-24 00:00:00+00:00,-8.686473,0.16666667,0.30373612,Manitoba
2017-02-25 00:00:00+00:00,-8.846194,0.33333334,0.30018058,Manitoba
2017-02-26 00:00:00+00:00,-14.037862,0.16666667,0.29644445,Manitoba
2017-02-27 00:00:00+00:00,-12.828137,0.1,0.29352775,Manitoba
2017-02-28 00:00:00+00:00,-16.18439,0.0,0.29097217,Manitoba
2017-03-01 00:00:00+00:00,-11.736473,0.1,0.2885417,Manitoba
2017-03-02 00:00:00+00:00,-14.902446,0.033333335,0.28670833,Manitoba
2017-03-03 00:00:00+00:00,-12.085777,0.3,0.284875,Manitoba
2017-03-04 00:00:00+00:00,-2.899666,0.06666667,0.28319445,Manitoba
2017-03-05 00:00:00+00:00,-0.12952773,0.3,0.2820278,Manitoba
2017-03-06 00:00:00+00:00,-0.11216664,7.6000004,0.28544444,Manitoba
2017-03-07 00:00:00+00:00,-11.333,11.666667,0.29495832,Manitoba
2017-03-08 00:00:00+00:00,-13.923972,0.56666666,0.29363886,Manitoba
2017-03-09 00:00:00+00:00,-18.14411,0.0,0.29227778,Manitoba
2017-03-10 00:00:00+00:00,-23.691332,0.0,0.2915417,Manitoba
2017-03-11 00:00:00+00:00,-20.080915,0.16666667,0.2901111,Manitoba
2017-03-12 00:00:00+00:00,-17.211472,1.1333333,0.2882361,Manitoba
2017-03-13 00:00:00+00:00,-19.01564,0.0,0.28662497,Manitoba
2017-03-14 00:00:00+00:00,-13.332306,0.033333335,0.28508326,Manitoba
2017-03-15 00:00:00+00:00,-6.2864723,0.0,0.28393054,Manitoba
2017-03-16 00:00:00+00:00,-1.206611,4.566667,0.2827916,Manitoba
2017-03-17 00:00:00+00:00,0.14616665,2.0333335,0.28380555,Manitoba
2017-03-18 00:00:00+00:00,-6.9468894,0.0,0.28455555,Manitoba
2017-03-19 00:00:00+00:00,2.921861,0.8,0.28495836,Manitoba
2017-03-20 00:00:00+00:00,-1.2364722,0.06666667,0.29408333,Manitoba
2017-03-21 00:00:00+00:00,-11.523972,0.0,0.29993054,Manitoba
2017-03-22 00:00:00+00:00,-9.2427225,0.0,0.2977083,Manitoba
2017-03-23 00:00:00+00:00,-0.4725833,0.6666667,0.2957083,Manitoba
2017-03-24 00:00:00+00:00,-2.2475834,0.0,0.29830554,Manitoba
2017-03-25 00:00:00+00:00,-0.05313881,0.0,0.30172226,Manitoba
2017-03-26 00:00:00+00:00,2.2343612,0.23333335,0.31605557,Manitoba
2017-03-27 00:00:00+00:00,0.6663056,0.79999995,0.33526388,Manitoba
2017-03-28 00:00:00+00:00,0.4267223,1.5666666,0.34099996,Manitoba
2017-03-29 00:00:00+00:00,1.999639,5.1,0.34577778,Manitoba
2017-03-30 00:00:00+00:00,3.126722,0.4333333,0.3656111,Manitoba
2017-03-31 00:00:00+00:00,2.4038055,1.0333334,0.36679164,Manitoba
2017-04-01 00:00:00+00:00,2.0482502,0.0,0.35952783,Manitoba
2017-04-02 00:00:00+00:00,7.07325,0.23333335,0.36304167,Manitoba
2017-04-03 00:00:00+00:00,3.406583,0.06666667,0.35319448,Manitoba
2017-04-04 00:00:00+00:00,2.9704723,0.033333335,0.3465139,Manitoba
2017-04-05 00:00:00+00:00,1.9628334,0.033333335,0.3362361,Manitoba
2017-04-06 00:00:00+00:00,2.5510275,0.0,0.32545832,Manitoba
2017-04-07 00:00:00+00:00,8.227416,0.4,0.3157222,Manitoba
2017-04-08 00:00:00+00:00,11.764222,0.16666667,0.30552778,Manitoba
2017-04-09 00:00:00+00:00,4.060056,0.0,0.29654166,Manitoba
2017-04-10 00:00:00+00:00,-1.9996666,0.0,0.29222217,Manitoba
2017-04-11 00:00:00+00:00,2.4940834,1.1333333,0.28820837,Manitoba
2017-04-12 00:00:00+00:00,4.7426944,0.26666668,0.28413892,Manitoba
2017-04-13 00:00:00+00:00,7.7600555,0.0,0.2775417,Manitoba
2017-04-14 00:00:00+00:00,12.48714,1.4,0.27298608,Manitoba
2017-04-15 00:00:00+00:00,9.530889,2.1666667,0.27509722,Manitoba
2017-04-16 00:00:00+00:00,3.344778,4.466667,0.28525,Manitoba
2017-04-17 00:00:00+00:00,-1.710083,0.033333335,0.2885833,Manitoba
2017-04-18 00:00:00+00:00,2.8711665,0.90000004,0.2876806,Manitoba
2017-04-19 00:00:00+00:00,4.8579717,0.0,0.28473613,Manitoba
2017-04-20 00:00:00+00:00,7.2795005,2.4333332,0.2820972,Manitoba
2017-04-21 00:00:00+00:00,6.898249,0.0,0.28222218,Manitoba
2017-04-22 00:00:00+00:00,4.291306,2.8666668,0.2774722,Manitoba
2017-04-23 00:00:00+00:00,0.9517223,0.2,0.27866665,Manitoba
2017-04-24 00:00:00+00:00,0.09963893,2.8999999,0.27599993,Manitoba
2017-04-25 00:00:00+00:00,-0.19063886,0.2,0.2752361,Manitoba
2017-04-26 00:00:00+00:00,0.80658334,0.0,0.27236113,Manitoba
2017-04-27 00:00:00+00:00,1.6510277,0.0,0.26730558,Manitoba
2017-04-28 00:00:00+00:00,3.406583,0.0,0.26152778,Manitoba
2017-04-29 00:00:00+00:00,6.4038053,0.13333334,0.25254166,Manitoba
2017-04-30 00:00:00+00:00,9.928805,0.3,0.24366666,Manitoba
2017-05-01 00:00:00+00:00,10.526722,0.16666667,0.23205556,Manitoba
2017-05-02 00:00:00+00:00,8.712139,3.0,0.22320835,Manitoba
2017-05-03 00:00:00+00:00,9.230194,0.70000005,0.2194583,Manitoba
2017-05-04 00:00:00+00:00,11.196861,0.0,0.21145833,Manitoba
2017-05-05 00:00:00+00:00,15.420471,0.0,0.20052779,Manitoba
2017-05-06 00:00:00+00:00,14.723251,0.0,0.18630557,Manitoba
2017-05-07 00:00:00+00:00,14.514916,0.0,0.18220834,Manitoba
2017-05-08 00:00:00+00:00,13.6010275,9.833333,0.186,Manitoba
2017-05-09 00:00:00+00:00,11.866306,0.033333335,0.20811115,Manitoba
2017-05-10 00:00:00+00:00,7.9649167,0.0,0.20487499,Manitoba
2017-05-11 00:00:00+00:00,9.44825,0.0,0.20090276,Manitoba
2017-05-12 00:00:00+00:00,9.671166,0.0,0.19320834,Manitoba
2017-05-13 00:00:00+00:00,11.087833,0.0,0.18831944,Manitoba
2017-05-14 00:00:00+00:00,14.169084,3.3333333,0.181125,Manitoba
2017-05-15 00:00:00+00:00,13.618389,0.16666667,0.17398612,Manitoba
2017-05-16 00:00:00+00:00,12.848946,4.2333336,0.16781943,Manitoba
2017-05-17 00:00:00+00:00,9.02325,0.0,0.16799998,Manitoba
2017-05-18 00:00:00+00:00,6.2058887,0.0,0.17009719,Manitoba
2017-05-19 00:00:00+00:00,8.539917,0.0,0.16501391,Manitoba
2017-05-20 00:00:00+00:00,11.730194,0.0,0.15816669,Manitoba
2017-05-21 00:00:00+00:00,10.806583,1.7666665,0.15169445,Manitoba
2017-05-22 00:00:00+00:00,11.557972,0.23333333,0.14759721,Manitoba
2017-05-23 00:00:00+00:00,12.458667,0.033333335,0.14347224,Manitoba
2017-05-24 00:00:00+00:00,14.79061,0.0,0.13644445,Manitoba
2017-05-25 00:00:00+00:00,14.792694,4.7000003,0.13297223,Manitoba
2017-05-26 00:00:00+00:00,13.293387,1.0333334,0.13563888,Manitoba
2017-05-27 00:00:00+00:00,13.694778,0.3,0.13643056,Manitoba
2017-05-28 00:00:00+00:00,12.753113,1.9666668,0.13622224,Manitoba
2017-05-29 00:00:00+00:00,11.007972,2.3,0.13804166,Manitoba
2017-05-30 00:00:00+00:00,11.423249,0.13333334,0.14002779,Manitoba
2017-05-31 00:00:00+00:00,14.681582,0.0,0.13755555,Manitoba
2017-06-01 00:00:00+00:00,18.039917,0.0,0.13022222,Manitoba
2017-06-02 00:00:00+00:00,23.830889,0.0,0.1152361,Manitoba
2017-06-03 00:00:00+00:00,21.085054,0.4666667,0.11130556,Manitoba
2017-06-04 00:00:00+00:00,20.285751,0.0,0.110791676,Manitoba
2017-06-05 00:00:00+00:00,20.6295,0.0,0.11016666,Manitoba
2017-06-06 00:00:00+00:00,20.27325,0.06666667,0.108222224,Manitoba
2017-06-07 00:00:00+00:00,17.553804,0.13333334,0.11044445,Manitoba
2017-06-08 00:00:00+00:00,18.863527,0.0,0.11052778,Manitoba
2017-06-09 00:00:00+00:00,20.986444,5.2999997,0.108277775,Manitoba
2017-06-10 00:00:00+00:00,18.863527,5.066666,0.119680546,Manitoba
2017-06-11 00:00:00+00:00,17.877417,0.33333334,0.12618054,Manitoba
2017-06-12 00:00:00+00:00,17.003805,0.0,0.12956944,Manitoba
2017-06-13 00:00:00+00:00,16.055197,2.5666668,0.12644443,Manitoba
2017-06-14 00:00:00+00:00,15.255889,33.733334,0.16366667,Manitoba
2017-06-15 00:00:00+00:00,14.574638,2.5,0.21563888,Manitoba
2017-06-16 00:00:00+00:00,15.503806,2.533333,0.22129168,Manitoba
2017-06-17 00:00:00+00:00,14.37811,0.66666675,0.21972227,Manitoba
2017-06-18 00:00:00+00:00,13.51839,0.70000005,0.21866667,Manitoba
2017-06-19 00:00:00+00:00,14.33575,4.3333335,0.21480554,Manitoba
2017-06-20 00:00:00+00:00,14.482278,0.0,0.21230555,Manitoba
2017-06-21 00:00:00+00:00,17.648945,5.6,0.20779167,Manitoba
2017-06-22 00:00:00+00:00,15.477417,0.13333334,0.20734723,Manitoba
2017-06-23 00:00:00+00:00,12.554501,1.1,0.20520835,Manitoba
2017-06-24 00:00:00+00:00,10.227417,2.4333334,0.20495836,Manitoba
2017-06-25 00:00:00+00:00,11.749639,0.36666667,0.20180555,Manitoba
2017-06-26 00:00:00+00:00,13.532279,0.0,0.19690277,Manitoba
2017-06-27 00:00:00+00:00,19.071861,0.0,0.18536113,Manitoba
2017-06-28 00:00:00+00:00,20.16214,3.3,0.17695832,Manitoba
2017-06-29 00:00:00+00:00,17.807278,9.5,0.17136109,Manitoba
2017-06-30 00:00:00+00:00,15.597556,1.7000002,0.17601387,Manitoba
2017-07-01 00:00:00+00:00,17.216305,2.8666666,0.17620833,Manitoba
2017-07-02 00:00:00+00:00,15.853111,0.4,0.17343056,Manitoba
2017-07-03 00:00:00+00:00,19.82325,6.433333,0.17094444,Manitoba
2017-07-04 00:00:00+00:00,23.993387,0.13333334,0.16427778,Manitoba
2017-07-05 00:00:00+00:00,21.033667,0.3,0.16354167,Manitoba
2017-07-06 00:00:00+00:00,22.102417,0.0,0.15863888,Manitoba
2017-07-07 00:00:00+00:00,20.03575,0.0,0.1535,Manitoba
2017-07-08 00:00:00+00:00,21.203112,0.0,0.15013888,Manitoba
2017-07-09 00:00:00+00:00,22.147554,4.0666666,0.14797223,Manitoba
2017-07-10 00:00:00+00:00,21.6045,0.26666668,0.14551389,Manitoba
2017-07-11 00:00:00+00:00,22.711443,1.5,0.13600002,Manitoba
2017-07-12 00:00:00+00:00,16.630888,1.7666665,0.13843058,Manitoba
2017-07-13 00:00:00+00:00,17.559362,0.0,0.13981946,Manitoba
2017-07-14 00:00:00+00:00,21.640612,0.0,0.13919444,Manitoba
2017-07-15 00:00:00+00:00,21.605194,0.0,0.139125,Manitoba
2017-07-16 00:00:00+00:00,21.1045,0.26666668,0.13693057,Manitoba
2017-07-17 00:00:00+00:00,24.082975,0.16666667,0.13558333,Manitoba
2017-07-18 00:00:00+00:00,18.74061,0.0,0.1352639,Manitoba
2017-07-19 00:00:00+00:00,19.46839,5.7666664,0.1402639,Manitoba
2017-07-20 00:00:00+00:00,20.049639,0.0,0.14956945,Manitoba
2017-07-21 00:00:00+00:00,21.93714,7.4,0.1521389,Manitoba
2017-07-22 00:00:00+00:00,18.773947,5.933334,0.16180557,Manitoba
2017-07-23 00:00:00+00:00,19.189222,0.1,0.16445832,Manitoba
2017-07-24 00:00:00+00:00,23.271166,0.033333335,0.16105556,Manitoba
2017-07-25 00:00:00+00:00,20.34339,8.233334,0.1635278,Manitoba
2017-07-26 00:00:00+00:00,20.51075,0.0,0.16355556,Manitoba
2017-07-27 00:00:00+00:00,21.234362,0.0,0.15788889,Manitoba
2017-07-28 00:00:00+00:00,22.746862,0.5,0.1538611,Manitoba
2017-07-29 00:00:00+00:00,24.120474,1.1333333,0.14484721,Manitoba
2017-07-30 00:00:00+00:00,23.182276,0.6333333,0.14334722,Manitoba
2017-07-31 00:00:00+00:00,25.395475,0.033333335,0.13759723,Manitoba
2017-08-01 00:00:00+00:00,21.489222,0.0,0.13731945,Manitoba
2017-08-02 00:00:00+00:00,16.848944,17.066666,0.14372222,Manitoba
2017-08-03 00:00:00+00:00,15.348946,1.4,0.17531945,Manitoba
2017-08-04 00:00:00+00:00,17.650331,0.06666667,0.176125,Manitoba
2017-08-05 00:00:00+00:00,17.78575,1.5333333,0.17436111,Manitoba
2017-08-06 00:00:00+00:00,17.198252,0.0,0.17215276,Manitoba
2017-08-07 00:00:00+00:00,18.625334,0.0,0.16595834,Manitoba
2017-08-08 00:00:00+00:00,19.699638,1.4,0.1620139,Manitoba
2017-08-09 00:00:00+00:00,17.313528,14.733334,0.16545832,Manitoba
2017-08-10 00:00:00+00:00,16.757973,0.033333335,0.17084722,Manitoba
2017-08-11 00:00:00+00:00,18.143389,0.0,0.16690278,Manitoba
2017-08-12 00:00:00+00:00,18.057972,0.26666668,0.16206945,Manitoba
2017-08-13 00:00:00+00:00,17.939917,0.0,0.15909721,Manitoba
2017-08-14 00:00:00+00:00,18.833666,0.0,0.15336111,Manitoba
2017-08-15 00:00:00+00:00,18.246862,5.6,0.15231945,Manitoba
2017-08-16 00:00:00+00:00,18.384361,1.1666666,0.155375,Manitoba
2017-08-17 00:00:00+00:00,18.826027,0.0,0.15712498,Manitoba
2017-08-18 00:00:00+00:00,19.363527,0.3,0.15419443,Manitoba
2017-08-19 00:00:00+00:00,21.16422,0.0,0.14637499,Manitoba
2017-08-20 00:00:00+00:00,18.969778,0.0,0.14474998,Manitoba
2017-08-21 00:00:00+00:00,17.5545,2.6666667,0.14277779,Manitoba
2017-08-22 00:00:00+00:00,16.471167,0.033333335,0.14475001,Manitoba
2017-08-23 00:00:00+00:00,17.11839,0.6666667,0.14108332,Manitoba
2017-08-24 00:00:00+00:00,15.221166,0.0,0.14240277,Manitoba
2017-08-25 00:00:00+00:00,19.489222,0.0,0.14181943,Manitoba
2017-08-26 00:00:00+00:00,19.255888,1.3000001,0.1409722,Manitoba
2017-08-27 00:00:00+00:00,18.346167,0.06666667,0.13883334,Manitoba
2017-08-28 00:00:00+00:00,20.832277,0.0,0.12790276,Manitoba
2017-08-29 00:00:00+00:00,22.122557,0.0,0.112680554,Manitoba
2017-08-30 00:00:00+00:00,19.009361,0.0,0.10925,Manitoba
2017-08-31 00:00:00+00:00,20.692694,0.0,0.11088889,Manitoba
2017-09-01 00:00:00+00:00,23.111444,4.133333,0.113000005,Manitoba
2017-09-02 00:00:00+00:00,19.337835,0.0,0.11651387,Manitoba
2017-09-03 00:00:00+00:00,19.22464,0.0,0.11365277,Manitoba
2017-09-04 00:00:00+00:00,16.913528,1.9666667,0.11544443,Manitoba
2017-09-05 00:00:00+00:00,14.385055,0.0,0.114,Manitoba
2017-09-06 00:00:00+00:00,14.398944,0.0,0.112694435,Manitoba
2017-09-07 00:00:00+00:00,17.023943,0.0,0.10333333,Manitoba
2017-09-08 00:00:00+00:00,16.07186,0.0,0.103583336,Manitoba
2017-09-09 00:00:00+00:00,18.174643,0.0,0.10170832,Manitoba
2017-09-10 00:00:00+00:00,23.191305,0.0,0.09911111,Manitoba
2017-09-11 00:00:00+00:00,20.216307,0.0,0.10172222,Manitoba
2017-09-12 00:00:00+00:00,22.342001,0.0,0.10187501,Manitoba
2017-09-13 00:00:00+00:00,19.41075,0.13333334,0.102499984,Manitoba
2017-09-14 00:00:00+00:00,13.943389,2.7,0.11066667,Manitoba
2017-09-15 00:00:00+00:00,10.678111,7.2333336,0.11226391,Manitoba
2017-09-16 00:00:00+00:00,8.562139,13.033333,0.13000001,Manitoba
2017-09-17 00:00:00+00:00,8.330889,7.5,0.17975001,Manitoba
2017-09-18 00:00:00+00:00,11.865612,0.0,0.19827773,Manitoba
2017-09-19 00:00:00+00:00,14.457971,8.7,0.19908334,Manitoba
2017-09-20 00:00:00+00:00,13.4656105,6.933334,0.24372222,Manitoba
2017-09-21 00:00:00+00:00,13.308667,0.8666666,0.25122222,Manitoba
2017-09-22 00:00:00+00:00,10.589915,7.6999993,0.25234723,Manitoba
2017-09-23 00:00:00+00:00,9.815612,2.1333332,0.2643333,Manitoba
2017-09-24 00:00:00+00:00,9.1295,6.5,0.27295834,Manitoba
2017-09-25 00:00:00+00:00,9.418388,0.06666667,0.28020832,Manitoba
2017-09-26 00:00:00+00:00,9.0906105,0.36666667,0.27195835,Manitoba
2017-09-27 00:00:00+00:00,11.664917,0.0,0.26566666,Manitoba
2017-09-28 00:00:00+00:00,12.780889,0.0,0.25706944,Manitoba
2017-09-29 00:00:00+00:00,9.739917,0.0,0.2479722,Manitoba
2017-09-30 00:00:00+00:00,12.706584,0.8333333,0.24069446,Manitoba
2017-10-01 00:00:00+00:00,15.493388,5.7333336,0.2492222,Manitoba
2017-10-02 00:00:00+00:00,12.38575,2.3,0.2561389,Manitoba
2017-10-03 00:00:00+00:00,6.715611,0.033333335,0.2552639,Manitoba
2017-10-04 00:00:00+00:00,7.4920006,0.06666667,0.25330555,Manitoba
2017-10-05 00:00:00+00:00,6.434361,0.0,0.24974997,Manitoba
2017-10-06 00:00:00+00:00,8.217694,0.0,0.24491672,Manitoba
2017-10-07 00:00:00+00:00,13.079499,0.3,0.23915277,Manitoba
2017-10-08 00:00:00+00:00,9.0593605,0.26666668,0.23494446,Manitoba
2017-10-09 00:00:00+00:00,3.9510279,0.0,0.23244442,Manitoba
2017-10-10 00:00:00+00:00,6.647555,0.0,0.22984724,Manitoba
2017-10-11 00:00:00+00:00,9.453805,0.0,0.22237499,Manitoba
2017-10-12 00:00:00+00:00,8.092,0.43333337,0.21840279,Manitoba
2017-10-13 00:00:00+00:00,3.8808887,0.06666667,0.21983333,Manitoba
2017-10-14 00:00:00+00:00,1.649639,2.1666667,0.2209722,Manitoba
2017-10-15 00:00:00+00:00,3.7051947,0.4,0.22261114,Manitoba
2017-10-16 00:00:00+00:00,7.3926945,0.0,0.22208333,Manitoba
2017-10-17 00:00:00+00:00,10.871167,0.0,0.21915276,Manitoba
2017-10-18 00:00:00+00:00,12.846166,0.0,0.21405555,Manitoba
2017-10-19 00:00:00+00:00,9.562139,0.0,0.21220832,Manitoba
2017-10-20 00:00:00+00:00,12.367695,0.0,0.20565276,Manitoba
2017-10-21 00:00:00+00:00,12.365611,0.33333334,0.19906946,Manitoba
2017-10-22 00:00:00+00:00,7.218389,1.0333334,0.19934724,Manitoba
2017-10-23 00:00:00+00:00,6.2829723,1.4333334,0.20079167,Manitoba
2017-10-24 00:00:00+00:00,3.5100555,0.0,0.2033611,Manitoba
2017-10-25 00:00:00+00:00,7.935056,0.0,0.20420836,Manitoba
2017-10-26 00:00:00+00:00,2.265611,6.799999,0.20773607,Manitoba
2017-10-27 00:00:00+00:00,-2.5024445,0.06666667,0.21534722,Manitoba
2017-10-28 00:00:00+00:00,-1.9184166,0.033333335,0.21791665,Manitoba
2017-10-29 00:00:00+00:00,3.727417,0.6333333,0.21826391,Manitoba
2017-10-30 00:00:00+00:00,-1.3642501,0.6000001,0.21850002,Manitoba
2017-10-31 00:00:00+00:00,-3.7927225,0.16666667,0.21809725,Manitoba
2017-11-01 00:00:00+00:00,-2.6774445,3.3666668,0.21766669,Manitoba
2017-11-02 00:00:00+00:00,-2.1802223,1.2666668,0.21694446,Manitoba
2017-11-03 00:00:00+00:00,-5.2718883,0.4,0.21656948,Manitoba
2017-11-04 00:00:00+00:00,-3.6392498,6.3333335,0.2161528,Manitoba
2017-11-05 00:00:00+00:00,-7.383695,0.0,0.21556948,Manitoba
2017-11-06 00:00:00+00:00,-9.135777,0.0,0.21495835,Manitoba
2017-11-07 00:00:00+00:00,-11.436473,0.0,0.21423613,Manitoba
2017-11-08 00:00:00+00:00,-10.087167,0.8,0.21372224,Manitoba
2017-11-09 00:00:00+00:00,-16.75522,0.0,0.21334726,Manitoba
2017-11-10 00:00:00+00:00,-12.480222,2.3666668,0.21311112,Manitoba
2017-11-11 00:00:00+00:00,-4.696194,1.4666667,0.21241666,Manitoba
2017-11-12 00:00:00+00:00,-8.449666,0.0,0.21193056,Manitoba
2017-11-13 00:00:00+00:00,-4.164944,0.0,0.21113886,Manitoba
2017-11-14 00:00:00+00:00,-1.0274445,0.06666667,0.20986111,Manitoba
2017-11-15 00:00:00+00:00,-7.0059166,0.2,0.2095,Manitoba
2017-11-16 00:00:00+00:00,-8.099667,0.13333334,0.20987503,Manitoba
2017-11-17 00:00:00+00:00,-4.963556,0.1,0.20466666,Manitoba
2017-11-18 00:00:00+00:00,-10.780917,0.26666668,0.20465277,Manitoba
2017-11-19 00:00:00+00:00,-8.068417,0.0,0.20387499,Manitoba
2017-11-20 00:00:00+00:00,-1.9267498,0.36666667,0.20352776,Manitoba
2017-11-21 00:00:00+00:00,-10.040639,0.16666667,0.2028333,Manitoba
2017-11-22 00:00:00+00:00,-9.988556,2.1333334,0.203,Manitoba
2017-11-23 00:00:00+00:00,-4.7316117,0.0,0.20233333,Manitoba
2017-11-24 00:00:00+00:00,4.4079723,0.7,0.20216666,Manitoba
2017-11-25 00:00:00+00:00,-3.4225833,0.0,0.20437503,Manitoba
2017-11-26 00:00:00+00:00,-2.1385555,0.0,0.20554166,Manitoba
2017-11-27 00:00:00+00:00,0.6739444,0.0,0.20502776,Manitoba
2017-11-28 00:00:00+00:00,0.18922222,0.0,0.2063194,Manitoba
2017-11-29 00:00:00+00:00,0.28297237,1.4,0.20605557,Manitoba
2017-11-30 00:00:00+00:00,0.37880555,0.56666666,0.20691669,Manitoba
2017-12-01 00:00:00+00:00,-2.0454998,0.0,0.20772225,Manitoba
2017-12-02 00:00:00+00:00,-2.6899445,0.0,0.208,Manitoba
2017-12-03 00:00:00+00:00,-3.1149445,0.16666667,0.2082917,Manitoba
2017-12-04 00:00:00+00:00,-3.8885555,2.8,0.20833336,Manitoba
2017-12-05 00:00:00+00:00,-11.814944,0.0,0.21083336,Manitoba
2017-12-06 00:00:00+00:00,-12.110084,0.033333335,0.20968056,Manitoba
2017-12-07 00:00:00+00:00,-8.831612,0.06666667,0.20900004,Manitoba
2017-12-08 00:00:00+00:00,-2.898278,0.033333335,0.2086667,Manitoba
2017-12-09 00:00:00+00:00,-4.8093886,0.0,0.20833336,Manitoba
2017-12-10 00:00:00+00:00,-1.7635556,0.26666668,0.20748615,Manitoba
2017-12-11 00:00:00+00:00,-1.925361,1.7666665,0.20783336,Manitoba
2017-12-12 00:00:00+00:00,-1.923972,0.06666667,0.20466667,Manitoba
2017-12-13 00:00:00+00:00,0.32602784,0.73333335,0.20433335,Manitoba
2017-12-14 00:00:00+00:00,-3.124667,0.7666667,0.20431942,Manitoba
2017-12-15 00:00:00+00:00,-3.7628613,4.166667,0.20366669,Manitoba
2017-12-16 00:00:00+00:00,-2.498972,1.4666666,0.20349999,Manitoba
2017-12-17 00:00:00+00:00,-4.1607776,0.0,0.20366669,Manitoba
2017-12-18 00:00:00+00:00,-1.0184166,0.1,0.20333333,Manitoba
2017-12-19 00:00:00+00:00,-5.422583,0.06666667,0.20333333,Manitoba
2017-12-20 00:00:00+00:00,-15.387166,0.90000004,0.20266666,Manitoba
2017-12-21 00:00:00+00:00,-16.668415,0.0,0.2015139,Manitoba
2017-12-22 00:00:00+00:00,-9.818417,0.36666667,0.20090282,Manitoba
2017-12-23 00:00:00+00:00,-11.539945,0.4333333,0.20075,Manitoba
2017-12-24 00:00:00+00:00,-20.543417,0.56666666,0.19999997,Manitoba
2017-12-25 00:00:00+00:00,-25.133692,0.033333335,0.19949998,Manitoba
2017-12-26 00:00:00+00:00,-25.239944,0.0,0.199,Manitoba
2017-12-27 00:00:00+00:00,-26.294806,0.0,0.19849999,Manitoba
2017-12-28 00:00:00+00:00,-20.98439,0.9333334,0.19783334,Manitoba
2017-12-29 00:00:00+00:00,-24.557999,0.0,0.19683331,Manitoba
2017-12-30 00:00:00+00:00,-29.447584,0.0,0.1967361,Manitoba
2017-12-31 00:00:00+00:00,-26.117025,0.0,0.19599998,Manitoba
2018-01-01 00:00:00+00:00,-23.543417,0.0,0.19533332,Manitoba
2018-01-02 00:00:00+00:00,-16.028137,0.0,0.19483335,Manitoba
2018-01-03 00:00:00+00:00,-19.271889,0.0,0.19466668,Manitoba
2018-01-04 00:00:00+00:00,-16.776749,0.70000005,0.19399999,Manitoba
2018-01-05 00:00:00+00:00,-18.193419,0.033333335,0.19399999,Manitoba
2018-01-06 00:00:00+00:00,-11.423279,0.0,0.19333334,Manitoba
2018-01-07 00:00:00+00:00,-2.7267501,0.33333334,0.19333334,Manitoba
2018-01-08 00:00:00+00:00,-4.859389,0.0,0.19333334,Manitoba
2018-01-09 00:00:00+00:00,-6.001056,0.033333335,0.19337499,Manitoba
2018-01-10 00:00:00+00:00,-6.501055,0.2,0.19366668,Manitoba
2018-01-11 00:00:00+00:00,-20.888556,2.2666667,0.19283335,Manitoba
2018-01-12 00:00:00+00:00,-24.932999,0.0,0.19266666,Manitoba
2018-01-13 00:00:00+00:00,-24.262861,0.0,0.19216667,Manitoba
2018-01-14 00:00:00+00:00,-16.708694,0.8,0.19166666,Manitoba
2018-01-15 00:00:00+00:00,-23.090637,0.06666667,0.19183333,Manitoba
2018-01-16 00:00:00+00:00,-19.94272,0.0,0.1911667,Manitoba
2018-01-17 00:00:00+00:00,-6.5823054,0.0,0.19100003,Manitoba
2018-01-18 00:00:00+00:00,-1.2364724,1.1333333,0.1911667,Manitoba
2018-01-19 00:00:00+00:00,2.5281112,0.0,0.19133335,Manitoba
2018-01-20 00:00:00+00:00,-2.4823055,0.0,0.19170834,Manitoba
2018-01-21 00:00:00+00:00,-4.338556,0.0,0.19225,Manitoba
2018-01-22 00:00:00+00:00,-6.3864727,0.0,0.18883334,Manitoba
2018-01-23 00:00:00+00:00,-5.9899445,0.0,0.18916668,Manitoba
2018-01-24 00:00:00+00:00,-6.883001,0.06666667,0.1961667,Manitoba
2018-01-25 00:00:00+00:00,-6.4031386,0.0,0.19450001,Manitoba
2018-01-26 00:00:00+00:00,-4.5948057,0.43333337,0.19433333,Manitoba
2018-01-27 00:00:00+00:00,-10.778834,1.6666666,0.19583337,Manitoba
2018-01-28 00:00:00+00:00,-18.95175,0.0,0.19466664,Manitoba
2018-01-29 00:00:00+00:00,-18.292723,0.033333335,0.19366665,Manitoba
2018-01-30 00:00:00+00:00,-9.137167,1.0333334,0.19366665,Manitoba
2018-01-31 00:00:00+00:00,-13.085777,0.0,0.193,Manitoba
2018-02-01 00:00:00+00:00,-20.741333,0.0,0.1928333,Manitoba
2018-02-02 00:00:00+00:00,-19.862167,0.6333334,0.1923333,Manitoba
2018-02-03 00:00:00+00:00,-19.92675,1.8000002,0.1923333,Manitoba
2018-02-04 00:00:00+00:00,-21.547583,0.0,0.1923333,Manitoba
2018-02-05 00:00:00+00:00,-19.338554,0.0,0.19199999,Manitoba
2018-02-06 00:00:00+00:00,-20.54064,0.26666668,0.19216664,Manitoba
2018-02-07 00:00:00+00:00,-19.236473,0.0,0.19216667,Manitoba
2018-02-08 00:00:00+00:00,-21.058,0.0,0.19199999,Manitoba
2018-02-09 00:00:00+00:00,-20.796194,0.0,0.19168055,Manitoba
2018-02-10 00:00:00+00:00,-15.77536,0.0,0.19166666,Manitoba
2018-02-11 00:00:00+00:00,-15.330223,0.23333333,0.1915139,Manitoba
2018-02-12 00:00:00+00:00,-23.355223,0.0,0.19133334,Manitoba
2018-02-13 00:00:00+00:00,-14.271194,0.0,0.19116665,Manitoba
2018-02-14 00:00:00+00:00,-2.9746659,0.7,0.19133334,Manitoba
2018-02-15 00:00:00+00:00,-14.246194,1.6333333,0.19133334,Manitoba
2018-02-16 00:00:00+00:00,-14.5205,0.0,0.19083329,Manitoba
2018-02-17 00:00:00+00:00,-11.344111,0.0,0.19066663,Manitoba
2018-02-18 00:00:00+00:00,-15.590641,0.3,0.1903333,Manitoba
2018-02-19 00:00:00+00:00,-19.991333,0.0,0.19049998,Manitoba
2018-02-20 00:00:00+00:00,-16.262167,0.06666667,0.19184725,Manitoba
2018-02-21 00:00:00+00:00,-15.817027,0.0,0.19184722,Manitoba
2018-02-22 00:00:00+00:00,-14.659387,0.0,0.19150002,Manitoba
2018-02-23 00:00:00+00:00,-14.830917,0.0,0.19133337,Manitoba
2018-02-24 00:00:00+00:00,-10.908001,0.06666667,0.19133337,Manitoba
2018-02-25 00:00:00+00:00,-7.578139,0.33333334,0.19133337,Manitoba
2018-02-26 00:00:00+00:00,-6.5232787,0.06666667,0.19133337,Manitoba
2018-02-27 00:00:00+00:00,-6.700361,0.0,0.19131947,Manitoba
2018-02-28 00:00:00+00:00,-5.4232774,0.0,0.19133337,Manitoba
2018-03-01 00:00:00+00:00,-5.7420278,0.0,0.19133337,Manitoba
2018-03-02 00:00:00+00:00,-7.4330006,0.033333335,0.19133337,Manitoba
2018-03-03 00:00:00+00:00,-3.8406384,0.033333335,0.19133337,Manitoba
2018-03-04 00:00:00+00:00,0.3017222,2.5,0.19209726,Manitoba
2018-03-05 00:00:00+00:00,-0.2913333,17.966665,0.19337505,Manitoba
2018-03-06 00:00:00+00:00,-3.2899444,4.0333333,0.19400005,Manitoba
2018-03-07 00:00:00+00:00,-8.730223,0.8333333,0.19333333,Manitoba
2018-03-08 00:00:00+00:00,-11.810082,0.4333333,0.1935,Manitoba
2018-03-09 00:00:00+00:00,-13.547584,0.06666667,0.19316663,Manitoba
2018-03-10 00:00:00+00:00,-6.367723,0.7666667,0.19299996,Manitoba
2018-03-11 00:00:00+00:00,-8.113556,0.0,0.19266665,Manitoba
2018-03-12 00:00:00+00:00,-8.967029,0.0,0.19266665,Manitoba
2018-03-13 00:00:00+00:00,-8.892722,0.0,0.19383335,Manitoba
2018-03-14 00:00:00+00:00,-5.1121674,0.0,0.193,Manitoba
2018-03-15 00:00:00+00:00,-8.874667,0.0,0.19366664,Manitoba
2018-03-16 00:00:00+00:00,-8.138556,0.0,0.19316666,Manitoba
2018-03-17 00:00:00+00:00,-8.153834,0.0,0.19333331,Manitoba
2018-03-18 00:00:00+00:00,-2.8100832,0.0,0.19477773,Manitoba
2018-03-19 00:00:00+00:00,-4.2336946,0.9000001,0.19698614,Manitoba
2018-03-20 00:00:00+00:00,-5.090639,1.1666667,0.198,Manitoba
2018-03-21 00:00:00+00:00,-2.6198056,0.4666667,0.19811113,Manitoba
2018-03-22 00:00:00+00:00,-3.4711943,0.0,0.1993889,Manitoba
2018-03-23 00:00:00+00:00,-1.383,1.4333333,0.20243056,Manitoba
2018-03-24 00:00:00+00:00,-0.8524444,3.6333332,0.20356949,Manitoba
2018-03-25 00:00:00+00:00,0.717,1.7333335,0.20494445,Manitoba
2018-03-26 00:00:00+00:00,-1.3142499,0.0,0.21386112,Manitoba
2018-03-27 00:00:00+00:00,-1.1996669,0.0,0.22219445,Manitoba
2018-03-28 00:00:00+00:00,-2.8309166,3.1999998,0.2332778,Manitoba
2018-03-29 00:00:00+00:00,-8.860778,0.26666668,0.23704171,Manitoba
2018-03-30 00:00:00+00:00,-15.914945,0.1,0.23798613,Manitoba
2018-03-31 00:00:00+00:00,-14.342723,0.26666668,0.23800004,Manitoba
2018-04-01 00:00:00+00:00,-9.726056,0.0,0.23800004,Manitoba
2018-04-02 00:00:00+00:00,-12.148972,0.0,0.2377917,Manitoba
2018-04-03 00:00:00+00:00,-12.053139,0.06666667,0.23750006,Manitoba
2018-04-04 00:00:00+00:00,-8.406611,0.0,0.23750003,Manitoba
2018-04-05 00:00:00+00:00,-8.191334,0.4333334,0.23800004,Manitoba
2018-04-06 00:00:00+00:00,-12.98925,0.2,0.23800004,Manitoba
2018-04-07 00:00:00+00:00,-10.9093895,0.0,0.23800004,Manitoba
2018-04-08 00:00:00+00:00,-7.881611,0.0,0.23800004,Manitoba
2018-04-09 00:00:00+00:00,-7.008695,0.1,0.23805559,Manitoba
2018-04-10 00:00:00+00:00,-1.6392503,0.0,0.23918058,Manitoba
2018-04-11 00:00:00+00:00,-1.4809165,1.4333334,0.24220836,Manitoba
2018-04-12 00:00:00+00:00,-1.4836944,2.6999998,0.24419446,Manitoba
2018-04-13 00:00:00+00:00,-5.8621674,0.0,0.24583335,Manitoba
2018-04-14 00:00:00+00:00,-5.093417,0.0,0.24626392,Manitoba
2018-04-15 00:00:00+00:00,-2.0448053,0.0,0.24644446,Manitoba
2018-04-16 00:00:00+00:00,-1.1128612,0.0,0.2471389,Manitoba
2018-04-17 00:00:00+00:00,1.2926944,0.1,0.2489028,Manitoba
2018-04-18 00:00:00+00:00,3.29825,0.0,0.2501945,Manitoba
2018-04-19 00:00:00+00:00,2.2600555,0.0,0.2546389,Manitoba
2018-04-20 00:00:00+00:00,4.6815834,0.0,0.26615277,Manitoba
2018-04-21 00:00:00+00:00,8.144777,0.0,0.27744445,Manitoba
2018-04-22 00:00:00+00:00,11.103806,0.29999998,0.28222218,Manitoba
2018-04-23 00:00:00+00:00,7.7524166,0.0,0.27516663,Manitoba
2018-04-24 00:00:00+00:00,5.86075,0.0,0.26768056,Manitoba
2018-04-25 00:00:00+00:00,10.340611,0.0,0.25648612,Manitoba
2018-04-26 00:00:00+00:00,8.751722,0.1,0.24484724,Manitoba
2018-04-27 00:00:00+00:00,8.495473,0.0,0.23340277,Manitoba
2018-04-28 00:00:00+00:00,6.6419997,0.0,0.22627778,Manitoba
2018-04-29 00:00:00+00:00,13.552418,0.0,0.21469444,Manitoba
2018-04-30 00:00:00+00:00,10.049638,3.3,0.1994167,Manitoba
2018-05-01 00:00:00+00:00,4.193389,0.0,0.20372224,Manitoba
2018-05-02 00:00:00+00:00,6.294083,1.0,0.2075278,Manitoba
2018-05-03 00:00:00+00:00,10.13575,0.43333337,0.20279165,Manitoba
2018-05-04 00:00:00+00:00,13.1045,0.0,0.19245835,Manitoba
2018-05-05 00:00:00+00:00,13.381583,0.1,0.17481945,Manitoba
2018-05-06 00:00:00+00:00,14.453805,0.4,0.16340278,Manitoba
2018-05-07 00:00:00+00:00,17.828806,0.4,0.15291667,Manitoba
2018-05-08 00:00:00+00:00,15.266999,0.033333335,0.1417639,Manitoba
2018-05-09 00:00:00+00:00,13.212833,0.8333333,0.13669445,Manitoba
2018-05-10 00:00:00+00:00,6.4079723,0.0,0.13613887,Manitoba
2018-05-11 00:00:00+00:00,8.010056,0.1,0.1377639,Manitoba
2018-05-12 00:00:00+00:00,10.117,0.0,0.1344861,Manitoba
2018-05-13 00:00:00+00:00,15.613528,0.0,0.12855555,Manitoba
2018-05-14 00:00:00+00:00,15.922555,0.0,0.12266668,Manitoba
2018-05-15 00:00:00+00:00,16.926722,0.0,0.11961111,Manitoba
2018-05-16 00:00:00+00:00,16.878805,0.0,0.11098611,Manitoba
2018-05-17 00:00:00+00:00,11.9732485,3.6666667,0.112430535,Manitoba
2018-05-18 00:00:00+00:00,9.050334,2.266667,0.11829165,Manitoba
2018-05-19 00:00:00+00:00,10.956584,0.0,0.119361125,Manitoba
2018-05-20 00:00:00+00:00,14.321167,0.0,0.11606944,Manitoba
2018-05-21 00:00:00+00:00,16.56839,0.0,0.10683334,Manitoba
2018-05-22 00:00:00+00:00,19.664223,0.46666667,0.09681946,Manitoba
2018-05-23 00:00:00+00:00,21.367693,0.13333334,0.09301389,Manitoba
2018-05-24 00:00:00+00:00,21.722555,3.8666668,0.09138889,Manitoba
2018-05-25 00:00:00+00:00,20.716307,1.6333333,0.095736094,Manitoba
2018-05-26 00:00:00+00:00,21.053806,0.0,0.095625006,Manitoba
2018-05-27 00:00:00+00:00,22.018389,0.90000004,0.09499999,Manitoba
2018-05-28 00:00:00+00:00,20.439917,0.0,0.097791664,Manitoba
2018-05-29 00:00:00+00:00,21.669083,1.2333333,0.0957639,Manitoba
2018-05-30 00:00:00+00:00,19.633667,11.399999,0.0945,Manitoba
2018-05-31 00:00:00+00:00,18.075333,0.0,0.10580555,Manitoba
2018-06-01 00:00:00+00:00,14.969779,23.766668,0.12173612,Manitoba
2018-06-02 00:00:00+00:00,12.827416,25.033333,0.19219446,Manitoba
2018-06-03 00:00:00+00:00,13.089917,1.2666667,0.22511108,Manitoba
2018-06-04 00:00:00+00:00,15.912834,0.0,0.21719444,Manitoba
2018-06-05 00:00:00+00:00,18.263527,1.0333333,0.22177778,Manitoba
2018-06-06 00:00:00+00:00,16.608667,0.0,0.22780557,Manitoba
2018-06-07 00:00:00+00:00,19.717695,0.0,0.2145,Manitoba
2018-06-08 00:00:00+00:00,19.501028,4.2666664,0.20070833,Manitoba
2018-06-09 00:00:00+00:00,20.281584,0.16666667,0.20102777,Manitoba
2018-06-10 00:00:00+00:00,23.874641,0.0,0.19819443,Manitoba
2018-06-11 00:00:00+00:00,19.055193,11.5,0.20659721,Manitoba
2018-06-12 00:00:00+00:00,16.03575,0.2,0.22105555,Manitoba
2018-06-13 00:00:00+00:00,16.876722,0.0,0.2108611,Manitoba
2018-06-14 00:00:00+00:00,19.857973,6.466667,0.19259723,Manitoba
2018-06-15 00:00:00+00:00,19.119083,12.833333,0.20856945,Manitoba
2018-06-16 00:00:00+00:00,16.889223,1.1666666,0.20693056,Manitoba
2018-06-17 00:00:00+00:00,17.53922,0.33333334,0.2035278,Manitoba
2018-06-18 00:00:00+00:00,17.935751,0.0,0.19406946,Manitoba
2018-06-19 00:00:00+00:00,19.866999,0.0,0.1822639,Manitoba
2018-06-20 00:00:00+00:00,20.601028,0.0,0.1711111,Manitoba
2018-06-21 00:00:00+00:00,22.363527,0.0,0.16143054,Manitoba
2018-06-22 00:00:00+00:00,22.913528,0.033333335,0.15506943,Manitoba
2018-06-23 00:00:00+00:00,22.028807,4.1,0.15119445,Manitoba
2018-06-24 00:00:00+00:00,20.655195,5.9666667,0.149875,Manitoba
2018-06-25 00:00:00+00:00,20.328112,2.0,0.15154167,Manitoba
2018-06-26 00:00:00+00:00,22.210749,3.5333335,0.15531947,Manitoba
2018-06-27 00:00:00+00:00,20.309362,3.5666666,0.15923612,Manitoba
2018-06-28 00:00:00+00:00,20.251722,0.0,0.15747221,Manitoba
2018-06-29 00:00:00+00:00,21.509361,11.166667,0.15877779,Manitoba
2018-06-30 00:00:00+00:00,19.23089,4.3333335,0.18491666,Manitoba
2018-07-01 00:00:00+00:00,18.43853,3.0666666,0.20055555,Manitoba
2018-07-02 00:00:00+00:00,18.324638,0.33333334,0.20095833,Manitoba
2018-07-03 00:00:00+00:00,18.952417,1.0,0.19604166,Manitoba
2018-07-04 00:00:00+00:00,19.786444,8.466667,0.21554168,Manitoba
2018-07-05 00:00:00+00:00,17.494081,0.0,0.23365279,Manitoba
2018-07-06 00:00:00+00:00,20.585058,0.0,0.22347222,Manitoba
2018-07-07 00:00:00+00:00,26.656584,0.0,0.21602778,Manitoba
2018-07-08 00:00:00+00:00,22.890612,0.0,0.21040277,Manitoba
2018-07-09 00:00:00+00:00,20.128807,0.0,0.20466666,Manitoba
2018-07-10 00:00:00+00:00,23.024641,3.2666667,0.19686113,Manitoba
2018-07-11 00:00:00+00:00,23.794085,6.366667,0.19612499,Manitoba
2018-07-12 00:00:00+00:00,22.998945,0.0,0.19604166,Manitoba
2018-07-13 00:00:00+00:00,22.607973,0.033333335,0.18640278,Manitoba
2018-07-14 00:00:00+00:00,25.664917,1.5999999,0.17859721,Manitoba
2018-07-15 00:00:00+00:00,19.038528,0.33333334,0.17590278,Manitoba
2018-07-16 00:00:00+00:00,17.39825,0.0,0.17033334,Manitoba
2018-07-17 00:00:00+00:00,17.288527,0.0,0.17045833,Manitoba
2018-07-18 00:00:00+00:00,21.821167,0.1,0.16369446,Manitoba
2018-07-19 00:00:00+00:00,22.161446,11.533333,0.15852778,Manitoba
2018-07-20 00:00:00+00:00,19.372557,1.0333333,0.16016667,Manitoba
2018-07-21 00:00:00+00:00,19.52603,0.0,0.16106945,Manitoba
2018-07-22 00:00:00+00:00,20.771864,6.4,0.16440278,Manitoba
2018-07-23 00:00:00+00:00,18.325333,0.0,0.16723613,Manitoba
2018-07-24 00:00:00+00:00,17.64061,0.0,0.16675,Manitoba
2018-07-25 00:00:00+00:00,15.932278,0.6000001,0.16990274,Manitoba
2018-07-26 00:00:00+00:00,16.003805,0.13333334,0.17027779,Manitoba
2018-07-27 00:00:00+00:00,17.191305,1.9666667,0.16740279,Manitoba
2018-07-28 00:00:00+00:00,17.97186,1.0333334,0.16397221,Manitoba
2018-07-29 00:00:00+00:00,19.513527,0.1,0.15394442,Manitoba
2018-07-30 00:00:00+00:00,21.429502,0.0,0.14788888,Manitoba
2018-07-31 00:00:00+00:00,20.859362,0.23333333,0.14355554,Manitoba
2018-08-01 00:00:00+00:00,14.834362,0.0,0.14922221,Manitoba
2018-08-02 00:00:00+00:00,16.313528,0.96666664,0.15059723,Manitoba
2018-08-03 00:00:00+00:00,22.75589,0.0,0.15295835,Manitoba
2018-08-04 00:00:00+00:00,21.821861,0.8333333,0.14777778,Manitoba
2018-08-05 00:00:00+00:00,19.85311,0.90000004,0.14519444,Manitoba
2018-08-06 00:00:00+00:00,18.2295,0.56666666,0.14508332,Manitoba
2018-08-07 00:00:00+00:00,22.332277,0.033333335,0.14423609,Manitoba
2018-08-08 00:00:00+00:00,22.926722,0.0,0.13627778,Manitoba
2018-08-09 00:00:00+00:00,22.09339,0.0,0.13179167,Manitoba
2018-08-10 00:00:00+00:00,23.75936,0.0,0.12862502,Manitoba
2018-08-11 00:00:00+00:00,26.790611,0.0,0.13118057,Manitoba
2018-08-12 00:00:00+00:00,28.062836,0.0,0.12812501,Manitoba
2018-08-13 00:00:00+00:00,22.49061,0.16666667,0.13081944,Manitoba
2018-08-14 00:00:00+00:00,15.246166,0.0,0.13906945,Manitoba
2018-08-15 00:00:00+00:00,20.56839,0.0,0.1388889,Manitoba
2018-08-16 00:00:00+00:00,22.508667,0.0,0.13202778,Manitoba
2018-08-17 00:00:00+00:00,20.981585,0.06666667,0.13940279,Manitoba
2018-08-18 00:00:00+00:00,25.005196,0.26666668,0.14031944,Manitoba
2018-08-19 00:00:00+00:00,19.74964,0.4,0.13675,Manitoba
2018-08-20 00:00:00+00:00,15.945473,0.033333335,0.13352779,Manitoba
2018-08-21 00:00:00+00:00,16.188528,0.0,0.12904167,Manitoba
2018-08-22 00:00:00+00:00,19.397554,0.0,0.12406945,Manitoba
2018-08-23 00:00:00+00:00,21.819778,0.06666667,0.11473612,Manitoba
2018-08-24 00:00:00+00:00,20.046862,0.033333335,0.11277779,Manitoba
2018-08-25 00:00:00+00:00,18.654501,1.9000001,0.11961112,Manitoba
2018-08-26 00:00:00+00:00,14.345473,0.8333333,0.12729166,Manitoba
2018-08-27 00:00:00+00:00,12.714917,5.7333336,0.12963888,Manitoba
2018-08-28 00:00:00+00:00,13.21075,3.8666666,0.1351528,Manitoba
2018-08-29 00:00:00+00:00,13.911445,0.33333334,0.13997222,Manitoba
2018-08-30 00:00:00+00:00,20.30589,0.0,0.13369446,Manitoba
2018-08-31 00:00:00+00:00,18.337137,0.16666667,0.12451389,Manitoba
2018-09-01 00:00:00+00:00,16.21214,0.1,0.12097222,Manitoba
2018-09-02 00:00:00+00:00,16.785055,0.0,0.11711111,Manitoba
2018-09-03 00:00:00+00:00,17.560751,0.0,0.113541685,Manitoba
2018-09-04 00:00:00+00:00,16.963528,6.7000003,0.10881945,Manitoba
2018-09-05 00:00:00+00:00,11.590611,0.0,0.109777786,Manitoba
2018-09-06 00:00:00+00:00,13.074637,0.0,0.1058611,Manitoba
2018-09-07 00:00:00+00:00,14.796166,0.1,0.101847224,Manitoba
2018-09-08 00:00:00+00:00,18.555891,0.16666667,0.100666665,Manitoba
2018-09-09 00:00:00+00:00,19.932278,1.3333334,0.108805545,Manitoba
2018-09-10 00:00:00+00:00,16.289917,0.0,0.114958346,Manitoba
2018-09-11 00:00:00+00:00,18.481585,0.53333336,0.112791665,Manitoba
2018-09-12 00:00:00+00:00,11.821166,1.6,0.11620834,Manitoba
2018-09-13 00:00:00+00:00,12.9295,11.466667,0.14163889,Manitoba
2018-09-14 00:00:00+00:00,11.952416,0.8333333,0.16087501,Manitoba
2018-09-15 00:00:00+00:00,12.089915,4.0,0.16702779,Manitoba
2018-09-16 00:00:00+00:00,12.68575,8.433333,0.17334723,Manitoba
2018-09-17 00:00:00+00:00,8.3045,0.13333334,0.21020834,Manitoba
2018-09-18 00:00:00+00:00,9.137139,0.23333335,0.21152778,Manitoba
2018-09-19 00:00:00+00:00,8.485751,0.033333335,0.21076387,Manitoba
2018-09-20 00:00:00+00:00,6.9454722,4.4,0.20815279,Manitoba
2018-09-21 00:00:00+00:00,6.746861,6.4333344,0.22802778,Manitoba
2018-09-22 00:00:00+00:00,5.214916,8.900001,0.24034722,Manitoba
2018-09-23 00:00:00+00:00,2.5663054,3.1666667,0.2518611,Manitoba
2018-09-24 00:00:00+00:00,5.52325,6.7666664,0.27920833,Manitoba
2018-09-25 00:00:00+00:00,6.5413055,1.5666666,0.28162503,Manitoba
2018-09-26 00:00:00+00:00,6.4961667,2.1000001,0.27676386,Manitoba
2018-09-27 00:00:00+00:00,6.883667,1.0,0.27319443,Manitoba
2018-09-28 00:00:00+00:00,1.963528,0.5,0.2693611,Manitoba
2018-09-29 00:00:00+00:00,1.971861,0.0,0.2676389,Manitoba
2018-09-30 00:00:00+00:00,1.3406111,0.26666668,0.26336113,Manitoba
2018-10-01 00:00:00+00:00,1.5204722,1.5333333,0.25805554,Manitoba
2018-10-02 00:00:00+00:00,5.605889,4.1333337,0.25658333,Manitoba
2018-10-03 00:00:00+00:00,1.1725557,14.3,0.26708332,Manitoba
2018-10-04 00:00:00+00:00,-1.436472,0.0,0.27205554,Manitoba
2018-10-05 00:00:00+00:00,1.1788055,6.6666665,0.27145833,Manitoba
2018-10-06 00:00:00+00:00,0.76352787,0.033333335,0.27437496,Manitoba
2018-10-07 00:00:00+00:00,0.3753334,0.0,0.27184725,Manitoba
2018-10-08 00:00:00+00:00,1.855889,0.1,0.27086106,Manitoba
2018-10-09 00:00:00+00:00,2.1482499,0.0,0.26855555,Manitoba
2018-10-10 00:00:00+00:00,-0.23230553,0.0,0.26737502,Manitoba
2018-10-11 00:00:00+00:00,-1.2718889,0.0,0.26334718,Manitoba
2018-10-12 00:00:00+00:00,-1.3607775,0.1,0.2608472,Manitoba
2018-10-13 00:00:00+00:00,1.3329722,3.5999997,0.26322222,Manitoba
2018-10-14 00:00:00+00:00,-1.7198056,3.0,0.26586112,Manitoba
2018-10-15 00:00:00+00:00,-0.93508345,0.56666666,0.26384723,Manitoba
2018-10-16 00:00:00+00:00,2.5357502,0.0,0.26309723,Manitoba
2018-10-17 00:00:00+00:00,1.409361,0.0,0.2627917,Manitoba
2018-10-18 00:00:00+00:00,9.169083,0.0,0.2609028,Manitoba
2018-10-19 00:00:00+00:00,8.7260275,0.43333337,0.25452784,Manitoba
2018-10-20 00:00:00+00:00,0.055888813,0.26666668,0.25261107,Manitoba
2018-10-21 00:00:00+00:00,3.8260276,0.0,0.2505,Manitoba
2018-10-22 00:00:00+00:00,4.432278,0.0,0.24391668,Manitoba
2018-10-23 00:00:00+00:00,-0.35730556,0.0,0.23974998,Manitoba
2018-10-24 00:00:00+00:00,3.4607499,0.0,0.23894446,Manitoba
2018-10-25 00:00:00+00:00,5.1885276,0.033333335,0.23720837,Manitoba
2018-10-26 00:00:00+00:00,6.026722,2.3999999,0.2395417,Manitoba
2018-10-27 00:00:00+00:00,3.012139,2.5,0.24756944,Manitoba
2018-10-28 00:00:00+00:00,4.9197774,0.0,0.25413892,Manitoba
2018-10-29 00:00:00+00:00,3.8892224,2.6333332,0.2560139,Manitoba
2018-10-30 00:00:00+00:00,3.2850559,1.9999999,0.26866665,Manitoba
2018-10-31 00:00:00+00:00,1.8989444,0.0,0.2718611,Manitoba
2018-11-01 00:00:00+00:00,0.51838887,2.5666666,0.2718611,Manitoba
2018-11-02 00:00:00+00:00,0.29547226,2.1333334,0.272625,Manitoba
2018-11-03 00:00:00+00:00,-0.6955001,1.1666667,0.27405557,Manitoba
2018-11-04 00:00:00+00:00,1.1704723,0.0,0.27191666,Manitoba
2018-11-05 00:00:00+00:00,1.4815835,3.0333335,0.27034724,Manitoba
2018-11-06 00:00:00+00:00,-2.3489723,5.1,0.27134725,Manitoba
2018-11-07 00:00:00+00:00,-7.521889,0.73333335,0.2699583,Manitoba
2018-11-08 00:00:00+00:00,-8.980223,0.23333335,0.26847216,Manitoba
2018-11-09 00:00:00+00:00,-11.337167,0.26666668,0.2663333,Manitoba
2018-11-10 00:00:00+00:00,-8.931612,2.6666667,0.26372227,Manitoba
2018-11-11 00:00:00+00:00,-7.955223,0.6,0.2625,Manitoba
2018-11-12 00:00:00+00:00,-11.109389,0.0,0.26284716,Manitoba
2018-11-13 00:00:00+00:00,-10.333,0.13333334,0.25997224,Manitoba
2018-11-14 00:00:00+00:00,-2.4059165,0.2,0.25702778,Manitoba
2018-11-15 00:00:00+00:00,-1.050361,0.2,0.25561115,Manitoba
2018-11-16 00:00:00+00:00,-6.490639,1.7666664,0.25412497,Manitoba
2018-11-17 00:00:00+00:00,-12.689251,0.0,0.24863882,Manitoba
2018-11-18 00:00:00+00:00,-9.393416,0.16666667,0.24691664,Manitoba
2018-11-19 00:00:00+00:00,-13.498973,0.13333334,0.24580555,Manitoba
2018-11-20 00:00:00+00:00,-6.6205,1.6,0.24472225,Manitoba
2018-11-21 00:00:00+00:00,-9.310084,0.56666666,0.24344444,Manitoba
2018-11-22 00:00:00+00:00,-4.0343885,0.0,0.24266668,Manitoba
2018-11-23 00:00:00+00:00,-1.0961943,0.26666668,0.24209724,Manitoba
2018-11-24 00:00:00+00:00,-3.7295282,0.0,0.2418611,Manitoba
2018-11-25 00:00:00+00:00,-9.830222,0.0,0.23816665,Manitoba
2018-11-26 00:00:00+00:00,-13.9198065,0.0,0.23650004,Manitoba
2018-11-27 00:00:00+00:00,-14.139946,0.6666667,0.23600005,Manitoba
2018-11-28 00:00:00+00:00,-7.7677217,9.000001,0.23466666,Manitoba
2018-11-29 00:00:00+00:00,-6.60175,0.33333334,0.23466666,Manitoba
2018-11-30 00:00:00+00:00,-3.9614723,0.0,0.23466666,Manitoba
2018-12-01 00:00:00+00:00,-3.9253614,0.0,0.23483332,Manitoba
2018-12-02 00:00:00+00:00,-7.4503613,0.0,0.23397225,Manitoba
2018-12-03 00:00:00+00:00,-6.0288334,0.0,0.2337778,Manitoba
2018-12-04 00:00:00+00:00,-5.5253606,0.0,0.23516673,Manitoba
2018-12-05 00:00:00+00:00,-9.439944,1.0333334,0.23450007,Manitoba
2018-12-06 00:00:00+00:00,-16.80314,0.033333335,0.23416664,Manitoba
2018-12-07 00:00:00+00:00,-12.835778,0.0,0.23387496,Manitoba
2018-12-08 00:00:00+00:00,-11.171889,0.0,0.23349996,Manitoba
2018-12-09 00:00:00+00:00,-11.394806,0.0,0.23283328,Manitoba
2018-12-10 00:00:00+00:00,-8.155917,0.0,0.23266661,Manitoba
2018-12-11 00:00:00+00:00,-5.172583,0.0,0.23199998,Manitoba
2018-12-12 00:00:00+00:00,-4.5760555,0.29999998,0.23266666,Manitoba
2018-12-13 00:00:00+00:00,-1.6086946,0.1,0.23233336,Manitoba
2018-12-14 00:00:00+00:00,-0.925361,0.0,0.23206949,Manitoba
2018-12-15 00:00:00+00:00,0.18575008,0.2,0.2316667,Manitoba
2018-12-16 00:00:00+00:00,-1.9607779,0.3,0.23238891,Manitoba
2018-12-17 00:00:00+00:00,-8.854527,0.0,0.23286115,Manitoba
2018-12-18 00:00:00+00:00,-1.7843887,0.0,0.23319446,Manitoba
2018-12-19 00:00:00+00:00,0.87325,4.8333335,0.23356949,Manitoba
2018-12-20 00:00:00+00:00,-4.8461947,0.06666667,0.23501392,Manitoba
2018-12-21 00:00:00+00:00,-4.9899445,0.96666664,0.237,Manitoba
2018-12-22 00:00:00+00:00,-3.7017498,3.133333,0.2389583,Manitoba
2018-12-23 00:00:00+00:00,-10.696195,0.23333335,0.23899996,Manitoba
2018-12-24 00:00:00+00:00,-12.773277,0.30000004,0.23916662,Manitoba
2018-12-25 00:00:00+00:00,-13.841334,0.1,0.23962496,Manitoba
2018-12-26 00:00:00+00:00,-16.141333,0.53333336,0.23950003,Manitoba
2018-12-27 00:00:00+00:00,-14.040639,3.0333335,0.23923607,Manitoba
2018-12-28 00:00:00+00:00,-20.639944,0.0,0.23937495,Manitoba
2018-12-29 00:00:00+00:00,-14.146194,0.06666667,0.23966664,Manitoba
2018-12-30 00:00:00+00:00,-11.723278,0.80000013,0.23938887,Manitoba
2018-12-31 00:00:00+00:00,-21.685083,0.033333335,0.23899996,Manitoba
2019-01-01 00:00:00+00:00,-23.756609,0.0,0.23820834,Manitoba
2019-01-02 00:00:00+00:00,-6.630915,1.3333334,0.23799999,Manitoba
2019-01-03 00:00:00+00:00,0.65172225,0.06666667,0.23799999,Manitoba
2019-01-04 00:00:00+00:00,-3.694111,0.0,0.23775001,Manitoba
2019-01-05 00:00:00+00:00,-4.2170277,0.0,0.23766668,Manitoba
2019-01-06 00:00:00+00:00,-7.7107778,2.6666667,0.24025004,Manitoba
2019-01-07 00:00:00+00:00,-2.0107777,2.0333335,0.24127781,Manitoba
2019-01-08 00:00:00+00:00,-11.3156395,0.70000005,0.24133337,Manitoba
2019-01-09 00:00:00+00:00,-19.407305,0.0,0.24150002,Manitoba
2019-01-10 00:00:00+00:00,-14.214946,0.1,0.24112503,Manitoba
2019-01-11 00:00:00+00:00,-13.335777,0.0,0.2410556,Manitoba
2019-01-12 00:00:00+00:00,-14.676056,0.0,0.24086113,Manitoba
2019-01-13 00:00:00+00:00,-9.842029,0.033333335,0.23988895,Manitoba
2019-01-14 00:00:00+00:00,-8.450361,0.0,0.23966672,Manitoba
2019-01-15 00:00:00+00:00,-7.2364726,0.06666667,0.23926389,Manitoba
2019-01-16 00:00:00+00:00,-21.999666,0.0,0.23933339,Manitoba
2019-01-17 00:00:00+00:00,-19.502443,0.1,0.2383889,Manitoba
2019-01-18 00:00:00+00:00,-24.742027,0.0,0.23816669,Manitoba
2019-01-19 00:00:00+00:00,-25.805222,0.0,0.23833334,Manitoba
2019-01-20 00:00:00+00:00,-23.832306,0.6000001,0.2381528,Manitoba
2019-01-21 00:00:00+00:00,-16.053139,0.13333334,0.23786114,Manitoba
2019-01-22 00:00:00+00:00,-12.675361,0.0,0.23766668,Manitoba
2019-01-23 00:00:00+00:00,-10.014945,0.33333334,0.23772223,Manitoba
2019-01-24 00:00:00+00:00,-21.07675,0.06666667,0.23783337,Manitoba
2019-01-25 00:00:00+00:00,-26.249666,0.0,0.23759718,Manitoba
2019-01-26 00:00:00+00:00,-21.188555,0.23333333,0.23716663,Manitoba
2019-01-27 00:00:00+00:00,-19.738556,9.133334,0.23699997,Manitoba
2019-01-28 00:00:00+00:00,-16.178139,0.7666667,0.23699997,Manitoba
2019-01-29 00:00:00+00:00,-26.402443,0.06666667,0.23733331,Manitoba
2019-01-30 00:00:00+00:00,-35.7455,0.0,0.23733331,Manitoba
2019-01-31 00:00:00+00:00,-27.317724,0.70000005,0.23733331,Manitoba
2019-02-01 00:00:00+00:00,-14.318417,0.4,0.23733331,Manitoba
2019-02-02 00:00:00+00:00,-17.230223,1.6666666,0.23733331,Manitoba
2019-02-03 00:00:00+00:00,-21.724665,2.0,0.23733331,Manitoba
2019-02-04 00:00:00+00:00,-23.458,6.133333,0.23733331,Manitoba
2019-02-05 00:00:00+00:00,-24.730917,0.96666676,0.23716666,Manitoba
2019-02-06 00:00:00+00:00,-22.318419,2.8333333,0.23699997,Manitoba
2019-02-07 00:00:00+00:00,-25.835083,0.0,0.23699997,Manitoba
2019-02-08 00:00:00+00:00,-30.468416,0.0,0.23699997,Manitoba
2019-02-09 00:00:00+00:00,-28.737167,0.0,0.23699997,Manitoba
2019-02-10 00:00:00+00:00,-28.152445,0.0,0.23799999,Manitoba
2019-02-11 00:00:00+00:00,-21.283695,0.9333334,0.23949997,Manitoba
2019-02-12 00:00:00+00:00,-16.144112,3.0999997,0.23933332,Manitoba
2019-02-13 00:00:00+00:00,-19.42953,1.5,0.23933332,Manitoba
2019-02-14 00:00:00+00:00,-20.917723,0.26666668,0.23933332,Manitoba
2019-02-15 00:00:00+00:00,-25.476053,0.0,0.23933332,Manitoba
2019-02-16 00:00:00+00:00,-21.473276,0.0,0.23933332,Manitoba
2019-02-17 00:00:00+00:00,-18.758001,0.0,0.23949997,Manitoba
2019-02-18 00:00:00+00:00,-20.307306,0.0,0.23966663,Manitoba
2019-02-19 00:00:00+00:00,-19.914944,0.0,0.23966663,Manitoba
2019-02-20 00:00:00+00:00,-16.76911,0.033333335,0.23966663,Manitoba
2019-02-21 00:00:00+00:00,-14.407306,0.23333335,0.23966663,Manitoba
2019-02-22 00:00:00+00:00,-18.014944,0.06666667,0.23983331,Manitoba
2019-02-23 00:00:00+00:00,-16.68786,0.1,0.23983331,Manitoba
2019-02-24 00:00:00+00:00,-17.337168,0.9333334,0.24150002,Manitoba
2019-02-25 00:00:00+00:00,-26.178833,0.0,0.24133329,Manitoba
2019-02-26 00:00:00+00:00,-23.299667,0.2,0.24133329,Manitoba
2019-02-27 00:00:00+00:00,-17.908693,0.033333335,0.24133329,Manitoba
2019-02-28 00:00:00+00:00,-11.458694,0.033333335,0.24149998,Manitoba
2019-03-01 00:00:00+00:00,-19.212166,0.033333335,0.24099998,Manitoba
2019-03-02 00:00:00+00:00,-21.133694,0.06666667,0.24083328,Manitoba
2019-03-03 00:00:00+00:00,-22.240639,0.033333335,0.24066663,Manitoba
2019-03-04 00:00:00+00:00,-15.753831,0.26666668,0.2403333,Manitoba
2019-03-05 00:00:00+00:00,-13.8052225,0.1,0.24033327,Manitoba
2019-03-06 00:00:00+00:00,-14.118417,0.06666667,0.24049993,Manitoba
2019-03-07 00:00:00+00:00,-18.974667,0.0,0.23949997,Manitoba
2019-03-08 00:00:00+00:00,-10.890639,0.0,0.23866661,Manitoba
2019-03-09 00:00:00+00:00,-7.4427223,0.16666667,0.23833328,Manitoba
2019-03-10 00:00:00+00:00,-11.097585,0.0,0.23849994,Manitoba
2019-03-11 00:00:00+00:00,-12.145499,0.0,0.23883335,Manitoba
2019-03-12 00:00:00+00:00,-3.3052223,0.0,0.23900001,Manitoba
2019-03-13 00:00:00+00:00,-1.6177224,0.0,0.23900001,Manitoba
2019-03-14 00:00:00+00:00,-0.34619448,0.30000004,0.23900001,Manitoba
2019-03-15 00:00:00+00:00,-4.076055,0.23333335,0.23900001,Manitoba
2019-03-16 00:00:00+00:00,-6.8816113,0.0,0.23866665,Manitoba
2019-03-17 00:00:00+00:00,-2.51425,0.033333335,0.23533337,Manitoba
2019-03-18 00:00:00+00:00,-1.6406387,0.8333333,0.23500001,Manitoba
2019-03-19 00:00:00+00:00,-1.0288334,0.0,0.23466666,Manitoba
2019-03-20 00:00:00+00:00,1.5808887,0.0,0.23500001,Manitoba
2019-03-21 00:00:00+00:00,1.9322777,0.0,0.23577778,Manitoba
2019-03-22 00:00:00+00:00,-2.807305,0.0,0.24750002,Manitoba
2019-03-23 00:00:00+00:00,-0.29480562,0.0,0.27072224,Manitoba
2019-03-24 00:00:00+00:00,-3.6350834,0.0,0.29970837,Manitoba
2019-03-25 00:00:00+00:00,-7.3066106,0.0,0.3038889,Manitoba
2019-03-26 00:00:00+00:00,0.96977776,0.13333334,0.3072917,Manitoba
2019-03-27 00:00:00+00:00,4.180889,0.4333333,0.3229028,Manitoba
2019-03-28 00:00:00+00:00,0.893389,0.033333335,0.33025,Manitoba
2019-03-29 00:00:00+00:00,0.21977776,0.7666667,0.32806954,Manitoba
2019-03-30 00:00:00+00:00,-2.390639,0.0,0.3227223,Manitoba
2019-03-31 00:00:00+00:00,0.3774167,0.53333336,0.31756946,Manitoba
2019-04-01 00:00:00+00:00,0.7864444,0.033333335,0.31484723,Manitoba
2019-04-02 00:00:00+00:00,0.7211667,0.53333336,0.31216666,Manitoba
2019-04-03 00:00:00+00:00,-2.1413333,0.0,0.30795833,Manitoba
2019-04-04 00:00:00+00:00,2.546861,1.9,0.30518058,Manitoba
2019-04-05 00:00:00+00:00,2.6732502,0.0,0.30952778,Manitoba
2019-04-06 00:00:00+00:00,0.31213883,2.7666667,0.30391663,Manitoba
2019-04-07 00:00:00+00:00,5.295472,2.3666666,0.31550002,Manitoba
2019-04-08 00:00:00+00:00,5.4399166,1.2333332,0.32034722,Manitoba
2019-04-09 00:00:00+00:00,-1.0649444,0.2,0.3161528,Manitoba
2019-04-10 00:00:00+00:00,-3.2517502,0.0,0.30988893,Manitoba
2019-04-11 00:00:00+00:00,-0.6830001,0.0,0.30511108,Manitoba
2019-04-12 00:00:00+00:00,1.0225556,0.1,0.30170837,Manitoba
2019-04-13 00:00:00+00:00,2.270472,0.0,0.29816663,Manitoba
2019-04-14 00:00:00+00:00,3.918389,0.23333335,0.296125,Manitoba
2019-04-15 00:00:00+00:00,5.644083,1.1333333,0.2950556,Manitoba
2019-04-16 00:00:00+00:00,6.1385274,0.0,0.29483333,Manitoba
2019-04-17 00:00:00+00:00,6.4183884,2.4000003,0.29031947,Manitoba
2019-04-18 00:00:00+00:00,6.330194,3.366666,0.2976528,Manitoba
2019-04-19 00:00:00+00:00,9.057972,0.0,0.29676387,Manitoba
2019-04-20 00:00:00+00:00,11.796166,0.36666667,0.28849998,Manitoba
2019-04-21 00:00:00+00:00,9.472555,0.06666667,0.28104168,Manitoba
2019-04-22 00:00:00+00:00,7.998944,0.0,0.2714167,Manitoba
2019-04-23 00:00:00+00:00,10.203805,0.23333333,0.26334727,Manitoba
2019-04-24 00:00:00+00:00,12.332973,0.6666667,0.25501385,Manitoba
2019-04-25 00:00:00+00:00,8.062139,0.4333333,0.24637501,Manitoba
2019-04-26 00:00:00+00:00,5.069778,0.26666668,0.2425139,Manitoba
2019-04-27 00:00:00+00:00,4.901722,1.1999999,0.23590279,Manitoba
2019-04-28 00:00:00+00:00,2.7225554,2.6000001,0.23255552,Manitoba
2019-04-29 00:00:00+00:00,1.5600556,4.933334,0.23338886,Manitoba
2019-04-30 00:00:00+00:00,1.8357501,0.033333335,0.23374997,Manitoba
2019-05-01 00:00:00+00:00,3.3440835,0.16666667,0.23334725,Manitoba
2019-05-02 00:00:00+00:00,5.2267222,0.0,0.2310694,Manitoba
2019-05-03 00:00:00+00:00,8.110749,0.9666667,0.22479165,Manitoba
2019-05-04 00:00:00+00:00,6.749639,1.4666667,0.22023614,Manitoba
2019-05-05 00:00:00+00:00,2.737833,0.0,0.21856947,Manitoba
2019-05-06 00:00:00+00:00,1.2496389,0.0,0.21655555,Manitoba
2019-05-07 00:00:00+00:00,4.7267222,0.0,0.2124861,Manitoba
2019-05-08 00:00:00+00:00,7.421861,0.13333334,0.20126389,Manitoba
2019-05-09 00:00:00+00:00,4.4065833,0.0,0.19665277,Manitoba
2019-05-10 00:00:00+00:00,7.1100554,0.13333334,0.19155557,Manitoba
2019-05-11 00:00:00+00:00,10.628112,3.1333334,0.18245836,Manitoba
2019-05-12 00:00:00+00:00,10.082278,0.033333335,0.17668056,Manitoba
2019-05-13 00:00:00+00:00,14.7156105,0.06666667,0.16858333,Manitoba
2019-05-14 00:00:00+00:00,14.835055,0.033333335,0.15333335,Manitoba
2019-05-15 00:00:00+00:00,12.985749,2.5333335,0.14615281,Manitoba
2019-05-16 00:00:00+00:00,9.561444,0.7,0.14769444,Manitoba
2019-05-17 00:00:00+00:00,7.6385283,0.0,0.14755553,Manitoba
2019-05-18 00:00:00+00:00,7.0197773,0.0,0.14443056,Manitoba
2019-05-19 00:00:00+00:00,7.7482495,0.0,0.14180557,Manitoba
2019-05-20 00:00:00+00:00,10.144778,0.0,0.13997224,Manitoba
2019-05-21 00:00:00+00:00,12.939916,0.0,0.13341665,Manitoba
2019-05-22 00:00:00+00:00,13.87811,0.2,0.12701388,Manitoba
2019-05-23 00:00:00+00:00,12.439223,0.4,0.12311112,Manitoba
2019-05-24 00:00:00+00:00,11.45589,8.1,0.120611094,Manitoba
2019-05-25 00:00:00+00:00,10.941304,0.9333334,0.12395837,Manitoba
2019-05-26 00:00:00+00:00,8.1531105,6.9666667,0.13059722,Manitoba
2019-05-27 00:00:00+00:00,7.9204726,0.0,0.14416666,Manitoba
2019-05-28 00:00:00+00:00,13.547555,0.0,0.14401391,Manitoba
2019-05-29 00:00:00+00:00,18.825333,0.0,0.13236111,Manitoba
2019-05-30 00:00:00+00:00,22.094778,0.0,0.123722225,Manitoba
2019-05-31 00:00:00+00:00,15.104501,0.0,0.11569444,Manitoba
2019-06-01 00:00:00+00:00,13.406583,0.0,0.11677778,Manitoba
2019-06-02 00:00:00+00:00,13.353806,0.26666668,0.11556944,Manitoba
2019-06-03 00:00:00+00:00,20.35589,0.06666667,0.113597214,Manitoba
2019-06-04 00:00:00+00:00,21.635752,0.033333335,0.11425001,Manitoba
2019-06-05 00:00:00+00:00,18.171167,0.6,0.118875004,Manitoba
2019-06-06 00:00:00+00:00,18.500334,0.13333334,0.119347215,Manitoba
2019-06-07 00:00:00+00:00,24.625334,0.2,0.1157639,Manitoba
2019-06-08 00:00:00+00:00,17.832277,2.2,0.11415279,Manitoba
2019-06-09 00:00:00+00:00,13.399638,0.3,0.12593056,Manitoba
2019-06-10 00:00:00+00:00,13.450333,0.26666668,0.126625,Manitoba
2019-06-11 00:00:00+00:00,15.087139,0.4666667,0.12265277,Manitoba
2019-06-12 00:00:00+00:00,14.369082,0.13333334,0.12316666,Manitoba
2019-06-13 00:00:00+00:00,17.606583,0.4666667,0.11676389,Manitoba
2019-06-14 00:00:00+00:00,20.97325,0.5,0.10747223,Manitoba
2019-06-15 00:00:00+00:00,14.780889,15.433333,0.11349999,Manitoba
2019-06-16 00:00:00+00:00,11.271861,8.266665,0.14855556,Manitoba
2019-06-17 00:00:00+00:00,13.334361,1.3666668,0.17118056,Manitoba
2019-06-18 00:00:00+00:00,15.132973,0.16666667,0.17375,Manitoba
2019-06-19 00:00:00+00:00,16.368387,0.36666667,0.16722222,Manitoba
2019-06-20 00:00:00+00:00,15.653111,10.033333,0.16270833,Manitoba
2019-06-21 00:00:00+00:00,16.08575,1.6333332,0.16372223,Manitoba
2019-06-22 00:00:00+00:00,16.030193,20.300001,0.20781946,Manitoba
2019-06-23 00:00:00+00:00,17.001028,0.7666667,0.22348611,Manitoba
2019-06-24 00:00:00+00:00,17.086443,3.1333332,0.21611112,Manitoba
2019-06-25 00:00:00+00:00,17.781584,1.5,0.20683335,Manitoba
2019-06-26 00:00:00+00:00,18.048944,0.033333335,0.1971389,Manitoba
2019-06-27 00:00:00+00:00,19.662138,0.033333335,0.18594445,Manitoba
2019-06-28 00:00:00+00:00,21.572556,0.033333335,0.1779861,Manitoba
2019-06-29 00:00:00+00:00,22.382973,5.3666663,0.17183332,Manitoba
2019-06-30 00:00:00+00:00,21.486444,0.73333335,0.17243056,Manitoba
2019-07-01 00:00:00+00:00,20.247557,0.0,0.16541666,Manitoba
2019-07-02 00:00:00+00:00,19.992697,1.6999999,0.15608333,Manitoba
2019-07-03 00:00:00+00:00,17.133667,0.0,0.15508331,Manitoba
2019-07-04 00:00:00+00:00,17.738525,0.16666667,0.15845832,Manitoba
2019-07-05 00:00:00+00:00,18.460056,0.0,0.15556943,Manitoba
2019-07-06 00:00:00+00:00,18.035751,0.13333334,0.15427776,Manitoba
2019-07-07 00:00:00+00:00,20.94061,0.2,0.15380555,Manitoba
2019-07-08 00:00:00+00:00,23.681585,2.1333334,0.16108333,Manitoba
2019-07-09 00:00:00+00:00,20.801722,17.433332,0.17479165,Manitoba
2019-07-10 00:00:00+00:00,19.34686,19.133333,0.2852778,Manitoba
2019-07-11 00:00:00+00:00,21.189222,1.2666667,0.27191666,Manitoba
2019-07-12 00:00:00+00:00,20.621862,1.6999998,0.25684723,Manitoba
2019-07-13 00:00:00+00:00,20.437834,0.0,0.2453611,Manitoba
2019-07-14 00:00:00+00:00,24.363525,3.8,0.23865277,Manitoba
2019-07-15 00:00:00+00:00,23.478113,2.0333333,0.23255555,Manitoba
2019-07-16 00:00:00+00:00,20.061443,0.29999998,0.22486115,Manitoba
2019-07-17 00:00:00+00:00,20.471167,5.7999997,0.22074997,Manitoba
2019-07-18 00:00:00+00:00,20.450335,0.7666667,0.21993054,Manitoba
2019-07-19 00:00:00+00:00,19.717695,0.0,0.21136111,Manitoba
2019-07-20 00:00:00+00:00,17.047556,0.8333333,0.20729168,Manitoba
2019-07-21 00:00:00+00:00,16.911444,1.3333334,0.20341665,Manitoba
2019-07-22 00:00:00+00:00,18.419083,0.0,0.19624998,Manitoba
2019-07-23 00:00:00+00:00,19.728111,0.0,0.19065277,Manitoba
2019-07-24 00:00:00+00:00,22.49478,0.06666667,0.18679166,Manitoba
2019-07-25 00:00:00+00:00,22.676027,2.2333333,0.191,Manitoba
2019-07-26 00:00:00+00:00,19.49686,1.8666667,0.19597222,Manitoba
2019-07-27 00:00:00+00:00,20.768389,0.0,0.19795835,Manitoba
2019-07-28 00:00:00+00:00,22.5795,0.5,0.18856944,Manitoba
2019-07-29 00:00:00+00:00,16.774637,0.033333335,0.1877361,Manitoba
2019-07-30 00:00:00+00:00,16.430195,0.0,0.18498611,Manitoba
2019-07-31 00:00:00+00:00,20.618387,0.8333333,0.18137501,Manitoba
2019-08-01 00:00:00+00:00,22.171862,0.29999998,0.17498612,Manitoba
2019-08-02 00:00:00+00:00,23.319082,0.3,0.17140277,Manitoba
2019-08-03 00:00:00+00:00,24.492693,0.0,0.16301389,Manitoba
2019-08-04 00:00:00+00:00,23.467695,0.56666666,0.16358335,Manitoba
2019-08-05 00:00:00+00:00,20.45936,0.0,0.16302778,Manitoba
2019-08-06 00:00:00+00:00,20.773943,0.26666668,0.16269444,Manitoba
2019-08-07 00:00:00+00:00,17.38714,0.6666667,0.15941668,Manitoba
2019-08-08 00:00:00+00:00,15.742695,0.0,0.16573612,Manitoba
2019-08-09 00:00:00+00:00,17.78714,0.0,0.16425,Manitoba
2019-08-10 00:00:00+00:00,18.901028,6.8333335,0.1565,Manitoba
2019-08-11 00:00:00+00:00,16.316305,0.6666667,0.16805555,Manitoba
2019-08-12 00:00:00+00:00,16.017,10.033334,0.16919442,Manitoba
2019-08-13 00:00:00+00:00,15.330888,6.1666665,0.20118053,Manitoba
2019-08-14 00:00:00+00:00,16.527418,0.9333334,0.20872222,Manitoba
2019-08-15 00:00:00+00:00,18.05311,0.70000005,0.20604165,Manitoba
2019-08-16 00:00:00+00:00,19.087137,0.2,0.20118056,Manitoba
2019-08-17 00:00:00+00:00,17.77186,0.13333334,0.19254167,Manitoba
2019-08-18 00:00:00+00:00,14.864223,0.033333335,0.19479167,Manitoba
2019-08-19 00:00:00+00:00,16.821167,0.0,0.18954165,Manitoba
2019-08-20 00:00:00+00:00,17.010054,0.7,0.17951389,Manitoba
2019-08-21 00:00:00+00:00,15.157973,0.0,0.17554164,Manitoba
2019-08-22 00:00:00+00:00,15.530194,0.0,0.17158334,Manitoba
2019-08-23 00:00:00+00:00,19.044085,0.36666667,0.1675139,Manitoba
2019-08-24 00:00:00+00:00,21.010056,9.333333,0.16845834,Manitoba
2019-08-25 00:00:00+00:00,20.917002,16.800001,0.19105558,Manitoba
2019-08-26 00:00:00+00:00,17.442,7.7999997,0.20426388,Manitoba
2019-08-27 00:00:00+00:00,14.563527,3.3999996,0.2153889,Manitoba
2019-08-28 00:00:00+00:00,14.766999,1.3,0.21931946,Manitoba
2019-08-29 00:00:00+00:00,14.59686,2.4333334,0.21751387,Manitoba
2019-08-30 00:00:00+00:00,13.451027,0.0,0.2134028,Manitoba
2019-08-31 00:00:00+00:00,15.427418,8.466666,0.21181946,Manitoba
2019-09-01 00:00:00+00:00,17.219082,6.0,0.228375,Manitoba
2019-09-02 00:00:00+00:00,12.882973,6.8666663,0.23130554,Manitoba
2019-09-03 00:00:00+00:00,13.665611,4.0333333,0.25545833,Manitoba
2019-09-04 00:00:00+00:00,14.161445,0.033333335,0.2570972,Manitoba
2019-09-05 00:00:00+00:00,17.636444,1.5,0.25230554,Manitoba
2019-09-06 00:00:00+00:00,16.469778,0.033333335,0.24886112,Manitoba
2019-09-07 00:00:00+00:00,12.496167,0.8,0.23755555,Manitoba
2019-09-08 00:00:00+00:00,9.894778,0.0,0.23355556,Manitoba
2019-09-09 00:00:00+00:00,11.81561,4.6,0.2248889,Manitoba
2019-09-10 00:00:00+00:00,12.546166,13.100001,0.25627777,Manitoba
2019-09-11 00:00:00+00:00,12.239917,0.23333335,0.26909724,Manitoba
2019-09-12 00:00:00+00:00,11.264222,7.433334,0.27191666,Manitoba
2019-09-13 00:00:00+00:00,11.669083,3.5333335,0.2880833,Manitoba
2019-09-14 00:00:00+00:00,13.798945,0.9666667,0.28125,Manitoba
2019-09-15 00:00:00+00:00,16.934362,0.0,0.2674722,Manitoba
2019-09-16 00:00:00+00:00,20.263527,0.0,0.2518472,Manitoba
2019-09-17 00:00:00+00:00,22.523252,0.0,0.23630555,Manitoba
2019-09-18 00:00:00+00:00,20.576723,4.3666663,0.22818057,Manitoba
2019-09-19 00:00:00+00:00,16.34061,0.06666667,0.22418056,Manitoba
2019-09-20 00:00:00+00:00,18.684362,26.966665,0.2500417,Manitoba
2019-09-21 00:00:00+00:00,15.339222,23.833334,0.32029167,Manitoba
2019-09-22 00:00:00+00:00,13.192695,1.9333334,0.32490277,Manitoba
2019-09-23 00:00:00+00:00,15.125335,0.0,0.29794446,Manitoba
2019-09-24 00:00:00+00:00,15.094085,4.0,0.28155556,Manitoba
2019-09-25 00:00:00+00:00,11.432973,0.033333335,0.2780417,Manitoba
2019-09-26 00:00:00+00:00,9.086444,5.1666665,0.27095833,Manitoba
2019-09-27 00:00:00+00:00,6.3058887,4.8333335,0.28586116,Manitoba
2019-09-28 00:00:00+00:00,5.2753334,0.0,0.286625,Manitoba
2019-09-29 00:00:00+00:00,4.139917,11.833333,0.28243053,Manitoba
2019-09-30 00:00:00+00:00,4.3183885,10.799999,0.30197218,Manitoba
2019-10-01 00:00:00+00:00,3.5878332,2.8333333,0.31736112,Manitoba
2019-10-02 00:00:00+00:00,4.2600555,0.0,0.30948612,Manitoba
2019-10-03 00:00:00+00:00,4.8614445,1.4,0.30376387,Manitoba
2019-10-04 00:00:00+00:00,5.382278,0.0,0.29904163,Manitoba
2019-10-05 00:00:00+00:00,7.633667,8.366667,0.30865273,Manitoba
2019-10-06 00:00:00+00:00,9.582973,1.3333334,0.32259724,Manitoba
2019-10-07 00:00:00+00:00,9.377418,0.0,0.31793055,Manitoba
2019-10-08 00:00:00+00:00,13.196167,0.0,0.31006944,Manitoba
2019-10-09 00:00:00+00:00,4.2531114,4.2666664,0.30169445,Manitoba
2019-10-10 00:00:00+00:00,0.5093612,5.366667,0.29956946,Manitoba
2019-10-11 00:00:00+00:00,-0.18369444,9.066666,0.29826388,Manitoba
2019-10-12 00:00:00+00:00,0.06977779,19.899996,0.295,Manitoba
2019-10-13 00:00:00+00:00,0.5656111,0.5666667,0.29344448,Manitoba
2019-10-14 00:00:00+00:00,-0.5357777,0.06666667,0.29526392,Manitoba
2019-10-15 00:00:00+00:00,2.2072778,1.8000002,0.2934028,Manitoba
2019-10-16 00:00:00+00:00,2.5878334,0.16666667,0.2979444,Manitoba
2019-10-17 00:00:00+00:00,2.9482498,0.0,0.29583326,Manitoba
2019-10-18 00:00:00+00:00,7.2406106,0.033333335,0.29558337,Manitoba
2019-10-19 00:00:00+00:00,6.7357497,2.1999998,0.29512498,Manitoba
2019-10-20 00:00:00+00:00,5.087833,0.033333335,0.29243052,Manitoba
2019-10-21 00:00:00+00:00,3.846861,0.0,0.28751394,Manitoba
2019-10-22 00:00:00+00:00,1.8670001,0.0,0.28280553,Manitoba
2019-10-23 00:00:00+00:00,0.3128334,0.0,0.27991667,Manitoba
2019-10-24 00:00:00+00:00,-0.9260556,0.0,0.27786115,Manitoba
2019-10-25 00:00:00+00:00,4.112833,0.033333335,0.275875,Manitoba
2019-10-26 00:00:00+00:00,7.803805,0.0,0.2713056,Manitoba
2019-10-27 00:00:00+00:00,-1.0191112,0.33333334,0.27175,Manitoba
2019-10-28 00:00:00+00:00,-4.9503613,1.0,0.27404162,Manitoba
2019-10-29 00:00:00+00:00,-5.453833,1.4000002,0.27240276,Manitoba
2019-10-30 00:00:00+00:00,-6.2670283,0.033333335,0.27108333,Manitoba
2019-10-31 00:00:00+00:00,-3.1850832,1.0666667,0.26973608,Manitoba
2019-11-01 00:00:00+00:00,-0.094111085,1.4,0.2685,Manitoba
2019-11-02 00:00:00+00:00,-0.433,0.06666667,0.26738888,Manitoba
2019-11-03 00:00:00+00:00,-1.0864723,0.6666667,0.26627776,Manitoba
2019-11-04 00:00:00+00:00,-3.7663329,0.4666667,0.26533332,Manitoba
2019-11-05 00:00:00+00:00,-8.256612,0.0,0.26447225,Manitoba
2019-11-06 00:00:00+00:00,-8.874667,0.33333334,0.2634028,Manitoba
2019-11-07 00:00:00+00:00,-9.696889,0.033333335,0.26255557,Manitoba
2019-11-08 00:00:00+00:00,-5.1559167,0.86666673,0.26147225,Manitoba
2019-11-09 00:00:00+00:00,-2.1600835,1.6333332,0.26079172,Manitoba
2019-11-10 00:00:00+00:00,-9.773278,0.1,0.2598333,Manitoba
2019-11-11 00:00:00+00:00,-13.949666,0.0,0.25913885,Manitoba
2019-11-12 00:00:00+00:00,-10.598972,0.06666667,0.25819442,Manitoba
2019-11-13 00:00:00+00:00,-7.4788337,0.033333335,0.25751385,Manitoba
2019-11-14 00:00:00+00:00,-5.007305,0.0,0.25686112,Manitoba
2019-11-15 00:00:00+00:00,-3.6982777,0.0,0.25619447,Manitoba
2019-11-16 00:00:00+00:00,0.84199995,0.8,0.25566667,Manitoba
2019-11-17 00:00:00+00:00,-0.38300002,0.06666667,0.25561112,Manitoba
2019-11-18 00:00:00+00:00,0.93088895,1.3666667,0.25520834,Manitoba
2019-11-19 00:00:00+00:00,2.1829722,0.26666668,0.25761113,Manitoba
2019-11-20 00:00:00+00:00,-1.9399446,3.0,0.2595417,Manitoba
2019-11-21 00:00:00+00:00,-8.163556,0.0,0.25966668,Manitoba
2019-11-22 00:00:00+00:00,-3.4406388,0.0,0.2593056,Manitoba
2019-11-23 00:00:00+00:00,0.28505564,0.0,0.25884724,Manitoba
2019-11-24 00:00:00+00:00,0.90380555,2.3,0.25884727,Manitoba
2019-11-25 00:00:00+00:00,0.14755557,7.633333,0.2632917,Manitoba
2019-11-26 00:00:00+00:00,-3.6357777,0.13333334,0.26648614,Manitoba
2019-11-27 00:00:00+00:00,-6.5614724,0.0,0.26644447,Manitoba
2019-11-28 00:00:00+00:00,-6.9316115,0.0,0.2660417,Manitoba
2019-11-29 00:00:00+00:00,-5.6461945,1.7000002,0.2649862,Manitoba
2019-11-30 00:00:00+00:00,-3.9857779,1.8666668,0.2643611,Manitoba
2019-12-01 00:00:00+00:00,-7.100361,0.2,0.26330552,Manitoba
2019-12-02 00:00:00+00:00,-5.1073055,0.033333335,0.2625833,Manitoba
2019-12-03 00:00:00+00:00,-2.4239721,0.0,0.26180556,Manitoba
2019-12-04 00:00:00+00:00,-1.6177222,0.0,0.26097217,Manitoba
2019-12-05 00:00:00+00:00,-4.6316113,1.2333335,0.260375,Manitoba
2019-12-06 00:00:00+00:00,-9.75661,0.0,0.25958332,Manitoba
2019-12-07 00:00:00+00:00,-4.516333,0.29999998,0.25893053,Manitoba
2019-12-08 00:00:00+00:00,-11.925361,0.9333334,0.25830555,Manitoba
2019-12-09 00:00:00+00:00,-19.96564,0.6333334,0.2574722,Manitoba
2019-12-10 00:00:00+00:00,-22.179527,0.033333335,0.25690278,Manitoba
2019-12-11 00:00:00+00:00,-22.948973,0.0,0.2563472,Manitoba
2019-12-12 00:00:00+00:00,-19.157999,0.13333334,0.25584725,Manitoba
2019-12-13 00:00:00+00:00,-14.7010565,3.1999998,0.25508332,Manitoba
2019-12-14 00:00:00+00:00,-24.86911,0.0,0.25474998,Manitoba
2019-12-15 00:00:00+00:00,-19.205917,0.033333335,0.25447223,Manitoba
2019-12-16 00:00:00+00:00,-13.184388,0.16666667,0.25400004,Manitoba
2019-12-17 00:00:00+00:00,-15.6593895,0.16666667,0.25370836,Manitoba
2019-12-18 00:00:00+00:00,-12.394806,0.0,0.2532778,Manitoba
2019-12-19 00:00:00+00:00,-8.712167,0.0,0.2526667,Manitoba
2019-12-20 00:00:00+00:00,-12.689251,0.0,0.25261116,Manitoba
2019-12-21 00:00:00+00:00,-2.1156387,0.0,0.25233337,Manitoba
2019-12-22 00:00:00+00:00,-1.2579999,0.0,0.25233337,Manitoba
2019-12-23 00:00:00+00:00,-8.144805,0.0,0.2520278,Manitoba
2019-12-24 00:00:00+00:00,-6.422583,0.0,0.25200003,Manitoba
2019-12-25 00:00:00+00:00,-7.3031387,0.0,0.25166667,Manitoba
2019-12-26 00:00:00+00:00,-5.7628613,0.033333335,0.2513334,Manitoba
2019-12-27 00:00:00+00:00,-6.8850837,0.0,0.2513334,Manitoba
2019-12-28 00:00:00+00:00,-10.53786,0.0,0.2509584,Manitoba
2019-12-29 00:00:00+00:00,-11.967721,0.0,0.2506667,Manitoba
2019-12-30 00:00:00+00:00,-8.940639,0.1,0.25058338,Manitoba
2019-12-31 00:00:00+00:00,-5.450464,0.014285714,0.28010714,Saskatchewan
2020-01-01 00:00:00+00:00,-2.8162382,0.38571432,0.27998212,Saskatchewan
2020-01-02 00:00:00+00:00,-2.941536,0.7571429,0.27983335,Saskatchewan
2020-01-03 00:00:00+00:00,-5.4709997,0.20000002,0.2797143,Saskatchewan
2020-01-04 00:00:00+00:00,-3.0692143,0.25714287,0.27974406,Saskatchewan
2020-01-05 00:00:00+00:00,-2.623381,0.42857143,0.28030357,Saskatchewan
2020-01-06 00:00:00+00:00,-4.480821,0.17142858,0.28043455,Saskatchewan
2020-01-07 00:00:00+00:00,-14.390941,0.0,0.28027973,Saskatchewan
2020-01-08 00:00:00+00:00,-13.448679,3.9857142,0.2800476,Saskatchewan
2020-01-09 00:00:00+00:00,-15.015346,1.0142857,0.27985713,Saskatchewan
2020-01-10 00:00:00+00:00,-21.297192,0.0,0.27974406,Saskatchewan
2020-01-11 00:00:00+00:00,-15.366536,1.2571429,0.279625,Saskatchewan
2020-01-12 00:00:00+00:00,-14.030822,1.7,0.27942857,Saskatchewan
2020-01-13 00:00:00+00:00,-21.2585,1.0000001,0.2793631,Saskatchewan
2020-01-14 00:00:00+00:00,-26.622488,0.31428573,0.2792857,Saskatchewan
2020-01-15 00:00:00+00:00,-28.105822,0.41428572,0.27924997,Saskatchewan
2020-01-16 00:00:00+00:00,-28.063261,0.0,0.2790833,Saskatchewan
2020-01-17 00:00:00+00:00,-20.631418,0.85714287,0.27899998,Saskatchewan
2020-01-18 00:00:00+00:00,-22.154333,0.8714285,0.27898213,Saskatchewan
2020-01-19 00:00:00+00:00,-22.298677,0.0,0.27885714,Saskatchewan
2020-01-20 00:00:00+00:00,-14.110286,0.0,0.27885714,Saskatchewan
2020-01-21 00:00:00+00:00,-2.1939166,0.0,0.27885714,Saskatchewan
2020-01-22 00:00:00+00:00,-6.0221906,0.114285715,0.27887496,Saskatchewan
2020-01-23 00:00:00+00:00,-5.920405,0.21428572,0.27897617,Saskatchewan
2020-01-24 00:00:00+00:00,-4.232905,0.0,0.27892858,Saskatchewan
2020-01-25 00:00:00+00:00,-2.2111788,1.3142856,0.279375,Saskatchewan
2020-01-26 00:00:00+00:00,-3.747488,0.7142858,0.28072023,Saskatchewan
2020-01-27 00:00:00+00:00,-5.0579047,0.0,0.28119642,Saskatchewan
2020-01-28 00:00:00+00:00,-3.3992736,0.95714295,0.2812619,Saskatchewan
2020-01-29 00:00:00+00:00,-3.788857,0.0,0.2814226,Saskatchewan
2020-01-30 00:00:00+00:00,-2.7364762,1.4285715,0.28151783,Saskatchewan
2020-01-31 00:00:00+00:00,-2.5001667,0.17142858,0.28182143,Saskatchewan
2020-02-01 00:00:00+00:00,1.817393,0.20000002,0.2824226,Saskatchewan
2020-02-02 00:00:00+00:00,-1.0665357,1.1999999,0.28820235,Saskatchewan
2020-02-03 00:00:00+00:00,-10.711774,0.042857144,0.2913631,Saskatchewan
2020-02-04 00:00:00+00:00,-12.965048,0.0,0.29151782,Saskatchewan
2020-02-05 00:00:00+00:00,-7.8888574,0.35714287,0.2912857,Saskatchewan
2020-02-06 00:00:00+00:00,-9.71356,1.5285715,0.29126784,Saskatchewan
2020-02-07 00:00:00+00:00,-12.393321,0.2,0.29114285,Saskatchewan
2020-02-08 00:00:00+00:00,-6.448083,0.10000001,0.29111904,Saskatchewan
2020-02-09 00:00:00+00:00,-6.8567147,0.14285715,0.29099995,Saskatchewan
2020-02-10 00:00:00+00:00,-5.500167,0.50000006,0.29088095,Saskatchewan
2020-02-11 00:00:00+00:00,-5.503143,0.58571434,0.2908571,Saskatchewan
2020-02-12 00:00:00+00:00,-17.315939,0.7571429,0.29083925,Saskatchewan
2020-02-13 00:00:00+00:00,-20.718323,0.0,0.29069638,Saskatchewan
2020-02-14 00:00:00+00:00,-6.555821,0.5857143,0.2905714,Saskatchewan
2020-02-15 00:00:00+00:00,-10.999274,0.10000001,0.2905714,Saskatchewan
2020-02-16 00:00:00+00:00,-11.304036,0.51428574,0.29048806,Saskatchewan
2020-02-17 00:00:00+00:00,-11.087071,0.41428572,0.29042855,Saskatchewan
2020-02-18 00:00:00+00:00,-20.102251,0.042857144,0.29040474,Saskatchewan
2020-02-19 00:00:00+00:00,-20.89511,0.0,0.29025593,Saskatchewan
2020-02-20 00:00:00+00:00,-10.527548,0.0,0.2901428,Saskatchewan
2020-02-21 00:00:00+00:00,-3.582012,0.0,0.2901428,Saskatchewan
2020-02-22 00:00:00+00:00,-2.9623687,0.014285714,0.29033926,Saskatchewan
2020-02-23 00:00:00+00:00,-2.7730832,0.21428572,0.2913155,Saskatchewan
2020-02-24 00:00:00+00:00,-5.4180245,1.3000001,0.29216668,Saskatchewan
2020-02-25 00:00:00+00:00,-8.672786,0.0,0.2921488,Saskatchewan
2020-02-26 00:00:00+00:00,-8.854928,0.08571429,0.29214287,Saskatchewan
2020-02-27 00:00:00+00:00,-4.1224885,0.12857144,0.29231548,Saskatchewan
2020-02-28 00:00:00+00:00,-1.7129644,0.32857147,0.29421428,Saskatchewan
2020-02-29 00:00:00+00:00,0.4176905,0.34285715,0.29950598,Saskatchewan
2020-03-01 00:00:00+00:00,-3.1212976,2.0857143,0.30463094,Saskatchewan
2020-03-02 00:00:00+00:00,-2.7894528,1.1142857,0.30629164,Saskatchewan
2020-03-03 00:00:00+00:00,-2.048381,0.61428577,0.30795237,Saskatchewan
2020-03-04 00:00:00+00:00,-0.73111916,2.8714287,0.3105,Saskatchewan
2020-03-05 00:00:00+00:00,-1.0391548,1.0285714,0.31362504,Saskatchewan
2020-03-06 00:00:00+00:00,2.4197736,0.0,0.3159048,Saskatchewan
2020-03-07 00:00:00+00:00,-1.0962975,1.0714285,0.32027978,Saskatchewan
2020-03-08 00:00:00+00:00,-8.083797,2.0142858,0.3220119,Saskatchewan
2020-03-09 00:00:00+00:00,-9.283797,0.057142857,0.32185116,Saskatchewan
2020-03-10 00:00:00+00:00,-4.253738,0.0,0.32151785,Saskatchewan
2020-03-11 00:00:00+00:00,0.7682857,0.042857144,0.32210714,Saskatchewan
2020-03-12 00:00:00+00:00,-3.0840952,0.114285715,0.32488686,Saskatchewan
2020-03-13 00:00:00+00:00,-10.343322,0.0,0.32507136,Saskatchewan
2020-03-14 00:00:00+00:00,-13.591239,1.5428573,0.32449993,Saskatchewan
2020-03-15 00:00:00+00:00,-9.263559,2.3999999,0.32408926,Saskatchewan
2020-03-16 00:00:00+00:00,-9.430821,0.0,0.32368448,Saskatchewan
2020-03-17 00:00:00+00:00,-6.718917,0.028571429,0.3234702,Saskatchewan
2020-03-18 00:00:00+00:00,-9.863261,0.114285715,0.32316068,Saskatchewan
2020-03-19 00:00:00+00:00,-10.29094,0.5142857,0.3230595,Saskatchewan
2020-03-20 00:00:00+00:00,-10.601357,0.0,0.32290477,Saskatchewan
2020-03-21 00:00:00+00:00,-6.679929,0.1,0.32271427,Saskatchewan
2020-03-22 00:00:00+00:00,-3.6433215,0.0,0.3227262,Saskatchewan
2020-03-23 00:00:00+00:00,0.15548816,0.071428575,0.3233214,Saskatchewan
2020-03-24 00:00:00+00:00,-0.10790478,2.8857143,0.32576194,Saskatchewan
2020-03-25 00:00:00+00:00,-5.1082025,0.6428572,0.3264524,Saskatchewan
2020-03-26 00:00:00+00:00,-2.6016545,0.27142859,0.32632735,Saskatchewan
2020-03-27 00:00:00+00:00,1.0900117,0.0,0.32625002,Saskatchewan
2020-03-28 00:00:00+00:00,2.5108452,0.0,0.3267381,Saskatchewan
2020-03-29 00:00:00+00:00,2.4191785,0.0,0.32851195,Saskatchewan
2020-03-30 00:00:00+00:00,4.8224525,0.042857144,0.3296607,Saskatchewan
2020-03-31 00:00:00+00:00,0.31977367,1.7714285,0.33129767,Saskatchewan
2020-04-01 00:00:00+00:00,-9.523381,2.6714287,0.33097625,Saskatchewan
2020-04-02 00:00:00+00:00,-11.473976,0.6,0.33033332,Saskatchewan
2020-04-03 00:00:00+00:00,-11.007904,0.10000001,0.32986906,Saskatchewan
2020-04-04 00:00:00+00:00,-7.253738,0.8714286,0.32945237,Saskatchewan
2020-04-05 00:00:00+00:00,-4.913857,0.75714284,0.32939288,Saskatchewan
2020-04-06 00:00:00+00:00,-0.7058214,2.9,0.32953572,Saskatchewan
2020-04-07 00:00:00+00:00,-0.5058213,0.5428571,0.3299881,Saskatchewan
2020-04-08 00:00:00+00:00,-0.4879643,0.6857143,0.331006,Saskatchewan
2020-04-09 00:00:00+00:00,-3.4528453,0.22857143,0.331381,Saskatchewan
2020-04-10 00:00:00+00:00,2.303107,0.64285713,0.33132142,Saskatchewan
2020-04-11 00:00:00+00:00,-2.0567143,0.057142857,0.3329822,Saskatchewan
2020-04-12 00:00:00+00:00,-6.2584996,0.25714287,0.3332024,Saskatchewan
2020-04-13 00:00:00+00:00,-8.044512,0.2857143,0.33198217,Saskatchewan
2020-04-14 00:00:00+00:00,-6.080226,0.071428575,0.33127382,Saskatchewan
2020-04-15 00:00:00+00:00,-3.017131,0.22857144,0.33103576,Saskatchewan
2020-04-16 00:00:00+00:00,-2.6317143,0.042857144,0.33103567,Saskatchewan
2020-04-17 00:00:00+00:00,1.931381,0.057142857,0.33052975,Saskatchewan
2020-04-18 00:00:00+00:00,3.2144167,0.42857143,0.33204165,Saskatchewan
2020-04-19 00:00:00+00:00,2.2691784,0.0,0.3329464,Saskatchewan
2020-04-20 00:00:00+00:00,4.9751306,0.08571429,0.33241072,Saskatchewan
2020-04-21 00:00:00+00:00,6.589714,0.028571429,0.32972023,Saskatchewan
2020-04-22 00:00:00+00:00,8.236143,0.028571429,0.32547617,Saskatchewan
2020-04-23 00:00:00+00:00,8.366797,0.22857143,0.3213512,Saskatchewan
2020-04-24 00:00:00+00:00,7.240905,1.1571429,0.31330356,Saskatchewan
2020-04-25 00:00:00+00:00,6.6676908,0.071428575,0.30804762,Saskatchewan
2020-04-26 00:00:00+00:00,10.690905,0.5857143,0.30099997,Saskatchewan
2020-04-27 00:00:00+00:00,8.789714,0.114285715,0.29909524,Saskatchewan
2020-04-28 00:00:00+00:00,8.741202,1.8285714,0.2901845,Saskatchewan
2020-04-29 00:00:00+00:00,9.62275,0.028571429,0.2890595,Saskatchewan
2020-04-30 00:00:00+00:00,14.403404,0.31428573,0.280375,Saskatchewan
2020-05-01 00:00:00+00:00,12.574834,1.3857144,0.2702143,Saskatchewan
2020-05-02 00:00:00+00:00,8.99775,0.0,0.26930952,Saskatchewan
2020-05-03 00:00:00+00:00,7.7001305,0.18571427,0.26654762,Saskatchewan
2020-05-04 00:00:00+00:00,7.3239403,2.3,0.2649345,Saskatchewan
2020-05-05 00:00:00+00:00,7.318881,0.8142857,0.26786307,Saskatchewan
2020-05-06 00:00:00+00:00,10.065905,0.3857143,0.2649226,Saskatchewan
2020-05-07 00:00:00+00:00,9.258464,0.028571429,0.25877976,Saskatchewan
2020-05-08 00:00:00+00:00,8.306975,1.6,0.2524226,Saskatchewan
2020-05-09 00:00:00+00:00,4.031381,5.7428575,0.2501786,Saskatchewan
2020-05-10 00:00:00+00:00,2.6474526,0.0,0.25308928,Saskatchewan
2020-05-11 00:00:00+00:00,2.5569763,0.0,0.25218457,Saskatchewan
2020-05-12 00:00:00+00:00,4.450726,0.028571429,0.2506548,Saskatchewan
2020-05-13 00:00:00+00:00,5.3462615,1.6285714,0.24918452,Saskatchewan
2020-05-14 00:00:00+00:00,7.51025,1.3857142,0.24994048,Saskatchewan
2020-05-15 00:00:00+00:00,7.761143,0.0,0.24632142,Saskatchewan
2020-05-16 00:00:00+00:00,11.561143,0.028571429,0.23844048,Saskatchewan
2020-05-17 00:00:00+00:00,16.423939,0.0,0.22929168,Saskatchewan
2020-05-18 00:00:00+00:00,16.695368,0.59999996,0.22035713,Saskatchewan
2020-05-19 00:00:00+00:00,17.626917,0.3,0.21494047,Saskatchewan
2020-05-20 00:00:00+00:00,17.321558,1.4,0.20728572,Saskatchewan
2020-05-21 00:00:00+00:00,16.46144,9.271428,0.21233928,Saskatchewan
2020-05-22 00:00:00+00:00,13.925428,0.65714294,0.22150598,Saskatchewan
2020-05-23 00:00:00+00:00,12.032868,0.40000004,0.22260714,Saskatchewan
2020-05-24 00:00:00+00:00,11.348642,0.3857143,0.22154762,Saskatchewan
2020-05-25 00:00:00+00:00,13.889119,0.028571429,0.22079761,Saskatchewan
2020-05-26 00:00:00+00:00,15.4709635,1.1142857,0.2132738,Saskatchewan
2020-05-27 00:00:00+00:00,13.528702,0.85714287,0.2115238,Saskatchewan
2020-05-28 00:00:00+00:00,10.9644165,0.9857143,0.21118452,Saskatchewan
2020-05-29 00:00:00+00:00,11.731679,0.0,0.21222022,Saskatchewan
2020-05-30 00:00:00+00:00,14.278405,0.0,0.21051191,Saskatchewan
2020-05-31 00:00:00+00:00,18.50549,0.12857142,0.20474999,Saskatchewan
2020-06-01 00:00:00+00:00,19.66888,1.3000001,0.20001785,Saskatchewan
2020-06-02 00:00:00+00:00,17.506678,0.32857147,0.19512501,Saskatchewan
2020-06-03 00:00:00+00:00,17.244776,0.057142857,0.19384524,Saskatchewan
2020-06-04 00:00:00+00:00,14.076619,0.94285715,0.19518454,Saskatchewan
2020-06-05 00:00:00+00:00,12.944774,0.31428573,0.19468452,Saskatchewan
2020-06-06 00:00:00+00:00,15.107869,3.9285715,0.19401787,Saskatchewan
2020-06-07 00:00:00+00:00,15.152215,15.657145,0.22382738,Saskatchewan
2020-06-08 00:00:00+00:00,13.550428,0.78571427,0.2547619,Saskatchewan
2020-06-09 00:00:00+00:00,12.681975,0.7428571,0.26304165,Saskatchewan
2020-06-10 00:00:00+00:00,13.756381,1.1,0.25810713,Saskatchewan
2020-06-11 00:00:00+00:00,15.077513,0.12857142,0.24997619,Saskatchewan
2020-06-12 00:00:00+00:00,15.744774,0.028571429,0.24267857,Saskatchewan
2020-06-13 00:00:00+00:00,20.635548,0.014285714,0.23366071,Saskatchewan
2020-06-14 00:00:00+00:00,21.237333,2.2571428,0.22932737,Saskatchewan
2020-06-15 00:00:00+00:00,16.20251,3.285714,0.23139882,Saskatchewan
2020-06-16 00:00:00+00:00,17.63525,0.59999996,0.2336131,Saskatchewan
2020-06-17 00:00:00+00:00,16.431679,7.0142856,0.23339881,Saskatchewan
2020-06-18 00:00:00+00:00,9.765608,5.5,0.24879166,Saskatchewan
2020-06-19 00:00:00+00:00,10.303107,0.91428566,0.25988692,Saskatchewan
2020-06-20 00:00:00+00:00,11.563226,0.18571429,0.25990477,Saskatchewan
2020-06-21 00:00:00+00:00,11.56144,0.25714287,0.25587502,Saskatchewan
2020-06-22 00:00:00+00:00,14.836441,0.042857144,0.24943452,Saskatchewan
2020-06-23 00:00:00+00:00,18.13644,0.0,0.24204762,Saskatchewan
2020-06-24 00:00:00+00:00,20.935843,2.5571427,0.23167858,Saskatchewan
2020-06-25 00:00:00+00:00,19.699833,3.7142856,0.22822618,Saskatchewan
2020-06-26 00:00:00+00:00,20.338226,0.042857144,0.22661312,Saskatchewan
2020-06-27 00:00:00+00:00,21.433466,1.9000003,0.22214285,Saskatchewan
2020-06-28 00:00:00+00:00,17.406977,17.328571,0.22963095,Saskatchewan
2020-06-29 00:00:00+00:00,16.803106,4.0857143,0.26316074,Saskatchewan
2020-06-30 00:00:00+00:00,18.417095,14.728571,0.29198214,Saskatchewan
2020-07-01 00:00:00+00:00,18.139416,19.171429,0.34136906,Saskatchewan
2020-07-02 00:00:00+00:00,18.50906,1.6571429,0.342,Saskatchewan
2020-07-03 00:00:00+00:00,19.077808,0.0,0.32894048,Saskatchewan
2020-07-04 00:00:00+00:00,21.446856,0.71428573,0.31770834,Saskatchewan
2020-07-05 00:00:00+00:00,19.682867,1.9857142,0.31080356,Saskatchewan
2020-07-06 00:00:00+00:00,17.716202,0.1,0.29976782,Saskatchewan
2020-07-07 00:00:00+00:00,19.25638,1.8142859,0.28726783,Saskatchewan
2020-07-08 00:00:00+00:00,18.177214,20.514286,0.30154166,Saskatchewan
2020-07-09 00:00:00+00:00,15.832571,1.7142857,0.30674404,Saskatchewan
2020-07-10 00:00:00+00:00,16.96263,1.442857,0.30136305,Saskatchewan
2020-07-11 00:00:00+00:00,18.03406,5.7571435,0.31233928,Saskatchewan
2020-07-12 00:00:00+00:00,19.507275,1.0857143,0.3098274,Saskatchewan
2020-07-13 00:00:00+00:00,16.892096,6.485714,0.30510715,Saskatchewan
2020-07-14 00:00:00+00:00,15.302215,1.4285715,0.30220237,Saskatchewan
2020-07-15 00:00:00+00:00,17.191797,0.37142858,0.2956012,Saskatchewan
2020-07-16 00:00:00+00:00,18.039715,0.014285714,0.28570238,Saskatchewan
2020-07-17 00:00:00+00:00,20.523344,1.7142856,0.27682737,Saskatchewan
2020-07-18 00:00:00+00:00,17.960249,4.642857,0.27086905,Saskatchewan
2020-07-19 00:00:00+00:00,16.240011,1.5857143,0.26719645,Saskatchewan
2020-07-20 00:00:00+00:00,16.627214,4.471429,0.2644524,Saskatchewan
2020-07-21 00:00:00+00:00,17.11263,0.7714285,0.26449403,Saskatchewan
2020-07-22 00:00:00+00:00,20.628702,0.014285714,0.2596369,Saskatchewan
2020-07-23 00:00:00+00:00,23.718287,0.014285714,0.25390476,Saskatchewan
2020-07-24 00:00:00+00:00,22.530787,11.17143,0.26990476,Saskatchewan
2020-07-25 00:00:00+00:00,19.556976,1.0285714,0.26889285,Saskatchewan
2020-07-26 00:00:00+00:00,17.463524,0.071428575,0.26604167,Saskatchewan
2020-07-27 00:00:00+00:00,18.401917,0.028571429,0.25988692,Saskatchewan
2020-07-28 00:00:00+00:00,20.451918,0.0,0.25158927,Saskatchewan
2020-07-29 00:00:00+00:00,22.412035,0.0,0.24467857,Saskatchewan
2020-07-30 00:00:00+00:00,23.393583,0.22857143,0.23916073,Saskatchewan
2020-07-31 00:00:00+00:00,21.966501,1.0142858,0.2308512,Saskatchewan
2020-08-01 00:00:00+00:00,19.775131,0.0,0.22748213,Saskatchewan
2020-08-02 00:00:00+00:00,20.28674,0.014285714,0.22423811,Saskatchewan
2020-08-03 00:00:00+00:00,20.929296,0.0,0.22325595,Saskatchewan
2020-08-04 00:00:00+00:00,19.68287,5.4857144,0.21995236,Saskatchewan
2020-08-05 00:00:00+00:00,19.309061,0.47142857,0.22028573,Saskatchewan
2020-08-06 00:00:00+00:00,21.237333,0.0,0.21611905,Saskatchewan
2020-08-07 00:00:00+00:00,21.615606,0.40000004,0.21062498,Saskatchewan
2020-08-08 00:00:00+00:00,18.03793,0.44285712,0.21302976,Saskatchewan
2020-08-09 00:00:00+00:00,17.150429,1.6000001,0.21099404,Saskatchewan
2020-08-10 00:00:00+00:00,17.496262,0.0,0.21104762,Saskatchewan
2020-08-11 00:00:00+00:00,17.433167,0.47142857,0.2083869,Saskatchewan
2020-08-12 00:00:00+00:00,19.959059,2.1857142,0.20443451,Saskatchewan
2020-08-13 00:00:00+00:00,18.620071,8.5,0.22611904,Saskatchewan
2020-08-14 00:00:00+00:00,16.943882,0.4714286,0.24119644,Saskatchewan
2020-08-15 00:00:00+00:00,17.486143,0.14285715,0.24300598,Saskatchewan
2020-08-16 00:00:00+00:00,18.28644,0.0,0.24019644,Saskatchewan
2020-08-17 00:00:00+00:00,20.887632,0.0,0.23370239,Saskatchewan
2020-08-18 00:00:00+00:00,23.506083,0.0,0.22309527,Saskatchewan
2020-08-19 00:00:00+00:00,24.342691,0.0,0.21081546,Saskatchewan
2020-08-20 00:00:00+00:00,23.445665,0.0,0.20524405,Saskatchewan
2020-08-21 00:00:00+00:00,22.554594,0.87142855,0.20420834,Saskatchewan
2020-08-22 00:00:00+00:00,21.081678,0.08571429,0.20240475,Saskatchewan
2020-08-23 00:00:00+00:00,19.509657,0.0,0.20528571,Saskatchewan
2020-08-24 00:00:00+00:00,19.840311,0.0,0.20323215,Saskatchewan
2020-08-25 00:00:00+00:00,22.482273,0.3285714,0.19822025,Saskatchewan
2020-08-26 00:00:00+00:00,18.498642,0.61428577,0.20027976,Saskatchewan
2020-08-27 00:00:00+00:00,17.876917,0.7714285,0.19934525,Saskatchewan
2020-08-28 00:00:00+00:00,15.467393,2.1857142,0.19953571,Saskatchewan
2020-08-29 00:00:00+00:00,17.453405,0.0,0.19880359,Saskatchewan
2020-08-30 00:00:00+00:00,15.337631,0.95714283,0.19777973,Saskatchewan
2020-08-31 00:00:00+00:00,12.223345,0.0,0.19888096,Saskatchewan
2020-09-01 00:00:00+00:00,15.04894,0.78571427,0.19948809,Saskatchewan
2020-09-02 00:00:00+00:00,13.876619,4.3285713,0.20083928,Saskatchewan
2020-09-03 00:00:00+00:00,12.4415,0.34285715,0.20538092,Saskatchewan
2020-09-04 00:00:00+00:00,14.759059,0.028571429,0.20798215,Saskatchewan
2020-09-05 00:00:00+00:00,17.16888,0.08571429,0.20159523,Saskatchewan
2020-09-06 00:00:00+00:00,16.141796,0.4857143,0.19416074,Saskatchewan
2020-09-07 00:00:00+00:00,8.454298,1.9285716,0.19545238,Saskatchewan
2020-09-08 00:00:00+00:00,5.3751307,0.0,0.19961905,Saskatchewan
2020-09-09 00:00:00+00:00,10.81531,0.0,0.20073214,Saskatchewan
2020-09-10 00:00:00+00:00,14.478999,0.0,0.19872025,Saskatchewan
2020-09-11 00:00:00+00:00,16.97275,0.0,0.19158928,Saskatchewan
2020-09-12 00:00:00+00:00,14.934953,0.15714286,0.18436308,Saskatchewan
2020-09-13 00:00:00+00:00,10.242393,0.4,0.18717857,Saskatchewan
2020-09-14 00:00:00+00:00,12.363822,0.0,0.19528572,Saskatchewan
2020-09-15 00:00:00+00:00,10.715309,0.62857145,0.20508929,Saskatchewan
2020-09-16 00:00:00+00:00,8.700429,0.0,0.20625594,Saskatchewan
2020-09-17 00:00:00+00:00,9.924536,0.042857144,0.20294045,Saskatchewan
2020-09-18 00:00:00+00:00,12.199239,0.0,0.19836311,Saskatchewan
2020-09-19 00:00:00+00:00,16.552511,0.0,0.193,Saskatchewan
2020-09-20 00:00:00+00:00,16.865606,6.642857,0.19447617,Saskatchewan
2020-09-21 00:00:00+00:00,15.300726,3.6857142,0.20590475,Saskatchewan
2020-09-22 00:00:00+00:00,14.69507,0.0,0.20223808,Saskatchewan
2020-09-23 00:00:00+00:00,14.019476,0.9142857,0.19840479,Saskatchewan
2020-09-24 00:00:00+00:00,15.625427,0.028571429,0.19732143,Saskatchewan
2020-09-25 00:00:00+00:00,15.190904,0.014285714,0.19666667,Saskatchewan
2020-09-26 00:00:00+00:00,13.190905,1.6714287,0.19405954,Saskatchewan
2020-09-27 00:00:00+00:00,10.737036,3.585714,0.19445236,Saskatchewan
2020-09-28 00:00:00+00:00,9.685249,0.0,0.19738093,Saskatchewan
2020-09-29 00:00:00+00:00,13.500428,0.22857143,0.19669048,Saskatchewan
2020-09-30 00:00:00+00:00,9.477809,0.3,0.19567262,Saskatchewan
2020-10-01 00:00:00+00:00,5.7248335,0.057142857,0.19635117,Saskatchewan
2020-10-02 00:00:00+00:00,8.643583,0.35714287,0.19541667,Saskatchewan
2020-10-03 00:00:00+00:00,7.274833,0.0,0.19432735,Saskatchewan
2020-10-04 00:00:00+00:00,10.856381,0.014285714,0.191375,Saskatchewan
2020-10-05 00:00:00+00:00,13.729894,1.6285715,0.18589287,Saskatchewan
2020-10-06 00:00:00+00:00,13.611143,0.61428577,0.18526785,Saskatchewan
2020-10-07 00:00:00+00:00,10.243286,0.014285714,0.18461904,Saskatchewan
2020-10-08 00:00:00+00:00,11.564119,0.22857144,0.18333332,Saskatchewan
2020-10-09 00:00:00+00:00,10.084952,1.1999999,0.18131547,Saskatchewan
2020-10-10 00:00:00+00:00,10.478999,0.028571429,0.1823512,Saskatchewan
2020-10-11 00:00:00+00:00,12.762034,0.7571429,0.18219641,Saskatchewan
2020-10-12 00:00:00+00:00,6.3974524,0.61428565,0.18306549,Saskatchewan
2020-10-13 00:00:00+00:00,5.992988,0.15714285,0.18350002,Saskatchewan
2020-10-14 00:00:00+00:00,3.2906072,3.6714287,0.18458332,Saskatchewan
2020-10-15 00:00:00+00:00,1.4334643,0.3857143,0.18742263,Saskatchewan
2020-10-16 00:00:00+00:00,-0.73111904,0.9857143,0.19089286,Saskatchewan
2020-10-17 00:00:00+00:00,-3.9332025,0.31428573,0.19205952,Saskatchewan
2020-10-18 00:00:00+00:00,-4.766238,0.0,0.1936845,Saskatchewan
2020-10-19 00:00:00+00:00,-5.757012,0.057142857,0.19475596,Saskatchewan
2020-10-20 00:00:00+00:00,-3.4769523,2.6857142,0.19567263,Saskatchewan
2020-10-21 00:00:00+00:00,-4.2629647,0.2857143,0.1964881,Saskatchewan
2020-10-22 00:00:00+00:00,-5.5650477,0.21428572,0.19722024,Saskatchewan
2020-10-23 00:00:00+00:00,-7.249274,0.014285714,0.19782738,Saskatchewan
2020-10-24 00:00:00+00:00,-7.2335,0.21428573,0.19818453,Saskatchewan
2020-10-25 00:00:00+00:00,-7.1796303,0.028571429,0.1987381,Saskatchewan
2020-10-26 00:00:00+00:00,-7.042726,0.028571429,0.19913092,Saskatchewan
2020-10-27 00:00:00+00:00,0.7920951,1.1714286,0.1994702,Saskatchewan
2020-10-28 00:00:00+00:00,1.7831666,0.6428572,0.20020832,Saskatchewan
2020-10-29 00:00:00+00:00,-0.7784404,0.6,0.20095833,Saskatchewan
2020-10-30 00:00:00+00:00,1.6191785,0.37142855,0.2017857,Saskatchewan
2020-10-31 00:00:00+00:00,1.3748332,0.7285715,0.2025,Saskatchewan
2020-11-01 00:00:00+00:00,-0.85046434,0.0,0.2037381,Saskatchewan
2020-11-02 00:00:00+00:00,5.568881,0.0,0.2043869,Saskatchewan
2020-11-03 00:00:00+00:00,8.193286,0.0,0.20319644,Saskatchewan
2020-11-04 00:00:00+00:00,8.054297,0.0,0.20153573,Saskatchewan
2020-11-05 00:00:00+00:00,8.547452,0.14285715,0.20142262,Saskatchewan
2020-11-06 00:00:00+00:00,3.0852501,0.9142857,0.20052381,Saskatchewan
2020-11-07 00:00:00+00:00,-0.7724881,3.642857,0.20058335,Saskatchewan
2020-11-08 00:00:00+00:00,-3.457607,10.185715,0.2014881,Saskatchewan
2020-11-09 00:00:00+00:00,-9.239156,10.742858,0.20329165,Saskatchewan
2020-11-10 00:00:00+00:00,-11.443322,0.10000001,0.20527379,Saskatchewan
2020-11-11 00:00:00+00:00,-8.337072,2.2285712,0.20660119,Saskatchewan
2020-11-12 00:00:00+00:00,-13.554036,0.4857143,0.20752977,Saskatchewan
2020-11-13 00:00:00+00:00,-6.1031427,0.0,0.20819046,Saskatchewan
2020-11-14 00:00:00+00:00,-2.1915357,1.3285714,0.20872617,Saskatchewan
2020-11-15 00:00:00+00:00,-6.309095,0.22857144,0.20922022,Saskatchewan
2020-11-16 00:00:00+00:00,-6.8507624,0.37142858,0.20959523,Saskatchewan
2020-11-17 00:00:00+00:00,-5.848976,0.0,0.2098988,Saskatchewan
2020-11-18 00:00:00+00:00,1.0397142,0.0,0.21033928,Saskatchewan
2020-11-19 00:00:00+00:00,-5.1835,3.1571426,0.21233334,Saskatchewan
2020-11-20 00:00:00+00:00,-12.076059,0.2857143,0.21345237,Saskatchewan
2020-11-21 00:00:00+00:00,-8.437369,0.0,0.21418451,Saskatchewan
2020-11-22 00:00:00+00:00,-8.1189165,0.028571429,0.21485712,Saskatchewan
2020-11-23 00:00:00+00:00,-6.712667,0.0,0.21516666,Saskatchewan
2020-11-24 00:00:00+00:00,-6.6061196,0.0,0.21542262,Saskatchewan
2020-11-25 00:00:00+00:00,-2.3671308,0.028571429,0.21564285,Saskatchewan
2020-11-26 00:00:00+00:00,-4.001952,1.2285715,0.21579167,Saskatchewan
2020-11-27 00:00:00+00:00,-3.515643,0.0,0.21590476,Saskatchewan
2020-11-28 00:00:00+00:00,-2.3501668,0.10000001,0.21622023,Saskatchewan
2020-11-29 00:00:00+00:00,-6.886178,0.028571429,0.21639284,Saskatchewan
2020-11-30 00:00:00+00:00,-3.5704045,0.0,0.21646427,Saskatchewan
2020-12-01 00:00:00+00:00,-0.7379642,0.24285714,0.21681546,Saskatchewan
2020-12-02 00:00:00+00:00,-4.935285,0.0,0.21730356,Saskatchewan
2020-12-03 00:00:00+00:00,-3.1221902,0.0,0.2176369,Saskatchewan
2020-12-04 00:00:00+00:00,-1.9674283,0.0,0.21811308,Saskatchewan
2020-12-05 00:00:00+00:00,-1.6245714,0.0,0.21837498,Saskatchewan
2020-12-06 00:00:00+00:00,-3.3751664,0.0,0.21875593,Saskatchewan
2020-12-07 00:00:00+00:00,-1.6120714,0.0,0.21889284,Saskatchewan
2020-12-08 00:00:00+00:00,1.1438811,0.0,0.22060117,Saskatchewan
2020-12-09 00:00:00+00:00,-0.9656429,1.5857143,0.22436309,Saskatchewan
2020-12-10 00:00:00+00:00,-4.369512,0.4,0.2253869,Saskatchewan
2020-12-11 00:00:00+00:00,-7.334988,0.071428575,0.225625,Saskatchewan
2020-12-12 00:00:00+00:00,-6.4079046,0.071428575,0.22577378,Saskatchewan
2020-12-13 00:00:00+00:00,-13.27606,0.7,0.22563687,Saskatchewan
2020-12-14 00:00:00+00:00,-19.900465,0.08571429,0.22542855,Saskatchewan
2020-12-15 00:00:00+00:00,-13.3085,0.14285715,0.22505356,Saskatchewan
2020-12-16 00:00:00+00:00,-7.56088,0.21428573,0.22486308,Saskatchewan
2020-12-17 00:00:00+00:00,-5.8843927,0.114285715,0.2246845,Saskatchewan
2020-12-18 00:00:00+00:00,-10.180821,0.24285714,0.22452976,Saskatchewan
2020-12-19 00:00:00+00:00,-3.3540359,0.7285714,0.22439882,Saskatchewan
2020-12-20 00:00:00+00:00,-2.3879642,2.857143,0.22470237,Saskatchewan
2020-12-21 00:00:00+00:00,-2.9659405,0.62857145,0.22480951,Saskatchewan
2020-12-22 00:00:00+00:00,-5.7665358,7.5571427,0.225,Saskatchewan
2020-12-23 00:00:00+00:00,-15.006714,1.2142857,0.22499405,Saskatchewan
2020-12-24 00:00:00+00:00,-11.040345,0.028571429,0.22485714,Saskatchewan
2020-12-25 00:00:00+00:00,-4.413857,0.0,0.22505355,Saskatchewan
2020-12-26 00:00:00+00:00,-9.067131,1.2142857,0.2252857,Saskatchewan
2020-12-27 00:00:00+00:00,-11.080821,1.0285714,0.22519048,Saskatchewan
2020-12-28 00:00:00+00:00,-14.548678,0.057142857,0.22538689,Saskatchewan
2020-12-29 00:00:00+00:00,-8.550762,0.54285717,0.22548808,Saskatchewan
2020-12-30 00:00:00+00:00,-11.146596,0.10000001,0.22542259,Saskatchewan
2021-01-01 00:00:00+00:00,-10.923083,0.0,0.22524405,Saskatchewan
2021-01-02 00:00:00+00:00,-1.9144524,0.014285714,0.22517261,Saskatchewan
2021-01-03 00:00:00+00:00,1.3784047,0.014285714,0.22570239,Saskatchewan
2021-01-04 00:00:00+00:00,-2.5462976,0.014285714,0.22613095,Saskatchewan
2021-01-05 00:00:00+00:00,-3.7930238,1.0285715,0.22639881,Saskatchewan
2021-01-06 00:00:00+00:00,-3.5254648,0.0,0.2265,Saskatchewan
2021-01-07 00:00:00+00:00,-2.1418333,0.0,0.22675595,Saskatchewan
2021-01-08 00:00:00+00:00,-7.2105837,0.0,0.22685714,Saskatchewan
2021-01-09 00:00:00+00:00,-8.186179,0.0,0.22685714,Saskatchewan
2021-01-10 00:00:00+00:00,-5.893024,0.0,0.2268869,Saskatchewan
2021-01-11 00:00:00+00:00,-5.9367743,0.0,0.22690475,Saskatchewan
2021-01-12 00:00:00+00:00,-2.3504643,0.0,0.22685711,Saskatchewan
2021-01-13 00:00:00+00:00,0.20876196,2.2714286,0.22697619,Saskatchewan
2021-01-14 00:00:00+00:00,-1.3165357,4.8428574,0.22766666,Saskatchewan
2021-01-15 00:00:00+00:00,-6.237369,0.014285714,0.22876786,Saskatchewan
2021-01-16 00:00:00+00:00,-4.462369,0.057142857,0.22923811,Saskatchewan
2021-01-17 00:00:00+00:00,-5.1820116,0.37142855,0.22922024,Saskatchewan
2021-01-18 00:00:00+00:00,-5.2186193,1.8857143,0.22927976,Saskatchewan
2021-01-19 00:00:00+00:00,-7.8632617,0.81428576,0.2292857,Saskatchewan
2021-01-20 00:00:00+00:00,-0.46475,1.3285713,0.2292857,Saskatchewan
2021-01-21 00:00:00+00:00,-7.6406426,0.74285716,0.22936308,Saskatchewan
2021-01-22 00:00:00+00:00,-9.612071,0.6857143,0.229375,Saskatchewan
2021-01-23 00:00:00+00:00,-10.356119,1.1428571,0.22926785,Saskatchewan
2021-01-24 00:00:00+00:00,-23.502844,0.17142858,0.22910713,Saskatchewan
2021-01-25 00:00:00+00:00,-24.211475,0.17142858,0.22893451,Saskatchewan
2021-01-26 00:00:00+00:00,-23.353437,0.0,0.22876784,Saskatchewan
2021-01-27 00:00:00+00:00,-19.078737,0.0,0.2286131,Saskatchewan
2021-01-28 00:00:00+00:00,-14.097488,0.17142858,0.22847024,Saskatchewan
2021-01-29 00:00:00+00:00,-10.342727,0.41428575,0.22833928,Saskatchewan
2021-01-30 00:00:00+00:00,-9.54213,0.17142858,0.22821426,Saskatchewan
2021-01-31 00:00:00+00:00,-9.237964,0.0,0.22811903,Saskatchewan
2021-02-01 00:00:00+00:00,-5.4692144,0.0,0.22811309,Saskatchewan
2021-02-02 00:00:00+00:00,-2.1159403,0.014285714,0.22816667,Saskatchewan
2021-02-03 00:00:00+00:00,-8.102548,1.7285715,0.22835712,Saskatchewan
2021-02-04 00:00:00+00:00,-16.861177,0.057142857,0.22838093,Saskatchewan
2021-02-05 00:00:00+00:00,-19.492725,0.18571427,0.2282857,Saskatchewan
2021-02-06 00:00:00+00:00,-26.979334,0.10000001,0.22809525,Saskatchewan
2021-02-07 00:00:00+00:00,-29.075762,0.08571429,0.22805357,Saskatchewan
2021-02-08 00:00:00+00:00,-29.74481,0.0,0.22785714,Saskatchewan
2021-02-09 00:00:00+00:00,-25.805523,0.0,0.22785714,Saskatchewan
2021-02-10 00:00:00+00:00,-26.141537,0.0,0.22773215,Saskatchewan
2021-02-11 00:00:00+00:00,-29.969212,0.0,0.2277143,Saskatchewan
2021-02-12 00:00:00+00:00,-27.193024,0.0,0.2277143,Saskatchewan
2021-02-13 00:00:00+00:00,-29.06832,0.0,0.2277143,Saskatchewan
2021-02-14 00:00:00+00:00,-26.949572,0.0,0.2277143,Saskatchewan
2021-02-15 00:00:00+00:00,-22.196299,0.0,0.2277143,Saskatchewan
2021-02-16 00:00:00+00:00,-18.921001,0.0,0.2277143,Saskatchewan
2021-02-17 00:00:00+00:00,-17.444513,0.042857144,0.2277143,Saskatchewan
2021-02-18 00:00:00+00:00,-16.298084,0.0,0.2277143,Saskatchewan
2021-02-19 00:00:00+00:00,-12.696594,0.0,0.2277143,Saskatchewan
2021-02-20 00:00:00+00:00,-5.7805243,0.028571429,0.2277143,Saskatchewan
2021-02-21 00:00:00+00:00,-4.1968927,0.028571429,0.2277143,Saskatchewan
2021-02-22 00:00:00+00:00,2.6167977,0.4714286,0.22830951,Saskatchewan
2021-02-23 00:00:00+00:00,-2.5111787,0.98571426,0.23143451,Saskatchewan
2021-02-24 00:00:00+00:00,-4.905822,0.5,0.23261902,Saskatchewan
2021-02-25 00:00:00+00:00,-4.269214,0.14285715,0.23300596,Saskatchewan
2021-02-26 00:00:00+00:00,-3.009095,1.6714284,0.23328568,Saskatchewan
2021-02-27 00:00:00+00:00,-14.77993,0.82857144,0.23357141,Saskatchewan
2021-02-28 00:00:00+00:00,-13.850762,0.40000004,0.23371427,Saskatchewan
2021-03-01 00:00:00+00:00,-9.468023,0.08571429,0.23375595,Saskatchewan
2021-03-02 00:00:00+00:00,1.0391189,0.0,0.23514879,Saskatchewan
2021-03-03 00:00:00+00:00,-1.9936191,0.0,0.23791666,Saskatchewan
2021-03-04 00:00:00+00:00,-0.7593928,0.0,0.24117263,Saskatchewan
2021-03-05 00:00:00+00:00,1.2923928,0.0,0.24520238,Saskatchewan
2021-03-06 00:00:00+00:00,4.0718575,0.0,0.2514762,Saskatchewan
2021-03-07 00:00:00+00:00,2.6700711,0.0,0.25982738,Saskatchewan
2021-03-08 00:00:00+00:00,1.3019167,0.0,0.268375,Saskatchewan
2021-03-09 00:00:00+00:00,-0.9326072,5.157143,0.27482143,Saskatchewan
2021-03-10 00:00:00+00:00,-3.6748695,0.10000001,0.2773929,Saskatchewan
2021-03-11 00:00:00+00:00,-7.420405,0.028571429,0.27797028,Saskatchewan
2021-03-12 00:00:00+00:00,-3.6698098,0.0,0.278256,Saskatchewan
2021-03-13 00:00:00+00:00,1.208762,0.0,0.2793155,Saskatchewan
2021-03-14 00:00:00+00:00,2.940607,0.0,0.2838036,Saskatchewan
2021-03-15 00:00:00+00:00,3.0397143,0.0,0.29205957,Saskatchewan
2021-03-16 00:00:00+00:00,-1.0596905,0.9714285,0.29919645,Saskatchewan
2021-03-17 00:00:00+00:00,-1.5326073,0.057142857,0.3022738,Saskatchewan
2021-03-18 00:00:00+00:00,2.379,0.0,0.30686903,Saskatchewan
2021-03-19 00:00:00+00:00,6.229595,0.0,0.3135893,Saskatchewan
2021-03-20 00:00:00+00:00,6.24894,0.15714286,0.3206964,Saskatchewan
2021-03-21 00:00:00+00:00,1.7998332,0.0,0.3220238,Saskatchewan
2021-03-22 00:00:00+00:00,-0.3064167,0.5,0.32198218,Saskatchewan
2021-03-23 00:00:00+00:00,-1.7293333,0.6857143,0.32034522,Saskatchewan
2021-03-24 00:00:00+00:00,-1.741238,0.0,0.3184464,Saskatchewan
2021-03-25 00:00:00+00:00,0.7879286,1.6142856,0.31710714,Saskatchewan
2021-03-26 00:00:00+00:00,-1.9346905,0.8857144,0.31488094,Saskatchewan
2021-03-27 00:00:00+00:00,-1.6653452,0.15714286,0.31419644,Saskatchewan
2021-03-28 00:00:00+00:00,3.6861432,0.17142858,0.313375,Saskatchewan
2021-03-29 00:00:00+00:00,3.5909047,5.414286,0.3125357,Saskatchewan
2021-03-30 00:00:00+00:00,-7.3329043,3.0428567,0.3109464,Saskatchewan
2021-03-31 00:00:00+00:00,-4.725762,0.0,0.31010708,Saskatchewan
2021-04-01 00:00:00+00:00,4.2572737,0.0,0.30996424,Saskatchewan
2021-04-02 00:00:00+00:00,7.5840597,0.0,0.31116074,Saskatchewan
2021-04-03 00:00:00+00:00,5.100726,0.0,0.31115478,Saskatchewan
2021-04-04 00:00:00+00:00,6.187928,0.0,0.30794048,Saskatchewan
2021-04-05 00:00:00+00:00,5.7545953,0.057142857,0.3033631,Saskatchewan
2021-04-06 00:00:00+00:00,4.593583,0.0,0.29952976,Saskatchewan
2021-04-07 00:00:00+00:00,7.4974527,0.0,0.29398814,Saskatchewan
2021-04-08 00:00:00+00:00,9.032572,1.0714285,0.28465474,Saskatchewan
2021-04-09 00:00:00+00:00,3.9060836,0.014285714,0.28027973,Saskatchewan
2021-04-10 00:00:00+00:00,5.4182854,0.15714286,0.27929166,Saskatchewan
2021-04-11 00:00:00+00:00,2.6325715,5.928572,0.27896425,Saskatchewan
2021-04-12 00:00:00+00:00,-2.0087974,9.714286,0.2793631,Saskatchewan
2021-04-13 00:00:00+00:00,-2.9067142,7.1857142,0.27919647,Saskatchewan
2021-04-14 00:00:00+00:00,-2.1504645,0.10000001,0.27906552,Saskatchewan
2021-04-15 00:00:00+00:00,0.4420952,0.5714286,0.2769881,Saskatchewan
2021-04-16 00:00:00+00:00,2.3379288,0.0,0.27482733,Saskatchewan
2021-04-17 00:00:00+00:00,5.2605476,0.0,0.2723988,Saskatchewan
2021-04-18 00:00:00+00:00,3.136738,1.0428572,0.2682976,Saskatchewan
2021-04-19 00:00:00+00:00,-1.1171309,0.4571429,0.2694107,Saskatchewan
2021-04-20 00:00:00+00:00,-0.8802262,0.08571429,0.27038094,Saskatchewan
2021-04-21 00:00:00+00:00,4.0129285,0.0,0.2697381,Saskatchewan
2021-04-22 00:00:00+00:00,5.063821,0.5,0.26810715,Saskatchewan
2021-04-23 00:00:00+00:00,-1.7471905,0.10000001,0.26789287,Saskatchewan
2021-04-24 00:00:00+00:00,-0.3995714,0.0,0.2671905,Saskatchewan
2021-04-25 00:00:00+00:00,1.4090595,0.5285714,0.264381,Saskatchewan
2021-04-26 00:00:00+00:00,3.7748334,0.31428573,0.2632679,Saskatchewan
2021-04-27 00:00:00+00:00,6.5685835,0.028571429,0.2630476,Saskatchewan
2021-04-28 00:00:00+00:00,4.2254286,0.5,0.25763097,Saskatchewan
2021-04-29 00:00:00+00:00,6.345964,0.071428575,0.25342265,Saskatchewan
2021-04-30 00:00:00+00:00,11.086143,0.0,0.2490238,Saskatchewan
2021-05-01 00:00:00+00:00,14.477809,0.057142857,0.23627381,Saskatchewan
2021-05-02 00:00:00+00:00,9.99031,1.6571429,0.228875,Saskatchewan
2021-05-03 00:00:00+00:00,3.7498336,0.10000001,0.2301369,Saskatchewan
2021-05-04 00:00:00+00:00,4.665905,0.5714286,0.23254761,Saskatchewan
2021-05-05 00:00:00+00:00,5.888226,0.84285724,0.23273215,Saskatchewan
2021-05-06 00:00:00+00:00,8.211143,0.0,0.23094048,Saskatchewan
2021-05-07 00:00:00+00:00,8.043584,0.071428575,0.22726189,Saskatchewan
2021-05-08 00:00:00+00:00,8.19775,2.3285713,0.22557142,Saskatchewan
2021-05-09 00:00:00+00:00,5.8647146,0.2714286,0.22720239,Saskatchewan
2021-05-10 00:00:00+00:00,7.0647135,0.0,0.22678569,Saskatchewan
2021-05-11 00:00:00+00:00,9.979297,0.071428575,0.22580953,Saskatchewan
2021-05-12 00:00:00+00:00,11.297453,0.17142858,0.22415479,Saskatchewan
2021-05-13 00:00:00+00:00,12.257571,0.22857144,0.22067262,Saskatchewan
2021-05-14 00:00:00+00:00,13.663226,0.27142856,0.2156607,Saskatchewan
2021-05-15 00:00:00+00:00,14.201917,0.12857144,0.21195237,Saskatchewan
2021-05-16 00:00:00+00:00,16.655787,0.014285714,0.20858334,Saskatchewan
2021-05-17 00:00:00+00:00,19.563822,0.0,0.20292856,Saskatchewan
2021-05-18 00:00:00+00:00,21.554596,0.0,0.19998811,Saskatchewan
2021-05-19 00:00:00+00:00,14.456678,0.37142855,0.19883333,Saskatchewan
2021-05-20 00:00:00+00:00,5.506678,4.7714286,0.20052977,Saskatchewan
2021-05-21 00:00:00+00:00,1.7385238,11.714286,0.20480356,Saskatchewan
2021-05-22 00:00:00+00:00,4.3977504,0.88571423,0.23452976,Saskatchewan
2021-05-23 00:00:00+00:00,7.851321,1.6142856,0.24693452,Saskatchewan
2021-05-24 00:00:00+00:00,10.990607,21.557142,0.27819642,Saskatchewan
2021-05-25 00:00:00+00:00,9.3706665,5.5285716,0.31790477,Saskatchewan
2021-05-26 00:00:00+00:00,6.2138214,0.057142857,0.325625,Saskatchewan
2021-05-27 00:00:00+00:00,8.692988,0.0,0.32,Saskatchewan
2021-05-28 00:00:00+00:00,11.768287,0.62857145,0.30849406,Saskatchewan
2021-05-29 00:00:00+00:00,13.056678,0.14285715,0.29684523,Saskatchewan
2021-05-30 00:00:00+00:00,12.495071,0.028571429,0.2827619,Saskatchewan
2021-05-31 00:00:00+00:00,15.3361435,0.0,0.26991072,Saskatchewan
2021-06-01 00:00:00+00:00,17.837631,0.0,0.25334522,Saskatchewan
2021-06-02 00:00:00+00:00,20.622452,0.0,0.24016666,Saskatchewan
2021-06-03 00:00:00+00:00,23.51263,0.0,0.22772025,Saskatchewan
2021-06-04 00:00:00+00:00,24.654894,0.0,0.21598808,Saskatchewan
2021-06-05 00:00:00+00:00,23.145666,0.29999998,0.21049406,Saskatchewan
2021-06-06 00:00:00+00:00,17.883465,2.5714285,0.20548214,Saskatchewan
2021-06-07 00:00:00+00:00,15.592988,1.1428572,0.20548809,Saskatchewan
2021-06-08 00:00:00+00:00,16.268286,1.0285715,0.20685713,Saskatchewan
2021-06-09 00:00:00+00:00,16.144178,16.214285,0.21787499,Saskatchewan
2021-06-10 00:00:00+00:00,16.438524,8.228572,0.25138095,Saskatchewan
2021-06-11 00:00:00+00:00,15.126917,30.785715,0.31647024,Saskatchewan
2021-06-12 00:00:00+00:00,15.775429,0.50000006,0.35823217,Saskatchewan
2021-06-13 00:00:00+00:00,16.797749,0.028571429,0.33611903,Saskatchewan
2021-06-14 00:00:00+00:00,20.725725,0.0,0.31490475,Saskatchewan
2021-06-15 00:00:00+00:00,23.436441,0.0,0.2914881,Saskatchewan
2021-06-16 00:00:00+00:00,21.57275,2.657143,0.27224407,Saskatchewan
2021-06-17 00:00:00+00:00,17.91412,0.0,0.26399404,Saskatchewan
2021-06-18 00:00:00+00:00,15.035548,0.6999999,0.25719643,Saskatchewan
2021-06-19 00:00:00+00:00,14.9885235,1.1999999,0.2545714,Saskatchewan
2021-06-20 00:00:00+00:00,14.036142,0.7714286,0.25119048,Saskatchewan
2021-06-21 00:00:00+00:00,12.762631,0.0,0.24661906,Saskatchewan
2021-06-22 00:00:00+00:00,18.711441,0.071428575,0.24111904,Saskatchewan
2021-06-23 00:00:00+00:00,21.145964,0.071428575,0.23017262,Saskatchewan
2021-06-24 00:00:00+00:00,17.149832,2.9285717,0.2313095,Saskatchewan
2021-06-25 00:00:00+00:00,17.673346,0.67142856,0.23298216,Saskatchewan
2021-06-26 00:00:00+00:00,20.235548,1.5285715,0.22814286,Saskatchewan
2021-06-27 00:00:00+00:00,20.817392,3.1285713,0.22230951,Saskatchewan
2021-06-28 00:00:00+00:00,20.076916,0.014285714,0.22022024,Saskatchewan
2021-06-29 00:00:00+00:00,22.335546,0.028571429,0.21695831,Saskatchewan
2021-06-30 00:00:00+00:00,24.197453,0.0,0.2115238,Saskatchewan
2021-07-01 00:00:00+00:00,25.374533,0.0,0.20757738,Saskatchewan
2021-07-02 00:00:00+00:00,27.171263,0.0,0.20126785,Saskatchewan
2021-07-03 00:00:00+00:00,26.483465,0.5857142,0.19413097,Saskatchewan
2021-07-04 00:00:00+00:00,23.104893,0.4857143,0.19697618,Saskatchewan
2021-07-05 00:00:00+00:00,19.625427,1.9428571,0.20045832,Saskatchewan
2021-07-06 00:00:00+00:00,16.739714,0.81428576,0.20693454,Saskatchewan
2021-07-07 00:00:00+00:00,16.881975,1.5857143,0.21393453,Saskatchewan
2021-07-08 00:00:00+00:00,19.788525,2.1285713,0.21316072,Saskatchewan
2021-07-09 00:00:00+00:00,20.9162,1.8428571,0.21124999,Saskatchewan
2021-07-10 00:00:00+00:00,23.150726,0.0,0.20320833,Saskatchewan
2021-07-11 00:00:00+00:00,24.254,0.21428572,0.19922023,Saskatchewan
2021-07-12 00:00:00+00:00,21.148346,0.22857143,0.19902976,Saskatchewan
2021-07-13 00:00:00+00:00,20.555784,0.028571429,0.20230952,Saskatchewan
2021-07-14 00:00:00+00:00,20.923346,0.042857144,0.2060119,Saskatchewan
2021-07-15 00:00:00+00:00,23.827213,0.0,0.20454761,Saskatchewan
2021-07-16 00:00:00+00:00,24.748644,0.042857144,0.19808929,Saskatchewan
2021-07-17 00:00:00+00:00,24.253702,0.85714287,0.1962024,Saskatchewan
2021-07-18 00:00:00+00:00,23.66025,0.34285715,0.20080355,Saskatchewan
2021-07-19 00:00:00+00:00,21.688822,0.3285714,0.20534524,Saskatchewan
2021-07-20 00:00:00+00:00,21.083166,2.5,0.21270834,Saskatchewan
2021-07-21 00:00:00+00:00,22.393585,1.7714287,0.21930954,Saskatchewan
2021-07-22 00:00:00+00:00,23.618286,1.4142858,0.22348215,Saskatchewan
2021-07-23 00:00:00+00:00,21.51888,0.82857144,0.21942857,Saskatchewan
2021-07-24 00:00:00+00:00,20.492987,0.0,0.22111905,Saskatchewan
2021-07-25 00:00:00+00:00,20.769178,0.0,0.2188512,Saskatchewan
2021-07-26 00:00:00+00:00,20.790905,0.31428573,0.21273811,Saskatchewan
2021-07-27 00:00:00+00:00,22.555487,0.0,0.21138094,Saskatchewan
2021-07-28 00:00:00+00:00,23.459356,0.55714285,0.20559523,Saskatchewan
2021-07-29 00:00:00+00:00,22.249537,0.0,0.19907738,Saskatchewan
2021-07-30 00:00:00+00:00,23.080784,0.028571429,0.19386904,Saskatchewan
2021-07-31 00:00:00+00:00,22.64001,0.014285714,0.18804167,Saskatchewan
2021-08-01 00:00:00+00:00,22.94626,0.0,0.18447618,Saskatchewan
2021-08-02 00:00:00+00:00,24.505487,0.0,0.18252382,Saskatchewan
2021-08-03 00:00:00+00:00,24.26769,0.58571434,0.18015476,Saskatchewan
2021-08-04 00:00:00+00:00,22.628702,0.6285714,0.17892858,Saskatchewan
2021-08-05 00:00:00+00:00,20.559061,0.10000001,0.17997023,Saskatchewan
2021-08-06 00:00:00+00:00,23.055786,0.028571429,0.17846428,Saskatchewan
2021-08-07 00:00:00+00:00,23.80281,0.057142857,0.17892262,Saskatchewan
2021-08-08 00:00:00+00:00,22.11888,0.35714287,0.17480357,Saskatchewan
2021-08-09 00:00:00+00:00,17.254595,3.8000004,0.17601192,Saskatchewan
2021-08-10 00:00:00+00:00,16.130487,3.6857142,0.18016075,Saskatchewan
2021-08-11 00:00:00+00:00,17.309057,0.31428573,0.18429168,Saskatchewan
2021-08-12 00:00:00+00:00,16.440012,0.0,0.183125,Saskatchewan
2021-08-13 00:00:00+00:00,17.487333,0.0,0.18574405,Saskatchewan
2021-08-14 00:00:00+00:00,23.155487,0.0,0.18100595,Saskatchewan
2021-08-15 00:00:00+00:00,25.73019,0.0,0.1734643,Saskatchewan
2021-08-16 00:00:00+00:00,24.878702,0.0,0.17405356,Saskatchewan
2021-08-17 00:00:00+00:00,19.53555,1.957143,0.17439285,Saskatchewan
2021-08-18 00:00:00+00:00,14.692095,9.757143,0.18445835,Saskatchewan
2021-08-19 00:00:00+00:00,14.7593565,1.9285716,0.19711311,Saskatchewan
2021-08-20 00:00:00+00:00,14.215903,10.728571,0.21090476,Saskatchewan
2021-08-21 00:00:00+00:00,13.817095,0.9714285,0.23150596,Saskatchewan
2021-08-22 00:00:00+00:00,13.607272,17.84286,0.24173215,Saskatchewan
2021-08-23 00:00:00+00:00,13.013822,3.7428572,0.27964884,Saskatchewan
2021-08-24 00:00:00+00:00,13.124833,7.700001,0.29430953,Saskatchewan
2021-08-25 00:00:00+00:00,12.063523,0.08571429,0.30242258,Saskatchewan
2021-08-26 00:00:00+00:00,14.466798,0.014285714,0.29699403,Saskatchewan
2021-08-27 00:00:00+00:00,14.923643,4.9714284,0.2898155,Saskatchewan
2021-08-28 00:00:00+00:00,15.062928,1.8000001,0.29583332,Saskatchewan
2021-08-29 00:00:00+00:00,15.645072,0.071428575,0.2948393,Saskatchewan
2021-08-30 00:00:00+00:00,17.928106,0.0,0.28314883,Saskatchewan
2021-08-31 00:00:00+00:00,19.483168,0.6571428,0.2665,Saskatchewan
2021-09-01 00:00:00+00:00,17.786737,5.7285714,0.26241073,Saskatchewan
2021-09-02 00:00:00+00:00,14.117988,0.014285714,0.2648869,Saskatchewan
2021-09-03 00:00:00+00:00,14.464713,0.0,0.2619286,Saskatchewan
2021-09-04 00:00:00+00:00,14.43644,0.028571429,0.25741073,Saskatchewan
2021-09-05 00:00:00+00:00,16.082571,0.0,0.24971427,Saskatchewan
2021-09-06 00:00:00+00:00,17.782867,0.55714285,0.23752977,Saskatchewan
2021-09-07 00:00:00+00:00,16.184357,0.057142857,0.23469046,Saskatchewan
2021-09-08 00:00:00+00:00,16.07632,0.0,0.23073217,Saskatchewan
2021-09-09 00:00:00+00:00,18.661142,0.071428575,0.22434524,Saskatchewan
2021-09-10 00:00:00+00:00,18.081678,0.24285714,0.2171369,Saskatchewan
2021-09-11 00:00:00+00:00,12.990012,3.1571429,0.21582143,Saskatchewan
2021-09-12 00:00:00+00:00,12.294774,0.45714286,0.21833332,Saskatchewan
2021-09-13 00:00:00+00:00,13.810845,0.62857145,0.21811904,Saskatchewan
2021-09-14 00:00:00+00:00,13.253702,0.0,0.21614881,Saskatchewan
2021-09-15 00:00:00+00:00,15.581382,0.071428575,0.21095833,Saskatchewan
2021-09-16 00:00:00+00:00,11.107572,0.27142856,0.2096369,Saskatchewan
2021-09-17 00:00:00+00:00,9.804297,0.21428572,0.21109523,Saskatchewan
2021-09-18 00:00:00+00:00,18.756084,0.0,0.20880356,Saskatchewan
2021-09-19 00:00:00+00:00,17.743286,0.2857143,0.20190474,Saskatchewan
2021-09-20 00:00:00+00:00,11.658166,0.15714286,0.20338096,Saskatchewan
2021-09-21 00:00:00+00:00,11.601916,0.0,0.20576787,Saskatchewan
2021-09-22 00:00:00+00:00,15.276024,0.0,0.1992619,Saskatchewan
2021-09-23 00:00:00+00:00,15.179595,0.12857144,0.19220832,Saskatchewan
2021-09-24 00:00:00+00:00,10.083762,0.0,0.19236906,Saskatchewan
2021-09-25 00:00:00+00:00,15.119774,0.042857144,0.19124405,Saskatchewan
2021-09-26 00:00:00+00:00,15.949239,0.0,0.18495236,Saskatchewan
2021-09-27 00:00:00+00:00,18.51888,0.0,0.18083334,Saskatchewan
2021-09-28 00:00:00+00:00,18.545668,0.0,0.178625,Saskatchewan
2021-09-29 00:00:00+00:00,17.484058,0.21428572,0.17757739,Saskatchewan
2021-09-30 00:00:00+00:00,13.89656,0.0,0.18033929,Saskatchewan
2021-10-01 00:00:00+00:00,15.037034,0.0,0.18220834,Saskatchewan
2021-10-02 00:00:00+00:00,13.273345,0.0,0.18115474,Saskatchewan
2021-10-03 00:00:00+00:00,14.675131,0.0,0.18141071,Saskatchewan
2021-10-04 00:00:00+00:00,12.923643,0.0,0.17894046,Saskatchewan
2021-10-05 00:00:00+00:00,15.581381,0.0,0.17444643,Saskatchewan
2021-10-06 00:00:00+00:00,16.624237,0.0,0.17573214,Saskatchewan
2021-10-07 00:00:00+00:00,13.931083,0.014285714,0.1747381,Saskatchewan
2021-10-08 00:00:00+00:00,10.448049,0.5142857,0.17664286,Saskatchewan
2021-10-09 00:00:00+00:00,9.908464,0.0,0.17823215,Saskatchewan
2021-10-10 00:00:00+00:00,9.902214,0.0,0.1760119,Saskatchewan
2021-10-11 00:00:00+00:00,7.212631,1.314286,0.17383333,Saskatchewan
2021-10-12 00:00:00+00:00,3.1510239,0.0,0.17669049,Saskatchewan
2021-10-13 00:00:00+00:00,2.6733453,3.942857,0.17849402,Saskatchewan
2021-10-14 00:00:00+00:00,2.3370357,8.857142,0.18647024,Saskatchewan
2021-10-15 00:00:00+00:00,3.4057858,0.5142857,0.20045832,Saskatchewan
2021-10-16 00:00:00+00:00,5.893584,0.0,0.20736904,Saskatchewan
2021-10-17 00:00:00+00:00,10.523345,0.0,0.20369641,Saskatchewan
2021-10-18 00:00:00+00:00,10.218286,0.0,0.1978155,Saskatchewan
2021-10-19 00:00:00+00:00,4.251917,0.0,0.19814882,Saskatchewan
2021-10-20 00:00:00+00:00,0.8593573,0.0,0.20002379,Saskatchewan
2021-10-21 00:00:00+00:00,1.3397146,0.0,0.20104763,Saskatchewan
2021-10-22 00:00:00+00:00,1.2956667,0.042857144,0.20098217,Saskatchewan
2021-10-23 00:00:00+00:00,2.579,0.95714283,0.2008929,Saskatchewan
2021-10-24 00:00:00+00:00,3.2825716,1.3428571,0.20350595,Saskatchewan
2021-10-25 00:00:00+00:00,5.524238,0.057142857,0.20557144,Saskatchewan
2021-10-26 00:00:00+00:00,6.19775,3.5714285,0.20735118,Saskatchewan
2021-10-27 00:00:00+00:00,5.9453692,0.7285714,0.21188097,Saskatchewan
2021-10-28 00:00:00+00:00,4.9977503,0.0,0.21708332,Saskatchewan
2021-10-29 00:00:00+00:00,5.342988,1.4142858,0.21670239,Saskatchewan
2021-10-30 00:00:00+00:00,2.54775,5.071429,0.22265477,Saskatchewan
2021-10-31 00:00:00+00:00,-0.5135596,0.057142857,0.23132142,Saskatchewan
2021-11-01 00:00:00+00:00,-2.4760594,0.22857143,0.23404762,Saskatchewan
2021-11-02 00:00:00+00:00,-2.8397498,0.0,0.23529167,Saskatchewan
2021-11-03 00:00:00+00:00,-1.0141547,0.0,0.23567264,Saskatchewan
2021-11-04 00:00:00+00:00,2.359357,0.0,0.23596431,Saskatchewan
2021-11-05 00:00:00+00:00,7.0650125,0.3,0.23279166,Saskatchewan
2021-11-06 00:00:00+00:00,5.2992377,0.10000001,0.23083927,Saskatchewan
2021-11-07 00:00:00+00:00,2.3986428,0.071428575,0.22894049,Saskatchewan
2021-11-08 00:00:00+00:00,1.7831666,0.0,0.22839287,Saskatchewan
2021-11-09 00:00:00+00:00,0.056083355,0.0,0.2279226,Saskatchewan
2021-11-10 00:00:00+00:00,1.8528095,4.914286,0.22774401,Saskatchewan
2021-11-11 00:00:00+00:00,-2.0090954,5.3428574,0.22894046,Saskatchewan
2021-11-12 00:00:00+00:00,-6.062369,0.25714287,0.22977379,Saskatchewan
2021-11-13 00:00:00+00:00,-3.3823094,1.2571429,0.23016663,Saskatchewan
2021-11-14 00:00:00+00:00,-2.2245715,0.61428577,0.23083332,Saskatchewan
2021-11-15 00:00:00+00:00,-0.42219058,1.0428572,0.23183332,Saskatchewan
2021-11-16 00:00:00+00:00,2.0450714,3.942857,0.23397021,Saskatchewan
2021-11-17 00:00:00+00:00,-4.296595,4.171428,0.23584522,Saskatchewan
2021-11-18 00:00:00+00:00,-7.2915354,0.0,0.23691668,Saskatchewan
2021-11-19 00:00:00+00:00,-3.8888571,0.0,0.2373631,Saskatchewan
2021-11-20 00:00:00+00:00,-3.735583,0.042857144,0.23744047,Saskatchewan
2021-11-21 00:00:00+00:00,-9.248679,0.14285716,0.23719643,Saskatchewan
2021-11-22 00:00:00+00:00,-3.4528453,0.014285714,0.23698214,Saskatchewan
2021-11-23 00:00:00+00:00,0.3310833,0.028571429,0.23663689,Saskatchewan
2021-11-24 00:00:00+00:00,-10.37219,0.50000006,0.23641072,Saskatchewan
2021-11-25 00:00:00+00:00,-7.0468926,0.028571429,0.23622024,Saskatchewan
2021-11-26 00:00:00+00:00,0.82423824,0.22857143,0.23583333,Saskatchewan
2021-11-27 00:00:00+00:00,-0.33439288,1.3142859,0.23573808,Saskatchewan
2021-11-28 00:00:00+00:00,-1.9239762,0.028571429,0.2355,Saskatchewan
2021-11-29 00:00:00+00:00,0.06352369,0.7,0.23508334,Saskatchewan
2021-11-30 00:00:00+00:00,-0.9909405,1.2714287,0.23509523,Saskatchewan
2021-12-01 00:00:00+00:00,2.5569763,0.95714295,0.23520835,Saskatchewan
2021-12-02 00:00:00+00:00,-0.23082142,0.81428576,0.23686902,Saskatchewan
2021-12-03 00:00:00+00:00,-3.0650477,0.6857143,0.23782739,Saskatchewan
2021-12-04 00:00:00+00:00,-6.460583,0.34285715,0.23814285,Saskatchewan
2021-12-05 00:00:00+00:00,-8.935881,3.2857144,0.23823214,Saskatchewan
2021-12-06 00:00:00+00:00,-17.351357,0.057142857,0.23795831,Saskatchewan
2021-12-07 00:00:00+00:00,-13.923381,0.0,0.23747022,Saskatchewan
2021-12-08 00:00:00+00:00,-9.209989,1.7714287,0.23692854,Saskatchewan
2021-12-09 00:00:00+00:00,-3.624869,0.25714287,0.23622021,Saskatchewan
2021-12-10 00:00:00+00:00,-8.24719,0.014285714,0.2357619,Saskatchewan
2021-12-11 00:00:00+00:00,-4.9933214,0.0,0.23525,Saskatchewan
2021-12-12 00:00:00+00:00,-0.46385714,0.64285713,0.23475002,Saskatchewan
2021-12-13 00:00:00+00:00,-6.086476,0.0,0.23438095,Saskatchewan
2021-12-14 00:00:00+00:00,-3.684988,0.5,0.2338631,Saskatchewan
2021-12-15 00:00:00+00:00,-10.718619,1.3714286,0.23339288,Saskatchewan
2021-12-16 00:00:00+00:00,-19.093916,0.0,0.23294048,Saskatchewan
2021-12-17 00:00:00+00:00,-19.760584,1.2428571,0.2325357,Saskatchewan
2021-12-18 00:00:00+00:00,-19.911478,0.028571429,0.2321488,Saskatchewan
2021-12-19 00:00:00+00:00,-11.2992735,0.15714286,0.23173213,Saskatchewan
2021-12-20 00:00:00+00:00,-16.437368,0.0,0.23127379,Saskatchewan
2021-12-21 00:00:00+00:00,-14.076059,0.3,0.23114286,Saskatchewan
2021-12-22 00:00:00+00:00,-9.9105835,0.6,0.23072024,Saskatchewan
2021-12-23 00:00:00+00:00,-7.2087975,2.6857142,0.23054762,Saskatchewan
2021-12-24 00:00:00+00:00,-13.251357,1.1999999,0.23022024,Saskatchewan
2021-12-25 00:00:00+00:00,-22.197784,0.7571429,0.2298869,Saskatchewan
2021-12-26 00:00:00+00:00,-23.64362,2.5285716,0.22965476,Saskatchewan
2021-12-27 00:00:00+00:00,-24.78082,5.914286,0.22930953,Saskatchewan
2021-12-28 00:00:00+00:00,-32.109394,0.071428575,0.22898217,Saskatchewan
2021-12-29 00:00:00+00:00,-29.217726,0.0,0.22885714,Saskatchewan
2021-12-30 00:00:00+00:00,-28.204927,0.028571429,0.22876784,Saskatchewan
2021-12-31 00:00:00+00:00,-31.49124,0.0,0.22844644,Saskatchewan
2022-01-01 00:00:00+00:00,-28.816833,0.0,0.22818454,Saskatchewan
2022-01-02 00:00:00+00:00,-17.125463,0.057142857,0.22814287,Saskatchewan
2022-01-03 00:00:00+00:00,-16.284689,0.31428576,0.22796428,Saskatchewan
2022-01-04 00:00:00+00:00,-20.748976,3.7285714,0.22780357,Saskatchewan
2022-01-05 00:00:00+00:00,-26.33469,1.0000001,0.22762501,Saskatchewan
2022-01-06 00:00:00+00:00,-31.721598,0.0,0.22757144,Saskatchewan
2022-01-07 00:00:00+00:00,-25.095999,1.8142856,0.22740479,Saskatchewan
2022-01-08 00:00:00+00:00,-20.753439,0.7,0.22714286,Saskatchewan
2022-01-09 00:00:00+00:00,-25.739452,0.15714286,0.22711311,Saskatchewan
2022-01-10 00:00:00+00:00,-19.514452,0.042857144,0.227,Saskatchewan
2022-01-11 00:00:00+00:00,-3.084988,0.028571429,0.22702977,Saskatchewan
2022-01-12 00:00:00+00:00,-3.5909407,0.42857143,0.22704168,Saskatchewan
2022-01-13 00:00:00+00:00,-3.4858806,0.4,0.2269524,Saskatchewan
2022-01-14 00:00:00+00:00,-6.640643,5.7428575,0.22707143,Saskatchewan
2022-01-15 00:00:00+00:00,-4.653441,0.057142857,0.22716667,Saskatchewan
2022-01-16 00:00:00+00:00,-1.0793334,0.42857143,0.22718453,Saskatchewan
2022-01-17 00:00:00+00:00,-4.7787375,0.5714286,0.22748812,Saskatchewan
2022-01-18 00:00:00+00:00,-12.51475,1.9857142,0.22759525,Saskatchewan
2022-01-19 00:00:00+00:00,-25.718021,0.0,0.22750004,Saskatchewan
2022-01-20 00:00:00+00:00,-20.64719,0.0,0.22728574,Saskatchewan
2022-01-21 00:00:00+00:00,-4.0567145,2.885714,0.22730955,Saskatchewan
2022-01-22 00:00:00+00:00,-13.07338,1.9285715,0.22742262,Saskatchewan
2022-01-23 00:00:00+00:00,-7.51356,2.0285714,0.22766669,Saskatchewan
2022-01-24 00:00:00+00:00,-14.243917,1.3571427,0.22823216,Saskatchewan
2022-01-25 00:00:00+00:00,-21.319513,0.114285715,0.22851786,Saskatchewan
2022-01-26 00:00:00+00:00,-3.3492742,0.9857143,0.22858928,Saskatchewan
2022-01-27 00:00:00+00:00,-8.858202,0.42857143,0.22869644,Saskatchewan
2022-01-28 00:00:00+00:00,-9.923678,0.08571429,0.22868454,Saskatchewan
2022-01-29 00:00:00+00:00,-5.0998693,0.0,0.22873215,Saskatchewan
2022-01-30 00:00:00+00:00,-6.5379643,0.0,0.22886908,Saskatchewan
2022-01-31 00:00:00+00:00,-4.7180243,2.4857142,0.22898813,Saskatchewan
2022-02-01 00:00:00+00:00,-18.148678,2.1714284,0.22907145,Saskatchewan
2022-02-02 00:00:00+00:00,-25.751654,0.0,0.22914287,Saskatchewan
2022-02-03 00:00:00+00:00,-24.173975,0.1,0.22894049,Saskatchewan
2022-02-04 00:00:00+00:00,-24.009989,0.3285714,0.22885714,Saskatchewan
2022-02-05 00:00:00+00:00,-9.588263,5.8285713,0.22885714,Saskatchewan
2022-02-06 00:00:00+00:00,-12.260881,0.29999998,0.22887501,Saskatchewan
2022-02-07 00:00:00+00:00,-1.3605834,0.14285715,0.22919643,Saskatchewan
2022-02-08 00:00:00+00:00,1.2944763,0.41428572,0.2297262,Saskatchewan
2022-02-09 00:00:00+00:00,-3.17725,0.3857143,0.23013689,Saskatchewan
2022-02-10 00:00:00+00:00,2.3843575,2.1142857,0.23060119,Saskatchewan
2022-02-11 00:00:00+00:00,-12.498084,0.61428577,0.231625,Saskatchewan
2022-02-12 00:00:00+00:00,-14.846297,0.42857143,0.23185715,Saskatchewan
2022-02-13 00:00:00+00:00,-8.200166,1.2,0.23191668,Saskatchewan
2022-02-14 00:00:00+00:00,-13.067429,0.38571426,0.23214285,Saskatchewan
2022-02-15 00:00:00+00:00,-11.974869,1.9714285,0.23214285,Saskatchewan
2022-02-16 00:00:00+00:00,-16.060583,0.10000001,0.23214285,Saskatchewan
2022-02-17 00:00:00+00:00,-20.653738,0.54285717,0.23214285,Saskatchewan
2022-02-18 00:00:00+00:00,-12.749572,1.5857142,0.23207141,Saskatchewan
2022-02-19 00:00:00+00:00,-9.779333,1.1142857,0.232,Saskatchewan
2022-02-20 00:00:00+00:00,-14.68231,4.171428,0.23210715,Saskatchewan
2022-02-21 00:00:00+00:00,-23.908499,0.24285714,0.23213692,Saskatchewan
2022-02-22 00:00:00+00:00,-27.24094,0.0,0.232,Saskatchewan
2022-02-23 00:00:00+00:00,-26.097486,0.0,0.232,Saskatchewan
2022-02-24 00:00:00+00:00,-22.538858,0.0,0.232,Saskatchewan
2022-02-25 00:00:00+00:00,-18.333202,0.0,0.232,Saskatchewan
2022-02-26 00:00:00+00:00,-8.423381,0.014285714,0.232,Saskatchewan
2022-02-27 00:00:00+00:00,-7.962964,0.071428575,0.23217857,Saskatchewan
2022-02-28 00:00:00+00:00,-8.117429,0.9714285,0.23249403,Saskatchewan
2022-03-01 00:00:00+00:00,-8.669809,0.74285716,0.23278572,Saskatchewan
2022-03-02 00:00:00+00:00,-10.102548,0.6857143,0.23292856,Saskatchewan
2022-03-03 00:00:00+00:00,-14.440941,1.3142859,0.23300001,Saskatchewan
2022-03-04 00:00:00+00:00,-9.674571,7.942857,0.23300001,Saskatchewan
2022-03-05 00:00:00+00:00,-10.443619,1.1571428,0.23300001,Saskatchewan
2022-03-06 00:00:00+00:00,-11.286774,0.27142856,0.23300001,Saskatchewan
2022-03-07 00:00:00+00:00,-7.10731,0.7428571,0.23307738,Saskatchewan
2022-03-08 00:00:00+00:00,-8.76088,1.1285714,0.23314285,Saskatchewan
2022-03-09 00:00:00+00:00,-17.669512,0.114285715,0.23314285,Saskatchewan
2022-03-10 00:00:00+00:00,-16.788263,0.17142858,0.23314285,Saskatchewan
2022-03-11 00:00:00+00:00,-21.037964,0.028571429,0.23314285,Saskatchewan
2022-03-12 00:00:00+00:00,-8.576952,0.5714286,0.23315476,Saskatchewan
2022-03-13 00:00:00+00:00,-4.6278453,0.20000002,0.23369643,Saskatchewan
2022-03-14 00:00:00+00:00,-4.9948096,0.5428571,0.2351905,Saskatchewan
2022-03-15 00:00:00+00:00,-0.24451205,0.3857143,0.23661904,Saskatchewan
2022-03-16 00:00:00+00:00,1.473345,0.6857143,0.23866667,Saskatchewan
2022-03-17 00:00:00+00:00,-0.1474881,0.0,0.24299406,Saskatchewan
2022-03-18 00:00:00+00:00,1.5456667,0.114285715,0.2488869,Saskatchewan
2022-03-19 00:00:00+00:00,0.81054753,0.0,0.25484523,Saskatchewan
2022-03-20 00:00:00+00:00,1.4349524,0.15714286,0.2615238,Saskatchewan
2022-03-21 00:00:00+00:00,1.5495358,0.74285716,0.27133927,Saskatchewan
2022-03-22 00:00:00+00:00,1.0037024,0.10000001,0.28034523,Saskatchewan
2022-03-23 00:00:00+00:00,1.4096546,0.0,0.28645238,Saskatchewan
2022-03-24 00:00:00+00:00,3.731381,2.4857142,0.29447025,Saskatchewan
2022-03-25 00:00:00+00:00,-2.4209998,0.042857144,0.3009643,Saskatchewan
2022-03-26 00:00:00+00:00,-8.015047,0.2857143,0.3022202,Saskatchewan
2022-03-27 00:00:00+00:00,-4.897488,0.0,0.30145237,Saskatchewan
2022-03-28 00:00:00+00:00,0.35638085,0.9,0.3001666,Saskatchewan
2022-03-29 00:00:00+00:00,-0.48707145,0.8428572,0.30109522,Saskatchewan
2022-03-30 00:00:00+00:00,-2.4189167,0.10000001,0.30230358,Saskatchewan
2022-03-31 00:00:00+00:00,0.84655964,0.9285714,0.30170235,Saskatchewan
2022-04-01 00:00:00+00:00,1.8614404,0.8428572,0.30628568,Saskatchewan
2022-04-02 00:00:00+00:00,-0.9951072,0.1,0.3082857,Saskatchewan
2022-04-03 00:00:00+00:00,1.4099524,1.2428571,0.309619,Saskatchewan
2022-04-04 00:00:00+00:00,4.018584,0.042857144,0.31263688,Saskatchewan
2022-04-05 00:00:00+00:00,3.9537024,8.042856,0.32085118,Saskatchewan
2022-04-06 00:00:00+00:00,1.5334643,2.085714,0.32873812,Saskatchewan
2022-04-07 00:00:00+00:00,1.3349525,0.14285715,0.33273214,Saskatchewan
2022-04-08 00:00:00+00:00,3.6525118,0.0,0.33545834,Saskatchewan
2022-04-09 00:00:00+00:00,6.6974525,2.2714286,0.33776784,Saskatchewan
2022-04-10 00:00:00+00:00,1.8864405,0.27142859,0.33851787,Saskatchewan
2022-04-11 00:00:00+00:00,-2.4001667,0.114285715,0.33354166,Saskatchewan
2022-04-12 00:00:00+00:00,-6.387666,0.057142857,0.32864285,Saskatchewan
2022-04-13 00:00:00+00:00,-6.579631,5.3285713,0.32547024,Saskatchewan
2022-04-14 00:00:00+00:00,-6.7650476,6.2999997,0.32317263,Saskatchewan
2022-04-15 00:00:00+00:00,-7.404631,1.3142859,0.32136303,Saskatchewan
2022-04-16 00:00:00+00:00,-5.807309,0.057142857,0.31977382,Saskatchewan
2022-04-17 00:00:00+00:00,-4.1644526,1.7857143,0.31858927,Saskatchewan
2022-04-18 00:00:00+00:00,-2.7513568,0.1,0.31748214,Saskatchewan
2022-04-19 00:00:00+00:00,-0.6236786,1.1857144,0.31625,Saskatchewan
2022-04-20 00:00:00+00:00,-0.4105835,3.4428573,0.3150238,Saskatchewan
2022-04-21 00:00:00+00:00,-0.50314295,0.14285715,0.31425,Saskatchewan
2022-04-22 00:00:00+00:00,1.5700715,0.35714287,0.3136607,Saskatchewan
2022-04-23 00:00:00+00:00,1.6935834,3.6857142,0.31545833,Saskatchewan
2022-04-24 00:00:00+00:00,3.6019168,3.414286,0.32027382,Saskatchewan
2022-04-25 00:00:00+00:00,1.1388217,0.0,0.31982738,Saskatchewan
2022-04-26 00:00:00+00:00,1.724238,0.0,0.31680354,Saskatchewan
2022-04-27 00:00:00+00:00,3.5432858,1.0142857,0.31333333,Saskatchewan
2022-04-28 00:00:00+00:00,5.5870357,0.27142859,0.31002378,Saskatchewan
2022-04-29 00:00:00+00:00,6.8873334,0.20000002,0.30779168,Saskatchewan
2022-04-30 00:00:00+00:00,7.573047,0.48571423,0.30192855,Saskatchewan
2022-05-01 00:00:00+00:00,7.2289996,0.057142857,0.29414287,Saskatchewan
2022-05-02 00:00:00+00:00,6.770369,0.057142857,0.2879762,Saskatchewan
2022-05-03 00:00:00+00:00,8.729,0.014285714,0.28241667,Saskatchewan
2022-05-04 00:00:00+00:00,11.134059,0.2,0.27551785,Saskatchewan
2022-05-05 00:00:00+00:00,15.802215,0.0,0.26545835,Saskatchewan
2022-05-06 00:00:00+00:00,16.35787,1.3714286,0.25599402,Saskatchewan
2022-05-07 00:00:00+00:00,13.133166,3.6714284,0.2524226,Saskatchewan
2022-05-08 00:00:00+00:00,9.209952,3.0714285,0.25757143,Saskatchewan
2022-05-09 00:00:00+00:00,8.388524,2.0142856,0.25514883,Saskatchewan
2022-05-10 00:00:00+00:00,7.675429,4.857143,0.26043454,Saskatchewan
2022-05-11 00:00:00+00:00,8.570964,1.042857,0.26442263,Saskatchewan
2022-05-12 00:00:00+00:00,10.94269,0.45714283,0.26084524,Saskatchewan
2022-05-13 00:00:00+00:00,9.317096,23.814285,0.28178573,Saskatchewan
2022-05-14 00:00:00+00:00,5.818881,5.342857,0.3256488,Saskatchewan
2022-05-15 00:00:00+00:00,9.70906,0.25714287,0.31772617,Saskatchewan
2022-05-16 00:00:00+00:00,11.150429,0.32857147,0.30593452,Saskatchewan
2022-05-17 00:00:00+00:00,12.579893,1.3285714,0.2944643,Saskatchewan
2022-05-18 00:00:00+00:00,10.55281,3.8428574,0.29280955,Saskatchewan
2022-05-19 00:00:00+00:00,8.16025,11.428572,0.2984226,Saskatchewan
2022-05-20 00:00:00+00:00,3.2676904,4.4714284,0.30866075,Saskatchewan
2022-05-21 00:00:00+00:00,4.728702,0.12857142,0.30704167,Saskatchewan
2022-05-22 00:00:00+00:00,7.6275115,0.0,0.30100593,Saskatchewan
2022-05-23 00:00:00+00:00,10.821261,0.0,0.2911131,Saskatchewan
2022-05-24 00:00:00+00:00,13.089714,0.31428573,0.2799643,Saskatchewan
2022-05-25 00:00:00+00:00,14.609953,0.65714294,0.26541072,Saskatchewan
2022-05-26 00:00:00+00:00,15.583464,0.15714286,0.2547262,Saskatchewan
2022-05-27 00:00:00+00:00,15.398345,1.6857144,0.2445893,Saskatchewan
2022-05-28 00:00:00+00:00,14.062631,2.3428571,0.24445239,Saskatchewan
2022-05-29 00:00:00+00:00,13.888822,11.3714285,0.26105955,Saskatchewan
2022-05-30 00:00:00+00:00,12.760549,0.9857143,0.27640477,Saskatchewan
2022-05-31 00:00:00+00:00,11.096857,0.071428575,0.2760893,Saskatchewan
2022-06-01 00:00:00+00:00,11.375131,0.042857144,0.26889285,Saskatchewan
2022-06-02 00:00:00+00:00,12.44388,0.0,0.2616131,Saskatchewan
2022-06-03 00:00:00+00:00,12.684059,0.0,0.25191668,Saskatchewan
2022-06-04 00:00:00+00:00,14.770369,0.014285714,0.2424762,Saskatchewan
2022-06-05 00:00:00+00:00,13.599238,1.4000002,0.233375,Saskatchewan
2022-06-06 00:00:00+00:00,12.426917,2.7142856,0.23048218,Saskatchewan
2022-06-07 00:00:00+00:00,13.677809,0.25714287,0.22955357,Saskatchewan
2022-06-08 00:00:00+00:00,15.032571,0.29999998,0.22486904,Saskatchewan
2022-06-09 00:00:00+00:00,16.648046,1.0285715,0.2174762,Saskatchewan
2022-06-10 00:00:00+00:00,16.344774,4.157143,0.2143214,Saskatchewan
2022-06-11 00:00:00+00:00,17.284655,0.7285714,0.21221426,Saskatchewan
2022-06-12 00:00:00+00:00,17.503405,3.114286,0.20806548,Saskatchewan
2022-06-13 00:00:00+00:00,17.488523,6.557143,0.20581546,Saskatchewan
2022-06-14 00:00:00+00:00,15.0093565,9.085714,0.22010715,Saskatchewan
2022-06-15 00:00:00+00:00,12.842393,6.8142858,0.23343451,Saskatchewan
2022-06-16 00:00:00+00:00,14.65906,1.0142856,0.24991073,Saskatchewan
2022-06-17 00:00:00+00:00,17.976917,0.057142857,0.25012502,Saskatchewan
2022-06-18 00:00:00+00:00,22.755188,0.0,0.24231546,Saskatchewan
2022-06-19 00:00:00+00:00,21.290012,7.085714,0.23569643,Saskatchewan
2022-06-20 00:00:00+00:00,18.099537,6.7999997,0.24403574,Saskatchewan
2022-06-21 00:00:00+00:00,16.509357,13.057143,0.26647618,Saskatchewan
2022-06-22 00:00:00+00:00,18.024237,0.37142858,0.28172025,Saskatchewan
2022-06-23 00:00:00+00:00,19.134953,1.9714286,0.2709107,Saskatchewan
2022-06-24 00:00:00+00:00,16.128405,5.1142855,0.26297617,Saskatchewan
2022-06-25 00:00:00+00:00,12.708166,2.614286,0.26272026,Saskatchewan
2022-06-26 00:00:00+00:00,15.392096,1.4428571,0.26264882,Saskatchewan
2022-06-27 00:00:00+00:00,17.604,0.37142858,0.25375003,Saskatchewan
2022-06-28 00:00:00+00:00,16.309952,0.81428576,0.24575594,Saskatchewan
2022-06-29 00:00:00+00:00,18.398046,4.485715,0.24043453,Saskatchewan
2022-06-30 00:00:00+00:00,16.303404,1.6000001,0.23805356,Saskatchewan
2022-07-01 00:00:00+00:00,15.948641,0.35714287,0.23401786,Saskatchewan
2022-07-02 00:00:00+00:00,16.273046,1.0714285,0.22868453,Saskatchewan
2022-07-03 00:00:00+00:00,16.88406,3.7285717,0.23068452,Saskatchewan
2022-07-04 00:00:00+00:00,17.365904,6.571429,0.2351131,Saskatchewan
2022-07-05 00:00:00+00:00,16.299833,5.7428575,0.25107738,Saskatchewan
2022-07-06 00:00:00+00:00,17.38287,1.6285715,0.26372024,Saskatchewan
2022-07-07 00:00:00+00:00,17.857273,3.3857143,0.26711902,Saskatchewan
2022-07-08 00:00:00+00:00,19.998047,3.2142856,0.2695,Saskatchewan
2022-07-09 00:00:00+00:00,22.389416,3.9285715,0.26482144,Saskatchewan
2022-07-10 00:00:00+00:00,20.429892,7.1142855,0.25774404,Saskatchewan
2022-07-11 00:00:00+00:00,18.698345,0.9285713,0.26124403,Saskatchewan
2022-07-12 00:00:00+00:00,20.278702,0.0,0.2558631,Saskatchewan
2022-07-13 00:00:00+00:00,22.295965,0.0,0.24731548,Saskatchewan
2022-07-14 00:00:00+00:00,22.104298,4.985714,0.24130952,Saskatchewan
2022-07-15 00:00:00+00:00,22.313524,0.87142855,0.24404168,Saskatchewan
2022-07-16 00:00:00+00:00,23.828403,0.5714286,0.2412262,Saskatchewan
2022-07-17 00:00:00+00:00,24.06888,0.057142857,0.23344047,Saskatchewan
2022-07-18 00:00:00+00:00,23.238226,3.5142856,0.22945832,Saskatchewan
2022-07-19 00:00:00+00:00,20.471857,24.1,0.26561907,Saskatchewan
2022-07-20 00:00:00+00:00,19.918583,1.8142856,0.2924107,Saskatchewan
2022-07-21 00:00:00+00:00,19.215012,0.042857144,0.28586906,Saskatchewan
2022-07-22 00:00:00+00:00,19.365904,0.18571427,0.2761845,Saskatchewan
2022-07-23 00:00:00+00:00,16.739416,0.24285714,0.27052382,Saskatchewan
2022-07-24 00:00:00+00:00,16.643583,0.042857144,0.264875,Saskatchewan
2022-07-25 00:00:00+00:00,18.394178,3.3857143,0.25786906,Saskatchewan
2022-07-26 00:00:00+00:00,16.900726,0.8428572,0.2580119,Saskatchewan
2022-07-27 00:00:00+00:00,16.525726,0.10000001,0.2562143,Saskatchewan
2022-07-28 00:00:00+00:00,17.311144,0.0,0.25123215,Saskatchewan
2022-07-29 00:00:00+00:00,20.07275,0.0,0.24379763,Saskatchewan
2022-07-30 00:00:00+00:00,21.550726,2.7857144,0.23380955,Saskatchewan
2022-07-31 00:00:00+00:00,19.320667,1.3571427,0.23359524,Saskatchewan
2022-08-01 00:00:00+00:00,19.865606,5.328572,0.23725595,Saskatchewan
2022-08-02 00:00:00+00:00,20.470367,1.6285714,0.23927976,Saskatchewan
2022-08-03 00:00:00+00:00,17.162333,0.37142858,0.24004166,Saskatchewan
2022-08-04 00:00:00+00:00,21.396856,2.8,0.23976786,Saskatchewan
2022-08-05 00:00:00+00:00,19.231083,0.14285716,0.23850597,Saskatchewan
2022-08-06 00:00:00+00:00,14.278107,0.028571429,0.23788689,Saskatchewan
2022-08-07 00:00:00+00:00,17.646261,0.014285714,0.23673216,Saskatchewan
2022-08-08 00:00:00+00:00,21.207273,0.0,0.23220238,Saskatchewan
2022-08-09 00:00:00+00:00,19.614416,0.0,0.22352974,Saskatchewan
2022-08-10 00:00:00+00:00,18.167393,0.0,0.21869048,Saskatchewan
2022-08-11 00:00:00+00:00,20.190607,1.5,0.21861906,Saskatchewan
2022-08-12 00:00:00+00:00,20.558762,1.3714286,0.21851787,Saskatchewan
2022-08-13 00:00:00+00:00,22.335249,4.214286,0.21542262,Saskatchewan
2022-08-14 00:00:00+00:00,22.484358,1.6,0.21705356,Saskatchewan
2022-08-15 00:00:00+00:00,21.14924,2.057143,0.22454762,Saskatchewan
2022-08-16 00:00:00+00:00,21.614119,0.0,0.22485717,Saskatchewan
2022-08-17 00:00:00+00:00,22.311441,3.0857143,0.22185715,Saskatchewan
2022-08-18 00:00:00+00:00,20.029297,1.9571428,0.22668454,Saskatchewan
2022-08-19 00:00:00+00:00,20.10876,0.014285714,0.22138095,Saskatchewan
2022-08-20 00:00:00+00:00,21.510548,0.028571429,0.21877383,Saskatchewan
2022-08-21 00:00:00+00:00,22.261143,0.1,0.2149286,Saskatchewan
2022-08-22 00:00:00+00:00,22.50876,0.5,0.21095237,Saskatchewan
2022-08-23 00:00:00+00:00,20.337332,4.885714,0.21589284,Saskatchewan
2022-08-24 00:00:00+00:00,18.550428,0.47142857,0.21758333,Saskatchewan
2022-08-25 00:00:00+00:00,19.13019,0.0,0.21826784,Saskatchewan
2022-08-26 00:00:00+00:00,20.269773,0.59999996,0.21553573,Saskatchewan
2022-08-27 00:00:00+00:00,21.01025,1.5857143,0.2141012,Saskatchewan
2022-08-28 00:00:00+00:00,18.06025,4.957143,0.21186312,Saskatchewan
2022-08-29 00:00:00+00:00,17.141499,2.5142858,0.22606549,Saskatchewan
2022-08-30 00:00:00+00:00,19.090012,0.0,0.22434522,Saskatchewan
2022-08-31 00:00:00+00:00,21.834354,0.0,0.21295239,Saskatchewan
2022-09-01 00:00:00+00:00,23.66174,0.0,0.198125,Saskatchewan
2022-09-02 00:00:00+00:00,18.160845,0.0,0.19544646,Saskatchewan
2022-09-03 00:00:00+00:00,20.276917,0.0,0.19485715,Saskatchewan
2022-09-04 00:00:00+00:00,23.303701,0.0,0.18893452,Saskatchewan
2022-09-05 00:00:00+00:00,22.899536,0.0,0.18908332,Saskatchewan
2022-09-06 00:00:00+00:00,18.63019,0.0,0.18920834,Saskatchewan
2022-09-07 00:00:00+00:00,19.547153,0.0,0.19075595,Saskatchewan
2022-09-08 00:00:00+00:00,18.84537,0.34285715,0.18991669,Saskatchewan
2022-09-09 00:00:00+00:00,11.923941,0.10000001,0.19119641,Saskatchewan
2022-09-10 00:00:00+00:00,11.901023,0.014285714,0.19341074,Saskatchewan
2022-09-11 00:00:00+00:00,16.604893,0.0,0.19191667,Saskatchewan
2022-09-12 00:00:00+00:00,18.266203,0.0,0.18586309,Saskatchewan
2022-09-13 00:00:00+00:00,14.053405,1.8428571,0.18570836,Saskatchewan
2022-09-14 00:00:00+00:00,13.212036,2.885714,0.18658331,Saskatchewan
2022-09-15 00:00:00+00:00,12.114417,0.55714285,0.18828572,Saskatchewan
2022-09-16 00:00:00+00:00,13.903999,0.59999996,0.19267857,Saskatchewan
2022-09-17 00:00:00+00:00,13.438226,0.44285712,0.19501783,Saskatchewan
2022-09-18 00:00:00+00:00,13.597452,0.028571429,0.1940893,Saskatchewan
2022-09-19 00:00:00+00:00,14.761144,2.5571427,0.18848215,Saskatchewan
2022-09-20 00:00:00+00:00,11.379595,0.8142857,0.18771426,Saskatchewan
2022-09-21 00:00:00+00:00,9.202809,0.15714286,0.19222023,Saskatchewan
2022-09-22 00:00:00+00:00,9.304595,0.37142855,0.19204165,Saskatchewan
2022-09-23 00:00:00+00:00,10.651619,1.9142857,0.1939881,Saskatchewan
2022-09-24 00:00:00+00:00,12.54775,0.028571429,0.19842859,Saskatchewan
2022-09-25 00:00:00+00:00,12.579596,0.0,0.19808927,Saskatchewan
2022-09-26 00:00:00+00:00,14.095071,0.0,0.19118452,Saskatchewan
2022-09-27 00:00:00+00:00,13.888822,0.0,0.18641666,Saskatchewan
2022-09-28 00:00:00+00:00,15.919477,0.21428573,0.18299998,Saskatchewan
2022-09-29 00:00:00+00:00,17.28912,0.0,0.17358331,Saskatchewan
2022-09-30 00:00:00+00:00,16.461739,0.014285714,0.16795833,Saskatchewan
2022-10-01 00:00:00+00:00,12.895666,0.0,0.1720119,Saskatchewan
2022-10-02 00:00:00+00:00,12.689714,0.028571429,0.1739762,Saskatchewan
2022-10-03 00:00:00+00:00,13.01412,0.10000001,0.17736904,Saskatchewan
2022-10-04 00:00:00+00:00,13.780488,0.0,0.17427976,Saskatchewan
2022-10-05 00:00:00+00:00,12.010249,0.3,0.16801786,Saskatchewan
2022-10-06 00:00:00+00:00,4.3456664,0.028571429,0.17045835,Saskatchewan
2022-10-07 00:00:00+00:00,5.054893,0.0,0.1718631,Saskatchewan
2022-10-08 00:00:00+00:00,10.401619,0.0,0.16683927,Saskatchewan
2022-10-09 00:00:00+00:00,11.023941,0.0,0.16119646,Saskatchewan
2022-10-10 00:00:00+00:00,11.944774,0.0,0.15896429,Saskatchewan
2022-10-11 00:00:00+00:00,12.086441,1.2714287,0.15795831,Saskatchewan
2022-10-12 00:00:00+00:00,7.4510236,0.3571429,0.16056547,Saskatchewan
2022-10-13 00:00:00+00:00,5.439714,0.0,0.1624881,Saskatchewan
2022-10-14 00:00:00+00:00,6.4349527,0.0,0.1644881,Saskatchewan
2022-10-15 00:00:00+00:00,6.8096547,0.12857142,0.16524997,Saskatchewan
2022-10-16 00:00:00+00:00,1.9423927,0.0,0.16647618,Saskatchewan
2022-10-17 00:00:00+00:00,5.0584645,0.0,0.16657145,Saskatchewan
2022-10-18 00:00:00+00:00,6.1477504,0.0,0.16325596,Saskatchewan
2022-10-19 00:00:00+00:00,9.53763,0.0,0.15538691,Saskatchewan
2022-10-20 00:00:00+00:00,9.786143,0.014285714,0.15242259,Saskatchewan
2022-10-21 00:00:00+00:00,7.107869,0.5714286,0.1534107,Saskatchewan
2022-10-22 00:00:00+00:00,4.5435834,0.41428575,0.15623215,Saskatchewan
2022-10-23 00:00:00+00:00,2.9412024,13.271429,0.15979166,Saskatchewan
2022-10-24 00:00:00+00:00,-0.55849993,9.814285,0.170625,Saskatchewan
2022-10-25 00:00:00+00:00,-0.21742864,0.6857143,0.18218453,Saskatchewan
2022-10-26 00:00:00+00:00,-0.09451189,0.25714287,0.18454167,Saskatchewan
2022-10-27 00:00:00+00:00,2.2897143,0.0,0.18548214,Saskatchewan
2022-10-28 00:00:00+00:00,4.998643,0.0,0.18616071,Saskatchewan
2022-10-29 00:00:00+00:00,4.099536,0.0,0.18926787,Saskatchewan
2022-10-30 00:00:00+00:00,4.0983453,0.0,0.19214286,Saskatchewan
2022-10-31 00:00:00+00:00,5.3037024,0.9714286,0.19548807,Saskatchewan
2022-11-01 00:00:00+00:00,4.105786,1.1,0.19818453,Saskatchewan
2022-11-02 00:00:00+00:00,3.4284046,4.157143,0.20064284,Saskatchewan
2022-11-03 00:00:00+00:00,-2.1894524,1.3571428,0.20314288,Saskatchewan
2022-11-04 00:00:00+00:00,-3.8900476,0.0,0.20423214,Saskatchewan
2022-11-05 00:00:00+00:00,-0.22159536,4.471429,0.20510118,Saskatchewan
2022-11-06 00:00:00+00:00,-5.5555234,10.099999,0.20774405,Saskatchewan
2022-11-07 00:00:00+00:00,-11.092726,1.8428572,0.20977977,Saskatchewan
2022-11-08 00:00:00+00:00,-7.5025477,4.285714,0.2107619,Saskatchewan
2022-11-09 00:00:00+00:00,-14.103441,0.22857144,0.21144047,Saskatchewan
2022-11-10 00:00:00+00:00,-17.11981,0.31428573,0.21171428,Saskatchewan
2022-11-11 00:00:00+00:00,-15.401359,0.0,0.2117143,Saskatchewan
2022-11-12 00:00:00+00:00,-14.256417,0.12857142,0.21147023,Saskatchewan
2022-11-13 00:00:00+00:00,-9.581416,0.9428572,0.21117859,Saskatchewan
2022-11-14 00:00:00+00:00,-8.658202,0.7285715,0.21108927,Saskatchewan
2022-11-15 00:00:00+00:00,-10.779631,0.0,0.21092857,Saskatchewan
2022-11-16 00:00:00+00:00,-5.7266545,0.7000001,0.21047617,Saskatchewan
2022-11-17 00:00:00+00:00,-11.1501665,0.87142867,0.21032739,Saskatchewan
2022-11-18 00:00:00+00:00,-11.6335,0.17142858,0.2100536,Saskatchewan
2022-11-19 00:00:00+00:00,-9.513857,0.42857146,0.20988691,Saskatchewan
2022-11-20 00:00:00+00:00,-6.4790354,0.0,0.20968452,Saskatchewan
2022-11-21 00:00:00+00:00,-5.7486787,1.3714286,0.20929758,Saskatchewan
2022-11-22 00:00:00+00:00,-2.6602857,0.21428572,0.20906545,Saskatchewan
2022-11-23 00:00:00+00:00,-0.72159535,0.3285714,0.20901191,Saskatchewan
2022-11-24 00:00:00+00:00,-1.9290358,0.0,0.20935118,Saskatchewan
2022-11-25 00:00:00+00:00,3.1965594,0.0,0.2103869,Saskatchewan
2022-11-26 00:00:00+00:00,0.51501185,0.1,0.21239284,Saskatchewan
2022-11-27 00:00:00+00:00,-1.5659406,0.55714285,0.21364284,Saskatchewan
2022-11-28 00:00:00+00:00,-5.0546308,7.557143,0.21423212,Saskatchewan
2022-11-29 00:00:00+00:00,-10.250762,2.4571424,0.21466663,Saskatchewan
2022-11-30 00:00:00+00:00,-16.72606,0.35714287,0.21460117,Saskatchewan
2022-12-01 00:00:00+00:00,-14.479333,2.1142857,0.21458927,Saskatchewan
2022-12-02 00:00:00+00:00,-21.008204,1.4285715,0.21439287,Saskatchewan
2022-12-03 00:00:00+00:00,-20.455822,0.0,0.21417858,Saskatchewan
2022-12-04 00:00:00+00:00,-8.573679,0.42857143,0.21401194,Saskatchewan
2022-12-05 00:00:00+00:00,-14.282608,0.41428575,0.21375598,Saskatchewan
2022-12-06 00:00:00+00:00,-21.68588,0.9000001,0.21358334,Saskatchewan
2022-12-07 00:00:00+00:00,-22.909986,0.0,0.21351193,Saskatchewan
2022-12-08 00:00:00+00:00,-12.025167,0.0,0.21331549,Saskatchewan
2022-12-09 00:00:00+00:00,-7.2986784,0.0,0.21314287,Saskatchewan
2022-12-10 00:00:00+00:00,-8.074869,0.014285714,0.21301785,Saskatchewan
2022-12-11 00:00:00+00:00,-7.0763574,0.071428575,0.21283928,Saskatchewan
2022-12-12 00:00:00+00:00,-7.883797,1.857143,0.21271428,Saskatchewan
2022-12-13 00:00:00+00:00,-9.416535,0.028571429,0.21258332,Saskatchewan
2022-12-14 00:00:00+00:00,-9.285286,2.5142856,0.21242855,Saskatchewan
2022-12-15 00:00:00+00:00,-10.107309,4.2285714,0.21229164,Saskatchewan
2022-12-16 00:00:00+00:00,-12.203737,0.94285715,0.21215475,Saskatchewan
2022-12-17 00:00:00+00:00,-15.450464,1.6999999,0.2120476,Saskatchewan
2022-12-18 00:00:00+00:00,-20.73737,1.3857143,0.21192858,Saskatchewan
2022-12-19 00:00:00+00:00,-23.27606,1.0285715,0.21144047,Saskatchewan
2022-12-20 00:00:00+00:00,-27.970703,0.24285717,0.21142857,Saskatchewan
2022-12-21 00:00:00+00:00,-28.045702,1.157143,0.21142857,Saskatchewan
2022-12-22 00:00:00+00:00,-25.378143,0.48571435,0.21130358,Saskatchewan
2022-12-23 00:00:00+00:00,-26.65225,0.08571429,0.21115474,Saskatchewan
2022-12-24 00:00:00+00:00,-21.27368,0.21428572,0.21114285,Saskatchewan
2022-12-25 00:00:00+00:00,-14.389154,6.6,0.21114285,Saskatchewan
2022-12-26 00:00:00+00:00,-13.946298,0.014285714,0.21103571,Saskatchewan
2022-12-27 00:00:00+00:00,-3.609988,1.8428571,0.21131547,Saskatchewan
2022-12-28 00:00:00+00:00,-8.636774,7.3714285,0.21361902,Saskatchewan
2022-12-29 00:00:00+00:00,-13.814155,0.4857143,0.21489285,Saskatchewan
2022-12-30 00:00:00+00:00,-14.159096,0.0,0.21585713,Saskatchewan
2022-12-31 00:00:00+00:00,-10.399274,0.34285715,0.21599998,Saskatchewan
2023-01-01 00:00:00+00:00,-11.368321,0.40000004,0.21633928,Saskatchewan
2023-01-02 00:00:00+00:00,-10.457311,0.0,0.21648215,Saskatchewan
2023-01-03 00:00:00+00:00,-11.663857,0.0,0.21657144,Saskatchewan
2023-01-04 00:00:00+00:00,-10.973381,0.0,0.21655357,Saskatchewan
2023-01-05 00:00:00+00:00,-11.338858,0.0,0.21641071,Saskatchewan
2023-01-06 00:00:00+00:00,-10.393916,0.0,0.21626188,Saskatchewan
2023-01-07 00:00:00+00:00,-7.6957026,0.0,0.21614282,Saskatchewan
2023-01-08 00:00:00+00:00,-8.8968935,0.0,0.21602379,Saskatchewan
2023-01-09 00:00:00+00:00,-7.3817143,0.028571429,0.21594048,Saskatchewan
2023-01-10 00:00:00+00:00,-8.246893,0.2857143,0.21585713,Saskatchewan
2023-01-11 00:00:00+00:00,-8.42963,0.14285715,0.21572025,Saskatchewan
2023-01-12 00:00:00+00:00,-8.354035,0.0,0.2156607,Saskatchewan
2023-01-13 00:00:00+00:00,-4.928738,0.0,0.21557142,Saskatchewan
2023-01-14 00:00:00+00:00,-4.4620714,0.12857142,0.21570237,Saskatchewan
2023-01-15 00:00:00+00:00,-5.288857,0.71428573,0.21689284,Saskatchewan
2023-01-16 00:00:00+00:00,-6.580226,0.0,0.21719642,Saskatchewan
2023-01-17 00:00:00+00:00,-7.87725,0.3714285,0.21742855,Saskatchewan
2023-01-18 00:00:00+00:00,-7.549274,0.4714286,0.21749404,Saskatchewan
2023-01-19 00:00:00+00:00,-7.2846904,0.12857142,0.2177143,Saskatchewan
2023-01-20 00:00:00+00:00,-6.5647497,0.014285714,0.21767858,Saskatchewan
2023-01-21 00:00:00+00:00,-6.7653456,0.0,0.21755357,Saskatchewan
2023-01-22 00:00:00+00:00,-3.5846908,0.8000001,0.21743451,Saskatchewan
2023-01-23 00:00:00+00:00,-4.880226,0.34285715,0.21757142,Saskatchewan
2023-01-24 00:00:00+00:00,-6.212369,2.1142857,0.21775,Saskatchewan
2023-01-25 00:00:00+00:00,-6.948977,0.44285718,0.21794643,Saskatchewan
2023-01-26 00:00:00+00:00,-3.1897504,5.4428573,0.21808334,Saskatchewan
2023-01-27 00:00:00+00:00,-8.367726,0.9142857,0.21972023,Saskatchewan
2023-01-28 00:00:00+00:00,-21.95731,0.014285714,0.22118452,Saskatchewan
2023-01-29 00:00:00+00:00,-22.857607,0.0,0.22172023,Saskatchewan
2023-01-30 00:00:00+00:00,-23.048382,0.0,0.22178571,Saskatchewan
2023-01-31 00:00:00+00:00,-20.41207,0.12857144,0.22163095,Saskatchewan
2023-02-01 00:00:00+00:00,-17.837667,0.45714286,0.2213988,Saskatchewan
2023-02-02 00:00:00+00:00,-23.738262,0.14285715,0.22123809,Saskatchewan
2023-02-03 00:00:00+00:00,-15.043917,0.042857144,0.22095238,Saskatchewan
2023-02-04 00:00:00+00:00,-3.6329045,1.1428572,0.22077382,Saskatchewan
2023-02-05 00:00:00+00:00,-4.9811187,0.2,0.22116664,Saskatchewan
2023-02-06 00:00:00+00:00,-1.1204048,0.057142857,0.22225,Saskatchewan
2023-02-07 00:00:00+00:00,-1.3525478,0.0,0.22319046,Saskatchewan
2023-02-08 00:00:00+00:00,-2.3483808,2.642857,0.22489284,Saskatchewan
2023-02-09 00:00:00+00:00,-8.113857,0.057142857,0.22545834,Saskatchewan
2023-02-10 00:00:00+00:00,-4.1087976,0.0,0.22544049,Saskatchewan
2023-02-11 00:00:00+00:00,-0.31207147,0.042857144,0.22654761,Saskatchewan
2023-02-12 00:00:00+00:00,-3.177845,0.028571429,0.22741663,Saskatchewan
2023-02-13 00:00:00+00:00,-0.36504775,0.014285714,0.22851191,Saskatchewan
2023-02-14 00:00:00+00:00,-6.6596904,0.08571429,0.23021427,Saskatchewan
2023-02-15 00:00:00+00:00,-14.319214,0.40000004,0.23030357,Saskatchewan
2023-02-16 00:00:00+00:00,-14.840644,0.0,0.22986308,Saskatchewan
2023-02-17 00:00:00+00:00,-3.6933212,0.87142855,0.22955953,Saskatchewan
2023-02-18 00:00:00+00:00,-6.5924287,0.65714294,0.2294226,Saskatchewan
2023-02-19 00:00:00+00:00,-11.011178,1.257143,0.2292738,Saskatchewan
2023-02-20 00:00:00+00:00,-11.81594,1.9999999,0.22904761,Saskatchewan
2023-02-21 00:00:00+00:00,-20.030226,0.65714294,0.22874404,Saskatchewan
2023-02-22 00:00:00+00:00,-26.88588,0.0,0.22839284,Saskatchewan
2023-02-23 00:00:00+00:00,-25.373081,0.31428576,0.22805952,Saskatchewan
2023-02-24 00:00:00+00:00,-24.218618,0.0,0.22779167,Saskatchewan
2023-02-25 00:00:00+00:00,-20.787668,0.0,0.22758926,Saskatchewan
2023-02-26 00:00:00+00:00,-11.390941,0.0,0.2274345,Saskatchewan
2023-02-27 00:00:00+00:00,-6.792726,0.45714283,0.22771429,Saskatchewan
2023-02-28 00:00:00+00:00,-11.810882,0.6857143,0.22784524,Saskatchewan
2023-03-01 00:00:00+00:00,-14.057608,0.25714287,0.22771429,Saskatchewan
2023-03-02 00:00:00+00:00,-8.069512,0.028571429,0.22760712,Saskatchewan
2023-03-03 00:00:00+00:00,-3.6614761,0.5,0.2279881,Saskatchewan
2023-03-04 00:00:00+00:00,-8.492726,0.0,0.22848214,Saskatchewan
2023-03-05 00:00:00+00:00,-12.141536,0.12857144,0.22863093,Saskatchewan
2023-03-06 00:00:00+00:00,-17.641237,0.22857144,0.22857143,Saskatchewan
2023-03-07 00:00:00+00:00,-15.267131,0.41428575,0.22842859,Saskatchewan
2023-03-08 00:00:00+00:00,-14.578441,0.77142864,0.22832143,Saskatchewan
2023-03-09 00:00:00+00:00,-14.758798,0.2,0.22825,Saskatchewan
2023-03-10 00:00:00+00:00,-11.347488,0.31428573,0.22814284,Saskatchewan
2023-03-11 00:00:00+00:00,-7.1843925,8.47143,0.22808333,Saskatchewan
2023-03-12 00:00:00+00:00,-12.150763,0.1,0.228,Saskatchewan
2023-03-13 00:00:00+00:00,-12.675466,0.0,0.22797619,Saskatchewan
2023-03-14 00:00:00+00:00,-4.685881,0.38571432,0.22785713,Saskatchewan
2023-03-15 00:00:00+00:00,-8.40225,0.22857143,0.22785713,Saskatchewan
2023-03-16 00:00:00+00:00,-9.767726,0.17142858,0.22785713,Saskatchewan
2023-03-17 00:00:00+00:00,-14.465345,0.0,0.22771429,Saskatchewan
2023-03-18 00:00:00+00:00,-13.445999,0.0,0.22771429,Saskatchewan
2023-03-19 00:00:00+00:00,-8.021001,0.0,0.22774999,Saskatchewan
2023-03-20 00:00:00+00:00,-9.15344,0.0,0.22883332,Saskatchewan
2023-03-21 00:00:00+00:00,-10.349274,0.08571429,0.22914283,Saskatchewan
2023-03-22 00:00:00+00:00,-8.54094,0.071428575,0.22916068,Saskatchewan
2023-03-23 00:00:00+00:00,-7.5096903,0.0,0.22969045,Saskatchewan
2023-03-24 00:00:00+00:00,-6.040047,0.0,0.23214881,Saskatchewan
2023-03-25 00:00:00+00:00,-8.668619,0.0,0.23273809,Saskatchewan
2023-03-26 00:00:00+00:00,-8.447785,0.114285715,0.23338094,Saskatchewan
2023-03-27 00:00:00+00:00,-12.69362,0.2857143,0.23391667,Saskatchewan
2023-03-28 00:00:00+00:00,-13.881715,0.12857144,0.23400596,Saskatchewan
2023-03-29 00:00:00+00:00,-10.575463,0.014285714,0.2341607,Saskatchewan
2023-03-30 00:00:00+00:00,-6.035881,0.014285714,0.23492858,Saskatchewan
2023-03-31 00:00:00+00:00,-4.9585,0.0,0.23597617,Saskatchewan
2023-04-01 00:00:00+00:00,-2.3540359,0.0,0.23770833,Saskatchewan
2023-04-02 00:00:00+00:00,-2.381119,3.7285712,0.24007739,Saskatchewan
2023-04-03 00:00:00+00:00,-7.774869,2.3428571,0.24038096,Saskatchewan
2023-04-04 00:00:00+00:00,-10.203142,0.028571429,0.24026786,Saskatchewan
2023-04-05 00:00:00+00:00,-9.949572,0.028571429,0.24026786,Saskatchewan
2023-04-06 00:00:00+00:00,-8.545107,0.0,0.24039285,Saskatchewan
2023-04-07 00:00:00+00:00,-5.171,0.0,0.24074404,Saskatchewan
2023-04-08 00:00:00+00:00,-0.05016681,0.071428575,0.2415,Saskatchewan
2023-04-09 00:00:00+00:00,3.5432858,0.0,0.24249406,Saskatchewan
2023-04-10 00:00:00+00:00,6.907869,0.0,0.25285715,Saskatchewan
2023-04-11 00:00:00+00:00,6.999238,0.88571423,0.2796726,Saskatchewan
2023-04-12 00:00:00+00:00,4.3221545,0.114285715,0.29743454,Saskatchewan
2023-04-13 00:00:00+00:00,1.5706667,1.8857143,0.30355954,Saskatchewan
2023-04-14 00:00:00+00:00,2.0132263,3.3285716,0.3096905,Saskatchewan
2023-04-15 00:00:00+00:00,2.4423928,0.2,0.31773213,Saskatchewan
2023-04-16 00:00:00+00:00,4.7525115,0.0,0.32152382,Saskatchewan
2023-04-17 00:00:00+00:00,6.338524,0.71428573,0.32061905,Saskatchewan
2023-04-18 00:00:00+00:00,3.6385236,2.1714287,0.31702378,Saskatchewan
2023-04-19 00:00:00+00:00,-0.22278574,8.671428,0.31479168,Saskatchewan
2023-04-20 00:00:00+00:00,-2.4826071,9.514287,0.3136072,Saskatchewan
2023-04-21 00:00:00+00:00,-2.7361786,1.7285713,0.31180355,Saskatchewan
2023-04-22 00:00:00+00:00,-1.6346904,0.028571429,0.30992264,Saskatchewan
2023-04-23 00:00:00+00:00,-0.12100005,0.0,0.3090833,Saskatchewan
2023-04-24 00:00:00+00:00,2.2792976,0.18571427,0.307,Saskatchewan
2023-04-25 00:00:00+00:00,4.5397143,0.1,0.30629164,Saskatchewan
2023-04-26 00:00:00+00:00,7.1825714,3.8142858,0.3061607,Saskatchewan
2023-04-27 00:00:00+00:00,6.320667,1.2428572,0.30610117,Saskatchewan
2023-04-28 00:00:00+00:00,5.319476,0.071428575,0.30565476,Saskatchewan
2023-04-29 00:00:00+00:00,7.7292976,0.028571429,0.29984522,Saskatchewan
2023-04-30 00:00:00+00:00,6.4385233,0.0,0.29351193,Saskatchewan
2023-05-01 00:00:00+00:00,8.28763,0.0,0.2857619,Saskatchewan
2023-05-02 00:00:00+00:00,10.924238,0.0,0.27562502,Saskatchewan
2023-05-03 00:00:00+00:00,14.283464,0.014285714,0.2625,Saskatchewan
2023-05-04 00:00:00+00:00,15.605191,0.0,0.24870239,Saskatchewan
2023-05-05 00:00:00+00:00,13.034655,0.08571429,0.24181546,Saskatchewan
2023-05-06 00:00:00+00:00,10.966202,0.9428572,0.24047022,Saskatchewan
2023-05-07 00:00:00+00:00,10.425428,3.6571426,0.23973216,Saskatchewan
2023-05-08 00:00:00+00:00,11.114716,1.3571428,0.23867859,Saskatchewan
2023-05-09 00:00:00+00:00,10.807274,0.41428572,0.237625,Saskatchewan
2023-05-10 00:00:00+00:00,12.659655,3.0142858,0.2374881,Saskatchewan
2023-05-11 00:00:00+00:00,13.556083,0.64285713,0.24032737,Saskatchewan
2023-05-12 00:00:00+00:00,13.129297,5.857143,0.23727381,Saskatchewan
2023-05-13 00:00:00+00:00,13.551916,3.0142853,0.24997619,Saskatchewan
2023-05-14 00:00:00+00:00,14.359655,0.014285714,0.25169048,Saskatchewan
2023-05-15 00:00:00+00:00,17.128704,0.0,0.24476191,Saskatchewan
2023-05-16 00:00:00+00:00,18.764713,0.0,0.23706546,Saskatchewan
2023-05-17 00:00:00+00:00,14.875726,0.17142858,0.23300596,Saskatchewan
2023-05-18 00:00:00+00:00,8.464119,0.32857138,0.23269047,Saskatchewan
2023-05-19 00:00:00+00:00,10.9885235,0.0,0.23458335,Saskatchewan
2023-05-20 00:00:00+00:00,17.502214,0.17142858,0.22857739,Saskatchewan
2023-05-21 00:00:00+00:00,16.244476,0.014285714,0.2282619,Saskatchewan
2023-05-22 00:00:00+00:00,19.112333,0.27142859,0.22854762,Saskatchewan
2023-05-23 00:00:00+00:00,18.697155,0.9571429,0.22038095,Saskatchewan
2023-05-24 00:00:00+00:00,16.160547,1.6999999,0.21905358,Saskatchewan
2023-05-25 00:00:00+00:00,18.330488,6.914286,0.22370239,Saskatchewan
2023-05-26 00:00:00+00:00,15.645965,3.2857146,0.22346428,Saskatchewan
2023-05-27 00:00:00+00:00,15.048048,3.457143,0.22502379,Saskatchewan
2023-05-28 00:00:00+00:00,16.804893,2.942857,0.23160715,Saskatchewan
2023-05-29 00:00:00+00:00,17.784357,0.9428572,0.23589286,Saskatchewan
2023-05-30 00:00:00+00:00,19.237629,0.5285714,0.23129167,Saskatchewan
2023-05-31 00:00:00+00:00,20.392689,0.59999996,0.22522023,Saskatchewan
2023-06-01 00:00:00+00:00,20.315905,1.4857142,0.21873215,Saskatchewan
2023-06-02 00:00:00+00:00,19.18019,5.5285716,0.21897027,Saskatchewan
2023-06-03 00:00:00+00:00,20.303404,10.014285,0.22873214,Saskatchewan
2023-06-04 00:00:00+00:00,22.033464,0.88571435,0.2378631,Saskatchewan
2023-06-05 00:00:00+00:00,23.514418,1.5,0.23398216,Saskatchewan
2023-06-06 00:00:00+00:00,22.934061,3.4142857,0.22720239,Saskatchewan
2023-06-07 00:00:00+00:00,22.107273,0.9714287,0.22178571,Saskatchewan
2023-06-08 00:00:00+00:00,22.828403,1.6142856,0.21558928,Saskatchewan
2023-06-09 00:00:00+00:00,20.997747,0.042857144,0.21372023,Saskatchewan
2023-06-10 00:00:00+00:00,17.864416,0.014285714,0.21389881,Saskatchewan
2023-06-11 00:00:00+00:00,18.508465,0.0,0.21174406,Saskatchewan
2023-06-12 00:00:00+00:00,20.904297,0.15714286,0.20776786,Saskatchewan
2023-06-13 00:00:00+00:00,21.957571,1.4142857,0.20379761,Saskatchewan
2023-06-14 00:00:00+00:00,21.316202,0.7,0.20139882,Saskatchewan
2023-06-15 00:00:00+00:00,17.71918,4.257143,0.20607145,Saskatchewan
2023-06-16 00:00:00+00:00,16.087034,0.0,0.21095833,Saskatchewan
2023-06-17 00:00:00+00:00,18.332571,0.9857143,0.21155953,Saskatchewan
2023-06-18 00:00:00+00:00,17.512928,3.2285714,0.20814286,Saskatchewan
2023-06-19 00:00:00+00:00,17.369179,2.857143,0.20944643,Saskatchewan
2023-06-20 00:00:00+00:00,17.00281,2.0571427,0.22207737,Saskatchewan
2023-06-21 00:00:00+00:00,15.656381,1.4142859,0.2311369,Saskatchewan
2023-06-22 00:00:00+00:00,16.079596,0.48571426,0.23173809,Saskatchewan
2023-06-23 00:00:00+00:00,17.320965,0.042857144,0.2295893,Saskatchewan
2023-06-24 00:00:00+00:00,18.48138,0.028571429,0.22780953,Saskatchewan
2023-06-25 00:00:00+00:00,19.755785,0.25714284,0.22623214,Saskatchewan
2023-06-26 00:00:00+00:00,19.226025,3.4571426,0.22460715,Saskatchewan
2023-06-27 00:00:00+00:00,19.887928,0.47142857,0.22344644,Saskatchewan
2023-06-28 00:00:00+00:00,19.79388,0.35714287,0.22373809,Saskatchewan
2023-06-29 00:00:00+00:00,19.41531,0.028571429,0.22454168,Saskatchewan
2023-06-30 00:00:00+00:00,21.178406,0.37142855,0.22360714,Saskatchewan
2023-07-01 00:00:00+00:00,22.701918,1.6571428,0.22220238,Saskatchewan
2023-07-02 00:00:00+00:00,21.075726,0.6714286,0.21349406,Saskatchewan
2023-07-03 00:00:00+00:00,16.771559,0.44285718,0.21818452,Saskatchewan
2023-07-04 00:00:00+00:00,13.473642,1.3428571,0.22197025,Saskatchewan
2023-07-05 00:00:00+00:00,13.883166,0.042857144,0.22699998,Saskatchewan
2023-07-06 00:00:00+00:00,17.501024,0.5,0.22364882,Saskatchewan
2023-07-07 00:00:00+00:00,17.200428,0.028571429,0.21871427,Saskatchewan
2023-07-08 00:00:00+00:00,17.820965,0.071428575,0.2147619,Saskatchewan
2023-07-09 00:00:00+00:00,21.19537,0.12857144,0.21357737,Saskatchewan
2023-07-10 00:00:00+00:00,18.837927,0.22857144,0.21119642,Saskatchewan
2023-07-11 00:00:00+00:00,15.836738,1.7142857,0.20896427,Saskatchewan
2023-07-12 00:00:00+00:00,16.085249,2.3999999,0.21069643,Saskatchewan
2023-07-13 00:00:00+00:00,18.953403,3.3857143,0.21272619,Saskatchewan
2023-07-14 00:00:00+00:00,18.261738,1.3285714,0.21686904,Saskatchewan
2023-07-15 00:00:00+00:00,15.907273,0.32857147,0.22166668,Saskatchewan
2023-07-16 00:00:00+00:00,16.218584,0.24285714,0.2227262,Saskatchewan
2023-07-17 00:00:00+00:00,17.039417,0.37142855,0.22070834,Saskatchewan
2023-07-18 00:00:00+00:00,17.909655,7.4,0.2169583,Saskatchewan
2023-07-19 00:00:00+00:00,17.134655,2.6571426,0.22261904,Saskatchewan
2023-07-20 00:00:00+00:00,18.130787,0.34285715,0.22417855,Saskatchewan
2023-07-21 00:00:00+00:00,19.706083,0.10000001,0.21711902,Saskatchewan
2023-07-22 00:00:00+00:00,21.119177,0.14285715,0.21163094,Saskatchewan
2023-07-23 00:00:00+00:00,22.031977,0.042857144,0.20885715,Saskatchewan
2023-07-24 00:00:00+00:00,23.098047,0.0,0.2048631,Saskatchewan
2023-07-25 00:00:00+00:00,25.659357,0.3,0.20015477,Saskatchewan
2023-07-26 00:00:00+00:00,21.953108,0.78571427,0.1944762,Saskatchewan
2023-07-27 00:00:00+00:00,18.02751,0.5,0.19165477,Saskatchewan
2023-07-28 00:00:00+00:00,15.651024,0.5714286,0.19240478,Saskatchewan
2023-07-29 00:00:00+00:00,16.024237,0.114285715,0.19445834,Saskatchewan
2023-07-30 00:00:00+00:00,19.497452,0.057142857,0.19236906,Saskatchewan
2023-07-31 00:00:00+00:00,22.502214,0.15714285,0.18685713,Saskatchewan
2023-08-01 00:00:00+00:00,23.089117,0.24285714,0.18341668,Saskatchewan
2023-08-02 00:00:00+00:00,22.28644,0.014285714,0.17925593,Saskatchewan
2023-08-03 00:00:00+00:00,23.385548,0.21428572,0.17930952,Saskatchewan
2023-08-04 00:00:00+00:00,22.828999,0.071428575,0.18193452,Saskatchewan
2023-08-05 00:00:00+00:00,20.028997,0.10000001,0.18854167,Saskatchewan
2023-08-06 00:00:00+00:00,18.97513,0.071428575,0.1925119,Saskatchewan
2023-08-07 00:00:00+00:00,19.368582,0.45714286,0.19627383,Saskatchewan
2023-08-08 00:00:00+00:00,18.34924,0.14285715,0.19625595,Saskatchewan
2023-08-09 00:00:00+00:00,16.597155,1.0285715,0.19438092,Saskatchewan
2023-08-10 00:00:00+00:00,16.002213,11.728571,0.19925,Saskatchewan
2023-08-11 00:00:00+00:00,16.549238,0.82857144,0.21726787,Saskatchewan
2023-08-12 00:00:00+00:00,16.470964,1.1857144,0.22084525,Saskatchewan
2023-08-13 00:00:00+00:00,16.649237,1.6857141,0.22269048,Saskatchewan
2023-08-14 00:00:00+00:00,19.53763,0.042857144,0.22196427,Saskatchewan
2023-08-15 00:00:00+00:00,21.718287,0.0,0.2082262,Saskatchewan
2023-08-16 00:00:00+00:00,20.379297,2.6857142,0.19916071,Saskatchewan
2023-08-17 00:00:00+00:00,18.393879,0.0,0.20068453,Saskatchewan
2023-08-18 00:00:00+00:00,22.934357,0.0,0.19630954,Saskatchewan
2023-08-19 00:00:00+00:00,16.684654,0.54285717,0.19432141,Saskatchewan
2023-08-20 00:00:00+00:00,14.615607,0.014285714,0.19551787,Saskatchewan
2023-08-21 00:00:00+00:00,15.615906,2.5857143,0.19345239,Saskatchewan
2023-08-22 00:00:00+00:00,16.103107,10.057143,0.20047024,Saskatchewan
2023-08-23 00:00:00+00:00,17.82126,9.914286,0.22333333,Saskatchewan
2023-08-24 00:00:00+00:00,18.04031,0.24285714,0.25259525,Saskatchewan
2023-08-25 00:00:00+00:00,15.487036,0.3857143,0.25088093,Saskatchewan
2023-08-26 00:00:00+00:00,16.834654,0.24285714,0.25019047,Saskatchewan
2023-08-27 00:00:00+00:00,19.773046,0.042857144,0.24049404,Saskatchewan
2023-08-28 00:00:00+00:00,19.654892,0.0,0.23194048,Saskatchewan
2023-08-29 00:00:00+00:00,21.087036,0.0,0.2248512,Saskatchewan
2023-08-30 00:00:00+00:00,22.066498,0.35714287,0.21788692,Saskatchewan
2023-08-31 00:00:00+00:00,18.815012,7.7,0.21334524,Saskatchewan
2023-09-01 00:00:00+00:00,19.76025,0.58571434,0.22042859,Saskatchewan
2023-09-02 00:00:00+00:00,21.923643,0.0,0.21842262,Saskatchewan
2023-09-03 00:00:00+00:00,20.187632,0.0,0.21383333,Saskatchewan
2023-09-04 00:00:00+00:00,19.231382,2.2571428,0.21049999,Saskatchewan
2023-09-05 00:00:00+00:00,12.665013,0.25714287,0.21176188,Saskatchewan
2023-09-06 00:00:00+00:00,14.199237,0.0,0.21462497,Saskatchewan
2023-09-07 00:00:00+00:00,16.639713,0.31428573,0.21329167,Saskatchewan
2023-09-08 00:00:00+00:00,14.632869,0.37142855,0.21308927,Saskatchewan
2023-09-09 00:00:00+00:00,15.584061,0.5857143,0.2088631,Saskatchewan
2023-09-10 00:00:00+00:00,15.081382,0.071428575,0.2068512,Saskatchewan
2023-09-11 00:00:00+00:00,14.3322735,0.028571429,0.20487499,Saskatchewan
2023-09-12 00:00:00+00:00,15.231084,0.0,0.20357738,Saskatchewan
2023-09-13 00:00:00+00:00,17.54507,0.9714286,0.19943455,Saskatchewan
2023-09-14 00:00:00+00:00,15.667691,1.8571432,0.1992738,Saskatchewan
2023-09-15 00:00:00+00:00,13.317987,0.37142855,0.20069642,Saskatchewan
2023-09-16 00:00:00+00:00,14.614416,0.0,0.2006012,Saskatchewan
2023-09-17 00:00:00+00:00,17.640606,0.0,0.19280355,Saskatchewan
2023-09-18 00:00:00+00:00,19.34656,0.0,0.1859107,Saskatchewan
2023-09-19 00:00:00+00:00,15.504,1.3571428,0.18557143,Saskatchewan
2023-09-20 00:00:00+00:00,12.563524,0.55714285,0.18680358,Saskatchewan
2023-09-21 00:00:00+00:00,13.589714,0.0,0.18335713,Saskatchewan
2023-09-22 00:00:00+00:00,14.245369,0.0,0.18075,Saskatchewan
2023-09-23 00:00:00+00:00,15.3569765,1.3,0.18191667,Saskatchewan
2023-09-24 00:00:00+00:00,15.497452,0.37142858,0.18476191,Saskatchewan
2023-09-25 00:00:00+00:00,15.55519,0.014285714,0.18347618,Saskatchewan
2023-09-26 00:00:00+00:00,17.934359,0.0,0.18264285,Saskatchewan
2023-09-27 00:00:00+00:00,16.270369,0.9,0.17991665,Saskatchewan
2023-09-28 00:00:00+00:00,14.77513,3.3142858,0.1795119,Saskatchewan
2023-09-29 00:00:00+00:00,11.897751,0.4714286,0.18394642,Saskatchewan
2023-09-30 00:00:00+00:00,10.082274,1.8285714,0.18447025,Saskatchewan
2023-10-01 00:00:00+00:00,10.898047,3.3714283,0.18751192,Saskatchewan
2023-10-02 00:00:00+00:00,10.834952,2.1714284,0.1937857,Saskatchewan
2023-10-03 00:00:00+00:00,10.513823,7.771428,0.21085714,Saskatchewan
2023-10-04 00:00:00+00:00,8.126023,3.4285715,0.23802976,Saskatchewan
2023-10-05 00:00:00+00:00,6.917095,4.2714286,0.24531548,Saskatchewan
2023-10-06 00:00:00+00:00,2.280488,0.64285713,0.25245833,Saskatchewan
2023-10-07 00:00:00+00:00,9.09894,0.0,0.2542024,Saskatchewan
2023-10-08 00:00:00+00:00,10.961739,0.0,0.24761905,Saskatchewan
2023-10-09 00:00:00+00:00,10.056381,0.0,0.24039288,Saskatchewan
2023-10-10 00:00:00+00:00,10.099237,0.0,0.2353631,Saskatchewan
2023-10-11 00:00:00+00:00,9.233762,0.014285714,0.2314762,Saskatchewan
2023-10-12 00:00:00+00:00,8.348642,0.028571429,0.22910713,Saskatchewan
2023-10-13 00:00:00+00:00,6.487334,0.057142857,0.22875595,Saskatchewan
2023-10-14 00:00:00+00:00,6.914417,0.0,0.22803572,Saskatchewan
2023-10-15 00:00:00+00:00,7.1751313,0.0,0.22716072,Saskatchewan
2023-10-16 00:00:00+00:00,9.162929,0.0,0.22408928,Saskatchewan
2023-10-17 00:00:00+00:00,11.343286,2.0857143,0.21928573,Saskatchewan
2023-10-18 00:00:00+00:00,9.694179,0.21428572,0.21729167,Saskatchewan
2023-10-19 00:00:00+00:00,11.108168,0.0,0.21719049,Saskatchewan
2023-10-20 00:00:00+00:00,11.445369,0.18571427,0.21130948,Saskatchewan
2023-10-21 00:00:00+00:00,7.349536,0.014285714,0.21088688,Saskatchewan
2023-10-22 00:00:00+00:00,7.4554877,0.5714286,0.20909525,Saskatchewan
2023-10-23 00:00:00+00:00,3.3819764,2.3,0.20776786,Saskatchewan
2023-10-24 00:00:00+00:00,-2.7582028,5.7428575,0.21061908,Saskatchewan
2023-10-25 00:00:00+00:00,-6.539452,1.2428571,0.2113512,Saskatchewan
2023-10-26 00:00:00+00:00,-7.3820114,0.37142852,0.21186309,Saskatchewan
2023-10-27 00:00:00+00:00,-5.488857,1.5142858,0.21219644,Saskatchewan
2023-10-28 00:00:00+00:00,-5.474869,0.6714286,0.21239285,Saskatchewan
2023-10-29 00:00:00+00:00,-5.1712976,0.9857144,0.21237497,Saskatchewan
2023-10-30 00:00:00+00:00,-4.659393,0.3857143,0.21242855,Saskatchewan
2023-10-31 00:00:00+00:00,-7.1796308,0.042857144,0.21234523,Saskatchewan
2023-11-01 00:00:00+00:00,-2.6730835,0.014285714,0.21216664,Saskatchewan
2023-11-02 00:00:00+00:00,-1.9623691,0.028571429,0.21202378,Saskatchewan
2023-11-03 00:00:00+00:00,-2.1599882,0.114285715,0.2121369,Saskatchewan
2023-11-04 00:00:00+00:00,-1.0364763,0.014285714,0.21207738,Saskatchewan
2023-11-05 00:00:00+00:00,1.5477499,3.7142856,0.21214285,Saskatchewan
2023-11-06 00:00:00+00:00,0.151619,2.2571428,0.21664882,Saskatchewan
2023-11-07 00:00:00+00:00,0.34774998,2.6571429,0.22046427,Saskatchewan
2023-11-08 00:00:00+00:00,-0.05760712,2.8857143,0.22286905,Saskatchewan
2023-11-09 00:00:00+00:00,-1.1430238,1.2714287,0.22480358,Saskatchewan
2023-11-10 00:00:00+00:00,-2.4602857,0.18571429,0.22601785,Saskatchewan
2023-11-11 00:00:00+00:00,-0.7254643,0.014285714,0.22678569,Saskatchewan
2023-11-12 00:00:00+00:00,3.1087623,0.24285714,0.2271905,Saskatchewan
2023-11-13 00:00:00+00:00,1.2983453,0.0,0.22822618,Saskatchewan
2023-11-14 00:00:00+00:00,2.8093572,0.042857144,0.22870836,Saskatchewan
2023-11-15 00:00:00+00:00,-0.25998807,0.0,0.22907145,Saskatchewan
2023-11-16 00:00:00+00:00,-2.2052262,1.4857142,0.22928572,Saskatchewan
2023-11-17 00:00:00+00:00,0.020071387,0.0,0.22924402,Saskatchewan
2023-11-18 00:00:00+00:00,1.0843571,0.0,0.22931547,Saskatchewan
2023-11-19 00:00:00+00:00,1.9614404,0.0,0.22930357,Saskatchewan
2023-11-20 00:00:00+00:00,1.9992381,0.22857143,0.22945833,Saskatchewan
2023-11-21 00:00:00+00:00,-2.10225,0.0,0.22933333,Saskatchewan
2023-11-22 00:00:00+00:00,-1.8090951,0.78571427,0.22914882,Saskatchewan
2023-11-23 00:00:00+00:00,-9.75106,0.028571429,0.22914882,Saskatchewan
2023-11-24 00:00:00+00:00,-7.859393,0.0,0.2289048,Saskatchewan
2023-11-25 00:00:00+00:00,-3.7010593,0.62857145,0.2286667,Saskatchewan
2023-11-26 00:00:00+00:00,-6.6096907,0.5,0.2283155,Saskatchewan
2023-11-27 00:00:00+00:00,-5.518619,0.44285718,0.22795835,Saskatchewan
2023-11-28 00:00:00+00:00,-0.7076072,0.057142857,0.2274524,Saskatchewan
2023-11-29 00:00:00+00:00,-1.5445119,0.028571429,0.22704165,Saskatchewan
2023-11-30 00:00:00+00:00,-3.0659406,0.071428575,0.2267976,Saskatchewan
2023-12-01 00:00:00+00:00,-6.106416,0.028571429,0.2264107,Saskatchewan
2023-12-02 00:00:00+00:00,-4.3495717,0.0,0.22604762,Saskatchewan
2023-12-03 00:00:00+00:00,-5.093023,0.0,0.22573216,Saskatchewan
2023-12-04 00:00:00+00:00,-3.7302263,1.0,0.22540475,Saskatchewan
2023-12-05 00:00:00+00:00,-2.0891547,0.114285715,0.22502379,Saskatchewan
2023-12-06 00:00:00+00:00,2.7224524,0.0,0.22447024,Saskatchewan
2023-12-07 00:00:00+00:00,1.4971548,1.8857144,0.22348213,Saskatchewan
2023-12-08 00:00:00+00:00,-1.0162381,3.7857144,0.22507143,Saskatchewan
2023-12-09 00:00:00+00:00,-4.845702,0.0,0.22642262,Saskatchewan
2023-12-10 00:00:00+00:00,-4.6962976,0.08571429,0.2266012,Saskatchewan
2023-12-11 00:00:00+00:00,-3.6855834,0.25714284,0.22652976,Saskatchewan
2023-12-12 00:00:00+00:00,-7.0022497,0.0,0.2270476,Saskatchewan
2023-12-13 00:00:00+00:00,-2.0346906,0.0,0.22765477,Saskatchewan
2023-12-14 00:00:00+00:00,0.8772143,0.014285714,0.22725594,Saskatchewan
2023-12-15 00:00:00+00:00,-1.1692144,0.3285714,0.22689283,Saskatchewan
2023-12-16 00:00:00+00:00,-1.0144525,0.057142857,0.22669642,Saskatchewan
2023-12-17 00:00:00+00:00,-2.6403453,0.6714286,0.22654167,Saskatchewan
2023-12-18 00:00:00+00:00,-5.045405,0.0,0.22626193,Saskatchewan
2023-12-19 00:00:00+00:00,-2.529631,0.22857143,0.22583333,Saskatchewan
2023-12-20 00:00:00+00:00,-3.1025474,0.74285716,0.22560714,Saskatchewan
2023-12-21 00:00:00+00:00,-1.3933214,0.08571429,0.22537501,Saskatchewan
2023-12-22 00:00:00+00:00,-1.8474882,0.0,0.22514883,Saskatchewan
2023-12-23 00:00:00+00:00,-0.11207151,0.042857144,0.22476193,Saskatchewan
2023-12-24 00:00:00+00:00,-4.7096906,0.41428572,0.2247143,Saskatchewan
2023-12-25 00:00:00+00:00,-6.4335,0.0,0.2244405,Saskatchewan
2023-12-26 00:00:00+00:00,-4.6477857,0.0,0.22420242,Saskatchewan
2023-12-27 00:00:00+00:00,-3.7272496,0.0,0.22393456,Saskatchewan
2023-12-28 00:00:00+00:00,-2.6543334,0.0,0.22357145,Saskatchewan
2023-12-29 00:00:00+00:00,-1.2323095,0.0,0.22355953,Saskatchewan
2023-12-30 00:00:00+00:00,-5.4043326,0.0,0.22340475,Saskatchewan
2023-12-31 00:00:00+00:00,-5.2942147,0.0,0.22302975,Saskatchewan
2024-01-01 00:00:00+00:00,-2.2590952,0.88571423,0.2227083,Saskatchewan
2024-01-02 00:00:00+00:00,-5.021,0.028571429,0.22251783,Saskatchewan
2024-01-03 00:00:00+00:00,-8.310286,0.0,0.22228567,Saskatchewan
2024-01-04 00:00:00+00:00,-7.412964,0.0,0.22219045,Saskatchewan
2024-01-05 00:00:00+00:00,-5.362964,1.7,0.22182734,Saskatchewan
2024-01-06 00:00:00+00:00,-7.5507617,0.5,0.22171426,Saskatchewan
2024-01-07 00:00:00+00:00,-10.447785,1.4285716,0.22154759,Saskatchewan
2024-01-08 00:00:00+00:00,-14.25225,1.1714287,0.22136903,Saskatchewan
2024-01-09 00:00:00+00:00,-13.977846,2.1571429,0.22119641,Saskatchewan
2024-01-10 00:00:00+00:00,-15.142428,3.3714283,0.22095238,Saskatchewan
2024-01-11 00:00:00+00:00,-23.16475,0.7571429,0.22074999,Saskatchewan
2024-01-12 00:00:00+00:00,-27.970404,0.9428572,0.22071429,Saskatchewan
2024-01-13 00:00:00+00:00,-30.822191,0.9857144,0.22057736,Saskatchewan
2024-01-14 00:00:00+00:00,-30.952549,0.0,0.22039285,Saskatchewan
2024-01-15 00:00:00+00:00,-27.876951,0.0,0.2202857,Saskatchewan
2024-01-16 00:00:00+00:00,-22.893917,0.24285714,0.22027381,Saskatchewan
2024-01-17 00:00:00+00:00,-19.231419,0.25714287,0.22014286,Saskatchewan
2024-01-18 00:00:00+00:00,-21.924572,0.59999996,0.22000596,Saskatchewan
2024-01-19 00:00:00+00:00,-19.74213,0.18571429,0.22,Saskatchewan
2024-01-20 00:00:00+00:00,-15.985881,0.114285715,0.22,Saskatchewan
2024-01-21 00:00:00+00:00,-12.30612,0.4142857,0.22,Saskatchewan
2024-01-22 00:00:00+00:00,-11.151953,1.5714285,0.22,Saskatchewan
2024-01-23 00:00:00+00:00,-6.825167,0.057142857,0.22,Saskatchewan
2024-01-24 00:00:00+00:00,-4.796,0.0,0.22,Saskatchewan
2024-01-25 00:00:00+00:00,-3.8019524,0.0,0.22,Saskatchewan
2024-01-26 00:00:00+00:00,-3.6942143,0.0,0.22,Saskatchewan
2024-01-27 00:00:00+00:00,-3.2867737,0.014285714,0.22,Saskatchewan
2024-01-28 00:00:00+00:00,-0.8689165,0.0,0.22001192,Saskatchewan
2024-01-29 00:00:00+00:00,0.68048805,0.0,0.22051784,Saskatchewan
2024-01-30 00:00:00+00:00,3.0239406,0.0,0.22133932,Saskatchewan
2024-01-31 00:00:00+00:00,2.9804883,0.0,0.22338094,Saskatchewan
2024-02-01 00:00:00+00:00,2.3965595,0.0,0.2262857,Saskatchewan
2024-02-02 00:00:00+00:00,2.0066788,0.0,0.22811309,Saskatchewan
2024-02-03 00:00:00+00:00,1.6176904,0.0,0.22988097,Saskatchewan
2024-02-04 00:00:00+00:00,0.04001185,3.5142858,0.23216072,Saskatchewan
2024-02-05 00:00:00+00:00,-1.0587976,2.614286,0.23592262,Saskatchewan
2024-02-06 00:00:00+00:00,-2.656119,0.5714286,0.24014287,Saskatchewan
2024-02-07 00:00:00+00:00,-1.8605834,3.3714287,0.24187501,Saskatchewan
2024-02-08 00:00:00+00:00,-4.1153455,4.585714,0.24277382,Saskatchewan
2024-02-09 00:00:00+00:00,-5.2629647,0.4714286,0.2432262,Saskatchewan
2024-02-10 00:00:00+00:00,-7.744214,0.15714286,0.24356548,Saskatchewan
2024-02-11 00:00:00+00:00,-4.9507623,0.25714287,0.24358334,Saskatchewan
2024-02-12 00:00:00+00:00,-5.1837974,0.34285715,0.24371429,Saskatchewan
2024-02-13 00:00:00+00:00,-5.3025475,2.4142857,0.24366072,Saskatchewan
2024-02-14 00:00:00+00:00,-9.47606,0.38571432,0.24357143,Saskatchewan
2024-02-15 00:00:00+00:00,-14.275167,0.32857147,0.24357143,Saskatchewan
2024-02-16 00:00:00+00:00,-15.226059,0.0,0.24357143,Saskatchewan
2024-02-17 00:00:00+00:00,-6.333202,0.0,0.24357143,Saskatchewan
2024-02-18 00:00:00+00:00,-8.389452,0.0,0.24357143,Saskatchewan
2024-02-19 00:00:00+00:00,-9.581416,0.0,0.24353573,Saskatchewan
2024-02-20 00:00:00+00:00,-8.47725,0.042857144,0.24342857,Saskatchewan
2024-02-21 00:00:00+00:00,-3.805821,0.042857144,0.24349405,Saskatchewan
2024-02-22 00:00:00+00:00,-2.8501668,0.0,0.24365476,Saskatchewan
2024-02-23 00:00:00+00:00,-2.5683215,0.0,0.24413095,Saskatchewan
2024-02-24 00:00:00+00:00,-0.13201188,0.45714286,0.244875,Saskatchewan
2024-02-25 00:00:00+00:00,-4.029333,0.8000001,0.24558334,Saskatchewan
2024-02-26 00:00:00+00:00,-6.042428,5.7,0.24610119,Saskatchewan
2024-02-27 00:00:00+00:00,-19.952251,0.7,0.24629167,Saskatchewan
2024-02-28 00:00:00+00:00,-19.202547,0.042857144,0.24628572,Saskatchewan
2024-02-29 00:00:00+00:00,-6.4570117,0.22857143,0.24635717,Saskatchewan
2024-03-01 00:00:00+00:00,-4.4016542,0.10000001,0.2471607,Saskatchewan
2024-03-02 00:00:00+00:00,-10.119512,1.2428571,0.24744642,Saskatchewan
2024-03-03 00:00:00+00:00,-11.019809,12.0,0.24742855,Saskatchewan
2024-03-04 00:00:00+00:00,-17.174572,1.6285714,0.24742855,Saskatchewan
2024-03-05 00:00:00+00:00,-20.751356,0.042857144,0.24742855,Saskatchewan
2024-03-06 00:00:00+00:00,-16.182013,3.5142858,0.24742855,Saskatchewan
2024-03-07 00:00:00+00:00,-16.05969,0.7571429,0.24742855,Saskatchewan
2024-03-08 00:00:00+00:00,-14.364453,0.0,0.24742855,Saskatchewan
2024-03-09 00:00:00+00:00,-7.5787377,0.0,0.24750593,Saskatchewan
2024-03-10 00:00:00+00:00,0.5287023,0.0,0.24812497,Saskatchewan
2024-03-11 00:00:00+00:00,1.1182858,0.81428576,0.25080952,Saskatchewan
2024-03-12 00:00:00+00:00,-0.6412381,0.18571427,0.25685713,Saskatchewan
2024-03-13 00:00:00+00:00,-0.11415478,1.5571429,0.26441666,Saskatchewan
2024-03-14 00:00:00+00:00,-0.6266548,0.74285716,0.2694524,Saskatchewan
2024-03-15 00:00:00+00:00,2.6790001,0.014285714,0.27293453,Saskatchewan
2024-03-16 00:00:00+00:00,-0.6995715,0.014285714,0.28373215,Saskatchewan
2024-03-17 00:00:00+00:00,-4.963857,0.014285714,0.28802973,Saskatchewan
2024-03-18 00:00:00+00:00,0.9798926,0.0,0.2898155,Saskatchewan
2024-03-19 00:00:00+00:00,-0.33082148,0.0,0.29488096,Saskatchewan
2024-03-20 00:00:00+00:00,-8.173381,0.7285714,0.29751197,Saskatchewan
2024-03-21 00:00:00+00:00,-8.225762,0.7428571,0.29785123,Saskatchewan
2024-03-22 00:00:00+00:00,-8.511178,0.22857144,0.29800004,Saskatchewan
2024-03-23 00:00:00+00:00,-9.37844,0.11428572,0.29794645,Saskatchewan
2024-03-24 00:00:00+00:00,-8.186178,0.95714283,0.29800004,Saskatchewan
2024-03-25 00:00:00+00:00,-8.323678,0.0,0.29800004,Saskatchewan
2024-03-26 00:00:00+00:00,-10.283797,0.014285714,0.29788098,Saskatchewan
2024-03-27 00:00:00+00:00,-8.576059,0.18571429,0.29797623,Saskatchewan
2024-03-28 00:00:00+00:00,-3.7087977,0.18571427,0.2982084,Saskatchewan
2024-03-29 00:00:00+00:00,-1.9543333,4.785714,0.2985298,Saskatchewan
2024-03-30 00:00:00+00:00,-3.7843928,0.114285715,0.2988929,Saskatchewan
2024-03-31 00:00:00+00:00,-4.9683213,0.0,0.29933333,Saskatchewan
2024-04-01 00:00:00+00:00,0.8736429,0.042857144,0.3001309,Saskatchewan
2024-04-02 00:00:00+00:00,3.7557855,0.014285714,0.30245236,Saskatchewan
2024-04-03 00:00:00+00:00,6.647155,0.0,0.30528572,Saskatchewan
2024-04-04 00:00:00+00:00,4.6647143,2.2571433,0.30785713,Saskatchewan
2024-04-05 00:00:00+00:00,5.415607,1.5285714,0.31119046,Saskatchewan
2024-04-06 00:00:00+00:00,6.4269166,0.27142859,0.31306547,Saskatchewan
2024-04-07 00:00:00+00:00,5.62275,0.7714286,0.3140774,Saskatchewan
2024-04-08 00:00:00+00:00,5.1787024,0.114285715,0.31171426,Saskatchewan
2024-04-09 00:00:00+00:00,6.1045957,0.042857144,0.30816668,Saskatchewan
2024-04-10 00:00:00+00:00,5.9590597,1.9428571,0.30289286,Saskatchewan
2024-04-11 00:00:00+00:00,3.9373336,0.0,0.2998393,Saskatchewan
2024-04-12 00:00:00+00:00,6.0665,0.014285714,0.29495835,Saskatchewan
2024-04-13 00:00:00+00:00,9.164416,0.14285715,0.2885476,Saskatchewan
2024-04-14 00:00:00+00:00,8.048346,0.0,0.2793512,Saskatchewan
2024-04-15 00:00:00+00:00,9.605784,0.15714286,0.27252382,Saskatchewan
2024-04-16 00:00:00+00:00,7.2870355,5.714286,0.26753572,Saskatchewan
2024-04-17 00:00:00+00:00,1.7843571,5.7571425,0.2765774,Saskatchewan
2024-04-18 00:00:00+00:00,-2.8058212,2.6714287,0.278375,Saskatchewan
2024-04-19 00:00:00+00:00,-3.223381,1.4142858,0.27792856,Saskatchewan
2024-04-20 00:00:00+00:00,-0.37099984,0.0,0.2780238,Saskatchewan
2024-04-21 00:00:00+00:00,4.631976,0.028571429,0.27714282,Saskatchewan
2024-04-22 00:00:00+00:00,7.3179884,2.357143,0.27425596,Saskatchewan
2024-04-23 00:00:00+00:00,6.6635237,0.08571429,0.27302378,Saskatchewan
2024-04-24 00:00:00+00:00,10.313226,0.0,0.2650476,Saskatchewan
2024-04-25 00:00:00+00:00,13.318285,0.028571429,0.25553572,Saskatchewan
2024-04-26 00:00:00+00:00,11.774833,0.0,0.24635713,Saskatchewan
2024-04-27 00:00:00+00:00,7.5081663,0.15714286,0.24425003,Saskatchewan
2024-04-28 00:00:00+00:00,8.066202,1.3142859,0.24172023,Saskatchewan
2024-04-29 00:00:00+00:00,9.93525,0.24285714,0.23882142,Saskatchewan
2024-04-30 00:00:00+00:00,7.6873336,2.2714286,0.23455356,Saskatchewan
2024-05-01 00:00:00+00:00,4.8132257,10.385715,0.24780357,Saskatchewan
2024-05-02 00:00:00+00:00,3.4528096,6.8714285,0.2696964,Saskatchewan
2024-05-03 00:00:00+00:00,3.5926902,5.457143,0.28422025,Saskatchewan
2024-05-04 00:00:00+00:00,5.4867377,1.2142856,0.29984525,Saskatchewan
2024-05-05 00:00:00+00:00,8.432869,0.071428575,0.30043453,Saskatchewan
2024-05-06 00:00:00+00:00,12.488227,5.042857,0.2927143,Saskatchewan
2024-05-07 00:00:00+00:00,10.828107,20.257143,0.31485716,Saskatchewan
2024-05-08 00:00:00+00:00,11.343881,3.5285716,0.34932142,Saskatchewan
2024-05-09 00:00:00+00:00,12.536737,0.0,0.33999404,Saskatchewan
2024-05-10 00:00:00+00:00,13.46025,0.0,0.3251131,Saskatchewan
2024-05-11 00:00:00+00:00,16.31531,0.08571429,0.30833334,Saskatchewan
2024-05-12 00:00:00+00:00,13.1069765,0.34285715,0.2932798,Saskatchewan
2024-05-13 00:00:00+00:00,11.035845,2.7,0.2829167,Saskatchewan
2024-05-14 00:00:00+00:00,10.561143,1.3285714,0.2769226,Saskatchewan
2024-05-15 00:00:00+00:00,11.049536,1.2571429,0.27688098,Saskatchewan
2024-05-16 00:00:00+00:00,12.083465,1.2285713,0.2718512,Saskatchewan
2024-05-17 00:00:00+00:00,12.62781,5.1,0.2693631,Saskatchewan
2024-05-18 00:00:00+00:00,9.440309,2.085714,0.27322024,Saskatchewan
2024-05-19 00:00:00+00:00,9.279298,0.6,0.27258334,Saskatchewan
2024-05-20 00:00:00+00:00,8.740606,3.7999997,0.26991072,Saskatchewan
2024-05-21 00:00:00+00:00,8.228107,2.7142856,0.27482143,Saskatchewan
2024-05-22 00:00:00+00:00,8.05281,0.15714286,0.27809522,Saskatchewan
2024-05-23 00:00:00+00:00,7.5635233,1.1428572,0.2770357,Saskatchewan
2024-05-24 00:00:00+00:00,7.869774,0.88571435,0.276625,Saskatchewan
2024-05-25 00:00:00+00:00,8.106084,0.14285716,0.27420834,Saskatchewan
2024-05-26 00:00:00+00:00,10.66263,1.6285715,0.2687857,Saskatchewan
2024-05-27 00:00:00+00:00,12.373642,0.25714287,0.26133332,Saskatchewan
2024-05-28 00:00:00+00:00,13.175428,0.0,0.2537857,Saskatchewan
2024-05-29 00:00:00+00:00,17.172749,0.9285714,0.24427381,Saskatchewan
2024-05-30 00:00:00+00:00,13.947156,8.942857,0.24771428,Saskatchewan
2024-05-31 00:00:00+00:00,11.80281,2.857143,0.2650238,Saskatchewan
2024-06-01 00:00:00+00:00,13.083465,0.45714286,0.26365474,Saskatchewan
2024-06-02 00:00:00+00:00,14.860845,0.3285714,0.2543036,Saskatchewan
2024-06-03 00:00:00+00:00,15.168882,1.0714285,0.24516664,Saskatchewan
2024-06-04 00:00:00+00:00,14.550131,10.885714,0.25000596,Saskatchewan
2024-06-05 00:00:00+00:00,13.431679,4.2285714,0.27077976,Saskatchewan
2024-06-06 00:00:00+00:00,13.519178,0.25714287,0.27690476,Saskatchewan
2024-06-07 00:00:00+00:00,14.407571,0.51428574,0.2703274,Saskatchewan
2024-06-08 00:00:00+00:00,11.703404,0.50000006,0.26182738,Saskatchewan
2024-06-09 00:00:00+00:00,10.421262,0.014285714,0.25522023,Saskatchewan
2024-06-10 00:00:00+00:00,13.345071,6.8,0.24705358,Saskatchewan
2024-06-11 00:00:00+00:00,15.128405,2.914286,0.26167855,Saskatchewan
2024-06-12 00:00:00+00:00,16.529299,2.8285713,0.2604107,Saskatchewan
2024-06-13 00:00:00+00:00,14.840607,1.2142857,0.2615774,Saskatchewan
2024-06-14 00:00:00+00:00,16.656977,0.12857142,0.26010713,Saskatchewan
2024-06-15 00:00:00+00:00,18.934952,0.8,0.25089288,Saskatchewan
2024-06-16 00:00:00+00:00,13.765309,15.985715,0.2641488,Saskatchewan
2024-06-17 00:00:00+00:00,10.729297,2.0285714,0.28190476,Saskatchewan
2024-06-18 00:00:00+00:00,10.287035,1.1285714,0.28403568,Saskatchewan
2024-06-19 00:00:00+00:00,10.444179,1.9857142,0.28114286,Saskatchewan
2024-06-20 00:00:00+00:00,13.393583,0.5428571,0.27722022,Saskatchewan
2024-06-21 00:00:00+00:00,16.04388,4.042857,0.26754168,Saskatchewan
2024-06-22 00:00:00+00:00,16.516499,3.514286,0.2722143,Saskatchewan
2024-06-23 00:00:00+00:00,18.321856,0.5,0.28139287,Saskatchewan
2024-06-24 00:00:00+00:00,20.48138,0.34285715,0.273875,Saskatchewan
2024-06-25 00:00:00+00:00,16.830784,2.242857,0.26591668,Saskatchewan
2024-06-26 00:00:00+00:00,15.091202,0.2857143,0.2660238,Saskatchewan
2024-06-27 00:00:00+00:00,17.033762,3.0142856,0.26225,Saskatchewan
2024-06-28 00:00:00+00:00,14.00519,26.657139,0.30690476,Saskatchewan
2024-06-29 00:00:00+00:00,12.366202,0.85714287,0.33701786,Saskatchewan
2024-06-30 00:00:00+00:00,14.966499,0.42857146,0.3253869,Saskatchewan
2024-07-01 00:00:00+00:00,17.165905,6.142857,0.31956547,Saskatchewan
2019-12-31 00:00:00+00:00,-0.1418335,0.1,0.35022497,Alberta
2020-01-01 00:00:00+00:00,-1.7964169,1.18,0.35054162,Alberta
2020-01-02 00:00:00+00:00,-2.5718334,2.5,0.3508416,Alberta
2020-01-03 00:00:00+00:00,-6.8176665,0.93999994,0.3509333,Alberta
2020-01-04 00:00:00+00:00,-1.3489166,0.72,0.35131666,Alberta
2020-01-05 00:00:00+00:00,-5.5622497,0.0,0.35031667,Alberta
2020-01-06 00:00:00+00:00,-5.941833,0.32,0.3502,Alberta
2020-01-07 00:00:00+00:00,-15.507251,0.8,0.350025,Alberta
2020-01-08 00:00:00+00:00,-10.36725,4.98,0.35002497,Alberta
2020-01-09 00:00:00+00:00,-18.691,0.83999985,0.349675,Alberta
2020-01-10 00:00:00+00:00,-20.755167,0.3,0.34978327,Alberta
2020-01-11 00:00:00+00:00,-17.0585,1.4,0.34976658,Alberta
2020-01-12 00:00:00+00:00,-22.838085,1.24,0.34974995,Alberta
2020-01-13 00:00:00+00:00,-27.978504,1.1400001,0.3497083,Alberta
2020-01-14 00:00:00+00:00,-31.351416,0.26000005,0.34934995,Alberta
2020-01-15 00:00:00+00:00,-33.544334,0.0,0.34893334,Alberta
2020-01-16 00:00:00+00:00,-30.761002,0.84000003,0.34871668,Alberta
2020-01-17 00:00:00+00:00,-25.671417,0.58000004,0.34857503,Alberta
2020-01-18 00:00:00+00:00,-26.441833,0.02,0.34818333,Alberta
2020-01-19 00:00:00+00:00,-18.43475,0.04,0.34800002,Alberta
2020-01-20 00:00:00+00:00,-8.268499,0.0,0.34781665,Alberta
2020-01-21 00:00:00+00:00,-1.7676666,0.0,0.3476333,Alberta
2020-01-22 00:00:00+00:00,-2.8218334,2.54,0.34796664,Alberta
2020-01-23 00:00:00+00:00,-4.1260004,0.0,0.34804994,Alberta
2020-01-24 00:00:00+00:00,-1.5293331,0.22,0.348175,Alberta
2020-01-25 00:00:00+00:00,-1.7218335,0.28000003,0.34922498,Alberta
2020-01-26 00:00:00+00:00,-5.213083,0.0,0.35038334,Alberta
2020-01-27 00:00:00+00:00,-2.9009998,0.0,0.35088333,Alberta
2020-01-28 00:00:00+00:00,-4.95225,0.04,0.35118335,Alberta
2020-01-29 00:00:00+00:00,-5.559333,0.060000002,0.35128337,Alberta
2020-01-30 00:00:00+00:00,0.50608337,0.65999997,0.35120836,Alberta
2020-01-31 00:00:00+00:00,1.4165002,0.060000002,0.35118338,Alberta
2020-02-01 00:00:00+00:00,3.0023332,3.4,0.35242504,Alberta
2020-02-02 00:00:00+00:00,-4.5289164,0.78000003,0.35620004,Alberta
2020-02-03 00:00:00+00:00,-12.050583,0.64000005,0.358225,Alberta
2020-02-04 00:00:00+00:00,-11.285167,0.22,0.3587416,Alberta
2020-02-05 00:00:00+00:00,-3.123083,0.91999996,0.3587583,Alberta
2020-02-06 00:00:00+00:00,-1.3443333,2.4599998,0.35845,Alberta
2020-02-07 00:00:00+00:00,-4.1759996,0.24000001,0.35859165,Alberta
2020-02-08 00:00:00+00:00,-7.0426664,1.1600001,0.358775,Alberta
2020-02-09 00:00:00+00:00,-4.8280835,0.38000003,0.358625,Alberta
2020-02-10 00:00:00+00:00,-3.3701663,0.38000003,0.3584167,Alberta
2020-02-11 00:00:00+00:00,-2.070583,4.5,0.35815006,Alberta
2020-02-12 00:00:00+00:00,-13.397667,1.8199999,0.35792503,Alberta
2020-02-13 00:00:00+00:00,-8.44475,0.17999999,0.35762504,Alberta
2020-02-14 00:00:00+00:00,-5.2997503,0.9000001,0.35730004,Alberta
2020-02-15 00:00:00+00:00,-11.688085,0.54,0.35700837,Alberta
2020-02-16 00:00:00+00:00,-9.669749,1.1800001,0.35680002,Alberta
2020-02-17 00:00:00+00:00,-14.252667,0.86,0.3564084,Alberta
2020-02-18 00:00:00+00:00,-19.923084,0.64,0.35615006,Alberta
2020-02-19 00:00:00+00:00,-13.118083,0.0,0.3557584,Alberta
2020-02-20 00:00:00+00:00,-4.820583,0.0,0.3553334,Alberta
2020-02-21 00:00:00+00:00,-1.2968334,0.0,0.35517502,Alberta
2020-02-22 00:00:00+00:00,-0.06600003,0.48000002,0.35503334,Alberta
2020-02-23 00:00:00+00:00,-5.4835,0.14,0.35532498,Alberta
2020-02-24 00:00:00+00:00,-7.8130827,1.78,0.35526666,Alberta
2020-02-25 00:00:00+00:00,-8.959333,0.04,0.35515836,Alberta
2020-02-26 00:00:00+00:00,-2.8243334,0.120000005,0.35484165,Alberta
2020-02-27 00:00:00+00:00,1.2706667,0.120000005,0.35482496,Alberta
2020-02-28 00:00:00+00:00,2.4515,0.02,0.3581,Alberta
2020-02-29 00:00:00+00:00,-0.27433324,3.4800003,0.361475,Alberta
2020-03-01 00:00:00+00:00,-5.0435,1.28,0.36254162,Alberta
2020-03-02 00:00:00+00:00,0.68983334,0.54,0.3622417,Alberta
2020-03-03 00:00:00+00:00,0.82441676,0.46000004,0.36309996,Alberta
2020-03-04 00:00:00+00:00,0.13358343,1.4200001,0.364575,Alberta
2020-03-05 00:00:00+00:00,-3.5635,0.02,0.36608332,Alberta
2020-03-06 00:00:00+00:00,-2.42975,0.9000001,0.36565003,Alberta
2020-03-07 00:00:00+00:00,-10.912666,5.0600004,0.36489165,Alberta
2020-03-08 00:00:00+00:00,-13.765167,1.58,0.364375,Alberta
2020-03-09 00:00:00+00:00,-9.669333,0.02,0.36379164,Alberta
2020-03-10 00:00:00+00:00,-4.7143335,0.1,0.36322495,Alberta
2020-03-11 00:00:00+00:00,-0.13599995,1.4199998,0.36260828,Alberta
2020-03-12 00:00:00+00:00,-5.5739164,1.2200001,0.36229166,Alberta
2020-03-13 00:00:00+00:00,-14.313083,2.0600002,0.361725,Alberta
2020-03-14 00:00:00+00:00,-19.401834,2.9599998,0.3612416,Alberta
2020-03-15 00:00:00+00:00,-19.241833,0.24000001,0.3604583,Alberta
2020-03-16 00:00:00+00:00,-10.960167,0.02,0.35994163,Alberta
2020-03-17 00:00:00+00:00,-4.850583,0.17999999,0.35961667,Alberta
2020-03-18 00:00:00+00:00,-9.15975,0.02,0.359175,Alberta
2020-03-19 00:00:00+00:00,-10.738083,0.120000005,0.3586,Alberta
2020-03-20 00:00:00+00:00,-9.260166,0.0,0.35834163,Alberta
2020-03-21 00:00:00+00:00,-5.0885,0.02,0.35782498,Alberta
2020-03-22 00:00:00+00:00,-3.2535,0.22,0.35723335,Alberta
2020-03-23 00:00:00+00:00,-1.1393335,1.6400001,0.3574167,Alberta
2020-03-24 00:00:00+00:00,-4.5701666,2.6999996,0.35832497,Alberta
2020-03-25 00:00:00+00:00,-6.5601664,0.94000006,0.3590083,Alberta
2020-03-26 00:00:00+00:00,-3.270583,0.02,0.3592083,Alberta
2020-03-27 00:00:00+00:00,-0.040583406,0.35999998,0.36069998,Alberta
2020-03-28 00:00:00+00:00,-3.0509999,2.48,0.36672503,Alberta
2020-03-29 00:00:00+00:00,-2.9372494,1.68,0.36769167,Alberta
2020-03-30 00:00:00+00:00,-6.0134993,1.54,0.36985,Alberta
2020-03-31 00:00:00+00:00,-9.88725,5.5600004,0.37005,Alberta
2020-04-01 00:00:00+00:00,-14.184334,0.9999999,0.36939168,Alberta
2020-04-02 00:00:00+00:00,-16.096834,0.0,0.36859167,Alberta
2020-04-03 00:00:00+00:00,-13.979334,0.18,0.36760837,Alberta
2020-04-04 00:00:00+00:00,-10.693083,0.3,0.3668,Alberta
2020-04-05 00:00:00+00:00,-7.973916,0.52,0.3661584,Alberta
2020-04-06 00:00:00+00:00,-5.228083,0.8999999,0.36553332,Alberta
2020-04-07 00:00:00+00:00,-0.35600027,0.9,0.36551666,Alberta
2020-04-08 00:00:00+00:00,-1.8585002,0.0,0.3652833,Alberta
2020-04-09 00:00:00+00:00,-0.007666731,0.0,0.36735004,Alberta
2020-04-10 00:00:00+00:00,1.3723333,1.3399999,0.3841417,Alberta
2020-04-11 00:00:00+00:00,-5.0293336,2.38,0.385325,Alberta
2020-04-12 00:00:00+00:00,-6.8747497,0.34000003,0.383625,Alberta
2020-04-13 00:00:00+00:00,-6.6018343,0.24000001,0.3819833,Alberta
2020-04-14 00:00:00+00:00,0.7073334,0.6,0.38434166,Alberta
2020-04-15 00:00:00+00:00,0.049833395,3.44,0.39582497,Alberta
2020-04-16 00:00:00+00:00,-0.44308352,0.04,0.395875,Alberta
2020-04-17 00:00:00+00:00,4.86525,0.50000006,0.40544167,Alberta
2020-04-18 00:00:00+00:00,2.4265,1.9799999,0.41566667,Alberta
2020-04-19 00:00:00+00:00,3.9669166,0.0,0.41687506,Alberta
2020-04-20 00:00:00+00:00,7.539833,0.0,0.41755,Alberta
2020-04-21 00:00:00+00:00,10.3315,0.0,0.40830833,Alberta
2020-04-22 00:00:00+00:00,8.874417,0.24000001,0.40033332,Alberta
2020-04-23 00:00:00+00:00,7.9223337,0.88,0.39269167,Alberta
2020-04-24 00:00:00+00:00,7.0919175,0.65999997,0.388825,Alberta
2020-04-25 00:00:00+00:00,8.476916,0.060000002,0.38369173,Alberta
2020-04-26 00:00:00+00:00,8.993167,2.5400002,0.38026664,Alberta
2020-04-27 00:00:00+00:00,8.143999,0.14000002,0.37487498,Alberta
2020-04-28 00:00:00+00:00,8.308583,0.08,0.37159166,Alberta
2020-04-29 00:00:00+00:00,11.003583,0.120000005,0.3656667,Alberta
2020-04-30 00:00:00+00:00,12.371918,0.18,0.35822502,Alberta
2020-05-01 00:00:00+00:00,8.796917,0.68000007,0.3538333,Alberta
2020-05-02 00:00:00+00:00,8.816916,0.0,0.35090834,Alberta
2020-05-03 00:00:00+00:00,10.440666,0.68,0.34473333,Alberta
2020-05-04 00:00:00+00:00,6.5544167,7.34,0.34335008,Alberta
2020-05-05 00:00:00+00:00,7.258583,0.2,0.35019994,Alberta
2020-05-06 00:00:00+00:00,9.889,0.08,0.3470083,Alberta
2020-05-07 00:00:00+00:00,10.71025,2.4800003,0.33980832,Alberta
2020-05-08 00:00:00+00:00,8.586916,3.3199997,0.3352583,Alberta
2020-05-09 00:00:00+00:00,6.3315,0.6,0.33865,Alberta
2020-05-10 00:00:00+00:00,4.3815002,0.98000014,0.33798334,Alberta
2020-05-11 00:00:00+00:00,3.92775,0.47999996,0.33785838,Alberta
2020-05-12 00:00:00+00:00,5.908167,0.02,0.3345833,Alberta
2020-05-13 00:00:00+00:00,6.488167,0.64,0.32976666,Alberta
2020-05-14 00:00:00+00:00,7.4410834,0.28000003,0.3265083,Alberta
2020-05-15 00:00:00+00:00,6.249417,0.17999999,0.32339996,Alberta
2020-05-16 00:00:00+00:00,11.541917,0.1,0.31739163,Alberta
2020-05-17 00:00:00+00:00,13.111084,0.34000003,0.30614167,Alberta
2020-05-18 00:00:00+00:00,12.1414995,3.6199996,0.30162498,Alberta
2020-05-19 00:00:00+00:00,11.124001,0.76,0.30160835,Alberta
2020-05-20 00:00:00+00:00,11.231501,4.96,0.30097502,Alberta
2020-05-21 00:00:00+00:00,8.5665,25.26,0.33029166,Alberta
2020-05-22 00:00:00+00:00,5.424,12.1,0.39408332,Alberta
2020-05-23 00:00:00+00:00,6.2902503,1.9599998,0.40801662,Alberta
2020-05-24 00:00:00+00:00,11.239833,0.0,0.39940834,Alberta
2020-05-25 00:00:00+00:00,13.778999,0.0,0.38639998,Alberta
2020-05-26 00:00:00+00:00,12.458166,2.8,0.37261668,Alberta
2020-05-27 00:00:00+00:00,9.594,1.9400002,0.365075,Alberta
2020-05-28 00:00:00+00:00,10.533584,0.59999996,0.35909167,Alberta
2020-05-29 00:00:00+00:00,13.361501,0.2,0.349925,Alberta
2020-05-30 00:00:00+00:00,15.186917,0.0,0.33983332,Alberta
2020-05-31 00:00:00+00:00,18.144001,4.46,0.32737505,Alberta
2020-06-01 00:00:00+00:00,13.8315,13.5,0.35379165,Alberta
2020-06-02 00:00:00+00:00,13.466083,0.04,0.34663334,Alberta
2020-06-03 00:00:00+00:00,12.869833,4.2400002,0.33767503,Alberta
2020-06-04 00:00:00+00:00,10.462332,2.02,0.33534998,Alberta
2020-06-05 00:00:00+00:00,10.532333,0.52000004,0.33100003,Alberta
2020-06-06 00:00:00+00:00,12.582334,8.660001,0.32858333,Alberta
2020-06-07 00:00:00+00:00,10.298584,22.539999,0.36881667,Alberta
2020-06-08 00:00:00+00:00,8.501083,6.5799994,0.410425,Alberta
2020-06-09 00:00:00+00:00,11.161917,0.96000004,0.40193334,Alberta
2020-06-10 00:00:00+00:00,13.556917,0.04,0.38609168,Alberta
2020-06-11 00:00:00+00:00,15.243999,0.16,0.37126666,Alberta
2020-06-12 00:00:00+00:00,17.349833,0.16,0.35836667,Alberta
2020-06-13 00:00:00+00:00,17.672333,0.64,0.3447167,Alberta
2020-06-14 00:00:00+00:00,15.656084,9.400001,0.353375,Alberta
2020-06-15 00:00:00+00:00,13.141083,5.1,0.36898333,Alberta
2020-06-16 00:00:00+00:00,12.949834,1.8599999,0.37324163,Alberta
2020-06-17 00:00:00+00:00,12.899,2.3600001,0.36404166,Alberta
2020-06-18 00:00:00+00:00,11.769,2.0799994,0.36363333,Alberta
2020-06-19 00:00:00+00:00,13.691083,0.52000004,0.35903335,Alberta
2020-06-20 00:00:00+00:00,15.734833,0.87999994,0.35139167,Alberta
2020-06-21 00:00:00+00:00,15.904417,2.58,0.34547496,Alberta
2020-06-22 00:00:00+00:00,16.841915,0.24000001,0.33911663,Alberta
2020-06-23 00:00:00+00:00,19.260666,0.62,0.331075,Alberta
2020-06-24 00:00:00+00:00,18.117334,4.94,0.3253417,Alberta
2020-06-25 00:00:00+00:00,17.028164,0.38000003,0.33038333,Alberta
2020-06-26 00:00:00+00:00,17.90775,0.64,0.32363334,Alberta
2020-06-27 00:00:00+00:00,15.303166,9.26,0.32705832,Alberta
2020-06-28 00:00:00+00:00,12.354834,7.84,0.33241668,Alberta
2020-06-29 00:00:00+00:00,13.148168,4.6399994,0.34230834,Alberta
2020-06-30 00:00:00+00:00,13.244833,14.660001,0.35701668,Alberta
2020-07-01 00:00:00+00:00,13.63275,21.86,0.4117,Alberta
2020-07-02 00:00:00+00:00,13.791082,3.6599998,0.42173332,Alberta
2020-07-03 00:00:00+00:00,14.936501,0.16000001,0.4092,Alberta
2020-07-04 00:00:00+00:00,15.625249,1.9200001,0.39385834,Alberta
2020-07-05 00:00:00+00:00,14.1765,2.32,0.38278332,Alberta
2020-07-06 00:00:00+00:00,15.305667,0.060000002,0.37435,Alberta
2020-07-07 00:00:00+00:00,16.1465,4.94,0.36128336,Alberta
2020-07-08 00:00:00+00:00,14.117332,24.279997,0.39565834,Alberta
2020-07-09 00:00:00+00:00,14.689,0.36,0.39979166,Alberta
2020-07-10 00:00:00+00:00,16.2165,1.3,0.38888335,Alberta
2020-07-11 00:00:00+00:00,17.312334,0.1,0.37823334,Alberta
2020-07-12 00:00:00+00:00,17.231916,3.06,0.365975,Alberta
2020-07-13 00:00:00+00:00,13.869833,2.1799998,0.355425,Alberta
2020-07-14 00:00:00+00:00,15.09025,0.6,0.3498667,Alberta
2020-07-15 00:00:00+00:00,16.178583,1.1400001,0.34071666,Alberta
2020-07-16 00:00:00+00:00,17.56025,1.52,0.33338332,Alberta
2020-07-17 00:00:00+00:00,16.9315,2.88,0.33090836,Alberta
2020-07-18 00:00:00+00:00,15.803166,1.52,0.32612506,Alberta
2020-07-19 00:00:00+00:00,16.504833,2.44,0.32055002,Alberta
2020-07-20 00:00:00+00:00,16.407751,1.36,0.31797498,Alberta
2020-07-21 00:00:00+00:00,17.907333,2.34,0.31569165,Alberta
2020-07-22 00:00:00+00:00,19.31483,1.16,0.31528336,Alberta
2020-07-23 00:00:00+00:00,18.797335,3.9800003,0.31077498,Alberta
2020-07-24 00:00:00+00:00,15.931917,3.5400002,0.31543332,Alberta
2020-07-25 00:00:00+00:00,14.614,2.6799998,0.3180917,Alberta
2020-07-26 00:00:00+00:00,16.596916,0.04,0.3152,Alberta
2020-07-27 00:00:00+00:00,19.569,0.0,0.30835834,Alberta
2020-07-28 00:00:00+00:00,21.936499,0.16,0.30180833,Alberta
2020-07-29 00:00:00+00:00,21.7515,1.6400001,0.29767498,Alberta
2020-07-30 00:00:00+00:00,20.643583,4.3600006,0.294025,Alberta
2020-07-31 00:00:00+00:00,20.2315,1.28,0.28885,Alberta
2020-08-01 00:00:00+00:00,21.281084,0.04,0.28485832,Alberta
2020-08-02 00:00:00+00:00,22.105667,1.9,0.28643334,Alberta
2020-08-03 00:00:00+00:00,21.809416,3.4599998,0.28769165,Alberta
2020-08-04 00:00:00+00:00,17.993166,1.9799999,0.29951668,Alberta
2020-08-05 00:00:00+00:00,19.758581,0.0,0.29379168,Alberta
2020-08-06 00:00:00+00:00,21.506916,0.120000005,0.2905833,Alberta
2020-08-07 00:00:00+00:00,17.099833,8.54,0.29286665,Alberta
2020-08-08 00:00:00+00:00,15.268999,3.22,0.30385834,Alberta
2020-08-09 00:00:00+00:00,14.13275,0.64,0.30465,Alberta
2020-08-10 00:00:00+00:00,16.213583,0.060000002,0.3025,Alberta
2020-08-11 00:00:00+00:00,15.173582,0.5400001,0.29891667,Alberta
2020-08-12 00:00:00+00:00,14.444417,4.2,0.29605836,Alberta
2020-08-13 00:00:00+00:00,13.741083,0.82000005,0.29750833,Alberta
2020-08-14 00:00:00+00:00,14.979834,0.120000005,0.29718328,Alberta
2020-08-15 00:00:00+00:00,16.416916,0.65999997,0.2930583,Alberta
2020-08-16 00:00:00+00:00,18.371914,0.0,0.28766665,Alberta
2020-08-17 00:00:00+00:00,21.488165,0.02,0.27908334,Alberta
2020-08-18 00:00:00+00:00,22.249,0.0,0.27713335,Alberta
2020-08-19 00:00:00+00:00,21.236082,0.0,0.270225,Alberta
2020-08-20 00:00:00+00:00,18.934,0.22,0.26859164,Alberta
2020-08-21 00:00:00+00:00,17.469,10.320001,0.28655,Alberta
2020-08-22 00:00:00+00:00,17.868582,4.7,0.301725,Alberta
2020-08-23 00:00:00+00:00,15.583166,0.02,0.30599165,Alberta
2020-08-24 00:00:00+00:00,16.06525,1.74,0.30265832,Alberta
2020-08-25 00:00:00+00:00,15.411084,1.4199998,0.30088335,Alberta
2020-08-26 00:00:00+00:00,15.296499,0.45999998,0.29785833,Alberta
2020-08-27 00:00:00+00:00,14.592749,1.3399999,0.29475003,Alberta
2020-08-28 00:00:00+00:00,14.6215,0.08,0.29364166,Alberta
2020-08-29 00:00:00+00:00,14.942751,0.48000002,0.2906333,Alberta
2020-08-30 00:00:00+00:00,10.71525,1.22,0.28957504,Alberta
2020-08-31 00:00:00+00:00,11.343584,0.0,0.28802496,Alberta
2020-09-01 00:00:00+00:00,15.927335,0.42,0.28715,Alberta
2020-09-02 00:00:00+00:00,14.54525,4.3,0.2844,Alberta
2020-09-03 00:00:00+00:00,12.986501,0.02,0.28785,Alberta
2020-09-04 00:00:00+00:00,15.319,0.02,0.28685004,Alberta
2020-09-05 00:00:00+00:00,16.734417,0.84,0.28399998,Alberta
2020-09-06 00:00:00+00:00,12.87025,3.14,0.28488332,Alberta
2020-09-07 00:00:00+00:00,7.9369173,8.780001,0.29994997,Alberta
2020-09-08 00:00:00+00:00,9.017333,0.58000004,0.30912498,Alberta
2020-09-09 00:00:00+00:00,13.612333,0.02,0.3079583,Alberta
2020-09-10 00:00:00+00:00,15.923584,0.02,0.30184165,Alberta
2020-09-11 00:00:00+00:00,16.167334,0.22,0.2908667,Alberta
2020-09-12 00:00:00+00:00,11.751083,1.5,0.28504997,Alberta
2020-09-13 00:00:00+00:00,10.0615,0.44000006,0.28675002,Alberta
2020-09-14 00:00:00+00:00,9.514417,1.0600002,0.28947496,Alberta
2020-09-15 00:00:00+00:00,8.48025,0.62,0.29094166,Alberta
2020-09-16 00:00:00+00:00,9.081083,0.02,0.29176664,Alberta
2020-09-17 00:00:00+00:00,11.264,0.0,0.289825,Alberta
2020-09-18 00:00:00+00:00,14.064833,0.0,0.28533334,Alberta
2020-09-19 00:00:00+00:00,14.757332,0.35999998,0.28512502,Alberta
2020-09-20 00:00:00+00:00,14.654417,1.9199998,0.28632498,Alberta
2020-09-21 00:00:00+00:00,13.113167,0.45999998,0.28483328,Alberta
2020-09-22 00:00:00+00:00,11.374834,0.2,0.28417498,Alberta
2020-09-23 00:00:00+00:00,12.600251,0.0,0.28,Alberta
2020-09-24 00:00:00+00:00,14.536082,1.1,0.27655834,Alberta
2020-09-25 00:00:00+00:00,12.169833,0.060000002,0.27146667,Alberta
2020-09-26 00:00:00+00:00,10.709,1.8,0.26642498,Alberta
2020-09-27 00:00:00+00:00,9.615666,0.060000002,0.26539168,Alberta
2020-09-28 00:00:00+00:00,13.098999,0.0,0.26106665,Alberta
2020-09-29 00:00:00+00:00,13.5789995,0.14,0.25735003,Alberta
2020-09-30 00:00:00+00:00,9.59525,0.0,0.25664166,Alberta
2020-10-01 00:00:00+00:00,9.085251,0.02,0.25751668,Alberta
2020-10-02 00:00:00+00:00,12.189833,0.0,0.250625,Alberta
2020-10-03 00:00:00+00:00,11.457334,0.0,0.24378332,Alberta
2020-10-04 00:00:00+00:00,15.16025,0.7,0.23826666,Alberta
2020-10-05 00:00:00+00:00,12.823584,1.24,0.2369,Alberta
2020-10-06 00:00:00+00:00,14.371083,0.24000004,0.23655835,Alberta
2020-10-07 00:00:00+00:00,8.77775,0.47999996,0.2342,Alberta
2020-10-08 00:00:00+00:00,10.20775,0.9,0.23165837,Alberta
2020-10-09 00:00:00+00:00,6.3360834,0.58000004,0.23187499,Alberta
2020-10-10 00:00:00+00:00,9.964833,0.91999996,0.23320833,Alberta
2020-10-11 00:00:00+00:00,6.9902496,4.6400003,0.238025,Alberta
2020-10-12 00:00:00+00:00,4.141917,0.94000006,0.24245834,Alberta
2020-10-13 00:00:00+00:00,2.9023333,0.58000004,0.24456668,Alberta
2020-10-14 00:00:00+00:00,1.7285833,2.1,0.24544168,Alberta
2020-10-15 00:00:00+00:00,1.0298333,0.34,0.24772498,Alberta
2020-10-16 00:00:00+00:00,0.22483334,2.3400002,0.25409165,Alberta
2020-10-17 00:00:00+00:00,-4.846833,1.5599998,0.25658333,Alberta
2020-10-18 00:00:00+00:00,-6.9755836,0.53999996,0.25783333,Alberta
2020-10-19 00:00:00+00:00,-5.57475,0.68,0.25871673,Alberta
2020-10-20 00:00:00+00:00,-3.0405831,0.84000003,0.25940004,Alberta
2020-10-21 00:00:00+00:00,-4.3793335,1.5400001,0.25992504,Alberta
2020-10-22 00:00:00+00:00,-8.398084,0.04,0.260325,Alberta
2020-10-23 00:00:00+00:00,-9.572667,0.64,0.2606667,Alberta
2020-10-24 00:00:00+00:00,-9.288084,1.16,0.26083335,Alberta
2020-10-25 00:00:00+00:00,-10.089749,0.0,0.261,Alberta
2020-10-26 00:00:00+00:00,-2.631833,0.44,0.2610667,Alberta
2020-10-27 00:00:00+00:00,4.823583,1.2,0.26164168,Alberta
2020-10-28 00:00:00+00:00,1.5248334,0.9200001,0.26615834,Alberta
2020-10-29 00:00:00+00:00,1.7269166,1.02,0.26846665,Alberta
2020-10-30 00:00:00+00:00,1.9215,2.6399999,0.27073333,Alberta
2020-10-31 00:00:00+00:00,1.0494165,0.52000004,0.27269167,Alberta
2020-11-01 00:00:00+00:00,5.196083,0.04,0.27455837,Alberta
2020-11-02 00:00:00+00:00,8.706917,0.0,0.27574167,Alberta
2020-11-03 00:00:00+00:00,8.773583,0.38000003,0.27241665,Alberta
2020-11-04 00:00:00+00:00,5.678167,0.2,0.267725,Alberta
2020-11-05 00:00:00+00:00,5.8998337,2.88,0.26538333,Alberta
2020-11-06 00:00:00+00:00,-0.1139164,0.9,0.26884168,Alberta
2020-11-07 00:00:00+00:00,-2.5305834,5.6800003,0.2712167,Alberta
2020-11-08 00:00:00+00:00,-8.27225,4.12,0.27214998,Alberta
2020-11-09 00:00:00+00:00,-7.346833,0.36,0.27302498,Alberta
2020-11-10 00:00:00+00:00,-1.9918333,4.56,0.273525,Alberta
2020-11-11 00:00:00+00:00,-10.131417,1.6,0.2737917,Alberta
2020-11-12 00:00:00+00:00,-8.905584,0.0,0.27398333,Alberta
2020-11-13 00:00:00+00:00,-5.4501667,0.04,0.27406663,Alberta
2020-11-14 00:00:00+00:00,-4.2326665,0.93999994,0.2741167,Alberta
2020-11-15 00:00:00+00:00,-6.3964167,0.08,0.27419168,Alberta
2020-11-16 00:00:00+00:00,-4.3168335,0.88,0.27417496,Alberta
2020-11-17 00:00:00+00:00,-4.6735,1.28,0.27446663,Alberta
2020-11-18 00:00:00+00:00,-3.053083,0.70000005,0.27497497,Alberta
2020-11-19 00:00:00+00:00,-11.486,2.26,0.27557498,Alberta
2020-11-20 00:00:00+00:00,-12.248084,0.24000001,0.276575,Alberta
2020-11-21 00:00:00+00:00,-4.9747496,0.0,0.27702498,Alberta
2020-11-22 00:00:00+00:00,-6.541417,0.02,0.27719998,Alberta
2020-11-23 00:00:00+00:00,-4.40225,0.18,0.2773917,Alberta
2020-11-24 00:00:00+00:00,-3.6255832,0.24000001,0.2776,Alberta
2020-11-25 00:00:00+00:00,-1.8268331,1.22,0.27785,Alberta
2020-11-26 00:00:00+00:00,-3.3255832,0.48000002,0.27788335,Alberta
2020-11-27 00:00:00+00:00,0.82941675,0.02,0.2782917,Alberta
2020-11-28 00:00:00+00:00,-2.1334996,0.85999995,0.27857503,Alberta
2020-11-29 00:00:00+00:00,-5.1714163,0.02,0.2792417,Alberta
2020-11-30 00:00:00+00:00,-0.8030833,0.0,0.2796834,Alberta
2020-12-01 00:00:00+00:00,-0.7947501,0.1,0.2799667,Alberta
2020-12-02 00:00:00+00:00,-0.6822499,0.0,0.28073338,Alberta
2020-12-03 00:00:00+00:00,0.6356666,0.0,0.2811417,Alberta
2020-12-04 00:00:00+00:00,1.58025,0.22,0.282925,Alberta
2020-12-05 00:00:00+00:00,0.2044167,0.0,0.28443336,Alberta
2020-12-06 00:00:00+00:00,0.070250034,0.0,0.28603333,Alberta
2020-12-07 00:00:00+00:00,2.8494167,0.04,0.28783336,Alberta
2020-12-08 00:00:00+00:00,3.7844167,0.74,0.29376668,Alberta
2020-12-09 00:00:00+00:00,0.30900002,2.34,0.29777497,Alberta
2020-12-10 00:00:00+00:00,-3.5543334,0.120000005,0.29960832,Alberta
2020-12-11 00:00:00+00:00,-7.3739166,0.0,0.30026668,Alberta
2020-12-12 00:00:00+00:00,-8.036833,0.120000005,0.2999667,Alberta
2020-12-13 00:00:00+00:00,-16.668917,0.18000002,0.29934168,Alberta
2020-12-14 00:00:00+00:00,-15.020999,0.24000001,0.2987083,Alberta
2020-12-15 00:00:00+00:00,-9.26725,0.7200001,0.2979333,Alberta
2020-12-16 00:00:00+00:00,-5.5985,0.98000014,0.29710832,Alberta
2020-12-17 00:00:00+00:00,-5.9785004,1.74,0.29639167,Alberta
2020-12-18 00:00:00+00:00,-13.0772505,0.44,0.29568332,Alberta
2020-12-19 00:00:00+00:00,-1.0259998,1.5,0.29497498,Alberta
2020-12-20 00:00:00+00:00,0.44275016,1.0600001,0.29495,Alberta
2020-12-21 00:00:00+00:00,-1.9147499,0.74,0.29525828,Alberta
2020-12-22 00:00:00+00:00,-6.5235,5.5000005,0.29503334,Alberta
2020-12-23 00:00:00+00:00,-8.580584,0.0,0.29475838,Alberta
2020-12-24 00:00:00+00:00,1.3973334,0.0,0.29444167,Alberta
2020-12-25 00:00:00+00:00,-3.1105835,0.02,0.2945417,Alberta
2020-12-26 00:00:00+00:00,-6.18475,0.9,0.29445,Alberta
2020-12-27 00:00:00+00:00,-7.9035006,0.55999994,0.2944333,Alberta
2020-12-28 00:00:00+00:00,-7.0647497,0.18,0.29431668,Alberta
2020-12-29 00:00:00+00:00,-8.050167,0.0,0.29403335,Alberta
2020-12-30 00:00:00+00:00,-6.5830827,0.0,0.29375833,Alberta
2021-01-01 00:00:00+00:00,-4.64475,0.78000003,0.2933,Alberta
2021-01-02 00:00:00+00:00,-1.0318333,0.120000005,0.29293337,Alberta
2021-01-03 00:00:00+00:00,1.4023335,0.5,0.29213336,Alberta
2021-01-04 00:00:00+00:00,-2.1647499,0.0,0.29285002,Alberta
2021-01-05 00:00:00+00:00,-2.0889163,0.64000005,0.29266667,Alberta
2021-01-06 00:00:00+00:00,0.53608334,0.0,0.29250836,Alberta
2021-01-07 00:00:00+00:00,-2.6460001,0.0,0.29191667,Alberta
2021-01-08 00:00:00+00:00,-7.2243333,0.0,0.29179996,Alberta
2021-01-09 00:00:00+00:00,-6.4835,0.0,0.29162496,Alberta
2021-01-10 00:00:00+00:00,-5.6597505,0.0,0.29149997,Alberta
2021-01-11 00:00:00+00:00,-1.29225,0.0,0.2914,Alberta
2021-01-12 00:00:00+00:00,-0.29766664,0.0,0.2913083,Alberta
2021-01-13 00:00:00+00:00,0.20691676,2.18,0.29129997,Alberta
2021-01-14 00:00:00+00:00,-2.196,0.04,0.29188332,Alberta
2021-01-15 00:00:00+00:00,-3.0014167,0.02,0.29213327,Alberta
2021-01-16 00:00:00+00:00,0.17566663,0.0,0.29236662,Alberta
2021-01-17 00:00:00+00:00,-0.85475,1.1800001,0.29259998,Alberta
2021-01-18 00:00:00+00:00,0.35733336,1.0000001,0.29315,Alberta
2021-01-19 00:00:00+00:00,-1.7793335,0.0,0.29395834,Alberta
2021-01-20 00:00:00+00:00,-0.4226667,0.16,0.29470834,Alberta
2021-01-21 00:00:00+00:00,-5.4526668,0.42000002,0.29549164,Alberta
2021-01-22 00:00:00+00:00,-7.2597504,0.32,0.29575,Alberta
2021-01-23 00:00:00+00:00,-11.911416,0.76000005,0.29599172,Alberta
2021-01-24 00:00:00+00:00,-16.710167,0.36000004,0.29572502,Alberta
2021-01-25 00:00:00+00:00,-17.817667,0.0,0.29543334,Alberta
2021-01-26 00:00:00+00:00,-16.074333,0.48000002,0.29522502,Alberta
2021-01-27 00:00:00+00:00,-15.520166,0.34000003,0.29485837,Alberta
2021-01-28 00:00:00+00:00,-17.771418,0.36,0.29471672,Alberta
2021-01-29 00:00:00+00:00,-17.146418,0.060000002,0.29442507,Alberta
2021-01-30 00:00:00+00:00,-14.418081,0.0,0.29420835,Alberta
2021-01-31 00:00:00+00:00,-9.546834,0.0,0.294,Alberta
2021-02-01 00:00:00+00:00,-5.91475,0.0,0.2938,Alberta
2021-02-02 00:00:00+00:00,-9.058917,3.0,0.2937333,Alberta
2021-02-03 00:00:00+00:00,-16.205584,0.9,0.2934,Alberta
2021-02-04 00:00:00+00:00,-16.153084,0.66,0.2934,Alberta
2021-02-05 00:00:00+00:00,-17.997667,2.0400002,0.29325834,Alberta
2021-02-06 00:00:00+00:00,-24.960165,1.3000002,0.29299998,Alberta
2021-02-07 00:00:00+00:00,-29.720165,0.58000004,0.29299998,Alberta
2021-02-08 00:00:00+00:00,-30.09725,0.16000001,0.29270002,Alberta
2021-02-09 00:00:00+00:00,-29.105167,0.0,0.29260004,Alberta
2021-02-10 00:00:00+00:00,-27.465998,0.0,0.29260004,Alberta
2021-02-11 00:00:00+00:00,-28.624334,0.0,0.29218334,Alberta
2021-02-12 00:00:00+00:00,-23.606417,0.26000005,0.292,Alberta
2021-02-13 00:00:00+00:00,-24.378916,0.0,0.29206666,Alberta
2021-02-14 00:00:00+00:00,-23.008919,0.0,0.29214996,Alberta
2021-02-15 00:00:00+00:00,-20.64725,0.02,0.29193336,Alberta
2021-02-16 00:00:00+00:00,-17.36975,0.46000004,0.29180002,Alberta
2021-02-17 00:00:00+00:00,-14.596417,0.62000006,0.29180002,Alberta
2021-02-18 00:00:00+00:00,-11.970167,0.0,0.29180002,Alberta
2021-02-19 00:00:00+00:00,-4.8034997,0.2,0.29180002,Alberta
2021-02-20 00:00:00+00:00,-2.1439166,0.120000005,0.29162496,Alberta
2021-02-21 00:00:00+00:00,-0.08600006,0.18,0.29186666,Alberta
2021-02-22 00:00:00+00:00,3.2931666,0.96000004,0.29539165,Alberta
2021-02-23 00:00:00+00:00,-1.6010002,0.8800001,0.3005,Alberta
2021-02-24 00:00:00+00:00,-4.321,0.2,0.3029917,Alberta
2021-02-25 00:00:00+00:00,-1.9664167,0.75999993,0.30430833,Alberta
2021-02-26 00:00:00+00:00,-7.5026674,1.2600001,0.30525,Alberta
2021-02-27 00:00:00+00:00,-12.748917,1.32,0.3055583,Alberta
2021-02-28 00:00:00+00:00,-7.0285006,2.0800002,0.3055833,Alberta
2021-03-01 00:00:00+00:00,-0.079750136,0.46000004,0.30567497,Alberta
2021-03-02 00:00:00+00:00,-0.21891642,0.22,0.30656663,Alberta
2021-03-03 00:00:00+00:00,-0.66225016,0.0,0.30769166,Alberta
2021-03-04 00:00:00+00:00,-1.3360001,0.0,0.3106417,Alberta
2021-03-05 00:00:00+00:00,1.6077499,0.0,0.31708333,Alberta
2021-03-06 00:00:00+00:00,2.67025,0.1,0.32901663,Alberta
2021-03-07 00:00:00+00:00,-1.326,0.16000001,0.33446667,Alberta
2021-03-08 00:00:00+00:00,-2.2464168,0.46000004,0.3392917,Alberta
2021-03-09 00:00:00+00:00,-3.3414166,0.120000005,0.34058338,Alberta
2021-03-10 00:00:00+00:00,-5.506417,1.0200001,0.34045,Alberta
2021-03-11 00:00:00+00:00,-8.826416,0.0,0.339925,Alberta
2021-03-12 00:00:00+00:00,-0.13808337,0.18,0.33932504,Alberta
2021-03-13 00:00:00+00:00,1.7498333,0.0,0.34625834,Alberta
2021-03-14 00:00:00+00:00,4.6785836,0.0,0.3632833,Alberta
2021-03-15 00:00:00+00:00,0.24733324,0.3,0.37198332,Alberta
2021-03-16 00:00:00+00:00,-1.0680833,0.0,0.3692917,Alberta
2021-03-17 00:00:00+00:00,1.6252501,0.0,0.3703,Alberta
2021-03-18 00:00:00+00:00,3.93275,0.0,0.37325835,Alberta
2021-03-19 00:00:00+00:00,5.7210836,0.14,0.37423334,Alberta
2021-03-20 00:00:00+00:00,3.5785835,0.120000005,0.37454167,Alberta
2021-03-21 00:00:00+00:00,-0.36891666,0.1,0.37281662,Alberta
2021-03-22 00:00:00+00:00,-0.046000004,1.1200001,0.36944997,Alberta
2021-03-23 00:00:00+00:00,-2.3393333,0.50000006,0.36641663,Alberta
2021-03-24 00:00:00+00:00,0.37733334,2.2400005,0.36158332,Alberta
2021-03-25 00:00:00+00:00,-3.859333,2.6399999,0.35977507,Alberta
2021-03-26 00:00:00+00:00,-3.6880832,0.34,0.35446668,Alberta
2021-03-27 00:00:00+00:00,0.5235833,0.84,0.35334998,Alberta
2021-03-28 00:00:00+00:00,5.5473332,0.42,0.3567667,Alberta
2021-03-29 00:00:00+00:00,-3.9139168,4.46,0.36100832,Alberta
2021-03-30 00:00:00+00:00,-5.311417,0.02,0.36048335,Alberta
2021-03-31 00:00:00+00:00,2.30275,0.0,0.3593667,Alberta
2021-04-01 00:00:00+00:00,5.598583,0.0,0.36135,Alberta
2021-04-02 00:00:00+00:00,4.179,0.0,0.36406666,Alberta
2021-04-03 00:00:00+00:00,3.6489997,0.1,0.36395,Alberta
2021-04-04 00:00:00+00:00,4.8098335,0.68,0.360675,Alberta
2021-04-05 00:00:00+00:00,2.9160833,1.12,0.3570084,Alberta
2021-04-06 00:00:00+00:00,4.91525,0.0,0.3539167,Alberta
2021-04-07 00:00:00+00:00,5.7865,0.91999996,0.34911662,Alberta
2021-04-08 00:00:00+00:00,2.6706665,1.22,0.34418333,Alberta
2021-04-09 00:00:00+00:00,1.7748333,0.0,0.34411672,Alberta
2021-04-10 00:00:00+00:00,1.7110832,3.4,0.34239167,Alberta
2021-04-11 00:00:00+00:00,-1.0768335,1.7,0.34390837,Alberta
2021-04-12 00:00:00+00:00,-1.0622499,0.22,0.34416667,Alberta
2021-04-13 00:00:00+00:00,-0.05183339,0.0,0.34450832,Alberta
2021-04-14 00:00:00+00:00,2.849,0.0,0.34436664,Alberta
2021-04-15 00:00:00+00:00,5.0465,0.0,0.34685004,Alberta
2021-04-16 00:00:00+00:00,6.7385836,0.0,0.34608328,Alberta
2021-04-17 00:00:00+00:00,8.8065,0.0,0.34035835,Alberta
2021-04-18 00:00:00+00:00,4.096917,4.24,0.33199996,Alberta
2021-04-19 00:00:00+00:00,0.9327501,0.48000002,0.33435002,Alberta
2021-04-20 00:00:00+00:00,2.4810834,0.0,0.33582503,Alberta
2021-04-21 00:00:00+00:00,7.1565003,1.0600001,0.3360167,Alberta
2021-04-22 00:00:00+00:00,1.8790001,2.1200001,0.3329583,Alberta
2021-04-23 00:00:00+00:00,-1.8609998,0.02,0.33140004,Alberta
2021-04-24 00:00:00+00:00,-0.19891664,1.4599998,0.33261666,Alberta
2021-04-25 00:00:00+00:00,0.85441667,1.06,0.33330834,Alberta
2021-04-26 00:00:00+00:00,3.9335835,0.28000003,0.33217502,Alberta
2021-04-27 00:00:00+00:00,2.2835836,0.8599998,0.328775,Alberta
2021-04-28 00:00:00+00:00,2.47775,1.2599999,0.328475,Alberta
2021-04-29 00:00:00+00:00,5.6798334,1.1800001,0.3271583,Alberta
2021-04-30 00:00:00+00:00,12.7565,0.060000002,0.3271583,Alberta
2021-05-01 00:00:00+00:00,10.280251,0.14000002,0.32145837,Alberta
2021-05-02 00:00:00+00:00,6.0690002,0.78000003,0.318575,Alberta
2021-05-03 00:00:00+00:00,4.2665,0.17999999,0.31542498,Alberta
2021-05-04 00:00:00+00:00,6.993167,1.96,0.31081668,Alberta
2021-05-05 00:00:00+00:00,7.2106667,0.44,0.3064,Alberta
2021-05-06 00:00:00+00:00,10.134833,0.0,0.30356666,Alberta
2021-05-07 00:00:00+00:00,11.819416,2.2,0.29591665,Alberta
2021-05-08 00:00:00+00:00,5.8035836,12.46,0.3044417,Alberta
2021-05-09 00:00:00+00:00,5.1689997,2.1599998,0.320475,Alberta
2021-05-10 00:00:00+00:00,6.732333,0.02,0.32585004,Alberta
2021-05-11 00:00:00+00:00,8.2715,1.22,0.32535002,Alberta
2021-05-12 00:00:00+00:00,9.053166,0.28,0.323425,Alberta
2021-05-13 00:00:00+00:00,12.025251,0.46000004,0.31614166,Alberta
2021-05-14 00:00:00+00:00,11.516083,0.24000001,0.31116667,Alberta
2021-05-15 00:00:00+00:00,13.479834,0.02,0.30395836,Alberta
2021-05-16 00:00:00+00:00,15.273166,0.060000002,0.29794165,Alberta
2021-05-17 00:00:00+00:00,16.064417,0.4,0.2913,Alberta
2021-05-18 00:00:00+00:00,11.531084,9.84,0.29041666,Alberta
2021-05-19 00:00:00+00:00,4.76275,5.5999994,0.31620833,Alberta
2021-05-20 00:00:00+00:00,2.7873333,1.7200003,0.32635832,Alberta
2021-05-21 00:00:00+00:00,3.6273332,0.64,0.32436663,Alberta
2021-05-22 00:00:00+00:00,7.3402495,0.0,0.31904167,Alberta
2021-05-23 00:00:00+00:00,9.871916,1.2,0.31125832,Alberta
2021-05-24 00:00:00+00:00,10.202333,15.859998,0.31309167,Alberta
2021-05-25 00:00:00+00:00,8.831083,4.24,0.34980002,Alberta
2021-05-26 00:00:00+00:00,10.0669155,0.8,0.34485,Alberta
2021-05-27 00:00:00+00:00,13.362333,0.64,0.33718333,Alberta
2021-05-28 00:00:00+00:00,12.3465,3.6200001,0.32969165,Alberta
2021-05-29 00:00:00+00:00,11.459001,0.88,0.3290167,Alberta
2021-05-30 00:00:00+00:00,13.79525,0.04,0.32056665,Alberta
2021-05-31 00:00:00+00:00,16.570667,0.08,0.31217504,Alberta
2021-06-01 00:00:00+00:00,18.293167,0.0,0.3022333,Alberta
2021-06-02 00:00:00+00:00,20.713165,0.0,0.29325834,Alberta
2021-06-03 00:00:00+00:00,22.134832,0.02,0.2837667,Alberta
2021-06-04 00:00:00+00:00,19.432331,0.9799999,0.27595,Alberta
2021-06-05 00:00:00+00:00,15.934,3.0399997,0.2721417,Alberta
2021-06-06 00:00:00+00:00,12.869833,0.78000003,0.274275,Alberta
2021-06-07 00:00:00+00:00,11.505666,4.2200003,0.27461666,Alberta
2021-06-08 00:00:00+00:00,10.639,1.8,0.2806833,Alberta
2021-06-09 00:00:00+00:00,12.481916,4.04,0.28283334,Alberta
2021-06-10 00:00:00+00:00,11.99525,8.54,0.28670007,Alberta
2021-06-11 00:00:00+00:00,12.311083,2.42,0.30557498,Alberta
2021-06-12 00:00:00+00:00,13.626917,0.17999999,0.30235833,Alberta
2021-06-13 00:00:00+00:00,15.853582,0.0,0.29571667,Alberta
2021-06-14 00:00:00+00:00,20.209415,0.060000002,0.28413334,Alberta
2021-06-15 00:00:00+00:00,20.928165,0.44,0.2776583,Alberta
2021-06-16 00:00:00+00:00,16.061916,1.2,0.27470002,Alberta
2021-06-17 00:00:00+00:00,13.696083,5.6,0.2758,Alberta
2021-06-18 00:00:00+00:00,13.713167,0.65999997,0.27895832,Alberta
2021-06-19 00:00:00+00:00,15.293584,3.4599998,0.27619165,Alberta
2021-06-20 00:00:00+00:00,14.4539995,2.2,0.27494168,Alberta
2021-06-21 00:00:00+00:00,17.274834,0.0,0.27244997,Alberta
2021-06-22 00:00:00+00:00,21.104832,0.02,0.26896667,Alberta
2021-06-23 00:00:00+00:00,18.820667,0.5,0.26301667,Alberta
2021-06-24 00:00:00+00:00,17.274834,5.42,0.26443332,Alberta
2021-06-25 00:00:00+00:00,19.527332,0.02,0.27098337,Alberta
2021-06-26 00:00:00+00:00,22.663584,0.02,0.26892498,Alberta
2021-06-27 00:00:00+00:00,23.56358,0.0,0.26334167,Alberta
2021-06-28 00:00:00+00:00,24.777332,0.0,0.26010832,Alberta
2021-06-29 00:00:00+00:00,27.046082,0.0,0.256675,Alberta
2021-06-30 00:00:00+00:00,28.43983,0.0,0.25295833,Alberta
2021-07-01 00:00:00+00:00,27.919415,0.0,0.24952503,Alberta
2021-07-02 00:00:00+00:00,26.125668,0.64,0.24579997,Alberta
2021-07-03 00:00:00+00:00,21.926083,2.0600002,0.24491668,Alberta
2021-07-04 00:00:00+00:00,18.599417,8.780001,0.26504165,Alberta
2021-07-05 00:00:00+00:00,16.074417,1.3,0.28452498,Alberta
2021-07-06 00:00:00+00:00,16.143167,4.06,0.28845,Alberta
2021-07-07 00:00:00+00:00,18.970667,0.22,0.286375,Alberta
2021-07-08 00:00:00+00:00,21.227749,0.3,0.2788,Alberta
2021-07-09 00:00:00+00:00,22.229834,0.060000002,0.27456668,Alberta
2021-07-10 00:00:00+00:00,22.774,0.82,0.273525,Alberta
2021-07-11 00:00:00+00:00,20.764,1.2,0.27166668,Alberta
2021-07-12 00:00:00+00:00,19.286083,0.40000004,0.26998335,Alberta
2021-07-13 00:00:00+00:00,20.746082,0.34,0.26319164,Alberta
2021-07-14 00:00:00+00:00,22.6415,0.14000002,0.26071662,Alberta
2021-07-15 00:00:00+00:00,23.494001,0.26,0.25979167,Alberta
2021-07-16 00:00:00+00:00,19.85525,6.160001,0.25766665,Alberta
2021-07-17 00:00:00+00:00,17.576084,7.3,0.26507503,Alberta
2021-07-18 00:00:00+00:00,16.009417,0.46000004,0.2842667,Alberta
2021-07-19 00:00:00+00:00,16.868168,0.56000006,0.29194167,Alberta
2021-07-20 00:00:00+00:00,18.521084,1.48,0.29725832,Alberta
2021-07-21 00:00:00+00:00,18.444416,2.84,0.304325,Alberta
2021-07-22 00:00:00+00:00,17.313583,3.04,0.311,Alberta
2021-07-23 00:00:00+00:00,16.963167,0.2,0.31018335,Alberta
2021-07-24 00:00:00+00:00,18.153168,0.0,0.3028,Alberta
2021-07-25 00:00:00+00:00,18.824,0.52,0.2928417,Alberta
2021-07-26 00:00:00+00:00,18.751917,1.1200001,0.28313333,Alberta
2021-07-27 00:00:00+00:00,19.438168,1.5,0.27883333,Alberta
2021-07-28 00:00:00+00:00,19.433167,0.0,0.27643332,Alberta
2021-07-29 00:00:00+00:00,21.219833,0.9999999,0.27079168,Alberta
2021-07-30 00:00:00+00:00,21.219833,0.14,0.26499996,Alberta
2021-07-31 00:00:00+00:00,22.581501,0.0,0.25815,Alberta
2021-08-01 00:00:00+00:00,24.659832,0.0,0.2561667,Alberta
2021-08-02 00:00:00+00:00,23.316916,1.8,0.26246667,Alberta
2021-08-03 00:00:00+00:00,22.109417,1.74,0.26537496,Alberta
2021-08-04 00:00:00+00:00,21.428999,0.78000003,0.2593,Alberta
2021-08-05 00:00:00+00:00,21.710249,0.18,0.25185,Alberta
2021-08-06 00:00:00+00:00,22.368166,0.32,0.24630833,Alberta
2021-08-07 00:00:00+00:00,18.028584,5.48,0.2500833,Alberta
2021-08-08 00:00:00+00:00,15.537748,2.38,0.25116664,Alberta
2021-08-09 00:00:00+00:00,16.252333,2.28,0.25654167,Alberta
2021-08-10 00:00:00+00:00,19.42025,1.42,0.25414163,Alberta
2021-08-11 00:00:00+00:00,19.023167,0.060000002,0.25550005,Alberta
2021-08-12 00:00:00+00:00,17.236917,0.0,0.25399166,Alberta
2021-08-13 00:00:00+00:00,20.360249,0.0,0.2506,Alberta
2021-08-14 00:00:00+00:00,24.155249,0.060000002,0.2437417,Alberta
2021-08-15 00:00:00+00:00,23.060667,0.98,0.24224167,Alberta
2021-08-16 00:00:00+00:00,20.845667,0.93999994,0.24320833,Alberta
2021-08-17 00:00:00+00:00,13.949415,6.7,0.24815002,Alberta
2021-08-18 00:00:00+00:00,13.66525,1.36,0.26649168,Alberta
2021-08-19 00:00:00+00:00,14.390249,2.1,0.27179995,Alberta
2021-08-20 00:00:00+00:00,13.934833,0.7999999,0.27343336,Alberta
2021-08-21 00:00:00+00:00,13.133583,1.0400001,0.27364165,Alberta
2021-08-22 00:00:00+00:00,13.24525,4.6,0.27636668,Alberta
2021-08-23 00:00:00+00:00,10.473583,15.799998,0.295175,Alberta
2021-08-24 00:00:00+00:00,10.408167,3.4,0.3287333,Alberta
2021-08-25 00:00:00+00:00,12.74525,0.0,0.3283917,Alberta
2021-08-26 00:00:00+00:00,14.964833,0.02,0.32020003,Alberta
2021-08-27 00:00:00+00:00,15.366916,1.1,0.31046668,Alberta
2021-08-28 00:00:00+00:00,14.742334,0.22,0.30560833,Alberta
2021-08-29 00:00:00+00:00,16.413584,0.0,0.30005,Alberta
2021-08-30 00:00:00+00:00,15.768582,0.88,0.2901583,Alberta
2021-08-31 00:00:00+00:00,14.405251,5.54,0.2888167,Alberta
2021-09-01 00:00:00+00:00,10.913584,5.84,0.297525,Alberta
2021-09-02 00:00:00+00:00,11.156084,3.6000009,0.31313333,Alberta
2021-09-03 00:00:00+00:00,12.476084,0.0,0.31610832,Alberta
2021-09-04 00:00:00+00:00,14.418582,0.0,0.3119583,Alberta
2021-09-05 00:00:00+00:00,17.62025,0.04,0.30425,Alberta
2021-09-06 00:00:00+00:00,16.19525,0.04,0.2963417,Alberta
2021-09-07 00:00:00+00:00,14.997333,0.0,0.29065832,Alberta
2021-09-08 00:00:00+00:00,15.966499,0.22,0.28563333,Alberta
2021-09-09 00:00:00+00:00,17.121084,2.26,0.28530002,Alberta
2021-09-10 00:00:00+00:00,14.578583,0.98,0.28317502,Alberta
2021-09-11 00:00:00+00:00,14.283999,4.5600004,0.28418332,Alberta
2021-09-12 00:00:00+00:00,12.98775,3.1799998,0.29140833,Alberta
2021-09-13 00:00:00+00:00,12.0494175,0.2,0.295825,Alberta
2021-09-14 00:00:00+00:00,12.696918,0.120000005,0.2950583,Alberta
2021-09-15 00:00:00+00:00,11.714833,1.44,0.29235,Alberta
2021-09-16 00:00:00+00:00,7.9227495,0.26000002,0.294125,Alberta
2021-09-17 00:00:00+00:00,7.977333,0.0,0.29552498,Alberta
2021-09-18 00:00:00+00:00,12.0269165,0.28000003,0.29336667,Alberta
2021-09-19 00:00:00+00:00,10.271501,0.28000003,0.29048333,Alberta
2021-09-20 00:00:00+00:00,9.549,0.34,0.289125,Alberta
2021-09-21 00:00:00+00:00,12.0077505,0.26000005,0.28495002,Alberta
2021-09-22 00:00:00+00:00,14.519,0.2,0.27963334,Alberta
2021-09-23 00:00:00+00:00,10.765667,0.36,0.27750835,Alberta
2021-09-24 00:00:00+00:00,10.5715,0.0,0.2783583,Alberta
2021-09-25 00:00:00+00:00,15.704,0.02,0.27414998,Alberta
2021-09-26 00:00:00+00:00,15.044001,0.76,0.27104163,Alberta
2021-09-27 00:00:00+00:00,14.652333,0.45999998,0.26780838,Alberta
2021-09-28 00:00:00+00:00,13.314417,0.52000004,0.26599163,Alberta
2021-09-29 00:00:00+00:00,10.223583,0.08,0.26887503,Alberta
2021-09-30 00:00:00+00:00,11.607333,0.24000001,0.26601666,Alberta
2021-10-01 00:00:00+00:00,12.69525,0.16,0.2617833,Alberta
2021-10-02 00:00:00+00:00,10.0015,0.0,0.25813332,Alberta
2021-10-03 00:00:00+00:00,10.822333,0.120000005,0.258475,Alberta
2021-10-04 00:00:00+00:00,7.6602507,0.0,0.25503334,Alberta
2021-10-05 00:00:00+00:00,9.401083,0.9799999,0.25434166,Alberta
2021-10-06 00:00:00+00:00,8.041082,0.53999996,0.25577497,Alberta
2021-10-07 00:00:00+00:00,4.994834,0.32,0.25765833,Alberta
2021-10-08 00:00:00+00:00,4.871917,0.16,0.25533333,Alberta
2021-10-09 00:00:00+00:00,6.1423335,0.16,0.25105834,Alberta
2021-10-10 00:00:00+00:00,7.6802506,1.9400002,0.24528332,Alberta
2021-10-11 00:00:00+00:00,2.4965,0.70000005,0.24789996,Alberta
2021-10-12 00:00:00+00:00,1.1435833,0.0,0.2467583,Alberta
2021-10-13 00:00:00+00:00,2.1964998,0.44,0.24080834,Alberta
2021-10-14 00:00:00+00:00,2.3973336,0.08,0.24060833,Alberta
2021-10-15 00:00:00+00:00,4.9623337,0.0,0.23657498,Alberta
2021-10-16 00:00:00+00:00,7.1823335,0.16,0.23392501,Alberta
2021-10-17 00:00:00+00:00,8.969417,1.4000001,0.2227833,Alberta
2021-10-18 00:00:00+00:00,4.8969164,0.93999994,0.21934167,Alberta
2021-10-19 00:00:00+00:00,3.7310834,0.0,0.22164166,Alberta
2021-10-20 00:00:00+00:00,4.21775,0.0,0.22033331,Alberta
2021-10-21 00:00:00+00:00,5.544833,0.75999993,0.22215834,Alberta
2021-10-22 00:00:00+00:00,4.517333,0.48000002,0.22080834,Alberta
2021-10-23 00:00:00+00:00,5.44775,11.379999,0.2265583,Alberta
2021-10-24 00:00:00+00:00,4.386917,1.3199999,0.24326666,Alberta
2021-10-25 00:00:00+00:00,6.95775,1.28,0.25135833,Alberta
2021-10-26 00:00:00+00:00,4.789,0.02,0.25824168,Alberta
2021-10-27 00:00:00+00:00,5.262334,0.54,0.25695002,Alberta
2021-10-28 00:00:00+00:00,4.8914995,0.2,0.2577833,Alberta
2021-10-29 00:00:00+00:00,2.6056666,5.24,0.26085836,Alberta
2021-10-30 00:00:00+00:00,-0.6035,2.68,0.26968333,Alberta
2021-10-31 00:00:00+00:00,-4.1305833,0.0,0.27070835,Alberta
2021-11-01 00:00:00+00:00,-4.475583,0.0,0.27025837,Alberta
2021-11-02 00:00:00+00:00,-2.0689163,0.0,0.2696417,Alberta
2021-11-03 00:00:00+00:00,1.2756666,0.0,0.27031672,Alberta
2021-11-04 00:00:00+00:00,3.2423337,0.78000003,0.27240005,Alberta
2021-11-05 00:00:00+00:00,4.744,0.86,0.27488333,Alberta
2021-11-06 00:00:00+00:00,2.5056667,1.1400001,0.27554166,Alberta
2021-11-07 00:00:00+00:00,0.24524999,0.08,0.27590004,Alberta
2021-11-08 00:00:00+00:00,-0.3689165,0.32,0.275225,Alberta
2021-11-09 00:00:00+00:00,-1.8960001,0.060000002,0.27429166,Alberta
2021-11-10 00:00:00+00:00,0.026500035,0.120000005,0.27377498,Alberta
2021-11-11 00:00:00+00:00,-2.7747498,0.0,0.27232498,Alberta
2021-11-12 00:00:00+00:00,-0.30641654,0.5,0.27189168,Alberta
2021-11-13 00:00:00+00:00,2.6340003,0.1,0.2692667,Alberta
2021-11-14 00:00:00+00:00,0.61608326,1.48,0.26708335,Alberta
2021-11-15 00:00:00+00:00,0.37524995,4.1800003,0.26855835,Alberta
2021-11-16 00:00:00+00:00,-1.8322499,10.120001,0.27201667,Alberta
2021-11-17 00:00:00+00:00,-7.4980836,0.02,0.27220002,Alberta
2021-11-18 00:00:00+00:00,-5.28725,0.0,0.272125,Alberta
2021-11-19 00:00:00+00:00,-4.401417,0.18,0.27188334,Alberta
2021-11-20 00:00:00+00:00,-5.551416,2.12,0.27120003,Alberta
2021-11-21 00:00:00+00:00,-7.2122498,0.38000005,0.2706667,Alberta
2021-11-22 00:00:00+00:00,1.2894166,1.0200001,0.27056664,Alberta
2021-11-23 00:00:00+00:00,-2.1289165,0.44,0.27087498,Alberta
2021-11-24 00:00:00+00:00,-11.294751,0.7,0.27034163,Alberta
2021-11-25 00:00:00+00:00,-0.37058315,1.3599999,0.2700833,Alberta
2021-11-26 00:00:00+00:00,3.2660835,0.45999998,0.27255,Alberta
2021-11-27 00:00:00+00:00,-3.2630832,0.08,0.27451667,Alberta
2021-11-28 00:00:00+00:00,2.42275,0.22,0.27413332,Alberta
2021-11-29 00:00:00+00:00,2.5535834,0.04,0.27410832,Alberta
2021-11-30 00:00:00+00:00,1.2865002,1.34,0.27358335,Alberta
2021-12-01 00:00:00+00:00,4.828167,3.36,0.27414164,Alberta
2021-12-02 00:00:00+00:00,0.11441662,2.2999997,0.27710837,Alberta
2021-12-03 00:00:00+00:00,-5.8989167,0.17999999,0.2776583,Alberta
2021-12-04 00:00:00+00:00,-10.116834,0.84,0.2781833,Alberta
2021-12-05 00:00:00+00:00,-13.508084,0.4,0.2777417,Alberta
2021-12-06 00:00:00+00:00,-13.713499,0.34,0.27725834,Alberta
2021-12-07 00:00:00+00:00,-9.7285,0.16,0.27663332,Alberta
2021-12-08 00:00:00+00:00,-1.2497499,3.1600003,0.2761833,Alberta
2021-12-09 00:00:00+00:00,-5.1814165,1.0,0.27572498,Alberta
2021-12-10 00:00:00+00:00,-6.146,0.02,0.2753417,Alberta
2021-12-11 00:00:00+00:00,-1.4255832,0.42,0.27484167,Alberta
2021-12-12 00:00:00+00:00,-4.6101665,0.82000005,0.27449998,Alberta
2021-12-13 00:00:00+00:00,-10.565584,0.45999998,0.27410832,Alberta
2021-12-14 00:00:00+00:00,-14.204752,3.22,0.2737833,Alberta
2021-12-15 00:00:00+00:00,-20.970165,0.04,0.27338332,Alberta
2021-12-16 00:00:00+00:00,-20.673916,1.8799999,0.27302498,Alberta
2021-12-17 00:00:00+00:00,-23.898499,1.1200001,0.27259165,Alberta
2021-12-18 00:00:00+00:00,-17.646832,0.1,0.2722667,Alberta
2021-12-19 00:00:00+00:00,-13.549749,0.96000004,0.27208334,Alberta
2021-12-20 00:00:00+00:00,-17.45475,0.0,0.27185,Alberta
2021-12-21 00:00:00+00:00,-11.135167,0.9200001,0.27125,Alberta
2021-12-22 00:00:00+00:00,-6.4885,3.7400002,0.27094167,Alberta
2021-12-23 00:00:00+00:00,-9.321,1.3199999,0.270725,Alberta
2021-12-24 00:00:00+00:00,-20.0285,0.86000013,0.270875,Alberta
2021-12-25 00:00:00+00:00,-25.9585,0.67999995,0.2708417,Alberta
2021-12-26 00:00:00+00:00,-28.395166,0.84000003,0.2707417,Alberta
2021-12-27 00:00:00+00:00,-32.130165,0.0,0.270475,Alberta
2021-12-28 00:00:00+00:00,-28.527668,0.42000002,0.2703167,Alberta
2021-12-29 00:00:00+00:00,-25.420168,0.08,0.27000004,Alberta
2021-12-30 00:00:00+00:00,-23.751,0.9400002,0.269975,Alberta
2021-12-31 00:00:00+00:00,-28.816,0.0,0.2698,Alberta
2022-01-01 00:00:00+00:00,-23.659334,0.42,0.2696417,Alberta
2022-01-02 00:00:00+00:00,-9.933084,0.9799999,0.26940832,Alberta
2022-01-03 00:00:00+00:00,-20.033085,3.2,0.26923332,Alberta
2022-01-04 00:00:00+00:00,-25.805582,2.1799998,0.26903334,Alberta
2022-01-05 00:00:00+00:00,-30.763916,0.08,0.26865,Alberta
2022-01-06 00:00:00+00:00,-31.064749,0.16000001,0.26868334,Alberta
2022-01-07 00:00:00+00:00,-26.268915,1.32,0.26870832,Alberta
2022-01-08 00:00:00+00:00,-24.673916,0.58000004,0.26870832,Alberta
2022-01-09 00:00:00+00:00,-19.771,1.76,0.2688,Alberta
2022-01-10 00:00:00+00:00,-9.521833,0.04,0.2688,Alberta
2022-01-11 00:00:00+00:00,0.8081666,0.4,0.26863337,Alberta
2022-01-12 00:00:00+00:00,1.39275,0.22,0.26915002,Alberta
2022-01-13 00:00:00+00:00,0.5865,2.58,0.27021664,Alberta
2022-01-14 00:00:00+00:00,-2.4510002,0.08,0.2706917,Alberta
2022-01-15 00:00:00+00:00,0.9885834,0.0,0.27155,Alberta
2022-01-16 00:00:00+00:00,-0.53141665,0.4,0.27338332,Alberta
2022-01-17 00:00:00+00:00,-1.1293336,4.4800005,0.27396667,Alberta
2022-01-18 00:00:00+00:00,-16.483501,2.52,0.27395836,Alberta
2022-01-19 00:00:00+00:00,-22.986,0.0,0.27430832,Alberta
2022-01-20 00:00:00+00:00,-7.9143333,1.38,0.27439165,Alberta
2022-01-21 00:00:00+00:00,-2.1001666,0.50000006,0.27475834,Alberta
2022-01-22 00:00:00+00:00,0.9494165,1.3399999,0.27576667,Alberta
2022-01-23 00:00:00+00:00,3.4948335,2.3,0.28087497,Alberta
2022-01-24 00:00:00+00:00,-1.7289165,2.48,0.29331666,Alberta
2022-01-25 00:00:00+00:00,-3.620584,1.08,0.29590005,Alberta
2022-01-26 00:00:00+00:00,0.7744166,0.38000003,0.2977,Alberta
2022-01-27 00:00:00+00:00,-3.916417,0.120000005,0.2985167,Alberta
2022-01-28 00:00:00+00:00,-2.2468333,0.0,0.29895002,Alberta
2022-01-29 00:00:00+00:00,-0.40933323,0.0,0.29945007,Alberta
2022-01-30 00:00:00+00:00,-0.14391664,0.04,0.29955006,Alberta
2022-01-31 00:00:00+00:00,-7.246834,2.66,0.29924163,Alberta
2022-02-01 00:00:00+00:00,-18.718084,0.66,0.29908332,Alberta
2022-02-02 00:00:00+00:00,-22.723083,0.060000002,0.29899997,Alberta
2022-02-03 00:00:00+00:00,-17.81475,1.16,0.29854995,Alberta
2022-02-04 00:00:00+00:00,-13.569751,3.8400002,0.29814166,Alberta
2022-02-05 00:00:00+00:00,-3.553917,1.3199999,0.29773334,Alberta
2022-02-06 00:00:00+00:00,1.8056667,0.18,0.29750833,Alberta
2022-02-07 00:00:00+00:00,3.8873334,0.0,0.30248326,Alberta
2022-02-08 00:00:00+00:00,2.1256669,0.060000002,0.30830002,Alberta
2022-02-09 00:00:00+00:00,2.4465,0.48000002,0.3107,Alberta
2022-02-10 00:00:00+00:00,6.370667,0.50000006,0.32523334,Alberta
2022-02-11 00:00:00+00:00,-2.2430835,0.82,0.3436584,Alberta
2022-02-12 00:00:00+00:00,-2.7693334,0.0,0.3444333,Alberta
2022-02-13 00:00:00+00:00,1.8144165,0.02,0.34454998,Alberta
2022-02-14 00:00:00+00:00,-3.4343333,0.22,0.34379998,Alberta
2022-02-15 00:00:00+00:00,-5.195584,0.88,0.34276667,Alberta
2022-02-16 00:00:00+00:00,-11.348917,2.9199998,0.34169164,Alberta
2022-02-17 00:00:00+00:00,-5.6335006,2.06,0.34048334,Alberta
2022-02-18 00:00:00+00:00,-7.897667,2.1999998,0.34011665,Alberta
2022-02-19 00:00:00+00:00,-0.57891667,1.7,0.33997497,Alberta
2022-02-20 00:00:00+00:00,-14.153501,3.1599998,0.3402,Alberta
2022-02-21 00:00:00+00:00,-20.901833,0.62000006,0.33975,Alberta
2022-02-22 00:00:00+00:00,-23.753082,0.1,0.33921665,Alberta
2022-02-23 00:00:00+00:00,-19.169333,0.36000004,0.33838335,Alberta
2022-02-24 00:00:00+00:00,-10.211833,1.08,0.33765835,Alberta
2022-02-25 00:00:00+00:00,-8.921417,0.04,0.33694997,Alberta
2022-02-26 00:00:00+00:00,-3.8639164,0.0,0.337375,Alberta
2022-02-27 00:00:00+00:00,-3.2518334,0.9,0.33705828,Alberta
2022-02-28 00:00:00+00:00,-5.3401666,0.4,0.33649164,Alberta
2022-03-01 00:00:00+00:00,-3.6318328,0.85999995,0.33629164,Alberta
2022-03-02 00:00:00+00:00,-5.52225,0.5,0.336675,Alberta
2022-03-03 00:00:00+00:00,-7.8889174,3.3399997,0.33641666,Alberta
2022-03-04 00:00:00+00:00,-8.241834,3.86,0.33583334,Alberta
2022-03-05 00:00:00+00:00,-9.271,0.08,0.33520004,Alberta
2022-03-06 00:00:00+00:00,-6.584333,0.66,0.33464172,Alberta
2022-03-07 00:00:00+00:00,-1.23475,0.91999996,0.33466667,Alberta
2022-03-08 00:00:00+00:00,-8.9785,0.54,0.33506662,Alberta
2022-03-09 00:00:00+00:00,-14.076001,0.17999999,0.33556667,Alberta
2022-03-10 00:00:00+00:00,-10.552668,0.02,0.33479163,Alberta
2022-03-11 00:00:00+00:00,-11.750166,0.42000002,0.3341083,Alberta
2022-03-12 00:00:00+00:00,0.85275,0.120000005,0.33391663,Alberta
2022-03-13 00:00:00+00:00,-4.6435003,1.2,0.33547497,Alberta
2022-03-14 00:00:00+00:00,-3.4285004,0.88,0.33611664,Alberta
2022-03-15 00:00:00+00:00,0.88108337,1.0200001,0.33755833,Alberta
2022-03-16 00:00:00+00:00,2.7364998,0.2,0.3410833,Alberta
2022-03-17 00:00:00+00:00,1.4623333,0.0,0.34323335,Alberta
2022-03-18 00:00:00+00:00,2.5698333,0.3,0.34563336,Alberta
2022-03-19 00:00:00+00:00,1.1935833,0.04,0.35017493,Alberta
2022-03-20 00:00:00+00:00,1.5373334,3.8799999,0.35425827,Alberta
2022-03-21 00:00:00+00:00,0.65275,0.14000002,0.35555,Alberta
2022-03-22 00:00:00+00:00,3.0185835,0.0,0.35735834,Alberta
2022-03-23 00:00:00+00:00,7.0198336,0.26,0.358925,Alberta
2022-03-24 00:00:00+00:00,3.3819168,1.68,0.36466664,Alberta
2022-03-25 00:00:00+00:00,-1.4505832,0.0,0.36629167,Alberta
2022-03-26 00:00:00+00:00,-2.1635,1.28,0.36050835,Alberta
2022-03-27 00:00:00+00:00,-0.48641682,0.16,0.35731664,Alberta
2022-03-28 00:00:00+00:00,1.0948335,1.3599999,0.35281667,Alberta
2022-03-29 00:00:00+00:00,0.29274997,1.1,0.35365,Alberta
2022-03-30 00:00:00+00:00,3.56525,0.060000002,0.3504167,Alberta
2022-03-31 00:00:00+00:00,3.5765,1.78,0.35144168,Alberta
2022-04-01 00:00:00+00:00,1.2456667,0.72,0.35634166,Alberta
2022-04-02 00:00:00+00:00,2.2244167,0.42,0.35554165,Alberta
2022-04-03 00:00:00+00:00,2.5715,0.1,0.3543167,Alberta
2022-04-04 00:00:00+00:00,3.7710834,0.060000002,0.35575828,Alberta
2022-04-05 00:00:00+00:00,3.6102498,1.9800001,0.35545832,Alberta
2022-04-06 00:00:00+00:00,2.8877501,0.4,0.35265833,Alberta
2022-04-07 00:00:00+00:00,3.9823334,0.0,0.35013333,Alberta
2022-04-08 00:00:00+00:00,9.652333,0.1,0.34466666,Alberta
2022-04-09 00:00:00+00:00,5.345667,1.4399999,0.34369168,Alberta
2022-04-10 00:00:00+00:00,-0.24433334,0.45999998,0.34003335,Alberta
2022-04-11 00:00:00+00:00,-4.026,0.02,0.339425,Alberta
2022-04-12 00:00:00+00:00,-6.9122496,0.3,0.33761668,Alberta
2022-04-13 00:00:00+00:00,-7.36475,0.34000003,0.33621666,Alberta
2022-04-14 00:00:00+00:00,-6.2818336,0.060000002,0.33505833,Alberta
2022-04-15 00:00:00+00:00,-4.058083,0.86000013,0.3341167,Alberta
2022-04-16 00:00:00+00:00,-3.3364167,0.24000001,0.33328336,Alberta
2022-04-17 00:00:00+00:00,-1.3580832,0.5400001,0.33252499,Alberta
2022-04-18 00:00:00+00:00,0.024416542,0.0,0.33182502,Alberta
2022-04-19 00:00:00+00:00,1.86275,5.8599997,0.33093336,Alberta
2022-04-20 00:00:00+00:00,-0.068083346,6.96,0.3291833,Alberta
2022-04-21 00:00:00+00:00,0.6244167,0.1,0.3311333,Alberta
2022-04-22 00:00:00+00:00,2.4360833,1.5200001,0.3323584,Alberta
2022-04-23 00:00:00+00:00,3.4931672,0.84,0.3331333,Alberta
2022-04-24 00:00:00+00:00,6.4039993,0.060000002,0.33996662,Alberta
2022-04-25 00:00:00+00:00,8.294416,0.08,0.33767495,Alberta
2022-04-26 00:00:00+00:00,7.23275,1.0400001,0.3321833,Alberta
2022-04-27 00:00:00+00:00,5.683167,11.36,0.332825,Alberta
2022-04-28 00:00:00+00:00,4.40525,2.7000003,0.34874162,Alberta
2022-04-29 00:00:00+00:00,4.8848333,1.3,0.34999165,Alberta
2022-04-30 00:00:00+00:00,5.269,0.3,0.34562498,Alberta
2022-05-01 00:00:00+00:00,7.0848336,3.9800003,0.3421667,Alberta
2022-05-02 00:00:00+00:00,8.007334,0.56000006,0.33991668,Alberta
2022-05-03 00:00:00+00:00,7.8685837,0.35999998,0.33700833,Alberta
2022-05-04 00:00:00+00:00,11.477751,0.04,0.33229998,Alberta
2022-05-05 00:00:00+00:00,12.508583,0.26000002,0.32685,Alberta
2022-05-06 00:00:00+00:00,11.67275,5.3799996,0.3218,Alberta
2022-05-07 00:00:00+00:00,7.44275,1.9,0.32311666,Alberta
2022-05-08 00:00:00+00:00,5.4535837,1.5,0.32460833,Alberta
2022-05-09 00:00:00+00:00,3.1610835,2.98,0.32282498,Alberta
2022-05-10 00:00:00+00:00,2.910667,1.2199999,0.31851664,Alberta
2022-05-11 00:00:00+00:00,7.239833,0.5599999,0.31895834,Alberta
2022-05-12 00:00:00+00:00,8.96775,0.060000002,0.31379166,Alberta
2022-05-13 00:00:00+00:00,9.884834,0.7,0.3071167,Alberta
2022-05-14 00:00:00+00:00,8.983583,1.1600001,0.30439168,Alberta
2022-05-15 00:00:00+00:00,10.292749,0.0,0.30055833,Alberta
2022-05-16 00:00:00+00:00,13.17275,0.35999998,0.29358333,Alberta
2022-05-17 00:00:00+00:00,11.093167,1.8400002,0.28899166,Alberta
2022-05-18 00:00:00+00:00,8.409834,0.87999994,0.28814167,Alberta
2022-05-19 00:00:00+00:00,6.79525,7.04,0.29120836,Alberta
2022-05-20 00:00:00+00:00,5.3727503,1.5599998,0.30803332,Alberta
2022-05-21 00:00:00+00:00,5.9231668,0.1,0.30978334,Alberta
2022-05-22 00:00:00+00:00,8.646916,0.120000005,0.30706668,Alberta
2022-05-23 00:00:00+00:00,11.849417,0.0,0.30119166,Alberta
2022-05-24 00:00:00+00:00,12.546083,0.42,0.29153335,Alberta
2022-05-25 00:00:00+00:00,11.894,0.08,0.28723332,Alberta
2022-05-26 00:00:00+00:00,12.564416,0.78000003,0.2808917,Alberta
2022-05-27 00:00:00+00:00,14.444834,0.64000005,0.27611667,Alberta
2022-05-28 00:00:00+00:00,12.861084,0.88,0.2744083,Alberta
2022-05-29 00:00:00+00:00,11.452333,1.6999998,0.27169165,Alberta
2022-05-30 00:00:00+00:00,10.626499,1.2800001,0.27114168,Alberta
2022-05-31 00:00:00+00:00,10.75525,0.04,0.26776665,Alberta
2022-06-01 00:00:00+00:00,12.4615,0.060000002,0.263275,Alberta
2022-06-02 00:00:00+00:00,13.628583,0.0,0.25868335,Alberta
2022-06-03 00:00:00+00:00,15.478167,0.04,0.25651667,Alberta
2022-06-04 00:00:00+00:00,16.946917,1.1,0.25222498,Alberta
2022-06-05 00:00:00+00:00,15.103167,4.46,0.25271666,Alberta
2022-06-06 00:00:00+00:00,13.128583,5.5800004,0.25939998,Alberta
2022-06-07 00:00:00+00:00,12.432333,9.52,0.27930003,Alberta
2022-06-08 00:00:00+00:00,13.953583,1.3,0.292425,Alberta
2022-06-09 00:00:00+00:00,15.014833,0.7,0.289475,Alberta
2022-06-10 00:00:00+00:00,16.651918,1.72,0.28320003,Alberta
2022-06-11 00:00:00+00:00,15.891085,1.5599998,0.27687496,Alberta
2022-06-12 00:00:00+00:00,14.840668,2.1,0.27169168,Alberta
2022-06-13 00:00:00+00:00,13.822332,9.040001,0.27479997,Alberta
2022-06-14 00:00:00+00:00,12.11775,36.66,0.32628334,Alberta
2022-06-15 00:00:00+00:00,12.8394165,17.939999,0.37189165,Alberta
2022-06-16 00:00:00+00:00,14.398168,0.42,0.37722498,Alberta
2022-06-17 00:00:00+00:00,15.622749,4.68,0.36840004,Alberta
2022-06-18 00:00:00+00:00,16.418583,5.38,0.36655837,Alberta
2022-06-19 00:00:00+00:00,15.054418,1.9599998,0.372475,Alberta
2022-06-20 00:00:00+00:00,14.483584,2.08,0.36423331,Alberta
2022-06-21 00:00:00+00:00,15.63275,0.6,0.35869163,Alberta
2022-06-22 00:00:00+00:00,16.580667,4.78,0.348525,Alberta
2022-06-23 00:00:00+00:00,13.197332,8.0199995,0.34883332,Alberta
2022-06-24 00:00:00+00:00,10.511084,16.180002,0.37838334,Alberta
2022-06-25 00:00:00+00:00,12.804834,0.34,0.37418333,Alberta
2022-06-26 00:00:00+00:00,15.689417,0.22,0.35785002,Alberta
2022-06-27 00:00:00+00:00,15.844416,1.02,0.3433583,Alberta
2022-06-28 00:00:00+00:00,15.129001,0.24000001,0.3354083,Alberta
2022-06-29 00:00:00+00:00,16.05775,7.62,0.3351583,Alberta
2022-06-30 00:00:00+00:00,15.473999,1.7,0.3390333,Alberta
2022-07-01 00:00:00+00:00,16.283585,3.3800004,0.330975,Alberta
2022-07-02 00:00:00+00:00,13.439417,5.92,0.339075,Alberta
2022-07-03 00:00:00+00:00,13.006917,1.18,0.34839168,Alberta
2022-07-04 00:00:00+00:00,14.73525,2.0800002,0.3452167,Alberta
2022-07-05 00:00:00+00:00,14.565251,11.66,0.35423332,Alberta
2022-07-06 00:00:00+00:00,14.4019165,2.6800005,0.36602497,Alberta
2022-07-07 00:00:00+00:00,16.327751,3.42,0.36124167,Alberta
2022-07-08 00:00:00+00:00,17.888584,2.08,0.36730832,Alberta
2022-07-09 00:00:00+00:00,18.007334,0.3,0.35715,Alberta
2022-07-10 00:00:00+00:00,17.481083,0.16000001,0.3469333,Alberta
2022-07-11 00:00:00+00:00,18.081501,0.0,0.337425,Alberta
2022-07-12 00:00:00+00:00,20.08275,0.93999994,0.32818332,Alberta
2022-07-13 00:00:00+00:00,19.302334,1.76,0.32174164,Alberta
2022-07-14 00:00:00+00:00,17.761917,0.0,0.3167083,Alberta
2022-07-15 00:00:00+00:00,20.556082,0.52,0.31055835,Alberta
2022-07-16 00:00:00+00:00,20.773584,0.38,0.30395833,Alberta
2022-07-17 00:00:00+00:00,19.25525,2.88,0.31188336,Alberta
2022-07-18 00:00:00+00:00,18.53275,4.76,0.31988332,Alberta
2022-07-19 00:00:00+00:00,19.413584,1.8799999,0.32034168,Alberta
2022-07-20 00:00:00+00:00,17.731499,0.5,0.31750834,Alberta
2022-07-21 00:00:00+00:00,19.422333,0.08,0.3149,Alberta
2022-07-22 00:00:00+00:00,18.228582,2.8,0.309725,Alberta
2022-07-23 00:00:00+00:00,16.521084,0.5,0.309325,Alberta
2022-07-24 00:00:00+00:00,18.669,0.76,0.30436665,Alberta
2022-07-25 00:00:00+00:00,17.641083,4.02,0.3014583,Alberta
2022-07-26 00:00:00+00:00,17.83025,0.18,0.30200833,Alberta
2022-07-27 00:00:00+00:00,20.028584,0.04,0.29818335,Alberta
2022-07-28 00:00:00+00:00,21.979834,0.28,0.29012498,Alberta
2022-07-29 00:00:00+00:00,22.519001,0.5,0.2855583,Alberta
2022-07-30 00:00:00+00:00,20.698584,5.7,0.28189167,Alberta
2022-07-31 00:00:00+00:00,19.342335,1.76,0.2780667,Alberta
2022-08-01 00:00:00+00:00,19.894001,3.9,0.28086668,Alberta
2022-08-02 00:00:00+00:00,17.95275,10.24,0.29315835,Alberta
2022-08-03 00:00:00+00:00,16.69025,0.94000006,0.29666668,Alberta
2022-08-04 00:00:00+00:00,16.659832,6.96,0.30223337,Alberta
2022-08-05 00:00:00+00:00,13.367334,3.5,0.3141,Alberta
2022-08-06 00:00:00+00:00,14.873166,0.120000005,0.31545,Alberta
2022-08-07 00:00:00+00:00,19.729,0.04,0.31119168,Alberta
2022-08-08 00:00:00+00:00,20.416084,0.75999993,0.30431667,Alberta
2022-08-09 00:00:00+00:00,16.721916,0.0,0.29864165,Alberta
2022-08-10 00:00:00+00:00,18.98525,0.02,0.29310834,Alberta
2022-08-11 00:00:00+00:00,21.601084,0.14000002,0.28834167,Alberta
2022-08-12 00:00:00+00:00,20.4715,0.08,0.28458333,Alberta
2022-08-13 00:00:00+00:00,21.33525,1.2,0.27795833,Alberta
2022-08-14 00:00:00+00:00,20.145666,1.8800001,0.27284998,Alberta
2022-08-15 00:00:00+00:00,19.58275,0.14000002,0.27223334,Alberta
2022-08-16 00:00:00+00:00,20.225666,0.56,0.270925,Alberta
2022-08-17 00:00:00+00:00,19.881916,0.26,0.26741666,Alberta
2022-08-18 00:00:00+00:00,20.279415,0.0,0.26361665,Alberta
2022-08-19 00:00:00+00:00,22.210667,0.0,0.26048332,Alberta
2022-08-20 00:00:00+00:00,22.523582,0.23999998,0.25620833,Alberta
2022-08-21 00:00:00+00:00,20.633581,0.64000005,0.25431666,Alberta
2022-08-22 00:00:00+00:00,19.371916,1.08,0.25303334,Alberta
2022-08-23 00:00:00+00:00,19.417332,3.5200005,0.25349998,Alberta
2022-08-24 00:00:00+00:00,18.924417,2.8600001,0.26164165,Alberta
2022-08-25 00:00:00+00:00,19.586084,2.48,0.26320833,Alberta
2022-08-26 00:00:00+00:00,20.268166,1.0400001,0.26126665,Alberta
2022-08-27 00:00:00+00:00,18.384832,6.4799995,0.2566417,Alberta
2022-08-28 00:00:00+00:00,15.056084,2.46,0.26144165,Alberta
2022-08-29 00:00:00+00:00,16.8465,0.0,0.26301664,Alberta
2022-08-30 00:00:00+00:00,20.469,0.0,0.25820002,Alberta
2022-08-31 00:00:00+00:00,21.818583,0.0,0.25070834,Alberta
2022-09-01 00:00:00+00:00,21.570667,0.060000002,0.24422503,Alberta
2022-09-02 00:00:00+00:00,18.072332,0.0,0.24769168,Alberta
2022-09-03 00:00:00+00:00,21.896084,0.0,0.24323335,Alberta
2022-09-04 00:00:00+00:00,22.764832,0.0,0.24262497,Alberta
2022-09-05 00:00:00+00:00,18.959,1.46,0.24348335,Alberta
2022-09-06 00:00:00+00:00,14.463583,0.0,0.24724169,Alberta
2022-09-07 00:00:00+00:00,16.691082,0.08,0.24809165,Alberta
2022-09-08 00:00:00+00:00,13.0515,1.24,0.24965835,Alberta
2022-09-09 00:00:00+00:00,10.944416,2.3000002,0.2532,Alberta
2022-09-10 00:00:00+00:00,13.455249,0.0,0.2576417,Alberta
2022-09-11 00:00:00+00:00,16.981916,0.0,0.25493333,Alberta
2022-09-12 00:00:00+00:00,15.459833,0.0,0.2450833,Alberta
2022-09-13 00:00:00+00:00,14.627751,1.8399999,0.24390836,Alberta
2022-09-14 00:00:00+00:00,13.6365,0.02,0.24492498,Alberta
2022-09-15 00:00:00+00:00,14.2873335,0.08,0.24442501,Alberta
2022-09-16 00:00:00+00:00,14.4123335,0.5,0.24494167,Alberta
2022-09-17 00:00:00+00:00,12.629832,2.66,0.24809167,Alberta
2022-09-18 00:00:00+00:00,10.678167,2.04,0.26692504,Alberta
2022-09-19 00:00:00+00:00,10.304,2.6799998,0.2699,Alberta
2022-09-20 00:00:00+00:00,7.954,0.42000002,0.27968335,Alberta
2022-09-21 00:00:00+00:00,8.821501,0.0,0.2818,Alberta
2022-09-22 00:00:00+00:00,11.116083,0.0,0.277325,Alberta
2022-09-23 00:00:00+00:00,13.011499,0.120000005,0.27243334,Alberta
2022-09-24 00:00:00+00:00,13.091083,0.0,0.2694833,Alberta
2022-09-25 00:00:00+00:00,12.11275,0.02,0.26441666,Alberta
2022-09-26 00:00:00+00:00,15.063167,0.0,0.25424165,Alberta
2022-09-27 00:00:00+00:00,16.975666,0.16,0.24544998,Alberta
2022-09-28 00:00:00+00:00,16.734417,0.0,0.238,Alberta
2022-09-29 00:00:00+00:00,15.741083,1.68,0.23075834,Alberta
2022-09-30 00:00:00+00:00,13.385249,3.3200004,0.23229167,Alberta
2022-10-01 00:00:00+00:00,13.092334,0.0,0.23225829,Alberta
2022-10-02 00:00:00+00:00,14.755667,0.0,0.230425,Alberta
2022-10-03 00:00:00+00:00,13.665667,0.0,0.22444165,Alberta
2022-10-04 00:00:00+00:00,13.699417,0.0,0.21905832,Alberta
2022-10-05 00:00:00+00:00,10.835251,1.0400001,0.21618333,Alberta
2022-10-06 00:00:00+00:00,8.267751,0.16,0.21912496,Alberta
2022-10-07 00:00:00+00:00,9.8865,0.0,0.22122502,Alberta
2022-10-08 00:00:00+00:00,11.993166,0.0,0.21439163,Alberta
2022-10-09 00:00:00+00:00,12.069834,0.0,0.20746665,Alberta
2022-10-10 00:00:00+00:00,13.984833,2.2,0.20237501,Alberta
2022-10-11 00:00:00+00:00,8.915251,1.28,0.20628338,Alberta
2022-10-12 00:00:00+00:00,8.103583,0.08,0.20761666,Alberta
2022-10-13 00:00:00+00:00,8.525667,0.0,0.20490003,Alberta
2022-10-14 00:00:00+00:00,13.253583,1.14,0.1991,Alberta
2022-10-15 00:00:00+00:00,8.256917,0.08,0.19929998,Alberta
2022-10-16 00:00:00+00:00,7.894,0.0,0.20032501,Alberta
2022-10-17 00:00:00+00:00,10.956083,0.0,0.1981667,Alberta
2022-10-18 00:00:00+00:00,12.43525,0.0,0.19626668,Alberta
2022-10-19 00:00:00+00:00,12.263583,0.0,0.19495834,Alberta
2022-10-20 00:00:00+00:00,12.53775,1.34,0.19243336,Alberta
2022-10-21 00:00:00+00:00,5.901917,1.4,0.19644168,Alberta
2022-10-22 00:00:00+00:00,1.9523332,6.22,0.20098336,Alberta
2022-10-23 00:00:00+00:00,1.4931667,2.8,0.20631666,Alberta
2022-10-24 00:00:00+00:00,0.51525,0.14000002,0.21136665,Alberta
2022-10-25 00:00:00+00:00,1.17525,2.2,0.21682498,Alberta
2022-10-26 00:00:00+00:00,-0.15350002,0.04,0.22200835,Alberta
2022-10-27 00:00:00+00:00,5.2544165,0.02,0.22252497,Alberta
2022-10-28 00:00:00+00:00,6.77025,0.04,0.22415832,Alberta
2022-10-29 00:00:00+00:00,5.4185834,0.0,0.22479168,Alberta
2022-10-30 00:00:00+00:00,7.2615004,0.68,0.22545834,Alberta
2022-10-31 00:00:00+00:00,4.4335833,1.3199999,0.22359166,Alberta
2022-11-01 00:00:00+00:00,1.4752501,2.2,0.22426662,Alberta
2022-11-02 00:00:00+00:00,-3.06725,8.0,0.22614165,Alberta
2022-11-03 00:00:00+00:00,-8.778499,0.98,0.22677498,Alberta
2022-11-04 00:00:00+00:00,-3.798083,0.24000001,0.2275,Alberta
2022-11-05 00:00:00+00:00,-3.2768333,6.54,0.2285167,Alberta
2022-11-06 00:00:00+00:00,-11.4835,0.58000004,0.23070005,Alberta
2022-11-07 00:00:00+00:00,-15.886833,3.5400002,0.23165837,Alberta
2022-11-08 00:00:00+00:00,-17.0285,2.8,0.23221667,Alberta
2022-11-09 00:00:00+00:00,-21.616833,0.0,0.23235834,Alberta
2022-11-10 00:00:00+00:00,-17.800999,0.0,0.23227501,Alberta
2022-11-11 00:00:00+00:00,-12.732666,0.0,0.23210004,Alberta
2022-11-12 00:00:00+00:00,-7.26475,0.52,0.23210001,Alberta
2022-11-13 00:00:00+00:00,-5.0130835,0.1,0.23183337,Alberta
2022-11-14 00:00:00+00:00,-1.3885,0.24000001,0.23169169,Alberta
2022-11-15 00:00:00+00:00,-2.8335,0.0,0.23148337,Alberta
2022-11-16 00:00:00+00:00,-2.68975,0.36,0.23169169,Alberta
2022-11-17 00:00:00+00:00,-10.834333,0.04,0.23180003,Alberta
2022-11-18 00:00:00+00:00,-7.5143332,0.0,0.23163334,Alberta
2022-11-19 00:00:00+00:00,-6.135167,0.0,0.23153333,Alberta
2022-11-20 00:00:00+00:00,-1.6389166,0.1,0.23131669,Alberta
2022-11-21 00:00:00+00:00,0.42358333,1.3599999,0.23165002,Alberta
2022-11-22 00:00:00+00:00,1.3490001,0.0,0.23207505,Alberta
2022-11-23 00:00:00+00:00,1.2685833,1.28,0.23302503,Alberta
2022-11-24 00:00:00+00:00,1.5115001,0.9,0.23446664,Alberta
2022-11-25 00:00:00+00:00,3.0248332,1.0,0.23778334,Alberta
2022-11-26 00:00:00+00:00,-0.42058334,0.22,0.24301668,Alberta
2022-11-27 00:00:00+00:00,-1.5355833,1.42,0.24524999,Alberta
2022-11-28 00:00:00+00:00,-10.615167,1.5999998,0.24649164,Alberta
2022-11-29 00:00:00+00:00,-15.730166,0.46000004,0.24724169,Alberta
2022-11-30 00:00:00+00:00,-17.93475,2.0400002,0.24750002,Alberta
2022-12-01 00:00:00+00:00,-22.018085,1.3399999,0.24767499,Alberta
2022-12-02 00:00:00+00:00,-23.891834,0.0,0.24744168,Alberta
2022-12-03 00:00:00+00:00,-16.468916,0.0,0.24731669,Alberta
2022-12-04 00:00:00+00:00,-5.3243327,0.02,0.24714169,Alberta
2022-12-05 00:00:00+00:00,-12.308083,1.64,0.24681671,Alberta
2022-12-06 00:00:00+00:00,-24.161,1.3000001,0.24676669,Alberta
2022-12-07 00:00:00+00:00,-14.260167,0.56000006,0.24670836,Alberta
2022-12-08 00:00:00+00:00,-7.040583,0.02,0.2466,Alberta
2022-12-09 00:00:00+00:00,-5.9651666,0.08,0.246425,Alberta
2022-12-10 00:00:00+00:00,-10.172251,0.0,0.24628334,Alberta
2022-12-11 00:00:00+00:00,-11.447666,1.6200001,0.246,Alberta
2022-12-12 00:00:00+00:00,-18.565166,0.08,0.24581668,Alberta
2022-12-13 00:00:00+00:00,-14.187668,0.1,0.245575,Alberta
2022-12-14 00:00:00+00:00,-4.646833,2.2599998,0.24547498,Alberta
2022-12-15 00:00:00+00:00,-8.702666,0.0,0.24539998,Alberta
2022-12-16 00:00:00+00:00,-6.33475,2.06,0.24520831,Alberta
2022-12-17 00:00:00+00:00,-12.622251,4.0799994,0.24509998,Alberta
2022-12-18 00:00:00+00:00,-21.286,1.9799998,0.24498329,Alberta
2022-12-19 00:00:00+00:00,-24.5485,1.5200001,0.24479994,Alberta
2022-12-20 00:00:00+00:00,-30.52058,0.48000002,0.24471664,Alberta
2022-12-21 00:00:00+00:00,-30.84975,0.38000003,0.24459997,Alberta
2022-12-22 00:00:00+00:00,-31.969336,0.060000002,0.24463329,Alberta
2022-12-23 00:00:00+00:00,-27.731833,0.6,0.2444083,Alberta
2022-12-24 00:00:00+00:00,-17.436,0.86,0.24434996,Alberta
2022-12-25 00:00:00+00:00,-11.594335,2.4999998,0.24411663,Alberta
2022-12-26 00:00:00+00:00,-8.2285,1.04,0.24409166,Alberta
2022-12-27 00:00:00+00:00,-7.168917,2.84,0.24573334,Alberta
2022-12-28 00:00:00+00:00,-8.601001,3.58,0.2477833,Alberta
2022-12-29 00:00:00+00:00,-10.431,0.34,0.248575,Alberta
2022-12-30 00:00:00+00:00,-9.116417,0.0,0.249125,Alberta
2022-12-31 00:00:00+00:00,-8.7543335,0.0,0.24966665,Alberta
2023-01-01 00:00:00+00:00,-7.0309997,0.16,0.24998336,Alberta
2023-01-02 00:00:00+00:00,-6.796834,0.0,0.2502,Alberta
2023-01-03 00:00:00+00:00,-8.248917,0.0,0.25039166,Alberta
2023-01-04 00:00:00+00:00,-8.783084,0.0,0.2504,Alberta
2023-01-05 00:00:00+00:00,-10.934751,0.0,0.2504,Alberta
2023-01-06 00:00:00+00:00,-6.363917,0.0,0.25023335,Alberta
2023-01-07 00:00:00+00:00,-4.563083,0.0,0.2502417,Alberta
2023-01-08 00:00:00+00:00,-6.2464166,0.1,0.250375,Alberta
2023-01-09 00:00:00+00:00,-5.8135004,0.04,0.25046667,Alberta
2023-01-10 00:00:00+00:00,-5.303083,0.120000005,0.2506,Alberta
2023-01-11 00:00:00+00:00,-6.94975,0.24000001,0.2506,Alberta
2023-01-12 00:00:00+00:00,-6.671833,0.0,0.25042498,Alberta
2023-01-13 00:00:00+00:00,-4.7964163,0.120000005,0.25040832,Alberta
2023-01-14 00:00:00+00:00,-4.3159995,0.9,0.25185832,Alberta
2023-01-15 00:00:00+00:00,-6.6576676,0.4,0.25291666,Alberta
2023-01-16 00:00:00+00:00,-4.14475,0.52,0.253025,Alberta
2023-01-17 00:00:00+00:00,-5.613083,0.060000002,0.2528,Alberta
2023-01-18 00:00:00+00:00,-5.2180834,0.0,0.25299996,Alberta
2023-01-19 00:00:00+00:00,-3.8884995,0.04,0.25284165,Alberta
2023-01-20 00:00:00+00:00,-3.1076665,0.0,0.25307497,Alberta
2023-01-21 00:00:00+00:00,0.8048333,0.0,0.25356665,Alberta
2023-01-22 00:00:00+00:00,0.43900004,1.8800001,0.25794166,Alberta
2023-01-23 00:00:00+00:00,-3.4301667,0.91999996,0.261625,Alberta
2023-01-24 00:00:00+00:00,-0.23974994,0.5,0.26279163,Alberta
2023-01-25 00:00:00+00:00,-1.3685,0.46000004,0.26331663,Alberta
2023-01-26 00:00:00+00:00,3.5706666,1.3799999,0.26811665,Alberta
2023-01-27 00:00:00+00:00,-3.5901666,3.6999996,0.27860004,Alberta
2023-01-28 00:00:00+00:00,-17.123083,0.74000007,0.28175005,Alberta
2023-01-29 00:00:00+00:00,-19.471416,0.0,0.28262502,Alberta
2023-01-30 00:00:00+00:00,-13.16225,0.4,0.28317496,Alberta
2023-01-31 00:00:00+00:00,-10.27725,1.8799999,0.28379163,Alberta
2023-02-01 00:00:00+00:00,-12.848917,1.8600003,0.28375834,Alberta
2023-02-02 00:00:00+00:00,-16.930166,0.38000003,0.28379163,Alberta
2023-02-03 00:00:00+00:00,-4.822667,0.120000005,0.28361663,Alberta
2023-02-04 00:00:00+00:00,0.959,0.52000004,0.28385833,Alberta
2023-02-05 00:00:00+00:00,-0.86849993,0.02,0.28492498,Alberta
2023-02-06 00:00:00+00:00,0.21650004,0.120000005,0.28664166,Alberta
2023-02-07 00:00:00+00:00,2.4390004,0.0,0.2909333,Alberta
2023-02-08 00:00:00+00:00,-1.6739166,1.14,0.29395002,Alberta
2023-02-09 00:00:00+00:00,-3.8989167,0.32,0.2942,Alberta
2023-02-10 00:00:00+00:00,-0.13808316,0.22,0.29446664,Alberta
2023-02-11 00:00:00+00:00,-0.2018333,0.04,0.29582494,Alberta
2023-02-12 00:00:00+00:00,-0.2114166,0.4,0.29664165,Alberta
2023-02-13 00:00:00+00:00,2.0073335,1.36,0.2997083,Alberta
2023-02-14 00:00:00+00:00,-8.216833,0.88,0.30189168,Alberta
2023-02-15 00:00:00+00:00,-9.12475,0.3,0.30141667,Alberta
2023-02-16 00:00:00+00:00,-4.506,0.060000002,0.3007083,Alberta
2023-02-17 00:00:00+00:00,-1.7739166,2.26,0.30038333,Alberta
2023-02-18 00:00:00+00:00,-4.736,0.87999994,0.29998332,Alberta
2023-02-19 00:00:00+00:00,-5.8510003,2.6599998,0.2993417,Alberta
2023-02-20 00:00:00+00:00,-9.0735,1.9799998,0.2987917,Alberta
2023-02-21 00:00:00+00:00,-16.211416,3.7800007,0.2982417,Alberta
2023-02-22 00:00:00+00:00,-24.726833,0.38000005,0.297625,Alberta
2023-02-23 00:00:00+00:00,-25.801,0.24000001,0.29719168,Alberta
2023-02-24 00:00:00+00:00,-26.436417,0.0,0.296475,Alberta
2023-02-25 00:00:00+00:00,-15.170166,0.16,0.29588336,Alberta
2023-02-26 00:00:00+00:00,-8.427668,0.48000008,0.29537502,Alberta
2023-02-27 00:00:00+00:00,-8.833918,0.3,0.29467502,Alberta
2023-02-28 00:00:00+00:00,-12.213917,1.08,0.29436666,Alberta
2023-03-01 00:00:00+00:00,-10.252667,0.75999993,0.29366666,Alberta
2023-03-02 00:00:00+00:00,-3.0418332,0.120000005,0.2932333,Alberta
2023-03-03 00:00:00+00:00,-3.4309998,0.14000002,0.29279995,Alberta
2023-03-04 00:00:00+00:00,-9.1635,0.04,0.29262498,Alberta
2023-03-05 00:00:00+00:00,-15.296417,1.1199999,0.29261667,Alberta
2023-03-06 00:00:00+00:00,-16.591,1.0600001,0.2923833,Alberta
2023-03-07 00:00:00+00:00,-14.216001,0.16,0.29199168,Alberta
2023-03-08 00:00:00+00:00,-13.872251,0.08,0.291675,Alberta
2023-03-09 00:00:00+00:00,-15.343083,0.16000001,0.29117498,Alberta
2023-03-10 00:00:00+00:00,-12.83225,0.85999995,0.29081663,Alberta
2023-03-11 00:00:00+00:00,-11.333082,1.7,0.29031664,Alberta
2023-03-12 00:00:00+00:00,-11.351417,0.120000005,0.28999168,Alberta
2023-03-13 00:00:00+00:00,-9.357668,0.4,0.2896333,Alberta
2023-03-14 00:00:00+00:00,-6.11475,1.8399999,0.28934997,Alberta
2023-03-15 00:00:00+00:00,-8.356417,0.1,0.28950003,Alberta
2023-03-16 00:00:00+00:00,-5.1564164,0.26,0.2894,Alberta
2023-03-17 00:00:00+00:00,-4.463917,0.0,0.2892416,Alberta
2023-03-18 00:00:00+00:00,-3.2951667,0.0,0.28949162,Alberta
2023-03-19 00:00:00+00:00,-3.24725,0.0,0.29014167,Alberta
2023-03-20 00:00:00+00:00,-4.96725,0.0,0.29099998,Alberta
2023-03-21 00:00:00+00:00,-5.645583,0.0,0.2914583,Alberta
2023-03-22 00:00:00+00:00,-4.5368333,0.0,0.29235,Alberta
2023-03-23 00:00:00+00:00,-0.916,0.0,0.29572496,Alberta
2023-03-24 00:00:00+00:00,-2.616,0.5,0.3007,Alberta
2023-03-25 00:00:00+00:00,-3.7655835,0.86,0.30380833,Alberta
2023-03-26 00:00:00+00:00,-3.491417,0.58000004,0.30735832,Alberta
2023-03-27 00:00:00+00:00,-6.8659997,1.1,0.30916667,Alberta
2023-03-28 00:00:00+00:00,-7.641416,0.0,0.30965,Alberta
2023-03-29 00:00:00+00:00,-3.693917,0.14000002,0.30982503,Alberta
2023-03-30 00:00:00+00:00,-2.0405831,0.2,0.31202498,Alberta
2023-03-31 00:00:00+00:00,-1.39225,0.0,0.31427503,Alberta
2023-04-01 00:00:00+00:00,0.28691667,0.02,0.32023335,Alberta
2023-04-02 00:00:00+00:00,-0.5501667,2.8400002,0.33286667,Alberta
2023-04-03 00:00:00+00:00,-2.2922502,1.9199997,0.33816665,Alberta
2023-04-04 00:00:00+00:00,-4.0943327,0.34000003,0.34109163,Alberta
2023-04-05 00:00:00+00:00,-3.26725,0.060000002,0.3434167,Alberta
2023-04-06 00:00:00+00:00,-0.24099989,0.0,0.34544164,Alberta
2023-04-07 00:00:00+00:00,3.36025,0.0,0.34947497,Alberta
2023-04-08 00:00:00+00:00,6.0265,0.120000005,0.35810837,Alberta
2023-04-09 00:00:00+00:00,6.454,0.02,0.3715083,Alberta
2023-04-10 00:00:00+00:00,8.356916,0.43999997,0.38463336,Alberta
2023-04-11 00:00:00+00:00,3.6569169,4.5199995,0.3896417,Alberta
2023-04-12 00:00:00+00:00,2.2348332,1.5000001,0.38563332,Alberta
2023-04-13 00:00:00+00:00,2.2706666,0.78,0.3824,Alberta
2023-04-14 00:00:00+00:00,2.2860835,1.78,0.37395,Alberta
2023-04-15 00:00:00+00:00,3.5231667,0.16,0.36725003,Alberta
2023-04-16 00:00:00+00:00,6.6815004,0.0,0.3592,Alberta
2023-04-17 00:00:00+00:00,7.724,2.5000002,0.34944168,Alberta
2023-04-18 00:00:00+00:00,3.1110835,2.4,0.35017493,Alberta
2023-04-19 00:00:00+00:00,3.2423332,0.48000002,0.34814167,Alberta
2023-04-20 00:00:00+00:00,1.1131667,0.8999999,0.34965834,Alberta
2023-04-21 00:00:00+00:00,0.064833164,0.16,0.34887505,Alberta
2023-04-22 00:00:00+00:00,1.5373335,0.0,0.34623337,Alberta
2023-04-23 00:00:00+00:00,5.4735837,0.0,0.3406333,Alberta
2023-04-24 00:00:00+00:00,7.5769167,0.78000003,0.33580005,Alberta
2023-04-25 00:00:00+00:00,7.7435837,1.28,0.33464998,Alberta
2023-04-26 00:00:00+00:00,6.064417,0.64000005,0.33065,Alberta
2023-04-27 00:00:00+00:00,7.2123327,2.24,0.32462505,Alberta
2023-04-28 00:00:00+00:00,9.853167,0.0,0.32137498,Alberta
2023-04-29 00:00:00+00:00,10.499834,0.0,0.307275,Alberta
2023-04-30 00:00:00+00:00,12.179,0.0,0.29484996,Alberta
2023-05-01 00:00:00+00:00,14.804416,0.0,0.27996668,Alberta
2023-05-02 00:00:00+00:00,16.245667,1.0,0.26715833,Alberta
2023-05-03 00:00:00+00:00,16.84275,0.14000002,0.25846666,Alberta
2023-05-04 00:00:00+00:00,18.455667,0.04,0.249825,Alberta
2023-05-05 00:00:00+00:00,18.39275,0.04,0.24179164,Alberta
2023-05-06 00:00:00+00:00,13.178583,1.1800001,0.23653336,Alberta
2023-05-07 00:00:00+00:00,9.889,3.1,0.238475,Alberta
2023-05-08 00:00:00+00:00,10.661917,8.66,0.24697503,Alberta
2023-05-09 00:00:00+00:00,10.520666,1.28,0.25019997,Alberta
2023-05-10 00:00:00+00:00,11.374833,1.68,0.25568336,Alberta
2023-05-11 00:00:00+00:00,12.001501,2.5,0.25699168,Alberta
2023-05-12 00:00:00+00:00,13.550665,0.3,0.255375,Alberta
2023-05-13 00:00:00+00:00,16.593584,0.0,0.25159997,Alberta
2023-05-14 00:00:00+00:00,17.900667,0.0,0.24741665,Alberta
2023-05-15 00:00:00+00:00,18.990252,0.0,0.24335,Alberta
2023-05-16 00:00:00+00:00,18.891083,0.16,0.24064167,Alberta
2023-05-17 00:00:00+00:00,14.009,1.14,0.24395832,Alberta
2023-05-18 00:00:00+00:00,12.049833,0.0,0.24589166,Alberta
2023-05-19 00:00:00+00:00,16.84775,0.08,0.246875,Alberta
2023-05-20 00:00:00+00:00,18.796083,0.14,0.2486,Alberta
2023-05-21 00:00:00+00:00,19.837334,0.24000001,0.25136667,Alberta
2023-05-22 00:00:00+00:00,18.536915,7.94,0.24795833,Alberta
2023-05-23 00:00:00+00:00,14.458166,16.88,0.27358332,Alberta
2023-05-24 00:00:00+00:00,12.856501,2.1400006,0.28905836,Alberta
2023-05-25 00:00:00+00:00,13.2231655,1.52,0.28804165,Alberta
2023-05-26 00:00:00+00:00,13.671916,0.0,0.28695834,Alberta
2023-05-27 00:00:00+00:00,16.036915,0.34,0.28104168,Alberta
2023-05-28 00:00:00+00:00,17.358166,0.44,0.27535835,Alberta
2023-05-29 00:00:00+00:00,17.378584,2.06,0.27045003,Alberta
2023-05-30 00:00:00+00:00,17.248583,1.0,0.26295,Alberta
2023-05-31 00:00:00+00:00,16.216915,5.9200006,0.261025,Alberta
2023-06-01 00:00:00+00:00,15.186084,4.06,0.260325,Alberta
2023-06-02 00:00:00+00:00,14.113167,0.0,0.26055002,Alberta
2023-06-03 00:00:00+00:00,17.165249,0.3,0.25758332,Alberta
2023-06-04 00:00:00+00:00,18.842333,1.6599998,0.25225,Alberta
2023-06-05 00:00:00+00:00,18.27775,1.6599998,0.25045833,Alberta
2023-06-06 00:00:00+00:00,15.49275,0.0,0.2515583,Alberta
2023-06-07 00:00:00+00:00,18.245249,0.0,0.24830003,Alberta
2023-06-08 00:00:00+00:00,20.702332,0.120000005,0.24386668,Alberta
2023-06-09 00:00:00+00:00,20.999416,1.4799999,0.24217498,Alberta
2023-06-10 00:00:00+00:00,20.999832,0.62,0.24387498,Alberta
2023-06-11 00:00:00+00:00,20.548166,5.96,0.24431665,Alberta
2023-06-12 00:00:00+00:00,19.868584,1.08,0.24450834,Alberta
2023-06-13 00:00:00+00:00,21.053165,2.6200001,0.24486665,Alberta
2023-06-14 00:00:00+00:00,16.385666,9.92,0.25044167,Alberta
2023-06-15 00:00:00+00:00,11.87525,16.34,0.2961,Alberta
2023-06-16 00:00:00+00:00,14.811917,0.8,0.3270083,Alberta
2023-06-17 00:00:00+00:00,15.248584,3.86,0.32564998,Alberta
2023-06-18 00:00:00+00:00,12.592333,13.2,0.32555,Alberta
2023-06-19 00:00:00+00:00,11.2165,17.199999,0.38673335,Alberta
2023-06-20 00:00:00+00:00,10.248583,7.4199996,0.39696667,Alberta
2023-06-21 00:00:00+00:00,10.906917,2.98,0.39584166,Alberta
2023-06-22 00:00:00+00:00,13.519,0.88,0.38275003,Alberta
2023-06-23 00:00:00+00:00,15.565249,0.82,0.36967498,Alberta
2023-06-24 00:00:00+00:00,17.382334,0.65999997,0.35910833,Alberta
2023-06-25 00:00:00+00:00,17.644,2.98,0.34378332,Alberta
2023-06-26 00:00:00+00:00,17.50025,0.45999998,0.33438334,Alberta
2023-06-27 00:00:00+00:00,19.02567,0.4,0.320625,Alberta
2023-06-28 00:00:00+00:00,19.2665,0.74,0.30829167,Alberta
2023-06-29 00:00:00+00:00,20.303583,0.34,0.30045834,Alberta
2023-06-30 00:00:00+00:00,20.668583,0.2,0.29341665,Alberta
2023-07-01 00:00:00+00:00,19.410667,3.58,0.28739998,Alberta
2023-07-02 00:00:00+00:00,14.578168,4.58,0.2869333,Alberta
2023-07-03 00:00:00+00:00,13.733583,3.9599998,0.28908333,Alberta
2023-07-04 00:00:00+00:00,13.529834,2.02,0.29217502,Alberta
2023-07-05 00:00:00+00:00,16.044418,0.02,0.29128334,Alberta
2023-07-06 00:00:00+00:00,18.113583,1.32,0.28675836,Alberta
2023-07-07 00:00:00+00:00,17.821918,0.120000005,0.282325,Alberta
2023-07-08 00:00:00+00:00,18.683167,0.08,0.27820835,Alberta
2023-07-09 00:00:00+00:00,21.963583,0.0,0.27594167,Alberta
2023-07-10 00:00:00+00:00,20.224833,6.3799996,0.272925,Alberta
2023-07-11 00:00:00+00:00,17.065666,8.58,0.28324166,Alberta
2023-07-12 00:00:00+00:00,17.214417,4.2799997,0.297225,Alberta
2023-07-13 00:00:00+00:00,18.3815,1.9399999,0.29432502,Alberta
2023-07-14 00:00:00+00:00,18.247334,1.4,0.29495832,Alberta
2023-07-15 00:00:00+00:00,17.957333,2.8200002,0.29515833,Alberta
2023-07-16 00:00:00+00:00,18.506084,0.56,0.29690003,Alberta
2023-07-17 00:00:00+00:00,19.149834,6.0600004,0.3002083,Alberta
2023-07-18 00:00:00+00:00,16.451498,10.839999,0.319225,Alberta
2023-07-19 00:00:00+00:00,17.096916,0.120000005,0.33191666,Alberta
2023-07-20 00:00:00+00:00,18.457752,0.28,0.326075,Alberta
2023-07-21 00:00:00+00:00,19.754416,0.22,0.31621668,Alberta
2023-07-22 00:00:00+00:00,20.994,1.28,0.30747503,Alberta
2023-07-23 00:00:00+00:00,21.045666,3.4,0.30008334,Alberta
2023-07-24 00:00:00+00:00,21.366917,5.2400002,0.30050835,Alberta
2023-07-25 00:00:00+00:00,20.585667,5.7400007,0.31351668,Alberta
2023-07-26 00:00:00+00:00,15.6465,11.42,0.33528334,Alberta
2023-07-27 00:00:00+00:00,14.3481655,4.5800004,0.3412167,Alberta
2023-07-28 00:00:00+00:00,13.026083,2.7400002,0.3347667,Alberta
2023-07-29 00:00:00+00:00,14.818167,0.48000002,0.3334833,Alberta
2023-07-30 00:00:00+00:00,18.500248,0.22,0.327525,Alberta
2023-07-31 00:00:00+00:00,19.086916,1.7400001,0.32258332,Alberta
2023-08-01 00:00:00+00:00,18.20275,0.35999998,0.3216583,Alberta
2023-08-02 00:00:00+00:00,18.504002,0.58000004,0.31603336,Alberta
2023-08-03 00:00:00+00:00,18.43775,6.3399997,0.32133332,Alberta
2023-08-04 00:00:00+00:00,17.461498,0.44,0.31855,Alberta
2023-08-05 00:00:00+00:00,17.476084,0.24000001,0.3115,Alberta
2023-08-06 00:00:00+00:00,17.663166,0.1,0.30330834,Alberta
2023-08-07 00:00:00+00:00,17.971085,2.02,0.29611665,Alberta
2023-08-08 00:00:00+00:00,17.540249,2.6599998,0.2902917,Alberta
2023-08-09 00:00:00+00:00,16.621084,7.16,0.29635835,Alberta
2023-08-10 00:00:00+00:00,16.069832,11.08,0.32194167,Alberta
2023-08-11 00:00:00+00:00,16.222752,1.0799999,0.3224,Alberta
2023-08-12 00:00:00+00:00,16.581917,1.1200001,0.32161665,Alberta
2023-08-13 00:00:00+00:00,18.076084,0.02,0.31780002,Alberta
2023-08-14 00:00:00+00:00,21.35025,0.02,0.30903333,Alberta
2023-08-15 00:00:00+00:00,21.2265,0.28,0.30284166,Alberta
2023-08-16 00:00:00+00:00,19.612331,1.1,0.30197498,Alberta
2023-08-17 00:00:00+00:00,21.097752,0.060000002,0.2991583,Alberta
2023-08-18 00:00:00+00:00,17.861084,8.34,0.30306667,Alberta
2023-08-19 00:00:00+00:00,10.898583,3.3600001,0.3251167,Alberta
2023-08-20 00:00:00+00:00,12.8619175,0.0,0.32484168,Alberta
2023-08-21 00:00:00+00:00,14.563167,1.3399999,0.3207583,Alberta
2023-08-22 00:00:00+00:00,15.766916,4.220001,0.32384166,Alberta
2023-08-23 00:00:00+00:00,15.980665,8.539999,0.33561665,Alberta
2023-08-24 00:00:00+00:00,14.374001,10.139999,0.35731667,Alberta
2023-08-25 00:00:00+00:00,14.429416,0.08,0.35615832,Alberta
2023-08-26 00:00:00+00:00,17.539835,0.0,0.35044998,Alberta
2023-08-27 00:00:00+00:00,19.06525,0.0,0.34029168,Alberta
2023-08-28 00:00:00+00:00,20.030249,0.0,0.33190838,Alberta
2023-08-29 00:00:00+00:00,20.442333,0.0,0.3247,Alberta
2023-08-30 00:00:00+00:00,19.919834,3.8400002,0.31744164,Alberta
2023-08-31 00:00:00+00:00,17.620667,14.120001,0.3266917,Alberta
2023-09-01 00:00:00+00:00,17.105667,0.0,0.32736668,Alberta
2023-09-02 00:00:00+00:00,19.391916,0.0,0.32375002,Alberta
2023-09-03 00:00:00+00:00,17.02025,0.84000003,0.32113335,Alberta
2023-09-04 00:00:00+00:00,12.081917,1.3399999,0.32479164,Alberta
2023-09-05 00:00:00+00:00,10.359834,0.76,0.32812503,Alberta
2023-09-06 00:00:00+00:00,11.696083,4.16,0.33988333,Alberta
2023-09-07 00:00:00+00:00,11.861083,2.02,0.3372333,Alberta
2023-09-08 00:00:00+00:00,12.834833,0.2,0.33295834,Alberta
2023-09-09 00:00:00+00:00,13.255251,0.02,0.32781667,Alberta
2023-09-10 00:00:00+00:00,14.594833,0.0,0.32124996,Alberta
2023-09-11 00:00:00+00:00,16.209415,0.0,0.31234166,Alberta
2023-09-12 00:00:00+00:00,17.378582,1.08,0.3074333,Alberta
2023-09-13 00:00:00+00:00,15.855665,0.28,0.3054,Alberta
2023-09-14 00:00:00+00:00,13.469833,0.0,0.30559164,Alberta
2023-09-15 00:00:00+00:00,13.471499,0.0,0.2994916,Alberta
2023-09-16 00:00:00+00:00,16.65775,0.0,0.2911417,Alberta
2023-09-17 00:00:00+00:00,16.4065,0.0,0.28454167,Alberta
2023-09-18 00:00:00+00:00,14.363584,0.18,0.28535837,Alberta
2023-09-19 00:00:00+00:00,10.5865,0.87999994,0.28500834,Alberta
2023-09-20 00:00:00+00:00,9.877749,1.44,0.28298333,Alberta
2023-09-21 00:00:00+00:00,9.324834,0.02,0.2827417,Alberta
2023-09-22 00:00:00+00:00,12.198168,0.0,0.28005835,Alberta
2023-09-23 00:00:00+00:00,14.206082,0.04,0.27627498,Alberta
2023-09-24 00:00:00+00:00,13.992749,0.9799999,0.27564162,Alberta
2023-09-25 00:00:00+00:00,12.0165,0.04,0.27320832,Alberta
2023-09-26 00:00:00+00:00,15.421082,0.08,0.27179164,Alberta
2023-09-27 00:00:00+00:00,11.924,0.18,0.26866668,Alberta
2023-09-28 00:00:00+00:00,10.288167,0.76,0.2633417,Alberta
2023-09-29 00:00:00+00:00,8.249834,1.9799999,0.26263332,Alberta
2023-09-30 00:00:00+00:00,7.08525,1.9400002,0.263975,Alberta
2023-10-01 00:00:00+00:00,7.2019167,2.1,0.2700333,Alberta
2023-10-02 00:00:00+00:00,8.341083,0.71999997,0.2726,Alberta
2023-10-03 00:00:00+00:00,8.75775,0.26000002,0.27203333,Alberta
2023-10-04 00:00:00+00:00,9.561917,1.7599999,0.27068332,Alberta
2023-10-05 00:00:00+00:00,5.606084,0.0,0.2713,Alberta
2023-10-06 00:00:00+00:00,6.263167,0.0,0.2698,Alberta
2023-10-07 00:00:00+00:00,12.926084,0.0,0.26395833,Alberta
2023-10-08 00:00:00+00:00,14.02525,0.0,0.25241667,Alberta
2023-10-09 00:00:00+00:00,14.456083,0.0,0.24155834,Alberta
2023-10-10 00:00:00+00:00,14.195666,0.22,0.23074996,Alberta
2023-10-11 00:00:00+00:00,11.477333,3.3,0.22824164,Alberta
2023-10-12 00:00:00+00:00,8.873167,1.9400002,0.23146668,Alberta
2023-10-13 00:00:00+00:00,7.5956664,0.42,0.23745838,Alberta
2023-10-14 00:00:00+00:00,7.961084,0.0,0.24224167,Alberta
2023-10-15 00:00:00+00:00,8.76775,0.02,0.24459167,Alberta
2023-10-16 00:00:00+00:00,8.871916,0.0,0.24050005,Alberta
2023-10-17 00:00:00+00:00,10.674001,2.7599998,0.24030836,Alberta
2023-10-18 00:00:00+00:00,9.899834,0.84000003,0.23971665,Alberta
2023-10-19 00:00:00+00:00,13.048584,0.96000004,0.23673335,Alberta
2023-10-20 00:00:00+00:00,10.309833,1.14,0.23226663,Alberta
2023-10-21 00:00:00+00:00,5.33275,0.26,0.23366669,Alberta
2023-10-22 00:00:00+00:00,2.7081666,1.74,0.23649168,Alberta
2023-10-23 00:00:00+00:00,-2.43225,2.14,0.23921669,Alberta
2023-10-24 00:00:00+00:00,-7.3451667,3.1799996,0.24104163,Alberta
2023-10-25 00:00:00+00:00,-8.9730835,0.34000006,0.24225831,Alberta
2023-10-26 00:00:00+00:00,-7.705583,0.58000004,0.2429667,Alberta
2023-10-27 00:00:00+00:00,-5.9601665,0.7600001,0.24352503,Alberta
2023-10-28 00:00:00+00:00,-4.4743333,0.28000003,0.24402502,Alberta
2023-10-29 00:00:00+00:00,-3.9926667,0.18000002,0.24440002,Alberta
2023-10-30 00:00:00+00:00,-2.8089163,0.0,0.24465004,Alberta
2023-10-31 00:00:00+00:00,-0.2589166,0.0,0.24500003,Alberta
2023-11-01 00:00:00+00:00,-2.0243335,0.120000005,0.24508336,Alberta
2023-11-02 00:00:00+00:00,-0.3876667,0.22,0.24548335,Alberta
2023-11-03 00:00:00+00:00,0.5465,1.3399999,0.246275,Alberta
2023-11-04 00:00:00+00:00,1.54775,0.64,0.24834165,Alberta
2023-11-05 00:00:00+00:00,2.8844168,0.4,0.25084996,Alberta
2023-11-06 00:00:00+00:00,1.05025,0.0,0.25388327,Alberta
2023-11-07 00:00:00+00:00,0.90441674,0.68,0.2550333,Alberta
2023-11-08 00:00:00+00:00,1.0135834,0.3,0.25624162,Alberta
2023-11-09 00:00:00+00:00,-0.8205832,0.3,0.25675,Alberta
2023-11-10 00:00:00+00:00,0.7435833,0.0,0.2568167,Alberta
2023-11-11 00:00:00+00:00,1.7948334,0.3,0.25668335,Alberta
2023-11-12 00:00:00+00:00,2.5252502,0.1,0.25805837,Alberta
2023-11-13 00:00:00+00:00,0.73775,0.34,0.25750834,Alberta
2023-11-14 00:00:00+00:00,0.57399994,0.5,0.25710833,Alberta
2023-11-15 00:00:00+00:00,-0.35308334,0.14000002,0.25705832,Alberta
2023-11-16 00:00:00+00:00,-2.7343335,0.22,0.25619164,Alberta
2023-11-17 00:00:00+00:00,3.434,0.0,0.25616664,Alberta
2023-11-18 00:00:00+00:00,2.499,0.14,0.25579995,Alberta
2023-11-19 00:00:00+00:00,2.1773334,0.0,0.25451663,Alberta
2023-11-20 00:00:00+00:00,1.3765002,0.17999999,0.2546,Alberta
2023-11-21 00:00:00+00:00,0.36566675,0.0,0.25558335,Alberta
2023-11-22 00:00:00+00:00,-1.68475,1.02,0.25605834,Alberta
2023-11-23 00:00:00+00:00,-3.151833,0.5,0.25528336,Alberta
2023-11-24 00:00:00+00:00,-2.88975,0.0,0.25525,Alberta
2023-11-25 00:00:00+00:00,-0.8251666,0.1,0.25511667,Alberta
2023-11-26 00:00:00+00:00,-2.0226665,0.58000004,0.25527504,Alberta
2023-11-27 00:00:00+00:00,-1.6164166,0.0,0.25520003,Alberta
2023-11-28 00:00:00+00:00,0.9623333,0.0,0.25510836,Alberta
2023-11-29 00:00:00+00:00,-0.79516655,0.08,0.25503337,Alberta
2023-11-30 00:00:00+00:00,-4.591417,0.14000002,0.2551917,Alberta
2023-12-01 00:00:00+00:00,-6.9126663,0.0,0.2551,Alberta
2023-12-02 00:00:00+00:00,-5.2297497,0.08,0.25516668,Alberta
2023-12-03 00:00:00+00:00,-3.2272499,0.26,0.2552,Alberta
2023-12-04 00:00:00+00:00,-0.015999949,1.0400001,0.25488335,Alberta
2023-12-05 00:00:00+00:00,2.5323334,2.1399999,0.25479168,Alberta
2023-12-06 00:00:00+00:00,2.233167,0.64000005,0.25500837,Alberta
2023-12-07 00:00:00+00:00,-0.5693333,4.4,0.25476667,Alberta
2023-12-08 00:00:00+00:00,-3.9455833,1.2799999,0.25540835,Alberta
2023-12-09 00:00:00+00:00,-6.2889166,0.1,0.25607497,Alberta
2023-12-10 00:00:00+00:00,-2.90225,0.060000002,0.2564,Alberta
2023-12-11 00:00:00+00:00,-3.171,0.32000002,0.2564,Alberta
2023-12-12 00:00:00+00:00,-4.876416,0.0,0.2564,Alberta
2023-12-13 00:00:00+00:00,0.34983334,0.0,0.25671667,Alberta
2023-12-14 00:00:00+00:00,1.9173334,0.38,0.25669998,Alberta
2023-12-15 00:00:00+00:00,-1.9276667,1.24,0.25699168,Alberta
2023-12-16 00:00:00+00:00,0.8477502,0.16,0.25700834,Alberta
2023-12-17 00:00:00+00:00,-2.26975,0.84000003,0.25699168,Alberta
2023-12-18 00:00:00+00:00,-0.49766666,0.0,0.25680003,Alberta
2023-12-19 00:00:00+00:00,-2.3101668,0.8,0.25680003,Alberta
2023-12-20 00:00:00+00:00,-0.9868333,0.38000003,0.25663337,Alberta
2023-12-21 00:00:00+00:00,0.8085834,0.04,0.25710836,Alberta
2023-12-22 00:00:00+00:00,1.0373333,0.0,0.25703335,Alberta
2023-12-23 00:00:00+00:00,-0.07808336,0.73999995,0.25719163,Alberta
2023-12-24 00:00:00+00:00,-6.4335,0.0,0.25739163,Alberta
2023-12-25 00:00:00+00:00,-5.1555834,0.0,0.25779167,Alberta
2023-12-26 00:00:00+00:00,-0.6251668,0.0,0.2578,Alberta
2023-12-27 00:00:00+00:00,-1.9189165,0.0,0.2578,Alberta
2023-12-28 00:00:00+00:00,-0.15641661,0.04,0.25782502,Alberta
2023-12-29 00:00:00+00:00,-2.4693334,0.0,0.25811666,Alberta
2023-12-30 00:00:00+00:00,-1.4989167,0.0,0.25830835,Alberta
2023-12-31 00:00:00+00:00,-0.08058331,0.16,0.25840002,Alberta
2024-01-01 00:00:00+00:00,-1.3264166,0.93999994,0.25844166,Alberta
2024-01-02 00:00:00+00:00,-5.32475,0.18,0.25864166,Alberta
2024-01-03 00:00:00+00:00,-5.696417,0.04,0.25879997,Alberta
2024-01-04 00:00:00+00:00,-5.2122498,0.22,0.25862497,Alberta
2024-01-05 00:00:00+00:00,-5.2789164,1.0999999,0.25859997,Alberta
2024-01-06 00:00:00+00:00,-5.64475,0.38000003,0.25859997,Alberta
2024-01-07 00:00:00+00:00,-11.74225,1.9799999,0.25863332,Alberta
2024-01-08 00:00:00+00:00,-15.041417,0.0,0.2586,Alberta
2024-01-09 00:00:00+00:00,-11.780166,2.0,0.25839996,Alberta
2024-01-10 00:00:00+00:00,-19.040998,2.8199997,0.25819996,Alberta
2024-01-11 00:00:00+00:00,-26.617249,0.66,0.25826663,Alberta
2024-01-12 00:00:00+00:00,-32.54975,0.0,0.25801665,Alberta
2024-01-13 00:00:00+00:00,-32.933918,0.0,0.25797495,Alberta
2024-01-14 00:00:00+00:00,-32.791832,0.0,0.2577083,Alberta
2024-01-15 00:00:00+00:00,-29.617666,0.08,0.2578,Alberta
2024-01-16 00:00:00+00:00,-16.373083,1.1600001,0.25774166,Alberta
2024-01-17 00:00:00+00:00,-18.917252,2.5399997,0.25751668,Alberta
2024-01-18 00:00:00+00:00,-21.603918,1.08,0.2574,Alberta
2024-01-19 00:00:00+00:00,-22.626835,0.0,0.2574,Alberta
2024-01-20 00:00:00+00:00,-14.534332,0.86,0.25728333,Alberta
2024-01-21 00:00:00+00:00,-13.003084,1.7,0.25710002,Alberta
2024-01-22 00:00:00+00:00,-13.146833,1.1600001,0.25700003,Alberta
2024-01-23 00:00:00+00:00,-7.978916,0.0,0.25700003,Alberta
2024-01-24 00:00:00+00:00,-6.5884995,0.0,0.25690836,Alberta
2024-01-25 00:00:00+00:00,-3.9605834,0.14000002,0.2568667,Alberta
2024-01-26 00:00:00+00:00,-1.0835001,0.0,0.257475,Alberta
2024-01-27 00:00:00+00:00,-0.6576666,0.04,0.25894165,Alberta
2024-01-28 00:00:00+00:00,2.744,0.7,0.26365834,Alberta
2024-01-29 00:00:00+00:00,2.8848333,0.0,0.2766583,Alberta
2024-01-30 00:00:00+00:00,6.155667,0.1,0.29129165,Alberta
2024-01-31 00:00:00+00:00,2.3569167,0.0,0.31146663,Alberta
2024-02-01 00:00:00+00:00,2.9648333,0.2,0.31793332,Alberta
2024-02-02 00:00:00+00:00,1.4064999,0.0,0.32068333,Alberta
2024-02-03 00:00:00+00:00,0.14691667,2.1000001,0.3217,Alberta
2024-02-04 00:00:00+00:00,-5.3743334,5.0600004,0.3237333,Alberta
2024-02-05 00:00:00+00:00,-7.860167,2.8799999,0.3237166,Alberta
2024-02-06 00:00:00+00:00,-6.0351667,0.26000002,0.32326663,Alberta
2024-02-07 00:00:00+00:00,-5.5751667,0.14000002,0.32249996,Alberta
2024-02-08 00:00:00+00:00,-4.6914167,1.5199999,0.32167494,Alberta
2024-02-09 00:00:00+00:00,-6.645166,1.4399999,0.3208583,Alberta
2024-02-10 00:00:00+00:00,-9.032249,0.060000002,0.32001662,Alberta
2024-02-11 00:00:00+00:00,-1.6326666,0.02,0.31915826,Alberta
2024-02-12 00:00:00+00:00,-2.3997502,0.6599999,0.31854996,Alberta
2024-02-13 00:00:00+00:00,-4.7585,1.18,0.31789994,Alberta
2024-02-14 00:00:00+00:00,-9.186834,0.50000006,0.31724995,Alberta
2024-02-15 00:00:00+00:00,-11.911,0.18000002,0.3164916,Alberta
2024-02-16 00:00:00+00:00,-11.51725,0.0,0.31584162,Alberta
2024-02-17 00:00:00+00:00,-5.1835,0.0,0.31519163,Alberta
2024-02-18 00:00:00+00:00,-6.2560005,0.0,0.31494164,Alberta
2024-02-19 00:00:00+00:00,-6.18225,0.0,0.31438327,Alberta
2024-02-20 00:00:00+00:00,-4.091833,0.02,0.31377494,Alberta
2024-02-21 00:00:00+00:00,-2.6072502,0.120000005,0.31414995,Alberta
2024-02-22 00:00:00+00:00,0.7410833,0.0,0.31519997,Alberta
2024-02-23 00:00:00+00:00,2.2381666,0.1,0.31880003,Alberta
2024-02-24 00:00:00+00:00,0.3727499,1.3,0.32391664,Alberta
2024-02-25 00:00:00+00:00,-3.6226666,1.2,0.3256667,Alberta
2024-02-26 00:00:00+00:00,-12.408501,6.0600004,0.32615831,Alberta
2024-02-27 00:00:00+00:00,-20.185583,0.14000002,0.3262083,Alberta
2024-02-28 00:00:00+00:00,-14.956416,0.08,0.3254333,Alberta
2024-02-29 00:00:00+00:00,-6.7226667,0.56,0.32508332,Alberta
2024-03-01 00:00:00+00:00,-13.425166,2.1599998,0.32572502,Alberta
2024-03-02 00:00:00+00:00,-16.386002,2.3600001,0.32515833,Alberta
2024-03-03 00:00:00+00:00,-17.471416,3.4599996,0.32441664,Alberta
2024-03-04 00:00:00+00:00,-20.770166,0.32000002,0.3237333,Alberta
2024-03-05 00:00:00+00:00,-19.257666,0.94000006,0.32312497,Alberta
2024-03-06 00:00:00+00:00,-18.545582,0.44,0.32265833,Alberta
2024-03-07 00:00:00+00:00,-15.188085,0.0,0.32209167,Alberta
2024-03-08 00:00:00+00:00,-5.2085,0.060000002,0.32169998,Alberta
2024-03-09 00:00:00+00:00,0.28608322,0.18,0.32214168,Alberta
2024-03-10 00:00:00+00:00,2.3419166,0.04,0.32479167,Alberta
2024-03-11 00:00:00+00:00,0.20983343,0.060000002,0.32920834,Alberta
2024-03-12 00:00:00+00:00,0.0606668,0.02,0.33458337,Alberta
2024-03-13 00:00:00+00:00,-0.586,2.5400002,0.33979166,Alberta
2024-03-14 00:00:00+00:00,0.31316656,0.0,0.34367505,Alberta
2024-03-15 00:00:00+00:00,4.6319165,0.0,0.35616666,Alberta
2024-03-16 00:00:00+00:00,2.4481668,0.0,0.37029997,Alberta
2024-03-17 00:00:00+00:00,3.28025,0.0,0.375775,Alberta
2024-03-18 00:00:00+00:00,7.8419175,0.0,0.37825832,Alberta
2024-03-19 00:00:00+00:00,1.1548337,0.02,0.37406662,Alberta
2024-03-20 00:00:00+00:00,-4.51725,2.44,0.37149996,Alberta
2024-03-21 00:00:00+00:00,-6.356,3.2599998,0.36881664,Alberta
2024-03-22 00:00:00+00:00,-7.835167,1.2,0.36679998,Alberta
2024-03-23 00:00:00+00:00,-7.2935004,1.8399999,0.36528328,Alberta
2024-03-24 00:00:00+00:00,-6.6255836,1.2399998,0.36397502,Alberta
2024-03-25 00:00:00+00:00,-6.2101674,0.02,0.36302498,Alberta
2024-03-26 00:00:00+00:00,-4.14725,0.0,0.36225,Alberta
2024-03-27 00:00:00+00:00,0.34649998,0.24000001,0.36159167,Alberta
2024-03-28 00:00:00+00:00,-1.9397503,1.8,0.36269993,Alberta
2024-03-29 00:00:00+00:00,-4.8468337,0.44,0.3631916,Alberta
2024-03-30 00:00:00+00:00,-4.221417,0.3,0.36287498,Alberta
2024-03-31 00:00:00+00:00,-0.18183331,0.24000001,0.362525,Alberta
2024-04-01 00:00:00+00:00,4.4977503,0.1,0.36294168,Alberta
2024-04-02 00:00:00+00:00,6.706084,0.65999997,0.36434165,Alberta
2024-04-03 00:00:00+00:00,7.4019165,0.45999998,0.36611667,Alberta
2024-04-04 00:00:00+00:00,1.0644168,3.0400002,0.36355835,Alberta
2024-04-05 00:00:00+00:00,0.5323334,2.8600001,0.36271667,Alberta
2024-04-06 00:00:00+00:00,1.1873333,0.74,0.36215,Alberta
2024-04-07 00:00:00+00:00,3.04775,1.3399999,0.3621833,Alberta
2024-04-08 00:00:00+00:00,5.4073334,0.04,0.36264998,Alberta
2024-04-09 00:00:00+00:00,6.024833,1.7400001,0.36050835,Alberta
2024-04-10 00:00:00+00:00,3.84025,0.6,0.3581083,Alberta
2024-04-11 00:00:00+00:00,4.299833,0.0,0.355625,Alberta
2024-04-12 00:00:00+00:00,7.291083,0.24000001,0.35005838,Alberta
2024-04-13 00:00:00+00:00,6.986084,0.1,0.34587502,Alberta
2024-04-14 00:00:00+00:00,6.3502502,0.0,0.33789167,Alberta
2024-04-15 00:00:00+00:00,8.570666,0.18000002,0.32858333,Alberta
2024-04-16 00:00:00+00:00,3.15025,2.7999997,0.32545835,Alberta
2024-04-17 00:00:00+00:00,0.097333275,1.1800001,0.32737505,Alberta
2024-04-18 00:00:00+00:00,-1.1293333,0.0,0.32732505,Alberta
2024-04-19 00:00:00+00:00,-1.1689167,0.0,0.32562503,Alberta
2024-04-20 00:00:00+00:00,1.7094166,0.0,0.3282833,Alberta
2024-04-21 00:00:00+00:00,5.024833,0.8,0.32305834,Alberta
2024-04-22 00:00:00+00:00,8.692751,0.120000005,0.319075,Alberta
2024-04-23 00:00:00+00:00,8.8394165,0.0,0.31055835,Alberta
2024-04-24 00:00:00+00:00,9.9015,0.0,0.30263332,Alberta
2024-04-25 00:00:00+00:00,8.499834,0.17999999,0.29835,Alberta
2024-04-26 00:00:00+00:00,5.6635833,0.04,0.29653335,Alberta
2024-04-27 00:00:00+00:00,6.2056665,0.1,0.29560003,Alberta
2024-04-28 00:00:00+00:00,9.058583,1.1600001,0.29663333,Alberta
2024-04-29 00:00:00+00:00,7.451083,2.82,0.29306665,Alberta
2024-04-30 00:00:00+00:00,3.2594166,7.700001,0.30495006,Alberta
2024-05-01 00:00:00+00:00,3.0723333,7.56,0.31312498,Alberta
2024-05-02 00:00:00+00:00,4.073583,4.0600004,0.32551664,Alberta
2024-05-03 00:00:00+00:00,4.668166,0.7200001,0.33389997,Alberta
2024-05-04 00:00:00+00:00,5.3198333,0.0,0.33265832,Alberta
2024-05-05 00:00:00+00:00,8.461083,0.0,0.32795003,Alberta
2024-05-06 00:00:00+00:00,9.5494175,1.4800001,0.32339168,Alberta
2024-05-07 00:00:00+00:00,7.8385835,16.58,0.33294997,Alberta
2024-05-08 00:00:00+00:00,8.14275,3.8400002,0.36798328,Alberta
2024-05-09 00:00:00+00:00,11.1135845,0.0,0.36438334,Alberta
2024-05-10 00:00:00+00:00,14.75775,0.0,0.351775,Alberta
2024-05-11 00:00:00+00:00,15.389417,0.24000001,0.33791667,Alberta
2024-05-12 00:00:00+00:00,13.492332,0.32,0.32598335,Alberta
2024-05-13 00:00:00+00:00,12.678999,1.5200001,0.314875,Alberta
2024-05-14 00:00:00+00:00,12.42775,1.42,0.30777502,Alberta
2024-05-15 00:00:00+00:00,11.789833,2.06,0.30118328,Alberta
2024-05-16 00:00:00+00:00,9.478582,7.5199995,0.2966917,Alberta
2024-05-17 00:00:00+00:00,6.333583,8.26,0.30775836,Alberta
2024-05-18 00:00:00+00:00,5.8690004,0.38000003,0.31643334,Alberta
2024-05-19 00:00:00+00:00,5.8773336,3.6,0.31677502,Alberta
2024-05-20 00:00:00+00:00,5.8335834,5.1600003,0.3201333,Alberta
2024-05-21 00:00:00+00:00,7.842334,1.0600001,0.32462502,Alberta
2024-05-22 00:00:00+00:00,8.355249,3.2599998,0.32327497,Alberta
2024-05-23 00:00:00+00:00,7.7144165,2.1,0.32355827,Alberta
2024-05-24 00:00:00+00:00,8.105249,2.4999998,0.32456666,Alberta
2024-05-25 00:00:00+00:00,9.817751,1.96,0.32098335,Alberta
2024-05-26 00:00:00+00:00,11.042334,2.76,0.31571668,Alberta
2024-05-27 00:00:00+00:00,12.509001,1.1,0.3129,Alberta
2024-05-28 00:00:00+00:00,14.258166,0.14000002,0.30436665,Alberta
2024-05-29 00:00:00+00:00,14.127332,3.3399997,0.29529998,Alberta
2024-05-30 00:00:00+00:00,10.060667,3.9399998,0.291925,Alberta
2024-05-31 00:00:00+00:00,10.616083,1.6599998,0.28829998,Alberta
2024-06-01 00:00:00+00:00,11.355667,0.060000002,0.284325,Alberta
2024-06-02 00:00:00+00:00,12.674001,0.18,0.27791664,Alberta
2024-06-03 00:00:00+00:00,12.947751,5.2,0.27185002,Alberta
2024-06-04 00:00:00+00:00,11.812333,7.3600006,0.275675,Alberta
2024-06-05 00:00:00+00:00,12.444,0.18,0.28375834,Alberta
2024-06-06 00:00:00+00:00,13.002333,0.02,0.2811417,Alberta
2024-06-07 00:00:00+00:00,13.494833,0.04,0.27540833,Alberta
2024-06-08 00:00:00+00:00,9.368584,1.64,0.27095836,Alberta
2024-06-09 00:00:00+00:00,8.583583,0.82000005,0.2711917,Alberta
2024-06-10 00:00:00+00:00,13.704,1.26,0.27009168,Alberta
2024-06-11 00:00:00+00:00,16.042751,1.6,0.26479998,Alberta
2024-06-12 00:00:00+00:00,13.248584,7.420001,0.26286665,Alberta
2024-06-13 00:00:00+00:00,13.206083,4.06,0.27982503,Alberta
2024-06-14 00:00:00+00:00,15.781917,1.6400001,0.28553334,Alberta
2024-06-15 00:00:00+00:00,13.093165,4.5600004,0.2891,Alberta
2024-06-16 00:00:00+00:00,10.171917,5.6600003,0.2945,Alberta
2024-06-17 00:00:00+00:00,8.5065,1.46,0.29229167,Alberta
2024-06-18 00:00:00+00:00,8.048166,2.8000004,0.29329997,Alberta
2024-06-19 00:00:00+00:00,9.97275,0.04,0.298875,Alberta
2024-06-20 00:00:00+00:00,12.8815,0.08,0.29329166,Alberta
2024-06-21 00:00:00+00:00,15.0815,0.44,0.28559166,Alberta
2024-06-22 00:00:00+00:00,16.649418,0.04,0.27856666,Alberta
2024-06-23 00:00:00+00:00,18.913166,2.1,0.2715083,Alberta
2024-06-24 00:00:00+00:00,16.567333,2.5400002,0.26722503,Alberta
2024-06-25 00:00:00+00:00,14.421499,5.88,0.27724165,Alberta
2024-06-26 00:00:00+00:00,15.981918,0.120000005,0.27964997,Alberta
2024-06-27 00:00:00+00:00,15.536084,15.08,0.28426665,Alberta
2024-06-28 00:00:00+00:00,13.614416,10.780001,0.32102498,Alberta
2024-06-29 00:00:00+00:00,15.134,0.060000002,0.329125,Alberta
2024-06-30 00:00:00+00:00,16.727749,1.9799999,0.32256666,Alberta
2024-07-01 00:00:00+00:00,16.449833,6.6400003,0.32284167,Alberta
2019-12-31 00:00:00+00:00,-9.906611,0.0,0.25033337,Manitoba
2020-01-01 00:00:00+00:00,-3.3600833,0.1,0.25033337,Manitoba
2020-01-02 00:00:00+00:00,-3.4392502,0.16666667,0.25031948,Manitoba
2020-01-03 00:00:00+00:00,-3.8892498,0.2,0.25036114,Manitoba
2020-01-04 00:00:00+00:00,-6.363556,0.0,0.25038892,Manitoba
2020-01-05 00:00:00+00:00,-1.3441111,0.26666668,0.25033337,Manitoba
2020-01-06 00:00:00+00:00,-5.5170274,0.0,0.25033337,Manitoba
2020-01-07 00:00:00+00:00,-13.535777,0.0,0.25033337,Manitoba
2020-01-08 00:00:00+00:00,-18.660082,3.1333332,0.24980555,Manitoba
2020-01-09 00:00:00+00:00,-13.7205,1.2999998,0.24966665,Manitoba
2020-01-10 00:00:00+00:00,-19.874666,0.0,0.24966665,Manitoba
2020-01-11 00:00:00+00:00,-20.910082,0.26666668,0.24966665,Manitoba
2020-01-12 00:00:00+00:00,-14.648278,0.9333334,0.24938889,Manitoba
2020-01-13 00:00:00+00:00,-13.767026,1.0333334,0.24933334,Manitoba
2020-01-14 00:00:00+00:00,-20.667028,1.9666667,0.24933334,Manitoba
2020-01-15 00:00:00+00:00,-25.466333,0.9666667,0.24933334,Manitoba
2020-01-16 00:00:00+00:00,-29.564941,0.0,0.24933334,Manitoba
2020-01-17 00:00:00+00:00,-18.831612,0.0,0.24918056,Manitoba
2020-01-18 00:00:00+00:00,-17.340637,3.2,0.249,Manitoba
2020-01-19 00:00:00+00:00,-19.444805,0.33333337,0.249,Manitoba
2020-01-20 00:00:00+00:00,-20.181612,0.0,0.249,Manitoba
2020-01-21 00:00:00+00:00,-5.8788323,0.0,0.249,Manitoba
2020-01-22 00:00:00+00:00,-7.3732777,0.0,0.249,Manitoba
2020-01-23 00:00:00+00:00,-7.8934174,0.0,0.249,Manitoba
2020-01-24 00:00:00+00:00,-9.810779,0.0,0.249,Manitoba
2020-01-25 00:00:00+00:00,-7.7975845,1.2333333,0.249,Manitoba
2020-01-26 00:00:00+00:00,-6.097584,1.1333333,0.249,Manitoba
2020-01-27 00:00:00+00:00,-9.203139,0.0,0.249,Manitoba
2020-01-28 00:00:00+00:00,-7.7642503,1.4000001,0.249,Manitoba
2020-01-29 00:00:00+00:00,-7.1906395,0.7333334,0.249,Manitoba
2020-01-30 00:00:00+00:00,-5.7955003,0.033333335,0.249,Manitoba
2020-01-31 00:00:00+00:00,-5.005223,0.43333337,0.249,Manitoba
2020-02-01 00:00:00+00:00,-1.40175,0.0,0.24866669,Manitoba
2020-02-02 00:00:00+00:00,0.52672225,0.06666667,0.2508333,Manitoba
2020-02-03 00:00:00+00:00,-11.522583,0.0,0.25390276,Manitoba
2020-02-04 00:00:00+00:00,-17.004526,0.0,0.25399998,Manitoba
2020-02-05 00:00:00+00:00,-9.432307,0.0,0.25399998,Manitoba
2020-02-06 00:00:00+00:00,-13.400361,1.4666668,0.25399998,Manitoba
2020-02-07 00:00:00+00:00,-22.589249,0.033333335,0.25399998,Manitoba
2020-02-08 00:00:00+00:00,-8.676056,0.23333335,0.25399998,Manitoba
2020-02-09 00:00:00+00:00,-8.754528,0.1,0.2538611,Manitoba
2020-02-10 00:00:00+00:00,-5.7670283,0.53333336,0.25366667,Manitoba
2020-02-11 00:00:00+00:00,-5.7802224,0.06666667,0.25366667,Manitoba
2020-02-12 00:00:00+00:00,-18.132305,1.0666667,0.25366667,Manitoba
2020-02-13 00:00:00+00:00,-25.815641,0.0,0.25366667,Manitoba
2020-02-14 00:00:00+00:00,-12.369805,0.13333334,0.25366667,Manitoba
2020-02-15 00:00:00+00:00,-9.067028,0.16666667,0.25366667,Manitoba
2020-02-16 00:00:00+00:00,-17.848278,0.8666666,0.25366667,Manitoba
2020-02-17 00:00:00+00:00,-10.233001,0.26666668,0.25366667,Manitoba
2020-02-18 00:00:00+00:00,-17.699667,0.2,0.25366667,Manitoba
2020-02-19 00:00:00+00:00,-22.776056,0.0,0.25366667,Manitoba
2020-02-20 00:00:00+00:00,-14.148972,0.0,0.25366667,Manitoba
2020-02-21 00:00:00+00:00,-3.0260556,0.0,0.25366667,Manitoba
2020-02-22 00:00:00+00:00,-3.5371666,0.0,0.25368056,Manitoba
2020-02-23 00:00:00+00:00,-1.4135556,0.2,0.25405562,Manitoba
2020-02-24 00:00:00+00:00,-8.203139,0.0,0.25400007,Manitoba
2020-02-25 00:00:00+00:00,-7.0524445,0.26666668,0.25400007,Manitoba
2020-02-26 00:00:00+00:00,-10.842029,0.2,0.25400007,Manitoba
2020-02-27 00:00:00+00:00,-9.087862,0.7666667,0.25400007,Manitoba
2020-02-28 00:00:00+00:00,-5.000361,0.33333337,0.25400007,Manitoba
2020-02-29 00:00:00+00:00,-1.9614724,0.0,0.25440282,Manitoba
2020-03-01 00:00:00+00:00,-0.67744446,1.4000001,0.2557361,Manitoba
2020-03-02 00:00:00+00:00,-5.609389,0.8333333,0.25636113,Manitoba
2020-03-03 00:00:00+00:00,-2.1857774,0.5,0.25762498,Manitoba
2020-03-04 00:00:00+00:00,-4.460083,3.0666666,0.26188886,Manitoba
2020-03-05 00:00:00+00:00,-1.40175,1.0333334,0.26602778,Manitoba
2020-03-06 00:00:00+00:00,-0.7086945,0.0,0.2702361,Manitoba
2020-03-07 00:00:00+00:00,0.44825006,0.2,0.2806667,Manitoba
2020-03-08 00:00:00+00:00,-5.7725835,1.3000001,0.28395835,Manitoba
2020-03-09 00:00:00+00:00,-12.420499,0.16666667,0.28402779,Manitoba
2020-03-10 00:00:00+00:00,-6.7399445,0.0,0.28372225,Manitoba
2020-03-11 00:00:00+00:00,0.84686095,0.1,0.285125,Manitoba
2020-03-12 00:00:00+00:00,-1.7274445,0.033333335,0.29662502,Manitoba
2020-03-13 00:00:00+00:00,-8.67675,0.0,0.29755554,Manitoba
2020-03-14 00:00:00+00:00,-12.517029,0.0,0.2966111,Manitoba
2020-03-15 00:00:00+00:00,-8.13439,2.4333332,0.29584718,Manitoba
2020-03-16 00:00:00+00:00,-6.656611,0.26666668,0.29523608,Manitoba
2020-03-17 00:00:00+00:00,-6.432306,0.0,0.29479164,Manitoba
2020-03-18 00:00:00+00:00,-8.476056,0.06666667,0.29441667,Manitoba
2020-03-19 00:00:00+00:00,-10.45175,1.5666666,0.29408333,Manitoba
2020-03-20 00:00:00+00:00,-14.143417,0.0,0.293875,Manitoba
2020-03-21 00:00:00+00:00,-10.162862,0.16666667,0.2936667,Manitoba
2020-03-22 00:00:00+00:00,-6.3267503,0.0,0.29412496,Manitoba
2020-03-23 00:00:00+00:00,-2.2503614,0.0,0.29547223,Manitoba
2020-03-24 00:00:00+00:00,3.0517223,0.13333334,0.30551386,Manitoba
2020-03-25 00:00:00+00:00,-2.550361,0.33333337,0.3179167,Manitoba
2020-03-26 00:00:00+00:00,-0.56216663,0.43333337,0.31919444,Manitoba
2020-03-27 00:00:00+00:00,2.9426944,0.0,0.31755558,Manitoba
2020-03-28 00:00:00+00:00,1.7426945,0.0,0.31434724,Manitoba
2020-03-29 00:00:00+00:00,2.0725555,0.0,0.31081948,Manitoba
2020-03-30 00:00:00+00:00,4.8885274,0.0,0.308125,Manitoba
2020-03-31 00:00:00+00:00,7.605194,2.7333333,0.30984724,Manitoba
2020-04-01 00:00:00+00:00,-1.4475836,17.466667,0.32540274,Manitoba
2020-04-02 00:00:00+00:00,-8.562862,3.9666665,0.327875,Manitoba
2020-04-03 00:00:00+00:00,-9.837168,0.5666667,0.32144448,Manitoba
2020-04-04 00:00:00+00:00,-9.696889,0.0,0.31763887,Manitoba
2020-04-05 00:00:00+00:00,-4.065639,0.29999998,0.31554168,Manitoba
2020-04-06 00:00:00+00:00,0.8954722,0.06666667,0.31469443,Manitoba
2020-04-07 00:00:00+00:00,1.6517223,0.4,0.31936112,Manitoba
2020-04-08 00:00:00+00:00,1.0190834,1.0666667,0.3224583,Manitoba
2020-04-09 00:00:00+00:00,-2.281611,0.6666667,0.31963888,Manitoba
2020-04-10 00:00:00+00:00,1.8947778,0.033333335,0.31547225,Manitoba
2020-04-11 00:00:00+00:00,0.26352775,0.06666667,0.31741664,Manitoba
2020-04-12 00:00:00+00:00,-4.4809165,0.5,0.31515273,Manitoba
2020-04-13 00:00:00+00:00,-7.0517507,0.9000001,0.31075004,Manitoba
2020-04-14 00:00:00+00:00,-7.1274447,0.0,0.30752772,Manitoba
2020-04-15 00:00:00+00:00,-4.5545278,0.0,0.30558333,Manitoba
2020-04-16 00:00:00+00:00,-2.7399442,0.0,0.3041806,Manitoba
2020-04-17 00:00:00+00:00,1.1010278,0.0,0.30286112,Manitoba
2020-04-18 00:00:00+00:00,4.3551946,0.73333335,0.30741665,Manitoba
2020-04-19 00:00:00+00:00,1.1051944,0.033333335,0.30761108,Manitoba
2020-04-20 00:00:00+00:00,4.1704726,0.4666667,0.30937502,Manitoba
2020-04-21 00:00:00+00:00,0.41977775,0.6,0.30605558,Manitoba
2020-04-22 00:00:00+00:00,4.5315833,0.0,0.30741668,Manitoba
2020-04-23 00:00:00+00:00,8.101722,0.5,0.30545834,Manitoba
2020-04-24 00:00:00+00:00,6.862833,1.7666668,0.30220833,Manitoba
2020-04-25 00:00:00+00:00,6.6642227,2.3999999,0.2975833,Manitoba
2020-04-26 00:00:00+00:00,8.407278,0.59999996,0.30427778,Manitoba
2020-04-27 00:00:00+00:00,9.766305,0.0,0.3000833,Manitoba
2020-04-28 00:00:00+00:00,9.989222,8.333333,0.29955554,Manitoba
2020-04-29 00:00:00+00:00,7.402416,3.1333332,0.31315276,Manitoba
2020-04-30 00:00:00+00:00,12.381581,0.33333334,0.30411112,Manitoba
2020-05-01 00:00:00+00:00,13.487834,3.8999999,0.2920972,Manitoba
2020-05-02 00:00:00+00:00,10.255195,0.0,0.2870417,Manitoba
2020-05-03 00:00:00+00:00,4.3683887,0.0,0.28279167,Manitoba
2020-05-04 00:00:00+00:00,5.1795,0.4666667,0.27598608,Manitoba
2020-05-05 00:00:00+00:00,6.8531117,0.6000001,0.2742084,Manitoba
2020-05-06 00:00:00+00:00,8.263528,0.033333335,0.26731947,Manitoba
2020-05-07 00:00:00+00:00,5.2774167,0.0,0.25727782,Manitoba
2020-05-08 00:00:00+00:00,3.1753333,0.43333337,0.24923615,Manitoba
2020-05-09 00:00:00+00:00,3.4406111,9.3,0.24513887,Manitoba
2020-05-10 00:00:00+00:00,2.1308887,0.0,0.24509723,Manitoba
2020-05-11 00:00:00+00:00,1.3676944,0.0,0.24155556,Manitoba
2020-05-12 00:00:00+00:00,3.3253334,0.0,0.24001391,Manitoba
2020-05-13 00:00:00+00:00,5.1551948,1.7999998,0.23506947,Manitoba
2020-05-14 00:00:00+00:00,6.53575,4.766667,0.23812501,Manitoba
2020-05-15 00:00:00+00:00,8.063528,0.0,0.23706944,Manitoba
2020-05-16 00:00:00+00:00,10.944083,0.0,0.23018056,Manitoba
2020-05-17 00:00:00+00:00,14.037139,0.23333333,0.21748613,Manitoba
2020-05-18 00:00:00+00:00,16.82325,0.0,0.20615278,Manitoba
2020-05-19 00:00:00+00:00,18.380194,0.0,0.19452779,Manitoba
2020-05-20 00:00:00+00:00,19.167002,0.0,0.18183334,Manitoba
2020-05-21 00:00:00+00:00,19.24547,0.33333334,0.1771111,Manitoba
2020-05-22 00:00:00+00:00,18.519083,2.8,0.17583334,Manitoba
2020-05-23 00:00:00+00:00,16.63297,0.86666673,0.17163892,Manitoba
2020-05-24 00:00:00+00:00,14.363528,2.6666663,0.17159724,Manitoba
2020-05-25 00:00:00+00:00,13.739223,0.43333337,0.17934723,Manitoba
2020-05-26 00:00:00+00:00,15.635056,0.3,0.17538887,Manitoba
2020-05-27 00:00:00+00:00,16.771862,0.1,0.16868055,Manitoba
2020-05-28 00:00:00+00:00,12.137833,0.4,0.16456942,Manitoba
2020-05-29 00:00:00+00:00,10.46075,0.0,0.16555557,Manitoba
2020-05-30 00:00:00+00:00,11.472556,0.0,0.16488889,Manitoba
2020-05-31 00:00:00+00:00,15.860749,0.0,0.15648611,Manitoba
2020-06-01 00:00:00+00:00,21.723944,1.2666667,0.14572221,Manitoba
2020-06-02 00:00:00+00:00,20.295471,0.033333335,0.13626389,Manitoba
2020-06-03 00:00:00+00:00,18.332972,0.0,0.13086109,Manitoba
2020-06-04 00:00:00+00:00,17.569777,0.033333335,0.12731947,Manitoba
2020-06-05 00:00:00+00:00,14.951721,0.0,0.12630554,Manitoba
2020-06-06 00:00:00+00:00,13.332278,5.7666664,0.12747222,Manitoba
2020-06-07 00:00:00+00:00,18.578804,10.5,0.14131944,Manitoba
2020-06-08 00:00:00+00:00,19.636446,9.2,0.15815277,Manitoba
2020-06-09 00:00:00+00:00,16.225332,0.033333335,0.16575003,Manitoba
2020-06-10 00:00:00+00:00,15.166999,0.23333335,0.1641111,Manitoba
2020-06-11 00:00:00+00:00,15.472557,0.33333334,0.16090278,Manitoba
2020-06-12 00:00:00+00:00,13.011444,0.0,0.15683335,Manitoba
2020-06-13 00:00:00+00:00,17.087141,0.0,0.15180553,Manitoba
2020-06-14 00:00:00+00:00,20.913527,0.06666667,0.14497222,Manitoba
2020-06-15 00:00:00+00:00,22.138529,4.633333,0.1401111,Manitoba
2020-06-16 00:00:00+00:00,20.112137,0.0,0.13768055,Manitoba
2020-06-17 00:00:00+00:00,23.885056,0.06666667,0.13862498,Manitoba
2020-06-18 00:00:00+00:00,15.301723,2.9333332,0.13927777,Manitoba
2020-06-19 00:00:00+00:00,12.442695,0.4,0.14393057,Manitoba
2020-06-20 00:00:00+00:00,14.269778,3.6666667,0.14368057,Manitoba
2020-06-21 00:00:00+00:00,12.682971,0.4666667,0.14406948,Manitoba
2020-06-22 00:00:00+00:00,15.115611,0.8333333,0.14383334,Manitoba
2020-06-23 00:00:00+00:00,17.34339,0.033333335,0.14369443,Manitoba
2020-06-24 00:00:00+00:00,19.93714,0.0,0.13929166,Manitoba
2020-06-25 00:00:00+00:00,21.934362,5.6666665,0.13344444,Manitoba
2020-06-26 00:00:00+00:00,20.937834,0.2,0.13606946,Manitoba
2020-06-27 00:00:00+00:00,24.231583,0.033333335,0.13304166,Manitoba
2020-06-28 00:00:00+00:00,23.55728,19.433334,0.13166666,Manitoba
2020-06-29 00:00:00+00:00,22.460054,12.633334,0.19243056,Manitoba
2020-06-30 00:00:00+00:00,24.548248,12.266667,0.19749999,Manitoba
2020-07-01 00:00:00+00:00,22.143389,24.966665,0.27093056,Manitoba
2020-07-02 00:00:00+00:00,22.821167,0.0,0.26052776,Manitoba
2020-07-03 00:00:00+00:00,23.294777,2.1666667,0.25269443,Manitoba
2020-07-04 00:00:00+00:00,23.955194,1.1333333,0.24448611,Manitoba
2020-07-05 00:00:00+00:00,22.631584,1.5666666,0.23523611,Manitoba
2020-07-06 00:00:00+00:00,20.300333,0.033333335,0.225375,Manitoba
2020-07-07 00:00:00+00:00,20.520472,0.0,0.21438889,Manitoba
2020-07-08 00:00:00+00:00,21.903807,2.1333334,0.20541668,Manitoba
2020-07-09 00:00:00+00:00,19.657972,1.2333332,0.20099999,Manitoba
2020-07-10 00:00:00+00:00,18.975332,0.13333334,0.19694443,Manitoba
2020-07-11 00:00:00+00:00,19.946861,1.0666667,0.1912361,Manitoba
2020-07-12 00:00:00+00:00,20.342695,0.06666667,0.18495834,Manitoba
2020-07-13 00:00:00+00:00,21.419779,3.6666667,0.18008332,Manitoba
2020-07-14 00:00:00+00:00,17.426725,0.56666666,0.18005556,Manitoba
2020-07-15 00:00:00+00:00,19.517,0.033333335,0.17520833,Manitoba
2020-07-16 00:00:00+00:00,20.282972,0.0,0.17006946,Manitoba
2020-07-17 00:00:00+00:00,21.489916,9.7,0.16680555,Manitoba
2020-07-18 00:00:00+00:00,20.07325,10.333333,0.1801111,Manitoba
2020-07-19 00:00:00+00:00,17.952417,1.1,0.18943055,Manitoba
2020-07-20 00:00:00+00:00,17.144083,6.3666663,0.19020832,Manitoba
2020-07-21 00:00:00+00:00,17.015612,4.766667,0.19470836,Manitoba
2020-07-22 00:00:00+00:00,19.46422,0.1,0.19280554,Manitoba
2020-07-23 00:00:00+00:00,22.651724,0.1,0.18837501,Manitoba
2020-07-24 00:00:00+00:00,25.523249,1.7666668,0.19948609,Manitoba
2020-07-25 00:00:00+00:00,24.232279,0.06666667,0.20720832,Manitoba
2020-07-26 00:00:00+00:00,19.398943,0.033333335,0.20509721,Manitoba
2020-07-27 00:00:00+00:00,19.810751,0.0,0.19881944,Manitoba
2020-07-28 00:00:00+00:00,20.220472,0.0,0.19206946,Manitoba
2020-07-29 00:00:00+00:00,20.86561,0.0,0.18524998,Manitoba
2020-07-30 00:00:00+00:00,22.489222,0.53333336,0.1792361,Manitoba
2020-07-31 00:00:00+00:00,22.746164,4.566666,0.1727361,Manitoba
2020-08-01 00:00:00+00:00,19.123945,0.13333334,0.1717639,Manitoba
2020-08-02 00:00:00+00:00,18.321167,0.033333335,0.16966666,Manitoba
2020-08-03 00:00:00+00:00,17.911444,0.0,0.16729166,Manitoba
2020-08-04 00:00:00+00:00,18.561445,0.8333333,0.16458334,Manitoba
2020-08-05 00:00:00+00:00,19.060057,2.7333333,0.16659723,Manitoba
2020-08-06 00:00:00+00:00,21.014221,0.0,0.16079165,Manitoba
2020-08-07 00:00:00+00:00,22.764223,0.13333334,0.15658332,Manitoba
2020-08-08 00:00:00+00:00,21.121168,0.29999998,0.1600139,Manitoba
2020-08-09 00:00:00+00:00,20.017,2.9333334,0.15786111,Manitoba
2020-08-10 00:00:00+00:00,18.894083,0.0,0.15954167,Manitoba
2020-08-11 00:00:00+00:00,19.344084,0.0,0.16130556,Manitoba
2020-08-12 00:00:00+00:00,21.151026,0.3,0.15745834,Manitoba
2020-08-13 00:00:00+00:00,21.978806,13.200001,0.15563889,Manitoba
2020-08-14 00:00:00+00:00,17.81214,5.0666666,0.18236113,Manitoba
2020-08-15 00:00:00+00:00,17.603806,0.033333335,0.18866669,Manitoba
2020-08-16 00:00:00+00:00,17.843386,0.0,0.18548612,Manitoba
2020-08-17 00:00:00+00:00,18.744083,0.0,0.18011113,Manitoba
2020-08-18 00:00:00+00:00,22.750334,0.0,0.17043056,Manitoba
2020-08-19 00:00:00+00:00,23.778807,0.0,0.16083333,Manitoba
2020-08-20 00:00:00+00:00,24.571861,0.033333335,0.15375,Manitoba
2020-08-21 00:00:00+00:00,23.053808,1.5666666,0.15094444,Manitoba
2020-08-22 00:00:00+00:00,20.90936,0.33333334,0.1488472,Manitoba
2020-08-23 00:00:00+00:00,20.80589,0.1,0.14944445,Manitoba
2020-08-24 00:00:00+00:00,19.789917,0.0,0.14715277,Manitoba
2020-08-25 00:00:00+00:00,22.135056,0.36666667,0.13994445,Manitoba
2020-08-26 00:00:00+00:00,21.017694,0.033333335,0.140375,Manitoba
2020-08-27 00:00:00+00:00,18.717003,0.033333335,0.14100002,Manitoba
2020-08-28 00:00:00+00:00,18.482973,6.133333,0.1449167,Manitoba
2020-08-29 00:00:00+00:00,16.02464,0.0,0.15072222,Manitoba
2020-08-30 00:00:00+00:00,17.146166,5.8333335,0.14837499,Manitoba
2020-08-31 00:00:00+00:00,12.975333,0.0,0.15783332,Manitoba
2020-09-01 00:00:00+00:00,13.476723,0.6666667,0.16111112,Manitoba
2020-09-02 00:00:00+00:00,14.496166,4.766667,0.1635,Manitoba
2020-09-03 00:00:00+00:00,12.636445,2.3999999,0.17133333,Manitoba
2020-09-04 00:00:00+00:00,14.497556,0.1,0.17365277,Manitoba
2020-09-05 00:00:00+00:00,15.066306,0.0,0.17119445,Manitoba
2020-09-06 00:00:00+00:00,17.961443,0.06666667,0.16572224,Manitoba
2020-09-07 00:00:00+00:00,8.876721,0.13333334,0.16524996,Manitoba
2020-09-08 00:00:00+00:00,5.512833,0.0,0.16766667,Manitoba
2020-09-09 00:00:00+00:00,8.530889,0.0,0.16745831,Manitoba
2020-09-10 00:00:00+00:00,14.110055,0.0,0.16372223,Manitoba
2020-09-11 00:00:00+00:00,15.494779,0.0,0.15343054,Manitoba
2020-09-12 00:00:00+00:00,14.83089,0.0,0.14780556,Manitoba
2020-09-13 00:00:00+00:00,11.993389,0.36666667,0.14827777,Manitoba
2020-09-14 00:00:00+00:00,11.101722,0.0,0.1542222,Manitoba
2020-09-15 00:00:00+00:00,12.446861,0.36666667,0.16100003,Manitoba
2020-09-16 00:00:00+00:00,9.875333,0.033333335,0.16601388,Manitoba
2020-09-17 00:00:00+00:00,6.9399166,0.06666667,0.16522223,Manitoba
2020-09-18 00:00:00+00:00,11.737834,0.3,0.16045834,Manitoba
2020-09-19 00:00:00+00:00,14.750333,0.0,0.1502361,Manitoba
2020-09-20 00:00:00+00:00,18.203806,0.1,0.1467361,Manitoba
2020-09-21 00:00:00+00:00,18.452417,1.8666667,0.14783333,Manitoba
2020-09-22 00:00:00+00:00,16.573248,0.0,0.14619444,Manitoba
2020-09-23 00:00:00+00:00,14.222556,2.8999996,0.13855556,Manitoba
2020-09-24 00:00:00+00:00,12.151723,0.0,0.14151387,Manitoba
2020-09-25 00:00:00+00:00,17.652416,0.23333333,0.14254169,Manitoba
2020-09-26 00:00:00+00:00,15.721166,0.36666667,0.13683334,Manitoba
2020-09-27 00:00:00+00:00,12.515611,3.5666664,0.13537498,Manitoba
2020-09-28 00:00:00+00:00,10.609362,0.06666667,0.13541667,Manitoba
2020-09-29 00:00:00+00:00,13.257972,0.1,0.1342778,Manitoba
2020-09-30 00:00:00+00:00,10.344777,1.5666666,0.13,Manitoba
2020-10-01 00:00:00+00:00,6.02325,0.1,0.13077778,Manitoba
2020-10-02 00:00:00+00:00,6.442694,0.86666673,0.13543056,Manitoba
2020-10-03 00:00:00+00:00,6.9301944,0.26666668,0.13787499,Manitoba
2020-10-04 00:00:00+00:00,8.271167,0.26666668,0.13668056,Manitoba
2020-10-05 00:00:00+00:00,14.753807,0.1,0.13140278,Manitoba
2020-10-06 00:00:00+00:00,13.887833,1.0666667,0.12809724,Manitoba
2020-10-07 00:00:00+00:00,10.964917,0.0,0.13251391,Manitoba
2020-10-08 00:00:00+00:00,8.973249,0.0,0.13279165,Manitoba
2020-10-09 00:00:00+00:00,12.407971,0.26666668,0.12894444,Manitoba
2020-10-10 00:00:00+00:00,7.5690837,0.0,0.12666668,Manitoba
2020-10-11 00:00:00+00:00,13.573944,0.90000004,0.1277639,Manitoba
2020-10-12 00:00:00+00:00,9.271167,0.56666666,0.13524999,Manitoba
2020-10-13 00:00:00+00:00,8.262139,0.4666667,0.14065278,Manitoba
2020-10-14 00:00:00+00:00,5.7045,6.0,0.14131944,Manitoba
2020-10-15 00:00:00+00:00,1.8364445,0.1,0.14550002,Manitoba
2020-10-16 00:00:00+00:00,-0.5225833,0.033333335,0.14609723,Manitoba
2020-10-17 00:00:00+00:00,-2.7461941,0.0,0.14498612,Manitoba
2020-10-18 00:00:00+00:00,-2.7302225,0.0,0.14593054,Manitoba
2020-10-19 00:00:00+00:00,-4.073972,0.0,0.14654167,Manitoba
2020-10-20 00:00:00+00:00,-3.4149444,3.4666665,0.14705555,Manitoba
2020-10-21 00:00:00+00:00,-1.817722,0.9666667,0.14777778,Manitoba
2020-10-22 00:00:00+00:00,-3.5218887,0.0,0.148,Manitoba
2020-10-23 00:00:00+00:00,-5.071889,0.033333335,0.14851387,Manitoba
2020-10-24 00:00:00+00:00,-5.9052224,0.0,0.14866664,Manitoba
2020-10-25 00:00:00+00:00,-5.6455,0.033333335,0.14924999,Manitoba
2020-10-26 00:00:00+00:00,-6.4524446,0.0,0.14933331,Manitoba
2020-10-27 00:00:00+00:00,-2.2073052,1.9333334,0.14970833,Manitoba
2020-10-28 00:00:00+00:00,1.1767223,0.8333333,0.15005557,Manitoba
2020-10-29 00:00:00+00:00,-1.5093889,0.1,0.15072222,Manitoba
2020-10-30 00:00:00+00:00,0.051722247,0.033333335,0.15134722,Manitoba
2020-10-31 00:00:00+00:00,1.9288057,0.3,0.15190275,Manitoba
2020-11-01 00:00:00+00:00,-2.9121666,0.0,0.15263891,Manitoba
2020-11-02 00:00:00+00:00,5.2586665,0.0,0.15306944,Manitoba
2020-11-03 00:00:00+00:00,7.9454722,0.0,0.15340279,Manitoba
2020-11-04 00:00:00+00:00,7.5169997,0.0,0.15168056,Manitoba
2020-11-05 00:00:00+00:00,6.9475555,0.0,0.15056945,Manitoba
2020-11-06 00:00:00+00:00,5.6413054,0.4666667,0.14954166,Manitoba
2020-11-07 00:00:00+00:00,-1.5045279,0.0,0.1505139,Manitoba
2020-11-08 00:00:00+00:00,-0.027444482,1.5666667,0.15008333,Manitoba
2020-11-09 00:00:00+00:00,-4.1205,1.9999996,0.15120834,Manitoba
2020-11-10 00:00:00+00:00,-8.230918,0.16666667,0.15305555,Manitoba
2020-11-11 00:00:00+00:00,-6.242722,1.1333333,0.15390277,Manitoba
2020-11-12 00:00:00+00:00,-7.722584,1.6333333,0.15455556,Manitoba
2020-11-13 00:00:00+00:00,-5.721195,0.0,0.15468055,Manitoba
2020-11-14 00:00:00+00:00,0.098944284,0.0,0.1551389,Manitoba
2020-11-15 00:00:00+00:00,-3.786472,0.29999998,0.15533334,Manitoba
2020-11-16 00:00:00+00:00,-5.13925,0.36666667,0.15547222,Manitoba
2020-11-17 00:00:00+00:00,-5.1552224,0.0,0.15580554,Manitoba
2020-11-18 00:00:00+00:00,0.04269435,0.0,0.15604164,Manitoba
2020-11-19 00:00:00+00:00,-0.7566111,0.59999996,0.15633331,Manitoba
2020-11-20 00:00:00+00:00,-5.8948054,0.2,0.1563472,Manitoba
2020-11-21 00:00:00+00:00,-5.974667,0.0,0.15666664,Manitoba
2020-11-22 00:00:00+00:00,-4.573972,0.0,0.15666664,Manitoba
2020-11-23 00:00:00+00:00,-6.754528,0.0,0.15666664,Manitoba
2020-11-24 00:00:00+00:00,-3.3232777,0.0,0.15666664,Manitoba
2020-11-25 00:00:00+00:00,-3.5552218,0.0,0.15666664,Manitoba
2020-11-26 00:00:00+00:00,-0.55174994,0.4,0.15699999,Manitoba
2020-11-27 00:00:00+00:00,-2.8531392,0.26666668,0.15699999,Manitoba
2020-11-28 00:00:00+00:00,-1.0114723,0.0,0.15699999,Manitoba
2020-11-29 00:00:00+00:00,-3.5468886,0.16666667,0.15699999,Manitoba
2020-11-30 00:00:00+00:00,-4.32675,0.0,0.15705554,Manitoba
2020-12-01 00:00:00+00:00,-1.4517502,0.0,0.15733331,Manitoba
2020-12-02 00:00:00+00:00,-1.0691111,0.0,0.1576111,Manitoba
2020-12-03 00:00:00+00:00,-0.63647217,0.0,0.15801387,Manitoba
2020-12-04 00:00:00+00:00,-1.9545279,0.0,0.1583333,Manitoba
2020-12-05 00:00:00+00:00,0.13852775,0.0,0.15855552,Manitoba
2020-12-06 00:00:00+00:00,-1.0198056,0.0,0.15866663,Manitoba
2020-12-07 00:00:00+00:00,-0.45174995,0.0,0.15927778,Manitoba
2020-12-08 00:00:00+00:00,1.3038056,0.0,0.15933333,Manitoba
2020-12-09 00:00:00+00:00,-0.073972225,0.5,0.15959722,Manitoba
2020-12-10 00:00:00+00:00,-0.9184167,4.733333,0.16080557,Manitoba
2020-12-11 00:00:00+00:00,-3.9552221,0.0,0.16183333,Manitoba
2020-12-12 00:00:00+00:00,-4.4718885,0.06666667,0.16248609,Manitoba
2020-12-13 00:00:00+00:00,-7.1211934,1.5,0.16320837,Manitoba
2020-12-14 00:00:00+00:00,-17.27814,0.0,0.16333336,Manitoba
2020-12-15 00:00:00+00:00,-12.10661,0.29999998,0.16333336,Manitoba
2020-12-16 00:00:00+00:00,-5.792028,0.6666667,0.16333336,Manitoba
2020-12-17 00:00:00+00:00,-6.5836945,0.0,0.16333336,Manitoba
2020-12-18 00:00:00+00:00,-4.508694,0.06666667,0.16333336,Manitoba
2020-12-19 00:00:00+00:00,-7.1309166,0.033333335,0.16333336,Manitoba
2020-12-20 00:00:00+00:00,-2.8267498,3.9333334,0.16333336,Manitoba
2020-12-21 00:00:00+00:00,-3.25175,1.1,0.16333336,Manitoba
2020-12-22 00:00:00+00:00,-5.0538335,1.9333334,0.16333336,Manitoba
2020-12-23 00:00:00+00:00,-16.505224,3.3666668,0.16347225,Manitoba
2020-12-24 00:00:00+00:00,-21.766333,0.0,0.16366668,Manitoba
2020-12-25 00:00:00+00:00,-6.5753613,0.0,0.16366668,Manitoba
2020-12-26 00:00:00+00:00,-9.118417,0.43333337,0.16366668,Manitoba
2020-12-27 00:00:00+00:00,-9.749667,1.4333334,0.16366668,Manitoba
2020-12-28 00:00:00+00:00,-16.07189,0.16666667,0.16366668,Manitoba
2020-12-29 00:00:00+00:00,-8.980918,1.1666666,0.16366668,Manitoba
2020-12-30 00:00:00+00:00,-8.433694,0.33333337,0.16366668,Manitoba
2021-01-01 00:00:00+00:00,-8.9927225,0.6,0.16366668,Manitoba
2021-01-02 00:00:00+00:00,-4.559389,0.23333333,0.16366668,Manitoba
2021-01-03 00:00:00+00:00,0.58713883,0.0,0.16366668,Manitoba
2021-01-04 00:00:00+00:00,-0.0656389,0.1,0.16383335,Manitoba
2021-01-05 00:00:00+00:00,-6.8503613,0.16666667,0.16433334,Manitoba
2021-01-06 00:00:00+00:00,-2.4843886,0.16666667,0.16433334,Manitoba
2021-01-07 00:00:00+00:00,-2.3156388,0.06666667,0.16433334,Manitoba
2021-01-08 00:00:00+00:00,-5.86425,0.0,0.16452777,Manitoba
2021-01-09 00:00:00+00:00,-8.219111,0.0,0.16466667,Manitoba
2021-01-10 00:00:00+00:00,-5.444805,0.0,0.16466667,Manitoba
2021-01-11 00:00:00+00:00,-5.31425,0.0,0.16466667,Manitoba
2021-01-12 00:00:00+00:00,-3.4913337,0.0,0.16466667,Manitoba
2021-01-13 00:00:00+00:00,-2.2816114,1.8666668,0.16472222,Manitoba
2021-01-14 00:00:00+00:00,0.17741664,4.5,0.16759722,Manitoba
2021-01-15 00:00:00+00:00,-4.227444,1.5999999,0.17090277,Manitoba
2021-01-16 00:00:00+00:00,-6.1573052,0.0,0.17194445,Manitoba
2021-01-17 00:00:00+00:00,-4.78925,0.33333334,0.17261116,Manitoba
2021-01-18 00:00:00+00:00,-10.762168,0.8,0.17300002,Manitoba
2021-01-19 00:00:00+00:00,-14.339944,1.5333333,0.17294447,Manitoba
2021-01-20 00:00:00+00:00,-1.9468888,1.2666668,0.17266667,Manitoba
2021-01-21 00:00:00+00:00,-7.0885563,0.6666667,0.17233336,Manitoba
2021-01-22 00:00:00+00:00,-12.298973,0.2,0.17250003,Manitoba
2021-01-23 00:00:00+00:00,-8.113556,0.53333336,0.17266671,Manitoba
2021-01-24 00:00:00+00:00,-22.054527,0.06666667,0.17266671,Manitoba
2021-01-25 00:00:00+00:00,-23.214945,0.56666666,0.17266671,Manitoba
2021-01-26 00:00:00+00:00,-27.904528,0.0,0.17266671,Manitoba
2021-01-27 00:00:00+00:00,-26.167723,0.0,0.17266671,Manitoba
2021-01-28 00:00:00+00:00,-16.955221,0.0,0.17266671,Manitoba
2021-01-29 00:00:00+00:00,-9.989944,0.0,0.17266671,Manitoba
2021-01-30 00:00:00+00:00,-6.123972,0.53333336,0.17266671,Manitoba
2021-01-31 00:00:00+00:00,-7.477444,0.0,0.17266671,Manitoba
2021-02-01 00:00:00+00:00,-8.906611,0.0,0.17338891,Manitoba
2021-02-02 00:00:00+00:00,-3.9871664,0.1,0.17300002,Manitoba
2021-02-03 00:00:00+00:00,-3.9809167,1.4000001,0.17300002,Manitoba
2021-02-04 00:00:00+00:00,-13.058694,0.86666673,0.17300002,Manitoba
2021-02-05 00:00:00+00:00,-18.405916,0.033333335,0.17300002,Manitoba
2021-02-06 00:00:00+00:00,-25.71425,0.0,0.17300002,Manitoba
2021-02-07 00:00:00+00:00,-29.492722,0.0,0.17300002,Manitoba
2021-02-08 00:00:00+00:00,-28.782305,0.0,0.17300002,Manitoba
2021-02-09 00:00:00+00:00,-23.72883,0.0,0.17300002,Manitoba
2021-02-10 00:00:00+00:00,-24.368414,0.0,0.17300002,Manitoba
2021-02-11 00:00:00+00:00,-29.205221,0.0,0.17300002,Manitoba
2021-02-12 00:00:00+00:00,-28.219114,0.1,0.17300002,Manitoba
2021-02-13 00:00:00+00:00,-31.966333,0.0,0.17300002,Manitoba
2021-02-14 00:00:00+00:00,-29.16078,0.0,0.17300002,Manitoba
2021-02-15 00:00:00+00:00,-24.220499,0.0,0.17300002,Manitoba
2021-02-16 00:00:00+00:00,-21.976057,0.0,0.17300002,Manitoba
2021-02-17 00:00:00+00:00,-20.248278,0.13333334,0.17300002,Manitoba
2021-02-18 00:00:00+00:00,-17.149666,0.0,0.17300002,Manitoba
2021-02-19 00:00:00+00:00,-17.521196,0.0,0.17300002,Manitoba
2021-02-20 00:00:00+00:00,-7.8934174,0.0,0.17300002,Manitoba
2021-02-21 00:00:00+00:00,-4.6663337,0.0,0.17300002,Manitoba
2021-02-22 00:00:00+00:00,2.6003332,0.13333334,0.17301393,Manitoba
2021-02-23 00:00:00+00:00,-1.7413334,0.73333335,0.17455558,Manitoba
2021-02-24 00:00:00+00:00,-6.6559167,0.7666667,0.17533337,Manitoba
2021-02-25 00:00:00+00:00,-3.4510553,0.16666667,0.17533337,Manitoba
2021-02-26 00:00:00+00:00,0.29061112,0.90000004,0.17576392,Manitoba
2021-02-27 00:00:00+00:00,-14.863557,2.8999996,0.17650001,Manitoba
2021-02-28 00:00:00+00:00,-15.663558,0.26666668,0.17666668,Manitoba
2021-03-01 00:00:00+00:00,-16.21911,0.23333335,0.17666668,Manitoba
2021-03-02 00:00:00+00:00,1.1454722,0.0,0.17670834,Manitoba
2021-03-03 00:00:00+00:00,-2.8892498,0.13333334,0.17736113,Manitoba
2021-03-04 00:00:00+00:00,-1.040639,0.0,0.17941667,Manitoba
2021-03-05 00:00:00+00:00,-0.33299994,0.0,0.18411112,Manitoba
2021-03-06 00:00:00+00:00,3.2065833,0.0,0.19209719,Manitoba
2021-03-07 00:00:00+00:00,4.549639,0.0,0.20815279,Manitoba
2021-03-08 00:00:00+00:00,3.432972,0.0,0.22012502,Manitoba
2021-03-09 00:00:00+00:00,1.9204723,3.8999999,0.22499998,Manitoba
2021-03-10 00:00:00+00:00,-2.887167,0.9666667,0.22772221,Manitoba
2021-03-11 00:00:00+00:00,-4.9941106,0.13333334,0.22824998,Manitoba
2021-03-12 00:00:00+00:00,-4.857306,0.0,0.22868057,Manitoba
2021-03-13 00:00:00+00:00,2.54825,0.0,0.2297361,Manitoba
2021-03-14 00:00:00+00:00,1.2197777,0.0,0.23243058,Manitoba
2021-03-15 00:00:00+00:00,0.66213894,0.0,0.23470832,Manitoba
2021-03-16 00:00:00+00:00,0.62533325,0.79999995,0.23626387,Manitoba
2021-03-17 00:00:00+00:00,1.2329723,0.53333336,0.23727779,Manitoba
2021-03-18 00:00:00+00:00,0.2600555,0.0,0.2377917,Manitoba
2021-03-19 00:00:00+00:00,4.521861,0.0,0.23856944,Manitoba
2021-03-20 00:00:00+00:00,7.386444,0.06666667,0.23936106,Manitoba
2021-03-21 00:00:00+00:00,5.450333,0.1,0.23973612,Manitoba
2021-03-22 00:00:00+00:00,-0.036472123,0.23333335,0.23959728,Manitoba
2021-03-23 00:00:00+00:00,1.0413057,0.70000005,0.23723614,Manitoba
2021-03-24 00:00:00+00:00,-4.1677227,0.033333335,0.23672222,Manitoba
2021-03-25 00:00:00+00:00,0.123944364,0.13333334,0.23597221,Manitoba
2021-03-26 00:00:00+00:00,2.343389,0.93333334,0.23637497,Manitoba
2021-03-27 00:00:00+00:00,-0.7100834,0.0,0.23479168,Manitoba
2021-03-28 00:00:00+00:00,-0.76633334,0.23333335,0.23454165,Manitoba
2021-03-29 00:00:00+00:00,5.7669997,0.23333335,0.2347222,Manitoba
2021-03-30 00:00:00+00:00,-4.7788334,3.7666662,0.23686107,Manitoba
2021-03-31 00:00:00+00:00,-6.2330003,0.06666667,0.23738885,Manitoba
2021-04-01 00:00:00+00:00,2.0718613,0.0,0.23733331,Manitoba
2021-04-02 00:00:00+00:00,8.928111,0.0,0.2372222,Manitoba
2021-04-03 00:00:00+00:00,5.9565835,0.0,0.23661108,Manitoba
2021-04-04 00:00:00+00:00,6.1642222,0.0,0.23222221,Manitoba
2021-04-05 00:00:00+00:00,7.2871394,0.33333334,0.22269444,Manitoba
2021-04-06 00:00:00+00:00,4.3614445,0.0,0.21843056,Manitoba
2021-04-07 00:00:00+00:00,6.319778,0.0,0.21468055,Manitoba
2021-04-08 00:00:00+00:00,7.3010273,0.0,0.20473607,Manitoba
2021-04-09 00:00:00+00:00,5.6940837,0.0,0.19987498,Manitoba
2021-04-10 00:00:00+00:00,4.851028,0.0,0.1992917,Manitoba
2021-04-11 00:00:00+00:00,7.0336666,0.43333337,0.1883611,Manitoba
2021-04-12 00:00:00+00:00,-0.68161106,7.8666663,0.18754168,Manitoba
2021-04-13 00:00:00+00:00,-5.0045276,7.966667,0.18870835,Manitoba
2021-04-14 00:00:00+00:00,-3.369111,0.3666667,0.18904169,Manitoba
2021-04-15 00:00:00+00:00,0.521861,0.0,0.18930554,Manitoba
2021-04-16 00:00:00+00:00,3.2801945,0.26666668,0.18977778,Manitoba
2021-04-17 00:00:00+00:00,4.980889,0.0,0.19187498,Manitoba
2021-04-18 00:00:00+00:00,2.7489445,0.8666666,0.18702777,Manitoba
2021-04-19 00:00:00+00:00,-1.3934165,0.16666667,0.18886113,Manitoba
2021-04-20 00:00:00+00:00,-1.4468889,0.73333335,0.1885556,Manitoba
2021-04-21 00:00:00+00:00,3.6600559,0.06666667,0.18886112,Manitoba
2021-04-22 00:00:00+00:00,8.112833,0.0,0.1869028,Manitoba
2021-04-23 00:00:00+00:00,0.8364444,0.13333334,0.18322222,Manitoba
2021-04-24 00:00:00+00:00,0.33227786,0.0,0.1823333,Manitoba
2021-04-25 00:00:00+00:00,2.4086666,0.0,0.1816389,Manitoba
2021-04-26 00:00:00+00:00,4.1913056,0.1,0.18006945,Manitoba
2021-04-27 00:00:00+00:00,8.3822775,0.06666667,0.18501389,Manitoba
2021-04-28 00:00:00+00:00,6.0295005,0.73333335,0.17109722,Manitoba
2021-04-29 00:00:00+00:00,5.4253335,0.3,0.16618057,Manitoba
2021-04-30 00:00:00+00:00,6.7892222,0.0,0.16166668,Manitoba
2021-05-01 00:00:00+00:00,14.470473,0.0,0.15236111,Manitoba
2021-05-02 00:00:00+00:00,10.053111,1.6333333,0.1406111,Manitoba
2021-05-03 00:00:00+00:00,4.365611,0.4333333,0.1438611,Manitoba
2021-05-04 00:00:00+00:00,3.162139,0.0,0.14952776,Manitoba
2021-05-05 00:00:00+00:00,4.880889,0.0,0.14930555,Manitoba
2021-05-06 00:00:00+00:00,7.142,0.1,0.1482361,Manitoba
2021-05-07 00:00:00+00:00,5.3545,0.0,0.14540277,Manitoba
2021-05-08 00:00:00+00:00,7.2954726,0.0,0.14138891,Manitoba
2021-05-09 00:00:00+00:00,6.176028,0.0,0.13672222,Manitoba
2021-05-10 00:00:00+00:00,5.3795,0.0,0.13441665,Manitoba
2021-05-11 00:00:00+00:00,9.769778,0.0,0.13104166,Manitoba
2021-05-12 00:00:00+00:00,13.083667,0.16666667,0.12572223,Manitoba
2021-05-13 00:00:00+00:00,14.139916,0.1,0.12331945,Manitoba
2021-05-14 00:00:00+00:00,15.002416,0.36666667,0.11713887,Manitoba
2021-05-15 00:00:00+00:00,15.042695,0.16666667,0.11322221,Manitoba
2021-05-16 00:00:00+00:00,18.219778,0.033333335,0.11377779,Manitoba
2021-05-17 00:00:00+00:00,20.357279,0.0,0.109402776,Manitoba
2021-05-18 00:00:00+00:00,21.89617,0.0,0.10936112,Manitoba
2021-05-19 00:00:00+00:00,20.564224,0.4333333,0.107055545,Manitoba
2021-05-20 00:00:00+00:00,11.718389,2.0333333,0.104291655,Manitoba
2021-05-21 00:00:00+00:00,6.4788055,11.566667,0.09994444,Manitoba
2021-05-22 00:00:00+00:00,5.827417,7.1333327,0.14097224,Manitoba
2021-05-23 00:00:00+00:00,8.860749,0.0,0.16379166,Manitoba
2021-05-24 00:00:00+00:00,15.767695,1.3,0.1723889,Manitoba
2021-05-25 00:00:00+00:00,13.864223,2.0666668,0.17437498,Manitoba
2021-05-26 00:00:00+00:00,6.356584,0.0,0.17820834,Manitoba
2021-05-27 00:00:00+00:00,6.4322777,0.0,0.17948611,Manitoba
2021-05-28 00:00:00+00:00,9.980195,0.033333335,0.17280559,Manitoba
2021-05-29 00:00:00+00:00,14.9343605,0.8333333,0.16445833,Manitoba
2021-05-30 00:00:00+00:00,13.835055,0.06666667,0.155625,Manitoba
2021-05-31 00:00:00+00:00,13.742695,0.0,0.15177777,Manitoba
2021-06-01 00:00:00+00:00,18.97672,0.033333335,0.1413611,Manitoba
2021-06-02 00:00:00+00:00,20.446861,0.0,0.13491666,Manitoba
2021-06-03 00:00:00+00:00,24.86561,0.0,0.1285,Manitoba
2021-06-04 00:00:00+00:00,27.596863,0.0,0.12127776,Manitoba
2021-06-05 00:00:00+00:00,25.667694,0.0,0.11744445,Manitoba
2021-06-06 00:00:00+00:00,23.114222,2.1666667,0.11370834,Manitoba
2021-06-07 00:00:00+00:00,17.830889,0.6,0.11831945,Manitoba
2021-06-08 00:00:00+00:00,20.028807,2.4999998,0.12534721,Manitoba
2021-06-09 00:00:00+00:00,20.996168,13.8,0.13077778,Manitoba
2021-06-10 00:00:00+00:00,18.519777,0.5,0.14426391,Manitoba
2021-06-11 00:00:00+00:00,17.500334,23.666666,0.16358335,Manitoba
2021-06-12 00:00:00+00:00,18.176723,3.6333332,0.23884721,Manitoba
2021-06-13 00:00:00+00:00,19.040611,0.0,0.22218056,Manitoba
2021-06-14 00:00:00+00:00,19.733667,0.0,0.20541666,Manitoba
2021-06-15 00:00:00+00:00,21.08853,0.0,0.18908334,Manitoba
2021-06-16 00:00:00+00:00,23.80797,0.0,0.17641668,Manitoba
2021-06-17 00:00:00+00:00,20.769083,0.0,0.17015277,Manitoba
2021-06-18 00:00:00+00:00,17.327415,0.6666667,0.163625,Manitoba
2021-06-19 00:00:00+00:00,17.051027,0.06666667,0.16145833,Manitoba
2021-06-20 00:00:00+00:00,16.063528,1.5999999,0.15852778,Manitoba
2021-06-21 00:00:00+00:00,12.282277,0.0,0.15491666,Manitoba
2021-06-22 00:00:00+00:00,17.196167,0.13333334,0.15595834,Manitoba
2021-06-23 00:00:00+00:00,23.273947,0.033333335,0.14956944,Manitoba
2021-06-24 00:00:00+00:00,19.407972,0.033333335,0.1497361,Manitoba
2021-06-25 00:00:00+00:00,18.286444,1.6,0.14904167,Manitoba
2021-06-26 00:00:00+00:00,19.951721,2.3666666,0.15258335,Manitoba
2021-06-27 00:00:00+00:00,18.37325,7.0,0.15038891,Manitoba
2021-06-28 00:00:00+00:00,18.432974,0.7666667,0.16193053,Manitoba
2021-06-29 00:00:00+00:00,20.582972,0.43333337,0.16347222,Manitoba
2021-06-30 00:00:00+00:00,22.501724,0.0,0.16027777,Manitoba
2021-07-01 00:00:00+00:00,23.876719,0.0,0.15552777,Manitoba
2021-07-02 00:00:00+00:00,25.521166,0.0,0.14993055,Manitoba
2021-07-03 00:00:00+00:00,27.092003,0.0,0.14426388,Manitoba
2021-07-04 00:00:00+00:00,25.533667,0.26666668,0.14158334,Manitoba
2021-07-05 00:00:00+00:00,21.40936,2.1000001,0.13905555,Manitoba
2021-07-06 00:00:00+00:00,16.096167,0.53333336,0.13861112,Manitoba
2021-07-07 00:00:00+00:00,15.162139,0.06666667,0.15544446,Manitoba
2021-07-08 00:00:00+00:00,18.193388,0.1,0.15416665,Manitoba
2021-07-09 00:00:00+00:00,20.787832,2.2666664,0.15293056,Manitoba
2021-07-10 00:00:00+00:00,22.751028,0.0,0.14356945,Manitoba
2021-07-11 00:00:00+00:00,24.544083,0.0,0.13770834,Manitoba
2021-07-12 00:00:00+00:00,23.719778,0.8,0.13208331,Manitoba
2021-07-13 00:00:00+00:00,20.587831,0.23333335,0.13665278,Manitoba
2021-07-14 00:00:00+00:00,20.533667,1.7333332,0.13947223,Manitoba
2021-07-15 00:00:00+00:00,22.335054,1.2333333,0.13634722,Manitoba
2021-07-16 00:00:00+00:00,25.016306,0.6333333,0.13266666,Manitoba
2021-07-17 00:00:00+00:00,25.428808,0.0,0.13276389,Manitoba
2021-07-18 00:00:00+00:00,25.72672,1.1999999,0.13598612,Manitoba
2021-07-19 00:00:00+00:00,23.685751,6.366667,0.13536112,Manitoba
2021-07-20 00:00:00+00:00,21.886446,6.266667,0.15176387,Manitoba
2021-07-21 00:00:00+00:00,23.45936,7.7333336,0.17247224,Manitoba
2021-07-22 00:00:00+00:00,24.259361,0.0,0.17693055,Manitoba
2021-07-23 00:00:00+00:00,25.369081,0.033333335,0.17772222,Manitoba
2021-07-24 00:00:00+00:00,21.360748,0.0,0.16888888,Manitoba
2021-07-25 00:00:00+00:00,21.57325,0.0,0.16613889,Manitoba
2021-07-26 00:00:00+00:00,21.495474,0.0,0.1611528,Manitoba
2021-07-27 00:00:00+00:00,21.779501,0.0,0.15734722,Manitoba
2021-07-28 00:00:00+00:00,24.448944,0.16666667,0.15099998,Manitoba
2021-07-29 00:00:00+00:00,20.881584,0.0,0.147125,Manitoba
2021-07-30 00:00:00+00:00,23.173254,0.0,0.14470834,Manitoba
2021-07-31 00:00:00+00:00,21.80242,0.0,0.14168055,Manitoba
2021-08-01 00:00:00+00:00,20.141306,0.0,0.13922222,Manitoba
2021-08-02 00:00:00+00:00,22.395472,0.0,0.13841666,Manitoba
2021-08-03 00:00:00+00:00,24.067,0.0,0.13756944,Manitoba
2021-08-04 00:00:00+00:00,25.165611,0.4,0.13340276,Manitoba
2021-08-05 00:00:00+00:00,20.742693,1.2666665,0.12986112,Manitoba
2021-08-06 00:00:00+00:00,20.137835,0.0,0.12962501,Manitoba
2021-08-07 00:00:00+00:00,22.672556,0.0,0.12643056,Manitoba
2021-08-08 00:00:00+00:00,25.951029,0.3,0.12116667,Manitoba
2021-08-09 00:00:00+00:00,21.160055,10.233334,0.11465278,Manitoba
2021-08-10 00:00:00+00:00,17.95728,13.7,0.16140279,Manitoba
2021-08-11 00:00:00+00:00,17.03922,1.0666667,0.16395833,Manitoba
2021-08-12 00:00:00+00:00,16.789223,0.033333335,0.16406946,Manitoba
2021-08-13 00:00:00+00:00,15.533666,0.0,0.16305555,Manitoba
2021-08-14 00:00:00+00:00,20.839916,0.0,0.15772223,Manitoba
2021-08-15 00:00:00+00:00,25.131584,0.0,0.14470834,Manitoba
2021-08-16 00:00:00+00:00,26.432974,0.0,0.13925,Manitoba
2021-08-17 00:00:00+00:00,24.432974,0.033333335,0.13923614,Manitoba
2021-08-18 00:00:00+00:00,20.171167,3.3333333,0.1427639,Manitoba
2021-08-19 00:00:00+00:00,16.946165,3.3333333,0.15129167,Manitoba
2021-08-20 00:00:00+00:00,15.196861,13.866668,0.16591667,Manitoba
2021-08-21 00:00:00+00:00,14.415611,30.433332,0.27748612,Manitoba
2021-08-22 00:00:00+00:00,14.514915,9.466666,0.29081944,Manitoba
2021-08-23 00:00:00+00:00,15.74964,2.3,0.30431944,Manitoba
2021-08-24 00:00:00+00:00,14.496167,8.766667,0.3008889,Manitoba
2021-08-25 00:00:00+00:00,13.446861,0.26666668,0.30054167,Manitoba
2021-08-26 00:00:00+00:00,13.480888,0.0,0.28594446,Manitoba
2021-08-27 00:00:00+00:00,14.1545,6.6666665,0.27462497,Manitoba
2021-08-28 00:00:00+00:00,16.523249,1.8333331,0.28123605,Manitoba
2021-08-29 00:00:00+00:00,16.881582,0.13333334,0.27494448,Manitoba
2021-08-30 00:00:00+00:00,16.717,0.033333335,0.2615139,Manitoba
2021-08-31 00:00:00+00:00,18.985056,0.33333334,0.24341667,Manitoba
2021-09-01 00:00:00+00:00,20.667696,3.0333335,0.22806942,Manitoba
2021-09-02 00:00:00+00:00,19.235054,2.6333334,0.22406943,Manitoba
2021-09-03 00:00:00+00:00,15.910056,0.0,0.22269446,Manitoba
2021-09-04 00:00:00+00:00,15.587136,0.23333335,0.21680556,Manitoba
2021-09-05 00:00:00+00:00,14.169084,0.0,0.21051389,Manitoba
2021-09-06 00:00:00+00:00,17.851028,0.16666667,0.20013893,Manitoba
2021-09-07 00:00:00+00:00,16.854498,0.033333335,0.19580555,Manitoba
2021-09-08 00:00:00+00:00,16.79825,0.0,0.1893611,Manitoba
2021-09-09 00:00:00+00:00,15.76839,0.16666667,0.17973612,Manitoba
2021-09-10 00:00:00+00:00,19.149641,0.0,0.17327778,Manitoba
2021-09-11 00:00:00+00:00,14.782974,0.56666666,0.16790278,Manitoba
2021-09-12 00:00:00+00:00,13.738528,0.36666667,0.1689861,Manitoba
2021-09-13 00:00:00+00:00,15.326722,0.26666668,0.16634724,Manitoba
2021-09-14 00:00:00+00:00,14.701027,0.0,0.16344444,Manitoba
2021-09-15 00:00:00+00:00,15.679501,0.06666667,0.15776388,Manitoba
2021-09-16 00:00:00+00:00,14.488528,1.9333334,0.15519442,Manitoba
2021-09-17 00:00:00+00:00,12.44825,0.0,0.15956946,Manitoba
2021-09-18 00:00:00+00:00,16.670473,0.0,0.15020834,Manitoba
2021-09-19 00:00:00+00:00,21.652414,0.0,0.14290278,Manitoba
2021-09-20 00:00:00+00:00,14.873944,0.76666665,0.14355557,Manitoba
2021-09-21 00:00:00+00:00,12.5072775,0.06666667,0.15331946,Manitoba
2021-09-22 00:00:00+00:00,14.4239435,0.0,0.15297222,Manitoba
2021-09-23 00:00:00+00:00,17.53436,0.0,0.1439028,Manitoba
2021-09-24 00:00:00+00:00,12.331581,0.0,0.14358334,Manitoba
2021-09-25 00:00:00+00:00,14.046861,0.0,0.14988889,Manitoba
2021-09-26 00:00:00+00:00,16.406584,0.0,0.13905555,Manitoba
2021-09-27 00:00:00+00:00,16.251028,0.0,0.13577779,Manitoba
2021-09-28 00:00:00+00:00,19.088528,0.0,0.12745832,Manitoba
2021-09-29 00:00:00+00:00,22.798943,0.0,0.12213889,Manitoba
2021-09-30 00:00:00+00:00,17.163527,0.16666667,0.12727775,Manitoba
2021-10-01 00:00:00+00:00,13.628112,0.0,0.12845834,Manitoba
2021-10-02 00:00:00+00:00,13.081584,0.0,0.13056947,Manitoba
2021-10-03 00:00:00+00:00,13.521861,0.0,0.12602781,Manitoba
2021-10-04 00:00:00+00:00,14.408666,0.0,0.11822223,Manitoba
2021-10-05 00:00:00+00:00,19.364222,0.0,0.10856944,Manitoba
2021-10-06 00:00:00+00:00,19.192001,0.0,0.109888874,Manitoba
2021-10-07 00:00:00+00:00,19.278805,0.0,0.107138894,Manitoba
2021-10-08 00:00:00+00:00,13.673943,0.0,0.11016667,Manitoba
2021-10-09 00:00:00+00:00,9.987833,0.033333335,0.11718055,Manitoba
2021-10-10 00:00:00+00:00,10.242695,0.8666666,0.121263884,Manitoba
2021-10-11 00:00:00+00:00,10.005889,0.0,0.12004167,Manitoba
2021-10-12 00:00:00+00:00,6.5586667,0.0,0.123805545,Manitoba
2021-10-13 00:00:00+00:00,5.3579726,18.199999,0.13119446,Manitoba
2021-10-14 00:00:00+00:00,6.7475553,16.2,0.22087498,Manitoba
2021-10-15 00:00:00+00:00,5.6621385,2.9666665,0.25411108,Manitoba
2021-10-16 00:00:00+00:00,6.8128333,0.0,0.25883332,Manitoba
2021-10-17 00:00:00+00:00,9.206584,0.0,0.2516111,Manitoba
2021-10-18 00:00:00+00:00,11.708667,0.0,0.24011116,Manitoba
2021-10-19 00:00:00+00:00,7.841305,0.0,0.2317083,Manitoba
2021-10-20 00:00:00+00:00,1.3926945,0.0,0.23245834,Manitoba
2021-10-21 00:00:00+00:00,-0.21355553,0.0,0.23240279,Manitoba
2021-10-22 00:00:00+00:00,0.5635278,0.1,0.231,Manitoba
2021-10-23 00:00:00+00:00,1.8676945,0.0,0.22872221,Manitoba
2021-10-24 00:00:00+00:00,1.6107501,0.6333333,0.22563891,Manitoba
2021-10-25 00:00:00+00:00,3.5558891,0.0,0.22529165,Manitoba
2021-10-26 00:00:00+00:00,6.7065835,1.9666666,0.22241665,Manitoba
2021-10-27 00:00:00+00:00,8.1545,3.7333333,0.22616668,Manitoba
2021-10-28 00:00:00+00:00,5.8496385,0.0,0.23298608,Manitoba
2021-10-29 00:00:00+00:00,4.896167,0.06666667,0.23711109,Manitoba
2021-10-30 00:00:00+00:00,6.086445,3.5333335,0.23916669,Manitoba
2021-10-31 00:00:00+00:00,2.1760278,0.0,0.24380557,Manitoba
2021-11-01 00:00:00+00:00,-0.93925,0.06666667,0.2455555,Manitoba
2021-11-02 00:00:00+00:00,-1.5149444,0.0,0.24370837,Manitoba
2021-11-03 00:00:00+00:00,-1.581611,0.0,0.24237497,Manitoba
2021-11-04 00:00:00+00:00,0.5572779,0.0,0.24080557,Manitoba
2021-11-05 00:00:00+00:00,6.7795005,0.43333337,0.23655556,Manitoba
2021-11-06 00:00:00+00:00,7.520472,0.0,0.231,Manitoba
2021-11-07 00:00:00+00:00,4.3045,0.0,0.22162502,Manitoba
2021-11-08 00:00:00+00:00,3.8899167,0.0,0.21904169,Manitoba
2021-11-09 00:00:00+00:00,2.4864445,0.0,0.21606947,Manitoba
2021-11-10 00:00:00+00:00,2.026028,7.9,0.21161109,Manitoba
2021-11-11 00:00:00+00:00,0.22324999,5.866667,0.21395828,Manitoba
2021-11-12 00:00:00+00:00,-3.7843883,4.9,0.21574996,Manitoba
2021-11-13 00:00:00+00:00,-5.1010556,6.866667,0.21633333,Manitoba
2021-11-14 00:00:00+00:00,-4.8913336,0.1,0.21627776,Manitoba
2021-11-15 00:00:00+00:00,-2.3823054,0.9333334,0.21615279,Manitoba
2021-11-16 00:00:00+00:00,1.3718611,2.5666666,0.21684723,Manitoba
2021-11-17 00:00:00+00:00,-1.8739723,1.5666666,0.22054166,Manitoba
2021-11-18 00:00:00+00:00,-6.057306,0.26666668,0.22244446,Manitoba
2021-11-19 00:00:00+00:00,-4.0732775,0.0,0.223,Manitoba
2021-11-20 00:00:00+00:00,-3.4524443,0.0,0.22300005,Manitoba
2021-11-21 00:00:00+00:00,-7.0850844,0.2,0.22275001,Manitoba
2021-11-22 00:00:00+00:00,-7.2253613,0.0,0.22248614,Manitoba
2021-11-23 00:00:00+00:00,-0.6434165,0.0,0.22194444,Manitoba
2021-11-24 00:00:00+00:00,-7.519111,1.3,0.2213472,Manitoba
2021-11-25 00:00:00+00:00,-14.14064,0.16666667,0.22077775,Manitoba
2021-11-26 00:00:00+00:00,-2.9448059,0.1,0.21981947,Manitoba
2021-11-27 00:00:00+00:00,-0.43091658,0.2,0.21936114,Manitoba
2021-11-28 00:00:00+00:00,-4.6538334,0.26666668,0.21897225,Manitoba
2021-11-29 00:00:00+00:00,-1.1232775,0.2,0.2185417,Manitoba
2021-11-30 00:00:00+00:00,-1.9684166,2.3666668,0.21862505,Manitoba
2021-12-01 00:00:00+00:00,1.0274166,0.9666667,0.21850006,Manitoba
2021-12-02 00:00:00+00:00,0.17047237,0.56666666,0.22162502,Manitoba
2021-12-03 00:00:00+00:00,-2.1184165,0.90000004,0.22425,Manitoba
2021-12-04 00:00:00+00:00,-5.2100835,0.0,0.22477777,Manitoba
2021-12-05 00:00:00+00:00,-5.794111,4.2999997,0.22500001,Manitoba
2021-12-06 00:00:00+00:00,-18.926056,0.4,0.22456944,Manitoba
2021-12-07 00:00:00+00:00,-15.478139,0.0,0.22386114,Manitoba
2021-12-08 00:00:00+00:00,-15.790639,1.5333333,0.22308333,Manitoba
2021-12-09 00:00:00+00:00,-3.20175,0.16666667,0.22222225,Manitoba
2021-12-10 00:00:00+00:00,-7.11425,0.0,0.22144449,Manitoba
2021-12-11 00:00:00+00:00,-6.8343887,0.0,0.22069444,Manitoba
2021-12-12 00:00:00+00:00,0.6704722,0.033333335,0.21995832,Manitoba
2021-12-13 00:00:00+00:00,-3.6239722,0.0,0.21966667,Manitoba
2021-12-14 00:00:00+00:00,-2.1434166,0.23333335,0.21905553,Manitoba
2021-12-15 00:00:00+00:00,-5.536472,0.9666667,0.21865277,Manitoba
2021-12-16 00:00:00+00:00,-15.996887,0.16666667,0.21811111,Manitoba
2021-12-17 00:00:00+00:00,-18.240639,0.26666668,0.21763887,Manitoba
2021-12-18 00:00:00+00:00,-18.762165,0.06666667,0.21708333,Manitoba
2021-12-19 00:00:00+00:00,-10.505222,0.53333336,0.21655558,Manitoba
2021-12-20 00:00:00+00:00,-15.49828,0.0,0.21618058,Manitoba
2021-12-21 00:00:00+00:00,-15.354527,0.90000004,0.2156667,Manitoba
2021-12-22 00:00:00+00:00,-11.723277,0.1,0.21530557,Manitoba
2021-12-23 00:00:00+00:00,-9.641334,4.4666667,0.21491665,Manitoba
2021-12-24 00:00:00+00:00,-8.758,1.0999999,0.21458334,Manitoba
2021-12-25 00:00:00+00:00,-20.2455,0.13333334,0.2141528,Manitoba
2021-12-26 00:00:00+00:00,-20.1705,0.9333334,0.21400003,Manitoba
2021-12-27 00:00:00+00:00,-16.576056,14.500001,0.21379165,Manitoba
2021-12-28 00:00:00+00:00,-29.130224,0.13333334,0.213125,Manitoba
2021-12-29 00:00:00+00:00,-31.132303,0.0,0.21306944,Manitoba
2021-12-30 00:00:00+00:00,-27.945501,0.1,0.213,Manitoba
2021-12-31 00:00:00+00:00,-30.084387,0.033333335,0.21284723,Manitoba
2022-01-01 00:00:00+00:00,-29.755919,0.0,0.21220833,Manitoba
2022-01-02 00:00:00+00:00,-25.386473,0.0,0.21199997,Manitoba
2022-01-03 00:00:00+00:00,-16.167028,0.0,0.21199997,Manitoba
2022-01-04 00:00:00+00:00,-19.766333,3.9333336,0.21174996,Manitoba
2022-01-05 00:00:00+00:00,-22.241333,2.6999996,0.21163885,Manitoba
2022-01-06 00:00:00+00:00,-30.147583,0.0,0.21133329,Manitoba
2022-01-07 00:00:00+00:00,-30.991331,1.4000001,0.21133329,Manitoba
2022-01-08 00:00:00+00:00,-16.200361,1.6333333,0.21091664,Manitoba
2022-01-09 00:00:00+00:00,-25.419107,0.0,0.21066666,Manitoba
2022-01-10 00:00:00+00:00,-24.92467,0.13333334,0.21066666,Manitoba
2022-01-11 00:00:00+00:00,-8.608695,0.0,0.2105,Manitoba
2022-01-12 00:00:00+00:00,-6.515639,0.26666668,0.21033335,Manitoba
2022-01-13 00:00:00+00:00,-5.4941115,0.56666666,0.21022224,Manitoba
2022-01-14 00:00:00+00:00,-13.454528,7.466667,0.21000002,Manitoba
2022-01-15 00:00:00+00:00,-11.464943,0.0,0.21055555,Manitoba
2022-01-16 00:00:00+00:00,-0.47883332,0.4,0.21133335,Manitoba
2022-01-17 00:00:00+00:00,-5.0989723,1.1333333,0.21197224,Manitoba
2022-01-18 00:00:00+00:00,-11.553139,4.733333,0.21200001,Manitoba
2022-01-19 00:00:00+00:00,-23.37467,0.26666668,0.21193057,Manitoba
2022-01-20 00:00:00+00:00,-27.159391,0.0,0.21158333,Manitoba
2022-01-21 00:00:00+00:00,-8.110084,5.2666664,0.21133335,Manitoba
2022-01-22 00:00:00+00:00,-18.830915,1.7666668,0.21133335,Manitoba
2022-01-23 00:00:00+00:00,-19.336472,2.3,0.21133335,Manitoba
2022-01-24 00:00:00+00:00,-19.542028,0.033333335,0.21133335,Manitoba
2022-01-25 00:00:00+00:00,-25.796888,0.0,0.21133335,Manitoba
2022-01-26 00:00:00+00:00,-8.761473,0.6333334,0.2111389,Manitoba
2022-01-27 00:00:00+00:00,-11.085778,0.4,0.21072221,Manitoba
2022-01-28 00:00:00+00:00,-14.982304,0.13333334,0.21054167,Manitoba
2022-01-29 00:00:00+00:00,-8.480223,0.0,0.21033333,Manitoba
2022-01-30 00:00:00+00:00,-13.016335,0.1,0.21033333,Manitoba
2022-01-31 00:00:00+00:00,-7.5100837,1.8666667,0.21033333,Manitoba
2022-02-01 00:00:00+00:00,-11.936473,3.6999998,0.21033333,Manitoba
2022-02-02 00:00:00+00:00,-25.442026,0.0,0.21033333,Manitoba
2022-02-03 00:00:00+00:00,-28.686472,0.1,0.21033333,Manitoba
2022-02-04 00:00:00+00:00,-24.703835,0.2,0.2101389,Manitoba
2022-02-05 00:00:00+00:00,-16.770498,5.2,0.20990278,Manitoba
2022-02-06 00:00:00+00:00,-18.726057,0.5,0.20966668,Manitoba
2022-02-07 00:00:00+00:00,-8.033694,0.9000001,0.20966668,Manitoba
2022-02-08 00:00:00+00:00,0.9267223,1.3000001,0.20966668,Manitoba
2022-02-09 00:00:00+00:00,-5.119806,0.23333333,0.20972224,Manitoba
2022-02-10 00:00:00+00:00,-2.1448052,5.3333335,0.21051389,Manitoba
2022-02-11 00:00:00+00:00,-15.033,1.2333335,0.2166528,Manitoba
2022-02-12 00:00:00+00:00,-21.601053,0.13333334,0.2176667,Manitoba
2022-02-13 00:00:00+00:00,-18.65661,1.9000001,0.2176667,Manitoba
2022-02-14 00:00:00+00:00,-19.510084,0.0,0.2176667,Manitoba
2022-02-15 00:00:00+00:00,-15.992028,2.0666666,0.2176667,Manitoba
2022-02-16 00:00:00+00:00,-15.905917,0.033333335,0.2176667,Manitoba
2022-02-17 00:00:00+00:00,-26.560776,0.0,0.2176667,Manitoba
2022-02-18 00:00:00+00:00,-17.064943,2.3666666,0.2176667,Manitoba
2022-02-19 00:00:00+00:00,-16.157305,1.2,0.2176667,Manitoba
2022-02-20 00:00:00+00:00,-13.317722,6.066667,0.2176667,Manitoba
2022-02-21 00:00:00+00:00,-24.626055,0.0,0.2176667,Manitoba
2022-02-22 00:00:00+00:00,-27.982306,0.0,0.2176667,Manitoba
2022-02-23 00:00:00+00:00,-26.077444,0.0,0.2176667,Manitoba
2022-02-24 00:00:00+00:00,-25.936472,0.0,0.2176667,Manitoba
2022-02-25 00:00:00+00:00,-21.151054,0.0,0.2176667,Manitoba
2022-02-26 00:00:00+00:00,-9.332306,0.0,0.2176667,Manitoba
2022-02-27 00:00:00+00:00,-10.410084,0.06666667,0.2176667,Manitoba
2022-02-28 00:00:00+00:00,-10.674666,1.8333335,0.2176667,Manitoba
2022-03-01 00:00:00+00:00,-11.807304,0.33333334,0.2179306,Manitoba
2022-03-02 00:00:00+00:00,-11.357999,0.43333337,0.21833336,Manitoba
2022-03-03 00:00:00+00:00,-20.848278,0.0,0.21812506,Manitoba
2022-03-04 00:00:00+00:00,-10.840638,5.7666664,0.21800005,Manitoba
2022-03-05 00:00:00+00:00,-8.595501,0.56666666,0.21800005,Manitoba
2022-03-06 00:00:00+00:00,-8.867028,0.7666667,0.21815282,Manitoba
2022-03-07 00:00:00+00:00,-7.8059173,0.26666668,0.21800005,Manitoba
2022-03-08 00:00:00+00:00,-5.3975835,1.3666668,0.21800005,Manitoba
2022-03-09 00:00:00+00:00,-17.008001,0.033333335,0.21800005,Manitoba
2022-03-10 00:00:00+00:00,-17.052444,0.33333334,0.21800005,Manitoba
2022-03-11 00:00:00+00:00,-20.52328,0.13333334,0.21800005,Manitoba
2022-03-12 00:00:00+00:00,-15.9302225,1.7000002,0.21800005,Manitoba
2022-03-13 00:00:00+00:00,-5.2218895,0.13333334,0.21800005,Manitoba
2022-03-14 00:00:00+00:00,-8.712167,0.23333335,0.21800005,Manitoba
2022-03-15 00:00:00+00:00,-0.85036105,0.90000004,0.21800005,Manitoba
2022-03-16 00:00:00+00:00,0.26144454,2.7666667,0.21948616,Manitoba
2022-03-17 00:00:00+00:00,0.65658337,0.0,0.23008335,Manitoba
2022-03-18 00:00:00+00:00,-0.571889,0.0,0.25009724,Manitoba
2022-03-19 00:00:00+00:00,0.7850556,0.0,0.2672917,Manitoba
2022-03-20 00:00:00+00:00,2.4545,0.0,0.27973613,Manitoba
2022-03-21 00:00:00+00:00,2.5225556,2.0666668,0.30361113,Manitoba
2022-03-22 00:00:00+00:00,0.93158334,0.13333334,0.31686112,Manitoba
2022-03-23 00:00:00+00:00,-0.2559167,0.033333335,0.31697223,Manitoba
2022-03-24 00:00:00+00:00,1.3121389,1.5,0.32183328,Manitoba
2022-03-25 00:00:00+00:00,-2.0059166,1.3666667,0.33051386,Manitoba
2022-03-26 00:00:00+00:00,-10.598278,0.033333335,0.3238472,Manitoba
2022-03-27 00:00:00+00:00,-11.229527,0.0,0.31883326,Manitoba
2022-03-28 00:00:00+00:00,-3.712861,0.0,0.31547222,Manitoba
2022-03-29 00:00:00+00:00,1.1440834,0.9333334,0.3148333,Manitoba
2022-03-30 00:00:00+00:00,-2.0343893,0.4333333,0.3162361,Manitoba
2022-03-31 00:00:00+00:00,-3.0955,0.0,0.31544447,Manitoba
2022-04-01 00:00:00+00:00,2.1058888,0.26666668,0.31505558,Manitoba
2022-04-02 00:00:00+00:00,-0.8350833,0.0,0.31369445,Manitoba
2022-04-03 00:00:00+00:00,-0.78786117,0.76666665,0.31230554,Manitoba
2022-04-04 00:00:00+00:00,2.4288054,0.46666667,0.308375,Manitoba
2022-04-05 00:00:00+00:00,3.4725554,1.8000001,0.31066665,Manitoba
2022-04-06 00:00:00+00:00,1.4642223,0.30000004,0.31066665,Manitoba
2022-04-07 00:00:00+00:00,2.5968611,1.5333333,0.3049583,Manitoba
2022-04-08 00:00:00+00:00,1.3892221,0.0,0.29831946,Manitoba
2022-04-09 00:00:00+00:00,4.441305,0.7333333,0.29102778,Manitoba
2022-04-10 00:00:00+00:00,4.6913056,0.93333334,0.28773612,Manitoba
2022-04-11 00:00:00+00:00,0.33644453,0.0,0.28318056,Manitoba
2022-04-12 00:00:00+00:00,-4.0121665,0.23333335,0.27722225,Manitoba
2022-04-13 00:00:00+00:00,-3.4795277,19.2,0.27430555,Manitoba
2022-04-14 00:00:00+00:00,-5.4198055,13.099998,0.27184722,Manitoba
2022-04-15 00:00:00+00:00,-9.089944,1.7000002,0.2701945,Manitoba
2022-04-16 00:00:00+00:00,-8.358694,0.0,0.26877776,Manitoba
2022-04-17 00:00:00+00:00,-8.743417,5.2666664,0.26770833,Manitoba
2022-04-18 00:00:00+00:00,-6.92814,0.4666667,0.26641664,Manitoba
2022-04-19 00:00:00+00:00,-5.6739726,0.06666667,0.26559725,Manitoba
2022-04-20 00:00:00+00:00,0.69963884,1.9333334,0.26504168,Manitoba
2022-04-21 00:00:00+00:00,0.6968611,0.33333334,0.2742917,Manitoba
2022-04-22 00:00:00+00:00,1.2892221,1.4666666,0.28240278,Manitoba
2022-04-23 00:00:00+00:00,1.0718611,17.866667,0.29330558,Manitoba
2022-04-24 00:00:00+00:00,0.45519444,13.766667,0.32744443,Manitoba
2022-04-25 00:00:00+00:00,-4.031611,0.16666667,0.31688884,Manitoba
2022-04-26 00:00:00+00:00,-5.7024446,0.0,0.30870834,Manitoba
2022-04-27 00:00:00+00:00,-0.50313884,0.0,0.30423608,Manitoba
2022-04-28 00:00:00+00:00,3.3288052,0.6666667,0.30384722,Manitoba
2022-04-29 00:00:00+00:00,4.778111,0.0,0.30480555,Manitoba
2022-04-30 00:00:00+00:00,5.2996387,5.733333,0.30841666,Manitoba
2022-05-01 00:00:00+00:00,5.098944,2.8999999,0.31330553,Manitoba
2022-05-02 00:00:00+00:00,3.592694,0.033333335,0.30120835,Manitoba
2022-05-03 00:00:00+00:00,4.2378335,0.0,0.2940139,Manitoba
2022-05-04 00:00:00+00:00,8.514916,0.0,0.28518054,Manitoba
2022-05-05 00:00:00+00:00,12.230888,0.0,0.27133334,Manitoba
2022-05-06 00:00:00+00:00,13.5489435,0.36666667,0.25650004,Manitoba
2022-05-07 00:00:00+00:00,15.076721,7.066667,0.250875,Manitoba
2022-05-08 00:00:00+00:00,12.766305,1.2,0.25880554,Manitoba
2022-05-09 00:00:00+00:00,10.112834,15.766666,0.2647917,Manitoba
2022-05-10 00:00:00+00:00,10.639222,9.5,0.32423612,Manitoba
2022-05-11 00:00:00+00:00,9.305889,1.9999999,0.31593058,Manitoba
2022-05-12 00:00:00+00:00,11.45311,0.50000006,0.30823612,Manitoba
2022-05-13 00:00:00+00:00,11.078805,25.466665,0.32937503,Manitoba
2022-05-14 00:00:00+00:00,7.1024165,4.1,0.3348472,Manitoba
2022-05-15 00:00:00+00:00,9.602416,0.06666667,0.31918058,Manitoba
2022-05-16 00:00:00+00:00,8.944084,0.0,0.30194443,Manitoba
2022-05-17 00:00:00+00:00,10.169778,5.4666667,0.2897361,Manitoba
2022-05-18 00:00:00+00:00,11.03575,4.9666667,0.2887361,Manitoba
2022-05-19 00:00:00+00:00,8.68089,11.266666,0.29318056,Manitoba
2022-05-20 00:00:00+00:00,3.599639,9.733335,0.32620832,Manitoba
2022-05-21 00:00:00+00:00,4.0892224,0.33333334,0.31781945,Manitoba
2022-05-22 00:00:00+00:00,6.9010277,0.033333335,0.304875,Manitoba
2022-05-23 00:00:00+00:00,10.553111,0.06666667,0.2899861,Manitoba
2022-05-24 00:00:00+00:00,12.412833,0.23333333,0.27502775,Manitoba
2022-05-25 00:00:00+00:00,14.282971,1.0,0.26033333,Manitoba
2022-05-26 00:00:00+00:00,16.010056,0.4333333,0.24687499,Manitoba
2022-05-27 00:00:00+00:00,16.273943,0.16666667,0.23154163,Manitoba
2022-05-28 00:00:00+00:00,16.400335,9.766666,0.23020835,Manitoba
2022-05-29 00:00:00+00:00,14.936446,16.6,0.25959727,Manitoba
2022-05-30 00:00:00+00:00,14.147553,1.6333333,0.30963892,Manitoba
2022-05-31 00:00:00+00:00,11.287834,13.166667,0.32573614,Manitoba
2022-06-01 00:00:00+00:00,11.126723,0.0,0.30979165,Manitoba
2022-06-02 00:00:00+00:00,11.364223,0.1,0.29043058,Manitoba
2022-06-03 00:00:00+00:00,10.278805,0.0,0.27708337,Manitoba
2022-06-04 00:00:00+00:00,11.877416,0.0,0.25830558,Manitoba
2022-06-05 00:00:00+00:00,11.797557,0.0,0.24258332,Manitoba
2022-06-06 00:00:00+00:00,11.360749,0.0,0.23500001,Manitoba
2022-06-07 00:00:00+00:00,13.416305,0.033333335,0.22391666,Manitoba
2022-06-08 00:00:00+00:00,14.78575,0.9333334,0.21445833,Manitoba
2022-06-09 00:00:00+00:00,15.592694,0.33333334,0.19751386,Manitoba
2022-06-10 00:00:00+00:00,16.497557,2.3999999,0.18919443,Manitoba
2022-06-11 00:00:00+00:00,17.66214,2.8,0.18186109,Manitoba
2022-06-12 00:00:00+00:00,19.014221,9.833334,0.18276389,Manitoba
2022-06-13 00:00:00+00:00,18.794085,2.0333335,0.18977778,Manitoba
2022-06-14 00:00:00+00:00,17.902418,49.63333,0.25491667,Manitoba
2022-06-15 00:00:00+00:00,14.339916,2.8333333,0.27898613,Manitoba
2022-06-16 00:00:00+00:00,14.992001,0.8999999,0.28029168,Manitoba
2022-06-17 00:00:00+00:00,16.963526,0.0,0.27033332,Manitoba
2022-06-18 00:00:00+00:00,21.805197,0.33333334,0.25483334,Manitoba
2022-06-19 00:00:00+00:00,26.27742,0.53333336,0.23833333,Manitoba
2022-06-20 00:00:00+00:00,23.03089,0.0,0.22791667,Manitoba
2022-06-21 00:00:00+00:00,18.222555,31.033335,0.2564583,Manitoba
2022-06-22 00:00:00+00:00,18.103111,0.06666667,0.3042083,Manitoba
2022-06-23 00:00:00+00:00,21.75589,0.1,0.2823889,Manitoba
2022-06-24 00:00:00+00:00,20.607973,2.8999999,0.2659028,Manitoba
2022-06-25 00:00:00+00:00,14.021861,2.6,0.26816663,Manitoba
2022-06-26 00:00:00+00:00,14.610751,1.4000001,0.26843056,Manitoba
2022-06-27 00:00:00+00:00,18.015612,0.4,0.25777778,Manitoba
2022-06-28 00:00:00+00:00,16.186445,2.5666668,0.23986112,Manitoba
2022-06-29 00:00:00+00:00,17.423944,2.1666667,0.23658335,Manitoba
2022-06-30 00:00:00+00:00,18.789223,1.0,0.23127778,Manitoba
2022-07-01 00:00:00+00:00,16.167,0.033333335,0.22375,Manitoba
2022-07-02 00:00:00+00:00,15.836445,0.0,0.21386111,Manitoba
2022-07-03 00:00:00+00:00,18.501722,5.0333333,0.20638888,Manitoba
2022-07-04 00:00:00+00:00,18.551027,15.233334,0.20895834,Manitoba
2022-07-05 00:00:00+00:00,18.19686,4.633333,0.25795832,Manitoba
2022-07-06 00:00:00+00:00,19.99547,2.5666666,0.26358333,Manitoba
2022-07-07 00:00:00+00:00,18.799639,0.23333335,0.26025,Manitoba
2022-07-08 00:00:00+00:00,18.62811,0.033333335,0.252,Manitoba
2022-07-09 00:00:00+00:00,22.970472,1.3666667,0.24140279,Manitoba
2022-07-10 00:00:00+00:00,22.369081,5.366667,0.23129165,Manitoba
2022-07-11 00:00:00+00:00,19.862835,2.4,0.22705555,Manitoba
2022-07-12 00:00:00+00:00,20.151026,0.16666667,0.22059721,Manitoba
2022-07-13 00:00:00+00:00,20.533667,0.0,0.21173613,Manitoba
2022-07-14 00:00:00+00:00,21.553808,14.7,0.206375,Manitoba
2022-07-15 00:00:00+00:00,21.046167,0.13333334,0.22606945,Manitoba
2022-07-16 00:00:00+00:00,24.15589,3.2666664,0.22812498,Manitoba
2022-07-17 00:00:00+00:00,25.256584,0.0,0.22406946,Manitoba
2022-07-18 00:00:00+00:00,25.403109,3.3333337,0.21581943,Manitoba
2022-07-19 00:00:00+00:00,22.043388,25.1,0.22426386,Manitoba
2022-07-20 00:00:00+00:00,21.373251,0.06666667,0.26794448,Manitoba
2022-07-21 00:00:00+00:00,19.807974,0.0,0.25641668,Manitoba
2022-07-22 00:00:00+00:00,20.844778,0.0,0.24381943,Manitoba
2022-07-23 00:00:00+00:00,18.564917,5.6,0.23966666,Manitoba
2022-07-24 00:00:00+00:00,16.152416,0.16666667,0.23276389,Manitoba
2022-07-25 00:00:00+00:00,18.171165,4.9666667,0.22600001,Manitoba
2022-07-26 00:00:00+00:00,17.894083,6.866667,0.23479165,Manitoba
2022-07-27 00:00:00+00:00,16.326723,3.4000003,0.23852776,Manitoba
2022-07-28 00:00:00+00:00,16.528112,0.2,0.23555557,Manitoba
2022-07-29 00:00:00+00:00,18.174639,0.0,0.22729166,Manitoba
2022-07-30 00:00:00+00:00,21.523249,0.0,0.21627778,Manitoba
2022-07-31 00:00:00+00:00,20.601028,10.500001,0.20987499,Manitoba
2022-08-01 00:00:00+00:00,18.8795,6.1,0.20973611,Manitoba
2022-08-02 00:00:00+00:00,21.003805,1.7666668,0.21413888,Manitoba
2022-08-03 00:00:00+00:00,18.337831,0.6666667,0.21327777,Manitoba
2022-08-04 00:00:00+00:00,20.578806,2.3666668,0.21081944,Manitoba
2022-08-05 00:00:00+00:00,24.546167,0.0,0.20762502,Manitoba
2022-08-06 00:00:00+00:00,16.630888,0.0,0.20463888,Manitoba
2022-08-07 00:00:00+00:00,16.030888,0.0,0.20630555,Manitoba
2022-08-08 00:00:00+00:00,20.605194,0.0,0.20433335,Manitoba
2022-08-09 00:00:00+00:00,21.834364,0.0,0.19576389,Manitoba
2022-08-10 00:00:00+00:00,17.645473,0.0,0.19179165,Manitoba
2022-08-11 00:00:00+00:00,17.650335,0.06666667,0.19145834,Manitoba
2022-08-12 00:00:00+00:00,19.191305,1.2666668,0.19411111,Manitoba
2022-08-13 00:00:00+00:00,20.578806,0.0,0.19163889,Manitoba
2022-08-14 00:00:00+00:00,22.02672,0.0,0.18586111,Manitoba
2022-08-15 00:00:00+00:00,21.757278,10.566667,0.18641667,Manitoba
2022-08-16 00:00:00+00:00,20.200333,0.1,0.19645834,Manitoba
2022-08-17 00:00:00+00:00,21.862137,4.5333333,0.19508334,Manitoba
2022-08-18 00:00:00+00:00,19.792694,3.7666664,0.2067361,Manitoba
2022-08-19 00:00:00+00:00,19.42325,2.3,0.22783333,Manitoba
2022-08-20 00:00:00+00:00,19.095472,0.0,0.2243611,Manitoba
2022-08-21 00:00:00+00:00,21.014917,0.0,0.21576388,Manitoba
2022-08-22 00:00:00+00:00,22.212831,0.13333334,0.20790279,Manitoba
2022-08-23 00:00:00+00:00,20.934362,8.400001,0.20375003,Manitoba
2022-08-24 00:00:00+00:00,17.553804,1.8666664,0.22670837,Manitoba
2022-08-25 00:00:00+00:00,16.698252,0.0,0.22998613,Manitoba
2022-08-26 00:00:00+00:00,19.363527,0.0,0.22336112,Manitoba
2022-08-27 00:00:00+00:00,19.953806,0.5,0.21544445,Manitoba
2022-08-28 00:00:00+00:00,20.506582,0.2,0.21090277,Manitoba
2022-08-29 00:00:00+00:00,18.032972,8.633334,0.21622223,Manitoba
2022-08-30 00:00:00+00:00,18.869776,0.0,0.21420832,Manitoba
2022-08-31 00:00:00+00:00,20.87811,0.0,0.20277776,Manitoba
2022-09-01 00:00:00+00:00,23.101028,0.0,0.18798609,Manitoba
2022-09-02 00:00:00+00:00,20.501028,0.0,0.18041666,Manitoba
2022-09-03 00:00:00+00:00,16.688528,0.0,0.17854165,Manitoba
2022-09-04 00:00:00+00:00,19.515612,0.0,0.17337501,Manitoba
2022-09-05 00:00:00+00:00,21.388529,0.0,0.16768056,Manitoba
2022-09-06 00:00:00+00:00,21.044779,0.0,0.16593055,Manitoba
2022-09-07 00:00:00+00:00,18.35172,0.0,0.16187501,Manitoba
2022-09-08 00:00:00+00:00,22.295471,0.0,0.15716667,Manitoba
2022-09-09 00:00:00+00:00,14.278806,0.16666667,0.1581111,Manitoba
2022-09-10 00:00:00+00:00,12.58089,0.033333335,0.15888889,Manitoba
2022-09-11 00:00:00+00:00,15.280891,0.0,0.15681946,Manitoba
2022-09-12 00:00:00+00:00,18.52186,0.0,0.1491111,Manitoba
2022-09-13 00:00:00+00:00,14.147555,0.06666667,0.1450278,Manitoba
2022-09-14 00:00:00+00:00,13.272556,0.46666667,0.14883333,Manitoba
2022-09-15 00:00:00+00:00,14.204501,2.0666668,0.1505972,Manitoba
2022-09-16 00:00:00+00:00,13.22186,3.333333,0.1542639,Manitoba
2022-09-17 00:00:00+00:00,13.394776,7.5333343,0.16751389,Manitoba
2022-09-18 00:00:00+00:00,15.229501,0.0,0.17283332,Manitoba
2022-09-19 00:00:00+00:00,15.158666,7.933334,0.16849999,Manitoba
2022-09-20 00:00:00+00:00,14.451027,0.16666667,0.17613888,Manitoba
2022-09-21 00:00:00+00:00,11.293388,0.1,0.17895834,Manitoba
2022-09-22 00:00:00+00:00,8.081584,0.0,0.18009718,Manitoba
2022-09-23 00:00:00+00:00,11.711444,7.6999993,0.182375,Manitoba
2022-09-24 00:00:00+00:00,12.79964,0.3,0.19884722,Manitoba
2022-09-25 00:00:00+00:00,13.561444,0.0,0.19931947,Manitoba
2022-09-26 00:00:00+00:00,12.077415,0.033333335,0.19638886,Manitoba
2022-09-27 00:00:00+00:00,10.292,0.0,0.18980555,Manitoba
2022-09-28 00:00:00+00:00,11.253806,1.5,0.18487501,Manitoba
2022-09-29 00:00:00+00:00,16.248251,0.0,0.17512499,Manitoba
2022-09-30 00:00:00+00:00,14.382972,0.0,0.1631528,Manitoba
2022-10-01 00:00:00+00:00,11.980888,0.0,0.16154166,Manitoba
2022-10-02 00:00:00+00:00,12.585055,1.5666666,0.16247222,Manitoba
2022-10-03 00:00:00+00:00,13.050332,0.0,0.16265278,Manitoba
2022-10-04 00:00:00+00:00,12.544778,0.033333335,0.16144444,Manitoba
2022-10-05 00:00:00+00:00,12.895473,0.0,0.16133335,Manitoba
2022-10-06 00:00:00+00:00,3.9440835,0.033333335,0.16508333,Manitoba
2022-10-07 00:00:00+00:00,2.3788054,0.0,0.16891666,Manitoba
2022-10-08 00:00:00+00:00,8.846167,0.0,0.16733332,Manitoba
2022-10-09 00:00:00+00:00,9.537833,0.0,0.15968055,Manitoba
2022-10-10 00:00:00+00:00,10.557277,0.0,0.15581945,Manitoba
2022-10-11 00:00:00+00:00,12.357971,0.86666673,0.14973612,Manitoba
2022-10-12 00:00:00+00:00,7.213529,0.8,0.14881943,Manitoba
2022-10-13 00:00:00+00:00,3.133667,0.1,0.15077777,Manitoba
2022-10-14 00:00:00+00:00,4.1100554,0.80000013,0.15116666,Manitoba
2022-10-15 00:00:00+00:00,6.1503334,0.06666667,0.15188886,Manitoba
2022-10-16 00:00:00+00:00,1.5649166,0.033333335,0.15176387,Manitoba
2022-10-17 00:00:00+00:00,-0.104527704,0.0,0.15027776,Manitoba
2022-10-18 00:00:00+00:00,0.04477803,0.0,0.15216668,Manitoba
2022-10-19 00:00:00+00:00,5.989222,0.0,0.1513889,Manitoba
2022-10-20 00:00:00+00:00,8.718389,0.1,0.14437501,Manitoba
2022-10-21 00:00:00+00:00,9.689222,1.0333334,0.1389028,Manitoba
2022-10-22 00:00:00+00:00,5.8913054,0.53333336,0.13879168,Manitoba
2022-10-23 00:00:00+00:00,5.957278,2.0666666,0.14083336,Manitoba
2022-10-24 00:00:00+00:00,3.0878336,17.333334,0.15291667,Manitoba
2022-10-25 00:00:00+00:00,0.9961667,0.2,0.19966666,Manitoba
2022-10-26 00:00:00+00:00,0.20450006,1.1,0.20591666,Manitoba
2022-10-27 00:00:00+00:00,3.0003335,0.0,0.20766668,Manitoba
2022-10-28 00:00:00+00:00,7.1996384,0.0,0.2083472,Manitoba
2022-10-29 00:00:00+00:00,7.757278,0.0,0.20794444,Manitoba
2022-10-30 00:00:00+00:00,5.492,0.0,0.20347224,Manitoba
2022-10-31 00:00:00+00:00,8.2156105,0.0,0.19877778,Manitoba
2022-11-01 00:00:00+00:00,7.2010283,0.6,0.19652778,Manitoba
2022-11-02 00:00:00+00:00,10.733665,0.033333335,0.19336109,Manitoba
2022-11-03 00:00:00+00:00,2.7190835,0.033333335,0.19223611,Manitoba
2022-11-04 00:00:00+00:00,-1.8850833,0.0,0.19227777,Manitoba
2022-11-05 00:00:00+00:00,0.88297224,0.9666667,0.1916389,Manitoba
2022-11-06 00:00:00+00:00,0.3149167,3.7333333,0.19166668,Manitoba
2022-11-07 00:00:00+00:00,-5.0364723,0.53333336,0.19195835,Manitoba
2022-11-08 00:00:00+00:00,-1.0899445,1.8333334,0.19166672,Manitoba
2022-11-09 00:00:00+00:00,-4.8614717,0.4666667,0.19134723,Manitoba
2022-11-10 00:00:00+00:00,-8.8156395,0.8666668,0.19102776,Manitoba
2022-11-11 00:00:00+00:00,-7.7955003,1.3333334,0.1906389,Manitoba
2022-11-12 00:00:00+00:00,-9.350361,0.0,0.1899306,Manitoba
2022-11-13 00:00:00+00:00,-9.283695,0.40000007,0.1895556,Manitoba
2022-11-14 00:00:00+00:00,-8.325362,1.0333334,0.18916667,Manitoba
2022-11-15 00:00:00+00:00,-8.124667,0.33333334,0.18880557,Manitoba
2022-11-16 00:00:00+00:00,-7.571194,1.2333335,0.18836111,Manitoba
2022-11-17 00:00:00+00:00,-7.0975833,0.9333334,0.18772222,Manitoba
2022-11-18 00:00:00+00:00,-10.54689,0.8,0.18734725,Manitoba
2022-11-19 00:00:00+00:00,-9.575362,0.90000004,0.18697222,Manitoba
2022-11-20 00:00:00+00:00,-7.2746673,0.26666668,0.18663888,Manitoba
2022-11-21 00:00:00+00:00,-5.9434166,0.0,0.18599999,Manitoba
2022-11-22 00:00:00+00:00,-2.748972,1.2,0.18568055,Manitoba
2022-11-23 00:00:00+00:00,-1.4753612,0.0,0.1854028,Manitoba
2022-11-24 00:00:00+00:00,-0.86702776,0.0,0.18516667,Manitoba
2022-11-25 00:00:00+00:00,1.5899166,0.0,0.18500002,Manitoba
2022-11-26 00:00:00+00:00,2.8864443,0.0,0.1850278,Manitoba
2022-11-27 00:00:00+00:00,-2.0941112,0.2,0.18565278,Manitoba
2022-11-28 00:00:00+00:00,-1.4705001,1.2333332,0.18569444,Manitoba
2022-11-29 00:00:00+00:00,-5.604528,1.4333334,0.1859861,Manitoba
2022-11-30 00:00:00+00:00,-13.151055,0.4,0.18569446,Manitoba
2022-12-01 00:00:00+00:00,-12.38786,0.23333335,0.18518059,Manitoba
2022-12-02 00:00:00+00:00,-13.810777,2.0333335,0.18497224,Manitoba
2022-12-03 00:00:00+00:00,-19.229528,0.033333335,0.18466668,Manitoba
2022-12-04 00:00:00+00:00,-9.108001,0.2,0.18448608,Manitoba
2022-12-05 00:00:00+00:00,-12.507305,0.23333333,0.18433332,Manitoba
2022-12-06 00:00:00+00:00,-19.796888,1.3666668,0.18373609,Manitoba
2022-12-07 00:00:00+00:00,-24.438555,0.0,0.18366665,Manitoba
2022-12-08 00:00:00+00:00,-13.8468895,0.0,0.18334723,Manitoba
2022-12-09 00:00:00+00:00,-12.4093895,0.0,0.18333334,Manitoba
2022-12-10 00:00:00+00:00,-6.760084,0.0,0.18313889,Manitoba
2022-12-11 00:00:00+00:00,-8.627444,0.0,0.18300001,Manitoba
2022-12-12 00:00:00+00:00,-4.1607776,0.0,0.18288888,Manitoba
2022-12-13 00:00:00+00:00,-3.5579998,1.4000001,0.18236113,Manitoba
2022-12-14 00:00:00+00:00,-3.6017497,9.900001,0.18233335,Manitoba
2022-12-15 00:00:00+00:00,-5.4385552,4.466666,0.18233335,Manitoba
2022-12-16 00:00:00+00:00,-8.889251,5.4666657,0.18204166,Manitoba
2022-12-17 00:00:00+00:00,-14.244111,0.93333334,0.182,Manitoba
2022-12-18 00:00:00+00:00,-20.111471,0.3,0.182,Manitoba
2022-12-19 00:00:00+00:00,-21.928833,0.90000004,0.18177779,Manitoba
2022-12-20 00:00:00+00:00,-24.094805,0.6333334,0.18162501,Manitoba
2022-12-21 00:00:00+00:00,-27.323975,1.5000001,0.18133336,Manitoba
2022-12-22 00:00:00+00:00,-22.879526,1.3333335,0.18133336,Manitoba
2022-12-23 00:00:00+00:00,-22.24411,0.2,0.18112499,Manitoba
2022-12-24 00:00:00+00:00,-25.78508,0.0,0.181,Manitoba
2022-12-25 00:00:00+00:00,-21.519804,6.7000003,0.181,Manitoba
2022-12-26 00:00:00+00:00,-18.723972,0.16666667,0.181,Manitoba
2022-12-27 00:00:00+00:00,-9.11425,0.23333333,0.181,Manitoba
2022-12-28 00:00:00+00:00,-8.632306,2.0333333,0.181,Manitoba
2022-12-29 00:00:00+00:00,-10.188556,1.3666667,0.181,Manitoba
2022-12-30 00:00:00+00:00,-15.73925,0.0,0.18074997,Manitoba
2022-12-31 00:00:00+00:00,-8.407306,0.0,0.18066664,Manitoba
2023-01-01 00:00:00+00:00,-8.149667,0.50000006,0.18062498,Manitoba
2023-01-02 00:00:00+00:00,-9.756612,0.0,0.18033332,Manitoba
2023-01-03 00:00:00+00:00,-12.517722,0.0,0.18033332,Manitoba
2023-01-04 00:00:00+00:00,-12.987167,0.0,0.18033332,Manitoba
2023-01-05 00:00:00+00:00,-9.989944,0.0,0.18033332,Manitoba
2023-01-06 00:00:00+00:00,-10.007305,0.0,0.18033332,Manitoba
2023-01-07 00:00:00+00:00,-11.26564,0.0,0.18033332,Manitoba
2023-01-08 00:00:00+00:00,-8.238555,0.0,0.18033332,Manitoba
2023-01-09 00:00:00+00:00,-10.821889,0.0,0.18033332,Manitoba
2023-01-10 00:00:00+00:00,-8.594111,0.0,0.18018055,Manitoba
2023-01-11 00:00:00+00:00,-8.210084,0.4666667,0.18,Manitoba
2023-01-12 00:00:00+00:00,-8.89689,0.0,0.18,Manitoba
2023-01-13 00:00:00+00:00,-6.984389,0.0,0.18,Manitoba
2023-01-14 00:00:00+00:00,-7.2621675,0.033333335,0.18,Manitoba
2023-01-15 00:00:00+00:00,-5.846888,0.4,0.18,Manitoba
2023-01-16 00:00:00+00:00,-6.3163333,0.0,0.18,Manitoba
2023-01-17 00:00:00+00:00,-10.347584,0.0,0.1797222,Manitoba
2023-01-18 00:00:00+00:00,-10.112166,0.0,0.17966665,Manitoba
2023-01-19 00:00:00+00:00,-8.736472,0.0,0.17966665,Manitoba
2023-01-20 00:00:00+00:00,-5.1774445,0.8333333,0.17966665,Manitoba
2023-01-21 00:00:00+00:00,-8.009389,0.033333335,0.17966665,Manitoba
2023-01-22 00:00:00+00:00,-9.09064,0.0,0.17966665,Manitoba
2023-01-23 00:00:00+00:00,-2.6684163,1.5,0.17966665,Manitoba
2023-01-24 00:00:00+00:00,-8.969111,2.1333334,0.17966665,Manitoba
2023-01-25 00:00:00+00:00,-13.08578,0.033333335,0.17966665,Manitoba
2023-01-26 00:00:00+00:00,-6.710083,4.5666666,0.17966665,Manitoba
2023-01-27 00:00:00+00:00,-10.169112,0.26666668,0.17966665,Manitoba
2023-01-28 00:00:00+00:00,-23.560778,0.0,0.17966665,Manitoba
2023-01-29 00:00:00+00:00,-23.352446,0.0,0.17966665,Manitoba
2023-01-30 00:00:00+00:00,-24.483694,0.0,0.17966665,Manitoba
2023-01-31 00:00:00+00:00,-22.86425,0.0,0.17966665,Manitoba
2023-02-01 00:00:00+00:00,-20.632998,0.16666667,0.17966665,Manitoba
2023-02-02 00:00:00+00:00,-22.577444,0.6666667,0.17966665,Manitoba
2023-02-03 00:00:00+00:00,-21.302444,0.16666667,0.17966665,Manitoba
2023-02-04 00:00:00+00:00,-8.9302225,1.0666667,0.17966665,Manitoba
2023-02-05 00:00:00+00:00,-6.9767494,0.4,0.17966665,Manitoba
2023-02-06 00:00:00+00:00,-1.8073057,0.0,0.17966665,Manitoba
2023-02-07 00:00:00+00:00,-3.0406387,0.0,0.17966665,Manitoba
2023-02-08 00:00:00+00:00,-1.3413334,0.7,0.17966665,Manitoba
2023-02-09 00:00:00+00:00,-5.7364726,0.4333333,0.17983334,Manitoba
2023-02-10 00:00:00+00:00,-6.5857778,0.0,0.18,Manitoba
2023-02-11 00:00:00+00:00,1.0850556,0.0,0.18002778,Manitoba
2023-02-12 00:00:00+00:00,-2.7052224,0.0,0.18041666,Manitoba
2023-02-13 00:00:00+00:00,-1.7378613,0.0,0.18091667,Manitoba
2023-02-14 00:00:00+00:00,-1.831611,0.2,0.18659723,Manitoba
2023-02-15 00:00:00+00:00,-14.377444,0.2,0.18930556,Manitoba
2023-02-16 00:00:00+00:00,-18.638556,0.033333335,0.18933333,Manitoba
2023-02-17 00:00:00+00:00,-6.2093887,0.06666667,0.18933333,Manitoba
2023-02-18 00:00:00+00:00,-6.772583,0.56666666,0.18933333,Manitoba
2023-02-19 00:00:00+00:00,-11.14689,0.26666668,0.18933333,Manitoba
2023-02-20 00:00:00+00:00,-14.099666,4.433333,0.18933333,Manitoba
2023-02-21 00:00:00+00:00,-21.434387,0.0,0.18933333,Manitoba
2023-02-22 00:00:00+00:00,-26.07189,0.0,0.18933333,Manitoba
2023-02-23 00:00:00+00:00,-23.372581,0.23333335,0.18933333,Manitoba
2023-02-24 00:00:00+00:00,-23.361473,0.16666667,0.18933333,Manitoba
2023-02-25 00:00:00+00:00,-20.744112,0.0,0.18933333,Manitoba
2023-02-26 00:00:00+00:00,-14.139946,0.0,0.18933333,Manitoba
2023-02-27 00:00:00+00:00,-6.566334,0.0,0.18933333,Manitoba
2023-02-28 00:00:00+00:00,-8.9927225,0.0,0.18933333,Manitoba
2023-03-01 00:00:00+00:00,-15.230224,0.0,0.18933333,Manitoba
2023-03-02 00:00:00+00:00,-13.421193,0.0,0.18933333,Manitoba
2023-03-03 00:00:00+00:00,-3.405917,0.0,0.18933333,Manitoba
2023-03-04 00:00:00+00:00,-5.1399446,0.0,0.18933333,Manitoba
2023-03-05 00:00:00+00:00,-11.019111,0.0,0.18933333,Manitoba
2023-03-06 00:00:00+00:00,-14.443417,0.0,0.18933333,Manitoba
2023-03-07 00:00:00+00:00,-18.199667,0.0,0.18933333,Manitoba
2023-03-08 00:00:00+00:00,-14.23925,0.1,0.18933333,Manitoba
2023-03-09 00:00:00+00:00,-12.856612,0.033333335,0.18933333,Manitoba
2023-03-10 00:00:00+00:00,-9.747582,0.26666668,0.18933333,Manitoba
2023-03-11 00:00:00+00:00,-5.8357773,7.366667,0.18933333,Manitoba
2023-03-12 00:00:00+00:00,-9.314944,1.8333335,0.18933333,Manitoba
2023-03-13 00:00:00+00:00,-16.177444,0.0,0.18933333,Manitoba
2023-03-14 00:00:00+00:00,-7.8823066,0.0,0.18933333,Manitoba
2023-03-15 00:00:00+00:00,-5.5434165,0.4,0.18933333,Manitoba
2023-03-16 00:00:00+00:00,-7.9600844,0.23333335,0.18933333,Manitoba
2023-03-17 00:00:00+00:00,-14.723972,0.0,0.18933333,Manitoba
2023-03-18 00:00:00+00:00,-15.480222,0.0,0.18933333,Manitoba
2023-03-19 00:00:00+00:00,-8.58439,0.0,0.18933333,Manitoba
2023-03-20 00:00:00+00:00,-12.071194,0.0,0.18933333,Manitoba
2023-03-21 00:00:00+00:00,-11.682305,0.16666667,0.18933333,Manitoba
2023-03-22 00:00:00+00:00,-8.703835,0.26666668,0.18933333,Manitoba
2023-03-23 00:00:00+00:00,-8.187861,0.0,0.18933333,Manitoba
2023-03-24 00:00:00+00:00,-5.277445,0.0,0.18933333,Manitoba
2023-03-25 00:00:00+00:00,-6.128139,0.0,0.189375,Manitoba
2023-03-26 00:00:00+00:00,-9.164945,0.033333335,0.18966664,Manitoba
2023-03-27 00:00:00+00:00,-10.956612,0.33333334,0.18999998,Manitoba
2023-03-28 00:00:00+00:00,-13.099667,0.13333334,0.18999998,Manitoba
2023-03-29 00:00:00+00:00,-10.908695,0.0,0.18999998,Manitoba
2023-03-30 00:00:00+00:00,-6.864945,0.0,0.19005553,Manitoba
2023-03-31 00:00:00+00:00,-5.742722,0.0,0.1913472,Manitoba
2023-04-01 00:00:00+00:00,-5.369806,0.0,0.19261116,Manitoba
2023-04-02 00:00:00+00:00,-2.1906388,5.1333337,0.19745834,Manitoba
2023-04-03 00:00:00+00:00,-7.1343894,3.5999997,0.19883333,Manitoba
2023-04-04 00:00:00+00:00,-10.098973,0.0,0.199,Manitoba
2023-04-05 00:00:00+00:00,-6.847584,3.6000001,0.19933331,Manitoba
2023-04-06 00:00:00+00:00,-6.47814,0.5666667,0.19938886,Manitoba
2023-04-07 00:00:00+00:00,-8.551055,0.0,0.20058334,Manitoba
2023-04-08 00:00:00+00:00,-3.1704998,0.0,0.20134719,Manitoba
2023-04-09 00:00:00+00:00,1.8822778,0.0,0.20495832,Manitoba
2023-04-10 00:00:00+00:00,6.4246387,0.0,0.21584721,Manitoba
2023-04-11 00:00:00+00:00,7.989222,0.0,0.24209726,Manitoba
2023-04-12 00:00:00+00:00,7.8308887,0.29999998,0.25077775,Manitoba
2023-04-13 00:00:00+00:00,3.3711672,0.6333334,0.25377783,Manitoba
2023-04-14 00:00:00+00:00,3.0913055,1.4666667,0.25898612,Manitoba
2023-04-15 00:00:00+00:00,2.6163056,0.06666667,0.2614861,Manitoba
2023-04-16 00:00:00+00:00,2.9545,0.0,0.26073614,Manitoba
2023-04-17 00:00:00+00:00,3.378111,0.0,0.25662503,Manitoba
2023-04-18 00:00:00+00:00,2.5760279,0.3,0.25279164,Manitoba
2023-04-19 00:00:00+00:00,1.0010278,7.566667,0.24855559,Manitoba
2023-04-20 00:00:00+00:00,-0.014249961,13.633334,0.24723612,Manitoba
2023-04-21 00:00:00+00:00,-1.1024444,6.633333,0.24659717,Manitoba
2023-04-22 00:00:00+00:00,-1.3205,0.0,0.24524999,Manitoba
2023-04-23 00:00:00+00:00,-0.581611,0.16666667,0.24518055,Manitoba
2023-04-24 00:00:00+00:00,0.38505563,0.0,0.24513888,Manitoba
2023-04-25 00:00:00+00:00,1.1801944,0.0,0.24595833,Manitoba
2023-04-26 00:00:00+00:00,5.0975556,2.1000001,0.2446667,Manitoba
2023-04-27 00:00:00+00:00,6.0086665,1.0333333,0.24479167,Manitoba
2023-04-28 00:00:00+00:00,4.8156114,0.6666667,0.2461111,Manitoba
2023-04-29 00:00:00+00:00,5.757278,3.3,0.2428611,Manitoba
2023-04-30 00:00:00+00:00,5.1301937,0.06666667,0.24138887,Manitoba
2023-05-01 00:00:00+00:00,5.414917,0.0,0.2373889,Manitoba
2023-05-02 00:00:00+00:00,7.0795,0.0,0.23095833,Manitoba
2023-05-03 00:00:00+00:00,12.66214,0.0,0.21640278,Manitoba
2023-05-04 00:00:00+00:00,12.464917,0.0,0.20274997,Manitoba
2023-05-05 00:00:00+00:00,10.848945,0.23333335,0.19522221,Manitoba
2023-05-06 00:00:00+00:00,11.297554,0.33333334,0.18998611,Manitoba
2023-05-07 00:00:00+00:00,11.9795,0.3,0.18650001,Manitoba
2023-05-08 00:00:00+00:00,10.519082,2.3999999,0.18076389,Manitoba
2023-05-09 00:00:00+00:00,10.427417,0.13333334,0.17861111,Manitoba
2023-05-10 00:00:00+00:00,15.240611,5.266667,0.17383333,Manitoba
2023-05-11 00:00:00+00:00,15.277417,0.033333335,0.1688472,Manitoba
2023-05-12 00:00:00+00:00,14.762139,12.400001,0.16577779,Manitoba
2023-05-13 00:00:00+00:00,13.323944,5.466667,0.20249999,Manitoba
2023-05-14 00:00:00+00:00,13.919778,0.0,0.20529167,Manitoba
2023-05-15 00:00:00+00:00,17.105194,0.0,0.19044445,Manitoba
2023-05-16 00:00:00+00:00,19.019777,0.0,0.17815278,Manitoba
2023-05-17 00:00:00+00:00,16.496859,5.5333333,0.17108335,Manitoba
2023-05-18 00:00:00+00:00,7.991305,3.933334,0.16880555,Manitoba
2023-05-19 00:00:00+00:00,9.813528,0.3,0.17137499,Manitoba
2023-05-20 00:00:00+00:00,15.678807,0.0,0.16329166,Manitoba
2023-05-21 00:00:00+00:00,14.936444,0.0,0.1537361,Manitoba
2023-05-22 00:00:00+00:00,16.702417,0.0,0.15501389,Manitoba
2023-05-23 00:00:00+00:00,19.155195,0.0,0.14579166,Manitoba
2023-05-24 00:00:00+00:00,16.181583,0.76666665,0.14083333,Manitoba
2023-05-25 00:00:00+00:00,20.697554,0.73333335,0.14245833,Manitoba
2023-05-26 00:00:00+00:00,22.623941,1.7333335,0.13387501,Manitoba
2023-05-27 00:00:00+00:00,20.564917,11.366666,0.13758335,Manitoba
2023-05-28 00:00:00+00:00,22.157278,3.7333333,0.15408333,Manitoba
2023-05-29 00:00:00+00:00,20.201723,5.0333333,0.16434722,Manitoba
2023-05-30 00:00:00+00:00,18.790611,2.4333332,0.167125,Manitoba
2023-05-31 00:00:00+00:00,20.143389,0.4,0.16397221,Manitoba
2023-06-01 00:00:00+00:00,20.99339,4.5000005,0.1650833,Manitoba
2023-06-02 00:00:00+00:00,23.243387,1.2666668,0.16348611,Manitoba
2023-06-03 00:00:00+00:00,24.501724,0.033333335,0.158125,Manitoba
2023-06-04 00:00:00+00:00,25.08853,4.133333,0.15006946,Manitoba
2023-06-05 00:00:00+00:00,24.089914,2.6666667,0.13879167,Manitoba
2023-06-06 00:00:00+00:00,24.652418,8.566667,0.13518055,Manitoba
2023-06-07 00:00:00+00:00,24.485748,1.8000001,0.12543057,Manitoba
2023-06-08 00:00:00+00:00,22.647558,6.933334,0.12541668,Manitoba
2023-06-09 00:00:00+00:00,20.47186,1.3666667,0.15133333,Manitoba
2023-06-10 00:00:00+00:00,16.544083,0.0,0.1645,Manitoba
2023-06-11 00:00:00+00:00,16.039917,0.0,0.16173612,Manitoba
2023-06-12 00:00:00+00:00,20.305887,0.0,0.15512498,Manitoba
2023-06-13 00:00:00+00:00,21.598944,0.90000004,0.15380555,Manitoba
2023-06-14 00:00:00+00:00,19.239916,0.033333335,0.15245833,Manitoba
2023-06-15 00:00:00+00:00,18.444778,0.26666668,0.15434723,Manitoba
2023-06-16 00:00:00+00:00,17.765612,1.5666667,0.15847221,Manitoba
2023-06-17 00:00:00+00:00,17.351723,0.033333335,0.16318057,Manitoba
2023-06-18 00:00:00+00:00,20.17811,0.2,0.15918057,Manitoba
2023-06-19 00:00:00+00:00,22.888527,0.56666666,0.15213887,Manitoba
2023-06-20 00:00:00+00:00,21.87811,12.533333,0.15488888,Manitoba
2023-06-21 00:00:00+00:00,20.985056,4.1333337,0.15733333,Manitoba
2023-06-22 00:00:00+00:00,18.598251,5.233333,0.15870832,Manitoba
2023-06-23 00:00:00+00:00,18.056581,0.033333335,0.15751389,Manitoba
2023-06-24 00:00:00+00:00,18.617,0.13333334,0.1567361,Manitoba
2023-06-25 00:00:00+00:00,20.057974,0.0,0.156125,Manitoba
2023-06-26 00:00:00+00:00,19.91422,9.1,0.15431945,Manitoba
2023-06-27 00:00:00+00:00,19.398252,7.0,0.1630417,Manitoba
2023-06-28 00:00:00+00:00,19.551027,3.0666668,0.17829163,Manitoba
2023-06-29 00:00:00+00:00,19.050333,1.1333334,0.18220834,Manitoba
2023-06-30 00:00:00+00:00,20.435055,0.0,0.1804861,Manitoba
2023-07-01 00:00:00+00:00,21.87464,1.0333333,0.1752361,Manitoba
2023-07-02 00:00:00+00:00,24.023249,1.3333334,0.16788888,Manitoba
2023-07-03 00:00:00+00:00,19.151724,0.06666667,0.16581947,Manitoba
2023-07-04 00:00:00+00:00,16.133667,0.4333333,0.16555554,Manitoba
2023-07-05 00:00:00+00:00,13.547557,0.2,0.16769445,Manitoba
2023-07-06 00:00:00+00:00,17.158667,3.0333335,0.1659167,Manitoba
2023-07-07 00:00:00+00:00,17.148249,0.13333334,0.16209722,Manitoba
2023-07-08 00:00:00+00:00,16.269777,0.4,0.15993057,Manitoba
2023-07-09 00:00:00+00:00,20.230194,2.3666668,0.15994446,Manitoba
2023-07-10 00:00:00+00:00,17.013529,0.26666668,0.16072221,Manitoba
2023-07-11 00:00:00+00:00,14.51839,0.0,0.16045831,Manitoba
2023-07-12 00:00:00+00:00,15.156585,0.36666667,0.16087501,Manitoba
2023-07-13 00:00:00+00:00,18.511444,2.4333332,0.16433331,Manitoba
2023-07-14 00:00:00+00:00,18.739918,1.7666668,0.16822223,Manitoba
2023-07-15 00:00:00+00:00,15.403806,0.86666673,0.17255555,Manitoba
2023-07-16 00:00:00+00:00,15.089916,0.3,0.16968055,Manitoba
2023-07-17 00:00:00+00:00,15.596862,0.13333334,0.16761112,Manitoba
2023-07-18 00:00:00+00:00,17.663528,3.9000003,0.16355556,Manitoba
2023-07-19 00:00:00+00:00,17.59964,4.566666,0.17123611,Manitoba
2023-07-20 00:00:00+00:00,18.424639,0.2,0.17983334,Manitoba
2023-07-21 00:00:00+00:00,19.448944,0.73333335,0.17269444,Manitoba
2023-07-22 00:00:00+00:00,20.776722,0.16666667,0.1672778,Manitoba
2023-07-23 00:00:00+00:00,21.162834,1.4333334,0.16783333,Manitoba
2023-07-24 00:00:00+00:00,21.782278,0.033333335,0.16386111,Manitoba
2023-07-25 00:00:00+00:00,25.350332,0.13333334,0.15326387,Manitoba
2023-07-26 00:00:00+00:00,24.189917,0.06666667,0.15356945,Manitoba
2023-07-27 00:00:00+00:00,21.16561,0.0,0.14583333,Manitoba
2023-07-28 00:00:00+00:00,17.76978,0.36666667,0.14176391,Manitoba
2023-07-29 00:00:00+00:00,15.798945,0.0,0.14802778,Manitoba
2023-07-30 00:00:00+00:00,19.153807,0.0,0.1491111,Manitoba
2023-07-31 00:00:00+00:00,21.225334,0.06666667,0.1458611,Manitoba
2023-08-01 00:00:00+00:00,23.30797,0.86666673,0.14233334,Manitoba
2023-08-02 00:00:00+00:00,23.050333,0.0,0.13922222,Manitoba
2023-08-03 00:00:00+00:00,23.367697,0.0,0.13383333,Manitoba
2023-08-04 00:00:00+00:00,23.540611,0.0,0.13602777,Manitoba
2023-08-05 00:00:00+00:00,21.991304,0.0,0.14218056,Manitoba
2023-08-06 00:00:00+00:00,19.907972,0.0,0.14131944,Manitoba
2023-08-07 00:00:00+00:00,19.364225,0.53333336,0.14055556,Manitoba
2023-08-08 00:00:00+00:00,19.019083,1.6666666,0.14043057,Manitoba
2023-08-09 00:00:00+00:00,16.590612,0.43333337,0.14204167,Manitoba
2023-08-10 00:00:00+00:00,14.621166,8.266667,0.15140277,Manitoba
2023-08-11 00:00:00+00:00,16.323946,9.400001,0.17066665,Manitoba
2023-08-12 00:00:00+00:00,16.582972,1.4333334,0.19475001,Manitoba
2023-08-13 00:00:00+00:00,16.765612,4.0000005,0.20254166,Manitoba
2023-08-14 00:00:00+00:00,17.923944,0.033333335,0.20199998,Manitoba
2023-08-15 00:00:00+00:00,21.417694,0.0,0.19190276,Manitoba
2023-08-16 00:00:00+00:00,20.77186,2.8999999,0.18434721,Manitoba
2023-08-17 00:00:00+00:00,17.278112,0.0,0.18223612,Manitoba
2023-08-18 00:00:00+00:00,21.674639,0.0,0.1752361,Manitoba
2023-08-19 00:00:00+00:00,21.263529,0.2,0.17218055,Manitoba
2023-08-20 00:00:00+00:00,15.778806,0.0,0.17422223,Manitoba
2023-08-21 00:00:00+00:00,15.593389,7.8666663,0.17480552,Manitoba
2023-08-22 00:00:00+00:00,16.358665,4.0000005,0.18094444,Manitoba
2023-08-23 00:00:00+00:00,18.884361,5.7999997,0.19197221,Manitoba
2023-08-24 00:00:00+00:00,20.220472,0.53333336,0.20550002,Manitoba
2023-08-25 00:00:00+00:00,17.801723,0.53333336,0.20573609,Manitoba
2023-08-26 00:00:00+00:00,15.677417,0.16666667,0.20662498,Manitoba
2023-08-27 00:00:00+00:00,19.427416,0.13333334,0.2031111,Manitoba
2023-08-28 00:00:00+00:00,19.470472,0.2,0.18980555,Manitoba
2023-08-29 00:00:00+00:00,19.967001,0.0,0.18209724,Manitoba
2023-08-30 00:00:00+00:00,18.571861,0.0,0.17570834,Manitoba
2023-08-31 00:00:00+00:00,21.175333,8.0,0.1821111,Manitoba
2023-09-01 00:00:00+00:00,20.425331,0.06666667,0.20037502,Manitoba
2023-09-02 00:00:00+00:00,23.082277,0.0,0.19376387,Manitoba
2023-09-03 00:00:00+00:00,21.728807,0.0,0.17783333,Manitoba
2023-09-04 00:00:00+00:00,22.205889,5.933333,0.1691389,Manitoba
2023-09-05 00:00:00+00:00,16.016306,5.966667,0.17098612,Manitoba
2023-09-06 00:00:00+00:00,13.019082,0.0,0.17494445,Manitoba
2023-09-07 00:00:00+00:00,16.57464,1.9333334,0.1722639,Manitoba
2023-09-08 00:00:00+00:00,16.372557,0.59999996,0.17556946,Manitoba
2023-09-09 00:00:00+00:00,15.628112,0.06666667,0.17205556,Manitoba
2023-09-10 00:00:00+00:00,14.791306,0.86666673,0.16394445,Manitoba
2023-09-11 00:00:00+00:00,13.405193,4.066666,0.16172224,Manitoba
2023-09-12 00:00:00+00:00,10.774639,0.0,0.16183333,Manitoba
2023-09-13 00:00:00+00:00,14.417,0.0,0.15670834,Manitoba
2023-09-14 00:00:00+00:00,17.278109,1.0,0.15193057,Manitoba
2023-09-15 00:00:00+00:00,14.466306,1.9000001,0.15265277,Manitoba
2023-09-16 00:00:00+00:00,12.814916,0.06666667,0.15458333,Manitoba
2023-09-17 00:00:00+00:00,13.997556,0.0,0.15544446,Manitoba
2023-09-18 00:00:00+00:00,19.123945,0.0,0.14797221,Manitoba
2023-09-19 00:00:00+00:00,18.76214,0.0,0.1405,Manitoba
2023-09-20 00:00:00+00:00,15.021861,0.5,0.13623612,Manitoba
2023-09-21 00:00:00+00:00,14.419778,0.0,0.13572223,Manitoba
2023-09-22 00:00:00+00:00,14.367694,1.6999999,0.1358611,Manitoba
2023-09-23 00:00:00+00:00,15.932279,4.4,0.13823615,Manitoba
2023-09-24 00:00:00+00:00,15.676721,3.5999997,0.14955555,Manitoba
2023-09-25 00:00:00+00:00,15.204499,0.26666668,0.15418054,Manitoba
2023-09-26 00:00:00+00:00,14.681582,0.16666667,0.15766667,Manitoba
2023-09-27 00:00:00+00:00,16.100332,0.0,0.15888889,Manitoba
2023-09-28 00:00:00+00:00,17.444082,5.7666664,0.16022223,Manitoba
2023-09-29 00:00:00+00:00,14.274639,0.0,0.1666389,Manitoba
2023-09-30 00:00:00+00:00,14.410056,0.033333335,0.1635139,Manitoba
2023-10-01 00:00:00+00:00,16.086445,2.8333333,0.15923609,Manitoba
2023-10-02 00:00:00+00:00,14.877418,5.566667,0.16259725,Manitoba
2023-10-03 00:00:00+00:00,14.242695,19.433334,0.1748889,Manitoba
2023-10-04 00:00:00+00:00,10.412833,3.9000003,0.26445833,Manitoba
2023-10-05 00:00:00+00:00,8.839916,6.166666,0.2720139,Manitoba
2023-10-06 00:00:00+00:00,5.191305,2.6999998,0.27658334,Manitoba
2023-10-07 00:00:00+00:00,6.1024165,0.0,0.27254167,Manitoba
2023-10-08 00:00:00+00:00,8.919084,0.033333335,0.26316664,Manitoba
2023-10-09 00:00:00+00:00,6.4635277,0.0,0.25433335,Manitoba
2023-10-10 00:00:00+00:00,5.3371387,0.0,0.24711113,Manitoba
2023-10-11 00:00:00+00:00,5.3753333,0.0,0.23834723,Manitoba
2023-10-12 00:00:00+00:00,8.212139,0.0,0.23604171,Manitoba
2023-10-13 00:00:00+00:00,7.9989448,0.06666667,0.23315279,Manitoba
2023-10-14 00:00:00+00:00,8.082278,0.23333335,0.2311805,Manitoba
2023-10-15 00:00:00+00:00,7.0836663,0.0,0.2292778,Manitoba
2023-10-16 00:00:00+00:00,7.4051948,0.0,0.22363888,Manitoba
2023-10-17 00:00:00+00:00,9.778806,1.4333334,0.21298611,Manitoba
2023-10-18 00:00:00+00:00,10.876027,0.06666667,0.20531945,Manitoba
2023-10-19 00:00:00+00:00,9.867694,0.033333335,0.2035278,Manitoba
2023-10-20 00:00:00+00:00,10.907277,0.0,0.1966389,Manitoba
2023-10-21 00:00:00+00:00,10.255194,0.033333335,0.1931528,Manitoba
2023-10-22 00:00:00+00:00,9.41075,0.76666665,0.19288887,Manitoba
2023-10-23 00:00:00+00:00,7.501721,1.5333333,0.19154167,Manitoba
2023-10-24 00:00:00+00:00,1.3010278,2.5,0.19701391,Manitoba
2023-10-25 00:00:00+00:00,-1.7823057,4.9333334,0.20045835,Manitoba
2023-10-26 00:00:00+00:00,-3.6621666,3.9333334,0.20155556,Manitoba
2023-10-27 00:00:00+00:00,-4.565639,5.833334,0.2018611,Manitoba
2023-10-28 00:00:00+00:00,-5.078139,0.033333335,0.2016667,Manitoba
2023-10-29 00:00:00+00:00,-6.623278,0.3,0.2016667,Manitoba
2023-10-30 00:00:00+00:00,-4.143417,2.0333333,0.20133336,Manitoba
2023-10-31 00:00:00+00:00,-8.933001,0.0,0.20130558,Manitoba
2023-11-01 00:00:00+00:00,-3.1038332,0.2,0.20041667,Manitoba
2023-11-02 00:00:00+00:00,-1.7989721,0.0,0.20033334,Manitoba
2023-11-03 00:00:00+00:00,-1.6343889,0.0,0.20012502,Manitoba
2023-11-04 00:00:00+00:00,-1.7996664,0.33333334,0.19955552,Manitoba
2023-11-05 00:00:00+00:00,-0.035777774,3.033333,0.1996389,Manitoba
2023-11-06 00:00:00+00:00,0.026027774,1.9666666,0.20198612,Manitoba
2023-11-07 00:00:00+00:00,-0.56702775,2.8,0.20427775,Manitoba
2023-11-08 00:00:00+00:00,0.44408336,3.0666664,0.20594443,Manitoba
2023-11-09 00:00:00+00:00,0.14755554,3.5666664,0.20759721,Manitoba
2023-11-10 00:00:00+00:00,-0.69272226,0.53333336,0.20836113,Manitoba
2023-11-11 00:00:00+00:00,-1.9357778,0.0,0.20895834,Manitoba
2023-11-12 00:00:00+00:00,1.9614445,0.70000005,0.20887502,Manitoba
2023-11-13 00:00:00+00:00,1.3072778,0.0,0.21187502,Manitoba
2023-11-14 00:00:00+00:00,3.1218612,0.0,0.21416669,Manitoba
2023-11-15 00:00:00+00:00,0.9420001,0.0,0.21531941,Manitoba
2023-11-16 00:00:00+00:00,-0.61216664,3.8,0.21512496,Manitoba
2023-11-17 00:00:00+00:00,-0.9573056,0.0,0.21563888,Manitoba
2023-11-18 00:00:00+00:00,0.58575004,0.0,0.21558332,Manitoba
2023-11-19 00:00:00+00:00,1.1822778,0.0,0.21529166,Manitoba
2023-11-20 00:00:00+00:00,2.1253335,0.06666667,0.21516669,Manitoba
2023-11-21 00:00:00+00:00,-1.8211943,0.0,0.21547224,Manitoba
2023-11-22 00:00:00+00:00,-2.0323055,0.0,0.21555555,Manitoba
2023-11-23 00:00:00+00:00,-9.904529,0.0,0.21524997,Manitoba
2023-11-24 00:00:00+00:00,-9.532306,0.0,0.21470828,Manitoba
2023-11-25 00:00:00+00:00,-4.6191106,0.06666667,0.21388888,Manitoba
2023-11-26 00:00:00+00:00,-5.3809166,0.86666673,0.21325003,Manitoba
2023-11-27 00:00:00+00:00,-10.15175,0.1,0.2124445,Manitoba
2023-11-28 00:00:00+00:00,-2.2677224,0.23333335,0.21179171,Manitoba
2023-11-29 00:00:00+00:00,-0.05661108,0.0,0.21086109,Manitoba
2023-11-30 00:00:00+00:00,-1.35175,0.16666667,0.2104861,Manitoba
2023-12-01 00:00:00+00:00,-3.460083,0.13333334,0.20976388,Manitoba
2023-12-02 00:00:00+00:00,-2.842722,0.06666667,0.20920835,Manitoba
2023-12-03 00:00:00+00:00,-4.1156387,0.0,0.2087778,Manitoba
2023-12-04 00:00:00+00:00,-5.30175,0.13333334,0.20797224,Manitoba
2023-12-05 00:00:00+00:00,-4.378139,0.0,0.20750003,Manitoba
2023-12-06 00:00:00+00:00,2.3760278,0.0,0.20683335,Manitoba
2023-12-07 00:00:00+00:00,1.4906111,0.06666667,0.20666666,Manitoba
2023-12-08 00:00:00+00:00,0.5767222,12.233333,0.20847224,Manitoba
2023-12-09 00:00:00+00:00,-3.980222,1.0333333,0.21150003,Manitoba
2023-12-10 00:00:00+00:00,-7.6732783,0.0,0.21197228,Manitoba
2023-12-11 00:00:00+00:00,-5.308,0.0,0.21180554,Manitoba
2023-12-12 00:00:00+00:00,-8.85175,0.033333335,0.2110972,Manitoba
2023-12-13 00:00:00+00:00,-4.988556,0.0,0.21041663,Manitoba
2023-12-14 00:00:00+00:00,0.15797214,0.0,0.20986111,Manitoba
2023-12-15 00:00:00+00:00,-3.1225832,0.0,0.2092917,Manitoba
2023-12-16 00:00:00+00:00,-5.4364734,0.033333335,0.20881946,Manitoba
2023-12-17 00:00:00+00:00,-2.8364723,0.73333335,0.20822227,Manitoba
2023-12-18 00:00:00+00:00,-8.962166,0.0,0.20773615,Manitoba
2023-12-19 00:00:00+00:00,-4.7079997,0.0,0.20712496,Manitoba
2023-12-20 00:00:00+00:00,-6.117722,0.6,0.20674996,Manitoba
2023-12-21 00:00:00+00:00,-2.0073054,0.0,0.20622218,Manitoba
2023-12-22 00:00:00+00:00,-5.4732776,0.0,0.20568053,Manitoba
2023-12-23 00:00:00+00:00,-2.358,0.0,0.20543055,Manitoba
2023-12-24 00:00:00+00:00,-2.5524442,0.36666667,0.20520835,Manitoba
2023-12-25 00:00:00+00:00,-9.184389,0.0,0.2044028,Manitoba
2023-12-26 00:00:00+00:00,-8.794111,0.0,0.2042778,Manitoba
2023-12-27 00:00:00+00:00,-8.002444,0.0,0.20400004,Manitoba
2023-12-28 00:00:00+00:00,-7.28925,0.0,0.20340282,Manitoba
2023-12-29 00:00:00+00:00,-2.1934166,0.0,0.20300001,Manitoba
2023-12-30 00:00:00+00:00,-4.6475835,0.033333335,0.20300001,Manitoba
2023-12-31 00:00:00+00:00,-9.415639,0.0,0.20265277,Manitoba
2024-01-01 00:00:00+00:00,-4.469111,0.06666667,0.20233329,Manitoba
2024-01-02 00:00:00+00:00,-2.337861,0.33333334,0.20193051,Manitoba
2024-01-03 00:00:00+00:00,-7.912861,0.23333335,0.20166664,Manitoba
2024-01-04 00:00:00+00:00,-9.656611,0.0,0.20166664,Manitoba
2024-01-05 00:00:00+00:00,-6.109389,1.1666666,0.20116664,Manitoba
2024-01-06 00:00:00+00:00,-10.842723,1.8666667,0.20095831,Manitoba
2024-01-07 00:00:00+00:00,-14.508,0.1,0.20066667,Manitoba
2024-01-08 00:00:00+00:00,-14.891334,1.7666669,0.20061111,Manitoba
2024-01-09 00:00:00+00:00,-17.192028,0.0,0.20022225,Manitoba
2024-01-10 00:00:00+00:00,-10.51286,2.7000005,0.20000003,Manitoba
2024-01-11 00:00:00+00:00,-18.994806,2.866666,0.20000003,Manitoba
2024-01-12 00:00:00+00:00,-23.704529,0.53333336,0.20000003,Manitoba
2024-01-13 00:00:00+00:00,-24.166336,2.7666664,0.19965279,Manitoba
2024-01-14 00:00:00+00:00,-25.918417,0.0,0.19933335,Manitoba
2024-01-15 00:00:00+00:00,-23.766333,0.36666667,0.19933335,Manitoba
2024-01-16 00:00:00+00:00,-20.089945,0.3,0.19933335,Manitoba
2024-01-17 00:00:00+00:00,-17.988556,0.13333334,0.19920833,Manitoba
2024-01-18 00:00:00+00:00,-21.300362,0.36666667,0.199,Manitoba
2024-01-19 00:00:00+00:00,-18.273972,0.36666667,0.199,Manitoba
2024-01-20 00:00:00+00:00,-19.024668,0.2,0.199,Manitoba
2024-01-21 00:00:00+00:00,-11.655223,0.033333335,0.199,Manitoba
2024-01-22 00:00:00+00:00,-11.012166,2.3666668,0.199,Manitoba
2024-01-23 00:00:00+00:00,-9.296889,0.033333335,0.199,Manitoba
2024-01-24 00:00:00+00:00,-4.119111,0.0,0.199,Manitoba
2024-01-25 00:00:00+00:00,-3.70175,0.0,0.199,Manitoba
2024-01-26 00:00:00+00:00,-2.98925,0.0,0.199,Manitoba
2024-01-27 00:00:00+00:00,-4.3663335,0.0,0.199,Manitoba
2024-01-28 00:00:00+00:00,-2.5725832,0.0,0.19902778,Manitoba
2024-01-29 00:00:00+00:00,1.0183889,0.0,0.19950001,Manitoba
2024-01-30 00:00:00+00:00,-1.1531388,0.0,0.20002778,Manitoba
2024-01-31 00:00:00+00:00,3.5142221,0.0,0.20444445,Manitoba
2024-02-01 00:00:00+00:00,-0.9573055,0.0,0.21355553,Manitoba
2024-02-02 00:00:00+00:00,0.32741666,0.0,0.21550001,Manitoba
2024-02-03 00:00:00+00:00,1.5044999,0.0,0.2191111,Manitoba
2024-02-04 00:00:00+00:00,1.8003334,0.0,0.22761111,Manitoba
2024-02-05 00:00:00+00:00,1.484361,0.1,0.23648609,Manitoba
2024-02-06 00:00:00+00:00,0.6947778,0.33333334,0.24380559,Manitoba
2024-02-07 00:00:00+00:00,-0.25938895,0.9666667,0.2463472,Manitoba
2024-02-08 00:00:00+00:00,-2.2475834,9.933333,0.24706948,Manitoba
2024-02-09 00:00:00+00:00,-5.8767495,0.53333336,0.24736114,Manitoba
2024-02-10 00:00:00+00:00,-4.205917,0.3666667,0.24766672,Manitoba
2024-02-11 00:00:00+00:00,-6.605917,0.2,0.24766672,Manitoba
2024-02-12 00:00:00+00:00,-4.621889,0.033333335,0.24722224,Manitoba
2024-02-13 00:00:00+00:00,-5.614945,2.1666667,0.24700002,Manitoba
2024-02-14 00:00:00+00:00,-6.898972,0.033333335,0.24700002,Manitoba
2024-02-15 00:00:00+00:00,-14.003833,0.1,0.24677773,Manitoba
2024-02-16 00:00:00+00:00,-17.339945,0.1,0.24666663,Manitoba
2024-02-17 00:00:00+00:00,-5.6392503,0.0,0.24666663,Manitoba
2024-02-18 00:00:00+00:00,-6.6080003,0.0,0.24640274,Manitoba
2024-02-19 00:00:00+00:00,-8.237166,0.0,0.246,Manitoba
2024-02-20 00:00:00+00:00,-8.773278,0.0,0.246,Manitoba
2024-02-21 00:00:00+00:00,-4.8607774,0.1,0.246,Manitoba
2024-02-22 00:00:00+00:00,-3.1073048,0.0,0.24602778,Manitoba
2024-02-23 00:00:00+00:00,-6.481611,0.1,0.24633332,Manitoba
2024-02-24 00:00:00+00:00,-1.5878607,0.23333333,0.24638887,Manitoba
2024-02-25 00:00:00+00:00,-3.5941114,0.0,0.24852781,Manitoba
2024-02-26 00:00:00+00:00,-2.450361,2.3666666,0.2501389,Manitoba
2024-02-27 00:00:00+00:00,-16.46425,1.0000001,0.2503611,Manitoba
2024-02-28 00:00:00+00:00,-19.119112,0.0,0.25033334,Manitoba
2024-02-29 00:00:00+00:00,-10.838555,0.5,0.25034723,Manitoba
2024-03-01 00:00:00+00:00,-1.655222,0.23333333,0.25073615,Manitoba
2024-03-02 00:00:00+00:00,-8.546889,0.0,0.2510139,Manitoba
2024-03-03 00:00:00+00:00,-6.4239717,13.166667,0.25100002,Manitoba
2024-03-04 00:00:00+00:00,-12.485778,6.0,0.25115278,Manitoba
2024-03-05 00:00:00+00:00,-18.944807,0.0,0.25133333,Manitoba
2024-03-06 00:00:00+00:00,-14.521889,6.5333333,0.25133333,Manitoba
2024-03-07 00:00:00+00:00,-11.330223,1.6666666,0.25133333,Manitoba
2024-03-08 00:00:00+00:00,-15.16286,0.0,0.25133333,Manitoba
2024-03-09 00:00:00+00:00,-12.823277,0.0,0.25133333,Manitoba
2024-03-10 00:00:00+00:00,-2.1864724,0.0,0.25133333,Manitoba
2024-03-11 00:00:00+00:00,-0.07258326,0.2,0.25133333,Manitoba
2024-03-12 00:00:00+00:00,-1.2302222,0.0,0.25237498,Manitoba
2024-03-13 00:00:00+00:00,0.6878333,1.1333333,0.25656947,Manitoba
2024-03-14 00:00:00+00:00,-0.08994443,1.9666666,0.27051392,Manitoba
2024-03-15 00:00:00+00:00,0.6336668,0.0,0.27693054,Manitoba
2024-03-16 00:00:00+00:00,-0.9760556,0.53333336,0.29315278,Manitoba
2024-03-17 00:00:00+00:00,-9.125361,0.0,0.2941666,Manitoba
2024-03-18 00:00:00+00:00,-4.7114725,0.0,0.29301387,Manitoba
2024-03-19 00:00:00+00:00,-0.6336945,0.0,0.30261114,Manitoba
2024-03-20 00:00:00+00:00,-11.227444,0.0,0.30237505,Manitoba
2024-03-21 00:00:00+00:00,-10.201751,0.0,0.30100003,Manitoba
2024-03-22 00:00:00+00:00,-9.843417,0.0,0.3004584,Manitoba
2024-03-23 00:00:00+00:00,-11.9823065,0.0,0.30006948,Manitoba
2024-03-24 00:00:00+00:00,-9.410777,0.26666668,0.29975,Manitoba
2024-03-25 00:00:00+00:00,-9.015637,0.0,0.29955557,Manitoba
2024-03-26 00:00:00+00:00,-12.323277,0.1,0.29933333,Manitoba
2024-03-27 00:00:00+00:00,-10.191333,0.033333335,0.29933333,Manitoba
2024-03-28 00:00:00+00:00,-7.7823052,0.0,0.29934722,Manitoba
2024-03-29 00:00:00+00:00,-1.9600834,4.0333333,0.29966667,Manitoba
2024-03-30 00:00:00+00:00,-1.2711945,0.26666668,0.29958335,Manitoba
2024-03-31 00:00:00+00:00,-6.3545284,0.0,0.29909727,Manitoba
2024-04-01 00:00:00+00:00,-2.7531385,0.0,0.29886115,Manitoba
2024-04-02 00:00:00+00:00,2.412139,0.06666667,0.29997227,Manitoba
2024-04-03 00:00:00+00:00,0.66561115,0.0,0.30325004,Manitoba
2024-04-04 00:00:00+00:00,3.3663054,0.0,0.30306947,Manitoba
2024-04-05 00:00:00+00:00,5.4968605,0.0,0.29763892,Manitoba
2024-04-06 00:00:00+00:00,7.6170006,0.06666667,0.29424998,Manitoba
2024-04-07 00:00:00+00:00,6.6572776,0.0,0.28795835,Manitoba
2024-04-08 00:00:00+00:00,5.069083,0.0,0.28,Manitoba
2024-04-09 00:00:00+00:00,5.6926937,0.0,0.27323613,Manitoba
2024-04-10 00:00:00+00:00,7.364222,5.6666665,0.26516667,Manitoba
2024-04-11 00:00:00+00:00,6.3294997,0.9333334,0.26195827,Manitoba
2024-04-12 00:00:00+00:00,4.4045,0.033333335,0.26201388,Manitoba
2024-04-13 00:00:00+00:00,11.047555,0.5,0.25813887,Manitoba
2024-04-14 00:00:00+00:00,9.018389,0.0,0.25372222,Manitoba
2024-04-15 00:00:00+00:00,9.627416,0.7,0.25186113,Manitoba
2024-04-16 00:00:00+00:00,7.0107503,10.466666,0.25766665,Manitoba
2024-04-17 00:00:00+00:00,5.0913053,2.7333329,0.2914583,Manitoba
2024-04-18 00:00:00+00:00,0.64269465,2.8999996,0.29016665,Manitoba
2024-04-19 00:00:00+00:00,-1.6149445,0.8333335,0.28348613,Manitoba
2024-04-20 00:00:00+00:00,0.97047204,0.0,0.2782361,Manitoba
2024-04-21 00:00:00+00:00,5.3871384,0.0,0.27249998,Manitoba
2024-04-22 00:00:00+00:00,8.830195,1.7999998,0.26251388,Manitoba
2024-04-23 00:00:00+00:00,5.932972,0.56666666,0.25630555,Manitoba
2024-04-24 00:00:00+00:00,8.478806,0.0,0.24631946,Manitoba
2024-04-25 00:00:00+00:00,13.432971,0.1,0.23084722,Manitoba
2024-04-26 00:00:00+00:00,13.490611,7.7000003,0.21480554,Manitoba
2024-04-27 00:00:00+00:00,7.517695,1.1333333,0.22050004,Manitoba
2024-04-28 00:00:00+00:00,4.38575,0.0,0.220625,Manitoba
2024-04-29 00:00:00+00:00,5.246861,1.0333334,0.21904166,Manitoba
2024-04-30 00:00:00+00:00,5.616305,0.13333334,0.21781944,Manitoba
2024-05-01 00:00:00+00:00,8.180195,4.4999995,0.21934722,Manitoba
2024-05-02 00:00:00+00:00,6.871861,4.3666663,0.22530554,Manitoba
2024-05-03 00:00:00+00:00,6.4968605,8.2,0.24755555,Manitoba
2024-05-04 00:00:00+00:00,6.8628335,4.1333327,0.2663889,Manitoba
2024-05-05 00:00:00+00:00,8.717694,0.0,0.26484722,Manitoba
2024-05-06 00:00:00+00:00,12.876721,3.0,0.25355557,Manitoba
2024-05-07 00:00:00+00:00,11.757972,19.5,0.2892361,Manitoba
2024-05-08 00:00:00+00:00,12.69825,0.9333334,0.30441666,Manitoba
2024-05-09 00:00:00+00:00,12.98714,0.0,0.28691664,Manitoba
2024-05-10 00:00:00+00:00,14.326027,0.16666667,0.26680553,Manitoba
2024-05-11 00:00:00+00:00,15.730195,0.26666668,0.24868058,Manitoba
2024-05-12 00:00:00+00:00,13.7857485,0.0,0.23225002,Manitoba
2024-05-13 00:00:00+00:00,8.030889,3.2333336,0.22606945,Manitoba
2024-05-14 00:00:00+00:00,9.117,8.866667,0.22368056,Manitoba
2024-05-15 00:00:00+00:00,10.176028,2.033333,0.23249996,Manitoba
2024-05-16 00:00:00+00:00,12.33089,1.6666666,0.23227781,Manitoba
2024-05-17 00:00:00+00:00,15.414916,0.36666667,0.22711115,Manitoba
2024-05-18 00:00:00+00:00,11.925334,8.866668,0.2316528,Manitoba
2024-05-19 00:00:00+00:00,11.570473,0.033333335,0.23776388,Manitoba
2024-05-20 00:00:00+00:00,11.5669985,2.6,0.23688889,Manitoba
2024-05-21 00:00:00+00:00,11.567695,0.4666667,0.23436113,Manitoba
2024-05-22 00:00:00+00:00,11.084361,0.6333334,0.23040278,Manitoba
2024-05-23 00:00:00+00:00,9.679501,2.2666664,0.2262361,Manitoba
2024-05-24 00:00:00+00:00,6.280194,24.300001,0.24787499,Manitoba
2024-05-25 00:00:00+00:00,5.269778,6.433334,0.30763888,Manitoba
2024-05-26 00:00:00+00:00,9.276722,0.06666667,0.30075,Manitoba
2024-05-27 00:00:00+00:00,11.719777,1.8000001,0.28723612,Manitoba
2024-05-28 00:00:00+00:00,10.193389,1.7333332,0.27888888,Manitoba
2024-05-29 00:00:00+00:00,13.592694,0.0,0.26913887,Manitoba
2024-05-30 00:00:00+00:00,17.119778,5.066666,0.2550139,Manitoba
2024-05-31 00:00:00+00:00,13.685055,0.9666667,0.2547222,Manitoba
2024-06-01 00:00:00+00:00,14.130195,0.9666667,0.25048614,Manitoba
2024-06-02 00:00:00+00:00,16.1545,3.5333335,0.23619442,Manitoba
2024-06-03 00:00:00+00:00,15.417694,0.2,0.23093057,Manitoba
2024-06-04 00:00:00+00:00,16.854502,20.733334,0.24519444,Manitoba
2024-06-05 00:00:00+00:00,15.401028,1.3333334,0.25101388,Manitoba
2024-06-06 00:00:00+00:00,13.769775,0.50000006,0.2462361,Manitoba
2024-06-07 00:00:00+00:00,14.17186,0.23333333,0.23831944,Manitoba
2024-06-08 00:00:00+00:00,14.0801935,0.1,0.22705555,Manitoba
2024-06-09 00:00:00+00:00,12.291306,0.0,0.21647222,Manitoba
2024-06-10 00:00:00+00:00,12.389222,5.3666663,0.20716666,Manitoba
2024-06-11 00:00:00+00:00,15.248944,4.8666663,0.22972222,Manitoba
2024-06-12 00:00:00+00:00,17.220472,2.4333334,0.2353611,Manitoba
2024-06-13 00:00:00+00:00,15.338527,1.4,0.23201388,Manitoba
2024-06-14 00:00:00+00:00,16.756584,0.76666665,0.23172224,Manitoba
2024-06-15 00:00:00+00:00,20.0795,0.16666667,0.22087498,Manitoba
2024-06-16 00:00:00+00:00,18.401028,10.933334,0.22815275,Manitoba
2024-06-17 00:00:00+00:00,13.5545,0.96666664,0.23929167,Manitoba
2024-06-18 00:00:00+00:00,11.841305,12.833336,0.25854167,Manitoba
2024-06-19 00:00:00+00:00,12.244778,1.1666666,0.2690972,Manitoba
2024-06-20 00:00:00+00:00,15.919778,0.33333334,0.26019445,Manitoba
2024-06-21 00:00:00+00:00,17.311445,0.2,0.24631946,Manitoba
2024-06-22 00:00:00+00:00,17.049639,16.233332,0.25498614,Manitoba
2024-06-23 00:00:00+00:00,16.427418,0.4,0.25616667,Manitoba
2024-06-24 00:00:00+00:00,21.215612,2.0,0.24945833,Manitoba
2024-06-25 00:00:00+00:00,18.635056,2.1000001,0.2373889,Manitoba
2024-06-26 00:00:00+00:00,15.037833,4.166667,0.2486111,Manitoba
2024-06-27 00:00:00+00:00,15.973946,1.6999999,0.24609722,Manitoba
2024-06-28 00:00:00+00:00,15.494777,32.766666,0.2922639,Manitoba
2024-06-29 00:00:00+00:00,12.438529,1.9666666,0.31733334,Manitoba
2024-06-30 00:00:00+00:00,13.627418,0.0,0.296625,Manitoba
2024-07-01 00:00:00+00:00,18.118391,2.6666667,0.27793056,Manitoba
2024-07-02 00:00:00+00:00,16.558167,4.7000003,0.32303572,Saskatchewan
2024-07-03 00:00:00+00:00,17.052214,1.2428571,0.31801787,Saskatchewan
2024-07-04 00:00:00+00:00,17.086142,6.071429,0.3127559,Saskatchewan
2024-07-05 00:00:00+00:00,17.450428,2.4285715,0.3105238,Saskatchewan
2024-07-06 00:00:00+00:00,18.043583,2.4,0.30451784,Saskatchewan
2024-07-07 00:00:00+00:00,18.76382,0.62857145,0.2977738,Saskatchewan
2024-07-08 00:00:00+00:00,19.902212,0.071428575,0.28756547,Saskatchewan
2024-07-09 00:00:00+00:00,21.783764,0.8,0.27660117,Saskatchewan
2024-07-10 00:00:00+00:00,23.189117,0.042857144,0.2664762,Saskatchewan
2024-07-11 00:00:00+00:00,25.687927,0.10000001,0.2579881,Saskatchewan
2024-07-12 00:00:00+00:00,23.442392,2.1,0.24486311,Saskatchewan
2024-07-13 00:00:00+00:00,20.611738,0.9428572,0.24402976,Saskatchewan
2024-07-14 00:00:00+00:00,19.311737,4.0571427,0.24304166,Saskatchewan
2024-07-15 00:00:00+00:00,17.525726,2.0285714,0.24488096,Saskatchewan
2024-07-16 00:00:00+00:00,18.620966,0.12857144,0.24527976,Saskatchewan
2024-07-17 00:00:00+00:00,19.526917,0.057142857,0.23907736,Saskatchewan
2024-07-18 00:00:00+00:00,22.356678,0.042857144,0.2351131,Saskatchewan
2024-07-19 00:00:00+00:00,23.901917,0.5285714,0.22936906,Saskatchewan
2024-07-20 00:00:00+00:00,24.164415,0.31428573,0.2274762,Saskatchewan
2024-07-21 00:00:00+00:00,23.319773,0.18571427,0.22830953,Saskatchewan
2024-07-22 00:00:00+00:00,22.590609,1.2142857,0.23413096,Saskatchewan
2024-07-23 00:00:00+00:00,22.24537,0.27142859,0.23845832,Saskatchewan
2024-07-24 00:00:00+00:00,24.36144,0.0,0.23955357,Saskatchewan
2024-07-25 00:00:00+00:00,26.312332,0.028571429,0.23577976,Saskatchewan
2024-07-26 00:00:00+00:00,21.842987,0.15714286,0.23955953,Saskatchewan
2024-07-27 00:00:00+00:00,19.438227,0.42857143,0.24122024,Saskatchewan
2024-07-28 00:00:00+00:00,18.85132,0.08571429,0.24395834,Saskatchewan
2024-07-29 00:00:00+00:00,21.370367,0.028571429,0.24074404,Saskatchewan
2024-07-30 00:00:00+00:00,22.34537,0.94285715,0.23210715,Saskatchewan
2024-07-31 00:00:00+00:00,21.678404,0.014285714,0.22696428,Saskatchewan
2024-08-01 00:00:00+00:00,23.088821,0.0,0.21875595,Saskatchewan
2024-08-02 00:00:00+00:00,22.53168,0.014285714,0.21183927,Saskatchewan
2024-08-03 00:00:00+00:00,21.050726,0.45714286,0.20768452,Saskatchewan
2024-08-04 00:00:00+00:00,19.298344,3.7571428,0.20500597,Saskatchewan
2024-08-05 00:00:00+00:00,18.11025,1.3,0.21242261,Saskatchewan
2024-08-06 00:00:00+00:00,17.519773,7.157143,0.21842858,Saskatchewan
2024-08-07 00:00:00+00:00,15.239417,0.4,0.22863097,Saskatchewan
2024-08-08 00:00:00+00:00,13.214714,0.071428575,0.23162498,Saskatchewan
2024-08-09 00:00:00+00:00,14.756976,0.028571429,0.23185714,Saskatchewan
2024-08-10 00:00:00+00:00,15.981977,0.014285714,0.22883333,Saskatchewan
2024-08-11 00:00:00+00:00,17.254595,0.0,0.2230893,Saskatchewan
2024-08-12 00:00:00+00:00,19.257275,0.1,0.21538691,Saskatchewan
2024-08-13 00:00:00+00:00,20.908762,0.2,0.21005952,Saskatchewan
2024-08-14 00:00:00+00:00,21.542095,5.5285716,0.2035595,Saskatchewan
2024-08-15 00:00:00+00:00,20.238821,0.24285714,0.2056607,Saskatchewan
2024-08-16 00:00:00+00:00,19.209059,0.042857144,0.20584524,Saskatchewan
2024-08-17 00:00:00+00:00,19.048048,0.37142858,0.20587502,Saskatchewan
2024-08-18 00:00:00+00:00,20.690012,6.428571,0.21959521,Saskatchewan
2024-08-19 00:00:00+00:00,23.05043,0.27142856,0.2292024,Saskatchewan
2024-08-20 00:00:00+00:00,23.885252,1.2142856,0.22526786,Saskatchewan
2024-08-21 00:00:00+00:00,22.620667,0.5714286,0.22172023,Saskatchewan
2024-08-22 00:00:00+00:00,19.538225,5.0,0.21845241,Saskatchewan
2024-08-23 00:00:00+00:00,19.401026,0.014285714,0.2182857,Saskatchewan
2024-08-24 00:00:00+00:00,22.045668,9.17143,0.2195774,Saskatchewan
2024-08-25 00:00:00+00:00,20.200726,2.6571429,0.22376192,Saskatchewan
2024-08-26 00:00:00+00:00,17.249239,0.057142857,0.22635712,Saskatchewan
2024-08-27 00:00:00+00:00,18.905489,0.24285717,0.2236488,Saskatchewan
2024-08-28 00:00:00+00:00,17.202808,1.9571427,0.2193869,Saskatchewan
2024-08-29 00:00:00+00:00,13.521856,5.0142856,0.22130954,Saskatchewan
2024-08-30 00:00:00+00:00,17.791203,0.071428575,0.22828571,Saskatchewan
2024-08-31 00:00:00+00:00,17.89388,0.028571429,0.22263096,Saskatchewan
2024-09-01 00:00:00+00:00,16.927214,0.0,0.21897617,Saskatchewan
2024-09-02 00:00:00+00:00,20.601025,0.0,0.21183334,Saskatchewan
2024-09-03 00:00:00+00:00,21.24269,0.014285714,0.20388095,Saskatchewan
2024-09-04 00:00:00+00:00,17.854,0.67142856,0.19924998,Saskatchewan
2024-09-05 00:00:00+00:00,13.68644,0.08571429,0.2014226,Saskatchewan
2024-09-06 00:00:00+00:00,15.396857,0.0,0.20104167,Saskatchewan
2024-09-07 00:00:00+00:00,19.869474,0.0,0.19664286,Saskatchewan
2024-09-08 00:00:00+00:00,21.145964,0.0,0.18575001,Saskatchewan
2024-09-09 00:00:00+00:00,22.621262,0.0,0.18020238,Saskatchewan
2024-09-10 00:00:00+00:00,19.017988,0.014285714,0.17882738,Saskatchewan
2024-09-11 00:00:00+00:00,15.702513,1.5857143,0.18240476,Saskatchewan
2024-09-12 00:00:00+00:00,16.616201,13.757143,0.19169047,Saskatchewan
2024-09-13 00:00:00+00:00,15.867095,4.8142858,0.22217263,Saskatchewan
2024-09-14 00:00:00+00:00,15.3706665,0.9714285,0.23914881,Saskatchewan
2024-09-15 00:00:00+00:00,16.08763,0.0,0.23739882,Saskatchewan
2024-09-16 00:00:00+00:00,16.404892,0.071428575,0.23192263,Saskatchewan
2024-09-17 00:00:00+00:00,18.091501,0.40000004,0.22682738,Saskatchewan
2024-09-18 00:00:00+00:00,18.029596,12.814286,0.2322738,Saskatchewan
2024-09-19 00:00:00+00:00,15.7522135,13.842857,0.27751786,Saskatchewan
2024-09-20 00:00:00+00:00,12.5197735,1.5285714,0.29032737,Saskatchewan
2024-09-21 00:00:00+00:00,10.698642,0.8714286,0.29366666,Saskatchewan
2024-09-22 00:00:00+00:00,10.546559,0.0,0.29349402,Saskatchewan
2024-09-23 00:00:00+00:00,13.336143,1.7714285,0.2884107,Saskatchewan
2024-09-24 00:00:00+00:00,14.8882265,0.0,0.28480357,Saskatchewan
2024-09-25 00:00:00+00:00,19.090607,0.0,0.2725119,Saskatchewan
2024-09-26 00:00:00+00:00,20.154297,0.25714287,0.25905952,Saskatchewan
2024-09-27 00:00:00+00:00,15.505785,0.0,0.2553869,Saskatchewan
2024-09-28 00:00:00+00:00,15.2039995,0.0,0.2474107,Saskatchewan
2024-09-29 00:00:00+00:00,18.118584,0.10000001,0.23848811,Saskatchewan
2024-09-30 00:00:00+00:00,12.048345,3.9428575,0.2347143,Saskatchewan
2024-10-01 00:00:00+00:00,9.174536,0.014285714,0.23544046,Saskatchewan
2024-10-02 00:00:00+00:00,10.23912,1.9,0.23558334,Saskatchewan
2024-10-03 00:00:00+00:00,6.0200715,0.042857144,0.23827381,Saskatchewan
2024-10-04 00:00:00+00:00,7.096559,0.0,0.24103573,Saskatchewan
2024-10-05 00:00:00+00:00,10.475726,3.957143,0.24414285,Saskatchewan
2024-10-06 00:00:00+00:00,8.142691,0.0,0.2545536,Saskatchewan
2024-10-07 00:00:00+00:00,10.570666,0.042857144,0.25165477,Saskatchewan
2024-10-08 00:00:00+00:00,11.842394,0.0,0.24655952,Saskatchewan
2024-10-09 00:00:00+00:00,12.9956665,0.0,0.23867856,Saskatchewan
2024-10-10 00:00:00+00:00,11.295369,0.94285715,0.23432736,Saskatchewan
2024-10-11 00:00:00+00:00,7.562928,0.0,0.2345595,Saskatchewan
2024-10-12 00:00:00+00:00,8.25519,0.48571426,0.23516665,Saskatchewan
2024-10-13 00:00:00+00:00,4.8626313,0.0,0.23646426,Saskatchewan
2024-10-14 00:00:00+00:00,6.612333,0.0,0.23609522,Saskatchewan
2024-10-15 00:00:00+00:00,8.729297,0.0,0.23400596,Saskatchewan
2024-10-16 00:00:00+00:00,10.977511,0.0,0.23291071,Saskatchewan
2024-10-17 00:00:00+00:00,10.436143,0.6857143,0.23067857,Saskatchewan
2024-10-18 00:00:00+00:00,5.7376313,0.014285714,0.23232141,Saskatchewan
2024-10-19 00:00:00+00:00,9.518881,0.14285715,0.23303571,Saskatchewan
2024-10-20 00:00:00+00:00,12.524536,0.0,0.22990476,Saskatchewan
2024-10-21 00:00:00+00:00,11.623643,0.1,0.22738096,Saskatchewan
2024-10-22 00:00:00+00:00,4.0721545,3.442857,0.22576785,Saskatchewan
2024-10-23 00:00:00+00:00,3.3420951,0.014285714,0.22919048,Saskatchewan
2024-10-24 00:00:00+00:00,2.753107,0.22857143,0.23189287,Saskatchewan
2024-10-25 00:00:00+00:00,2.41025,0.0,0.23358333,Saskatchewan
2024-10-26 00:00:00+00:00,2.7522142,0.0,0.23316072,Saskatchewan
2024-10-27 00:00:00+00:00,4.820667,0.0,0.23266666,Saskatchewan
2024-10-28 00:00:00+00:00,7.952809,0.2857143,0.23054762,Saskatchewan
2024-10-29 00:00:00+00:00,2.1864405,0.84285706,0.2279643,Saskatchewan
2024-10-30 00:00:00+00:00,-0.031714268,0.0,0.22758333,Saskatchewan
2024-10-31 00:00:00+00:00,0.3453691,0.0,0.22692856,Saskatchewan
2024-11-01 00:00:00+00:00,1.08525,0.0,0.22588095,Saskatchewan
2024-11-02 00:00:00+00:00,0.82394046,0.0,0.22580954,Saskatchewan
2024-11-03 00:00:00+00:00,2.1048927,0.0,0.22577979,Saskatchewan
2024-11-04 00:00:00+00:00,0.049833298,0.028571429,0.22510119,Saskatchewan
2024-11-05 00:00:00+00:00,0.35667852,3.1714287,0.22516073,Saskatchewan
2024-11-06 00:00:00+00:00,-1.2471905,1.3285714,0.22504763,Saskatchewan
2024-11-07 00:00:00+00:00,2.764119,0.0,0.22483929,Saskatchewan
2024-11-08 00:00:00+00:00,3.0763214,0.0,0.22446431,Saskatchewan
2024-11-09 00:00:00+00:00,5.853702,0.0,0.2235357,Saskatchewan
2024-11-10 00:00:00+00:00,2.1426904,1.6285716,0.22202377,Saskatchewan
2024-11-11 00:00:00+00:00,0.71114296,0.0,0.22164284,Saskatchewan
2024-11-12 00:00:00+00:00,3.8787024,0.0,0.20458928,Saskatchewan
2024-11-13 00:00:00+00:00,1.3275119,0.08571429,0.1843274,Saskatchewan
2024-11-14 00:00:00+00:00,3.0007262,2.2428572,0.18364881,Saskatchewan
2024-11-15 00:00:00+00:00,1.5233452,0.071428575,0.1846131,Saskatchewan
2024-11-16 00:00:00+00:00,-0.7233809,3.857143,0.18721427,Saskatchewan
2024-11-17 00:00:00+00:00,-0.32308325,0.18571429,0.1892619,Saskatchewan
2024-11-18 00:00:00+00:00,0.5388214,0.8428572,0.18978572,Saskatchewan
2024-11-19 00:00:00+00:00,-2.4760594,11.885715,0.18952382,Saskatchewan
2024-11-20 00:00:00+00:00,-8.661476,2.785714,0.19085121,Saskatchewan
2024-11-21 00:00:00+00:00,-9.010286,0.88571423,0.19170834,Saskatchewan
2024-11-22 00:00:00+00:00,-9.0427265,0.71428573,0.19195832,Saskatchewan
2024-11-23 00:00:00+00:00,-10.951952,4.2999997,0.191875,Saskatchewan
2024-11-24 00:00:00+00:00,-10.509988,8.571429,0.19178568,Saskatchewan
2024-11-25 00:00:00+00:00,-17.299572,0.3,0.19148214,Saskatchewan
2024-11-26 00:00:00+00:00,-19.033499,0.61428577,0.19119047,Saskatchewan
2024-11-27 00:00:00+00:00,-14.455821,0.8285715,0.19090477,Saskatchewan
2024-11-28 00:00:00+00:00,-18.010286,0.114285715,0.19050597,Saskatchewan
2024-11-29 00:00:00+00:00,-23.97695,0.0,0.19023812,Saskatchewan
2024-11-30 00:00:00+00:00,-22.166534,0.042857144,0.18998806,Saskatchewan
2024-12-01 00:00:00+00:00,-18.612965,2.4714284,0.18976189,Saskatchewan
2024-12-02 00:00:00+00:00,-19.141537,0.071428575,0.18955354,Saskatchewan
2024-12-03 00:00:00+00:00,-6.598083,0.042857144,0.18924405,Saskatchewan
2024-12-04 00:00:00+00:00,-11.545703,0.24285714,0.18896428,Saskatchewan
2024-12-05 00:00:00+00:00,-12.350761,0.12857144,0.18876192,Saskatchewan
2024-12-06 00:00:00+00:00,-3.507607,0.0,0.18857145,Saskatchewan
2024-12-07 00:00:00+00:00,0.18644044,0.014285714,0.1884286,Saskatchewan
2024-12-08 00:00:00+00:00,-0.034392837,10.085714,0.19016667,Saskatchewan
2024-12-09 00:00:00+00:00,-4.9019523,1.5714284,0.19466667,Saskatchewan
2024-12-10 00:00:00+00:00,-10.244215,1.0285715,0.19550002,Saskatchewan
2024-12-11 00:00:00+00:00,-21.94332,0.57142866,0.1954762,Saskatchewan
2024-12-12 00:00:00+00:00,-23.066833,0.12857144,0.19514288,Saskatchewan
2024-12-13 00:00:00+00:00,-13.820703,0.0,0.19480953,Saskatchewan
2024-12-14 00:00:00+00:00,-8.55225,0.014285714,0.19455357,Saskatchewan
2024-12-15 00:00:00+00:00,-3.5971904,0.7571429,0.19426191,Saskatchewan
2024-12-16 00:00:00+00:00,-8.669214,0.8571429,0.19400595,Saskatchewan
2024-12-17 00:00:00+00:00,-13.47725,0.028571429,0.19379759,Saskatchewan
2024-12-18 00:00:00+00:00,-21.573084,3.9714286,0.1933869,Saskatchewan
2024-12-19 00:00:00+00:00,-19.396893,5.285714,0.19320238,Saskatchewan
2024-12-20 00:00:00+00:00,-18.285883,2.142857,0.19295834,Saskatchewan
2024-12-21 00:00:00+00:00,-9.459096,0.1,0.19278572,Saskatchewan
2024-12-22 00:00:00+00:00,-9.868025,0.057142857,0.19258335,Saskatchewan
2024-12-23 00:00:00+00:00,-7.6891546,0.0,0.19242859,Saskatchewan
2024-12-24 00:00:00+00:00,-5.011178,0.0,0.19242859,Saskatchewan
2024-12-25 00:00:00+00:00,-0.69510716,0.0,0.19251192,Saskatchewan
2024-12-26 00:00:00+00:00,-6.7049284,0.0,0.19285715,Saskatchewan
2024-12-27 00:00:00+00:00,-4.699571,1.6714287,0.19279763,Saskatchewan
2024-12-28 00:00:00+00:00,-4.157607,0.6571428,0.19277382,Saskatchewan
2024-12-29 00:00:00+00:00,-10.920404,0.0,0.19251788,Saskatchewan
2024-12-30 00:00:00+00:00,-8.8689165,0.014285714,0.19225001,Saskatchewan
2024-07-02 00:00:00+00:00,16.193583,2.46,0.33209166,Alberta
2024-07-03 00:00:00+00:00,15.017334,4.5,0.33745003,Alberta
2024-07-04 00:00:00+00:00,15.738584,2.78,0.35355002,Alberta
2024-07-05 00:00:00+00:00,17.47025,0.02,0.3458,Alberta
2024-07-06 00:00:00+00:00,18.354832,1.0799999,0.33529168,Alberta
2024-07-07 00:00:00+00:00,18.81525,0.0,0.32575002,Alberta
2024-07-08 00:00:00+00:00,22.190666,0.08,0.31605834,Alberta
2024-07-09 00:00:00+00:00,23.617748,0.0,0.30740836,Alberta
2024-07-10 00:00:00+00:00,24.9715,0.0,0.29864997,Alberta
2024-07-11 00:00:00+00:00,24.27775,0.120000005,0.29028335,Alberta
2024-07-12 00:00:00+00:00,19.975666,1.4599999,0.2855917,Alberta
2024-07-13 00:00:00+00:00,18.249834,1.74,0.28375,Alberta
2024-07-14 00:00:00+00:00,17.896084,1.54,0.28069168,Alberta
2024-07-15 00:00:00+00:00,19.031918,0.78000003,0.2806833,Alberta
2024-07-16 00:00:00+00:00,21.662752,1.1600001,0.27356666,Alberta
2024-07-17 00:00:00+00:00,22.571499,0.5,0.26508334,Alberta
2024-07-18 00:00:00+00:00,23.735668,0.24000001,0.258375,Alberta
2024-07-19 00:00:00+00:00,24.3515,1.36,0.25525004,Alberta
2024-07-20 00:00:00+00:00,22.848166,0.93999994,0.26579165,Alberta
2024-07-21 00:00:00+00:00,23.759834,0.04,0.27007502,Alberta
2024-07-22 00:00:00+00:00,25.478167,0.0,0.27197498,Alberta
2024-07-23 00:00:00+00:00,24.260666,1.18,0.27749166,Alberta
2024-07-24 00:00:00+00:00,21.6415,4.3799996,0.28095,Alberta
2024-07-25 00:00:00+00:00,18.883999,12.0199995,0.305225,Alberta
2024-07-26 00:00:00+00:00,15.390249,8.9,0.32652497,Alberta
2024-07-27 00:00:00+00:00,16.22525,3.1,0.32930002,Alberta
2024-07-28 00:00:00+00:00,18.536083,0.060000002,0.3251583,Alberta
2024-07-29 00:00:00+00:00,20.089832,1.16,0.31699997,Alberta
2024-07-30 00:00:00+00:00,18.824417,0.54,0.3093583,Alberta
2024-07-31 00:00:00+00:00,20.309834,1.1600001,0.30323333,Alberta
2024-08-01 00:00:00+00:00,19.620667,0.04,0.2971417,Alberta
2024-08-02 00:00:00+00:00,20.47108,0.02,0.29013336,Alberta
2024-08-03 00:00:00+00:00,19.489416,0.48000002,0.2836,Alberta
2024-08-04 00:00:00+00:00,18.717749,0.46000004,0.28191668,Alberta
2024-08-05 00:00:00+00:00,16.697332,26.019999,0.30359998,Alberta
2024-08-06 00:00:00+00:00,15.353999,2.2400002,0.32927498,Alberta
2024-08-07 00:00:00+00:00,14.756083,5.92,0.33785,Alberta
2024-08-08 00:00:00+00:00,14.529001,0.2,0.3439333,Alberta
2024-08-09 00:00:00+00:00,15.762751,0.0,0.33704168,Alberta
2024-08-10 00:00:00+00:00,17.0465,0.0,0.32888335,Alberta
2024-08-11 00:00:00+00:00,18.217333,0.0,0.31910834,Alberta
2024-08-12 00:00:00+00:00,18.851917,1.6200001,0.30836666,Alberta
2024-08-13 00:00:00+00:00,18.578583,0.82,0.3002833,Alberta
2024-08-14 00:00:00+00:00,18.346916,0.30000004,0.29326668,Alberta
2024-08-15 00:00:00+00:00,17.680668,0.32,0.29223332,Alberta
2024-08-16 00:00:00+00:00,17.314001,8.84,0.29059997,Alberta
2024-08-17 00:00:00+00:00,16.531918,5.2400002,0.30046666,Alberta
2024-08-18 00:00:00+00:00,16.297333,0.38000005,0.30186665,Alberta
2024-08-19 00:00:00+00:00,19.349834,2.1799998,0.30061668,Alberta
2024-08-20 00:00:00+00:00,20.094833,0.0,0.2954917,Alberta
2024-08-21 00:00:00+00:00,17.552334,1.28,0.28962502,Alberta
2024-08-22 00:00:00+00:00,14.919415,1.2599999,0.2878583,Alberta
2024-08-23 00:00:00+00:00,17.436499,0.0,0.2885,Alberta
2024-08-24 00:00:00+00:00,17.68775,11.82,0.28873333,Alberta
2024-08-25 00:00:00+00:00,14.652333,2.86,0.29790834,Alberta
2024-08-26 00:00:00+00:00,16.314415,0.120000005,0.29772502,Alberta
2024-08-27 00:00:00+00:00,18.2565,0.46000004,0.29324165,Alberta
2024-08-28 00:00:00+00:00,12.928166,17.68,0.30146667,Alberta
2024-08-29 00:00:00+00:00,14.70775,3.3799999,0.35455838,Alberta
2024-08-30 00:00:00+00:00,15.954417,0.0,0.35495836,Alberta
2024-08-31 00:00:00+00:00,16.150665,0.0,0.34560832,Alberta
2024-09-01 00:00:00+00:00,18.236916,0.0,0.3349,Alberta
2024-09-02 00:00:00+00:00,19.825249,0.04,0.31909168,Alberta
2024-09-03 00:00:00+00:00,18.40025,2.3799999,0.30511665,Alberta
2024-09-04 00:00:00+00:00,15.249001,0.4,0.30045834,Alberta
2024-09-05 00:00:00+00:00,14.913167,0.0,0.29815,Alberta
2024-09-06 00:00:00+00:00,18.893583,0.0,0.289575,Alberta
2024-09-07 00:00:00+00:00,20.22525,0.0,0.27985,Alberta
2024-09-08 00:00:00+00:00,20.086918,0.0,0.2730833,Alberta
2024-09-09 00:00:00+00:00,19.310665,0.08,0.26940835,Alberta
2024-09-10 00:00:00+00:00,12.701083,0.08,0.27097505,Alberta
2024-09-11 00:00:00+00:00,12.866084,2.4199998,0.271225,Alberta
2024-09-12 00:00:00+00:00,12.204834,6.2400002,0.276925,Alberta
2024-09-13 00:00:00+00:00,11.916084,9.540001,0.29475835,Alberta
2024-09-14 00:00:00+00:00,12.5765,0.78000003,0.31086668,Alberta
2024-09-15 00:00:00+00:00,11.959833,2.1399999,0.31170833,Alberta
2024-09-16 00:00:00+00:00,12.857333,0.0,0.30959165,Alberta
2024-09-17 00:00:00+00:00,13.6414995,0.78000003,0.30150002,Alberta
2024-09-18 00:00:00+00:00,14.261917,0.0,0.29555005,Alberta
2024-09-19 00:00:00+00:00,12.961082,0.120000005,0.292,Alberta
2024-09-20 00:00:00+00:00,10.272751,5.5199995,0.28865832,Alberta
2024-09-21 00:00:00+00:00,7.768584,0.14,0.2986917,Alberta
2024-09-22 00:00:00+00:00,12.905667,0.65999997,0.29986668,Alberta
2024-09-23 00:00:00+00:00,12.950666,2.3200002,0.29885,Alberta
2024-09-24 00:00:00+00:00,17.258167,0.0,0.29578334,Alberta
2024-09-25 00:00:00+00:00,18.12525,0.4,0.28751665,Alberta
2024-09-26 00:00:00+00:00,14.369415,2.3600001,0.28319997,Alberta
2024-09-27 00:00:00+00:00,13.227333,1.3599999,0.28731665,Alberta
2024-09-28 00:00:00+00:00,10.822751,0.0,0.28642502,Alberta
2024-09-29 00:00:00+00:00,10.413166,3.0800002,0.28575832,Alberta
2024-09-30 00:00:00+00:00,6.854,2.1399999,0.293425,Alberta
2024-10-01 00:00:00+00:00,8.4019165,3.08,0.29621667,Alberta
2024-10-02 00:00:00+00:00,6.5635834,2.4599998,0.3064,Alberta
2024-10-03 00:00:00+00:00,4.2419167,0.14000002,0.308175,Alberta
2024-10-04 00:00:00+00:00,7.1152506,0.76,0.30653328,Alberta
2024-10-05 00:00:00+00:00,7.696916,1.0,0.30688334,Alberta
2024-10-06 00:00:00+00:00,9.766916,0.0,0.3047583,Alberta
2024-10-07 00:00:00+00:00,11.304417,0.2,0.297775,Alberta
2024-10-08 00:00:00+00:00,12.424001,0.16000001,0.28924167,Alberta
2024-10-09 00:00:00+00:00,10.413583,0.1,0.28791666,Alberta
2024-10-10 00:00:00+00:00,7.4960833,0.1,0.28911668,Alberta
2024-10-11 00:00:00+00:00,5.8869166,0.26,0.28666666,Alberta
2024-10-12 00:00:00+00:00,4.5465,0.0,0.2850667,Alberta
2024-10-13 00:00:00+00:00,8.003584,0.0,0.28059167,Alberta
2024-10-14 00:00:00+00:00,11.929418,0.08,0.27381667,Alberta
2024-10-15 00:00:00+00:00,11.17025,0.36,0.2707417,Alberta
2024-10-16 00:00:00+00:00,9.177751,1.48,0.26849166,Alberta
2024-10-17 00:00:00+00:00,6.422333,1.9200001,0.27385834,Alberta
2024-10-18 00:00:00+00:00,4.26525,0.02,0.27718335,Alberta
2024-10-19 00:00:00+00:00,7.2464995,1.22,0.27769998,Alberta
2024-10-20 00:00:00+00:00,7.9310827,2.5,0.27775833,Alberta
2024-10-21 00:00:00+00:00,3.2435832,2.8799999,0.28060833,Alberta
2024-10-22 00:00:00+00:00,-0.30183345,0.34,0.28401667,Alberta
2024-10-23 00:00:00+00:00,3.4331665,0.02,0.28614998,Alberta
2024-10-24 00:00:00+00:00,3.5385833,0.34,0.28435,Alberta
2024-10-25 00:00:00+00:00,1.3785833,0.0,0.28248334,Alberta
2024-10-26 00:00:00+00:00,3.3485837,0.060000002,0.28056666,Alberta
2024-10-27 00:00:00+00:00,5.0565,0.66,0.2791167,Alberta
2024-10-28 00:00:00+00:00,2.7377503,0.56000006,0.27795,Alberta
2024-10-29 00:00:00+00:00,0.3769166,1.04,0.28059167,Alberta
2024-10-30 00:00:00+00:00,0.15233335,0.0,0.28194168,Alberta
2024-10-31 00:00:00+00:00,-0.93266666,0.0,0.28377497,Alberta
2024-11-01 00:00:00+00:00,-1.1526666,0.0,0.28329998,Alberta
2024-11-02 00:00:00+00:00,-0.7009999,0.38000003,0.28354162,Alberta
2024-11-03 00:00:00+00:00,-0.78975,0.22,0.28271666,Alberta
2024-11-04 00:00:00+00:00,0.36108333,0.3,0.28210002,Alberta
2024-11-05 00:00:00+00:00,0.5994166,2.5400002,0.28148335,Alberta
2024-11-06 00:00:00+00:00,0.17191672,0.2,0.280825,Alberta
2024-11-07 00:00:00+00:00,5.7398334,1.1200001,0.2814583,Alberta
2024-11-08 00:00:00+00:00,5.7544165,0.0,0.282375,Alberta
2024-11-09 00:00:00+00:00,4.7819166,0.3,0.2834,Alberta
2024-11-10 00:00:00+00:00,0.16441664,1.5000001,0.28521672,Alberta
2024-11-11 00:00:00+00:00,1.4365,0.0,0.28587502,Alberta
2024-11-12 00:00:00+00:00,2.3335834,0.65999997,0.26163334,Alberta
2024-11-13 00:00:00+00:00,0.24316673,0.86,0.23290002,Alberta
2024-11-14 00:00:00+00:00,0.8702501,0.65999997,0.233025,Alberta
2024-11-15 00:00:00+00:00,-1.1580833,0.42000002,0.23308334,Alberta
2024-11-16 00:00:00+00:00,-1.4805834,0.40000004,0.2330167,Alberta
2024-11-17 00:00:00+00:00,1.1652501,1.04,0.23328336,Alberta
2024-11-18 00:00:00+00:00,-2.6039166,1.86,0.23423333,Alberta
2024-11-19 00:00:00+00:00,-6.0885,1.0800002,0.234575,Alberta
2024-11-20 00:00:00+00:00,-9.635167,0.26,0.23446664,Alberta
2024-11-21 00:00:00+00:00,-10.420584,2.48,0.23415835,Alberta
2024-11-22 00:00:00+00:00,-13.049749,1.12,0.23386669,Alberta
2024-11-23 00:00:00+00:00,-12.005583,8.46,0.2334083,Alberta
2024-11-24 00:00:00+00:00,-14.519751,1.5599998,0.23304161,Alberta
2024-11-25 00:00:00+00:00,-18.1485,0.36000004,0.23274994,Alberta
2024-11-26 00:00:00+00:00,-15.95975,0.08,0.23256664,Alberta
2024-11-27 00:00:00+00:00,-13.498083,0.22,0.23240831,Alberta
2024-11-28 00:00:00+00:00,-19.200167,0.120000005,0.23223332,Alberta
2024-11-29 00:00:00+00:00,-18.815586,1.46,0.23211665,Alberta
2024-11-30 00:00:00+00:00,-17.95225,2.06,0.2319583,Alberta
2024-12-01 00:00:00+00:00,-22.211,0.56000006,0.23171663,Alberta
2024-12-02 00:00:00+00:00,-13.626834,0.14,0.23162499,Alberta
2024-12-03 00:00:00+00:00,0.32650003,0.14,0.23198333,Alberta
2024-12-04 00:00:00+00:00,-8.2335,3.2400002,0.2324833,Alberta
2024-12-05 00:00:00+00:00,-4.300167,0.1,0.23244163,Alberta
2024-12-06 00:00:00+00:00,2.2219167,0.060000002,0.23608331,Alberta
2024-12-07 00:00:00+00:00,1.6152499,0.65999997,0.24531665,Alberta
2024-12-08 00:00:00+00:00,0.29025012,7.5200005,0.24764165,Alberta
2024-12-09 00:00:00+00:00,-3.428083,1.06,0.24945001,Alberta
2024-12-10 00:00:00+00:00,-7.420167,0.70000005,0.2498833,Alberta
2024-12-11 00:00:00+00:00,-8.059333,1.2,0.24967499,Alberta
2024-12-12 00:00:00+00:00,-8.15975,0.14000002,0.24949999,Alberta
2024-12-13 00:00:00+00:00,-6.67975,0.02,0.24901667,Alberta
2024-12-14 00:00:00+00:00,-5.12225,0.44,0.24883334,Alberta
2024-12-15 00:00:00+00:00,-6.5947504,0.38000005,0.248275,Alberta
2024-12-16 00:00:00+00:00,-13.825167,1.08,0.24788335,Alberta
2024-12-17 00:00:00+00:00,-17.97725,0.58000004,0.24740835,Alberta
2024-12-18 00:00:00+00:00,-18.956417,3.86,0.24709168,Alberta
2024-12-19 00:00:00+00:00,-18.73975,0.62,0.2469,Alberta
2024-12-20 00:00:00+00:00,-10.996833,2.16,0.24668336,Alberta
2024-12-21 00:00:00+00:00,-6.1922503,0.18,0.24645837,Alberta
2024-12-22 00:00:00+00:00,-4.5289164,0.45999995,0.24622503,Alberta
2024-12-23 00:00:00+00:00,-2.0809999,0.0,0.24612503,Alberta
2024-12-24 00:00:00+00:00,-0.6689166,0.2,0.24605837,Alberta
2024-12-25 00:00:00+00:00,-0.16099992,0.0,0.24642503,Alberta
2024-12-26 00:00:00+00:00,-4.266,0.04,0.24796668,Alberta
2024-12-27 00:00:00+00:00,-3.4539165,0.76000005,0.24806666,Alberta
2024-12-28 00:00:00+00:00,-4.338917,0.120000005,0.24785833,Alberta
2024-12-29 00:00:00+00:00,-7.697667,0.02,0.24808331,Alberta
2024-12-30 00:00:00+00:00,-7.699333,0.38000003,0.248175,Alberta
2024-07-02 00:00:00+00:00,18.153112,8.7,0.28945836,Manitoba
2024-07-03 00:00:00+00:00,18.015612,4.2999997,0.29466668,Manitoba
2024-07-04 00:00:00+00:00,18.0795,5.233333,0.28436112,Manitoba
2024-07-05 00:00:00+00:00,18.194777,0.3666667,0.283125,Manitoba
2024-07-06 00:00:00+00:00,18.557974,3.0666666,0.26981944,Manitoba
2024-07-07 00:00:00+00:00,19.045471,1.0,0.26104164,Manitoba
2024-07-08 00:00:00+00:00,19.617695,0.0,0.25376388,Manitoba
2024-07-09 00:00:00+00:00,20.123945,3.4666665,0.24198611,Manitoba
2024-07-10 00:00:00+00:00,21.407278,0.0,0.23183334,Manitoba
2024-07-11 00:00:00+00:00,24.831583,0.0,0.22479165,Manitoba
2024-07-12 00:00:00+00:00,24.708666,0.7666667,0.21723612,Manitoba
2024-07-13 00:00:00+00:00,22.642693,3.9333334,0.221,Manitoba
2024-07-14 00:00:00+00:00,20.078806,0.5,0.22158332,Manitoba
2024-07-15 00:00:00+00:00,19.12672,4.9666667,0.23713887,Manitoba
2024-07-16 00:00:00+00:00,16.855194,0.33333334,0.24473612,Manitoba
2024-07-17 00:00:00+00:00,16.0045,0.0,0.2381389,Manitoba
2024-07-18 00:00:00+00:00,19.014915,0.0,0.23077779,Manitoba
2024-07-19 00:00:00+00:00,21.934359,2.2,0.22241665,Manitoba
2024-07-20 00:00:00+00:00,21.967695,6.3666663,0.21740277,Manitoba
2024-07-21 00:00:00+00:00,21.955193,0.36666667,0.21483333,Manitoba
2024-07-22 00:00:00+00:00,21.614225,8.6,0.22726388,Manitoba
2024-07-23 00:00:00+00:00,20.50311,1.0,0.22866666,Manitoba
2024-07-24 00:00:00+00:00,21.933668,0.06666667,0.22827776,Manitoba
2024-07-25 00:00:00+00:00,25.144087,0.0,0.22544445,Manitoba
2024-07-26 00:00:00+00:00,26.326721,0.16666667,0.22475,Manitoba
2024-07-27 00:00:00+00:00,21.639223,0.36666667,0.22588892,Manitoba
2024-07-28 00:00:00+00:00,20.24964,0.033333335,0.22208333,Manitoba
2024-07-29 00:00:00+00:00,21.276028,0.36666667,0.22027779,Manitoba
2024-07-30 00:00:00+00:00,23.668388,0.0,0.211125,Manitoba
2024-07-31 00:00:00+00:00,23.214918,0.0,0.20336111,Manitoba
2024-08-01 00:00:00+00:00,23.70311,0.0,0.19726388,Manitoba
2024-08-02 00:00:00+00:00,22.020472,0.0,0.19031943,Manitoba
2024-08-03 00:00:00+00:00,21.936445,0.0,0.1876389,Manitoba
2024-08-04 00:00:00+00:00,17.020472,1.6,0.18566668,Manitoba
2024-08-05 00:00:00+00:00,16.594778,0.56666666,0.19681944,Manitoba
2024-08-06 00:00:00+00:00,17.055193,1.7333332,0.19995837,Manitoba
2024-08-07 00:00:00+00:00,16.857973,3.3999999,0.20069446,Manitoba
2024-08-08 00:00:00+00:00,13.682972,0.73333335,0.202875,Manitoba
2024-08-09 00:00:00+00:00,14.87811,0.83333343,0.2015,Manitoba
2024-08-10 00:00:00+00:00,15.295472,0.0,0.19854164,Manitoba
2024-08-11 00:00:00+00:00,16.451029,0.0,0.19315277,Manitoba
2024-08-12 00:00:00+00:00,17.673944,0.0,0.18952776,Manitoba
2024-08-13 00:00:00+00:00,19.77186,0.033333335,0.18558331,Manitoba
2024-08-14 00:00:00+00:00,20.49964,3.1999998,0.19009726,Manitoba
2024-08-15 00:00:00+00:00,18.866306,8.066668,0.2113611,Manitoba
2024-08-16 00:00:00+00:00,19.48575,1.1333332,0.21684723,Manitoba
2024-08-17 00:00:00+00:00,18.113527,0.4333333,0.2191389,Manitoba
2024-08-18 00:00:00+00:00,19.564917,3.1666667,0.2187639,Manitoba
2024-08-19 00:00:00+00:00,21.845474,1.4333333,0.22350001,Manitoba
2024-08-20 00:00:00+00:00,23.14686,0.59999996,0.23018056,Manitoba
2024-08-21 00:00:00+00:00,22.04686,0.0,0.23365279,Manitoba
2024-08-22 00:00:00+00:00,21.97186,4.866667,0.2305278,Manitoba
2024-08-23 00:00:00+00:00,20.127417,0.0,0.23804165,Manitoba
2024-08-24 00:00:00+00:00,22.603806,8.833333,0.24394442,Manitoba
2024-08-25 00:00:00+00:00,23.389223,11.433333,0.26997223,Manitoba
2024-08-26 00:00:00+00:00,18.052416,0.0,0.27793056,Manitoba
2024-08-27 00:00:00+00:00,15.909363,0.06666667,0.2687639,Manitoba
2024-08-28 00:00:00+00:00,16.269777,0.13333334,0.2615139,Manitoba
2024-08-29 00:00:00+00:00,16.25311,8.866668,0.27583334,Manitoba
2024-08-30 00:00:00+00:00,17.814917,0.1,0.28990278,Manitoba
2024-08-31 00:00:00+00:00,17.885057,0.36666667,0.27465275,Manitoba
2024-09-01 00:00:00+00:00,15.0295,0.0,0.26120833,Manitoba
2024-09-02 00:00:00+00:00,17.897554,0.0,0.24583334,Manitoba
2024-09-03 00:00:00+00:00,19.690613,0.0,0.23306943,Manitoba
2024-09-04 00:00:00+00:00,20.627417,0.1,0.2229861,Manitoba
2024-09-05 00:00:00+00:00,14.441304,1.0333334,0.21919443,Manitoba
2024-09-06 00:00:00+00:00,12.841305,0.0,0.21756943,Manitoba
2024-09-07 00:00:00+00:00,15.523945,0.0,0.21193057,Manitoba
2024-09-08 00:00:00+00:00,19.537834,0.0,0.20086111,Manitoba
2024-09-09 00:00:00+00:00,20.767694,0.0,0.18729167,Manitoba
2024-09-10 00:00:00+00:00,21.772554,0.0,0.1771528,Manitoba
2024-09-11 00:00:00+00:00,16.155193,0.93333334,0.17908333,Manitoba
2024-09-12 00:00:00+00:00,19.073944,8.733334,0.18637502,Manitoba
2024-09-13 00:00:00+00:00,21.442001,4.1,0.19043058,Manitoba
2024-09-14 00:00:00+00:00,18.50311,0.06666667,0.19706942,Manitoba
2024-09-15 00:00:00+00:00,19.552416,0.06666667,0.19341667,Manitoba
2024-09-16 00:00:00+00:00,18.766306,0.06666667,0.1804583,Manitoba
2024-09-17 00:00:00+00:00,19.217695,0.13333334,0.18218054,Manitoba
2024-09-18 00:00:00+00:00,19.541306,14.333333,0.19645834,Manitoba
2024-09-19 00:00:00+00:00,17.69825,8.866667,0.22266667,Manitoba
2024-09-20 00:00:00+00:00,16.435751,0.59999996,0.23562498,Manitoba
2024-09-21 00:00:00+00:00,13.920471,7.8333325,0.23969442,Manitoba
2024-09-22 00:00:00+00:00,11.3795,0.0,0.24916668,Manitoba
2024-09-23 00:00:00+00:00,14.269084,0.90000004,0.24597223,Manitoba
2024-09-24 00:00:00+00:00,14.622556,0.033333335,0.24206942,Manitoba
2024-09-25 00:00:00+00:00,18.786444,0.0,0.23258333,Manitoba
2024-09-26 00:00:00+00:00,21.730194,0.0,0.22034723,Manitoba
2024-09-27 00:00:00+00:00,17.100332,0.0,0.21090277,Manitoba
2024-09-28 00:00:00+00:00,16.901722,0.0,0.20419443,Manitoba
2024-09-29 00:00:00+00:00,18.796862,0.0,0.19448613,Manitoba
2024-09-30 00:00:00+00:00,17.446863,0.8333333,0.18636112,Manitoba
2024-10-01 00:00:00+00:00,10.813527,0.0,0.18687499,Manitoba
2024-10-02 00:00:00+00:00,13.235749,0.5,0.18625002,Manitoba
2024-10-03 00:00:00+00:00,8.169778,0.0,0.18538886,Manitoba
2024-10-04 00:00:00+00:00,7.9156113,0.0,0.18411112,Manitoba
2024-10-05 00:00:00+00:00,13.472554,4.5,0.18019445,Manitoba
2024-10-06 00:00:00+00:00,8.667,0.033333335,0.18327777,Manitoba
2024-10-07 00:00:00+00:00,10.9760275,0.0,0.18222225,Manitoba
2024-10-08 00:00:00+00:00,12.999639,0.0,0.17470832,Manitoba
2024-10-09 00:00:00+00:00,14.59825,0.0,0.16775002,Manitoba
2024-10-10 00:00:00+00:00,14.066306,0.0,0.16059725,Manitoba
2024-10-11 00:00:00+00:00,10.044084,0.0,0.16055556,Manitoba
2024-10-12 00:00:00+00:00,10.021861,2.0333335,0.15988888,Manitoba
2024-10-13 00:00:00+00:00,6.284361,0.033333335,0.1602361,Manitoba
2024-10-14 00:00:00+00:00,4.64825,0.0,0.16195832,Manitoba
2024-10-15 00:00:00+00:00,3.9100552,0.0,0.16197221,Manitoba
2024-10-16 00:00:00+00:00,9.882973,0.0,0.16073614,Manitoba
2024-10-17 00:00:00+00:00,11.88575,0.033333335,0.15740277,Manitoba
2024-10-18 00:00:00+00:00,9.385055,0.13333334,0.15484719,Manitoba
2024-10-19 00:00:00+00:00,7.6135273,0.16666667,0.1555,Manitoba
2024-10-20 00:00:00+00:00,13.303805,0.0,0.1546389,Manitoba
2024-10-21 00:00:00+00:00,11.421166,0.0,0.15083331,Manitoba
2024-10-22 00:00:00+00:00,8.889916,4.1333327,0.14572223,Manitoba
2024-10-23 00:00:00+00:00,5.6822777,0.0,0.14694445,Manitoba
2024-10-24 00:00:00+00:00,4.5607495,0.0,0.14808333,Manitoba
2024-10-25 00:00:00+00:00,4.8753333,0.0,0.14969446,Manitoba
2024-10-26 00:00:00+00:00,2.6274168,0.0,0.1488472,Manitoba
2024-10-27 00:00:00+00:00,3.899639,0.0,0.14865278,Manitoba
2024-10-28 00:00:00+00:00,9.021167,0.0,0.14729168,Manitoba
2024-10-29 00:00:00+00:00,5.3725553,0.0,0.14588888,Manitoba
2024-10-30 00:00:00+00:00,1.7079724,0.0,0.14602776,Manitoba
2024-10-31 00:00:00+00:00,0.6628334,0.0,0.14504169,Manitoba
2024-11-01 00:00:00+00:00,2.2413056,0.0,0.14393057,Manitoba
2024-11-02 00:00:00+00:00,1.0642222,0.0,0.14433335,Manitoba
2024-11-03 00:00:00+00:00,4.9038053,4.1666665,0.14424999,Manitoba
2024-11-04 00:00:00+00:00,4.2051945,9.233335,0.16162501,Manitoba
2024-11-05 00:00:00+00:00,0.92324996,0.0,0.17605555,Manitoba
2024-11-06 00:00:00+00:00,0.3475556,0.033333335,0.1792778,Manitoba
2024-11-07 00:00:00+00:00,2.7510278,0.0,0.18073611,Manitoba
2024-11-08 00:00:00+00:00,2.8406112,0.0,0.18124999,Manitoba
2024-11-09 00:00:00+00:00,6.663527,0.0,0.18047221,Manitoba
2024-11-10 00:00:00+00:00,3.2753334,0.43333337,0.17820835,Manitoba
2024-11-11 00:00:00+00:00,0.51005566,0.0,0.17852779,Manitoba
2024-11-12 00:00:00+00:00,2.380889,0.0,0.18230557,Manitoba
2024-11-13 00:00:00+00:00,3.4871387,0.16666667,0.18352778,Manitoba
2024-11-14 00:00:00+00:00,1.5933889,0.43333337,0.18395837,Manitoba
2024-11-15 00:00:00+00:00,3.0058892,0.4666667,0.18529166,Manitoba
2024-11-16 00:00:00+00:00,2.337139,9.866667,0.18451387,Manitoba
2024-11-17 00:00:00+00:00,0.31630555,5.7000003,0.18825002,Manitoba
2024-11-18 00:00:00+00:00,-0.05452764,0.033333335,0.20663889,Manitoba
2024-11-19 00:00:00+00:00,0.8954722,10.266667,0.21406947,Manitoba
2024-11-20 00:00:00+00:00,-3.7711942,12.266666,0.22302777,Manitoba
2024-11-21 00:00:00+00:00,-7.568416,0.0,0.2236944,Manitoba
2024-11-22 00:00:00+00:00,-7.883695,2.1333332,0.22298612,Manitoba
2024-11-23 00:00:00+00:00,-10.726055,0.0,0.22197221,Manitoba
2024-11-24 00:00:00+00:00,-7.6670284,4.8666663,0.22087498,Manitoba
2024-11-25 00:00:00+00:00,-12.578139,0.16666667,0.21966664,Manitoba
2024-11-26 00:00:00+00:00,-17.005915,0.0,0.21872221,Manitoba
2024-11-27 00:00:00+00:00,-13.33925,0.5666667,0.217875,Manitoba
2024-11-28 00:00:00+00:00,-13.375362,0.13333334,0.21694441,Manitoba
2024-11-29 00:00:00+00:00,-22.158693,0.0,0.21631944,Manitoba
2024-11-30 00:00:00+00:00,-23.132303,0.0,0.21547227,Manitoba
2024-12-01 00:00:00+00:00,-18.424667,2.7666667,0.21491666,Manitoba
2024-12-02 00:00:00+00:00,-16.012167,0.1,0.21445835,Manitoba
2024-12-03 00:00:00+00:00,-9.087167,0.33333334,0.21401389,Manitoba
2024-12-04 00:00:00+00:00,-9.904529,0.2,0.21358335,Manitoba
2024-12-05 00:00:00+00:00,-17.219805,0.0,0.21308334,Manitoba
2024-12-06 00:00:00+00:00,-3.585083,0.0,0.21225001,Manitoba
2024-12-07 00:00:00+00:00,0.5586667,0.0,0.21191664,Manitoba
2024-12-08 00:00:00+00:00,-0.23925002,10.7,0.21384722,Manitoba
2024-12-09 00:00:00+00:00,-6.5843887,3.833333,0.21651387,Manitoba
2024-12-10 00:00:00+00:00,-9.128833,1.0,0.21733332,Manitoba
2024-12-11 00:00:00+00:00,-24.497583,0.033333335,0.21700001,Manitoba
2024-12-12 00:00:00+00:00,-29.488556,0.0,0.21655558,Manitoba
2024-12-13 00:00:00+00:00,-19.12536,0.0,0.21630557,Manitoba
2024-12-14 00:00:00+00:00,-9.083694,0.0,0.21600002,Manitoba
2024-12-15 00:00:00+00:00,-4.717722,1.5666667,0.21572222,Manitoba
2024-12-16 00:00:00+00:00,-4.2517505,4.966666,0.21541667,Manitoba
2024-12-17 00:00:00+00:00,-8.78925,0.0,0.21511109,Manitoba
2024-12-18 00:00:00+00:00,-21.674667,0.13333334,0.21499999,Manitoba
2024-12-19 00:00:00+00:00,-17.287169,9.566667,0.21475,Manitoba
2024-12-20 00:00:00+00:00,-22.825361,0.36666667,0.2145278,Manitoba
2024-12-21 00:00:00+00:00,-11.797584,0.06666667,0.21400003,Manitoba
2024-12-22 00:00:00+00:00,-9.675361,0.033333335,0.21376391,Manitoba
2024-12-23 00:00:00+00:00,-10.139945,0.0,0.21352778,Manitoba
2024-12-24 00:00:00+00:00,-5.417722,0.0,0.213,Manitoba
2024-12-25 00:00:00+00:00,-3.3802223,0.0,0.21280557,Manitoba
2024-12-26 00:00:00+00:00,-6.297583,0.0,0.21266669,Manitoba
2024-12-27 00:00:00+00:00,-5.3996673,1.2666665,0.21234722,Manitoba
2024-12-28 00:00:00+00:00,-2.1316109,0.3,0.21231945,Manitoba
2024-12-29 00:00:00+00:00,-10.80661,0.0,0.21200001,Manitoba
2024-12-30 00:00:00+00:00,-9.753139,0.0,0.21169448,Manitoba
