date,temperature_2m_mean,precipitation_sum,soil_moisture_28_to_100cm_mean,name
2021-01-01 00:00:00+00:00,24.355165,13.866668,0.49283335,Riau
2021-01-02 00:00:00+00:00,24.20308,12.200001,0.5016528,Riau
2021-01-03 00:00:00+00:00,24.63711,3.2999995,0.5065556,Riau
2021-01-04 00:00:00+00:00,25.32461,1.8666667,0.5074029,Riau
2021-01-05 00:00:00+00:00,26.653778,1.0333334,0.50556946,Riau
2021-01-06 00:00:00+00:00,25.532944,5.6666665,0.50306946,Riau
2021-01-07 00:00:00+00:00,25.0635,1.3000001,0.50105554,Riau
2021-01-08 00:00:00+00:00,25.31697,17.1,0.4985,Riau
2021-01-09 00:00:00+00:00,24.266275,14.5666685,0.49829164,Riau
2021-01-10 00:00:00+00:00,23.55725,8.866668,0.506,Riau
2021-01-11 00:00:00+00:00,24.766973,14.733333,0.50956947,Riau
2021-01-12 00:00:00+00:00,23.544748,25.166666,0.52547216,Riau
2021-01-13 00:00:00+00:00,23.819056,6.5333343,0.5337083,Riau
2021-01-14 00:00:00+00:00,24.871138,1.3333334,0.5355138,Riau
2021-01-15 00:00:00+00:00,25.996138,0.7333334,0.5325973,Riau
2021-01-16 00:00:00+00:00,26.158638,1.7999998,0.5286805,Riau
2021-01-17 00:00:00+00:00,25.518362,12.666667,0.52537507,Riau
2021-01-18 00:00:00+00:00,24.58989,1.0333334,0.52336115,Riau
2021-01-19 00:00:00+00:00,25.07392,0.3,0.52125007,Riau
2021-01-20 00:00:00+00:00,25.589193,0.4,0.51934713,Riau
2021-01-21 00:00:00+00:00,25.821833,11.133334,0.51691675,Riau
2021-01-22 00:00:00+00:00,25.328085,4.633333,0.51463884,Riau
2021-01-23 00:00:00+00:00,24.88225,2.5333333,0.5158611,Riau
2021-01-24 00:00:00+00:00,25.670443,6.2000003,0.51568055,Riau
2021-01-25 00:00:00+00:00,24.881556,8.8,0.51652783,Riau
2021-01-26 00:00:00+00:00,24.789194,9.233333,0.51916665,Riau
2021-01-27 00:00:00+00:00,25.614195,4.2000003,0.5200278,Riau
2021-01-28 00:00:00+00:00,24.171143,11.433333,0.5195694,Riau
2021-01-29 00:00:00+00:00,24.839195,2.1999998,0.5191389,Riau
2021-01-30 00:00:00+00:00,24.848915,3.2333333,0.5181388,Riau
2021-01-31 00:00:00+00:00,25.997528,0.6666667,0.51712495,Riau
2021-02-01 00:00:00+00:00,25.427385,13.0,0.5155556,Riau
2021-02-02 00:00:00+00:00,25.275307,8.033334,0.5139444,Riau
2021-02-03 00:00:00+00:00,25.448221,3.7666664,0.51173615,Riau
2021-02-04 00:00:00+00:00,25.461416,1.5666666,0.50945836,Riau
2021-02-05 00:00:00+00:00,25.794748,0.6666667,0.5075834,Riau
2021-02-06 00:00:00+00:00,26.521833,0.8,0.5047639,Riau
2021-02-07 00:00:00+00:00,26.678083,4.7666664,0.50115275,Riau
2021-02-08 00:00:00+00:00,26.051695,12.399999,0.49754164,Riau
2021-02-09 00:00:00+00:00,26.83711,1.9,0.49502787,Riau
2021-02-10 00:00:00+00:00,26.323915,13.833333,0.4926249,Riau
2021-02-11 00:00:00+00:00,26.198914,18.666666,0.49155554,Riau
2021-02-12 00:00:00+00:00,25.516275,10.766666,0.49284717,Riau
2021-02-13 00:00:00+00:00,25.941277,5.7333336,0.49420825,Riau
2021-02-14 00:00:00+00:00,25.81211,7.133333,0.49409723,Riau
2021-02-15 00:00:00+00:00,25.252388,6.8333325,0.49413884,Riau
2021-02-16 00:00:00+00:00,25.594053,0.56666666,0.49490276,Riau
2021-02-17 00:00:00+00:00,26.23086,1.0000001,0.4936806,Riau
2021-02-18 00:00:00+00:00,25.269053,4.4666667,0.4922779,Riau
2021-02-19 00:00:00+00:00,25.230165,0.59999996,0.4906528,Riau
2021-02-20 00:00:00+00:00,25.567665,1.0333334,0.48924997,Riau
2021-02-21 00:00:00+00:00,26.212805,0.6666667,0.48734713,Riau
2021-02-22 00:00:00+00:00,26.392668,0.6666667,0.48504162,Riau
2021-02-23 00:00:00+00:00,26.395445,5.133333,0.48330554,Riau
2021-02-24 00:00:00+00:00,25.719748,9.033333,0.48131943,Riau
2021-02-25 00:00:00+00:00,26.314194,3.3666668,0.4786111,Riau
2021-02-26 00:00:00+00:00,26.916971,0.53333336,0.47648606,Riau
2021-02-27 00:00:00+00:00,27.438501,0.2,0.47234726,Riau
2021-02-28 00:00:00+00:00,27.393362,0.9666667,0.46836105,Riau
2021-03-01 00:00:00+00:00,26.812807,3.6333334,0.46516672,Riau
2021-03-02 00:00:00+00:00,25.955858,10.5,0.46273616,Riau
2021-03-03 00:00:00+00:00,26.578085,0.6333334,0.46075,Riau
2021-03-04 00:00:00+00:00,27.259333,3.6666667,0.45749998,Riau
2021-03-05 00:00:00+00:00,26.300308,10.933334,0.45463887,Riau
2021-03-06 00:00:00+00:00,25.32392,23.433334,0.45208335,Riau
2021-03-07 00:00:00+00:00,23.396835,23.066666,0.45886102,Riau
2021-03-08 00:00:00+00:00,25.93364,0.033333335,0.45836106,Riau
2021-03-09 00:00:00+00:00,26.031555,0.7666667,0.45805565,Riau
2021-03-10 00:00:00+00:00,26.316278,1.0333334,0.45684734,Riau
2021-03-11 00:00:00+00:00,26.290583,3.8,0.4559305,Riau
2021-03-12 00:00:00+00:00,25.247528,8.366668,0.4549305,Riau
2021-03-13 00:00:00+00:00,25.527388,16.699999,0.45404163,Riau
2021-03-14 00:00:00+00:00,25.408638,8.266667,0.45511115,Riau
2021-03-15 00:00:00+00:00,25.205862,4.7000003,0.45670834,Riau
2021-03-16 00:00:00+00:00,25.396833,11.166667,0.45898604,Riau
2021-03-17 00:00:00+00:00,25.653082,12.033333,0.46355557,Riau
2021-03-18 00:00:00+00:00,25.58711,10.966666,0.4685,Riau
2021-03-19 00:00:00+00:00,25.665583,9.166667,0.47448614,Riau
2021-03-20 00:00:00+00:00,25.651,21.400002,0.4775139,Riau
2021-03-21 00:00:00+00:00,25.586418,8.866667,0.48052776,Riau
2021-03-22 00:00:00+00:00,25.664886,10.5,0.4818333,Riau
2021-03-23 00:00:00+00:00,25.151001,13.666667,0.48600006,Riau
2021-03-24 00:00:00+00:00,24.936415,23.199999,0.49619448,Riau
2021-03-25 00:00:00+00:00,25.071138,11.700002,0.50686115,Riau
2021-03-26 00:00:00+00:00,25.964195,14.166667,0.5129306,Riau
2021-03-27 00:00:00+00:00,25.296835,11.100001,0.5217084,Riau
2021-03-28 00:00:00+00:00,26.239195,33.166668,0.5308611,Riau
2021-03-29 00:00:00+00:00,24.656557,9.3,0.5400694,Riau
2021-03-30 00:00:00+00:00,27.194056,10.2,0.53651386,Riau
2021-03-31 00:00:00+00:00,27.290583,0.06666667,0.53230554,Riau
2021-04-01 00:00:00+00:00,26.528776,0.0,0.5278334,Riau
2021-04-02 00:00:00+00:00,27.333635,1.4666667,0.5225695,Riau
2021-04-03 00:00:00+00:00,26.314194,7.2666664,0.5190417,Riau
2021-04-04 00:00:00+00:00,27.278778,1.4333334,0.51544446,Riau
2021-04-05 00:00:00+00:00,26.579473,10.000001,0.5128612,Riau
2021-04-06 00:00:00+00:00,26.171137,17.933334,0.5109444,Riau
2021-04-07 00:00:00+00:00,26.078085,7.3666663,0.50977784,Riau
2021-04-08 00:00:00+00:00,26.016973,8.2,0.5088194,Riau
2021-04-09 00:00:00+00:00,26.028778,12.9333315,0.508111,Riau
2021-04-10 00:00:00+00:00,25.924612,2.5333335,0.5075416,Riau
2021-04-11 00:00:00+00:00,26.121832,13.366668,0.5070972,Riau
2021-04-12 00:00:00+00:00,26.100302,6.5000005,0.512375,Riau
2021-04-13 00:00:00+00:00,25.95378,12.400002,0.5149999,Riau
2021-04-14 00:00:00+00:00,25.862808,8.466666,0.51661104,Riau
2021-04-15 00:00:00+00:00,25.803778,9.3,0.5154999,Riau
2021-04-16 00:00:00+00:00,26.385025,11.600001,0.5140278,Riau
2021-04-17 00:00:00+00:00,23.439194,17.633333,0.52127784,Riau
2021-04-18 00:00:00+00:00,26.60586,6.2000003,0.52258325,Riau
2021-04-19 00:00:00+00:00,26.209333,8.633334,0.52175003,Riau
2021-04-20 00:00:00+00:00,26.40725,4.866667,0.5205,Riau
2021-04-21 00:00:00+00:00,26.48017,10.933334,0.5184028,Riau
2021-04-22 00:00:00+00:00,25.20864,12.166667,0.52009726,Riau
2021-04-23 00:00:00+00:00,25.70447,8.466667,0.51979166,Riau
2021-04-24 00:00:00+00:00,25.450998,3.7000005,0.51818043,Riau
2021-04-25 00:00:00+00:00,26.911417,4.8,0.5154028,Riau
2021-04-26 00:00:00+00:00,25.507248,6.566667,0.5184028,Riau
2021-04-27 00:00:00+00:00,25.978083,23.633333,0.5203056,Riau
2021-04-28 00:00:00+00:00,26.251001,13.333333,0.5227638,Riau
2021-04-29 00:00:00+00:00,25.552391,23.433336,0.52277774,Riau
2021-04-30 00:00:00+00:00,25.566973,10.166667,0.5233473,Riau
2021-05-01 00:00:00+00:00,26.22114,8.566667,0.522625,Riau
2021-05-02 00:00:00+00:00,25.586416,10.5,0.5222084,Riau
2021-05-03 00:00:00+00:00,26.057943,7.2999997,0.52201384,Riau
2021-05-04 00:00:00+00:00,25.701002,13.500001,0.52286106,Riau
2021-05-05 00:00:00+00:00,25.520445,19.0,0.52812505,Riau
2021-05-06 00:00:00+00:00,25.617666,6.7999997,0.5326667,Riau
2021-05-07 00:00:00+00:00,26.37114,6.933333,0.53218055,Riau
2021-05-08 00:00:00+00:00,26.494751,3.5666666,0.5297639,Riau
2021-05-09 00:00:00+00:00,26.768362,9.533333,0.5273472,Riau
2021-05-10 00:00:00+00:00,27.025305,9.2,0.52472216,Riau
2021-05-11 00:00:00+00:00,26.19336,15.8,0.5265277,Riau
2021-05-12 00:00:00+00:00,25.659332,13.766667,0.5238889,Riau
2021-05-13 00:00:00+00:00,26.532251,22.533335,0.52405554,Riau
2021-05-14 00:00:00+00:00,26.39128,10.466667,0.52781945,Riau
2021-05-15 00:00:00+00:00,26.415583,11.833333,0.5281389,Riau
2021-05-16 00:00:00+00:00,26.130861,15.766667,0.52997226,Riau
2021-05-17 00:00:00+00:00,25.941973,10.566667,0.53519446,Riau
2021-05-18 00:00:00+00:00,25.37947,5.799999,0.54047227,Riau
2021-05-19 00:00:00+00:00,26.373917,0.73333335,0.53990275,Riau
2021-05-20 00:00:00+00:00,27.24822,1.1333333,0.537125,Riau
2021-05-21 00:00:00+00:00,26.61836,15.0,0.5339722,Riau
2021-05-22 00:00:00+00:00,26.212112,0.13333334,0.5309445,Riau
2021-05-23 00:00:00+00:00,27.4135,0.7,0.5266806,Riau
2021-05-24 00:00:00+00:00,27.76628,4.2999997,0.52327776,Riau
2021-05-25 00:00:00+00:00,26.911415,8.099999,0.51861113,Riau
2021-05-26 00:00:00+00:00,26.9635,6.7999997,0.51261115,Riau
2021-05-27 00:00:00+00:00,25.748919,7.566667,0.5111944,Riau
2021-05-28 00:00:00+00:00,26.610723,10.333334,0.51065284,Riau
2021-05-29 00:00:00+00:00,26.788498,3.1666667,0.5096945,Riau
2021-05-30 00:00:00+00:00,27.265581,3.0999997,0.5086666,Riau
2021-05-31 00:00:00+00:00,26.870445,0.8333333,0.5071389,Riau
2021-06-01 00:00:00+00:00,27.602388,7.8000007,0.5053195,Riau
2021-06-02 00:00:00+00:00,26.665583,9.5,0.5034583,Riau
2021-06-03 00:00:00+00:00,26.842667,4.9,0.50115275,Riau
2021-06-04 00:00:00+00:00,26.340582,10.499999,0.49911103,Riau
2021-06-05 00:00:00+00:00,26.371834,1.4000001,0.49776387,Riau
2021-06-06 00:00:00+00:00,27.421835,0.0,0.49552774,Riau
2021-06-07 00:00:00+00:00,27.200308,1.1999999,0.49222216,Riau
2021-06-08 00:00:00+00:00,27.156555,5.5,0.4900694,Riau
2021-06-09 00:00:00+00:00,26.711416,2.3333333,0.48743066,Riau
2021-06-10 00:00:00+00:00,26.880165,4.2333336,0.48362502,Riau
2021-06-11 00:00:00+00:00,26.8135,0.90000004,0.47981945,Riau
2021-06-12 00:00:00+00:00,26.422525,4.5000005,0.47636104,Riau
2021-06-13 00:00:00+00:00,26.653084,1.0,0.47416663,Riau
2021-06-14 00:00:00+00:00,26.484337,5.7333336,0.47090277,Riau
2021-06-15 00:00:00+00:00,25.689196,27.800001,0.4674305,Riau
2021-06-16 00:00:00+00:00,26.264887,0.16666667,0.46556947,Riau
2021-06-17 00:00:00+00:00,27.362806,1.1333333,0.46234718,Riau
2021-06-18 00:00:00+00:00,26.793358,0.5,0.4595972,Riau
2021-06-19 00:00:00+00:00,26.580862,4.0,0.4573194,Riau
2021-06-20 00:00:00+00:00,26.790586,0.73333335,0.45486107,Riau
2021-06-21 00:00:00+00:00,27.087112,0.59999996,0.45090285,Riau
2021-06-22 00:00:00+00:00,26.738503,1.6666666,0.44606948,Riau
2021-06-23 00:00:00+00:00,26.741278,0.06666667,0.4402778,Riau
2021-06-24 00:00:00+00:00,26.61003,6.0,0.43455562,Riau
2021-06-25 00:00:00+00:00,26.048918,21.966665,0.43094453,Riau
2021-06-26 00:00:00+00:00,25.537111,3.6666667,0.42873612,Riau
2021-06-27 00:00:00+00:00,26.673223,1.4666667,0.4251666,Riau
2021-06-28 00:00:00+00:00,26.382248,8.966667,0.42269436,Riau
2021-06-29 00:00:00+00:00,25.384333,8.8,0.4207362,Riau
2021-06-30 00:00:00+00:00,26.450998,0.06666667,0.41862497,Riau
2021-07-01 00:00:00+00:00,26.716278,2.8999999,0.41673613,Riau
2021-07-02 00:00:00+00:00,26.904472,0.0,0.4157361,Riau
2021-07-03 00:00:00+00:00,26.635025,7.8333335,0.41447222,Riau
2021-07-04 00:00:00+00:00,26.083641,7.9666667,0.41354164,Riau
2021-07-05 00:00:00+00:00,26.20239,4.5000005,0.41270837,Riau
2021-07-06 00:00:00+00:00,26.457253,1.5333333,0.41195837,Riau
2021-07-07 00:00:00+00:00,26.72878,4.7000003,0.40975,Riau
2021-07-08 00:00:00+00:00,27.082945,3.8,0.40700006,Riau
2021-07-09 00:00:00+00:00,26.182945,14.766665,0.40625,Riau
2021-07-10 00:00:00+00:00,25.05239,21.23333,0.40877774,Riau
2021-07-11 00:00:00+00:00,24.795443,45.36667,0.41579166,Riau
2021-07-12 00:00:00+00:00,25.44197,15.333332,0.43236113,Riau
2021-07-13 00:00:00+00:00,23.426695,4.5,0.44620824,Riau
2021-07-14 00:00:00+00:00,24.076002,0.13333334,0.44995835,Riau
2021-07-15 00:00:00+00:00,27.101692,0.0,0.44966665,Riau
2021-07-16 00:00:00+00:00,26.898916,0.26666668,0.44809723,Riau
2021-07-17 00:00:00+00:00,27.217667,1.4666667,0.4461528,Riau
2021-07-18 00:00:00+00:00,27.237808,0.66666675,0.44381937,Riau
2021-07-19 00:00:00+00:00,26.805166,1.5,0.44194445,Riau
2021-07-20 00:00:00+00:00,27.282944,0.26666668,0.440111,Riau
2021-07-21 00:00:00+00:00,27.888498,0.0,0.43666664,Riau
2021-07-22 00:00:00+00:00,27.533638,2.8999999,0.43266666,Riau
2021-07-23 00:00:00+00:00,27.16697,5.8333335,0.42929164,Riau
2021-07-24 00:00:00+00:00,27.59128,0.033333335,0.42611113,Riau
2021-07-25 00:00:00+00:00,28.219055,1.9666668,0.4224861,Riau
2021-07-26 00:00:00+00:00,27.64128,4.233333,0.41809714,Riau
2021-07-27 00:00:00+00:00,28.095444,0.1,0.41395828,Riau
2021-07-28 00:00:00+00:00,28.251694,0.26666668,0.4100972,Riau
2021-07-29 00:00:00+00:00,28.090584,0.0,0.40718058,Riau
2021-07-30 00:00:00+00:00,28.03433,7.2000003,0.4046389,Riau
2021-07-31 00:00:00+00:00,26.662806,11.666667,0.4022778,Riau
2021-08-01 00:00:00+00:00,26.635027,2.0,0.400375,Riau
2021-08-02 00:00:00+00:00,27.360025,5.266667,0.39709723,Riau
2021-08-03 00:00:00+00:00,26.376,16.700003,0.39311114,Riau
2021-08-04 00:00:00+00:00,26.339888,4.9666667,0.38984728,Riau
2021-08-05 00:00:00+00:00,27.464193,0.56666666,0.38686112,Riau
2021-08-06 00:00:00+00:00,27.544058,1.6,0.38481948,Riau
2021-08-07 00:00:00+00:00,26.859331,13.033333,0.38375,Riau
2021-08-08 00:00:00+00:00,25.896833,7.066666,0.38236114,Riau
2021-08-09 00:00:00+00:00,26.510721,21.166666,0.3814306,Riau
2021-08-10 00:00:00+00:00,26.380861,11.433334,0.37912497,Riau
2021-08-11 00:00:00+00:00,26.322527,5.7999997,0.37775004,Riau
2021-08-12 00:00:00+00:00,26.257944,8.3,0.37737498,Riau
2021-08-13 00:00:00+00:00,27.086416,11.366666,0.3767917,Riau
2021-08-14 00:00:00+00:00,25.64614,19.033335,0.37691665,Riau
2021-08-15 00:00:00+00:00,25.727388,12.233334,0.3845278,Riau
2021-08-16 00:00:00+00:00,24.873917,17.300003,0.38844442,Riau
2021-08-17 00:00:00+00:00,24.42739,19.700003,0.39884722,Riau
2021-08-18 00:00:00+00:00,24.207947,12.833333,0.40825,Riau
2021-08-19 00:00:00+00:00,24.824608,1.7333335,0.4161389,Riau
2021-08-20 00:00:00+00:00,24.910027,9.499999,0.42024997,Riau
2021-08-21 00:00:00+00:00,25.816278,5.966667,0.42150006,Riau
2021-08-22 00:00:00+00:00,24.912806,7.433333,0.42206946,Riau
2021-08-23 00:00:00+00:00,25.32947,10.7,0.42226395,Riau
2021-08-24 00:00:00+00:00,25.535027,4.6,0.4222223,Riau
2021-08-25 00:00:00+00:00,25.819748,0.5,0.42205557,Riau
2021-08-26 00:00:00+00:00,26.223223,5.7000003,0.42170835,Riau
2021-08-27 00:00:00+00:00,26.42114,9.033333,0.42093053,Riau
2021-08-28 00:00:00+00:00,26.87461,1.5,0.41890272,Riau
2021-08-29 00:00:00+00:00,26.67739,3.4666665,0.41715276,Riau
2021-08-30 00:00:00+00:00,26.27739,3.4333332,0.4154583,Riau
2021-08-31 00:00:00+00:00,26.307251,19.3,0.41505554,Riau
2021-09-01 00:00:00+00:00,25.972528,5.7333336,0.41523615,Riau
2021-09-02 00:00:00+00:00,24.987806,1.6333333,0.41533336,Riau
2021-09-03 00:00:00+00:00,26.381554,3.5666668,0.41479167,Riau
2021-09-04 00:00:00+00:00,26.20725,1.4,0.41415283,Riau
2021-09-05 00:00:00+00:00,25.837805,8.633333,0.41327778,Riau
2021-09-06 00:00:00+00:00,26.136414,6.433333,0.4116945,Riau
2021-09-07 00:00:00+00:00,26.576696,4.066667,0.4098194,Riau
2021-09-08 00:00:00+00:00,25.753777,3.5999997,0.40811107,Riau
2021-09-09 00:00:00+00:00,26.791277,7.9,0.40522218,Riau
2021-09-10 00:00:00+00:00,26.042665,2.0,0.40268064,Riau
2021-09-11 00:00:00+00:00,27.171831,4.933334,0.4003055,Riau
2021-09-12 00:00:00+00:00,25.980165,9.333334,0.39808342,Riau
2021-09-13 00:00:00+00:00,25.039888,2.6666667,0.39840278,Riau
2021-09-14 00:00:00+00:00,25.92392,0.1,0.39930558,Riau
2021-09-15 00:00:00+00:00,27.270445,3.6333334,0.39813885,Riau
2021-09-16 00:00:00+00:00,26.549608,9.866667,0.39640275,Riau
2021-09-17 00:00:00+00:00,26.300308,7.1666665,0.3947916,Riau
2021-09-18 00:00:00+00:00,25.595444,25.299997,0.39397225,Riau
2021-09-19 00:00:00+00:00,25.430166,6.2666664,0.394375,Riau
2021-09-20 00:00:00+00:00,26.908638,3.1333332,0.39544448,Riau
2021-09-21 00:00:00+00:00,26.078081,6.533333,0.39575005,Riau
2021-09-22 00:00:00+00:00,26.362108,4.0333333,0.3958056,Riau
2021-09-23 00:00:00+00:00,26.33364,0.26666668,0.39612508,Riau
2021-09-24 00:00:00+00:00,26.826002,12.900001,0.39590278,Riau
2021-09-25 00:00:00+00:00,26.930166,8.533334,0.39551392,Riau
2021-09-26 00:00:00+00:00,25.270441,28.233335,0.39740276,Riau
2021-09-27 00:00:00+00:00,25.639887,6.6,0.40780556,Riau
2021-09-28 00:00:00+00:00,25.682251,17.166666,0.4146528,Riau
2021-09-29 00:00:00+00:00,25.964888,23.6,0.4317639,Riau
2021-09-30 00:00:00+00:00,25.59475,0.1,0.4441389,Riau
2021-10-01 00:00:00+00:00,26.14128,0.36666667,0.4474167,Riau
2021-10-02 00:00:00+00:00,25.94475,0.2,0.44784725,Riau
2021-10-03 00:00:00+00:00,26.996834,0.36666667,0.44676387,Riau
2021-10-04 00:00:00+00:00,27.977388,0.29999998,0.4445139,Riau
2021-10-05 00:00:00+00:00,27.419748,0.1,0.44206944,Riau
2021-10-06 00:00:00+00:00,27.84475,0.5,0.43972227,Riau
2021-10-07 00:00:00+00:00,27.369055,1.5,0.4373889,Riau
2021-10-08 00:00:00+00:00,28.151001,0.8666666,0.43438888,Riau
2021-10-09 00:00:00+00:00,27.816278,5.3666663,0.4316111,Riau
2021-10-10 00:00:00+00:00,26.28364,12.066667,0.4299027,Riau
2021-10-11 00:00:00+00:00,27.137804,0.0,0.4277223,Riau
2021-10-12 00:00:00+00:00,27.910027,1.1999999,0.45062503,Riau
2021-10-13 00:00:00+00:00,28.421835,0.23333335,0.47245827,Riau
2021-10-14 00:00:00+00:00,28.253778,0.96666664,0.4683195,Riau
2021-10-15 00:00:00+00:00,28.716972,0.06666667,0.46119443,Riau
2021-10-16 00:00:00+00:00,28.576002,5.7666664,0.45519447,Riau
2021-10-17 00:00:00+00:00,25.34614,19.1,0.45375013,Riau
2021-10-18 00:00:00+00:00,25.698221,4.766667,0.4534305,Riau
2021-10-19 00:00:00+00:00,26.775305,11.133334,0.45294443,Riau
2021-10-20 00:00:00+00:00,23.432251,20.033333,0.46154165,Riau
2021-10-21 00:00:00+00:00,25.84475,6.5333343,0.47245833,Riau
2021-10-22 00:00:00+00:00,25.296835,6.7666664,0.4784305,Riau
2021-10-23 00:00:00+00:00,26.38642,23.433334,0.48255554,Riau
2021-10-24 00:00:00+00:00,25.759333,14.8,0.49201393,Riau
2021-10-25 00:00:00+00:00,25.948221,6.1666665,0.49405554,Riau
2021-10-26 00:00:00+00:00,26.31836,19.466667,0.49548617,Riau
2021-10-27 00:00:00+00:00,26.581553,0.26666668,0.4961389,Riau
2021-10-28 00:00:00+00:00,26.912111,1.6999999,0.4948056,Riau
2021-10-29 00:00:00+00:00,26.767664,7.6,0.49275002,Riau
2021-10-30 00:00:00+00:00,25.696136,24.866667,0.49233326,Riau
2021-10-31 00:00:00+00:00,25.80586,10.7,0.4972917,Riau
2021-11-01 00:00:00+00:00,25.887804,11.233335,0.5015417,Riau
2021-11-02 00:00:00+00:00,25.612112,25.299997,0.50630563,Riau
2021-11-03 00:00:00+00:00,25.454473,11.8,0.5117083,Riau
2021-11-04 00:00:00+00:00,26.375305,20.300001,0.512389,Riau
2021-11-05 00:00:00+00:00,26.016275,7.5000005,0.51413894,Riau
2021-11-06 00:00:00+00:00,26.7885,5.433333,0.5150556,Riau
2021-11-07 00:00:00+00:00,26.732943,7.5333333,0.5137499,Riau
2021-11-08 00:00:00+00:00,26.682251,6.2333336,0.51306945,Riau
2021-11-09 00:00:00+00:00,27.284332,16.4,0.5109999,Riau
2021-11-10 00:00:00+00:00,24.503778,9.633334,0.5135001,Riau
2021-11-11 00:00:00+00:00,26.007248,8.166667,0.51456946,Riau
2021-11-12 00:00:00+00:00,26.273918,5.7999997,0.51544446,Riau
2021-11-13 00:00:00+00:00,26.282944,4.6000004,0.51412493,Riau
2021-11-14 00:00:00+00:00,26.99961,0.7666667,0.5140278,Riau
2021-11-15 00:00:00+00:00,27.486418,0.0,0.5117361,Riau
2021-11-16 00:00:00+00:00,27.30725,8.400001,0.508375,Riau
2021-11-17 00:00:00+00:00,26.33919,10.033334,0.5052638,Riau
2021-11-18 00:00:00+00:00,25.51419,4.133333,0.50427777,Riau
2021-11-19 00:00:00+00:00,26.621832,19.633333,0.50233334,Riau
2021-11-20 00:00:00+00:00,26.559334,0.33333334,0.5015278,Riau
2021-11-21 00:00:00+00:00,26.300303,15.166667,0.5017222,Riau
2021-11-22 00:00:00+00:00,26.746138,5.2000003,0.5028333,Riau
2021-11-23 00:00:00+00:00,26.323915,20.566666,0.5041945,Riau
2021-11-24 00:00:00+00:00,26.092667,0.13333334,0.5061527,Riau
2021-11-25 00:00:00+00:00,26.716276,14.466664,0.5068889,Riau
2021-11-26 00:00:00+00:00,26.153084,4.266667,0.50604165,Riau
2021-11-27 00:00:00+00:00,26.448225,13.366666,0.5080278,Riau
2021-11-28 00:00:00+00:00,26.548223,3.6999998,0.5072777,Riau
2021-11-29 00:00:00+00:00,27.258636,0.033333335,0.505264,Riau
2021-11-30 00:00:00+00:00,26.862806,8.533334,0.5018195,Riau
2021-12-01 00:00:00+00:00,27.661417,2.2666667,0.49840274,Riau
2021-12-02 00:00:00+00:00,25.734335,4.8,0.49634728,Riau
2021-12-03 00:00:00+00:00,26.003778,0.43333337,0.4945418,Riau
2021-12-04 00:00:00+00:00,26.427391,2.3666668,0.49161112,Riau
2021-12-05 00:00:00+00:00,24.740583,8.166667,0.48987493,Riau
2021-12-06 00:00:00+00:00,25.732943,15.433333,0.4879167,Riau
2021-12-07 00:00:00+00:00,25.807943,7.4666667,0.4868889,Riau
2021-12-08 00:00:00+00:00,25.736414,7.066667,0.48587492,Riau
2021-12-09 00:00:00+00:00,25.700304,16.866667,0.48715273,Riau
2021-12-10 00:00:00+00:00,24.023222,18.966667,0.4933889,Riau
2021-12-11 00:00:00+00:00,25.389887,18.9,0.50363886,Riau
2021-12-12 00:00:00+00:00,24.751,9.0,0.51343054,Riau
2021-12-13 00:00:00+00:00,25.432943,12.366666,0.5202361,Riau
2021-12-14 00:00:00+00:00,25.638498,25.233332,0.5218195,Riau
2021-12-15 00:00:00+00:00,25.673223,26.866663,0.528125,Riau
2021-12-16 00:00:00+00:00,25.436417,13.466667,0.5307222,Riau
2021-12-17 00:00:00+00:00,25.348917,8.066667,0.53061104,Riau
2021-12-18 00:00:00+00:00,24.950304,9.366668,0.5323611,Riau
2021-12-19 00:00:00+00:00,25.35586,2.9666665,0.5364167,Riau
2021-12-20 00:00:00+00:00,26.60378,1.2666667,0.5337917,Riau
2021-12-21 00:00:00+00:00,26.604471,3.6333334,0.53022224,Riau
2021-12-22 00:00:00+00:00,25.711416,26.6,0.52690285,Riau
2021-12-23 00:00:00+00:00,24.963501,11.433334,0.52515274,Riau
2021-12-24 00:00:00+00:00,25.871138,17.6,0.52570826,Riau
2021-12-25 00:00:00+00:00,25.304472,5.1666675,0.52826387,Riau
2021-12-26 00:00:00+00:00,25.565584,6.433333,0.52697223,Riau
2021-12-27 00:00:00+00:00,25.291975,4.433333,0.5249861,Riau
2021-12-28 00:00:00+00:00,26.278776,0.4666667,0.5225,Riau
2021-12-29 00:00:00+00:00,26.337805,0.43333337,0.5191389,Riau
2021-12-30 00:00:00+00:00,25.875305,10.533334,0.5164445,Riau
2021-12-31 00:00:00+00:00,24.67808,15.46667,0.51577777,Riau
2022-01-01 00:00:00+00:00,24.43711,18.566668,0.5199167,Riau
2022-01-02 00:00:00+00:00,23.872528,14.233335,0.53016657,Riau
2022-01-03 00:00:00+00:00,25.31489,8.400001,0.5347499,Riau
2022-01-04 00:00:00+00:00,25.375305,9.233334,0.53455555,Riau
2022-01-05 00:00:00+00:00,26.178083,2.466667,0.53252774,Riau
2022-01-06 00:00:00+00:00,25.220444,6.2666664,0.52880555,Riau
2022-01-07 00:00:00+00:00,26.08364,4.2333336,0.52650005,Riau
2022-01-08 00:00:00+00:00,25.086416,9.866666,0.5229027,Riau
2022-01-09 00:00:00+00:00,25.377386,17.6,0.518125,Riau
2022-01-10 00:00:00+00:00,24.710722,9.466666,0.5200694,Riau
2022-01-11 00:00:00+00:00,25.24336,1.3666667,0.52104163,Riau
2022-01-12 00:00:00+00:00,25.966278,0.13333334,0.51865274,Riau
2022-01-13 00:00:00+00:00,25.816278,0.6,0.5157361,Riau
2022-01-14 00:00:00+00:00,25.786417,0.16666667,0.5113889,Riau
2022-01-15 00:00:00+00:00,26.284332,0.0,0.5066944,Riau
2022-01-16 00:00:00+00:00,26.596832,0.90000004,0.5033611,Riau
2022-01-17 00:00:00+00:00,25.627388,25.699999,0.50059724,Riau
2022-01-18 00:00:00+00:00,24.565584,7.2333336,0.4969027,Riau
2022-01-19 00:00:00+00:00,24.56489,13.200001,0.49234715,Riau
2022-01-20 00:00:00+00:00,26.000307,0.6333334,0.4893333,Riau
2022-01-21 00:00:00+00:00,26.09197,4.1666665,0.48563895,Riau
2022-01-22 00:00:00+00:00,25.400307,2.9666665,0.48274997,Riau
2022-01-23 00:00:00+00:00,26.26489,8.833333,0.48059723,Riau
2022-01-24 00:00:00+00:00,25.190582,3.7333333,0.47955552,Riau
2022-01-25 00:00:00+00:00,25.769056,11.866666,0.47769436,Riau
2022-01-26 00:00:00+00:00,25.128778,0.8333332,0.47608328,Riau
2022-01-27 00:00:00+00:00,26.637808,0.13333334,0.47444436,Riau
2022-01-28 00:00:00+00:00,26.694754,0.16666667,0.4715555,Riau
2022-01-29 00:00:00+00:00,26.991972,2.2333333,0.4692777,Riau
2022-01-30 00:00:00+00:00,25.946138,9.933333,0.46694455,Riau
2022-01-31 00:00:00+00:00,26.258638,5.6666665,0.4639722,Riau
2022-02-01 00:00:00+00:00,25.31489,10.733334,0.46193054,Riau
2022-02-02 00:00:00+00:00,25.935026,1.0,0.46265277,Riau
2022-02-03 00:00:00+00:00,26.08989,2.8999999,0.4609027,Riau
2022-02-04 00:00:00+00:00,24.7385,20.166666,0.46043053,Riau
2022-02-05 00:00:00+00:00,24.694056,13.300002,0.46155557,Riau
2022-02-06 00:00:00+00:00,24.478775,5.433333,0.47519445,Riau
2022-02-07 00:00:00+00:00,27.018364,0.06666667,0.47797218,Riau
2022-02-08 00:00:00+00:00,25.147528,10.5,0.47797227,Riau
2022-02-09 00:00:00+00:00,24.780863,10.233333,0.4793333,Riau
2022-02-10 00:00:00+00:00,22.943361,6.433333,0.49070835,Riau
2022-02-11 00:00:00+00:00,24.637804,3.3333333,0.49697223,Riau
2022-02-12 00:00:00+00:00,26.036415,0.46666667,0.49698615,Riau
2022-02-13 00:00:00+00:00,26.547525,10.5,0.4957222,Riau
2022-02-14 00:00:00+00:00,26.064196,5.1,0.4963334,Riau
2022-02-15 00:00:00+00:00,25.923918,14.466667,0.49930546,Riau
2022-02-16 00:00:00+00:00,25.149612,5.5,0.5024028,Riau
2022-02-17 00:00:00+00:00,25.679474,0.0,0.5052499,Riau
2022-02-18 00:00:00+00:00,26.055166,9.400001,0.5046806,Riau
2022-02-19 00:00:00+00:00,26.80378,0.1,0.5025278,Riau
2022-02-20 00:00:00+00:00,27.169748,14.566666,0.5001806,Riau
2022-02-21 00:00:00+00:00,26.181557,3.3666668,0.49859723,Riau
2022-02-22 00:00:00+00:00,26.241972,2.7666664,0.49761105,Riau
2022-02-23 00:00:00+00:00,25.748222,10.933333,0.49702787,Riau
2022-02-24 00:00:00+00:00,23.98017,0.86666673,0.49891654,Riau
2022-02-25 00:00:00+00:00,25.652388,14.333333,0.49927774,Riau
2022-02-26 00:00:00+00:00,25.645447,23.433332,0.5005972,Riau
2022-02-27 00:00:00+00:00,25.138498,15.266666,0.5043195,Riau
2022-02-28 00:00:00+00:00,25.421835,31.1,0.50802773,Riau
2022-03-01 00:00:00+00:00,25.372528,4.3666663,0.5215834,Riau
2022-03-02 00:00:00+00:00,26.107943,30.1,0.5229861,Riau
2022-03-03 00:00:00+00:00,25.495447,5.2666664,0.52494437,Riau
2022-03-04 00:00:00+00:00,26.252388,4.0333333,0.52427775,Riau
2022-03-05 00:00:00+00:00,25.769053,6.2666664,0.5228334,Riau
2022-03-06 00:00:00+00:00,25.474611,8.566667,0.52202785,Riau
2022-03-07 00:00:00+00:00,25.876,31.566666,0.5261945,Riau
2022-03-08 00:00:00+00:00,25.407944,17.966667,0.53390276,Riau
2022-03-09 00:00:00+00:00,26.143362,32.266666,0.5385277,Riau
2022-03-10 00:00:00+00:00,25.517664,4.6,0.5454722,Riau
2022-03-11 00:00:00+00:00,26.085028,8.099999,0.54297215,Riau
2022-03-12 00:00:00+00:00,26.51975,4.7,0.53877777,Riau
2022-03-13 00:00:00+00:00,26.941278,2.8999996,0.5343333,Riau
2022-03-14 00:00:00+00:00,25.837112,23.5,0.5302916,Riau
2022-03-15 00:00:00+00:00,26.010725,19.7,0.52661103,Riau
2022-03-16 00:00:00+00:00,26.401,1.0,0.5272222,Riau
2022-03-17 00:00:00+00:00,26.170446,3.3,0.52679175,Riau
2022-03-18 00:00:00+00:00,26.291277,0.3666667,0.52654177,Riau
2022-03-19 00:00:00+00:00,27.70725,0.46666667,0.5251945,Riau
2022-03-20 00:00:00+00:00,27.248915,0.36666667,0.5231111,Riau
2022-03-21 00:00:00+00:00,27.19197,0.26666668,0.520139,Riau
2022-03-22 00:00:00+00:00,27.227388,4.7666664,0.51533335,Riau
2022-03-23 00:00:00+00:00,27.673223,0.36666667,0.5092778,Riau
2022-03-24 00:00:00+00:00,27.842669,0.2,0.5052917,Riau
2022-03-25 00:00:00+00:00,27.79822,1.0666667,0.5009306,Riau
2022-03-26 00:00:00+00:00,27.751,1.3000001,0.49626386,Riau
2022-03-27 00:00:00+00:00,28.010721,0.033333335,0.49112496,Riau
2022-03-28 00:00:00+00:00,28.176,0.13333334,0.4846804,Riau
2022-03-29 00:00:00+00:00,27.94961,3.9333334,0.47934732,Riau
2022-03-30 00:00:00+00:00,27.398916,3.7333333,0.47440282,Riau
2022-03-31 00:00:00+00:00,27.522528,1.1666666,0.46990275,Riau
2022-04-01 00:00:00+00:00,27.826002,4.4333334,0.4650139,Riau
2022-04-02 00:00:00+00:00,27.267664,4.0333333,0.46044445,Riau
2022-04-03 00:00:00+00:00,26.32878,2.8,0.45619443,Riau
2022-04-04 00:00:00+00:00,26.57878,1.6,0.4519306,Riau
2022-04-05 00:00:00+00:00,25.70725,9.466666,0.44715276,Riau
2022-04-06 00:00:00+00:00,25.821136,29.333334,0.44306946,Riau
2022-04-07 00:00:00+00:00,25.038498,12.233334,0.4443195,Riau
2022-04-08 00:00:00+00:00,26.187805,20.9,0.4447639,Riau
2022-04-09 00:00:00+00:00,25.701696,15.166667,0.45220837,Riau
2022-04-10 00:00:00+00:00,25.907944,19.566668,0.45768055,Riau
2022-04-11 00:00:00+00:00,25.54544,11.900001,0.4667777,Riau
2022-04-12 00:00:00+00:00,26.394053,4.433333,0.47006938,Riau
2022-04-13 00:00:00+00:00,26.224611,9.799999,0.4709723,Riau
2022-04-14 00:00:00+00:00,26.596832,20.933334,0.47073612,Riau
2022-04-15 00:00:00+00:00,25.827387,8.0,0.47591665,Riau
2022-04-16 00:00:00+00:00,27.11975,8.666667,0.47873616,Riau
2022-04-17 00:00:00+00:00,26.202387,15.7,0.48450002,Riau
2022-04-18 00:00:00+00:00,25.591278,6.2999997,0.497,Riau
2022-04-19 00:00:00+00:00,26.357946,19.733334,0.5014722,Riau
2022-04-20 00:00:00+00:00,25.68086,5.4,0.5048611,Riau
2022-04-21 00:00:00+00:00,26.210028,0.13333334,0.507,Riau
2022-04-22 00:00:00+00:00,26.912806,16.833334,0.50650007,Riau
2022-04-23 00:00:00+00:00,26.244055,14.566667,0.5074028,Riau
2022-04-24 00:00:00+00:00,26.301,12.266666,0.51020837,Riau
2022-04-25 00:00:00+00:00,25.866974,4.133333,0.51306945,Riau
2022-04-26 00:00:00+00:00,26.808638,1.3666668,0.51325,Riau
2022-04-27 00:00:00+00:00,26.23572,13.366669,0.5124583,Riau
2022-04-28 00:00:00+00:00,26.455164,7.7999997,0.5108473,Riau
2022-04-29 00:00:00+00:00,26.471832,12.133334,0.5082778,Riau
2022-04-30 00:00:00+00:00,26.223223,15.833333,0.5056389,Riau
2022-05-01 00:00:00+00:00,26.394747,3.0999997,0.5054306,Riau
2022-05-02 00:00:00+00:00,26.07878,16.833334,0.50563884,Riau
2022-05-03 00:00:00+00:00,26.160028,11.033334,0.50865275,Riau
2022-05-04 00:00:00+00:00,26.978775,1.1333333,0.5086667,Riau
2022-05-05 00:00:00+00:00,26.939888,5.6,0.5071805,Riau
2022-05-06 00:00:00+00:00,27.161417,1.2333333,0.5038611,Riau
2022-05-07 00:00:00+00:00,27.601,1.9666666,0.5008889,Riau
2022-05-08 00:00:00+00:00,27.205164,0.4,0.49836123,Riau
2022-05-09 00:00:00+00:00,27.189888,2.7,0.4951388,Riau
2022-05-10 00:00:00+00:00,27.250305,9.3,0.49247217,Riau
2022-05-11 00:00:00+00:00,27.090584,1.9333334,0.49093056,Riau
2022-05-12 00:00:00+00:00,27.93086,1.0333334,0.48865286,Riau
2022-05-13 00:00:00+00:00,28.09961,1.1666666,0.48551384,Riau
2022-05-14 00:00:00+00:00,28.228083,7.1666665,0.48104158,Riau
2022-05-15 00:00:00+00:00,26.877386,12.466667,0.47716665,Riau
2022-05-16 00:00:00+00:00,25.023918,9.733333,0.47526383,Riau
2022-05-17 00:00:00+00:00,26.791971,0.0,0.47275004,Riau
2022-05-18 00:00:00+00:00,28.310026,2.3333333,0.46940276,Riau
2022-05-19 00:00:00+00:00,26.994751,0.90000004,0.46695837,Riau
2022-05-20 00:00:00+00:00,26.612112,15.733335,0.46448603,Riau
2022-05-21 00:00:00+00:00,26.867668,4.4666667,0.46212503,Riau
2022-05-22 00:00:00+00:00,26.662806,6.7333336,0.4595138,Riau
2022-05-23 00:00:00+00:00,27.202387,2.6333334,0.45797217,Riau
2022-05-24 00:00:00+00:00,26.647528,14.599999,0.45631945,Riau
2022-05-25 00:00:00+00:00,23.54892,9.3,0.45531943,Riau
2022-05-26 00:00:00+00:00,26.346832,0.0,0.45415273,Riau
2022-05-27 00:00:00+00:00,26.69406,7.3666663,0.45163894,Riau
2022-05-28 00:00:00+00:00,26.651001,0.23333333,0.44886112,Riau
2022-05-29 00:00:00+00:00,27.412806,0.13333334,0.44537506,Riau
2022-05-30 00:00:00+00:00,27.723223,0.0,0.44173613,Riau
2022-05-31 00:00:00+00:00,28.136415,0.13333334,0.43808332,Riau
2022-06-01 00:00:00+00:00,27.296835,8.7,0.43425003,Riau
2022-06-02 00:00:00+00:00,26.394056,11.733333,0.4296666,Riau
2022-06-03 00:00:00+00:00,26.653778,2.3999999,0.4253471,Riau
2022-06-04 00:00:00+00:00,26.675303,7.4666667,0.42272222,Riau
2022-06-05 00:00:00+00:00,26.289194,3.1666667,0.42037502,Riau
2022-06-06 00:00:00+00:00,26.071833,8.666667,0.41813886,Riau
2022-06-07 00:00:00+00:00,26.187805,15.666667,0.41616666,Riau
2022-06-08 00:00:00+00:00,25.5885,4.2333336,0.41636118,Riau
2022-06-09 00:00:00+00:00,26.248917,6.933333,0.41649994,Riau
2022-06-10 00:00:00+00:00,26.236414,15.933333,0.41572222,Riau
2022-06-11 00:00:00+00:00,24.81489,17.733335,0.4165139,Riau
2022-06-12 00:00:00+00:00,25.586416,4.4333334,0.4183751,Riau
2022-06-13 00:00:00+00:00,25.684332,17.566668,0.419125,Riau
2022-06-14 00:00:00+00:00,25.961418,10.233333,0.4192083,Riau
2022-06-15 00:00:00+00:00,25.548918,5.233333,0.42194438,Riau
2022-06-16 00:00:00+00:00,26.336416,2.3333333,0.42248607,Riau
2022-06-17 00:00:00+00:00,25.362803,9.033334,0.42266667,Riau
2022-06-18 00:00:00+00:00,25.489191,5.533333,0.42298615,Riau
2022-06-19 00:00:00+00:00,25.734331,14.833335,0.4225416,Riau
2022-06-20 00:00:00+00:00,24.585028,0.6333334,0.42630556,Riau
2022-06-21 00:00:00+00:00,25.378082,13.5,0.42920828,Riau
2022-06-22 00:00:00+00:00,25.071833,13.433333,0.43368056,Riau
2022-06-23 00:00:00+00:00,24.876696,21.933334,0.43780556,Riau
2022-06-24 00:00:00+00:00,25.559334,12.733335,0.44166663,Riau
2022-06-25 00:00:00+00:00,26.141973,3.3333333,0.4429722,Riau
2022-06-26 00:00:00+00:00,26.786417,0.6333333,0.44333336,Riau
2022-06-27 00:00:00+00:00,26.798223,5.933333,0.44245827,Riau
2022-06-28 00:00:00+00:00,25.86003,9.133334,0.4412916,Riau
2022-06-29 00:00:00+00:00,26.51975,4.8,0.44070837,Riau
2022-06-30 00:00:00+00:00,26.249609,0.033333335,0.43930554,Riau
2022-07-01 00:00:00+00:00,26.712112,1.2333332,0.43770835,Riau
2022-07-02 00:00:00+00:00,26.61628,0.3,0.43576398,Riau
2022-07-03 00:00:00+00:00,27.136414,0.06666667,0.4338611,Riau
2022-07-04 00:00:00+00:00,27.743362,0.33333334,0.43205544,Riau
2022-07-05 00:00:00+00:00,27.117668,2.6333332,0.43138888,Riau
2022-07-06 00:00:00+00:00,26.180862,1.2,0.43002772,Riau
2022-07-07 00:00:00+00:00,27.06836,4.4666667,0.4273471,Riau
2022-07-08 00:00:00+00:00,27.829473,0.2,0.4243612,Riau
2022-07-09 00:00:00+00:00,28.336412,2.1000001,0.42140278,Riau
2022-07-10 00:00:00+00:00,27.128084,2.5333333,0.41902772,Riau
2022-07-11 00:00:00+00:00,26.935722,24.699999,0.41606942,Riau
2022-07-12 00:00:00+00:00,26.112112,3.0999997,0.41359726,Riau
2022-07-13 00:00:00+00:00,26.350998,7.2000003,0.41286108,Riau
2022-07-14 00:00:00+00:00,26.128082,6.200001,0.4116527,Riau
2022-07-15 00:00:00+00:00,27.212805,3.033333,0.41018057,Riau
2022-07-16 00:00:00+00:00,27.95725,0.0,0.40884718,Riau
2022-07-17 00:00:00+00:00,28.23642,0.0,0.40680555,Riau
2022-07-18 00:00:00+00:00,28.37322,1.0000001,0.40369442,Riau
2022-07-19 00:00:00+00:00,27.76211,2.8666668,0.40063885,Riau
2022-07-20 00:00:00+00:00,26.312113,0.7666666,0.39783335,Riau
2022-07-21 00:00:00+00:00,26.380857,13.266667,0.39608333,Riau
2022-07-22 00:00:00+00:00,25.434334,8.099999,0.39499998,Riau
2022-07-23 00:00:00+00:00,25.940582,15.400001,0.39462498,Riau
2022-07-24 00:00:00+00:00,24.82461,11.7,0.3947084,Riau
2022-07-25 00:00:00+00:00,25.782944,2.9333332,0.39465275,Riau
2022-07-26 00:00:00+00:00,25.851694,3.8666668,0.39487502,Riau
2022-07-27 00:00:00+00:00,26.24336,6.3333335,0.39444447,Riau
2022-07-28 00:00:00+00:00,26.528084,11.266667,0.39445838,Riau
2022-07-29 00:00:00+00:00,25.511414,2.4666667,0.3961389,Riau
2022-07-30 00:00:00+00:00,26.198915,1.8666667,0.39677778,Riau
2022-07-31 00:00:00+00:00,26.944748,6.2666664,0.39663896,Riau
2022-08-01 00:00:00+00:00,26.377388,13.200001,0.39609718,Riau
2022-08-02 00:00:00+00:00,25.514887,10.400001,0.39606944,Riau
2022-08-03 00:00:00+00:00,24.894056,10.7,0.39901388,Riau
2022-08-04 00:00:00+00:00,25.445444,0.16666667,0.40261117,Riau
2022-08-05 00:00:00+00:00,25.769753,0.033333335,0.40334725,Riau
2022-08-06 00:00:00+00:00,26.476,0.7333333,0.4036111,Riau
2022-08-07 00:00:00+00:00,26.055168,7.433334,0.40402773,Riau
2022-08-08 00:00:00+00:00,27.15864,0.4,0.40413883,Riau
2022-08-09 00:00:00+00:00,27.025305,1.3333334,0.403375,Riau
2022-08-10 00:00:00+00:00,26.716278,5.0333333,0.4019445,Riau
2022-08-11 00:00:00+00:00,28.05725,0.9333334,0.39984727,Riau
2022-08-12 00:00:00+00:00,26.190582,8.866666,0.3975694,Riau
2022-08-13 00:00:00+00:00,26.136415,1.5666666,0.39641657,Riau
2022-08-14 00:00:00+00:00,25.584335,5.633333,0.39600003,Riau
2022-08-15 00:00:00+00:00,26.630165,5.6666665,0.39483342,Riau
2022-08-16 00:00:00+00:00,26.498222,8.066667,0.3932639,Riau
2022-08-17 00:00:00+00:00,25.819748,13.233333,0.3924167,Riau
2022-08-18 00:00:00+00:00,25.600306,4.9,0.3938056,Riau
2022-08-19 00:00:00+00:00,26.871832,6.2333336,0.3947222,Riau
2022-08-20 00:00:00+00:00,25.156553,15.000001,0.39533338,Riau
2022-08-21 00:00:00+00:00,25.34822,8.066667,0.39756942,Riau
2022-08-22 00:00:00+00:00,26.11072,18.1,0.4019445,Riau
2022-08-23 00:00:00+00:00,25.037806,15.2,0.40870833,Riau
2022-08-24 00:00:00+00:00,25.366972,12.700001,0.41309723,Riau
2022-08-25 00:00:00+00:00,25.921835,13.600001,0.41608337,Riau
2022-08-26 00:00:00+00:00,25.585718,2.8666668,0.41987503,Riau
2022-08-27 00:00:00+00:00,25.810028,22.6,0.42119443,Riau
2022-08-28 00:00:00+00:00,25.071833,14.866666,0.4250833,Riau
2022-08-29 00:00:00+00:00,25.31003,13.3,0.43906942,Riau
2022-08-30 00:00:00+00:00,25.980864,0.23333335,0.44912502,Riau
2022-08-31 00:00:00+00:00,26.201002,18.6,0.4497917,Riau
2022-09-01 00:00:00+00:00,25.20378,12.366668,0.45252776,Riau
2022-09-02 00:00:00+00:00,25.601694,10.766667,0.45493054,Riau
2022-09-03 00:00:00+00:00,25.978083,0.33333334,0.45779166,Riau
2022-09-04 00:00:00+00:00,27.341972,1.9333334,0.45763886,Riau
2022-09-05 00:00:00+00:00,26.273916,5.2000003,0.45806944,Riau
2022-09-06 00:00:00+00:00,25.906557,14.100001,0.4587778,Riau
2022-09-07 00:00:00+00:00,25.00239,3.9333334,0.45961118,Riau
2022-09-08 00:00:00+00:00,26.14475,2.6000001,0.45863888,Riau
2022-09-09 00:00:00+00:00,26.211418,2.633333,0.45744443,Riau
2022-09-10 00:00:00+00:00,26.648916,0.6666667,0.45527768,Riau
2022-09-11 00:00:00+00:00,25.764887,2.3666666,0.45256948,Riau
2022-09-12 00:00:00+00:00,26.426,2.3,0.45131946,Riau
2022-09-13 00:00:00+00:00,25.606554,14.799998,0.45076397,Riau
2022-09-14 00:00:00+00:00,25.324608,7.7333336,0.45195833,Riau
2022-09-15 00:00:00+00:00,26.441973,3.2333333,0.45419455,Riau
2022-09-16 00:00:00+00:00,25.669748,10.3,0.45387492,Riau
2022-09-17 00:00:00+00:00,25.93225,19.2,0.45579162,Riau
2022-09-18 00:00:00+00:00,24.44336,9.233334,0.457625,Riau
2022-09-19 00:00:00+00:00,25.313501,13.966666,0.45972213,Riau
2022-09-20 00:00:00+00:00,25.872528,11.366666,0.46037504,Riau
2022-09-21 00:00:00+00:00,25.704473,28.9,0.46190274,Riau
2022-09-22 00:00:00+00:00,25.075998,2.533333,0.4691389,Riau
2022-09-23 00:00:00+00:00,26.59614,1.2666667,0.47076392,Riau
2022-09-24 00:00:00+00:00,26.619057,1.6,0.47011104,Riau
2022-09-25 00:00:00+00:00,26.544054,0.70000005,0.4685972,Riau
2022-09-26 00:00:00+00:00,26.862112,1.9333334,0.46770826,Riau
2022-09-27 00:00:00+00:00,26.363497,6.4,0.46687505,Riau
2022-09-28 00:00:00+00:00,26.295446,6.4,0.4654027,Riau
2022-09-29 00:00:00+00:00,25.712112,13.366666,0.4652916,Riau
2022-09-30 00:00:00+00:00,25.39614,12.933333,0.46588883,Riau
2022-10-01 00:00:00+00:00,25.54267,12.900001,0.46880555,Riau
2022-10-02 00:00:00+00:00,24.610025,6.6666665,0.47188887,Riau
2022-10-03 00:00:00+00:00,25.823915,20.066668,0.47518054,Riau
2022-10-04 00:00:00+00:00,25.862806,22.233332,0.48206946,Riau
2022-10-05 00:00:00+00:00,25.086416,6.0333333,0.4951527,Riau
2022-10-06 00:00:00+00:00,26.239195,3.4000003,0.49684724,Riau
2022-10-07 00:00:00+00:00,24.918364,6.6000004,0.49852768,Riau
2022-10-08 00:00:00+00:00,25.310028,0.9666667,0.5002223,Riau
2022-10-09 00:00:00+00:00,26.022528,10.533334,0.5021805,Riau
2022-10-10 00:00:00+00:00,25.16211,6.6666665,0.5044029,Riau
2022-10-11 00:00:00+00:00,25.478083,28.033333,0.50779164,Riau
2022-10-12 00:00:00+00:00,25.260027,5.066666,0.5161111,Riau
2022-10-13 00:00:00+00:00,25.914192,5.8333335,0.5154583,Riau
2022-10-14 00:00:00+00:00,25.219748,16.300001,0.5123472,Riau
2022-10-15 00:00:00+00:00,25.373919,17.133333,0.51638895,Riau
2022-10-16 00:00:00+00:00,25.69753,15.200001,0.52116674,Riau
2022-10-17 00:00:00+00:00,26.416277,0.7666667,0.52151394,Riau
2022-10-18 00:00:00+00:00,27.392664,1.2,0.5175,Riau
2022-10-19 00:00:00+00:00,27.576002,0.0,0.5122916,Riau
2022-10-20 00:00:00+00:00,27.33433,0.4666667,0.5082777,Riau
2022-10-21 00:00:00+00:00,26.951002,5.6666665,0.5051529,Riau
2022-10-22 00:00:00+00:00,26.634333,1.3666667,0.50170827,Riau
2022-10-23 00:00:00+00:00,26.3635,7.6333346,0.50126386,Riau
2022-10-24 00:00:00+00:00,25.473223,14.033334,0.49954167,Riau
2022-10-25 00:00:00+00:00,25.638498,12.166667,0.49788895,Riau
2022-10-26 00:00:00+00:00,25.283636,15.566667,0.4997917,Riau
2022-10-27 00:00:00+00:00,26.140585,8.866666,0.5015972,Riau
2022-10-28 00:00:00+00:00,26.08364,14.466667,0.50180554,Riau
2022-10-29 00:00:00+00:00,26.19197,12.600001,0.50233334,Riau
2022-10-30 00:00:00+00:00,25.365583,32.000004,0.5087361,Riau
2022-10-31 00:00:00+00:00,25.915583,6.5333343,0.51395833,Riau
2022-11-01 00:00:00+00:00,26.5635,5.5,0.512639,Riau
2022-11-02 00:00:00+00:00,26.016973,15.100001,0.5164306,Riau
2022-11-03 00:00:00+00:00,25.74475,9.966666,0.5152362,Riau
2022-11-04 00:00:00+00:00,26.31558,18.066666,0.5139167,Riau
2022-11-05 00:00:00+00:00,25.68572,2.7333333,0.5176527,Riau
2022-11-06 00:00:00+00:00,25.251001,14.766667,0.52061105,Riau
2022-11-07 00:00:00+00:00,25.91836,11.033333,0.5223889,Riau
2022-11-08 00:00:00+00:00,25.557945,12.2,0.5241945,Riau
2022-11-09 00:00:00+00:00,25.075998,22.366669,0.5300278,Riau
2022-11-10 00:00:00+00:00,24.91836,19.166666,0.53554153,Riau
2022-11-11 00:00:00+00:00,25.12739,20.333334,0.5388195,Riau
2022-11-12 00:00:00+00:00,25.326002,11.400001,0.5383055,Riau
2022-11-13 00:00:00+00:00,25.248222,44.766666,0.5395139,Riau
2022-11-14 00:00:00+00:00,25.355165,13.166667,0.5408612,Riau
2022-11-15 00:00:00+00:00,25.684332,3.1333332,0.5412083,Riau
2022-11-16 00:00:00+00:00,26.69336,5.6000004,0.537125,Riau
2022-11-17 00:00:00+00:00,26.545443,2.6999998,0.53293055,Riau
2022-11-18 00:00:00+00:00,26.173918,11.033333,0.52955556,Riau
2022-11-19 00:00:00+00:00,25.607252,2.2333333,0.5260417,Riau
2022-11-20 00:00:00+00:00,26.253082,9.766666,0.52306944,Riau
2022-11-21 00:00:00+00:00,26.628082,5.6000004,0.5235,Riau
2022-11-22 00:00:00+00:00,26.811417,4.4333334,0.5196111,Riau
2022-11-23 00:00:00+00:00,26.123917,6.6999993,0.5151528,Riau
2022-11-24 00:00:00+00:00,26.36975,9.066666,0.5113194,Riau
2022-11-25 00:00:00+00:00,26.108637,7.433333,0.5078472,Riau
2022-11-26 00:00:00+00:00,26.540583,14.033333,0.50401384,Riau
2022-11-27 00:00:00+00:00,26.099611,6.7999997,0.5010556,Riau
2022-11-28 00:00:00+00:00,25.915583,16.9,0.4995556,Riau
2022-11-29 00:00:00+00:00,25.316278,4.433333,0.50162506,Riau
2022-11-30 00:00:00+00:00,25.55725,16.266668,0.50313896,Riau
2022-12-01 00:00:00+00:00,25.140585,18.733334,0.5034445,Riau
2022-12-02 00:00:00+00:00,25.308634,3.8666666,0.5058611,Riau
2022-12-03 00:00:00+00:00,25.396135,9.266667,0.5063056,Riau
2022-12-04 00:00:00+00:00,25.455862,13.0666685,0.50850004,Riau
2022-12-05 00:00:00+00:00,25.232248,13.333333,0.5129166,Riau
2022-12-06 00:00:00+00:00,26.053083,15.966667,0.51825005,Riau
2022-12-07 00:00:00+00:00,26.356552,1.6,0.5183472,Riau
2022-12-08 00:00:00+00:00,25.645445,10.966666,0.5171527,Riau
2022-12-09 00:00:00+00:00,25.081553,3.2,0.5166805,Riau
2022-12-10 00:00:00+00:00,25.191973,25.300003,0.5178055,Riau
2022-12-11 00:00:00+00:00,24.323221,11.900001,0.52493066,Riau
2022-12-12 00:00:00+00:00,25.257944,27.9,0.52988887,Riau
2022-12-13 00:00:00+00:00,24.24267,36.633335,0.5442083,Riau
2022-12-14 00:00:00+00:00,24.724611,5.4666667,0.5467917,Riau
2022-12-15 00:00:00+00:00,24.794058,3.7333329,0.5467639,Riau
2022-12-16 00:00:00+00:00,25.91211,7.966667,0.5424028,Riau
2022-12-17 00:00:00+00:00,25.639887,9.066667,0.53738886,Riau
2022-12-18 00:00:00+00:00,25.347527,21.566666,0.53373617,Riau
2022-12-19 00:00:00+00:00,25.381556,4.3,0.534014,Riau
2022-12-20 00:00:00+00:00,25.820442,5.1666665,0.53226393,Riau
2022-12-21 00:00:00+00:00,25.69822,20.233335,0.5321111,Riau
2022-12-22 00:00:00+00:00,25.116974,0.9666667,0.5318611,Riau
2022-12-23 00:00:00+00:00,24.984335,5.566667,0.5308195,Riau
2022-12-24 00:00:00+00:00,25.830168,0.6666667,0.5291388,Riau
2022-12-25 00:00:00+00:00,26.387804,0.7,0.5260139,Riau
2022-12-26 00:00:00+00:00,26.076696,9.733333,0.5226667,Riau
2022-12-27 00:00:00+00:00,25.480864,9.233334,0.5195278,Riau
2022-12-28 00:00:00+00:00,24.867668,6.566667,0.5185417,Riau
2022-12-29 00:00:00+00:00,25.194748,3.7333333,0.5191389,Riau
2022-12-30 00:00:00+00:00,24.873917,9.833335,0.52041674,Riau
2022-12-31 00:00:00+00:00,25.581556,6.433334,0.5200278,Riau
2023-01-01 00:00:00+00:00,25.521835,3.4666665,0.51779175,Riau
2023-01-02 00:00:00+00:00,25.575304,2.4333334,0.5158611,Riau
2023-01-03 00:00:00+00:00,25.02114,6.2666664,0.51369447,Riau
2023-01-04 00:00:00+00:00,25.226694,2.6333332,0.5114722,Riau
2023-01-05 00:00:00+00:00,25.70864,1.9333334,0.50929165,Riau
2023-01-06 00:00:00+00:00,26.375305,0.86666673,0.5065278,Riau
2023-01-07 00:00:00+00:00,25.382254,9.8,0.5036944,Riau
2023-01-08 00:00:00+00:00,25.428085,7.366667,0.5000694,Riau
2023-01-09 00:00:00+00:00,26.098917,3.5999997,0.4963471,Riau
2023-01-10 00:00:00+00:00,25.57878,16.9,0.49340272,Riau
2023-01-11 00:00:00+00:00,24.858637,14.533333,0.49354172,Riau
2023-01-12 00:00:00+00:00,25.76211,9.900001,0.49475,Riau
2023-01-13 00:00:00+00:00,25.250305,9.166667,0.4962499,Riau
2023-01-14 00:00:00+00:00,25.520445,14.100001,0.49547228,Riau
2023-01-15 00:00:00+00:00,25.805166,7.7666664,0.49924994,Riau
2023-01-16 00:00:00+00:00,24.994751,11.866668,0.50002784,Riau
2023-01-17 00:00:00+00:00,24.437805,6.866667,0.5028472,Riau
2023-01-18 00:00:00+00:00,25.498917,4.3333335,0.5043611,Riau
2023-01-19 00:00:00+00:00,25.446833,4.1,0.50461096,Riau
2023-01-20 00:00:00+00:00,24.937805,11.066667,0.5062639,Riau
2023-01-21 00:00:00+00:00,24.453775,18.1,0.5129306,Riau
2023-01-22 00:00:00+00:00,24.678083,7.566666,0.51622224,Riau
2023-01-23 00:00:00+00:00,24.445444,19.900002,0.5245417,Riau
2023-01-24 00:00:00+00:00,23.548918,4.6,0.5319582,Riau
2023-01-25 00:00:00+00:00,24.321142,1.5000001,0.53727776,Riau
2023-01-26 00:00:00+00:00,25.450304,1.3666668,0.53629166,Riau
2023-01-27 00:00:00+00:00,25.623917,0.1,0.5336806,Riau
2023-01-28 00:00:00+00:00,25.039892,2.8666668,0.53099996,Riau
2023-01-29 00:00:00+00:00,25.046137,0.7666667,0.5279583,Riau
2023-01-30 00:00:00+00:00,24.80239,9.566667,0.52519447,Riau
2023-01-31 00:00:00+00:00,25.012804,1.9666666,0.52413887,Riau
2023-02-01 00:00:00+00:00,25.985723,8.033333,0.52373606,Riau
2023-02-02 00:00:00+00:00,25.614195,6.6333337,0.52154166,Riau
2023-02-03 00:00:00+00:00,26.71975,2.0666666,0.51873606,Riau
2023-02-04 00:00:00+00:00,25.89128,9.8,0.5164861,Riau
2023-02-05 00:00:00+00:00,25.170446,17.300001,0.5207639,Riau
2023-02-06 00:00:00+00:00,25.592667,0.0,0.51937515,Riau
2023-02-07 00:00:00+00:00,26.51072,0.0,0.5175834,Riau
2023-02-08 00:00:00+00:00,25.837805,14.866666,0.5157223,Riau
2023-02-09 00:00:00+00:00,25.815582,29.833336,0.51756936,Riau
2023-02-10 00:00:00+00:00,25.880167,2.466667,0.52715284,Riau
2023-02-11 00:00:00+00:00,25.669058,12.433333,0.52837497,Riau
2023-02-12 00:00:00+00:00,25.520445,8.000001,0.52825004,Riau
2023-02-13 00:00:00+00:00,25.73503,7.366667,0.5263055,Riau
2023-02-14 00:00:00+00:00,25.91072,11.8,0.52401394,Riau
2023-02-15 00:00:00+00:00,25.359335,5.799999,0.52219456,Riau
2023-02-16 00:00:00+00:00,25.966278,0.033333335,0.5197777,Riau
2023-02-17 00:00:00+00:00,26.337112,0.36666667,0.51694435,Riau
2023-02-18 00:00:00+00:00,26.43711,22.0,0.51468056,Riau
2023-02-19 00:00:00+00:00,24.973223,14.600001,0.51475,Riau
2023-02-20 00:00:00+00:00,24.996138,6.3666663,0.5155139,Riau
2023-02-21 00:00:00+00:00,25.354471,6.2000003,0.5162917,Riau
2023-02-22 00:00:00+00:00,25.13989,17.066668,0.51722217,Riau
2023-02-23 00:00:00+00:00,25.759336,16.0,0.5162917,Riau
2023-02-24 00:00:00+00:00,24.207945,17.9,0.52080566,Riau
2023-02-25 00:00:00+00:00,25.676,1.4666667,0.5192222,Riau
2023-02-26 00:00:00+00:00,25.52253,1.0333333,0.51730555,Riau
2023-02-27 00:00:00+00:00,25.094748,10.133334,0.51543057,Riau
2023-02-28 00:00:00+00:00,24.839193,13.566667,0.5141805,Riau
2023-03-01 00:00:00+00:00,23.296835,10.233334,0.5144444,Riau
2023-03-02 00:00:00+00:00,25.193365,10.266667,0.5174167,Riau
2023-03-03 00:00:00+00:00,24.178083,12.7,0.51951385,Riau
2023-03-04 00:00:00+00:00,24.348223,0.8333333,0.52668065,Riau
2023-03-05 00:00:00+00:00,25.223917,2.8,0.52552783,Riau
2023-03-06 00:00:00+00:00,25.461416,2.3666666,0.52340275,Riau
2023-03-07 00:00:00+00:00,26.14614,2.4333336,0.5202639,Riau
2023-03-08 00:00:00+00:00,26.240583,1.5333333,0.5164028,Riau
2023-03-09 00:00:00+00:00,25.651693,6.133333,0.5127638,Riau
2023-03-10 00:00:00+00:00,25.030167,14.400001,0.51038885,Riau
2023-03-11 00:00:00+00:00,24.914886,8.866667,0.50975007,Riau
2023-03-12 00:00:00+00:00,25.588501,14.933334,0.50912493,Riau
2023-03-13 00:00:00+00:00,24.414892,14.900001,0.5148472,Riau
2023-03-14 00:00:00+00:00,25.215582,0.90000004,0.5165,Riau
2023-03-15 00:00:00+00:00,26.080168,0.9333334,0.5146111,Riau
2023-03-16 00:00:00+00:00,26.058638,5.7333336,0.5121251,Riau
2023-03-17 00:00:00+00:00,26.256554,1.9333334,0.5099722,Riau
2023-03-18 00:00:00+00:00,26.825308,2.3333333,0.50784725,Riau
2023-03-19 00:00:00+00:00,26.888498,6.2666664,0.50402766,Riau
2023-03-20 00:00:00+00:00,25.653778,14.0666685,0.5007916,Riau
2023-03-21 00:00:00+00:00,25.215582,1.8000001,0.49884725,Riau
2023-03-22 00:00:00+00:00,27.192663,0.90000004,0.49723616,Riau
2023-03-23 00:00:00+00:00,25.899612,15.433334,0.49406937,Riau
2023-03-24 00:00:00+00:00,25.857248,11.299999,0.4911805,Riau
2023-03-25 00:00:00+00:00,25.800303,13.600001,0.48968056,Riau
2023-03-26 00:00:00+00:00,26.759336,6.0333333,0.48784718,Riau
2023-03-27 00:00:00+00:00,25.645445,3.3,0.4881388,Riau
2023-03-28 00:00:00+00:00,26.022528,7.2333336,0.4882083,Riau
2023-03-29 00:00:00+00:00,26.796835,1.6333333,0.48637497,Riau
2023-03-30 00:00:00+00:00,25.70933,7.1666665,0.4850277,Riau
2023-03-31 00:00:00+00:00,25.33989,6.4666667,0.4835277,Riau
2023-04-01 00:00:00+00:00,25.191277,19.066668,0.48409715,Riau
2023-04-02 00:00:00+00:00,26.087107,2.4,0.4896667,Riau
2023-04-03 00:00:00+00:00,25.325998,3.166667,0.49165273,Riau
2023-04-04 00:00:00+00:00,27.120443,0.90000004,0.4903612,Riau
2023-04-05 00:00:00+00:00,25.62322,11.033334,0.48848605,Riau
2023-04-06 00:00:00+00:00,25.894056,7.6,0.4883194,Riau
2023-04-07 00:00:00+00:00,26.170446,2.7666664,0.48808327,Riau
2023-04-08 00:00:00+00:00,26.01142,8.233334,0.48576388,Riau
2023-04-09 00:00:00+00:00,25.27114,9.200001,0.48431945,Riau
2023-04-10 00:00:00+00:00,26.500998,0.9333334,0.4827083,Riau
2023-04-11 00:00:00+00:00,27.4885,0.93333334,0.48097214,Riau
2023-04-12 00:00:00+00:00,26.605165,3.8,0.4793333,Riau
2023-04-13 00:00:00+00:00,27.254473,3.2333336,0.47698614,Riau
2023-04-14 00:00:00+00:00,26.938501,8.766666,0.47537497,Riau
2023-04-15 00:00:00+00:00,26.36072,7.6666665,0.47522223,Riau
2023-04-16 00:00:00+00:00,25.998222,21.533335,0.47422218,Riau
2023-04-17 00:00:00+00:00,27.269056,8.366667,0.47190273,Riau
2023-04-18 00:00:00+00:00,26.182251,12.466667,0.4700832,Riau
2023-04-19 00:00:00+00:00,26.494751,20.233334,0.46819448,Riau
2023-04-20 00:00:00+00:00,26.33711,6.5666676,0.4678472,Riau
2023-04-21 00:00:00+00:00,26.554472,14.900001,0.4675834,Riau
2023-04-22 00:00:00+00:00,26.59475,9.100001,0.46665284,Riau
2023-04-23 00:00:00+00:00,25.744751,18.633333,0.47576383,Riau
2023-04-24 00:00:00+00:00,26.37114,10.433333,0.47774997,Riau
2023-04-25 00:00:00+00:00,26.122528,4.6666665,0.47829172,Riau
2023-04-26 00:00:00+00:00,26.52947,3.8666668,0.4775695,Riau
2023-04-27 00:00:00+00:00,26.058638,13.399999,0.47645822,Riau
2023-04-28 00:00:00+00:00,26.4385,7.7333336,0.47577778,Riau
2023-04-29 00:00:00+00:00,26.866972,3.2,0.4755973,Riau
2023-04-30 00:00:00+00:00,26.34961,16.566668,0.47593054,Riau
2023-05-01 00:00:00+00:00,26.610031,9.633334,0.47461104,Riau
2023-05-02 00:00:00+00:00,27.301695,12.166667,0.4751389,Riau
2023-05-03 00:00:00+00:00,26.828081,13.5,0.4783195,Riau
2023-05-04 00:00:00+00:00,26.968359,12.400001,0.47901392,Riau
2023-05-05 00:00:00+00:00,26.76211,15.833333,0.47979167,Riau
2023-05-06 00:00:00+00:00,26.128082,28.233332,0.48230562,Riau
2023-05-07 00:00:00+00:00,26.414888,0.3,0.48412502,Riau
2023-05-08 00:00:00+00:00,27.529472,1.1666666,0.48373604,Riau
2023-05-09 00:00:00+00:00,27.73503,0.0,0.48281947,Riau
2023-05-10 00:00:00+00:00,28.060722,0.53333336,0.48134717,Riau
2023-05-11 00:00:00+00:00,27.353777,12.3,0.4793055,Riau
2023-05-12 00:00:00+00:00,26.608637,5.3,0.4785973,Riau
2023-05-13 00:00:00+00:00,27.836416,0.7666667,0.4778194,Riau
2023-05-14 00:00:00+00:00,27.710718,6.9666667,0.47554174,Riau
2023-05-15 00:00:00+00:00,27.244057,3.3666668,0.4737084,Riau
2023-05-16 00:00:00+00:00,27.608637,1.0666667,0.47180566,Riau
2023-05-17 00:00:00+00:00,26.794746,9.900001,0.4695556,Riau
2023-05-18 00:00:00+00:00,26.762804,5.533333,0.46698603,Riau
2023-05-19 00:00:00+00:00,25.930166,17.300001,0.4650834,Riau
2023-05-20 00:00:00+00:00,26.919058,9.433333,0.46263885,Riau
2023-05-21 00:00:00+00:00,26.115585,5.1,0.4615973,Riau
2023-05-22 00:00:00+00:00,26.001694,38.733334,0.4619167,Riau
2023-05-23 00:00:00+00:00,25.9885,1.3666667,0.46212506,Riau
2023-05-24 00:00:00+00:00,26.919752,3.3000002,0.4623611,Riau
2023-05-25 00:00:00+00:00,27.038498,8.566667,0.46109724,Riau
2023-05-26 00:00:00+00:00,26.076693,8.5,0.46169448,Riau
2023-05-27 00:00:00+00:00,26.05239,9.033333,0.461625,Riau
2023-05-28 00:00:00+00:00,26.364197,15.466667,0.4635,Riau
2023-05-29 00:00:00+00:00,27.223223,7.0333343,0.46347222,Riau
2023-05-30 00:00:00+00:00,27.055166,5.233334,0.46354172,Riau
2023-05-31 00:00:00+00:00,27.457247,11.766665,0.4626528,Riau
2023-06-01 00:00:00+00:00,26.134333,1.5333333,0.46573618,Riau
2023-06-02 00:00:00+00:00,27.606554,8.5,0.46531948,Riau
2023-06-03 00:00:00+00:00,26.803778,16.733335,0.4640834,Riau
2023-06-04 00:00:00+00:00,26.116974,6.2666664,0.4631805,Riau
2023-06-05 00:00:00+00:00,26.927391,5.0,0.4611528,Riau
2023-06-06 00:00:00+00:00,26.845444,2.2,0.4601389,Riau
2023-06-07 00:00:00+00:00,26.605864,0.5666667,0.458389,Riau
2023-06-08 00:00:00+00:00,27.189888,0.56666666,0.45716664,Riau
2023-06-09 00:00:00+00:00,27.026695,8.333333,0.45456934,Riau
2023-06-10 00:00:00+00:00,26.961416,7.5333333,0.45250002,Riau
2023-06-11 00:00:00+00:00,26.948914,12.3,0.45015278,Riau
2023-06-12 00:00:00+00:00,26.691969,1.1999999,0.44929162,Riau
2023-06-13 00:00:00+00:00,27.054474,8.400001,0.44866666,Riau
2023-06-14 00:00:00+00:00,26.872528,6.3000007,0.4468055,Riau
2023-06-15 00:00:00+00:00,27.13711,2.3666666,0.44613895,Riau
2023-06-16 00:00:00+00:00,27.726692,0.0,0.44515285,Riau
2023-06-17 00:00:00+00:00,27.67739,3.7000005,0.44318065,Riau
2023-06-18 00:00:00+00:00,27.692667,1.4,0.44099995,Riau
2023-06-19 00:00:00+00:00,27.526,2.4666667,0.4388472,Riau
2023-06-20 00:00:00+00:00,27.78225,0.1,0.4364722,Riau
2023-06-21 00:00:00+00:00,27.65795,7.3333335,0.4332222,Riau
2023-06-22 00:00:00+00:00,26.78364,18.300001,0.43009713,Riau
2023-06-23 00:00:00+00:00,25.641275,10.166667,0.42961112,Riau
2023-06-24 00:00:00+00:00,25.69961,13.100001,0.43127775,Riau
2023-06-25 00:00:00+00:00,25.675303,14.100001,0.43168053,Riau
2023-06-26 00:00:00+00:00,25.691278,16.533335,0.43299994,Riau
2023-06-27 00:00:00+00:00,25.919748,24.566666,0.42968056,Riau
2023-06-28 00:00:00+00:00,25.882944,6.233333,0.42995834,Riau
2023-06-29 00:00:00+00:00,26.890585,3.8,0.432875,Riau
2023-06-30 00:00:00+00:00,25.916277,16.466667,0.4363333,Riau
2023-07-01 00:00:00+00:00,26.691973,1.0666666,0.44129166,Riau
2023-07-02 00:00:00+00:00,26.954473,0.4,0.44229174,Riau
2023-07-03 00:00:00+00:00,26.96628,2.7333336,0.44272223,Riau
2023-07-04 00:00:00+00:00,26.821138,14.933333,0.44241664,Riau
2023-07-05 00:00:00+00:00,25.396833,9.266667,0.4427639,Riau
2023-07-06 00:00:00+00:00,25.71836,10.466666,0.44447222,Riau
2023-07-07 00:00:00+00:00,26.62808,15.400001,0.44644442,Riau
2023-07-08 00:00:00+00:00,26.23364,11.8,0.44701385,Riau
2023-07-09 00:00:00+00:00,25.5385,15.200001,0.45075002,Riau
2023-07-10 00:00:00+00:00,25.966974,5.8999996,0.4601945,Riau
2023-07-11 00:00:00+00:00,25.426,12.5,0.46876386,Riau
2023-07-12 00:00:00+00:00,26.035028,7.2999997,0.47070828,Riau
2023-07-13 00:00:00+00:00,26.174612,9.066667,0.47183335,Riau
2023-07-14 00:00:00+00:00,25.842665,2.4333332,0.47245833,Riau
2023-07-15 00:00:00+00:00,26.71975,0.06666667,0.4723612,Riau
2023-07-16 00:00:00+00:00,27.551695,0.06666667,0.4710835,Riau
2023-07-17 00:00:00+00:00,26.178083,11.5,0.47069445,Riau
2023-07-18 00:00:00+00:00,25.63989,15.033334,0.47112504,Riau
2023-07-19 00:00:00+00:00,26.114197,6.8666663,0.47055554,Riau
2023-07-20 00:00:00+00:00,25.263502,5.1333337,0.47011122,Riau
2023-07-21 00:00:00+00:00,27.06489,1.8000001,0.47005558,Riau
2023-07-22 00:00:00+00:00,27.334335,1.4666666,0.46948624,Riau
2023-07-23 00:00:00+00:00,26.26975,6.9,0.46824995,Riau
2023-07-24 00:00:00+00:00,26.754473,0.0,0.4664028,Riau
2023-07-25 00:00:00+00:00,27.570448,0.033333335,0.46358326,Riau
2023-07-26 00:00:00+00:00,27.914194,0.06666667,0.46034727,Riau
2023-07-27 00:00:00+00:00,28.026693,1.1666666,0.45738885,Riau
2023-07-28 00:00:00+00:00,28.31697,3.0,0.4547778,Riau
2023-07-29 00:00:00+00:00,27.759336,0.9666667,0.45241678,Riau
2023-07-30 00:00:00+00:00,27.415583,3.3,0.45088887,Riau
2023-07-31 00:00:00+00:00,26.965584,0.70000005,0.44987503,Riau
2023-08-01 00:00:00+00:00,26.71975,12.3,0.44773602,Riau
2023-08-02 00:00:00+00:00,27.338501,4.133333,0.44623616,Riau
2023-08-03 00:00:00+00:00,26.577387,3.3333337,0.44498608,Riau
2023-08-04 00:00:00+00:00,27.104471,2.4333332,0.44411102,Riau
2023-08-05 00:00:00+00:00,26.461416,5.2666664,0.44258332,Riau
2023-08-06 00:00:00+00:00,27.312805,0.29999998,0.4412222,Riau
2023-08-07 00:00:00+00:00,27.548914,4.5333333,0.4382639,Riau
2023-08-08 00:00:00+00:00,25.946833,6.733333,0.43402767,Riau
2023-08-09 00:00:00+00:00,25.902388,10.3,0.4319028,Riau
2023-08-10 00:00:00+00:00,25.789192,8.900001,0.43102774,Riau
2023-08-11 00:00:00+00:00,26.596136,10.866668,0.43058333,Riau
2023-08-12 00:00:00+00:00,25.878082,10.566667,0.430375,Riau
2023-08-13 00:00:00+00:00,25.605165,16.6,0.42972216,Riau
2023-08-14 00:00:00+00:00,25.48364,3.7333333,0.43027782,Riau
2023-08-15 00:00:00+00:00,26.217667,13.333333,0.43116665,Riau
2023-08-16 00:00:00+00:00,25.387804,20.133333,0.43141672,Riau
2023-08-17 00:00:00+00:00,25.49475,8.966667,0.43226394,Riau
2023-08-18 00:00:00+00:00,25.885721,18.066666,0.43308333,Riau
2023-08-19 00:00:00+00:00,25.12739,11.233334,0.43709728,Riau
2023-08-20 00:00:00+00:00,26.039886,14.200001,0.44022223,Riau
2023-08-21 00:00:00+00:00,25.049612,8.166667,0.44506952,Riau
2023-08-22 00:00:00+00:00,26.507944,2.9333332,0.44651392,Riau
2023-08-23 00:00:00+00:00,26.92878,1.2333332,0.44593063,Riau
2023-08-24 00:00:00+00:00,26.513498,10.633333,0.44473603,Riau
2023-08-25 00:00:00+00:00,25.307251,15.333333,0.44411114,Riau
2023-08-26 00:00:00+00:00,25.593363,9.033333,0.4454722,Riau
2023-08-27 00:00:00+00:00,26.45725,15.366668,0.44598606,Riau
2023-08-28 00:00:00+00:00,25.63989,9.766666,0.44761118,Riau
2023-08-29 00:00:00+00:00,26.008638,10.600001,0.44934723,Riau
2023-08-30 00:00:00+00:00,26.624609,3.7333333,0.45384717,Riau
2023-08-31 00:00:00+00:00,26.492662,4.4666667,0.4553194,Riau
2023-09-01 00:00:00+00:00,27.220444,0.2,0.4553056,Riau
2023-09-02 00:00:00+00:00,27.571142,0.1,0.45381948,Riau
2023-09-03 00:00:00+00:00,27.753082,0.6333334,0.45190272,Riau
2023-09-04 00:00:00+00:00,26.913498,12.933334,0.45033333,Riau
2023-09-05 00:00:00+00:00,26.293364,16.0,0.45047227,Riau
2023-09-06 00:00:00+00:00,24.864197,7.4999995,0.4609444,Riau
2023-09-07 00:00:00+00:00,26.31836,0.36666667,0.4655694,Riau
2023-09-08 00:00:00+00:00,25.986414,28.766668,0.46676382,Riau
2023-09-09 00:00:00+00:00,26.201696,7.3333335,0.46522212,Riau
2023-09-10 00:00:00+00:00,25.910723,11.600001,0.46409726,Riau
2023-09-11 00:00:00+00:00,26.887808,1.3666664,0.4613472,Riau
2023-09-12 00:00:00+00:00,27.63225,0.36666667,0.45862505,Riau
2023-09-13 00:00:00+00:00,27.610718,0.33333334,0.4564444,Riau
2023-09-14 00:00:00+00:00,27.67739,0.0,0.4538889,Riau
2023-09-15 00:00:00+00:00,27.66767,0.4,0.45206943,Riau
2023-09-16 00:00:00+00:00,27.948915,5.3000007,0.45109725,Riau
2023-09-17 00:00:00+00:00,26.79058,7.9666667,0.44712493,Riau
2023-09-18 00:00:00+00:00,26.444056,17.066666,0.4454861,Riau
2023-09-19 00:00:00+00:00,26.780167,7.9,0.44430563,Riau
2023-09-20 00:00:00+00:00,25.40239,17.133333,0.4430695,Riau
2023-09-21 00:00:00+00:00,26.064194,14.3,0.44177762,Riau
2023-09-22 00:00:00+00:00,25.626,7.8333335,0.44122216,Riau
2023-09-23 00:00:00+00:00,26.454473,3.3333333,0.4404305,Riau
2023-09-24 00:00:00+00:00,26.29267,1.1999999,0.43897223,Riau
2023-09-25 00:00:00+00:00,27.240583,0.1,0.43806946,Riau
2023-09-26 00:00:00+00:00,27.75586,0.13333334,0.43644443,Riau
2023-09-27 00:00:00+00:00,27.650305,0.90000004,0.4353888,Riau
2023-09-28 00:00:00+00:00,28.03156,0.0,0.4334722,Riau
2023-09-29 00:00:00+00:00,28.015581,10.7,0.4309167,Riau
2023-09-30 00:00:00+00:00,27.10864,2.3666668,0.4295555,Riau
2023-10-01 00:00:00+00:00,26.91211,10.033334,0.4294306,Riau
2023-10-02 00:00:00+00:00,27.03364,6.133333,0.42937496,Riau
2023-10-03 00:00:00+00:00,27.383636,1.1,0.42813888,Riau
2023-10-04 00:00:00+00:00,27.596138,6.2666664,0.42663887,Riau
2023-10-05 00:00:00+00:00,26.733637,8.0,0.4239861,Riau
2023-10-06 00:00:00+00:00,26.874613,11.5,0.4213055,Riau
2023-10-07 00:00:00+00:00,26.960724,5.366667,0.41848615,Riau
2023-10-08 00:00:00+00:00,27.628777,2.9333332,0.41672227,Riau
2023-10-09 00:00:00+00:00,26.366972,4.6000004,0.41486105,Riau
2023-10-10 00:00:00+00:00,26.401695,13.400001,0.4136527,Riau
2023-10-11 00:00:00+00:00,27.070444,4.0333333,0.4113889,Riau
2023-10-12 00:00:00+00:00,27.046835,7.2999997,0.40922216,Riau
2023-10-13 00:00:00+00:00,26.561417,16.266665,0.40831935,Riau
2023-10-14 00:00:00+00:00,27.466972,2.0333335,0.407375,Riau
2023-10-15 00:00:00+00:00,27.24614,2.6000001,0.40658328,Riau
2023-10-16 00:00:00+00:00,26.955862,9.8,0.4057083,Riau
2023-10-17 00:00:00+00:00,27.893362,0.36666667,0.4056944,Riau
2023-10-18 00:00:00+00:00,26.748917,6.3666663,0.40520838,Riau
2023-10-19 00:00:00+00:00,25.77947,28.133331,0.40512502,Riau
2023-10-20 00:00:00+00:00,25.971832,16.633333,0.4068611,Riau
2023-10-21 00:00:00+00:00,25.901001,24.166666,0.41244444,Riau
2023-10-22 00:00:00+00:00,25.85586,17.466667,0.4184028,Riau
2023-10-23 00:00:00+00:00,26.57669,3.2666667,0.42515278,Riau
2023-10-24 00:00:00+00:00,25.456553,13.233333,0.42904174,Riau
2023-10-25 00:00:00+00:00,25.58711,11.8,0.43620834,Riau
2023-10-26 00:00:00+00:00,25.898222,13.833332,0.43951383,Riau
2023-10-27 00:00:00+00:00,26.319754,7.566667,0.44427773,Riau
2023-10-28 00:00:00+00:00,26.839193,6.2000003,0.44490275,Riau
2023-10-29 00:00:00+00:00,25.251696,12.900002,0.4439583,Riau
2023-10-30 00:00:00+00:00,26.47322,10.400001,0.44459727,Riau
2023-10-31 00:00:00+00:00,25.728775,16.966667,0.44622228,Riau
2023-11-01 00:00:00+00:00,26.217669,13.633334,0.44768056,Riau
2023-11-02 00:00:00+00:00,25.881556,9.7,0.45233336,Riau
2023-11-03 00:00:00+00:00,26.715584,5.0333333,0.45231947,Riau
2023-11-04 00:00:00+00:00,26.14475,10.866668,0.45220837,Riau
2023-11-05 00:00:00+00:00,26.410723,11.066667,0.4589583,Riau
2023-11-06 00:00:00+00:00,26.202387,17.5,0.46525002,Riau
2023-11-07 00:00:00+00:00,25.709333,11.066667,0.46920836,Riau
2023-11-08 00:00:00+00:00,26.153778,9.266666,0.47056952,Riau
2023-11-09 00:00:00+00:00,25.643362,9.133332,0.4711806,Riau
2023-11-10 00:00:00+00:00,26.566277,8.400001,0.47201392,Riau
2023-11-11 00:00:00+00:00,26.568361,15.166667,0.4726945,Riau
2023-11-12 00:00:00+00:00,26.650305,11.133334,0.47325,Riau
2023-11-13 00:00:00+00:00,26.119055,27.866669,0.47473612,Riau
2023-11-14 00:00:00+00:00,25.618362,10.066667,0.48233333,Riau
2023-11-15 00:00:00+00:00,27.003778,14.599999,0.4833195,Riau
2023-11-16 00:00:00+00:00,26.446138,10.466667,0.48456943,Riau
2023-11-17 00:00:00+00:00,26.02461,5.8000007,0.4890556,Riau
2023-11-18 00:00:00+00:00,26.24614,16.233335,0.49143055,Riau
2023-11-19 00:00:00+00:00,25.82253,6.566666,0.49395838,Riau
2023-11-20 00:00:00+00:00,26.744055,5.633333,0.4964862,Riau
2023-11-21 00:00:00+00:00,25.624609,12.166668,0.49722227,Riau
2023-11-22 00:00:00+00:00,26.875303,1.8333335,0.50154173,Riau
2023-11-23 00:00:00+00:00,25.810028,21.633331,0.5124583,Riau
2023-11-24 00:00:00+00:00,25.548914,12.500001,0.5224306,Riau
2023-11-25 00:00:00+00:00,25.289888,12.333333,0.5234583,Riau
2023-11-26 00:00:00+00:00,25.909332,20.033335,0.5241249,Riau
2023-11-27 00:00:00+00:00,25.873917,8.733335,0.52488893,Riau
2023-11-28 00:00:00+00:00,26.105165,5.633333,0.5255834,Riau
2023-11-29 00:00:00+00:00,26.484335,24.33333,0.5244306,Riau
2023-11-30 00:00:00+00:00,25.773912,18.466667,0.529375,Riau
2023-12-01 00:00:00+00:00,25.43225,10.533334,0.53520834,Riau
2023-12-02 00:00:00+00:00,26.055166,11.266666,0.5339444,Riau
2023-12-03 00:00:00+00:00,25.832945,5.733334,0.53605556,Riau
2023-12-04 00:00:00+00:00,26.404472,0.7,0.53441674,Riau
2023-12-05 00:00:00+00:00,26.756554,24.733335,0.53084713,Riau
2023-12-06 00:00:00+00:00,25.211418,5.266667,0.5385,Riau
2023-12-07 00:00:00+00:00,26.091278,17.2,0.53647214,Riau
2023-12-08 00:00:00+00:00,26.448221,7.366667,0.5354028,Riau
2023-12-09 00:00:00+00:00,25.89614,9.5,0.5337083,Riau
2023-12-10 00:00:00+00:00,25.987806,9.766667,0.5330001,Riau
2023-12-11 00:00:00+00:00,26.325304,18.533335,0.53259724,Riau
2023-12-12 00:00:00+00:00,25.441278,9.233333,0.53951395,Riau
2023-12-13 00:00:00+00:00,26.592667,14.299998,0.5398333,Riau
2023-12-14 00:00:00+00:00,26.009333,4.1333337,0.54286104,Riau
2023-12-15 00:00:00+00:00,26.37947,13.666667,0.54077786,Riau
2023-12-16 00:00:00+00:00,25.641275,9.433333,0.5387917,Riau
2023-12-17 00:00:00+00:00,25.76211,24.333334,0.5393889,Riau
2023-12-18 00:00:00+00:00,25.316277,18.033333,0.5400138,Riau
2023-12-19 00:00:00+00:00,25.518358,14.333335,0.54406947,Riau
2023-12-20 00:00:00+00:00,25.803778,9.433333,0.5434166,Riau
2023-12-21 00:00:00+00:00,25.609331,15.033334,0.5446945,Riau
2023-12-22 00:00:00+00:00,25.378778,21.466667,0.54294443,Riau
2023-12-23 00:00:00+00:00,26.009333,10.333334,0.5400832,Riau
2023-12-24 00:00:00+00:00,25.68711,21.533335,0.5381944,Riau
2023-12-25 00:00:00+00:00,25.258636,19.133333,0.53845835,Riau
2023-12-26 00:00:00+00:00,24.6885,20.16667,0.54416674,Riau
2023-12-27 00:00:00+00:00,25.02739,26.233335,0.5415556,Riau
2023-12-28 00:00:00+00:00,25.11489,23.800001,0.54297227,Riau
2023-12-29 00:00:00+00:00,25.32461,22.433334,0.5430417,Riau
2023-12-30 00:00:00+00:00,25.461416,16.633333,0.54387504,Riau
2023-12-31 00:00:00+00:00,25.481558,20.000002,0.54377776,Riau
2024-01-01 00:00:00+00:00,26.032944,7.3999996,0.54329175,Riau
2024-01-02 00:00:00+00:00,26.088501,18.766665,0.5393194,Riau
2024-01-03 00:00:00+00:00,25.519053,6.3999996,0.5380833,Riau
2024-01-04 00:00:00+00:00,25.741974,3.7333333,0.5345556,Riau
2024-01-05 00:00:00+00:00,25.42322,19.800003,0.53290284,Riau
2024-01-06 00:00:00+00:00,24.695444,27.433332,0.54052776,Riau
2024-01-07 00:00:00+00:00,24.51628,7.1333337,0.54226375,Riau
2024-01-08 00:00:00+00:00,25.159334,21.199999,0.5422499,Riau
2024-01-09 00:00:00+00:00,25.378778,20.966667,0.54745835,Riau
2024-01-10 00:00:00+00:00,24.916277,14.566667,0.55066663,Riau
2024-01-11 00:00:00+00:00,25.17739,17.666666,0.54640275,Riau
2024-01-12 00:00:00+00:00,24.898916,16.033335,0.543375,Riau
2024-01-13 00:00:00+00:00,26.143362,4.833333,0.54034716,Riau
2024-01-14 00:00:00+00:00,25.862108,7.733333,0.535,Riau
2024-01-15 00:00:00+00:00,25.566278,21.400002,0.5298612,Riau
2024-01-16 00:00:00+00:00,25.13503,22.533335,0.53155553,Riau
2024-01-17 00:00:00+00:00,24.801695,31.466665,0.53901386,Riau
2024-01-18 00:00:00+00:00,24.821833,29.333334,0.54140276,Riau
2024-01-19 00:00:00+00:00,25.271835,10.700001,0.53865284,Riau
2024-01-20 00:00:00+00:00,25.97114,2.1333332,0.53816664,Riau
2024-01-21 00:00:00+00:00,26.689888,5.0666666,0.53273606,Riau
2024-01-22 00:00:00+00:00,27.116278,7.2999997,0.5264861,Riau
2024-01-23 00:00:00+00:00,25.439194,22.800001,0.52624995,Riau
2024-01-24 00:00:00+00:00,25.478775,26.300001,0.5258611,Riau
2024-01-25 00:00:00+00:00,25.393362,18.566668,0.52672225,Riau
2024-01-26 00:00:00+00:00,25.224611,13.466667,0.5258751,Riau
2024-01-27 00:00:00+00:00,25.20378,17.300001,0.515,Riau
2024-01-28 00:00:00+00:00,25.65725,5.3333335,0.51163894,Riau
2024-01-29 00:00:00+00:00,26.03086,3.1666667,0.5075,Riau
2024-01-30 00:00:00+00:00,26.189888,3.3999999,0.5046944,Riau
2024-01-31 00:00:00+00:00,26.41211,1.8000001,0.50151384,Riau
2024-02-01 00:00:00+00:00,26.136414,8.933333,0.4984722,Riau
2024-02-02 00:00:00+00:00,25.477388,20.866667,0.49631944,Riau
2024-02-03 00:00:00+00:00,25.45864,12.333335,0.49458337,Riau
2024-02-04 00:00:00+00:00,26.603083,3.6000001,0.49590278,Riau
2024-02-05 00:00:00+00:00,25.922525,17.5,0.49418044,Riau
2024-02-06 00:00:00+00:00,26.603777,10.033334,0.49259722,Riau
2024-02-07 00:00:00+00:00,26.19961,21.333334,0.48999992,Riau
2024-02-08 00:00:00+00:00,26.326693,14.866668,0.48831952,Riau
2024-02-09 00:00:00+00:00,25.459333,12.433334,0.49049997,Riau
2024-02-10 00:00:00+00:00,26.850306,2.2666667,0.4897777,Riau
2024-02-11 00:00:00+00:00,26.343363,5.6000004,0.48666656,Riau
2024-02-12 00:00:00+00:00,26.933638,2.9666665,0.48311105,Riau
2024-02-13 00:00:00+00:00,26.251,11.533334,0.47984728,Riau
2024-02-14 00:00:00+00:00,25.477388,24.366667,0.47925004,Riau
2024-02-15 00:00:00+00:00,25.370443,16.833334,0.4815,Riau
2024-02-16 00:00:00+00:00,25.758638,8.933334,0.48498616,Riau
2024-02-17 00:00:00+00:00,25.88225,8.733334,0.4916388,Riau
2024-02-18 00:00:00+00:00,26.804472,15.600001,0.49015284,Riau
2024-02-19 00:00:00+00:00,26.778778,11.033333,0.48891664,Riau
2024-02-20 00:00:00+00:00,26.194056,16.500002,0.48819456,Riau
2024-02-21 00:00:00+00:00,26.679472,7.200001,0.48616672,Riau
2024-02-22 00:00:00+00:00,26.784332,2.2333333,0.48454165,Riau
2024-02-23 00:00:00+00:00,26.196833,17.066668,0.48295835,Riau
2024-02-24 00:00:00+00:00,25.797525,8.933333,0.48588896,Riau
2024-02-25 00:00:00+00:00,26.12114,6.566666,0.48543063,Riau
2024-02-26 00:00:00+00:00,27.276001,2.5333335,0.48430553,Riau
2024-02-27 00:00:00+00:00,27.198221,4.9,0.48145834,Riau
2024-02-28 00:00:00+00:00,27.101698,2.6333332,0.47918057,Riau
2024-02-29 00:00:00+00:00,27.531555,2.4666667,0.47651386,Riau
2024-03-01 00:00:00+00:00,28.013498,7.066667,0.47376385,Riau
2024-03-02 00:00:00+00:00,26.21003,31.033333,0.4706527,Riau
2024-03-03 00:00:00+00:00,25.4885,25.966665,0.4700694,Riau
2024-03-04 00:00:00+00:00,25.919748,9.333334,0.47230557,Riau
2024-03-05 00:00:00+00:00,26.014196,20.499998,0.47943053,Riau
2024-03-06 00:00:00+00:00,26.71836,22.800001,0.48194435,Riau
2024-03-07 00:00:00+00:00,25.929474,29.4,0.48544443,Riau
2024-03-08 00:00:00+00:00,25.93711,7.833334,0.4902917,Riau
2024-03-09 00:00:00+00:00,25.716972,4.6,0.49100003,Riau
2024-03-10 00:00:00+00:00,26.08989,11.666665,0.49220833,Riau
2024-03-11 00:00:00+00:00,27.104475,1.1333333,0.4962778,Riau
2024-03-12 00:00:00+00:00,27.93225,0.43333337,0.49408332,Riau
2024-03-13 00:00:00+00:00,27.914192,0.8666666,0.49093056,Riau
2024-03-14 00:00:00+00:00,27.389196,1.0666666,0.48720828,Riau
2024-03-15 00:00:00+00:00,27.617666,1.2333332,0.4836111,Riau
2024-03-16 00:00:00+00:00,27.101694,2.6000001,0.4811389,Riau
2024-03-17 00:00:00+00:00,27.27461,1.2333333,0.4799583,Riau
2024-03-18 00:00:00+00:00,27.478777,2.1333332,0.47722232,Riau
2024-03-19 00:00:00+00:00,27.037111,7.4999995,0.47334722,Riau
2024-03-20 00:00:00+00:00,26.094055,13.866668,0.46933326,Riau
2024-03-21 00:00:00+00:00,26.59475,5.3999996,0.4667362,Riau
2024-03-22 00:00:00+00:00,27.51975,7.5333333,0.4644445,Riau
2024-03-23 00:00:00+00:00,27.041277,2.8000002,0.46202788,Riau
2024-03-24 00:00:00+00:00,27.001,13.966667,0.45947218,Riau
2024-03-25 00:00:00+00:00,27.36003,9.2,0.45820832,Riau
2024-03-26 00:00:00+00:00,27.305862,4.8333335,0.45995834,Riau
2024-03-27 00:00:00+00:00,27.510725,3.8333333,0.4600278,Riau
2024-03-28 00:00:00+00:00,27.43711,4.0666666,0.45900008,Riau
2024-03-29 00:00:00+00:00,26.819748,11.066667,0.4562223,Riau
2024-03-30 00:00:00+00:00,26.780167,17.633333,0.45425007,Riau
2024-03-31 00:00:00+00:00,26.914888,22.299997,0.45152783,Riau
2024-04-01 00:00:00+00:00,26.575302,27.9,0.44965282,Riau
2024-04-02 00:00:00+00:00,27.653778,4.3333335,0.44995832,Riau
2024-04-03 00:00:00+00:00,26.562109,9.133334,0.448361,Riau
2024-04-04 00:00:00+00:00,27.05586,7.133333,0.44743052,Riau
2024-04-05 00:00:00+00:00,27.006556,17.1,0.44694445,Riau
2024-04-06 00:00:00+00:00,26.916971,6.566667,0.44681942,Riau
2024-04-07 00:00:00+00:00,26.982946,8.666667,0.44558334,Riau
2024-04-08 00:00:00+00:00,27.19336,22.700003,0.44520834,Riau
2024-04-09 00:00:00+00:00,26.23572,26.300001,0.4446667,Riau
2024-04-10 00:00:00+00:00,26.3635,14.833333,0.44833335,Riau
2024-04-11 00:00:00+00:00,26.039192,7.1,0.45122227,Riau
2024-04-12 00:00:00+00:00,26.559332,2.5,0.45313892,Riau
2024-04-13 00:00:00+00:00,27.350998,6.633333,0.45156947,Riau
2024-04-14 00:00:00+00:00,26.861414,7.866667,0.44923624,Riau
2024-04-15 00:00:00+00:00,26.750307,9.533335,0.44872215,Riau
2024-04-16 00:00:00+00:00,26.06836,23.933332,0.45152783,Riau
2024-04-17 00:00:00+00:00,26.665583,10.3,0.46322227,Riau
2024-04-18 00:00:00+00:00,26.845444,9.7,0.4678056,Riau
2024-04-19 00:00:00+00:00,27.012804,20.900002,0.46850005,Riau
2024-04-20 00:00:00+00:00,26.280167,11.966664,0.4752361,Riau
2024-04-21 00:00:00+00:00,27.030167,22.266668,0.48202786,Riau
2024-04-22 00:00:00+00:00,26.267668,6.7333336,0.48373607,Riau
2024-04-23 00:00:00+00:00,27.23503,11.366666,0.48359725,Riau
2024-04-24 00:00:00+00:00,27.282944,4.5666666,0.48627773,Riau
2024-04-25 00:00:00+00:00,26.613497,22.233332,0.489125,Riau
2024-04-26 00:00:00+00:00,26.948221,27.866667,0.4947361,Riau
2024-04-27 00:00:00+00:00,26.80725,13.033333,0.49733338,Riau
2024-04-28 00:00:00+00:00,28.263502,3.9333334,0.49468055,Riau
2024-04-29 00:00:00+00:00,28.23086,2.966667,0.4921111,Riau
2024-04-30 00:00:00+00:00,27.726692,19.066668,0.48972216,Riau
2024-05-01 00:00:00+00:00,26.868362,10.333333,0.48702776,Riau
2024-05-02 00:00:00+00:00,27.562113,15.666667,0.48509732,Riau
2024-05-03 00:00:00+00:00,26.487806,20.133335,0.48406944,Riau
2024-05-04 00:00:00+00:00,25.85864,1.9000001,0.4844861,Riau
2024-05-05 00:00:00+00:00,27.679474,2.1333332,0.48365283,Riau
2024-05-06 00:00:00+00:00,27.182943,16.199999,0.4825139,Riau
2024-05-07 00:00:00+00:00,26.725306,25.266668,0.48629165,Riau
2024-05-08 00:00:00+00:00,26.74475,8.366668,0.49256942,Riau
2024-05-09 00:00:00+00:00,27.522528,9.099999,0.49388885,Riau
2024-05-10 00:00:00+00:00,27.071136,13.500001,0.49454156,Riau
2024-05-11 00:00:00+00:00,26.54753,23.400002,0.49619445,Riau
2024-05-12 00:00:00+00:00,27.314194,10.599999,0.5015278,Riau
2024-05-13 00:00:00+00:00,27.15586,15.466667,0.5015138,Riau
2024-05-14 00:00:00+00:00,27.137808,13.3,0.50075,Riau
2024-05-15 00:00:00+00:00,27.480864,2.0666668,0.49952784,Riau
2024-05-16 00:00:00+00:00,26.623222,11.033333,0.49913883,Riau
2024-05-17 00:00:00+00:00,27.531555,6.2000003,0.49981943,Riau
2024-05-18 00:00:00+00:00,27.41211,4.0666666,0.4986806,Riau
2024-05-19 00:00:00+00:00,28.012114,9.299999,0.4958333,Riau
2024-05-20 00:00:00+00:00,27.262808,6.4666667,0.49348605,Riau
2024-05-21 00:00:00+00:00,27.342667,10.566667,0.49305558,Riau
2024-05-22 00:00:00+00:00,26.446833,38.3,0.4993194,Riau
2024-05-23 00:00:00+00:00,27.698221,6.3333335,0.49951386,Riau
2024-05-24 00:00:00+00:00,26.93989,7.9,0.5021806,Riau
2024-05-25 00:00:00+00:00,27.260725,10.866668,0.5041111,Riau
2024-05-26 00:00:00+00:00,26.830168,0.5,0.5049723,Riau
2024-05-27 00:00:00+00:00,27.95378,2.8333333,0.50120825,Riau
2024-05-28 00:00:00+00:00,27.489885,14.966667,0.49712506,Riau
2024-05-29 00:00:00+00:00,27.087805,19.866667,0.4967639,Riau
2024-05-30 00:00:00+00:00,27.714197,2.1333334,0.4957223,Riau
2024-05-31 00:00:00+00:00,26.431555,16.533333,0.4945,Riau
2024-06-01 00:00:00+00:00,26.37322,9.533334,0.49354163,Riau
2024-06-02 00:00:00+00:00,26.39614,14.5,0.49225006,Riau
2024-06-03 00:00:00+00:00,26.607248,15.333333,0.49434724,Riau
2024-06-04 00:00:00+00:00,26.48086,13.333335,0.49475002,Riau
2024-06-05 00:00:00+00:00,27.639196,10.433333,0.49429163,Riau
2024-06-06 00:00:00+00:00,25.429474,21.166666,0.49674997,Riau
2024-06-07 00:00:00+00:00,27.19961,3.7,0.49734727,Riau
2024-06-08 00:00:00+00:00,26.487803,7.6999993,0.4963611,Riau
2024-06-09 00:00:00+00:00,26.04336,4.1333337,0.49593058,Riau
2024-06-10 00:00:00+00:00,27.724611,1.1,0.49444446,Riau
2024-06-11 00:00:00+00:00,27.268362,10.366667,0.49191657,Riau
2024-06-12 00:00:00+00:00,26.585024,14.400001,0.49043068,Riau
2024-06-13 00:00:00+00:00,26.807945,9.633334,0.48956951,Riau
2024-06-14 00:00:00+00:00,26.742666,12.066667,0.48979172,Riau
2024-06-15 00:00:00+00:00,26.860723,4.4,0.48959717,Riau
2024-06-16 00:00:00+00:00,25.924612,6.433334,0.48954168,Riau
2024-06-17 00:00:00+00:00,26.721832,1.0666666,0.48855558,Riau
2024-06-18 00:00:00+00:00,26.680862,1.7666665,0.48729166,Riau
2024-06-19 00:00:00+00:00,26.993357,7.533333,0.48591673,Riau
2024-06-20 00:00:00+00:00,26.42253,7.1666665,0.48504177,Riau
2024-06-21 00:00:00+00:00,25.582945,14.466667,0.4871806,Riau
2024-06-22 00:00:00+00:00,24.587805,0.6,0.49119452,Riau
2024-06-23 00:00:00+00:00,26.912806,0.16666667,0.49083325,Riau
2024-06-24 00:00:00+00:00,27.525305,0.1,0.4889584,Riau
2024-06-25 00:00:00+00:00,27.765585,6.566667,0.4867084,Riau
2024-06-26 00:00:00+00:00,26.77947,8.0,0.4850417,Riau
2024-06-27 00:00:00+00:00,25.954473,7.866667,0.48258343,Riau
2024-06-28 00:00:00+00:00,26.38989,10.500001,0.48118052,Riau
2024-06-29 00:00:00+00:00,26.38086,13.966667,0.47988883,Riau
2024-06-30 00:00:00+00:00,25.971832,0.6666667,0.47908345,Riau
2024-07-01 00:00:00+00:00,26.188501,9.233334,0.47825003,Riau
2024-07-02 00:00:00+00:00,27.503082,0.33333334,0.47586116,Riau
2024-07-03 00:00:00+00:00,27.656553,7.2666664,0.47298607,Riau
2024-07-04 00:00:00+00:00,26.896833,1.5333333,0.47031942,Riau
2024-07-05 00:00:00+00:00,26.464888,2.7666667,0.46672222,Riau
2024-07-06 00:00:00+00:00,25.768362,5.8666663,0.46345833,Riau
2024-07-07 00:00:00+00:00,26.28225,8.8,0.46076384,Riau
2024-07-08 00:00:00+00:00,25.42322,3.8999999,0.4588612,Riau
2024-07-09 00:00:00+00:00,26.108637,16.433334,0.45862496,Riau
2024-07-10 00:00:00+00:00,25.575998,3.8333333,0.45920837,Riau
2024-07-11 00:00:00+00:00,26.806557,0.6333333,0.45866665,Riau
2024-07-12 00:00:00+00:00,26.05864,4.1,0.45744446,Riau
2024-07-13 00:00:00+00:00,27.11003,4.0333333,0.455125,Riau
2024-07-14 00:00:00+00:00,25.841278,4.7999997,0.45291662,Riau
2024-07-15 00:00:00+00:00,27.234335,0.13333334,0.45116663,Riau
2024-07-16 00:00:00+00:00,27.57461,0.36666667,0.44868055,Riau
2024-07-17 00:00:00+00:00,27.730864,1.6666666,0.4464445,Riau
2024-07-18 00:00:00+00:00,28.134333,0.0,0.44401386,Riau
2024-07-19 00:00:00+00:00,28.327387,0.16666667,0.44119444,Riau
2024-07-20 00:00:00+00:00,28.423223,0.0,0.43852782,Riau
2024-07-21 00:00:00+00:00,28.764193,0.0,0.43584716,Riau
2024-07-22 00:00:00+00:00,28.850306,0.06666667,0.43326402,Riau
2024-07-23 00:00:00+00:00,28.942667,0.16666667,0.43027773,Riau
2024-07-24 00:00:00+00:00,28.691277,0.0,0.4263889,Riau
2024-07-25 00:00:00+00:00,28.684332,0.0,0.42266664,Riau
2024-07-26 00:00:00+00:00,28.534334,0.0,0.42115283,Riau
2024-07-27 00:00:00+00:00,29.00725,0.0,0.4195695,Riau
2024-07-28 00:00:00+00:00,29.235723,0.2,0.41730556,Riau
2024-07-29 00:00:00+00:00,27.859335,4.4333334,0.41490272,Riau
2024-07-30 00:00:00+00:00,28.130167,2.1666667,0.41213882,Riau
2024-07-31 00:00:00+00:00,26.232943,8.2,0.41033328,Riau
2024-08-01 00:00:00+00:00,27.806557,7.3000007,0.40787506,Riau
2024-08-02 00:00:00+00:00,26.91767,20.766666,0.4057639,Riau
2024-08-03 00:00:00+00:00,26.503777,16.1,0.40430555,Riau
2024-08-04 00:00:00+00:00,25.678083,8.633334,0.4031389,Riau
2024-08-05 00:00:00+00:00,26.201002,10.666668,0.40080544,Riau
2024-08-06 00:00:00+00:00,26.839888,4.7666664,0.39904165,Riau
2024-08-07 00:00:00+00:00,25.576696,17.066668,0.39933336,Riau
2024-08-08 00:00:00+00:00,26.5385,1.5333333,0.40026388,Riau
2024-08-09 00:00:00+00:00,26.131556,7.933333,0.4003472,Riau
2024-08-10 00:00:00+00:00,26.151693,18.333334,0.40016672,Riau
2024-08-11 00:00:00+00:00,25.936415,12.866668,0.4071389,Riau
2024-08-12 00:00:00+00:00,27.171137,0.06666667,0.41123617,Riau
2024-08-13 00:00:00+00:00,27.150305,0.86666673,0.41062495,Riau
2024-08-14 00:00:00+00:00,27.235025,1.7999998,0.40997216,Riau
2024-08-15 00:00:00+00:00,26.228083,17.133333,0.40861115,Riau
2024-08-16 00:00:00+00:00,26.011415,4.1666665,0.40926394,Riau
2024-08-17 00:00:00+00:00,26.757944,4.6333337,0.41094446,Riau
2024-08-18 00:00:00+00:00,26.682251,7.8333335,0.41125,Riau
2024-08-19 00:00:00+00:00,26.023916,25.833334,0.41298607,Riau
2024-08-20 00:00:00+00:00,24.294748,7.966667,0.42406943,Riau
2024-08-21 00:00:00+00:00,25.243362,7.966667,0.42787495,Riau
2024-08-22 00:00:00+00:00,25.623917,11.866668,0.43031946,Riau
2024-08-23 00:00:00+00:00,24.909332,25.9,0.43656948,Riau
2024-08-24 00:00:00+00:00,25.212807,5.3999996,0.44361106,Riau
2024-08-25 00:00:00+00:00,25.383636,9.166667,0.44580555,Riau
2024-08-26 00:00:00+00:00,25.545443,13.033333,0.44797215,Riau
2024-08-27 00:00:00+00:00,25.387802,17.933332,0.45155558,Riau
2024-08-28 00:00:00+00:00,26.515585,0.53333336,0.4540694,Riau
2024-08-29 00:00:00+00:00,26.762802,1.7666665,0.45331946,Riau
2024-08-30 00:00:00+00:00,27.13989,2.3,0.4511528,Riau
2024-08-31 00:00:00+00:00,26.776,7.7999997,0.44944444,Riau
2024-09-01 00:00:00+00:00,27.071833,5.566666,0.44793054,Riau
2024-09-02 00:00:00+00:00,27.055862,6.066667,0.44537497,Riau
2024-09-03 00:00:00+00:00,27.294058,13.5,0.4435,Riau
2024-09-04 00:00:00+00:00,25.682943,6.933333,0.44248614,Riau
2024-09-05 00:00:00+00:00,26.617666,8.2,0.4407777,Riau
2024-09-06 00:00:00+00:00,27.490583,12.433333,0.43929163,Riau
2024-09-07 00:00:00+00:00,27.009333,13.866668,0.43790278,Riau
2024-09-08 00:00:00+00:00,26.74961,11.700001,0.4393055,Riau
2024-09-09 00:00:00+00:00,26.093359,19.066668,0.44258332,Riau
2024-09-10 00:00:00+00:00,26.081558,0.33333334,0.4524723,Riau
2024-09-11 00:00:00+00:00,26.415583,18.499998,0.4566667,Riau
2024-09-12 00:00:00+00:00,25.523916,8.733335,0.4609444,Riau
2024-09-13 00:00:00+00:00,26.63503,5.0333333,0.46184728,Riau
2024-09-14 00:00:00+00:00,26.685722,4.1666665,0.46068057,Riau
2024-09-15 00:00:00+00:00,26.127388,10.333333,0.4595972,Riau
2024-09-16 00:00:00+00:00,27.30239,0.16666667,0.45777777,Riau
2024-09-17 00:00:00+00:00,26.175303,17.333334,0.45569447,Riau
2024-09-18 00:00:00+00:00,26.612806,4.133333,0.4533055,Riau
2024-09-19 00:00:00+00:00,27.594748,0.4,0.4511805,Riau
2024-09-20 00:00:00+00:00,27.83989,1.1333332,0.4484028,Riau
2024-09-21 00:00:00+00:00,27.250305,0.06666667,0.44508335,Riau
2024-09-22 00:00:00+00:00,28.679474,0.4,0.44236103,Riau
2024-09-23 00:00:00+00:00,27.283638,23.66667,0.43925,Riau
2024-09-24 00:00:00+00:00,26.38989,10.433333,0.43790278,Riau
2024-09-25 00:00:00+00:00,25.944056,32.366665,0.43773612,Riau
2024-09-26 00:00:00+00:00,24.807251,4.9,0.44581947,Riau
2024-09-27 00:00:00+00:00,26.393362,30.366669,0.44913888,Riau
2024-09-28 00:00:00+00:00,25.872522,3.2,0.4528611,Riau
2024-09-29 00:00:00+00:00,25.44058,22.466667,0.45806944,Riau
2024-09-30 00:00:00+00:00,26.039892,8.900001,0.46573615,Riau
2024-10-01 00:00:00+00:00,26.22322,2.2,0.46697226,Riau
2024-10-02 00:00:00+00:00,25.921143,17.9,0.4671944,Riau
2024-10-03 00:00:00+00:00,25.728777,15.633334,0.46836114,Riau
2024-10-04 00:00:00+00:00,25.27114,19.066668,0.47705555,Riau
2024-10-05 00:00:00+00:00,25.426,21.6,0.48904166,Riau
2024-10-06 00:00:00+00:00,25.548223,3.4333336,0.5090416,Riau
2024-10-07 00:00:00+00:00,26.737112,2.6666667,0.5135973,Riau
2024-10-08 00:00:00+00:00,27.121138,2.2333333,0.51441664,Riau
2024-10-09 00:00:00+00:00,26.876,20.4,0.5124445,Riau
2024-10-10 00:00:00+00:00,25.888498,8.4,0.5175694,Riau
2024-10-11 00:00:00+00:00,26.30308,20.566668,0.52055556,Riau
2024-10-12 00:00:00+00:00,25.669052,29.266665,0.5340139,Riau
2024-10-13 00:00:00+00:00,26.474611,11.833335,0.5402917,Riau
2024-10-14 00:00:00+00:00,26.886415,0.4666667,0.53813887,Riau
2024-10-15 00:00:00+00:00,25.454473,3.0999997,0.53555554,Riau
2024-10-16 00:00:00+00:00,26.95864,12.266666,0.53238887,Riau
2024-10-17 00:00:00+00:00,27.041277,13.266667,0.5286111,Riau
2024-10-18 00:00:00+00:00,26.730858,8.333333,0.5249861,Riau
2024-10-19 00:00:00+00:00,27.175303,2.2333333,0.52077776,Riau
2024-10-20 00:00:00+00:00,27.839193,0.033333335,0.5171527,Riau
2024-10-21 00:00:00+00:00,28.246832,0.033333335,0.5129306,Riau
2024-10-22 00:00:00+00:00,28.401695,2.1333334,0.5097084,Riau
2024-10-23 00:00:00+00:00,28.128082,1.1666666,0.5061667,Riau
2024-10-24 00:00:00+00:00,28.299608,0.13333334,0.50240284,Riau
2024-10-25 00:00:00+00:00,28.271135,0.0,0.49886107,Riau
2024-10-26 00:00:00+00:00,28.57183,0.033333335,0.49538884,Riau
2024-10-27 00:00:00+00:00,28.7385,0.4,0.49150002,Riau
2024-10-28 00:00:00+00:00,28.352388,3.0999997,0.4872361,Riau
2024-10-29 00:00:00+00:00,28.144056,7.2333336,0.48158327,Riau
2024-10-30 00:00:00+00:00,27.610723,7.3333335,0.47629166,Riau
2024-10-31 00:00:00+00:00,26.285025,19.033333,0.47319445,Riau
2024-11-01 00:00:00+00:00,25.85586,12.633334,0.47088894,Riau
2024-11-02 00:00:00+00:00,25.319748,8.566667,0.46887502,Riau
2024-11-03 00:00:00+00:00,26.020441,19.000002,0.46777785,Riau
2024-11-04 00:00:00+00:00,25.804472,8.900001,0.46712503,Riau
2024-11-05 00:00:00+00:00,25.805166,19.7,0.46902776,Riau
2024-11-06 00:00:00+00:00,25.84822,8.466667,0.47420835,Riau
2024-11-07 00:00:00+00:00,25.237108,10.133334,0.48959717,Riau
2024-11-08 00:00:00+00:00,26.032946,0.93333334,0.49709716,Riau
2024-11-09 00:00:00+00:00,25.648222,25.866663,0.5015278,Riau
2024-11-10 00:00:00+00:00,26.264193,6.2333336,0.50211114,Riau
2024-11-11 00:00:00+00:00,25.794748,41.0,0.5063056,Riau
2024-11-12 00:00:00+00:00,26.143362,10.133332,0.45876384,Riau
2024-11-13 00:00:00+00:00,25.993362,12.766667,0.40501395,Riau
2024-11-14 00:00:00+00:00,26.15378,9.433333,0.40770838,Riau
2024-11-15 00:00:00+00:00,26.398916,10.566667,0.41019437,Riau
2024-11-16 00:00:00+00:00,25.951693,18.500002,0.41240272,Riau
2024-11-17 00:00:00+00:00,25.630861,12.866668,0.41898605,Riau
2024-11-18 00:00:00+00:00,25.537806,19.066666,0.42504168,Riau
2024-11-19 00:00:00+00:00,25.319748,13.400001,0.43141666,Riau
2024-11-20 00:00:00+00:00,25.76975,13.5666685,0.4398056,Riau
2024-11-21 00:00:00+00:00,25.6135,18.633333,0.45033336,Riau
2024-11-22 00:00:00+00:00,25.958641,22.4,0.46095836,Riau
2024-11-23 00:00:00+00:00,25.44961,15.200002,0.4726528,Riau
2024-11-24 00:00:00+00:00,25.747528,12.166667,0.47837496,Riau
2024-11-25 00:00:00+00:00,26.25447,21.833334,0.4858611,Riau
2024-11-26 00:00:00+00:00,25.819056,49.033337,0.49241662,Riau
2024-11-27 00:00:00+00:00,25.030167,12.900002,0.504,Riau
2024-11-28 00:00:00+00:00,25.523916,12.266667,0.5017361,Riau
2024-11-29 00:00:00+00:00,25.203085,2.2,0.50011104,Riau
2024-11-30 00:00:00+00:00,27.151695,5.9666667,0.4975834,Riau
2024-12-01 00:00:00+00:00,26.57461,9.500001,0.49512506,Riau
2024-12-02 00:00:00+00:00,25.52739,14.633334,0.49369445,Riau
2024-12-03 00:00:00+00:00,26.057251,13.633334,0.49111107,Riau
2024-12-04 00:00:00+00:00,26.526001,4.1666665,0.48765293,Riau
2024-12-05 00:00:00+00:00,26.98086,0.06666667,0.48390278,Riau
2024-12-06 00:00:00+00:00,27.7385,0.06666667,0.47968054,Riau
2024-12-07 00:00:00+00:00,27.348915,0.43333337,0.47526383,Riau
2024-12-08 00:00:00+00:00,27.555168,7.2666664,0.4719583,Riau
2024-12-09 00:00:00+00:00,26.700308,1.8000001,0.46801385,Riau
2024-12-10 00:00:00+00:00,26.528084,1.9,0.4643472,Riau
2024-12-11 00:00:00+00:00,26.451696,14.899999,0.46262494,Riau
2024-12-12 00:00:00+00:00,26.573225,7.7999997,0.4599584,Riau
2024-12-13 00:00:00+00:00,26.498222,2.9333332,0.45595828,Riau
2024-12-14 00:00:00+00:00,27.26211,13.266667,0.45044437,Riau
2024-12-15 00:00:00+00:00,27.796835,0.53333336,0.44626388,Riau
2024-12-16 00:00:00+00:00,26.470444,12.366666,0.44601396,Riau
2024-12-17 00:00:00+00:00,25.547525,14.866666,0.44736108,Riau
2024-12-18 00:00:00+00:00,25.150305,28.4,0.4473889,Riau
2024-12-19 00:00:00+00:00,25.971834,11.499999,0.44563898,Riau
2024-12-20 00:00:00+00:00,26.034332,18.566666,0.44368052,Riau
2024-12-21 00:00:00+00:00,25.922525,14.066667,0.4435555,Riau
2024-12-22 00:00:00+00:00,25.813501,31.199999,0.44544443,Riau
2024-12-23 00:00:00+00:00,25.533638,15.933334,0.45145833,Riau
2024-12-24 00:00:00+00:00,25.815584,12.466667,0.45348617,Riau
2024-12-25 00:00:00+00:00,25.98086,5.9,0.45641673,Riau
2024-12-26 00:00:00+00:00,26.3635,2.7333333,0.45683327,Riau
2024-12-27 00:00:00+00:00,26.41558,4.1,0.45483336,Riau
2024-12-28 00:00:00+00:00,26.211416,7.7666664,0.45215273,Riau
2024-12-29 00:00:00+00:00,25.91211,20.633333,0.45269442,Riau
2024-12-30 00:00:00+00:00,25.348917,5.2,0.4540139,Riau
2024-12-31 00:00:00+00:00,26.051691,7.5,0.45338884,Riau
2021-01-01 00:00:00+00:00,24.521612,17.366669,0.4737084,North Sumatra
2021-01-02 00:00:00+00:00,24.279947,14.399999,0.48183325,North Sumatra
2021-01-03 00:00:00+00:00,23.699389,10.966667,0.48852777,North Sumatra
2021-01-04 00:00:00+00:00,25.06814,7.2333336,0.4906805,North Sumatra
2021-01-05 00:00:00+00:00,25.307722,13.566667,0.48901394,North Sumatra
2021-01-06 00:00:00+00:00,25.080637,3.5,0.48866665,North Sumatra
2021-01-07 00:00:00+00:00,24.833418,12.166667,0.48698607,North Sumatra
2021-01-08 00:00:00+00:00,25.00564,16.8,0.4848472,North Sumatra
2021-01-09 00:00:00+00:00,24.221613,7.6333337,0.4848472,North Sumatra
2021-01-10 00:00:00+00:00,24.050776,14.466667,0.48525,North Sumatra
2021-01-11 00:00:00+00:00,24.583418,19.5,0.49356946,North Sumatra
2021-01-12 00:00:00+00:00,24.310501,13.100001,0.50036114,North Sumatra
2021-01-13 00:00:00+00:00,24.48411,15.733333,0.50143045,North Sumatra
2021-01-14 00:00:00+00:00,24.955637,6.533333,0.50006944,North Sumatra
2021-01-15 00:00:00+00:00,25.709803,5.2333336,0.49611104,North Sumatra
2021-01-16 00:00:00+00:00,25.56189,41.6,0.49094447,North Sumatra
2021-01-17 00:00:00+00:00,25.386889,11.633334,0.48408332,North Sumatra
2021-01-18 00:00:00+00:00,24.245916,9.733335,0.48566663,North Sumatra
2021-01-19 00:00:00+00:00,25.243834,20.466665,0.48573622,North Sumatra
2021-01-20 00:00:00+00:00,24.791056,8.633334,0.48111114,North Sumatra
2021-01-21 00:00:00+00:00,25.619528,2.8666668,0.4683055,North Sumatra
2021-01-22 00:00:00+00:00,24.882027,19.733334,0.4644861,North Sumatra
2021-01-23 00:00:00+00:00,24.041056,5.466667,0.47255555,North Sumatra
2021-01-24 00:00:00+00:00,25.402168,8.033333,0.4699583,North Sumatra
2021-01-25 00:00:00+00:00,25.345915,6.933334,0.4679723,North Sumatra
2021-01-26 00:00:00+00:00,24.889666,13.666667,0.46804166,North Sumatra
2021-01-27 00:00:00+00:00,25.48342,9.0,0.46729162,North Sumatra
2021-01-28 00:00:00+00:00,24.177168,13.133334,0.46802774,North Sumatra
2021-01-29 00:00:00+00:00,24.691057,2.6000001,0.46701384,North Sumatra
2021-01-30 00:00:00+00:00,24.966751,3.0333335,0.46552777,North Sumatra
2021-01-31 00:00:00+00:00,25.40564,8.033334,0.4631389,North Sumatra
2021-02-01 00:00:00+00:00,25.187584,7.6333337,0.45947218,North Sumatra
2021-02-02 00:00:00+00:00,24.750778,6.6333337,0.45712492,North Sumatra
2021-02-03 00:00:00+00:00,25.487585,4.3,0.45474994,North Sumatra
2021-02-04 00:00:00+00:00,25.187584,3.5333328,0.45276392,North Sumatra
2021-02-05 00:00:00+00:00,25.34522,3.0666666,0.4500278,North Sumatra
2021-02-06 00:00:00+00:00,26.348696,2.1333334,0.44754168,North Sumatra
2021-02-07 00:00:00+00:00,26.207724,5.0333333,0.44555554,North Sumatra
2021-02-08 00:00:00+00:00,25.693834,15.8,0.44354168,North Sumatra
2021-02-09 00:00:00+00:00,26.33967,6.566667,0.44072226,North Sumatra
2021-02-10 00:00:00+00:00,25.557032,18.733335,0.44036114,North Sumatra
2021-02-11 00:00:00+00:00,25.872305,5.1333337,0.45540276,North Sumatra
2021-02-12 00:00:00+00:00,26.219528,2.5,0.45459723,North Sumatra
2021-02-13 00:00:00+00:00,25.892447,5.7333336,0.45294443,North Sumatra
2021-02-14 00:00:00+00:00,25.962584,6.7999997,0.4524028,North Sumatra
2021-02-15 00:00:00+00:00,25.80564,1.9333334,0.45013884,North Sumatra
2021-02-16 00:00:00+00:00,26.218836,0.2,0.4473889,North Sumatra
2021-02-17 00:00:00+00:00,26.003555,1.7666668,0.44448614,North Sumatra
2021-02-18 00:00:00+00:00,25.412584,3.3,0.44094443,North Sumatra
2021-02-19 00:00:00+00:00,25.27925,2.0333333,0.43856946,North Sumatra
2021-02-20 00:00:00+00:00,25.54661,1.5666666,0.4361945,North Sumatra
2021-02-21 00:00:00+00:00,26.021612,2.1333334,0.43419445,North Sumatra
2021-02-22 00:00:00+00:00,26.134806,2.3,0.43148613,North Sumatra
2021-02-23 00:00:00+00:00,26.202864,3.4666665,0.42974997,North Sumatra
2021-02-24 00:00:00+00:00,26.1855,5.433333,0.42819437,North Sumatra
2021-02-25 00:00:00+00:00,25.752861,5.7333336,0.42483333,North Sumatra
2021-02-26 00:00:00+00:00,26.293139,1.4333334,0.42358336,North Sumatra
2021-02-27 00:00:00+00:00,26.688278,0.5,0.42143056,North Sumatra
2021-02-28 00:00:00+00:00,26.901468,1.1666666,0.41841665,North Sumatra
2021-03-01 00:00:00+00:00,26.244528,5.6,0.41541663,North Sumatra
2021-03-02 00:00:00+00:00,26.164667,9.033334,0.41359726,North Sumatra
2021-03-03 00:00:00+00:00,25.245222,4.1,0.41079164,North Sumatra
2021-03-04 00:00:00+00:00,26.80703,3.0333335,0.40765283,North Sumatra
2021-03-05 00:00:00+00:00,26.194529,18.800001,0.40620843,North Sumatra
2021-03-06 00:00:00+00:00,25.588972,15.966667,0.4040555,North Sumatra
2021-03-07 00:00:00+00:00,25.108416,2.9999998,0.403625,North Sumatra
2021-03-08 00:00:00+00:00,26.22439,0.6000001,0.40218055,North Sumatra
2021-03-09 00:00:00+00:00,25.973696,1.9,0.40002775,North Sumatra
2021-03-10 00:00:00+00:00,25.850779,2.6333334,0.39749995,North Sumatra
2021-03-11 00:00:00+00:00,26.181334,2.9666665,0.39520833,North Sumatra
2021-03-12 00:00:00+00:00,25.092443,15.100001,0.39290276,North Sumatra
2021-03-13 00:00:00+00:00,25.44522,4.733333,0.3913473,North Sumatra
2021-03-14 00:00:00+00:00,25.66189,12.766666,0.38863885,North Sumatra
2021-03-15 00:00:00+00:00,25.833414,4.1999993,0.38683334,North Sumatra
2021-03-16 00:00:00+00:00,25.35911,21.96667,0.38794446,North Sumatra
2021-03-17 00:00:00+00:00,25.557722,6.7999997,0.39393055,North Sumatra
2021-03-18 00:00:00+00:00,25.861887,10.599999,0.39797226,North Sumatra
2021-03-19 00:00:00+00:00,25.913279,2.5,0.39861107,North Sumatra
2021-03-20 00:00:00+00:00,26.224388,5.633333,0.39773607,North Sumatra
2021-03-21 00:00:00+00:00,25.984808,5.6,0.3967639,North Sumatra
2021-03-22 00:00:00+00:00,26.168833,9.433333,0.39479163,North Sumatra
2021-03-23 00:00:00+00:00,25.445227,28.633333,0.3945972,North Sumatra
2021-03-24 00:00:00+00:00,25.206335,9.133334,0.3944167,North Sumatra
2021-03-25 00:00:00+00:00,25.271612,16.800001,0.40056947,North Sumatra
2021-03-26 00:00:00+00:00,25.993834,14.966666,0.40623617,North Sumatra
2021-03-27 00:00:00+00:00,25.554945,3.9333334,0.41601393,North Sumatra
2021-03-28 00:00:00+00:00,26.298697,16.533335,0.41790274,North Sumatra
2021-03-29 00:00:00+00:00,25.186892,13.333333,0.43270835,North Sumatra
2021-03-30 00:00:00+00:00,26.523697,6.066667,0.43108332,North Sumatra
2021-03-31 00:00:00+00:00,26.520224,9.7,0.44445837,North Sumatra
2021-04-01 00:00:00+00:00,26.733416,1.5666666,0.45247224,North Sumatra
2021-04-02 00:00:00+00:00,26.735502,6.5333343,0.45343056,North Sumatra
2021-04-03 00:00:00+00:00,26.122305,6.6,0.45425,North Sumatra
2021-04-04 00:00:00+00:00,26.448,8.966667,0.45354167,North Sumatra
2021-04-05 00:00:00+00:00,26.143137,7.566667,0.45344448,North Sumatra
2021-04-06 00:00:00+00:00,26.034805,18.266668,0.45322224,North Sumatra
2021-04-07 00:00:00+00:00,25.310501,13.700001,0.4546111,North Sumatra
2021-04-08 00:00:00+00:00,25.786196,6.933333,0.45398614,North Sumatra
2021-04-09 00:00:00+00:00,26.479944,2.5333335,0.45402777,North Sumatra
2021-04-10 00:00:00+00:00,26.001474,4.6666665,0.45297217,North Sumatra
2021-04-11 00:00:00+00:00,26.013277,9.766666,0.45193052,North Sumatra
2021-04-12 00:00:00+00:00,25.965363,9.433333,0.45270836,North Sumatra
2021-04-13 00:00:00+00:00,25.53897,10.633334,0.45368063,North Sumatra
2021-04-14 00:00:00+00:00,25.73411,9.366668,0.4547638,North Sumatra
2021-04-15 00:00:00+00:00,25.428556,9.166667,0.4543611,North Sumatra
2021-04-16 00:00:00+00:00,25.709806,10.866666,0.4533333,North Sumatra
2021-04-17 00:00:00+00:00,25.093834,7.566667,0.4538611,North Sumatra
2021-04-18 00:00:00+00:00,26.200777,6.3666663,0.45372224,North Sumatra
2021-04-19 00:00:00+00:00,25.820223,16.6,0.4548749,North Sumatra
2021-04-20 00:00:00+00:00,26.341751,10.5,0.45763886,North Sumatra
2021-04-21 00:00:00+00:00,26.427164,7.433333,0.45725003,North Sumatra
2021-04-22 00:00:00+00:00,25.616053,11.866668,0.45638886,North Sumatra
2021-04-23 00:00:00+00:00,25.495916,46.866665,0.46197224,North Sumatra
2021-04-24 00:00:00+00:00,25.657722,14.700001,0.46530557,North Sumatra
2021-04-25 00:00:00+00:00,26.154943,13.599998,0.4719583,North Sumatra
2021-04-26 00:00:00+00:00,25.75147,10.166667,0.472,North Sumatra
2021-04-27 00:00:00+00:00,25.609804,6.1666665,0.47119448,North Sumatra
2021-04-28 00:00:00+00:00,26.448694,8.133334,0.46966675,North Sumatra
2021-04-29 00:00:00+00:00,25.658411,18.233334,0.46720836,North Sumatra
2021-04-30 00:00:00+00:00,25.582724,12.533333,0.4653612,North Sumatra
2021-05-01 00:00:00+00:00,26.107025,9.066667,0.46618056,North Sumatra
2021-05-02 00:00:00+00:00,25.916056,5.733333,0.46748614,North Sumatra
2021-05-03 00:00:00+00:00,26.527863,4.933333,0.46665275,North Sumatra
2021-05-04 00:00:00+00:00,26.116056,9.433333,0.46658334,North Sumatra
2021-05-05 00:00:00+00:00,25.694529,10.466666,0.47068056,North Sumatra
2021-05-06 00:00:00+00:00,25.818832,11.5,0.47399998,North Sumatra
2021-05-07 00:00:00+00:00,26.11675,6.6000004,0.474861,North Sumatra
2021-05-08 00:00:00+00:00,26.549387,5.966667,0.47422227,North Sumatra
2021-05-09 00:00:00+00:00,26.5605,7.566667,0.47241664,North Sumatra
2021-05-10 00:00:00+00:00,26.652863,7.266667,0.4704722,North Sumatra
2021-05-11 00:00:00+00:00,26.29661,12.599999,0.47136116,North Sumatra
2021-05-12 00:00:00+00:00,25.866053,14.833335,0.47287497,North Sumatra
2021-05-13 00:00:00+00:00,26.31189,21.133333,0.47395834,North Sumatra
2021-05-14 00:00:00+00:00,26.380638,5.9,0.47963884,North Sumatra
2021-05-15 00:00:00+00:00,26.609808,9.166667,0.48037502,North Sumatra
2021-05-16 00:00:00+00:00,26.398695,13.000001,0.47822222,North Sumatra
2021-05-17 00:00:00+00:00,26.083414,20.933332,0.4763472,North Sumatra
2021-05-18 00:00:00+00:00,25.802168,10.666667,0.47636113,North Sumatra
2021-05-19 00:00:00+00:00,26.164667,13.733334,0.4780139,North Sumatra
2021-05-20 00:00:00+00:00,26.942444,8.566667,0.47793055,North Sumatra
2021-05-21 00:00:00+00:00,26.034805,10.566667,0.48480555,North Sumatra
2021-05-22 00:00:00+00:00,26.757029,0.8,0.48605558,North Sumatra
2021-05-23 00:00:00+00:00,27.371613,2.2666667,0.48399997,North Sumatra
2021-05-24 00:00:00+00:00,27.500778,2.1999998,0.48093057,North Sumatra
2021-05-25 00:00:00+00:00,26.79592,18.800001,0.47840276,North Sumatra
2021-05-26 00:00:00+00:00,26.370918,23.0,0.47597227,North Sumatra
2021-05-27 00:00:00+00:00,25.143835,34.13333,0.49261108,North Sumatra
2021-05-28 00:00:00+00:00,26.740358,2.5333333,0.49176395,North Sumatra
2021-05-29 00:00:00+00:00,27.595222,2.6666665,0.4879305,North Sumatra
2021-05-30 00:00:00+00:00,27.145914,17.566668,0.48702773,North Sumatra
2021-05-31 00:00:00+00:00,26.72022,8.966668,0.48575,North Sumatra
2021-06-01 00:00:00+00:00,26.973,10.033334,0.4826111,North Sumatra
2021-06-02 00:00:00+00:00,26.459112,10.0,0.4816806,North Sumatra
2021-06-03 00:00:00+00:00,26.704943,5.1,0.47990274,North Sumatra
2021-06-04 00:00:00+00:00,26.188278,22.766665,0.47826388,North Sumatra
2021-06-05 00:00:00+00:00,26.284811,1.6666666,0.47895834,North Sumatra
2021-06-06 00:00:00+00:00,27.088278,2.0666666,0.47501376,North Sumatra
2021-06-07 00:00:00+00:00,26.963278,7.3333325,0.4708334,North Sumatra
2021-06-08 00:00:00+00:00,27.434107,0.90000004,0.4669861,North Sumatra
2021-06-09 00:00:00+00:00,26.766058,5.4,0.4635972,North Sumatra
2021-06-10 00:00:00+00:00,26.52925,0.33333334,0.4611528,North Sumatra
2021-06-11 00:00:00+00:00,27.118834,8.433333,0.45865273,North Sumatra
2021-06-12 00:00:00+00:00,26.207026,11.366668,0.46408334,North Sumatra
2021-06-13 00:00:00+00:00,26.700083,21.199999,0.4629306,North Sumatra
2021-06-14 00:00:00+00:00,26.52508,7.1,0.4596945,North Sumatra
2021-06-15 00:00:00+00:00,26.070915,7.066666,0.4566666,North Sumatra
2021-06-16 00:00:00+00:00,26.923004,2.5333333,0.45447218,North Sumatra
2021-06-17 00:00:00+00:00,27.105639,5.933333,0.4506389,North Sumatra
2021-06-18 00:00:00+00:00,26.589668,2.3,0.44583336,North Sumatra
2021-06-19 00:00:00+00:00,27.023,2.9666665,0.44175005,North Sumatra
2021-06-20 00:00:00+00:00,26.400778,6.1666665,0.4377778,North Sumatra
2021-06-21 00:00:00+00:00,26.669527,0.73333335,0.43241665,North Sumatra
2021-06-22 00:00:00+00:00,26.547304,13.766667,0.42681944,North Sumatra
2021-06-23 00:00:00+00:00,26.26814,0.4666667,0.42543054,North Sumatra
2021-06-24 00:00:00+00:00,26.513277,7.766667,0.42020836,North Sumatra
2021-06-25 00:00:00+00:00,26.157722,14.033334,0.41541657,North Sumatra
2021-06-26 00:00:00+00:00,25.951471,1.3333334,0.41190276,North Sumatra
2021-06-27 00:00:00+00:00,26.446611,5.9,0.40899992,North Sumatra
2021-06-28 00:00:00+00:00,25.803556,9.366667,0.40702784,North Sumatra
2021-06-29 00:00:00+00:00,25.17925,3.0,0.40904164,North Sumatra
2021-06-30 00:00:00+00:00,26.709112,0.2,0.40981945,North Sumatra
2021-07-01 00:00:00+00:00,26.615362,6.433333,0.40798607,North Sumatra
2021-07-02 00:00:00+00:00,26.157722,3.7666667,0.40629172,North Sumatra
2021-07-03 00:00:00+00:00,26.163279,12.633334,0.40445828,North Sumatra
2021-07-04 00:00:00+00:00,26.29939,6.9666667,0.40177783,North Sumatra
2021-07-05 00:00:00+00:00,25.644526,42.800003,0.40451396,North Sumatra
2021-07-06 00:00:00+00:00,24.993835,4.3333335,0.41787502,North Sumatra
2021-07-07 00:00:00+00:00,26.615362,0.53333336,0.41911113,North Sumatra
2021-07-08 00:00:00+00:00,26.803553,8.8,0.41737506,North Sumatra
2021-07-09 00:00:00+00:00,26.004251,8.833333,0.4152638,North Sumatra
2021-07-10 00:00:00+00:00,25.35147,19.933334,0.41349992,North Sumatra
2021-07-11 00:00:00+00:00,24.574389,21.066666,0.4147222,North Sumatra
2021-07-12 00:00:00+00:00,25.2105,4.4666667,0.41502774,North Sumatra
2021-07-13 00:00:00+00:00,24.798697,1.9,0.415875,North Sumatra
2021-07-14 00:00:00+00:00,25.348001,7.4666667,0.41547227,North Sumatra
2021-07-15 00:00:00+00:00,26.304945,2.4,0.41543055,North Sumatra
2021-07-16 00:00:00+00:00,26.68133,0.7666666,0.41393057,North Sumatra
2021-07-17 00:00:00+00:00,27.266748,0.46666673,0.41190276,North Sumatra
2021-07-18 00:00:00+00:00,27.263277,0.8333332,0.41012502,North Sumatra
2021-07-19 00:00:00+00:00,27.227861,1.1999999,0.4074861,North Sumatra
2021-07-20 00:00:00+00:00,27.792444,0.1,0.4049305,North Sumatra
2021-07-21 00:00:00+00:00,27.750778,4.6,0.40236112,North Sumatra
2021-07-22 00:00:00+00:00,27.543833,8.9,0.39979172,North Sumatra
2021-07-23 00:00:00+00:00,27.569527,3.9666665,0.3994305,North Sumatra
2021-07-24 00:00:00+00:00,28.082724,3.0333335,0.39865276,North Sumatra
2021-07-25 00:00:00+00:00,28.146612,10.033334,0.3974167,North Sumatra
2021-07-26 00:00:00+00:00,27.54036,4.0,0.3929305,North Sumatra
2021-07-27 00:00:00+00:00,27.690361,3.833333,0.39034727,North Sumatra
2021-07-28 00:00:00+00:00,27.63758,6.6000004,0.3884722,North Sumatra
2021-07-29 00:00:00+00:00,27.857725,6.566667,0.387125,North Sumatra
2021-07-30 00:00:00+00:00,26.845917,10.133333,0.3860278,North Sumatra
2021-07-31 00:00:00+00:00,27.429947,10.8,0.38477775,North Sumatra
2021-08-01 00:00:00+00:00,27.368834,10.333334,0.38533333,North Sumatra
2021-08-02 00:00:00+00:00,27.657722,6.2666664,0.38552782,North Sumatra
2021-08-03 00:00:00+00:00,27.376472,8.766666,0.38340282,North Sumatra
2021-08-04 00:00:00+00:00,27.664665,4.933333,0.37893048,North Sumatra
2021-08-05 00:00:00+00:00,28.207026,6.7333336,0.37706944,North Sumatra
2021-08-06 00:00:00+00:00,28.407026,3.0666666,0.3747778,North Sumatra
2021-08-07 00:00:00+00:00,27.434805,10.9333315,0.3724722,North Sumatra
2021-08-08 00:00:00+00:00,26.287584,9.7,0.37116668,North Sumatra
2021-08-09 00:00:00+00:00,26.359804,10.066667,0.3698194,North Sumatra
2021-08-10 00:00:00+00:00,26.568834,13.666667,0.36841667,North Sumatra
2021-08-11 00:00:00+00:00,26.552168,14.100001,0.37165275,North Sumatra
2021-08-12 00:00:00+00:00,26.641748,16.866669,0.3779861,North Sumatra
2021-08-13 00:00:00+00:00,26.51467,15.233334,0.37804163,North Sumatra
2021-08-14 00:00:00+00:00,25.71814,7.8333335,0.37783328,North Sumatra
2021-08-15 00:00:00+00:00,25.91189,20.366667,0.37763894,North Sumatra
2021-08-16 00:00:00+00:00,24.163279,18.433334,0.3827083,North Sumatra
2021-08-17 00:00:00+00:00,25.12439,14.166667,0.38544443,North Sumatra
2021-08-18 00:00:00+00:00,23.139666,15.133334,0.39940277,North Sumatra
2021-08-19 00:00:00+00:00,24.673697,1.0,0.40502772,North Sumatra
2021-08-20 00:00:00+00:00,25.028555,13.133334,0.40531936,North Sumatra
2021-08-21 00:00:00+00:00,25.679247,13.633335,0.40626392,North Sumatra
2021-08-22 00:00:00+00:00,24.361193,10.866668,0.40944448,North Sumatra
2021-08-23 00:00:00+00:00,25.514666,17.6,0.4109861,North Sumatra
2021-08-24 00:00:00+00:00,24.934805,9.133334,0.4182639,North Sumatra
2021-08-25 00:00:00+00:00,26.003555,11.200001,0.419125,North Sumatra
2021-08-26 00:00:00+00:00,25.796614,16.8,0.4204861,North Sumatra
2021-08-27 00:00:00+00:00,25.748695,15.933333,0.42283335,North Sumatra
2021-08-28 00:00:00+00:00,25.82578,13.366666,0.42280558,North Sumatra
2021-08-29 00:00:00+00:00,25.613276,13.133334,0.42226386,North Sumatra
2021-08-30 00:00:00+00:00,25.909111,19.366667,0.42244446,North Sumatra
2021-08-31 00:00:00+00:00,25.582031,2.1000001,0.42505553,North Sumatra
2021-09-01 00:00:00+00:00,25.51536,12.700001,0.42537498,North Sumatra
2021-09-02 00:00:00+00:00,25.113974,12.766667,0.42525002,North Sumatra
2021-09-03 00:00:00+00:00,25.811195,4.266667,0.42570832,North Sumatra
2021-09-04 00:00:00+00:00,25.589666,3.5333335,0.4230833,North Sumatra
2021-09-05 00:00:00+00:00,26.37439,3.5666666,0.419,North Sumatra
2021-09-06 00:00:00+00:00,26.324387,2.533333,0.41563883,North Sumatra
2021-09-07 00:00:00+00:00,26.818832,2.7333333,0.4118611,North Sumatra
2021-09-08 00:00:00+00:00,26.020224,13.766666,0.40920842,North Sumatra
2021-09-09 00:00:00+00:00,26.475084,3.3666666,0.40561104,North Sumatra
2021-09-10 00:00:00+00:00,26.673697,6.0,0.40759727,North Sumatra
2021-09-11 00:00:00+00:00,26.323,20.999998,0.4064722,North Sumatra
2021-09-12 00:00:00+00:00,25.95286,18.533333,0.41302785,North Sumatra
2021-09-13 00:00:00+00:00,25.02439,4.233333,0.4258611,North Sumatra
2021-09-14 00:00:00+00:00,26.42925,2.8,0.42702773,North Sumatra
2021-09-15 00:00:00+00:00,27.095222,3.6999998,0.4243333,North Sumatra
2021-09-16 00:00:00+00:00,26.14036,21.366667,0.42191663,North Sumatra
2021-09-17 00:00:00+00:00,25.653557,9.799999,0.4214444,North Sumatra
2021-09-18 00:00:00+00:00,25.567444,13.3,0.42373613,North Sumatra
2021-09-19 00:00:00+00:00,25.475084,28.066668,0.42883328,North Sumatra
2021-09-20 00:00:00+00:00,25.557028,1.4,0.43451393,North Sumatra
2021-09-21 00:00:00+00:00,26.434805,21.633331,0.43295833,North Sumatra
2021-09-22 00:00:00+00:00,26.504944,12.333332,0.42372224,North Sumatra
2021-09-23 00:00:00+00:00,27.24175,3.4666672,0.42370835,North Sumatra
2021-09-24 00:00:00+00:00,27.02092,15.066666,0.42600003,North Sumatra
2021-09-25 00:00:00+00:00,26.292444,6.2000003,0.42200005,North Sumatra
2021-09-26 00:00:00+00:00,25.566057,29.933329,0.4212916,North Sumatra
2021-09-27 00:00:00+00:00,25.504248,4.266667,0.4261528,North Sumatra
2021-09-28 00:00:00+00:00,25.734808,20.733335,0.42845833,North Sumatra
2021-09-29 00:00:00+00:00,25.20703,15.7,0.4295139,North Sumatra
2021-09-30 00:00:00+00:00,25.83272,5.6,0.42697224,North Sumatra
2021-10-01 00:00:00+00:00,25.541748,5.3333335,0.42725,North Sumatra
2021-10-02 00:00:00+00:00,26.39453,1.2666665,0.42619443,North Sumatra
2021-10-03 00:00:00+00:00,26.884806,2.3,0.42295825,North Sumatra
2021-10-04 00:00:00+00:00,27.170225,2.2,0.4187778,North Sumatra
2021-10-05 00:00:00+00:00,26.802168,3.1333334,0.41365275,North Sumatra
2021-10-06 00:00:00+00:00,26.918139,5.2000003,0.40904167,North Sumatra
2021-10-07 00:00:00+00:00,27.099388,9.933334,0.40368056,North Sumatra
2021-10-08 00:00:00+00:00,27.81675,0.93333334,0.39868054,North Sumatra
2021-10-09 00:00:00+00:00,28.047304,6.1000004,0.39487505,North Sumatra
2021-10-10 00:00:00+00:00,27.559809,3.2666664,0.39093062,North Sumatra
2021-10-11 00:00:00+00:00,28.08689,0.0,0.38705552,North Sumatra
2021-10-12 00:00:00+00:00,28.28689,1.1666666,0.39166674,North Sumatra
2021-10-13 00:00:00+00:00,28.381332,1.2333332,0.39801392,North Sumatra
2021-10-14 00:00:00+00:00,28.35842,7.3333335,0.3943194,North Sumatra
2021-10-15 00:00:00+00:00,28.625082,4.2000003,0.38997218,North Sumatra
2021-10-16 00:00:00+00:00,28.549387,11.599998,0.39234722,North Sumatra
2021-10-17 00:00:00+00:00,25.484808,28.0,0.39752778,North Sumatra
2021-10-18 00:00:00+00:00,25.98967,2.4666667,0.40577778,North Sumatra
2021-10-19 00:00:00+00:00,26.59939,20.266666,0.40397224,North Sumatra
2021-10-20 00:00:00+00:00,24.308416,18.400002,0.40238884,North Sumatra
2021-10-21 00:00:00+00:00,25.427862,2.033333,0.404875,North Sumatra
2021-10-22 00:00:00+00:00,25.244528,13.366668,0.40519443,North Sumatra
2021-10-23 00:00:00+00:00,25.534113,21.033333,0.40275,North Sumatra
2021-10-24 00:00:00+00:00,25.257723,11.900001,0.40094447,North Sumatra
2021-10-25 00:00:00+00:00,25.458414,16.7,0.40138888,North Sumatra
2021-10-26 00:00:00+00:00,25.816057,34.966663,0.40434727,North Sumatra
2021-10-27 00:00:00+00:00,26.022306,13.433333,0.40800008,North Sumatra
2021-10-28 00:00:00+00:00,26.258417,17.933332,0.4092778,North Sumatra
2021-10-29 00:00:00+00:00,26.517443,25.566664,0.40951392,North Sumatra
2021-10-30 00:00:00+00:00,25.59036,29.633333,0.4116528,North Sumatra
2021-10-31 00:00:00+00:00,24.723694,6.6666665,0.40527782,North Sumatra
2021-11-01 00:00:00+00:00,26.163277,6.3666663,0.3943611,North Sumatra
2021-11-02 00:00:00+00:00,25.411194,16.866667,0.39479172,North Sumatra
2021-11-03 00:00:00+00:00,24.48342,12.733333,0.39677775,North Sumatra
2021-11-04 00:00:00+00:00,25.886194,4.5,0.3950417,North Sumatra
2021-11-05 00:00:00+00:00,25.409111,9.933333,0.39527783,North Sumatra
2021-11-06 00:00:00+00:00,25.834803,29.866667,0.4072778,North Sumatra
2021-11-07 00:00:00+00:00,25.803556,14.466668,0.4133334,North Sumatra
2021-11-08 00:00:00+00:00,26.176474,12.533334,0.4152917,North Sumatra
2021-11-09 00:00:00+00:00,26.010498,23.366663,0.41776392,North Sumatra
2021-11-10 00:00:00+00:00,24.982725,19.166668,0.4192083,North Sumatra
2021-11-11 00:00:00+00:00,25.326471,12.899999,0.422125,North Sumatra
2021-11-12 00:00:00+00:00,25.459808,11.600001,0.42562494,North Sumatra
2021-11-13 00:00:00+00:00,25.91675,7.1999993,0.42581943,North Sumatra
2021-11-14 00:00:00+00:00,26.4105,5.7000003,0.423125,North Sumatra
2021-11-15 00:00:00+00:00,26.80911,4.8333335,0.4180138,North Sumatra
2021-11-16 00:00:00+00:00,26.299387,21.3,0.41462502,North Sumatra
2021-11-17 00:00:00+00:00,24.9605,8.266666,0.4184167,North Sumatra
2021-11-18 00:00:00+00:00,25.670916,4.9666667,0.41827783,North Sumatra
2021-11-19 00:00:00+00:00,25.989664,25.0,0.4207778,North Sumatra
2021-11-20 00:00:00+00:00,25.949389,33.5,0.42672226,North Sumatra
2021-11-21 00:00:00+00:00,25.71814,13.3,0.42831948,North Sumatra
2021-11-22 00:00:00+00:00,25.682722,26.300001,0.4280834,North Sumatra
2021-11-23 00:00:00+00:00,25.963972,10.133334,0.4248333,North Sumatra
2021-11-24 00:00:00+00:00,25.1855,7.066666,0.4229722,North Sumatra
2021-11-25 00:00:00+00:00,25.767443,21.566668,0.41963887,North Sumatra
2021-11-26 00:00:00+00:00,25.263277,11.400001,0.4130833,North Sumatra
2021-11-27 00:00:00+00:00,25.442446,14.366666,0.41384724,North Sumatra
2021-11-28 00:00:00+00:00,25.41397,18.666666,0.41699997,North Sumatra
2021-11-29 00:00:00+00:00,25.435501,13.3,0.4235694,North Sumatra
2021-11-30 00:00:00+00:00,25.738276,6.333334,0.42473605,North Sumatra
2021-12-01 00:00:00+00:00,26.418139,23.933334,0.42405555,North Sumatra
2021-12-02 00:00:00+00:00,25.51814,22.066666,0.42261112,North Sumatra
2021-12-03 00:00:00+00:00,25.121613,9.433333,0.42362496,North Sumatra
2021-12-04 00:00:00+00:00,26.01814,1.8666667,0.42343056,North Sumatra
2021-12-05 00:00:00+00:00,24.579947,9.099999,0.4210278,North Sumatra
2021-12-06 00:00:00+00:00,25.761192,5.6666665,0.41437504,North Sumatra
2021-12-07 00:00:00+00:00,25.043833,7.2999997,0.4125694,North Sumatra
2021-12-08 00:00:00+00:00,25.70703,1.1666667,0.40893057,North Sumatra
2021-12-09 00:00:00+00:00,24.992445,22.633333,0.40348613,North Sumatra
2021-12-10 00:00:00+00:00,24.380638,11.7,0.40623614,North Sumatra
2021-12-11 00:00:00+00:00,25.393137,10.466666,0.40498605,North Sumatra
2021-12-12 00:00:00+00:00,24.592443,20.433332,0.40406945,North Sumatra
2021-12-13 00:00:00+00:00,25.059805,9.400001,0.4004722,North Sumatra
2021-12-14 00:00:00+00:00,25.208418,14.366666,0.40020832,North Sumatra
2021-12-15 00:00:00+00:00,25.276468,26.033333,0.40822217,North Sumatra
2021-12-16 00:00:00+00:00,25.043833,15.100001,0.41926393,North Sumatra
2021-12-17 00:00:00+00:00,24.625084,18.666668,0.42840278,North Sumatra
2021-12-18 00:00:00+00:00,23.49314,42.699997,0.4451944,North Sumatra
2021-12-19 00:00:00+00:00,24.442446,2.7666667,0.4379444,North Sumatra
2021-12-20 00:00:00+00:00,25.53689,6.5333333,0.43448606,North Sumatra
2021-12-21 00:00:00+00:00,25.882032,9.8,0.43013892,North Sumatra
2021-12-22 00:00:00+00:00,25.617445,5.033333,0.42641667,North Sumatra
2021-12-23 00:00:00+00:00,25.161192,9.233334,0.42270836,North Sumatra
2021-12-24 00:00:00+00:00,26.056334,2.233333,0.41827774,North Sumatra
2021-12-25 00:00:00+00:00,25.985504,3.8000002,0.413375,North Sumatra
2021-12-26 00:00:00+00:00,25.92925,1.7333332,0.41012502,North Sumatra
2021-12-27 00:00:00+00:00,25.78064,0.9666667,0.40729168,North Sumatra
2021-12-28 00:00:00+00:00,26.05425,0.93333334,0.40368053,North Sumatra
2021-12-29 00:00:00+00:00,26.461197,0.9333334,0.39787495,North Sumatra
2021-12-30 00:00:00+00:00,25.750086,16.5,0.3949027,North Sumatra
2021-12-31 00:00:00+00:00,24.481333,14.7,0.39291668,North Sumatra
2022-01-01 00:00:00+00:00,24.100082,25.533333,0.39269438,North Sumatra
2022-01-02 00:00:00+00:00,24.114668,12.866668,0.41005555,North Sumatra
2022-01-03 00:00:00+00:00,24.956331,22.866667,0.4194583,North Sumatra
2022-01-04 00:00:00+00:00,24.66536,20.433332,0.4235139,North Sumatra
2022-01-05 00:00:00+00:00,25.207031,5.733333,0.42783335,North Sumatra
2022-01-06 00:00:00+00:00,24.857027,11.766666,0.42827782,North Sumatra
2022-01-07 00:00:00+00:00,26.136194,3.3666666,0.42748615,North Sumatra
2022-01-08 00:00:00+00:00,24.995222,6.5,0.4263194,North Sumatra
2022-01-09 00:00:00+00:00,25.111197,12.333333,0.42651388,North Sumatra
2022-01-10 00:00:00+00:00,24.174387,14.966667,0.42606947,North Sumatra
2022-01-11 00:00:00+00:00,25.55564,1.3333335,0.42405558,North Sumatra
2022-01-12 00:00:00+00:00,26.063974,0.56666666,0.42252782,North Sumatra
2022-01-13 00:00:00+00:00,25.306335,2.8666668,0.42051387,North Sumatra
2022-01-14 00:00:00+00:00,25.728556,1.0333334,0.41794452,North Sumatra
2022-01-15 00:00:00+00:00,26.08689,0.033333335,0.41595837,North Sumatra
2022-01-16 00:00:00+00:00,26.23897,2.8333333,0.41275004,North Sumatra
2022-01-17 00:00:00+00:00,25.246613,11.566666,0.40943053,North Sumatra
2022-01-18 00:00:00+00:00,24.711195,5.7999997,0.40781942,North Sumatra
2022-01-19 00:00:00+00:00,25.008417,3.1666663,0.4062778,North Sumatra
2022-01-20 00:00:00+00:00,26.007723,4.2666664,0.40455556,North Sumatra
2022-01-21 00:00:00+00:00,25.316055,19.5,0.40288886,North Sumatra
2022-01-22 00:00:00+00:00,25.712585,4.3333335,0.40055552,North Sumatra
2022-01-23 00:00:00+00:00,25.312582,12.933333,0.39890274,North Sumatra
2022-01-24 00:00:00+00:00,25.125778,9.033334,0.3978751,North Sumatra
2022-01-25 00:00:00+00:00,25.195915,18.666666,0.39677775,North Sumatra
2022-01-26 00:00:00+00:00,25.30911,3.7,0.39554158,North Sumatra
2022-01-27 00:00:00+00:00,26.461195,3.7666667,0.39461112,North Sumatra
2022-01-28 00:00:00+00:00,26.76467,3.7666671,0.39334726,North Sumatra
2022-01-29 00:00:00+00:00,26.67161,3.8999999,0.39184725,North Sumatra
2022-01-30 00:00:00+00:00,25.527168,7.6,0.39129165,North Sumatra
2022-01-31 00:00:00+00:00,26.442444,3.2333333,0.39074996,North Sumatra
2022-02-01 00:00:00+00:00,26.060501,5.4666667,0.39012495,North Sumatra
2022-02-02 00:00:00+00:00,25.845222,2.3999999,0.38923618,North Sumatra
2022-02-03 00:00:00+00:00,25.9355,7.1333337,0.38743055,North Sumatra
2022-02-04 00:00:00+00:00,25.626474,14.0,0.38574997,North Sumatra
2022-02-05 00:00:00+00:00,25.095917,7.966667,0.38408336,North Sumatra
2022-02-06 00:00:00+00:00,25.258417,5.1000004,0.3844444,North Sumatra
2022-02-07 00:00:00+00:00,26.040361,3.6000001,0.38505554,North Sumatra
2022-02-08 00:00:00+00:00,25.554941,8.400001,0.38559723,North Sumatra
2022-02-09 00:00:00+00:00,25.276472,13.166667,0.38706946,North Sumatra
2022-02-10 00:00:00+00:00,23.532026,9.200001,0.38822225,North Sumatra
2022-02-11 00:00:00+00:00,25.293137,3.4666665,0.38881955,North Sumatra
2022-02-12 00:00:00+00:00,25.745918,1.7333335,0.38858333,North Sumatra
2022-02-13 00:00:00+00:00,25.92578,11.7,0.38766667,North Sumatra
2022-02-14 00:00:00+00:00,25.459803,22.000002,0.38633335,North Sumatra
2022-02-15 00:00:00+00:00,25.737585,7.1666665,0.38537502,North Sumatra
2022-02-16 00:00:00+00:00,25.70633,11.400001,0.38576388,North Sumatra
2022-02-17 00:00:00+00:00,26.029251,1.4,0.38616666,North Sumatra
2022-02-18 00:00:00+00:00,27.291056,0.7666667,0.38579163,North Sumatra
2022-02-19 00:00:00+00:00,27.091057,1.9999999,0.38533333,North Sumatra
2022-02-20 00:00:00+00:00,26.518835,7.566667,0.3851945,North Sumatra
2022-02-21 00:00:00+00:00,26.475779,3.2333333,0.38548616,North Sumatra
2022-02-22 00:00:00+00:00,26.26467,4.9666667,0.38586116,North Sumatra
2022-02-23 00:00:00+00:00,25.72022,7.966667,0.3847499,North Sumatra
2022-02-24 00:00:00+00:00,24.454248,5.633333,0.3843889,North Sumatra
2022-02-25 00:00:00+00:00,24.42161,29.599998,0.385125,North Sumatra
2022-02-26 00:00:00+00:00,24.197304,14.166667,0.3909861,North Sumatra
2022-02-27 00:00:00+00:00,24.6355,29.266668,0.39658332,North Sumatra
2022-02-28 00:00:00+00:00,24.836195,31.200003,0.40079165,North Sumatra
2022-03-01 00:00:00+00:00,24.783417,4.6666665,0.40988886,North Sumatra
2022-03-02 00:00:00+00:00,26.01536,11.3,0.4134028,North Sumatra
2022-03-03 00:00:00+00:00,25.800081,12.333335,0.42387497,North Sumatra
2022-03-04 00:00:00+00:00,26.065363,8.566667,0.4248611,North Sumatra
2022-03-05 00:00:00+00:00,24.87439,5.2666664,0.4244722,North Sumatra
2022-03-06 00:00:00+00:00,25.675081,5.7333336,0.42416668,North Sumatra
2022-03-07 00:00:00+00:00,25.163973,19.533333,0.42543054,North Sumatra
2022-03-08 00:00:00+00:00,24.889666,20.800001,0.43156946,North Sumatra
2022-03-09 00:00:00+00:00,25.6605,28.566668,0.43848613,North Sumatra
2022-03-10 00:00:00+00:00,25.67925,9.8,0.45118058,North Sumatra
2022-03-11 00:00:00+00:00,25.261887,10.366667,0.4603472,North Sumatra
2022-03-12 00:00:00+00:00,26.299387,1.9,0.4607223,North Sumatra
2022-03-13 00:00:00+00:00,26.76744,2.5666666,0.45866665,North Sumatra
2022-03-14 00:00:00+00:00,26.325777,11.5,0.4555417,North Sumatra
2022-03-15 00:00:00+00:00,25.716057,23.966665,0.4529861,North Sumatra
2022-03-16 00:00:00+00:00,25.55425,16.9,0.4507638,North Sumatra
2022-03-17 00:00:00+00:00,25.521608,9.033334,0.45091662,North Sumatra
2022-03-18 00:00:00+00:00,26.098001,0.16666667,0.45155558,North Sumatra
2022-03-19 00:00:00+00:00,26.802164,11.7,0.45358333,North Sumatra
2022-03-20 00:00:00+00:00,26.621613,33.466667,0.45620835,North Sumatra
2022-03-21 00:00:00+00:00,26.373001,12.233334,0.45366666,North Sumatra
2022-03-22 00:00:00+00:00,26.677858,19.033335,0.45056942,North Sumatra
2022-03-23 00:00:00+00:00,26.688974,10.6,0.44529173,North Sumatra
2022-03-24 00:00:00+00:00,26.7105,1.5999999,0.44055554,North Sumatra
2022-03-25 00:00:00+00:00,26.584112,8.633334,0.43433332,North Sumatra
2022-03-26 00:00:00+00:00,27.22647,3.8333333,0.42809716,North Sumatra
2022-03-27 00:00:00+00:00,27.324389,1.5999999,0.42245838,North Sumatra
2022-03-28 00:00:00+00:00,27.17439,2.4333334,0.4176667,North Sumatra
2022-03-29 00:00:00+00:00,26.959806,4.4,0.41274998,North Sumatra
2022-03-30 00:00:00+00:00,26.904943,9.266666,0.40775,North Sumatra
2022-03-31 00:00:00+00:00,26.526474,7.533333,0.40379158,North Sumatra
2022-04-01 00:00:00+00:00,27.180641,7.5,0.40001395,North Sumatra
2022-04-02 00:00:00+00:00,26.66675,10.066668,0.39602777,North Sumatra
2022-04-03 00:00:00+00:00,25.415361,10.333334,0.39243057,North Sumatra
2022-04-04 00:00:00+00:00,26.17578,7.7333336,0.39015278,North Sumatra
2022-04-05 00:00:00+00:00,25.60286,16.566668,0.38818064,North Sumatra
2022-04-06 00:00:00+00:00,25.117441,20.666666,0.38724998,North Sumatra
2022-04-07 00:00:00+00:00,25.295221,10.033334,0.38684726,North Sumatra
2022-04-08 00:00:00+00:00,25.648,17.633333,0.386875,North Sumatra
2022-04-09 00:00:00+00:00,25.56675,9.933333,0.3888611,North Sumatra
2022-04-10 00:00:00+00:00,26.11189,9.5,0.38859722,North Sumatra
2022-04-11 00:00:00+00:00,26.146612,10.433333,0.3866667,North Sumatra
2022-04-12 00:00:00+00:00,26.222307,6.7333336,0.3854861,North Sumatra
2022-04-13 00:00:00+00:00,26.084108,13.666668,0.38426387,North Sumatra
2022-04-14 00:00:00+00:00,26.616056,10.366667,0.38568053,North Sumatra
2022-04-15 00:00:00+00:00,26.049387,10.566667,0.38780555,North Sumatra
2022-04-16 00:00:00+00:00,26.308418,5.5,0.3878889,North Sumatra
2022-04-17 00:00:00+00:00,26.08689,6.6333337,0.38763893,North Sumatra
2022-04-18 00:00:00+00:00,25.269526,11.733333,0.38644448,North Sumatra
2022-04-19 00:00:00+00:00,25.962584,5.466667,0.3849028,North Sumatra
2022-04-20 00:00:00+00:00,25.561193,9.966667,0.38441667,North Sumatra
2022-04-21 00:00:00+00:00,26.473696,5.9,0.3843473,North Sumatra
2022-04-22 00:00:00+00:00,26.036192,14.633335,0.38394448,North Sumatra
2022-04-23 00:00:00+00:00,26.12647,7.6666665,0.38512504,North Sumatra
2022-04-24 00:00:00+00:00,26.95078,9.266666,0.38415274,North Sumatra
2022-04-25 00:00:00+00:00,26.82786,5.6333337,0.38301393,North Sumatra
2022-04-26 00:00:00+00:00,26.55078,4.2,0.3810555,North Sumatra
2022-04-27 00:00:00+00:00,26.349388,11.266666,0.37922215,North Sumatra
2022-04-28 00:00:00+00:00,26.980639,5.1,0.37772217,North Sumatra
2022-04-29 00:00:00+00:00,26.342443,10.266667,0.37476388,North Sumatra
2022-04-30 00:00:00+00:00,25.937584,12.566666,0.37231946,North Sumatra
2022-05-01 00:00:00+00:00,26.093832,12.266667,0.37244448,North Sumatra
2022-05-02 00:00:00+00:00,25.922998,33.43333,0.37502778,North Sumatra
2022-05-03 00:00:00+00:00,25.927862,7.1666665,0.38397226,North Sumatra
2022-05-04 00:00:00+00:00,26.649385,20.233334,0.38794446,North Sumatra
2022-05-05 00:00:00+00:00,27.030642,13.900001,0.3960277,North Sumatra
2022-05-06 00:00:00+00:00,27.350084,11.933334,0.40447223,North Sumatra
2022-05-07 00:00:00+00:00,27.36397,11.833333,0.41233328,North Sumatra
2022-05-08 00:00:00+00:00,27.120916,12.433333,0.40933335,North Sumatra
2022-05-09 00:00:00+00:00,27.288279,8.966666,0.40869448,North Sumatra
2022-05-10 00:00:00+00:00,27.241053,31.166666,0.40826392,North Sumatra
2022-05-11 00:00:00+00:00,27.029251,12.266667,0.40534723,North Sumatra
2022-05-12 00:00:00+00:00,28.068138,6.4666667,0.40051398,North Sumatra
2022-05-13 00:00:00+00:00,27.652863,6.0,0.398,North Sumatra
2022-05-14 00:00:00+00:00,27.913277,15.5,0.39495838,North Sumatra
2022-05-15 00:00:00+00:00,27.103556,15.099999,0.39161113,North Sumatra
2022-05-16 00:00:00+00:00,24.750778,21.333334,0.39933336,North Sumatra
2022-05-17 00:00:00+00:00,27.467443,2.3,0.39686108,North Sumatra
2022-05-18 00:00:00+00:00,28.047304,9.033334,0.39729163,North Sumatra
2022-05-19 00:00:00+00:00,27.92439,2.5666664,0.39672223,North Sumatra
2022-05-20 00:00:00+00:00,27.423693,1.8666667,0.39318058,North Sumatra
2022-05-21 00:00:00+00:00,27.103556,16.5,0.38976392,North Sumatra
2022-05-22 00:00:00+00:00,27.152863,11.033333,0.38643053,North Sumatra
2022-05-23 00:00:00+00:00,27.09522,1.3666668,0.3841389,North Sumatra
2022-05-24 00:00:00+00:00,26.708418,13.333333,0.3807361,North Sumatra
2022-05-25 00:00:00+00:00,24.48411,7.6,0.3803611,North Sumatra
2022-05-26 00:00:00+00:00,26.461197,0.0,0.38112497,North Sumatra
2022-05-27 00:00:00+00:00,26.573694,9.0,0.37991667,North Sumatra
2022-05-28 00:00:00+00:00,27.0355,8.533334,0.37963888,North Sumatra
2022-05-29 00:00:00+00:00,27.195917,1.2333335,0.378875,North Sumatra
2022-05-30 00:00:00+00:00,27.76467,0.8333333,0.37727782,North Sumatra
2022-05-31 00:00:00+00:00,27.611198,10.666668,0.37491664,North Sumatra
2022-06-01 00:00:00+00:00,26.70286,19.033333,0.37424996,North Sumatra
2022-06-02 00:00:00+00:00,26.822302,8.000001,0.37330556,North Sumatra
2022-06-03 00:00:00+00:00,27.112585,19.266666,0.37638888,North Sumatra
2022-06-04 00:00:00+00:00,26.997309,13.5,0.37730554,North Sumatra
2022-06-05 00:00:00+00:00,26.66675,8.7,0.37920833,North Sumatra
2022-06-06 00:00:00+00:00,25.772997,18.733335,0.3775139,North Sumatra
2022-06-07 00:00:00+00:00,25.703554,6.766667,0.37687495,North Sumatra
2022-06-08 00:00:00+00:00,25.83342,7.1666665,0.3760138,North Sumatra
2022-06-09 00:00:00+00:00,26.39939,8.000001,0.37399998,North Sumatra
2022-06-10 00:00:00+00:00,25.5355,6.7333336,0.3720833,North Sumatra
2022-06-11 00:00:00+00:00,25.369528,15.033334,0.37059727,North Sumatra
2022-06-12 00:00:00+00:00,25.583414,4.266667,0.36983335,North Sumatra
2022-06-13 00:00:00+00:00,26.72439,2.3666666,0.36858332,North Sumatra
2022-06-14 00:00:00+00:00,26.127167,9.833333,0.36716667,North Sumatra
2022-06-15 00:00:00+00:00,26.157722,15.466666,0.3680695,North Sumatra
2022-06-16 00:00:00+00:00,26.545221,12.033333,0.36831948,North Sumatra
2022-06-17 00:00:00+00:00,25.852165,16.466667,0.3686112,North Sumatra
2022-06-18 00:00:00+00:00,25.683418,15.133334,0.36755553,North Sumatra
2022-06-19 00:00:00+00:00,25.445223,6.6333337,0.3669583,North Sumatra
2022-06-20 00:00:00+00:00,25.35147,19.500002,0.3663889,North Sumatra
2022-06-21 00:00:00+00:00,25.033419,19.0,0.36577782,North Sumatra
2022-06-22 00:00:00+00:00,25.068832,24.466667,0.36987504,North Sumatra
2022-06-23 00:00:00+00:00,25.082026,10.533334,0.38154164,North Sumatra
2022-06-24 00:00:00+00:00,24.888277,9.766666,0.38969445,North Sumatra
2022-06-25 00:00:00+00:00,26.21536,14.5,0.3957778,North Sumatra
2022-06-26 00:00:00+00:00,26.398691,10.100001,0.39805558,North Sumatra
2022-06-27 00:00:00+00:00,26.507027,11.099999,0.39827776,North Sumatra
2022-06-28 00:00:00+00:00,26.160498,4.433333,0.39900002,North Sumatra
2022-06-29 00:00:00+00:00,26.34175,21.099998,0.4011806,North Sumatra
2022-06-30 00:00:00+00:00,26.845917,9.966666,0.4016666,North Sumatra
2022-07-01 00:00:00+00:00,27.17647,15.766666,0.4011805,North Sumatra
2022-07-02 00:00:00+00:00,27.543833,2.8666666,0.4036667,North Sumatra
2022-07-03 00:00:00+00:00,28.026472,2.7333329,0.40211108,North Sumatra
2022-07-04 00:00:00+00:00,27.425776,16.566664,0.40395832,North Sumatra
2022-07-05 00:00:00+00:00,28.108416,1.8666664,0.40091673,North Sumatra
2022-07-06 00:00:00+00:00,26.954248,5.7333336,0.39934728,North Sumatra
2022-07-07 00:00:00+00:00,27.800081,5.9,0.39654168,North Sumatra
2022-07-08 00:00:00+00:00,27.943138,15.666667,0.39597216,North Sumatra
2022-07-09 00:00:00+00:00,27.982027,7.1333346,0.39527774,North Sumatra
2022-07-10 00:00:00+00:00,27.979248,1.3666668,0.3896667,North Sumatra
2022-07-11 00:00:00+00:00,26.999388,17.53333,0.38368055,North Sumatra
2022-07-12 00:00:00+00:00,25.86814,9.933333,0.38095832,North Sumatra
2022-07-13 00:00:00+00:00,26.52786,4.033333,0.3775972,North Sumatra
2022-07-14 00:00:00+00:00,27.077166,6.1999993,0.37406942,North Sumatra
2022-07-15 00:00:00+00:00,28.02786,5.7333336,0.37099996,North Sumatra
2022-07-16 00:00:00+00:00,28.193832,4.8,0.36925003,North Sumatra
2022-07-17 00:00:00+00:00,28.216057,3.0,0.3681667,North Sumatra
2022-07-18 00:00:00+00:00,28.753555,2.1000001,0.36763886,North Sumatra
2022-07-19 00:00:00+00:00,27.463972,2.3999999,0.36563888,North Sumatra
2022-07-20 00:00:00+00:00,27.49175,5.566666,0.36276388,North Sumatra
2022-07-21 00:00:00+00:00,27.17439,23.5,0.36391667,North Sumatra
2022-07-22 00:00:00+00:00,25.92717,15.233335,0.36516666,North Sumatra
2022-07-23 00:00:00+00:00,25.684805,13.366668,0.36334726,North Sumatra
2022-07-24 00:00:00+00:00,24.722305,9.433333,0.36316666,North Sumatra
2022-07-25 00:00:00+00:00,25.426474,11.599999,0.36316666,North Sumatra
2022-07-26 00:00:00+00:00,25.711197,21.266665,0.3632778,North Sumatra
2022-07-27 00:00:00+00:00,26.48411,16.933332,0.36744443,North Sumatra
2022-07-28 00:00:00+00:00,27.184805,10.666667,0.3685139,North Sumatra
2022-07-29 00:00:00+00:00,26.584112,18.866667,0.37726387,North Sumatra
2022-07-30 00:00:00+00:00,26.640358,13.866668,0.38259724,North Sumatra
2022-07-31 00:00:00+00:00,27.1605,13.3,0.38331947,North Sumatra
2022-08-01 00:00:00+00:00,26.358416,10.533334,0.38087496,North Sumatra
2022-08-02 00:00:00+00:00,25.65703,16.266665,0.3785694,North Sumatra
2022-08-03 00:00:00+00:00,24.85425,16.499998,0.38025007,North Sumatra
2022-08-04 00:00:00+00:00,25.21189,0.6666667,0.37856948,North Sumatra
2022-08-05 00:00:00+00:00,26.67925,0.06666667,0.3782361,North Sumatra
2022-08-06 00:00:00+00:00,26.534111,7.066666,0.37644443,North Sumatra
2022-08-07 00:00:00+00:00,26.936193,1.0666667,0.3748056,North Sumatra
2022-08-08 00:00:00+00:00,28.12439,2.0,0.37172222,North Sumatra
2022-08-09 00:00:00+00:00,28.012583,2.2333333,0.36779165,North Sumatra
2022-08-10 00:00:00+00:00,27.786888,2.7,0.36366668,North Sumatra
2022-08-11 00:00:00+00:00,28.688974,2.5,0.3595694,North Sumatra
2022-08-12 00:00:00+00:00,27.136889,10.0,0.356625,North Sumatra
2022-08-13 00:00:00+00:00,26.767447,8.7,0.35415283,North Sumatra
2022-08-14 00:00:00+00:00,26.573698,8.133333,0.35205552,North Sumatra
2022-08-15 00:00:00+00:00,26.49939,13.8,0.3495278,North Sumatra
2022-08-16 00:00:00+00:00,26.423697,8.866667,0.34650004,North Sumatra
2022-08-17 00:00:00+00:00,26.27022,20.6,0.34695837,North Sumatra
2022-08-18 00:00:00+00:00,26.356333,0.43333337,0.34672222,North Sumatra
2022-08-19 00:00:00+00:00,27.31675,7.433333,0.3465555,North Sumatra
2022-08-20 00:00:00+00:00,25.409803,23.0,0.35140276,North Sumatra
2022-08-21 00:00:00+00:00,25.17161,7.566667,0.3553194,North Sumatra
2022-08-22 00:00:00+00:00,25.919527,19.433334,0.359875,North Sumatra
2022-08-23 00:00:00+00:00,24.721613,15.733334,0.3712362,North Sumatra
2022-08-24 00:00:00+00:00,25.61397,16.1,0.3753611,North Sumatra
2022-08-25 00:00:00+00:00,26.252169,17.666666,0.3778889,North Sumatra
2022-08-26 00:00:00+00:00,26.056334,16.833334,0.38593054,North Sumatra
2022-08-27 00:00:00+00:00,25.925085,28.133333,0.38474998,North Sumatra
2022-08-28 00:00:00+00:00,25.169527,12.5666685,0.38455555,North Sumatra
2022-08-29 00:00:00+00:00,25.819527,7.6000004,0.3824444,North Sumatra
2022-08-30 00:00:00+00:00,25.822306,9.666667,0.3802222,North Sumatra
2022-08-31 00:00:00+00:00,26.31814,15.0,0.37837496,North Sumatra
2022-09-01 00:00:00+00:00,25.217443,15.533333,0.38169444,North Sumatra
2022-09-02 00:00:00+00:00,25.418833,6.7999997,0.38329163,North Sumatra
2022-09-03 00:00:00+00:00,26.051474,26.4,0.3868889,North Sumatra
2022-09-04 00:00:00+00:00,27.13411,0.4,0.38743055,North Sumatra
2022-09-05 00:00:00+00:00,27.077166,2.9333334,0.38330546,North Sumatra
2022-09-06 00:00:00+00:00,26.800085,20.333334,0.38072225,North Sumatra
2022-09-07 00:00:00+00:00,26.7105,0.6333334,0.38129163,North Sumatra
2022-09-08 00:00:00+00:00,26.449389,3.6000001,0.37831947,North Sumatra
2022-09-09 00:00:00+00:00,27.40772,1.2333335,0.37618065,North Sumatra
2022-09-10 00:00:00+00:00,27.596611,8.033334,0.37344447,North Sumatra
2022-09-11 00:00:00+00:00,25.877167,9.533333,0.37158334,North Sumatra
2022-09-12 00:00:00+00:00,26.355639,11.933334,0.36940277,North Sumatra
2022-09-13 00:00:00+00:00,25.612585,22.233335,0.36605558,North Sumatra
2022-09-14 00:00:00+00:00,25.541056,14.400001,0.36358333,North Sumatra
2022-09-15 00:00:00+00:00,25.513971,15.466667,0.36195835,North Sumatra
2022-09-16 00:00:00+00:00,25.815361,12.933334,0.36041665,North Sumatra
2022-09-17 00:00:00+00:00,25.598694,47.400005,0.36644444,North Sumatra
2022-09-18 00:00:00+00:00,25.63272,5.0666666,0.36423612,North Sumatra
2022-09-19 00:00:00+00:00,26.002861,12.433333,0.36375,North Sumatra
2022-09-20 00:00:00+00:00,25.667444,5.5,0.36133334,North Sumatra
2022-09-21 00:00:00+00:00,25.651474,18.666666,0.36363888,North Sumatra
2022-09-22 00:00:00+00:00,24.954248,7.2999997,0.36418056,North Sumatra
2022-09-23 00:00:00+00:00,25.625778,26.866669,0.3669583,North Sumatra
2022-09-24 00:00:00+00:00,25.94175,10.566667,0.36993054,North Sumatra
2022-09-25 00:00:00+00:00,25.994528,10.266666,0.36976394,North Sumatra
2022-09-26 00:00:00+00:00,26.805641,14.299999,0.37268054,North Sumatra
2022-09-27 00:00:00+00:00,26.107027,32.8,0.37229168,North Sumatra
2022-09-28 00:00:00+00:00,26.004946,24.133331,0.36838886,North Sumatra
2022-09-29 00:00:00+00:00,26.136194,14.533334,0.35987496,North Sumatra
2022-09-30 00:00:00+00:00,25.520918,28.4,0.36551392,North Sumatra
2022-10-01 00:00:00+00:00,25.877863,9.866667,0.37018052,North Sumatra
2022-10-02 00:00:00+00:00,25.074389,9.966667,0.36941668,North Sumatra
2022-10-03 00:00:00+00:00,25.309113,21.700003,0.3674167,North Sumatra
2022-10-04 00:00:00+00:00,25.566748,28.566664,0.37293056,North Sumatra
2022-10-05 00:00:00+00:00,24.784805,14.9333315,0.38531947,North Sumatra
2022-10-06 00:00:00+00:00,25.83203,5.6999993,0.37370837,North Sumatra
2022-10-07 00:00:00+00:00,24.870218,18.2,0.37570834,North Sumatra
2022-10-08 00:00:00+00:00,25.773697,6.566667,0.3807917,North Sumatra
2022-10-09 00:00:00+00:00,25.71814,1.4,0.38250005,North Sumatra
2022-10-10 00:00:00+00:00,25.99175,7.3333335,0.3791667,North Sumatra
2022-10-11 00:00:00+00:00,25.729944,24.833334,0.37916663,North Sumatra
2022-10-12 00:00:00+00:00,25.132029,18.400002,0.3856667,North Sumatra
2022-10-13 00:00:00+00:00,25.773695,7.7999997,0.38527775,North Sumatra
2022-10-14 00:00:00+00:00,24.908417,31.733332,0.39170834,North Sumatra
2022-10-15 00:00:00+00:00,25.498001,32.766666,0.39713892,North Sumatra
2022-10-16 00:00:00+00:00,25.427168,8.933334,0.39336112,North Sumatra
2022-10-17 00:00:00+00:00,26.375082,3.7333333,0.3840139,North Sumatra
2022-10-18 00:00:00+00:00,27.000776,13.166667,0.38343057,North Sumatra
2022-10-19 00:00:00+00:00,27.050085,13.266667,0.3815,North Sumatra
2022-10-20 00:00:00+00:00,26.778557,32.133335,0.3739861,North Sumatra
2022-10-21 00:00:00+00:00,25.99314,23.633331,0.38254166,North Sumatra
2022-10-22 00:00:00+00:00,25.923693,3.3,0.38062498,North Sumatra
2022-10-23 00:00:00+00:00,26.220222,7.1666665,0.37825,North Sumatra
2022-10-24 00:00:00+00:00,25.207724,17.933334,0.37538886,North Sumatra
2022-10-25 00:00:00+00:00,25.150085,10.166667,0.38176394,North Sumatra
2022-10-26 00:00:00+00:00,25.122307,7.933333,0.37970832,North Sumatra
2022-10-27 00:00:00+00:00,25.267443,14.633334,0.3810973,North Sumatra
2022-10-28 00:00:00+00:00,25.432722,19.333334,0.3834028,North Sumatra
2022-10-29 00:00:00+00:00,25.80911,18.733335,0.38433334,North Sumatra
2022-10-30 00:00:00+00:00,25.168139,46.13333,0.38983336,North Sumatra
2022-10-31 00:00:00+00:00,25.163277,27.266663,0.38009718,North Sumatra
2022-11-01 00:00:00+00:00,25.23342,48.36667,0.38902774,North Sumatra
2022-11-02 00:00:00+00:00,25.129251,11.833333,0.3876389,North Sumatra
2022-11-03 00:00:00+00:00,25.048697,28.733337,0.38609722,North Sumatra
2022-11-04 00:00:00+00:00,25.216057,19.366665,0.38645837,North Sumatra
2022-11-05 00:00:00+00:00,25.297304,14.766667,0.38240278,North Sumatra
2022-11-06 00:00:00+00:00,25.286888,37.233337,0.38276383,North Sumatra
2022-11-07 00:00:00+00:00,25.191057,18.233334,0.38404167,North Sumatra
2022-11-08 00:00:00+00:00,25.195917,18.866669,0.3795139,North Sumatra
2022-11-09 00:00:00+00:00,25.023,11.033334,0.36665276,North Sumatra
2022-11-10 00:00:00+00:00,24.775085,30.9,0.36469445,North Sumatra
2022-11-11 00:00:00+00:00,24.235498,30.300001,0.37272227,North Sumatra
2022-11-12 00:00:00+00:00,24.54522,9.5,0.36843058,North Sumatra
2022-11-13 00:00:00+00:00,24.787582,31.5,0.37419438,North Sumatra
2022-11-14 00:00:00+00:00,24.879944,46.333332,0.3867083,North Sumatra
2022-11-15 00:00:00+00:00,24.629944,17.333334,0.40290275,North Sumatra
2022-11-16 00:00:00+00:00,25.434805,18.566666,0.40220842,North Sumatra
2022-11-17 00:00:00+00:00,25.472305,5.9666667,0.39448616,North Sumatra
2022-11-18 00:00:00+00:00,25.375082,32.466663,0.3956528,North Sumatra
2022-11-19 00:00:00+00:00,24.93411,17.066668,0.3852361,North Sumatra
2022-11-20 00:00:00+00:00,25.4355,23.366667,0.38684714,North Sumatra
2022-11-21 00:00:00+00:00,25.565361,10.033333,0.38579166,North Sumatra
2022-11-22 00:00:00+00:00,25.928556,10.566667,0.38673607,North Sumatra
2022-11-23 00:00:00+00:00,25.877167,3.3666666,0.38662496,North Sumatra
2022-11-24 00:00:00+00:00,25.557724,19.199999,0.3884723,North Sumatra
2022-11-25 00:00:00+00:00,25.828558,19.166666,0.39951384,North Sumatra
2022-11-26 00:00:00+00:00,25.920221,7.9666677,0.4046528,North Sumatra
2022-11-27 00:00:00+00:00,26.016748,3.4666665,0.4047639,North Sumatra
2022-11-28 00:00:00+00:00,25.923693,11.0,0.40061107,North Sumatra
2022-11-29 00:00:00+00:00,25.28064,3.9333336,0.39561108,North Sumatra
2022-11-30 00:00:00+00:00,25.063972,22.6,0.39288887,North Sumatra
2022-12-01 00:00:00+00:00,24.550081,11.900001,0.39061108,North Sumatra
2022-12-02 00:00:00+00:00,24.854944,16.1,0.38641664,North Sumatra
2022-12-03 00:00:00+00:00,25.154251,1.2333332,0.38309717,North Sumatra
2022-12-04 00:00:00+00:00,25.098694,28.33333,0.38273612,North Sumatra
2022-12-05 00:00:00+00:00,25.338968,21.933334,0.3830833,North Sumatra
2022-12-06 00:00:00+00:00,25.29036,35.233334,0.39025006,North Sumatra
2022-12-07 00:00:00+00:00,25.690363,5.799999,0.39712498,North Sumatra
2022-12-08 00:00:00+00:00,24.468138,16.033333,0.4002222,North Sumatra
2022-12-09 00:00:00+00:00,23.41397,12.366668,0.4101945,North Sumatra
2022-12-10 00:00:00+00:00,23.705637,42.699997,0.42147228,North Sumatra
2022-12-11 00:00:00+00:00,23.573,20.733334,0.41616666,North Sumatra
2022-12-12 00:00:00+00:00,24.48411,14.933334,0.4047083,North Sumatra
2022-12-13 00:00:00+00:00,24.130636,40.36667,0.41763887,North Sumatra
2022-12-14 00:00:00+00:00,24.002167,31.166666,0.43108335,North Sumatra
2022-12-15 00:00:00+00:00,24.542444,13.166667,0.4213194,North Sumatra
2022-12-16 00:00:00+00:00,25.229948,14.8,0.41913894,North Sumatra
2022-12-17 00:00:00+00:00,25.28897,11.900001,0.4157083,North Sumatra
2022-12-18 00:00:00+00:00,24.743834,33.166668,0.41829166,North Sumatra
2022-12-19 00:00:00+00:00,25.050081,13.5,0.42580557,North Sumatra
2022-12-20 00:00:00+00:00,25.20564,9.000001,0.42476392,North Sumatra
2022-12-21 00:00:00+00:00,24.536194,19.900002,0.42776394,North Sumatra
2022-12-22 00:00:00+00:00,24.365362,4.1,0.4282639,North Sumatra
2022-12-23 00:00:00+00:00,24.75772,9.900001,0.4269028,North Sumatra
2022-12-24 00:00:00+00:00,24.822304,21.4,0.42690268,North Sumatra
2022-12-25 00:00:00+00:00,25.338968,3.8,0.42676377,North Sumatra
2022-12-26 00:00:00+00:00,24.943832,8.233334,0.4241805,North Sumatra
2022-12-27 00:00:00+00:00,24.673697,12.200001,0.4208889,North Sumatra
2022-12-28 00:00:00+00:00,24.725777,8.0,0.418625,North Sumatra
2022-12-29 00:00:00+00:00,24.265364,15.233333,0.41884723,North Sumatra
2022-12-30 00:00:00+00:00,24.485498,11.366666,0.42218053,North Sumatra
2022-12-31 00:00:00+00:00,25.1355,1.9000001,0.42163885,North Sumatra
2023-01-01 00:00:00+00:00,25.316055,3.3666668,0.42005554,North Sumatra
2023-01-02 00:00:00+00:00,25.167444,18.666666,0.42133334,North Sumatra
2023-01-03 00:00:00+00:00,25.245918,4.2,0.4190278,North Sumatra
2023-01-04 00:00:00+00:00,25.328554,3.7333336,0.41926393,North Sumatra
2023-01-05 00:00:00+00:00,25.766748,2.2333333,0.41699997,North Sumatra
2023-01-06 00:00:00+00:00,25.954248,0.6666667,0.41404167,North Sumatra
2023-01-07 00:00:00+00:00,24.69661,22.266668,0.41162494,North Sumatra
2023-01-08 00:00:00+00:00,24.596613,12.466667,0.41015276,North Sumatra
2023-01-09 00:00:00+00:00,25.527863,11.366668,0.40852776,North Sumatra
2023-01-10 00:00:00+00:00,25.039665,16.0,0.4093195,North Sumatra
2023-01-11 00:00:00+00:00,24.626472,13.599999,0.4095,North Sumatra
2023-01-12 00:00:00+00:00,25.306335,14.533334,0.40869442,North Sumatra
2023-01-13 00:00:00+00:00,24.938278,16.033335,0.41508332,North Sumatra
2023-01-14 00:00:00+00:00,24.745224,10.3,0.42016673,North Sumatra
2023-01-15 00:00:00+00:00,25.073004,15.933333,0.42083332,North Sumatra
2023-01-16 00:00:00+00:00,24.228556,12.5,0.41881943,North Sumatra
2023-01-17 00:00:00+00:00,24.493834,0.5,0.41819444,North Sumatra
2023-01-18 00:00:00+00:00,25.339666,0.3,0.4168333,North Sumatra
2023-01-19 00:00:00+00:00,24.73411,7.9,0.41491663,North Sumatra
2023-01-20 00:00:00+00:00,25.020224,16.833334,0.41365275,North Sumatra
2023-01-21 00:00:00+00:00,24.029251,33.966667,0.41380548,North Sumatra
2023-01-22 00:00:00+00:00,24.513971,15.766667,0.4170277,North Sumatra
2023-01-23 00:00:00+00:00,24.486887,12.700001,0.42462492,North Sumatra
2023-01-24 00:00:00+00:00,23.31189,9.333333,0.43247223,North Sumatra
2023-01-25 00:00:00+00:00,25.388277,0.5,0.43759716,North Sumatra
2023-01-26 00:00:00+00:00,25.546614,2.6666667,0.43679175,North Sumatra
2023-01-27 00:00:00+00:00,24.97161,17.266666,0.4390417,North Sumatra
2023-01-28 00:00:00+00:00,24.71814,3.2666664,0.43819442,North Sumatra
2023-01-29 00:00:00+00:00,24.690361,13.799999,0.44098613,North Sumatra
2023-01-30 00:00:00+00:00,25.40286,5.6,0.4410833,North Sumatra
2023-01-31 00:00:00+00:00,24.712584,18.499998,0.44215274,North Sumatra
2023-02-01 00:00:00+00:00,24.969528,7.8666663,0.44252777,North Sumatra
2023-02-02 00:00:00+00:00,25.429945,6.5000005,0.44126388,North Sumatra
2023-02-03 00:00:00+00:00,25.683418,15.799999,0.4409167,North Sumatra
2023-02-04 00:00:00+00:00,25.461195,9.5,0.4400417,North Sumatra
2023-02-05 00:00:00+00:00,24.718138,12.633334,0.43799996,North Sumatra
2023-02-06 00:00:00+00:00,24.606333,3.4333336,0.43641663,North Sumatra
2023-02-07 00:00:00+00:00,25.659111,4.233334,0.4357084,North Sumatra
2023-02-08 00:00:00+00:00,24.714666,16.300001,0.43312502,North Sumatra
2023-02-09 00:00:00+00:00,25.509111,24.9,0.43062505,North Sumatra
2023-02-10 00:00:00+00:00,25.030638,18.733335,0.4286667,North Sumatra
2023-02-11 00:00:00+00:00,24.750778,5.433333,0.4270555,North Sumatra
2023-02-12 00:00:00+00:00,24.554941,12.766667,0.425625,North Sumatra
2023-02-13 00:00:00+00:00,25.411194,5.533333,0.42394444,North Sumatra
2023-02-14 00:00:00+00:00,25.447304,7.4666657,0.42187503,North Sumatra
2023-02-15 00:00:00+00:00,25.600779,3.6000001,0.41938892,North Sumatra
2023-02-16 00:00:00+00:00,25.861193,1.4333334,0.4161528,North Sumatra
2023-02-17 00:00:00+00:00,26.373695,5.8000007,0.41319442,North Sumatra
2023-02-18 00:00:00+00:00,25.884111,4.6,0.41105554,North Sumatra
2023-02-19 00:00:00+00:00,24.745224,14.433333,0.40990272,North Sumatra
2023-02-20 00:00:00+00:00,25.07786,5.7000003,0.40941665,North Sumatra
2023-02-21 00:00:00+00:00,25.241056,4.166667,0.40831944,North Sumatra
2023-02-22 00:00:00+00:00,25.01744,9.700001,0.40830556,North Sumatra
2023-02-23 00:00:00+00:00,25.097305,21.633333,0.4089445,North Sumatra
2023-02-24 00:00:00+00:00,24.904945,5.1,0.41487494,North Sumatra
2023-02-25 00:00:00+00:00,24.761892,1.9666666,0.41579166,North Sumatra
2023-02-26 00:00:00+00:00,24.896608,4.8666663,0.41451392,North Sumatra
2023-02-27 00:00:00+00:00,25.370224,2.6666665,0.41215274,North Sumatra
2023-02-28 00:00:00+00:00,25.063278,10.766666,0.41080555,North Sumatra
2023-03-01 00:00:00+00:00,23.81675,13.366669,0.4094305,North Sumatra
2023-03-02 00:00:00+00:00,25.352861,19.033333,0.40868056,North Sumatra
2023-03-03 00:00:00+00:00,24.10703,19.266668,0.41408336,North Sumatra
2023-03-04 00:00:00+00:00,24.488276,7.3333335,0.42351392,North Sumatra
2023-03-05 00:00:00+00:00,24.182722,7.733333,0.42624998,North Sumatra
2023-03-06 00:00:00+00:00,25.091055,4.7000003,0.42562497,North Sumatra
2023-03-07 00:00:00+00:00,25.657722,1.3666668,0.42355558,North Sumatra
2023-03-08 00:00:00+00:00,25.668142,5.4,0.4206389,North Sumatra
2023-03-09 00:00:00+00:00,25.317444,8.500001,0.41831943,North Sumatra
2023-03-10 00:00:00+00:00,25.227167,20.800001,0.41598618,North Sumatra
2023-03-11 00:00:00+00:00,24.93133,14.133334,0.4135833,North Sumatra
2023-03-12 00:00:00+00:00,25.20286,6.6,0.4128194,North Sumatra
2023-03-13 00:00:00+00:00,24.56397,10.333334,0.41316664,North Sumatra
2023-03-14 00:00:00+00:00,25.583414,1.4333334,0.4131805,North Sumatra
2023-03-15 00:00:00+00:00,25.36189,6.0,0.41184714,North Sumatra
2023-03-16 00:00:00+00:00,25.584112,4.1666675,0.40981945,North Sumatra
2023-03-17 00:00:00+00:00,26.391748,1.9,0.4077361,North Sumatra
2023-03-18 00:00:00+00:00,26.420221,3.5333335,0.4051527,North Sumatra
2023-03-19 00:00:00+00:00,27.100082,0.53333336,0.40326393,North Sumatra
2023-03-20 00:00:00+00:00,25.663279,7.2999997,0.40091667,North Sumatra
2023-03-21 00:00:00+00:00,25.54383,2.1000001,0.39922214,North Sumatra
2023-03-22 00:00:00+00:00,26.913279,8.500001,0.3974583,North Sumatra
2023-03-23 00:00:00+00:00,25.629251,11.566667,0.3951389,North Sumatra
2023-03-24 00:00:00+00:00,25.399391,11.2,0.39195827,North Sumatra
2023-03-25 00:00:00+00:00,25.064667,22.433334,0.39231935,North Sumatra
2023-03-26 00:00:00+00:00,25.812584,6.6,0.39283326,North Sumatra
2023-03-27 00:00:00+00:00,26.05425,5.133333,0.39329162,North Sumatra
2023-03-28 00:00:00+00:00,26.329947,0.90000004,0.3939444,North Sumatra
2023-03-29 00:00:00+00:00,26.54522,3.2333333,0.39306948,North Sumatra
2023-03-30 00:00:00+00:00,25.857027,4.9,0.39190277,North Sumatra
2023-03-31 00:00:00+00:00,26.49314,1.0333333,0.39026383,North Sumatra
2023-04-01 00:00:00+00:00,25.882723,10.166667,0.3886528,North Sumatra
2023-04-02 00:00:00+00:00,25.237585,12.633334,0.38713884,North Sumatra
2023-04-03 00:00:00+00:00,25.09036,2.0,0.38601387,North Sumatra
2023-04-04 00:00:00+00:00,26.634804,4.133333,0.38470832,North Sumatra
2023-04-05 00:00:00+00:00,25.58689,6.6666665,0.3831389,North Sumatra
2023-04-06 00:00:00+00:00,26.451471,2.8333333,0.38177773,North Sumatra
2023-04-07 00:00:00+00:00,25.879944,14.033333,0.38026384,North Sumatra
2023-04-08 00:00:00+00:00,25.875082,3.6666667,0.37886116,North Sumatra
2023-04-09 00:00:00+00:00,25.297308,4.1666665,0.37744448,North Sumatra
2023-04-10 00:00:00+00:00,26.516748,3.3333333,0.37597218,North Sumatra
2023-04-11 00:00:00+00:00,27.25911,0.9666667,0.37454164,North Sumatra
2023-04-12 00:00:00+00:00,27.138277,3.8333333,0.3728472,North Sumatra
2023-04-13 00:00:00+00:00,27.2105,7.5,0.37075004,North Sumatra
2023-04-14 00:00:00+00:00,26.982725,4.8333335,0.36973608,North Sumatra
2023-04-15 00:00:00+00:00,27.204248,4.5,0.36847225,North Sumatra
2023-04-16 00:00:00+00:00,27.151474,3.3333333,0.36687505,North Sumatra
2023-04-17 00:00:00+00:00,27.350777,1.3000001,0.36527777,North Sumatra
2023-04-18 00:00:00+00:00,26.571611,7.5,0.36245838,North Sumatra
2023-04-19 00:00:00+00:00,26.161194,14.233335,0.35766664,North Sumatra
2023-04-20 00:00:00+00:00,26.20286,6.0333343,0.35472226,North Sumatra
2023-04-21 00:00:00+00:00,26.625772,6.866667,0.3539306,North Sumatra
2023-04-22 00:00:00+00:00,26.136194,6.6,0.35240278,North Sumatra
2023-04-23 00:00:00+00:00,25.795221,13.0,0.3515,North Sumatra
2023-04-24 00:00:00+00:00,26.220917,7.7666664,0.35076392,North Sumatra
2023-04-25 00:00:00+00:00,26.85425,2.4333334,0.35030556,North Sumatra
2023-04-26 00:00:00+00:00,26.932032,9.733334,0.34952775,North Sumatra
2023-04-27 00:00:00+00:00,26.308416,11.133334,0.34844437,North Sumatra
2023-04-28 00:00:00+00:00,26.134806,6.2999997,0.347,North Sumatra
2023-04-29 00:00:00+00:00,26.789667,3.3,0.3457222,North Sumatra
2023-04-30 00:00:00+00:00,26.361887,7.1000004,0.3451806,North Sumatra
2023-05-01 00:00:00+00:00,26.86189,3.2333333,0.34466663,North Sumatra
2023-05-02 00:00:00+00:00,27.067446,10.400001,0.34358326,North Sumatra
2023-05-03 00:00:00+00:00,26.559807,16.133335,0.34347224,North Sumatra
2023-05-04 00:00:00+00:00,26.41675,17.533335,0.34256944,North Sumatra
2023-05-05 00:00:00+00:00,26.517443,10.433333,0.3432083,North Sumatra
2023-05-06 00:00:00+00:00,26.21258,18.333334,0.3455,North Sumatra
2023-05-07 00:00:00+00:00,26.400778,13.000001,0.34965274,North Sumatra
2023-05-08 00:00:00+00:00,26.938972,16.333334,0.35504162,North Sumatra
2023-05-09 00:00:00+00:00,27.453554,1.9333333,0.36462498,North Sumatra
2023-05-10 00:00:00+00:00,27.432722,3.5999997,0.37377784,North Sumatra
2023-05-11 00:00:00+00:00,28.614668,1.0666667,0.3734167,North Sumatra
2023-05-12 00:00:00+00:00,27.809807,4.933333,0.37259722,North Sumatra
2023-05-13 00:00:00+00:00,28.138975,8.833333,0.3709861,North Sumatra
2023-05-14 00:00:00+00:00,27.448,12.5,0.36816666,North Sumatra
2023-05-15 00:00:00+00:00,26.854944,14.233334,0.36806938,North Sumatra
2023-05-16 00:00:00+00:00,27.318138,8.5,0.367125,North Sumatra
2023-05-17 00:00:00+00:00,26.840363,23.433334,0.3691111,North Sumatra
2023-05-18 00:00:00+00:00,26.361197,21.733335,0.37341663,North Sumatra
2023-05-19 00:00:00+00:00,26.239668,14.766666,0.37323606,North Sumatra
2023-05-20 00:00:00+00:00,26.513971,20.433336,0.37370834,North Sumatra
2023-05-21 00:00:00+00:00,26.178556,3.1999998,0.37380552,North Sumatra
2023-05-22 00:00:00+00:00,26.017443,13.033334,0.37315273,North Sumatra
2023-05-23 00:00:00+00:00,26.144526,10.1,0.37227774,North Sumatra
2023-05-24 00:00:00+00:00,26.584112,8.733334,0.3706667,North Sumatra
2023-05-25 00:00:00+00:00,26.6605,7.1,0.36950004,North Sumatra
2023-05-26 00:00:00+00:00,26.059805,13.433334,0.36990282,North Sumatra
2023-05-27 00:00:00+00:00,26.151474,11.700001,0.3671666,North Sumatra
2023-05-28 00:00:00+00:00,27.094528,6.6999993,0.3644444,North Sumatra
2023-05-29 00:00:00+00:00,27.700083,4.9,0.36365283,North Sumatra
2023-05-30 00:00:00+00:00,27.80078,9.466667,0.36193058,North Sumatra
2023-05-31 00:00:00+00:00,27.850777,5.2999997,0.35898617,North Sumatra
2023-06-01 00:00:00+00:00,27.523695,3.7,0.35744444,North Sumatra
2023-06-02 00:00:00+00:00,27.915361,1.2666667,0.35633335,North Sumatra
2023-06-03 00:00:00+00:00,27.157722,19.466667,0.3568889,North Sumatra
2023-06-04 00:00:00+00:00,26.894526,9.933333,0.35648617,North Sumatra
2023-06-05 00:00:00+00:00,26.988276,24.066668,0.35697225,North Sumatra
2023-06-06 00:00:00+00:00,27.095917,1.6999999,0.35926387,North Sumatra
2023-06-07 00:00:00+00:00,27.750086,1.7666668,0.36236107,North Sumatra
2023-06-08 00:00:00+00:00,28.28064,1.7000002,0.3620139,North Sumatra
2023-06-09 00:00:00+00:00,27.88828,3.0,0.36040273,North Sumatra
2023-06-10 00:00:00+00:00,27.09175,15.700001,0.3601111,North Sumatra
2023-06-11 00:00:00+00:00,27.117445,17.233334,0.36120835,North Sumatra
2023-06-12 00:00:00+00:00,27.351469,5.1666665,0.36287495,North Sumatra
2023-06-13 00:00:00+00:00,27.820915,8.066667,0.363875,North Sumatra
2023-06-14 00:00:00+00:00,27.869528,6.5333333,0.3627639,North Sumatra
2023-06-15 00:00:00+00:00,28.109808,0.16666667,0.36111107,North Sumatra
2023-06-16 00:00:00+00:00,28.43897,6.6666665,0.359375,North Sumatra
2023-06-17 00:00:00+00:00,28.010498,17.3,0.35880557,North Sumatra
2023-06-18 00:00:00+00:00,27.521612,4.066667,0.35945833,North Sumatra
2023-06-19 00:00:00+00:00,28.468834,1.5,0.35631943,North Sumatra
2023-06-20 00:00:00+00:00,29.21189,0.5333333,0.3530834,North Sumatra
2023-06-21 00:00:00+00:00,28.407722,13.666667,0.3513472,North Sumatra
2023-06-22 00:00:00+00:00,26.850082,23.9,0.3504583,North Sumatra
2023-06-23 00:00:00+00:00,25.284805,30.066668,0.34927785,North Sumatra
2023-06-24 00:00:00+00:00,26.400085,10.933333,0.34733334,North Sumatra
2023-06-25 00:00:00+00:00,26.159805,12.399999,0.34574994,North Sumatra
2023-06-26 00:00:00+00:00,26.458418,4.4999995,0.34516668,North Sumatra
2023-06-27 00:00:00+00:00,26.05703,13.600001,0.3448055,North Sumatra
2023-06-28 00:00:00+00:00,26.01258,7.766667,0.3445417,North Sumatra
2023-06-29 00:00:00+00:00,26.912582,19.0,0.34583333,North Sumatra
2023-06-30 00:00:00+00:00,26.014664,32.933334,0.35293055,North Sumatra
2023-07-01 00:00:00+00:00,26.55911,2.3,0.3634583,North Sumatra
2023-07-02 00:00:00+00:00,27.96814,1.0333333,0.36174992,North Sumatra
2023-07-03 00:00:00+00:00,28.076471,1.7333332,0.36004165,North Sumatra
2023-07-04 00:00:00+00:00,27.52439,6.0,0.35872224,North Sumatra
2023-07-05 00:00:00+00:00,26.248001,5.433333,0.3564861,North Sumatra
2023-07-06 00:00:00+00:00,26.76536,3.1333332,0.35565278,North Sumatra
2023-07-07 00:00:00+00:00,26.428556,9.066667,0.35348615,North Sumatra
2023-07-08 00:00:00+00:00,26.191057,12.266667,0.3514028,North Sumatra
2023-07-09 00:00:00+00:00,25.84036,16.800001,0.35113886,North Sumatra
2023-07-10 00:00:00+00:00,25.971611,19.9,0.3570833,North Sumatra
2023-07-11 00:00:00+00:00,26.07578,8.5,0.36201382,North Sumatra
2023-07-12 00:00:00+00:00,25.7855,15.633334,0.3632361,North Sumatra
2023-07-13 00:00:00+00:00,26.094528,7.6,0.36341667,North Sumatra
2023-07-14 00:00:00+00:00,25.39453,0.9666667,0.3649167,North Sumatra
2023-07-15 00:00:00+00:00,27.090363,0.0,0.3646666,North Sumatra
2023-07-16 00:00:00+00:00,27.645224,0.5,0.3639445,North Sumatra
2023-07-17 00:00:00+00:00,26.949387,2.7333333,0.36304164,North Sumatra
2023-07-18 00:00:00+00:00,26.304253,16.766666,0.36283335,North Sumatra
2023-07-19 00:00:00+00:00,25.562582,12.0666685,0.36451387,North Sumatra
2023-07-20 00:00:00+00:00,25.96328,5.7666664,0.36733332,North Sumatra
2023-07-21 00:00:00+00:00,27.204947,7.7999997,0.36980549,North Sumatra
2023-07-22 00:00:00+00:00,27.195915,3.1333334,0.37055555,North Sumatra
2023-07-23 00:00:00+00:00,27.07786,5.3333335,0.37043056,North Sumatra
2023-07-24 00:00:00+00:00,27.730639,3.8999996,0.3686111,North Sumatra
2023-07-25 00:00:00+00:00,28.357721,2.7666664,0.36654165,North Sumatra
2023-07-26 00:00:00+00:00,28.29939,4.4666667,0.36386108,North Sumatra
2023-07-27 00:00:00+00:00,28.457724,0.8999999,0.36184725,North Sumatra
2023-07-28 00:00:00+00:00,28.878555,1.6,0.35931942,North Sumatra
2023-07-29 00:00:00+00:00,28.93897,0.5,0.35675,North Sumatra
2023-07-30 00:00:00+00:00,27.853554,11.099999,0.35537496,North Sumatra
2023-07-31 00:00:00+00:00,26.876472,12.633335,0.3595278,North Sumatra
2023-08-01 00:00:00+00:00,26.86814,1.8666667,0.36166668,North Sumatra
2023-08-02 00:00:00+00:00,28.166748,0.76666665,0.36095834,North Sumatra
2023-08-03 00:00:00+00:00,27.919527,5.4666667,0.35902777,North Sumatra
2023-08-04 00:00:00+00:00,27.532722,2.8333333,0.3575,North Sumatra
2023-08-05 00:00:00+00:00,26.281332,21.666666,0.35516664,North Sumatra
2023-08-06 00:00:00+00:00,26.573692,4.633333,0.35274997,North Sumatra
2023-08-07 00:00:00+00:00,26.552862,10.799999,0.35072222,North Sumatra
2023-08-08 00:00:00+00:00,26.446611,4.0666666,0.34976384,North Sumatra
2023-08-09 00:00:00+00:00,25.92578,21.066668,0.3482083,North Sumatra
2023-08-10 00:00:00+00:00,25.695917,6.7333336,0.34427777,North Sumatra
2023-08-11 00:00:00+00:00,26.32578,12.833333,0.34383333,North Sumatra
2023-08-12 00:00:00+00:00,26.329248,13.466666,0.34297228,North Sumatra
2023-08-13 00:00:00+00:00,25.428556,22.300003,0.3414167,North Sumatra
2023-08-14 00:00:00+00:00,25.553556,3.3666666,0.34086105,North Sumatra
2023-08-15 00:00:00+00:00,25.925085,14.566667,0.34318054,North Sumatra
2023-08-16 00:00:00+00:00,25.369528,38.2,0.34793058,North Sumatra
2023-08-17 00:00:00+00:00,25.479942,7.1,0.3502083,North Sumatra
2023-08-18 00:00:00+00:00,25.688278,23.300001,0.3513889,North Sumatra
2023-08-19 00:00:00+00:00,25.71189,7.133333,0.35397223,North Sumatra
2023-08-20 00:00:00+00:00,26.46814,7.0333333,0.35844442,North Sumatra
2023-08-21 00:00:00+00:00,25.544527,6.9666667,0.36422226,North Sumatra
2023-08-22 00:00:00+00:00,26.232721,12.966667,0.36531946,North Sumatra
2023-08-23 00:00:00+00:00,25.666754,11.766666,0.36745834,North Sumatra
2023-08-24 00:00:00+00:00,25.584112,9.266666,0.36880553,North Sumatra
2023-08-25 00:00:00+00:00,25.769526,23.666666,0.3681111,North Sumatra
2023-08-26 00:00:00+00:00,25.44522,12.066667,0.36794445,North Sumatra
2023-08-27 00:00:00+00:00,26.182722,17.766665,0.36836115,North Sumatra
2023-08-28 00:00:00+00:00,25.666748,15.600001,0.3682917,North Sumatra
2023-08-29 00:00:00+00:00,25.975779,19.733334,0.3699722,North Sumatra
2023-08-30 00:00:00+00:00,26.294527,10.166667,0.37870827,North Sumatra
2023-08-31 00:00:00+00:00,26.393831,13.833333,0.3799583,North Sumatra
2023-09-01 00:00:00+00:00,26.587584,13.166667,0.38029167,North Sumatra
2023-09-02 00:00:00+00:00,26.904251,7.6333337,0.38002777,North Sumatra
2023-09-03 00:00:00+00:00,26.990362,16.366667,0.38070834,North Sumatra
2023-09-04 00:00:00+00:00,25.701471,16.5,0.3907361,North Sumatra
2023-09-05 00:00:00+00:00,25.329252,31.866667,0.39973608,North Sumatra
2023-09-06 00:00:00+00:00,25.14939,3.8666668,0.4060694,North Sumatra
2023-09-07 00:00:00+00:00,26.891058,0.7666667,0.40506944,North Sumatra
2023-09-08 00:00:00+00:00,26.663279,5.933334,0.4017222,North Sumatra
2023-09-09 00:00:00+00:00,26.68064,6.833334,0.39886114,North Sumatra
2023-09-10 00:00:00+00:00,26.410501,6.2000003,0.3974028,North Sumatra
2023-09-11 00:00:00+00:00,27.092445,10.733334,0.39248613,North Sumatra
2023-09-12 00:00:00+00:00,26.900084,10.066667,0.38805556,North Sumatra
2023-09-13 00:00:00+00:00,27.42578,7.1666665,0.3865833,North Sumatra
2023-09-14 00:00:00+00:00,27.752167,1.2,0.3864306,North Sumatra
2023-09-15 00:00:00+00:00,26.872305,18.966665,0.3887361,North Sumatra
2023-09-16 00:00:00+00:00,26.740362,6.3666673,0.38626388,North Sumatra
2023-09-17 00:00:00+00:00,26.250084,15.5,0.38256943,North Sumatra
2023-09-18 00:00:00+00:00,26.802864,11.933333,0.3804028,North Sumatra
2023-09-19 00:00:00+00:00,26.406334,7.8000007,0.3787361,North Sumatra
2023-09-20 00:00:00+00:00,25.311195,14.266666,0.37898615,North Sumatra
2023-09-21 00:00:00+00:00,25.68897,17.666668,0.38179168,North Sumatra
2023-09-22 00:00:00+00:00,26.04939,4.3666663,0.383,North Sumatra
2023-09-23 00:00:00+00:00,26.120224,23.733332,0.38881943,North Sumatra
2023-09-24 00:00:00+00:00,26.127167,6.8000007,0.39495826,North Sumatra
2023-09-25 00:00:00+00:00,26.472305,10.633333,0.39572215,North Sumatra
2023-09-26 00:00:00+00:00,27.190361,1.0333333,0.39530548,North Sumatra
2023-09-27 00:00:00+00:00,27.314667,7.8000007,0.39406946,North Sumatra
2023-09-28 00:00:00+00:00,28.42647,7.4,0.3927361,North Sumatra
2023-09-29 00:00:00+00:00,27.85633,11.866666,0.3903056,North Sumatra
2023-09-30 00:00:00+00:00,27.788277,1.5333333,0.38701394,North Sumatra
2023-10-01 00:00:00+00:00,27.454248,7.5,0.38373604,North Sumatra
2023-10-02 00:00:00+00:00,26.907028,26.166666,0.38248608,North Sumatra
2023-10-03 00:00:00+00:00,27.253555,6.3333335,0.38180554,North Sumatra
2023-10-04 00:00:00+00:00,27.718832,9.0,0.38300002,North Sumatra
2023-10-05 00:00:00+00:00,26.561195,17.6,0.3834028,North Sumatra
2023-10-06 00:00:00+00:00,26.922997,12.333335,0.3841389,North Sumatra
2023-10-07 00:00:00+00:00,26.97717,4.566667,0.3835278,North Sumatra
2023-10-08 00:00:00+00:00,27.750778,4.2333336,0.38305554,North Sumatra
2023-10-09 00:00:00+00:00,26.947304,3.1999998,0.38369444,North Sumatra
2023-10-10 00:00:00+00:00,25.69175,16.733335,0.38493052,North Sumatra
2023-10-11 00:00:00+00:00,26.223694,13.733333,0.38422218,North Sumatra
2023-10-12 00:00:00+00:00,25.963968,14.466667,0.3840139,North Sumatra
2023-10-13 00:00:00+00:00,26.072306,25.800001,0.38391665,North Sumatra
2023-10-14 00:00:00+00:00,25.936193,19.566668,0.3866528,North Sumatra
2023-10-15 00:00:00+00:00,26.03272,10.766666,0.38706943,North Sumatra
2023-10-16 00:00:00+00:00,25.90564,21.1,0.3873472,North Sumatra
2023-10-17 00:00:00+00:00,26.25564,16.433334,0.38827768,North Sumatra
2023-10-18 00:00:00+00:00,26.257027,14.3,0.39020827,North Sumatra
2023-10-19 00:00:00+00:00,25.754944,18.166666,0.39174998,North Sumatra
2023-10-20 00:00:00+00:00,25.54592,13.266666,0.3933889,North Sumatra
2023-10-21 00:00:00+00:00,25.700777,18.1,0.39377776,North Sumatra
2023-10-22 00:00:00+00:00,25.49939,11.466667,0.3940694,North Sumatra
2023-10-23 00:00:00+00:00,26.025084,6.6666665,0.3934861,North Sumatra
2023-10-24 00:00:00+00:00,24.929945,20.6,0.39373615,North Sumatra
2023-10-25 00:00:00+00:00,25.523,10.900001,0.39461115,North Sumatra
2023-10-26 00:00:00+00:00,25.325083,21.4,0.3936111,North Sumatra
2023-10-27 00:00:00+00:00,25.64939,8.533333,0.3970417,North Sumatra
2023-10-28 00:00:00+00:00,25.740358,8.6,0.3974861,North Sumatra
2023-10-29 00:00:00+00:00,24.891748,13.933333,0.40016663,North Sumatra
2023-10-30 00:00:00+00:00,25.932722,6.3666673,0.4002916,North Sumatra
2023-10-31 00:00:00+00:00,25.396612,20.5,0.4005417,North Sumatra
2023-11-01 00:00:00+00:00,25.254946,26.166666,0.4007083,North Sumatra
2023-11-02 00:00:00+00:00,25.27925,10.400001,0.39894447,North Sumatra
2023-11-03 00:00:00+00:00,26.05425,10.000001,0.39722225,North Sumatra
2023-11-04 00:00:00+00:00,25.504944,7.6666665,0.39559725,North Sumatra
2023-11-05 00:00:00+00:00,25.602861,11.333333,0.39497218,North Sumatra
2023-11-06 00:00:00+00:00,26.1355,8.3,0.3945833,North Sumatra
2023-11-07 00:00:00+00:00,25.328558,19.200003,0.3954861,North Sumatra
2023-11-08 00:00:00+00:00,25.534111,10.366668,0.39548612,North Sumatra
2023-11-09 00:00:00+00:00,25.480639,5.333333,0.39488897,North Sumatra
2023-11-10 00:00:00+00:00,26.062584,18.166666,0.3949028,North Sumatra
2023-11-11 00:00:00+00:00,25.834112,27.233335,0.3981667,North Sumatra
2023-11-12 00:00:00+00:00,26.103556,11.133334,0.39974996,North Sumatra
2023-11-13 00:00:00+00:00,25.57786,25.066668,0.40100002,North Sumatra
2023-11-14 00:00:00+00:00,25.920916,0.53333336,0.40401387,North Sumatra
2023-11-15 00:00:00+00:00,25.988974,12.166667,0.40425,North Sumatra
2023-11-16 00:00:00+00:00,26.096611,18.833332,0.40611103,North Sumatra
2023-11-17 00:00:00+00:00,26.17925,7.1,0.4081805,North Sumatra
2023-11-18 00:00:00+00:00,25.926474,12.666665,0.40770832,North Sumatra
2023-11-19 00:00:00+00:00,25.386194,4.6666665,0.40756944,North Sumatra
2023-11-20 00:00:00+00:00,25.872307,24.96667,0.40763888,North Sumatra
2023-11-21 00:00:00+00:00,25.48411,15.733334,0.42133328,North Sumatra
2023-11-22 00:00:00+00:00,25.703558,13.766667,0.42115274,North Sumatra
2023-11-23 00:00:00+00:00,25.157028,21.966667,0.4319167,North Sumatra
2023-11-24 00:00:00+00:00,24.995224,6.9666657,0.43459722,North Sumatra
2023-11-25 00:00:00+00:00,25.481333,17.566668,0.43434724,North Sumatra
2023-11-26 00:00:00+00:00,25.329248,11.233335,0.43787503,North Sumatra
2023-11-27 00:00:00+00:00,25.77786,14.366669,0.44097218,North Sumatra
2023-11-28 00:00:00+00:00,25.325777,14.400001,0.44261113,North Sumatra
2023-11-29 00:00:00+00:00,26.077864,18.366667,0.43138894,North Sumatra
2023-11-30 00:00:00+00:00,25.839666,10.666667,0.4349583,North Sumatra
2023-12-01 00:00:00+00:00,25.23897,17.833334,0.43426386,North Sumatra
2023-12-02 00:00:00+00:00,25.490362,10.500001,0.43293056,North Sumatra
2023-12-03 00:00:00+00:00,25.45008,17.9,0.43544444,North Sumatra
2023-12-04 00:00:00+00:00,26.403557,16.266666,0.43837503,North Sumatra
2023-12-05 00:00:00+00:00,26.39939,21.766665,0.43955562,North Sumatra
2023-12-06 00:00:00+00:00,25.056334,11.099999,0.4381528,North Sumatra
2023-12-07 00:00:00+00:00,25.03064,6.9666657,0.43563893,North Sumatra
2023-12-08 00:00:00+00:00,26.280638,5.5333333,0.43376395,North Sumatra
2023-12-09 00:00:00+00:00,25.801474,11.400001,0.43469444,North Sumatra
2023-12-10 00:00:00+00:00,25.636887,8.0,0.4334444,North Sumatra
2023-12-11 00:00:00+00:00,25.498001,14.633334,0.43219438,North Sumatra
2023-12-12 00:00:00+00:00,25.172308,16.900002,0.43337497,North Sumatra
2023-12-13 00:00:00+00:00,25.676474,15.966666,0.44099998,North Sumatra
2023-12-14 00:00:00+00:00,25.327864,16.400002,0.44244453,North Sumatra
2023-12-15 00:00:00+00:00,25.361197,13.666668,0.44172224,North Sumatra
2023-12-16 00:00:00+00:00,25.248001,16.833334,0.44212496,North Sumatra
2023-12-17 00:00:00+00:00,25.3355,22.900002,0.4471389,North Sumatra
2023-12-18 00:00:00+00:00,25.444529,7.6999993,0.45579168,North Sumatra
2023-12-19 00:00:00+00:00,25.887583,4.7999997,0.45748606,North Sumatra
2023-12-20 00:00:00+00:00,25.779251,11.133334,0.4595277,North Sumatra
2023-12-21 00:00:00+00:00,25.511194,18.233332,0.46173608,North Sumatra
2023-12-22 00:00:00+00:00,25.770224,5.3999996,0.4602917,North Sumatra
2023-12-23 00:00:00+00:00,25.503555,22.300001,0.4601389,North Sumatra
2023-12-24 00:00:00+00:00,25.07161,27.033335,0.46365276,North Sumatra
2023-12-25 00:00:00+00:00,24.913277,27.833336,0.47497222,North Sumatra
2023-12-26 00:00:00+00:00,25.416054,9.900001,0.4772083,North Sumatra
2023-12-27 00:00:00+00:00,25.182718,16.766668,0.47955552,North Sumatra
2023-12-28 00:00:00+00:00,25.400084,24.533335,0.48129165,North Sumatra
2023-12-29 00:00:00+00:00,24.829947,14.866668,0.4930834,North Sumatra
2023-12-30 00:00:00+00:00,25.56189,15.133334,0.4940833,North Sumatra
2023-12-31 00:00:00+00:00,25.338972,20.233335,0.4963472,North Sumatra
2024-01-01 00:00:00+00:00,25.766752,5.033333,0.4979584,North Sumatra
2024-01-02 00:00:00+00:00,26.078554,9.100001,0.49401388,North Sumatra
2024-01-03 00:00:00+00:00,25.472305,7.1,0.49336112,North Sumatra
2024-01-04 00:00:00+00:00,25.956335,3.4333332,0.4907639,North Sumatra
2024-01-05 00:00:00+00:00,25.84314,15.333333,0.48902777,North Sumatra
2024-01-06 00:00:00+00:00,24.848,36.53333,0.4910972,North Sumatra
2024-01-07 00:00:00+00:00,24.578554,11.2,0.48934725,North Sumatra
2024-01-08 00:00:00+00:00,25.393831,14.833333,0.4930972,North Sumatra
2024-01-09 00:00:00+00:00,25.387583,21.466667,0.49409714,North Sumatra
2024-01-10 00:00:00+00:00,25.511889,13.000001,0.49534726,North Sumatra
2024-01-11 00:00:00+00:00,25.711195,6.1666665,0.49259725,North Sumatra
2024-01-12 00:00:00+00:00,25.95008,5.3999996,0.48943052,North Sumatra
2024-01-13 00:00:00+00:00,25.887583,3.8999999,0.48705557,North Sumatra
2024-01-14 00:00:00+00:00,25.953558,4.7999997,0.48356935,North Sumatra
2024-01-15 00:00:00+00:00,26.231337,9.533333,0.47904173,North Sumatra
2024-01-16 00:00:00+00:00,25.287582,19.333334,0.4787917,North Sumatra
2024-01-17 00:00:00+00:00,25.156334,16.699999,0.47647223,North Sumatra
2024-01-18 00:00:00+00:00,25.240362,13.666668,0.47511116,North Sumatra
2024-01-19 00:00:00+00:00,25.184805,8.566667,0.47356948,North Sumatra
2024-01-20 00:00:00+00:00,26.017447,10.466666,0.4711666,North Sumatra
2024-01-21 00:00:00+00:00,26.299387,0.90000004,0.46816668,North Sumatra
2024-01-22 00:00:00+00:00,26.848694,0.1,0.46476388,North Sumatra
2024-01-23 00:00:00+00:00,25.488276,12.633334,0.46191666,North Sumatra
2024-01-24 00:00:00+00:00,25.376472,30.133333,0.46005556,North Sumatra
2024-01-25 00:00:00+00:00,25.150778,31.900002,0.46244445,North Sumatra
2024-01-26 00:00:00+00:00,24.956335,29.6,0.46761116,North Sumatra
2024-01-27 00:00:00+00:00,24.95078,19.5,0.4733194,North Sumatra
2024-01-28 00:00:00+00:00,25.711197,2.3,0.4794166,North Sumatra
2024-01-29 00:00:00+00:00,25.184113,3.3666668,0.47990274,North Sumatra
2024-01-30 00:00:00+00:00,25.841751,1.2666668,0.47905552,North Sumatra
2024-01-31 00:00:00+00:00,26.163973,1.8333334,0.47629166,North Sumatra
2024-02-01 00:00:00+00:00,26.05425,4.566666,0.4728472,North Sumatra
2024-02-02 00:00:00+00:00,25.727167,12.399999,0.47079167,North Sumatra
2024-02-03 00:00:00+00:00,25.347305,13.2,0.46944442,North Sumatra
2024-02-04 00:00:00+00:00,26.685501,1.4333334,0.4673194,North Sumatra
2024-02-05 00:00:00+00:00,26.710497,6.7000003,0.46498612,North Sumatra
2024-02-06 00:00:00+00:00,27.075777,3.0,0.46234724,North Sumatra
2024-02-07 00:00:00+00:00,27.118835,0.6666667,0.4602084,North Sumatra
2024-02-08 00:00:00+00:00,26.48411,7.233333,0.45706943,North Sumatra
2024-02-09 00:00:00+00:00,26.244528,5.433333,0.45416665,North Sumatra
2024-02-10 00:00:00+00:00,26.718834,5.1666665,0.4507778,North Sumatra
2024-02-11 00:00:00+00:00,26.334806,3.5999997,0.4487222,North Sumatra
2024-02-12 00:00:00+00:00,26.570915,3.8999999,0.44622228,North Sumatra
2024-02-13 00:00:00+00:00,27.135498,4.8666663,0.4429861,North Sumatra
2024-02-14 00:00:00+00:00,26.20286,28.933332,0.43972218,North Sumatra
2024-02-15 00:00:00+00:00,25.318138,21.2,0.43886104,North Sumatra
2024-02-16 00:00:00+00:00,26.406332,4.366667,0.43923613,North Sumatra
2024-02-17 00:00:00+00:00,26.420916,6.233333,0.43663892,North Sumatra
2024-02-18 00:00:00+00:00,26.33828,23.433334,0.43402767,North Sumatra
2024-02-19 00:00:00+00:00,25.86397,22.966667,0.43538892,North Sumatra
2024-02-20 00:00:00+00:00,25.962584,8.5,0.44479167,North Sumatra
2024-02-21 00:00:00+00:00,26.45842,4.8333335,0.44715273,North Sumatra
2024-02-22 00:00:00+00:00,26.520918,4.2,0.44620836,North Sumatra
2024-02-23 00:00:00+00:00,26.257723,16.7,0.44448605,North Sumatra
2024-02-24 00:00:00+00:00,26.408417,6.1,0.44229165,North Sumatra
2024-02-25 00:00:00+00:00,25.891748,5.3333335,0.4400417,North Sumatra
2024-02-26 00:00:00+00:00,26.42925,6.7999997,0.4381944,North Sumatra
2024-02-27 00:00:00+00:00,26.490364,2.0333333,0.43593058,North Sumatra
2024-02-28 00:00:00+00:00,26.911886,1.1666666,0.4333056,North Sumatra
2024-02-29 00:00:00+00:00,26.543833,8.0,0.43048608,North Sumatra
2024-03-01 00:00:00+00:00,27.216055,13.3,0.42725006,North Sumatra
2024-03-02 00:00:00+00:00,26.312584,16.800001,0.42356944,North Sumatra
2024-03-03 00:00:00+00:00,26.27508,9.066668,0.4205971,North Sumatra
2024-03-04 00:00:00+00:00,26.507027,6.1666665,0.42190278,North Sumatra
2024-03-05 00:00:00+00:00,26.048002,11.333333,0.4218473,North Sumatra
2024-03-06 00:00:00+00:00,27.310501,8.000001,0.4223055,North Sumatra
2024-03-07 00:00:00+00:00,26.11814,24.233335,0.42461112,North Sumatra
2024-03-08 00:00:00+00:00,25.61119,8.333333,0.42934725,North Sumatra
2024-03-09 00:00:00+00:00,25.907722,4.4666667,0.42872223,North Sumatra
2024-03-10 00:00:00+00:00,26.10842,5.5333333,0.42811108,North Sumatra
2024-03-11 00:00:00+00:00,27.007032,4.7000003,0.42841664,North Sumatra
2024-03-12 00:00:00+00:00,27.420225,0.1,0.4274583,North Sumatra
2024-03-13 00:00:00+00:00,27.64036,0.0,0.42548612,North Sumatra
2024-03-14 00:00:00+00:00,27.744532,0.1,0.42215285,North Sumatra
2024-03-15 00:00:00+00:00,27.27786,0.8,0.41933334,North Sumatra
2024-03-16 00:00:00+00:00,26.333418,3.9000003,0.41695833,North Sumatra
2024-03-17 00:00:00+00:00,27.427164,0.06666667,0.41341665,North Sumatra
2024-03-18 00:00:00+00:00,27.515358,2.2666667,0.41026387,North Sumatra
2024-03-19 00:00:00+00:00,26.982721,8.166667,0.40740275,North Sumatra
2024-03-20 00:00:00+00:00,25.725779,15.900002,0.40397224,North Sumatra
2024-03-21 00:00:00+00:00,26.54036,7.0,0.40150008,North Sumatra
2024-03-22 00:00:00+00:00,26.736887,12.900002,0.39984724,North Sumatra
2024-03-23 00:00:00+00:00,27.008417,4.033333,0.3986111,North Sumatra
2024-03-24 00:00:00+00:00,26.882029,8.533334,0.39719447,North Sumatra
2024-03-25 00:00:00+00:00,26.718832,21.499998,0.395375,North Sumatra
2024-03-26 00:00:00+00:00,26.318138,11.933334,0.3936806,North Sumatra
2024-03-27 00:00:00+00:00,26.209108,8.633334,0.3930417,North Sumatra
2024-03-28 00:00:00+00:00,27.029945,3.3666666,0.39177784,North Sumatra
2024-03-29 00:00:00+00:00,26.171614,10.933333,0.39072227,North Sumatra
2024-03-30 00:00:00+00:00,26.061193,21.2,0.39570835,North Sumatra
2024-03-31 00:00:00+00:00,26.363974,21.966667,0.40009722,North Sumatra
2024-04-01 00:00:00+00:00,26.352165,10.1,0.4019722,North Sumatra
2024-04-02 00:00:00+00:00,27.065361,4.5,0.40243056,North Sumatra
2024-04-03 00:00:00+00:00,26.770914,13.766667,0.40177777,North Sumatra
2024-04-04 00:00:00+00:00,26.741747,10.533334,0.40162504,North Sumatra
2024-04-05 00:00:00+00:00,27.597305,5.0333333,0.4012083,North Sumatra
2024-04-06 00:00:00+00:00,27.297998,3.7333333,0.39931953,North Sumatra
2024-04-07 00:00:00+00:00,27.76814,1.4666667,0.39724997,North Sumatra
2024-04-08 00:00:00+00:00,27.416054,10.566667,0.39579165,North Sumatra
2024-04-09 00:00:00+00:00,26.449387,16.366667,0.39336112,North Sumatra
2024-04-10 00:00:00+00:00,26.813278,6.5333333,0.3910834,North Sumatra
2024-04-11 00:00:00+00:00,26.729944,3.3333333,0.38884726,North Sumatra
2024-04-12 00:00:00+00:00,27.504944,1.4666667,0.38652778,North Sumatra
2024-04-13 00:00:00+00:00,27.310501,3.2666667,0.3842778,North Sumatra
2024-04-14 00:00:00+00:00,27.360498,7.1333337,0.3822639,North Sumatra
2024-04-15 00:00:00+00:00,27.160501,7.6999993,0.38024998,North Sumatra
2024-04-16 00:00:00+00:00,26.09939,18.233332,0.379125,North Sumatra
2024-04-17 00:00:00+00:00,26.284807,14.600001,0.3797222,North Sumatra
2024-04-18 00:00:00+00:00,26.422998,15.433333,0.38591662,North Sumatra
2024-04-19 00:00:00+00:00,26.846613,12.666667,0.3872083,North Sumatra
2024-04-20 00:00:00+00:00,26.816751,10.133333,0.38734722,North Sumatra
2024-04-21 00:00:00+00:00,26.763971,10.2,0.38900003,North Sumatra
2024-04-22 00:00:00+00:00,26.866056,9.366668,0.39126387,North Sumatra
2024-04-23 00:00:00+00:00,27.150085,5.0,0.39201388,North Sumatra
2024-04-24 00:00:00+00:00,27.445917,12.333333,0.3921667,North Sumatra
2024-04-25 00:00:00+00:00,26.700083,8.533333,0.39280558,North Sumatra
2024-04-26 00:00:00+00:00,26.900084,11.600001,0.39359725,North Sumatra
2024-04-27 00:00:00+00:00,27.112581,5.7999997,0.3933333,North Sumatra
2024-04-28 00:00:00+00:00,27.345222,3.7,0.3925278,North Sumatra
2024-04-29 00:00:00+00:00,27.614668,5.5,0.3919445,North Sumatra
2024-04-30 00:00:00+00:00,27.314667,9.333333,0.390375,North Sumatra
2024-05-01 00:00:00+00:00,26.664665,6.7666664,0.38986114,North Sumatra
2024-05-02 00:00:00+00:00,27.064667,17.166666,0.39051387,North Sumatra
2024-05-03 00:00:00+00:00,26.830637,13.0666685,0.3893889,North Sumatra
2024-05-04 00:00:00+00:00,26.214666,2.5333335,0.38870832,North Sumatra
2024-05-05 00:00:00+00:00,27.721611,3.0666666,0.3878195,North Sumatra
2024-05-06 00:00:00+00:00,27.912582,4.0333333,0.3867639,North Sumatra
2024-05-07 00:00:00+00:00,26.58272,7.366667,0.38544443,North Sumatra
2024-05-08 00:00:00+00:00,27.329248,7.3333335,0.38326386,North Sumatra
2024-05-09 00:00:00+00:00,27.022303,12.200001,0.3816805,North Sumatra
2024-05-10 00:00:00+00:00,27.263275,12.133334,0.37961113,North Sumatra
2024-05-11 00:00:00+00:00,26.669525,15.866669,0.3780972,North Sumatra
2024-05-12 00:00:00+00:00,27.346611,9.900001,0.37829164,North Sumatra
2024-05-13 00:00:00+00:00,27.759111,16.233334,0.37919447,North Sumatra
2024-05-14 00:00:00+00:00,27.366056,8.366667,0.37869442,North Sumatra
2024-05-15 00:00:00+00:00,27.485498,7.033333,0.37741664,North Sumatra
2024-05-16 00:00:00+00:00,26.73689,17.699999,0.37936112,North Sumatra
2024-05-17 00:00:00+00:00,26.725779,17.433332,0.38479164,North Sumatra
2024-05-18 00:00:00+00:00,27.10911,14.599998,0.38891664,North Sumatra
2024-05-19 00:00:00+00:00,27.393137,27.400002,0.39408335,North Sumatra
2024-05-20 00:00:00+00:00,26.8105,22.466667,0.40158334,North Sumatra
2024-05-21 00:00:00+00:00,26.77439,6.966667,0.4114306,North Sumatra
2024-05-22 00:00:00+00:00,27.087584,16.033335,0.4183611,North Sumatra
2024-05-23 00:00:00+00:00,27.238974,10.3,0.41769445,North Sumatra
2024-05-24 00:00:00+00:00,27.557722,2.7,0.41795835,North Sumatra
2024-05-25 00:00:00+00:00,27.570223,3.466667,0.41777778,North Sumatra
2024-05-26 00:00:00+00:00,27.529943,0.59999996,0.41761115,North Sumatra
2024-05-27 00:00:00+00:00,28.60286,1.8333334,0.41595832,North Sumatra
2024-05-28 00:00:00+00:00,27.107721,12.633334,0.41361108,North Sumatra
2024-05-29 00:00:00+00:00,27.44661,10.466667,0.4104444,North Sumatra
2024-05-30 00:00:00+00:00,27.659805,8.966666,0.40733337,North Sumatra
2024-05-31 00:00:00+00:00,26.94175,13.600001,0.40605557,North Sumatra
2024-06-01 00:00:00+00:00,26.702166,2.9333332,0.40545833,North Sumatra
2024-06-02 00:00:00+00:00,26.582724,11.766666,0.40486112,North Sumatra
2024-06-03 00:00:00+00:00,26.96189,5.7333336,0.40373614,North Sumatra
2024-06-04 00:00:00+00:00,27.895224,1.1999999,0.40168047,North Sumatra
2024-06-05 00:00:00+00:00,27.939667,7.1333337,0.39959726,North Sumatra
2024-06-06 00:00:00+00:00,26.307028,14.466667,0.39834723,North Sumatra
2024-06-07 00:00:00+00:00,26.44314,22.033335,0.39947224,North Sumatra
2024-06-08 00:00:00+00:00,26.921616,4.533333,0.40027782,North Sumatra
2024-06-09 00:00:00+00:00,26.245918,2.5666666,0.40020832,North Sumatra
2024-06-10 00:00:00+00:00,27.248001,5.3,0.40005553,North Sumatra
2024-06-11 00:00:00+00:00,26.758417,17.133333,0.3999306,North Sumatra
2024-06-12 00:00:00+00:00,26.428556,10.3,0.39787504,North Sumatra
2024-06-13 00:00:00+00:00,26.916056,7.1333337,0.39659727,North Sumatra
2024-06-14 00:00:00+00:00,26.761194,4.7999997,0.3947917,North Sumatra
2024-06-15 00:00:00+00:00,27.33758,2.7666664,0.39291665,North Sumatra
2024-06-16 00:00:00+00:00,25.323,13.233335,0.39258337,North Sumatra
2024-06-17 00:00:00+00:00,26.017447,0.53333336,0.3924028,North Sumatra
2024-06-18 00:00:00+00:00,26.427168,16.466667,0.39284727,North Sumatra
2024-06-19 00:00:00+00:00,26.549387,22.433334,0.3932917,North Sumatra
2024-06-20 00:00:00+00:00,25.745918,17.166666,0.39790276,North Sumatra
2024-06-21 00:00:00+00:00,25.762583,18.233335,0.40233338,North Sumatra
2024-06-22 00:00:00+00:00,24.346611,0.2,0.40951392,North Sumatra
2024-06-23 00:00:00+00:00,26.663973,1.7666665,0.41108334,North Sumatra
2024-06-24 00:00:00+00:00,27.071611,8.066668,0.4105278,North Sumatra
2024-06-25 00:00:00+00:00,27.449389,4.5666666,0.41137496,North Sumatra
2024-06-26 00:00:00+00:00,26.76953,7.3000007,0.4107361,North Sumatra
2024-06-27 00:00:00+00:00,26.429947,14.533336,0.41036108,North Sumatra
2024-06-28 00:00:00+00:00,26.513971,15.666667,0.40923616,North Sumatra
2024-06-29 00:00:00+00:00,26.29661,8.833333,0.4081111,North Sumatra
2024-06-30 00:00:00+00:00,26.078554,28.499998,0.41705558,North Sumatra
2024-07-01 00:00:00+00:00,26.484808,4.1,0.41708335,North Sumatra
2024-07-02 00:00:00+00:00,27.256332,3.5999997,0.4150556,North Sumatra
2024-07-03 00:00:00+00:00,27.452166,9.933333,0.4130278,North Sumatra
2024-07-04 00:00:00+00:00,25.982027,3.3,0.4134167,North Sumatra
2024-07-05 00:00:00+00:00,25.864668,19.233334,0.41522226,North Sumatra
2024-07-06 00:00:00+00:00,25.735502,9.1,0.4142222,North Sumatra
2024-07-07 00:00:00+00:00,26.451471,7.5333343,0.41022217,North Sumatra
2024-07-08 00:00:00+00:00,25.48342,4.7999997,0.4076805,North Sumatra
2024-07-09 00:00:00+00:00,25.432028,24.300001,0.40816665,North Sumatra
2024-07-10 00:00:00+00:00,25.413277,3.7333333,0.40880552,North Sumatra
2024-07-11 00:00:00+00:00,26.720917,17.699999,0.41122222,North Sumatra
2024-07-12 00:00:00+00:00,26.250082,9.900001,0.41470838,North Sumatra
2024-07-13 00:00:00+00:00,27.056334,1.0333334,0.4121805,North Sumatra
2024-07-14 00:00:00+00:00,27.250082,1.9666668,0.41002774,North Sumatra
2024-07-15 00:00:00+00:00,27.438278,0.7,0.4081111,North Sumatra
2024-07-16 00:00:00+00:00,27.86883,0.4333333,0.40531942,North Sumatra
2024-07-17 00:00:00+00:00,27.672998,1.8000001,0.40213886,North Sumatra
2024-07-18 00:00:00+00:00,28.330637,6.2333336,0.39829168,North Sumatra
2024-07-19 00:00:00+00:00,28.317446,0.0,0.39586106,North Sumatra
2024-07-20 00:00:00+00:00,28.58064,0.0,0.3944167,North Sumatra
2024-07-21 00:00:00+00:00,28.990362,0.0,0.39276385,North Sumatra
2024-07-22 00:00:00+00:00,28.694529,0.40000007,0.39095834,North Sumatra
2024-07-23 00:00:00+00:00,29.090363,0.06666667,0.38783333,North Sumatra
2024-07-24 00:00:00+00:00,29.027863,0.0,0.38397226,North Sumatra
2024-07-25 00:00:00+00:00,28.941055,0.06666667,0.38134715,North Sumatra
2024-07-26 00:00:00+00:00,29.156334,0.033333335,0.37962496,North Sumatra
2024-07-27 00:00:00+00:00,29.502861,1.0333333,0.3773055,North Sumatra
2024-07-28 00:00:00+00:00,28.284805,13.799999,0.37551394,North Sumatra
2024-07-29 00:00:00+00:00,27.462585,1.8333334,0.3734722,North Sumatra
2024-07-30 00:00:00+00:00,27.796614,9.3,0.37222227,North Sumatra
2024-07-31 00:00:00+00:00,26.613974,7.6333337,0.37104166,North Sumatra
2024-08-01 00:00:00+00:00,27.235498,11.100001,0.36843053,North Sumatra
2024-08-02 00:00:00+00:00,26.843138,17.066668,0.36523613,North Sumatra
2024-08-03 00:00:00+00:00,26.509111,31.499998,0.36447218,North Sumatra
2024-08-04 00:00:00+00:00,25.629944,5.3333335,0.36444446,North Sumatra
2024-08-05 00:00:00+00:00,25.893137,21.733335,0.36281943,North Sumatra
2024-08-06 00:00:00+00:00,25.82161,8.966666,0.3667083,North Sumatra
2024-08-07 00:00:00+00:00,25.095917,25.400002,0.36986113,North Sumatra
2024-08-08 00:00:00+00:00,26.53689,3.3999999,0.37331948,North Sumatra
2024-08-09 00:00:00+00:00,26.526474,17.4,0.37315276,North Sumatra
2024-08-10 00:00:00+00:00,25.964666,28.799997,0.38140276,North Sumatra
2024-08-11 00:00:00+00:00,25.348694,25.066668,0.38733336,North Sumatra
2024-08-12 00:00:00+00:00,26.471613,0.73333335,0.39100003,North Sumatra
2024-08-13 00:00:00+00:00,26.114668,22.433334,0.39393055,North Sumatra
2024-08-14 00:00:00+00:00,26.204943,18.133333,0.3943611,North Sumatra
2024-08-15 00:00:00+00:00,26.191055,15.3,0.3975139,North Sumatra
2024-08-16 00:00:00+00:00,26.127167,19.0,0.4020833,North Sumatra
2024-08-17 00:00:00+00:00,25.81189,9.233334,0.40369448,North Sumatra
2024-08-18 00:00:00+00:00,25.584806,22.233332,0.40769446,North Sumatra
2024-08-19 00:00:00+00:00,25.341055,32.466663,0.42056945,North Sumatra
2024-08-20 00:00:00+00:00,24.325777,14.433334,0.43344447,North Sumatra
2024-08-21 00:00:00+00:00,25.767447,3.6333332,0.43575,North Sumatra
2024-08-22 00:00:00+00:00,26.078558,26.0,0.43480554,North Sumatra
2024-08-23 00:00:00+00:00,25.113276,10.133332,0.43533337,North Sumatra
2024-08-24 00:00:00+00:00,25.840363,13.666665,0.43813887,North Sumatra
2024-08-25 00:00:00+00:00,25.141752,13.833333,0.44434723,North Sumatra
2024-08-26 00:00:00+00:00,25.22647,21.033333,0.45376387,North Sumatra
2024-08-27 00:00:00+00:00,24.6355,20.166666,0.4654028,North Sumatra
2024-08-28 00:00:00+00:00,25.950083,0.033333335,0.47201392,North Sumatra
2024-08-29 00:00:00+00:00,26.426474,5.2000003,0.46790275,North Sumatra
2024-08-30 00:00:00+00:00,26.109808,7.933333,0.46333337,North Sumatra
2024-08-31 00:00:00+00:00,25.884806,13.233334,0.45876393,North Sumatra
2024-09-01 00:00:00+00:00,26.895918,5.9999995,0.45399997,North Sumatra
2024-09-02 00:00:00+00:00,26.9105,13.633332,0.45094442,North Sumatra
2024-09-03 00:00:00+00:00,26.891748,8.233334,0.44669452,North Sumatra
2024-09-04 00:00:00+00:00,26.047304,30.800001,0.44513893,North Sumatra
2024-09-05 00:00:00+00:00,26.62786,8.833334,0.4416944,North Sumatra
2024-09-06 00:00:00+00:00,26.74453,19.833332,0.43758333,North Sumatra
2024-09-07 00:00:00+00:00,25.973,22.5,0.43320832,North Sumatra
2024-09-08 00:00:00+00:00,25.704248,25.366667,0.4335417,North Sumatra
2024-09-09 00:00:00+00:00,25.888277,21.866667,0.43663892,North Sumatra
2024-09-10 00:00:00+00:00,25.908419,10.7,0.43733335,North Sumatra
2024-09-11 00:00:00+00:00,26.148695,16.066668,0.4405278,North Sumatra
2024-09-12 00:00:00+00:00,25.773691,27.6,0.4456528,North Sumatra
2024-09-13 00:00:00+00:00,25.659111,14.900002,0.44940278,North Sumatra
2024-09-14 00:00:00+00:00,26.621613,6.866667,0.45004165,North Sumatra
2024-09-15 00:00:00+00:00,26.107027,5.2999997,0.45105556,North Sumatra
2024-09-16 00:00:00+00:00,26.032722,11.2,0.4517916,North Sumatra
2024-09-17 00:00:00+00:00,25.17925,11.099999,0.45020843,North Sumatra
2024-09-18 00:00:00+00:00,26.39036,2.3333333,0.44801393,North Sumatra
2024-09-19 00:00:00+00:00,26.689667,5.7666664,0.4457778,North Sumatra
2024-09-20 00:00:00+00:00,26.301474,5.6666665,0.44434723,North Sumatra
2024-09-21 00:00:00+00:00,26.529943,0.16666667,0.44255546,North Sumatra
2024-09-22 00:00:00+00:00,27.220224,4.2000003,0.4402084,North Sumatra
2024-09-23 00:00:00+00:00,26.927164,18.300001,0.437875,North Sumatra
2024-09-24 00:00:00+00:00,25.542444,5.0333333,0.44280553,North Sumatra
2024-09-25 00:00:00+00:00,26.111197,10.700001,0.44287506,North Sumatra
2024-09-26 00:00:00+00:00,25.81814,2.7666667,0.44211113,North Sumatra
2024-09-27 00:00:00+00:00,25.98828,51.8,0.44500002,North Sumatra
2024-09-28 00:00:00+00:00,25.947306,10.966667,0.45270833,North Sumatra
2024-09-29 00:00:00+00:00,25.453554,9.466667,0.45276392,North Sumatra
2024-09-30 00:00:00+00:00,25.127167,14.8,0.45098606,North Sumatra
2024-10-01 00:00:00+00:00,25.710497,4.366667,0.4489583,North Sumatra
2024-10-02 00:00:00+00:00,25.751472,16.433334,0.4506111,North Sumatra
2024-10-03 00:00:00+00:00,25.16397,24.933334,0.45736113,North Sumatra
2024-10-04 00:00:00+00:00,25.401474,20.733332,0.46259722,North Sumatra
2024-10-05 00:00:00+00:00,25.120916,12.0,0.46875,North Sumatra
2024-10-06 00:00:00+00:00,24.73897,13.233334,0.4695278,North Sumatra
2024-10-07 00:00:00+00:00,25.88967,24.566668,0.47554168,North Sumatra
2024-10-08 00:00:00+00:00,25.93828,27.266668,0.4719167,North Sumatra
2024-10-09 00:00:00+00:00,25.157028,35.166668,0.47526386,North Sumatra
2024-10-10 00:00:00+00:00,25.286888,35.800003,0.49386108,North Sumatra
2024-10-11 00:00:00+00:00,25.342443,21.766668,0.4928472,North Sumatra
2024-10-12 00:00:00+00:00,25.602167,23.166666,0.48711106,North Sumatra
2024-10-13 00:00:00+00:00,25.94522,5.0666666,0.4866805,North Sumatra
2024-10-14 00:00:00+00:00,26.2605,22.333334,0.484375,North Sumatra
2024-10-15 00:00:00+00:00,24.882029,14.899999,0.48369443,North Sumatra
2024-10-16 00:00:00+00:00,26.142447,9.5,0.48275003,North Sumatra
2024-10-17 00:00:00+00:00,26.269526,15.866665,0.48197222,North Sumatra
2024-10-18 00:00:00+00:00,25.90564,12.400001,0.48395827,North Sumatra
2024-10-19 00:00:00+00:00,26.36328,15.133334,0.48983335,North Sumatra
2024-10-20 00:00:00+00:00,26.968836,0.0,0.49048615,North Sumatra
2024-10-21 00:00:00+00:00,27.312584,0.36666667,0.48640284,North Sumatra
2024-10-22 00:00:00+00:00,27.427168,0.033333335,0.4822917,North Sumatra
2024-10-23 00:00:00+00:00,27.347305,1.4000001,0.47669443,North Sumatra
2024-10-24 00:00:00+00:00,26.805641,2.2333333,0.47177777,North Sumatra
2024-10-25 00:00:00+00:00,26.870224,2.8666666,0.4667083,North Sumatra
2024-10-26 00:00:00+00:00,26.92092,4.933333,0.4613473,North Sumatra
2024-10-27 00:00:00+00:00,27.513277,3.3999996,0.45522228,North Sumatra
2024-10-28 00:00:00+00:00,27.28064,9.700001,0.4507639,North Sumatra
2024-10-29 00:00:00+00:00,26.7855,11.2,0.44793054,North Sumatra
2024-10-30 00:00:00+00:00,27.24939,3.2666667,0.44488892,North Sumatra
2024-10-31 00:00:00+00:00,26.18689,30.666664,0.44712505,North Sumatra
2024-11-01 00:00:00+00:00,25.516054,19.96667,0.44677773,North Sumatra
2024-11-02 00:00:00+00:00,25.341751,4.4333334,0.44644442,North Sumatra
2024-11-03 00:00:00+00:00,25.7605,14.900001,0.44518054,North Sumatra
2024-11-04 00:00:00+00:00,25.35842,17.766668,0.44361115,North Sumatra
2024-11-05 00:00:00+00:00,25.577166,23.300003,0.44997218,North Sumatra
2024-11-06 00:00:00+00:00,25.918833,11.166667,0.45215276,North Sumatra
2024-11-07 00:00:00+00:00,25.969528,10.7,0.45127782,North Sumatra
2024-11-08 00:00:00+00:00,25.350779,6.6999993,0.45401385,North Sumatra
2024-11-09 00:00:00+00:00,25.097305,24.166666,0.4557778,North Sumatra
2024-11-10 00:00:00+00:00,25.550081,8.866667,0.45355558,North Sumatra
2024-11-11 00:00:00+00:00,25.854942,22.833334,0.4504583,North Sumatra
2024-11-12 00:00:00+00:00,25.798004,3.1333332,0.43204165,North Sumatra
2024-11-13 00:00:00+00:00,25.82578,11.866666,0.4099445,North Sumatra
2024-11-14 00:00:00+00:00,25.797997,12.566667,0.40991676,North Sumatra
2024-11-15 00:00:00+00:00,25.990362,14.200001,0.40818062,North Sumatra
2024-11-16 00:00:00+00:00,25.659805,19.700003,0.4063194,North Sumatra
2024-11-17 00:00:00+00:00,25.362581,9.400001,0.40606943,North Sumatra
2024-11-18 00:00:00+00:00,25.662584,15.733334,0.40788886,North Sumatra
2024-11-19 00:00:00+00:00,24.928553,24.833334,0.41430554,North Sumatra
2024-11-20 00:00:00+00:00,25.600082,14.7,0.41875002,North Sumatra
2024-11-21 00:00:00+00:00,24.61814,23.500002,0.4299861,North Sumatra
2024-11-22 00:00:00+00:00,24.97647,12.8,0.44054163,North Sumatra
2024-11-23 00:00:00+00:00,25.30564,17.366669,0.4496111,North Sumatra
2024-11-24 00:00:00+00:00,25.23411,20.466665,0.45818052,North Sumatra
2024-11-25 00:00:00+00:00,25.954248,21.366669,0.46241665,North Sumatra
2024-11-26 00:00:00+00:00,24.93203,38.36667,0.47613892,North Sumatra
2024-11-27 00:00:00+00:00,24.70217,7.666668,0.48344454,North Sumatra
2024-11-28 00:00:00+00:00,24.762583,13.966667,0.48281953,North Sumatra
2024-11-29 00:00:00+00:00,24.748001,18.066668,0.48836115,North Sumatra
2024-11-30 00:00:00+00:00,26.078558,24.46667,0.48499998,North Sumatra
2024-12-01 00:00:00+00:00,25.316751,2.5333335,0.4833889,North Sumatra
2024-12-02 00:00:00+00:00,25.225779,22.533335,0.47706947,North Sumatra
2024-12-03 00:00:00+00:00,25.373,17.6,0.4731944,North Sumatra
2024-12-04 00:00:00+00:00,25.484804,11.033334,0.47365284,North Sumatra
2024-12-05 00:00:00+00:00,25.842443,19.333334,0.47505558,North Sumatra
2024-12-06 00:00:00+00:00,26.488974,11.399999,0.47076383,North Sumatra
2024-12-07 00:00:00+00:00,26.761194,2.5000002,0.4645972,North Sumatra
2024-12-08 00:00:00+00:00,26.391752,15.600001,0.4593611,North Sumatra
2024-12-09 00:00:00+00:00,25.209806,9.633334,0.4549166,North Sumatra
2024-12-10 00:00:00+00:00,25.032028,10.099999,0.4535694,North Sumatra
2024-12-11 00:00:00+00:00,25.725779,9.033333,0.4547778,North Sumatra
2024-12-12 00:00:00+00:00,26.273,5.7999997,0.45263883,North Sumatra
2024-12-13 00:00:00+00:00,25.632027,17.966665,0.4515833,North Sumatra
2024-12-14 00:00:00+00:00,26.147306,13.533334,0.45470843,North Sumatra
2024-12-15 00:00:00+00:00,26.846611,20.233332,0.46095827,North Sumatra
2024-12-16 00:00:00+00:00,25.807028,23.566668,0.46045837,North Sumatra
2024-12-17 00:00:00+00:00,25.363974,19.16667,0.4576944,North Sumatra
2024-12-18 00:00:00+00:00,25.04175,26.233332,0.45931944,North Sumatra
2024-12-19 00:00:00+00:00,25.177164,18.633333,0.4615972,North Sumatra
2024-12-20 00:00:00+00:00,25.770224,35.56667,0.46669444,North Sumatra
2024-12-21 00:00:00+00:00,25.128555,17.233335,0.45515272,North Sumatra
2024-12-22 00:00:00+00:00,25.23619,26.400002,0.45518056,North Sumatra
2024-12-23 00:00:00+00:00,24.955637,22.733335,0.4563472,North Sumatra
2024-12-24 00:00:00+00:00,24.634115,20.400002,0.46001396,North Sumatra
2024-12-25 00:00:00+00:00,24.812584,16.199999,0.4680972,North Sumatra
2024-12-26 00:00:00+00:00,26.30078,0.46666667,0.46891665,North Sumatra
2024-12-27 00:00:00+00:00,26.409805,1.0666666,0.46661115,North Sumatra
2024-12-28 00:00:00+00:00,25.99175,7.966667,0.46313894,North Sumatra
2024-12-29 00:00:00+00:00,25.684113,16.300001,0.45954165,North Sumatra
2024-12-30 00:00:00+00:00,24.856333,11.100001,0.4597222,North Sumatra
2024-12-31 00:00:00+00:00,24.918833,12.833333,0.46037495,North Sumatra
2021-01-01 00:00:00+00:00,26.257086,2.3,0.37727776,Central Kalimantan
2021-01-02 00:00:00+00:00,25.839722,14.833333,0.37813887,Central Kalimantan
2021-01-03 00:00:00+00:00,25.769585,12.900001,0.37976396,Central Kalimantan
2021-01-04 00:00:00+00:00,25.895973,7.6999993,0.38266668,Central Kalimantan
2021-01-05 00:00:00+00:00,25.41403,4.2999997,0.3867222,Central Kalimantan
2021-01-06 00:00:00+00:00,26.398752,27.266665,0.38779166,Central Kalimantan
2021-01-07 00:00:00+00:00,25.536943,19.2,0.40033332,Central Kalimantan
2021-01-08 00:00:00+00:00,26.252222,6.933333,0.4013611,Central Kalimantan
2021-01-09 00:00:00+00:00,25.561943,14.266666,0.40481946,Central Kalimantan
2021-01-10 00:00:00+00:00,25.764029,12.733334,0.40891668,Central Kalimantan
2021-01-11 00:00:00+00:00,25.693193,7.6,0.41418052,Central Kalimantan
2021-01-12 00:00:00+00:00,26.083471,6.1666665,0.41281947,Central Kalimantan
2021-01-13 00:00:00+00:00,25.327917,16.866669,0.41361108,Central Kalimantan
2021-01-14 00:00:00+00:00,24.53,29.299997,0.42306948,Central Kalimantan
2021-01-15 00:00:00+00:00,24.327225,10.200001,0.4337639,Central Kalimantan
2021-01-16 00:00:00+00:00,26.516808,1.4,0.4255556,Central Kalimantan
2021-01-17 00:00:00+00:00,26.541803,10.8,0.41475,Central Kalimantan
2021-01-18 00:00:00+00:00,26.14875,4.4666667,0.40366665,Central Kalimantan
2021-01-19 00:00:00+00:00,26.727224,0.13333334,0.39337504,Central Kalimantan
2021-01-20 00:00:00+00:00,27.321669,1.9333334,0.38284722,Central Kalimantan
2021-01-21 00:00:00+00:00,27.338335,1.4,0.37418056,Central Kalimantan
2021-01-22 00:00:00+00:00,26.348055,9.6,0.36695835,Central Kalimantan
2021-01-23 00:00:00+00:00,26.248056,25.033333,0.3602778,Central Kalimantan
2021-01-24 00:00:00+00:00,26.10361,5.4666657,0.35894442,Central Kalimantan
2021-01-25 00:00:00+00:00,25.814032,10.433333,0.357375,Central Kalimantan
2021-01-26 00:00:00+00:00,25.412638,20.766666,0.36075,Central Kalimantan
2021-01-27 00:00:00+00:00,24.988335,13.100001,0.36869445,Central Kalimantan
2021-01-28 00:00:00+00:00,25.900833,3.3666666,0.36984727,Central Kalimantan
2021-01-29 00:00:00+00:00,25.796667,17.5,0.3669305,Central Kalimantan
2021-01-30 00:00:00+00:00,25.489721,3.7666667,0.36790285,Central Kalimantan
2021-01-31 00:00:00+00:00,25.915415,23.033333,0.36880553,Central Kalimantan
2021-02-01 00:00:00+00:00,25.792498,4.7666664,0.37202778,Central Kalimantan
2021-02-02 00:00:00+00:00,26.440416,19.5,0.37016666,Central Kalimantan
2021-02-03 00:00:00+00:00,24.493195,52.033337,0.4022361,Central Kalimantan
2021-02-04 00:00:00+00:00,26.009863,22.53333,0.4022778,Central Kalimantan
2021-02-05 00:00:00+00:00,26.14389,10.0,0.3935001,Central Kalimantan
2021-02-06 00:00:00+00:00,26.404999,9.599999,0.38977775,Central Kalimantan
2021-02-07 00:00:00+00:00,26.215418,8.533334,0.38345835,Central Kalimantan
2021-02-08 00:00:00+00:00,27.175138,1.0666667,0.37637496,Central Kalimantan
2021-02-09 00:00:00+00:00,27.680695,0.6666667,0.36987498,Central Kalimantan
2021-02-10 00:00:00+00:00,27.80361,0.53333336,0.36393055,Central Kalimantan
2021-02-11 00:00:00+00:00,27.879309,1.6333333,0.35804164,Central Kalimantan
2021-02-12 00:00:00+00:00,27.041803,3.0666666,0.35201392,Central Kalimantan
2021-02-13 00:00:00+00:00,26.214724,13.166667,0.34613892,Central Kalimantan
2021-02-14 00:00:00+00:00,25.918196,10.966667,0.3433472,Central Kalimantan
2021-02-15 00:00:00+00:00,26.931389,5.466667,0.3407917,Central Kalimantan
2021-02-16 00:00:00+00:00,26.393194,8.233334,0.3404167,Central Kalimantan
2021-02-17 00:00:00+00:00,26.500834,5.2,0.34081948,Central Kalimantan
2021-02-18 00:00:00+00:00,27.150833,3.1333334,0.33694443,Central Kalimantan
2021-02-19 00:00:00+00:00,26.05778,19.266668,0.33952776,Central Kalimantan
2021-02-20 00:00:00+00:00,25.490417,3.3333337,0.34300002,Central Kalimantan
2021-02-21 00:00:00+00:00,26.325836,7.6666665,0.3412638,Central Kalimantan
2021-02-22 00:00:00+00:00,26.143198,7.0,0.33945838,Central Kalimantan
2021-02-23 00:00:00+00:00,26.311255,14.466667,0.33863887,Central Kalimantan
2021-02-24 00:00:00+00:00,26.693888,1.9666666,0.33968058,Central Kalimantan
2021-02-25 00:00:00+00:00,27.257776,0.3,0.3381528,Central Kalimantan
2021-02-26 00:00:00+00:00,27.87375,0.0,0.33519444,Central Kalimantan
2021-02-27 00:00:00+00:00,27.368195,0.5,0.3319166,Central Kalimantan
2021-02-28 00:00:00+00:00,27.475138,0.06666667,0.32781947,Central Kalimantan
2021-03-01 00:00:00+00:00,27.313332,6.2666664,0.3238194,Central Kalimantan
2021-03-02 00:00:00+00:00,26.896667,4.9,0.32066664,Central Kalimantan
2021-03-03 00:00:00+00:00,25.702917,8.533334,0.31879175,Central Kalimantan
2021-03-04 00:00:00+00:00,25.665415,11.533333,0.31744444,Central Kalimantan
2021-03-05 00:00:00+00:00,26.564028,8.133334,0.31665277,Central Kalimantan
2021-03-06 00:00:00+00:00,25.922363,46.46667,0.3202083,Central Kalimantan
2021-03-07 00:00:00+00:00,24.969584,15.366666,0.33675,Central Kalimantan
2021-03-08 00:00:00+00:00,25.631392,8.466667,0.34311113,Central Kalimantan
2021-03-09 00:00:00+00:00,25.114029,5.2999997,0.34631944,Central Kalimantan
2021-03-10 00:00:00+00:00,26.369581,0.33333337,0.3470417,Central Kalimantan
2021-03-11 00:00:00+00:00,26.796667,0.43333337,0.3450694,Central Kalimantan
2021-03-12 00:00:00+00:00,27.009863,2.0,0.3422778,Central Kalimantan
2021-03-13 00:00:00+00:00,26.07028,6.266667,0.340125,Central Kalimantan
2021-03-14 00:00:00+00:00,25.845282,9.066667,0.33898607,Central Kalimantan
2021-03-15 00:00:00+00:00,26.464027,3.2666664,0.33922216,Central Kalimantan
2021-03-16 00:00:00+00:00,26.15917,7.366667,0.34340283,Central Kalimantan
2021-03-17 00:00:00+00:00,26.600836,14.5666685,0.34559724,Central Kalimantan
2021-03-18 00:00:00+00:00,25.447363,18.1,0.35311112,Central Kalimantan
2021-03-19 00:00:00+00:00,26.891111,11.8,0.35419443,Central Kalimantan
2021-03-20 00:00:00+00:00,26.352919,8.099999,0.3593333,Central Kalimantan
2021-03-21 00:00:00+00:00,27.182083,8.166667,0.36198607,Central Kalimantan
2021-03-22 00:00:00+00:00,26.328611,14.600001,0.36391664,Central Kalimantan
2021-03-23 00:00:00+00:00,26.291113,16.9,0.37173608,Central Kalimantan
2021-03-24 00:00:00+00:00,26.72931,17.133333,0.37555555,Central Kalimantan
2021-03-25 00:00:00+00:00,25.884169,19.366667,0.38279164,Central Kalimantan
2021-03-26 00:00:00+00:00,26.302223,12.8,0.38737503,Central Kalimantan
2021-03-27 00:00:00+00:00,25.571669,5.8333335,0.3898889,Central Kalimantan
2021-03-28 00:00:00+00:00,26.389723,10.866666,0.3924305,Central Kalimantan
2021-03-29 00:00:00+00:00,26.77653,11.966668,0.3934305,Central Kalimantan
2021-03-30 00:00:00+00:00,25.973055,10.166667,0.39793053,Central Kalimantan
2021-03-31 00:00:00+00:00,26.732084,14.400001,0.3996111,Central Kalimantan
2021-04-01 00:00:00+00:00,26.358475,18.766668,0.40411115,Central Kalimantan
2021-04-02 00:00:00+00:00,27.350138,0.83333343,0.40356943,Central Kalimantan
2021-04-03 00:00:00+00:00,27.577223,1.0666667,0.39970827,Central Kalimantan
2021-04-04 00:00:00+00:00,26.890417,8.599999,0.39533332,Central Kalimantan
2021-04-05 00:00:00+00:00,27.287638,2.4333332,0.38958335,Central Kalimantan
2021-04-06 00:00:00+00:00,27.3425,0.16666667,0.3843056,Central Kalimantan
2021-04-07 00:00:00+00:00,27.58903,1.1666666,0.37944448,Central Kalimantan
2021-04-08 00:00:00+00:00,27.188334,3.5666666,0.3746667,Central Kalimantan
2021-04-09 00:00:00+00:00,26.802917,10.866668,0.36993054,Central Kalimantan
2021-04-10 00:00:00+00:00,26.844584,5.1666665,0.36638892,Central Kalimantan
2021-04-11 00:00:00+00:00,26.312643,8.566667,0.36436114,Central Kalimantan
2021-04-12 00:00:00+00:00,26.360556,5.5333333,0.36280552,Central Kalimantan
2021-04-13 00:00:00+00:00,26.34667,7.2000003,0.3642083,Central Kalimantan
2021-04-14 00:00:00+00:00,26.07514,14.4333315,0.3664306,Central Kalimantan
2021-04-15 00:00:00+00:00,25.76889,8.433333,0.36840275,Central Kalimantan
2021-04-16 00:00:00+00:00,26.732084,2.6999998,0.36913884,Central Kalimantan
2021-04-17 00:00:00+00:00,27.236946,3.2,0.3655139,Central Kalimantan
2021-04-18 00:00:00+00:00,26.261251,2.7,0.36045823,Central Kalimantan
2021-04-19 00:00:00+00:00,26.77514,0.33333334,0.35666668,Central Kalimantan
2021-04-20 00:00:00+00:00,27.014723,0.8333333,0.35227785,Central Kalimantan
2021-04-21 00:00:00+00:00,27.395971,0.4666667,0.34815276,Central Kalimantan
2021-04-22 00:00:00+00:00,27.133474,0.33333334,0.3438194,Central Kalimantan
2021-04-23 00:00:00+00:00,27.404306,0.13333334,0.3393333,Central Kalimantan
2021-04-24 00:00:00+00:00,27.744583,0.26666668,0.3342917,Central Kalimantan
2021-04-25 00:00:00+00:00,27.639029,4.0666666,0.32955554,Central Kalimantan
2021-04-26 00:00:00+00:00,26.59736,12.033334,0.32611117,Central Kalimantan
2021-04-27 00:00:00+00:00,26.545975,9.533334,0.32313886,Central Kalimantan
2021-04-28 00:00:00+00:00,26.32514,11.099999,0.32081947,Central Kalimantan
2021-04-29 00:00:00+00:00,26.81472,14.066667,0.3177639,Central Kalimantan
2021-04-30 00:00:00+00:00,26.120277,18.6,0.31802776,Central Kalimantan
2021-05-01 00:00:00+00:00,27.293198,2.2333333,0.3200416,Central Kalimantan
2021-05-02 00:00:00+00:00,27.709166,6.566667,0.31854162,Central Kalimantan
2021-05-03 00:00:00+00:00,27.399445,9.766667,0.31645834,Central Kalimantan
2021-05-04 00:00:00+00:00,26.611946,12.100001,0.32011113,Central Kalimantan
2021-05-05 00:00:00+00:00,26.09111,17.2,0.33048612,Central Kalimantan
2021-05-06 00:00:00+00:00,25.807777,21.666666,0.33605555,Central Kalimantan
2021-05-07 00:00:00+00:00,25.664724,10.366668,0.34324995,Central Kalimantan
2021-05-08 00:00:00+00:00,26.69042,0.3,0.346625,Central Kalimantan
2021-05-09 00:00:00+00:00,26.259165,10.3,0.34687504,Central Kalimantan
2021-05-10 00:00:00+00:00,27.59736,1.2,0.3461944,Central Kalimantan
2021-05-11 00:00:00+00:00,27.544584,6.7666664,0.33501387,Central Kalimantan
2021-05-12 00:00:00+00:00,26.784164,19.966665,0.32372227,Central Kalimantan
2021-05-13 00:00:00+00:00,25.733473,7.6666665,0.3302361,Central Kalimantan
2021-05-14 00:00:00+00:00,26.96403,4.9666667,0.33502778,Central Kalimantan
2021-05-15 00:00:00+00:00,27.080696,4.7000003,0.3358889,Central Kalimantan
2021-05-16 00:00:00+00:00,26.88764,10.7,0.33634725,Central Kalimantan
2021-05-17 00:00:00+00:00,26.684168,7.1666665,0.33874997,Central Kalimantan
2021-05-18 00:00:00+00:00,26.26889,23.533333,0.34306943,Central Kalimantan
2021-05-19 00:00:00+00:00,25.127916,7.933334,0.35341668,Central Kalimantan
2021-05-20 00:00:00+00:00,26.452225,6.533333,0.356125,Central Kalimantan
2021-05-21 00:00:00+00:00,26.805,2.0,0.35740277,Central Kalimantan
2021-05-22 00:00:00+00:00,27.00292,2.4999998,0.35556945,Central Kalimantan
2021-05-23 00:00:00+00:00,26.801529,0.53333336,0.3531805,Central Kalimantan
2021-05-24 00:00:00+00:00,27.404306,3.1333332,0.35122225,Central Kalimantan
2021-05-25 00:00:00+00:00,26.934862,4.6666665,0.34890273,Central Kalimantan
2021-05-26 00:00:00+00:00,27.460554,5.0666666,0.3461528,Central Kalimantan
2021-05-27 00:00:00+00:00,27.801529,6.0,0.3433889,Central Kalimantan
2021-05-28 00:00:00+00:00,26.818893,25.533333,0.3400278,Central Kalimantan
2021-05-29 00:00:00+00:00,25.463335,15.033334,0.34970835,Central Kalimantan
2021-05-30 00:00:00+00:00,27.095972,3.3333333,0.3537639,Central Kalimantan
2021-05-31 00:00:00+00:00,27.067503,4.2999997,0.35354164,Central Kalimantan
2021-06-01 00:00:00+00:00,27.04389,5.133333,0.35238886,Central Kalimantan
2021-06-02 00:00:00+00:00,27.555695,0.76666665,0.35166666,Central Kalimantan
2021-06-03 00:00:00+00:00,27.447363,0.33333334,0.34938893,Central Kalimantan
2021-06-04 00:00:00+00:00,27.925835,0.26666668,0.34584725,Central Kalimantan
2021-06-05 00:00:00+00:00,27.291115,8.666667,0.34283328,Central Kalimantan
2021-06-06 00:00:00+00:00,26.254305,12.0,0.3410972,Central Kalimantan
2021-06-07 00:00:00+00:00,26.689028,4.2,0.34044445,Central Kalimantan
2021-06-08 00:00:00+00:00,27.406393,0.53333336,0.33723605,Central Kalimantan
2021-06-09 00:00:00+00:00,27.182777,1.1333333,0.3335,Central Kalimantan
2021-06-10 00:00:00+00:00,26.531387,4.866667,0.33066663,Central Kalimantan
2021-06-11 00:00:00+00:00,26.670279,16.033333,0.32825002,Central Kalimantan
2021-06-12 00:00:00+00:00,26.02514,10.400001,0.33018053,Central Kalimantan
2021-06-13 00:00:00+00:00,26.968195,3.7666671,0.33038884,Central Kalimantan
2021-06-14 00:00:00+00:00,26.39875,6.4,0.32970834,Central Kalimantan
2021-06-15 00:00:00+00:00,25.838333,9.2,0.33090279,Central Kalimantan
2021-06-16 00:00:00+00:00,26.920975,2.0666666,0.33161113,Central Kalimantan
2021-06-17 00:00:00+00:00,25.414724,14.866668,0.3323611,Central Kalimantan
2021-06-18 00:00:00+00:00,25.60292,11.066667,0.33376393,Central Kalimantan
2021-06-19 00:00:00+00:00,25.610558,15.366669,0.33870828,Central Kalimantan
2021-06-20 00:00:00+00:00,24.761251,6.5,0.34473613,Central Kalimantan
2021-06-21 00:00:00+00:00,25.936945,7.366667,0.3449861,Central Kalimantan
2021-06-22 00:00:00+00:00,26.212639,4.833333,0.34473613,Central Kalimantan
2021-06-23 00:00:00+00:00,26.358475,14.033333,0.34476385,Central Kalimantan
2021-06-24 00:00:00+00:00,25.523056,15.5,0.35201383,Central Kalimantan
2021-06-25 00:00:00+00:00,25.73139,0.6666667,0.35325006,Central Kalimantan
2021-06-26 00:00:00+00:00,27.13278,0.06666667,0.3525555,Central Kalimantan
2021-06-27 00:00:00+00:00,26.474447,15.100001,0.3515,Central Kalimantan
2021-06-28 00:00:00+00:00,25.582085,11.466667,0.35263887,Central Kalimantan
2021-06-29 00:00:00+00:00,25.463333,12.466667,0.3556945,Central Kalimantan
2021-06-30 00:00:00+00:00,26.002222,15.866666,0.3562083,Central Kalimantan
2021-07-01 00:00:00+00:00,25.018196,11.933333,0.36225,Central Kalimantan
2021-07-02 00:00:00+00:00,26.482084,0.43333337,0.36873603,Central Kalimantan
2021-07-03 00:00:00+00:00,25.810555,6.7999997,0.36888894,Central Kalimantan
2021-07-04 00:00:00+00:00,26.148056,5.233334,0.36873612,Central Kalimantan
2021-07-05 00:00:00+00:00,26.492502,0.2,0.3672917,Central Kalimantan
2021-07-06 00:00:00+00:00,26.440416,0.7,0.36480558,Central Kalimantan
2021-07-07 00:00:00+00:00,25.980696,15.966668,0.3630139,Central Kalimantan
2021-07-08 00:00:00+00:00,25.09736,16.766665,0.36288884,Central Kalimantan
2021-07-09 00:00:00+00:00,26.554306,0.13333334,0.36323616,Central Kalimantan
2021-07-10 00:00:00+00:00,27.30986,2.6666667,0.36093053,Central Kalimantan
2021-07-11 00:00:00+00:00,26.407778,3.9666665,0.3594861,Central Kalimantan
2021-07-12 00:00:00+00:00,26.15986,12.833333,0.3580834,Central Kalimantan
2021-07-13 00:00:00+00:00,25.72236,42.266666,0.35954168,Central Kalimantan
2021-07-14 00:00:00+00:00,24.96403,8.733334,0.36812496,Central Kalimantan
2021-07-15 00:00:00+00:00,25.674446,1.3333334,0.37150002,Central Kalimantan
2021-07-16 00:00:00+00:00,24.959166,1.4666668,0.3703055,Central Kalimantan
2021-07-17 00:00:00+00:00,26.388334,0.6666667,0.36861107,Central Kalimantan
2021-07-18 00:00:00+00:00,26.766111,2.8333333,0.3659722,Central Kalimantan
2021-07-19 00:00:00+00:00,27.465418,0.70000005,0.36419448,Central Kalimantan
2021-07-20 00:00:00+00:00,26.626528,9.1,0.36152777,Central Kalimantan
2021-07-21 00:00:00+00:00,26.157776,3.2333329,0.35891664,Central Kalimantan
2021-07-22 00:00:00+00:00,26.120974,0.1,0.35708335,Central Kalimantan
2021-07-23 00:00:00+00:00,27.165419,0.33333337,0.35468057,Central Kalimantan
2021-07-24 00:00:00+00:00,26.798752,2.4666665,0.3515694,Central Kalimantan
2021-07-25 00:00:00+00:00,27.199442,0.06666667,0.34865275,Central Kalimantan
2021-07-26 00:00:00+00:00,27.075836,0.2,0.34512505,Central Kalimantan
2021-07-27 00:00:00+00:00,27.05014,1.6666666,0.3421388,Central Kalimantan
2021-07-28 00:00:00+00:00,26.766806,3.0333335,0.33950004,Central Kalimantan
2021-07-29 00:00:00+00:00,27.152224,1.6666666,0.33631948,Central Kalimantan
2021-07-30 00:00:00+00:00,27.027916,1.4000001,0.33354166,Central Kalimantan
2021-07-31 00:00:00+00:00,26.932085,1.7333335,0.33075002,Central Kalimantan
2021-08-01 00:00:00+00:00,27.191114,2.6333334,0.32752776,Central Kalimantan
2021-08-02 00:00:00+00:00,26.586945,2.8000002,0.32481942,Central Kalimantan
2021-08-03 00:00:00+00:00,26.864027,1.3333334,0.32269448,Central Kalimantan
2021-08-04 00:00:00+00:00,27.28625,3.3999999,0.3200278,Central Kalimantan
2021-08-05 00:00:00+00:00,26.373755,18.199999,0.31968057,Central Kalimantan
2021-08-06 00:00:00+00:00,26.276527,3.7333333,0.31986108,Central Kalimantan
2021-08-07 00:00:00+00:00,27.767502,5.866667,0.3188472,Central Kalimantan
2021-08-08 00:00:00+00:00,26.250834,5.7999997,0.3177639,Central Kalimantan
2021-08-09 00:00:00+00:00,27.15986,2.3999999,0.31759718,Central Kalimantan
2021-08-10 00:00:00+00:00,26.757086,1.7999998,0.31719446,Central Kalimantan
2021-08-11 00:00:00+00:00,27.08903,1.5,0.31654164,Central Kalimantan
2021-08-12 00:00:00+00:00,25.748056,33.8,0.31906947,Central Kalimantan
2021-08-13 00:00:00+00:00,25.443888,18.4,0.32849997,Central Kalimantan
2021-08-14 00:00:00+00:00,25.707087,8.533334,0.33336112,Central Kalimantan
2021-08-15 00:00:00+00:00,26.798056,1.3000001,0.33513892,Central Kalimantan
2021-08-16 00:00:00+00:00,26.609863,10.266665,0.33512497,Central Kalimantan
2021-08-17 00:00:00+00:00,26.017502,16.466667,0.3393472,Central Kalimantan
2021-08-18 00:00:00+00:00,25.422358,17.6,0.34641668,Central Kalimantan
2021-08-19 00:00:00+00:00,25.098053,20.833334,0.35512498,Central Kalimantan
2021-08-20 00:00:00+00:00,25.514029,12.5666685,0.36222228,Central Kalimantan
2021-08-21 00:00:00+00:00,25.170279,28.400002,0.3703333,Central Kalimantan
2021-08-22 00:00:00+00:00,24.315416,8.7,0.3809305,Central Kalimantan
2021-08-23 00:00:00+00:00,25.240417,15.466667,0.38041672,Central Kalimantan
2021-08-24 00:00:00+00:00,25.916807,6.5,0.38024998,Central Kalimantan
2021-08-25 00:00:00+00:00,25.63,7.9999995,0.37990272,Central Kalimantan
2021-08-26 00:00:00+00:00,25.40361,8.466666,0.37983334,Central Kalimantan
2021-08-27 00:00:00+00:00,25.52653,14.333333,0.37740287,Central Kalimantan
2021-08-28 00:00:00+00:00,24.99736,5.6,0.37897226,Central Kalimantan
2021-08-29 00:00:00+00:00,26.089727,18.866669,0.3793055,Central Kalimantan
2021-08-30 00:00:00+00:00,25.259863,8.8,0.3866389,Central Kalimantan
2021-08-31 00:00:00+00:00,25.650139,16.633333,0.38976392,Central Kalimantan
2021-09-01 00:00:00+00:00,25.705694,41.96667,0.39319444,Central Kalimantan
2021-09-02 00:00:00+00:00,25.193892,16.166666,0.39695832,Central Kalimantan
2021-09-03 00:00:00+00:00,24.542501,14.033333,0.39611104,Central Kalimantan
2021-09-04 00:00:00+00:00,24.925138,15.633332,0.39620832,Central Kalimantan
2021-09-05 00:00:00+00:00,25.530695,7.2999997,0.39590278,Central Kalimantan
2021-09-06 00:00:00+00:00,26.015417,13.700001,0.39366663,Central Kalimantan
2021-09-07 00:00:00+00:00,26.048752,3.8333337,0.39197218,Central Kalimantan
2021-09-08 00:00:00+00:00,26.00361,2.5666666,0.38981947,Central Kalimantan
2021-09-09 00:00:00+00:00,26.2675,2.7,0.38730553,Central Kalimantan
2021-09-10 00:00:00+00:00,26.1925,18.933334,0.3850139,Central Kalimantan
2021-09-11 00:00:00+00:00,25.07514,7.966667,0.39574996,Central Kalimantan
2021-09-12 00:00:00+00:00,26.28139,5.266667,0.39880553,Central Kalimantan
2021-09-13 00:00:00+00:00,25.891806,3.5333335,0.39655557,Central Kalimantan
2021-09-14 00:00:00+00:00,25.698748,16.466667,0.39379168,Central Kalimantan
2021-09-15 00:00:00+00:00,25.270279,0.7666667,0.40097222,Central Kalimantan
2021-09-16 00:00:00+00:00,26.13,0.7333334,0.39869443,Central Kalimantan
2021-09-17 00:00:00+00:00,26.801527,2.6000001,0.3951944,Central Kalimantan
2021-09-18 00:00:00+00:00,26.633474,4.733333,0.3905833,Central Kalimantan
2021-09-19 00:00:00+00:00,26.952223,0.86666673,0.38584724,Central Kalimantan
2021-09-20 00:00:00+00:00,26.780691,5.2999997,0.38030556,Central Kalimantan
2021-09-21 00:00:00+00:00,24.82583,11.166668,0.37740278,Central Kalimantan
2021-09-22 00:00:00+00:00,26.535559,0.43333337,0.37626383,Central Kalimantan
2021-09-23 00:00:00+00:00,26.769583,21.533333,0.37241665,Central Kalimantan
2021-09-24 00:00:00+00:00,25.609863,6.466667,0.37116662,Central Kalimantan
2021-09-25 00:00:00+00:00,27.15639,18.566666,0.36987498,Central Kalimantan
2021-09-26 00:00:00+00:00,25.834862,14.733335,0.38141665,Central Kalimantan
2021-09-27 00:00:00+00:00,26.715416,4.3333335,0.37947223,Central Kalimantan
2021-09-28 00:00:00+00:00,26.88764,8.700001,0.37876382,Central Kalimantan
2021-09-29 00:00:00+00:00,26.493195,14.899999,0.38020834,Central Kalimantan
2021-09-30 00:00:00+00:00,26.791807,16.966667,0.38418058,Central Kalimantan
2021-10-01 00:00:00+00:00,25.734167,20.966667,0.3937639,Central Kalimantan
2021-10-02 00:00:00+00:00,25.602915,3.5999997,0.4003056,Central Kalimantan
2021-10-03 00:00:00+00:00,26.140417,24.1,0.39715275,Central Kalimantan
2021-10-04 00:00:00+00:00,25.561945,2.0000002,0.39962503,Central Kalimantan
2021-10-05 00:00:00+00:00,27.160555,1.1666666,0.39580557,Central Kalimantan
2021-10-06 00:00:00+00:00,26.457779,6.6,0.3907361,Central Kalimantan
2021-10-07 00:00:00+00:00,27.020975,7.266667,0.3862222,Central Kalimantan
2021-10-08 00:00:00+00:00,26.955694,3.0,0.3842361,Central Kalimantan
2021-10-09 00:00:00+00:00,27.301527,2.1333332,0.38366663,Central Kalimantan
2021-10-10 00:00:00+00:00,26.959167,9.2,0.3805417,Central Kalimantan
2021-10-11 00:00:00+00:00,27.202917,4.566666,0.3777083,Central Kalimantan
2021-10-12 00:00:00+00:00,27.405695,0.06666667,0.3719722,Central Kalimantan
2021-10-13 00:00:00+00:00,28.15361,0.3,0.36522222,Central Kalimantan
2021-10-14 00:00:00+00:00,27.00778,7.666666,0.36154172,Central Kalimantan
2021-10-15 00:00:00+00:00,27.02514,1.1666666,0.35801387,Central Kalimantan
2021-10-16 00:00:00+00:00,27.509169,17.96667,0.35308337,Central Kalimantan
2021-10-17 00:00:00+00:00,26.416807,15.233333,0.358875,Central Kalimantan
2021-10-18 00:00:00+00:00,26.384863,34.73333,0.3651389,Central Kalimantan
2021-10-19 00:00:00+00:00,25.663336,12.533333,0.37233338,Central Kalimantan
2021-10-20 00:00:00+00:00,26.304998,1.9333334,0.37830558,Central Kalimantan
2021-10-21 00:00:00+00:00,26.800833,11.066667,0.37669447,Central Kalimantan
2021-10-22 00:00:00+00:00,25.616806,10.400001,0.3773472,Central Kalimantan
2021-10-23 00:00:00+00:00,26.690416,1.3666667,0.37637505,Central Kalimantan
2021-10-24 00:00:00+00:00,27.218195,1.1333333,0.37381944,Central Kalimantan
2021-10-25 00:00:00+00:00,26.454308,14.900001,0.37088886,Central Kalimantan
2021-10-26 00:00:00+00:00,26.28625,6.1333337,0.3683889,Central Kalimantan
2021-10-27 00:00:00+00:00,26.403612,24.633337,0.36954162,Central Kalimantan
2021-10-28 00:00:00+00:00,25.720972,19.300001,0.38511118,Central Kalimantan
2021-10-29 00:00:00+00:00,26.039724,25.933332,0.39626393,Central Kalimantan
2021-10-30 00:00:00+00:00,26.027916,7.5333333,0.4054861,Central Kalimantan
2021-10-31 00:00:00+00:00,26.714724,18.233332,0.4077361,Central Kalimantan
2021-11-01 00:00:00+00:00,26.212639,4.2666664,0.4110694,Central Kalimantan
2021-11-02 00:00:00+00:00,25.544584,13.633335,0.4076805,Central Kalimantan
2021-11-03 00:00:00+00:00,26.746668,5.4,0.40486112,Central Kalimantan
2021-11-04 00:00:00+00:00,25.350832,10.333333,0.4055417,Central Kalimantan
2021-11-05 00:00:00+00:00,26.023056,4.6666665,0.40408337,Central Kalimantan
2021-11-06 00:00:00+00:00,26.595278,17.766666,0.40330553,Central Kalimantan
2021-11-07 00:00:00+00:00,25.38903,8.366666,0.40600005,Central Kalimantan
2021-11-08 00:00:00+00:00,26.183472,8.500001,0.40616664,Central Kalimantan
2021-11-09 00:00:00+00:00,27.094584,8.866667,0.4034861,Central Kalimantan
2021-11-10 00:00:00+00:00,25.54875,29.6,0.40269443,Central Kalimantan
2021-11-11 00:00:00+00:00,25.090416,41.133335,0.42181945,Central Kalimantan
2021-11-12 00:00:00+00:00,25.134165,15.0,0.4274305,Central Kalimantan
2021-11-13 00:00:00+00:00,25.850138,4.8,0.41344452,Central Kalimantan
2021-11-14 00:00:00+00:00,25.557083,23.800001,0.40973613,Central Kalimantan
2021-11-15 00:00:00+00:00,25.230696,8.966667,0.40966663,Central Kalimantan
2021-11-16 00:00:00+00:00,25.97097,8.166667,0.40291667,Central Kalimantan
2021-11-17 00:00:00+00:00,26.976526,2.3666668,0.3932639,Central Kalimantan
2021-11-18 00:00:00+00:00,26.970282,20.099998,0.3855833,Central Kalimantan
2021-11-19 00:00:00+00:00,25.255,21.866669,0.3868194,Central Kalimantan
2021-11-20 00:00:00+00:00,25.355001,5.0666666,0.39322224,Central Kalimantan
2021-11-21 00:00:00+00:00,27.09111,4.1666665,0.3901944,Central Kalimantan
2021-11-22 00:00:00+00:00,27.507082,8.433333,0.38201392,Central Kalimantan
2021-11-23 00:00:00+00:00,25.718193,25.5,0.37568057,Central Kalimantan
2021-11-24 00:00:00+00:00,25.72236,4.9,0.379375,Central Kalimantan
2021-11-25 00:00:00+00:00,26.70014,6.2000003,0.38352785,Central Kalimantan
2021-11-26 00:00:00+00:00,25.457779,15.500001,0.3863472,Central Kalimantan
2021-11-27 00:00:00+00:00,25.62792,11.933334,0.38684726,Central Kalimantan
2021-11-28 00:00:00+00:00,24.05292,17.233334,0.39011118,Central Kalimantan
2021-11-29 00:00:00+00:00,25.130693,10.233334,0.38673604,Central Kalimantan
2021-11-30 00:00:00+00:00,26.135557,8.500001,0.38734722,Central Kalimantan
2021-12-01 00:00:00+00:00,26.968195,1.5999999,0.38795838,Central Kalimantan
2021-12-02 00:00:00+00:00,28.086945,1.6666669,0.3828889,Central Kalimantan
2021-12-03 00:00:00+00:00,27.24736,12.566666,0.37743053,Central Kalimantan
2021-12-04 00:00:00+00:00,26.159166,26.266668,0.37495837,Central Kalimantan
2021-12-05 00:00:00+00:00,25.936943,10.3,0.38050005,Central Kalimantan
2021-12-06 00:00:00+00:00,25.686945,9.133333,0.38743055,Central Kalimantan
2021-12-07 00:00:00+00:00,26.574448,5.8333335,0.3910278,Central Kalimantan
2021-12-08 00:00:00+00:00,26.308474,9.833333,0.3875972,Central Kalimantan
2021-12-09 00:00:00+00:00,26.52236,7.3000007,0.38351393,Central Kalimantan
2021-12-10 00:00:00+00:00,25.97375,11.7,0.3819861,Central Kalimantan
2021-12-11 00:00:00+00:00,25.694582,15.5666685,0.38501394,Central Kalimantan
2021-12-12 00:00:00+00:00,25.469582,17.533333,0.39308333,Central Kalimantan
2021-12-13 00:00:00+00:00,25.278612,53.033337,0.40344444,Central Kalimantan
2021-12-14 00:00:00+00:00,25.118889,17.699999,0.40943053,Central Kalimantan
2021-12-15 00:00:00+00:00,25.6925,16.666666,0.4112639,Central Kalimantan
2021-12-16 00:00:00+00:00,25.767502,19.966667,0.41243052,Central Kalimantan
2021-12-17 00:00:00+00:00,26.614027,17.699999,0.41223612,Central Kalimantan
2021-12-18 00:00:00+00:00,25.989027,15.399999,0.41193056,Central Kalimantan
2021-12-19 00:00:00+00:00,25.507086,20.166666,0.40925002,Central Kalimantan
2021-12-20 00:00:00+00:00,25.220282,25.733335,0.4133472,Central Kalimantan
2021-12-21 00:00:00+00:00,25.866112,6.0333333,0.42250004,Central Kalimantan
2021-12-22 00:00:00+00:00,26.51264,14.033334,0.41679168,Central Kalimantan
2021-12-23 00:00:00+00:00,26.330694,7.9333344,0.41194442,Central Kalimantan
2021-12-24 00:00:00+00:00,26.467499,4.7666664,0.40516663,Central Kalimantan
2021-12-25 00:00:00+00:00,26.41889,9.433333,0.39827776,Central Kalimantan
2021-12-26 00:00:00+00:00,25.982779,10.433334,0.39208338,Central Kalimantan
2021-12-27 00:00:00+00:00,25.802221,8.666667,0.38644445,Central Kalimantan
2021-12-28 00:00:00+00:00,26.10431,9.900001,0.3824167,Central Kalimantan
2021-12-29 00:00:00+00:00,25.327225,11.633334,0.38102773,Central Kalimantan
2021-12-30 00:00:00+00:00,26.711946,5.5,0.37848613,Central Kalimantan
2021-12-31 00:00:00+00:00,25.786247,10.833333,0.37899998,Central Kalimantan
2022-01-01 00:00:00+00:00,26.236252,5.533333,0.37815273,Central Kalimantan
2022-01-02 00:00:00+00:00,26.27236,9.766666,0.37662497,Central Kalimantan
2022-01-03 00:00:00+00:00,25.820276,4.133333,0.37365282,Central Kalimantan
2022-01-04 00:00:00+00:00,26.421667,3.533333,0.37059724,Central Kalimantan
2022-01-05 00:00:00+00:00,26.499445,7.566667,0.36599997,Central Kalimantan
2022-01-06 00:00:00+00:00,25.792498,13.700001,0.365,Central Kalimantan
2022-01-07 00:00:00+00:00,25.157084,12.3,0.36558333,Central Kalimantan
2022-01-08 00:00:00+00:00,26.042501,7.333334,0.36595842,Central Kalimantan
2022-01-09 00:00:00+00:00,26.050833,25.466665,0.3652083,Central Kalimantan
2022-01-10 00:00:00+00:00,25.745277,15.966667,0.36352777,Central Kalimantan
2022-01-11 00:00:00+00:00,25.167501,17.3,0.3663056,Central Kalimantan
2022-01-12 00:00:00+00:00,25.568892,14.066667,0.37216663,Central Kalimantan
2022-01-13 00:00:00+00:00,25.454308,12.133332,0.37958333,Central Kalimantan
2022-01-14 00:00:00+00:00,25.761251,3.6333332,0.38148615,Central Kalimantan
2022-01-15 00:00:00+00:00,26.325834,5.466667,0.3792638,Central Kalimantan
2022-01-16 00:00:00+00:00,25.489029,9.3,0.3760139,Central Kalimantan
2022-01-17 00:00:00+00:00,26.06542,10.366668,0.37304166,Central Kalimantan
2022-01-18 00:00:00+00:00,25.634165,17.366669,0.3705,Central Kalimantan
2022-01-19 00:00:00+00:00,25.92375,23.433334,0.36938885,Central Kalimantan
2022-01-20 00:00:00+00:00,25.308472,4.233333,0.37525007,Central Kalimantan
2022-01-21 00:00:00+00:00,25.99736,2.6999998,0.37818053,Central Kalimantan
2022-01-22 00:00:00+00:00,27.255,0.2,0.3759444,Central Kalimantan
2022-01-23 00:00:00+00:00,27.361252,0.6666667,0.3712778,Central Kalimantan
2022-01-24 00:00:00+00:00,27.35639,2.533333,0.36558333,Central Kalimantan
2022-01-25 00:00:00+00:00,27.130697,1.5666666,0.36038888,Central Kalimantan
2022-01-26 00:00:00+00:00,27.473055,1.7333335,0.35576394,Central Kalimantan
2022-01-27 00:00:00+00:00,27.109167,5.066667,0.3524861,Central Kalimantan
2022-01-28 00:00:00+00:00,25.745974,12.0,0.35083333,Central Kalimantan
2022-01-29 00:00:00+00:00,27.02653,0.0,0.3494861,Central Kalimantan
2022-01-30 00:00:00+00:00,27.249443,1.5333333,0.3443056,Central Kalimantan
2022-01-31 00:00:00+00:00,27.239723,0.4333333,0.3393056,Central Kalimantan
2022-02-01 00:00:00+00:00,27.175833,10.333333,0.33468056,Central Kalimantan
2022-02-02 00:00:00+00:00,26.341806,12.033334,0.3312639,Central Kalimantan
2022-02-03 00:00:00+00:00,26.212639,13.3,0.32770836,Central Kalimantan
2022-02-04 00:00:00+00:00,26.095972,8.233334,0.3274861,Central Kalimantan
2022-02-05 00:00:00+00:00,26.202223,16.5,0.33284724,Central Kalimantan
2022-02-06 00:00:00+00:00,26.163332,25.733332,0.33940277,Central Kalimantan
2022-02-07 00:00:00+00:00,25.223753,15.666669,0.3517222,Central Kalimantan
2022-02-08 00:00:00+00:00,26.155693,16.933332,0.35562503,Central Kalimantan
2022-02-09 00:00:00+00:00,25.180695,22.833334,0.36216667,Central Kalimantan
2022-02-10 00:00:00+00:00,25.479303,14.266667,0.36636105,Central Kalimantan
2022-02-11 00:00:00+00:00,25.910559,20.0,0.3716111,Central Kalimantan
2022-02-12 00:00:00+00:00,25.879305,0.9000001,0.37404165,Central Kalimantan
2022-02-13 00:00:00+00:00,26.449446,10.433333,0.37349996,Central Kalimantan
2022-02-14 00:00:00+00:00,26.586943,5.066666,0.37213886,Central Kalimantan
2022-02-15 00:00:00+00:00,25.913332,13.900002,0.37127778,Central Kalimantan
2022-02-16 00:00:00+00:00,25.88278,9.866666,0.37136114,Central Kalimantan
2022-02-17 00:00:00+00:00,25.474447,48.7,0.37913886,Central Kalimantan
2022-02-18 00:00:00+00:00,25.286943,5.7999997,0.39922222,Central Kalimantan
2022-02-19 00:00:00+00:00,26.051529,14.400001,0.40097225,Central Kalimantan
2022-02-20 00:00:00+00:00,26.464027,0.33333334,0.39937496,Central Kalimantan
2022-02-21 00:00:00+00:00,26.66472,1.8333334,0.39694443,Central Kalimantan
2022-02-22 00:00:00+00:00,25.28486,8.166667,0.39544448,Central Kalimantan
2022-02-23 00:00:00+00:00,25.80639,4.933333,0.3925,Central Kalimantan
2022-02-24 00:00:00+00:00,25.400833,15.266666,0.39140275,Central Kalimantan
2022-02-25 00:00:00+00:00,26.832085,1.1999999,0.39066663,Central Kalimantan
2022-02-26 00:00:00+00:00,27.554306,2.533333,0.38697228,Central Kalimantan
2022-02-27 00:00:00+00:00,27.10431,1.7333332,0.3832917,Central Kalimantan
2022-02-28 00:00:00+00:00,27.877916,3.5,0.3791667,Central Kalimantan
2022-03-01 00:00:00+00:00,27.280695,15.3,0.37595832,Central Kalimantan
2022-03-02 00:00:00+00:00,27.145973,5.1,0.3733194,Central Kalimantan
2022-03-03 00:00:00+00:00,27.080696,12.099999,0.36965275,Central Kalimantan
2022-03-04 00:00:00+00:00,26.235556,20.066668,0.36830556,Central Kalimantan
2022-03-05 00:00:00+00:00,25.69111,10.666667,0.36754164,Central Kalimantan
2022-03-06 00:00:00+00:00,26.282776,9.033333,0.36929163,Central Kalimantan
2022-03-07 00:00:00+00:00,24.983473,17.700003,0.37370834,Central Kalimantan
2022-03-08 00:00:00+00:00,25.799444,9.500001,0.3792361,Central Kalimantan
2022-03-09 00:00:00+00:00,26.608475,10.100001,0.37870836,Central Kalimantan
2022-03-10 00:00:00+00:00,26.44736,6.566666,0.3797361,Central Kalimantan
2022-03-11 00:00:00+00:00,27.337639,6.866667,0.37906945,Central Kalimantan
2022-03-12 00:00:00+00:00,26.679306,3.4666665,0.38026384,Central Kalimantan
2022-03-13 00:00:00+00:00,26.290419,18.4,0.38099995,Central Kalimantan
2022-03-14 00:00:00+00:00,26.512636,8.233334,0.3845,Central Kalimantan
2022-03-15 00:00:00+00:00,25.798056,28.9,0.39209723,Central Kalimantan
2022-03-16 00:00:00+00:00,26.477919,5.0333333,0.4080416,Central Kalimantan
2022-03-17 00:00:00+00:00,27.318888,3.5,0.4063889,Central Kalimantan
2022-03-18 00:00:00+00:00,25.795279,11.133334,0.4029167,Central Kalimantan
2022-03-19 00:00:00+00:00,26.026527,12.100001,0.3991805,Central Kalimantan
2022-03-20 00:00:00+00:00,26.202917,1.8333334,0.39729166,Central Kalimantan
2022-03-21 00:00:00+00:00,26.352224,12.0,0.39545834,Central Kalimantan
2022-03-22 00:00:00+00:00,24.961945,0.16666667,0.39373612,Central Kalimantan
2022-03-23 00:00:00+00:00,27.509863,0.0,0.38944444,Central Kalimantan
2022-03-24 00:00:00+00:00,28.008474,10.266667,0.38581944,Central Kalimantan
2022-03-25 00:00:00+00:00,26.657782,1.7999997,0.38455555,Central Kalimantan
2022-03-26 00:00:00+00:00,27.109167,8.633332,0.38106942,Central Kalimantan
2022-03-27 00:00:00+00:00,26.520279,8.2,0.38031945,Central Kalimantan
2022-03-28 00:00:00+00:00,27.398752,3.3666668,0.37844443,Central Kalimantan
2022-03-29 00:00:00+00:00,27.736252,0.9666667,0.3747777,Central Kalimantan
2022-03-30 00:00:00+00:00,27.88278,1.5,0.37043056,Central Kalimantan
2022-03-31 00:00:00+00:00,27.553614,8.3,0.36420837,Central Kalimantan
2022-04-01 00:00:00+00:00,26.913336,6.066667,0.35884726,Central Kalimantan
2022-04-02 00:00:00+00:00,27.467499,1.4333334,0.35511112,Central Kalimantan
2022-04-03 00:00:00+00:00,27.48764,5.7000003,0.35154164,Central Kalimantan
2022-04-04 00:00:00+00:00,26.249445,6.1,0.3498055,Central Kalimantan
2022-04-05 00:00:00+00:00,26.064722,9.766666,0.34837493,Central Kalimantan
2022-04-06 00:00:00+00:00,26.013334,6.933333,0.34591666,Central Kalimantan
2022-04-07 00:00:00+00:00,25.732779,8.599999,0.34302783,Central Kalimantan
2022-04-08 00:00:00+00:00,25.65986,7.8000007,0.34234726,Central Kalimantan
2022-04-09 00:00:00+00:00,25.514725,10.1,0.34311107,Central Kalimantan
2022-04-10 00:00:00+00:00,26.327919,12.533334,0.34359717,Central Kalimantan
2022-04-11 00:00:00+00:00,26.720276,5.233333,0.34379163,Central Kalimantan
2022-04-12 00:00:00+00:00,27.19806,3.2333333,0.34270832,Central Kalimantan
2022-04-13 00:00:00+00:00,26.569586,4.4333334,0.33991668,Central Kalimantan
2022-04-14 00:00:00+00:00,27.600836,2.3999999,0.3363056,Central Kalimantan
2022-04-15 00:00:00+00:00,26.870974,18.366667,0.3339306,Central Kalimantan
2022-04-16 00:00:00+00:00,25.601526,4.7999997,0.33777773,Central Kalimantan
2022-04-17 00:00:00+00:00,27.909864,0.36666667,0.3365556,Central Kalimantan
2022-04-18 00:00:00+00:00,27.3675,21.233332,0.33372223,Central Kalimantan
2022-04-19 00:00:00+00:00,24.845972,28.633331,0.34204164,Central Kalimantan
2022-04-20 00:00:00+00:00,26.177917,8.933333,0.35416666,Central Kalimantan
2022-04-21 00:00:00+00:00,26.393196,14.966667,0.36068055,Central Kalimantan
2022-04-22 00:00:00+00:00,25.882776,3.0,0.3703473,Central Kalimantan
2022-04-23 00:00:00+00:00,27.903612,0.8,0.3691111,Central Kalimantan
2022-04-24 00:00:00+00:00,27.162642,12.066667,0.3706945,Central Kalimantan
2022-04-25 00:00:00+00:00,25.826529,13.133332,0.3726528,Central Kalimantan
2022-04-26 00:00:00+00:00,26.545279,15.766667,0.37379166,Central Kalimantan
2022-04-27 00:00:00+00:00,26.172361,6.766667,0.37343058,Central Kalimantan
2022-04-28 00:00:00+00:00,27.187643,8.0,0.3731389,Central Kalimantan
2022-04-29 00:00:00+00:00,27.6175,2.2333333,0.37356946,Central Kalimantan
2022-04-30 00:00:00+00:00,27.091806,15.733335,0.37300006,Central Kalimantan
2022-05-01 00:00:00+00:00,26.668198,17.666666,0.3739028,Central Kalimantan
2022-05-02 00:00:00+00:00,26.052917,18.6,0.38281944,Central Kalimantan
2022-05-03 00:00:00+00:00,27.13,31.300001,0.38522223,Central Kalimantan
2022-05-04 00:00:00+00:00,25.261948,16.266668,0.39097223,Central Kalimantan
2022-05-05 00:00:00+00:00,27.162638,6.4,0.3885834,Central Kalimantan
2022-05-06 00:00:00+00:00,27.09667,11.599999,0.38399997,Central Kalimantan
2022-05-07 00:00:00+00:00,26.650835,19.866667,0.38140273,Central Kalimantan
2022-05-08 00:00:00+00:00,26.201529,17.800003,0.38688886,Central Kalimantan
2022-05-09 00:00:00+00:00,26.377222,15.399999,0.39334717,Central Kalimantan
2022-05-10 00:00:00+00:00,27.885553,3.6666667,0.3918055,Central Kalimantan
2022-05-11 00:00:00+00:00,26.28972,24.433332,0.39190277,Central Kalimantan
2022-05-12 00:00:00+00:00,26.363333,18.333334,0.3884305,Central Kalimantan
2022-05-13 00:00:00+00:00,26.725832,11.233333,0.39097223,Central Kalimantan
2022-05-14 00:00:00+00:00,27.488333,3.2,0.38984725,Central Kalimantan
2022-05-15 00:00:00+00:00,27.839722,1.0333334,0.38418058,Central Kalimantan
2022-05-16 00:00:00+00:00,26.927917,18.366667,0.3816111,Central Kalimantan
2022-05-17 00:00:00+00:00,25.68764,13.533334,0.38268057,Central Kalimantan
2022-05-18 00:00:00+00:00,27.166807,13.466666,0.38408336,Central Kalimantan
2022-05-19 00:00:00+00:00,26.610556,16.9,0.38773617,Central Kalimantan
2022-05-20 00:00:00+00:00,24.980001,27.566666,0.39695832,Central Kalimantan
2022-05-21 00:00:00+00:00,26.189722,8.466666,0.40081945,Central Kalimantan
2022-05-22 00:00:00+00:00,26.755692,9.866667,0.40347221,Central Kalimantan
2022-05-23 00:00:00+00:00,26.95014,7.3666663,0.40419444,Central Kalimantan
2022-05-24 00:00:00+00:00,27.022364,16.4,0.40202773,Central Kalimantan
2022-05-25 00:00:00+00:00,25.789026,42.06667,0.40390277,Central Kalimantan
2022-05-26 00:00:00+00:00,25.361944,6.5,0.41450003,Central Kalimantan
2022-05-27 00:00:00+00:00,25.649445,6.4,0.41349998,Central Kalimantan
2022-05-28 00:00:00+00:00,27.618889,0.0,0.40952778,Central Kalimantan
2022-05-29 00:00:00+00:00,27.373749,3.1666663,0.40454164,Central Kalimantan
2022-05-30 00:00:00+00:00,27.828611,0.2,0.39798608,Central Kalimantan
2022-05-31 00:00:00+00:00,28.234861,0.9333334,0.3910278,Central Kalimantan
2022-06-01 00:00:00+00:00,27.361944,2.6666667,0.38509727,Central Kalimantan
2022-06-02 00:00:00+00:00,27.011946,13.033333,0.3772639,Central Kalimantan
2022-06-03 00:00:00+00:00,25.539026,5.133333,0.36936107,Central Kalimantan
2022-06-04 00:00:00+00:00,26.114723,6.866667,0.36397222,Central Kalimantan
2022-06-05 00:00:00+00:00,26.102915,10.3,0.36037502,Central Kalimantan
2022-06-06 00:00:00+00:00,25.582779,9.433333,0.35890278,Central Kalimantan
2022-06-07 00:00:00+00:00,26.162638,4.3999996,0.35873613,Central Kalimantan
2022-06-08 00:00:00+00:00,26.344584,31.96667,0.3580416,Central Kalimantan
2022-06-09 00:00:00+00:00,24.911943,15.433334,0.36306944,Central Kalimantan
2022-06-10 00:00:00+00:00,26.77514,4.433333,0.36395836,Central Kalimantan
2022-06-11 00:00:00+00:00,25.939028,11.533333,0.36222222,Central Kalimantan
2022-06-12 00:00:00+00:00,25.830002,8.166667,0.36009726,Central Kalimantan
2022-06-13 00:00:00+00:00,25.100836,20.333334,0.3620139,Central Kalimantan
2022-06-14 00:00:00+00:00,25.96125,9.533333,0.36622226,Central Kalimantan
2022-06-15 00:00:00+00:00,26.211248,3.3,0.36736116,Central Kalimantan
2022-06-16 00:00:00+00:00,25.250137,34.4,0.3692361,Central Kalimantan
2022-06-17 00:00:00+00:00,25.08139,22.46667,0.37788892,Central Kalimantan
2022-06-18 00:00:00+00:00,25.230698,6.066667,0.38806948,Central Kalimantan
2022-06-19 00:00:00+00:00,25.790419,9.400001,0.3899028,Central Kalimantan
2022-06-20 00:00:00+00:00,25.484167,18.066668,0.39187503,Central Kalimantan
2022-06-21 00:00:00+00:00,26.093193,2.3,0.39890277,Central Kalimantan
2022-06-22 00:00:00+00:00,25.79875,10.600001,0.39783335,Central Kalimantan
2022-06-23 00:00:00+00:00,25.538336,19.7,0.3963472,Central Kalimantan
2022-06-24 00:00:00+00:00,25.034864,15.466667,0.39775002,Central Kalimantan
2022-06-25 00:00:00+00:00,25.586946,25.46667,0.39981946,Central Kalimantan
2022-06-26 00:00:00+00:00,25.348055,12.833333,0.41020837,Central Kalimantan
2022-06-27 00:00:00+00:00,25.557089,17.633333,0.41043058,Central Kalimantan
2022-06-28 00:00:00+00:00,25.46125,9.133334,0.4089583,Central Kalimantan
2022-06-29 00:00:00+00:00,25.095282,18.133333,0.40662494,Central Kalimantan
2022-06-30 00:00:00+00:00,24.924446,12.933333,0.40702772,Central Kalimantan
2022-07-01 00:00:00+00:00,26.933472,0.3,0.40430555,Central Kalimantan
2022-07-02 00:00:00+00:00,27.351526,9.233334,0.39911106,Central Kalimantan
2022-07-03 00:00:00+00:00,27.40986,14.666667,0.39501393,Central Kalimantan
2022-07-04 00:00:00+00:00,25.644585,2.9333334,0.39802775,Central Kalimantan
2022-07-05 00:00:00+00:00,26.654306,5.1666665,0.39356938,Central Kalimantan
2022-07-06 00:00:00+00:00,25.861944,4.2666664,0.38745832,Central Kalimantan
2022-07-07 00:00:00+00:00,26.427221,3.7,0.38038886,Central Kalimantan
2022-07-08 00:00:00+00:00,26.144583,2.8666668,0.37338886,Central Kalimantan
2022-07-09 00:00:00+00:00,25.977224,2.5333333,0.36763886,Central Kalimantan
2022-07-10 00:00:00+00:00,26.208473,3.5,0.3627639,Central Kalimantan
2022-07-11 00:00:00+00:00,25.832083,9.666667,0.36033332,Central Kalimantan
2022-07-12 00:00:00+00:00,26.429306,13.400001,0.35731944,Central Kalimantan
2022-07-13 00:00:00+00:00,25.141808,6.7333336,0.3556945,Central Kalimantan
2022-07-14 00:00:00+00:00,25.98139,3.9333334,0.35423613,Central Kalimantan
2022-07-15 00:00:00+00:00,26.76889,8.033334,0.35119447,Central Kalimantan
2022-07-16 00:00:00+00:00,25.65014,32.2,0.34959722,Central Kalimantan
2022-07-17 00:00:00+00:00,24.999445,5.233333,0.36150002,Central Kalimantan
2022-07-18 00:00:00+00:00,25.157087,10.766666,0.36702776,Central Kalimantan
2022-07-19 00:00:00+00:00,25.700834,9.133334,0.36740276,Central Kalimantan
2022-07-20 00:00:00+00:00,26.138336,2.8,0.36620834,Central Kalimantan
2022-07-21 00:00:00+00:00,26.311249,11.133332,0.3626667,Central Kalimantan
2022-07-22 00:00:00+00:00,25.58139,3.1333332,0.35997224,Central Kalimantan
2022-07-23 00:00:00+00:00,26.74736,3.3999999,0.35894445,Central Kalimantan
2022-07-24 00:00:00+00:00,26.310556,3.3666666,0.35720834,Central Kalimantan
2022-07-25 00:00:00+00:00,26.764723,0.43333337,0.35447216,Central Kalimantan
2022-07-26 00:00:00+00:00,26.68486,11.0,0.35147226,Central Kalimantan
2022-07-27 00:00:00+00:00,24.995275,29.799997,0.35358334,Central Kalimantan
2022-07-28 00:00:00+00:00,26.03,5.3999996,0.3530139,Central Kalimantan
2022-07-29 00:00:00+00:00,25.902918,26.733335,0.35613883,Central Kalimantan
2022-07-30 00:00:00+00:00,25.405695,12.433334,0.367875,Central Kalimantan
2022-07-31 00:00:00+00:00,25.72236,2.2666664,0.37158334,Central Kalimantan
2022-08-01 00:00:00+00:00,26.546667,0.46666667,0.37111112,Central Kalimantan
2022-08-02 00:00:00+00:00,25.529305,9.366666,0.37063888,Central Kalimantan
2022-08-03 00:00:00+00:00,26.043892,18.7,0.37163886,Central Kalimantan
2022-08-04 00:00:00+00:00,25.568893,9.400002,0.3775972,Central Kalimantan
2022-08-05 00:00:00+00:00,25.304304,2.7666667,0.37626395,Central Kalimantan
2022-08-06 00:00:00+00:00,25.694586,1.1,0.3732084,Central Kalimantan
2022-08-07 00:00:00+00:00,26.278618,0.0,0.3693889,Central Kalimantan
2022-08-08 00:00:00+00:00,27.10222,0.4,0.36590278,Central Kalimantan
2022-08-09 00:00:00+00:00,26.271667,9.833334,0.36225,Central Kalimantan
2022-08-10 00:00:00+00:00,25.934862,13.466667,0.36019444,Central Kalimantan
2022-08-11 00:00:00+00:00,26.845282,1.2666667,0.35804164,Central Kalimantan
2022-08-12 00:00:00+00:00,26.720278,17.866667,0.35537505,Central Kalimantan
2022-08-13 00:00:00+00:00,25.306389,6.7333336,0.35454166,Central Kalimantan
2022-08-14 00:00:00+00:00,26.604307,4.5333333,0.35375,Central Kalimantan
2022-08-15 00:00:00+00:00,25.804306,7.7000003,0.35368052,Central Kalimantan
2022-08-16 00:00:00+00:00,26.516113,1.4333334,0.35613886,Central Kalimantan
2022-08-17 00:00:00+00:00,25.928612,2.1333332,0.35577774,Central Kalimantan
2022-08-18 00:00:00+00:00,26.98208,1.1666666,0.35263887,Central Kalimantan
2022-08-19 00:00:00+00:00,26.855001,7.066666,0.3485,Central Kalimantan
2022-08-20 00:00:00+00:00,26.241804,8.933333,0.34504163,Central Kalimantan
2022-08-21 00:00:00+00:00,26.09736,21.166666,0.34461108,Central Kalimantan
2022-08-22 00:00:00+00:00,25.052221,11.866666,0.34791663,Central Kalimantan
2022-08-23 00:00:00+00:00,26.818193,1.1333333,0.34994438,Central Kalimantan
2022-08-24 00:00:00+00:00,26.284166,7.2999997,0.34890273,Central Kalimantan
2022-08-25 00:00:00+00:00,25.56611,13.866669,0.3494166,Central Kalimantan
2022-08-26 00:00:00+00:00,25.44042,18.566668,0.35465276,Central Kalimantan
2022-08-27 00:00:00+00:00,25.59875,14.166667,0.3580972,Central Kalimantan
2022-08-28 00:00:00+00:00,25.061945,17.8,0.3676944,Central Kalimantan
2022-08-29 00:00:00+00:00,26.239029,6.7333336,0.37706938,Central Kalimantan
2022-08-30 00:00:00+00:00,25.03139,21.199999,0.38263893,Central Kalimantan
2022-08-31 00:00:00+00:00,25.6925,8.533334,0.387875,Central Kalimantan
2022-09-01 00:00:00+00:00,26.811249,3.6333332,0.38966668,Central Kalimantan
2022-09-02 00:00:00+00:00,27.236252,1.7999998,0.3880972,Central Kalimantan
2022-09-03 00:00:00+00:00,25.993193,20.166666,0.38827777,Central Kalimantan
2022-09-04 00:00:00+00:00,24.667501,32.46667,0.4017917,Central Kalimantan
2022-09-05 00:00:00+00:00,24.73139,5.9666667,0.41309726,Central Kalimantan
2022-09-06 00:00:00+00:00,27.017504,0.56666666,0.41119444,Central Kalimantan
2022-09-07 00:00:00+00:00,25.786943,26.833334,0.40641668,Central Kalimantan
2022-09-08 00:00:00+00:00,24.92514,34.2,0.40691665,Central Kalimantan
2022-09-09 00:00:00+00:00,24.258474,9.733334,0.42501393,Central Kalimantan
2022-09-10 00:00:00+00:00,26.22375,5.566667,0.41976395,Central Kalimantan
2022-09-11 00:00:00+00:00,26.400833,2.3999999,0.41354164,Central Kalimantan
2022-09-12 00:00:00+00:00,26.41889,29.066668,0.41051388,Central Kalimantan
2022-09-13 00:00:00+00:00,24.761946,24.133333,0.41572222,Central Kalimantan
2022-09-14 00:00:00+00:00,25.214724,3.3999999,0.41441667,Central Kalimantan
2022-09-15 00:00:00+00:00,26.472364,1.8666667,0.40897226,Central Kalimantan
2022-09-16 00:00:00+00:00,26.000137,9.666666,0.40204167,Central Kalimantan
2022-09-17 00:00:00+00:00,26.255,8.400001,0.39549994,Central Kalimantan
2022-09-18 00:00:00+00:00,26.336946,27.033333,0.39147225,Central Kalimantan
2022-09-19 00:00:00+00:00,25.380697,11.833333,0.39043057,Central Kalimantan
2022-09-20 00:00:00+00:00,24.801529,11.033334,0.40298614,Central Kalimantan
2022-09-21 00:00:00+00:00,26.511253,10.133333,0.40301386,Central Kalimantan
2022-09-22 00:00:00+00:00,26.428612,9.5,0.4018611,Central Kalimantan
2022-09-23 00:00:00+00:00,25.264029,40.266663,0.40273616,Central Kalimantan
2022-09-24 00:00:00+00:00,24.939722,5.433333,0.4111806,Central Kalimantan
2022-09-25 00:00:00+00:00,26.818888,1.5333333,0.40868047,Central Kalimantan
2022-09-26 00:00:00+00:00,26.659864,1.0,0.40448615,Central Kalimantan
2022-09-27 00:00:00+00:00,27.375137,0.23333333,0.3993194,Central Kalimantan
2022-09-28 00:00:00+00:00,26.873055,18.166666,0.39451388,Central Kalimantan
2022-09-29 00:00:00+00:00,25.389029,10.933333,0.3936944,Central Kalimantan
2022-09-30 00:00:00+00:00,26.789026,26.4,0.39383337,Central Kalimantan
2022-10-01 00:00:00+00:00,25.87375,8.0,0.40211114,Central Kalimantan
2022-10-02 00:00:00+00:00,25.843195,15.666667,0.40515283,Central Kalimantan
2022-10-03 00:00:00+00:00,24.68278,16.166668,0.41013888,Central Kalimantan
2022-10-04 00:00:00+00:00,25.430695,9.633332,0.4162083,Central Kalimantan
2022-10-05 00:00:00+00:00,25.48625,10.866666,0.4163194,Central Kalimantan
2022-10-06 00:00:00+00:00,25.443888,14.466667,0.4174722,Central Kalimantan
2022-10-07 00:00:00+00:00,25.743196,14.866668,0.41481948,Central Kalimantan
2022-10-08 00:00:00+00:00,24.83139,15.966667,0.41487503,Central Kalimantan
2022-10-09 00:00:00+00:00,24.534164,27.866669,0.4173611,Central Kalimantan
2022-10-10 00:00:00+00:00,25.119583,41.1,0.4175556,Central Kalimantan
2022-10-11 00:00:00+00:00,25.296667,10.866666,0.41976392,Central Kalimantan
2022-10-12 00:00:00+00:00,25.736252,24.266668,0.41730556,Central Kalimantan
2022-10-13 00:00:00+00:00,25.00361,19.200003,0.41913888,Central Kalimantan
2022-10-14 00:00:00+00:00,25.994583,13.2,0.4162639,Central Kalimantan
2022-10-15 00:00:00+00:00,25.555002,18.6,0.41830564,Central Kalimantan
2022-10-16 00:00:00+00:00,25.958475,28.433334,0.41495836,Central Kalimantan
2022-10-17 00:00:00+00:00,25.370277,19.333334,0.41262498,Central Kalimantan
2022-10-18 00:00:00+00:00,25.322363,28.266668,0.41484722,Central Kalimantan
2022-10-19 00:00:00+00:00,25.386251,17.833334,0.4226389,Central Kalimantan
2022-10-20 00:00:00+00:00,26.187637,24.6,0.42329168,Central Kalimantan
2022-10-21 00:00:00+00:00,25.725832,18.733335,0.42566666,Central Kalimantan
2022-10-22 00:00:00+00:00,26.058474,10.466666,0.42237496,Central Kalimantan
2022-10-23 00:00:00+00:00,26.532778,6.8000007,0.41530558,Central Kalimantan
2022-10-24 00:00:00+00:00,25.725832,15.8,0.40755558,Central Kalimantan
2022-10-25 00:00:00+00:00,25.96403,12.5,0.40345836,Central Kalimantan
2022-10-26 00:00:00+00:00,24.895279,15.933333,0.40355554,Central Kalimantan
2022-10-27 00:00:00+00:00,25.64389,6.0,0.4068056,Central Kalimantan
2022-10-28 00:00:00+00:00,25.861246,7.5000005,0.40258336,Central Kalimantan
2022-10-29 00:00:00+00:00,26.307083,2.7666667,0.3967917,Central Kalimantan
2022-10-30 00:00:00+00:00,26.881388,1.1333333,0.39006945,Central Kalimantan
2022-10-31 00:00:00+00:00,26.689026,4.6,0.3828194,Central Kalimantan
2022-11-01 00:00:00+00:00,26.319582,8.033334,0.37631944,Central Kalimantan
2022-11-02 00:00:00+00:00,26.606392,4.1,0.37225,Central Kalimantan
2022-11-03 00:00:00+00:00,26.373056,25.066664,0.37368056,Central Kalimantan
2022-11-04 00:00:00+00:00,25.660555,9.366667,0.37613884,Central Kalimantan
2022-11-05 00:00:00+00:00,26.414724,33.433334,0.3821528,Central Kalimantan
2022-11-06 00:00:00+00:00,25.425833,31.366669,0.3929305,Central Kalimantan
2022-11-07 00:00:00+00:00,26.133474,8.766666,0.39373612,Central Kalimantan
2022-11-08 00:00:00+00:00,26.566809,6.966667,0.3902084,Central Kalimantan
2022-11-09 00:00:00+00:00,26.259169,6.6666665,0.38688898,Central Kalimantan
2022-11-10 00:00:00+00:00,26.082779,12.933334,0.38195837,Central Kalimantan
2022-11-11 00:00:00+00:00,25.76264,17.733334,0.38129166,Central Kalimantan
2022-11-12 00:00:00+00:00,25.869583,14.8,0.38462496,Central Kalimantan
2022-11-13 00:00:00+00:00,26.168196,13.5666685,0.39068055,Central Kalimantan
2022-11-14 00:00:00+00:00,25.670973,9.033333,0.40258333,Central Kalimantan
2022-11-15 00:00:00+00:00,26.519585,5.433334,0.4019444,Central Kalimantan
2022-11-16 00:00:00+00:00,27.13,8.633332,0.39909723,Central Kalimantan
2022-11-17 00:00:00+00:00,26.460556,17.966667,0.39576387,Central Kalimantan
2022-11-18 00:00:00+00:00,24.882086,18.699999,0.40058336,Central Kalimantan
2022-11-19 00:00:00+00:00,26.35153,12.166667,0.40330556,Central Kalimantan
2022-11-20 00:00:00+00:00,26.719584,1.8000001,0.4024166,Central Kalimantan
2022-11-21 00:00:00+00:00,26.807775,7.366667,0.3980972,Central Kalimantan
2022-11-22 00:00:00+00:00,26.708473,2.266667,0.3930695,Central Kalimantan
2022-11-23 00:00:00+00:00,27.18764,3.4666665,0.38695836,Central Kalimantan
2022-11-24 00:00:00+00:00,26.452225,12.7,0.38122225,Central Kalimantan
2022-11-25 00:00:00+00:00,26.435556,13.366666,0.37631938,Central Kalimantan
2022-11-26 00:00:00+00:00,25.63,9.2,0.373875,Central Kalimantan
2022-11-27 00:00:00+00:00,27.234861,9.0,0.3709028,Central Kalimantan
2022-11-28 00:00:00+00:00,26.462639,23.0,0.37,Central Kalimantan
2022-11-29 00:00:00+00:00,25.683472,29.200003,0.37591663,Central Kalimantan
2022-11-30 00:00:00+00:00,26.583471,4.4,0.38037494,Central Kalimantan
2022-12-01 00:00:00+00:00,25.580696,14.766667,0.38330555,Central Kalimantan
2022-12-02 00:00:00+00:00,26.149445,9.000001,0.38518056,Central Kalimantan
2022-12-03 00:00:00+00:00,25.636248,6.2999997,0.38904163,Central Kalimantan
2022-12-04 00:00:00+00:00,26.27861,14.9333315,0.38868058,Central Kalimantan
2022-12-05 00:00:00+00:00,25.73278,22.233332,0.39523613,Central Kalimantan
2022-12-06 00:00:00+00:00,26.07514,18.199999,0.40533337,Central Kalimantan
2022-12-07 00:00:00+00:00,25.886251,7.6999993,0.41137496,Central Kalimantan
2022-12-08 00:00:00+00:00,26.016806,4.133333,0.4090972,Central Kalimantan
2022-12-09 00:00:00+00:00,26.324448,4.9666667,0.40579173,Central Kalimantan
2022-12-10 00:00:00+00:00,25.740416,3.8999999,0.40195832,Central Kalimantan
2022-12-11 00:00:00+00:00,27.089724,0.96666664,0.3972917,Central Kalimantan
2022-12-12 00:00:00+00:00,27.189028,7.6333337,0.39104164,Central Kalimantan
2022-12-13 00:00:00+00:00,25.834167,14.100001,0.3844861,Central Kalimantan
2022-12-14 00:00:00+00:00,25.547363,17.133335,0.38131943,Central Kalimantan
2022-12-15 00:00:00+00:00,25.480692,30.933334,0.39083335,Central Kalimantan
2022-12-16 00:00:00+00:00,25.259165,10.433333,0.39713892,Central Kalimantan
2022-12-17 00:00:00+00:00,25.705696,4.7333336,0.39987496,Central Kalimantan
2022-12-18 00:00:00+00:00,26.205002,4.0333333,0.39841664,Central Kalimantan
2022-12-19 00:00:00+00:00,26.556389,3.5,0.3950834,Central Kalimantan
2022-12-20 00:00:00+00:00,26.965416,8.566667,0.39184725,Central Kalimantan
2022-12-21 00:00:00+00:00,27.037642,3.3666666,0.38761106,Central Kalimantan
2022-12-22 00:00:00+00:00,26.694586,9.966667,0.38248613,Central Kalimantan
2022-12-23 00:00:00+00:00,25.207085,4.5666666,0.3789722,Central Kalimantan
2022-12-24 00:00:00+00:00,25.965418,0.0,0.37618056,Central Kalimantan
2022-12-25 00:00:00+00:00,26.58903,1.2666668,0.37265274,Central Kalimantan
2022-12-26 00:00:00+00:00,26.218887,11.3,0.3686528,Central Kalimantan
2022-12-27 00:00:00+00:00,26.38486,0.90000004,0.36338893,Central Kalimantan
2022-12-28 00:00:00+00:00,26.81611,1.7333332,0.35913888,Central Kalimantan
2022-12-29 00:00:00+00:00,26.597364,2.2666667,0.35475,Central Kalimantan
2022-12-30 00:00:00+00:00,26.660559,0.26666668,0.34949994,Central Kalimantan
2022-12-31 00:00:00+00:00,27.529999,0.0,0.34437504,Central Kalimantan
2023-01-01 00:00:00+00:00,27.859169,0.1,0.33870837,Central Kalimantan
2023-01-02 00:00:00+00:00,27.452225,1.6999999,0.33390275,Central Kalimantan
2023-01-03 00:00:00+00:00,26.731392,2.3666666,0.32979164,Central Kalimantan
2023-01-04 00:00:00+00:00,27.08,2.2,0.32522222,Central Kalimantan
2023-01-05 00:00:00+00:00,26.302223,4.9000006,0.320125,Central Kalimantan
2023-01-06 00:00:00+00:00,26.084862,12.5666685,0.31611106,Central Kalimantan
2023-01-07 00:00:00+00:00,26.667501,11.900001,0.3121667,Central Kalimantan
2023-01-08 00:00:00+00:00,25.318193,8.5,0.3108472,Central Kalimantan
2023-01-09 00:00:00+00:00,25.72375,15.033333,0.31124997,Central Kalimantan
2023-01-10 00:00:00+00:00,25.684166,4.6333337,0.31100002,Central Kalimantan
2023-01-11 00:00:00+00:00,25.627222,4.133333,0.3099306,Central Kalimantan
2023-01-12 00:00:00+00:00,25.884169,4.9,0.30938885,Central Kalimantan
2023-01-13 00:00:00+00:00,26.758474,1.5666666,0.30790272,Central Kalimantan
2023-01-14 00:00:00+00:00,26.671667,3.8,0.3067222,Central Kalimantan
2023-01-15 00:00:00+00:00,27.709862,0.3,0.305125,Central Kalimantan
2023-01-16 00:00:00+00:00,27.41958,1.7000002,0.30183336,Central Kalimantan
2023-01-17 00:00:00+00:00,26.80639,11.799999,0.29770836,Central Kalimantan
2023-01-18 00:00:00+00:00,24.978613,10.766667,0.29690278,Central Kalimantan
2023-01-19 00:00:00+00:00,25.80639,14.0,0.2997361,Central Kalimantan
2023-01-20 00:00:00+00:00,25.682085,12.833333,0.30473608,Central Kalimantan
2023-01-21 00:00:00+00:00,25.801529,9.5,0.31756943,Central Kalimantan
2023-01-22 00:00:00+00:00,25.941114,9.8,0.32388893,Central Kalimantan
2023-01-23 00:00:00+00:00,25.64875,7.3999996,0.3298194,Central Kalimantan
2023-01-24 00:00:00+00:00,25.61611,20.866667,0.33702776,Central Kalimantan
2023-01-25 00:00:00+00:00,24.975836,23.699997,0.3576111,Central Kalimantan
2023-01-26 00:00:00+00:00,25.123056,22.266665,0.37493053,Central Kalimantan
2023-01-27 00:00:00+00:00,25.618889,7.8000007,0.37851384,Central Kalimantan
2023-01-28 00:00:00+00:00,25.600836,13.3,0.37890276,Central Kalimantan
2023-01-29 00:00:00+00:00,25.828613,7.2333336,0.3787222,Central Kalimantan
2023-01-30 00:00:00+00:00,26.12028,6.8999996,0.37931943,Central Kalimantan
2023-01-31 00:00:00+00:00,26.005697,16.833334,0.38388887,Central Kalimantan
2023-02-01 00:00:00+00:00,25.87861,12.833333,0.3897917,Central Kalimantan
2023-02-02 00:00:00+00:00,24.946665,5.7333336,0.392625,Central Kalimantan
2023-02-03 00:00:00+00:00,26.079306,11.366666,0.3916528,Central Kalimantan
2023-02-04 00:00:00+00:00,26.1925,3.466667,0.3898195,Central Kalimantan
2023-02-05 00:00:00+00:00,26.91125,3.8666668,0.38630554,Central Kalimantan
2023-02-06 00:00:00+00:00,26.631392,3.0333335,0.38261104,Central Kalimantan
2023-02-07 00:00:00+00:00,27.320276,1.3666668,0.3786528,Central Kalimantan
2023-02-08 00:00:00+00:00,27.34875,5.8333335,0.3738056,Central Kalimantan
2023-02-09 00:00:00+00:00,27.134863,1.1666666,0.36940277,Central Kalimantan
2023-02-10 00:00:00+00:00,27.210556,11.633334,0.36418056,Central Kalimantan
2023-02-11 00:00:00+00:00,26.306387,26.233332,0.35887492,Central Kalimantan
2023-02-12 00:00:00+00:00,25.110556,33.666668,0.35958335,Central Kalimantan
2023-02-13 00:00:00+00:00,25.588333,3.8666668,0.37048617,Central Kalimantan
2023-02-14 00:00:00+00:00,26.501526,3.0666666,0.37140277,Central Kalimantan
2023-02-15 00:00:00+00:00,26.014029,5.9666667,0.36980557,Central Kalimantan
2023-02-16 00:00:00+00:00,26.662638,4.366667,0.36745834,Central Kalimantan
2023-02-17 00:00:00+00:00,27.020973,6.133333,0.36336115,Central Kalimantan
2023-02-18 00:00:00+00:00,27.989029,0.2,0.35820833,Central Kalimantan
2023-02-19 00:00:00+00:00,27.397362,4.7666664,0.3530139,Central Kalimantan
2023-02-20 00:00:00+00:00,25.80986,15.3,0.34981942,Central Kalimantan
2023-02-21 00:00:00+00:00,26.182083,12.733334,0.3486667,Central Kalimantan
2023-02-22 00:00:00+00:00,25.698057,22.566668,0.3484722,Central Kalimantan
2023-02-23 00:00:00+00:00,26.735556,5.866667,0.35484722,Central Kalimantan
2023-02-24 00:00:00+00:00,25.645973,27.333334,0.36133334,Central Kalimantan
2023-02-25 00:00:00+00:00,25.44111,16.6,0.36281943,Central Kalimantan
2023-02-26 00:00:00+00:00,25.522362,6.466667,0.36730555,Central Kalimantan
2023-02-27 00:00:00+00:00,26.148056,16.133333,0.37341675,Central Kalimantan
2023-02-28 00:00:00+00:00,24.92375,17.366667,0.37977782,Central Kalimantan
2023-03-01 00:00:00+00:00,24.717499,13.466667,0.3932778,Central Kalimantan
2023-03-02 00:00:00+00:00,26.08139,3.2333336,0.4000833,Central Kalimantan
2023-03-03 00:00:00+00:00,26.309166,3.0666666,0.39637506,Central Kalimantan
2023-03-04 00:00:00+00:00,25.97653,13.500001,0.39322224,Central Kalimantan
2023-03-05 00:00:00+00:00,24.754305,18.266668,0.3928472,Central Kalimantan
2023-03-06 00:00:00+00:00,26.03139,4.366667,0.39297226,Central Kalimantan
2023-03-07 00:00:00+00:00,25.690416,10.733334,0.39301395,Central Kalimantan
2023-03-08 00:00:00+00:00,25.894583,5.7666664,0.3914167,Central Kalimantan
2023-03-09 00:00:00+00:00,25.670279,5.866667,0.39,Central Kalimantan
2023-03-10 00:00:00+00:00,25.607779,18.433334,0.39302778,Central Kalimantan
2023-03-11 00:00:00+00:00,25.19736,26.466667,0.40090284,Central Kalimantan
2023-03-12 00:00:00+00:00,25.15639,26.133331,0.4097083,Central Kalimantan
2023-03-13 00:00:00+00:00,25.196665,26.733332,0.40968058,Central Kalimantan
2023-03-14 00:00:00+00:00,24.937637,10.5666685,0.3995,Central Kalimantan
2023-03-15 00:00:00+00:00,25.747362,25.266668,0.40269446,Central Kalimantan
2023-03-16 00:00:00+00:00,25.80639,11.466666,0.39987502,Central Kalimantan
2023-03-17 00:00:00+00:00,25.630697,15.766667,0.39894447,Central Kalimantan
2023-03-18 00:00:00+00:00,25.520971,10.900001,0.39686108,Central Kalimantan
2023-03-19 00:00:00+00:00,25.91125,33.066666,0.3956944,Central Kalimantan
2023-03-20 00:00:00+00:00,24.30986,28.033333,0.4096111,Central Kalimantan
2023-03-21 00:00:00+00:00,26.781387,16.266668,0.4048195,Central Kalimantan
2023-03-22 00:00:00+00:00,25.568192,11.533334,0.40826383,Central Kalimantan
2023-03-23 00:00:00+00:00,26.036943,11.733334,0.40370834,Central Kalimantan
2023-03-24 00:00:00+00:00,25.779999,28.333334,0.40043056,Central Kalimantan
2023-03-25 00:00:00+00:00,25.69111,20.6,0.3990972,Central Kalimantan
2023-03-26 00:00:00+00:00,26.28625,11.666667,0.3996389,Central Kalimantan
2023-03-27 00:00:00+00:00,26.150833,24.46667,0.40355554,Central Kalimantan
2023-03-28 00:00:00+00:00,26.279306,6.8999996,0.40826392,Central Kalimantan
2023-03-29 00:00:00+00:00,25.9925,28.166666,0.40480554,Central Kalimantan
2023-03-30 00:00:00+00:00,25.58764,18.933334,0.40565276,Central Kalimantan
2023-03-31 00:00:00+00:00,25.055002,12.233333,0.407125,Central Kalimantan
2023-04-01 00:00:00+00:00,25.452917,6.7000003,0.40556946,Central Kalimantan
2023-04-02 00:00:00+00:00,25.67375,20.166666,0.40004167,Central Kalimantan
2023-04-03 00:00:00+00:00,26.034166,7.466667,0.39673612,Central Kalimantan
2023-04-04 00:00:00+00:00,25.636946,4.2333336,0.39284727,Central Kalimantan
2023-04-05 00:00:00+00:00,26.170975,4.9333334,0.38772216,Central Kalimantan
2023-04-06 00:00:00+00:00,25.666803,16.400002,0.38279167,Central Kalimantan
2023-04-07 00:00:00+00:00,26.277224,3.1666667,0.3788472,Central Kalimantan
2023-04-08 00:00:00+00:00,26.66542,5.2000003,0.37525007,Central Kalimantan
2023-04-09 00:00:00+00:00,27.250834,4.233333,0.37040278,Central Kalimantan
2023-04-10 00:00:00+00:00,26.276527,5.933333,0.36590275,Central Kalimantan
2023-04-11 00:00:00+00:00,27.35639,0.4666667,0.36093056,Central Kalimantan
2023-04-12 00:00:00+00:00,27.795973,3.2666667,0.35497215,Central Kalimantan
2023-04-13 00:00:00+00:00,27.574446,4.6666665,0.34991667,Central Kalimantan
2023-04-14 00:00:00+00:00,26.948751,6.3333335,0.34455553,Central Kalimantan
2023-04-15 00:00:00+00:00,26.559168,13.733334,0.33880556,Central Kalimantan
2023-04-16 00:00:00+00:00,26.134863,5.566666,0.3349861,Central Kalimantan
2023-04-17 00:00:00+00:00,26.438334,7.6333337,0.33380556,Central Kalimantan
2023-04-18 00:00:00+00:00,27.296667,5.8999996,0.33309725,Central Kalimantan
2023-04-19 00:00:00+00:00,26.750834,4.4999995,0.32922223,Central Kalimantan
2023-04-20 00:00:00+00:00,25.950834,16.000002,0.32759723,Central Kalimantan
2023-04-21 00:00:00+00:00,27.180002,4.9,0.32890275,Central Kalimantan
2023-04-22 00:00:00+00:00,26.609861,10.666668,0.3291528,Central Kalimantan
2023-04-23 00:00:00+00:00,27.248056,22.066668,0.3284861,Central Kalimantan
2023-04-24 00:00:00+00:00,26.244583,17.300001,0.32743058,Central Kalimantan
2023-04-25 00:00:00+00:00,26.573053,4.0,0.32627773,Central Kalimantan
2023-04-26 00:00:00+00:00,26.45639,14.100001,0.3255278,Central Kalimantan
2023-04-27 00:00:00+00:00,26.862638,5.2000003,0.32438886,Central Kalimantan
2023-04-28 00:00:00+00:00,25.765417,30.800001,0.32561108,Central Kalimantan
2023-04-29 00:00:00+00:00,26.087639,7.566667,0.32765272,Central Kalimantan
2023-04-30 00:00:00+00:00,26.469584,19.599998,0.33037505,Central Kalimantan
2023-05-01 00:00:00+00:00,27.205696,8.166667,0.33545837,Central Kalimantan
2023-05-02 00:00:00+00:00,26.958473,10.2,0.33930555,Central Kalimantan
2023-05-03 00:00:00+00:00,27.210558,7.7333336,0.33963892,Central Kalimantan
2023-05-04 00:00:00+00:00,27.06125,13.133334,0.33936116,Central Kalimantan
2023-05-05 00:00:00+00:00,27.426529,7.6666665,0.3387778,Central Kalimantan
2023-05-06 00:00:00+00:00,27.30361,8.099999,0.33602777,Central Kalimantan
2023-05-07 00:00:00+00:00,26.949442,24.766668,0.33276388,Central Kalimantan
2023-05-08 00:00:00+00:00,26.760557,4.9666667,0.33456945,Central Kalimantan
2023-05-09 00:00:00+00:00,25.930002,17.633333,0.34098613,Central Kalimantan
2023-05-10 00:00:00+00:00,26.230001,2.2666667,0.34819445,Central Kalimantan
2023-05-11 00:00:00+00:00,28.638336,0.06666667,0.3488611,Central Kalimantan
2023-05-12 00:00:00+00:00,28.460556,1.8666667,0.3462639,Central Kalimantan
2023-05-13 00:00:00+00:00,26.436249,10.900002,0.3437778,Central Kalimantan
2023-05-14 00:00:00+00:00,26.944586,0.6666667,0.34147218,Central Kalimantan
2023-05-15 00:00:00+00:00,27.56472,0.033333335,0.33865285,Central Kalimantan
2023-05-16 00:00:00+00:00,27.580696,0.43333337,0.3359028,Central Kalimantan
2023-05-17 00:00:00+00:00,27.52167,2.6666667,0.33402777,Central Kalimantan
2023-05-18 00:00:00+00:00,26.677225,9.966666,0.33176392,Central Kalimantan
2023-05-19 00:00:00+00:00,26.275835,7.2000003,0.32865277,Central Kalimantan
2023-05-20 00:00:00+00:00,27.052223,1.4333334,0.3256666,Central Kalimantan
2023-05-21 00:00:00+00:00,27.66889,1.4333334,0.32273608,Central Kalimantan
2023-05-22 00:00:00+00:00,27.625832,0.8,0.31975,Central Kalimantan
2023-05-23 00:00:00+00:00,27.874449,0.4,0.31673607,Central Kalimantan
2023-05-24 00:00:00+00:00,27.830002,0.36666667,0.31288892,Central Kalimantan
2023-05-25 00:00:00+00:00,27.78625,0.9666667,0.310125,Central Kalimantan
2023-05-26 00:00:00+00:00,27.526527,4.7333336,0.30766666,Central Kalimantan
2023-05-27 00:00:00+00:00,27.484167,4.6333337,0.30519447,Central Kalimantan
2023-05-28 00:00:00+00:00,28.05778,0.36666667,0.30173612,Central Kalimantan
2023-05-29 00:00:00+00:00,28.088333,1.2666668,0.29775003,Central Kalimantan
2023-05-30 00:00:00+00:00,27.725138,2.1000001,0.29380557,Central Kalimantan
2023-05-31 00:00:00+00:00,28.030005,1.0333334,0.2906944,Central Kalimantan
2023-06-01 00:00:00+00:00,28.252914,0.90000004,0.28676388,Central Kalimantan
2023-06-02 00:00:00+00:00,28.47167,2.6666667,0.28287503,Central Kalimantan
2023-06-03 00:00:00+00:00,27.024445,17.833334,0.28051388,Central Kalimantan
2023-06-04 00:00:00+00:00,25.783472,24.266668,0.2802639,Central Kalimantan
2023-06-05 00:00:00+00:00,25.460556,10.466666,0.2843611,Central Kalimantan
2023-06-06 00:00:00+00:00,26.335556,11.166668,0.28954166,Central Kalimantan
2023-06-07 00:00:00+00:00,26.157084,5.766667,0.2909028,Central Kalimantan
2023-06-08 00:00:00+00:00,26.8175,2.8000002,0.2929583,Central Kalimantan
2023-06-09 00:00:00+00:00,27.209167,0.4,0.29305553,Central Kalimantan
2023-06-10 00:00:00+00:00,27.500834,0.6333334,0.29147223,Central Kalimantan
2023-06-11 00:00:00+00:00,27.20292,20.766665,0.2889305,Central Kalimantan
2023-06-12 00:00:00+00:00,26.490417,12.7,0.28872225,Central Kalimantan
2023-06-13 00:00:00+00:00,26.999445,9.7,0.29004166,Central Kalimantan
2023-06-14 00:00:00+00:00,25.710556,26.033335,0.2965139,Central Kalimantan
2023-06-15 00:00:00+00:00,24.940416,10.433333,0.31631947,Central Kalimantan
2023-06-16 00:00:00+00:00,25.481392,11.166667,0.3254722,Central Kalimantan
2023-06-17 00:00:00+00:00,26.732084,2.3999999,0.33441663,Central Kalimantan
2023-06-18 00:00:00+00:00,26.658476,8.033334,0.33643058,Central Kalimantan
2023-06-19 00:00:00+00:00,26.226532,26.433334,0.341375,Central Kalimantan
2023-06-20 00:00:00+00:00,25.380697,0.6333334,0.356375,Central Kalimantan
2023-06-21 00:00:00+00:00,27.167501,1.7666668,0.35890284,Central Kalimantan
2023-06-22 00:00:00+00:00,27.468195,0.1,0.3580416,Central Kalimantan
2023-06-23 00:00:00+00:00,26.856386,2.3999999,0.3562777,Central Kalimantan
2023-06-24 00:00:00+00:00,27.04875,0.6666667,0.35445842,Central Kalimantan
2023-06-25 00:00:00+00:00,27.421667,0.3,0.35131946,Central Kalimantan
2023-06-26 00:00:00+00:00,27.268888,0.6,0.34758326,Central Kalimantan
2023-06-27 00:00:00+00:00,27.193197,0.2,0.34075007,Central Kalimantan
2023-06-28 00:00:00+00:00,27.790419,0.1,0.33411112,Central Kalimantan
2023-06-29 00:00:00+00:00,26.449448,13.866668,0.3306945,Central Kalimantan
2023-06-30 00:00:00+00:00,26.313334,14.233334,0.32744443,Central Kalimantan
2023-07-01 00:00:00+00:00,26.08625,23.199999,0.3274167,Central Kalimantan
2023-07-02 00:00:00+00:00,24.305695,22.66667,0.3451111,Central Kalimantan
2023-07-03 00:00:00+00:00,25.41542,15.233333,0.36604166,Central Kalimantan
2023-07-04 00:00:00+00:00,25.88,7.1,0.3744723,Central Kalimantan
2023-07-05 00:00:00+00:00,26.572363,14.933333,0.37354162,Central Kalimantan
2023-07-06 00:00:00+00:00,25.714722,25.199997,0.3745,Central Kalimantan
2023-07-07 00:00:00+00:00,24.770273,43.966663,0.39268053,Central Kalimantan
2023-07-08 00:00:00+00:00,25.40986,4.5,0.40006948,Central Kalimantan
2023-07-09 00:00:00+00:00,26.493195,8.466667,0.39775,Central Kalimantan
2023-07-10 00:00:00+00:00,26.604307,10.1,0.39495835,Central Kalimantan
2023-07-11 00:00:00+00:00,26.546667,1.8666668,0.39333332,Central Kalimantan
2023-07-12 00:00:00+00:00,26.955002,0.33333334,0.38904163,Central Kalimantan
2023-07-13 00:00:00+00:00,26.391113,2.5666666,0.38519445,Central Kalimantan
2023-07-14 00:00:00+00:00,25.10153,20.300001,0.38338885,Central Kalimantan
2023-07-15 00:00:00+00:00,25.051527,19.999998,0.38866675,Central Kalimantan
2023-07-16 00:00:00+00:00,25.752916,3.1999998,0.3955001,Central Kalimantan
2023-07-17 00:00:00+00:00,26.808472,0.26666668,0.3942639,Central Kalimantan
2023-07-18 00:00:00+00:00,27.375834,0.36666667,0.39118055,Central Kalimantan
2023-07-19 00:00:00+00:00,26.698751,4.2999997,0.38815275,Central Kalimantan
2023-07-20 00:00:00+00:00,25.199448,16.633333,0.3853611,Central Kalimantan
2023-07-21 00:00:00+00:00,25.261946,6.5333333,0.38894448,Central Kalimantan
2023-07-22 00:00:00+00:00,26.568888,0.8666668,0.38915277,Central Kalimantan
2023-07-23 00:00:00+00:00,27.026525,0.5,0.38583326,Central Kalimantan
2023-07-24 00:00:00+00:00,26.418198,1.8666667,0.38175,Central Kalimantan
2023-07-25 00:00:00+00:00,27.129303,0.0,0.37773612,Central Kalimantan
2023-07-26 00:00:00+00:00,26.831388,0.13333334,0.37279168,Central Kalimantan
2023-07-27 00:00:00+00:00,26.83903,0.06666667,0.3671944,Central Kalimantan
2023-07-28 00:00:00+00:00,26.552223,0.6,0.36266664,Central Kalimantan
2023-07-29 00:00:00+00:00,26.802223,0.1,0.35875,Central Kalimantan
2023-07-30 00:00:00+00:00,26.657778,0.73333335,0.3545833,Central Kalimantan
2023-07-31 00:00:00+00:00,27.389029,0.6333334,0.35027775,Central Kalimantan
2023-08-01 00:00:00+00:00,27.682783,1.5000001,0.34505558,Central Kalimantan
2023-08-02 00:00:00+00:00,26.541113,1.9666667,0.33976385,Central Kalimantan
2023-08-03 00:00:00+00:00,27.72792,0.033333335,0.33450004,Central Kalimantan
2023-08-04 00:00:00+00:00,27.47236,0.29999998,0.32979167,Central Kalimantan
2023-08-05 00:00:00+00:00,26.982775,8.466666,0.32619447,Central Kalimantan
2023-08-06 00:00:00+00:00,26.234861,5.233333,0.32280555,Central Kalimantan
2023-08-07 00:00:00+00:00,26.400835,4.1,0.31631953,Central Kalimantan
2023-08-08 00:00:00+00:00,27.261946,0.43333337,0.31008336,Central Kalimantan
2023-08-09 00:00:00+00:00,27.023056,0.4666667,0.3058333,Central Kalimantan
2023-08-10 00:00:00+00:00,27.001528,0.23333333,0.30230555,Central Kalimantan
2023-08-11 00:00:00+00:00,26.414026,0.0,0.2995833,Central Kalimantan
2023-08-12 00:00:00+00:00,26.736948,0.0,0.2972223,Central Kalimantan
2023-08-13 00:00:00+00:00,27.204306,0.0,0.29337502,Central Kalimantan
2023-08-14 00:00:00+00:00,27.497362,0.06666667,0.29027775,Central Kalimantan
2023-08-15 00:00:00+00:00,27.389723,0.1,0.2873611,Central Kalimantan
2023-08-16 00:00:00+00:00,27.686249,0.033333335,0.28386113,Central Kalimantan
2023-08-17 00:00:00+00:00,27.480692,0.43333337,0.28093058,Central Kalimantan
2023-08-18 00:00:00+00:00,27.538336,0.90000004,0.2790972,Central Kalimantan
2023-08-19 00:00:00+00:00,28.19111,0.23333335,0.2768611,Central Kalimantan
2023-08-20 00:00:00+00:00,28.077919,0.33333334,0.27436116,Central Kalimantan
2023-08-21 00:00:00+00:00,28.27445,0.4,0.27266666,Central Kalimantan
2023-08-22 00:00:00+00:00,28.135557,2.0666668,0.27072224,Central Kalimantan
2023-08-23 00:00:00+00:00,26.563334,10.366666,0.26938894,Central Kalimantan
2023-08-24 00:00:00+00:00,27.079306,12.466666,0.26668054,Central Kalimantan
2023-08-25 00:00:00+00:00,26.570976,8.500001,0.26202777,Central Kalimantan
2023-08-26 00:00:00+00:00,27.323751,1.0,0.25863895,Central Kalimantan
2023-08-27 00:00:00+00:00,27.14875,1.1333333,0.25630555,Central Kalimantan
2023-08-28 00:00:00+00:00,27.685556,0.6333334,0.25345835,Central Kalimantan
2023-08-29 00:00:00+00:00,27.71125,0.86666673,0.25098607,Central Kalimantan
2023-08-30 00:00:00+00:00,27.87722,0.53333336,0.24913889,Central Kalimantan
2023-08-31 00:00:00+00:00,27.943193,0.43333337,0.246875,Central Kalimantan
2023-09-01 00:00:00+00:00,27.767502,0.23333335,0.24456944,Central Kalimantan
2023-09-02 00:00:00+00:00,27.607084,0.0,0.2446111,Central Kalimantan
2023-09-03 00:00:00+00:00,27.691805,0.06666667,0.24334723,Central Kalimantan
2023-09-04 00:00:00+00:00,27.82514,0.13333334,0.2438611,Central Kalimantan
2023-09-05 00:00:00+00:00,27.661943,14.099999,0.2444305,Central Kalimantan
2023-09-06 00:00:00+00:00,26.696669,11.466667,0.24288888,Central Kalimantan
2023-09-07 00:00:00+00:00,26.24736,3.3333333,0.24290271,Central Kalimantan
2023-09-08 00:00:00+00:00,27.445276,0.4333333,0.24284716,Central Kalimantan
2023-09-09 00:00:00+00:00,28.137636,0.06666667,0.24123614,Central Kalimantan
2023-09-10 00:00:00+00:00,28.267502,0.0,0.24038894,Central Kalimantan
2023-09-11 00:00:00+00:00,27.074446,4.433333,0.23912506,Central Kalimantan
2023-09-12 00:00:00+00:00,26.430002,5.2000003,0.24086113,Central Kalimantan
2023-09-13 00:00:00+00:00,27.641806,1.3666667,0.24144441,Central Kalimantan
2023-09-14 00:00:00+00:00,27.823751,1.5999999,0.24044444,Central Kalimantan
2023-09-15 00:00:00+00:00,27.730698,1.5,0.23866661,Central Kalimantan
2023-09-16 00:00:00+00:00,27.766111,4.066666,0.23756945,Central Kalimantan
2023-09-17 00:00:00+00:00,26.120974,14.499999,0.23719442,Central Kalimantan
2023-09-18 00:00:00+00:00,27.223755,7.7999997,0.23665275,Central Kalimantan
2023-09-19 00:00:00+00:00,27.594584,2.9000003,0.23533334,Central Kalimantan
2023-09-20 00:00:00+00:00,27.398752,0.16666667,0.23343055,Central Kalimantan
2023-09-21 00:00:00+00:00,27.515417,0.3,0.23219447,Central Kalimantan
2023-09-22 00:00:00+00:00,27.2425,0.26666668,0.23054165,Central Kalimantan
2023-09-23 00:00:00+00:00,27.79528,0.0,0.22947223,Central Kalimantan
2023-09-24 00:00:00+00:00,28.20153,1.4666667,0.22848606,Central Kalimantan
2023-09-25 00:00:00+00:00,28.052225,0.33333334,0.22751386,Central Kalimantan
2023-09-26 00:00:00+00:00,28.286947,0.13333334,0.22704168,Central Kalimantan
2023-09-27 00:00:00+00:00,28.702917,1.5666666,0.22533338,Central Kalimantan
2023-09-28 00:00:00+00:00,28.97931,0.26666668,0.22433335,Central Kalimantan
2023-09-29 00:00:00+00:00,28.489725,0.33333334,0.22330557,Central Kalimantan
2023-09-30 00:00:00+00:00,28.381388,0.0,0.22143054,Central Kalimantan
2023-10-01 00:00:00+00:00,28.088333,0.0,0.22009723,Central Kalimantan
2023-10-02 00:00:00+00:00,28.661253,0.033333335,0.21881948,Central Kalimantan
2023-10-03 00:00:00+00:00,28.777224,0.4666667,0.21918054,Central Kalimantan
2023-10-04 00:00:00+00:00,29.205002,1.8333334,0.22066666,Central Kalimantan
2023-10-05 00:00:00+00:00,28.465418,1.7000002,0.22148617,Central Kalimantan
2023-10-06 00:00:00+00:00,28.873056,0.56666666,0.22127779,Central Kalimantan
2023-10-07 00:00:00+00:00,29.302223,7.2000003,0.21909724,Central Kalimantan
2023-10-08 00:00:00+00:00,27.139725,15.166668,0.21633339,Central Kalimantan
2023-10-09 00:00:00+00:00,26.767502,11.466667,0.21479161,Central Kalimantan
2023-10-10 00:00:00+00:00,27.730698,0.36666667,0.21479164,Central Kalimantan
2023-10-11 00:00:00+00:00,28.265417,0.33333334,0.21469443,Central Kalimantan
2023-10-12 00:00:00+00:00,28.509165,0.26666668,0.21490276,Central Kalimantan
2023-10-13 00:00:00+00:00,28.00014,2.4333334,0.21440275,Central Kalimantan
2023-10-14 00:00:00+00:00,28.141115,23.1,0.21361113,Central Kalimantan
2023-10-15 00:00:00+00:00,28.18972,2.8000002,0.21169443,Central Kalimantan
2023-10-16 00:00:00+00:00,28.650833,8.033334,0.21020837,Central Kalimantan
2023-10-17 00:00:00+00:00,27.959167,16.566668,0.20815279,Central Kalimantan
2023-10-18 00:00:00+00:00,26.094584,24.333334,0.21195833,Central Kalimantan
2023-10-19 00:00:00+00:00,25.733473,13.033334,0.22201385,Central Kalimantan
2023-10-20 00:00:00+00:00,26.54875,6.1000004,0.22502775,Central Kalimantan
2023-10-21 00:00:00+00:00,27.50361,9.866667,0.22736107,Central Kalimantan
2023-10-22 00:00:00+00:00,26.652224,3.3666668,0.23381944,Central Kalimantan
2023-10-23 00:00:00+00:00,26.868195,17.533335,0.23916662,Central Kalimantan
2023-10-24 00:00:00+00:00,25.766806,6.2999997,0.24926387,Central Kalimantan
2023-10-25 00:00:00+00:00,27.211945,5.266667,0.2575139,Central Kalimantan
2023-10-26 00:00:00+00:00,27.103613,1.4,0.25795832,Central Kalimantan
2023-10-27 00:00:00+00:00,27.48139,6.633333,0.2563611,Central Kalimantan
2023-10-28 00:00:00+00:00,27.598747,1.6,0.25430557,Central Kalimantan
2023-10-29 00:00:00+00:00,27.98556,7.1,0.25352776,Central Kalimantan
2023-10-30 00:00:00+00:00,27.196669,8.366667,0.2523333,Central Kalimantan
2023-10-31 00:00:00+00:00,26.738333,6.533333,0.25215283,Central Kalimantan
2023-11-01 00:00:00+00:00,27.87514,1.5,0.25205556,Central Kalimantan
2023-11-02 00:00:00+00:00,27.386948,10.766666,0.25133336,Central Kalimantan
2023-11-03 00:00:00+00:00,25.566805,23.9,0.25429168,Central Kalimantan
2023-11-04 00:00:00+00:00,26.485558,12.733334,0.26998615,Central Kalimantan
2023-11-05 00:00:00+00:00,27.039724,20.866667,0.27830553,Central Kalimantan
2023-11-06 00:00:00+00:00,26.800138,5.633333,0.28402779,Central Kalimantan
2023-11-07 00:00:00+00:00,27.103613,5.966667,0.28615275,Central Kalimantan
2023-11-08 00:00:00+00:00,27.259863,4.1333327,0.28690276,Central Kalimantan
2023-11-09 00:00:00+00:00,26.650137,2.9666665,0.28872225,Central Kalimantan
2023-11-10 00:00:00+00:00,27.620277,1.6,0.28975,Central Kalimantan
2023-11-11 00:00:00+00:00,26.89736,12.5,0.28923604,Central Kalimantan
2023-11-12 00:00:00+00:00,26.49736,23.966667,0.29308337,Central Kalimantan
2023-11-13 00:00:00+00:00,27.18139,4.4333334,0.29468057,Central Kalimantan
2023-11-14 00:00:00+00:00,28.052223,6.0000005,0.29459718,Central Kalimantan
2023-11-15 00:00:00+00:00,27.13764,7.5,0.29387495,Central Kalimantan
2023-11-16 00:00:00+00:00,26.136251,19.199999,0.29443055,Central Kalimantan
2023-11-17 00:00:00+00:00,25.950142,21.366669,0.29616666,Central Kalimantan
2023-11-18 00:00:00+00:00,26.865417,7.2000003,0.29838887,Central Kalimantan
2023-11-19 00:00:00+00:00,27.389719,7.6666665,0.29947224,Central Kalimantan
2023-11-20 00:00:00+00:00,27.782084,7.1,0.2989306,Central Kalimantan
2023-11-21 00:00:00+00:00,27.316109,11.433334,0.29881945,Central Kalimantan
2023-11-22 00:00:00+00:00,26.516113,25.699999,0.3060417,Central Kalimantan
2023-11-23 00:00:00+00:00,25.855001,13.733334,0.32059726,Central Kalimantan
2023-11-24 00:00:00+00:00,26.551529,26.699999,0.3297083,Central Kalimantan
2023-11-25 00:00:00+00:00,26.599447,6.8333335,0.3495278,Central Kalimantan
2023-11-26 00:00:00+00:00,25.741808,36.0,0.3668194,Central Kalimantan
2023-11-27 00:00:00+00:00,26.66403,2.4333334,0.37726393,Central Kalimantan
2023-11-28 00:00:00+00:00,26.127222,15.3,0.38052773,Central Kalimantan
2023-11-29 00:00:00+00:00,27.761946,2.4666665,0.38212505,Central Kalimantan
2023-11-30 00:00:00+00:00,26.771667,28.0,0.38,Central Kalimantan
2023-12-01 00:00:00+00:00,25.869585,28.333334,0.3905139,Central Kalimantan
2023-12-02 00:00:00+00:00,25.97236,14.833333,0.39980555,Central Kalimantan
2023-12-03 00:00:00+00:00,26.961946,18.199999,0.39793062,Central Kalimantan
2023-12-04 00:00:00+00:00,25.366114,16.666666,0.4022778,Central Kalimantan
2023-12-05 00:00:00+00:00,26.858475,3.8,0.40026394,Central Kalimantan
2023-12-06 00:00:00+00:00,27.250837,36.36667,0.3971528,Central Kalimantan
2023-12-07 00:00:00+00:00,24.86264,23.766668,0.4015417,Central Kalimantan
2023-12-08 00:00:00+00:00,27.15986,8.433333,0.40176392,Central Kalimantan
2023-12-09 00:00:00+00:00,26.468195,19.266668,0.4023056,Central Kalimantan
2023-12-10 00:00:00+00:00,26.198053,15.533333,0.4049861,Central Kalimantan
2023-12-11 00:00:00+00:00,26.650139,8.233333,0.40526387,Central Kalimantan
2023-12-12 00:00:00+00:00,26.35708,14.366666,0.4046805,Central Kalimantan
2023-12-13 00:00:00+00:00,26.520279,6.7333336,0.40020832,Central Kalimantan
2023-12-14 00:00:00+00:00,27.00361,16.333334,0.39561114,Central Kalimantan
2023-12-15 00:00:00+00:00,26.723059,2.2,0.3928889,Central Kalimantan
2023-12-16 00:00:00+00:00,27.597359,12.233334,0.39022216,Central Kalimantan
2023-12-17 00:00:00+00:00,26.495277,15.5666685,0.38655555,Central Kalimantan
2023-12-18 00:00:00+00:00,26.941809,5.8333335,0.38534722,Central Kalimantan
2023-12-19 00:00:00+00:00,26.44111,6.6333337,0.38408336,Central Kalimantan
2023-12-20 00:00:00+00:00,26.56611,19.033333,0.3825972,Central Kalimantan
2023-12-21 00:00:00+00:00,27.228613,4.6000004,0.38027778,Central Kalimantan
2023-12-22 00:00:00+00:00,27.439026,3.3666668,0.3769305,Central Kalimantan
2023-12-23 00:00:00+00:00,27.719584,1.9,0.37187505,Central Kalimantan
2023-12-24 00:00:00+00:00,26.835556,39.5,0.36899996,Central Kalimantan
2023-12-25 00:00:00+00:00,25.918196,3.8666668,0.36837494,Central Kalimantan
2023-12-26 00:00:00+00:00,26.77653,12.566666,0.36872223,Central Kalimantan
2023-12-27 00:00:00+00:00,26.539724,7.3333335,0.36908332,Central Kalimantan
2023-12-28 00:00:00+00:00,26.713333,12.333333,0.3683333,Central Kalimantan
2023-12-29 00:00:00+00:00,26.554998,19.4,0.36780557,Central Kalimantan
2023-12-30 00:00:00+00:00,26.97167,18.8,0.36987498,Central Kalimantan
2023-12-31 00:00:00+00:00,25.752916,25.733337,0.37108335,Central Kalimantan
2024-01-01 00:00:00+00:00,26.521667,16.133333,0.37641668,Central Kalimantan
2024-01-02 00:00:00+00:00,25.48278,18.700003,0.3925973,Central Kalimantan
2024-01-03 00:00:00+00:00,26.988333,11.633334,0.3972361,Central Kalimantan
2024-01-04 00:00:00+00:00,25.868889,23.733332,0.40701392,Central Kalimantan
2024-01-05 00:00:00+00:00,26.325834,6.166666,0.407625,Central Kalimantan
2024-01-06 00:00:00+00:00,26.364723,25.4,0.4040278,Central Kalimantan
2024-01-07 00:00:00+00:00,26.005697,12.966667,0.40763888,Central Kalimantan
2024-01-08 00:00:00+00:00,25.928612,21.4,0.40924993,Central Kalimantan
2024-01-09 00:00:00+00:00,26.723753,24.766668,0.40951395,Central Kalimantan
2024-01-10 00:00:00+00:00,27.088333,24.866667,0.40837502,Central Kalimantan
2024-01-11 00:00:00+00:00,26.311945,11.833335,0.40919444,Central Kalimantan
2024-01-12 00:00:00+00:00,26.371666,23.866667,0.4074167,Central Kalimantan
2024-01-13 00:00:00+00:00,25.804306,16.066666,0.40618053,Central Kalimantan
2024-01-14 00:00:00+00:00,26.368889,9.533333,0.4090278,Central Kalimantan
2024-01-15 00:00:00+00:00,26.085556,27.199999,0.4085,Central Kalimantan
2024-01-16 00:00:00+00:00,25.572363,28.033335,0.41118062,Central Kalimantan
2024-01-17 00:00:00+00:00,27.453613,6.9999995,0.40926388,Central Kalimantan
2024-01-18 00:00:00+00:00,26.155695,26.16667,0.40963888,Central Kalimantan
2024-01-19 00:00:00+00:00,25.18625,22.566666,0.41619444,Central Kalimantan
2024-01-20 00:00:00+00:00,26.027918,8.966667,0.41916665,Central Kalimantan
2024-01-21 00:00:00+00:00,27.264725,1.8333334,0.4135417,Central Kalimantan
2024-01-22 00:00:00+00:00,27.529306,2.8,0.40497223,Central Kalimantan
2024-01-23 00:00:00+00:00,27.073057,4.1666665,0.39572218,Central Kalimantan
2024-01-24 00:00:00+00:00,27.38833,5.8999996,0.38630557,Central Kalimantan
2024-01-25 00:00:00+00:00,27.415415,18.066668,0.3776944,Central Kalimantan
2024-01-26 00:00:00+00:00,26.453613,13.400002,0.37323615,Central Kalimantan
2024-01-27 00:00:00+00:00,26.832777,14.266666,0.3705139,Central Kalimantan
2024-01-28 00:00:00+00:00,26.205698,9.333334,0.37361112,Central Kalimantan
2024-01-29 00:00:00+00:00,26.873755,13.166667,0.37156948,Central Kalimantan
2024-01-30 00:00:00+00:00,26.13278,18.566668,0.36836115,Central Kalimantan
2024-01-31 00:00:00+00:00,26.46125,8.599999,0.36905554,Central Kalimantan
2024-02-01 00:00:00+00:00,27.18,7.8333335,0.36737502,Central Kalimantan
2024-02-02 00:00:00+00:00,26.544586,7.7666664,0.36525002,Central Kalimantan
2024-02-03 00:00:00+00:00,26.53903,11.900002,0.36466667,Central Kalimantan
2024-02-04 00:00:00+00:00,26.264723,21.666666,0.36931944,Central Kalimantan
2024-02-05 00:00:00+00:00,27.353613,2.2333333,0.3696389,Central Kalimantan
2024-02-06 00:00:00+00:00,27.197363,16.166666,0.3675278,Central Kalimantan
2024-02-07 00:00:00+00:00,26.350138,4.7999997,0.36458334,Central Kalimantan
2024-02-08 00:00:00+00:00,27.623056,6.3333335,0.36158326,Central Kalimantan
2024-02-09 00:00:00+00:00,26.663336,20.0,0.35923612,Central Kalimantan
2024-02-10 00:00:00+00:00,26.431389,12.7,0.36100003,Central Kalimantan
2024-02-11 00:00:00+00:00,25.9675,23.933334,0.36302778,Central Kalimantan
2024-02-12 00:00:00+00:00,26.070282,12.0666685,0.37163892,Central Kalimantan
2024-02-13 00:00:00+00:00,27.033476,3.8666668,0.37284723,Central Kalimantan
2024-02-14 00:00:00+00:00,27.845278,17.266666,0.37427783,Central Kalimantan
2024-02-15 00:00:00+00:00,27.017502,37.666664,0.3774722,Central Kalimantan
2024-02-16 00:00:00+00:00,26.673752,28.666666,0.38225004,Central Kalimantan
2024-02-17 00:00:00+00:00,25.939722,19.866669,0.37987497,Central Kalimantan
2024-02-18 00:00:00+00:00,26.66403,12.666667,0.3773333,Central Kalimantan
2024-02-19 00:00:00+00:00,27.241112,6.133333,0.3733472,Central Kalimantan
2024-02-20 00:00:00+00:00,26.985556,28.766665,0.37141672,Central Kalimantan
2024-02-21 00:00:00+00:00,25.451529,33.733334,0.37906945,Central Kalimantan
2024-02-22 00:00:00+00:00,26.352224,13.966667,0.38624993,Central Kalimantan
2024-02-23 00:00:00+00:00,26.584862,18.666668,0.385875,Central Kalimantan
2024-02-24 00:00:00+00:00,26.975836,34.2,0.38240278,Central Kalimantan
2024-02-25 00:00:00+00:00,26.096666,18.233334,0.3870833,Central Kalimantan
2024-02-26 00:00:00+00:00,26.604307,20.533335,0.39219448,Central Kalimantan
2024-02-27 00:00:00+00:00,27.232086,21.766665,0.40130553,Central Kalimantan
2024-02-28 00:00:00+00:00,26.518194,18.333334,0.4012917,Central Kalimantan
2024-02-29 00:00:00+00:00,26.691114,18.3,0.3993334,Central Kalimantan
2024-03-01 00:00:00+00:00,26.29111,33.5,0.3992083,Central Kalimantan
2024-03-02 00:00:00+00:00,26.598753,23.566668,0.40572217,Central Kalimantan
2024-03-03 00:00:00+00:00,26.650139,7.266667,0.40891662,Central Kalimantan
2024-03-04 00:00:00+00:00,27.248056,21.366669,0.41013885,Central Kalimantan
2024-03-05 00:00:00+00:00,26.509169,32.433334,0.41519442,Central Kalimantan
2024-03-06 00:00:00+00:00,26.649445,14.3,0.42065275,Central Kalimantan
2024-03-07 00:00:00+00:00,28.03903,13.166668,0.41400006,Central Kalimantan
2024-03-08 00:00:00+00:00,26.359861,24.4,0.41136107,Central Kalimantan
2024-03-09 00:00:00+00:00,26.127222,4.1333337,0.4140555,Central Kalimantan
2024-03-10 00:00:00+00:00,26.449446,5.7666664,0.41051388,Central Kalimantan
2024-03-11 00:00:00+00:00,27.003616,24.566668,0.4044167,Central Kalimantan
2024-03-12 00:00:00+00:00,26.380697,13.5,0.4028194,Central Kalimantan
2024-03-13 00:00:00+00:00,26.53,3.9666665,0.40009722,Central Kalimantan
2024-03-14 00:00:00+00:00,28.016113,0.033333335,0.39415273,Central Kalimantan
2024-03-15 00:00:00+00:00,28.316114,0.4666667,0.3861667,Central Kalimantan
2024-03-16 00:00:00+00:00,28.33486,0.23333333,0.37833333,Central Kalimantan
2024-03-17 00:00:00+00:00,27.902916,15.833333,0.37116668,Central Kalimantan
2024-03-18 00:00:00+00:00,26.271662,8.333333,0.3652083,Central Kalimantan
2024-03-19 00:00:00+00:00,27.888334,1.8333335,0.35906944,Central Kalimantan
2024-03-20 00:00:00+00:00,27.146666,17.666666,0.35625002,Central Kalimantan
2024-03-21 00:00:00+00:00,26.468195,15.966667,0.3501389,Central Kalimantan
2024-03-22 00:00:00+00:00,26.886948,4.7000003,0.34722224,Central Kalimantan
2024-03-23 00:00:00+00:00,27.443888,5.8333335,0.34443057,Central Kalimantan
2024-03-24 00:00:00+00:00,26.971666,27.433334,0.34416673,Central Kalimantan
2024-03-25 00:00:00+00:00,26.53625,31.16667,0.3518195,Central Kalimantan
2024-03-26 00:00:00+00:00,26.466112,21.4,0.3651111,Central Kalimantan
2024-03-27 00:00:00+00:00,25.93486,32.399998,0.38340273,Central Kalimantan
2024-03-28 00:00:00+00:00,26.195276,13.866668,0.39968058,Central Kalimantan
2024-03-29 00:00:00+00:00,27.727919,3.1666667,0.4011666,Central Kalimantan
2024-03-30 00:00:00+00:00,27.67375,15.833333,0.39738894,Central Kalimantan
2024-03-31 00:00:00+00:00,26.823751,22.466667,0.3953611,Central Kalimantan
2024-04-01 00:00:00+00:00,26.125137,12.366668,0.3974723,Central Kalimantan
2024-04-02 00:00:00+00:00,27.111944,15.899999,0.40119445,Central Kalimantan
2024-04-03 00:00:00+00:00,27.07028,22.0,0.40484717,Central Kalimantan
2024-04-04 00:00:00+00:00,26.638336,22.433334,0.40483335,Central Kalimantan
2024-04-05 00:00:00+00:00,26.90639,21.2,0.41413888,Central Kalimantan
2024-04-06 00:00:00+00:00,27.061249,11.666667,0.4172361,Central Kalimantan
2024-04-07 00:00:00+00:00,27.723753,14.766667,0.41547224,Central Kalimantan
2024-04-08 00:00:00+00:00,27.250832,41.766666,0.41168055,Central Kalimantan
2024-04-09 00:00:00+00:00,26.40153,25.366667,0.41047224,Central Kalimantan
2024-04-10 00:00:00+00:00,25.975138,24.233335,0.41020834,Central Kalimantan
2024-04-11 00:00:00+00:00,27.205002,14.999999,0.4075,Central Kalimantan
2024-04-12 00:00:00+00:00,27.176529,25.300001,0.40075,Central Kalimantan
2024-04-13 00:00:00+00:00,26.223053,25.433334,0.40665278,Central Kalimantan
2024-04-14 00:00:00+00:00,26.400139,16.699999,0.4060694,Central Kalimantan
2024-04-15 00:00:00+00:00,26.316803,7.1666665,0.40826383,Central Kalimantan
2024-04-16 00:00:00+00:00,27.792498,9.5,0.4061527,Central Kalimantan
2024-04-17 00:00:00+00:00,26.648056,21.666666,0.4031388,Central Kalimantan
2024-04-18 00:00:00+00:00,26.788332,9.766667,0.4083334,Central Kalimantan
2024-04-19 00:00:00+00:00,27.530695,5.133333,0.4094306,Central Kalimantan
2024-04-20 00:00:00+00:00,26.582777,21.5,0.41079172,Central Kalimantan
2024-04-21 00:00:00+00:00,26.668196,19.900002,0.4089861,Central Kalimantan
2024-04-22 00:00:00+00:00,27.25361,12.7,0.40875006,Central Kalimantan
2024-04-23 00:00:00+00:00,27.28903,20.300001,0.40588894,Central Kalimantan
2024-04-24 00:00:00+00:00,26.780695,12.733334,0.40797222,Central Kalimantan
2024-04-25 00:00:00+00:00,27.507086,14.833333,0.41156945,Central Kalimantan
2024-04-26 00:00:00+00:00,27.056389,8.433333,0.40966675,Central Kalimantan
2024-04-27 00:00:00+00:00,27.681389,17.300001,0.40337506,Central Kalimantan
2024-04-28 00:00:00+00:00,27.5675,17.366667,0.39812502,Central Kalimantan
2024-04-29 00:00:00+00:00,26.936943,7.8333335,0.39958334,Central Kalimantan
2024-04-30 00:00:00+00:00,27.052223,16.466667,0.40013888,Central Kalimantan
2024-05-01 00:00:00+00:00,27.525137,14.400002,0.4027362,Central Kalimantan
2024-05-02 00:00:00+00:00,26.690416,20.000002,0.3994306,Central Kalimantan
2024-05-03 00:00:00+00:00,26.061945,10.700001,0.3972778,Central Kalimantan
2024-05-04 00:00:00+00:00,27.095282,10.5,0.39395833,Central Kalimantan
2024-05-05 00:00:00+00:00,27.568892,0.4666667,0.38975,Central Kalimantan
2024-05-06 00:00:00+00:00,27.834167,0.4666667,0.38331947,Central Kalimantan
2024-05-07 00:00:00+00:00,28.420969,1.7666665,0.37679163,Central Kalimantan
2024-05-08 00:00:00+00:00,27.127916,3.5,0.37183335,Central Kalimantan
2024-05-09 00:00:00+00:00,27.882082,3.333333,0.36698613,Central Kalimantan
2024-05-10 00:00:00+00:00,28.026527,18.5,0.36315277,Central Kalimantan
2024-05-11 00:00:00+00:00,26.693888,14.2,0.36383334,Central Kalimantan
2024-05-12 00:00:00+00:00,26.662638,9.733333,0.36372223,Central Kalimantan
2024-05-13 00:00:00+00:00,26.752916,25.933334,0.36433336,Central Kalimantan
2024-05-14 00:00:00+00:00,27.1175,12.3,0.3741667,Central Kalimantan
2024-05-15 00:00:00+00:00,28.393888,0.46666667,0.37348613,Central Kalimantan
2024-05-16 00:00:00+00:00,28.391111,1.6666666,0.36890277,Central Kalimantan
2024-05-17 00:00:00+00:00,27.058474,13.599999,0.3649861,Central Kalimantan
2024-05-18 00:00:00+00:00,26.787642,12.900001,0.36123613,Central Kalimantan
2024-05-19 00:00:00+00:00,27.792498,6.7666664,0.35763887,Central Kalimantan
2024-05-20 00:00:00+00:00,27.475138,9.3,0.3547778,Central Kalimantan
2024-05-21 00:00:00+00:00,27.621672,8.400001,0.35163888,Central Kalimantan
2024-05-22 00:00:00+00:00,26.51889,18.766668,0.35583332,Central Kalimantan
2024-05-23 00:00:00+00:00,26.33139,33.1,0.3662778,Central Kalimantan
2024-05-24 00:00:00+00:00,27.07653,29.5,0.37112498,Central Kalimantan
2024-05-25 00:00:00+00:00,26.845278,7.133333,0.3785694,Central Kalimantan
2024-05-26 00:00:00+00:00,27.234169,15.566667,0.37944448,Central Kalimantan
2024-05-27 00:00:00+00:00,26.83764,5.4,0.37702778,Central Kalimantan
2024-05-28 00:00:00+00:00,27.196665,7.8666663,0.37369445,Central Kalimantan
2024-05-29 00:00:00+00:00,27.193892,4.8999996,0.37187493,Central Kalimantan
2024-05-30 00:00:00+00:00,26.90431,17.4,0.37131944,Central Kalimantan
2024-05-31 00:00:00+00:00,27.261251,8.233334,0.37034723,Central Kalimantan
2024-06-01 00:00:00+00:00,26.957085,21.2,0.37518057,Central Kalimantan
2024-06-02 00:00:00+00:00,26.19597,17.500002,0.37963888,Central Kalimantan
2024-06-03 00:00:00+00:00,25.591805,28.933334,0.38476393,Central Kalimantan
2024-06-04 00:00:00+00:00,26.225832,4.5333333,0.38905558,Central Kalimantan
2024-06-05 00:00:00+00:00,26.98139,8.733333,0.38877773,Central Kalimantan
2024-06-06 00:00:00+00:00,26.430693,13.5,0.3870139,Central Kalimantan
2024-06-07 00:00:00+00:00,25.596666,15.533334,0.38776395,Central Kalimantan
2024-06-08 00:00:00+00:00,26.648056,1.4333334,0.3885416,Central Kalimantan
2024-06-09 00:00:00+00:00,27.865417,0.6000001,0.38581946,Central Kalimantan
2024-06-10 00:00:00+00:00,26.18,9.600001,0.38358334,Central Kalimantan
2024-06-11 00:00:00+00:00,26.576529,22.400002,0.3818333,Central Kalimantan
2024-06-12 00:00:00+00:00,25.722359,23.433332,0.38636112,Central Kalimantan
2024-06-13 00:00:00+00:00,24.983473,10.733334,0.41477773,Central Kalimantan
2024-06-14 00:00:00+00:00,27.028616,1.2333332,0.4145417,Central Kalimantan
2024-06-15 00:00:00+00:00,27.535555,0.6,0.40908337,Central Kalimantan
2024-06-16 00:00:00+00:00,27.44806,0.16666667,0.40320835,Central Kalimantan
2024-06-17 00:00:00+00:00,27.04042,10.333333,0.39686108,Central Kalimantan
2024-06-18 00:00:00+00:00,25.292501,18.866667,0.39168057,Central Kalimantan
2024-06-19 00:00:00+00:00,25.822363,6.1666665,0.3907778,Central Kalimantan
2024-06-20 00:00:00+00:00,26.836248,4.5,0.38863894,Central Kalimantan
2024-06-21 00:00:00+00:00,26.547363,1.6333333,0.3840417,Central Kalimantan
2024-06-22 00:00:00+00:00,27.088333,3.3999996,0.3786111,Central Kalimantan
2024-06-23 00:00:00+00:00,26.23139,8.233334,0.37448612,Central Kalimantan
2024-06-24 00:00:00+00:00,25.968893,15.233335,0.3727639,Central Kalimantan
2024-06-25 00:00:00+00:00,26.12375,12.233334,0.37218058,Central Kalimantan
2024-06-26 00:00:00+00:00,26.429306,13.366666,0.37156948,Central Kalimantan
2024-06-27 00:00:00+00:00,26.588333,4.1666665,0.37213886,Central Kalimantan
2024-06-28 00:00:00+00:00,26.89389,7.3999996,0.37144443,Central Kalimantan
2024-06-29 00:00:00+00:00,26.37028,13.400001,0.3700694,Central Kalimantan
2024-06-30 00:00:00+00:00,25.943888,15.366668,0.3753889,Central Kalimantan
2024-07-01 00:00:00+00:00,25.504305,14.200001,0.38086107,Central Kalimantan
2024-07-02 00:00:00+00:00,25.016806,6.2333336,0.3877778,Central Kalimantan
2024-07-03 00:00:00+00:00,25.323057,13.200001,0.39418054,Central Kalimantan
2024-07-04 00:00:00+00:00,26.502226,11.2,0.39290273,Central Kalimantan
2024-07-05 00:00:00+00:00,25.791113,25.966667,0.39525005,Central Kalimantan
2024-07-06 00:00:00+00:00,24.8925,46.3,0.41093054,Central Kalimantan
2024-07-07 00:00:00+00:00,25.4925,9.0,0.41640282,Central Kalimantan
2024-07-08 00:00:00+00:00,26.695276,0.23333335,0.41470835,Central Kalimantan
2024-07-09 00:00:00+00:00,26.336946,1.9,0.4107083,Central Kalimantan
2024-07-10 00:00:00+00:00,25.841806,5.233333,0.40549996,Central Kalimantan
2024-07-11 00:00:00+00:00,26.359167,1.0333332,0.400375,Central Kalimantan
2024-07-12 00:00:00+00:00,26.198751,0.79999995,0.39499998,Central Kalimantan
2024-07-13 00:00:00+00:00,26.500834,0.36666667,0.38933334,Central Kalimantan
2024-07-14 00:00:00+00:00,26.670279,0.5666667,0.38344443,Central Kalimantan
2024-07-15 00:00:00+00:00,27.06264,1.2333332,0.3779583,Central Kalimantan
2024-07-16 00:00:00+00:00,27.068892,0.70000005,0.37201393,Central Kalimantan
2024-07-17 00:00:00+00:00,27.38278,0.8,0.36705557,Central Kalimantan
2024-07-18 00:00:00+00:00,26.448751,10.8,0.36320838,Central Kalimantan
2024-07-19 00:00:00+00:00,26.86264,1.1,0.35891667,Central Kalimantan
2024-07-20 00:00:00+00:00,27.281387,0.33333334,0.35362497,Central Kalimantan
2024-07-21 00:00:00+00:00,27.363335,1.1,0.34943056,Central Kalimantan
2024-07-22 00:00:00+00:00,27.483475,0.6,0.3446389,Central Kalimantan
2024-07-23 00:00:00+00:00,27.17375,2.0,0.3398889,Central Kalimantan
2024-07-24 00:00:00+00:00,27.026527,1.9333334,0.33508337,Central Kalimantan
2024-07-25 00:00:00+00:00,27.396667,0.2,0.330125,Central Kalimantan
2024-07-26 00:00:00+00:00,27.666113,0.7666667,0.32647222,Central Kalimantan
2024-07-27 00:00:00+00:00,27.677223,0.9000001,0.32266667,Central Kalimantan
2024-07-28 00:00:00+00:00,27.81125,1.0,0.31854162,Central Kalimantan
2024-07-29 00:00:00+00:00,27.037643,5.7999997,0.3154583,Central Kalimantan
2024-07-30 00:00:00+00:00,25.639029,8.633333,0.31287503,Central Kalimantan
2024-07-31 00:00:00+00:00,26.43486,11.7,0.31126392,Central Kalimantan
2024-08-01 00:00:00+00:00,26.77514,15.600001,0.31051388,Central Kalimantan
2024-08-02 00:00:00+00:00,25.675833,2.9666665,0.3066805,Central Kalimantan
2024-08-03 00:00:00+00:00,26.567503,2.6333334,0.30427775,Central Kalimantan
2024-08-04 00:00:00+00:00,26.8425,0.70000005,0.30183336,Central Kalimantan
2024-08-05 00:00:00+00:00,27.119583,0.36666667,0.29788888,Central Kalimantan
2024-08-06 00:00:00+00:00,26.603613,3.6666667,0.29508337,Central Kalimantan
2024-08-07 00:00:00+00:00,24.905695,27.4,0.29365274,Central Kalimantan
2024-08-08 00:00:00+00:00,27.033476,1.9666667,0.2923611,Central Kalimantan
2024-08-09 00:00:00+00:00,27.33695,0.90000004,0.29101393,Central Kalimantan
2024-08-10 00:00:00+00:00,27.109167,1.0,0.28970832,Central Kalimantan
2024-08-11 00:00:00+00:00,26.952917,0.33333334,0.28800002,Central Kalimantan
2024-08-12 00:00:00+00:00,27.15639,1.3333334,0.2861389,Central Kalimantan
2024-08-13 00:00:00+00:00,26.618889,5.8999996,0.28498614,Central Kalimantan
2024-08-14 00:00:00+00:00,27.499445,1.5666667,0.28230557,Central Kalimantan
2024-08-15 00:00:00+00:00,27.623755,2.1666665,0.2791528,Central Kalimantan
2024-08-16 00:00:00+00:00,26.674448,6.866667,0.27761108,Central Kalimantan
2024-08-17 00:00:00+00:00,27.344584,3.8,0.27555558,Central Kalimantan
2024-08-18 00:00:00+00:00,26.607779,7.3333325,0.2727916,Central Kalimantan
2024-08-19 00:00:00+00:00,26.733473,4.0,0.2719861,Central Kalimantan
2024-08-20 00:00:00+00:00,27.177917,9.566667,0.27144447,Central Kalimantan
2024-08-21 00:00:00+00:00,25.641806,27.966665,0.27297223,Central Kalimantan
2024-08-22 00:00:00+00:00,25.075834,14.133335,0.28455552,Central Kalimantan
2024-08-23 00:00:00+00:00,26.33139,4.8666663,0.28823614,Central Kalimantan
2024-08-24 00:00:00+00:00,26.959167,0.8666666,0.28943056,Central Kalimantan
2024-08-25 00:00:00+00:00,27.049444,2.6666667,0.28893054,Central Kalimantan
2024-08-26 00:00:00+00:00,27.10708,5.1000004,0.28761113,Central Kalimantan
2024-08-27 00:00:00+00:00,26.082779,10.5,0.28656948,Central Kalimantan
2024-08-28 00:00:00+00:00,24.91125,15.966667,0.28961107,Central Kalimantan
2024-08-29 00:00:00+00:00,25.946669,3.833333,0.29388884,Central Kalimantan
2024-08-30 00:00:00+00:00,26.40361,9.833333,0.29954165,Central Kalimantan
2024-08-31 00:00:00+00:00,26.978613,1.9666668,0.29904163,Central Kalimantan
2024-09-01 00:00:00+00:00,27.079308,4.633333,0.29784718,Central Kalimantan
2024-09-02 00:00:00+00:00,27.619589,0.6333333,0.29618055,Central Kalimantan
2024-09-03 00:00:00+00:00,27.414026,0.3,0.29347226,Central Kalimantan
2024-09-04 00:00:00+00:00,27.80639,1.2,0.29222223,Central Kalimantan
2024-09-05 00:00:00+00:00,25.871668,8.0,0.29208335,Central Kalimantan
2024-09-06 00:00:00+00:00,27.675835,0.8333333,0.29283336,Central Kalimantan
2024-09-07 00:00:00+00:00,28.06125,4.4666667,0.2920278,Central Kalimantan
2024-09-08 00:00:00+00:00,26.162638,38.499996,0.2911111,Central Kalimantan
2024-09-09 00:00:00+00:00,25.652222,26.033335,0.30416664,Central Kalimantan
2024-09-10 00:00:00+00:00,26.82097,13.366665,0.31493056,Central Kalimantan
2024-09-11 00:00:00+00:00,27.282084,0.06666667,0.32087502,Central Kalimantan
2024-09-12 00:00:00+00:00,27.168196,0.0,0.32106948,Central Kalimantan
2024-09-13 00:00:00+00:00,27.027222,0.26666668,0.32001388,Central Kalimantan
2024-09-14 00:00:00+00:00,26.970278,0.06666667,0.3185417,Central Kalimantan
2024-09-15 00:00:00+00:00,27.366806,0.06666667,0.3166111,Central Kalimantan
2024-09-16 00:00:00+00:00,27.40361,0.26666668,0.31443056,Central Kalimantan
2024-09-17 00:00:00+00:00,27.58903,0.26666668,0.31281948,Central Kalimantan
2024-09-18 00:00:00+00:00,27.165415,0.36666667,0.311625,Central Kalimantan
2024-09-19 00:00:00+00:00,27.88486,0.0,0.31002775,Central Kalimantan
2024-09-20 00:00:00+00:00,28.298056,0.06666667,0.30769452,Central Kalimantan
2024-09-21 00:00:00+00:00,28.663332,0.9333334,0.30558333,Central Kalimantan
2024-09-22 00:00:00+00:00,27.652916,18.5,0.3034861,Central Kalimantan
2024-09-23 00:00:00+00:00,26.816803,0.9666667,0.3011528,Central Kalimantan
2024-09-24 00:00:00+00:00,27.955696,19.833334,0.29963896,Central Kalimantan
2024-09-25 00:00:00+00:00,25.7425,4.933334,0.2982917,Central Kalimantan
2024-09-26 00:00:00+00:00,27.613337,5.7999997,0.2973472,Central Kalimantan
2024-09-27 00:00:00+00:00,26.439028,7.0333333,0.29751387,Central Kalimantan
2024-09-28 00:00:00+00:00,27.973055,20.6,0.29876393,Central Kalimantan
2024-09-29 00:00:00+00:00,26.571665,15.066666,0.30802777,Central Kalimantan
2024-09-30 00:00:00+00:00,26.37792,8.400001,0.3192778,Central Kalimantan
2024-10-01 00:00:00+00:00,26.891113,11.266667,0.3203194,Central Kalimantan
2024-10-02 00:00:00+00:00,26.234863,19.9,0.3190694,Central Kalimantan
2024-10-03 00:00:00+00:00,26.375834,15.966667,0.32111108,Central Kalimantan
2024-10-04 00:00:00+00:00,25.660555,18.4,0.32925,Central Kalimantan
2024-10-05 00:00:00+00:00,26.673058,4.0,0.33613887,Central Kalimantan
2024-10-06 00:00:00+00:00,27.577917,9.033333,0.33530557,Central Kalimantan
2024-10-07 00:00:00+00:00,26.38486,19.6,0.33741665,Central Kalimantan
2024-10-08 00:00:00+00:00,27.410553,0.2,0.3415695,Central Kalimantan
2024-10-09 00:00:00+00:00,27.220972,13.433334,0.33829176,Central Kalimantan
2024-10-10 00:00:00+00:00,26.032087,14.900001,0.33840278,Central Kalimantan
2024-10-11 00:00:00+00:00,26.694582,17.900002,0.33829173,Central Kalimantan
2024-10-12 00:00:00+00:00,26.961248,22.866669,0.33840278,Central Kalimantan
2024-10-13 00:00:00+00:00,26.048058,17.233332,0.34793052,Central Kalimantan
2024-10-14 00:00:00+00:00,26.860558,2.0333335,0.34874997,Central Kalimantan
2024-10-15 00:00:00+00:00,26.270279,6.2000003,0.3477917,Central Kalimantan
2024-10-16 00:00:00+00:00,26.982084,2.6666667,0.34595835,Central Kalimantan
2024-10-17 00:00:00+00:00,25.21889,24.133337,0.348375,Central Kalimantan
2024-10-18 00:00:00+00:00,26.569586,7.2333336,0.35118055,Central Kalimantan
2024-10-19 00:00:00+00:00,26.608473,3.2333336,0.3512778,Central Kalimantan
2024-10-20 00:00:00+00:00,26.910555,6.900001,0.34886113,Central Kalimantan
2024-10-21 00:00:00+00:00,26.598053,0.2,0.34884718,Central Kalimantan
2024-10-22 00:00:00+00:00,27.830002,0.16666667,0.346375,Central Kalimantan
2024-10-23 00:00:00+00:00,27.564028,2.5666666,0.34375,Central Kalimantan
2024-10-24 00:00:00+00:00,27.241112,10.8,0.3412917,Central Kalimantan
2024-10-25 00:00:00+00:00,27.412638,1.6666666,0.33858332,Central Kalimantan
2024-10-26 00:00:00+00:00,27.88347,0.13333334,0.3356111,Central Kalimantan
2024-10-27 00:00:00+00:00,28.571665,0.033333335,0.33202776,Central Kalimantan
2024-10-28 00:00:00+00:00,28.69111,4.9333334,0.3291805,Central Kalimantan
2024-10-29 00:00:00+00:00,28.56611,0.53333336,0.32573608,Central Kalimantan
2024-10-30 00:00:00+00:00,28.58139,6.9666667,0.3227917,Central Kalimantan
2024-10-31 00:00:00+00:00,26.659864,1.3333334,0.32115272,Central Kalimantan
2024-11-01 00:00:00+00:00,26.334167,41.600002,0.31636107,Central Kalimantan
2024-11-02 00:00:00+00:00,25.69736,16.9,0.3155972,Central Kalimantan
2024-11-03 00:00:00+00:00,25.520279,20.6,0.32905555,Central Kalimantan
2024-11-04 00:00:00+00:00,25.69042,6.066666,0.33858332,Central Kalimantan
2024-11-05 00:00:00+00:00,27.134863,6.6666665,0.3422778,Central Kalimantan
2024-11-06 00:00:00+00:00,26.732779,12.333333,0.34276387,Central Kalimantan
2024-11-07 00:00:00+00:00,26.530695,13.033334,0.34625003,Central Kalimantan
2024-11-08 00:00:00+00:00,27.419586,9.866667,0.34911105,Central Kalimantan
2024-11-09 00:00:00+00:00,26.4425,7.1,0.35143057,Central Kalimantan
2024-11-10 00:00:00+00:00,26.720278,32.2,0.35515276,Central Kalimantan
2024-11-11 00:00:00+00:00,26.024446,8.066667,0.3711667,Central Kalimantan
2024-11-12 00:00:00+00:00,26.303612,12.266667,0.36715278,Central Kalimantan
2024-11-13 00:00:00+00:00,26.818193,8.5,0.36086118,Central Kalimantan
2024-11-14 00:00:00+00:00,26.19111,28.1,0.36098614,Central Kalimantan
2024-11-15 00:00:00+00:00,26.113335,9.8,0.36738887,Central Kalimantan
2024-11-16 00:00:00+00:00,25.877916,24.166666,0.37629166,Central Kalimantan
2024-11-17 00:00:00+00:00,25.948057,17.199999,0.3893055,Central Kalimantan
2024-11-18 00:00:00+00:00,25.885557,26.033335,0.40262508,Central Kalimantan
2024-11-19 00:00:00+00:00,25.801529,21.866669,0.4076805,Central Kalimantan
2024-11-20 00:00:00+00:00,25.875834,19.999998,0.40680555,Central Kalimantan
2024-11-21 00:00:00+00:00,25.741806,31.699999,0.4101945,Central Kalimantan
2024-11-22 00:00:00+00:00,25.93278,17.333334,0.4127917,Central Kalimantan
2024-11-23 00:00:00+00:00,25.777918,30.633331,0.41393057,Central Kalimantan
2024-11-24 00:00:00+00:00,26.141113,25.866667,0.41059723,Central Kalimantan
2024-11-25 00:00:00+00:00,25.91889,12.133332,0.41050005,Central Kalimantan
2024-11-26 00:00:00+00:00,26.316805,30.333334,0.41275,Central Kalimantan
2024-11-27 00:00:00+00:00,26.214027,11.5,0.41130555,Central Kalimantan
2024-11-28 00:00:00+00:00,25.214722,38.96667,0.42090273,Central Kalimantan
2024-11-29 00:00:00+00:00,25.50014,23.166666,0.42591667,Central Kalimantan
2024-11-30 00:00:00+00:00,25.405695,16.7,0.42388895,Central Kalimantan
2024-12-01 00:00:00+00:00,25.313334,35.966663,0.4281528,Central Kalimantan
2024-12-02 00:00:00+00:00,25.998055,27.833334,0.4288889,Central Kalimantan
2024-12-03 00:00:00+00:00,25.03903,34.766666,0.4281944,Central Kalimantan
2024-12-04 00:00:00+00:00,25.890417,5.066667,0.426875,Central Kalimantan
2024-12-05 00:00:00+00:00,25.126528,19.866667,0.4215972,Central Kalimantan
2024-12-06 00:00:00+00:00,26.163332,0.8333333,0.41498613,Central Kalimantan
2024-12-07 00:00:00+00:00,27.216806,7.9,0.4040139,Central Kalimantan
2024-12-08 00:00:00+00:00,27.37375,8.666667,0.39243054,Central Kalimantan
2024-12-09 00:00:00+00:00,26.599447,8.8,0.3835833,Central Kalimantan
2024-12-10 00:00:00+00:00,26.118887,11.366666,0.3768889,Central Kalimantan
2024-12-11 00:00:00+00:00,26.233475,16.133333,0.37168062,Central Kalimantan
2024-12-12 00:00:00+00:00,26.037638,14.166667,0.37169442,Central Kalimantan
2024-12-13 00:00:00+00:00,26.97653,3.2333336,0.372,Central Kalimantan
2024-12-14 00:00:00+00:00,27.000834,23.366663,0.36712494,Central Kalimantan
2024-12-15 00:00:00+00:00,26.292501,21.400002,0.37198612,Central Kalimantan
2024-12-16 00:00:00+00:00,26.048056,4.1,0.37443057,Central Kalimantan
2024-12-17 00:00:00+00:00,26.507776,5.3666663,0.3713055,Central Kalimantan
2024-12-18 00:00:00+00:00,26.041113,14.866668,0.3671528,Central Kalimantan
2024-12-19 00:00:00+00:00,26.156387,3.5666664,0.36519444,Central Kalimantan
2024-12-20 00:00:00+00:00,26.279305,8.833333,0.36548606,Central Kalimantan
2024-12-21 00:00:00+00:00,26.946663,6.9,0.36201394,Central Kalimantan
2024-12-22 00:00:00+00:00,26.791113,21.033335,0.35927776,Central Kalimantan
2024-12-23 00:00:00+00:00,26.785555,12.8,0.35575,Central Kalimantan
2024-12-24 00:00:00+00:00,25.67653,13.166667,0.3593056,Central Kalimantan
2024-12-25 00:00:00+00:00,26.743195,2.7666667,0.36072227,Central Kalimantan
2024-12-26 00:00:00+00:00,25.711252,20.633333,0.3596667,Central Kalimantan
2024-12-27 00:00:00+00:00,26.93,4.066667,0.36256948,Central Kalimantan
2024-12-28 00:00:00+00:00,27.730692,1.8333334,0.36231947,Central Kalimantan
2024-12-29 00:00:00+00:00,27.09736,11.833333,0.35952774,Central Kalimantan
2024-12-30 00:00:00+00:00,26.7675,9.433333,0.35795832,Central Kalimantan
2024-12-31 00:00:00+00:00,26.600142,6.8000007,0.35629168,Central Kalimantan
2021-01-01 00:00:00+00:00,25.959389,14.333335,0.46486107,East Kalimantan
2021-01-02 00:00:00+00:00,25.863556,13.733333,0.4654306,East Kalimantan
2021-01-03 00:00:00+00:00,25.78161,23.933334,0.4699583,East Kalimantan
2021-01-04 00:00:00+00:00,25.751059,24.933334,0.47397223,East Kalimantan
2021-01-05 00:00:00+00:00,25.288557,11.733334,0.48236108,East Kalimantan
2021-01-06 00:00:00+00:00,25.311472,10.633334,0.48377785,East Kalimantan
2021-01-07 00:00:00+00:00,25.558,18.366669,0.48302785,East Kalimantan
2021-01-08 00:00:00+00:00,26.180916,4.4666667,0.48519436,East Kalimantan
2021-01-09 00:00:00+00:00,25.86911,6.433333,0.4815278,East Kalimantan
2021-01-10 00:00:00+00:00,26.374664,14.933334,0.47841668,East Kalimantan
2021-01-11 00:00:00+00:00,25.885778,16.633333,0.47752777,East Kalimantan
2021-01-12 00:00:00+00:00,25.547583,10.433334,0.47704172,East Kalimantan
2021-01-13 00:00:00+00:00,25.537165,17.7,0.4760972,East Kalimantan
2021-01-14 00:00:00+00:00,25.499666,9.066667,0.47498617,East Kalimantan
2021-01-15 00:00:00+00:00,24.882303,4.3333335,0.47619447,East Kalimantan
2021-01-16 00:00:00+00:00,26.135084,4.0666666,0.47359726,East Kalimantan
2021-01-17 00:00:00+00:00,25.019806,2.1999998,0.4698056,East Kalimantan
2021-01-18 00:00:00+00:00,26.69758,2.1666667,0.46394444,East Kalimantan
2021-01-19 00:00:00+00:00,26.169111,3.8,0.45815277,East Kalimantan
2021-01-20 00:00:00+00:00,26.997583,15.3,0.45244446,East Kalimantan
2021-01-21 00:00:00+00:00,25.442026,13.0,0.45461115,East Kalimantan
2021-01-22 00:00:00+00:00,25.292725,15.966667,0.45538887,East Kalimantan
2021-01-23 00:00:00+00:00,25.789942,8.800001,0.45352778,East Kalimantan
2021-01-24 00:00:00+00:00,25.527443,9.400001,0.45679173,East Kalimantan
2021-01-25 00:00:00+00:00,24.912863,20.7,0.460125,East Kalimantan
2021-01-26 00:00:00+00:00,25.392027,11.566667,0.4643611,East Kalimantan
2021-01-27 00:00:00+00:00,25.359388,9.133334,0.46962497,East Kalimantan
2021-01-28 00:00:00+00:00,25.485085,8.266666,0.47427782,East Kalimantan
2021-01-29 00:00:00+00:00,25.577444,5.633333,0.4711667,East Kalimantan
2021-01-30 00:00:00+00:00,25.805916,13.2,0.46761107,East Kalimantan
2021-01-31 00:00:00+00:00,25.89689,6.1333327,0.46393046,East Kalimantan
2021-02-01 00:00:00+00:00,25.379526,12.233333,0.46076384,East Kalimantan
2021-02-02 00:00:00+00:00,26.066336,2.7333333,0.45726392,East Kalimantan
2021-02-03 00:00:00+00:00,25.693415,27.566666,0.4532361,East Kalimantan
2021-02-04 00:00:00+00:00,25.662169,3.5666666,0.44952774,East Kalimantan
2021-02-05 00:00:00+00:00,25.98439,15.2,0.45087495,East Kalimantan
2021-02-06 00:00:00+00:00,26.122583,10.466666,0.4552084,East Kalimantan
2021-02-07 00:00:00+00:00,25.810778,9.833333,0.45059726,East Kalimantan
2021-02-08 00:00:00+00:00,25.83161,8.0,0.44923612,East Kalimantan
2021-02-09 00:00:00+00:00,26.562164,4.9666667,0.44726384,East Kalimantan
2021-02-10 00:00:00+00:00,26.503138,11.5,0.44395837,East Kalimantan
2021-02-11 00:00:00+00:00,25.639946,19.166666,0.44798613,East Kalimantan
2021-02-12 00:00:00+00:00,25.160082,12.533334,0.45949996,East Kalimantan
2021-02-13 00:00:00+00:00,25.187164,25.833334,0.4672917,East Kalimantan
2021-02-14 00:00:00+00:00,24.548277,3.5333328,0.47333333,East Kalimantan
2021-02-15 00:00:00+00:00,25.637167,12.866666,0.47299993,East Kalimantan
2021-02-16 00:00:00+00:00,25.75939,10.5,0.47287497,East Kalimantan
2021-02-17 00:00:00+00:00,25.346888,20.166668,0.47497225,East Kalimantan
2021-02-18 00:00:00+00:00,24.462166,13.3,0.47819445,East Kalimantan
2021-02-19 00:00:00+00:00,25.782999,15.433334,0.47720835,East Kalimantan
2021-02-20 00:00:00+00:00,25.880915,2.2,0.47193053,East Kalimantan
2021-02-21 00:00:00+00:00,25.678833,14.866666,0.46786115,East Kalimantan
2021-02-22 00:00:00+00:00,25.319113,18.533335,0.4672639,East Kalimantan
2021-02-23 00:00:00+00:00,25.159388,3.2333333,0.4673195,East Kalimantan
2021-02-24 00:00:00+00:00,26.308,4.2666664,0.46393052,East Kalimantan
2021-02-25 00:00:00+00:00,26.869108,2.966667,0.45981944,East Kalimantan
2021-02-26 00:00:00+00:00,26.055918,5.8333335,0.45448613,East Kalimantan
2021-02-27 00:00:00+00:00,26.164248,5.6666665,0.44947222,East Kalimantan
2021-02-28 00:00:00+00:00,25.774666,2.9333334,0.4451944,East Kalimantan
2021-03-01 00:00:00+00:00,26.542028,0.6666667,0.4413611,East Kalimantan
2021-03-02 00:00:00+00:00,26.769112,8.533333,0.43768057,East Kalimantan
2021-03-03 00:00:00+00:00,25.949667,19.233332,0.43523613,East Kalimantan
2021-03-04 00:00:00+00:00,25.298279,7.5333333,0.4365833,East Kalimantan
2021-03-05 00:00:00+00:00,25.535776,8.766666,0.4339167,East Kalimantan
2021-03-06 00:00:00+00:00,25.75522,2.6333332,0.43084726,East Kalimantan
2021-03-07 00:00:00+00:00,26.080915,3.1999998,0.42829165,East Kalimantan
2021-03-08 00:00:00+00:00,25.478834,9.266667,0.42595837,East Kalimantan
2021-03-09 00:00:00+00:00,24.84342,22.0,0.42743054,East Kalimantan
2021-03-10 00:00:00+00:00,25.596888,5.7999997,0.4262639,East Kalimantan
2021-03-11 00:00:00+00:00,26.012861,4.2000003,0.423875,East Kalimantan
2021-03-12 00:00:00+00:00,26.385773,11.633334,0.42195836,East Kalimantan
2021-03-13 00:00:00+00:00,25.90036,11.3,0.42193046,East Kalimantan
2021-03-14 00:00:00+00:00,25.135778,9.333333,0.42424998,East Kalimantan
2021-03-15 00:00:00+00:00,26.652445,11.866668,0.42324996,East Kalimantan
2021-03-16 00:00:00+00:00,26.147581,5.533333,0.42873612,East Kalimantan
2021-03-17 00:00:00+00:00,26.717031,18.199999,0.4300138,East Kalimantan
2021-03-18 00:00:00+00:00,25.506609,3.8333333,0.43222225,East Kalimantan
2021-03-19 00:00:00+00:00,26.146194,12.466666,0.43295833,East Kalimantan
2021-03-20 00:00:00+00:00,25.569803,10.1,0.43843058,East Kalimantan
2021-03-21 00:00:00+00:00,26.424667,14.733334,0.4399445,East Kalimantan
2021-03-22 00:00:00+00:00,25.955917,14.066667,0.44543055,East Kalimantan
2021-03-23 00:00:00+00:00,24.742722,13.733333,0.45570835,East Kalimantan
2021-03-24 00:00:00+00:00,25.804527,7.2666664,0.45636114,East Kalimantan
2021-03-25 00:00:00+00:00,25.585083,6.366667,0.4577777,East Kalimantan
2021-03-26 00:00:00+00:00,25.433695,19.633333,0.45829162,East Kalimantan
2021-03-27 00:00:00+00:00,25.816332,6.366667,0.46205556,East Kalimantan
2021-03-28 00:00:00+00:00,25.603136,8.966667,0.46337506,East Kalimantan
2021-03-29 00:00:00+00:00,26.060776,17.333334,0.46447217,East Kalimantan
2021-03-30 00:00:00+00:00,25.878836,20.066668,0.46811113,East Kalimantan
2021-03-31 00:00:00+00:00,25.586472,7.1999993,0.47175005,East Kalimantan
2021-04-01 00:00:00+00:00,26.378832,8.733333,0.47181943,East Kalimantan
2021-04-02 00:00:00+00:00,26.371193,1.9666668,0.4702777,East Kalimantan
2021-04-03 00:00:00+00:00,26.162169,18.766668,0.46924996,East Kalimantan
2021-04-04 00:00:00+00:00,26.325361,12.733334,0.4689306,East Kalimantan
2021-04-05 00:00:00+00:00,25.741335,31.866669,0.47002777,East Kalimantan
2021-04-06 00:00:00+00:00,25.506609,3.1333332,0.4630834,East Kalimantan
2021-04-07 00:00:00+00:00,26.235083,9.266667,0.45305562,East Kalimantan
2021-04-08 00:00:00+00:00,25.428139,12.3,0.45380557,East Kalimantan
2021-04-09 00:00:00+00:00,25.761473,5.2333336,0.4534167,East Kalimantan
2021-04-10 00:00:00+00:00,26.626055,3.5666668,0.45194447,East Kalimantan
2021-04-11 00:00:00+00:00,26.094803,5.3333335,0.44995832,East Kalimantan
2021-04-12 00:00:00+00:00,26.283003,9.9,0.44676396,East Kalimantan
2021-04-13 00:00:00+00:00,25.488556,11.433334,0.4449723,East Kalimantan
2021-04-14 00:00:00+00:00,25.514252,15.400002,0.44602776,East Kalimantan
2021-04-15 00:00:00+00:00,25.060778,6.8333335,0.45051393,East Kalimantan
2021-04-16 00:00:00+00:00,25.917028,13.966667,0.45168057,East Kalimantan
2021-04-17 00:00:00+00:00,25.961472,10.733333,0.45193052,East Kalimantan
2021-04-18 00:00:00+00:00,25.919111,7.9,0.44945833,East Kalimantan
2021-04-19 00:00:00+00:00,26.398277,3.8666666,0.44704166,East Kalimantan
2021-04-20 00:00:00+00:00,26.492722,8.666667,0.4447639,East Kalimantan
2021-04-21 00:00:00+00:00,26.771194,3.0666666,0.44313887,East Kalimantan
2021-04-22 00:00:00+00:00,26.299665,4.5,0.44138888,East Kalimantan
2021-04-23 00:00:00+00:00,26.146887,11.633334,0.43981948,East Kalimantan
2021-04-24 00:00:00+00:00,26.673971,4.1666665,0.440264,East Kalimantan
2021-04-25 00:00:00+00:00,26.130919,7.8000007,0.4386944,East Kalimantan
2021-04-26 00:00:00+00:00,26.028833,7.533333,0.43662503,East Kalimantan
2021-04-27 00:00:00+00:00,25.633001,16.6,0.43430552,East Kalimantan
2021-04-28 00:00:00+00:00,25.66564,7.6333337,0.43331948,East Kalimantan
2021-04-29 00:00:00+00:00,26.403831,5.733333,0.4319167,East Kalimantan
2021-04-30 00:00:00+00:00,26.334389,9.7,0.42959717,East Kalimantan
2021-05-01 00:00:00+00:00,25.730225,7.8000007,0.4293472,East Kalimantan
2021-05-02 00:00:00+00:00,26.341333,8.066667,0.42677775,East Kalimantan
2021-05-03 00:00:00+00:00,26.399666,4.9666667,0.42486107,East Kalimantan
2021-05-04 00:00:00+00:00,26.457306,1.6999999,0.42304167,East Kalimantan
2021-05-05 00:00:00+00:00,25.801748,11.8,0.42249998,East Kalimantan
2021-05-06 00:00:00+00:00,25.467026,18.066668,0.42373613,East Kalimantan
2021-05-07 00:00:00+00:00,25.417723,6.2999997,0.4254167,East Kalimantan
2021-05-08 00:00:00+00:00,25.872583,3.1333332,0.4272083,East Kalimantan
2021-05-09 00:00:00+00:00,25.462166,13.100001,0.42877784,East Kalimantan
2021-05-10 00:00:00+00:00,26.46911,6.5,0.4302361,East Kalimantan
2021-05-11 00:00:00+00:00,26.513552,5.233333,0.43725,East Kalimantan
2021-05-12 00:00:00+00:00,26.45661,11.600001,0.4429444,East Kalimantan
2021-05-13 00:00:00+00:00,26.460083,22.666666,0.44170833,East Kalimantan
2021-05-14 00:00:00+00:00,26.092028,15.866666,0.44252777,East Kalimantan
2021-05-15 00:00:00+00:00,26.190638,21.666666,0.44718054,East Kalimantan
2021-05-16 00:00:00+00:00,25.878138,15.399999,0.45659724,East Kalimantan
2021-05-17 00:00:00+00:00,25.881613,7.066666,0.46495828,East Kalimantan
2021-05-18 00:00:00+00:00,26.12189,15.733335,0.46876383,East Kalimantan
2021-05-19 00:00:00+00:00,25.512169,11.166667,0.4725139,East Kalimantan
2021-05-20 00:00:00+00:00,25.744804,6.2666664,0.47320834,East Kalimantan
2021-05-21 00:00:00+00:00,25.049667,9.266667,0.47186103,East Kalimantan
2021-05-22 00:00:00+00:00,27.178139,7.433333,0.46858335,East Kalimantan
2021-05-23 00:00:00+00:00,25.538553,13.600001,0.47088885,East Kalimantan
2021-05-24 00:00:00+00:00,27.075361,2.4666667,0.47069442,East Kalimantan
2021-05-25 00:00:00+00:00,25.859388,1.9333333,0.46901393,East Kalimantan
2021-05-26 00:00:00+00:00,27.033693,1.7333335,0.46712503,East Kalimantan
2021-05-27 00:00:00+00:00,27.121887,1.8000001,0.4646667,East Kalimantan
2021-05-28 00:00:00+00:00,26.655916,8.1,0.46140274,East Kalimantan
2021-05-29 00:00:00+00:00,26.50939,8.333333,0.45809722,East Kalimantan
2021-05-30 00:00:00+00:00,26.960083,5.7333336,0.45520833,East Kalimantan
2021-05-31 00:00:00+00:00,26.342028,6.566667,0.4525973,East Kalimantan
2021-06-01 00:00:00+00:00,26.357306,4.3333335,0.4495139,East Kalimantan
2021-06-02 00:00:00+00:00,26.912863,1.0333334,0.44624996,East Kalimantan
2021-06-03 00:00:00+00:00,27.294107,0.43333337,0.44244447,East Kalimantan
2021-06-04 00:00:00+00:00,27.221193,0.7666667,0.4386389,East Kalimantan
2021-06-05 00:00:00+00:00,27.355223,3.0666666,0.43525004,East Kalimantan
2021-06-06 00:00:00+00:00,26.021194,15.9333315,0.4323889,East Kalimantan
2021-06-07 00:00:00+00:00,25.404528,2.1333334,0.42923608,East Kalimantan
2021-06-08 00:00:00+00:00,27.032305,1.2666668,0.4261806,East Kalimantan
2021-06-09 00:00:00+00:00,26.185083,14.266666,0.42424992,East Kalimantan
2021-06-10 00:00:00+00:00,25.50939,9.133332,0.4223055,East Kalimantan
2021-06-11 00:00:00+00:00,26.307306,5.6,0.41862497,East Kalimantan
2021-06-12 00:00:00+00:00,25.830221,14.866669,0.4151667,East Kalimantan
2021-06-13 00:00:00+00:00,25.491331,9.066667,0.41393057,East Kalimantan
2021-06-14 00:00:00+00:00,25.605917,5.0000005,0.41383338,East Kalimantan
2021-06-15 00:00:00+00:00,25.38022,1.0,0.41277778,East Kalimantan
2021-06-16 00:00:00+00:00,25.878832,1.3666668,0.41166666,East Kalimantan
2021-06-17 00:00:00+00:00,26.159388,6.2333336,0.40847215,East Kalimantan
2021-06-18 00:00:00+00:00,24.914251,6.7000003,0.40718058,East Kalimantan
2021-06-19 00:00:00+00:00,25.708694,7.0333333,0.40718055,East Kalimantan
2021-06-20 00:00:00+00:00,25.986471,6.6333337,0.40794447,East Kalimantan
2021-06-21 00:00:00+00:00,25.941336,17.300001,0.41015276,East Kalimantan
2021-06-22 00:00:00+00:00,26.198973,2.3333333,0.41218054,East Kalimantan
2021-06-23 00:00:00+00:00,26.057304,6.5333333,0.41205552,East Kalimantan
2021-06-24 00:00:00+00:00,25.701056,13.900001,0.41334715,East Kalimantan
2021-06-25 00:00:00+00:00,24.799667,7.4,0.42143056,East Kalimantan
2021-06-26 00:00:00+00:00,26.18786,9.233334,0.4211111,East Kalimantan
2021-06-27 00:00:00+00:00,25.55661,11.266667,0.42062497,East Kalimantan
2021-06-28 00:00:00+00:00,25.557304,6.466667,0.4205555,East Kalimantan
2021-06-29 00:00:00+00:00,25.585777,13.0666685,0.41934717,East Kalimantan
2021-06-30 00:00:00+00:00,25.65175,11.3,0.41895834,East Kalimantan
2021-07-01 00:00:00+00:00,25.329529,10.166667,0.41863894,East Kalimantan
2021-07-02 00:00:00+00:00,25.483694,7.3333335,0.41993055,East Kalimantan
2021-07-03 00:00:00+00:00,25.122583,8.433333,0.42426386,East Kalimantan
2021-07-04 00:00:00+00:00,25.442719,8.7,0.4266111,East Kalimantan
2021-07-05 00:00:00+00:00,26.274666,1.0,0.426875,East Kalimantan
2021-07-06 00:00:00+00:00,25.469803,1.7666665,0.42624998,East Kalimantan
2021-07-07 00:00:00+00:00,25.939947,4.0666666,0.42525005,East Kalimantan
2021-07-08 00:00:00+00:00,25.153833,15.3,0.42486116,East Kalimantan
2021-07-09 00:00:00+00:00,24.796194,10.466667,0.42829165,East Kalimantan
2021-07-10 00:00:00+00:00,26.552444,3.2666667,0.42744446,East Kalimantan
2021-07-11 00:00:00+00:00,25.230219,9.533334,0.4262223,East Kalimantan
2021-07-12 00:00:00+00:00,25.189249,7.733333,0.42570844,East Kalimantan
2021-07-13 00:00:00+00:00,25.980917,15.700001,0.42663887,East Kalimantan
2021-07-14 00:00:00+00:00,24.955221,19.100002,0.43047217,East Kalimantan
2021-07-15 00:00:00+00:00,24.719805,11.966667,0.43699995,East Kalimantan
2021-07-16 00:00:00+00:00,23.489944,6.6666665,0.44943056,East Kalimantan
2021-07-17 00:00:00+00:00,24.99203,2.2666667,0.45362496,East Kalimantan
2021-07-18 00:00:00+00:00,26.490639,2.3666666,0.45252773,East Kalimantan
2021-07-19 00:00:00+00:00,26.635778,1.9333334,0.45106938,East Kalimantan
2021-07-20 00:00:00+00:00,26.213554,10.5,0.4503472,East Kalimantan
2021-07-21 00:00:00+00:00,25.33786,11.866666,0.45059726,East Kalimantan
2021-07-22 00:00:00+00:00,26.128832,1.4333333,0.4503889,East Kalimantan
2021-07-23 00:00:00+00:00,27.178831,0.06666667,0.4484305,East Kalimantan
2021-07-24 00:00:00+00:00,26.716331,4.133333,0.44563887,East Kalimantan
2021-07-25 00:00:00+00:00,26.740639,0.7666667,0.4437779,East Kalimantan
2021-07-26 00:00:00+00:00,26.912165,5.433334,0.44190276,East Kalimantan
2021-07-27 00:00:00+00:00,26.57258,0.4666667,0.43934727,East Kalimantan
2021-07-28 00:00:00+00:00,27.203138,1.4666667,0.43631947,East Kalimantan
2021-07-29 00:00:00+00:00,26.338554,6.2333336,0.4343611,East Kalimantan
2021-07-30 00:00:00+00:00,26.265638,5.5,0.43411112,East Kalimantan
2021-07-31 00:00:00+00:00,25.832304,5.266667,0.43368062,East Kalimantan
2021-08-01 00:00:00+00:00,25.933,5.866667,0.4329445,East Kalimantan
2021-08-02 00:00:00+00:00,26.373278,5.0333333,0.43165287,East Kalimantan
2021-08-03 00:00:00+00:00,26.417028,4.1666665,0.43026385,East Kalimantan
2021-08-04 00:00:00+00:00,27.024664,6.0,0.42826387,East Kalimantan
2021-08-05 00:00:00+00:00,26.178137,13.633334,0.4263889,East Kalimantan
2021-08-06 00:00:00+00:00,25.86286,7.2666664,0.42693058,East Kalimantan
2021-08-07 00:00:00+00:00,26.28508,6.433333,0.42597225,East Kalimantan
2021-08-08 00:00:00+00:00,25.919806,10.233335,0.42458335,East Kalimantan
2021-08-09 00:00:00+00:00,26.50453,3.7333333,0.42272222,East Kalimantan
2021-08-10 00:00:00+00:00,25.928137,6.1333337,0.42186114,East Kalimantan
2021-08-11 00:00:00+00:00,25.943419,11.066667,0.42104164,East Kalimantan
2021-08-12 00:00:00+00:00,25.643415,14.266666,0.42040268,East Kalimantan
2021-08-13 00:00:00+00:00,24.47397,25.1,0.43119442,East Kalimantan
2021-08-14 00:00:00+00:00,25.2705,8.400001,0.43555558,East Kalimantan
2021-08-15 00:00:00+00:00,26.101053,6.8333335,0.43616664,East Kalimantan
2021-08-16 00:00:00+00:00,25.557302,12.966667,0.43638888,East Kalimantan
2021-08-17 00:00:00+00:00,25.092722,7.3333335,0.43856946,East Kalimantan
2021-08-18 00:00:00+00:00,25.809387,10.633334,0.43745837,East Kalimantan
2021-08-19 00:00:00+00:00,24.948973,17.166666,0.44043052,East Kalimantan
2021-08-20 00:00:00+00:00,25.127443,10.066668,0.44322225,East Kalimantan
2021-08-21 00:00:00+00:00,25.302444,15.866666,0.45006952,East Kalimantan
2021-08-22 00:00:00+00:00,24.432999,9.933334,0.4587778,East Kalimantan
2021-08-23 00:00:00+00:00,24.562166,5.633333,0.46206936,East Kalimantan
2021-08-24 00:00:00+00:00,25.142027,13.100001,0.46233335,East Kalimantan
2021-08-25 00:00:00+00:00,24.814249,13.966666,0.46330556,East Kalimantan
2021-08-26 00:00:00+00:00,25.237862,17.466665,0.46988893,East Kalimantan
2021-08-27 00:00:00+00:00,25.321196,24.633333,0.4768333,East Kalimantan
2021-08-28 00:00:00+00:00,24.08786,7.6999993,0.4828056,East Kalimantan
2021-08-29 00:00:00+00:00,26.074667,13.366666,0.48013893,East Kalimantan
2021-08-30 00:00:00+00:00,25.152445,11.733334,0.4804167,East Kalimantan
2021-08-31 00:00:00+00:00,25.092722,11.733334,0.47752783,East Kalimantan
2021-09-01 00:00:00+00:00,25.664251,10.2,0.47581944,East Kalimantan
2021-09-02 00:00:00+00:00,24.859388,17.866667,0.47754166,East Kalimantan
2021-09-03 00:00:00+00:00,24.129526,25.666666,0.48101386,East Kalimantan
2021-09-04 00:00:00+00:00,25.031609,18.1,0.47252774,East Kalimantan
2021-09-05 00:00:00+00:00,25.233694,13.833335,0.4712222,East Kalimantan
2021-09-06 00:00:00+00:00,25.185776,8.133333,0.4704028,East Kalimantan
2021-09-07 00:00:00+00:00,25.806612,8.966667,0.46598616,East Kalimantan
2021-09-08 00:00:00+00:00,25.476057,14.433334,0.4622778,East Kalimantan
2021-09-09 00:00:00+00:00,25.446196,12.7,0.45887497,East Kalimantan
2021-09-10 00:00:00+00:00,26.116333,9.233334,0.45601383,East Kalimantan
2021-09-11 00:00:00+00:00,25.75036,12.233334,0.45705557,East Kalimantan
2021-09-12 00:00:00+00:00,24.512167,15.600001,0.46126387,East Kalimantan
2021-09-13 00:00:00+00:00,24.768417,2.1666665,0.46229163,East Kalimantan
2021-09-14 00:00:00+00:00,26.07189,13.400001,0.46,East Kalimantan
2021-09-15 00:00:00+00:00,24.278833,20.633333,0.46454167,East Kalimantan
2021-09-16 00:00:00+00:00,24.409388,6.366667,0.4679861,East Kalimantan
2021-09-17 00:00:00+00:00,26.082306,2.5333333,0.46561107,East Kalimantan
2021-09-18 00:00:00+00:00,26.051054,7.3666663,0.46105552,East Kalimantan
2021-09-19 00:00:00+00:00,26.833,3.7333329,0.45536104,East Kalimantan
2021-09-20 00:00:00+00:00,25.548971,16.133333,0.45612502,East Kalimantan
2021-09-21 00:00:00+00:00,24.195501,17.766666,0.4635972,East Kalimantan
2021-09-22 00:00:00+00:00,24.945501,2.0000002,0.46668056,East Kalimantan
2021-09-23 00:00:00+00:00,25.971886,14.933333,0.46536112,East Kalimantan
2021-09-24 00:00:00+00:00,25.448278,6.6,0.466125,East Kalimantan
2021-09-25 00:00:00+00:00,26.3955,5.8999996,0.46515277,East Kalimantan
2021-09-26 00:00:00+00:00,26.055222,10.299999,0.46354172,East Kalimantan
2021-09-27 00:00:00+00:00,26.736473,4.2000003,0.46483335,East Kalimantan
2021-09-28 00:00:00+00:00,26.669806,14.466667,0.4668889,East Kalimantan
2021-09-29 00:00:00+00:00,25.800362,9.099999,0.4657917,East Kalimantan
2021-09-30 00:00:00+00:00,26.228834,11.400001,0.46463886,East Kalimantan
2021-10-01 00:00:00+00:00,25.55661,13.600001,0.46420833,East Kalimantan
2021-10-02 00:00:00+00:00,25.882303,6.9666667,0.46909723,East Kalimantan
2021-10-03 00:00:00+00:00,25.657305,23.533335,0.4700278,East Kalimantan
2021-10-04 00:00:00+00:00,24.279528,7.166666,0.47255555,East Kalimantan
2021-10-05 00:00:00+00:00,26.787169,1.7666668,0.47104168,East Kalimantan
2021-10-06 00:00:00+00:00,26.146887,8.0,0.4669583,East Kalimantan
2021-10-07 00:00:00+00:00,26.71078,2.1,0.462875,East Kalimantan
2021-10-08 00:00:00+00:00,26.61911,8.8,0.45825005,East Kalimantan
2021-10-09 00:00:00+00:00,27.492025,5.5,0.45348606,East Kalimantan
2021-10-10 00:00:00+00:00,25.753832,15.700001,0.45034727,East Kalimantan
2021-10-11 00:00:00+00:00,26.486473,8.766666,0.44912505,East Kalimantan
2021-10-12 00:00:00+00:00,26.926752,0.4666667,0.4488472,East Kalimantan
2021-10-13 00:00:00+00:00,27.89689,1.5333333,0.44630554,East Kalimantan
2021-10-14 00:00:00+00:00,26.044111,23.166666,0.4448333,East Kalimantan
2021-10-15 00:00:00+00:00,26.51911,9.333333,0.4504305,East Kalimantan
2021-10-16 00:00:00+00:00,26.96286,12.599999,0.45029166,East Kalimantan
2021-10-17 00:00:00+00:00,26.273275,9.3,0.44999996,East Kalimantan
2021-10-18 00:00:00+00:00,26.235779,5.433334,0.44961107,East Kalimantan
2021-10-19 00:00:00+00:00,25.971888,21.199999,0.4509722,East Kalimantan
2021-10-20 00:00:00+00:00,26.348274,2.6000001,0.45390275,East Kalimantan
2021-10-21 00:00:00+00:00,25.441332,17.166666,0.45273614,East Kalimantan
2021-10-22 00:00:00+00:00,25.306612,8.3,0.45405558,East Kalimantan
2021-10-23 00:00:00+00:00,26.284388,2.9333334,0.45138893,East Kalimantan
2021-10-24 00:00:00+00:00,26.748972,3.2666664,0.44715276,East Kalimantan
2021-10-25 00:00:00+00:00,26.514944,6.233333,0.44218054,East Kalimantan
2021-10-26 00:00:00+00:00,25.866335,10.3,0.43848613,East Kalimantan
2021-10-27 00:00:00+00:00,26.764252,5.0333333,0.4362917,East Kalimantan
2021-10-28 00:00:00+00:00,25.871193,18.133333,0.43702778,East Kalimantan
2021-10-29 00:00:00+00:00,25.508001,16.066668,0.44056943,East Kalimantan
2021-10-30 00:00:00+00:00,25.108694,10.400001,0.44829163,East Kalimantan
2021-10-31 00:00:00+00:00,26.637861,3.7666667,0.44663897,East Kalimantan
2021-11-01 00:00:00+00:00,26.676748,9.0,0.4444306,East Kalimantan
2021-11-02 00:00:00+00:00,25.42189,6.033333,0.44609722,East Kalimantan
2021-11-03 00:00:00+00:00,26.21911,13.266666,0.44701394,East Kalimantan
2021-11-04 00:00:00+00:00,25.901054,25.933334,0.4556111,East Kalimantan
2021-11-05 00:00:00+00:00,25.112862,10.133334,0.46637496,East Kalimantan
2021-11-06 00:00:00+00:00,26.324667,7.5,0.46463883,East Kalimantan
2021-11-07 00:00:00+00:00,26.188553,16.033335,0.46555552,East Kalimantan
2021-11-08 00:00:00+00:00,25.194807,12.533334,0.473125,East Kalimantan
2021-11-09 00:00:00+00:00,26.008001,12.433334,0.47062495,East Kalimantan
2021-11-10 00:00:00+00:00,25.797585,14.166668,0.4717361,East Kalimantan
2021-11-11 00:00:00+00:00,25.657999,19.766665,0.47373614,East Kalimantan
2021-11-12 00:00:00+00:00,25.083002,26.066668,0.47613892,East Kalimantan
2021-11-13 00:00:00+00:00,24.557306,8.8,0.4805417,East Kalimantan
2021-11-14 00:00:00+00:00,25.489944,23.26667,0.4778056,East Kalimantan
2021-11-15 00:00:00+00:00,25.491331,17.833334,0.48,East Kalimantan
2021-11-16 00:00:00+00:00,24.923973,13.0,0.47497225,East Kalimantan
2021-11-17 00:00:00+00:00,25.787165,12.100001,0.46820828,East Kalimantan
2021-11-18 00:00:00+00:00,26.049665,26.433332,0.4634305,East Kalimantan
2021-11-19 00:00:00+00:00,25.342722,21.5,0.47483337,East Kalimantan
2021-11-20 00:00:00+00:00,25.83925,13.166667,0.4799445,East Kalimantan
2021-11-21 00:00:00+00:00,26.626055,10.000001,0.4731666,East Kalimantan
2021-11-22 00:00:00+00:00,26.696192,5.5333333,0.46676397,East Kalimantan
2021-11-23 00:00:00+00:00,26.31286,15.733334,0.4614861,East Kalimantan
2021-11-24 00:00:00+00:00,25.290642,23.266668,0.46815285,East Kalimantan
2021-11-25 00:00:00+00:00,25.88022,22.699999,0.4701806,East Kalimantan
2021-11-26 00:00:00+00:00,25.485085,19.300001,0.4737083,East Kalimantan
2021-11-27 00:00:00+00:00,26.126055,36.366665,0.47698608,East Kalimantan
2021-11-28 00:00:00+00:00,24.792719,20.333334,0.4793056,East Kalimantan
2021-11-29 00:00:00+00:00,24.823275,5.0,0.47800002,East Kalimantan
2021-11-30 00:00:00+00:00,25.998972,7.6000004,0.47043052,East Kalimantan
2021-12-01 00:00:00+00:00,26.966333,2.1,0.4625416,East Kalimantan
2021-12-02 00:00:00+00:00,26.883692,11.633332,0.45608333,East Kalimantan
2021-12-03 00:00:00+00:00,26.129526,25.6,0.45212498,East Kalimantan
2021-12-04 00:00:00+00:00,25.422583,9.033334,0.4550139,East Kalimantan
2021-12-05 00:00:00+00:00,25.76008,19.96667,0.4530138,East Kalimantan
2021-12-06 00:00:00+00:00,25.517721,6.8000007,0.45318058,East Kalimantan
2021-12-07 00:00:00+00:00,25.883001,10.633332,0.4521667,East Kalimantan
2021-12-08 00:00:00+00:00,25.712168,6.433334,0.45145833,East Kalimantan
2021-12-09 00:00:00+00:00,26.271889,13.900001,0.45101383,East Kalimantan
2021-12-10 00:00:00+00:00,25.60939,12.566667,0.45465276,East Kalimantan
2021-12-11 00:00:00+00:00,26.192724,11.899999,0.45601383,East Kalimantan
2021-12-12 00:00:00+00:00,26.064947,2.3666668,0.45722213,East Kalimantan
2021-12-13 00:00:00+00:00,26.143417,13.766667,0.4540417,East Kalimantan
2021-12-14 00:00:00+00:00,25.426748,13.366668,0.45856938,East Kalimantan
2021-12-15 00:00:00+00:00,25.680222,6.6,0.46840277,East Kalimantan
2021-12-16 00:00:00+00:00,26.307304,8.766666,0.4678611,East Kalimantan
2021-12-17 00:00:00+00:00,26.482306,15.700001,0.46898612,East Kalimantan
2021-12-18 00:00:00+00:00,25.726751,32.766666,0.4735972,East Kalimantan
2021-12-19 00:00:00+00:00,25.418417,14.133334,0.47754166,East Kalimantan
2021-12-20 00:00:00+00:00,25.319803,11.700001,0.47916663,East Kalimantan
2021-12-21 00:00:00+00:00,25.397583,10.5,0.47544447,East Kalimantan
2021-12-22 00:00:00+00:00,25.221191,29.333334,0.47380552,East Kalimantan
2021-12-23 00:00:00+00:00,24.95314,2.7333336,0.47572222,East Kalimantan
2021-12-24 00:00:00+00:00,25.569807,9.700001,0.47152773,East Kalimantan
2021-12-25 00:00:00+00:00,25.544113,5.8999996,0.46634725,East Kalimantan
2021-12-26 00:00:00+00:00,25.703835,34.766663,0.46752784,East Kalimantan
2021-12-27 00:00:00+00:00,25.158693,12.7,0.4827222,East Kalimantan
2021-12-28 00:00:00+00:00,25.105219,18.666668,0.48388895,East Kalimantan
2021-12-29 00:00:00+00:00,25.083002,18.566666,0.48383334,East Kalimantan
2021-12-30 00:00:00+00:00,26.121887,5.7666664,0.48220837,East Kalimantan
2021-12-31 00:00:00+00:00,26.102448,8.166667,0.47476384,East Kalimantan
2022-01-01 00:00:00+00:00,26.074667,9.833333,0.46756944,East Kalimantan
2022-01-02 00:00:00+00:00,25.61286,16.866667,0.46387497,East Kalimantan
2022-01-03 00:00:00+00:00,25.01425,15.166667,0.46208334,East Kalimantan
2022-01-04 00:00:00+00:00,24.955915,10.666667,0.4596666,East Kalimantan
2022-01-05 00:00:00+00:00,25.622583,15.333333,0.45694438,East Kalimantan
2022-01-06 00:00:00+00:00,25.395498,6.433333,0.45923615,East Kalimantan
2022-01-07 00:00:00+00:00,25.071196,20.533333,0.4603889,East Kalimantan
2022-01-08 00:00:00+00:00,25.310083,2.6000001,0.4681667,East Kalimantan
2022-01-09 00:00:00+00:00,25.6455,22.599998,0.46530548,East Kalimantan
2022-01-10 00:00:00+00:00,25.42814,11.3,0.46116665,East Kalimantan
2022-01-11 00:00:00+00:00,25.287863,27.933334,0.45824996,East Kalimantan
2022-01-12 00:00:00+00:00,24.814947,10.133333,0.45272222,East Kalimantan
2022-01-13 00:00:00+00:00,24.637167,16.7,0.45488885,East Kalimantan
2022-01-14 00:00:00+00:00,25.307999,15.166667,0.45963883,East Kalimantan
2022-01-15 00:00:00+00:00,25.443415,7.366667,0.4611667,East Kalimantan
2022-01-16 00:00:00+00:00,24.873276,1.4333333,0.4620556,East Kalimantan
2022-01-17 00:00:00+00:00,25.971193,9.333333,0.45930552,East Kalimantan
2022-01-18 00:00:00+00:00,25.730223,17.366667,0.45741665,East Kalimantan
2022-01-19 00:00:00+00:00,24.542723,8.633333,0.45931947,East Kalimantan
2022-01-20 00:00:00+00:00,24.977442,39.5,0.46673617,East Kalimantan
2022-01-21 00:00:00+00:00,24.742025,8.099999,0.47422227,East Kalimantan
2022-01-22 00:00:00+00:00,25.989252,32.033337,0.47627783,East Kalimantan
2022-01-23 00:00:00+00:00,25.96911,14.400002,0.4803195,East Kalimantan
2022-01-24 00:00:00+00:00,25.785082,19.433334,0.47780558,East Kalimantan
2022-01-25 00:00:00+00:00,25.430916,19.166666,0.48072222,East Kalimantan
2022-01-26 00:00:00+00:00,25.948278,9.366668,0.4777917,East Kalimantan
2022-01-27 00:00:00+00:00,26.017723,22.199999,0.47790274,East Kalimantan
2022-01-28 00:00:00+00:00,24.672583,11.933333,0.48459724,East Kalimantan
2022-01-29 00:00:00+00:00,25.900362,6.2000003,0.48234722,East Kalimantan
2022-01-30 00:00:00+00:00,26.301752,5.2999997,0.4767084,East Kalimantan
2022-01-31 00:00:00+00:00,26.135778,5.966667,0.4706389,East Kalimantan
2022-02-01 00:00:00+00:00,26.641333,0.13333334,0.46629167,East Kalimantan
2022-02-02 00:00:00+00:00,26.653833,1.3000001,0.4600972,East Kalimantan
2022-02-03 00:00:00+00:00,26.698278,4.6666665,0.45297217,East Kalimantan
2022-02-04 00:00:00+00:00,26.157999,3.7,0.44681945,East Kalimantan
2022-02-05 00:00:00+00:00,26.231611,21.466667,0.44413888,East Kalimantan
2022-02-06 00:00:00+00:00,25.342028,13.566667,0.44663885,East Kalimantan
2022-02-07 00:00:00+00:00,25.196198,10.200001,0.4449583,East Kalimantan
2022-02-08 00:00:00+00:00,25.308695,11.366666,0.44181943,East Kalimantan
2022-02-09 00:00:00+00:00,25.128832,6.6,0.43895832,East Kalimantan
2022-02-10 00:00:00+00:00,25.166334,24.333334,0.4390417,East Kalimantan
2022-02-11 00:00:00+00:00,24.787863,23.066666,0.44875002,East Kalimantan
2022-02-12 00:00:00+00:00,25.068415,8.066667,0.4541111,East Kalimantan
2022-02-13 00:00:00+00:00,25.966333,5.3333335,0.45394444,East Kalimantan
2022-02-14 00:00:00+00:00,26.012857,15.8,0.452,East Kalimantan
2022-02-15 00:00:00+00:00,25.151749,31.166666,0.45504165,East Kalimantan
2022-02-16 00:00:00+00:00,25.326752,6.3333335,0.4555278,East Kalimantan
2022-02-17 00:00:00+00:00,25.819109,20.366667,0.45645833,East Kalimantan
2022-02-18 00:00:00+00:00,25.055914,16.700003,0.45594454,East Kalimantan
2022-02-19 00:00:00+00:00,24.680223,17.033335,0.45848608,East Kalimantan
2022-02-20 00:00:00+00:00,24.721193,7.5,0.46416667,East Kalimantan
2022-02-21 00:00:00+00:00,24.569113,11.8,0.46586108,East Kalimantan
2022-02-22 00:00:00+00:00,25.072584,21.900002,0.4637917,East Kalimantan
2022-02-23 00:00:00+00:00,25.1705,16.266666,0.46319446,East Kalimantan
2022-02-24 00:00:00+00:00,25.396194,6.1999993,0.46456948,East Kalimantan
2022-02-25 00:00:00+00:00,25.937166,3.866666,0.46262494,East Kalimantan
2022-02-26 00:00:00+00:00,27.001055,5.366667,0.458375,East Kalimantan
2022-02-27 00:00:00+00:00,26.847582,1.4666666,0.45323613,East Kalimantan
2022-02-28 00:00:00+00:00,26.401749,2.8999999,0.44791663,East Kalimantan
2022-03-01 00:00:00+00:00,26.90036,5.0333333,0.44163886,East Kalimantan
2022-03-02 00:00:00+00:00,25.563553,19.433334,0.43943056,East Kalimantan
2022-03-03 00:00:00+00:00,25.620499,8.733334,0.43719444,East Kalimantan
2022-03-04 00:00:00+00:00,25.45314,27.766668,0.43530557,East Kalimantan
2022-03-05 00:00:00+00:00,24.80661,12.8,0.44015273,East Kalimantan
2022-03-06 00:00:00+00:00,25.59758,30.0,0.445375,East Kalimantan
2022-03-07 00:00:00+00:00,25.10314,11.133334,0.45568052,East Kalimantan
2022-03-08 00:00:00+00:00,26.539942,10.166666,0.45680547,East Kalimantan
2022-03-09 00:00:00+00:00,26.004526,6.4999995,0.4595139,East Kalimantan
2022-03-10 00:00:00+00:00,26.30175,16.133333,0.45984718,East Kalimantan
2022-03-11 00:00:00+00:00,26.313553,16.333334,0.46554172,East Kalimantan
2022-03-12 00:00:00+00:00,25.552444,14.400001,0.46343052,East Kalimantan
2022-03-13 00:00:00+00:00,24.426056,16.133333,0.46676388,East Kalimantan
2022-03-14 00:00:00+00:00,26.726057,2.4666665,0.46540275,East Kalimantan
2022-03-15 00:00:00+00:00,26.564249,24.233332,0.4622639,East Kalimantan
2022-03-16 00:00:00+00:00,25.787169,10.066667,0.4715139,East Kalimantan
2022-03-17 00:00:00+00:00,26.190638,27.066666,0.47506943,East Kalimantan
2022-03-18 00:00:00+00:00,25.358002,20.466667,0.47895834,East Kalimantan
2022-03-19 00:00:00+00:00,26.106611,29.200003,0.4717361,East Kalimantan
2022-03-20 00:00:00+00:00,24.941332,5.766668,0.46729168,East Kalimantan
2022-03-21 00:00:00+00:00,26.128836,25.766668,0.46630552,East Kalimantan
2022-03-22 00:00:00+00:00,25.561472,7.2000003,0.4695138,East Kalimantan
2022-03-23 00:00:00+00:00,25.873278,4.7666664,0.46559724,East Kalimantan
2022-03-24 00:00:00+00:00,26.364252,3.9333332,0.4606806,East Kalimantan
2022-03-25 00:00:00+00:00,25.78647,13.666667,0.4559861,East Kalimantan
2022-03-26 00:00:00+00:00,26.49411,11.599999,0.45115277,East Kalimantan
2022-03-27 00:00:00+00:00,25.178139,7.8000007,0.45333338,East Kalimantan
2022-03-28 00:00:00+00:00,26.258001,16.499998,0.45083332,East Kalimantan
2022-03-29 00:00:00+00:00,26.117722,6.1666665,0.44690278,East Kalimantan
2022-03-30 00:00:00+00:00,25.925362,5.633333,0.44525003,East Kalimantan
2022-03-31 00:00:00+00:00,26.471891,15.866668,0.44262502,East Kalimantan
2022-04-01 00:00:00+00:00,26.077444,5.5,0.44011107,East Kalimantan
2022-04-02 00:00:00+00:00,25.863556,19.966667,0.44016662,East Kalimantan
2022-04-03 00:00:00+00:00,25.157999,2.6000001,0.44284716,East Kalimantan
2022-04-04 00:00:00+00:00,25.705223,25.166666,0.44459724,East Kalimantan
2022-04-05 00:00:00+00:00,25.367027,7.7666664,0.45199993,East Kalimantan
2022-04-06 00:00:00+00:00,25.471888,19.133337,0.45602778,East Kalimantan
2022-04-07 00:00:00+00:00,26.364944,6.2666664,0.45815277,East Kalimantan
2022-04-08 00:00:00+00:00,26.078833,6.4666667,0.456875,East Kalimantan
2022-04-09 00:00:00+00:00,26.262861,9.6,0.4546528,East Kalimantan
2022-04-10 00:00:00+00:00,26.367027,7.2000003,0.45602775,East Kalimantan
2022-04-11 00:00:00+00:00,25.93439,3.966667,0.45463887,East Kalimantan
2022-04-12 00:00:00+00:00,26.343416,21.433334,0.45276392,East Kalimantan
2022-04-13 00:00:00+00:00,25.861473,2.2666667,0.4529861,East Kalimantan
2022-04-14 00:00:00+00:00,26.589249,12.900001,0.45051393,East Kalimantan
2022-04-15 00:00:00+00:00,26.089945,15.833333,0.44841668,East Kalimantan
2022-04-16 00:00:00+00:00,24.943419,20.366667,0.45548615,East Kalimantan
2022-04-17 00:00:00+00:00,26.589249,3.3333333,0.45694447,East Kalimantan
2022-04-18 00:00:00+00:00,27.039251,8.833333,0.45448613,East Kalimantan
2022-04-19 00:00:00+00:00,26.08439,21.700003,0.4536667,East Kalimantan
2022-04-20 00:00:00+00:00,25.73786,17.5,0.45591664,East Kalimantan
2022-04-21 00:00:00+00:00,25.947584,16.933334,0.45790276,East Kalimantan
2022-04-22 00:00:00+00:00,25.074667,10.233334,0.45869446,East Kalimantan
2022-04-23 00:00:00+00:00,26.910086,4.2000003,0.45624998,East Kalimantan
2022-04-24 00:00:00+00:00,26.584387,13.899999,0.45352772,East Kalimantan
2022-04-25 00:00:00+00:00,25.229528,11.866669,0.45731947,East Kalimantan
2022-04-26 00:00:00+00:00,26.299667,26.466667,0.45833334,East Kalimantan
2022-04-27 00:00:00+00:00,25.65522,7.0000014,0.47302774,East Kalimantan
2022-04-28 00:00:00+00:00,26.2455,13.899999,0.46977773,East Kalimantan
2022-04-29 00:00:00+00:00,26.860083,1.6666665,0.46706942,East Kalimantan
2022-04-30 00:00:00+00:00,26.11425,6.6666665,0.4610833,East Kalimantan
2022-05-01 00:00:00+00:00,26.669113,5.1,0.4557222,East Kalimantan
2022-05-02 00:00:00+00:00,26.22814,10.533334,0.4516528,East Kalimantan
2022-05-03 00:00:00+00:00,26.914942,28.366669,0.45012498,East Kalimantan
2022-05-04 00:00:00+00:00,25.627447,20.566668,0.44956943,East Kalimantan
2022-05-05 00:00:00+00:00,26.301748,4.6666665,0.4560834,East Kalimantan
2022-05-06 00:00:00+00:00,26.397583,9.0,0.45576382,East Kalimantan
2022-05-07 00:00:00+00:00,26.444109,14.733335,0.452,East Kalimantan
2022-05-08 00:00:00+00:00,26.021194,17.566666,0.45180556,East Kalimantan
2022-05-09 00:00:00+00:00,25.839249,21.400002,0.45865282,East Kalimantan
2022-05-10 00:00:00+00:00,25.592722,3.3333333,0.4680139,East Kalimantan
2022-05-11 00:00:00+00:00,27.228834,20.933334,0.46670833,East Kalimantan
2022-05-12 00:00:00+00:00,25.956612,13.133335,0.4741944,East Kalimantan
2022-05-13 00:00:00+00:00,26.295496,17.533333,0.47559726,East Kalimantan
2022-05-14 00:00:00+00:00,26.021889,8.366667,0.4804999,East Kalimantan
2022-05-15 00:00:00+00:00,26.533697,8.033334,0.47981954,East Kalimantan
2022-05-16 00:00:00+00:00,26.260778,22.033333,0.47994447,East Kalimantan
2022-05-17 00:00:00+00:00,25.621193,15.033334,0.48220837,East Kalimantan
2022-05-18 00:00:00+00:00,26.264944,17.866667,0.48006952,East Kalimantan
2022-05-19 00:00:00+00:00,26.536469,18.966665,0.4775972,East Kalimantan
2022-05-20 00:00:00+00:00,25.532305,19.166666,0.4752778,East Kalimantan
2022-05-21 00:00:00+00:00,25.017723,20.300001,0.47706947,East Kalimantan
2022-05-22 00:00:00+00:00,26.320498,15.700001,0.47826385,East Kalimantan
2022-05-23 00:00:00+00:00,26.481611,3.2,0.48052776,East Kalimantan
2022-05-24 00:00:00+00:00,26.646889,5.633333,0.47636107,East Kalimantan
2022-05-25 00:00:00+00:00,26.194113,20.5,0.47295833,East Kalimantan
2022-05-26 00:00:00+00:00,26.048973,7.200001,0.4759167,East Kalimantan
2022-05-27 00:00:00+00:00,25.29064,8.433333,0.47344446,East Kalimantan
2022-05-28 00:00:00+00:00,26.5205,1.9333333,0.4679306,East Kalimantan
2022-05-29 00:00:00+00:00,25.805914,10.666667,0.4620277,East Kalimantan
2022-05-30 00:00:00+00:00,26.991335,0.0,0.45684728,East Kalimantan
2022-05-31 00:00:00+00:00,27.21564,3.1000004,0.4507639,East Kalimantan
2022-06-01 00:00:00+00:00,26.699667,9.7,0.44422224,East Kalimantan
2022-06-02 00:00:00+00:00,26.496193,8.466666,0.4397777,East Kalimantan
2022-06-03 00:00:00+00:00,25.461473,15.900001,0.4387083,East Kalimantan
2022-06-04 00:00:00+00:00,25.381609,5.6666665,0.43869448,East Kalimantan
2022-06-05 00:00:00+00:00,26.273972,7.7000003,0.4349722,East Kalimantan
2022-06-06 00:00:00+00:00,26.236471,6.4666667,0.4347222,East Kalimantan
2022-06-07 00:00:00+00:00,25.137861,9.866668,0.43609723,East Kalimantan
2022-06-08 00:00:00+00:00,26.427444,1.8666668,0.43422222,East Kalimantan
2022-06-09 00:00:00+00:00,25.303139,5.7000003,0.43193054,East Kalimantan
2022-06-10 00:00:00+00:00,26.153831,6.066667,0.430625,East Kalimantan
2022-06-11 00:00:00+00:00,25.988556,5.6000004,0.4286944,East Kalimantan
2022-06-12 00:00:00+00:00,25.33578,6.966667,0.42711106,East Kalimantan
2022-06-13 00:00:00+00:00,25.739248,4.0666666,0.42568055,East Kalimantan
2022-06-14 00:00:00+00:00,25.36286,7.1,0.42500007,East Kalimantan
2022-06-15 00:00:00+00:00,25.364248,7.2333336,0.42409727,East Kalimantan
2022-06-16 00:00:00+00:00,25.060083,16.133333,0.42337498,East Kalimantan
2022-06-17 00:00:00+00:00,25.195498,12.3,0.4270555,East Kalimantan
2022-06-18 00:00:00+00:00,24.914251,12.8,0.4294305,East Kalimantan
2022-06-19 00:00:00+00:00,25.16147,10.3,0.42975006,East Kalimantan
2022-06-20 00:00:00+00:00,25.392721,3.9666665,0.42952776,East Kalimantan
2022-06-21 00:00:00+00:00,24.80314,19.733332,0.43045822,East Kalimantan
2022-06-22 00:00:00+00:00,25.301748,9.5,0.43170834,East Kalimantan
2022-06-23 00:00:00+00:00,24.996199,15.5,0.4310834,East Kalimantan
2022-06-24 00:00:00+00:00,25.105919,9.766666,0.43124995,East Kalimantan
2022-06-25 00:00:00+00:00,25.735083,5.1,0.43334723,East Kalimantan
2022-06-26 00:00:00+00:00,25.428835,3.9000003,0.4325972,East Kalimantan
2022-06-27 00:00:00+00:00,25.743416,8.666667,0.43073606,East Kalimantan
2022-06-28 00:00:00+00:00,25.382303,12.266667,0.42951393,East Kalimantan
2022-06-29 00:00:00+00:00,25.639946,15.533333,0.4292778,East Kalimantan
2022-06-30 00:00:00+00:00,25.567026,8.933333,0.43245837,East Kalimantan
2022-07-01 00:00:00+00:00,26.032999,3.8666666,0.43563882,East Kalimantan
2022-07-02 00:00:00+00:00,26.723974,11.099999,0.4357222,East Kalimantan
2022-07-03 00:00:00+00:00,26.296196,22.666666,0.43780556,East Kalimantan
2022-07-04 00:00:00+00:00,25.266335,4.5333333,0.43875,East Kalimantan
2022-07-05 00:00:00+00:00,25.993418,2.6333334,0.43879166,East Kalimantan
2022-07-06 00:00:00+00:00,25.784386,7.5,0.43737495,East Kalimantan
2022-07-07 00:00:00+00:00,26.11911,14.333333,0.43772224,East Kalimantan
2022-07-08 00:00:00+00:00,25.460081,14.233334,0.44162503,East Kalimantan
2022-07-09 00:00:00+00:00,24.762857,5.3999996,0.44958338,East Kalimantan
2022-07-10 00:00:00+00:00,25.873278,10.233334,0.451,East Kalimantan
2022-07-11 00:00:00+00:00,25.630915,6.200001,0.4547361,East Kalimantan
2022-07-12 00:00:00+00:00,26.280222,16.633333,0.45691666,East Kalimantan
2022-07-13 00:00:00+00:00,25.615639,23.866669,0.4589028,East Kalimantan
2022-07-14 00:00:00+00:00,24.377447,4.8666673,0.4607362,East Kalimantan
2022-07-15 00:00:00+00:00,25.718416,3.7666667,0.4592917,East Kalimantan
2022-07-16 00:00:00+00:00,26.182999,14.066666,0.4564583,East Kalimantan
2022-07-17 00:00:00+00:00,25.032305,7.299999,0.45648608,East Kalimantan
2022-07-18 00:00:00+00:00,24.985083,6.266668,0.45698616,East Kalimantan
2022-07-19 00:00:00+00:00,26.501749,0.6,0.45391658,East Kalimantan
2022-07-20 00:00:00+00:00,26.301056,2.9333334,0.45073614,East Kalimantan
2022-07-21 00:00:00+00:00,26.389946,12.266667,0.44744444,East Kalimantan
2022-07-22 00:00:00+00:00,25.483696,10.333333,0.4465278,East Kalimantan
2022-07-23 00:00:00+00:00,25.942026,8.133333,0.44523618,East Kalimantan
2022-07-24 00:00:00+00:00,26.007998,1.6,0.4434723,East Kalimantan
2022-07-25 00:00:00+00:00,25.834389,6.5333333,0.44161105,East Kalimantan
2022-07-26 00:00:00+00:00,25.842028,5.9,0.43898606,East Kalimantan
2022-07-27 00:00:00+00:00,24.860779,15.633334,0.4367777,East Kalimantan
2022-07-28 00:00:00+00:00,25.073278,6.9666667,0.43540278,East Kalimantan
2022-07-29 00:00:00+00:00,25.40661,18.866667,0.43604168,East Kalimantan
2022-07-30 00:00:00+00:00,25.022583,37.266666,0.44412503,East Kalimantan
2022-07-31 00:00:00+00:00,24.42675,5.933334,0.45343056,East Kalimantan
2022-08-01 00:00:00+00:00,25.257303,5.9666667,0.45695832,East Kalimantan
2022-08-02 00:00:00+00:00,25.858,8.966666,0.4551805,East Kalimantan
2022-08-03 00:00:00+00:00,25.19828,9.933333,0.45541668,East Kalimantan
2022-08-04 00:00:00+00:00,25.5455,12.3,0.4586945,East Kalimantan
2022-08-05 00:00:00+00:00,25.321198,5.8999996,0.4607362,East Kalimantan
2022-08-06 00:00:00+00:00,24.667028,5.3,0.45999992,East Kalimantan
2022-08-07 00:00:00+00:00,25.28022,1.3000001,0.45948616,East Kalimantan
2022-08-08 00:00:00+00:00,26.605223,1.6333333,0.45680547,East Kalimantan
2022-08-09 00:00:00+00:00,25.710777,13.166667,0.45366666,East Kalimantan
2022-08-10 00:00:00+00:00,25.44272,15.033334,0.45263895,East Kalimantan
2022-08-11 00:00:00+00:00,26.637861,6.0,0.4510139,East Kalimantan
2022-08-12 00:00:00+00:00,27.29689,2.1333332,0.44902778,East Kalimantan
2022-08-13 00:00:00+00:00,25.728834,23.333334,0.4515833,East Kalimantan
2022-08-14 00:00:00+00:00,25.178833,6.6333327,0.4572638,East Kalimantan
2022-08-15 00:00:00+00:00,26.271889,4.6666665,0.45734715,East Kalimantan
2022-08-16 00:00:00+00:00,25.493416,12.833333,0.45872223,East Kalimantan
2022-08-17 00:00:00+00:00,26.128836,10.833333,0.46033335,East Kalimantan
2022-08-18 00:00:00+00:00,25.80453,4.766667,0.46031937,East Kalimantan
2022-08-19 00:00:00+00:00,26.376749,4.3333335,0.45718053,East Kalimantan
2022-08-20 00:00:00+00:00,25.99689,6.1666665,0.45605543,East Kalimantan
2022-08-21 00:00:00+00:00,25.864248,5.1,0.45398617,East Kalimantan
2022-08-22 00:00:00+00:00,25.083694,16.4,0.45355558,East Kalimantan
2022-08-23 00:00:00+00:00,25.354528,13.200001,0.45440277,East Kalimantan
2022-08-24 00:00:00+00:00,25.225363,11.700001,0.45577773,East Kalimantan
2022-08-25 00:00:00+00:00,24.911474,11.900001,0.4568195,East Kalimantan
2022-08-26 00:00:00+00:00,25.37467,5.133333,0.46033332,East Kalimantan
2022-08-27 00:00:00+00:00,25.172583,9.266666,0.4617639,East Kalimantan
2022-08-28 00:00:00+00:00,24.77328,13.666667,0.46611115,East Kalimantan
2022-08-29 00:00:00+00:00,25.475363,5.5333333,0.46731946,East Kalimantan
2022-08-30 00:00:00+00:00,24.631613,22.233335,0.46908334,East Kalimantan
2022-08-31 00:00:00+00:00,25.266333,3.3333333,0.4710138,East Kalimantan
2022-09-01 00:00:00+00:00,26.488556,4.533334,0.46898612,East Kalimantan
2022-09-02 00:00:00+00:00,25.771193,6.133333,0.4662361,East Kalimantan
2022-09-03 00:00:00+00:00,25.710083,9.766666,0.46465278,East Kalimantan
2022-09-04 00:00:00+00:00,25.117025,27.633331,0.47004163,East Kalimantan
2022-09-05 00:00:00+00:00,23.943415,15.266667,0.4812639,East Kalimantan
2022-09-06 00:00:00+00:00,25.481611,0.56666666,0.48004162,East Kalimantan
2022-09-07 00:00:00+00:00,25.349665,16.066668,0.47323617,East Kalimantan
2022-09-08 00:00:00+00:00,25.235083,40.333332,0.47108337,East Kalimantan
2022-09-09 00:00:00+00:00,24.592026,11.766667,0.47630557,East Kalimantan
2022-09-10 00:00:00+00:00,25.52536,2.2666664,0.4745555,East Kalimantan
2022-09-11 00:00:00+00:00,24.955917,6.3333335,0.47030556,East Kalimantan
2022-09-12 00:00:00+00:00,26.202444,4.6666665,0.46701384,East Kalimantan
2022-09-13 00:00:00+00:00,24.903831,15.633334,0.46409717,East Kalimantan
2022-09-14 00:00:00+00:00,25.237862,4.4,0.46086112,East Kalimantan
2022-09-15 00:00:00+00:00,26.172585,3.8999996,0.45729163,East Kalimantan
2022-09-16 00:00:00+00:00,26.005224,5.266667,0.4543612,East Kalimantan
2022-09-17 00:00:00+00:00,26.062864,3.0333335,0.4511111,East Kalimantan
2022-09-18 00:00:00+00:00,26.653831,7.3333335,0.44675004,East Kalimantan
2022-09-19 00:00:00+00:00,25.667719,4.5,0.4430833,East Kalimantan
2022-09-20 00:00:00+00:00,25.276054,16.866667,0.44158337,East Kalimantan
2022-09-21 00:00:00+00:00,25.006613,2.0000002,0.44238886,East Kalimantan
2022-09-22 00:00:00+00:00,25.852446,12.533334,0.44102785,East Kalimantan
2022-09-23 00:00:00+00:00,26.287859,16.1,0.43969443,East Kalimantan
2022-09-24 00:00:00+00:00,25.24411,9.266666,0.43998608,East Kalimantan
2022-09-25 00:00:00+00:00,26.353834,2.8333333,0.44147226,East Kalimantan
2022-09-26 00:00:00+00:00,26.064941,3.2,0.44006944,East Kalimantan
2022-09-27 00:00:00+00:00,26.521889,0.9333334,0.4376806,East Kalimantan
2022-09-28 00:00:00+00:00,26.636473,13.966667,0.43477783,East Kalimantan
2022-09-29 00:00:00+00:00,25.12189,14.466668,0.43270835,East Kalimantan
2022-09-30 00:00:00+00:00,26.646887,4.1,0.43197218,East Kalimantan
2022-10-01 00:00:00+00:00,25.835081,10.066667,0.43109715,East Kalimantan
2022-10-02 00:00:00+00:00,25.385778,18.133333,0.431375,East Kalimantan
2022-10-03 00:00:00+00:00,24.846193,18.033333,0.4359306,East Kalimantan
2022-10-04 00:00:00+00:00,25.924665,13.8,0.43652773,East Kalimantan
2022-10-05 00:00:00+00:00,24.821196,16.2,0.44543055,East Kalimantan
2022-10-06 00:00:00+00:00,25.296888,7.933333,0.4470278,East Kalimantan
2022-10-07 00:00:00+00:00,25.996193,8.133333,0.44676384,East Kalimantan
2022-10-08 00:00:00+00:00,25.785082,21.866669,0.44716668,East Kalimantan
2022-10-09 00:00:00+00:00,24.675364,27.9,0.45758334,East Kalimantan
2022-10-10 00:00:00+00:00,25.75453,10.233333,0.4686528,East Kalimantan
2022-10-11 00:00:00+00:00,25.742025,10.166667,0.4694444,East Kalimantan
2022-10-12 00:00:00+00:00,25.826752,8.2,0.47333336,East Kalimantan
2022-10-13 00:00:00+00:00,26.305916,1.1666666,0.4758334,East Kalimantan
2022-10-14 00:00:00+00:00,26.450361,13.366666,0.47279164,East Kalimantan
2022-10-15 00:00:00+00:00,26.278833,17.833334,0.4759167,East Kalimantan
2022-10-16 00:00:00+00:00,25.959389,15.966667,0.4794028,East Kalimantan
2022-10-17 00:00:00+00:00,25.6705,28.166664,0.48269442,East Kalimantan
2022-10-18 00:00:00+00:00,26.096888,10.066667,0.48129162,East Kalimantan
2022-10-19 00:00:00+00:00,25.102442,5.966667,0.48008332,East Kalimantan
2022-10-20 00:00:00+00:00,26.683,17.833334,0.4754583,East Kalimantan
2022-10-21 00:00:00+00:00,25.882303,15.099999,0.47202778,East Kalimantan
2022-10-22 00:00:00+00:00,25.503141,3.0666666,0.47015277,East Kalimantan
2022-10-23 00:00:00+00:00,26.835775,10.966667,0.46540275,East Kalimantan
2022-10-24 00:00:00+00:00,25.90036,11.0,0.46693054,East Kalimantan
2022-10-25 00:00:00+00:00,26.351057,15.133335,0.47122216,East Kalimantan
2022-10-26 00:00:00+00:00,25.771889,12.933334,0.48049998,East Kalimantan
2022-10-27 00:00:00+00:00,25.966333,5.7333336,0.47993055,East Kalimantan
2022-10-28 00:00:00+00:00,26.001053,10.766667,0.4737778,East Kalimantan
2022-10-29 00:00:00+00:00,26.853834,2.0,0.46769443,East Kalimantan
2022-10-30 00:00:00+00:00,27.519114,0.46666667,0.46086112,East Kalimantan
2022-10-31 00:00:00+00:00,27.328138,1.5333334,0.45365274,East Kalimantan
2022-11-01 00:00:00+00:00,26.573278,10.766666,0.44631937,East Kalimantan
2022-11-02 00:00:00+00:00,25.503138,10.133333,0.4408472,East Kalimantan
2022-11-03 00:00:00+00:00,26.152443,21.066668,0.43851385,East Kalimantan
2022-11-04 00:00:00+00:00,25.568415,17.433332,0.43740273,East Kalimantan
2022-11-05 00:00:00+00:00,26.023277,10.233334,0.4378611,East Kalimantan
2022-11-06 00:00:00+00:00,25.460777,17.699999,0.43720838,East Kalimantan
2022-11-07 00:00:00+00:00,25.764944,4.2000003,0.43869448,East Kalimantan
2022-11-08 00:00:00+00:00,25.805222,16.933332,0.43973613,East Kalimantan
2022-11-09 00:00:00+00:00,25.959387,7.8000007,0.44509718,East Kalimantan
2022-11-10 00:00:00+00:00,25.762861,5.566666,0.44504166,East Kalimantan
2022-11-11 00:00:00+00:00,26.1205,14.466667,0.44487497,East Kalimantan
2022-11-12 00:00:00+00:00,25.949663,18.966665,0.44847223,East Kalimantan
2022-11-13 00:00:00+00:00,26.772583,13.633332,0.44968057,East Kalimantan
2022-11-14 00:00:00+00:00,25.752443,22.933334,0.4535139,East Kalimantan
2022-11-15 00:00:00+00:00,25.345503,15.100001,0.45970833,East Kalimantan
2022-11-16 00:00:00+00:00,25.77328,7.033333,0.46450004,East Kalimantan
2022-11-17 00:00:00+00:00,25.81286,14.833333,0.46184722,East Kalimantan
2022-11-18 00:00:00+00:00,25.331614,10.733333,0.46851388,East Kalimantan
2022-11-19 00:00:00+00:00,25.763556,1.2666668,0.47037503,East Kalimantan
2022-11-20 00:00:00+00:00,26.531614,10.833333,0.46659723,East Kalimantan
2022-11-21 00:00:00+00:00,25.814249,7.533333,0.46845832,East Kalimantan
2022-11-22 00:00:00+00:00,26.337166,7.6333337,0.4674028,East Kalimantan
2022-11-23 00:00:00+00:00,26.158693,19.4,0.46558332,East Kalimantan
2022-11-24 00:00:00+00:00,25.784391,5.4,0.46818057,East Kalimantan
2022-11-25 00:00:00+00:00,25.771887,20.066668,0.4689444,East Kalimantan
2022-11-26 00:00:00+00:00,25.487864,9.033333,0.47190273,East Kalimantan
2022-11-27 00:00:00+00:00,25.360779,7.4666657,0.47436115,East Kalimantan
2022-11-28 00:00:00+00:00,26.125364,15.733333,0.4755973,East Kalimantan
2022-11-29 00:00:00+00:00,25.787859,14.833333,0.4747084,East Kalimantan
2022-11-30 00:00:00+00:00,26.161469,7.966667,0.475,East Kalimantan
2022-12-01 00:00:00+00:00,25.126059,21.1,0.47420835,East Kalimantan
2022-12-02 00:00:00+00:00,25.852446,22.0,0.4726944,East Kalimantan
2022-12-03 00:00:00+00:00,25.19272,8.166667,0.47419444,East Kalimantan
2022-12-04 00:00:00+00:00,26.038557,11.100001,0.4749583,East Kalimantan
2022-12-05 00:00:00+00:00,25.707306,19.0,0.47408333,East Kalimantan
2022-12-06 00:00:00+00:00,25.527443,17.000002,0.47479162,East Kalimantan
2022-12-07 00:00:00+00:00,25.19689,13.766667,0.47165284,East Kalimantan
2022-12-08 00:00:00+00:00,25.769806,4.833334,0.46475005,East Kalimantan
2022-12-09 00:00:00+00:00,26.219803,8.133334,0.45804167,East Kalimantan
2022-12-10 00:00:00+00:00,26.537863,1.0000001,0.45056942,East Kalimantan
2022-12-11 00:00:00+00:00,26.94689,2.7333336,0.44448614,East Kalimantan
2022-12-12 00:00:00+00:00,25.467726,24.300001,0.44120836,East Kalimantan
2022-12-13 00:00:00+00:00,24.916334,17.433332,0.4409167,East Kalimantan
2022-12-14 00:00:00+00:00,25.217722,9.966667,0.4400972,East Kalimantan
2022-12-15 00:00:00+00:00,25.50939,20.666668,0.44030556,East Kalimantan
2022-12-16 00:00:00+00:00,25.428137,15.133334,0.44598612,East Kalimantan
2022-12-17 00:00:00+00:00,25.279526,7.0,0.45337507,East Kalimantan
2022-12-18 00:00:00+00:00,25.69689,11.266666,0.4548334,East Kalimantan
2022-12-19 00:00:00+00:00,26.351053,10.066667,0.4564444,East Kalimantan
2022-12-20 00:00:00+00:00,26.435083,15.266665,0.45454168,East Kalimantan
2022-12-21 00:00:00+00:00,26.401749,12.333335,0.4564167,East Kalimantan
2022-12-22 00:00:00+00:00,26.860083,18.833334,0.45966673,East Kalimantan
2022-12-23 00:00:00+00:00,25.305916,26.9,0.46793064,East Kalimantan
2022-12-24 00:00:00+00:00,24.998276,3.1666667,0.46751395,East Kalimantan
2022-12-25 00:00:00+00:00,26.469805,1.3333334,0.4636806,East Kalimantan
2022-12-26 00:00:00+00:00,26.530914,6.933334,0.45936117,East Kalimantan
2022-12-27 00:00:00+00:00,27.003138,7.5333343,0.45463887,East Kalimantan
2022-12-28 00:00:00+00:00,26.990639,1.6999999,0.44977775,East Kalimantan
2022-12-29 00:00:00+00:00,26.493416,3.7,0.44481948,East Kalimantan
2022-12-30 00:00:00+00:00,26.908003,0.1,0.44019446,East Kalimantan
2022-12-31 00:00:00+00:00,27.137163,0.06666667,0.43449998,East Kalimantan
2023-01-01 00:00:00+00:00,27.496887,4.2999997,0.42838886,East Kalimantan
2023-01-02 00:00:00+00:00,26.18786,5.9,0.42325005,East Kalimantan
2023-01-03 00:00:00+00:00,26.24967,8.900001,0.41973618,East Kalimantan
2023-01-04 00:00:00+00:00,26.96842,11.5,0.4163889,East Kalimantan
2023-01-05 00:00:00+00:00,26.783697,6.0,0.41152772,East Kalimantan
2023-01-06 00:00:00+00:00,26.007307,9.499999,0.40781948,East Kalimantan
2023-01-07 00:00:00+00:00,25.939249,17.333334,0.40480557,East Kalimantan
2023-01-08 00:00:00+00:00,25.36911,7.033333,0.40534723,East Kalimantan
2023-01-09 00:00:00+00:00,25.209389,9.666667,0.40730557,East Kalimantan
2023-01-10 00:00:00+00:00,24.887863,7.966667,0.4105556,East Kalimantan
2023-01-11 00:00:00+00:00,25.459389,3.2333333,0.4112917,East Kalimantan
2023-01-12 00:00:00+00:00,25.228136,11.0,0.41222218,East Kalimantan
2023-01-13 00:00:00+00:00,26.267029,14.566667,0.4119444,East Kalimantan
2023-01-14 00:00:00+00:00,25.971888,4.733333,0.41090274,East Kalimantan
2023-01-15 00:00:00+00:00,26.81286,1.8333334,0.40925002,East Kalimantan
2023-01-16 00:00:00+00:00,26.308693,10.266666,0.40840283,East Kalimantan
2023-01-17 00:00:00+00:00,25.932304,13.933334,0.40770832,East Kalimantan
2023-01-18 00:00:00+00:00,24.644806,12.233334,0.40841666,East Kalimantan
2023-01-19 00:00:00+00:00,25.357306,11.266667,0.41047224,East Kalimantan
2023-01-20 00:00:00+00:00,25.139946,12.900001,0.41300008,East Kalimantan
2023-01-21 00:00:00+00:00,24.953138,8.266667,0.41662505,East Kalimantan
2023-01-22 00:00:00+00:00,25.430222,12.766667,0.42404166,East Kalimantan
2023-01-23 00:00:00+00:00,25.273277,9.233334,0.43512496,East Kalimantan
2023-01-24 00:00:00+00:00,25.323278,31.566666,0.44400004,East Kalimantan
2023-01-25 00:00:00+00:00,24.961472,12.566667,0.45981944,East Kalimantan
2023-01-26 00:00:00+00:00,24.648972,10.366667,0.4655278,East Kalimantan
2023-01-27 00:00:00+00:00,24.997583,16.533333,0.46683326,East Kalimantan
2023-01-28 00:00:00+00:00,25.190638,9.566667,0.4667778,East Kalimantan
2023-01-29 00:00:00+00:00,25.018412,20.4,0.4669583,East Kalimantan
2023-01-30 00:00:00+00:00,25.282999,23.066668,0.4683472,East Kalimantan
2023-01-31 00:00:00+00:00,25.473276,14.133334,0.4728056,East Kalimantan
2023-02-01 00:00:00+00:00,25.548277,14.666667,0.47563887,East Kalimantan
2023-02-02 00:00:00+00:00,24.763556,17.333334,0.48197222,East Kalimantan
2023-02-03 00:00:00+00:00,24.69689,14.433333,0.482375,East Kalimantan
2023-02-04 00:00:00+00:00,25.55175,7.8333335,0.4814584,East Kalimantan
2023-02-05 00:00:00+00:00,25.96564,10.2,0.47694448,East Kalimantan
2023-02-06 00:00:00+00:00,25.637861,12.500001,0.47525,East Kalimantan
2023-02-07 00:00:00+00:00,25.480917,7.300001,0.47668052,East Kalimantan
2023-02-08 00:00:00+00:00,25.77814,3.8,0.47341672,East Kalimantan
2023-02-09 00:00:00+00:00,25.744806,0.1,0.46898606,East Kalimantan
2023-02-10 00:00:00+00:00,26.862165,6.933333,0.46416664,East Kalimantan
2023-02-11 00:00:00+00:00,25.845499,17.166666,0.45948613,East Kalimantan
2023-02-12 00:00:00+00:00,24.648972,29.300003,0.45955554,East Kalimantan
2023-02-13 00:00:00+00:00,25.11286,2.7666667,0.46409726,East Kalimantan
2023-02-14 00:00:00+00:00,26.302444,5.6999993,0.46113884,East Kalimantan
2023-02-15 00:00:00+00:00,25.328833,12.833333,0.45891666,East Kalimantan
2023-02-16 00:00:00+00:00,25.362165,12.433333,0.4618194,East Kalimantan
2023-02-17 00:00:00+00:00,25.044111,23.266668,0.47030556,East Kalimantan
2023-02-18 00:00:00+00:00,25.73786,12.2,0.47198606,East Kalimantan
2023-02-19 00:00:00+00:00,25.918417,18.5,0.47148618,East Kalimantan
2023-02-20 00:00:00+00:00,25.618416,12.466667,0.47541675,East Kalimantan
2023-02-21 00:00:00+00:00,26.03161,13.833333,0.4726806,East Kalimantan
2023-02-22 00:00:00+00:00,25.492722,9.266667,0.47969446,East Kalimantan
2023-02-23 00:00:00+00:00,26.019112,27.233332,0.4812778,East Kalimantan
2023-02-24 00:00:00+00:00,25.185776,18.800001,0.48472214,East Kalimantan
2023-02-25 00:00:00+00:00,25.352446,9.166667,0.48241672,East Kalimantan
2023-02-26 00:00:00+00:00,25.294111,20.7,0.4788611,East Kalimantan
2023-02-27 00:00:00+00:00,25.885778,11.233334,0.47243056,East Kalimantan
2023-02-28 00:00:00+00:00,25.36286,22.166666,0.4690694,East Kalimantan
2023-03-01 00:00:00+00:00,25.024666,4.4666667,0.46851388,East Kalimantan
2023-03-02 00:00:00+00:00,26.524666,4.2000003,0.46430555,East Kalimantan
2023-03-03 00:00:00+00:00,25.479528,12.333333,0.45851398,East Kalimantan
2023-03-04 00:00:00+00:00,24.992027,18.800001,0.45883334,East Kalimantan
2023-03-05 00:00:00+00:00,24.851751,16.233332,0.4610417,East Kalimantan
2023-03-06 00:00:00+00:00,25.228834,12.266667,0.45777783,East Kalimantan
2023-03-07 00:00:00+00:00,25.276749,13.333333,0.46211112,East Kalimantan
2023-03-08 00:00:00+00:00,25.517027,10.933334,0.45844445,East Kalimantan
2023-03-09 00:00:00+00:00,25.344809,17.833334,0.45959723,East Kalimantan
2023-03-10 00:00:00+00:00,25.942724,8.766666,0.45904168,East Kalimantan
2023-03-11 00:00:00+00:00,25.283693,17.333334,0.4618194,East Kalimantan
2023-03-12 00:00:00+00:00,24.981607,20.1,0.46370837,East Kalimantan
2023-03-13 00:00:00+00:00,24.521889,22.0,0.46990275,East Kalimantan
2023-03-14 00:00:00+00:00,24.744112,22.333336,0.46755564,East Kalimantan
2023-03-15 00:00:00+00:00,25.10939,9.766666,0.46456945,East Kalimantan
2023-03-16 00:00:00+00:00,25.341333,19.199999,0.46606946,East Kalimantan
2023-03-17 00:00:00+00:00,26.087168,8.3,0.45881942,East Kalimantan
2023-03-18 00:00:00+00:00,25.813553,11.266666,0.4539583,East Kalimantan
2023-03-19 00:00:00+00:00,26.70939,1.6999999,0.4502778,East Kalimantan
2023-03-20 00:00:00+00:00,25.550362,10.733334,0.44468057,East Kalimantan
2023-03-21 00:00:00+00:00,25.839943,10.933334,0.44091675,East Kalimantan
2023-03-22 00:00:00+00:00,25.611473,16.566666,0.4365556,East Kalimantan
2023-03-23 00:00:00+00:00,25.687164,11.8,0.43434718,East Kalimantan
2023-03-24 00:00:00+00:00,26.684387,7.133333,0.43131948,East Kalimantan
2023-03-25 00:00:00+00:00,25.667028,12.600001,0.43019447,East Kalimantan
2023-03-26 00:00:00+00:00,24.769112,15.266667,0.43399993,East Kalimantan
2023-03-27 00:00:00+00:00,25.546888,22.233335,0.44018054,East Kalimantan
2023-03-28 00:00:00+00:00,26.31286,5.7666664,0.4469583,East Kalimantan
2023-03-29 00:00:00+00:00,25.87467,17.866667,0.4528056,East Kalimantan
2023-03-30 00:00:00+00:00,25.147583,18.233334,0.45252776,East Kalimantan
2023-03-31 00:00:00+00:00,25.557304,20.300001,0.45452783,East Kalimantan
2023-04-01 00:00:00+00:00,26.094805,0.9333334,0.45572224,East Kalimantan
2023-04-02 00:00:00+00:00,25.626749,7.4666657,0.4535277,East Kalimantan
2023-04-03 00:00:00+00:00,25.832306,11.499999,0.45384726,East Kalimantan
2023-04-04 00:00:00+00:00,25.254526,7.0,0.4594305,East Kalimantan
2023-04-05 00:00:00+00:00,25.560083,7.8333335,0.45770827,East Kalimantan
2023-04-06 00:00:00+00:00,25.156609,30.166666,0.45815286,East Kalimantan
2023-04-07 00:00:00+00:00,24.988554,1.3000001,0.45269442,East Kalimantan
2023-04-08 00:00:00+00:00,25.631613,23.166666,0.4523611,East Kalimantan
2023-04-09 00:00:00+00:00,26.068419,10.099999,0.45693052,East Kalimantan
2023-04-10 00:00:00+00:00,26.130915,10.433334,0.46631944,East Kalimantan
2023-04-11 00:00:00+00:00,26.833694,3.5,0.46312502,East Kalimantan
2023-04-12 00:00:00+00:00,26.660776,8.866666,0.4591111,East Kalimantan
2023-04-13 00:00:00+00:00,26.303833,13.666667,0.456,East Kalimantan
2023-04-14 00:00:00+00:00,25.82675,11.266666,0.45804167,East Kalimantan
2023-04-15 00:00:00+00:00,25.689941,21.9,0.46009722,East Kalimantan
2023-04-16 00:00:00+00:00,25.894112,15.333336,0.45806944,East Kalimantan
2023-04-17 00:00:00+00:00,26.035776,11.833333,0.45726386,East Kalimantan
2023-04-18 00:00:00+00:00,26.688555,5.6333337,0.4575139,East Kalimantan
2023-04-19 00:00:00+00:00,26.233694,8.0,0.45451388,East Kalimantan
2023-04-20 00:00:00+00:00,26.019112,4.9666667,0.45115277,East Kalimantan
2023-04-21 00:00:00+00:00,26.487862,9.533333,0.4481944,East Kalimantan
2023-04-22 00:00:00+00:00,25.782309,6.133333,0.44712508,East Kalimantan
2023-04-23 00:00:00+00:00,26.735779,6.5000005,0.44584712,East Kalimantan
2023-04-24 00:00:00+00:00,26.552444,14.399999,0.4451944,East Kalimantan
2023-04-25 00:00:00+00:00,26.38022,1.9666666,0.45012498,East Kalimantan
2023-04-26 00:00:00+00:00,26.714945,12.566667,0.44766667,East Kalimantan
2023-04-27 00:00:00+00:00,26.18647,7.1000004,0.44500002,East Kalimantan
2023-04-28 00:00:00+00:00,26.83647,14.133334,0.4449722,East Kalimantan
2023-04-29 00:00:00+00:00,25.767721,17.633333,0.44620833,East Kalimantan
2023-04-30 00:00:00+00:00,25.637167,10.266667,0.44733337,East Kalimantan
2023-05-01 00:00:00+00:00,26.760086,16.933334,0.44775,East Kalimantan
2023-05-02 00:00:00+00:00,26.396194,2.8999996,0.45072222,East Kalimantan
2023-05-03 00:00:00+00:00,27.733696,1.0666667,0.44858333,East Kalimantan
2023-05-04 00:00:00+00:00,27.28161,3.3333333,0.44523612,East Kalimantan
2023-05-05 00:00:00+00:00,26.46911,8.266666,0.44208333,East Kalimantan
2023-05-06 00:00:00+00:00,26.130915,11.8,0.44008335,East Kalimantan
2023-05-07 00:00:00+00:00,26.226053,24.800003,0.4432639,East Kalimantan
2023-05-08 00:00:00+00:00,25.961472,11.633334,0.45894453,East Kalimantan
2023-05-09 00:00:00+00:00,25.967722,23.066668,0.46943057,East Kalimantan
2023-05-10 00:00:00+00:00,26.180922,1.2,0.4743611,East Kalimantan
2023-05-11 00:00:00+00:00,27.023972,12.599999,0.47148606,East Kalimantan
2023-05-12 00:00:00+00:00,27.54689,0.9333334,0.46654165,East Kalimantan
2023-05-13 00:00:00+00:00,26.514944,8.433333,0.46106946,East Kalimantan
2023-05-14 00:00:00+00:00,26.594805,3.2,0.45770833,East Kalimantan
2023-05-15 00:00:00+00:00,26.280222,7.7333336,0.45302776,East Kalimantan
2023-05-16 00:00:00+00:00,25.735083,18.066668,0.45427775,East Kalimantan
2023-05-17 00:00:00+00:00,25.96911,4.8666663,0.45927778,East Kalimantan
2023-05-18 00:00:00+00:00,25.628138,22.933334,0.46081948,East Kalimantan
2023-05-19 00:00:00+00:00,25.455221,3.7,0.46223614,East Kalimantan
2023-05-20 00:00:00+00:00,26.403833,8.533334,0.4617361,East Kalimantan
2023-05-21 00:00:00+00:00,26.605919,2.9666665,0.45780554,East Kalimantan
2023-05-22 00:00:00+00:00,25.858002,5.1,0.4526111,East Kalimantan
2023-05-23 00:00:00+00:00,25.985085,18.333336,0.44787502,East Kalimantan
2023-05-24 00:00:00+00:00,25.543417,10.266667,0.44508335,East Kalimantan
2023-05-25 00:00:00+00:00,26.308693,13.233333,0.44522223,East Kalimantan
2023-05-26 00:00:00+00:00,26.328835,2.5,0.44274998,East Kalimantan
2023-05-27 00:00:00+00:00,26.51425,17.333334,0.43979168,East Kalimantan
2023-05-28 00:00:00+00:00,26.528137,3.0,0.4364722,East Kalimantan
2023-05-29 00:00:00+00:00,26.559387,5.2666664,0.43383336,East Kalimantan
2023-05-30 00:00:00+00:00,26.260778,6.3666663,0.4308333,East Kalimantan
2023-05-31 00:00:00+00:00,26.739944,2.7333333,0.4282638,East Kalimantan
2023-06-01 00:00:00+00:00,26.964945,1.7666668,0.426,East Kalimantan
2023-06-02 00:00:00+00:00,26.951752,7.4666667,0.42356953,East Kalimantan
2023-06-03 00:00:00+00:00,26.311472,12.0,0.4222083,East Kalimantan
2023-06-04 00:00:00+00:00,26.127443,17.300001,0.4217778,East Kalimantan
2023-06-05 00:00:00+00:00,25.385778,5.533333,0.42963886,East Kalimantan
2023-06-06 00:00:00+00:00,26.42953,11.733333,0.4325694,East Kalimantan
2023-06-07 00:00:00+00:00,25.683699,7.6999993,0.43494448,East Kalimantan
2023-06-08 00:00:00+00:00,26.160776,15.600001,0.43708327,East Kalimantan
2023-06-09 00:00:00+00:00,26.66564,2.3333333,0.44329163,East Kalimantan
2023-06-10 00:00:00+00:00,26.699667,1.5,0.44241664,East Kalimantan
2023-06-11 00:00:00+00:00,26.742722,6.733333,0.44005552,East Kalimantan
2023-06-12 00:00:00+00:00,26.255913,8.433333,0.43824998,East Kalimantan
2023-06-13 00:00:00+00:00,26.177444,6.4,0.43630552,East Kalimantan
2023-06-14 00:00:00+00:00,26.162857,13.0666685,0.43384722,East Kalimantan
2023-06-15 00:00:00+00:00,25.2455,13.233335,0.44229165,East Kalimantan
2023-06-16 00:00:00+00:00,25.771889,8.133333,0.44316673,East Kalimantan
2023-06-17 00:00:00+00:00,24.742722,13.366668,0.4438056,East Kalimantan
2023-06-18 00:00:00+00:00,25.34897,11.133334,0.4454445,East Kalimantan
2023-06-19 00:00:00+00:00,26.079527,9.033334,0.44529167,East Kalimantan
2023-06-20 00:00:00+00:00,24.014944,12.733333,0.45154175,East Kalimantan
2023-06-21 00:00:00+00:00,26.20175,0.4333333,0.45347223,East Kalimantan
2023-06-22 00:00:00+00:00,27.167025,0.2,0.45204172,East Kalimantan
2023-06-23 00:00:00+00:00,26.003836,10.333333,0.45008326,East Kalimantan
2023-06-24 00:00:00+00:00,25.729528,3.4666665,0.44731942,East Kalimantan
2023-06-25 00:00:00+00:00,25.828833,6.3000007,0.4458194,East Kalimantan
2023-06-26 00:00:00+00:00,25.823278,17.5,0.44633332,East Kalimantan
2023-06-27 00:00:00+00:00,24.930914,19.199999,0.45308337,East Kalimantan
2023-06-28 00:00:00+00:00,26.289942,1.5,0.45572218,East Kalimantan
2023-06-29 00:00:00+00:00,26.695501,3.6666663,0.45343053,East Kalimantan
2023-06-30 00:00:00+00:00,26.178833,10.466667,0.45125005,East Kalimantan
2023-07-01 00:00:00+00:00,25.838554,14.399999,0.44927776,East Kalimantan
2023-07-02 00:00:00+00:00,25.710083,28.733335,0.44934726,East Kalimantan
2023-07-03 00:00:00+00:00,24.637167,14.933334,0.45362505,East Kalimantan
2023-07-04 00:00:00+00:00,25.350359,3.2333336,0.45416656,East Kalimantan
2023-07-05 00:00:00+00:00,26.294806,8.600001,0.45304164,East Kalimantan
2023-07-06 00:00:00+00:00,25.801056,9.266666,0.45129168,East Kalimantan
2023-07-07 00:00:00+00:00,25.110779,16.566668,0.45144448,East Kalimantan
2023-07-08 00:00:00+00:00,24.894806,8.400001,0.45613888,East Kalimantan
2023-07-09 00:00:00+00:00,26.309387,2.3,0.45744443,East Kalimantan
2023-07-10 00:00:00+00:00,26.523277,2.2,0.45530555,East Kalimantan
2023-07-11 00:00:00+00:00,26.261473,5.1,0.4526805,East Kalimantan
2023-07-12 00:00:00+00:00,26.685083,4.1333337,0.45009717,East Kalimantan
2023-07-13 00:00:00+00:00,25.99689,4.7999997,0.44738892,East Kalimantan
2023-07-14 00:00:00+00:00,26.376749,6.8999996,0.4450277,East Kalimantan
2023-07-15 00:00:00+00:00,25.385778,5.3,0.44376385,East Kalimantan
2023-07-16 00:00:00+00:00,25.986471,0.6333333,0.44323614,East Kalimantan
2023-07-17 00:00:00+00:00,26.351053,1.4333334,0.4423333,East Kalimantan
2023-07-18 00:00:00+00:00,26.911469,1.6666666,0.44027773,East Kalimantan
2023-07-19 00:00:00+00:00,26.048279,12.5666685,0.4387361,East Kalimantan
2023-07-20 00:00:00+00:00,25.110083,21.933334,0.44575,East Kalimantan
2023-07-21 00:00:00+00:00,24.714945,24.400002,0.45312503,East Kalimantan
2023-07-22 00:00:00+00:00,26.310083,4.4666667,0.45147225,East Kalimantan
2023-07-23 00:00:00+00:00,26.377447,2.1,0.4498751,East Kalimantan
2023-07-24 00:00:00+00:00,25.99411,13.200001,0.44820833,East Kalimantan
2023-07-25 00:00:00+00:00,26.389944,0.26666668,0.44555554,East Kalimantan
2023-07-26 00:00:00+00:00,26.230223,2.6333334,0.44365275,East Kalimantan
2023-07-27 00:00:00+00:00,26.564943,0.2,0.44156942,East Kalimantan
2023-07-28 00:00:00+00:00,26.293413,0.16666667,0.4391667,East Kalimantan
2023-07-29 00:00:00+00:00,26.427444,0.0,0.43618056,East Kalimantan
2023-07-30 00:00:00+00:00,26.467026,0.0,0.43298614,East Kalimantan
2023-07-31 00:00:00+00:00,26.93161,0.2,0.4299722,East Kalimantan
2023-08-01 00:00:00+00:00,27.296888,0.56666666,0.42633334,East Kalimantan
2023-08-02 00:00:00+00:00,27.597586,0.13333334,0.42238888,East Kalimantan
2023-08-03 00:00:00+00:00,27.362864,0.033333335,0.4186389,East Kalimantan
2023-08-04 00:00:00+00:00,27.573278,0.43333337,0.4152083,East Kalimantan
2023-08-05 00:00:00+00:00,26.475363,1.7000002,0.41211107,East Kalimantan
2023-08-06 00:00:00+00:00,26.975359,3.4333332,0.4097639,East Kalimantan
2023-08-07 00:00:00+00:00,26.217726,2.7333329,0.40683338,East Kalimantan
2023-08-08 00:00:00+00:00,27.012863,0.2,0.403375,East Kalimantan
2023-08-09 00:00:00+00:00,27.007303,3.0666666,0.40004167,East Kalimantan
2023-08-10 00:00:00+00:00,26.62536,4.0333333,0.39805555,East Kalimantan
2023-08-11 00:00:00+00:00,25.435776,8.833333,0.39681944,East Kalimantan
2023-08-12 00:00:00+00:00,26.593414,0.6333334,0.3943472,East Kalimantan
2023-08-13 00:00:00+00:00,26.90661,1.3666664,0.3919445,East Kalimantan
2023-08-14 00:00:00+00:00,27.168417,1.3333334,0.3897083,East Kalimantan
2023-08-15 00:00:00+00:00,26.644808,5.2999997,0.38651386,East Kalimantan
2023-08-16 00:00:00+00:00,26.842026,0.9666667,0.38258338,East Kalimantan
2023-08-17 00:00:00+00:00,26.975363,2.8666666,0.37963888,East Kalimantan
2023-08-18 00:00:00+00:00,26.933693,2.0333333,0.37693056,East Kalimantan
2023-08-19 00:00:00+00:00,27.010084,0.6666667,0.3738333,East Kalimantan
2023-08-20 00:00:00+00:00,27.597586,1.9,0.37120834,East Kalimantan
2023-08-21 00:00:00+00:00,26.707304,3.1000001,0.3700417,East Kalimantan
2023-08-22 00:00:00+00:00,26.211472,8.833334,0.3686945,East Kalimantan
2023-08-23 00:00:00+00:00,26.191336,5.866667,0.36845827,East Kalimantan
2023-08-24 00:00:00+00:00,26.376055,9.033332,0.36845836,East Kalimantan
2023-08-25 00:00:00+00:00,26.360085,4.8,0.36870834,East Kalimantan
2023-08-26 00:00:00+00:00,26.713554,3.4333336,0.37144446,East Kalimantan
2023-08-27 00:00:00+00:00,26.417725,6.3999996,0.37154174,East Kalimantan
2023-08-28 00:00:00+00:00,27.017723,0.5,0.37088886,East Kalimantan
2023-08-29 00:00:00+00:00,27.639944,0.16666667,0.3705277,East Kalimantan
2023-08-30 00:00:00+00:00,27.655914,1.4333334,0.36901388,East Kalimantan
2023-08-31 00:00:00+00:00,27.914946,0.56666666,0.36793056,East Kalimantan
2023-09-01 00:00:00+00:00,27.42675,0.53333336,0.36625004,East Kalimantan
2023-09-02 00:00:00+00:00,27.367722,0.33333334,0.36381945,East Kalimantan
2023-09-03 00:00:00+00:00,26.967722,5.966667,0.36183333,East Kalimantan
2023-09-04 00:00:00+00:00,27.76564,0.13333334,0.3609167,East Kalimantan
2023-09-05 00:00:00+00:00,27.334387,2.3,0.35823607,East Kalimantan
2023-09-06 00:00:00+00:00,26.88439,3.6999998,0.35523608,East Kalimantan
2023-09-07 00:00:00+00:00,25.741335,6.2999997,0.35450006,East Kalimantan
2023-09-08 00:00:00+00:00,27.407305,2.6333334,0.35380554,East Kalimantan
2023-09-09 00:00:00+00:00,26.959389,2.5666666,0.35263884,East Kalimantan
2023-09-10 00:00:00+00:00,27.494806,2.3,0.3509306,East Kalimantan
2023-09-11 00:00:00+00:00,25.981611,28.166666,0.34843063,East Kalimantan
2023-09-12 00:00:00+00:00,24.298971,13.133334,0.34655547,East Kalimantan
2023-09-13 00:00:00+00:00,25.794113,13.966667,0.34568056,East Kalimantan
2023-09-14 00:00:00+00:00,25.907999,7.6333337,0.34597218,East Kalimantan
2023-09-15 00:00:00+00:00,25.997583,9.433333,0.34788895,East Kalimantan
2023-09-16 00:00:00+00:00,26.480913,6.8666663,0.3496805,East Kalimantan
2023-09-17 00:00:00+00:00,25.534388,8.400001,0.35318056,East Kalimantan
2023-09-18 00:00:00+00:00,25.769112,10.466667,0.35752776,East Kalimantan
2023-09-19 00:00:00+00:00,26.387167,2.4333334,0.36490273,East Kalimantan
2023-09-20 00:00:00+00:00,26.353836,5.866667,0.3687917,East Kalimantan
2023-09-21 00:00:00+00:00,26.774668,3.2333333,0.3760972,East Kalimantan
2023-09-22 00:00:00+00:00,27.282305,0.13333334,0.37850007,East Kalimantan
2023-09-23 00:00:00+00:00,27.214943,0.8333333,0.37843052,East Kalimantan
2023-09-24 00:00:00+00:00,26.818419,6.2000003,0.37770835,East Kalimantan
2023-09-25 00:00:00+00:00,26.935778,0.96666664,0.37691665,East Kalimantan
2023-09-26 00:00:00+00:00,27.249666,0.43333337,0.37547228,East Kalimantan
2023-09-27 00:00:00+00:00,27.619806,0.5,0.373875,East Kalimantan
2023-09-28 00:00:00+00:00,27.41147,5.866667,0.3723611,East Kalimantan
2023-09-29 00:00:00+00:00,27.219803,2.5666668,0.37118056,East Kalimantan
2023-09-30 00:00:00+00:00,27.05939,0.23333335,0.37026381,East Kalimantan
2023-10-01 00:00:00+00:00,27.530222,1.2666667,0.36875,East Kalimantan
2023-10-02 00:00:00+00:00,28.012861,0.06666667,0.36784723,East Kalimantan
2023-10-03 00:00:00+00:00,27.633692,6.5,0.36688888,East Kalimantan
2023-10-04 00:00:00+00:00,27.99689,0.53333336,0.36456943,East Kalimantan
2023-10-05 00:00:00+00:00,27.78717,1.3000001,0.3625972,East Kalimantan
2023-10-06 00:00:00+00:00,27.526054,1.5999999,0.36138883,East Kalimantan
2023-10-07 00:00:00+00:00,27.347586,9.4,0.3600278,East Kalimantan
2023-10-08 00:00:00+00:00,27.345503,4.433333,0.35769448,East Kalimantan
2023-10-09 00:00:00+00:00,27.310776,2.0666666,0.35498616,East Kalimantan
2023-10-10 00:00:00+00:00,27.368414,6.0333333,0.35224995,East Kalimantan
2023-10-11 00:00:00+00:00,27.653831,0.46666667,0.34997225,East Kalimantan
2023-10-12 00:00:00+00:00,27.371195,1.7666668,0.34733328,East Kalimantan
2023-10-13 00:00:00+00:00,27.069109,4.4666667,0.34548607,East Kalimantan
2023-10-14 00:00:00+00:00,26.84828,9.500001,0.34458336,East Kalimantan
2023-10-15 00:00:00+00:00,27.552444,11.233333,0.3434166,East Kalimantan
2023-10-16 00:00:00+00:00,26.615639,3.9333334,0.34366667,East Kalimantan
2023-10-17 00:00:00+00:00,27.305916,3.8666668,0.34448615,East Kalimantan
2023-10-18 00:00:00+00:00,26.132303,8.233334,0.34458336,East Kalimantan
2023-10-19 00:00:00+00:00,26.589945,10.533333,0.34395826,East Kalimantan
2023-10-20 00:00:00+00:00,26.75453,3.3333333,0.344625,East Kalimantan
2023-10-21 00:00:00+00:00,27.148277,5.233333,0.34472218,East Kalimantan
2023-10-22 00:00:00+00:00,26.758001,6.600001,0.34449998,East Kalimantan
2023-10-23 00:00:00+00:00,26.784388,4.5666666,0.344625,East Kalimantan
2023-10-24 00:00:00+00:00,25.669113,4.1,0.34461108,East Kalimantan
2023-10-25 00:00:00+00:00,27.479528,0.93333334,0.34530553,East Kalimantan
2023-10-26 00:00:00+00:00,26.80036,3.5666666,0.34470832,East Kalimantan
2023-10-27 00:00:00+00:00,27.262861,0.76666665,0.34474996,East Kalimantan
2023-10-28 00:00:00+00:00,27.603834,0.9333334,0.34429166,East Kalimantan
2023-10-29 00:00:00+00:00,27.539948,0.43333337,0.34345832,East Kalimantan
2023-10-30 00:00:00+00:00,27.442026,1.2666668,0.34305558,East Kalimantan
2023-10-31 00:00:00+00:00,27.45314,0.9666667,0.3419583,East Kalimantan
2023-11-01 00:00:00+00:00,27.885084,4.4666667,0.34059724,East Kalimantan
2023-11-02 00:00:00+00:00,26.854525,5.2000003,0.3406389,East Kalimantan
2023-11-03 00:00:00+00:00,26.189249,13.0,0.34083334,East Kalimantan
2023-11-04 00:00:00+00:00,25.710083,5.5,0.34119448,East Kalimantan
2023-11-05 00:00:00+00:00,27.399666,4.633333,0.3414445,East Kalimantan
2023-11-06 00:00:00+00:00,26.705223,9.666667,0.34272227,East Kalimantan
2023-11-07 00:00:00+00:00,26.62536,3.0666668,0.3445278,East Kalimantan
2023-11-08 00:00:00+00:00,26.442024,13.066667,0.34498608,East Kalimantan
2023-11-09 00:00:00+00:00,26.074667,6.966667,0.34576383,East Kalimantan
2023-11-10 00:00:00+00:00,27.253836,13.133334,0.34688887,East Kalimantan
2023-11-11 00:00:00+00:00,25.963556,15.666667,0.35187498,East Kalimantan
2023-11-12 00:00:00+00:00,26.659391,19.200003,0.35780558,East Kalimantan
2023-11-13 00:00:00+00:00,25.782999,12.8,0.3674722,East Kalimantan
2023-11-14 00:00:00+00:00,26.953833,1.0333334,0.37427774,East Kalimantan
2023-11-15 00:00:00+00:00,27.887169,4.1,0.37508333,East Kalimantan
2023-11-16 00:00:00+00:00,26.583002,18.56667,0.37520838,East Kalimantan
2023-11-17 00:00:00+00:00,26.730913,27.466665,0.3777361,East Kalimantan
2023-11-18 00:00:00+00:00,26.062164,16.733335,0.38690272,East Kalimantan
2023-11-19 00:00:00+00:00,26.501053,12.100001,0.3919305,East Kalimantan
2023-11-20 00:00:00+00:00,26.721197,24.733332,0.39677775,East Kalimantan
2023-11-21 00:00:00+00:00,25.93161,11.233334,0.40202773,East Kalimantan
2023-11-22 00:00:00+00:00,27.044806,4.2999997,0.40363893,East Kalimantan
2023-11-23 00:00:00+00:00,26.414251,10.500001,0.40627778,East Kalimantan
2023-11-24 00:00:00+00:00,25.897583,13.133334,0.40815282,East Kalimantan
2023-11-25 00:00:00+00:00,26.62536,10.099999,0.41006947,East Kalimantan
2023-11-26 00:00:00+00:00,25.030914,23.6,0.41926393,East Kalimantan
2023-11-27 00:00:00+00:00,25.628141,17.699999,0.43156943,East Kalimantan
2023-11-28 00:00:00+00:00,25.539248,14.166667,0.43505552,East Kalimantan
2023-11-29 00:00:00+00:00,26.443415,5.1,0.43672225,East Kalimantan
2023-11-30 00:00:00+00:00,26.863554,3.0666666,0.43638888,East Kalimantan
2023-12-01 00:00:00+00:00,26.16564,17.333334,0.43651387,East Kalimantan
2023-12-02 00:00:00+00:00,25.612167,8.0,0.44066668,East Kalimantan
2023-12-03 00:00:00+00:00,25.985083,8.133334,0.44197223,East Kalimantan
2023-12-04 00:00:00+00:00,25.825363,13.366666,0.44341663,East Kalimantan
2023-12-05 00:00:00+00:00,26.720499,5.2000003,0.44547224,East Kalimantan
2023-12-06 00:00:00+00:00,26.462166,30.066668,0.44741666,East Kalimantan
2023-12-07 00:00:00+00:00,25.709389,18.966667,0.45987508,East Kalimantan
2023-12-08 00:00:00+00:00,26.90036,7.6666665,0.4618888,East Kalimantan
2023-12-09 00:00:00+00:00,26.301054,8.566667,0.4605972,East Kalimantan
2023-12-10 00:00:00+00:00,26.518412,20.2,0.46330556,East Kalimantan
2023-12-11 00:00:00+00:00,26.302444,6.733333,0.4651667,East Kalimantan
2023-12-12 00:00:00+00:00,26.52328,21.166666,0.4675139,East Kalimantan
2023-12-13 00:00:00+00:00,25.842722,6.066667,0.4719722,East Kalimantan
2023-12-14 00:00:00+00:00,27.096193,12.599999,0.4702778,East Kalimantan
2023-12-15 00:00:00+00:00,26.34897,11.766666,0.47088894,East Kalimantan
2023-12-16 00:00:00+00:00,26.26008,18.000002,0.47048613,East Kalimantan
2023-12-17 00:00:00+00:00,25.924667,23.366667,0.46855557,East Kalimantan
2023-12-18 00:00:00+00:00,26.284388,18.233334,0.46652773,East Kalimantan
2023-12-19 00:00:00+00:00,26.071886,19.633333,0.46448603,East Kalimantan
2023-12-20 00:00:00+00:00,26.728136,13.533333,0.4618195,East Kalimantan
2023-12-21 00:00:00+00:00,26.237167,12.099999,0.4655833,East Kalimantan
2023-12-22 00:00:00+00:00,26.076057,13.099999,0.46923617,East Kalimantan
2023-12-23 00:00:00+00:00,25.902445,12.366668,0.4707221,East Kalimantan
2023-12-24 00:00:00+00:00,26.319803,13.466667,0.47024998,East Kalimantan
2023-12-25 00:00:00+00:00,26.883698,2.5,0.47,East Kalimantan
2023-12-26 00:00:00+00:00,26.38439,1.0,0.4672222,East Kalimantan
2023-12-27 00:00:00+00:00,27.042723,5.4666667,0.4644722,East Kalimantan
2023-12-28 00:00:00+00:00,26.823975,4.866667,0.46222225,East Kalimantan
2023-12-29 00:00:00+00:00,26.826057,9.266666,0.46011105,East Kalimantan
2023-12-30 00:00:00+00:00,27.082304,9.2,0.45954177,East Kalimantan
2023-12-31 00:00:00+00:00,26.337862,15.633334,0.46031943,East Kalimantan
2024-01-01 00:00:00+00:00,26.376055,13.333333,0.4575694,East Kalimantan
2024-01-02 00:00:00+00:00,25.803833,18.366669,0.45981947,East Kalimantan
2024-01-03 00:00:00+00:00,27.068415,4.066667,0.45481953,East Kalimantan
2024-01-04 00:00:00+00:00,26.730919,6.1666665,0.45263895,East Kalimantan
2024-01-05 00:00:00+00:00,25.233696,10.866668,0.4518888,East Kalimantan
2024-01-06 00:00:00+00:00,26.594805,14.666667,0.45354176,East Kalimantan
2024-01-07 00:00:00+00:00,26.662863,8.733333,0.4577223,East Kalimantan
2024-01-08 00:00:00+00:00,25.694113,9.866668,0.459625,East Kalimantan
2024-01-09 00:00:00+00:00,27.046194,4.3666673,0.45902774,East Kalimantan
2024-01-10 00:00:00+00:00,28.02675,3.8000002,0.45605555,East Kalimantan
2024-01-11 00:00:00+00:00,26.800364,22.566666,0.4556112,East Kalimantan
2024-01-12 00:00:00+00:00,26.777445,19.266668,0.45416665,East Kalimantan
2024-01-13 00:00:00+00:00,26.037863,19.066668,0.45919445,East Kalimantan
2024-01-14 00:00:00+00:00,25.918417,18.133333,0.4623611,East Kalimantan
2024-01-15 00:00:00+00:00,26.360083,8.233335,0.4661666,East Kalimantan
2024-01-16 00:00:00+00:00,25.542725,11.566666,0.4649861,East Kalimantan
2024-01-17 00:00:00+00:00,26.605219,1.7333332,0.46430555,East Kalimantan
2024-01-18 00:00:00+00:00,27.289942,17.966667,0.46337497,East Kalimantan
2024-01-19 00:00:00+00:00,26.398277,4.4333334,0.46256948,East Kalimantan
2024-01-20 00:00:00+00:00,26.632303,7.933334,0.45934716,East Kalimantan
2024-01-21 00:00:00+00:00,26.739252,5.6666665,0.45509723,East Kalimantan
2024-01-22 00:00:00+00:00,26.773977,11.833333,0.45108342,East Kalimantan
2024-01-23 00:00:00+00:00,26.158693,27.633337,0.4477223,East Kalimantan
2024-01-24 00:00:00+00:00,26.119806,5.3666663,0.44954166,East Kalimantan
2024-01-25 00:00:00+00:00,26.413557,9.9,0.44933334,East Kalimantan
2024-01-26 00:00:00+00:00,27.08786,0.36666667,0.44920835,East Kalimantan
2024-01-27 00:00:00+00:00,26.971193,1.8666664,0.446125,East Kalimantan
2024-01-28 00:00:00+00:00,27.172583,0.16666667,0.44263887,East Kalimantan
2024-01-29 00:00:00+00:00,27.221888,0.3,0.43930557,East Kalimantan
2024-01-30 00:00:00+00:00,27.659393,1.4333334,0.43534717,East Kalimantan
2024-01-31 00:00:00+00:00,26.948278,15.433334,0.43240276,East Kalimantan
2024-02-01 00:00:00+00:00,26.00453,7.1666665,0.43674996,East Kalimantan
2024-02-02 00:00:00+00:00,25.411469,40.43333,0.44277775,East Kalimantan
2024-02-03 00:00:00+00:00,26.148277,5.833334,0.44251394,East Kalimantan
2024-02-04 00:00:00+00:00,25.92536,46.333332,0.44987503,East Kalimantan
2024-02-05 00:00:00+00:00,26.286474,9.466667,0.45616665,East Kalimantan
2024-02-06 00:00:00+00:00,26.97883,7.566667,0.4575,East Kalimantan
2024-02-07 00:00:00+00:00,25.757998,10.433333,0.4628611,East Kalimantan
2024-02-08 00:00:00+00:00,26.357306,7.6999993,0.46544442,East Kalimantan
2024-02-09 00:00:00+00:00,25.821192,15.966667,0.4672222,East Kalimantan
2024-02-10 00:00:00+00:00,25.985779,18.46667,0.47033334,East Kalimantan
2024-02-11 00:00:00+00:00,25.499664,16.266668,0.4750972,East Kalimantan
2024-02-12 00:00:00+00:00,25.603142,13.066667,0.47529164,East Kalimantan
2024-02-13 00:00:00+00:00,26.437166,2.1333334,0.47026387,East Kalimantan
2024-02-14 00:00:00+00:00,27.326056,1.6666665,0.46391666,East Kalimantan
2024-02-15 00:00:00+00:00,27.110085,2.9666665,0.4578056,East Kalimantan
2024-02-16 00:00:00+00:00,27.469109,0.5,0.45175,East Kalimantan
2024-02-17 00:00:00+00:00,27.548279,0.5,0.44618055,East Kalimantan
2024-02-18 00:00:00+00:00,27.893417,0.1,0.4402778,East Kalimantan
2024-02-19 00:00:00+00:00,28.315636,0.43333337,0.43445837,East Kalimantan
2024-02-20 00:00:00+00:00,28.055222,1.1333333,0.42948604,East Kalimantan
2024-02-21 00:00:00+00:00,27.618418,9.033334,0.42543057,East Kalimantan
2024-02-22 00:00:00+00:00,27.438555,4.333333,0.42134726,East Kalimantan
2024-02-23 00:00:00+00:00,27.699667,5.4666667,0.41751394,East Kalimantan
2024-02-24 00:00:00+00:00,27.576056,19.866665,0.41513887,East Kalimantan
2024-02-25 00:00:00+00:00,26.597582,11.599999,0.41454163,East Kalimantan
2024-02-26 00:00:00+00:00,25.512863,22.5,0.41650006,East Kalimantan
2024-02-27 00:00:00+00:00,27.048277,1.4666667,0.41987494,East Kalimantan
2024-02-28 00:00:00+00:00,27.62467,1.1333333,0.41743055,East Kalimantan
2024-02-29 00:00:00+00:00,27.35939,6.1666665,0.41448617,East Kalimantan
2024-03-01 00:00:00+00:00,26.895498,9.833333,0.41229174,East Kalimantan
2024-03-02 00:00:00+00:00,26.332304,16.066666,0.41125003,East Kalimantan
2024-03-03 00:00:00+00:00,26.317724,7.3666663,0.41305554,East Kalimantan
2024-03-04 00:00:00+00:00,26.284388,11.8,0.41397223,East Kalimantan
2024-03-05 00:00:00+00:00,27.05036,7.133333,0.41474998,East Kalimantan
2024-03-06 00:00:00+00:00,27.038553,17.166666,0.41590273,East Kalimantan
2024-03-07 00:00:00+00:00,26.538553,18.366667,0.41706944,East Kalimantan
2024-03-08 00:00:00+00:00,26.95314,11.566666,0.41918054,East Kalimantan
2024-03-09 00:00:00+00:00,26.09342,17.233335,0.42291665,East Kalimantan
2024-03-10 00:00:00+00:00,25.419111,9.166667,0.4287361,East Kalimantan
2024-03-11 00:00:00+00:00,27.65036,0.26666668,0.4265139,East Kalimantan
2024-03-12 00:00:00+00:00,27.04133,28.666666,0.4246805,East Kalimantan
2024-03-13 00:00:00+00:00,26.112862,8.900001,0.42493054,East Kalimantan
2024-03-14 00:00:00+00:00,27.763556,2.7666667,0.41855553,East Kalimantan
2024-03-15 00:00:00+00:00,27.330917,1.9,0.41252777,East Kalimantan
2024-03-16 00:00:00+00:00,27.471891,1.2333335,0.40665284,East Kalimantan
2024-03-17 00:00:00+00:00,27.407303,2.3999999,0.4026667,East Kalimantan
2024-03-18 00:00:00+00:00,27.522577,16.233335,0.3987361,East Kalimantan
2024-03-19 00:00:00+00:00,26.378836,17.5,0.39411113,East Kalimantan
2024-03-20 00:00:00+00:00,26.308,31.6,0.39226386,East Kalimantan
2024-03-21 00:00:00+00:00,26.117722,17.666666,0.39861107,East Kalimantan
2024-03-22 00:00:00+00:00,26.74411,3.6333332,0.40030554,East Kalimantan
2024-03-23 00:00:00+00:00,27.371887,2.8,0.39863887,East Kalimantan
2024-03-24 00:00:00+00:00,27.714943,3.6000001,0.3968056,East Kalimantan
2024-03-25 00:00:00+00:00,27.663551,2.8999999,0.39518055,East Kalimantan
2024-03-26 00:00:00+00:00,27.481607,18.633333,0.39480552,East Kalimantan
2024-03-27 00:00:00+00:00,25.867722,23.733332,0.39966664,East Kalimantan
2024-03-28 00:00:00+00:00,25.554527,27.933332,0.4025,East Kalimantan
2024-03-29 00:00:00+00:00,25.903833,7.0,0.40811113,East Kalimantan
2024-03-30 00:00:00+00:00,27.448973,4.4666667,0.4092778,East Kalimantan
2024-03-31 00:00:00+00:00,26.65314,10.666668,0.40929163,East Kalimantan
2024-04-01 00:00:00+00:00,26.028831,14.133334,0.4105278,East Kalimantan
2024-04-02 00:00:00+00:00,27.471193,0.4333333,0.40984723,East Kalimantan
2024-04-03 00:00:00+00:00,28.096193,0.06666667,0.40683332,East Kalimantan
2024-04-04 00:00:00+00:00,27.80661,2.8,0.40434718,East Kalimantan
2024-04-05 00:00:00+00:00,27.947584,6.6,0.4014583,East Kalimantan
2024-04-06 00:00:00+00:00,27.042723,27.633333,0.39938888,East Kalimantan
2024-04-07 00:00:00+00:00,26.987165,10.600001,0.39797223,East Kalimantan
2024-04-08 00:00:00+00:00,26.793417,18.4,0.40522218,East Kalimantan
2024-04-09 00:00:00+00:00,26.314943,20.433332,0.4147223,East Kalimantan
2024-04-10 00:00:00+00:00,27.021194,1.6666666,0.41523615,East Kalimantan
2024-04-11 00:00:00+00:00,27.710083,0.4,0.4135556,East Kalimantan
2024-04-12 00:00:00+00:00,27.851748,2.7333333,0.41088882,East Kalimantan
2024-04-13 00:00:00+00:00,27.848974,3.0999997,0.40801382,East Kalimantan
2024-04-14 00:00:00+00:00,27.788553,3.0,0.40412498,East Kalimantan
2024-04-15 00:00:00+00:00,27.21564,9.133334,0.40105557,East Kalimantan
2024-04-16 00:00:00+00:00,27.642721,1.6666666,0.39925006,East Kalimantan
2024-04-17 00:00:00+00:00,28.179525,6.466667,0.39552775,East Kalimantan
2024-04-18 00:00:00+00:00,27.67675,10.3,0.39197215,East Kalimantan
2024-04-19 00:00:00+00:00,27.555918,9.466667,0.39147213,East Kalimantan
2024-04-20 00:00:00+00:00,27.462166,8.0,0.38995835,East Kalimantan
2024-04-21 00:00:00+00:00,27.549667,12.666667,0.3896806,East Kalimantan
2024-04-22 00:00:00+00:00,27.399666,16.133333,0.3939167,East Kalimantan
2024-04-23 00:00:00+00:00,27.126747,16.9,0.39159718,East Kalimantan
2024-04-24 00:00:00+00:00,26.267029,16.000002,0.3925972,East Kalimantan
2024-04-25 00:00:00+00:00,26.79133,15.233334,0.39901388,East Kalimantan
2024-04-26 00:00:00+00:00,27.368416,6.2000003,0.4005139,East Kalimantan
2024-04-27 00:00:00+00:00,27.50522,5.0333333,0.4018333,East Kalimantan
2024-04-28 00:00:00+00:00,26.86425,8.166667,0.4027083,East Kalimantan
2024-04-29 00:00:00+00:00,26.78647,14.066666,0.40393054,East Kalimantan
2024-04-30 00:00:00+00:00,26.938555,8.6,0.40895832,East Kalimantan
2024-05-01 00:00:00+00:00,26.967722,16.000002,0.41149998,East Kalimantan
2024-05-02 00:00:00+00:00,26.569113,28.333334,0.4158195,East Kalimantan
2024-05-03 00:00:00+00:00,25.555914,13.833333,0.42745832,East Kalimantan
2024-05-04 00:00:00+00:00,26.422583,21.133333,0.43154165,East Kalimantan
2024-05-05 00:00:00+00:00,25.987165,12.466668,0.4416944,East Kalimantan
2024-05-06 00:00:00+00:00,26.430222,8.566667,0.44804168,East Kalimantan
2024-05-07 00:00:00+00:00,26.770498,14.333335,0.45431948,East Kalimantan
2024-05-08 00:00:00+00:00,26.432999,30.700003,0.45920834,East Kalimantan
2024-05-09 00:00:00+00:00,26.253138,12.366668,0.4640417,East Kalimantan
2024-05-10 00:00:00+00:00,27.364946,13.266666,0.46408328,East Kalimantan
2024-05-11 00:00:00+00:00,26.750364,13.099998,0.4628055,East Kalimantan
2024-05-12 00:00:00+00:00,26.607306,7.1333337,0.46497226,East Kalimantan
2024-05-13 00:00:00+00:00,26.854528,11.666667,0.4682639,East Kalimantan
2024-05-14 00:00:00+00:00,27.151749,7.2000003,0.46679163,East Kalimantan
2024-05-15 00:00:00+00:00,27.31633,10.266666,0.4634305,East Kalimantan
2024-05-16 00:00:00+00:00,26.66842,15.399999,0.46131945,East Kalimantan
2024-05-17 00:00:00+00:00,26.891335,5.3333335,0.4608611,East Kalimantan
2024-05-18 00:00:00+00:00,26.682302,10.233334,0.46100006,East Kalimantan
2024-05-19 00:00:00+00:00,26.631613,9.233333,0.46216667,East Kalimantan
2024-05-20 00:00:00+00:00,26.825363,10.833333,0.46105555,East Kalimantan
2024-05-21 00:00:00+00:00,26.8955,6.666668,0.46222225,East Kalimantan
2024-05-22 00:00:00+00:00,26.64064,13.333333,0.46211115,East Kalimantan
2024-05-23 00:00:00+00:00,26.471888,8.433333,0.4629027,East Kalimantan
2024-05-24 00:00:00+00:00,27.11425,10.1,0.46420833,East Kalimantan
2024-05-25 00:00:00+00:00,26.81286,17.166668,0.46608338,East Kalimantan
2024-05-26 00:00:00+00:00,26.254524,19.866669,0.46944442,East Kalimantan
2024-05-27 00:00:00+00:00,25.673971,17.166666,0.4818195,East Kalimantan
2024-05-28 00:00:00+00:00,26.466333,12.533333,0.48348615,East Kalimantan
2024-05-29 00:00:00+00:00,27.078833,3.5666668,0.47869444,East Kalimantan
2024-05-30 00:00:00+00:00,26.839249,13.900001,0.4751666,East Kalimantan
2024-05-31 00:00:00+00:00,26.930222,5.566667,0.47152779,East Kalimantan
2024-06-01 00:00:00+00:00,26.427444,22.4,0.4705,East Kalimantan
2024-06-02 00:00:00+00:00,25.918419,10.533334,0.4739306,East Kalimantan
2024-06-03 00:00:00+00:00,26.328829,12.166667,0.47670832,East Kalimantan
2024-06-04 00:00:00+00:00,25.71286,13.033333,0.47638893,East Kalimantan
2024-06-05 00:00:00+00:00,26.371193,23.1,0.4766389,East Kalimantan
2024-06-06 00:00:00+00:00,25.780916,11.333333,0.47262493,East Kalimantan
2024-06-07 00:00:00+00:00,25.363556,22.533333,0.47420835,East Kalimantan
2024-06-08 00:00:00+00:00,26.217028,7.3666663,0.46559724,East Kalimantan
2024-06-09 00:00:00+00:00,26.662859,7.3999996,0.45954168,East Kalimantan
2024-06-10 00:00:00+00:00,26.485085,10.566667,0.45456943,East Kalimantan
2024-06-11 00:00:00+00:00,26.208,7.4666667,0.4542916,East Kalimantan
2024-06-12 00:00:00+00:00,26.120499,15.233335,0.45320833,East Kalimantan
2024-06-13 00:00:00+00:00,25.545502,18.833334,0.4526527,East Kalimantan
2024-06-14 00:00:00+00:00,25.241333,3.6666667,0.4510833,East Kalimantan
2024-06-15 00:00:00+00:00,26.185083,1.5333334,0.44901383,East Kalimantan
2024-06-16 00:00:00+00:00,26.437164,4.7999997,0.4457778,East Kalimantan
2024-06-17 00:00:00+00:00,26.68439,8.5,0.4415417,East Kalimantan
2024-06-18 00:00:00+00:00,25.69203,18.166666,0.4410417,East Kalimantan
2024-06-19 00:00:00+00:00,25.132303,9.633334,0.44245827,East Kalimantan
2024-06-20 00:00:00+00:00,26.396889,1.5666667,0.44229174,East Kalimantan
2024-06-21 00:00:00+00:00,26.087164,3.7666664,0.44090274,East Kalimantan
2024-06-22 00:00:00+00:00,25.954529,12.833333,0.43799996,East Kalimantan
2024-06-23 00:00:00+00:00,24.948973,23.766665,0.4392639,East Kalimantan
2024-06-24 00:00:00+00:00,24.975359,3.5666666,0.4537222,East Kalimantan
2024-06-25 00:00:00+00:00,25.980219,4.7999997,0.45326388,East Kalimantan
2024-06-26 00:00:00+00:00,26.07189,5.3333335,0.44997218,East Kalimantan
2024-06-27 00:00:00+00:00,26.353834,6.0333333,0.44654167,East Kalimantan
2024-06-28 00:00:00+00:00,26.228834,12.866668,0.44263887,East Kalimantan
2024-06-29 00:00:00+00:00,25.733696,11.299999,0.44076386,East Kalimantan
2024-06-30 00:00:00+00:00,25.807999,11.766667,0.44093052,East Kalimantan
2024-07-01 00:00:00+00:00,25.723276,13.666668,0.4457222,East Kalimantan
2024-07-02 00:00:00+00:00,25.387167,10.566668,0.45377776,East Kalimantan
2024-07-03 00:00:00+00:00,24.701056,8.5,0.4590278,East Kalimantan
2024-07-04 00:00:00+00:00,25.908697,16.2,0.45790276,East Kalimantan
2024-07-05 00:00:00+00:00,26.135778,7.7333336,0.45777774,East Kalimantan
2024-07-06 00:00:00+00:00,25.320498,21.733332,0.4612083,East Kalimantan
2024-07-07 00:00:00+00:00,23.980917,23.700003,0.4698056,East Kalimantan
2024-07-08 00:00:00+00:00,25.54064,5.4,0.46818054,East Kalimantan
2024-07-09 00:00:00+00:00,24.938555,8.666667,0.4698889,East Kalimantan
2024-07-10 00:00:00+00:00,25.626059,12.533333,0.47136113,East Kalimantan
2024-07-11 00:00:00+00:00,24.89411,11.966667,0.47887507,East Kalimantan
2024-07-12 00:00:00+00:00,25.706614,3.6999998,0.47829166,East Kalimantan
2024-07-13 00:00:00+00:00,25.564249,2.8,0.47300005,East Kalimantan
2024-07-14 00:00:00+00:00,26.503138,0.9000001,0.4684166,East Kalimantan
2024-07-15 00:00:00+00:00,26.721888,17.1,0.4628195,East Kalimantan
2024-07-16 00:00:00+00:00,25.444807,6.3333335,0.46069446,East Kalimantan
2024-07-17 00:00:00+00:00,26.66564,4.366667,0.45986116,East Kalimantan
2024-07-18 00:00:00+00:00,25.230219,15.733335,0.4594444,East Kalimantan
2024-07-19 00:00:00+00:00,26.580915,0.8333333,0.45887503,East Kalimantan
2024-07-20 00:00:00+00:00,27.002441,2.2,0.45508337,East Kalimantan
2024-07-21 00:00:00+00:00,26.101057,19.499998,0.45404172,East Kalimantan
2024-07-22 00:00:00+00:00,26.017029,7.433333,0.45812497,East Kalimantan
2024-07-23 00:00:00+00:00,25.95175,3.8999996,0.4591527,East Kalimantan
2024-07-24 00:00:00+00:00,26.148277,2.2333333,0.45826387,East Kalimantan
2024-07-25 00:00:00+00:00,25.98439,2.0,0.45487502,East Kalimantan
2024-07-26 00:00:00+00:00,26.769112,1.1333333,0.45112503,East Kalimantan
2024-07-27 00:00:00+00:00,26.798971,2.6000001,0.44736114,East Kalimantan
2024-07-28 00:00:00+00:00,26.67536,3.1333332,0.44334725,East Kalimantan
2024-07-29 00:00:00+00:00,26.789248,4.4999995,0.4393889,East Kalimantan
2024-07-30 00:00:00+00:00,25.892723,14.233334,0.43615282,East Kalimantan
2024-07-31 00:00:00+00:00,26.50036,4.8666663,0.43326393,East Kalimantan
2024-08-01 00:00:00+00:00,26.069109,7.2333336,0.43076387,East Kalimantan
2024-08-02 00:00:00+00:00,25.445503,8.766667,0.42876396,East Kalimantan
2024-08-03 00:00:00+00:00,25.519114,9.733334,0.42906943,East Kalimantan
2024-08-04 00:00:00+00:00,26.285086,2.833333,0.42890275,East Kalimantan
2024-08-05 00:00:00+00:00,26.203835,3.0,0.42754164,East Kalimantan
2024-08-06 00:00:00+00:00,25.160082,20.000002,0.4263611,East Kalimantan
2024-08-07 00:00:00+00:00,25.252447,7.6666675,0.42720833,East Kalimantan
2024-08-08 00:00:00+00:00,25.303139,15.633332,0.43249997,East Kalimantan
2024-08-09 00:00:00+00:00,25.658003,7.7000003,0.43451384,East Kalimantan
2024-08-10 00:00:00+00:00,26.621887,0.86666673,0.4334167,East Kalimantan
2024-08-11 00:00:00+00:00,26.071886,3.5999997,0.43119445,East Kalimantan
2024-08-12 00:00:00+00:00,25.878138,2.8333333,0.42872217,East Kalimantan
2024-08-13 00:00:00+00:00,25.583694,15.100001,0.42754164,East Kalimantan
2024-08-14 00:00:00+00:00,25.979528,5.4666667,0.42513886,East Kalimantan
2024-08-15 00:00:00+00:00,25.354528,18.5,0.42513886,East Kalimantan
2024-08-16 00:00:00+00:00,26.45314,4.1666665,0.42488894,East Kalimantan
2024-08-17 00:00:00+00:00,25.738556,7.933334,0.42324996,East Kalimantan
2024-08-18 00:00:00+00:00,25.419806,8.266667,0.42180565,East Kalimantan
2024-08-19 00:00:00+00:00,25.878141,9.533334,0.42004165,East Kalimantan
2024-08-20 00:00:00+00:00,25.601053,17.866667,0.41913894,East Kalimantan
2024-08-21 00:00:00+00:00,25.037165,21.6,0.4215556,East Kalimantan
2024-08-22 00:00:00+00:00,24.097582,31.133333,0.44031942,East Kalimantan
2024-08-23 00:00:00+00:00,25.544111,2.8333333,0.4504583,East Kalimantan
2024-08-24 00:00:00+00:00,25.236471,15.666667,0.45473614,East Kalimantan
2024-08-25 00:00:00+00:00,25.657999,7.8333335,0.4570416,East Kalimantan
2024-08-26 00:00:00+00:00,25.966333,25.233332,0.4605417,East Kalimantan
2024-08-27 00:00:00+00:00,25.264252,20.266665,0.46623608,East Kalimantan
2024-08-28 00:00:00+00:00,25.690636,6.2999997,0.47375003,East Kalimantan
2024-08-29 00:00:00+00:00,25.00939,17.833334,0.4778472,East Kalimantan
2024-08-30 00:00:00+00:00,25.004526,5.4,0.4798195,East Kalimantan
2024-08-31 00:00:00+00:00,25.999666,13.466666,0.47972223,East Kalimantan
2024-09-01 00:00:00+00:00,26.280916,3.7000005,0.4821528,East Kalimantan
2024-09-02 00:00:00+00:00,26.889944,3.2999995,0.47944435,East Kalimantan
2024-09-03 00:00:00+00:00,26.777445,3.0666666,0.47330558,East Kalimantan
2024-09-04 00:00:00+00:00,26.855219,6.1000004,0.46594444,East Kalimantan
2024-09-05 00:00:00+00:00,25.855919,25.199999,0.45968053,East Kalimantan
2024-09-06 00:00:00+00:00,26.565641,1.2333335,0.45552775,East Kalimantan
2024-09-07 00:00:00+00:00,26.885775,7.5333333,0.45194435,East Kalimantan
2024-09-08 00:00:00+00:00,26.551748,8.8,0.4478195,East Kalimantan
2024-09-09 00:00:00+00:00,25.860777,12.900001,0.44495836,East Kalimantan
2024-09-10 00:00:00+00:00,26.334389,5.0,0.44215283,East Kalimantan
2024-09-11 00:00:00+00:00,26.80939,0.06666667,0.43924996,East Kalimantan
2024-09-12 00:00:00+00:00,26.78161,0.0,0.43624997,East Kalimantan
2024-09-13 00:00:00+00:00,26.701057,0.2,0.432875,East Kalimantan
2024-09-14 00:00:00+00:00,26.66564,0.0,0.42906943,East Kalimantan
2024-09-15 00:00:00+00:00,26.862167,0.0,0.42519447,East Kalimantan
2024-09-16 00:00:00+00:00,27.399668,0.33333334,0.42120835,East Kalimantan
2024-09-17 00:00:00+00:00,27.635084,0.36666667,0.4171944,East Kalimantan
2024-09-18 00:00:00+00:00,27.133001,6.4,0.4134445,East Kalimantan
2024-09-19 00:00:00+00:00,27.780226,0.06666667,0.4092778,East Kalimantan
2024-09-20 00:00:00+00:00,27.593416,5.0666666,0.40402782,East Kalimantan
2024-09-21 00:00:00+00:00,27.398972,0.53333336,0.40002775,East Kalimantan
2024-09-22 00:00:00+00:00,27.546194,0.93333334,0.3975416,East Kalimantan
2024-09-23 00:00:00+00:00,27.87536,2.3,0.3944167,East Kalimantan
2024-09-24 00:00:00+00:00,26.89828,14.666667,0.3906667,East Kalimantan
2024-09-25 00:00:00+00:00,26.078138,6.2666664,0.38751385,East Kalimantan
2024-09-26 00:00:00+00:00,26.667028,9.066667,0.3851389,East Kalimantan
2024-09-27 00:00:00+00:00,25.51425,12.533333,0.3826528,East Kalimantan
2024-09-28 00:00:00+00:00,27.320496,0.79999995,0.38088894,East Kalimantan
2024-09-29 00:00:00+00:00,26.582306,10.833333,0.37872228,East Kalimantan
2024-09-30 00:00:00+00:00,25.757998,5.566667,0.37715277,East Kalimantan
2024-10-01 00:00:00+00:00,26.305222,15.3,0.3760139,East Kalimantan
2024-10-02 00:00:00+00:00,25.60939,20.03333,0.37800002,East Kalimantan
2024-10-03 00:00:00+00:00,25.295496,9.466667,0.3888056,East Kalimantan
2024-10-04 00:00:00+00:00,26.14411,3.8666668,0.39347222,East Kalimantan
2024-10-05 00:00:00+00:00,26.951752,3.2666664,0.39713895,East Kalimantan
2024-10-06 00:00:00+00:00,25.740637,13.900001,0.39783335,East Kalimantan
2024-10-07 00:00:00+00:00,25.480225,14.366668,0.40025,East Kalimantan
2024-10-08 00:00:00+00:00,26.819109,6.6999993,0.40247226,East Kalimantan
2024-10-09 00:00:00+00:00,26.607307,6.233333,0.40408328,East Kalimantan
2024-10-10 00:00:00+00:00,26.30661,10.8,0.4054861,East Kalimantan
2024-10-11 00:00:00+00:00,26.67536,5.1666665,0.40661106,East Kalimantan
2024-10-12 00:00:00+00:00,27.287857,1.8666667,0.4064305,East Kalimantan
2024-10-13 00:00:00+00:00,26.542028,11.066666,0.40606937,East Kalimantan
2024-10-14 00:00:00+00:00,25.305916,11.5666685,0.4073472,East Kalimantan
2024-10-15 00:00:00+00:00,25.843414,14.3,0.4087361,East Kalimantan
2024-10-16 00:00:00+00:00,25.869804,20.200003,0.41293058,East Kalimantan
2024-10-17 00:00:00+00:00,24.85314,15.266667,0.42762503,East Kalimantan
2024-10-18 00:00:00+00:00,25.867722,11.933334,0.43225,East Kalimantan
2024-10-19 00:00:00+00:00,26.128138,5.5333343,0.43377778,East Kalimantan
2024-10-20 00:00:00+00:00,27.244112,8.799999,0.43418053,East Kalimantan
2024-10-21 00:00:00+00:00,25.885778,5.7333336,0.43598607,East Kalimantan
2024-10-22 00:00:00+00:00,27.469805,0.4333333,0.43509725,East Kalimantan
2024-10-23 00:00:00+00:00,27.378836,2.1666667,0.43266657,East Kalimantan
2024-10-24 00:00:00+00:00,28.010084,1.6666666,0.42956948,East Kalimantan
2024-10-25 00:00:00+00:00,27.786474,0.6,0.42708337,East Kalimantan
2024-10-26 00:00:00+00:00,27.733,0.6,0.42472228,East Kalimantan
2024-10-27 00:00:00+00:00,27.612862,1.4333334,0.42170826,East Kalimantan
2024-10-28 00:00:00+00:00,27.787863,6.9,0.41865274,East Kalimantan
2024-10-29 00:00:00+00:00,26.866333,1.4333334,0.41654167,East Kalimantan
2024-10-30 00:00:00+00:00,27.348276,8.533334,0.41324997,East Kalimantan
2024-10-31 00:00:00+00:00,26.189249,7.233333,0.4109583,East Kalimantan
2024-11-01 00:00:00+00:00,25.987862,7.200001,0.40956947,East Kalimantan
2024-11-02 00:00:00+00:00,26.706606,6.566667,0.40601382,East Kalimantan
2024-11-03 00:00:00+00:00,25.506613,6.0,0.40677777,East Kalimantan
2024-11-04 00:00:00+00:00,25.13022,15.166667,0.4102223,East Kalimantan
2024-11-05 00:00:00+00:00,26.256613,10.366666,0.4142083,East Kalimantan
2024-11-06 00:00:00+00:00,26.601751,11.600001,0.4158611,East Kalimantan
2024-11-07 00:00:00+00:00,25.521889,5.7333336,0.4162778,East Kalimantan
2024-11-08 00:00:00+00:00,26.95939,14.000001,0.41608337,East Kalimantan
2024-11-09 00:00:00+00:00,25.851053,8.366666,0.42125002,East Kalimantan
2024-11-10 00:00:00+00:00,26.615637,5.7999997,0.42261112,East Kalimantan
2024-11-11 00:00:00+00:00,25.977446,4.7333336,0.42548612,East Kalimantan
2024-11-12 00:00:00+00:00,26.243418,6.566667,0.41334724,East Kalimantan
2024-11-13 00:00:00+00:00,26.885084,7.2666664,0.39718047,East Kalimantan
2024-11-14 00:00:00+00:00,26.057306,8.866667,0.39694443,East Kalimantan
2024-11-15 00:00:00+00:00,27.055918,6.3666663,0.3969722,East Kalimantan
2024-11-16 00:00:00+00:00,26.114944,14.7,0.39762497,East Kalimantan
2024-11-17 00:00:00+00:00,26.20314,12.0,0.39981946,East Kalimantan
2024-11-18 00:00:00+00:00,26.051056,10.633334,0.4022778,East Kalimantan
2024-11-19 00:00:00+00:00,25.603836,6.6,0.40305558,East Kalimantan
2024-11-20 00:00:00+00:00,26.082304,7.466667,0.40399995,East Kalimantan
2024-11-21 00:00:00+00:00,26.959389,7.2999997,0.4051944,East Kalimantan
2024-11-22 00:00:00+00:00,26.661474,12.633334,0.40588894,East Kalimantan
2024-11-23 00:00:00+00:00,26.253138,8.900001,0.4067917,East Kalimantan
2024-11-24 00:00:00+00:00,26.32328,11.100001,0.40927777,East Kalimantan
2024-11-25 00:00:00+00:00,26.060778,17.466667,0.41808334,East Kalimantan
2024-11-26 00:00:00+00:00,26.099665,9.766667,0.42181936,East Kalimantan
2024-11-27 00:00:00+00:00,26.74411,9.000001,0.42381954,East Kalimantan
2024-11-28 00:00:00+00:00,26.583694,4.5666666,0.42565277,East Kalimantan
2024-11-29 00:00:00+00:00,26.324667,24.166666,0.43641666,East Kalimantan
2024-11-30 00:00:00+00:00,26.583693,13.966667,0.44036114,East Kalimantan
2024-12-01 00:00:00+00:00,25.819803,9.333334,0.4479444,East Kalimantan
2024-12-02 00:00:00+00:00,26.680222,14.633334,0.45025,East Kalimantan
2024-12-03 00:00:00+00:00,25.82189,24.733332,0.45820832,East Kalimantan
2024-12-04 00:00:00+00:00,26.621887,8.666667,0.46212503,East Kalimantan
2024-12-05 00:00:00+00:00,25.884386,7.800001,0.46190277,East Kalimantan
2024-12-06 00:00:00+00:00,26.303139,6.5333333,0.46131942,East Kalimantan
2024-12-07 00:00:00+00:00,27.117027,3.5666666,0.4610416,East Kalimantan
2024-12-08 00:00:00+00:00,27.151747,8.000001,0.4561666,East Kalimantan
2024-12-09 00:00:00+00:00,26.96911,5.3333335,0.4522084,East Kalimantan
2024-12-10 00:00:00+00:00,26.839249,6.8333335,0.44677782,East Kalimantan
2024-12-11 00:00:00+00:00,26.582306,16.566668,0.44331947,East Kalimantan
2024-12-12 00:00:00+00:00,26.051056,13.166667,0.44176388,East Kalimantan
2024-12-13 00:00:00+00:00,26.713552,3.0333335,0.44573614,East Kalimantan
2024-12-14 00:00:00+00:00,26.307304,4.866667,0.44627777,East Kalimantan
2024-12-15 00:00:00+00:00,26.236473,3.8000002,0.44854167,East Kalimantan
2024-12-16 00:00:00+00:00,26.385084,2.4,0.44797227,East Kalimantan
2024-12-17 00:00:00+00:00,27.096193,5.433333,0.44687507,East Kalimantan
2024-12-18 00:00:00+00:00,27.378138,5.1,0.44493055,East Kalimantan
2024-12-19 00:00:00+00:00,27.116333,6.066667,0.44236115,East Kalimantan
2024-12-20 00:00:00+00:00,26.998972,12.0,0.43947217,East Kalimantan
2024-12-21 00:00:00+00:00,26.70453,26.933334,0.43423605,East Kalimantan
2024-12-22 00:00:00+00:00,26.472582,12.833333,0.43243054,East Kalimantan
2024-12-23 00:00:00+00:00,26.583693,8.566667,0.43486118,East Kalimantan
2024-12-24 00:00:00+00:00,25.714945,11.866668,0.43513894,East Kalimantan
2024-12-25 00:00:00+00:00,26.252447,3.4666665,0.43711114,East Kalimantan
2024-12-26 00:00:00+00:00,25.943415,4.2000003,0.43751386,East Kalimantan
2024-12-27 00:00:00+00:00,26.96425,1.1333333,0.4361666,East Kalimantan
2024-12-28 00:00:00+00:00,27.092026,20.699999,0.43568054,East Kalimantan
2024-12-29 00:00:00+00:00,26.583694,8.933333,0.43465278,East Kalimantan
2024-12-30 00:00:00+00:00,27.394114,3.7333336,0.43206942,East Kalimantan
2024-12-31 00:00:00+00:00,26.908693,12.400001,0.42751384,East Kalimantan
2021-01-01 00:00:00+00:00,25.689207,7.775,0.30874997,West Kalimantan
2021-01-02 00:00:00+00:00,24.63921,11.325,0.310125,West Kalimantan
2021-01-03 00:00:00+00:00,25.212126,15.125,0.31270835,West Kalimantan
2021-01-04 00:00:00+00:00,24.885042,29.8,0.31811458,West Kalimantan
2021-01-05 00:00:00+00:00,25.779314,1.3749999,0.32529166,West Kalimantan
2021-01-06 00:00:00+00:00,26.205875,8.95,0.3255208,West Kalimantan
2021-01-07 00:00:00+00:00,24.714731,19.675001,0.32876045,West Kalimantan
2021-01-08 00:00:00+00:00,25.216291,5.675,0.33528125,West Kalimantan
2021-01-09 00:00:00+00:00,25.319416,11.25,0.34035417,West Kalimantan
2021-01-10 00:00:00+00:00,24.828793,17.925001,0.34679168,West Kalimantan
2021-01-11 00:00:00+00:00,24.881395,6.025,0.3546146,West Kalimantan
2021-01-12 00:00:00+00:00,25.393375,20.875,0.36101043,West Kalimantan
2021-01-13 00:00:00+00:00,24.729311,51.3,0.36279166,West Kalimantan
2021-01-14 00:00:00+00:00,24.387646,9.375,0.3614792,West Kalimantan
2021-01-15 00:00:00+00:00,24.940252,5.275,0.35764578,West Kalimantan
2021-01-16 00:00:00+00:00,25.804316,1.8500001,0.35190624,West Kalimantan
2021-01-17 00:00:00+00:00,25.401188,1.8250002,0.34373957,West Kalimantan
2021-01-18 00:00:00+00:00,25.31473,1.1750001,0.3350104,West Kalimantan
2021-01-19 00:00:00+00:00,25.762127,0.5500001,0.32664585,West Kalimantan
2021-01-20 00:00:00+00:00,25.982437,2.625,0.3189479,West Kalimantan
2021-01-21 00:00:00+00:00,26.196499,0.70000005,0.31194788,West Kalimantan
2021-01-22 00:00:00+00:00,26.244415,4.175,0.30584377,West Kalimantan
2021-01-23 00:00:00+00:00,25.9215,3.6750002,0.30115622,West Kalimantan
2021-01-24 00:00:00+00:00,25.787647,2.85,0.29682288,West Kalimantan
2021-01-25 00:00:00+00:00,25.606396,12.825,0.29209375,West Kalimantan
2021-01-26 00:00:00+00:00,24.474625,22.525002,0.28864583,West Kalimantan
2021-01-27 00:00:00+00:00,24.014208,18.074999,0.29008332,West Kalimantan
2021-01-28 00:00:00+00:00,24.883999,7.0750003,0.29516664,West Kalimantan
2021-01-29 00:00:00+00:00,24.134,31.749996,0.30622917,West Kalimantan
2021-01-30 00:00:00+00:00,24.531918,5.525,0.31922916,West Kalimantan
2021-01-31 00:00:00+00:00,24.968376,23.550001,0.3219375,West Kalimantan
2021-02-01 00:00:00+00:00,24.566292,14.099999,0.32559377,West Kalimantan
2021-02-02 00:00:00+00:00,25.704313,7.3999996,0.32613543,West Kalimantan
2021-02-03 00:00:00+00:00,24.526188,10.725,0.32804167,West Kalimantan
2021-02-04 00:00:00+00:00,24.811085,23.1,0.33650005,West Kalimantan
2021-02-05 00:00:00+00:00,25.186604,3.9499998,0.34163544,West Kalimantan
2021-02-06 00:00:00+00:00,25.379313,6.9750004,0.3420208,West Kalimantan
2021-02-07 00:00:00+00:00,24.874104,36.024998,0.34954172,West Kalimantan
2021-02-08 00:00:00+00:00,25.600147,4.05,0.34840623,West Kalimantan
2021-02-09 00:00:00+00:00,26.709522,1.0250001,0.34361458,West Kalimantan
2021-02-10 00:00:00+00:00,26.736605,0.675,0.33853123,West Kalimantan
2021-02-11 00:00:00+00:00,26.836607,0.625,0.3331354,West Kalimantan
2021-02-12 00:00:00+00:00,26.673584,1.5,0.3274479,West Kalimantan
2021-02-13 00:00:00+00:00,26.023066,7.3500004,0.32227084,West Kalimantan
2021-02-14 00:00:00+00:00,25.383478,0.77500004,0.31718755,West Kalimantan
2021-02-15 00:00:00+00:00,25.983482,0.025,0.31175,West Kalimantan
2021-02-16 00:00:00+00:00,26.162125,0.075,0.30607295,West Kalimantan
2021-02-17 00:00:00+00:00,26.141293,1.3499999,0.30095834,West Kalimantan
2021-02-18 00:00:00+00:00,25.959,7.4,0.29594794,West Kalimantan
2021-02-19 00:00:00+00:00,25.42775,5.1,0.2916563,West Kalimantan
2021-02-20 00:00:00+00:00,26.001709,0.52500004,0.28798956,West Kalimantan
2021-02-21 00:00:00+00:00,26.023062,1.875,0.28361458,West Kalimantan
2021-02-22 00:00:00+00:00,25.629833,5.8750005,0.28045827,West Kalimantan
2021-02-23 00:00:00+00:00,25.867332,2.7,0.27664587,West Kalimantan
2021-02-24 00:00:00+00:00,25.963167,0.675,0.27295837,West Kalimantan
2021-02-25 00:00:00+00:00,25.944939,0.0,0.26982293,West Kalimantan
2021-02-26 00:00:00+00:00,26.591293,0.025,0.26556247,West Kalimantan
2021-02-27 00:00:00+00:00,27.084522,0.125,0.2604583,West Kalimantan
2021-02-28 00:00:00+00:00,27.163166,0.425,0.25554174,West Kalimantan
2021-03-01 00:00:00+00:00,27.334002,2.425,0.25073954,West Kalimantan
2021-03-02 00:00:00+00:00,27.202229,1.875,0.24578126,West Kalimantan
2021-03-03 00:00:00+00:00,26.18452,9.8,0.24255212,West Kalimantan
2021-03-04 00:00:00+00:00,25.091814,7.3250003,0.24061461,West Kalimantan
2021-03-05 00:00:00+00:00,26.261084,1.8499999,0.23743752,West Kalimantan
2021-03-06 00:00:00+00:00,25.551188,17.575,0.23339584,West Kalimantan
2021-03-07 00:00:00+00:00,24.403273,18.774998,0.23259376,West Kalimantan
2021-03-08 00:00:00+00:00,24.531397,21.1,0.23479164,West Kalimantan
2021-03-09 00:00:00+00:00,24.100666,5.75,0.2416771,West Kalimantan
2021-03-10 00:00:00+00:00,25.91421,0.2,0.24620833,West Kalimantan
2021-03-11 00:00:00+00:00,25.695461,2.55,0.24703126,West Kalimantan
2021-03-12 00:00:00+00:00,25.829834,3.025,0.24673957,West Kalimantan
2021-03-13 00:00:00+00:00,25.859,2.225,0.24537498,West Kalimantan
2021-03-14 00:00:00+00:00,25.366291,12.800001,0.2446875,West Kalimantan
2021-03-15 00:00:00+00:00,25.259521,2.375,0.24563539,West Kalimantan
2021-03-16 00:00:00+00:00,26.020458,0.85,0.24703124,West Kalimantan
2021-03-17 00:00:00+00:00,26.099625,18.575,0.24756253,West Kalimantan
2021-03-18 00:00:00+00:00,24.566813,9.275,0.25322914,West Kalimantan
2021-03-19 00:00:00+00:00,26.307438,4.6500006,0.2577917,West Kalimantan
2021-03-20 00:00:00+00:00,25.803791,6.0750003,0.26048958,West Kalimantan
2021-03-21 00:00:00+00:00,25.732437,10.35,0.26479167,West Kalimantan
2021-03-22 00:00:00+00:00,25.30796,9.700001,0.2711771,West Kalimantan
2021-03-23 00:00:00+00:00,25.47098,18.025,0.2864479,West Kalimantan
2021-03-24 00:00:00+00:00,25.529312,18.375,0.29576042,West Kalimantan
2021-03-25 00:00:00+00:00,24.197021,25.65,0.32286456,West Kalimantan
2021-03-26 00:00:00+00:00,26.02827,15.625,0.3236146,West Kalimantan
2021-03-27 00:00:00+00:00,24.651188,7.625,0.3331354,West Kalimantan
2021-03-28 00:00:00+00:00,26.277752,11.3,0.33308336,West Kalimantan
2021-03-29 00:00:00+00:00,25.546497,9.75,0.33340624,West Kalimantan
2021-03-30 00:00:00+00:00,25.98348,5.4000006,0.33277085,West Kalimantan
2021-03-31 00:00:00+00:00,26.294937,8.525,0.3314792,West Kalimantan
2021-04-01 00:00:00+00:00,26.077747,4.6749997,0.3293229,West Kalimantan
2021-04-02 00:00:00+00:00,26.59025,0.87500006,0.32696873,West Kalimantan
2021-04-03 00:00:00+00:00,26.661085,0.2,0.32308334,West Kalimantan
2021-04-04 00:00:00+00:00,26.95744,0.725,0.3185625,West Kalimantan
2021-04-05 00:00:00+00:00,27.060564,1.3000001,0.31304166,West Kalimantan
2021-04-06 00:00:00+00:00,27.211605,1.1750001,0.30837497,West Kalimantan
2021-04-07 00:00:00+00:00,26.111605,13.825001,0.30591673,West Kalimantan
2021-04-08 00:00:00+00:00,26.649105,6.525,0.30404165,West Kalimantan
2021-04-09 00:00:00+00:00,26.855354,3.0500002,0.301375,West Kalimantan
2021-04-10 00:00:00+00:00,26.381395,3.6499996,0.29849997,West Kalimantan
2021-04-11 00:00:00+00:00,25.529833,5.65,0.29623955,West Kalimantan
2021-04-12 00:00:00+00:00,25.449627,10.125,0.2961875,West Kalimantan
2021-04-13 00:00:00+00:00,25.556396,2.8,0.296625,West Kalimantan
2021-04-14 00:00:00+00:00,25.46421,6.2749996,0.29544792,West Kalimantan
2021-04-15 00:00:00+00:00,25.538168,7.325,0.29384375,West Kalimantan
2021-04-16 00:00:00+00:00,25.852749,8.475,0.29247913,West Kalimantan
2021-04-17 00:00:00+00:00,25.550146,41.500004,0.29835418,West Kalimantan
2021-04-18 00:00:00+00:00,24.845982,4.875,0.30910414,West Kalimantan
2021-04-19 00:00:00+00:00,25.742853,5.5750003,0.3089271,West Kalimantan
2021-04-20 00:00:00+00:00,26.065252,2.0,0.30735418,West Kalimantan
2021-04-21 00:00:00+00:00,27.013687,0.99999994,0.30511457,West Kalimantan
2021-04-22 00:00:00+00:00,26.099627,3.475,0.3031146,West Kalimantan
2021-04-23 00:00:00+00:00,26.783998,1.025,0.30108333,West Kalimantan
2021-04-24 00:00:00+00:00,27.02983,2.2749999,0.29804167,West Kalimantan
2021-04-25 00:00:00+00:00,26.869938,3.1750002,0.29497916,West Kalimantan
2021-04-26 00:00:00+00:00,26.37202,4.4249997,0.29230207,West Kalimantan
2021-04-27 00:00:00+00:00,25.736605,16.725,0.29011458,West Kalimantan
2021-04-28 00:00:00+00:00,25.667334,5.9000006,0.28800002,West Kalimantan
2021-04-29 00:00:00+00:00,26.611082,14.100001,0.28614584,West Kalimantan
2021-04-30 00:00:00+00:00,24.993378,9.25,0.2858542,West Kalimantan
2021-05-01 00:00:00+00:00,26.579315,2.8,0.28635418,West Kalimantan
2021-05-02 00:00:00+00:00,26.582958,15.55,0.28590629,West Kalimantan
2021-05-03 00:00:00+00:00,26.335041,6.525,0.29918748,West Kalimantan
2021-05-04 00:00:00+00:00,25.740772,16.925,0.30144793,West Kalimantan
2021-05-05 00:00:00+00:00,25.358479,6.625,0.30888543,West Kalimantan
2021-05-06 00:00:00+00:00,25.422543,15.475,0.30955207,West Kalimantan
2021-05-07 00:00:00+00:00,25.06108,6.3499994,0.31258333,West Kalimantan
2021-05-08 00:00:00+00:00,26.167856,2.1499999,0.3139271,West Kalimantan
2021-05-09 00:00:00+00:00,26.403793,6.1500006,0.31289583,West Kalimantan
2021-05-10 00:00:00+00:00,27.01525,4.425,0.3100729,West Kalimantan
2021-05-11 00:00:00+00:00,26.90067,8.225,0.30948958,West Kalimantan
2021-05-12 00:00:00+00:00,26.305874,48.05,0.3145104,West Kalimantan
2021-05-13 00:00:00+00:00,25.148586,11.325,0.34554166,West Kalimantan
2021-05-14 00:00:00+00:00,27.162647,2.075,0.34249997,West Kalimantan
2021-05-15 00:00:00+00:00,26.779835,8.1,0.3371667,West Kalimantan
2021-05-16 00:00:00+00:00,26.138687,12.700001,0.3342917,West Kalimantan
2021-05-17 00:00:00+00:00,26.131916,8.225,0.3329167,West Kalimantan
2021-05-18 00:00:00+00:00,25.772541,40.5,0.33748958,West Kalimantan
2021-05-19 00:00:00+00:00,24.679314,10.549999,0.3476875,West Kalimantan
2021-05-20 00:00:00+00:00,26.381916,1.15,0.34566668,West Kalimantan
2021-05-21 00:00:00+00:00,26.960562,4.5000005,0.34204167,West Kalimantan
2021-05-22 00:00:00+00:00,26.20171,16.5,0.3376146,West Kalimantan
2021-05-23 00:00:00+00:00,25.680355,1.1500001,0.33912504,West Kalimantan
2021-05-24 00:00:00+00:00,27.544418,0.1,0.33812496,West Kalimantan
2021-05-25 00:00:00+00:00,27.429314,0.52500004,0.3352917,West Kalimantan
2021-05-26 00:00:00+00:00,27.772543,1.125,0.33507293,West Kalimantan
2021-05-27 00:00:00+00:00,27.690247,6.125,0.33362502,West Kalimantan
2021-05-28 00:00:00+00:00,25.962648,8.525,0.33026043,West Kalimantan
2021-05-29 00:00:00+00:00,24.998583,12.05,0.32872915,West Kalimantan
2021-05-30 00:00:00+00:00,26.903793,0.9250001,0.32664582,West Kalimantan
2021-05-31 00:00:00+00:00,26.682959,3.5499997,0.32492706,West Kalimantan
2021-06-01 00:00:00+00:00,26.939732,1.8,0.32317716,West Kalimantan
2021-06-02 00:00:00+00:00,27.385563,3.225,0.32076043,West Kalimantan
2021-06-03 00:00:00+00:00,27.65067,0.84999996,0.31794792,West Kalimantan
2021-06-04 00:00:00+00:00,27.261602,4.15,0.31513542,West Kalimantan
2021-06-05 00:00:00+00:00,26.525146,8.675,0.31218746,West Kalimantan
2021-06-06 00:00:00+00:00,24.813688,38.425,0.3144479,West Kalimantan
2021-06-07 00:00:00+00:00,26.457438,1.475,0.31417707,West Kalimantan
2021-06-08 00:00:00+00:00,26.631395,5.875,0.31286457,West Kalimantan
2021-06-09 00:00:00+00:00,26.255875,8.75,0.31220835,West Kalimantan
2021-06-10 00:00:00+00:00,25.693895,4.325,0.3127604,West Kalimantan
2021-06-11 00:00:00+00:00,25.564728,6.6500006,0.31312495,West Kalimantan
2021-06-12 00:00:00+00:00,26.143375,1.0250001,0.31365624,West Kalimantan
2021-06-13 00:00:00+00:00,27.07775,0.99999994,0.31259376,West Kalimantan
2021-06-14 00:00:00+00:00,26.415249,2.725,0.31033328,West Kalimantan
2021-06-15 00:00:00+00:00,25.379313,7.3500004,0.30872917,West Kalimantan
2021-06-16 00:00:00+00:00,26.062647,11.025001,0.30805212,West Kalimantan
2021-06-17 00:00:00+00:00,24.051708,19.625,0.31254166,West Kalimantan
2021-06-18 00:00:00+00:00,25.80275,0.87500006,0.31635422,West Kalimantan
2021-06-19 00:00:00+00:00,25.822021,5.65,0.3157708,West Kalimantan
2021-06-20 00:00:00+00:00,25.106916,5.0,0.3158125,West Kalimantan
2021-06-21 00:00:00+00:00,25.697544,1.375,0.31590623,West Kalimantan
2021-06-22 00:00:00+00:00,26.69598,1.85,0.31489584,West Kalimantan
2021-06-23 00:00:00+00:00,25.895458,11.775001,0.31503123,West Kalimantan
2021-06-24 00:00:00+00:00,24.613165,1.8,0.31843746,West Kalimantan
2021-06-25 00:00:00+00:00,25.98348,0.1,0.31839588,West Kalimantan
2021-06-26 00:00:00+00:00,26.49442,12.65,0.31642708,West Kalimantan
2021-06-27 00:00:00+00:00,25.128792,10.375,0.31679165,West Kalimantan
2021-06-28 00:00:00+00:00,25.424625,9.425,0.31884378,West Kalimantan
2021-06-29 00:00:00+00:00,24.832438,5.9,0.3199792,West Kalimantan
2021-06-30 00:00:00+00:00,25.35223,10.775001,0.31993753,West Kalimantan
2021-07-01 00:00:00+00:00,24.506397,14.8,0.3213854,West Kalimantan
2021-07-02 00:00:00+00:00,25.512125,0.625,0.32112494,West Kalimantan
2021-07-03 00:00:00+00:00,25.750145,3.6499999,0.31976044,West Kalimantan
2021-07-04 00:00:00+00:00,25.892855,3.9999998,0.31836462,West Kalimantan
2021-07-05 00:00:00+00:00,26.53348,0.375,0.3158646,West Kalimantan
2021-07-06 00:00:00+00:00,26.59806,0.1,0.31290624,West Kalimantan
2021-07-07 00:00:00+00:00,26.785564,0.625,0.30975002,West Kalimantan
2021-07-08 00:00:00+00:00,25.940773,1.825,0.3068229,West Kalimantan
2021-07-09 00:00:00+00:00,26.903791,2.8,0.30324998,West Kalimantan
2021-07-10 00:00:00+00:00,26.223063,19.825,0.30047914,West Kalimantan
2021-07-11 00:00:00+00:00,25.15223,15.150001,0.29837498,West Kalimantan
2021-07-12 00:00:00+00:00,25.086605,16.95,0.29733336,West Kalimantan
2021-07-13 00:00:00+00:00,24.834,22.1,0.30025,West Kalimantan
2021-07-14 00:00:00+00:00,23.042856,22.3,0.32607293,West Kalimantan
2021-07-15 00:00:00+00:00,24.816292,1.5749999,0.33389583,West Kalimantan
2021-07-16 00:00:00+00:00,26.16629,1.35,0.3323125,West Kalimantan
2021-07-17 00:00:00+00:00,26.7215,0.2,0.32852083,West Kalimantan
2021-07-18 00:00:00+00:00,27.157959,0.9499999,0.3233021,West Kalimantan
2021-07-19 00:00:00+00:00,27.25327,1.625,0.31895834,West Kalimantan
2021-07-20 00:00:00+00:00,26.584,7.125,0.3169271,West Kalimantan
2021-07-21 00:00:00+00:00,26.060562,3.225,0.31396878,West Kalimantan
2021-07-22 00:00:00+00:00,27.099627,0.075,0.31006247,West Kalimantan
2021-07-23 00:00:00+00:00,27.269938,0.575,0.30610418,West Kalimantan
2021-07-24 00:00:00+00:00,27.304314,1.125,0.30225,West Kalimantan
2021-07-25 00:00:00+00:00,27.639729,0.975,0.29807287,West Kalimantan
2021-07-26 00:00:00+00:00,27.218376,1.5,0.29496875,West Kalimantan
2021-07-27 00:00:00+00:00,27.026186,5.4,0.29176039,West Kalimantan
2021-07-28 00:00:00+00:00,26.750147,1.6750001,0.28778124,West Kalimantan
2021-07-29 00:00:00+00:00,27.115252,5.1,0.2839479,West Kalimantan
2021-07-30 00:00:00+00:00,27.050148,0.45000002,0.28070837,West Kalimantan
2021-07-31 00:00:00+00:00,27.469936,0.75,0.27715623,West Kalimantan
2021-08-01 00:00:00+00:00,26.930355,3.7499998,0.2736875,West Kalimantan
2021-08-02 00:00:00+00:00,26.674625,3.675,0.271375,West Kalimantan
2021-08-03 00:00:00+00:00,27.61473,0.675,0.26855206,West Kalimantan
2021-08-04 00:00:00+00:00,26.907959,7.3,0.26540625,West Kalimantan
2021-08-05 00:00:00+00:00,26.486603,0.57500005,0.26215628,West Kalimantan
2021-08-06 00:00:00+00:00,27.88504,1.125,0.2594479,West Kalimantan
2021-08-07 00:00:00+00:00,27.873062,4.65,0.25590628,West Kalimantan
2021-08-08 00:00:00+00:00,25.679314,4.6749997,0.2553125,West Kalimantan
2021-08-09 00:00:00+00:00,27.46681,1.2,0.25419793,West Kalimantan
2021-08-10 00:00:00+00:00,26.634,2.3,0.25168747,West Kalimantan
2021-08-11 00:00:00+00:00,26.816813,10.150001,0.24971879,West Kalimantan
2021-08-12 00:00:00+00:00,24.501188,34.625,0.25219795,West Kalimantan
2021-08-13 00:00:00+00:00,25.090252,11.55,0.30363542,West Kalimantan
2021-08-14 00:00:00+00:00,25.323584,14.3,0.29833335,West Kalimantan
2021-08-15 00:00:00+00:00,24.892853,9.725,0.29848957,West Kalimantan
2021-08-16 00:00:00+00:00,24.982437,17.625,0.30198961,West Kalimantan
2021-08-17 00:00:00+00:00,24.740768,15.25,0.30841663,West Kalimantan
2021-08-18 00:00:00+00:00,24.015251,11.800001,0.31440628,West Kalimantan
2021-08-19 00:00:00+00:00,24.627752,47.425,0.3239896,West Kalimantan
2021-08-20 00:00:00+00:00,24.281395,21.05,0.35166663,West Kalimantan
2021-08-21 00:00:00+00:00,24.464209,16.65,0.35900003,West Kalimantan
2021-08-22 00:00:00+00:00,24.058481,4.4000006,0.3623541,West Kalimantan
2021-08-23 00:00:00+00:00,25.425146,6.625,0.35973957,West Kalimantan
2021-08-24 00:00:00+00:00,25.465248,8.275,0.3547083,West Kalimantan
2021-08-25 00:00:00+00:00,24.964207,24.375002,0.35353124,West Kalimantan
2021-08-26 00:00:00+00:00,24.879313,8.3,0.35604164,West Kalimantan
2021-08-27 00:00:00+00:00,25.42775,6.8250003,0.35328123,West Kalimantan
2021-08-28 00:00:00+00:00,25.468376,5.4,0.34945834,West Kalimantan
2021-08-29 00:00:00+00:00,25.581396,20.675,0.34661457,West Kalimantan
2021-08-30 00:00:00+00:00,25.144417,13.525001,0.34910417,West Kalimantan
2021-08-31 00:00:00+00:00,25.154312,6.0499997,0.3493958,West Kalimantan
2021-09-01 00:00:00+00:00,24.735043,31.45,0.35211462,West Kalimantan
2021-09-02 00:00:00+00:00,23.767855,15.6,0.36626038,West Kalimantan
2021-09-03 00:00:00+00:00,24.268375,8.525,0.3660729,West Kalimantan
2021-09-04 00:00:00+00:00,25.31473,5.5999994,0.36583334,West Kalimantan
2021-09-05 00:00:00+00:00,26.066292,4.975,0.36578122,West Kalimantan
2021-09-06 00:00:00+00:00,25.757957,5.85,0.36023957,West Kalimantan
2021-09-07 00:00:00+00:00,25.569937,18.0,0.35520834,West Kalimantan
2021-09-08 00:00:00+00:00,25.316814,5.7999997,0.35144788,West Kalimantan
2021-09-09 00:00:00+00:00,26.034002,4.5249996,0.348,West Kalimantan
2021-09-10 00:00:00+00:00,25.793373,18.750002,0.34402078,West Kalimantan
2021-09-11 00:00:00+00:00,25.405876,5.7,0.3419271,West Kalimantan
2021-09-12 00:00:00+00:00,26.317856,16.625,0.33975,West Kalimantan
2021-09-13 00:00:00+00:00,25.943377,24.525,0.33870834,West Kalimantan
2021-09-14 00:00:00+00:00,24.578272,10.15,0.3519375,West Kalimantan
2021-09-15 00:00:00+00:00,24.241293,1.925,0.3560729,West Kalimantan
2021-09-16 00:00:00+00:00,26.879833,0.05,0.3534062,West Kalimantan
2021-09-17 00:00:00+00:00,26.54025,11.2,0.34853125,West Kalimantan
2021-09-18 00:00:00+00:00,25.356916,13.724999,0.3451146,West Kalimantan
2021-09-19 00:00:00+00:00,25.566292,2.0249999,0.34301043,West Kalimantan
2021-09-20 00:00:00+00:00,26.240248,2.4750001,0.33932292,West Kalimantan
2021-09-21 00:00:00+00:00,25.504833,1.925,0.33665627,West Kalimantan
2021-09-22 00:00:00+00:00,27.37775,1.1,0.3344792,West Kalimantan
2021-09-23 00:00:00+00:00,26.041813,9.049999,0.33123955,West Kalimantan
2021-09-24 00:00:00+00:00,25.991293,8.05,0.32859376,West Kalimantan
2021-09-25 00:00:00+00:00,26.27723,10.85,0.32583338,West Kalimantan
2021-09-26 00:00:00+00:00,26.165253,7.6000004,0.32475,West Kalimantan
2021-09-27 00:00:00+00:00,25.463167,5.2,0.32519794,West Kalimantan
2021-09-28 00:00:00+00:00,26.01421,10.025,0.32416666,West Kalimantan
2021-09-29 00:00:00+00:00,25.035042,32.949997,0.32833332,West Kalimantan
2021-09-30 00:00:00+00:00,25.674105,27.125002,0.33628124,West Kalimantan
2021-10-01 00:00:00+00:00,24.035042,30.225002,0.35453126,West Kalimantan
2021-10-02 00:00:00+00:00,24.654833,1.5,0.3598854,West Kalimantan
2021-10-03 00:00:00+00:00,26.24546,8.949999,0.35701036,West Kalimantan
2021-10-04 00:00:00+00:00,26.550144,2.4,0.35383332,West Kalimantan
2021-10-05 00:00:00+00:00,26.555874,8.85,0.34916666,West Kalimantan
2021-10-06 00:00:00+00:00,26.275667,2.35,0.34578127,West Kalimantan
2021-10-07 00:00:00+00:00,27.117334,0.975,0.34269786,West Kalimantan
2021-10-08 00:00:00+00:00,26.673063,0.87500006,0.33822918,West Kalimantan
2021-10-09 00:00:00+00:00,28.031918,0.9000001,0.3330937,West Kalimantan
2021-10-10 00:00:00+00:00,27.598063,3.275,0.32696873,West Kalimantan
2021-10-11 00:00:00+00:00,26.58973,8.35,0.3217396,West Kalimantan
2021-10-12 00:00:00+00:00,27.84494,0.1,0.3178125,West Kalimantan
2021-10-13 00:00:00+00:00,28.288689,0.25,0.31253126,West Kalimantan
2021-10-14 00:00:00+00:00,26.705875,12.05,0.30583334,West Kalimantan
2021-10-15 00:00:00+00:00,26.253792,13.55,0.30082288,West Kalimantan
2021-10-16 00:00:00+00:00,25.97879,10.275,0.2993958,West Kalimantan
2021-10-17 00:00:00+00:00,25.712645,14.825001,0.3026875,West Kalimantan
2021-10-18 00:00:00+00:00,25.827751,15.525002,0.30898955,West Kalimantan
2021-10-19 00:00:00+00:00,24.938168,44.549995,0.32471877,West Kalimantan
2021-10-20 00:00:00+00:00,25.499626,3.9499998,0.33881253,West Kalimantan
2021-10-21 00:00:00+00:00,25.862646,15.85,0.33904165,West Kalimantan
2021-10-22 00:00:00+00:00,23.993896,14.7,0.34065625,West Kalimantan
2021-10-23 00:00:00+00:00,25.869938,3.725,0.33707294,West Kalimantan
2021-10-24 00:00:00+00:00,26.456398,2.15,0.33379164,West Kalimantan
2021-10-25 00:00:00+00:00,26.160563,10.45,0.3301458,West Kalimantan
2021-10-26 00:00:00+00:00,25.963167,7.7,0.32777086,West Kalimantan
2021-10-27 00:00:00+00:00,25.698063,27.95,0.32789585,West Kalimantan
2021-10-28 00:00:00+00:00,24.906918,10.475,0.33314586,West Kalimantan
2021-10-29 00:00:00+00:00,25.940248,13.374999,0.3352396,West Kalimantan
2021-10-30 00:00:00+00:00,25.42098,1.375,0.33918753,West Kalimantan
2021-10-31 00:00:00+00:00,26.441813,21.050001,0.340875,West Kalimantan
2021-11-01 00:00:00+00:00,25.669937,4.25,0.3404375,West Kalimantan
2021-11-02 00:00:00+00:00,25.308998,16.825,0.3396875,West Kalimantan
2021-11-03 00:00:00+00:00,25.842335,15.674999,0.34073958,West Kalimantan
2021-11-04 00:00:00+00:00,24.338167,12.375001,0.34455207,West Kalimantan
2021-11-05 00:00:00+00:00,26.019417,8.650001,0.34404165,West Kalimantan
2021-11-06 00:00:00+00:00,26.11525,16.050001,0.34088546,West Kalimantan
2021-11-07 00:00:00+00:00,24.084,17.574999,0.3501354,West Kalimantan
2021-11-08 00:00:00+00:00,26.551708,2.125,0.3490104,West Kalimantan
2021-11-09 00:00:00+00:00,25.932959,10.675001,0.34582287,West Kalimantan
2021-11-10 00:00:00+00:00,24.830875,19.975002,0.34801042,West Kalimantan
2021-11-11 00:00:00+00:00,25.1215,7.65,0.35073954,West Kalimantan
2021-11-12 00:00:00+00:00,25.453272,8.875,0.35312498,West Kalimantan
2021-11-13 00:00:00+00:00,25.625145,3.625,0.35464585,West Kalimantan
2021-11-14 00:00:00+00:00,25.125666,17.275002,0.35313538,West Kalimantan
2021-11-15 00:00:00+00:00,25.60275,3.3,0.35574996,West Kalimantan
2021-11-16 00:00:00+00:00,25.626188,6.5250006,0.3516042,West Kalimantan
2021-11-17 00:00:00+00:00,26.915771,2.1999998,0.3461667,West Kalimantan
2021-11-18 00:00:00+00:00,26.843374,7.7750006,0.3404375,West Kalimantan
2021-11-19 00:00:00+00:00,24.926188,16.150002,0.3423646,West Kalimantan
2021-11-20 00:00:00+00:00,25.835043,6.5,0.34388542,West Kalimantan
2021-11-21 00:00:00+00:00,26.610561,3.35,0.34066668,West Kalimantan
2021-11-22 00:00:00+00:00,26.991291,6.2500005,0.33563542,West Kalimantan
2021-11-23 00:00:00+00:00,25.100145,8.25,0.33204168,West Kalimantan
2021-11-24 00:00:00+00:00,25.26421,11.125,0.33389583,West Kalimantan
2021-11-25 00:00:00+00:00,25.923582,5.5750003,0.33539584,West Kalimantan
2021-11-26 00:00:00+00:00,25.79546,9.025,0.33608335,West Kalimantan
2021-11-27 00:00:00+00:00,25.076189,8.275,0.33823958,West Kalimantan
2021-11-28 00:00:00+00:00,24.250668,8.025,0.34339586,West Kalimantan
2021-11-29 00:00:00+00:00,26.319416,1.0,0.34221876,West Kalimantan
2021-11-30 00:00:00+00:00,27.004313,0.125,0.33869797,West Kalimantan
2021-12-01 00:00:00+00:00,26.7715,3.35,0.33512497,West Kalimantan
2021-12-02 00:00:00+00:00,27.060041,6.375,0.33208334,West Kalimantan
2021-12-03 00:00:00+00:00,25.982437,6.0,0.3286979,West Kalimantan
2021-12-04 00:00:00+00:00,25.614208,3.8749998,0.32825,West Kalimantan
2021-12-05 00:00:00+00:00,25.335043,15.525,0.3300521,West Kalimantan
2021-12-06 00:00:00+00:00,25.031395,4.025,0.3360313,West Kalimantan
2021-12-07 00:00:00+00:00,25.506916,17.6,0.33811462,West Kalimantan
2021-12-08 00:00:00+00:00,25.838167,5.8,0.33871877,West Kalimantan
2021-12-09 00:00:00+00:00,25.447021,17.75,0.3397084,West Kalimantan
2021-12-10 00:00:00+00:00,25.185043,17.025002,0.34136456,West Kalimantan
2021-12-11 00:00:00+00:00,25.517334,11.050001,0.34345832,West Kalimantan
2021-12-12 00:00:00+00:00,25.017334,18.800001,0.3475208,West Kalimantan
2021-12-13 00:00:00+00:00,24.874105,15.725,0.35601044,West Kalimantan
2021-12-14 00:00:00+00:00,25.62202,11.1,0.35846877,West Kalimantan
2021-12-15 00:00:00+00:00,25.511084,7.1500006,0.3581354,West Kalimantan
2021-12-16 00:00:00+00:00,25.46473,14.275,0.35647908,West Kalimantan
2021-12-17 00:00:00+00:00,25.611607,9.375,0.3543021,West Kalimantan
2021-12-18 00:00:00+00:00,24.81473,14.175,0.35525,West Kalimantan
2021-12-19 00:00:00+00:00,24.688166,29.55,0.36434373,West Kalimantan
2021-12-20 00:00:00+00:00,25.443897,20.025002,0.37068748,West Kalimantan
2021-12-21 00:00:00+00:00,26.289728,1.15,0.37175,West Kalimantan
2021-12-22 00:00:00+00:00,26.486086,10.049999,0.3677708,West Kalimantan
2021-12-23 00:00:00+00:00,25.47775,5.625,0.3643958,West Kalimantan
2021-12-24 00:00:00+00:00,25.574627,11.075,0.36128128,West Kalimantan
2021-12-25 00:00:00+00:00,25.639208,14.625002,0.3580416,West Kalimantan
2021-12-26 00:00:00+00:00,26.10067,9.175001,0.35501045,West Kalimantan
2021-12-27 00:00:00+00:00,25.26994,2.25,0.3524688,West Kalimantan
2021-12-28 00:00:00+00:00,25.96577,2.45,0.3483021,West Kalimantan
2021-12-29 00:00:00+00:00,26.160564,6.9,0.3448854,West Kalimantan
2021-12-30 00:00:00+00:00,25.976189,9.15,0.34271872,West Kalimantan
2021-12-31 00:00:00+00:00,25.282436,7.4749994,0.3388333,West Kalimantan
2022-01-01 00:00:00+00:00,24.884,13.25,0.33583334,West Kalimantan
2022-01-02 00:00:00+00:00,25.248583,11.700001,0.3361979,West Kalimantan
2022-01-03 00:00:00+00:00,25.584518,6.65,0.33706248,West Kalimantan
2022-01-04 00:00:00+00:00,25.005875,7.55,0.33768755,West Kalimantan
2022-01-05 00:00:00+00:00,25.43192,5.25,0.33565623,West Kalimantan
2022-01-06 00:00:00+00:00,25.437126,6.625,0.33529162,West Kalimantan
2022-01-07 00:00:00+00:00,24.887125,11.150001,0.33522922,West Kalimantan
2022-01-08 00:00:00+00:00,26.24598,2.6,0.33463535,West Kalimantan
2022-01-09 00:00:00+00:00,25.93452,6.025,0.33185416,West Kalimantan
2022-01-10 00:00:00+00:00,25.45275,10.325001,0.32803127,West Kalimantan
2022-01-11 00:00:00+00:00,24.706915,9.05,0.3253646,West Kalimantan
2022-01-12 00:00:00+00:00,24.32098,12.1,0.32470834,West Kalimantan
2022-01-13 00:00:00+00:00,24.468374,15.875002,0.3268021,West Kalimantan
2022-01-14 00:00:00+00:00,24.72723,9.825001,0.33534378,West Kalimantan
2022-01-15 00:00:00+00:00,25.109522,12.125,0.3400729,West Kalimantan
2022-01-16 00:00:00+00:00,25.155876,3.6250002,0.33969793,West Kalimantan
2022-01-17 00:00:00+00:00,24.912125,15.2,0.34238538,West Kalimantan
2022-01-18 00:00:00+00:00,25.272541,5.7000003,0.34315628,West Kalimantan
2022-01-19 00:00:00+00:00,25.293375,9.325,0.33894792,West Kalimantan
2022-01-20 00:00:00+00:00,24.455875,12.025001,0.33646873,West Kalimantan
2022-01-21 00:00:00+00:00,25.911606,1.0,0.33439586,West Kalimantan
2022-01-22 00:00:00+00:00,26.264208,2.9,0.3307396,West Kalimantan
2022-01-23 00:00:00+00:00,25.602228,9.0,0.32761455,West Kalimantan
2022-01-24 00:00:00+00:00,25.387646,5.8250003,0.3259896,West Kalimantan
2022-01-25 00:00:00+00:00,25.342855,12.875001,0.32380208,West Kalimantan
2022-01-26 00:00:00+00:00,25.35223,4.2000003,0.32180205,West Kalimantan
2022-01-27 00:00:00+00:00,25.673061,4.425,0.31984374,West Kalimantan
2022-01-28 00:00:00+00:00,25.18973,4.5,0.31757286,West Kalimantan
2022-01-29 00:00:00+00:00,26.487644,0.2,0.31429166,West Kalimantan
2022-01-30 00:00:00+00:00,26.755877,0.57500005,0.3109479,West Kalimantan
2022-01-31 00:00:00+00:00,26.350145,0.6,0.3068646,West Kalimantan
2022-02-01 00:00:00+00:00,26.313686,16.225,0.3023854,West Kalimantan
2022-02-02 00:00:00+00:00,25.142334,6.25,0.29932293,West Kalimantan
2022-02-03 00:00:00+00:00,25.74702,13.700001,0.29534373,West Kalimantan
2022-02-04 00:00:00+00:00,25.38921,7.2499995,0.2923959,West Kalimantan
2022-02-05 00:00:00+00:00,25.842854,10.05,0.29058334,West Kalimantan
2022-02-06 00:00:00+00:00,25.281918,25.025002,0.291625,West Kalimantan
2022-02-07 00:00:00+00:00,25.202229,18.125,0.29919794,West Kalimantan
2022-02-08 00:00:00+00:00,25.086605,10.325,0.30378127,West Kalimantan
2022-02-09 00:00:00+00:00,24.983479,32.225002,0.3140521,West Kalimantan
2022-02-10 00:00:00+00:00,24.618896,33.075,0.33261463,West Kalimantan
2022-02-11 00:00:00+00:00,24.229832,8.275001,0.34929165,West Kalimantan
2022-02-12 00:00:00+00:00,25.187126,9.05,0.3522396,West Kalimantan
2022-02-13 00:00:00+00:00,26.103792,12.849999,0.3524062,West Kalimantan
2022-02-14 00:00:00+00:00,25.925667,22.15,0.35192707,West Kalimantan
2022-02-15 00:00:00+00:00,25.222021,3.9000003,0.35227084,West Kalimantan
2022-02-16 00:00:00+00:00,25.886604,6.3500004,0.34895834,West Kalimantan
2022-02-17 00:00:00+00:00,25.535563,17.475,0.3466667,West Kalimantan
2022-02-18 00:00:00+00:00,25.725145,1.275,0.34766668,West Kalimantan
2022-02-19 00:00:00+00:00,25.154312,15.674999,0.34645835,West Kalimantan
2022-02-20 00:00:00+00:00,24.76525,3.6749997,0.34690624,West Kalimantan
2022-02-21 00:00:00+00:00,26.451187,0.37500003,0.34465623,West Kalimantan
2022-02-22 00:00:00+00:00,25.812124,1.8499999,0.34106255,West Kalimantan
2022-02-23 00:00:00+00:00,25.914728,6.2749996,0.33656248,West Kalimantan
2022-02-24 00:00:00+00:00,24.913168,12.925001,0.33295828,West Kalimantan
2022-02-25 00:00:00+00:00,26.275667,0.275,0.32978126,West Kalimantan
2022-02-26 00:00:00+00:00,27.264212,0.2,0.32544792,West Kalimantan
2022-02-27 00:00:00+00:00,27.256918,0.25,0.3210104,West Kalimantan
2022-02-28 00:00:00+00:00,27.189728,2.4250002,0.3164167,West Kalimantan
2022-03-01 00:00:00+00:00,26.828793,3.8750002,0.31190625,West Kalimantan
2022-03-02 00:00:00+00:00,26.620459,0.70000005,0.30717707,West Kalimantan
2022-03-03 00:00:00+00:00,26.77619,6.6000004,0.30214584,West Kalimantan
2022-03-04 00:00:00+00:00,25.716812,13.775,0.29878125,West Kalimantan
2022-03-05 00:00:00+00:00,24.888687,15.099999,0.29687503,West Kalimantan
2022-03-06 00:00:00+00:00,24.871502,12.975001,0.30010414,West Kalimantan
2022-03-07 00:00:00+00:00,25.079311,6.575001,0.30584377,West Kalimantan
2022-03-08 00:00:00+00:00,25.744938,4.4,0.30776036,West Kalimantan
2022-03-09 00:00:00+00:00,25.777752,13.1,0.30698958,West Kalimantan
2022-03-10 00:00:00+00:00,26.361084,1.875,0.30596876,West Kalimantan
2022-03-11 00:00:00+00:00,26.654312,0.90000004,0.30344793,West Kalimantan
2022-03-12 00:00:00+00:00,26.754833,0.15,0.30059373,West Kalimantan
2022-03-13 00:00:00+00:00,27.365772,2.7999997,0.2971875,West Kalimantan
2022-03-14 00:00:00+00:00,26.269417,23.2,0.29407293,West Kalimantan
2022-03-15 00:00:00+00:00,24.995457,11.650001,0.29471877,West Kalimantan
2022-03-16 00:00:00+00:00,25.953793,3.7750003,0.29516664,West Kalimantan
2022-03-17 00:00:00+00:00,26.166815,13.1,0.29476038,West Kalimantan
2022-03-18 00:00:00+00:00,24.451708,27.650002,0.30398956,West Kalimantan
2022-03-19 00:00:00+00:00,25.779312,7.5250006,0.31850004,West Kalimantan
2022-03-20 00:00:00+00:00,26.022022,14.775001,0.32577083,West Kalimantan
2022-03-21 00:00:00+00:00,25.230875,13.050001,0.33032292,West Kalimantan
2022-03-22 00:00:00+00:00,24.56525,0.35000002,0.33422917,West Kalimantan
2022-03-23 00:00:00+00:00,26.843897,0.225,0.33357292,West Kalimantan
2022-03-24 00:00:00+00:00,27.156916,6.0249996,0.33097914,West Kalimantan
2022-03-25 00:00:00+00:00,26.316294,4.0499997,0.3278021,West Kalimantan
2022-03-26 00:00:00+00:00,26.70744,3.7250001,0.32455206,West Kalimantan
2022-03-27 00:00:00+00:00,26.072542,5.0,0.3215834,West Kalimantan
2022-03-28 00:00:00+00:00,26.762646,3.3999999,0.31828126,West Kalimantan
2022-03-29 00:00:00+00:00,26.549627,2.0749998,0.31482288,West Kalimantan
2022-03-30 00:00:00+00:00,27.526709,0.25,0.31114587,West Kalimantan
2022-03-31 00:00:00+00:00,27.219936,2.675,0.30677083,West Kalimantan
2022-04-01 00:00:00+00:00,26.166813,3.975,0.30317715,West Kalimantan
2022-04-02 00:00:00+00:00,26.860043,2.525,0.29989582,West Kalimantan
2022-04-03 00:00:00+00:00,26.504313,3.65,0.29660416,West Kalimantan
2022-04-04 00:00:00+00:00,26.137125,14.75,0.29341668,West Kalimantan
2022-04-05 00:00:00+00:00,25.041292,14.175,0.29210418,West Kalimantan
2022-04-06 00:00:00+00:00,24.730354,21.7,0.29561457,West Kalimantan
2022-04-07 00:00:00+00:00,24.572021,18.025002,0.29720837,West Kalimantan
2022-04-08 00:00:00+00:00,24.63973,14.299999,0.303125,West Kalimantan
2022-04-09 00:00:00+00:00,24.870459,5.325,0.3078125,West Kalimantan
2022-04-10 00:00:00+00:00,26.098581,1.225,0.31178123,West Kalimantan
2022-04-11 00:00:00+00:00,26.385563,5.575,0.31391665,West Kalimantan
2022-04-12 00:00:00+00:00,26.23973,4.0499997,0.31488544,West Kalimantan
2022-04-13 00:00:00+00:00,25.943375,4.9,0.31363544,West Kalimantan
2022-04-14 00:00:00+00:00,26.75848,5.0,0.31163546,West Kalimantan
2022-04-15 00:00:00+00:00,26.18244,8.25,0.31000003,West Kalimantan
2022-04-16 00:00:00+00:00,25.860043,5.7,0.30791664,West Kalimantan
2022-04-17 00:00:00+00:00,27.069939,4.625,0.30567706,West Kalimantan
2022-04-18 00:00:00+00:00,26.394936,30.25,0.30555212,West Kalimantan
2022-04-19 00:00:00+00:00,24.95796,9.275001,0.3120729,West Kalimantan
2022-04-20 00:00:00+00:00,26.264729,6.9,0.3158229,West Kalimantan
2022-04-21 00:00:00+00:00,26.213688,14.2,0.31836462,West Kalimantan
2022-04-22 00:00:00+00:00,26.568377,3.525,0.32153127,West Kalimantan
2022-04-23 00:00:00+00:00,26.90952,10.8,0.31957293,West Kalimantan
2022-04-24 00:00:00+00:00,26.15327,5.025,0.31957293,West Kalimantan
2022-04-25 00:00:00+00:00,25.391813,22.175001,0.3253125,West Kalimantan
2022-04-26 00:00:00+00:00,25.680355,13.225,0.33354172,West Kalimantan
2022-04-27 00:00:00+00:00,26.491293,2.1499999,0.3354479,West Kalimantan
2022-04-28 00:00:00+00:00,26.7965,10.35,0.33419794,West Kalimantan
2022-04-29 00:00:00+00:00,27.117855,2.6499999,0.33254173,West Kalimantan
2022-04-30 00:00:00+00:00,26.638166,6.5,0.32970837,West Kalimantan
2022-05-01 00:00:00+00:00,26.69025,15.175,0.32671872,West Kalimantan
2022-05-02 00:00:00+00:00,25.892334,12.45,0.3248333,West Kalimantan
2022-05-03 00:00:00+00:00,26.360043,15.299999,0.3237396,West Kalimantan
2022-05-04 00:00:00+00:00,25.079832,17.025,0.32617712,West Kalimantan
2022-05-05 00:00:00+00:00,26.160042,4.3999996,0.32947913,West Kalimantan
2022-05-06 00:00:00+00:00,26.336607,17.1,0.33085415,West Kalimantan
2022-05-07 00:00:00+00:00,26.016811,10.325,0.3351667,West Kalimantan
2022-05-08 00:00:00+00:00,25.761084,18.025,0.33858338,West Kalimantan
2022-05-09 00:00:00+00:00,26.104836,1.7249999,0.34268752,West Kalimantan
2022-05-10 00:00:00+00:00,26.908478,6.0750003,0.34090623,West Kalimantan
2022-05-11 00:00:00+00:00,26.123062,21.525002,0.33997914,West Kalimantan
2022-05-12 00:00:00+00:00,25.782436,13.650002,0.3441354,West Kalimantan
2022-05-13 00:00:00+00:00,25.95379,17.3,0.3454896,West Kalimantan
2022-05-14 00:00:00+00:00,27.18244,0.025,0.3465104,West Kalimantan
2022-05-15 00:00:00+00:00,27.067333,16.875002,0.34417713,West Kalimantan
2022-05-16 00:00:00+00:00,26.13921,19.949999,0.33983332,West Kalimantan
2022-05-17 00:00:00+00:00,25.423584,7.25,0.34018752,West Kalimantan
2022-05-18 00:00:00+00:00,27.260561,2.075,0.3378229,West Kalimantan
2022-05-19 00:00:00+00:00,26.032436,10.35,0.33465627,West Kalimantan
2022-05-20 00:00:00+00:00,25.203793,14.475,0.33243752,West Kalimantan
2022-05-21 00:00:00+00:00,25.836605,11.775001,0.33174998,West Kalimantan
2022-05-22 00:00:00+00:00,26.61525,4.4999995,0.3304791,West Kalimantan
2022-05-23 00:00:00+00:00,26.874105,7.375,0.32779166,West Kalimantan
2022-05-24 00:00:00+00:00,27.311605,5.575,0.32460415,West Kalimantan
2022-05-25 00:00:00+00:00,25.940771,9.75,0.32057285,West Kalimantan
2022-05-26 00:00:00+00:00,24.739208,4.025,0.3185729,West Kalimantan
2022-05-27 00:00:00+00:00,25.939209,1.25,0.31650004,West Kalimantan
2022-05-28 00:00:00+00:00,27.063168,0.325,0.31408334,West Kalimantan
2022-05-29 00:00:00+00:00,27.879314,0.05,0.31097916,West Kalimantan
2022-05-30 00:00:00+00:00,27.573582,0.175,0.3068646,West Kalimantan
2022-05-31 00:00:00+00:00,27.618896,1.875,0.30338544,West Kalimantan
2022-06-01 00:00:00+00:00,26.443897,5.6,0.29883334,West Kalimantan
2022-06-02 00:00:00+00:00,26.34077,8.924999,0.2935104,West Kalimantan
2022-06-03 00:00:00+00:00,24.851707,10.45,0.29020834,West Kalimantan
2022-06-04 00:00:00+00:00,25.185562,10.35,0.288125,West Kalimantan
2022-06-05 00:00:00+00:00,24.75952,25.650002,0.2865833,West Kalimantan
2022-06-06 00:00:00+00:00,24.979834,11.225,0.28625003,West Kalimantan
2022-06-07 00:00:00+00:00,26.02775,10.425,0.2856666,West Kalimantan
2022-06-08 00:00:00+00:00,25.22202,16.925001,0.28642708,West Kalimantan
2022-06-09 00:00:00+00:00,24.468895,14.525001,0.29020837,West Kalimantan
2022-06-10 00:00:00+00:00,25.862125,8.1,0.29446876,West Kalimantan
2022-06-11 00:00:00+00:00,25.06942,17.125,0.29545838,West Kalimantan
2022-06-12 00:00:00+00:00,24.585041,17.175,0.29864582,West Kalimantan
2022-06-13 00:00:00+00:00,24.610563,8.599999,0.3078125,West Kalimantan
2022-06-14 00:00:00+00:00,25.785042,7.4750004,0.3133334,West Kalimantan
2022-06-15 00:00:00+00:00,25.311085,15.475001,0.31508335,West Kalimantan
2022-06-16 00:00:00+00:00,24.318375,27.2,0.32551044,West Kalimantan
2022-06-17 00:00:00+00:00,24.192854,19.199999,0.34351042,West Kalimantan
2022-06-18 00:00:00+00:00,24.744936,3.5,0.3510104,West Kalimantan
2022-06-19 00:00:00+00:00,25.58348,9.125,0.34772918,West Kalimantan
2022-06-20 00:00:00+00:00,24.889208,34.675,0.34713542,West Kalimantan
2022-06-21 00:00:00+00:00,25.079313,5.025,0.35217702,West Kalimantan
2022-06-22 00:00:00+00:00,24.92619,23.650002,0.35216665,West Kalimantan
2022-06-23 00:00:00+00:00,24.807438,11.625,0.35285416,West Kalimantan
2022-06-24 00:00:00+00:00,24.536083,16.375,0.35523957,West Kalimantan
2022-06-25 00:00:00+00:00,24.71525,27.5,0.3603542,West Kalimantan
2022-06-26 00:00:00+00:00,25.14598,12.3,0.36429167,West Kalimantan
2022-06-27 00:00:00+00:00,25.24077,9.900001,0.36210418,West Kalimantan
2022-06-28 00:00:00+00:00,25.138166,12.825,0.35681254,West Kalimantan
2022-06-29 00:00:00+00:00,24.970982,11.375,0.35281253,West Kalimantan
2022-06-30 00:00:00+00:00,25.07723,14.700001,0.35139582,West Kalimantan
2022-07-01 00:00:00+00:00,26.814209,0.15,0.34805208,West Kalimantan
2022-07-02 00:00:00+00:00,26.600666,14.275,0.34409377,West Kalimantan
2022-07-03 00:00:00+00:00,26.571499,8.375,0.34337503,West Kalimantan
2022-07-04 00:00:00+00:00,26.269938,2.4,0.34151044,West Kalimantan
2022-07-05 00:00:00+00:00,25.807438,6.825,0.33925003,West Kalimantan
2022-07-06 00:00:00+00:00,25.206398,8.6,0.3356771,West Kalimantan
2022-07-07 00:00:00+00:00,26.97723,1.275,0.33158335,West Kalimantan
2022-07-08 00:00:00+00:00,26.167856,3.8,0.32891664,West Kalimantan
2022-07-09 00:00:00+00:00,25.785563,0.45,0.32621875,West Kalimantan
2022-07-10 00:00:00+00:00,26.667334,0.125,0.32238546,West Kalimantan
2022-07-11 00:00:00+00:00,26.352232,4.4750004,0.3181354,West Kalimantan
2022-07-12 00:00:00+00:00,26.031397,7.05,0.3141146,West Kalimantan
2022-07-13 00:00:00+00:00,25.284,12.025001,0.3117917,West Kalimantan
2022-07-14 00:00:00+00:00,26.057438,2.8,0.30919793,West Kalimantan
2022-07-15 00:00:00+00:00,26.725666,6.5,0.30530205,West Kalimantan
2022-07-16 00:00:00+00:00,26.03921,16.025,0.30217713,West Kalimantan
2022-07-17 00:00:00+00:00,25.436083,0.075,0.3002917,West Kalimantan
2022-07-18 00:00:00+00:00,26.786604,0.3,0.29760417,West Kalimantan
2022-07-19 00:00:00+00:00,27.15223,0.3,0.29342705,West Kalimantan
2022-07-20 00:00:00+00:00,27.254314,3.025,0.2893229,West Kalimantan
2022-07-21 00:00:00+00:00,25.988167,14.924999,0.2868021,West Kalimantan
2022-07-22 00:00:00+00:00,25.279833,1.625,0.28367704,West Kalimantan
2022-07-23 00:00:00+00:00,25.635563,18.650002,0.28015622,West Kalimantan
2022-07-24 00:00:00+00:00,25.255875,15.075001,0.27788544,West Kalimantan
2022-07-25 00:00:00+00:00,25.326187,11.950001,0.27583328,West Kalimantan
2022-07-26 00:00:00+00:00,25.356918,7.9,0.27702084,West Kalimantan
2022-07-27 00:00:00+00:00,25.369938,7.825,0.27816662,West Kalimantan
2022-07-28 00:00:00+00:00,25.876188,14.55,0.27780208,West Kalimantan
2022-07-29 00:00:00+00:00,25.40327,23.2,0.27765626,West Kalimantan
2022-07-30 00:00:00+00:00,25.43348,7.15,0.2820417,West Kalimantan
2022-07-31 00:00:00+00:00,25.555353,0.52500004,0.28486454,West Kalimantan
2022-08-01 00:00:00+00:00,26.310041,5.6000004,0.28572917,West Kalimantan
2022-08-02 00:00:00+00:00,24.900667,15.575001,0.28657293,West Kalimantan
2022-08-03 00:00:00+00:00,24.956917,28.5,0.29129168,West Kalimantan
2022-08-04 00:00:00+00:00,23.94025,31.800001,0.3054792,West Kalimantan
2022-08-05 00:00:00+00:00,23.612646,7.1749997,0.32308334,West Kalimantan
2022-08-06 00:00:00+00:00,24.577747,5.5,0.3251354,West Kalimantan
2022-08-07 00:00:00+00:00,25.955873,0.475,0.32221872,West Kalimantan
2022-08-08 00:00:00+00:00,26.860565,0.25,0.31841666,West Kalimantan
2022-08-09 00:00:00+00:00,26.78921,6.05,0.3146146,West Kalimantan
2022-08-10 00:00:00+00:00,25.99598,11.925001,0.3096667,West Kalimantan
2022-08-11 00:00:00+00:00,27.044937,1.9499999,0.3053021,West Kalimantan
2022-08-12 00:00:00+00:00,25.748583,15.150001,0.30140626,West Kalimantan
2022-08-13 00:00:00+00:00,24.766811,7.175,0.29810417,West Kalimantan
2022-08-14 00:00:00+00:00,25.88452,3.1750002,0.29661456,West Kalimantan
2022-08-15 00:00:00+00:00,25.726189,6.9750004,0.29471874,West Kalimantan
2022-08-16 00:00:00+00:00,26.009,6.475,0.2929896,West Kalimantan
2022-08-17 00:00:00+00:00,25.754314,2.9,0.29103124,West Kalimantan
2022-08-18 00:00:00+00:00,26.525146,4.7000003,0.28848958,West Kalimantan
2022-08-19 00:00:00+00:00,26.245459,8.825001,0.28560418,West Kalimantan
2022-08-20 00:00:00+00:00,25.324625,17.874998,0.2830833,West Kalimantan
2022-08-21 00:00:00+00:00,24.07046,20.349998,0.2847083,West Kalimantan
2022-08-22 00:00:00+00:00,24.868374,14.175,0.28894788,West Kalimantan
2022-08-23 00:00:00+00:00,25.275146,15.675001,0.29,West Kalimantan
2022-08-24 00:00:00+00:00,25.113165,18.975,0.29420832,West Kalimantan
2022-08-25 00:00:00+00:00,24.514206,8.2,0.3019271,West Kalimantan
2022-08-26 00:00:00+00:00,24.882437,30.849998,0.308,West Kalimantan
2022-08-27 00:00:00+00:00,24.407434,34.05,0.3211146,West Kalimantan
2022-08-28 00:00:00+00:00,23.90327,18.475,0.33603123,West Kalimantan
2022-08-29 00:00:00+00:00,25.737125,28.95,0.34172916,West Kalimantan
2022-08-30 00:00:00+00:00,24.148062,28.95,0.363125,West Kalimantan
2022-08-31 00:00:00+00:00,25.344418,2.3,0.37298957,West Kalimantan
2022-09-01 00:00:00+00:00,25.817854,17.475,0.3682292,West Kalimantan
2022-09-02 00:00:00+00:00,25.05223,8.675,0.36440623,West Kalimantan
2022-09-03 00:00:00+00:00,25.251188,11.25,0.36370832,West Kalimantan
2022-09-04 00:00:00+00:00,24.694414,7.3750005,0.36175,West Kalimantan
2022-09-05 00:00:00+00:00,25.447021,3.7000005,0.36037502,West Kalimantan
2022-09-06 00:00:00+00:00,25.930355,4.3500004,0.35817707,West Kalimantan
2022-09-07 00:00:00+00:00,25.253792,21.200003,0.35552084,West Kalimantan
2022-09-08 00:00:00+00:00,24.575146,12.675001,0.35896873,West Kalimantan
2022-09-09 00:00:00+00:00,23.591293,7.0,0.36266673,West Kalimantan
2022-09-10 00:00:00+00:00,24.7715,4.6249995,0.36283332,West Kalimantan
2022-09-11 00:00:00+00:00,25.6465,11.950001,0.35836458,West Kalimantan
2022-09-12 00:00:00+00:00,24.861603,29.2,0.3563229,West Kalimantan
2022-09-13 00:00:00+00:00,24.5215,18.625002,0.36831248,West Kalimantan
2022-09-14 00:00:00+00:00,24.428272,5.15,0.36910415,West Kalimantan
2022-09-15 00:00:00+00:00,25.719936,18.350002,0.36414582,West Kalimantan
2022-09-16 00:00:00+00:00,25.264729,8.325001,0.3601667,West Kalimantan
2022-09-17 00:00:00+00:00,25.577751,12.275,0.356125,West Kalimantan
2022-09-18 00:00:00+00:00,24.876709,30.925003,0.3538646,West Kalimantan
2022-09-19 00:00:00+00:00,24.448586,12.950001,0.36595827,West Kalimantan
2022-09-20 00:00:00+00:00,24.693895,14.500001,0.3667083,West Kalimantan
2022-09-21 00:00:00+00:00,25.37254,2.1999998,0.36395833,West Kalimantan
2022-09-22 00:00:00+00:00,26.098063,22.15,0.3585104,West Kalimantan
2022-09-23 00:00:00+00:00,24.367853,22.2,0.35735413,West Kalimantan
2022-09-24 00:00:00+00:00,25.035044,13.0,0.35930204,West Kalimantan
2022-09-25 00:00:00+00:00,25.459,26.325,0.35889584,West Kalimantan
2022-09-26 00:00:00+00:00,25.127228,9.625,0.3610938,West Kalimantan
2022-09-27 00:00:00+00:00,26.156395,4.675,0.35834372,West Kalimantan
2022-09-28 00:00:00+00:00,26.006918,13.425,0.35408336,West Kalimantan
2022-09-29 00:00:00+00:00,25.205353,5.6,0.3539479,West Kalimantan
2022-09-30 00:00:00+00:00,25.95848,14.500001,0.3488438,West Kalimantan
2022-10-01 00:00:00+00:00,25.204311,25.05,0.34556252,West Kalimantan
2022-10-02 00:00:00+00:00,24.154833,41.949997,0.3575833,West Kalimantan
2022-10-03 00:00:00+00:00,24.754833,12.175,0.3645521,West Kalimantan
2022-10-04 00:00:00+00:00,25.478271,17.75,0.3681459,West Kalimantan
2022-10-05 00:00:00+00:00,24.766815,13.924999,0.37152088,West Kalimantan
2022-10-06 00:00:00+00:00,24.706917,22.4,0.3748646,West Kalimantan
2022-10-07 00:00:00+00:00,24.162645,28.850002,0.37908337,West Kalimantan
2022-10-08 00:00:00+00:00,24.111082,13.450001,0.3806562,West Kalimantan
2022-10-09 00:00:00+00:00,24.385042,29.350002,0.38364583,West Kalimantan
2022-10-10 00:00:00+00:00,24.598583,25.574999,0.38504165,West Kalimantan
2022-10-11 00:00:00+00:00,24.314207,15.25,0.38305205,West Kalimantan
2022-10-12 00:00:00+00:00,24.882439,6.9750004,0.37476045,West Kalimantan
2022-10-13 00:00:00+00:00,24.993895,11.575001,0.36429167,West Kalimantan
2022-10-14 00:00:00+00:00,25.942333,10.975,0.35279164,West Kalimantan
2022-10-15 00:00:00+00:00,25.230352,7.7,0.34289587,West Kalimantan
2022-10-16 00:00:00+00:00,25.55119,21.25,0.33659375,West Kalimantan
2022-10-17 00:00:00+00:00,25.241812,17.875,0.33822915,West Kalimantan
2022-10-18 00:00:00+00:00,25.253271,18.150002,0.34645835,West Kalimantan
2022-10-19 00:00:00+00:00,25.417854,15.8,0.35161462,West Kalimantan
2022-10-20 00:00:00+00:00,25.885563,20.025002,0.35093752,West Kalimantan
2022-10-21 00:00:00+00:00,25.34598,9.975,0.34889585,West Kalimantan
2022-10-22 00:00:00+00:00,25.159,17.2,0.3467604,West Kalimantan
2022-10-23 00:00:00+00:00,25.213688,13.950001,0.34419793,West Kalimantan
2022-10-24 00:00:00+00:00,25.111084,12.950001,0.3496563,West Kalimantan
2022-10-25 00:00:00+00:00,25.31004,7.7,0.3535208,West Kalimantan
2022-10-26 00:00:00+00:00,24.690248,16.724998,0.35233334,West Kalimantan
2022-10-27 00:00:00+00:00,24.707436,16.300001,0.35465628,West Kalimantan
2022-10-28 00:00:00+00:00,24.85171,14.475,0.3561667,West Kalimantan
2022-10-29 00:00:00+00:00,25.973064,3.175,0.35334373,West Kalimantan
2022-10-30 00:00:00+00:00,25.786606,6.0249996,0.34896874,West Kalimantan
2022-10-31 00:00:00+00:00,25.19702,12.125,0.34387502,West Kalimantan
2022-11-01 00:00:00+00:00,25.029312,7.25,0.33898956,West Kalimantan
2022-11-02 00:00:00+00:00,25.290773,5.3250003,0.3350104,West Kalimantan
2022-11-03 00:00:00+00:00,25.947021,15.274999,0.33056247,West Kalimantan
2022-11-04 00:00:00+00:00,25.222021,5.875,0.3351875,West Kalimantan
2022-11-05 00:00:00+00:00,25.316814,24.7,0.3337604,West Kalimantan
2022-11-06 00:00:00+00:00,25.07202,11.650002,0.3424062,West Kalimantan
2022-11-07 00:00:00+00:00,25.167856,25.400002,0.35030207,West Kalimantan
2022-11-08 00:00:00+00:00,24.861605,11.475001,0.3602708,West Kalimantan
2022-11-09 00:00:00+00:00,25.06629,12.700001,0.36205208,West Kalimantan
2022-11-10 00:00:00+00:00,25.400146,14.65,0.36168742,West Kalimantan
2022-11-11 00:00:00+00:00,25.325146,19.075,0.36280212,West Kalimantan
2022-11-12 00:00:00+00:00,25.253273,9.625,0.3669063,West Kalimantan
2022-11-13 00:00:00+00:00,25.705355,14.724999,0.3666354,West Kalimantan
2022-11-14 00:00:00+00:00,25.12046,18.35,0.37074998,West Kalimantan
2022-11-15 00:00:00+00:00,25.202751,14.425001,0.36891666,West Kalimantan
2022-11-16 00:00:00+00:00,26.061604,3.6000004,0.36478126,West Kalimantan
2022-11-17 00:00:00+00:00,25.18452,25.575,0.36010414,West Kalimantan
2022-11-18 00:00:00+00:00,24.125145,18.45,0.35955203,West Kalimantan
2022-11-19 00:00:00+00:00,25.064209,15.350001,0.3588958,West Kalimantan
2022-11-20 00:00:00+00:00,26.018896,3.3999999,0.3551771,West Kalimantan
2022-11-21 00:00:00+00:00,25.88921,7.375,0.35033333,West Kalimantan
2022-11-22 00:00:00+00:00,27.12098,2.3249998,0.34554166,West Kalimantan
2022-11-23 00:00:00+00:00,25.400145,17.050001,0.33946872,West Kalimantan
2022-11-24 00:00:00+00:00,25.882957,11.775001,0.33383337,West Kalimantan
2022-11-25 00:00:00+00:00,25.318895,12.349999,0.32794788,West Kalimantan
2022-11-26 00:00:00+00:00,25.32046,9.25,0.32355207,West Kalimantan
2022-11-27 00:00:00+00:00,25.130354,12.950001,0.31989586,West Kalimantan
2022-11-28 00:00:00+00:00,25.850145,5.65,0.31588542,West Kalimantan
2022-11-29 00:00:00+00:00,25.31525,18.475,0.3120208,West Kalimantan
2022-11-30 00:00:00+00:00,24.785042,12.35,0.30841663,West Kalimantan
2022-12-01 00:00:00+00:00,25.257439,13.275,0.30482298,West Kalimantan
2022-12-02 00:00:00+00:00,25.379314,12.049999,0.30602083,West Kalimantan
2022-12-03 00:00:00+00:00,25.043375,13.15,0.31156248,West Kalimantan
2022-12-04 00:00:00+00:00,25.50848,14.7,0.3166771,West Kalimantan
2022-12-05 00:00:00+00:00,25.432436,9.15,0.32508332,West Kalimantan
2022-12-06 00:00:00+00:00,25.361605,21.074999,0.32833335,West Kalimantan
2022-12-07 00:00:00+00:00,24.875147,24.95,0.33610418,West Kalimantan
2022-12-08 00:00:00+00:00,24.793896,16.225002,0.34292713,West Kalimantan
2022-12-09 00:00:00+00:00,24.851189,9.95,0.34558332,West Kalimantan
2022-12-10 00:00:00+00:00,24.825668,9.475,0.34629163,West Kalimantan
2022-12-11 00:00:00+00:00,25.768373,7.0249996,0.3436458,West Kalimantan
2022-12-12 00:00:00+00:00,24.842854,13.525,0.34057295,West Kalimantan
2022-12-13 00:00:00+00:00,24.618374,13.900001,0.3438542,West Kalimantan
2022-12-14 00:00:00+00:00,24.745981,34.875,0.3523125,West Kalimantan
2022-12-15 00:00:00+00:00,24.822542,35.525,0.36361456,West Kalimantan
2022-12-16 00:00:00+00:00,24.841293,3.275,0.36987498,West Kalimantan
2022-12-17 00:00:00+00:00,26.034002,8.650001,0.36543745,West Kalimantan
2022-12-18 00:00:00+00:00,25.294939,15.225,0.3593959,West Kalimantan
2022-12-19 00:00:00+00:00,25.714207,13.9,0.35589582,West Kalimantan
2022-12-20 00:00:00+00:00,26.092854,8.625,0.3502604,West Kalimantan
2022-12-21 00:00:00+00:00,25.33869,14.075001,0.34759372,West Kalimantan
2022-12-22 00:00:00+00:00,25.18348,34.675,0.3473333,West Kalimantan
2022-12-23 00:00:00+00:00,22.518898,24.949999,0.3658854,West Kalimantan
2022-12-24 00:00:00+00:00,24.237648,0.625,0.36578125,West Kalimantan
2022-12-25 00:00:00+00:00,25.836082,0.40000004,0.3600937,West Kalimantan
2022-12-26 00:00:00+00:00,25.068377,7.175,0.35359377,West Kalimantan
2022-12-27 00:00:00+00:00,26.109001,0.47500002,0.34664586,West Kalimantan
2022-12-28 00:00:00+00:00,25.585043,1.5250001,0.3395104,West Kalimantan
2022-12-29 00:00:00+00:00,24.985563,3.8500001,0.33316663,West Kalimantan
2022-12-30 00:00:00+00:00,25.611605,0.125,0.32661456,West Kalimantan
2022-12-31 00:00:00+00:00,25.960564,0.25,0.31958336,West Kalimantan
2023-01-01 00:00:00+00:00,26.18556,0.95000005,0.31295836,West Kalimantan
2023-01-02 00:00:00+00:00,25.67723,5.75,0.30678126,West Kalimantan
2023-01-03 00:00:00+00:00,24.334,12.450001,0.3018854,West Kalimantan
2023-01-04 00:00:00+00:00,24.560562,10.500001,0.30067706,West Kalimantan
2023-01-05 00:00:00+00:00,24.931915,9.05,0.30127084,West Kalimantan
2023-01-06 00:00:00+00:00,24.99598,5.7499995,0.3018125,West Kalimantan
2023-01-07 00:00:00+00:00,25.38817,8.575001,0.30035412,West Kalimantan
2023-01-08 00:00:00+00:00,24.406397,12.75,0.2985417,West Kalimantan
2023-01-09 00:00:00+00:00,25.012125,13.349999,0.29783332,West Kalimantan
2023-01-10 00:00:00+00:00,25.21473,7.2749996,0.29747918,West Kalimantan
2023-01-11 00:00:00+00:00,24.995459,6.0499997,0.29548958,West Kalimantan
2023-01-12 00:00:00+00:00,25.682438,2.8000002,0.2930833,West Kalimantan
2023-01-13 00:00:00+00:00,25.385563,3.6,0.2901771,West Kalimantan
2023-01-14 00:00:00+00:00,25.513687,2.375,0.2874583,West Kalimantan
2023-01-15 00:00:00+00:00,26.117334,0.75000006,0.2840521,West Kalimantan
2023-01-16 00:00:00+00:00,25.984001,1.4000001,0.2807083,West Kalimantan
2023-01-17 00:00:00+00:00,26.228792,3.3750005,0.2772917,West Kalimantan
2023-01-18 00:00:00+00:00,24.888687,9.575001,0.27339587,West Kalimantan
2023-01-19 00:00:00+00:00,25.254835,19.3,0.26993752,West Kalimantan
2023-01-20 00:00:00+00:00,25.129833,8.3,0.26965627,West Kalimantan
2023-01-21 00:00:00+00:00,25.013687,17.75,0.27394792,West Kalimantan
2023-01-22 00:00:00+00:00,25.218374,14.925001,0.27505207,West Kalimantan
2023-01-23 00:00:00+00:00,24.99702,13.875,0.27596876,West Kalimantan
2023-01-24 00:00:00+00:00,24.560562,29.324999,0.28158334,West Kalimantan
2023-01-25 00:00:00+00:00,24.40848,21.575,0.29751042,West Kalimantan
2023-01-26 00:00:00+00:00,25.139732,9.625,0.31508332,West Kalimantan
2023-01-27 00:00:00+00:00,25.202229,7.8250003,0.32027084,West Kalimantan
2023-01-28 00:00:00+00:00,24.790771,47.3,0.32756248,West Kalimantan
2023-01-29 00:00:00+00:00,24.934,23.675,0.33819792,West Kalimantan
2023-01-30 00:00:00+00:00,24.70952,19.7,0.35467708,West Kalimantan
2023-01-31 00:00:00+00:00,24.585562,24.925,0.36621875,West Kalimantan
2023-02-01 00:00:00+00:00,24.96994,9.775,0.37098962,West Kalimantan
2023-02-02 00:00:00+00:00,24.363688,17.574999,0.37079167,West Kalimantan
2023-02-03 00:00:00+00:00,24.635042,34.7,0.3729479,West Kalimantan
2023-02-04 00:00:00+00:00,25.17098,10.925,0.37334377,West Kalimantan
2023-02-05 00:00:00+00:00,25.803793,7.625,0.36847913,West Kalimantan
2023-02-06 00:00:00+00:00,25.46577,10.0,0.36558333,West Kalimantan
2023-02-07 00:00:00+00:00,26.106398,2.2,0.36271876,West Kalimantan
2023-02-08 00:00:00+00:00,26.728271,1.05,0.3591146,West Kalimantan
2023-02-09 00:00:00+00:00,26.509523,1.475,0.3544479,West Kalimantan
2023-02-10 00:00:00+00:00,26.359522,4.3,0.34885412,West Kalimantan
2023-02-11 00:00:00+00:00,25.699627,11.775,0.3433333,West Kalimantan
2023-02-12 00:00:00+00:00,23.868893,36.475,0.34133333,West Kalimantan
2023-02-13 00:00:00+00:00,24.236605,10.974999,0.34340626,West Kalimantan
2023-02-14 00:00:00+00:00,25.467335,4.4750004,0.34287494,West Kalimantan
2023-02-15 00:00:00+00:00,25.254313,7.875,0.3390625,West Kalimantan
2023-02-16 00:00:00+00:00,25.957438,3.6250005,0.3346146,West Kalimantan
2023-02-17 00:00:00+00:00,25.639729,4.0,0.3300625,West Kalimantan
2023-02-18 00:00:00+00:00,26.548582,1.9250001,0.32553124,West Kalimantan
2023-02-19 00:00:00+00:00,25.803272,7.4750004,0.32158327,West Kalimantan
2023-02-20 00:00:00+00:00,25.373583,7.450001,0.31809375,West Kalimantan
2023-02-21 00:00:00+00:00,25.673584,3.55,0.31498957,West Kalimantan
2023-02-22 00:00:00+00:00,25.851707,2.025,0.3103125,West Kalimantan
2023-02-23 00:00:00+00:00,26.241812,5.125,0.30537498,West Kalimantan
2023-02-24 00:00:00+00:00,24.970457,12.300001,0.30257288,West Kalimantan
2023-02-25 00:00:00+00:00,24.694416,19.375,0.30454168,West Kalimantan
2023-02-26 00:00:00+00:00,24.592335,17.125,0.30838546,West Kalimantan
2023-02-27 00:00:00+00:00,25.335562,22.525002,0.31164584,West Kalimantan
2023-02-28 00:00:00+00:00,24.321499,25.525,0.3214479,West Kalimantan
2023-03-01 00:00:00+00:00,24.543373,5.075,0.32990623,West Kalimantan
2023-03-02 00:00:00+00:00,25.831919,9.925001,0.33332294,West Kalimantan
2023-03-03 00:00:00+00:00,25.349106,13.200001,0.33741665,West Kalimantan
2023-03-04 00:00:00+00:00,24.671501,25.075,0.3409792,West Kalimantan
2023-03-05 00:00:00+00:00,24.833479,17.425001,0.34448957,West Kalimantan
2023-03-06 00:00:00+00:00,25.155872,6.2749996,0.34857288,West Kalimantan
2023-03-07 00:00:00+00:00,25.061085,14.300001,0.34740627,West Kalimantan
2023-03-08 00:00:00+00:00,25.643373,12.0,0.3446771,West Kalimantan
2023-03-09 00:00:00+00:00,24.852226,21.325,0.34578127,West Kalimantan
2023-03-10 00:00:00+00:00,24.787643,24.650002,0.34883332,West Kalimantan
2023-03-11 00:00:00+00:00,24.299625,33.25,0.35658336,West Kalimantan
2023-03-12 00:00:00+00:00,24.534,14.950001,0.36915627,West Kalimantan
2023-03-13 00:00:00+00:00,24.552752,6.55,0.36978126,West Kalimantan
2023-03-14 00:00:00+00:00,25.592854,1.1000001,0.366125,West Kalimantan
2023-03-15 00:00:00+00:00,25.807438,22.8,0.36041665,West Kalimantan
2023-03-16 00:00:00+00:00,24.954834,19.175001,0.3607292,West Kalimantan
2023-03-17 00:00:00+00:00,25.437126,19.0,0.3556146,West Kalimantan
2023-03-18 00:00:00+00:00,24.651188,15.325001,0.35730207,West Kalimantan
2023-03-19 00:00:00+00:00,25.13348,24.199999,0.35435414,West Kalimantan
2023-03-20 00:00:00+00:00,23.776188,16.7,0.35877085,West Kalimantan
2023-03-21 00:00:00+00:00,26.192854,1.525,0.36029172,West Kalimantan
2023-03-22 00:00:00+00:00,25.966293,9.35,0.35247916,West Kalimantan
2023-03-23 00:00:00+00:00,25.651709,9.625,0.3439375,West Kalimantan
2023-03-24 00:00:00+00:00,25.01629,15.025,0.338875,West Kalimantan
2023-03-25 00:00:00+00:00,24.80952,7.325,0.34111464,West Kalimantan
2023-03-26 00:00:00+00:00,25.876705,14.525001,0.3375,West Kalimantan
2023-03-27 00:00:00+00:00,25.628792,20.325,0.33941665,West Kalimantan
2023-03-28 00:00:00+00:00,25.192854,2.75,0.33996877,West Kalimantan
2023-03-29 00:00:00+00:00,25.688686,20.3,0.3357292,West Kalimantan
2023-03-30 00:00:00+00:00,25.25223,22.550003,0.3322813,West Kalimantan
2023-03-31 00:00:00+00:00,24.64077,8.875,0.33510417,West Kalimantan
2023-04-01 00:00:00+00:00,25.891813,1.9000001,0.3326771,West Kalimantan
2023-04-02 00:00:00+00:00,25.997543,12.174999,0.329,West Kalimantan
2023-04-03 00:00:00+00:00,25.265247,11.45,0.32534376,West Kalimantan
2023-04-04 00:00:00+00:00,25.656399,2.8,0.32298958,West Kalimantan
2023-04-05 00:00:00+00:00,25.978271,10.5,0.3183854,West Kalimantan
2023-04-06 00:00:00+00:00,24.940771,9.875001,0.3144167,West Kalimantan
2023-04-07 00:00:00+00:00,25.429832,6.175,0.31238544,West Kalimantan
2023-04-08 00:00:00+00:00,25.35275,6.35,0.309375,West Kalimantan
2023-04-09 00:00:00+00:00,26.217854,1.7,0.30505207,West Kalimantan
2023-04-10 00:00:00+00:00,25.762125,5.4,0.30113542,West Kalimantan
2023-04-11 00:00:00+00:00,26.631916,1.7250001,0.29820836,West Kalimantan
2023-04-12 00:00:00+00:00,27.199627,0.75,0.29389584,West Kalimantan
2023-04-13 00:00:00+00:00,27.513166,0.025,0.28806248,West Kalimantan
2023-04-14 00:00:00+00:00,27.398064,0.25,0.28310418,West Kalimantan
2023-04-15 00:00:00+00:00,27.499626,0.37500003,0.27921876,West Kalimantan
2023-04-16 00:00:00+00:00,26.815252,2.825,0.27521873,West Kalimantan
2023-04-17 00:00:00+00:00,26.779833,6.9,0.27086455,West Kalimantan
2023-04-18 00:00:00+00:00,27.548584,4.225,0.26677087,West Kalimantan
2023-04-19 00:00:00+00:00,26.544939,12.1,0.26210418,West Kalimantan
2023-04-20 00:00:00+00:00,25.699106,9.725,0.25846875,West Kalimantan
2023-04-21 00:00:00+00:00,26.915771,8.650001,0.25560418,West Kalimantan
2023-04-22 00:00:00+00:00,26.44025,19.15,0.2525625,West Kalimantan
2023-04-23 00:00:00+00:00,25.807959,17.25,0.24942708,West Kalimantan
2023-04-24 00:00:00+00:00,24.979313,18.025,0.25177082,West Kalimantan
2023-04-25 00:00:00+00:00,26.262646,7.525,0.25414586,West Kalimantan
2023-04-26 00:00:00+00:00,25.36525,17.225,0.25605205,West Kalimantan
2023-04-27 00:00:00+00:00,26.460562,6.875,0.26053128,West Kalimantan
2023-04-28 00:00:00+00:00,25.864727,18.850002,0.2623854,West Kalimantan
2023-04-29 00:00:00+00:00,25.762127,4.875,0.26488543,West Kalimantan
2023-04-30 00:00:00+00:00,26.003792,11.425,0.26781252,West Kalimantan
2023-05-01 00:00:00+00:00,26.404835,8.3,0.26863542,West Kalimantan
2023-05-02 00:00:00+00:00,25.991293,8.6,0.27022916,West Kalimantan
2023-05-03 00:00:00+00:00,26.564209,4.0,0.27182293,West Kalimantan
2023-05-04 00:00:00+00:00,26.476707,7.775,0.27204165,West Kalimantan
2023-05-05 00:00:00+00:00,26.94077,15.050001,0.2725417,West Kalimantan
2023-05-06 00:00:00+00:00,26.320978,14.575001,0.27391666,West Kalimantan
2023-05-07 00:00:00+00:00,26.361605,16.150002,0.27838543,West Kalimantan
2023-05-08 00:00:00+00:00,25.886086,3.0,0.28675,West Kalimantan
2023-05-09 00:00:00+00:00,26.954832,5.2000003,0.2884479,West Kalimantan
2023-05-10 00:00:00+00:00,27.095455,0.32500002,0.28860417,West Kalimantan
2023-05-11 00:00:00+00:00,28.17098,1.175,0.2874271,West Kalimantan
2023-05-12 00:00:00+00:00,27.623585,19.825,0.2849479,West Kalimantan
2023-05-13 00:00:00+00:00,25.859522,18.375,0.2838021,West Kalimantan
2023-05-14 00:00:00+00:00,26.210562,1.7,0.28303123,West Kalimantan
2023-05-15 00:00:00+00:00,27.652752,0.375,0.28167707,West Kalimantan
2023-05-16 00:00:00+00:00,27.679832,0.6,0.27971876,West Kalimantan
2023-05-17 00:00:00+00:00,27.540771,0.65,0.27758333,West Kalimantan
2023-05-18 00:00:00+00:00,27.12775,9.75,0.275375,West Kalimantan
2023-05-19 00:00:00+00:00,26.063164,8.924999,0.2733021,West Kalimantan
2023-05-20 00:00:00+00:00,26.980354,1.15,0.2708021,West Kalimantan
2023-05-21 00:00:00+00:00,27.605354,1.8,0.26711458,West Kalimantan
2023-05-22 00:00:00+00:00,26.932436,9.05,0.26453128,West Kalimantan
2023-05-23 00:00:00+00:00,26.565773,7.6,0.2628646,West Kalimantan
2023-05-24 00:00:00+00:00,26.773064,3.2250004,0.26383334,West Kalimantan
2023-05-25 00:00:00+00:00,27.367855,2.25,0.26309374,West Kalimantan
2023-05-26 00:00:00+00:00,27.556396,0.725,0.2615313,West Kalimantan
2023-05-27 00:00:00+00:00,26.955353,9.425,0.25951043,West Kalimantan
2023-05-28 00:00:00+00:00,27.234522,1.6,0.2595104,West Kalimantan
2023-05-29 00:00:00+00:00,27.21994,4.4500003,0.2582604,West Kalimantan
2023-05-30 00:00:00+00:00,26.77098,3.35,0.25686458,West Kalimantan
2023-05-31 00:00:00+00:00,27.229834,3.4,0.25465629,West Kalimantan
2023-06-01 00:00:00+00:00,26.962646,5.7,0.25262502,West Kalimantan
2023-06-02 00:00:00+00:00,27.295979,2.65,0.25037503,West Kalimantan
2023-06-03 00:00:00+00:00,26.680876,10.425,0.24836454,West Kalimantan
2023-06-04 00:00:00+00:00,25.796497,13.325,0.24869792,West Kalimantan
2023-06-05 00:00:00+00:00,26.092854,4.975,0.24993746,West Kalimantan
2023-06-06 00:00:00+00:00,26.12202,8.65,0.24886456,West Kalimantan
2023-06-07 00:00:00+00:00,26.515772,10.525001,0.24822918,West Kalimantan
2023-06-08 00:00:00+00:00,25.857439,21.85,0.25215626,West Kalimantan
2023-06-09 00:00:00+00:00,26.214209,3.125,0.2561563,West Kalimantan
2023-06-10 00:00:00+00:00,26.853792,1.7249999,0.25927085,West Kalimantan
2023-06-11 00:00:00+00:00,26.744415,13.525002,0.25884375,West Kalimantan
2023-06-12 00:00:00+00:00,26.324104,0.2,0.25849998,West Kalimantan
2023-06-13 00:00:00+00:00,27.441292,7.6499996,0.25821877,West Kalimantan
2023-06-14 00:00:00+00:00,25.126709,12.875,0.25916666,West Kalimantan
2023-06-15 00:00:00+00:00,26.289207,19.85,0.2600729,West Kalimantan
2023-06-16 00:00:00+00:00,25.343895,8.725,0.2615625,West Kalimantan
2023-06-17 00:00:00+00:00,26.235561,1.7499999,0.2638021,West Kalimantan
2023-06-18 00:00:00+00:00,27.156916,3.375,0.2634375,West Kalimantan
2023-06-19 00:00:00+00:00,25.882437,11.400001,0.26244792,West Kalimantan
2023-06-20 00:00:00+00:00,26.075148,1.85,0.26123962,West Kalimantan
2023-06-21 00:00:00+00:00,27.085043,0.25,0.25984374,West Kalimantan
2023-06-22 00:00:00+00:00,27.539207,0.575,0.25824997,West Kalimantan
2023-06-23 00:00:00+00:00,26.673061,4.725,0.25636458,West Kalimantan
2023-06-24 00:00:00+00:00,26.377228,3.7499998,0.2548125,West Kalimantan
2023-06-25 00:00:00+00:00,26.834,1.9749999,0.25309375,West Kalimantan
2023-06-26 00:00:00+00:00,26.92619,1.1999999,0.25142708,West Kalimantan
2023-06-27 00:00:00+00:00,26.903791,1.6,0.2357917,West Kalimantan
2023-06-28 00:00:00+00:00,27.85171,0.25,0.2206146,West Kalimantan
2023-06-29 00:00:00+00:00,27.799627,4.4500003,0.21936454,West Kalimantan
2023-06-30 00:00:00+00:00,26.80796,6.0,0.21777081,West Kalimantan
2023-07-01 00:00:00+00:00,25.784523,41.475002,0.21708333,West Kalimantan
2023-07-02 00:00:00+00:00,24.493376,11.7,0.21783334,West Kalimantan
2023-07-03 00:00:00+00:00,25.300667,0.65000004,0.21884376,West Kalimantan
2023-07-04 00:00:00+00:00,26.50692,1.4000001,0.21864584,West Kalimantan
2023-07-05 00:00:00+00:00,26.105873,12.424999,0.21815622,West Kalimantan
2023-07-06 00:00:00+00:00,25.12046,31.300001,0.22045834,West Kalimantan
2023-07-07 00:00:00+00:00,25.148064,5.675,0.22647917,West Kalimantan
2023-07-08 00:00:00+00:00,25.388689,1.6499999,0.22864583,West Kalimantan
2023-07-09 00:00:00+00:00,26.663689,9.1,0.22941665,West Kalimantan
2023-07-10 00:00:00+00:00,25.642855,17.85,0.23121876,West Kalimantan
2023-07-11 00:00:00+00:00,25.337646,8.200001,0.24023959,West Kalimantan
2023-07-12 00:00:00+00:00,26.149624,2.675,0.24338537,West Kalimantan
2023-07-13 00:00:00+00:00,26.603271,0.3,0.24345832,West Kalimantan
2023-07-14 00:00:00+00:00,26.324104,9.875,0.24213538,West Kalimantan
2023-07-15 00:00:00+00:00,25.637648,7.2749996,0.24244787,West Kalimantan
2023-07-16 00:00:00+00:00,26.390774,0.5,0.24584374,West Kalimantan
2023-07-17 00:00:00+00:00,27.338688,0.275,0.2454375,West Kalimantan
2023-07-18 00:00:00+00:00,27.901709,0.20000002,0.24406247,West Kalimantan
2023-07-19 00:00:00+00:00,26.47202,22.8,0.24284375,West Kalimantan
2023-07-20 00:00:00+00:00,24.62046,18.95,0.24370833,West Kalimantan
2023-07-21 00:00:00+00:00,25.217333,6.2500005,0.2453854,West Kalimantan
2023-07-22 00:00:00+00:00,26.843376,1.025,0.24592707,West Kalimantan
2023-07-23 00:00:00+00:00,26.889729,1.125,0.24583332,West Kalimantan
2023-07-24 00:00:00+00:00,26.69025,6.25,0.24477084,West Kalimantan
2023-07-25 00:00:00+00:00,27.382439,0.05,0.24370831,West Kalimantan
2023-07-26 00:00:00+00:00,27.603794,0.15,0.2420521,West Kalimantan
2023-07-27 00:00:00+00:00,27.593376,0.0,0.2401875,West Kalimantan
2023-07-28 00:00:00+00:00,27.206917,0.0,0.23847914,West Kalimantan
2023-07-29 00:00:00+00:00,27.116812,0.025,0.23664583,West Kalimantan
2023-07-30 00:00:00+00:00,26.993374,0.025,0.23564588,West Kalimantan
2023-07-31 00:00:00+00:00,27.655876,0.3,0.2347916,West Kalimantan
2023-08-01 00:00:00+00:00,26.592855,18.925001,0.23302083,West Kalimantan
2023-08-02 00:00:00+00:00,25.734,15.600001,0.23189585,West Kalimantan
2023-08-03 00:00:00+00:00,26.40275,8.775001,0.23157294,West Kalimantan
2023-08-04 00:00:00+00:00,27.502752,2.1249998,0.23118743,West Kalimantan
2023-08-05 00:00:00+00:00,27.2715,3.625,0.23059377,West Kalimantan
2023-08-06 00:00:00+00:00,26.093374,10.25,0.22920838,West Kalimantan
2023-08-07 00:00:00+00:00,25.225668,9.299999,0.22766668,West Kalimantan
2023-08-08 00:00:00+00:00,25.888687,4.75,0.22541666,West Kalimantan
2023-08-09 00:00:00+00:00,26.286085,3.2750003,0.22258326,West Kalimantan
2023-08-10 00:00:00+00:00,26.430353,12.075,0.22052081,West Kalimantan
2023-08-11 00:00:00+00:00,25.724102,6.3500004,0.21956249,West Kalimantan
2023-08-12 00:00:00+00:00,26.484522,0.95,0.21907292,West Kalimantan
2023-08-13 00:00:00+00:00,27.249624,0.025,0.21803121,West Kalimantan
2023-08-14 00:00:00+00:00,27.111607,0.725,0.2171458,West Kalimantan
2023-08-15 00:00:00+00:00,26.393894,4.9500003,0.21645832,West Kalimantan
2023-08-16 00:00:00+00:00,27.112125,4.2000003,0.21461457,West Kalimantan
2023-08-17 00:00:00+00:00,26.960564,6.525,0.21334372,West Kalimantan
2023-08-18 00:00:00+00:00,26.037125,14.95,0.21183336,West Kalimantan
2023-08-19 00:00:00+00:00,26.988688,4.15,0.20966668,West Kalimantan
2023-08-20 00:00:00+00:00,27.009,12.9,0.20780206,West Kalimantan
2023-08-21 00:00:00+00:00,26.940771,5.3,0.20648955,West Kalimantan
2023-08-22 00:00:00+00:00,25.918896,8.400002,0.20565625,West Kalimantan
2023-08-23 00:00:00+00:00,25.318375,7.45,0.20613542,West Kalimantan
2023-08-24 00:00:00+00:00,26.323061,17.0,0.206375,West Kalimantan
2023-08-25 00:00:00+00:00,24.157438,28.55,0.21527085,West Kalimantan
2023-08-26 00:00:00+00:00,25.675667,6.8,0.22049996,West Kalimantan
2023-08-27 00:00:00+00:00,25.747541,5.45,0.22102089,West Kalimantan
2023-08-28 00:00:00+00:00,26.448063,7.2250004,0.22118752,West Kalimantan
2023-08-29 00:00:00+00:00,27.580873,0.75,0.22088546,West Kalimantan
2023-08-30 00:00:00+00:00,27.459002,1.8000001,0.22008339,West Kalimantan
2023-08-31 00:00:00+00:00,27.562647,0.725,0.21895832,West Kalimantan
2023-09-01 00:00:00+00:00,27.224625,2.0249999,0.21732292,West Kalimantan
2023-09-02 00:00:00+00:00,27.324627,2.15,0.2162188,West Kalimantan
2023-09-03 00:00:00+00:00,27.61994,0.125,0.21494791,West Kalimantan
2023-09-04 00:00:00+00:00,27.612646,0.025,0.2140104,West Kalimantan
2023-09-05 00:00:00+00:00,27.311605,6.7,0.21322915,West Kalimantan
2023-09-06 00:00:00+00:00,25.24702,41.675,0.21309373,West Kalimantan
2023-09-07 00:00:00+00:00,24.943897,5.525,0.2170625,West Kalimantan
2023-09-08 00:00:00+00:00,26.959002,5.100001,0.21864581,West Kalimantan
2023-09-09 00:00:00+00:00,27.163687,3.8249998,0.21884376,West Kalimantan
2023-09-10 00:00:00+00:00,26.49546,12.225,0.21871871,West Kalimantan
2023-09-11 00:00:00+00:00,25.824625,5.2499995,0.21929167,West Kalimantan
2023-09-12 00:00:00+00:00,25.902748,4.475,0.21955207,West Kalimantan
2023-09-13 00:00:00+00:00,26.616293,8.325,0.21934374,West Kalimantan
2023-09-14 00:00:00+00:00,26.304314,6.675,0.21958333,West Kalimantan
2023-09-15 00:00:00+00:00,26.365772,20.325,0.22028124,West Kalimantan
2023-09-16 00:00:00+00:00,25.847021,8.55,0.22056249,West Kalimantan
2023-09-17 00:00:00+00:00,26.124102,17.45,0.22127084,West Kalimantan
2023-09-18 00:00:00+00:00,25.159523,22.575,0.22234373,West Kalimantan
2023-09-19 00:00:00+00:00,26.02775,20.35,0.22473957,West Kalimantan
2023-09-20 00:00:00+00:00,26.314728,4.125,0.22625,West Kalimantan
2023-09-21 00:00:00+00:00,26.731918,4.275,0.22771871,West Kalimantan
2023-09-22 00:00:00+00:00,27.073582,7.75,0.22924995,West Kalimantan
2023-09-23 00:00:00+00:00,27.262646,0.0,0.22907291,West Kalimantan
2023-09-24 00:00:00+00:00,27.750666,0.05,0.22851044,West Kalimantan
2023-09-25 00:00:00+00:00,27.97306,1.0249999,0.22722918,West Kalimantan
2023-09-26 00:00:00+00:00,27.35796,1.6249999,0.22639579,West Kalimantan
2023-09-27 00:00:00+00:00,28.009003,0.55,0.22421876,West Kalimantan
2023-09-28 00:00:00+00:00,26.901188,25.150002,0.22736457,West Kalimantan
2023-09-29 00:00:00+00:00,25.975147,15.599999,0.23479167,West Kalimantan
2023-09-30 00:00:00+00:00,26.201189,7.2,0.23327085,West Kalimantan
2023-10-01 00:00:00+00:00,26.754833,1.15,0.23427083,West Kalimantan
2023-10-02 00:00:00+00:00,27.850668,0.025,0.2340417,West Kalimantan
2023-10-03 00:00:00+00:00,28.168373,1.725,0.23331246,West Kalimantan
2023-10-04 00:00:00+00:00,28.439209,8.025,0.2314271,West Kalimantan
2023-10-05 00:00:00+00:00,26.853273,4.5499997,0.23097914,West Kalimantan
2023-10-06 00:00:00+00:00,27.599106,5.375,0.23108333,West Kalimantan
2023-10-07 00:00:00+00:00,26.024105,9.749999,0.22999996,West Kalimantan
2023-10-08 00:00:00+00:00,25.82046,15.55,0.23090622,West Kalimantan
2023-10-09 00:00:00+00:00,25.556396,18.525002,0.23301038,West Kalimantan
2023-10-10 00:00:00+00:00,26.335045,6.025,0.2344479,West Kalimantan
2023-10-11 00:00:00+00:00,26.816292,9.400001,0.23458332,West Kalimantan
2023-10-12 00:00:00+00:00,27.162647,4.625,0.23429167,West Kalimantan
2023-10-13 00:00:00+00:00,26.935041,3.825,0.23333338,West Kalimantan
2023-10-14 00:00:00+00:00,26.661604,10.525001,0.23304167,West Kalimantan
2023-10-15 00:00:00+00:00,27.236607,7.1499996,0.23178129,West Kalimantan
2023-10-16 00:00:00+00:00,27.01733,9.525,0.2309167,West Kalimantan
2023-10-17 00:00:00+00:00,26.60848,23.5,0.23009375,West Kalimantan
2023-10-18 00:00:00+00:00,25.521502,16.875,0.23361456,West Kalimantan
2023-10-19 00:00:00+00:00,24.910044,13.525001,0.23955207,West Kalimantan
2023-10-20 00:00:00+00:00,26.374624,14.174999,0.24266665,West Kalimantan
2023-10-21 00:00:00+00:00,25.854834,24.2,0.24800001,West Kalimantan
2023-10-22 00:00:00+00:00,25.170979,6.825,0.25890625,West Kalimantan
2023-10-23 00:00:00+00:00,25.732958,31.7,0.2661771,West Kalimantan
2023-10-24 00:00:00+00:00,25.054832,18.675,0.2734271,West Kalimantan
2023-10-25 00:00:00+00:00,26.517334,9.549999,0.27579165,West Kalimantan
2023-10-26 00:00:00+00:00,25.822542,10.275001,0.27640626,West Kalimantan
2023-10-27 00:00:00+00:00,25.881918,9.6,0.2779583,West Kalimantan
2023-10-28 00:00:00+00:00,26.022022,11.85,0.27943748,West Kalimantan
2023-10-29 00:00:00+00:00,25.526709,15.150001,0.28065622,West Kalimantan
2023-10-30 00:00:00+00:00,25.678791,16.975,0.280625,West Kalimantan
2023-10-31 00:00:00+00:00,25.52723,9.050001,0.28107297,West Kalimantan
2023-11-01 00:00:00+00:00,26.21317,9.8,0.28203124,West Kalimantan
2023-11-02 00:00:00+00:00,26.069416,16.2,0.28193748,West Kalimantan
2023-11-03 00:00:00+00:00,25.18348,6.075,0.28590626,West Kalimantan
2023-11-04 00:00:00+00:00,25.923063,16.6,0.29026037,West Kalimantan
2023-11-05 00:00:00+00:00,25.80275,18.775,0.29265624,West Kalimantan
2023-11-06 00:00:00+00:00,25.330875,14.475,0.29253125,West Kalimantan
2023-11-07 00:00:00+00:00,25.623583,1.825,0.29722917,West Kalimantan
2023-11-08 00:00:00+00:00,26.327751,17.275,0.29934376,West Kalimantan
2023-11-09 00:00:00+00:00,26.247023,5.1749997,0.3059583,West Kalimantan
2023-11-10 00:00:00+00:00,26.667854,7.3750005,0.30773962,West Kalimantan
2023-11-11 00:00:00+00:00,26.443377,8.35,0.30841666,West Kalimantan
2023-11-12 00:00:00+00:00,25.87723,17.474998,0.3096042,West Kalimantan
2023-11-13 00:00:00+00:00,25.966291,7.7,0.31047916,West Kalimantan
2023-11-14 00:00:00+00:00,27.354313,6.85,0.31007296,West Kalimantan
2023-11-15 00:00:00+00:00,25.925667,16.425,0.31139585,West Kalimantan
2023-11-16 00:00:00+00:00,25.675146,8.950001,0.31820837,West Kalimantan
2023-11-17 00:00:00+00:00,26.195457,13.650002,0.32627085,West Kalimantan
2023-11-18 00:00:00+00:00,27.229832,1.6500001,0.33172917,West Kalimantan
2023-11-19 00:00:00+00:00,26.620457,7.9,0.332,West Kalimantan
2023-11-20 00:00:00+00:00,26.991293,6.5999994,0.33290625,West Kalimantan
2023-11-21 00:00:00+00:00,26.306917,21.875,0.34141666,West Kalimantan
2023-11-22 00:00:00+00:00,25.526188,33.25,0.35504168,West Kalimantan
2023-11-23 00:00:00+00:00,24.915771,9.9,0.36567706,West Kalimantan
2023-11-24 00:00:00+00:00,25.837646,12.700001,0.36616665,West Kalimantan
2023-11-25 00:00:00+00:00,25.711082,6.85,0.36553127,West Kalimantan
2023-11-26 00:00:00+00:00,25.392332,16.425001,0.36327085,West Kalimantan
2023-11-27 00:00:00+00:00,25.8715,10.325,0.3607396,West Kalimantan
2023-11-28 00:00:00+00:00,26.133999,6.075,0.3576875,West Kalimantan
2023-11-29 00:00:00+00:00,26.949625,7.25,0.35357296,West Kalimantan
2023-11-30 00:00:00+00:00,25.672022,22.85,0.35438538,West Kalimantan
2023-12-01 00:00:00+00:00,24.76577,18.175001,0.36843747,West Kalimantan
2023-12-02 00:00:00+00:00,25.487646,8.224999,0.36693752,West Kalimantan
2023-12-03 00:00:00+00:00,26.032436,16.050001,0.36437497,West Kalimantan
2023-12-04 00:00:00+00:00,25.191813,12.475,0.36671874,West Kalimantan
2023-12-05 00:00:00+00:00,25.549625,9.3,0.36696872,West Kalimantan
2023-12-06 00:00:00+00:00,26.613165,10.85,0.36263543,West Kalimantan
2023-12-07 00:00:00+00:00,25.132439,9.675,0.36118752,West Kalimantan
2023-12-08 00:00:00+00:00,25.900146,17.975,0.3575834,West Kalimantan
2023-12-09 00:00:00+00:00,25.875149,19.800001,0.35433328,West Kalimantan
2023-12-10 00:00:00+00:00,25.19546,13.275,0.35464585,West Kalimantan
2023-12-11 00:00:00+00:00,25.564207,8.175,0.35375,West Kalimantan
2023-12-12 00:00:00+00:00,25.891294,11.875,0.3526979,West Kalimantan
2023-12-13 00:00:00+00:00,26.180357,4.425,0.35225,West Kalimantan
2023-12-14 00:00:00+00:00,26.50223,21.650002,0.3517917,West Kalimantan
2023-12-15 00:00:00+00:00,26.27723,1.425,0.35898957,West Kalimantan
2023-12-16 00:00:00+00:00,26.87098,7.25,0.3569167,West Kalimantan
2023-12-17 00:00:00+00:00,26.512123,10.925,0.35511458,West Kalimantan
2023-12-18 00:00:00+00:00,26.449106,10.975,0.3523646,West Kalimantan
2023-12-19 00:00:00+00:00,25.657959,7.8500004,0.3516146,West Kalimantan
2023-12-20 00:00:00+00:00,26.079315,9.7,0.35188544,West Kalimantan
2023-12-21 00:00:00+00:00,26.485563,9.35,0.35125,West Kalimantan
2023-12-22 00:00:00+00:00,25.98504,7.5,0.35133332,West Kalimantan
2023-12-23 00:00:00+00:00,26.612648,10.224999,0.35120833,West Kalimantan
2023-12-24 00:00:00+00:00,25.979832,19.575,0.35312498,West Kalimantan
2023-12-25 00:00:00+00:00,25.384523,10.3,0.3556354,West Kalimantan
2023-12-26 00:00:00+00:00,25.864729,11.900001,0.35715628,West Kalimantan
2023-12-27 00:00:00+00:00,26.383999,11.175,0.35909373,West Kalimantan
2023-12-28 00:00:00+00:00,26.22306,12.825001,0.3588125,West Kalimantan
2023-12-29 00:00:00+00:00,25.780874,12.249998,0.3594896,West Kalimantan
2023-12-30 00:00:00+00:00,26.542854,15.05,0.36017707,West Kalimantan
2023-12-31 00:00:00+00:00,25.516813,14.700001,0.36279172,West Kalimantan
2024-01-01 00:00:00+00:00,26.416292,12.450001,0.36401042,West Kalimantan
2024-01-02 00:00:00+00:00,24.989208,27.125,0.36860418,West Kalimantan
2024-01-03 00:00:00+00:00,26.324623,10.25,0.36896878,West Kalimantan
2024-01-04 00:00:00+00:00,25.375145,24.85,0.36979166,West Kalimantan
2024-01-05 00:00:00+00:00,26.363688,1.05,0.368375,West Kalimantan
2024-01-06 00:00:00+00:00,26.431396,23.7,0.36505207,West Kalimantan
2024-01-07 00:00:00+00:00,24.747019,13.350001,0.370375,West Kalimantan
2024-01-08 00:00:00+00:00,25.856396,8.375,0.36923957,West Kalimantan
2024-01-09 00:00:00+00:00,25.929314,11.675001,0.36544794,West Kalimantan
2024-01-10 00:00:00+00:00,25.782959,18.275002,0.36495835,West Kalimantan
2024-01-11 00:00:00+00:00,25.597023,22.825003,0.36900002,West Kalimantan
2024-01-12 00:00:00+00:00,25.303272,16.95,0.3786354,West Kalimantan
2024-01-13 00:00:00+00:00,25.54025,11.05,0.37876037,West Kalimantan
2024-01-14 00:00:00+00:00,25.862125,9.175,0.37544793,West Kalimantan
2024-01-15 00:00:00+00:00,25.727749,17.5,0.37403125,West Kalimantan
2024-01-16 00:00:00+00:00,24.898064,29.3,0.375125,West Kalimantan
2024-01-17 00:00:00+00:00,25.97723,17.775,0.3723958,West Kalimantan
2024-01-18 00:00:00+00:00,25.398582,12.450001,0.368875,West Kalimantan
2024-01-19 00:00:00+00:00,25.61525,27.800001,0.37183332,West Kalimantan
2024-01-20 00:00:00+00:00,25.13921,12.174999,0.37286457,West Kalimantan
2024-01-21 00:00:00+00:00,25.674625,7.025,0.36871877,West Kalimantan
2024-01-22 00:00:00+00:00,26.930876,2.05,0.36082292,West Kalimantan
2024-01-23 00:00:00+00:00,26.487646,10.775001,0.35252082,West Kalimantan
2024-01-24 00:00:00+00:00,25.955875,8.7,0.34557295,West Kalimantan
2024-01-25 00:00:00+00:00,26.506916,6.775,0.33776042,West Kalimantan
2024-01-26 00:00:00+00:00,26.582438,5.025,0.3308958,West Kalimantan
2024-01-27 00:00:00+00:00,26.713165,3.75,0.3248125,West Kalimantan
2024-01-28 00:00:00+00:00,26.230354,8.525001,0.32070833,West Kalimantan
2024-01-29 00:00:00+00:00,25.928791,16.225,0.31672916,West Kalimantan
2024-01-30 00:00:00+00:00,25.256918,16.550001,0.31359375,West Kalimantan
2024-01-31 00:00:00+00:00,25.698065,39.675,0.31435418,West Kalimantan
2024-02-01 00:00:00+00:00,25.329311,4.1,0.3160625,West Kalimantan
2024-02-02 00:00:00+00:00,26.09077,21.025002,0.31670833,West Kalimantan
2024-02-03 00:00:00+00:00,26.102753,10.325,0.32145834,West Kalimantan
2024-02-04 00:00:00+00:00,26.350668,10.950001,0.3216979,West Kalimantan
2024-02-05 00:00:00+00:00,26.472546,2.675,0.31803125,West Kalimantan
2024-02-06 00:00:00+00:00,26.731918,1.6250001,0.31421876,West Kalimantan
2024-02-07 00:00:00+00:00,26.220459,5.2999997,0.3109167,West Kalimantan
2024-02-08 00:00:00+00:00,26.679834,4.7250004,0.307,West Kalimantan
2024-02-09 00:00:00+00:00,25.95275,17.000002,0.30373958,West Kalimantan
2024-02-10 00:00:00+00:00,26.28921,4.7000003,0.30090624,West Kalimantan
2024-02-11 00:00:00+00:00,25.305355,26.725,0.29945832,West Kalimantan
2024-02-12 00:00:00+00:00,25.603271,12.225,0.30428123,West Kalimantan
2024-02-13 00:00:00+00:00,26.326187,14.35,0.30422917,West Kalimantan
2024-02-14 00:00:00+00:00,26.292852,21.850002,0.3086354,West Kalimantan
2024-02-15 00:00:00+00:00,25.92775,34.35,0.31848955,West Kalimantan
2024-02-16 00:00:00+00:00,25.38348,13.3,0.33137497,West Kalimantan
2024-02-17 00:00:00+00:00,26.136084,12.425,0.33002082,West Kalimantan
2024-02-18 00:00:00+00:00,25.788687,24.650002,0.32878125,West Kalimantan
2024-02-19 00:00:00+00:00,25.887646,5.6499996,0.32867706,West Kalimantan
2024-02-20 00:00:00+00:00,26.459522,10.450001,0.32729167,West Kalimantan
2024-02-21 00:00:00+00:00,25.642855,14.650002,0.32893753,West Kalimantan
2024-02-22 00:00:00+00:00,25.702229,19.075,0.32908332,West Kalimantan
2024-02-23 00:00:00+00:00,26.369936,5.625,0.32885417,West Kalimantan
2024-02-24 00:00:00+00:00,26.451706,15.150002,0.32835418,West Kalimantan
2024-02-25 00:00:00+00:00,26.11369,13.875,0.32852083,West Kalimantan
2024-02-26 00:00:00+00:00,26.512646,4.9500003,0.32701045,West Kalimantan
2024-02-27 00:00:00+00:00,26.125145,12.925001,0.32517707,West Kalimantan
2024-02-28 00:00:00+00:00,26.068375,10.9,0.33253127,West Kalimantan
2024-02-29 00:00:00+00:00,26.10379,14.725,0.33417708,West Kalimantan
2024-03-01 00:00:00+00:00,26.15223,27.25,0.33459374,West Kalimantan
2024-03-02 00:00:00+00:00,25.878273,11.225,0.33872917,West Kalimantan
2024-03-03 00:00:00+00:00,26.643377,1.95,0.33967713,West Kalimantan
2024-03-04 00:00:00+00:00,26.037647,36.075,0.33941665,West Kalimantan
2024-03-05 00:00:00+00:00,25.680355,33.775,0.3424375,West Kalimantan
2024-03-06 00:00:00+00:00,25.337645,20.05,0.35361457,West Kalimantan
2024-03-07 00:00:00+00:00,26.685562,27.4,0.35562497,West Kalimantan
2024-03-08 00:00:00+00:00,24.848063,29.25,0.3671875,West Kalimantan
2024-03-09 00:00:00+00:00,25.299105,14.85,0.3676667,West Kalimantan
2024-03-10 00:00:00+00:00,26.276709,4.4000006,0.36431247,West Kalimantan
2024-03-11 00:00:00+00:00,25.66525,35.9,0.3624063,West Kalimantan
2024-03-12 00:00:00+00:00,26.004833,8.575001,0.36128122,West Kalimantan
2024-03-13 00:00:00+00:00,25.300146,1.325,0.36142707,West Kalimantan
2024-03-14 00:00:00+00:00,26.728271,0.3,0.3569688,West Kalimantan
2024-03-15 00:00:00+00:00,27.142332,0.5,0.3512708,West Kalimantan
2024-03-16 00:00:00+00:00,27.18348,0.52500004,0.34481248,West Kalimantan
2024-03-17 00:00:00+00:00,27.226189,5.7250004,0.33748955,West Kalimantan
2024-03-18 00:00:00+00:00,27.398062,7.2500005,0.33014584,West Kalimantan
2024-03-19 00:00:00+00:00,26.555355,5.3500004,0.32333335,West Kalimantan
2024-03-20 00:00:00+00:00,26.379313,4.625,0.31718752,West Kalimantan
2024-03-21 00:00:00+00:00,26.493896,1.8249999,0.31101042,West Kalimantan
2024-03-22 00:00:00+00:00,27.749626,0.975,0.30485412,West Kalimantan
2024-03-23 00:00:00+00:00,26.365772,11.175,0.30008334,West Kalimantan
2024-03-24 00:00:00+00:00,25.526188,12.300001,0.29648957,West Kalimantan
2024-03-25 00:00:00+00:00,27.167332,14.225,0.29146877,West Kalimantan
2024-03-26 00:00:00+00:00,26.513687,22.85,0.28804168,West Kalimantan
2024-03-27 00:00:00+00:00,25.050148,26.325,0.29157293,West Kalimantan
2024-03-28 00:00:00+00:00,26.001709,4.4750004,0.29686457,West Kalimantan
2024-03-29 00:00:00+00:00,27.040249,12.35,0.29862502,West Kalimantan
2024-03-30 00:00:00+00:00,25.811604,19.1,0.30192712,West Kalimantan
2024-03-31 00:00:00+00:00,25.892855,31.475,0.3060625,West Kalimantan
2024-04-01 00:00:00+00:00,26.005873,15.175,0.31009376,West Kalimantan
2024-04-02 00:00:00+00:00,26.439209,14.225,0.31322917,West Kalimantan
2024-04-03 00:00:00+00:00,26.151709,13.200001,0.3200625,West Kalimantan
2024-04-04 00:00:00+00:00,26.15275,19.499998,0.3245104,West Kalimantan
2024-04-05 00:00:00+00:00,27.375668,4.9500003,0.32467708,West Kalimantan
2024-04-06 00:00:00+00:00,27.410042,6.1250005,0.32324997,West Kalimantan
2024-04-07 00:00:00+00:00,26.74702,4.375,0.32121876,West Kalimantan
2024-04-08 00:00:00+00:00,27.201187,9.199999,0.31885418,West Kalimantan
2024-04-09 00:00:00+00:00,26.35379,11.400001,0.31657296,West Kalimantan
2024-04-10 00:00:00+00:00,25.516294,23.175,0.31572917,West Kalimantan
2024-04-11 00:00:00+00:00,26.21421,6.975,0.31666666,West Kalimantan
2024-04-12 00:00:00+00:00,25.793896,32.825,0.3191667,West Kalimantan
2024-04-13 00:00:00+00:00,25.578272,24.300001,0.32441667,West Kalimantan
2024-04-14 00:00:00+00:00,26.281395,19.275,0.32994795,West Kalimantan
2024-04-15 00:00:00+00:00,27.166292,1.8499999,0.33346874,West Kalimantan
2024-04-16 00:00:00+00:00,27.128271,22.6,0.33206248,West Kalimantan
2024-04-17 00:00:00+00:00,26.20952,14.525,0.3380729,West Kalimantan
2024-04-18 00:00:00+00:00,26.225666,3.0499997,0.33779165,West Kalimantan
2024-04-19 00:00:00+00:00,27.246502,8.475,0.33626044,West Kalimantan
2024-04-20 00:00:00+00:00,26.45744,17.125,0.33266667,West Kalimantan
2024-04-21 00:00:00+00:00,26.242855,15.975,0.3320417,West Kalimantan
2024-04-22 00:00:00+00:00,27.5715,5.2749996,0.3318125,West Kalimantan
2024-04-23 00:00:00+00:00,26.666292,12.225001,0.33121878,West Kalimantan
2024-04-24 00:00:00+00:00,26.061604,19.25,0.33234376,West Kalimantan
2024-04-25 00:00:00+00:00,27.203793,6.875,0.3324896,West Kalimantan
2024-04-26 00:00:00+00:00,26.769938,5.9500003,0.3322708,West Kalimantan
2024-04-27 00:00:00+00:00,27.048061,20.575,0.3325833,West Kalimantan
2024-04-28 00:00:00+00:00,25.94598,21.85,0.34519792,West Kalimantan
2024-04-29 00:00:00+00:00,26.212646,11.925001,0.35139582,West Kalimantan
2024-04-30 00:00:00+00:00,27.267334,8.325001,0.3500208,West Kalimantan
2024-05-01 00:00:00+00:00,26.480354,9.950001,0.34959382,West Kalimantan
2024-05-02 00:00:00+00:00,26.36525,18.775002,0.35204166,West Kalimantan
2024-05-03 00:00:00+00:00,26.55171,18.0,0.35131252,West Kalimantan
2024-05-04 00:00:00+00:00,26.067856,29.25,0.3500521,West Kalimantan
2024-05-05 00:00:00+00:00,26.334002,2.175,0.35098958,West Kalimantan
2024-05-06 00:00:00+00:00,27.629833,0.75,0.3482396,West Kalimantan
2024-05-07 00:00:00+00:00,27.063166,11.825,0.34316668,West Kalimantan
2024-05-08 00:00:00+00:00,25.612125,21.9,0.3428125,West Kalimantan
2024-05-09 00:00:00+00:00,26.753271,10.999999,0.34117714,West Kalimantan
2024-05-10 00:00:00+00:00,26.838688,26.125,0.34022915,West Kalimantan
2024-05-11 00:00:00+00:00,25.229313,21.3,0.34581247,West Kalimantan
2024-05-12 00:00:00+00:00,26.724104,8.249999,0.34968746,West Kalimantan
2024-05-13 00:00:00+00:00,26.252228,31.7,0.34846872,West Kalimantan
2024-05-14 00:00:00+00:00,26.506916,24.025,0.34902084,West Kalimantan
2024-05-15 00:00:00+00:00,27.322542,4.0750003,0.35429165,West Kalimantan
2024-05-16 00:00:00+00:00,26.843376,20.425,0.35308334,West Kalimantan
2024-05-17 00:00:00+00:00,26.425146,19.15,0.35152084,West Kalimantan
2024-05-18 00:00:00+00:00,26.193375,14.875001,0.3533125,West Kalimantan
2024-05-19 00:00:00+00:00,26.669418,10.25,0.3527708,West Kalimantan
2024-05-20 00:00:00+00:00,26.616812,15.500001,0.35264584,West Kalimantan
2024-05-21 00:00:00+00:00,26.635561,21.45,0.35325003,West Kalimantan
2024-05-22 00:00:00+00:00,25.517334,25.4,0.36342707,West Kalimantan
2024-05-23 00:00:00+00:00,25.904316,23.775,0.3688959,West Kalimantan
2024-05-24 00:00:00+00:00,26.279312,20.425001,0.3669271,West Kalimantan
2024-05-25 00:00:00+00:00,25.973064,9.6,0.36628124,West Kalimantan
2024-05-26 00:00:00+00:00,26.858479,5.8250003,0.36483335,West Kalimantan
2024-05-27 00:00:00+00:00,27.280876,9.325,0.36205208,West Kalimantan
2024-05-28 00:00:00+00:00,26.792854,20.25,0.35808337,West Kalimantan
2024-05-29 00:00:00+00:00,26.440252,5.025,0.3542396,West Kalimantan
2024-05-30 00:00:00+00:00,27.315771,14.0,0.35065627,West Kalimantan
2024-05-31 00:00:00+00:00,26.939209,14.325,0.3480729,West Kalimantan
2024-06-01 00:00:00+00:00,25.689732,51.849995,0.34793752,West Kalimantan
2024-06-02 00:00:00+00:00,25.14025,49.85,0.36696878,West Kalimantan
2024-06-03 00:00:00+00:00,25.682436,15.5,0.37387502,West Kalimantan
2024-06-04 00:00:00+00:00,25.717854,11.674999,0.37247917,West Kalimantan
2024-06-05 00:00:00+00:00,26.913166,7.4,0.36616668,West Kalimantan
2024-06-06 00:00:00+00:00,26.119938,19.675001,0.36080214,West Kalimantan
2024-06-07 00:00:00+00:00,26.132957,7.875,0.35579166,West Kalimantan
2024-06-08 00:00:00+00:00,27.217333,0.125,0.35144788,West Kalimantan
2024-06-09 00:00:00+00:00,27.889729,0.22500001,0.3445416,West Kalimantan
2024-06-10 00:00:00+00:00,26.51421,9.35,0.33784375,West Kalimantan
2024-06-11 00:00:00+00:00,26.656395,6.925001,0.33259377,West Kalimantan
2024-06-12 00:00:00+00:00,26.207958,7.4,0.32702082,West Kalimantan
2024-06-13 00:00:00+00:00,25.671501,2.0249999,0.32576042,West Kalimantan
2024-06-14 00:00:00+00:00,27.131397,0.125,0.3231979,West Kalimantan
2024-06-15 00:00:00+00:00,26.834522,1.1,0.31768754,West Kalimantan
2024-06-16 00:00:00+00:00,26.618374,1.8499999,0.31154168,West Kalimantan
2024-06-17 00:00:00+00:00,26.567856,11.3,0.30526042,West Kalimantan
2024-06-18 00:00:00+00:00,25.128792,12.725,0.30060416,West Kalimantan
2024-06-19 00:00:00+00:00,26.304314,6.125,0.2964375,West Kalimantan
2024-06-20 00:00:00+00:00,26.08244,11.025001,0.29161456,West Kalimantan
2024-06-21 00:00:00+00:00,25.503792,21.55,0.2879896,West Kalimantan
2024-06-22 00:00:00+00:00,25.69754,14.375,0.28778124,West Kalimantan
2024-06-23 00:00:00+00:00,25.933477,3.1000001,0.2861771,West Kalimantan
2024-06-24 00:00:00+00:00,25.981918,4.8250003,0.28430203,West Kalimantan
2024-06-25 00:00:00+00:00,26.576708,3.2500002,0.28164583,West Kalimantan
2024-06-26 00:00:00+00:00,26.776707,10.200001,0.27858335,West Kalimantan
2024-06-27 00:00:00+00:00,25.80275,13.325001,0.27598956,West Kalimantan
2024-06-28 00:00:00+00:00,26.132957,5.95,0.2731458,West Kalimantan
2024-06-29 00:00:00+00:00,25.97306,16.425,0.27127084,West Kalimantan
2024-06-30 00:00:00+00:00,25.772541,12.424999,0.27570835,West Kalimantan
2024-07-01 00:00:00+00:00,24.880354,18.25,0.27753127,West Kalimantan
2024-07-02 00:00:00+00:00,25.337126,5.0249996,0.28098962,West Kalimantan
2024-07-03 00:00:00+00:00,25.805876,13.625,0.28073958,West Kalimantan
2024-07-04 00:00:00+00:00,26.087124,12.075001,0.27954167,West Kalimantan
2024-07-05 00:00:00+00:00,25.529312,5.6000004,0.28028125,West Kalimantan
2024-07-06 00:00:00+00:00,25.505352,10.849999,0.28066662,West Kalimantan
2024-07-07 00:00:00+00:00,25.125668,1.375,0.28033334,West Kalimantan
2024-07-08 00:00:00+00:00,26.535563,0.325,0.2791146,West Kalimantan
2024-07-09 00:00:00+00:00,26.374104,3.525,0.27705207,West Kalimantan
2024-07-10 00:00:00+00:00,25.811604,17.475,0.27392706,West Kalimantan
2024-07-11 00:00:00+00:00,24.974625,4.825,0.27151042,West Kalimantan
2024-07-12 00:00:00+00:00,26.163689,0.37500003,0.26944795,West Kalimantan
2024-07-13 00:00:00+00:00,25.943375,0.075,0.26742712,West Kalimantan
2024-07-14 00:00:00+00:00,26.72098,0.075,0.26462498,West Kalimantan
2024-07-15 00:00:00+00:00,27.301188,0.1,0.26139587,West Kalimantan
2024-07-16 00:00:00+00:00,27.6465,0.175,0.25799996,West Kalimantan
2024-07-17 00:00:00+00:00,27.775146,1.7749999,0.25478125,West Kalimantan
2024-07-18 00:00:00+00:00,27.163687,0.75,0.25191674,West Kalimantan
2024-07-19 00:00:00+00:00,27.685562,0.325,0.2491458,West Kalimantan
2024-07-20 00:00:00+00:00,28.000668,0.05,0.24590623,West Kalimantan
2024-07-21 00:00:00+00:00,28.069937,0.125,0.24269791,West Kalimantan
2024-07-22 00:00:00+00:00,27.898062,0.025,0.24003124,West Kalimantan
2024-07-23 00:00:00+00:00,27.817333,0.05,0.23638538,West Kalimantan
2024-07-24 00:00:00+00:00,27.62723,0.15,0.23237501,West Kalimantan
2024-07-25 00:00:00+00:00,27.84754,0.05,0.22889581,West Kalimantan
2024-07-26 00:00:00+00:00,28.3965,0.0,0.22514585,West Kalimantan
2024-07-27 00:00:00+00:00,28.609001,0.22500001,0.2218333,West Kalimantan
2024-07-28 00:00:00+00:00,28.567856,0.025,0.21887498,West Kalimantan
2024-07-29 00:00:00+00:00,28.429314,0.65000004,0.21595834,West Kalimantan
2024-07-30 00:00:00+00:00,26.003273,7.0,0.21451038,West Kalimantan
2024-07-31 00:00:00+00:00,27.069418,1.075,0.21203123,West Kalimantan
2024-08-01 00:00:00+00:00,26.25275,13.175001,0.20773958,West Kalimantan
2024-08-02 00:00:00+00:00,24.241812,5.7999997,0.20547912,West Kalimantan
2024-08-03 00:00:00+00:00,26.326189,0.625,0.20466664,West Kalimantan
2024-08-04 00:00:00+00:00,26.761604,5.425,0.20359376,West Kalimantan
2024-08-05 00:00:00+00:00,26.76421,0.375,0.20158336,West Kalimantan
2024-08-06 00:00:00+00:00,26.628271,3.6000001,0.1996354,West Kalimantan
2024-08-07 00:00:00+00:00,24.448063,19.900002,0.19826038,West Kalimantan
2024-08-08 00:00:00+00:00,25.916813,6.4,0.19740625,West Kalimantan
2024-08-09 00:00:00+00:00,26.749624,2.9,0.1965729,West Kalimantan
2024-08-10 00:00:00+00:00,26.949625,9.125001,0.19616666,West Kalimantan
2024-08-11 00:00:00+00:00,25.136084,21.125,0.19650003,West Kalimantan
2024-08-12 00:00:00+00:00,26.44077,1.7,0.19683334,West Kalimantan
2024-08-13 00:00:00+00:00,26.915773,3.6249995,0.19635418,West Kalimantan
2024-08-14 00:00:00+00:00,25.843374,11.775001,0.19562496,West Kalimantan
2024-08-15 00:00:00+00:00,25.481396,12.3,0.19576043,West Kalimantan
2024-08-16 00:00:00+00:00,24.814209,12.850001,0.19930209,West Kalimantan
2024-08-17 00:00:00+00:00,26.436604,5.225,0.20002085,West Kalimantan
2024-08-18 00:00:00+00:00,25.68452,12.275001,0.20066671,West Kalimantan
2024-08-19 00:00:00+00:00,25.768896,8.375001,0.20215628,West Kalimantan
2024-08-20 00:00:00+00:00,25.439209,18.900002,0.20426038,West Kalimantan
2024-08-21 00:00:00+00:00,24.534,35.675,0.21563542,West Kalimantan
2024-08-22 00:00:00+00:00,23.99754,16.1,0.231,West Kalimantan
2024-08-23 00:00:00+00:00,25.131918,15.025001,0.24120833,West Kalimantan
2024-08-24 00:00:00+00:00,25.00275,33.825,0.25016668,West Kalimantan
2024-08-25 00:00:00+00:00,25.192854,10.525,0.27527082,West Kalimantan
2024-08-26 00:00:00+00:00,25.640251,16.250002,0.28183335,West Kalimantan
2024-08-27 00:00:00+00:00,25.388687,17.000002,0.2870938,West Kalimantan
2024-08-28 00:00:00+00:00,24.388166,43.149998,0.30984372,West Kalimantan
2024-08-29 00:00:00+00:00,25.274105,5.175,0.32609373,West Kalimantan
2024-08-30 00:00:00+00:00,26.364208,3.6000001,0.3278333,West Kalimantan
2024-08-31 00:00:00+00:00,26.780876,7.25,0.32702085,West Kalimantan
2024-09-01 00:00:00+00:00,26.734001,2.675,0.32618752,West Kalimantan
2024-09-02 00:00:00+00:00,27.694939,0.75000006,0.32425004,West Kalimantan
2024-09-03 00:00:00+00:00,27.07723,5.45,0.32080206,West Kalimantan
2024-09-04 00:00:00+00:00,26.348583,3.3,0.31703126,West Kalimantan
2024-09-05 00:00:00+00:00,26.505873,3.55,0.3153646,West Kalimantan
2024-09-06 00:00:00+00:00,27.824104,1.1,0.3142604,West Kalimantan
2024-09-07 00:00:00+00:00,27.705355,9.275001,0.31203127,West Kalimantan
2024-09-08 00:00:00+00:00,25.919937,19.349998,0.3104896,West Kalimantan
2024-09-09 00:00:00+00:00,24.245459,23.324997,0.31515628,West Kalimantan
2024-09-10 00:00:00+00:00,26.253794,7.2000003,0.31662497,West Kalimantan
2024-09-11 00:00:00+00:00,26.156918,1.9249998,0.31816667,West Kalimantan
2024-09-12 00:00:00+00:00,26.855356,1.825,0.317375,West Kalimantan
2024-09-13 00:00:00+00:00,26.893898,0.025,0.31514585,West Kalimantan
2024-09-14 00:00:00+00:00,26.730356,0.0,0.31221876,West Kalimantan
2024-09-15 00:00:00+00:00,26.88921,0.0,0.30951044,West Kalimantan
2024-09-16 00:00:00+00:00,27.361082,0.15,0.30658332,West Kalimantan
2024-09-17 00:00:00+00:00,27.702229,0.425,0.30290624,West Kalimantan
2024-09-18 00:00:00+00:00,26.089207,2.25,0.30109373,West Kalimantan
2024-09-19 00:00:00+00:00,27.70275,0.0,0.29912505,West Kalimantan
2024-09-20 00:00:00+00:00,28.572544,0.125,0.29647914,West Kalimantan
2024-09-21 00:00:00+00:00,28.4715,0.575,0.29264587,West Kalimantan
2024-09-22 00:00:00+00:00,27.279314,7.1000004,0.28888538,West Kalimantan
2024-09-23 00:00:00+00:00,25.580355,1.075,0.28901044,West Kalimantan
2024-09-24 00:00:00+00:00,27.523582,20.849998,0.2879375,West Kalimantan
2024-09-25 00:00:00+00:00,24.155354,15.825001,0.28825003,West Kalimantan
2024-09-26 00:00:00+00:00,26.409,4.85,0.28983334,West Kalimantan
2024-09-27 00:00:00+00:00,26.14129,6.925,0.29004166,West Kalimantan
2024-09-28 00:00:00+00:00,26.794937,18.2,0.29087502,West Kalimantan
2024-09-29 00:00:00+00:00,25.188168,15.775001,0.2983646,West Kalimantan
2024-09-30 00:00:00+00:00,25.48452,5.95,0.3107083,West Kalimantan
2024-10-01 00:00:00+00:00,25.916292,17.525002,0.31391668,West Kalimantan
2024-10-02 00:00:00+00:00,24.437126,6.75,0.32221875,West Kalimantan
2024-10-03 00:00:00+00:00,26.49077,10.2,0.32286462,West Kalimantan
2024-10-04 00:00:00+00:00,25.009003,19.2,0.33070835,West Kalimantan
2024-10-05 00:00:00+00:00,25.29025,18.624998,0.33645833,West Kalimantan
2024-10-06 00:00:00+00:00,25.397541,14.175001,0.33892706,West Kalimantan
2024-10-07 00:00:00+00:00,25.19598,14.525001,0.3417083,West Kalimantan
2024-10-08 00:00:00+00:00,26.65223,0.6,0.34471875,West Kalimantan
2024-10-09 00:00:00+00:00,26.392853,6.6000004,0.34213543,West Kalimantan
2024-10-10 00:00:00+00:00,26.20171,12.525,0.34061462,West Kalimantan
2024-10-11 00:00:00+00:00,25.19025,9.950001,0.3445937,West Kalimantan
2024-10-12 00:00:00+00:00,26.742855,12.225,0.3473959,West Kalimantan
2024-10-13 00:00:00+00:00,25.590773,17.925001,0.34672916,West Kalimantan
2024-10-14 00:00:00+00:00,25.688168,18.0,0.34661457,West Kalimantan
2024-10-15 00:00:00+00:00,25.301708,29.45,0.35157287,West Kalimantan
2024-10-16 00:00:00+00:00,25.442333,28.325,0.35704163,West Kalimantan
2024-10-17 00:00:00+00:00,24.989729,5.825,0.36081252,West Kalimantan
2024-10-18 00:00:00+00:00,26.994938,2.4,0.3570208,West Kalimantan
2024-10-19 00:00:00+00:00,26.015772,0.85,0.35215625,West Kalimantan
2024-10-20 00:00:00+00:00,25.634,14.174999,0.34738547,West Kalimantan
2024-10-21 00:00:00+00:00,26.031399,0.025,0.34407288,West Kalimantan
2024-10-22 00:00:00+00:00,27.472025,0.05,0.33963546,West Kalimantan
2024-10-23 00:00:00+00:00,28.003794,0.1,0.3352604,West Kalimantan
2024-10-24 00:00:00+00:00,27.697021,0.45000002,0.33073956,West Kalimantan
2024-10-25 00:00:00+00:00,27.499105,0.375,0.32622918,West Kalimantan
2024-10-26 00:00:00+00:00,27.440771,0.22500001,0.3216563,West Kalimantan
2024-10-27 00:00:00+00:00,27.919937,0.125,0.31671876,West Kalimantan
2024-10-28 00:00:00+00:00,28.314209,3.6,0.31172916,West Kalimantan
2024-10-29 00:00:00+00:00,27.687647,0.65,0.30736458,West Kalimantan
2024-10-30 00:00:00+00:00,27.360043,9.25,0.30351043,West Kalimantan
2024-10-31 00:00:00+00:00,25.421501,5.9249997,0.30006248,West Kalimantan
2024-11-01 00:00:00+00:00,26.480873,12.375001,0.29657292,West Kalimantan
2024-11-02 00:00:00+00:00,26.73296,8.55,0.2925312,West Kalimantan
2024-11-03 00:00:00+00:00,25.756397,14.25,0.2894583,West Kalimantan
2024-11-04 00:00:00+00:00,26.158998,5.0249996,0.2872396,West Kalimantan
2024-11-05 00:00:00+00:00,26.344418,27.175,0.28528124,West Kalimantan
2024-11-06 00:00:00+00:00,25.004313,8.299999,0.29001042,West Kalimantan
2024-11-07 00:00:00+00:00,25.050667,20.425,0.29958332,West Kalimantan
2024-11-08 00:00:00+00:00,26.186085,8.65,0.31051046,West Kalimantan
2024-11-09 00:00:00+00:00,25.928793,4.375,0.31378126,West Kalimantan
2024-11-10 00:00:00+00:00,26.251188,20.725,0.31807292,West Kalimantan
2024-11-11 00:00:00+00:00,25.4965,5.6,0.32628125,West Kalimantan
2024-11-12 00:00:00+00:00,26.577751,5.825,0.30064583,West Kalimantan
2024-11-13 00:00:00+00:00,25.97827,13.725,0.27055207,West Kalimantan
2024-11-14 00:00:00+00:00,26.12775,27.375,0.27425003,West Kalimantan
2024-11-15 00:00:00+00:00,25.475668,11.35,0.2799271,West Kalimantan
2024-11-16 00:00:00+00:00,26.009,16.849998,0.2811875,West Kalimantan
2024-11-17 00:00:00+00:00,26.187126,13.325001,0.2859375,West Kalimantan
2024-11-18 00:00:00+00:00,25.562126,27.025002,0.29022914,West Kalimantan
2024-11-19 00:00:00+00:00,25.418896,37.9,0.3036146,West Kalimantan
2024-11-20 00:00:00+00:00,25.165253,13.35,0.32782292,West Kalimantan
2024-11-21 00:00:00+00:00,25.90223,9.800001,0.3304479,West Kalimantan
2024-11-22 00:00:00+00:00,25.417854,11.7,0.33416665,West Kalimantan
2024-11-23 00:00:00+00:00,25.86369,24.825,0.34082294,West Kalimantan
2024-11-24 00:00:00+00:00,25.7965,15.95,0.3493958,West Kalimantan
2024-11-25 00:00:00+00:00,25.641293,15.475,0.35403126,West Kalimantan
2024-11-26 00:00:00+00:00,26.218895,33.875,0.35434374,West Kalimantan
2024-11-27 00:00:00+00:00,25.851189,11.1,0.34750006,West Kalimantan
2024-11-28 00:00:00+00:00,25.869938,13.75,0.34528127,West Kalimantan
2024-11-29 00:00:00+00:00,25.577751,27.800001,0.34795833,West Kalimantan
2024-11-30 00:00:00+00:00,25.24702,7.025,0.34829164,West Kalimantan
2024-12-01 00:00:00+00:00,25.987644,23.875,0.35037497,West Kalimantan
2024-12-02 00:00:00+00:00,26.20379,7.9,0.3536042,West Kalimantan
2024-12-03 00:00:00+00:00,25.274105,24.775002,0.35208338,West Kalimantan
2024-12-04 00:00:00+00:00,25.90275,8.474999,0.35152087,West Kalimantan
2024-12-05 00:00:00+00:00,25.460564,12.549999,0.3497604,West Kalimantan
2024-12-06 00:00:00+00:00,26.551186,0.8,0.34904167,West Kalimantan
2024-12-07 00:00:00+00:00,27.095978,3.6750002,0.34411463,West Kalimantan
2024-12-08 00:00:00+00:00,26.624104,16.0,0.33706248,West Kalimantan
2024-12-09 00:00:00+00:00,26.264208,18.1,0.33409375,West Kalimantan
2024-12-10 00:00:00+00:00,25.641813,20.375002,0.33499998,West Kalimantan
2024-12-11 00:00:00+00:00,25.835562,10.625,0.33670837,West Kalimantan
2024-12-12 00:00:00+00:00,25.563168,27.700003,0.34511456,West Kalimantan
2024-12-13 00:00:00+00:00,26.051708,4.6250005,0.35532287,West Kalimantan
2024-12-14 00:00:00+00:00,27.110563,0.79999995,0.35384375,West Kalimantan
2024-12-15 00:00:00+00:00,27.551708,6.2000003,0.34803128,West Kalimantan
2024-12-16 00:00:00+00:00,26.46317,11.000001,0.34186462,West Kalimantan
2024-12-17 00:00:00+00:00,25.710041,19.275002,0.3381458,West Kalimantan
2024-12-18 00:00:00+00:00,25.367853,21.025,0.3384375,West Kalimantan
2024-12-19 00:00:00+00:00,25.161604,15.800001,0.34259373,West Kalimantan
2024-12-20 00:00:00+00:00,25.418377,9.275,0.3461771,West Kalimantan
2024-12-21 00:00:00+00:00,25.7965,5.9000006,0.34751046,West Kalimantan
2024-12-22 00:00:00+00:00,25.759,14.050001,0.34561464,West Kalimantan
2024-12-23 00:00:00+00:00,26.97723,4.675,0.34114587,West Kalimantan
2024-12-24 00:00:00+00:00,25.733479,8.550001,0.33646876,West Kalimantan
2024-12-25 00:00:00+00:00,26.895979,3.35,0.33349997,West Kalimantan
2024-12-26 00:00:00+00:00,26.204315,17.9,0.32960418,West Kalimantan
2024-12-27 00:00:00+00:00,26.149626,2.575,0.32886457,West Kalimantan
2024-12-28 00:00:00+00:00,26.508478,5.85,0.32657292,West Kalimantan
2024-12-29 00:00:00+00:00,26.712126,5.8,0.32378122,West Kalimantan
2024-12-30 00:00:00+00:00,26.485561,7.5,0.32001045,West Kalimantan
2024-12-31 00:00:00+00:00,25.920979,7.5750003,0.31867713,West Kalimantan
2021-01-01 00:00:00+00:00,24.861944,31.6,0.41423607,Jambi
2021-01-02 00:00:00+00:00,24.393888,6.233333,0.42370835,Jambi
2021-01-03 00:00:00+00:00,25.865417,8.1,0.4242917,Jambi
2021-01-04 00:00:00+00:00,25.666807,0.6333334,0.4260694,Jambi
2021-01-05 00:00:00+00:00,26.839722,4.3666663,0.42504168,Jambi
2021-01-06 00:00:00+00:00,26.184166,6.6333337,0.42299998,Jambi
2021-01-07 00:00:00+00:00,25.877916,0.033333335,0.42127785,Jambi
2021-01-08 00:00:00+00:00,25.761251,10.633333,0.41962504,Jambi
2021-01-09 00:00:00+00:00,24.53972,14.933334,0.42769447,Jambi
2021-01-10 00:00:00+00:00,24.225138,6.1,0.43256947,Jambi
2021-01-11 00:00:00+00:00,25.165415,16.933332,0.4350834,Jambi
2021-01-12 00:00:00+00:00,23.809168,33.266663,0.45373616,Jambi
2021-01-13 00:00:00+00:00,23.784166,19.7,0.46993053,Jambi
2021-01-14 00:00:00+00:00,24.110558,5.633333,0.4755694,Jambi
2021-01-15 00:00:00+00:00,25.980001,0.90000004,0.47476387,Jambi
2021-01-16 00:00:00+00:00,26.411943,4.8333335,0.47152773,Jambi
2021-01-17 00:00:00+00:00,25.187637,19.366667,0.46995834,Jambi
2021-01-18 00:00:00+00:00,24.526527,4.6,0.47911116,Jambi
2021-01-19 00:00:00+00:00,25.486946,0.43333337,0.47540274,Jambi
2021-01-20 00:00:00+00:00,26.018888,0.50000006,0.47105566,Jambi
2021-01-21 00:00:00+00:00,26.216806,1.0333334,0.46643054,Jambi
2021-01-22 00:00:00+00:00,26.178612,1.1666666,0.46219444,Jambi
2021-01-23 00:00:00+00:00,25.587637,11.766667,0.45923615,Jambi
2021-01-24 00:00:00+00:00,25.798056,8.266667,0.45624995,Jambi
2021-01-25 00:00:00+00:00,25.332777,15.866666,0.45375004,Jambi
2021-01-26 00:00:00+00:00,24.885557,8.7,0.4602361,Jambi
2021-01-27 00:00:00+00:00,25.80014,2.033333,0.46211115,Jambi
2021-01-28 00:00:00+00:00,24.593887,9.233334,0.46023616,Jambi
2021-01-29 00:00:00+00:00,25.17861,0.9666667,0.4581667,Jambi
2021-01-30 00:00:00+00:00,24.830694,14.366666,0.4561944,Jambi
2021-01-31 00:00:00+00:00,25.526527,1.1666666,0.45480558,Jambi
2021-02-01 00:00:00+00:00,25.75083,11.133334,0.45405555,Jambi
2021-02-02 00:00:00+00:00,25.689026,7.0666676,0.45458332,Jambi
2021-02-03 00:00:00+00:00,25.84736,1.5666666,0.45272228,Jambi
2021-02-04 00:00:00+00:00,25.836248,1.4666667,0.44863883,Jambi
2021-02-05 00:00:00+00:00,26.381392,0.6,0.4443334,Jambi
2021-02-06 00:00:00+00:00,26.525139,2.0,0.44041672,Jambi
2021-02-07 00:00:00+00:00,26.593193,3.0,0.43641663,Jambi
2021-02-08 00:00:00+00:00,26.686249,3.5666668,0.4332639,Jambi
2021-02-09 00:00:00+00:00,27.007082,2.0,0.42983332,Jambi
2021-02-10 00:00:00+00:00,26.71403,11.766666,0.42562497,Jambi
2021-02-11 00:00:00+00:00,25.833471,17.699999,0.42361116,Jambi
2021-02-12 00:00:00+00:00,25.668192,10.599999,0.42401388,Jambi
2021-02-13 00:00:00+00:00,26.16125,6.7666664,0.4235417,Jambi
2021-02-14 00:00:00+00:00,25.652222,12.5,0.4258889,Jambi
2021-02-15 00:00:00+00:00,25.914024,8.266666,0.42654157,Jambi
2021-02-16 00:00:00+00:00,25.923056,3.1333332,0.4261389,Jambi
2021-02-17 00:00:00+00:00,26.037638,4.5333333,0.42416668,Jambi
2021-02-18 00:00:00+00:00,25.158472,3.0,0.42548606,Jambi
2021-02-19 00:00:00+00:00,25.80986,1.5,0.4275,Jambi
2021-02-20 00:00:00+00:00,25.70014,2.3666666,0.4262917,Jambi
2021-02-21 00:00:00+00:00,25.944586,4.2999997,0.42397216,Jambi
2021-02-22 00:00:00+00:00,26.091805,5.633333,0.42138895,Jambi
2021-02-23 00:00:00+00:00,25.789026,6.566667,0.41933334,Jambi
2021-02-24 00:00:00+00:00,25.987635,7.8000007,0.417125,Jambi
2021-02-25 00:00:00+00:00,26.711945,3.533333,0.4142222,Jambi
2021-02-26 00:00:00+00:00,26.700834,1.2666668,0.41181943,Jambi
2021-02-27 00:00:00+00:00,27.58625,0.36666667,0.40995827,Jambi
2021-02-28 00:00:00+00:00,26.53625,6.633333,0.40709725,Jambi
2021-03-01 00:00:00+00:00,26.466806,9.3,0.4045,Jambi
2021-03-02 00:00:00+00:00,26.038332,13.700001,0.4023055,Jambi
2021-03-03 00:00:00+00:00,26.264029,6.166666,0.40031946,Jambi
2021-03-04 00:00:00+00:00,26.865416,5.0,0.39818057,Jambi
2021-03-05 00:00:00+00:00,26.177916,9.866668,0.39702773,Jambi
2021-03-06 00:00:00+00:00,25.603613,34.100002,0.39941666,Jambi
2021-03-07 00:00:00+00:00,24.057083,18.133331,0.42441663,Jambi
2021-03-08 00:00:00+00:00,26.46889,0.033333335,0.42919445,Jambi
2021-03-09 00:00:00+00:00,25.989721,2.7333333,0.4290694,Jambi
2021-03-10 00:00:00+00:00,26.641111,3.3,0.42698613,Jambi
2021-03-11 00:00:00+00:00,26.58486,17.6,0.42493057,Jambi
2021-03-12 00:00:00+00:00,25.400833,18.066668,0.43016663,Jambi
2021-03-13 00:00:00+00:00,25.756392,15.566667,0.43252778,Jambi
2021-03-14 00:00:00+00:00,25.449442,10.266667,0.43758333,Jambi
2021-03-15 00:00:00+00:00,25.18764,14.133334,0.43887496,Jambi
2021-03-16 00:00:00+00:00,25.52236,21.566668,0.44234726,Jambi
2021-03-17 00:00:00+00:00,25.796667,17.233334,0.44488883,Jambi
2021-03-18 00:00:00+00:00,25.943888,12.866666,0.44705558,Jambi
2021-03-19 00:00:00+00:00,26.188334,12.299999,0.44847217,Jambi
2021-03-20 00:00:00+00:00,25.688332,16.5,0.4493473,Jambi
2021-03-21 00:00:00+00:00,25.932777,22.699999,0.45154163,Jambi
2021-03-22 00:00:00+00:00,25.674444,14.133334,0.4594306,Jambi
2021-03-23 00:00:00+00:00,26.03486,17.666666,0.46261108,Jambi
2021-03-24 00:00:00+00:00,25.92861,10.7,0.46404162,Jambi
2021-03-25 00:00:00+00:00,25.912638,2.3,0.45963892,Jambi
2021-03-26 00:00:00+00:00,26.690416,15.0,0.45465282,Jambi
2021-03-27 00:00:00+00:00,25.626526,11.066667,0.45275,Jambi
2021-03-28 00:00:00+00:00,26.564026,21.533333,0.45091668,Jambi
2021-03-29 00:00:00+00:00,26.116112,6.2000003,0.45384717,Jambi
2021-03-30 00:00:00+00:00,26.85639,9.900001,0.45250002,Jambi
2021-03-31 00:00:00+00:00,27.100832,0.56666666,0.4504445,Jambi
2021-04-01 00:00:00+00:00,26.32097,0.0,0.44665277,Jambi
2021-04-02 00:00:00+00:00,27.734167,1.3666667,0.4426805,Jambi
2021-04-03 00:00:00+00:00,27.177917,3.6666667,0.4395,Jambi
2021-04-04 00:00:00+00:00,27.542501,0.033333335,0.43588898,Jambi
2021-04-05 00:00:00+00:00,27.440416,6.766667,0.4321111,Jambi
2021-04-06 00:00:00+00:00,26.85292,14.600001,0.43018058,Jambi
2021-04-07 00:00:00+00:00,27.034164,6.466667,0.42923614,Jambi
2021-04-08 00:00:00+00:00,26.218193,6.433333,0.42787504,Jambi
2021-04-09 00:00:00+00:00,26.451529,19.7,0.42729163,Jambi
2021-04-10 00:00:00+00:00,26.221664,3.8333333,0.4252639,Jambi
2021-04-11 00:00:00+00:00,26.53625,14.833333,0.42366663,Jambi
2021-04-12 00:00:00+00:00,26.31264,3.7666667,0.42255554,Jambi
2021-04-13 00:00:00+00:00,26.011248,27.166666,0.42269444,Jambi
2021-04-14 00:00:00+00:00,25.520971,1.9666666,0.4265695,Jambi
2021-04-15 00:00:00+00:00,26.10222,13.366669,0.42920837,Jambi
2021-04-16 00:00:00+00:00,26.282776,9.633334,0.4309028,Jambi
2021-04-17 00:00:00+00:00,24.334166,14.766669,0.44277778,Jambi
2021-04-18 00:00:00+00:00,26.5675,0.86666673,0.4450972,Jambi
2021-04-19 00:00:00+00:00,26.532776,12.633334,0.44380555,Jambi
2021-04-20 00:00:00+00:00,25.582083,3.0,0.44361115,Jambi
2021-04-21 00:00:00+00:00,26.893885,17.466667,0.442875,Jambi
2021-04-22 00:00:00+00:00,25.651527,14.566667,0.45252785,Jambi
2021-04-23 00:00:00+00:00,26.491114,3.8333333,0.45829168,Jambi
2021-04-24 00:00:00+00:00,26.150139,4.833333,0.45670834,Jambi
2021-04-25 00:00:00+00:00,26.733473,10.766666,0.45281944,Jambi
2021-04-26 00:00:00+00:00,26.22167,9.8,0.44974998,Jambi
2021-04-27 00:00:00+00:00,26.318888,11.733333,0.447611,Jambi
2021-04-28 00:00:00+00:00,26.611246,5.6666665,0.44704163,Jambi
2021-04-29 00:00:00+00:00,26.012636,13.533333,0.44670835,Jambi
2021-04-30 00:00:00+00:00,25.372362,4.9333334,0.44993064,Jambi
2021-05-01 00:00:00+00:00,26.529305,3.8333333,0.44915283,Jambi
2021-05-02 00:00:00+00:00,25.939722,5.4999995,0.44766665,Jambi
2021-05-03 00:00:00+00:00,26.384165,6.8999996,0.44602785,Jambi
2021-05-04 00:00:00+00:00,26.29111,11.266667,0.44569445,Jambi
2021-05-05 00:00:00+00:00,26.282084,10.833333,0.44752777,Jambi
2021-05-06 00:00:00+00:00,26.105696,9.566667,0.44890282,Jambi
2021-05-07 00:00:00+00:00,26.279999,4.566667,0.44954166,Jambi
2021-05-08 00:00:00+00:00,26.587639,13.833333,0.44850007,Jambi
2021-05-09 00:00:00+00:00,26.824446,10.400001,0.44686115,Jambi
2021-05-10 00:00:00+00:00,27.23139,10.566667,0.44413888,Jambi
2021-05-11 00:00:00+00:00,26.443892,13.433333,0.44277772,Jambi
2021-05-12 00:00:00+00:00,26.304304,10.266667,0.44495836,Jambi
2021-05-13 00:00:00+00:00,26.257776,12.466666,0.44709727,Jambi
2021-05-14 00:00:00+00:00,26.816803,13.166667,0.4486111,Jambi
2021-05-15 00:00:00+00:00,26.765417,6.6333337,0.45377776,Jambi
2021-05-16 00:00:00+00:00,26.57097,19.833334,0.45688888,Jambi
2021-05-17 00:00:00+00:00,26.018888,32.4,0.46731946,Jambi
2021-05-18 00:00:00+00:00,25.326525,4.6666665,0.4800973,Jambi
2021-05-19 00:00:00+00:00,26.968887,1.0000001,0.47572222,Jambi
2021-05-20 00:00:00+00:00,26.99736,4.0000005,0.46986112,Jambi
2021-05-21 00:00:00+00:00,26.764723,20.1,0.46437505,Jambi
2021-05-22 00:00:00+00:00,25.33486,2.5666668,0.46087503,Jambi
2021-05-23 00:00:00+00:00,26.976526,0.13333334,0.4579722,Jambi
2021-05-24 00:00:00+00:00,27.795279,4.766667,0.45493057,Jambi
2021-05-25 00:00:00+00:00,26.921667,5.566666,0.45241666,Jambi
2021-05-26 00:00:00+00:00,27.28347,3.8999999,0.44930553,Jambi
2021-05-27 00:00:00+00:00,26.802221,8.466666,0.44625005,Jambi
2021-05-28 00:00:00+00:00,26.248053,8.5,0.44398618,Jambi
2021-05-29 00:00:00+00:00,26.364029,6.5333343,0.44430563,Jambi
2021-05-30 00:00:00+00:00,27.108469,4.5333333,0.44340268,Jambi
2021-05-31 00:00:00+00:00,27.29458,6.5333333,0.44080558,Jambi
2021-06-01 00:00:00+00:00,27.007082,8.7,0.4390417,Jambi
2021-06-02 00:00:00+00:00,27.101526,10.299999,0.43656948,Jambi
2021-06-03 00:00:00+00:00,27.66125,5.0,0.43340275,Jambi
2021-06-04 00:00:00+00:00,26.724447,7.6000004,0.4307778,Jambi
2021-06-05 00:00:00+00:00,27.31611,1.8666667,0.42827773,Jambi
2021-06-06 00:00:00+00:00,26.948751,1.7000002,0.42554173,Jambi
2021-06-07 00:00:00+00:00,27.520971,2.4666665,0.42258334,Jambi
2021-06-08 00:00:00+00:00,27.368887,3.5999997,0.41868052,Jambi
2021-06-09 00:00:00+00:00,27.162638,3.0,0.41524994,Jambi
2021-06-10 00:00:00+00:00,26.32583,10.900001,0.41247225,Jambi
2021-06-11 00:00:00+00:00,25.95083,3.3666668,0.4101111,Jambi
2021-06-12 00:00:00+00:00,26.498749,13.5666685,0.40695834,Jambi
2021-06-13 00:00:00+00:00,26.45639,2.5999997,0.4036528,Jambi
2021-06-14 00:00:00+00:00,25.91125,7.933333,0.4020833,Jambi
2021-06-15 00:00:00+00:00,25.725836,15.766667,0.40223613,Jambi
2021-06-16 00:00:00+00:00,26.210556,2.2,0.40393057,Jambi
2021-06-17 00:00:00+00:00,26.111944,17.800001,0.40655556,Jambi
2021-06-18 00:00:00+00:00,25.966805,5.266667,0.40965283,Jambi
2021-06-19 00:00:00+00:00,26.479307,2.5666666,0.41036114,Jambi
2021-06-20 00:00:00+00:00,26.784166,4.5,0.40869442,Jambi
2021-06-21 00:00:00+00:00,27.011248,3.2666664,0.40615284,Jambi
2021-06-22 00:00:00+00:00,26.245972,5.866667,0.40397227,Jambi
2021-06-23 00:00:00+00:00,26.093195,2.0333333,0.40333334,Jambi
2021-06-24 00:00:00+00:00,25.987638,4.966667,0.40323612,Jambi
2021-06-25 00:00:00+00:00,26.033472,8.933333,0.40283334,Jambi
2021-06-26 00:00:00+00:00,25.678612,7.066667,0.40422216,Jambi
2021-06-27 00:00:00+00:00,26.349443,6.2333336,0.40506947,Jambi
2021-06-28 00:00:00+00:00,25.819586,7.6666665,0.40476385,Jambi
2021-06-29 00:00:00+00:00,25.343195,24.433332,0.40937504,Jambi
2021-06-30 00:00:00+00:00,26.393194,0.2,0.41859722,Jambi
2021-07-01 00:00:00+00:00,26.052917,0.43333337,0.4200139,Jambi
2021-07-02 00:00:00+00:00,26.507086,0.4,0.41908327,Jambi
2021-07-03 00:00:00+00:00,26.428614,6.2333336,0.41693053,Jambi
2021-07-04 00:00:00+00:00,26.34597,4.8333335,0.41493058,Jambi
2021-07-05 00:00:00+00:00,26.148058,2.9333334,0.41373613,Jambi
2021-07-06 00:00:00+00:00,26.234858,10.733333,0.41195825,Jambi
2021-07-07 00:00:00+00:00,26.570974,1.2666668,0.409875,Jambi
2021-07-08 00:00:00+00:00,26.330694,5.6666665,0.4082918,Jambi
2021-07-09 00:00:00+00:00,26.560555,15.466667,0.4063612,Jambi
2021-07-10 00:00:00+00:00,25.429304,13.3,0.4057083,Jambi
2021-07-11 00:00:00+00:00,25.36125,11.200001,0.41441664,Jambi
2021-07-12 00:00:00+00:00,25.841806,16.333332,0.42058334,Jambi
2021-07-13 00:00:00+00:00,23.90361,12.466667,0.4447639,Jambi
2021-07-14 00:00:00+00:00,24.302912,0.0,0.44881943,Jambi
2021-07-15 00:00:00+00:00,26.661942,0.0,0.44744444,Jambi
2021-07-16 00:00:00+00:00,26.752914,1.5666667,0.44509724,Jambi
2021-07-17 00:00:00+00:00,26.598053,0.8666666,0.44206944,Jambi
2021-07-18 00:00:00+00:00,27.189722,1.7666668,0.43872222,Jambi
2021-07-19 00:00:00+00:00,26.695276,11.366666,0.43491665,Jambi
2021-07-20 00:00:00+00:00,26.539724,2.9666665,0.4333472,Jambi
2021-07-21 00:00:00+00:00,27.068888,0.06666667,0.43273616,Jambi
2021-07-22 00:00:00+00:00,26.901525,1.1999999,0.4299722,Jambi
2021-07-23 00:00:00+00:00,26.663332,14.533334,0.42691663,Jambi
2021-07-24 00:00:00+00:00,26.514029,0.8,0.42433333,Jambi
2021-07-25 00:00:00+00:00,27.161943,0.8333333,0.42129168,Jambi
2021-07-26 00:00:00+00:00,26.801529,0.0,0.41880557,Jambi
2021-07-27 00:00:00+00:00,26.19111,0.0,0.41530553,Jambi
2021-07-28 00:00:00+00:00,26.354998,0.0,0.4126666,Jambi
2021-07-29 00:00:00+00:00,27.436949,0.0,0.40905556,Jambi
2021-07-30 00:00:00+00:00,27.402916,0.7,0.4046528,Jambi
2021-07-31 00:00:00+00:00,27.400833,0.73333335,0.4006667,Jambi
2021-08-01 00:00:00+00:00,26.455696,8.0,0.39638892,Jambi
2021-08-02 00:00:00+00:00,26.448751,8.966666,0.39259723,Jambi
2021-08-03 00:00:00+00:00,26.410555,4.933334,0.38944444,Jambi
2021-08-04 00:00:00+00:00,25.738333,15.599999,0.38799998,Jambi
2021-08-05 00:00:00+00:00,26.91403,0.53333336,0.38625002,Jambi
2021-08-06 00:00:00+00:00,27.248056,0.8333333,0.38316667,Jambi
2021-08-07 00:00:00+00:00,26.68278,15.733333,0.37954172,Jambi
2021-08-08 00:00:00+00:00,26.205,8.766666,0.37755552,Jambi
2021-08-09 00:00:00+00:00,25.77861,13.7,0.37948605,Jambi
2021-08-10 00:00:00+00:00,26.039026,8.433333,0.38195834,Jambi
2021-08-11 00:00:00+00:00,26.850136,4.2999997,0.384375,Jambi
2021-08-12 00:00:00+00:00,26.807777,0.06666667,0.38429165,Jambi
2021-08-13 00:00:00+00:00,26.700834,4.366667,0.38283333,Jambi
2021-08-14 00:00:00+00:00,26.22375,2.3999999,0.38125,Jambi
2021-08-15 00:00:00+00:00,25.430695,27.066666,0.38097224,Jambi
2021-08-16 00:00:00+00:00,25.412638,12.0,0.38212502,Jambi
2021-08-17 00:00:00+00:00,25.157084,10.033334,0.38677776,Jambi
2021-08-18 00:00:00+00:00,25.091806,8.066667,0.39231944,Jambi
2021-08-19 00:00:00+00:00,25.824442,6.433333,0.3946806,Jambi
2021-08-20 00:00:00+00:00,24.415415,16.033335,0.39968058,Jambi
2021-08-21 00:00:00+00:00,25.07097,7.7666664,0.406,Jambi
2021-08-22 00:00:00+00:00,24.932777,15.533334,0.41437498,Jambi
2021-08-23 00:00:00+00:00,25.007082,13.299999,0.42402777,Jambi
2021-08-24 00:00:00+00:00,25.679998,8.2,0.43005562,Jambi
2021-08-25 00:00:00+00:00,25.611946,5.966667,0.43443057,Jambi
2021-08-26 00:00:00+00:00,26.371664,0.8,0.4345417,Jambi
2021-08-27 00:00:00+00:00,26.184166,0.3,0.4331667,Jambi
2021-08-28 00:00:00+00:00,26.299444,1.7666668,0.4318472,Jambi
2021-08-29 00:00:00+00:00,25.793192,2.5000002,0.43020836,Jambi
2021-08-30 00:00:00+00:00,25.323751,8.6,0.4290417,Jambi
2021-08-31 00:00:00+00:00,25.79875,13.5,0.4290695,Jambi
2021-09-01 00:00:00+00:00,24.873055,12.2,0.43306947,Jambi
2021-09-02 00:00:00+00:00,24.714722,3.9666665,0.4409305,Jambi
2021-09-03 00:00:00+00:00,26.438332,0.90000004,0.4433194,Jambi
2021-09-04 00:00:00+00:00,26.209862,3.0666666,0.44288895,Jambi
2021-09-05 00:00:00+00:00,25.531387,11.433334,0.442125,Jambi
2021-09-06 00:00:00+00:00,25.650139,6.433333,0.44570827,Jambi
2021-09-07 00:00:00+00:00,25.886946,9.2,0.44575,Jambi
2021-09-08 00:00:00+00:00,25.573751,2.2666667,0.44591665,Jambi
2021-09-09 00:00:00+00:00,26.892502,7.733333,0.44462505,Jambi
2021-09-10 00:00:00+00:00,25.941109,6.566666,0.44172207,Jambi
2021-09-11 00:00:00+00:00,27.276525,0.13333334,0.43872222,Jambi
2021-09-12 00:00:00+00:00,26.636942,27.0,0.43848613,Jambi
2021-09-13 00:00:00+00:00,24.920973,5.8333335,0.4511527,Jambi
2021-09-14 00:00:00+00:00,25.614023,0.26666668,0.45430562,Jambi
2021-09-15 00:00:00+00:00,26.725138,2.6666667,0.45318055,Jambi
2021-09-16 00:00:00+00:00,26.40222,6.933333,0.4519861,Jambi
2021-09-17 00:00:00+00:00,26.488333,3.3999999,0.4505972,Jambi
2021-09-18 00:00:00+00:00,25.898752,14.600001,0.44961116,Jambi
2021-09-19 00:00:00+00:00,26.831388,3.8333333,0.45140278,Jambi
2021-09-20 00:00:00+00:00,27.080698,4.1,0.4515973,Jambi
2021-09-21 00:00:00+00:00,26.321665,5.8333335,0.45095834,Jambi
2021-09-22 00:00:00+00:00,27.037636,6.566667,0.44959724,Jambi
2021-09-23 00:00:00+00:00,25.795969,10.633334,0.4526806,Jambi
2021-09-24 00:00:00+00:00,26.117502,20.46667,0.45515278,Jambi
2021-09-25 00:00:00+00:00,26.477915,10.266667,0.45665276,Jambi
2021-09-26 00:00:00+00:00,25.409164,16.133335,0.45874998,Jambi
2021-09-27 00:00:00+00:00,25.827223,7.0333333,0.4628055,Jambi
2021-09-28 00:00:00+00:00,26.120275,12.166668,0.46373618,Jambi
2021-09-29 00:00:00+00:00,26.071663,14.933333,0.46488884,Jambi
2021-09-30 00:00:00+00:00,25.89389,1.9666666,0.46520832,Jambi
2021-10-01 00:00:00+00:00,26.193888,0.8,0.4655,Jambi
2021-10-02 00:00:00+00:00,26.424444,0.33333334,0.46370828,Jambi
2021-10-03 00:00:00+00:00,27.275139,3.0,0.46091667,Jambi
2021-10-04 00:00:00+00:00,26.811945,7.1666665,0.45759717,Jambi
2021-10-05 00:00:00+00:00,26.984861,3.8333333,0.45376387,Jambi
2021-10-06 00:00:00+00:00,27.539026,3.4333334,0.45030558,Jambi
2021-10-07 00:00:00+00:00,26.539724,5.466667,0.44741663,Jambi
2021-10-08 00:00:00+00:00,27.583473,0.9333334,0.4458889,Jambi
2021-10-09 00:00:00+00:00,27.81333,2.5,0.44319448,Jambi
2021-10-10 00:00:00+00:00,26.657778,37.000004,0.44137493,Jambi
2021-10-11 00:00:00+00:00,27.350138,0.16666667,0.43595836,Jambi
2021-10-12 00:00:00+00:00,27.639723,10.966667,0.43401387,Jambi
2021-10-13 00:00:00+00:00,26.408472,3.7333333,0.4317083,Jambi
2021-10-14 00:00:00+00:00,27.138334,5.633333,0.427125,Jambi
2021-10-15 00:00:00+00:00,27.708471,6.8333335,0.42193058,Jambi
2021-10-16 00:00:00+00:00,27.275139,5.1666665,0.41775,Jambi
2021-10-17 00:00:00+00:00,25.307083,27.066668,0.41597214,Jambi
2021-10-18 00:00:00+00:00,25.37375,13.433334,0.42247224,Jambi
2021-10-19 00:00:00+00:00,26.665415,2.033333,0.42965272,Jambi
2021-10-20 00:00:00+00:00,25.72722,19.133333,0.43590274,Jambi
2021-10-21 00:00:00+00:00,26.030695,10.066667,0.44243062,Jambi
2021-10-22 00:00:00+00:00,26.18764,3.1333334,0.44145834,Jambi
2021-10-23 00:00:00+00:00,26.529999,10.5,0.4411389,Jambi
2021-10-24 00:00:00+00:00,25.94458,14.566667,0.44726387,Jambi
2021-10-25 00:00:00+00:00,26.41472,8.099999,0.4510139,Jambi
2021-10-26 00:00:00+00:00,26.730696,8.599999,0.44997224,Jambi
2021-10-27 00:00:00+00:00,26.72722,10.033334,0.45129165,Jambi
2021-10-28 00:00:00+00:00,26.443197,7.1666665,0.45533344,Jambi
2021-10-29 00:00:00+00:00,26.777916,3.0999997,0.45550004,Jambi
2021-10-30 00:00:00+00:00,25.643888,24.633333,0.4590139,Jambi
2021-10-31 00:00:00+00:00,25.935555,23.866667,0.4624722,Jambi
2021-11-01 00:00:00+00:00,25.292501,14.233335,0.46355557,Jambi
2021-11-02 00:00:00+00:00,25.868889,35.433334,0.464,Jambi
2021-11-03 00:00:00+00:00,25.907084,2.6000001,0.47845832,Jambi
2021-11-04 00:00:00+00:00,26.552223,20.533335,0.47647226,Jambi
2021-11-05 00:00:00+00:00,25.394585,11.733333,0.48154163,Jambi
2021-11-06 00:00:00+00:00,26.459167,2.7666664,0.48197222,Jambi
2021-11-07 00:00:00+00:00,26.236252,28.233332,0.48251382,Jambi
2021-11-08 00:00:00+00:00,26.860556,4.566667,0.4737083,Jambi
2021-11-09 00:00:00+00:00,26.960556,23.400002,0.47008333,Jambi
2021-11-10 00:00:00+00:00,24.039724,12.266667,0.4748195,Jambi
2021-11-11 00:00:00+00:00,25.865412,0.1,0.46933332,Jambi
2021-11-12 00:00:00+00:00,27.22722,4.7666664,0.46300003,Jambi
2021-11-13 00:00:00+00:00,26.582085,4.133333,0.45730558,Jambi
2021-11-14 00:00:00+00:00,26.589722,6.066666,0.45197225,Jambi
2021-11-15 00:00:00+00:00,26.587639,0.4,0.44734725,Jambi
2021-11-16 00:00:00+00:00,27.795275,0.26666668,0.44215274,Jambi
2021-11-17 00:00:00+00:00,27.116806,21.900002,0.43733332,Jambi
2021-11-18 00:00:00+00:00,26.074448,3.0666666,0.4435555,Jambi
2021-11-19 00:00:00+00:00,26.975138,2.0333333,0.44055557,Jambi
2021-11-20 00:00:00+00:00,26.182083,0.13333334,0.4370416,Jambi
2021-11-21 00:00:00+00:00,26.714722,10.133333,0.43318057,Jambi
2021-11-22 00:00:00+00:00,27.339027,5.6,0.4314722,Jambi
2021-11-23 00:00:00+00:00,27.095276,2.9666665,0.43201396,Jambi
2021-11-24 00:00:00+00:00,26.476526,3.2666667,0.43258333,Jambi
2021-11-25 00:00:00+00:00,27.684166,0.76666665,0.4316667,Jambi
2021-11-26 00:00:00+00:00,27.230692,9.333333,0.42887506,Jambi
2021-11-27 00:00:00+00:00,26.36403,6.1666665,0.42429164,Jambi
2021-11-28 00:00:00+00:00,26.968887,1.0333332,0.41991675,Jambi
2021-11-29 00:00:00+00:00,27.458471,0.0,0.41658333,Jambi
2021-11-30 00:00:00+00:00,27.832779,0.0,0.4116111,Jambi
2021-12-01 00:00:00+00:00,28.159859,7.0333333,0.4063333,Jambi
2021-12-02 00:00:00+00:00,27.480001,2.8333333,0.39944455,Jambi
2021-12-03 00:00:00+00:00,27.474443,0.6666667,0.3945,Jambi
2021-12-04 00:00:00+00:00,26.443888,14.366668,0.39148608,Jambi
2021-12-05 00:00:00+00:00,25.263334,6.066667,0.39000002,Jambi
2021-12-06 00:00:00+00:00,26.357779,7.4,0.3882083,Jambi
2021-12-07 00:00:00+00:00,26.239723,9.933333,0.38547218,Jambi
2021-12-08 00:00:00+00:00,25.980696,13.033333,0.38372222,Jambi
2021-12-09 00:00:00+00:00,25.571669,18.96667,0.38633335,Jambi
2021-12-10 00:00:00+00:00,25.38833,12.833332,0.38930556,Jambi
2021-12-11 00:00:00+00:00,25.507776,20.233335,0.3897361,Jambi
2021-12-12 00:00:00+00:00,25.338333,18.966667,0.39808333,Jambi
2021-12-13 00:00:00+00:00,25.63764,21.666666,0.40870836,Jambi
2021-12-14 00:00:00+00:00,26.039724,24.266668,0.4154861,Jambi
2021-12-15 00:00:00+00:00,26.340414,23.5,0.426,Jambi
2021-12-16 00:00:00+00:00,26.061249,19.699999,0.43608332,Jambi
2021-12-17 00:00:00+00:00,25.873056,8.900001,0.44702777,Jambi
2021-12-18 00:00:00+00:00,26.35639,14.133334,0.4519583,Jambi
2021-12-19 00:00:00+00:00,25.994583,14.3,0.45238888,Jambi
2021-12-20 00:00:00+00:00,26.94597,2.6333334,0.4527639,Jambi
2021-12-21 00:00:00+00:00,25.68139,8.0,0.45140275,Jambi
2021-12-22 00:00:00+00:00,26.416107,12.033334,0.4504306,Jambi
2021-12-23 00:00:00+00:00,25.525139,6.033333,0.45595837,Jambi
2021-12-24 00:00:00+00:00,25.49736,33.333332,0.45969447,Jambi
2021-12-25 00:00:00+00:00,24.568197,19.4,0.46763894,Jambi
2021-12-26 00:00:00+00:00,25.693888,5.8666663,0.46706948,Jambi
2021-12-27 00:00:00+00:00,25.423746,8.3,0.4669861,Jambi
2021-12-28 00:00:00+00:00,26.047361,4.6666665,0.46588886,Jambi
2021-12-29 00:00:00+00:00,26.912636,0.93333334,0.46316668,Jambi
2021-12-30 00:00:00+00:00,26.730001,18.366667,0.45962498,Jambi
2021-12-31 00:00:00+00:00,25.040415,23.433329,0.46191666,Jambi
2022-01-01 00:00:00+00:00,25.755693,11.466666,0.4643333,Jambi
2022-01-02 00:00:00+00:00,25.029999,7.733332,0.46697226,Jambi
2022-01-03 00:00:00+00:00,26.476526,0.90000004,0.4659722,Jambi
2022-01-04 00:00:00+00:00,26.095972,12.533333,0.4638194,Jambi
2022-01-05 00:00:00+00:00,25.894585,12.8,0.46147218,Jambi
2022-01-06 00:00:00+00:00,25.909166,4.1,0.46301386,Jambi
2022-01-07 00:00:00+00:00,26.41681,0.90000004,0.46145833,Jambi
2022-01-08 00:00:00+00:00,25.832083,10.866666,0.4594028,Jambi
2022-01-09 00:00:00+00:00,25.720972,28.199999,0.45708326,Jambi
2022-01-10 00:00:00+00:00,24.516111,25.233332,0.46770835,Jambi
2022-01-11 00:00:00+00:00,25.85708,4.3333335,0.46927786,Jambi
2022-01-12 00:00:00+00:00,26.584862,0.16666667,0.4671528,Jambi
2022-01-13 00:00:00+00:00,26.465418,0.6666667,0.46418056,Jambi
2022-01-14 00:00:00+00:00,26.28972,0.13333334,0.46077776,Jambi
2022-01-15 00:00:00+00:00,26.735556,0.4666667,0.45645836,Jambi
2022-01-16 00:00:00+00:00,26.482779,3.8,0.45204163,Jambi
2022-01-17 00:00:00+00:00,25.330694,11.3,0.44858328,Jambi
2022-01-18 00:00:00+00:00,24.800835,6.766667,0.44620833,Jambi
2022-01-19 00:00:00+00:00,25.091805,12.933333,0.44502786,Jambi
2022-01-20 00:00:00+00:00,25.542501,1.0666667,0.4444305,Jambi
2022-01-21 00:00:00+00:00,25.748749,23.066666,0.4454584,Jambi
2022-01-22 00:00:00+00:00,25.246666,3.2666667,0.4462639,Jambi
2022-01-23 00:00:00+00:00,26.554306,7.2999997,0.4453056,Jambi
2022-01-24 00:00:00+00:00,26.305689,2.4666667,0.44177783,Jambi
2022-01-25 00:00:00+00:00,26.049444,9.633334,0.43831953,Jambi
2022-01-26 00:00:00+00:00,26.515417,0.033333335,0.43583325,Jambi
2022-01-27 00:00:00+00:00,26.720278,2.7666667,0.43327776,Jambi
2022-01-28 00:00:00+00:00,26.92514,1.5000001,0.42988896,Jambi
2022-01-29 00:00:00+00:00,27.02375,1.6999998,0.42672217,Jambi
2022-01-30 00:00:00+00:00,26.061945,11.433334,0.4236945,Jambi
2022-01-31 00:00:00+00:00,26.127914,4.7000003,0.42293057,Jambi
2022-02-01 00:00:00+00:00,25.248055,30.0,0.4234028,Jambi
2022-02-02 00:00:00+00:00,25.934168,3.1666663,0.43091667,Jambi
2022-02-03 00:00:00+00:00,25.813334,14.2,0.43208337,Jambi
2022-02-04 00:00:00+00:00,24.973055,21.6,0.4349722,Jambi
2022-02-05 00:00:00+00:00,25.264029,6.200001,0.43766665,Jambi
2022-02-06 00:00:00+00:00,25.480001,2.533333,0.44486108,Jambi
2022-02-07 00:00:00+00:00,26.691803,0.8333333,0.4468473,Jambi
2022-02-08 00:00:00+00:00,25.984858,8.966666,0.44629166,Jambi
2022-02-09 00:00:00+00:00,25.592499,13.0,0.44465277,Jambi
2022-02-10 00:00:00+00:00,25.21403,0.7666667,0.445125,Jambi
2022-02-11 00:00:00+00:00,25.693892,0.1,0.4441527,Jambi
2022-02-12 00:00:00+00:00,26.707777,0.7,0.44120836,Jambi
2022-02-13 00:00:00+00:00,27.198748,3.2666667,0.43816674,Jambi
2022-02-14 00:00:00+00:00,26.70639,2.9000003,0.43531942,Jambi
2022-02-15 00:00:00+00:00,26.160559,10.1,0.43256947,Jambi
2022-02-16 00:00:00+00:00,26.139029,18.1,0.43266663,Jambi
2022-02-17 00:00:00+00:00,26.714722,0.33333337,0.43306947,Jambi
2022-02-18 00:00:00+00:00,26.201529,15.266666,0.43127778,Jambi
2022-02-19 00:00:00+00:00,26.334166,4.5333333,0.43313885,Jambi
2022-02-20 00:00:00+00:00,26.666807,4.4666667,0.4320972,Jambi
2022-02-21 00:00:00+00:00,25.968893,9.633333,0.4321111,Jambi
2022-02-22 00:00:00+00:00,26.021666,0.7666667,0.43448618,Jambi
2022-02-23 00:00:00+00:00,25.991804,11.033334,0.4356945,Jambi
2022-02-24 00:00:00+00:00,25.301529,0.13333334,0.43783328,Jambi
2022-02-25 00:00:00+00:00,26.732084,3.3999999,0.43626383,Jambi
2022-02-26 00:00:00+00:00,26.673746,9.833333,0.43475,Jambi
2022-02-27 00:00:00+00:00,26.148748,6.233333,0.43883333,Jambi
2022-02-28 00:00:00+00:00,26.257776,8.966666,0.44198617,Jambi
2022-03-01 00:00:00+00:00,26.245972,5.9,0.4440833,Jambi
2022-03-02 00:00:00+00:00,26.653608,10.266667,0.4429861,Jambi
2022-03-03 00:00:00+00:00,26.146666,10.3,0.44226387,Jambi
2022-03-04 00:00:00+00:00,26.448053,6.7999997,0.4465139,Jambi
2022-03-05 00:00:00+00:00,26.093195,9.8,0.4545833,Jambi
2022-03-06 00:00:00+00:00,25.728613,3.9666665,0.46577775,Jambi
2022-03-07 00:00:00+00:00,25.959167,26.5,0.4666389,Jambi
2022-03-08 00:00:00+00:00,26.081388,12.100001,0.46852788,Jambi
2022-03-09 00:00:00+00:00,26.360556,9.566667,0.47022212,Jambi
2022-03-10 00:00:00+00:00,25.863335,12.3,0.47070837,Jambi
2022-03-11 00:00:00+00:00,26.408472,7.266667,0.47069445,Jambi
2022-03-12 00:00:00+00:00,26.387636,10.933333,0.46672225,Jambi
2022-03-13 00:00:00+00:00,26.27375,25.433334,0.4655416,Jambi
2022-03-14 00:00:00+00:00,26.016802,16.733334,0.46661112,Jambi
2022-03-15 00:00:00+00:00,25.896666,20.733332,0.47779164,Jambi
2022-03-16 00:00:00+00:00,26.653612,5.7999997,0.4809862,Jambi
2022-03-17 00:00:00+00:00,25.705696,15.0,0.4812084,Jambi
2022-03-18 00:00:00+00:00,26.072363,25.733337,0.4797639,Jambi
2022-03-19 00:00:00+00:00,26.849442,9.766666,0.47851393,Jambi
2022-03-20 00:00:00+00:00,26.989721,3.5333335,0.48095837,Jambi
2022-03-21 00:00:00+00:00,26.823751,0.0,0.47712496,Jambi
2022-03-22 00:00:00+00:00,27.625137,2.0666668,0.4718889,Jambi
2022-03-23 00:00:00+00:00,27.838331,0.23333335,0.46697223,Jambi
2022-03-24 00:00:00+00:00,28.009165,0.4,0.46149996,Jambi
2022-03-25 00:00:00+00:00,27.813332,0.8666666,0.45547223,Jambi
2022-03-26 00:00:00+00:00,27.639725,1.6666666,0.4508194,Jambi
2022-03-27 00:00:00+00:00,27.719584,0.5,0.44575,Jambi
2022-03-28 00:00:00+00:00,28.103607,0.033333335,0.43945834,Jambi
2022-03-29 00:00:00+00:00,28.095976,4.8333335,0.4331945,Jambi
2022-03-30 00:00:00+00:00,27.590416,6.6999993,0.42629167,Jambi
2022-03-31 00:00:00+00:00,26.409859,1.7666668,0.4196528,Jambi
2022-04-01 00:00:00+00:00,27.53139,0.73333335,0.4155139,Jambi
2022-04-02 00:00:00+00:00,27.35708,3.8333333,0.41112497,Jambi
2022-04-03 00:00:00+00:00,26.524443,1.5666667,0.4075,Jambi
2022-04-04 00:00:00+00:00,27.100138,4.2000003,0.40419444,Jambi
2022-04-05 00:00:00+00:00,25.601526,10.833333,0.4006944,Jambi
2022-04-06 00:00:00+00:00,26.385557,19.433332,0.39831945,Jambi
2022-04-07 00:00:00+00:00,24.650833,10.033333,0.40856946,Jambi
2022-04-08 00:00:00+00:00,26.838333,14.366666,0.4091389,Jambi
2022-04-09 00:00:00+00:00,25.798052,7.866667,0.41002783,Jambi
2022-04-10 00:00:00+00:00,26.587637,3.5666666,0.41019443,Jambi
2022-04-11 00:00:00+00:00,26.277222,10.666667,0.41113886,Jambi
2022-04-12 00:00:00+00:00,26.314722,12.2,0.41159725,Jambi
2022-04-13 00:00:00+00:00,26.089724,15.2,0.410875,Jambi
2022-04-14 00:00:00+00:00,26.432085,10.033334,0.41288888,Jambi
2022-04-15 00:00:00+00:00,25.743193,14.8,0.4181111,Jambi
2022-04-16 00:00:00+00:00,27.21125,6.8333335,0.42147228,Jambi
2022-04-17 00:00:00+00:00,26.478613,26.933334,0.4265417,Jambi
2022-04-18 00:00:00+00:00,26.02861,8.566667,0.43608332,Jambi
2022-04-19 00:00:00+00:00,26.418192,14.0,0.43879163,Jambi
2022-04-20 00:00:00+00:00,25.859167,8.966667,0.4407916,Jambi
2022-04-21 00:00:00+00:00,27.304304,4.5000005,0.43937504,Jambi
2022-04-22 00:00:00+00:00,26.332083,24.1,0.4411528,Jambi
2022-04-23 00:00:00+00:00,25.939026,29.800003,0.44620833,Jambi
2022-04-24 00:00:00+00:00,26.43486,9.833334,0.44583336,Jambi
2022-04-25 00:00:00+00:00,25.81611,4.7000003,0.4480833,Jambi
2022-04-26 00:00:00+00:00,27.51264,1.4,0.45001388,Jambi
2022-04-27 00:00:00+00:00,26.248056,21.666666,0.4510695,Jambi
2022-04-28 00:00:00+00:00,26.574446,9.233334,0.4525694,Jambi
2022-04-29 00:00:00+00:00,27.030695,10.966667,0.45236114,Jambi
2022-04-30 00:00:00+00:00,26.473753,8.5,0.45036104,Jambi
2022-05-01 00:00:00+00:00,26.86611,9.633334,0.45262513,Jambi
2022-05-02 00:00:00+00:00,26.211945,13.766667,0.45155552,Jambi
2022-05-03 00:00:00+00:00,26.779999,8.766666,0.4487361,Jambi
2022-05-04 00:00:00+00:00,26.127914,8.633334,0.44658336,Jambi
2022-05-05 00:00:00+00:00,26.9425,15.100001,0.44411108,Jambi
2022-05-06 00:00:00+00:00,26.526527,11.133334,0.44612503,Jambi
2022-05-07 00:00:00+00:00,26.609861,9.533334,0.44643065,Jambi
2022-05-08 00:00:00+00:00,26.537638,0.0,0.44611108,Jambi
2022-05-09 00:00:00+00:00,26.737638,12.633334,0.44438896,Jambi
2022-05-10 00:00:00+00:00,27.086945,15.933333,0.44247222,Jambi
2022-05-11 00:00:00+00:00,26.686943,0.4666667,0.44070837,Jambi
2022-05-12 00:00:00+00:00,27.326529,4.3333335,0.43891668,Jambi
2022-05-13 00:00:00+00:00,27.353613,0.53333336,0.43773612,Jambi
2022-05-14 00:00:00+00:00,28.352224,1.1666666,0.43461108,Jambi
2022-05-15 00:00:00+00:00,26.884165,1.2666668,0.4316806,Jambi
2022-05-16 00:00:00+00:00,26.30986,19.299997,0.42827782,Jambi
2022-05-17 00:00:00+00:00,27.471666,0.4666667,0.4256667,Jambi
2022-05-18 00:00:00+00:00,27.737638,0.53333336,0.42327783,Jambi
2022-05-19 00:00:00+00:00,26.766108,8.566667,0.42112502,Jambi
2022-05-20 00:00:00+00:00,26.64736,16.233335,0.41881943,Jambi
2022-05-21 00:00:00+00:00,26.344584,1.4333334,0.41709724,Jambi
2022-05-22 00:00:00+00:00,27.153612,1.8333334,0.4149861,Jambi
2022-05-23 00:00:00+00:00,26.814722,3.0,0.41405556,Jambi
2022-05-24 00:00:00+00:00,26.621666,9.099999,0.41299996,Jambi
2022-05-25 00:00:00+00:00,24.721666,6.5,0.41422224,Jambi
2022-05-26 00:00:00+00:00,26.654306,0.1,0.41609725,Jambi
2022-05-27 00:00:00+00:00,26.639723,11.733335,0.41437498,Jambi
2022-05-28 00:00:00+00:00,26.350832,0.7,0.41656944,Jambi
2022-05-29 00:00:00+00:00,27.093195,5.866667,0.4152778,Jambi
2022-05-30 00:00:00+00:00,27.532778,2.5666666,0.41175,Jambi
2022-05-31 00:00:00+00:00,27.618195,2.3333333,0.4084305,Jambi
2022-06-01 00:00:00+00:00,26.663332,14.2,0.40495837,Jambi
2022-06-02 00:00:00+00:00,25.92861,10.099999,0.4024861,Jambi
2022-06-03 00:00:00+00:00,26.35708,2.5333333,0.40016672,Jambi
2022-06-04 00:00:00+00:00,26.30361,11.366668,0.39794448,Jambi
2022-06-05 00:00:00+00:00,25.83,6.7666664,0.395625,Jambi
2022-06-06 00:00:00+00:00,25.941805,7.5333333,0.3942639,Jambi
2022-06-07 00:00:00+00:00,26.436945,10.1,0.39295837,Jambi
2022-06-08 00:00:00+00:00,25.725138,12.233334,0.39330554,Jambi
2022-06-09 00:00:00+00:00,25.292498,20.0,0.396875,Jambi
2022-06-10 00:00:00+00:00,26.551527,16.433332,0.4011111,Jambi
2022-06-11 00:00:00+00:00,25.453611,12.8,0.4124861,Jambi
2022-06-12 00:00:00+00:00,25.791803,4.466667,0.4228195,Jambi
2022-06-13 00:00:00+00:00,25.84875,19.7,0.4255972,Jambi
2022-06-14 00:00:00+00:00,26.450834,15.200001,0.42725,Jambi
2022-06-15 00:00:00+00:00,25.418196,7.1666665,0.43505552,Jambi
2022-06-16 00:00:00+00:00,25.3925,17.366667,0.44229165,Jambi
2022-06-17 00:00:00+00:00,25.31472,6.633333,0.44941664,Jambi
2022-06-18 00:00:00+00:00,25.058472,13.100001,0.45129165,Jambi
2022-06-19 00:00:00+00:00,25.448748,12.333333,0.45298612,Jambi
2022-06-20 00:00:00+00:00,25.611246,5.9666667,0.45816663,Jambi
2022-06-21 00:00:00+00:00,25.338333,15.733334,0.4625834,Jambi
2022-06-22 00:00:00+00:00,25.441809,13.8,0.46277785,Jambi
2022-06-23 00:00:00+00:00,24.553612,20.300001,0.46505556,Jambi
2022-06-24 00:00:00+00:00,25.131388,10.533333,0.46555558,Jambi
2022-06-25 00:00:00+00:00,25.73208,14.833335,0.46673608,Jambi
2022-06-26 00:00:00+00:00,25.484167,8.433333,0.46556947,Jambi
2022-06-27 00:00:00+00:00,26.709167,2.5,0.4621112,Jambi
2022-06-28 00:00:00+00:00,26.189026,13.833335,0.45855558,Jambi
2022-06-29 00:00:00+00:00,25.997362,1.0333333,0.45505556,Jambi
2022-06-30 00:00:00+00:00,25.34111,0.26666668,0.45208332,Jambi
2022-07-01 00:00:00+00:00,25.91125,0.0,0.4494305,Jambi
2022-07-02 00:00:00+00:00,26.384165,0.0,0.44702783,Jambi
2022-07-03 00:00:00+00:00,26.999445,2.9666665,0.44316664,Jambi
2022-07-04 00:00:00+00:00,26.184862,6.466667,0.43873608,Jambi
2022-07-05 00:00:00+00:00,25.839027,17.233335,0.43586114,Jambi
2022-07-06 00:00:00+00:00,26.101526,3.2,0.4335417,Jambi
2022-07-07 00:00:00+00:00,27.15847,7.1666665,0.4311111,Jambi
2022-07-08 00:00:00+00:00,26.796669,1.9333334,0.43041667,Jambi
2022-07-09 00:00:00+00:00,27.328611,1.9666667,0.4289166,Jambi
2022-07-10 00:00:00+00:00,26.136948,1.3666668,0.4273471,Jambi
2022-07-11 00:00:00+00:00,26.943886,4.633333,0.42554164,Jambi
2022-07-12 00:00:00+00:00,25.673746,14.200001,0.4240277,Jambi
2022-07-13 00:00:00+00:00,25.650831,14.000001,0.42500004,Jambi
2022-07-14 00:00:00+00:00,25.936249,20.6,0.42598605,Jambi
2022-07-15 00:00:00+00:00,26.182083,2.6333332,0.42697227,Jambi
2022-07-16 00:00:00+00:00,26.918886,0.0,0.4260278,Jambi
2022-07-17 00:00:00+00:00,27.244583,0.0,0.42431942,Jambi
2022-07-18 00:00:00+00:00,27.659166,0.73333335,0.4220972,Jambi
2022-07-19 00:00:00+00:00,26.943193,12.566667,0.4186945,Jambi
2022-07-20 00:00:00+00:00,26.21611,9.233334,0.414889,Jambi
2022-07-21 00:00:00+00:00,26.320276,6.3000007,0.41265273,Jambi
2022-07-22 00:00:00+00:00,25.404306,7.4999995,0.4121389,Jambi
2022-07-23 00:00:00+00:00,25.398748,11.633334,0.4118055,Jambi
2022-07-24 00:00:00+00:00,25.132082,9.0,0.41361105,Jambi
2022-07-25 00:00:00+00:00,25.648056,12.466667,0.41443053,Jambi
2022-07-26 00:00:00+00:00,25.84875,3.466667,0.41670835,Jambi
2022-07-27 00:00:00+00:00,26.949442,0.76666665,0.4164861,Jambi
2022-07-28 00:00:00+00:00,26.67375,3.6999998,0.41486105,Jambi
2022-07-29 00:00:00+00:00,25.81611,14.933333,0.4139584,Jambi
2022-07-30 00:00:00+00:00,25.49111,4.933333,0.4151667,Jambi
2022-07-31 00:00:00+00:00,26.592499,7.3333335,0.41555563,Jambi
2022-08-01 00:00:00+00:00,25.966112,17.166666,0.41543058,Jambi
2022-08-02 00:00:00+00:00,24.933472,11.533334,0.41740277,Jambi
2022-08-03 00:00:00+00:00,24.888334,13.233334,0.42230555,Jambi
2022-08-04 00:00:00+00:00,25.135553,32.333332,0.43293056,Jambi
2022-08-05 00:00:00+00:00,25.127916,0.29999998,0.44166672,Jambi
2022-08-06 00:00:00+00:00,26.555,12.133334,0.44373617,Jambi
2022-08-07 00:00:00+00:00,26.225138,1.5,0.44280553,Jambi
2022-08-08 00:00:00+00:00,27.133469,1.8000001,0.44049993,Jambi
2022-08-09 00:00:00+00:00,26.613333,1.2666665,0.4381111,Jambi
2022-08-10 00:00:00+00:00,26.942503,1.2333333,0.43565282,Jambi
2022-08-11 00:00:00+00:00,27.565414,3.5,0.43251386,Jambi
2022-08-12 00:00:00+00:00,26.28833,17.500002,0.43091664,Jambi
2022-08-13 00:00:00+00:00,25.754309,7.3333325,0.42740276,Jambi
2022-08-14 00:00:00+00:00,25.911942,13.033334,0.4249445,Jambi
2022-08-15 00:00:00+00:00,26.350136,0.6333334,0.4225416,Jambi
2022-08-16 00:00:00+00:00,26.359863,9.400001,0.42036116,Jambi
2022-08-17 00:00:00+00:00,26.265417,9.566667,0.41772223,Jambi
2022-08-18 00:00:00+00:00,25.541107,5.1,0.41554162,Jambi
2022-08-19 00:00:00+00:00,25.553612,21.066668,0.41498604,Jambi
2022-08-20 00:00:00+00:00,24.841805,28.533333,0.42319444,Jambi
2022-08-21 00:00:00+00:00,25.032776,19.333334,0.4374167,Jambi
2022-08-22 00:00:00+00:00,26.07236,11.533333,0.4424583,Jambi
2022-08-23 00:00:00+00:00,24.984858,17.366667,0.44790277,Jambi
2022-08-24 00:00:00+00:00,25.955696,4.066667,0.45534718,Jambi
2022-08-25 00:00:00+00:00,25.679304,5.9666667,0.45390275,Jambi
2022-08-26 00:00:00+00:00,26.404305,2.8000002,0.4542084,Jambi
2022-08-27 00:00:00+00:00,25.188334,25.53333,0.45523608,Jambi
2022-08-28 00:00:00+00:00,25.392496,9.600001,0.4621528,Jambi
2022-08-29 00:00:00+00:00,24.90361,25.566666,0.46662498,Jambi
2022-08-30 00:00:00+00:00,25.841112,0.43333337,0.47679162,Jambi
2022-08-31 00:00:00+00:00,25.97236,7.733333,0.472875,Jambi
2022-09-01 00:00:00+00:00,25.350832,16.2,0.4718473,Jambi
2022-09-02 00:00:00+00:00,25.009169,9.033333,0.4760138,Jambi
2022-09-03 00:00:00+00:00,25.855692,7.5,0.4745417,Jambi
2022-09-04 00:00:00+00:00,26.700136,6.2000003,0.47059727,Jambi
2022-09-05 00:00:00+00:00,25.807083,2.2,0.46879172,Jambi
2022-09-06 00:00:00+00:00,25.470278,17.433332,0.4669861,Jambi
2022-09-07 00:00:00+00:00,24.773056,10.233333,0.4682916,Jambi
2022-09-08 00:00:00+00:00,25.078613,8.599999,0.4688472,Jambi
2022-09-09 00:00:00+00:00,25.741806,20.833334,0.46725002,Jambi
2022-09-10 00:00:00+00:00,26.048056,0.16666667,0.46573615,Jambi
2022-09-11 00:00:00+00:00,26.607779,24.566666,0.46318054,Jambi
2022-09-12 00:00:00+00:00,25.191805,4.0,0.46022224,Jambi
2022-09-13 00:00:00+00:00,25.220972,9.633334,0.45747232,Jambi
2022-09-14 00:00:00+00:00,26.464722,0.6,0.45430553,Jambi
2022-09-15 00:00:00+00:00,27.252914,0.23333335,0.45052776,Jambi
2022-09-16 00:00:00+00:00,27.170969,2.6000001,0.44687498,Jambi
2022-09-17 00:00:00+00:00,26.58,10.366667,0.44365275,Jambi
2022-09-18 00:00:00+00:00,25.550138,30.16667,0.4409722,Jambi
2022-09-19 00:00:00+00:00,24.98625,4.8333335,0.4394444,Jambi
2022-09-20 00:00:00+00:00,26.270277,6.4,0.43726388,Jambi
2022-09-21 00:00:00+00:00,25.96264,18.233335,0.43694445,Jambi
2022-09-22 00:00:00+00:00,25.768194,10.366666,0.43912497,Jambi
2022-09-23 00:00:00+00:00,26.068193,3.7666664,0.44072223,Jambi
2022-09-24 00:00:00+00:00,26.468193,4.8666663,0.4421389,Jambi
2022-09-25 00:00:00+00:00,26.37375,0.3,0.4419167,Jambi
2022-09-26 00:00:00+00:00,27.0675,2.6333334,0.43909717,Jambi
2022-09-27 00:00:00+00:00,27.385553,0.5,0.43625006,Jambi
2022-09-28 00:00:00+00:00,26.35639,3.4000003,0.43308333,Jambi
2022-09-29 00:00:00+00:00,26.327917,6.9666667,0.4293611,Jambi
2022-09-30 00:00:00+00:00,25.784166,16.6,0.42668056,Jambi
2022-10-01 00:00:00+00:00,25.53972,40.266666,0.42930552,Jambi
2022-10-02 00:00:00+00:00,25.527916,5.1666665,0.43481946,Jambi
2022-10-03 00:00:00+00:00,26.160553,15.333333,0.4365555,Jambi
2022-10-04 00:00:00+00:00,25.788332,18.5,0.44312498,Jambi
2022-10-05 00:00:00+00:00,25.802917,8.1,0.45858335,Jambi
2022-10-06 00:00:00+00:00,25.202219,14.200001,0.46573606,Jambi
2022-10-07 00:00:00+00:00,25.055695,2.9666665,0.4650971,Jambi
2022-10-08 00:00:00+00:00,25.107084,1.9666668,0.46465275,Jambi
2022-10-09 00:00:00+00:00,26.21958,8.666667,0.46281943,Jambi
2022-10-10 00:00:00+00:00,25.257086,3.1333332,0.46052778,Jambi
2022-10-11 00:00:00+00:00,25.362638,20.2,0.45845842,Jambi
2022-10-12 00:00:00+00:00,25.857084,4.8333335,0.46073616,Jambi
2022-10-13 00:00:00+00:00,25.978613,9.2,0.46054164,Jambi
2022-10-14 00:00:00+00:00,25.550138,9.700001,0.46030554,Jambi
2022-10-15 00:00:00+00:00,25.526527,28.866667,0.46033326,Jambi
2022-10-16 00:00:00+00:00,25.62514,16.766665,0.4614167,Jambi
2022-10-17 00:00:00+00:00,25.719582,16.1,0.47066665,Jambi
2022-10-18 00:00:00+00:00,26.414719,8.799999,0.47619438,Jambi
2022-10-19 00:00:00+00:00,27.150137,1.6,0.4751805,Jambi
2022-10-20 00:00:00+00:00,26.982779,0.53333336,0.47222224,Jambi
2022-10-21 00:00:00+00:00,26.335556,16.766666,0.4696389,Jambi
2022-10-22 00:00:00+00:00,26.064028,17.366667,0.47179165,Jambi
2022-10-23 00:00:00+00:00,26.493887,0.8,0.4710833,Jambi
2022-10-24 00:00:00+00:00,26.094584,20.533335,0.46781948,Jambi
2022-10-25 00:00:00+00:00,25.650831,12.266666,0.46738887,Jambi
2022-10-26 00:00:00+00:00,25.860556,7.266667,0.46552786,Jambi
2022-10-27 00:00:00+00:00,26.489721,10.033334,0.46445844,Jambi
2022-10-28 00:00:00+00:00,26.173746,17.6,0.46459723,Jambi
2022-10-29 00:00:00+00:00,26.350836,17.766668,0.46570837,Jambi
2022-10-30 00:00:00+00:00,25.443193,26.5,0.47777775,Jambi
2022-10-31 00:00:00+00:00,26.388334,8.166667,0.4800695,Jambi
2022-11-01 00:00:00+00:00,25.929306,7.933333,0.47580552,Jambi
2022-11-02 00:00:00+00:00,26.57514,18.866667,0.47308335,Jambi
2022-11-03 00:00:00+00:00,25.978607,3.6999998,0.47195828,Jambi
2022-11-04 00:00:00+00:00,25.9425,36.4,0.47402778,Jambi
2022-11-05 00:00:00+00:00,25.891802,15.366669,0.48297226,Jambi
2022-11-06 00:00:00+00:00,25.32583,21.066666,0.4838889,Jambi
2022-11-07 00:00:00+00:00,25.730692,11.233334,0.4804028,Jambi
2022-11-08 00:00:00+00:00,25.850832,18.366669,0.48170844,Jambi
2022-11-09 00:00:00+00:00,25.458467,13.433334,0.48345843,Jambi
2022-11-10 00:00:00+00:00,25.779999,11.400001,0.48152772,Jambi
2022-11-11 00:00:00+00:00,25.947363,6.8999996,0.4831666,Jambi
2022-11-12 00:00:00+00:00,25.88,27.5,0.4792222,Jambi
2022-11-13 00:00:00+00:00,25.67028,20.3,0.47686115,Jambi
2022-11-14 00:00:00+00:00,26.118195,6.1333337,0.46929178,Jambi
2022-11-15 00:00:00+00:00,26.980692,6.6333337,0.4687084,Jambi
2022-11-16 00:00:00+00:00,26.938332,8.266667,0.46237502,Jambi
2022-11-17 00:00:00+00:00,26.764723,2.5666666,0.4572917,Jambi
2022-11-18 00:00:00+00:00,27.13764,0.26666668,0.4502084,Jambi
2022-11-19 00:00:00+00:00,26.322357,2.4333332,0.44361115,Jambi
2022-11-20 00:00:00+00:00,27.13486,3.5000002,0.43740276,Jambi
2022-11-21 00:00:00+00:00,27.362638,0.29999998,0.43076393,Jambi
2022-11-22 00:00:00+00:00,27.270273,18.300001,0.42390275,Jambi
2022-11-23 00:00:00+00:00,26.011251,4.266667,0.42812505,Jambi
2022-11-24 00:00:00+00:00,26.445974,22.566668,0.42684722,Jambi
2022-11-25 00:00:00+00:00,26.136946,6.2666664,0.43426394,Jambi
2022-11-26 00:00:00+00:00,26.552917,11.200001,0.4343473,Jambi
2022-11-27 00:00:00+00:00,25.816803,15.2,0.43516663,Jambi
2022-11-28 00:00:00+00:00,25.782776,13.599999,0.4376111,Jambi
2022-11-29 00:00:00+00:00,25.384165,12.066667,0.44026384,Jambi
2022-11-30 00:00:00+00:00,25.646667,17.2,0.44315276,Jambi
2022-12-01 00:00:00+00:00,25.983473,22.633331,0.4477361,Jambi
2022-12-02 00:00:00+00:00,25.386946,2.2,0.45730558,Jambi
2022-12-03 00:00:00+00:00,26.279305,7.1666665,0.4559861,Jambi
2022-12-04 00:00:00+00:00,25.819582,7.733333,0.4555417,Jambi
2022-12-05 00:00:00+00:00,25.327219,15.600001,0.45924997,Jambi
2022-12-06 00:00:00+00:00,25.838333,9.100001,0.4684027,Jambi
2022-12-07 00:00:00+00:00,25.902222,0.9666667,0.46774998,Jambi
2022-12-08 00:00:00+00:00,25.914724,14.833333,0.4657083,Jambi
2022-12-09 00:00:00+00:00,25.363335,2.0,0.46813893,Jambi
2022-12-10 00:00:00+00:00,25.645971,24.066668,0.46598604,Jambi
2022-12-11 00:00:00+00:00,25.108475,9.366666,0.47040272,Jambi
2022-12-12 00:00:00+00:00,25.677917,23.833334,0.47012505,Jambi
2022-12-13 00:00:00+00:00,25.366806,7.4666667,0.4751389,Jambi
2022-12-14 00:00:00+00:00,25.62236,8.8,0.47263885,Jambi
2022-12-15 00:00:00+00:00,25.48625,2.5999997,0.47112492,Jambi
2022-12-16 00:00:00+00:00,26.207777,12.5,0.46733335,Jambi
2022-12-17 00:00:00+00:00,25.675138,20.066668,0.4660833,Jambi
2022-12-18 00:00:00+00:00,26.016806,13.700001,0.4719305,Jambi
2022-12-19 00:00:00+00:00,26.241804,6.2333336,0.47386113,Jambi
2022-12-20 00:00:00+00:00,25.904306,10.866666,0.47238886,Jambi
2022-12-21 00:00:00+00:00,25.93972,19.533333,0.47429165,Jambi
2022-12-22 00:00:00+00:00,25.879997,0.53333336,0.4753611,Jambi
2022-12-23 00:00:00+00:00,25.388334,2.8666668,0.47079167,Jambi
2022-12-24 00:00:00+00:00,26.070974,5.866667,0.46534717,Jambi
2022-12-25 00:00:00+00:00,26.377916,0.33333334,0.46019444,Jambi
2022-12-26 00:00:00+00:00,26.305693,0.1,0.4551389,Jambi
2022-12-27 00:00:00+00:00,26.10431,1.1666667,0.44995832,Jambi
2022-12-28 00:00:00+00:00,25.69111,4.7666664,0.4448334,Jambi
2022-12-29 00:00:00+00:00,25.375832,9.733333,0.4409583,Jambi
2022-12-30 00:00:00+00:00,25.338333,12.133334,0.44058335,Jambi
2022-12-31 00:00:00+00:00,25.895971,5.8000007,0.4390416,Jambi
2023-01-01 00:00:00+00:00,25.54111,6.3000007,0.43620834,Jambi
2023-01-02 00:00:00+00:00,25.80014,6.2666664,0.43294445,Jambi
2023-01-03 00:00:00+00:00,25.355696,10.533334,0.42944434,Jambi
2023-01-04 00:00:00+00:00,24.832777,4.1,0.4267917,Jambi
2023-01-05 00:00:00+00:00,25.830694,5.9666667,0.42426383,Jambi
2023-01-06 00:00:00+00:00,26.437637,2.0666668,0.4210972,Jambi
2023-01-07 00:00:00+00:00,25.97722,4.1,0.4174167,Jambi
2023-01-08 00:00:00+00:00,26.139029,4.6666665,0.41354164,Jambi
2023-01-09 00:00:00+00:00,26.109167,2.6000001,0.4104583,Jambi
2023-01-10 00:00:00+00:00,26.235556,24.533335,0.4073056,Jambi
2023-01-11 00:00:00+00:00,25.66472,7.366667,0.408625,Jambi
2023-01-12 00:00:00+00:00,25.760553,7.1000004,0.40986118,Jambi
2023-01-13 00:00:00+00:00,25.140417,13.033333,0.41069445,Jambi
2023-01-14 00:00:00+00:00,26.506388,11.499999,0.4113194,Jambi
2023-01-15 00:00:00+00:00,26.026525,9.433333,0.41268054,Jambi
2023-01-16 00:00:00+00:00,25.568888,15.800002,0.4138472,Jambi
2023-01-17 00:00:00+00:00,24.746668,6.3666663,0.42101383,Jambi
2023-01-18 00:00:00+00:00,25.16611,17.1,0.42590275,Jambi
2023-01-19 00:00:00+00:00,25.01333,7.366667,0.4357917,Jambi
2023-01-20 00:00:00+00:00,25.043196,13.399999,0.43704164,Jambi
2023-01-21 00:00:00+00:00,25.445276,8.5,0.43776384,Jambi
2023-01-22 00:00:00+00:00,25.341805,18.233335,0.44383332,Jambi
2023-01-23 00:00:00+00:00,24.993889,16.466667,0.45176387,Jambi
2023-01-24 00:00:00+00:00,24.87861,1.5666665,0.45758328,Jambi
2023-01-25 00:00:00+00:00,24.775833,1.3333333,0.45845833,Jambi
2023-01-26 00:00:00+00:00,25.502916,0.33333337,0.45801398,Jambi
2023-01-27 00:00:00+00:00,25.953608,4.4666667,0.45669445,Jambi
2023-01-28 00:00:00+00:00,25.885553,6.8000007,0.45479167,Jambi
2023-01-29 00:00:00+00:00,24.732779,1.1333333,0.45345834,Jambi
2023-01-30 00:00:00+00:00,24.800833,13.866666,0.45155558,Jambi
2023-01-31 00:00:00+00:00,24.495972,3.466667,0.45472226,Jambi
2023-02-01 00:00:00+00:00,25.993195,11.533334,0.45690283,Jambi
2023-02-02 00:00:00+00:00,25.854303,8.799999,0.46069446,Jambi
2023-02-03 00:00:00+00:00,26.385553,0.53333336,0.4604862,Jambi
2023-02-04 00:00:00+00:00,26.224443,8.866668,0.45887503,Jambi
2023-02-05 00:00:00+00:00,26.014029,4.066667,0.4569166,Jambi
2023-02-06 00:00:00+00:00,26.350138,0.0,0.45511106,Jambi
2023-02-07 00:00:00+00:00,26.627916,1.3666667,0.45191666,Jambi
2023-02-08 00:00:00+00:00,26.85639,2.7333333,0.4493333,Jambi
2023-02-09 00:00:00+00:00,26.550138,9.866666,0.4465972,Jambi
2023-02-10 00:00:00+00:00,26.904305,1.1999999,0.44551393,Jambi
2023-02-11 00:00:00+00:00,25.732084,8.7,0.44609725,Jambi
2023-02-12 00:00:00+00:00,26.398056,0.033333335,0.44681945,Jambi
2023-02-13 00:00:00+00:00,26.577225,0.8666666,0.44572225,Jambi
2023-02-14 00:00:00+00:00,26.599442,10.433333,0.44384718,Jambi
2023-02-15 00:00:00+00:00,25.488333,2.3999999,0.44168058,Jambi
2023-02-16 00:00:00+00:00,26.204306,0.56666666,0.43913886,Jambi
2023-02-17 00:00:00+00:00,26.986246,0.36666667,0.4367083,Jambi
2023-02-18 00:00:00+00:00,26.735556,12.600001,0.43379173,Jambi
2023-02-19 00:00:00+00:00,25.34875,12.533333,0.4330833,Jambi
2023-02-20 00:00:00+00:00,25.292501,5.4999995,0.43208328,Jambi
2023-02-21 00:00:00+00:00,25.716805,12.3,0.43358335,Jambi
2023-02-22 00:00:00+00:00,25.288332,13.766669,0.43588886,Jambi
2023-02-23 00:00:00+00:00,25.489029,9.233335,0.436625,Jambi
2023-02-24 00:00:00+00:00,25.165419,16.6,0.43969443,Jambi
2023-02-25 00:00:00+00:00,26.111252,4.866667,0.43905556,Jambi
2023-02-26 00:00:00+00:00,25.761946,2.1000001,0.4393889,Jambi
2023-02-27 00:00:00+00:00,25.236946,13.233334,0.4375694,Jambi
2023-02-28 00:00:00+00:00,25.032082,11.866666,0.43711114,Jambi
2023-03-01 00:00:00+00:00,24.781387,0.4666667,0.43808332,Jambi
2023-03-02 00:00:00+00:00,26.40986,1.4666667,0.4365972,Jambi
2023-03-03 00:00:00+00:00,25.240417,8.700001,0.43529168,Jambi
2023-03-04 00:00:00+00:00,25.460556,0.53333336,0.43388888,Jambi
2023-03-05 00:00:00+00:00,25.935556,3.9999998,0.4317083,Jambi
2023-03-06 00:00:00+00:00,26.04458,12.166668,0.42961112,Jambi
2023-03-07 00:00:00+00:00,25.902918,10.5,0.42912498,Jambi
2023-03-08 00:00:00+00:00,25.736246,9.333333,0.42866668,Jambi
2023-03-09 00:00:00+00:00,25.203613,13.0666685,0.43230554,Jambi
2023-03-10 00:00:00+00:00,24.798746,12.5666685,0.43412495,Jambi
2023-03-11 00:00:00+00:00,24.943888,12.533334,0.43641663,Jambi
2023-03-12 00:00:00+00:00,25.18764,12.3,0.44890282,Jambi
2023-03-13 00:00:00+00:00,24.50361,16.333334,0.45927775,Jambi
2023-03-14 00:00:00+00:00,25.414724,7.3666663,0.46076384,Jambi
2023-03-15 00:00:00+00:00,25.750143,2.2666667,0.45904163,Jambi
2023-03-16 00:00:00+00:00,25.77722,5.933333,0.4566945,Jambi
2023-03-17 00:00:00+00:00,25.641111,8.766667,0.45424998,Jambi
2023-03-18 00:00:00+00:00,26.283472,4.6000004,0.45138887,Jambi
2023-03-19 00:00:00+00:00,26.140417,11.433334,0.44854167,Jambi
2023-03-20 00:00:00+00:00,25.695276,10.566667,0.44704166,Jambi
2023-03-21 00:00:00+00:00,26.641806,1.2333335,0.45145836,Jambi
2023-03-22 00:00:00+00:00,26.616112,7.4,0.4493194,Jambi
2023-03-23 00:00:00+00:00,25.759165,12.400001,0.44798613,Jambi
2023-03-24 00:00:00+00:00,26.044584,23.199997,0.45208332,Jambi
2023-03-25 00:00:00+00:00,25.802221,18.566668,0.45818058,Jambi
2023-03-26 00:00:00+00:00,26.734167,14.933334,0.4589306,Jambi
2023-03-27 00:00:00+00:00,24.872362,2.3999999,0.46201384,Jambi
2023-03-28 00:00:00+00:00,26.210556,11.166667,0.4619861,Jambi
2023-03-29 00:00:00+00:00,26.491112,8.0,0.46011114,Jambi
2023-03-30 00:00:00+00:00,25.623056,10.166667,0.46199998,Jambi
2023-03-31 00:00:00+00:00,26.163336,5.0,0.46468058,Jambi
2023-04-01 00:00:00+00:00,25.472359,12.866666,0.4634583,Jambi
2023-04-02 00:00:00+00:00,26.434168,8.366666,0.46159723,Jambi
2023-04-03 00:00:00+00:00,25.446669,4.3,0.46050003,Jambi
2023-04-04 00:00:00+00:00,26.438332,6.6000004,0.45912504,Jambi
2023-04-05 00:00:00+00:00,25.500137,15.733334,0.4576389,Jambi
2023-04-06 00:00:00+00:00,25.86264,4.8333335,0.45829168,Jambi
2023-04-07 00:00:00+00:00,26.031387,11.966667,0.4570417,Jambi
2023-04-08 00:00:00+00:00,25.682083,18.300001,0.4547361,Jambi
2023-04-09 00:00:00+00:00,25.674446,6.5333333,0.45091668,Jambi
2023-04-10 00:00:00+00:00,26.33972,3.6666667,0.45099998,Jambi
2023-04-11 00:00:00+00:00,27.452219,6.1,0.44880557,Jambi
2023-04-12 00:00:00+00:00,26.643196,5.1666665,0.44616663,Jambi
2023-04-13 00:00:00+00:00,27.193193,10.4,0.44375005,Jambi
2023-04-14 00:00:00+00:00,26.612638,10.433334,0.44152775,Jambi
2023-04-15 00:00:00+00:00,26.569586,10.766667,0.44297218,Jambi
2023-04-16 00:00:00+00:00,26.255697,23.900002,0.4460417,Jambi
2023-04-17 00:00:00+00:00,27.466806,2.8999999,0.44409725,Jambi
2023-04-18 00:00:00+00:00,26.143194,7.7000003,0.4449583,Jambi
2023-04-19 00:00:00+00:00,26.356386,25.800001,0.4502639,Jambi
2023-04-20 00:00:00+00:00,25.754305,14.766669,0.4576389,Jambi
2023-04-21 00:00:00+00:00,26.531387,8.533333,0.4589862,Jambi
2023-04-22 00:00:00+00:00,26.395973,6.366667,0.45779166,Jambi
2023-04-23 00:00:00+00:00,26.131392,6.6,0.46136114,Jambi
2023-04-24 00:00:00+00:00,26.363333,10.5,0.46400008,Jambi
2023-04-25 00:00:00+00:00,25.96958,7.7666664,0.46473613,Jambi
2023-04-26 00:00:00+00:00,26.166803,6.7666664,0.46436107,Jambi
2023-04-27 00:00:00+00:00,26.098055,6.9,0.4637778,Jambi
2023-04-28 00:00:00+00:00,26.693888,5.1,0.4626945,Jambi
2023-04-29 00:00:00+00:00,26.643194,4.9,0.46443057,Jambi
2023-04-30 00:00:00+00:00,26.689722,36.033333,0.4672639,Jambi
2023-05-01 00:00:00+00:00,26.332777,5.566666,0.47276393,Jambi
2023-05-02 00:00:00+00:00,27.261942,27.533333,0.47123614,Jambi
2023-05-03 00:00:00+00:00,26.507082,26.6,0.47322223,Jambi
2023-05-04 00:00:00+00:00,26.713333,11.433334,0.475875,Jambi
2023-05-05 00:00:00+00:00,26.583471,21.6,0.4750278,Jambi
2023-05-06 00:00:00+00:00,26.148054,27.866667,0.46729168,Jambi
2023-05-07 00:00:00+00:00,26.840416,0.59999996,0.45425,Jambi
2023-05-08 00:00:00+00:00,27.274446,8.266667,0.4465972,Jambi
2023-05-09 00:00:00+00:00,27.109167,0.5666667,0.4445833,Jambi
2023-05-10 00:00:00+00:00,27.795279,1.9,0.43849996,Jambi
2023-05-11 00:00:00+00:00,27.025139,15.666667,0.4346111,Jambi
2023-05-12 00:00:00+00:00,26.495972,3.0,0.4308195,Jambi
2023-05-13 00:00:00+00:00,28.141802,0.16666667,0.42705557,Jambi
2023-05-14 00:00:00+00:00,27.773056,4.2999997,0.423875,Jambi
2023-05-15 00:00:00+00:00,26.991112,4.366667,0.42048606,Jambi
2023-05-16 00:00:00+00:00,27.48208,5.3000007,0.41644442,Jambi
2023-05-17 00:00:00+00:00,26.252222,10.733334,0.41374996,Jambi
2023-05-18 00:00:00+00:00,25.889719,14.666667,0.41331944,Jambi
2023-05-19 00:00:00+00:00,26.332777,6.933333,0.4130833,Jambi
2023-05-20 00:00:00+00:00,26.741112,11.200001,0.41299996,Jambi
2023-05-21 00:00:00+00:00,26.032776,5.1666665,0.41150007,Jambi
2023-05-22 00:00:00+00:00,26.294584,16.933334,0.41041663,Jambi
2023-05-23 00:00:00+00:00,26.318193,3.8,0.414875,Jambi
2023-05-24 00:00:00+00:00,26.90361,6.2666664,0.41411105,Jambi
2023-05-25 00:00:00+00:00,27.34736,9.466667,0.41251388,Jambi
2023-05-26 00:00:00+00:00,26.44111,11.166667,0.41505554,Jambi
2023-05-27 00:00:00+00:00,26.484858,13.166667,0.4173195,Jambi
2023-05-28 00:00:00+00:00,26.082085,18.400002,0.42204165,Jambi
2023-05-29 00:00:00+00:00,26.718193,11.266666,0.4229723,Jambi
2023-05-30 00:00:00+00:00,26.087639,10.733334,0.42304167,Jambi
2023-05-31 00:00:00+00:00,26.749443,12.899999,0.422375,Jambi
2023-06-01 00:00:00+00:00,26.290415,9.366666,0.42283335,Jambi
2023-06-02 00:00:00+00:00,27.008474,4.3333335,0.42463887,Jambi
2023-06-03 00:00:00+00:00,26.568193,9.8,0.42405558,Jambi
2023-06-04 00:00:00+00:00,25.614723,15.933333,0.42319444,Jambi
2023-06-05 00:00:00+00:00,26.86264,11.233334,0.42365277,Jambi
2023-06-06 00:00:00+00:00,25.391108,16.866667,0.43376386,Jambi
2023-06-07 00:00:00+00:00,25.668196,22.166666,0.43805555,Jambi
2023-06-08 00:00:00+00:00,25.700136,7.2666664,0.44777775,Jambi
2023-06-09 00:00:00+00:00,25.968195,14.866666,0.44850004,Jambi
2023-06-10 00:00:00+00:00,26.969582,2.8,0.44902787,Jambi
2023-06-11 00:00:00+00:00,27.068888,15.533333,0.4463055,Jambi
2023-06-12 00:00:00+00:00,26.309168,1.6,0.4464306,Jambi
2023-06-13 00:00:00+00:00,26.264025,8.2,0.4457222,Jambi
2023-06-14 00:00:00+00:00,25.952913,8.233333,0.4446528,Jambi
2023-06-15 00:00:00+00:00,25.911247,25.366667,0.44308332,Jambi
2023-06-16 00:00:00+00:00,26.83,0.23333333,0.4434028,Jambi
2023-06-17 00:00:00+00:00,26.953613,3.9666665,0.44093058,Jambi
2023-06-18 00:00:00+00:00,26.341805,14.566666,0.4384861,Jambi
2023-06-19 00:00:00+00:00,25.935555,1.4333333,0.4368055,Jambi
2023-06-20 00:00:00+00:00,27.000832,4.2999997,0.4348472,Jambi
2023-06-21 00:00:00+00:00,27.290415,1.5,0.43125,Jambi
2023-06-22 00:00:00+00:00,26.402914,19.266666,0.42801383,Jambi
2023-06-23 00:00:00+00:00,26.616806,2.8333333,0.4271805,Jambi
2023-06-24 00:00:00+00:00,26.53903,4.833334,0.42508325,Jambi
2023-06-25 00:00:00+00:00,26.593193,16.4,0.42197227,Jambi
2023-06-26 00:00:00+00:00,25.362638,4.5333333,0.42162502,Jambi
2023-06-27 00:00:00+00:00,25.402224,18.733335,0.4306806,Jambi
2023-06-28 00:00:00+00:00,25.866112,7.7999997,0.44266668,Jambi
2023-06-29 00:00:00+00:00,26.402918,9.2,0.44329166,Jambi
2023-06-30 00:00:00+00:00,25.993889,26.133333,0.44559726,Jambi
2023-07-01 00:00:00+00:00,25.939722,8.233334,0.4521388,Jambi
2023-07-02 00:00:00+00:00,26.363333,1.4333333,0.45155552,Jambi
2023-07-03 00:00:00+00:00,26.98625,2.8666668,0.4497222,Jambi
2023-07-04 00:00:00+00:00,26.45083,19.566666,0.44768056,Jambi
2023-07-05 00:00:00+00:00,25.591803,13.766667,0.44755554,Jambi
2023-07-06 00:00:00+00:00,25.573751,18.566668,0.44923615,Jambi
2023-07-07 00:00:00+00:00,26.161253,2.7333333,0.44901392,Jambi
2023-07-08 00:00:00+00:00,26.417498,10.900001,0.44820833,Jambi
2023-07-09 00:00:00+00:00,25.901527,28.166666,0.4465139,Jambi
2023-07-10 00:00:00+00:00,25.482779,6.433333,0.44852772,Jambi
2023-07-11 00:00:00+00:00,24.864029,9.200001,0.45676386,Jambi
2023-07-12 00:00:00+00:00,26.595276,1.2666668,0.45956942,Jambi
2023-07-13 00:00:00+00:00,26.527916,6.966667,0.45741677,Jambi
2023-07-14 00:00:00+00:00,25.464027,5.1666665,0.45562503,Jambi
2023-07-15 00:00:00+00:00,26.457779,1.2666668,0.45405555,Jambi
2023-07-16 00:00:00+00:00,26.542501,7.7333336,0.4515833,Jambi
2023-07-17 00:00:00+00:00,25.850832,9.400001,0.44905552,Jambi
2023-07-18 00:00:00+00:00,25.873749,7.0000005,0.44654176,Jambi
2023-07-19 00:00:00+00:00,26.618196,1.5666667,0.4436666,Jambi
2023-07-20 00:00:00+00:00,25.359863,6.466667,0.44127774,Jambi
2023-07-21 00:00:00+00:00,26.364721,0.6333334,0.43927777,Jambi
2023-07-22 00:00:00+00:00,26.98139,1.0666667,0.43631944,Jambi
2023-07-23 00:00:00+00:00,26.582777,14.433334,0.43288887,Jambi
2023-07-24 00:00:00+00:00,25.482086,0.1,0.43036106,Jambi
2023-07-25 00:00:00+00:00,27.287638,1.0666666,0.4272083,Jambi
2023-07-26 00:00:00+00:00,27.198751,2.7333333,0.42365277,Jambi
2023-07-27 00:00:00+00:00,27.789026,1.3666667,0.42081943,Jambi
2023-07-28 00:00:00+00:00,26.929306,1.4,0.41806945,Jambi
2023-07-29 00:00:00+00:00,26.87236,2.1666667,0.41547224,Jambi
2023-07-30 00:00:00+00:00,26.65153,3.3333342,0.4130694,Jambi
2023-07-31 00:00:00+00:00,26.882776,0.13333334,0.41019443,Jambi
2023-08-01 00:00:00+00:00,27.17861,15.533333,0.40711117,Jambi
2023-08-02 00:00:00+00:00,27.364723,13.0,0.40213895,Jambi
2023-08-03 00:00:00+00:00,25.825136,10.933333,0.3984722,Jambi
2023-08-04 00:00:00+00:00,26.76264,6.533333,0.3966805,Jambi
2023-08-05 00:00:00+00:00,26.759863,0.13333334,0.39445838,Jambi
2023-08-06 00:00:00+00:00,27.13764,0.13333334,0.39193058,Jambi
2023-08-07 00:00:00+00:00,26.583471,3.3,0.39054167,Jambi
2023-08-08 00:00:00+00:00,25.826529,5.5,0.3890278,Jambi
2023-08-09 00:00:00+00:00,25.586945,3.033333,0.3868333,Jambi
2023-08-10 00:00:00+00:00,26.999445,0.33333334,0.38418055,Jambi
2023-08-11 00:00:00+00:00,27.308472,0.06666667,0.38158342,Jambi
2023-08-12 00:00:00+00:00,26.671667,3.9000003,0.38019443,Jambi
2023-08-13 00:00:00+00:00,26.667498,2.6666667,0.3782917,Jambi
2023-08-14 00:00:00+00:00,26.491806,3.2666664,0.37555552,Jambi
2023-08-15 00:00:00+00:00,25.721666,9.166667,0.37384722,Jambi
2023-08-16 00:00:00+00:00,25.654999,3.7333336,0.37237504,Jambi
2023-08-17 00:00:00+00:00,25.717499,7.066667,0.37127778,Jambi
2023-08-18 00:00:00+00:00,25.941109,5.8999996,0.37012503,Jambi
2023-08-19 00:00:00+00:00,25.341112,12.033334,0.3698889,Jambi
2023-08-20 00:00:00+00:00,25.950834,4.1,0.36944446,Jambi
2023-08-21 00:00:00+00:00,26.273748,1.0333334,0.36988887,Jambi
2023-08-22 00:00:00+00:00,26.884169,0.33333337,0.36888885,Jambi
2023-08-23 00:00:00+00:00,27.336943,0.033333335,0.36698604,Jambi
2023-08-24 00:00:00+00:00,26.72236,2.3666668,0.3652083,Jambi
2023-08-25 00:00:00+00:00,25.484167,19.1,0.3663055,Jambi
2023-08-26 00:00:00+00:00,26.052917,6.966667,0.36887494,Jambi
2023-08-27 00:00:00+00:00,26.465416,3.7,0.36802772,Jambi
2023-08-28 00:00:00+00:00,25.765417,5.266666,0.37188888,Jambi
2023-08-29 00:00:00+00:00,25.901527,8.4,0.37245837,Jambi
2023-08-30 00:00:00+00:00,26.901525,1.0666667,0.37230554,Jambi
2023-08-31 00:00:00+00:00,26.777222,0.1,0.3710277,Jambi
2023-09-01 00:00:00+00:00,26.554998,0.0,0.3691667,Jambi
2023-09-02 00:00:00+00:00,27.17861,0.0,0.3677639,Jambi
2023-09-03 00:00:00+00:00,27.41125,0.033333335,0.36577773,Jambi
2023-09-04 00:00:00+00:00,27.145277,0.0,0.3646667,Jambi
2023-09-05 00:00:00+00:00,27.33,0.29999998,0.36281943,Jambi
2023-09-06 00:00:00+00:00,26.968887,4.0333333,0.36141667,Jambi
2023-09-07 00:00:00+00:00,26.932777,1.0000001,0.3603889,Jambi
2023-09-08 00:00:00+00:00,26.722364,3.0666666,0.35855556,Jambi
2023-09-09 00:00:00+00:00,25.654999,8.9,0.3581389,Jambi
2023-09-10 00:00:00+00:00,25.987638,4.6666665,0.35805556,Jambi
2023-09-11 00:00:00+00:00,26.842499,0.1,0.35622227,Jambi
2023-09-12 00:00:00+00:00,26.92861,0.26666668,0.35454163,Jambi
2023-09-13 00:00:00+00:00,27.468193,0.13333334,0.35256937,Jambi
2023-09-14 00:00:00+00:00,27.984861,0.033333335,0.3512778,Jambi
2023-09-15 00:00:00+00:00,28.009857,0.06666667,0.34961116,Jambi
2023-09-16 00:00:00+00:00,27.955694,0.36666667,0.34745827,Jambi
2023-09-17 00:00:00+00:00,27.66611,0.7,0.3456527,Jambi
2023-09-18 00:00:00+00:00,27.027222,6.6666665,0.3439583,Jambi
2023-09-19 00:00:00+00:00,26.643194,11.333333,0.3430694,Jambi
2023-09-20 00:00:00+00:00,25.78625,6.8333335,0.3405,Jambi
2023-09-21 00:00:00+00:00,25.729303,5.5,0.3403611,Jambi
2023-09-22 00:00:00+00:00,26.50361,2.8999999,0.34302774,Jambi
2023-09-23 00:00:00+00:00,26.856386,1.0666667,0.34450004,Jambi
2023-09-24 00:00:00+00:00,26.033472,2.9000003,0.34448612,Jambi
2023-09-25 00:00:00+00:00,27.15708,0.86666673,0.344625,Jambi
2023-09-26 00:00:00+00:00,28.077917,0.033333335,0.3437501,Jambi
2023-09-27 00:00:00+00:00,27.84111,0.0,0.34286118,Jambi
2023-09-28 00:00:00+00:00,27.970278,0.0,0.34126386,Jambi
2023-09-29 00:00:00+00:00,28.078608,0.16666667,0.34013882,Jambi
2023-09-30 00:00:00+00:00,28.07583,0.13333334,0.3399999,Jambi
2023-10-01 00:00:00+00:00,27.931387,2.9333334,0.34062505,Jambi
2023-10-02 00:00:00+00:00,28.064028,1.6333333,0.3405694,Jambi
2023-10-03 00:00:00+00:00,28.123055,0.33333337,0.34127775,Jambi
2023-10-04 00:00:00+00:00,28.231386,1.5333333,0.3425416,Jambi
2023-10-05 00:00:00+00:00,28.305695,7.4,0.34206948,Jambi
2023-10-06 00:00:00+00:00,27.929306,0.56666666,0.3404583,Jambi
2023-10-07 00:00:00+00:00,28.375137,0.033333335,0.339375,Jambi
2023-10-08 00:00:00+00:00,28.343191,2.4666665,0.33893052,Jambi
2023-10-09 00:00:00+00:00,27.93486,2.2666667,0.3379583,Jambi
2023-10-10 00:00:00+00:00,27.54111,15.566666,0.33733335,Jambi
2023-10-11 00:00:00+00:00,27.486944,3.4333332,0.33474997,Jambi
2023-10-12 00:00:00+00:00,28.13764,0.5,0.33391675,Jambi
2023-10-13 00:00:00+00:00,28.364723,0.46666673,0.3337501,Jambi
2023-10-14 00:00:00+00:00,28.655693,0.0,0.33343056,Jambi
2023-10-15 00:00:00+00:00,28.595276,3.9666665,0.33402777,Jambi
2023-10-16 00:00:00+00:00,28.838335,0.06666667,0.33325,Jambi
2023-10-17 00:00:00+00:00,29.024445,0.59999996,0.33304167,Jambi
2023-10-18 00:00:00+00:00,27.711248,8.566667,0.33358335,Jambi
2023-10-19 00:00:00+00:00,26.304998,17.533333,0.33441672,Jambi
2023-10-20 00:00:00+00:00,26.255,13.433334,0.33375004,Jambi
2023-10-21 00:00:00+00:00,27.127914,4.8333335,0.33372223,Jambi
2023-10-22 00:00:00+00:00,26.420973,6.566667,0.3347361,Jambi
2023-10-23 00:00:00+00:00,27.264723,5.9666667,0.3356389,Jambi
2023-10-24 00:00:00+00:00,25.975138,20.866667,0.33730555,Jambi
2023-10-25 00:00:00+00:00,26.109861,14.266666,0.3395973,Jambi
2023-10-26 00:00:00+00:00,27.024445,1.8333334,0.3451389,Jambi
2023-10-27 00:00:00+00:00,27.818192,0.4333333,0.34745833,Jambi
2023-10-28 00:00:00+00:00,26.631388,7.4,0.3478472,Jambi
2023-10-29 00:00:00+00:00,26.19111,6.8333335,0.3480694,Jambi
2023-10-30 00:00:00+00:00,26.889723,2.8666668,0.34812498,Jambi
2023-10-31 00:00:00+00:00,26.034166,11.833333,0.3481944,Jambi
2023-11-01 00:00:00+00:00,26.489027,10.133333,0.35380557,Jambi
2023-11-02 00:00:00+00:00,27.083471,1.7666668,0.3598195,Jambi
2023-11-03 00:00:00+00:00,27.234167,6.1666665,0.36245838,Jambi
2023-11-04 00:00:00+00:00,26.718887,8.433333,0.36523613,Jambi
2023-11-05 00:00:00+00:00,26.770277,8.933333,0.37201393,Jambi
2023-11-06 00:00:00+00:00,26.307081,8.433334,0.37341666,Jambi
2023-11-07 00:00:00+00:00,26.359167,4.8999996,0.37431946,Jambi
2023-11-08 00:00:00+00:00,27.171663,6.066667,0.37536108,Jambi
2023-11-09 00:00:00+00:00,26.333473,4.133333,0.37618053,Jambi
2023-11-10 00:00:00+00:00,27.76333,1.2333333,0.37516665,Jambi
2023-11-11 00:00:00+00:00,26.89319,8.566668,0.37412497,Jambi
2023-11-12 00:00:00+00:00,27.034859,3.1333334,0.37380552,Jambi
2023-11-13 00:00:00+00:00,27.068193,14.3,0.3751805,Jambi
2023-11-14 00:00:00+00:00,25.462637,14.433334,0.38755563,Jambi
2023-11-15 00:00:00+00:00,27.534164,8.9,0.38855562,Jambi
2023-11-16 00:00:00+00:00,26.67514,6.299999,0.3893055,Jambi
2023-11-17 00:00:00+00:00,26.78486,9.433333,0.39130554,Jambi
2023-11-18 00:00:00+00:00,27.083471,15.233333,0.39399996,Jambi
2023-11-19 00:00:00+00:00,26.498056,7.0,0.40211105,Jambi
2023-11-20 00:00:00+00:00,27.324446,4.2,0.40330556,Jambi
2023-11-21 00:00:00+00:00,26.555693,13.0,0.40743062,Jambi
2023-11-22 00:00:00+00:00,25.785555,12.933334,0.41008338,Jambi
2023-11-23 00:00:00+00:00,26.914026,14.633334,0.4141945,Jambi
2023-11-24 00:00:00+00:00,26.341803,25.033333,0.4154584,Jambi
2023-11-25 00:00:00+00:00,24.450834,7.7999997,0.4400972,Jambi
2023-11-26 00:00:00+00:00,26.259863,16.1,0.44568053,Jambi
2023-11-27 00:00:00+00:00,25.702917,16.433332,0.44958332,Jambi
2023-11-28 00:00:00+00:00,26.584167,12.866666,0.44830552,Jambi
2023-11-29 00:00:00+00:00,26.521667,29.833334,0.45015275,Jambi
2023-11-30 00:00:00+00:00,25.695276,11.333333,0.46337506,Jambi
2023-12-01 00:00:00+00:00,25.47236,10.400001,0.4648472,Jambi
2023-12-02 00:00:00+00:00,26.53972,44.400005,0.4650278,Jambi
2023-12-03 00:00:00+00:00,25.86125,9.233335,0.47126392,Jambi
2023-12-04 00:00:00+00:00,26.038332,3.0,0.47112498,Jambi
2023-12-05 00:00:00+00:00,26.262634,9.466667,0.46651387,Jambi
2023-12-06 00:00:00+00:00,25.375832,22.833334,0.4688612,Jambi
2023-12-07 00:00:00+00:00,26.41125,15.8,0.4645556,Jambi
2023-12-08 00:00:00+00:00,27.2675,14.799998,0.4595833,Jambi
2023-12-09 00:00:00+00:00,26.086945,9.666667,0.4610695,Jambi
2023-12-10 00:00:00+00:00,25.818193,12.466668,0.4648194,Jambi
2023-12-11 00:00:00+00:00,26.466112,20.3,0.4646945,Jambi
2023-12-12 00:00:00+00:00,26.249443,11.100001,0.468375,Jambi
2023-12-13 00:00:00+00:00,26.839027,19.933332,0.4664167,Jambi
2023-12-14 00:00:00+00:00,26.549444,7.533333,0.46284726,Jambi
2023-12-15 00:00:00+00:00,27.102913,11.466667,0.45968056,Jambi
2023-12-16 00:00:00+00:00,26.230003,6.066667,0.4573611,Jambi
2023-12-17 00:00:00+00:00,26.056387,15.766666,0.45856938,Jambi
2023-12-18 00:00:00+00:00,25.734858,8.766667,0.46269432,Jambi
2023-12-19 00:00:00+00:00,25.945974,16.166666,0.46591672,Jambi
2023-12-20 00:00:00+00:00,26.525137,21.633333,0.4677917,Jambi
2023-12-21 00:00:00+00:00,25.63486,15.466668,0.4741111,Jambi
2023-12-22 00:00:00+00:00,25.552223,13.066667,0.47661114,Jambi
2023-12-23 00:00:00+00:00,26.521667,5.6,0.47565278,Jambi
2023-12-24 00:00:00+00:00,26.637636,8.966667,0.4736667,Jambi
2023-12-25 00:00:00+00:00,26.09667,7.366667,0.47279167,Jambi
2023-12-26 00:00:00+00:00,26.225138,7.366668,0.4735417,Jambi
2023-12-27 00:00:00+00:00,25.829306,14.5666685,0.4737083,Jambi
2023-12-28 00:00:00+00:00,26.099443,17.466667,0.4730278,Jambi
2023-12-29 00:00:00+00:00,26.246666,34.93333,0.4763194,Jambi
2023-12-30 00:00:00+00:00,25.577917,16.699999,0.46718058,Jambi
2023-12-31 00:00:00+00:00,25.861944,29.466667,0.46912503,Jambi
2024-01-01 00:00:00+00:00,25.47236,11.066666,0.47201386,Jambi
2024-01-02 00:00:00+00:00,26.426527,28.9,0.47223616,Jambi
2024-01-03 00:00:00+00:00,26.32583,7.6666665,0.47201395,Jambi
2024-01-04 00:00:00+00:00,25.382776,6.766667,0.4670972,Jambi
2024-01-05 00:00:00+00:00,25.807083,20.233335,0.462625,Jambi
2024-01-06 00:00:00+00:00,25.456388,17.266666,0.46854162,Jambi
2024-01-07 00:00:00+00:00,25.959862,12.733334,0.47399998,Jambi
2024-01-08 00:00:00+00:00,25.468193,20.199999,0.47225,Jambi
2024-01-09 00:00:00+00:00,26.599442,24.833334,0.46988884,Jambi
2024-01-10 00:00:00+00:00,25.470972,12.566666,0.47583333,Jambi
2024-01-11 00:00:00+00:00,25.618195,16.7,0.47759727,Jambi
2024-01-12 00:00:00+00:00,25.416113,9.733334,0.48120832,Jambi
2024-01-13 00:00:00+00:00,26.199446,12.833333,0.47806945,Jambi
2024-01-14 00:00:00+00:00,26.01264,7.733334,0.47405556,Jambi
2024-01-15 00:00:00+00:00,26.041807,34.1,0.47383332,Jambi
2024-01-16 00:00:00+00:00,25.910555,8.433333,0.46908334,Jambi
2024-01-17 00:00:00+00:00,25.677917,13.599999,0.46647224,Jambi
2024-01-18 00:00:00+00:00,25.85222,15.900001,0.46477774,Jambi
2024-01-19 00:00:00+00:00,25.874445,7.800001,0.4668889,Jambi
2024-01-20 00:00:00+00:00,26.744583,2.1000001,0.46447217,Jambi
2024-01-21 00:00:00+00:00,26.831385,11.033334,0.46005556,Jambi
2024-01-22 00:00:00+00:00,27.26264,4.4666667,0.4609723,Jambi
2024-01-23 00:00:00+00:00,26.541803,24.433334,0.45694447,Jambi
2024-01-24 00:00:00+00:00,26.084166,17.133333,0.45634723,Jambi
2024-01-25 00:00:00+00:00,26.443193,19.866669,0.46204162,Jambi
2024-01-26 00:00:00+00:00,25.568193,8.533333,0.4678749,Jambi
2024-01-27 00:00:00+00:00,25.679304,8.833333,0.46781945,Jambi
2024-01-28 00:00:00+00:00,26.191805,4.9,0.46981946,Jambi
2024-01-29 00:00:00+00:00,26.45083,3.0,0.46629167,Jambi
2024-01-30 00:00:00+00:00,26.43,7.733333,0.46231937,Jambi
2024-01-31 00:00:00+00:00,27.152916,4.4,0.45705557,Jambi
2024-02-01 00:00:00+00:00,26.041113,17.233335,0.45418048,Jambi
2024-02-02 00:00:00+00:00,25.735552,9.400001,0.4581667,Jambi
2024-02-03 00:00:00+00:00,25.677221,10.600001,0.46444437,Jambi
2024-02-04 00:00:00+00:00,26.773748,8.133334,0.4668751,Jambi
2024-02-05 00:00:00+00:00,25.779306,17.166666,0.4665695,Jambi
2024-02-06 00:00:00+00:00,26.477224,15.2,0.4674028,Jambi
2024-02-07 00:00:00+00:00,26.031387,10.599999,0.46619454,Jambi
2024-02-08 00:00:00+00:00,26.527222,11.8,0.4650972,Jambi
2024-02-09 00:00:00+00:00,25.668196,10.566667,0.47361115,Jambi
2024-02-10 00:00:00+00:00,26.396667,3.2666671,0.47672215,Jambi
2024-02-11 00:00:00+00:00,26.05361,4.5,0.47158328,Jambi
2024-02-12 00:00:00+00:00,26.173752,4.7999997,0.4651806,Jambi
2024-02-13 00:00:00+00:00,25.38486,26.0,0.4606389,Jambi
2024-02-14 00:00:00+00:00,25.323053,20.633333,0.46884727,Jambi
2024-02-15 00:00:00+00:00,25.6425,22.233335,0.47347224,Jambi
2024-02-16 00:00:00+00:00,25.720278,40.199997,0.47894445,Jambi
2024-02-17 00:00:00+00:00,25.885553,9.633333,0.4664166,Jambi
2024-02-18 00:00:00+00:00,26.770279,8.266666,0.46261105,Jambi
2024-02-19 00:00:00+00:00,26.773056,12.599999,0.45818052,Jambi
2024-02-20 00:00:00+00:00,26.600138,11.866666,0.4544306,Jambi
2024-02-21 00:00:00+00:00,26.24111,13.066667,0.45052776,Jambi
2024-02-22 00:00:00+00:00,26.978613,3.2666664,0.44636115,Jambi
2024-02-23 00:00:00+00:00,26.226526,32.2,0.44670832,Jambi
2024-02-24 00:00:00+00:00,25.832779,14.600001,0.45920834,Jambi
2024-02-25 00:00:00+00:00,26.155691,8.700001,0.46201384,Jambi
2024-02-26 00:00:00+00:00,27.108473,2.1999998,0.46054164,Jambi
2024-02-27 00:00:00+00:00,26.596666,5.2333336,0.45748612,Jambi
2024-02-28 00:00:00+00:00,25.51264,23.199999,0.45765278,Jambi
2024-02-29 00:00:00+00:00,27.668196,1.0,0.45508334,Jambi
2024-03-01 00:00:00+00:00,27.922363,5.6999993,0.45138893,Jambi
2024-03-02 00:00:00+00:00,26.645277,13.166667,0.4620417,Jambi
2024-03-03 00:00:00+00:00,25.816109,30.200003,0.46966672,Jambi
2024-03-04 00:00:00+00:00,26.157776,30.333334,0.47402778,Jambi
2024-03-05 00:00:00+00:00,26.818888,21.5,0.47805557,Jambi
2024-03-06 00:00:00+00:00,26.812637,22.566668,0.47993064,Jambi
2024-03-07 00:00:00+00:00,26.572363,36.399998,0.48247218,Jambi
2024-03-08 00:00:00+00:00,25.725832,3.5,0.4841945,Jambi
2024-03-09 00:00:00+00:00,25.927916,7.9333344,0.47497225,Jambi
2024-03-10 00:00:00+00:00,26.698057,18.199999,0.4688888,Jambi
2024-03-11 00:00:00+00:00,26.668192,1.1333333,0.4702361,Jambi
2024-03-12 00:00:00+00:00,27.345276,8.333333,0.46413887,Jambi
2024-03-13 00:00:00+00:00,27.501528,0.13333334,0.45811108,Jambi
2024-03-14 00:00:00+00:00,27.52653,11.5,0.4505417,Jambi
2024-03-15 00:00:00+00:00,27.578608,0.4,0.44297215,Jambi
2024-03-16 00:00:00+00:00,27.209862,5.7000003,0.4366666,Jambi
2024-03-17 00:00:00+00:00,27.059862,9.766666,0.43052772,Jambi
2024-03-18 00:00:00+00:00,27.520971,2.6000001,0.4243889,Jambi
2024-03-19 00:00:00+00:00,26.836945,10.933333,0.42077777,Jambi
2024-03-20 00:00:00+00:00,26.270973,25.200003,0.42004168,Jambi
2024-03-21 00:00:00+00:00,26.36125,4.5,0.42290273,Jambi
2024-03-22 00:00:00+00:00,26.932777,13.299999,0.42216668,Jambi
2024-03-23 00:00:00+00:00,26.88764,6.5,0.42501387,Jambi
2024-03-24 00:00:00+00:00,27.004305,5.0666666,0.42313895,Jambi
2024-03-25 00:00:00+00:00,26.779999,6.0333343,0.42020833,Jambi
2024-03-26 00:00:00+00:00,27.575834,4.1333337,0.41676393,Jambi
2024-03-27 00:00:00+00:00,27.18139,3.2666664,0.41323605,Jambi
2024-03-28 00:00:00+00:00,27.003609,6.1666665,0.4093473,Jambi
2024-03-29 00:00:00+00:00,26.557083,9.700001,0.40623608,Jambi
2024-03-30 00:00:00+00:00,26.705696,12.533334,0.40688887,Jambi
2024-03-31 00:00:00+00:00,27.206388,7.0333333,0.41281936,Jambi
2024-04-01 00:00:00+00:00,26.639725,16.866667,0.41743055,Jambi
2024-04-02 00:00:00+00:00,27.5675,8.966667,0.42513886,Jambi
2024-04-03 00:00:00+00:00,26.783472,17.866667,0.433125,Jambi
2024-04-04 00:00:00+00:00,27.052917,21.9,0.43633333,Jambi
2024-04-05 00:00:00+00:00,26.859863,14.2,0.4394444,Jambi
2024-04-06 00:00:00+00:00,26.60708,20.5,0.44125,Jambi
2024-04-07 00:00:00+00:00,26.20986,22.333334,0.44641665,Jambi
2024-04-08 00:00:00+00:00,26.695276,13.966667,0.4563055,Jambi
2024-04-09 00:00:00+00:00,26.66125,21.6,0.45841667,Jambi
2024-04-10 00:00:00+00:00,26.254305,21.866667,0.46315274,Jambi
2024-04-11 00:00:00+00:00,25.769583,13.633334,0.47011116,Jambi
2024-04-12 00:00:00+00:00,26.47722,12.3,0.46690276,Jambi
2024-04-13 00:00:00+00:00,27.261248,7.7333336,0.4607083,Jambi
2024-04-14 00:00:00+00:00,26.816809,19.0,0.46136108,Jambi
2024-04-15 00:00:00+00:00,26.977915,11.866666,0.4661111,Jambi
2024-04-16 00:00:00+00:00,26.04528,15.533334,0.46868062,Jambi
2024-04-17 00:00:00+00:00,26.654999,11.233334,0.4751667,Jambi
2024-04-18 00:00:00+00:00,26.610556,15.266667,0.47394443,Jambi
2024-04-19 00:00:00+00:00,26.830694,22.133333,0.47404167,Jambi
2024-04-20 00:00:00+00:00,25.843195,27.266668,0.48237503,Jambi
2024-04-21 00:00:00+00:00,27.305,14.899999,0.48124996,Jambi
2024-04-22 00:00:00+00:00,27.185555,10.933333,0.47543058,Jambi
2024-04-23 00:00:00+00:00,26.795279,35.233334,0.47397223,Jambi
2024-04-24 00:00:00+00:00,27.630693,4.2999997,0.4731528,Jambi
2024-04-25 00:00:00+00:00,26.961248,15.5,0.46826386,Jambi
2024-04-26 00:00:00+00:00,26.908472,20.0,0.4662778,Jambi
2024-04-27 00:00:00+00:00,26.77236,14.733334,0.46747223,Jambi
2024-04-28 00:00:00+00:00,27.43625,2.0333333,0.4645417,Jambi
2024-04-29 00:00:00+00:00,27.94111,0.93333334,0.46148607,Jambi
2024-04-30 00:00:00+00:00,28.174444,11.099999,0.45740274,Jambi
2024-05-01 00:00:00+00:00,27.06472,6.5,0.4537778,Jambi
2024-05-02 00:00:00+00:00,26.83,18.933334,0.45137504,Jambi
2024-05-03 00:00:00+00:00,26.875834,14.366668,0.44843057,Jambi
2024-05-04 00:00:00+00:00,25.975142,12.333333,0.45319447,Jambi
2024-05-05 00:00:00+00:00,27.051527,11.666667,0.4518611,Jambi
2024-05-06 00:00:00+00:00,26.923056,14.833335,0.44962502,Jambi
2024-05-07 00:00:00+00:00,26.432775,18.633333,0.45270836,Jambi
2024-05-08 00:00:00+00:00,26.407084,9.966666,0.4581667,Jambi
2024-05-09 00:00:00+00:00,27.666807,16.433334,0.45997223,Jambi
2024-05-10 00:00:00+00:00,26.904305,12.766667,0.45975003,Jambi
2024-05-11 00:00:00+00:00,27.027918,27.733335,0.45711112,Jambi
2024-05-12 00:00:00+00:00,26.736944,15.366666,0.45847222,Jambi
2024-05-13 00:00:00+00:00,26.898056,13.100001,0.45898613,Jambi
2024-05-14 00:00:00+00:00,26.768194,28.999998,0.46644446,Jambi
2024-05-15 00:00:00+00:00,26.851526,8.466667,0.4682777,Jambi
2024-05-16 00:00:00+00:00,27.214722,2.8,0.46756947,Jambi
2024-05-17 00:00:00+00:00,28.256388,0.53333336,0.46500003,Jambi
2024-05-18 00:00:00+00:00,27.841806,2.7,0.4597777,Jambi
2024-05-19 00:00:00+00:00,27.123056,7.2999997,0.45426384,Jambi
2024-05-20 00:00:00+00:00,27.339025,10.599999,0.4499167,Jambi
2024-05-21 00:00:00+00:00,27.722359,14.733335,0.44548616,Jambi
2024-05-22 00:00:00+00:00,25.823751,32.066666,0.45551383,Jambi
2024-05-23 00:00:00+00:00,27.243887,11.833335,0.4691389,Jambi
2024-05-24 00:00:00+00:00,26.801529,18.96667,0.4702084,Jambi
2024-05-25 00:00:00+00:00,26.71125,19.933332,0.47002777,Jambi
2024-05-26 00:00:00+00:00,27.267502,0.0,0.47080556,Jambi
2024-05-27 00:00:00+00:00,27.220972,13.666667,0.4685695,Jambi
2024-05-28 00:00:00+00:00,28.16125,5.8000007,0.4671389,Jambi
2024-05-29 00:00:00+00:00,27.427916,24.266668,0.46443057,Jambi
2024-05-30 00:00:00+00:00,27.75708,6.7666664,0.46379164,Jambi
2024-05-31 00:00:00+00:00,26.765413,11.933334,0.4633472,Jambi
2024-06-01 00:00:00+00:00,26.391806,3.0,0.46320835,Jambi
2024-06-02 00:00:00+00:00,26.850136,9.266666,0.46101388,Jambi
2024-06-03 00:00:00+00:00,27.052917,8.033334,0.4611527,Jambi
2024-06-04 00:00:00+00:00,27.275833,4.633333,0.45797217,Jambi
2024-06-05 00:00:00+00:00,27.592499,5.333334,0.4545139,Jambi
2024-06-06 00:00:00+00:00,26.338333,15.266666,0.45087495,Jambi
2024-06-07 00:00:00+00:00,26.825834,5.8333335,0.44765282,Jambi
2024-06-08 00:00:00+00:00,26.493195,9.666667,0.44493058,Jambi
2024-06-09 00:00:00+00:00,26.356386,8.966667,0.44241667,Jambi
2024-06-10 00:00:00+00:00,27.61611,2.5666666,0.43955553,Jambi
2024-06-11 00:00:00+00:00,26.675833,5.8000007,0.43655553,Jambi
2024-06-12 00:00:00+00:00,26.518888,3.9000003,0.43515274,Jambi
2024-06-13 00:00:00+00:00,26.711945,11.0,0.43466663,Jambi
2024-06-14 00:00:00+00:00,26.666107,6.9666667,0.43456948,Jambi
2024-06-15 00:00:00+00:00,26.59875,10.433333,0.44873604,Jambi
2024-06-16 00:00:00+00:00,26.224443,12.933333,0.4499166,Jambi
2024-06-17 00:00:00+00:00,26.048752,5.2333336,0.45013884,Jambi
2024-06-18 00:00:00+00:00,26.106386,11.599999,0.45516667,Jambi
2024-06-19 00:00:00+00:00,27.193192,7.466667,0.4575694,Jambi
2024-06-20 00:00:00+00:00,26.05361,4.4333334,0.45695832,Jambi
2024-06-21 00:00:00+00:00,25.781387,19.1,0.45479175,Jambi
2024-06-22 00:00:00+00:00,25.32514,3.3000002,0.45497224,Jambi
2024-06-23 00:00:00+00:00,27.041113,0.16666667,0.45177773,Jambi
2024-06-24 00:00:00+00:00,26.885553,2.8,0.44802785,Jambi
2024-06-25 00:00:00+00:00,26.535555,3.8333333,0.4443055,Jambi
2024-06-26 00:00:00+00:00,26.579306,7.9,0.44006944,Jambi
2024-06-27 00:00:00+00:00,26.407776,6.700001,0.4358333,Jambi
2024-06-28 00:00:00+00:00,26.1175,14.066666,0.43336108,Jambi
2024-06-29 00:00:00+00:00,26.686249,11.066667,0.43111107,Jambi
2024-06-30 00:00:00+00:00,26.551529,2.1000001,0.4284861,Jambi
2024-07-01 00:00:00+00:00,26.530695,3.5666666,0.42609724,Jambi
2024-07-02 00:00:00+00:00,26.748055,8.533335,0.4223889,Jambi
2024-07-03 00:00:00+00:00,26.88,12.433334,0.41861114,Jambi
2024-07-04 00:00:00+00:00,26.538336,1.1999999,0.4165417,Jambi
2024-07-05 00:00:00+00:00,26.895277,3.8,0.41477776,Jambi
2024-07-06 00:00:00+00:00,25.741806,3.5333335,0.4132084,Jambi
2024-07-07 00:00:00+00:00,26.429998,6.1,0.4115416,Jambi
2024-07-08 00:00:00+00:00,26.057083,2.7,0.41002774,Jambi
2024-07-09 00:00:00+00:00,26.736946,3.9666665,0.40862504,Jambi
2024-07-10 00:00:00+00:00,25.898056,16.966667,0.40805563,Jambi
2024-07-11 00:00:00+00:00,26.611252,0.13333334,0.40619454,Jambi
2024-07-12 00:00:00+00:00,26.18625,4.3666663,0.4037222,Jambi
2024-07-13 00:00:00+00:00,26.611252,1.6666666,0.40201387,Jambi
2024-07-14 00:00:00+00:00,26.810555,0.16666667,0.39998612,Jambi
2024-07-15 00:00:00+00:00,26.938334,3.4666672,0.3976666,Jambi
2024-07-16 00:00:00+00:00,26.846666,0.033333335,0.39461112,Jambi
2024-07-17 00:00:00+00:00,27.236944,0.06666667,0.3915139,Jambi
2024-07-18 00:00:00+00:00,27.560555,1.3333334,0.3885,Jambi
2024-07-19 00:00:00+00:00,27.748053,0.23333335,0.38523617,Jambi
2024-07-20 00:00:00+00:00,27.897362,0.16666667,0.38133326,Jambi
2024-07-21 00:00:00+00:00,28.423752,0.0,0.37729165,Jambi
2024-07-22 00:00:00+00:00,28.695276,0.033333335,0.37333336,Jambi
2024-07-23 00:00:00+00:00,28.186945,0.06666667,0.36949995,Jambi
2024-07-24 00:00:00+00:00,27.85083,0.0,0.36583337,Jambi
2024-07-25 00:00:00+00:00,28.314722,0.0,0.36136112,Jambi
2024-07-26 00:00:00+00:00,28.222359,0.06666667,0.35788885,Jambi
2024-07-27 00:00:00+00:00,28.609858,0.0,0.35566667,Jambi
2024-07-28 00:00:00+00:00,28.830694,0.06666667,0.35334727,Jambi
2024-07-29 00:00:00+00:00,28.157084,1.4000001,0.35061106,Jambi
2024-07-30 00:00:00+00:00,28.175135,2.5,0.34811115,Jambi
2024-07-31 00:00:00+00:00,28.427917,0.5666667,0.34511113,Jambi
2024-08-01 00:00:00+00:00,28.681389,0.36666667,0.34290278,Jambi
2024-08-02 00:00:00+00:00,27.802917,6.7000003,0.34068057,Jambi
2024-08-03 00:00:00+00:00,26.766111,15.633332,0.33759722,Jambi
2024-08-04 00:00:00+00:00,27.34667,2.9333334,0.3353195,Jambi
2024-08-05 00:00:00+00:00,27.730001,1.7666665,0.33280554,Jambi
2024-08-06 00:00:00+00:00,28.063334,0.4,0.32986104,Jambi
2024-08-07 00:00:00+00:00,28.243889,0.13333334,0.32679167,Jambi
2024-08-08 00:00:00+00:00,27.507776,1.7666668,0.3231111,Jambi
2024-08-09 00:00:00+00:00,26.836945,9.233334,0.32018057,Jambi
2024-08-10 00:00:00+00:00,27.576529,4.7999997,0.31773612,Jambi
2024-08-11 00:00:00+00:00,27.902222,0.0,0.31281948,Jambi
2024-08-12 00:00:00+00:00,28.261942,0.16666667,0.3087778,Jambi
2024-08-13 00:00:00+00:00,28.386942,0.26666668,0.30562496,Jambi
2024-08-14 00:00:00+00:00,28.682777,1.1,0.3034861,Jambi
2024-08-15 00:00:00+00:00,27.809166,4.066666,0.3002777,Jambi
2024-08-16 00:00:00+00:00,27.251528,3.3000002,0.29809725,Jambi
2024-08-17 00:00:00+00:00,28.627914,0.5,0.2974861,Jambi
2024-08-18 00:00:00+00:00,27.657778,2.7333333,0.29490277,Jambi
2024-08-19 00:00:00+00:00,27.491112,4.0333333,0.29127777,Jambi
2024-08-20 00:00:00+00:00,26.468193,4.333333,0.2888611,Jambi
2024-08-21 00:00:00+00:00,27.373056,3.1666663,0.28812507,Jambi
2024-08-22 00:00:00+00:00,26.661947,23.466665,0.28745833,Jambi
2024-08-23 00:00:00+00:00,25.748749,7.2999997,0.2879722,Jambi
2024-08-24 00:00:00+00:00,26.959167,7.2333336,0.28905556,Jambi
2024-08-25 00:00:00+00:00,26.964027,1.3666668,0.29070836,Jambi
2024-08-26 00:00:00+00:00,27.94736,0.56666666,0.29056942,Jambi
2024-08-27 00:00:00+00:00,28.068193,3.4333332,0.28905553,Jambi
2024-08-28 00:00:00+00:00,27.161943,0.1,0.288,Jambi
2024-08-29 00:00:00+00:00,28.18486,0.13333334,0.28758332,Jambi
2024-08-30 00:00:00+00:00,28.164026,0.36666667,0.28640282,Jambi
2024-08-31 00:00:00+00:00,28.38764,1.5666666,0.28386113,Jambi
2024-09-01 00:00:00+00:00,27.70986,4.233333,0.28211114,Jambi
2024-09-02 00:00:00+00:00,29.154999,0.86666673,0.28138897,Jambi
2024-09-03 00:00:00+00:00,28.684168,6.2666664,0.28086117,Jambi
2024-09-04 00:00:00+00:00,27.439026,4.4333334,0.28050002,Jambi
2024-09-05 00:00:00+00:00,27.698751,3.866667,0.2805417,Jambi
2024-09-06 00:00:00+00:00,29.229998,0.16666667,0.28080556,Jambi
2024-09-07 00:00:00+00:00,28.82236,0.43333337,0.28075,Jambi
2024-09-08 00:00:00+00:00,27.75986,4.4,0.28027782,Jambi
2024-09-09 00:00:00+00:00,26.093195,25.200003,0.27975002,Jambi
2024-09-10 00:00:00+00:00,27.123053,1.5666667,0.279375,Jambi
2024-09-11 00:00:00+00:00,26.275139,38.166668,0.27959725,Jambi
2024-09-12 00:00:00+00:00,25.405,8.500001,0.30075002,Jambi
2024-09-13 00:00:00+00:00,27.05361,3.1666667,0.30986115,Jambi
2024-09-14 00:00:00+00:00,26.730692,10.466666,0.3157361,Jambi
2024-09-15 00:00:00+00:00,26.43,9.433333,0.3187222,Jambi
2024-09-16 00:00:00+00:00,26.572363,1.3000001,0.3202083,Jambi
2024-09-17 00:00:00+00:00,27.022362,7.466667,0.32069442,Jambi
2024-09-18 00:00:00+00:00,27.339722,0.033333335,0.32011113,Jambi
2024-09-19 00:00:00+00:00,27.858469,0.0,0.31875,Jambi
2024-09-20 00:00:00+00:00,28.293886,0.33333334,0.31713888,Jambi
2024-09-21 00:00:00+00:00,27.953608,1.0,0.31620833,Jambi
2024-09-22 00:00:00+00:00,28.469584,0.5,0.31516662,Jambi
2024-09-23 00:00:00+00:00,27.46125,10.166667,0.3144305,Jambi
2024-09-24 00:00:00+00:00,25.99736,18.933334,0.31448606,Jambi
2024-09-25 00:00:00+00:00,26.412638,31.199999,0.31740272,Jambi
2024-09-26 00:00:00+00:00,25.73139,2.6333332,0.32772216,Jambi
2024-09-27 00:00:00+00:00,27.3675,6.5,0.33070835,Jambi
2024-09-28 00:00:00+00:00,26.43625,10.3,0.33233333,Jambi
2024-09-29 00:00:00+00:00,25.902918,8.433333,0.33712497,Jambi
2024-09-30 00:00:00+00:00,26.314028,6.7000003,0.34047222,Jambi
2024-10-01 00:00:00+00:00,26.516806,17.633335,0.3427361,Jambi
2024-10-02 00:00:00+00:00,26.882776,1.8666667,0.34613892,Jambi
2024-10-03 00:00:00+00:00,26.445276,16.6,0.34909722,Jambi
2024-10-04 00:00:00+00:00,25.544584,14.533336,0.35656944,Jambi
2024-10-05 00:00:00+00:00,26.198053,33.8,0.36358333,Jambi
2024-10-06 00:00:00+00:00,26.795969,2.133333,0.3754861,Jambi
2024-10-07 00:00:00+00:00,27.511946,0.2,0.3782778,Jambi
2024-10-08 00:00:00+00:00,27.475136,0.29999998,0.3782083,Jambi
2024-10-09 00:00:00+00:00,26.986944,6.766667,0.37793055,Jambi
2024-10-10 00:00:00+00:00,27.43486,4.4666667,0.37729168,Jambi
2024-10-11 00:00:00+00:00,26.279999,14.366666,0.38044444,Jambi
2024-10-12 00:00:00+00:00,26.161943,15.733333,0.38825002,Jambi
2024-10-13 00:00:00+00:00,26.439722,16.166666,0.40034723,Jambi
2024-10-14 00:00:00+00:00,26.12375,12.833333,0.4208056,Jambi
2024-10-15 00:00:00+00:00,27.152222,2.3333333,0.431375,Jambi
2024-10-16 00:00:00+00:00,27.917501,1.0333333,0.43065277,Jambi
2024-10-17 00:00:00+00:00,28.045279,0.13333334,0.42786112,Jambi
2024-10-18 00:00:00+00:00,27.673058,0.43333337,0.42537498,Jambi
2024-10-19 00:00:00+00:00,26.858473,2.5666668,0.424,Jambi
2024-10-20 00:00:00+00:00,27.80014,0.6333334,0.4210417,Jambi
2024-10-21 00:00:00+00:00,27.35083,2.7333333,0.41927776,Jambi
2024-10-22 00:00:00+00:00,27.197357,6.2999997,0.41775,Jambi
2024-10-23 00:00:00+00:00,26.973055,5.6666665,0.41473615,Jambi
2024-10-24 00:00:00+00:00,27.405693,3.3999999,0.41250005,Jambi
2024-10-25 00:00:00+00:00,28.023056,0.33333334,0.40986118,Jambi
2024-10-26 00:00:00+00:00,28.526525,8.033333,0.40763888,Jambi
2024-10-27 00:00:00+00:00,28.582087,0.13333334,0.40463898,Jambi
2024-10-28 00:00:00+00:00,28.47236,0.4,0.40198612,Jambi
2024-10-29 00:00:00+00:00,29.1925,0.0,0.39973605,Jambi
2024-10-30 00:00:00+00:00,29.124443,2.4333334,0.3968611,Jambi
2024-10-31 00:00:00+00:00,27.232779,3.2666671,0.39511117,Jambi
2024-11-01 00:00:00+00:00,27.356386,7.566667,0.39261103,Jambi
2024-11-02 00:00:00+00:00,26.275835,13.833333,0.39193055,Jambi
2024-11-03 00:00:00+00:00,26.179998,30.366669,0.39188883,Jambi
2024-11-04 00:00:00+00:00,25.549444,0.6666667,0.39598617,Jambi
2024-11-05 00:00:00+00:00,26.75222,20.266668,0.39966664,Jambi
2024-11-06 00:00:00+00:00,26.05361,5.033333,0.41073617,Jambi
2024-11-07 00:00:00+00:00,26.061249,12.133334,0.42040277,Jambi
2024-11-08 00:00:00+00:00,26.857084,8.566667,0.43522218,Jambi
2024-11-09 00:00:00+00:00,26.11125,9.333333,0.43705562,Jambi
2024-11-10 00:00:00+00:00,26.54458,11.533333,0.43815276,Jambi
2024-11-11 00:00:00+00:00,26.843887,31.733332,0.44295833,Jambi
2024-11-12 00:00:00+00:00,26.239721,7.2666664,0.4206805,Jambi
2024-11-13 00:00:00+00:00,26.052917,6.4666667,0.38916674,Jambi
2024-11-14 00:00:00+00:00,25.833473,11.133334,0.3940556,Jambi
2024-11-15 00:00:00+00:00,26.782776,7.3333335,0.39866665,Jambi
2024-11-16 00:00:00+00:00,26.276527,21.733335,0.3992778,Jambi
2024-11-17 00:00:00+00:00,26.081388,12.7,0.40373614,Jambi
2024-11-18 00:00:00+00:00,25.686943,13.866668,0.40940273,Jambi
2024-11-19 00:00:00+00:00,25.79111,18.466667,0.41540277,Jambi
2024-11-20 00:00:00+00:00,25.789724,16.033335,0.42456946,Jambi
2024-11-21 00:00:00+00:00,26.305693,13.899999,0.4337361,Jambi
2024-11-22 00:00:00+00:00,26.043892,25.833334,0.44168055,Jambi
2024-11-23 00:00:00+00:00,25.704302,13.066667,0.45700002,Jambi
2024-11-24 00:00:00+00:00,26.24111,6.3333335,0.46156946,Jambi
2024-11-25 00:00:00+00:00,26.91472,7.566667,0.4600277,Jambi
2024-11-26 00:00:00+00:00,26.059166,21.199999,0.4620277,Jambi
2024-11-27 00:00:00+00:00,25.836945,9.233333,0.46390286,Jambi
2024-11-28 00:00:00+00:00,26.029306,18.333334,0.46273613,Jambi
2024-11-29 00:00:00+00:00,25.205694,4.9999995,0.4663889,Jambi
2024-11-30 00:00:00+00:00,27.22722,0.8,0.4652083,Jambi
2024-12-01 00:00:00+00:00,27.309166,9.366666,0.46243048,Jambi
2024-12-02 00:00:00+00:00,25.668886,13.866666,0.46583334,Jambi
2024-12-03 00:00:00+00:00,26.058472,1.0333333,0.46694446,Jambi
2024-12-04 00:00:00+00:00,26.850836,0.6,0.4648055,Jambi
2024-12-05 00:00:00+00:00,27.41333,0.13333334,0.46004167,Jambi
2024-12-06 00:00:00+00:00,27.476526,0.1,0.4567083,Jambi
2024-12-07 00:00:00+00:00,26.691803,9.700001,0.4560834,Jambi
2024-12-08 00:00:00+00:00,27.652918,9.766667,0.45530558,Jambi
2024-12-09 00:00:00+00:00,27.565414,1.4,0.4525417,Jambi
2024-12-10 00:00:00+00:00,27.696669,1.6333332,0.44825006,Jambi
2024-12-11 00:00:00+00:00,27.29389,8.500001,0.44129166,Jambi
2024-12-12 00:00:00+00:00,26.848747,20.666666,0.43873605,Jambi
2024-12-13 00:00:00+00:00,26.787636,0.1,0.43750003,Jambi
2024-12-14 00:00:00+00:00,27.329308,7.7666664,0.4374583,Jambi
2024-12-15 00:00:00+00:00,27.199442,3.3999999,0.43576393,Jambi
2024-12-16 00:00:00+00:00,26.600142,15.700002,0.43116665,Jambi
2024-12-17 00:00:00+00:00,26.051527,15.366666,0.42730555,Jambi
2024-12-18 00:00:00+00:00,26.141111,20.066668,0.4240694,Jambi
2024-12-19 00:00:00+00:00,26.052917,2.4666665,0.42258334,Jambi
2024-12-20 00:00:00+00:00,25.877222,14.600001,0.42072228,Jambi
2024-12-21 00:00:00+00:00,25.78625,11.900001,0.41840282,Jambi
2024-12-22 00:00:00+00:00,26.007776,11.8,0.41551387,Jambi
2024-12-23 00:00:00+00:00,25.565416,20.333332,0.42154166,Jambi
2024-12-24 00:00:00+00:00,25.98208,10.733334,0.42865276,Jambi
2024-12-25 00:00:00+00:00,26.504303,4.866667,0.4304861,Jambi
2024-12-26 00:00:00+00:00,25.69042,10.533334,0.43176392,Jambi
2024-12-27 00:00:00+00:00,26.820974,4.2,0.4311389,Jambi
2024-12-28 00:00:00+00:00,26.757082,4.4666667,0.42876387,Jambi
2024-12-29 00:00:00+00:00,26.259165,6.7999997,0.4255556,Jambi
2024-12-30 00:00:00+00:00,25.551527,7.633333,0.42334723,Jambi
2024-12-31 00:00:00+00:00,26.431387,16.266668,0.4209584,Jambi
2021-01-01 00:00:00+00:00,25.44539,6.1,0.48843053,South Sumatra
2021-01-02 00:00:00+00:00,25.580809,1.6,0.48606953,South Sumatra
2021-01-03 00:00:00+00:00,26.199554,17.233332,0.48355556,South Sumatra
2021-01-04 00:00:00+00:00,25.773169,0.4666667,0.4843472,South Sumatra
2021-01-05 00:00:00+00:00,26.47525,6.7666664,0.48370835,South Sumatra
2021-01-06 00:00:00+00:00,25.496778,18.266668,0.4836112,South Sumatra
2021-01-07 00:00:00+00:00,26.03775,3.2666664,0.4863472,South Sumatra
2021-01-08 00:00:00+00:00,26.069,13.833333,0.4864305,South Sumatra
2021-01-09 00:00:00+00:00,24.63914,15.866668,0.48970833,South Sumatra
2021-01-10 00:00:00+00:00,25.28775,1.3333334,0.49001387,South Sumatra
2021-01-11 00:00:00+00:00,25.482887,13.7,0.4893055,South Sumatra
2021-01-12 00:00:00+00:00,23.894003,16.833334,0.4994444,South Sumatra
2021-01-13 00:00:00+00:00,23.941916,8.766667,0.5114166,South Sumatra
2021-01-14 00:00:00+00:00,24.33011,5.0,0.5142778,South Sumatra
2021-01-15 00:00:00+00:00,25.535666,1.4333334,0.51208335,South Sumatra
2021-01-16 00:00:00+00:00,26.273863,7.8000007,0.50838894,South Sumatra
2021-01-17 00:00:00+00:00,24.820389,22.933334,0.5067083,South Sumatra
2021-01-18 00:00:00+00:00,24.5315,4.166667,0.50981945,South Sumatra
2021-01-19 00:00:00+00:00,25.244696,1.8000002,0.5086944,South Sumatra
2021-01-20 00:00:00+00:00,25.914139,12.133334,0.5055695,South Sumatra
2021-01-21 00:00:00+00:00,26.00164,5.5,0.50284725,South Sumatra
2021-01-22 00:00:00+00:00,26.493307,0.9000001,0.49854168,South Sumatra
2021-01-23 00:00:00+00:00,25.634974,12.366668,0.4944861,South Sumatra
2021-01-24 00:00:00+00:00,25.096779,15.8,0.4921806,South Sumatra
2021-01-25 00:00:00+00:00,24.891916,12.966667,0.49270836,South Sumatra
2021-01-26 00:00:00+00:00,24.457888,19.300001,0.50098616,South Sumatra
2021-01-27 00:00:00+00:00,25.373861,2.1666667,0.5005416,South Sumatra
2021-01-28 00:00:00+00:00,24.057196,9.866668,0.50337505,South Sumatra
2021-01-29 00:00:00+00:00,25.049555,3.4999998,0.5057083,South Sumatra
2021-01-30 00:00:00+00:00,24.869001,15.433333,0.50430566,South Sumatra
2021-01-31 00:00:00+00:00,24.784971,5.566666,0.50308335,South Sumatra
2021-02-01 00:00:00+00:00,25.345388,16.300001,0.502875,South Sumatra
2021-02-02 00:00:00+00:00,25.175943,14.099999,0.50759715,South Sumatra
2021-02-03 00:00:00+00:00,25.36136,6.8000007,0.5085694,South Sumatra
2021-02-04 00:00:00+00:00,25.5815,6.1666675,0.5060416,South Sumatra
2021-02-05 00:00:00+00:00,26.114138,1.1,0.50343055,South Sumatra
2021-02-06 00:00:00+00:00,26.282196,3.4333332,0.50054175,South Sumatra
2021-02-07 00:00:00+00:00,26.132195,4.566667,0.4969028,South Sumatra
2021-02-08 00:00:00+00:00,26.41622,3.4666665,0.49263883,South Sumatra
2021-02-09 00:00:00+00:00,26.646082,1.9000002,0.48829174,South Sumatra
2021-02-10 00:00:00+00:00,26.189138,8.933333,0.48399997,South Sumatra
2021-02-11 00:00:00+00:00,25.714136,24.900002,0.4831806,South Sumatra
2021-02-12 00:00:00+00:00,25.33011,19.400002,0.4873334,South Sumatra
2021-02-13 00:00:00+00:00,25.63636,16.666666,0.4916111,South Sumatra
2021-02-14 00:00:00+00:00,25.219,11.400001,0.49706945,South Sumatra
2021-02-15 00:00:00+00:00,25.403028,11.366666,0.49902782,South Sumatra
2021-02-16 00:00:00+00:00,25.450945,12.100001,0.5015417,South Sumatra
2021-02-17 00:00:00+00:00,25.388445,11.266666,0.5001945,South Sumatra
2021-02-18 00:00:00+00:00,24.277334,12.100001,0.50862503,South Sumatra
2021-02-19 00:00:00+00:00,25.255806,2.0333333,0.51006955,South Sumatra
2021-02-20 00:00:00+00:00,25.189138,6.566667,0.5071667,South Sumatra
2021-02-21 00:00:00+00:00,25.694696,4.066666,0.50394434,South Sumatra
2021-02-22 00:00:00+00:00,25.569,21.366667,0.50725,South Sumatra
2021-02-23 00:00:00+00:00,25.301636,6.366667,0.5032639,South Sumatra
2021-02-24 00:00:00+00:00,25.72525,7.566667,0.5002778,South Sumatra
2021-02-25 00:00:00+00:00,26.230806,4.8333335,0.49690282,South Sumatra
2021-02-26 00:00:00+00:00,25.909971,4.8,0.4937639,South Sumatra
2021-02-27 00:00:00+00:00,26.806501,0.4,0.49004164,South Sumatra
2021-02-28 00:00:00+00:00,26.4065,5.2000003,0.48581943,South Sumatra
2021-03-01 00:00:00+00:00,26.312056,8.733333,0.4816389,South Sumatra
2021-03-02 00:00:00+00:00,26.021082,32.899998,0.4828334,South Sumatra
2021-03-03 00:00:00+00:00,25.737753,4.6666665,0.48695838,South Sumatra
2021-03-04 00:00:00+00:00,26.684973,2.5333333,0.48344445,South Sumatra
2021-03-05 00:00:00+00:00,25.94261,8.266666,0.479236,South Sumatra
2021-03-06 00:00:00+00:00,25.71483,27.866667,0.48019442,South Sumatra
2021-03-07 00:00:00+00:00,24.628723,13.400002,0.49301386,South Sumatra
2021-03-08 00:00:00+00:00,26.114836,5.866667,0.4897084,South Sumatra
2021-03-09 00:00:00+00:00,25.222471,7.0333333,0.48618057,South Sumatra
2021-03-10 00:00:00+00:00,25.806503,5.9666667,0.4828889,South Sumatra
2021-03-11 00:00:00+00:00,25.87594,25.166666,0.47995842,South Sumatra
2021-03-12 00:00:00+00:00,25.10581,11.666667,0.47901395,South Sumatra
2021-03-13 00:00:00+00:00,25.395391,8.400001,0.47794446,South Sumatra
2021-03-14 00:00:00+00:00,25.314138,5.0666666,0.47583327,South Sumatra
2021-03-15 00:00:00+00:00,25.478722,8.466667,0.4735972,South Sumatra
2021-03-16 00:00:00+00:00,25.492609,11.7,0.47351384,South Sumatra
2021-03-17 00:00:00+00:00,25.791224,27.300001,0.47605553,South Sumatra
2021-03-18 00:00:00+00:00,25.757889,34.233334,0.48183334,South Sumatra
2021-03-19 00:00:00+00:00,26.030807,13.233333,0.48065272,South Sumatra
2021-03-20 00:00:00+00:00,25.716919,12.266667,0.48511115,South Sumatra
2021-03-21 00:00:00+00:00,26.20511,17.166666,0.48434725,South Sumatra
2021-03-22 00:00:00+00:00,25.491224,13.700001,0.48570827,South Sumatra
2021-03-23 00:00:00+00:00,26.212057,9.400001,0.48615274,South Sumatra
2021-03-24 00:00:00+00:00,25.894693,7.4,0.48734722,South Sumatra
2021-03-25 00:00:00+00:00,25.912054,8.0,0.488139,South Sumatra
2021-03-26 00:00:00+00:00,26.299555,11.100001,0.4900694,South Sumatra
2021-03-27 00:00:00+00:00,25.357195,18.500002,0.50749993,South Sumatra
2021-03-28 00:00:00+00:00,26.646082,8.7,0.5073055,South Sumatra
2021-03-29 00:00:00+00:00,26.248167,12.933334,0.506,South Sumatra
2021-03-30 00:00:00+00:00,26.25025,13.533333,0.5068611,South Sumatra
2021-03-31 00:00:00+00:00,26.258583,16.800001,0.50509715,South Sumatra
2021-04-01 00:00:00+00:00,25.543304,0.06666667,0.5018889,South Sumatra
2021-04-02 00:00:00+00:00,27.155806,12.466666,0.49800012,South Sumatra
2021-04-03 00:00:00+00:00,26.352333,10.533333,0.49665284,South Sumatra
2021-04-04 00:00:00+00:00,26.67872,2.5666668,0.49720836,South Sumatra
2021-04-05 00:00:00+00:00,27.101639,10.166667,0.49497226,South Sumatra
2021-04-06 00:00:00+00:00,26.682196,2.8666668,0.4896667,South Sumatra
2021-04-07 00:00:00+00:00,27.153028,5.133333,0.48501393,South Sumatra
2021-04-08 00:00:00+00:00,25.845388,1.8000001,0.48229167,South Sumatra
2021-04-09 00:00:00+00:00,26.700945,14.733334,0.4799584,South Sumatra
2021-04-10 00:00:00+00:00,25.623169,7.2333336,0.47734725,South Sumatra
2021-04-11 00:00:00+00:00,26.522476,4.6,0.47486115,South Sumatra
2021-04-12 00:00:00+00:00,26.180807,5.2,0.4738473,South Sumatra
2021-04-13 00:00:00+00:00,25.87803,17.433336,0.47197223,South Sumatra
2021-04-14 00:00:00+00:00,25.551638,12.733334,0.47613886,South Sumatra
2021-04-15 00:00:00+00:00,25.343306,21.2,0.48458338,South Sumatra
2021-04-16 00:00:00+00:00,26.235666,20.966667,0.489,South Sumatra
2021-04-17 00:00:00+00:00,25.068304,18.199999,0.49505553,South Sumatra
2021-04-18 00:00:00+00:00,26.202333,1.8666667,0.4956528,South Sumatra
2021-04-19 00:00:00+00:00,26.467611,13.566667,0.4937638,South Sumatra
2021-04-20 00:00:00+00:00,25.764833,12.066666,0.4918333,South Sumatra
2021-04-21 00:00:00+00:00,26.869692,4.3,0.4897778,South Sumatra
2021-04-22 00:00:00+00:00,26.285666,7.566667,0.48677778,South Sumatra
2021-04-23 00:00:00+00:00,26.017609,3.8666666,0.48397222,South Sumatra
2021-04-24 00:00:00+00:00,26.85025,1.7999998,0.48205554,South Sumatra
2021-04-25 00:00:00+00:00,26.775248,4.5666666,0.48031947,South Sumatra
2021-04-26 00:00:00+00:00,26.341223,3.1333332,0.47748613,South Sumatra
2021-04-27 00:00:00+00:00,26.5315,5.166667,0.4746389,South Sumatra
2021-04-28 00:00:00+00:00,26.844696,2.7666664,0.4713472,South Sumatra
2021-04-29 00:00:00+00:00,26.41275,7.8333335,0.4686111,South Sumatra
2021-04-30 00:00:00+00:00,25.43775,6.3333335,0.4670833,South Sumatra
2021-05-01 00:00:00+00:00,26.239141,5.366667,0.4661111,South Sumatra
2021-05-02 00:00:00+00:00,26.226639,8.033334,0.46380556,South Sumatra
2021-05-03 00:00:00+00:00,26.898165,5.4666667,0.4608333,South Sumatra
2021-05-04 00:00:00+00:00,25.824556,16.066668,0.4594861,South Sumatra
2021-05-05 00:00:00+00:00,26.100943,9.0,0.46775004,South Sumatra
2021-05-06 00:00:00+00:00,26.247473,7.1333327,0.4747778,South Sumatra
2021-05-07 00:00:00+00:00,25.905806,11.266666,0.4775277,South Sumatra
2021-05-08 00:00:00+00:00,26.591223,13.466667,0.47877786,South Sumatra
2021-05-09 00:00:00+00:00,26.589834,13.133334,0.48338887,South Sumatra
2021-05-10 00:00:00+00:00,27.462751,6.366667,0.48398614,South Sumatra
2021-05-11 00:00:00+00:00,26.99122,5.933333,0.47509727,South Sumatra
2021-05-12 00:00:00+00:00,26.578028,7.1,0.46501383,South Sumatra
2021-05-13 00:00:00+00:00,26.30789,7.4,0.4644028,South Sumatra
2021-05-14 00:00:00+00:00,26.480112,14.7,0.46487498,South Sumatra
2021-05-15 00:00:00+00:00,26.348167,6.933333,0.4669167,South Sumatra
2021-05-16 00:00:00+00:00,26.489832,19.066668,0.4695694,South Sumatra
2021-05-17 00:00:00+00:00,26.271086,20.000002,0.47288892,South Sumatra
2021-05-18 00:00:00+00:00,25.635666,3.8666668,0.4755555,South Sumatra
2021-05-19 00:00:00+00:00,26.747473,3.1666663,0.47415277,South Sumatra
2021-05-20 00:00:00+00:00,26.557892,3.5,0.4710556,South Sumatra
2021-05-21 00:00:00+00:00,26.722473,9.933333,0.46663895,South Sumatra
2021-05-22 00:00:00+00:00,25.87664,8.733333,0.4635278,South Sumatra
2021-05-23 00:00:00+00:00,26.67247,2.3333333,0.46309724,South Sumatra
2021-05-24 00:00:00+00:00,27.473862,2.6,0.46245834,South Sumatra
2021-05-25 00:00:00+00:00,26.804419,5.0,0.46011114,South Sumatra
2021-05-26 00:00:00+00:00,26.901636,4.633333,0.4570695,South Sumatra
2021-05-27 00:00:00+00:00,27.258583,5.633333,0.45458338,South Sumatra
2021-05-28 00:00:00+00:00,26.221777,19.133333,0.45327774,South Sumatra
2021-05-29 00:00:00+00:00,26.29261,17.199999,0.45423606,South Sumatra
2021-05-30 00:00:00+00:00,26.447472,5.4,0.45631942,South Sumatra
2021-05-31 00:00:00+00:00,26.796083,3.8333333,0.45561108,South Sumatra
2021-06-01 00:00:00+00:00,26.978724,6.5333333,0.45424995,South Sumatra
2021-06-02 00:00:00+00:00,27.449554,2.2,0.45188883,South Sumatra
2021-06-03 00:00:00+00:00,27.683584,3.4000003,0.4475,South Sumatra
2021-06-04 00:00:00+00:00,27.009974,5.366667,0.44441667,South Sumatra
2021-06-05 00:00:00+00:00,27.419693,1.5666666,0.44265273,South Sumatra
2021-06-06 00:00:00+00:00,27.074554,3.8999999,0.44069442,South Sumatra
2021-06-07 00:00:00+00:00,27.56275,0.8666666,0.43761113,South Sumatra
2021-06-08 00:00:00+00:00,27.668304,0.16666667,0.4348751,South Sumatra
2021-06-09 00:00:00+00:00,27.407888,1.5,0.43037498,South Sumatra
2021-06-10 00:00:00+00:00,26.690527,7.8333325,0.42600003,South Sumatra
2021-06-11 00:00:00+00:00,26.371778,1.9000001,0.42333338,South Sumatra
2021-06-12 00:00:00+00:00,26.871084,4.4,0.4204444,South Sumatra
2021-06-13 00:00:00+00:00,26.234972,4.4333334,0.41854167,South Sumatra
2021-06-14 00:00:00+00:00,26.073166,11.133334,0.4170556,South Sumatra
2021-06-15 00:00:00+00:00,26.519,5.1666665,0.41623613,South Sumatra
2021-06-16 00:00:00+00:00,25.942612,10.833333,0.4183611,South Sumatra
2021-06-17 00:00:00+00:00,25.916222,9.366666,0.41905555,South Sumatra
2021-06-18 00:00:00+00:00,25.271082,6.3333335,0.41940275,South Sumatra
2021-06-19 00:00:00+00:00,26.384277,0.06666667,0.41901395,South Sumatra
2021-06-20 00:00:00+00:00,26.621084,1.2666667,0.4170278,South Sumatra
2021-06-21 00:00:00+00:00,26.961359,0.16666667,0.4150277,South Sumatra
2021-06-22 00:00:00+00:00,26.7315,2.7,0.41341665,South Sumatra
2021-06-23 00:00:00+00:00,25.708582,11.566667,0.41216668,South Sumatra
2021-06-24 00:00:00+00:00,26.110666,4.7,0.41148612,South Sumatra
2021-06-25 00:00:00+00:00,26.450249,5.1666665,0.41005555,South Sumatra
2021-06-26 00:00:00+00:00,25.772474,8.866667,0.4085833,South Sumatra
2021-06-27 00:00:00+00:00,26.000946,1.3333334,0.40833333,South Sumatra
2021-06-28 00:00:00+00:00,25.53775,10.533334,0.40893063,South Sumatra
2021-06-29 00:00:00+00:00,25.694695,15.399999,0.40933332,South Sumatra
2021-06-30 00:00:00+00:00,25.598167,2.0666666,0.41266668,South Sumatra
2021-07-01 00:00:00+00:00,25.180807,4.6,0.41351387,South Sumatra
2021-07-02 00:00:00+00:00,25.805109,2.6,0.41377774,South Sumatra
2021-07-03 00:00:00+00:00,25.980112,2.5333335,0.41295835,South Sumatra
2021-07-04 00:00:00+00:00,26.472471,2.4666665,0.41072217,South Sumatra
2021-07-05 00:00:00+00:00,27.0315,0.5,0.4089028,South Sumatra
2021-07-06 00:00:00+00:00,26.67872,0.86666673,0.40733328,South Sumatra
2021-07-07 00:00:00+00:00,26.83011,0.26666668,0.40533337,South Sumatra
2021-07-08 00:00:00+00:00,27.136358,0.8,0.40240276,South Sumatra
2021-07-09 00:00:00+00:00,27.132887,4.3999996,0.39958325,South Sumatra
2021-07-10 00:00:00+00:00,25.683584,10.966667,0.3979583,South Sumatra
2021-07-11 00:00:00+00:00,25.186361,14.700001,0.39730552,South Sumatra
2021-07-12 00:00:00+00:00,25.866224,10.166667,0.39716673,South Sumatra
2021-07-13 00:00:00+00:00,24.030807,8.8,0.4035555,South Sumatra
2021-07-14 00:00:00+00:00,23.953726,0.23333335,0.40934718,South Sumatra
2021-07-15 00:00:00+00:00,26.478722,0.1,0.41090283,South Sumatra
2021-07-16 00:00:00+00:00,26.698858,0.8,0.41058338,South Sumatra
2021-07-17 00:00:00+00:00,26.362753,1.4333333,0.40963888,South Sumatra
2021-07-18 00:00:00+00:00,27.12178,0.06666667,0.4079305,South Sumatra
2021-07-19 00:00:00+00:00,27.280111,6.6666665,0.40565273,South Sumatra
2021-07-20 00:00:00+00:00,26.429419,0.8,0.40419444,South Sumatra
2021-07-21 00:00:00+00:00,26.630806,5.1666665,0.40361103,South Sumatra
2021-07-22 00:00:00+00:00,26.798164,3.7666667,0.402014,South Sumatra
2021-07-23 00:00:00+00:00,27.080114,8.0,0.39965272,South Sumatra
2021-07-24 00:00:00+00:00,26.898163,0.2,0.39883336,South Sumatra
2021-07-25 00:00:00+00:00,26.934973,0.26666668,0.39815274,South Sumatra
2021-07-26 00:00:00+00:00,26.311363,0.13333334,0.39630547,South Sumatra
2021-07-27 00:00:00+00:00,26.339834,0.16666667,0.39373612,South Sumatra
2021-07-28 00:00:00+00:00,26.593306,0.23333335,0.39122224,South Sumatra
2021-07-29 00:00:00+00:00,27.259974,0.033333335,0.3884306,South Sumatra
2021-07-30 00:00:00+00:00,27.586359,0.23333335,0.38465285,South Sumatra
2021-07-31 00:00:00+00:00,27.824554,0.1,0.38125,South Sumatra
2021-08-01 00:00:00+00:00,27.148169,7.166666,0.37829173,South Sumatra
2021-08-02 00:00:00+00:00,26.54539,4.866667,0.37502775,South Sumatra
2021-08-03 00:00:00+00:00,27.17872,2.7666664,0.3724722,South Sumatra
2021-08-04 00:00:00+00:00,26.203722,12.966667,0.37081945,South Sumatra
2021-08-05 00:00:00+00:00,26.472471,5.0,0.3694861,South Sumatra
2021-08-06 00:00:00+00:00,26.58914,3.4666665,0.3688333,South Sumatra
2021-08-07 00:00:00+00:00,27.212751,5.8999996,0.3671806,South Sumatra
2021-08-08 00:00:00+00:00,26.946777,4.6333337,0.3656806,South Sumatra
2021-08-09 00:00:00+00:00,26.805801,8.999999,0.36548612,South Sumatra
2021-08-10 00:00:00+00:00,26.448166,4.4,0.36373615,South Sumatra
2021-08-11 00:00:00+00:00,26.411362,3.4666662,0.36240283,South Sumatra
2021-08-12 00:00:00+00:00,27.095388,0.0,0.3594444,South Sumatra
2021-08-13 00:00:00+00:00,25.997475,3.1666667,0.35772225,South Sumatra
2021-08-14 00:00:00+00:00,25.821083,11.633334,0.3566806,South Sumatra
2021-08-15 00:00:00+00:00,25.148169,22.16667,0.35634723,South Sumatra
2021-08-16 00:00:00+00:00,25.539833,9.1,0.357625,South Sumatra
2021-08-17 00:00:00+00:00,25.753723,9.866666,0.35927776,South Sumatra
2021-08-18 00:00:00+00:00,25.314835,3.7666664,0.36287498,South Sumatra
2021-08-19 00:00:00+00:00,25.914835,6.3333335,0.3653333,South Sumatra
2021-08-20 00:00:00+00:00,24.638443,24.866667,0.37399998,South Sumatra
2021-08-21 00:00:00+00:00,24.655111,8.033334,0.3835138,South Sumatra
2021-08-22 00:00:00+00:00,25.429419,10.966667,0.3872639,South Sumatra
2021-08-23 00:00:00+00:00,25.323858,8.7,0.39162502,South Sumatra
2021-08-24 00:00:00+00:00,25.755112,15.700001,0.3951389,South Sumatra
2021-08-25 00:00:00+00:00,26.023863,0.76666665,0.39859727,South Sumatra
2021-08-26 00:00:00+00:00,26.518305,0.16666667,0.39938882,South Sumatra
2021-08-27 00:00:00+00:00,26.130804,0.2,0.39931938,South Sumatra
2021-08-28 00:00:00+00:00,25.889137,15.266666,0.39854157,South Sumatra
2021-08-29 00:00:00+00:00,24.439138,11.0,0.40458336,South Sumatra
2021-08-30 00:00:00+00:00,25.096087,12.0666685,0.41498613,South Sumatra
2021-08-31 00:00:00+00:00,25.066223,22.0,0.4241806,South Sumatra
2021-09-01 00:00:00+00:00,24.466919,25.966667,0.44486114,South Sumatra
2021-09-02 00:00:00+00:00,24.848166,5.733333,0.45865282,South Sumatra
2021-09-03 00:00:00+00:00,26.04261,1.5333334,0.46201387,South Sumatra
2021-09-04 00:00:00+00:00,26.255112,2.9000003,0.46113893,South Sumatra
2021-09-05 00:00:00+00:00,26.203722,6.7999997,0.45949998,South Sumatra
2021-09-06 00:00:00+00:00,25.488447,10.5,0.45836115,South Sumatra
2021-09-07 00:00:00+00:00,25.369001,4.5333333,0.45806947,South Sumatra
2021-09-08 00:00:00+00:00,25.68775,9.500001,0.45734724,South Sumatra
2021-09-09 00:00:00+00:00,26.696085,1.0666667,0.45552778,South Sumatra
2021-09-10 00:00:00+00:00,26.564138,0.1,0.45269442,South Sumatra
2021-09-11 00:00:00+00:00,26.807196,0.06666667,0.45018062,South Sumatra
2021-09-12 00:00:00+00:00,26.457886,8.966666,0.4485555,South Sumatra
2021-09-13 00:00:00+00:00,24.903723,34.533333,0.4485139,South Sumatra
2021-09-14 00:00:00+00:00,25.723862,1.3333333,0.4525278,South Sumatra
2021-09-15 00:00:00+00:00,26.661362,1.5333333,0.45305562,South Sumatra
2021-09-16 00:00:00+00:00,26.659971,3.3333333,0.45052782,South Sumatra
2021-09-17 00:00:00+00:00,27.237753,0.23333333,0.4479445,South Sumatra
2021-09-18 00:00:00+00:00,26.198862,10.0,0.44679168,South Sumatra
2021-09-19 00:00:00+00:00,26.939138,1.0666667,0.44594446,South Sumatra
2021-09-20 00:00:00+00:00,26.851639,1.2,0.4434305,South Sumatra
2021-09-21 00:00:00+00:00,27.335665,0.06666667,0.43999997,South Sumatra
2021-09-22 00:00:00+00:00,26.863443,2.8333333,0.4368472,South Sumatra
2021-09-23 00:00:00+00:00,26.45164,2.9666665,0.43501386,South Sumatra
2021-09-24 00:00:00+00:00,26.411362,13.7,0.43294445,South Sumatra
2021-09-25 00:00:00+00:00,26.434973,13.533333,0.43158326,South Sumatra
2021-09-26 00:00:00+00:00,25.76622,17.2,0.4310278,South Sumatra
2021-09-27 00:00:00+00:00,25.717611,11.0,0.43173608,South Sumatra
2021-09-28 00:00:00+00:00,26.030806,15.833333,0.43273616,South Sumatra
2021-09-29 00:00:00+00:00,25.810669,7.7666664,0.43620834,South Sumatra
2021-09-30 00:00:00+00:00,26.016914,5.0000005,0.43862495,South Sumatra
2021-10-01 00:00:00+00:00,25.277334,2.2666664,0.44123617,South Sumatra
2021-10-02 00:00:00+00:00,26.451637,0.4666667,0.44227782,South Sumatra
2021-10-03 00:00:00+00:00,26.8815,4.5,0.4415139,South Sumatra
2021-10-04 00:00:00+00:00,26.160666,15.033333,0.43965283,South Sumatra
2021-10-05 00:00:00+00:00,26.342611,6.0,0.4372222,South Sumatra
2021-10-06 00:00:00+00:00,26.960669,5.6666665,0.43541673,South Sumatra
2021-10-07 00:00:00+00:00,26.591913,7.5,0.43349996,South Sumatra
2021-10-08 00:00:00+00:00,26.99539,0.90000004,0.43215284,South Sumatra
2021-10-09 00:00:00+00:00,27.346777,0.33333334,0.43116662,South Sumatra
2021-10-10 00:00:00+00:00,27.70372,4.5333333,0.42884722,South Sumatra
2021-10-11 00:00:00+00:00,26.770388,2.7333329,0.4257361,South Sumatra
2021-10-12 00:00:00+00:00,27.759974,3.6666667,0.44365284,South Sumatra
2021-10-13 00:00:00+00:00,26.102333,12.866666,0.46138886,South Sumatra
2021-10-14 00:00:00+00:00,26.791224,4.4,0.45775008,South Sumatra
2021-10-15 00:00:00+00:00,27.227333,12.400002,0.45463887,South Sumatra
2021-10-16 00:00:00+00:00,27.561361,3.3666668,0.45080552,South Sumatra
2021-10-17 00:00:00+00:00,25.424555,32.766666,0.44755554,South Sumatra
2021-10-18 00:00:00+00:00,25.379416,17.9,0.4461805,South Sumatra
2021-10-19 00:00:00+00:00,26.31692,2.1666667,0.44894442,South Sumatra
2021-10-20 00:00:00+00:00,26.059975,9.533334,0.4507917,South Sumatra
2021-10-21 00:00:00+00:00,26.000246,12.5,0.4528611,South Sumatra
2021-10-22 00:00:00+00:00,26.039139,3.7999995,0.45363888,South Sumatra
2021-10-23 00:00:00+00:00,26.353724,6.5333333,0.4548612,South Sumatra
2021-10-24 00:00:00+00:00,26.194696,11.599999,0.45615277,South Sumatra
2021-10-25 00:00:00+00:00,26.342611,3.5,0.45865265,South Sumatra
2021-10-26 00:00:00+00:00,26.894,7.933333,0.45820832,South Sumatra
2021-10-27 00:00:00+00:00,26.587748,12.766667,0.4583889,South Sumatra
2021-10-28 00:00:00+00:00,25.702337,8.2,0.4591806,South Sumatra
2021-10-29 00:00:00+00:00,26.630806,5.233333,0.4619584,South Sumatra
2021-10-30 00:00:00+00:00,26.010666,17.566668,0.4643611,South Sumatra
2021-10-31 00:00:00+00:00,25.971777,13.833333,0.46905556,South Sumatra
2021-11-01 00:00:00+00:00,25.228722,15.766666,0.4733056,South Sumatra
2021-11-02 00:00:00+00:00,25.715528,23.966667,0.47697222,South Sumatra
2021-11-03 00:00:00+00:00,26.363443,7.0666676,0.4826667,South Sumatra
2021-11-04 00:00:00+00:00,26.314835,30.73333,0.48531947,South Sumatra
2021-11-05 00:00:00+00:00,25.338442,19.200003,0.4938334,South Sumatra
2021-11-06 00:00:00+00:00,26.203722,8.200001,0.4945278,South Sumatra
2021-11-07 00:00:00+00:00,25.697472,17.300003,0.49899998,South Sumatra
2021-11-08 00:00:00+00:00,26.760666,9.766667,0.4977083,South Sumatra
2021-11-09 00:00:00+00:00,26.30025,32.666668,0.4999583,South Sumatra
2021-11-10 00:00:00+00:00,24.39122,8.3,0.5048611,South Sumatra
2021-11-11 00:00:00+00:00,25.217611,0.0,0.50363886,South Sumatra
2021-11-12 00:00:00+00:00,26.798166,0.033333335,0.50065285,South Sumatra
2021-11-13 00:00:00+00:00,26.244001,3.5999997,0.49768052,South Sumatra
2021-11-14 00:00:00+00:00,26.450943,9.866667,0.49561116,South Sumatra
2021-11-15 00:00:00+00:00,25.536362,4.2333336,0.49558333,South Sumatra
2021-11-16 00:00:00+00:00,27.319,0.13333334,0.49424997,South Sumatra
2021-11-17 00:00:00+00:00,26.598166,11.166667,0.49227777,South Sumatra
2021-11-18 00:00:00+00:00,25.79261,10.000001,0.49111113,South Sumatra
2021-11-19 00:00:00+00:00,26.178024,2.033333,0.49148607,South Sumatra
2021-11-20 00:00:00+00:00,26.273169,0.70000005,0.4893056,South Sumatra
2021-11-21 00:00:00+00:00,26.329416,10.8,0.48677775,South Sumatra
2021-11-22 00:00:00+00:00,26.865526,5.2666664,0.48531953,South Sumatra
2021-11-23 00:00:00+00:00,26.734278,2.5333335,0.4839445,South Sumatra
2021-11-24 00:00:00+00:00,26.161362,1.1999999,0.48269448,South Sumatra
2021-11-25 00:00:00+00:00,26.378027,15.533334,0.48069438,South Sumatra
2021-11-26 00:00:00+00:00,26.222471,11.599999,0.47922227,South Sumatra
2021-11-27 00:00:00+00:00,25.823862,1.6333333,0.47756946,South Sumatra
2021-11-28 00:00:00+00:00,26.495386,0.0,0.4747778,South Sumatra
2021-11-29 00:00:00+00:00,27.347473,0.23333335,0.47101387,South Sumatra
2021-11-30 00:00:00+00:00,27.687057,0.2,0.46749997,South Sumatra
2021-12-01 00:00:00+00:00,27.912056,2.3999999,0.46225,South Sumatra
2021-12-02 00:00:00+00:00,27.82386,10.266666,0.4569583,South Sumatra
2021-12-03 00:00:00+00:00,26.610664,8.866667,0.4547917,South Sumatra
2021-12-04 00:00:00+00:00,26.243998,17.866667,0.4530138,South Sumatra
2021-12-05 00:00:00+00:00,24.846779,6.6666665,0.45154166,South Sumatra
2021-12-06 00:00:00+00:00,25.812056,10.266667,0.45006952,South Sumatra
2021-12-07 00:00:00+00:00,25.417612,10.466668,0.4500278,South Sumatra
2021-12-08 00:00:00+00:00,25.558584,13.4333315,0.45002773,South Sumatra
2021-12-09 00:00:00+00:00,24.994001,15.100002,0.45426393,South Sumatra
2021-12-10 00:00:00+00:00,24.998863,19.800001,0.47193053,South Sumatra
2021-12-11 00:00:00+00:00,25.265528,10.533334,0.48205563,South Sumatra
2021-12-12 00:00:00+00:00,25.498861,12.633334,0.48405552,South Sumatra
2021-12-13 00:00:00+00:00,25.687057,13.5,0.48443055,South Sumatra
2021-12-14 00:00:00+00:00,25.819696,17.300001,0.48888895,South Sumatra
2021-12-15 00:00:00+00:00,26.07178,12.133334,0.4881945,South Sumatra
2021-12-16 00:00:00+00:00,25.785667,25.333334,0.49276388,South Sumatra
2021-12-17 00:00:00+00:00,26.180113,10.499999,0.49658334,South Sumatra
2021-12-18 00:00:00+00:00,26.580805,5.9,0.4968333,South Sumatra
2021-12-19 00:00:00+00:00,25.88914,9.966667,0.49627772,South Sumatra
2021-12-20 00:00:00+00:00,25.864141,10.033334,0.49626395,South Sumatra
2021-12-21 00:00:00+00:00,25.338446,5.5333333,0.50356954,South Sumatra
2021-12-22 00:00:00+00:00,26.416916,10.433333,0.5037778,South Sumatra
2021-12-23 00:00:00+00:00,25.30303,4.6666665,0.5051529,South Sumatra
2021-12-24 00:00:00+00:00,25.473167,26.933334,0.5034445,South Sumatra
2021-12-25 00:00:00+00:00,24.688446,26.433332,0.5046389,South Sumatra
2021-12-26 00:00:00+00:00,25.692612,11.7,0.5039862,South Sumatra
2021-12-27 00:00:00+00:00,25.072472,9.066667,0.5047223,South Sumatra
2021-12-28 00:00:00+00:00,25.28219,6.0,0.50405556,South Sumatra
2021-12-29 00:00:00+00:00,26.461365,2.1666667,0.50397223,South Sumatra
2021-12-30 00:00:00+00:00,26.368998,10.099999,0.5011806,South Sumatra
2021-12-31 00:00:00+00:00,24.933584,19.000002,0.4998889,South Sumatra
2022-01-01 00:00:00+00:00,25.273859,17.800001,0.50497216,South Sumatra
2022-01-02 00:00:00+00:00,25.289833,8.666667,0.50918055,South Sumatra
2022-01-03 00:00:00+00:00,25.598862,9.433333,0.50798625,South Sumatra
2022-01-04 00:00:00+00:00,25.395388,19.333334,0.5055277,South Sumatra
2022-01-05 00:00:00+00:00,25.23289,13.299999,0.5086806,South Sumatra
2022-01-06 00:00:00+00:00,25.724556,9.033334,0.50722224,South Sumatra
2022-01-07 00:00:00+00:00,25.603027,0.5,0.5079445,South Sumatra
2022-01-08 00:00:00+00:00,25.747473,11.666667,0.5052083,South Sumatra
2022-01-09 00:00:00+00:00,25.753027,13.633334,0.5052084,South Sumatra
2022-01-10 00:00:00+00:00,24.35789,28.333334,0.5116527,South Sumatra
2022-01-11 00:00:00+00:00,25.086359,4.8999996,0.5108889,South Sumatra
2022-01-12 00:00:00+00:00,25.35025,9.266667,0.5117778,South Sumatra
2022-01-13 00:00:00+00:00,25.787054,2.5333333,0.5099029,South Sumatra
2022-01-14 00:00:00+00:00,26.29886,0.4,0.50662494,South Sumatra
2022-01-15 00:00:00+00:00,26.169,1.6333333,0.5027778,South Sumatra
2022-01-16 00:00:00+00:00,26.009972,6.933333,0.49956942,South Sumatra
2022-01-17 00:00:00+00:00,25.051638,13.333333,0.4974166,South Sumatra
2022-01-18 00:00:00+00:00,24.42039,13.033333,0.4968611,South Sumatra
2022-01-19 00:00:00+00:00,25.102333,15.400002,0.49711108,South Sumatra
2022-01-20 00:00:00+00:00,25.005806,1.0333333,0.50291663,South Sumatra
2022-01-21 00:00:00+00:00,25.53289,22.300001,0.50443053,South Sumatra
2022-01-22 00:00:00+00:00,25.230804,4.0,0.50974995,South Sumatra
2022-01-23 00:00:00+00:00,26.43775,1.4666667,0.5058057,South Sumatra
2022-01-24 00:00:00+00:00,26.215528,9.733335,0.5014583,South Sumatra
2022-01-25 00:00:00+00:00,25.413443,12.366669,0.4973056,South Sumatra
2022-01-26 00:00:00+00:00,25.973862,1.9333334,0.492875,South Sumatra
2022-01-27 00:00:00+00:00,26.277334,1.7666668,0.48837504,South Sumatra
2022-01-28 00:00:00+00:00,26.416918,1.1333333,0.48368058,South Sumatra
2022-01-29 00:00:00+00:00,26.79817,0.9333334,0.47852775,South Sumatra
2022-01-30 00:00:00+00:00,25.85511,14.866668,0.47427782,South Sumatra
2022-01-31 00:00:00+00:00,25.47525,1.0000001,0.47123608,South Sumatra
2022-02-01 00:00:00+00:00,25.40789,28.266668,0.47009727,South Sumatra
2022-02-02 00:00:00+00:00,25.746778,0.96666664,0.47929177,South Sumatra
2022-02-03 00:00:00+00:00,25.824554,5.266667,0.4776667,South Sumatra
2022-02-04 00:00:00+00:00,25.130806,26.199999,0.4788611,South Sumatra
2022-02-05 00:00:00+00:00,24.88775,10.233334,0.4853889,South Sumatra
2022-02-06 00:00:00+00:00,25.618307,3.7333333,0.48666668,South Sumatra
2022-02-07 00:00:00+00:00,26.567612,2.7,0.48348615,South Sumatra
2022-02-08 00:00:00+00:00,25.872473,6.833334,0.478875,South Sumatra
2022-02-09 00:00:00+00:00,25.112055,6.066666,0.47519436,South Sumatra
2022-02-10 00:00:00+00:00,25.065527,0.23333333,0.47229162,South Sumatra
2022-02-11 00:00:00+00:00,26.252335,0.2,0.46844438,South Sumatra
2022-02-12 00:00:00+00:00,26.757195,2.3,0.46438888,South Sumatra
2022-02-13 00:00:00+00:00,26.763443,1.6666666,0.46043053,South Sumatra
2022-02-14 00:00:00+00:00,26.548164,1.2333335,0.4562777,South Sumatra
2022-02-15 00:00:00+00:00,26.67872,3.1999998,0.45259726,South Sumatra
2022-02-16 00:00:00+00:00,26.80372,11.566667,0.44934723,South Sumatra
2022-02-17 00:00:00+00:00,25.869001,10.666667,0.4472222,South Sumatra
2022-02-18 00:00:00+00:00,26.030113,8.033334,0.44826388,South Sumatra
2022-02-19 00:00:00+00:00,25.514833,12.933334,0.44651398,South Sumatra
2022-02-20 00:00:00+00:00,26.171778,1.7333335,0.44493055,South Sumatra
2022-02-21 00:00:00+00:00,26.08497,7.2999997,0.44459713,South Sumatra
2022-02-22 00:00:00+00:00,25.976639,6.866667,0.44463888,South Sumatra
2022-02-23 00:00:00+00:00,25.304419,18.533335,0.443625,South Sumatra
2022-02-24 00:00:00+00:00,25.866226,0.3,0.44277772,South Sumatra
2022-02-25 00:00:00+00:00,26.60511,0.0,0.4409167,South Sumatra
2022-02-26 00:00:00+00:00,26.893305,2.7,0.43826392,South Sumatra
2022-02-27 00:00:00+00:00,26.953726,6.566667,0.4354166,South Sumatra
2022-02-28 00:00:00+00:00,26.372473,6.5,0.43265283,South Sumatra
2022-03-01 00:00:00+00:00,26.615526,1.5,0.43093053,South Sumatra
2022-03-02 00:00:00+00:00,26.657888,8.7,0.4284028,South Sumatra
2022-03-03 00:00:00+00:00,25.612059,17.166666,0.43236122,South Sumatra
2022-03-04 00:00:00+00:00,26.416224,8.666667,0.43872222,South Sumatra
2022-03-05 00:00:00+00:00,26.036362,17.933334,0.44204172,South Sumatra
2022-03-06 00:00:00+00:00,25.919,3.2333333,0.45636114,South Sumatra
2022-03-07 00:00:00+00:00,25.907883,8.266666,0.4569722,South Sumatra
2022-03-08 00:00:00+00:00,26.046778,12.233333,0.45783332,South Sumatra
2022-03-09 00:00:00+00:00,25.889833,15.333333,0.46206948,South Sumatra
2022-03-10 00:00:00+00:00,25.241224,16.833334,0.46327773,South Sumatra
2022-03-11 00:00:00+00:00,25.959974,5.6,0.46547222,South Sumatra
2022-03-12 00:00:00+00:00,26.069696,11.366668,0.4685,South Sumatra
2022-03-13 00:00:00+00:00,25.905807,13.866666,0.47641668,South Sumatra
2022-03-14 00:00:00+00:00,25.9565,13.866668,0.48015273,South Sumatra
2022-03-15 00:00:00+00:00,25.56414,24.733332,0.48530555,South Sumatra
2022-03-16 00:00:00+00:00,26.069,8.866667,0.4852778,South Sumatra
2022-03-17 00:00:00+00:00,25.648169,14.166667,0.48584723,South Sumatra
2022-03-18 00:00:00+00:00,25.473167,12.700001,0.4890417,South Sumatra
2022-03-19 00:00:00+00:00,27.144697,0.6333334,0.4949306,South Sumatra
2022-03-20 00:00:00+00:00,27.143997,1.9666667,0.49151382,South Sumatra
2022-03-21 00:00:00+00:00,26.836359,0.0,0.48838887,South Sumatra
2022-03-22 00:00:00+00:00,27.128723,3.8,0.48531947,South Sumatra
2022-03-23 00:00:00+00:00,27.640532,0.6333333,0.48233327,South Sumatra
2022-03-24 00:00:00+00:00,27.355804,2.4666667,0.47920844,South Sumatra
2022-03-25 00:00:00+00:00,27.066916,7.2333336,0.4749583,South Sumatra
2022-03-26 00:00:00+00:00,26.514137,3.4666665,0.4700972,South Sumatra
2022-03-27 00:00:00+00:00,27.143997,0.6333334,0.4662361,South Sumatra
2022-03-28 00:00:00+00:00,27.648165,1.4,0.46256945,South Sumatra
2022-03-29 00:00:00+00:00,27.107195,3.6000001,0.45834723,South Sumatra
2022-03-30 00:00:00+00:00,26.669693,6.933333,0.45481953,South Sumatra
2022-03-31 00:00:00+00:00,26.059973,2.8333333,0.45149994,South Sumatra
2022-04-01 00:00:00+00:00,27.176636,0.6,0.44829175,South Sumatra
2022-04-02 00:00:00+00:00,26.760672,11.433333,0.44423607,South Sumatra
2022-04-03 00:00:00+00:00,26.369696,2.9666665,0.4403055,South Sumatra
2022-04-04 00:00:00+00:00,26.632193,6.0,0.4370277,South Sumatra
2022-04-05 00:00:00+00:00,25.168306,16.300001,0.43498614,South Sumatra
2022-04-06 00:00:00+00:00,25.936363,14.700001,0.4338472,South Sumatra
2022-04-07 00:00:00+00:00,25.54539,3.5666666,0.43629166,South Sumatra
2022-04-08 00:00:00+00:00,26.314835,13.233334,0.4361527,South Sumatra
2022-04-09 00:00:00+00:00,25.92247,13.533334,0.43618056,South Sumatra
2022-04-10 00:00:00+00:00,26.648169,8.400001,0.43519437,South Sumatra
2022-04-11 00:00:00+00:00,26.529419,6.1,0.4341388,South Sumatra
2022-04-12 00:00:00+00:00,26.337748,11.599999,0.43280563,South Sumatra
2022-04-13 00:00:00+00:00,25.980804,14.0,0.4335972,South Sumatra
2022-04-14 00:00:00+00:00,26.388443,20.900002,0.43690276,South Sumatra
2022-04-15 00:00:00+00:00,26.032888,8.8,0.4482778,South Sumatra
2022-04-16 00:00:00+00:00,26.764833,10.266667,0.45463893,South Sumatra
2022-04-17 00:00:00+00:00,26.48011,18.033333,0.45629168,South Sumatra
2022-04-18 00:00:00+00:00,26.105804,10.133334,0.45547223,South Sumatra
2022-04-19 00:00:00+00:00,26.103025,17.633333,0.46105555,South Sumatra
2022-04-20 00:00:00+00:00,26.013443,9.433333,0.46241665,South Sumatra
2022-04-21 00:00:00+00:00,26.455803,8.833333,0.46205553,South Sumatra
2022-04-22 00:00:00+00:00,25.654419,15.2,0.4631528,South Sumatra
2022-04-23 00:00:00+00:00,25.742613,33.666668,0.4677361,South Sumatra
2022-04-24 00:00:00+00:00,26.470388,3.5666664,0.46980557,South Sumatra
2022-04-25 00:00:00+00:00,26.025248,15.633335,0.47266665,South Sumatra
2022-04-26 00:00:00+00:00,27.421083,5.633333,0.47337508,South Sumatra
2022-04-27 00:00:00+00:00,25.850248,15.533334,0.47644445,South Sumatra
2022-04-28 00:00:00+00:00,26.734278,7.433333,0.47938886,South Sumatra
2022-04-29 00:00:00+00:00,26.614141,12.433334,0.48286113,South Sumatra
2022-04-30 00:00:00+00:00,26.508583,7.9666667,0.48441672,South Sumatra
2022-05-01 00:00:00+00:00,26.90789,12.599999,0.48652777,South Sumatra
2022-05-02 00:00:00+00:00,26.153723,10.933334,0.49052772,South Sumatra
2022-05-03 00:00:00+00:00,25.722473,16.333334,0.49245834,South Sumatra
2022-05-04 00:00:00+00:00,25.717613,21.4,0.49438885,South Sumatra
2022-05-05 00:00:00+00:00,26.185667,10.599999,0.4955416,South Sumatra
2022-05-06 00:00:00+00:00,26.11136,9.866666,0.49541673,South Sumatra
2022-05-07 00:00:00+00:00,26.459974,15.933334,0.4979999,South Sumatra
2022-05-08 00:00:00+00:00,27.37525,0.13333334,0.49640265,South Sumatra
2022-05-09 00:00:00+00:00,27.141916,15.733334,0.4943334,South Sumatra
2022-05-10 00:00:00+00:00,26.909279,8.166667,0.49122214,South Sumatra
2022-05-11 00:00:00+00:00,27.387054,0.23333335,0.4899861,South Sumatra
2022-05-12 00:00:00+00:00,27.268309,4.9333334,0.4879861,South Sumatra
2022-05-13 00:00:00+00:00,27.054415,0.9000001,0.48711112,South Sumatra
2022-05-14 00:00:00+00:00,27.691916,2.4,0.48406938,South Sumatra
2022-05-15 00:00:00+00:00,26.830809,15.466667,0.48126388,South Sumatra
2022-05-16 00:00:00+00:00,26.166222,15.766667,0.47820833,South Sumatra
2022-05-17 00:00:00+00:00,26.366919,0.6666667,0.4758333,South Sumatra
2022-05-18 00:00:00+00:00,26.499557,5.233333,0.47355556,South Sumatra
2022-05-19 00:00:00+00:00,26.420393,11.533333,0.47118056,South Sumatra
2022-05-20 00:00:00+00:00,26.466223,4.8,0.46959713,South Sumatra
2022-05-21 00:00:00+00:00,26.353027,13.400001,0.46862498,South Sumatra
2022-05-22 00:00:00+00:00,26.731499,2.7,0.4670417,South Sumatra
2022-05-23 00:00:00+00:00,26.577337,7.2999997,0.4655139,South Sumatra
2022-05-24 00:00:00+00:00,26.184973,8.7,0.46459725,South Sumatra
2022-05-25 00:00:00+00:00,25.163445,6.3999996,0.4679167,South Sumatra
2022-05-26 00:00:00+00:00,26.228027,0.56666666,0.47020832,South Sumatra
2022-05-27 00:00:00+00:00,26.595388,10.366667,0.46875,South Sumatra
2022-05-28 00:00:00+00:00,25.591223,5.866667,0.46797225,South Sumatra
2022-05-29 00:00:00+00:00,26.98497,7.1000004,0.46600005,South Sumatra
2022-05-30 00:00:00+00:00,26.791916,3.9000003,0.4636806,South Sumatra
2022-05-31 00:00:00+00:00,27.050247,0.83333343,0.46080554,South Sumatra
2022-06-01 00:00:00+00:00,26.50928,4.9666667,0.4578611,South Sumatra
2022-06-02 00:00:00+00:00,26.23775,11.400001,0.4567639,South Sumatra
2022-06-03 00:00:00+00:00,25.945389,6.7666664,0.4591945,South Sumatra
2022-06-04 00:00:00+00:00,25.913445,12.333333,0.45986104,South Sumatra
2022-06-05 00:00:00+00:00,25.819693,16.633333,0.45941666,South Sumatra
2022-06-06 00:00:00+00:00,25.93428,3.0,0.46280542,South Sumatra
2022-06-07 00:00:00+00:00,25.864832,12.066667,0.46304157,South Sumatra
2022-06-08 00:00:00+00:00,25.397474,9.666667,0.46274996,South Sumatra
2022-06-09 00:00:00+00:00,24.819693,16.833334,0.465125,South Sumatra
2022-06-10 00:00:00+00:00,26.328722,1.8333334,0.46791664,South Sumatra
2022-06-11 00:00:00+00:00,25.614832,9.833333,0.46983337,South Sumatra
2022-06-12 00:00:00+00:00,25.371084,16.266668,0.4720416,South Sumatra
2022-06-13 00:00:00+00:00,25.734278,5.8666663,0.47487506,South Sumatra
2022-06-14 00:00:00+00:00,26.155111,3.6000004,0.47448608,South Sumatra
2022-06-15 00:00:00+00:00,25.064835,9.0,0.4743056,South Sumatra
2022-06-16 00:00:00+00:00,25.04886,22.033335,0.47636116,South Sumatra
2022-06-17 00:00:00+00:00,25.24122,2.6333332,0.4786944,South Sumatra
2022-06-18 00:00:00+00:00,26.092613,1.8000001,0.47895837,South Sumatra
2022-06-19 00:00:00+00:00,25.457891,6.4,0.47752774,South Sumatra
2022-06-20 00:00:00+00:00,25.484972,7.3000007,0.47631946,South Sumatra
2022-06-21 00:00:00+00:00,25.02664,15.366666,0.47681943,South Sumatra
2022-06-22 00:00:00+00:00,25.360666,16.233334,0.4778472,South Sumatra
2022-06-23 00:00:00+00:00,24.434973,12.766667,0.4825139,South Sumatra
2022-06-24 00:00:00+00:00,24.600946,8.8,0.48718056,South Sumatra
2022-06-25 00:00:00+00:00,24.954416,17.166666,0.49116662,South Sumatra
2022-06-26 00:00:00+00:00,25.22803,5.8666663,0.49456942,South Sumatra
2022-06-27 00:00:00+00:00,26.444695,3.3666668,0.4944583,South Sumatra
2022-06-28 00:00:00+00:00,25.870386,26.333334,0.49263892,South Sumatra
2022-06-29 00:00:00+00:00,25.23497,16.800001,0.48966673,South Sumatra
2022-06-30 00:00:00+00:00,25.028025,0.5,0.49138892,South Sumatra
2022-07-01 00:00:00+00:00,25.534279,0.0,0.4884305,South Sumatra
2022-07-02 00:00:00+00:00,25.591223,8.033334,0.48468053,South Sumatra
2022-07-03 00:00:00+00:00,26.331503,3.0,0.48104158,South Sumatra
2022-07-04 00:00:00+00:00,25.935669,12.366668,0.47663882,South Sumatra
2022-07-05 00:00:00+00:00,25.54053,17.566668,0.4761528,South Sumatra
2022-07-06 00:00:00+00:00,25.666916,8.333333,0.47519448,South Sumatra
2022-07-07 00:00:00+00:00,26.918304,2.8333333,0.47419438,South Sumatra
2022-07-08 00:00:00+00:00,26.327333,0.9666667,0.4742916,South Sumatra
2022-07-09 00:00:00+00:00,26.67386,0.33333334,0.4724861,South Sumatra
2022-07-10 00:00:00+00:00,26.272474,0.4333333,0.46901393,South Sumatra
2022-07-11 00:00:00+00:00,26.520388,1.6,0.46606946,South Sumatra
2022-07-12 00:00:00+00:00,25.721085,7.0333333,0.46395826,South Sumatra
2022-07-13 00:00:00+00:00,25.265528,9.3,0.46122226,South Sumatra
2022-07-14 00:00:00+00:00,25.82525,18.233334,0.45956954,South Sumatra
2022-07-15 00:00:00+00:00,25.24122,12.966667,0.45893058,South Sumatra
2022-07-16 00:00:00+00:00,25.236359,0.06666667,0.4585278,South Sumatra
2022-07-17 00:00:00+00:00,26.597473,0.0,0.4577361,South Sumatra
2022-07-18 00:00:00+00:00,27.08497,0.8333333,0.45593056,South Sumatra
2022-07-19 00:00:00+00:00,26.47525,3.5,0.45370832,South Sumatra
2022-07-20 00:00:00+00:00,25.971777,4.233333,0.45174995,South Sumatra
2022-07-21 00:00:00+00:00,26.26761,4.066666,0.44998622,South Sumatra
2022-07-22 00:00:00+00:00,24.996084,14.433334,0.44859728,South Sumatra
2022-07-23 00:00:00+00:00,25.107193,11.933333,0.44704166,South Sumatra
2022-07-24 00:00:00+00:00,25.089142,11.066666,0.44548607,South Sumatra
2022-07-25 00:00:00+00:00,24.994692,24.566666,0.44365272,South Sumatra
2022-07-26 00:00:00+00:00,25.00164,3.8333333,0.4428333,South Sumatra
2022-07-27 00:00:00+00:00,25.679419,7.566667,0.44150007,South Sumatra
2022-07-28 00:00:00+00:00,26.982887,0.6333334,0.44051394,South Sumatra
2022-07-29 00:00:00+00:00,25.523859,15.7,0.4401389,South Sumatra
2022-07-30 00:00:00+00:00,25.489836,7.033333,0.44215283,South Sumatra
2022-07-31 00:00:00+00:00,26.466223,2.3999999,0.44341668,South Sumatra
2022-08-01 00:00:00+00:00,26.11622,8.733335,0.4434445,South Sumatra
2022-08-02 00:00:00+00:00,25.807198,5.7666664,0.44326392,South Sumatra
2022-08-03 00:00:00+00:00,24.629417,12.366666,0.44359723,South Sumatra
2022-08-04 00:00:00+00:00,24.768305,36.96667,0.44876394,South Sumatra
2022-08-05 00:00:00+00:00,24.848862,0.8,0.46348616,South Sumatra
2022-08-06 00:00:00+00:00,26.01761,1.6666666,0.46443066,South Sumatra
2022-08-07 00:00:00+00:00,26.739138,0.1,0.4632084,South Sumatra
2022-08-08 00:00:00+00:00,26.791222,0.7,0.4618056,South Sumatra
2022-08-09 00:00:00+00:00,26.829416,0.06666667,0.46022224,South Sumatra
2022-08-10 00:00:00+00:00,26.67386,3.6666663,0.45826396,South Sumatra
2022-08-11 00:00:00+00:00,26.809973,2.3666666,0.45634726,South Sumatra
2022-08-12 00:00:00+00:00,26.665525,10.033334,0.4525833,South Sumatra
2022-08-13 00:00:00+00:00,25.682196,17.066668,0.44875005,South Sumatra
2022-08-14 00:00:00+00:00,25.3565,9.366667,0.4456528,South Sumatra
2022-08-15 00:00:00+00:00,25.593302,14.099999,0.44211113,South Sumatra
2022-08-16 00:00:00+00:00,25.731497,6.6,0.43987498,South Sumatra
2022-08-17 00:00:00+00:00,26.537056,3.0,0.4379861,South Sumatra
2022-08-18 00:00:00+00:00,25.996084,3.6999998,0.43536115,South Sumatra
2022-08-19 00:00:00+00:00,25.872469,10.366667,0.43265286,South Sumatra
2022-08-20 00:00:00+00:00,24.998861,12.333333,0.43168053,South Sumatra
2022-08-21 00:00:00+00:00,24.179419,12.200001,0.44336113,South Sumatra
2022-08-22 00:00:00+00:00,25.577332,4.2333336,0.45204163,South Sumatra
2022-08-23 00:00:00+00:00,25.58914,8.233334,0.4558611,South Sumatra
2022-08-24 00:00:00+00:00,25.169,3.7666664,0.46033326,South Sumatra
2022-08-25 00:00:00+00:00,25.418306,2.0666668,0.4602222,South Sumatra
2022-08-26 00:00:00+00:00,25.358583,3.8333333,0.45887494,South Sumatra
2022-08-27 00:00:00+00:00,24.422472,17.333334,0.4576111,South Sumatra
2022-08-28 00:00:00+00:00,24.839142,10.666667,0.4621111,South Sumatra
2022-08-29 00:00:00+00:00,25.001638,18.633333,0.47158337,South Sumatra
2022-08-30 00:00:00+00:00,25.069,4.833333,0.48718056,South Sumatra
2022-08-31 00:00:00+00:00,25.564138,9.166667,0.49075004,South Sumatra
2022-09-01 00:00:00+00:00,25.659277,14.833333,0.490375,South Sumatra
2022-09-02 00:00:00+00:00,24.426638,16.333334,0.49465284,South Sumatra
2022-09-03 00:00:00+00:00,25.827333,4.5333333,0.49413893,South Sumatra
2022-09-04 00:00:00+00:00,26.914139,1.5666666,0.49300006,South Sumatra
2022-09-05 00:00:00+00:00,25.696083,3.7333336,0.49097228,South Sumatra
2022-09-06 00:00:00+00:00,25.537056,9.966666,0.48887503,South Sumatra
2022-09-07 00:00:00+00:00,24.900248,15.066667,0.48786116,South Sumatra
2022-09-08 00:00:00+00:00,24.563446,4.366667,0.49099997,South Sumatra
2022-09-09 00:00:00+00:00,25.687057,20.633333,0.49075007,South Sumatra
2022-09-10 00:00:00+00:00,25.069002,1.6333333,0.48916662,South Sumatra
2022-09-11 00:00:00+00:00,25.798859,13.466666,0.4865972,South Sumatra
2022-09-12 00:00:00+00:00,25.330805,8.2,0.48402777,South Sumatra
2022-09-13 00:00:00+00:00,25.04886,12.099999,0.48290268,South Sumatra
2022-09-14 00:00:00+00:00,26.048864,0.06666667,0.48322225,South Sumatra
2022-09-15 00:00:00+00:00,26.870386,0.3,0.48118055,South Sumatra
2022-09-16 00:00:00+00:00,26.680109,0.2,0.47973612,South Sumatra
2022-09-17 00:00:00+00:00,26.01622,4.866667,0.4783055,South Sumatra
2022-09-18 00:00:00+00:00,25.705805,8.733333,0.47576392,South Sumatra
2022-09-19 00:00:00+00:00,24.41761,6.1666665,0.47838894,South Sumatra
2022-09-20 00:00:00+00:00,26.1565,1.8666668,0.47848615,South Sumatra
2022-09-21 00:00:00+00:00,25.48289,7.3999996,0.47643057,South Sumatra
2022-09-22 00:00:00+00:00,25.550947,9.833333,0.47497222,South Sumatra
2022-09-23 00:00:00+00:00,26.097473,4.666667,0.47484732,South Sumatra
2022-09-24 00:00:00+00:00,25.735666,6.633333,0.4745138,South Sumatra
2022-09-25 00:00:00+00:00,25.510666,8.633333,0.4735972,South Sumatra
2022-09-26 00:00:00+00:00,26.909279,0.0,0.47134718,South Sumatra
2022-09-27 00:00:00+00:00,27.153723,0.06666667,0.46879172,South Sumatra
2022-09-28 00:00:00+00:00,26.794,0.6666667,0.4664167,South Sumatra
2022-09-29 00:00:00+00:00,27.132193,1.0,0.4633194,South Sumatra
2022-09-30 00:00:00+00:00,26.50511,6.4,0.4609306,South Sumatra
2022-10-01 00:00:00+00:00,25.52247,24.166664,0.46037495,South Sumatra
2022-10-02 00:00:00+00:00,25.154417,16.933332,0.46577775,South Sumatra
2022-10-03 00:00:00+00:00,26.394,3.1999998,0.4659445,South Sumatra
2022-10-04 00:00:00+00:00,25.638445,19.533335,0.4696528,South Sumatra
2022-10-05 00:00:00+00:00,25.819695,18.2,0.48554167,South Sumatra
2022-10-06 00:00:00+00:00,25.09469,46.5,0.5045555,South Sumatra
2022-10-07 00:00:00+00:00,24.949554,3.9666665,0.5144305,South Sumatra
2022-10-08 00:00:00+00:00,25.089834,4.833333,0.5101667,South Sumatra
2022-10-09 00:00:00+00:00,25.911362,7.866667,0.5067084,South Sumatra
2022-10-10 00:00:00+00:00,25.574554,7.1000004,0.50455546,South Sumatra
2022-10-11 00:00:00+00:00,24.812056,23.4,0.50656945,South Sumatra
2022-10-12 00:00:00+00:00,25.719694,12.133334,0.5094027,South Sumatra
2022-10-13 00:00:00+00:00,25.60789,12.833333,0.5109306,South Sumatra
2022-10-14 00:00:00+00:00,25.444,16.800001,0.51022226,South Sumatra
2022-10-15 00:00:00+00:00,25.501638,17.233335,0.50906944,South Sumatra
2022-10-16 00:00:00+00:00,26.054419,10.233334,0.50836116,South Sumatra
2022-10-17 00:00:00+00:00,26.180113,7.6333337,0.5075694,South Sumatra
2022-10-18 00:00:00+00:00,26.056498,8.766667,0.50002784,South Sumatra
2022-10-19 00:00:00+00:00,25.994001,20.133333,0.49683332,South Sumatra
2022-10-20 00:00:00+00:00,25.880806,15.400001,0.4978473,South Sumatra
2022-10-21 00:00:00+00:00,25.955805,15.5,0.5004999,South Sumatra
2022-10-22 00:00:00+00:00,25.519693,12.100001,0.5024028,South Sumatra
2022-10-23 00:00:00+00:00,26.049555,5.9666667,0.5032778,South Sumatra
2022-10-24 00:00:00+00:00,25.815529,29.166666,0.50412506,South Sumatra
2022-10-25 00:00:00+00:00,25.796082,12.066667,0.50306946,South Sumatra
2022-10-26 00:00:00+00:00,25.578722,9.3,0.5011806,South Sumatra
2022-10-27 00:00:00+00:00,26.050943,13.833333,0.49941668,South Sumatra
2022-10-28 00:00:00+00:00,25.751638,5.1333337,0.49820828,South Sumatra
2022-10-29 00:00:00+00:00,26.042612,4.0,0.49626383,South Sumatra
2022-10-30 00:00:00+00:00,25.782196,12.466667,0.4981389,South Sumatra
2022-10-31 00:00:00+00:00,26.117609,1.8666667,0.50206953,South Sumatra
2022-11-01 00:00:00+00:00,26.112055,2.2,0.5008332,South Sumatra
2022-11-02 00:00:00+00:00,26.557196,14.033333,0.49815276,South Sumatra
2022-11-03 00:00:00+00:00,26.216223,9.8,0.49534723,South Sumatra
2022-11-04 00:00:00+00:00,25.634277,17.0,0.4975139,South Sumatra
2022-11-05 00:00:00+00:00,25.500252,16.433334,0.50611115,South Sumatra
2022-11-06 00:00:00+00:00,25.51761,14.433334,0.5076527,South Sumatra
2022-11-07 00:00:00+00:00,25.255112,7.733334,0.5098472,South Sumatra
2022-11-08 00:00:00+00:00,25.814835,9.233333,0.5120278,South Sumatra
2022-11-09 00:00:00+00:00,25.362055,18.16667,0.5106111,South Sumatra
2022-11-10 00:00:00+00:00,25.940527,9.366667,0.5080139,South Sumatra
2022-11-11 00:00:00+00:00,25.830116,7.133333,0.5049028,South Sumatra
2022-11-12 00:00:00+00:00,25.824556,27.566668,0.50497216,South Sumatra
2022-11-13 00:00:00+00:00,25.727333,8.500001,0.5172639,South Sumatra
2022-11-14 00:00:00+00:00,26.007889,6.1000004,0.50843054,South Sumatra
2022-11-15 00:00:00+00:00,26.237055,12.066667,0.50187504,South Sumatra
2022-11-16 00:00:00+00:00,26.27664,14.900002,0.49945834,South Sumatra
2022-11-17 00:00:00+00:00,26.185667,9.933333,0.5003889,South Sumatra
2022-11-18 00:00:00+00:00,26.841223,0.56666666,0.49587503,South Sumatra
2022-11-19 00:00:00+00:00,25.978027,9.866667,0.49025002,South Sumatra
2022-11-20 00:00:00+00:00,26.61275,7.2999997,0.48522222,South Sumatra
2022-11-21 00:00:00+00:00,26.554415,2.4666665,0.4791945,South Sumatra
2022-11-22 00:00:00+00:00,27.508585,13.400002,0.47430554,South Sumatra
2022-11-23 00:00:00+00:00,25.659971,4.3666663,0.47552773,South Sumatra
2022-11-24 00:00:00+00:00,26.229416,26.033333,0.4720694,South Sumatra
2022-11-25 00:00:00+00:00,25.510666,6.5333343,0.47551394,South Sumatra
2022-11-26 00:00:00+00:00,25.841223,15.8,0.47643054,South Sumatra
2022-11-27 00:00:00+00:00,26.155806,16.900002,0.47531947,South Sumatra
2022-11-28 00:00:00+00:00,25.816223,19.066668,0.47899997,South Sumatra
2022-11-29 00:00:00+00:00,25.419695,7.5,0.4783056,South Sumatra
2022-11-30 00:00:00+00:00,25.928724,11.366668,0.4772223,South Sumatra
2022-12-01 00:00:00+00:00,25.796778,25.066666,0.47644445,South Sumatra
2022-12-02 00:00:00+00:00,25.028028,9.133334,0.48763895,South Sumatra
2022-12-03 00:00:00+00:00,25.930807,13.366666,0.48888895,South Sumatra
2022-12-04 00:00:00+00:00,26.094694,3.2666667,0.49041674,South Sumatra
2022-12-05 00:00:00+00:00,25.620392,22.9,0.49286112,South Sumatra
2022-12-06 00:00:00+00:00,25.463442,20.733332,0.5021527,South Sumatra
2022-12-07 00:00:00+00:00,25.355112,10.766667,0.50573605,South Sumatra
2022-12-08 00:00:00+00:00,25.644697,34.7,0.5066528,South Sumatra
2022-12-09 00:00:00+00:00,25.499557,0.4,0.5095,South Sumatra
2022-12-10 00:00:00+00:00,25.560669,9.866668,0.5063889,South Sumatra
2022-12-11 00:00:00+00:00,25.742613,12.366668,0.5047501,South Sumatra
2022-12-12 00:00:00+00:00,26.000252,14.933334,0.5036528,South Sumatra
2022-12-13 00:00:00+00:00,26.114832,10.2,0.5042083,South Sumatra
2022-12-14 00:00:00+00:00,26.171083,11.466667,0.50175005,South Sumatra
2022-12-15 00:00:00+00:00,25.973862,0.6333334,0.5009722,South Sumatra
2022-12-16 00:00:00+00:00,26.00303,14.833333,0.49775004,South Sumatra
2022-12-17 00:00:00+00:00,25.980806,12.933333,0.49769446,South Sumatra
2022-12-18 00:00:00+00:00,25.854416,10.666667,0.50033337,South Sumatra
2022-12-19 00:00:00+00:00,26.26136,7.066667,0.49881935,South Sumatra
2022-12-20 00:00:00+00:00,25.534973,11.266666,0.49969444,South Sumatra
2022-12-21 00:00:00+00:00,25.998163,7.9,0.5006945,South Sumatra
2022-12-22 00:00:00+00:00,26.323862,2.0000002,0.4981389,South Sumatra
2022-12-23 00:00:00+00:00,25.282196,1.4666667,0.49434724,South Sumatra
2022-12-24 00:00:00+00:00,25.987753,0.9333334,0.49030557,South Sumatra
2022-12-25 00:00:00+00:00,26.17525,0.86666673,0.48608336,South Sumatra
2022-12-26 00:00:00+00:00,26.490526,0.6666667,0.48148608,South Sumatra
2022-12-27 00:00:00+00:00,26.262749,1.0666667,0.47712502,South Sumatra
2022-12-28 00:00:00+00:00,25.903723,9.600001,0.473389,South Sumatra
2022-12-29 00:00:00+00:00,24.925943,19.766668,0.4707084,South Sumatra
2022-12-30 00:00:00+00:00,25.25164,16.1,0.47152779,South Sumatra
2022-12-31 00:00:00+00:00,25.748861,6.4666667,0.47174993,South Sumatra
2023-01-01 00:00:00+00:00,25.247475,12.433334,0.47151387,South Sumatra
2023-01-02 00:00:00+00:00,25.178026,7.066666,0.46965277,South Sumatra
2023-01-03 00:00:00+00:00,24.616915,14.866668,0.46822214,South Sumatra
2023-01-04 00:00:00+00:00,25.096777,6.2999997,0.46638882,South Sumatra
2023-01-05 00:00:00+00:00,25.594,3.8000002,0.4639167,South Sumatra
2023-01-06 00:00:00+00:00,26.48011,1.8666667,0.46048608,South Sumatra
2023-01-07 00:00:00+00:00,26.22803,7.3000007,0.45705557,South Sumatra
2023-01-08 00:00:00+00:00,26.092607,6.7999997,0.45406938,South Sumatra
2023-01-09 00:00:00+00:00,26.318306,0.7,0.4516944,South Sumatra
2023-01-10 00:00:00+00:00,26.645388,8.000001,0.44905555,South Sumatra
2023-01-11 00:00:00+00:00,26.043304,4.7666664,0.44863883,South Sumatra
2023-01-12 00:00:00+00:00,25.914139,10.366666,0.44984725,South Sumatra
2023-01-13 00:00:00+00:00,25.386362,7.9,0.4505694,South Sumatra
2023-01-14 00:00:00+00:00,25.927336,4.133333,0.44937494,South Sumatra
2023-01-15 00:00:00+00:00,25.472471,10.766667,0.4485694,South Sumatra
2023-01-16 00:00:00+00:00,25.264832,17.866667,0.4504166,South Sumatra
2023-01-17 00:00:00+00:00,24.107195,14.633334,0.46506938,South Sumatra
2023-01-18 00:00:00+00:00,25.032888,13.266666,0.47150004,South Sumatra
2023-01-19 00:00:00+00:00,23.878723,15.133334,0.48623613,South Sumatra
2023-01-20 00:00:00+00:00,25.302332,13.433334,0.4889028,South Sumatra
2023-01-21 00:00:00+00:00,25.585663,9.400002,0.48851395,South Sumatra
2023-01-22 00:00:00+00:00,25.474554,17.800001,0.49276388,South Sumatra
2023-01-23 00:00:00+00:00,25.056498,8.533334,0.50894445,South Sumatra
2023-01-24 00:00:00+00:00,25.412058,5.933333,0.5098056,South Sumatra
2023-01-25 00:00:00+00:00,24.646776,2.9666665,0.5093333,South Sumatra
2023-01-26 00:00:00+00:00,25.664833,0.7666667,0.5049028,South Sumatra
2023-01-27 00:00:00+00:00,25.866915,3.9666665,0.5011111,South Sumatra
2023-01-28 00:00:00+00:00,25.791222,12.400001,0.4982501,South Sumatra
2023-01-29 00:00:00+00:00,24.903025,2.5666666,0.49650002,South Sumatra
2023-01-30 00:00:00+00:00,25.15928,4.7999997,0.49295843,South Sumatra
2023-01-31 00:00:00+00:00,24.519,3.8,0.48984718,South Sumatra
2023-02-01 00:00:00+00:00,26.059275,1.2333333,0.4870418,South Sumatra
2023-02-02 00:00:00+00:00,25.716919,11.700001,0.48449996,South Sumatra
2023-02-03 00:00:00+00:00,26.232193,1.3333334,0.48201385,South Sumatra
2023-02-04 00:00:00+00:00,26.273165,6.6333337,0.4778889,South Sumatra
2023-02-05 00:00:00+00:00,26.330809,5.8333335,0.47325,South Sumatra
2023-02-06 00:00:00+00:00,27.035666,0.13333334,0.46920833,South Sumatra
2023-02-07 00:00:00+00:00,26.620386,2.2666667,0.46577784,South Sumatra
2023-02-08 00:00:00+00:00,26.967611,0.56666666,0.4620972,South Sumatra
2023-02-09 00:00:00+00:00,26.98636,1.4333334,0.45802775,South Sumatra
2023-02-10 00:00:00+00:00,27.004417,16.6,0.45333326,South Sumatra
2023-02-11 00:00:00+00:00,26.216223,13.5,0.45022216,South Sumatra
2023-02-12 00:00:00+00:00,26.071083,1.9000001,0.44883332,South Sumatra
2023-02-13 00:00:00+00:00,27.037058,4.4666667,0.44747218,South Sumatra
2023-02-14 00:00:00+00:00,26.396082,12.733334,0.4460416,South Sumatra
2023-02-15 00:00:00+00:00,25.857193,4.266667,0.44397223,South Sumatra
2023-02-16 00:00:00+00:00,26.427332,3.7,0.44154167,South Sumatra
2023-02-17 00:00:00+00:00,26.714136,6.466667,0.43898615,South Sumatra
2023-02-18 00:00:00+00:00,25.90303,14.600001,0.43729165,South Sumatra
2023-02-19 00:00:00+00:00,25.157196,11.2,0.4376389,South Sumatra
2023-02-20 00:00:00+00:00,24.95997,8.733334,0.4401944,South Sumatra
2023-02-21 00:00:00+00:00,25.466913,14.2,0.44433334,South Sumatra
2023-02-22 00:00:00+00:00,25.059275,16.133333,0.45354167,South Sumatra
2023-02-23 00:00:00+00:00,25.02247,17.933334,0.46627775,South Sumatra
2023-02-24 00:00:00+00:00,25.016222,17.800001,0.47752777,South Sumatra
2023-02-25 00:00:00+00:00,25.708582,13.366668,0.4842917,South Sumatra
2023-02-26 00:00:00+00:00,25.566223,5.566667,0.4863471,South Sumatra
2023-02-27 00:00:00+00:00,25.269693,12.200001,0.48694447,South Sumatra
2023-02-28 00:00:00+00:00,24.500946,21.533333,0.49220836,South Sumatra
2023-03-01 00:00:00+00:00,25.428026,4.766667,0.49466679,South Sumatra
2023-03-02 00:00:00+00:00,25.837751,5.7666664,0.4946389,South Sumatra
2023-03-03 00:00:00+00:00,24.97386,13.866666,0.49276385,South Sumatra
2023-03-04 00:00:00+00:00,25.180807,2.4666665,0.49244437,South Sumatra
2023-03-05 00:00:00+00:00,25.866919,2.3999999,0.49031946,South Sumatra
2023-03-06 00:00:00+00:00,25.029413,16.666666,0.48901388,South Sumatra
2023-03-07 00:00:00+00:00,25.260666,8.166667,0.49122214,South Sumatra
2023-03-08 00:00:00+00:00,25.332891,10.8,0.49018058,South Sumatra
2023-03-09 00:00:00+00:00,25.02664,15.966667,0.49262503,South Sumatra
2023-03-10 00:00:00+00:00,24.578722,14.833336,0.49620834,South Sumatra
2023-03-11 00:00:00+00:00,24.854416,16.266666,0.498625,South Sumatra
2023-03-12 00:00:00+00:00,24.918304,9.133333,0.50197226,South Sumatra
2023-03-13 00:00:00+00:00,24.790527,20.166668,0.50355554,South Sumatra
2023-03-14 00:00:00+00:00,25.280802,8.333333,0.50638884,South Sumatra
2023-03-15 00:00:00+00:00,25.438444,8.133333,0.50425,South Sumatra
2023-03-16 00:00:00+00:00,25.549555,7.0,0.50127774,South Sumatra
2023-03-17 00:00:00+00:00,25.453726,8.033334,0.49572217,South Sumatra
2023-03-18 00:00:00+00:00,25.910667,5.4666667,0.48941675,South Sumatra
2023-03-19 00:00:00+00:00,25.684973,12.866666,0.4857084,South Sumatra
2023-03-20 00:00:00+00:00,25.4065,15.633334,0.4847639,South Sumatra
2023-03-21 00:00:00+00:00,26.418304,5.2000003,0.49133337,South Sumatra
2023-03-22 00:00:00+00:00,26.352333,8.433333,0.48970833,South Sumatra
2023-03-23 00:00:00+00:00,26.039139,7.8333335,0.49101397,South Sumatra
2023-03-24 00:00:00+00:00,25.913445,19.133333,0.49265274,South Sumatra
2023-03-25 00:00:00+00:00,25.757193,16.800001,0.4989861,South Sumatra
2023-03-26 00:00:00+00:00,26.609972,9.200001,0.5015278,South Sumatra
2023-03-27 00:00:00+00:00,24.969696,2.4333334,0.5024861,South Sumatra
2023-03-28 00:00:00+00:00,26.774553,12.0,0.49925002,South Sumatra
2023-03-29 00:00:00+00:00,26.124557,10.133332,0.4972638,South Sumatra
2023-03-30 00:00:00+00:00,25.189833,14.299998,0.5005555,South Sumatra
2023-03-31 00:00:00+00:00,26.283583,0.90000004,0.50580555,South Sumatra
2023-04-01 00:00:00+00:00,25.508581,18.800001,0.5046806,South Sumatra
2023-04-02 00:00:00+00:00,25.990526,10.566667,0.5043333,South Sumatra
2023-04-03 00:00:00+00:00,25.193306,4.633333,0.50699997,South Sumatra
2023-04-04 00:00:00+00:00,25.800253,15.133334,0.50355554,South Sumatra
2023-04-05 00:00:00+00:00,25.348167,17.766666,0.50237495,South Sumatra
2023-04-06 00:00:00+00:00,25.63011,3.6000001,0.50540274,South Sumatra
2023-04-07 00:00:00+00:00,26.167612,9.033334,0.50331944,South Sumatra
2023-04-08 00:00:00+00:00,25.684278,8.0,0.50104165,South Sumatra
2023-04-09 00:00:00+00:00,25.646776,20.833334,0.49959722,South Sumatra
2023-04-10 00:00:00+00:00,25.785667,4.6666665,0.5011945,South Sumatra
2023-04-11 00:00:00+00:00,27.08497,10.2,0.4982083,South Sumatra
2023-04-12 00:00:00+00:00,26.294693,5.4666667,0.4942917,South Sumatra
2023-04-13 00:00:00+00:00,27.071777,3.7333333,0.49059716,South Sumatra
2023-04-14 00:00:00+00:00,26.682196,7.2999997,0.48724997,South Sumatra
2023-04-15 00:00:00+00:00,26.314138,9.766667,0.48476395,South Sumatra
2023-04-16 00:00:00+00:00,26.087053,19.066668,0.48712495,South Sumatra
2023-04-17 00:00:00+00:00,26.771776,16.933332,0.48797226,South Sumatra
2023-04-18 00:00:00+00:00,26.337751,8.466667,0.4908472,South Sumatra
2023-04-19 00:00:00+00:00,26.564142,15.966667,0.49479166,South Sumatra
2023-04-20 00:00:00+00:00,26.155111,8.866668,0.4963472,South Sumatra
2023-04-21 00:00:00+00:00,26.521082,10.833333,0.4941944,South Sumatra
2023-04-22 00:00:00+00:00,26.310667,9.633334,0.49265277,South Sumatra
2023-04-23 00:00:00+00:00,26.409973,4.8999996,0.49048606,South Sumatra
2023-04-24 00:00:00+00:00,26.021776,7.1666665,0.48743057,South Sumatra
2023-04-25 00:00:00+00:00,25.785667,8.366667,0.49497223,South Sumatra
2023-04-26 00:00:00+00:00,26.353724,7.3333335,0.49618053,South Sumatra
2023-04-27 00:00:00+00:00,26.427332,7.1666665,0.49526393,South Sumatra
2023-04-28 00:00:00+00:00,26.961363,18.533335,0.49211112,South Sumatra
2023-04-29 00:00:00+00:00,26.24122,6.3333335,0.48825005,South Sumatra
2023-04-30 00:00:00+00:00,26.506498,27.866667,0.48587498,South Sumatra
2023-05-01 00:00:00+00:00,25.465528,14.833333,0.5057639,South Sumatra
2023-05-02 00:00:00+00:00,27.35789,13.566667,0.50354165,South Sumatra
2023-05-03 00:00:00+00:00,26.200945,12.733334,0.5021945,South Sumatra
2023-05-04 00:00:00+00:00,26.373861,6.5,0.5053472,South Sumatra
2023-05-05 00:00:00+00:00,26.75025,19.733332,0.5022361,South Sumatra
2023-05-06 00:00:00+00:00,26.444695,8.0,0.5060555,South Sumatra
2023-05-07 00:00:00+00:00,26.738443,0.9333334,0.5073611,South Sumatra
2023-05-08 00:00:00+00:00,27.125946,13.4333315,0.5042222,South Sumatra
2023-05-09 00:00:00+00:00,26.307196,0.43333337,0.49884725,South Sumatra
2023-05-10 00:00:00+00:00,27.718307,2.7,0.49198607,South Sumatra
2023-05-11 00:00:00+00:00,27.162054,8.866667,0.48537502,South Sumatra
2023-05-12 00:00:00+00:00,26.476639,5.4666667,0.47937503,South Sumatra
2023-05-13 00:00:00+00:00,27.741919,0.16666667,0.4741945,South Sumatra
2023-05-14 00:00:00+00:00,27.410667,1.8000001,0.46940276,South Sumatra
2023-05-15 00:00:00+00:00,26.767609,10.866666,0.46454167,South Sumatra
2023-05-16 00:00:00+00:00,26.796778,4.8666663,0.4595555,South Sumatra
2023-05-17 00:00:00+00:00,26.262749,12.466667,0.454875,South Sumatra
2023-05-18 00:00:00+00:00,25.976639,11.5,0.45204163,South Sumatra
2023-05-19 00:00:00+00:00,25.9565,6.7999997,0.4495139,South Sumatra
2023-05-20 00:00:00+00:00,26.5315,11.666667,0.44901392,South Sumatra
2023-05-21 00:00:00+00:00,26.00997,3.6999998,0.44933334,South Sumatra
2023-05-22 00:00:00+00:00,26.520388,5.266667,0.4483056,South Sumatra
2023-05-23 00:00:00+00:00,26.285666,6.1666665,0.44701388,South Sumatra
2023-05-24 00:00:00+00:00,26.648859,3.6666667,0.44558337,South Sumatra
2023-05-25 00:00:00+00:00,27.197472,2.2,0.44340277,South Sumatra
2023-05-26 00:00:00+00:00,26.698168,9.566667,0.4414444,South Sumatra
2023-05-27 00:00:00+00:00,26.325945,5.466667,0.43973616,South Sumatra
2023-05-28 00:00:00+00:00,26.028028,11.3,0.44062504,South Sumatra
2023-05-29 00:00:00+00:00,26.50997,12.400001,0.44068047,South Sumatra
2023-05-30 00:00:00+00:00,25.960665,4.9333334,0.43961108,South Sumatra
2023-05-31 00:00:00+00:00,27.033583,2.3,0.43820834,South Sumatra
2023-06-01 00:00:00+00:00,26.969,1.9000001,0.43533325,South Sumatra
2023-06-02 00:00:00+00:00,27.213442,1.8333334,0.43223605,South Sumatra
2023-06-03 00:00:00+00:00,27.322472,1.8333334,0.4289167,South Sumatra
2023-06-04 00:00:00+00:00,26.273169,8.7,0.42584714,South Sumatra
2023-06-05 00:00:00+00:00,26.814835,8.166667,0.4230833,South Sumatra
2023-06-06 00:00:00+00:00,25.800943,15.233334,0.4219028,South Sumatra
2023-06-07 00:00:00+00:00,25.61067,28.800003,0.4203472,South Sumatra
2023-06-08 00:00:00+00:00,25.452333,11.566666,0.42631945,South Sumatra
2023-06-09 00:00:00+00:00,25.80303,11.233333,0.4314166,South Sumatra
2023-06-10 00:00:00+00:00,26.904413,1.0666667,0.4317639,South Sumatra
2023-06-11 00:00:00+00:00,27.348862,0.4333333,0.43005553,South Sumatra
2023-06-12 00:00:00+00:00,26.279417,7.2999997,0.4276111,South Sumatra
2023-06-13 00:00:00+00:00,25.994001,11.466668,0.42597222,South Sumatra
2023-06-14 00:00:00+00:00,26.155806,5.9,0.42455545,South Sumatra
2023-06-15 00:00:00+00:00,25.640528,13.599999,0.4240556,South Sumatra
2023-06-16 00:00:00+00:00,26.046083,2.1333334,0.42509732,South Sumatra
2023-06-17 00:00:00+00:00,26.931503,1.1333333,0.42416668,South Sumatra
2023-06-18 00:00:00+00:00,26.218307,11.466667,0.42251387,South Sumatra
2023-06-19 00:00:00+00:00,25.368998,11.766667,0.4209583,South Sumatra
2023-06-20 00:00:00+00:00,26.13636,10.366666,0.4203194,South Sumatra
2023-06-21 00:00:00+00:00,26.969696,1.0,0.41958332,South Sumatra
2023-06-22 00:00:00+00:00,26.671778,4.2,0.4180555,South Sumatra
2023-06-23 00:00:00+00:00,27.029417,1.3333334,0.41484725,South Sumatra
2023-06-24 00:00:00+00:00,27.115526,0.59999996,0.41165277,South Sumatra
2023-06-25 00:00:00+00:00,26.743998,6.6666665,0.4094166,South Sumatra
2023-06-26 00:00:00+00:00,25.585665,2.2333333,0.40834722,South Sumatra
2023-06-27 00:00:00+00:00,26.083582,10.766666,0.41058335,South Sumatra
2023-06-28 00:00:00+00:00,25.993307,4.0333333,0.4135138,South Sumatra
2023-06-29 00:00:00+00:00,26.72317,4.433334,0.41220835,South Sumatra
2023-06-30 00:00:00+00:00,26.878721,8.2,0.41068062,South Sumatra
2023-07-01 00:00:00+00:00,26.0815,5.9666667,0.409875,South Sumatra
2023-07-02 00:00:00+00:00,25.864141,0.6666667,0.4094862,South Sumatra
2023-07-03 00:00:00+00:00,27.017614,0.23333335,0.4087222,South Sumatra
2023-07-04 00:00:00+00:00,26.512054,16.633333,0.4078472,South Sumatra
2023-07-05 00:00:00+00:00,25.416918,21.633337,0.40805557,South Sumatra
2023-07-06 00:00:00+00:00,25.70164,10.933334,0.40849993,South Sumatra
2023-07-07 00:00:00+00:00,25.701637,14.933333,0.4102083,South Sumatra
2023-07-08 00:00:00+00:00,25.849556,2.2,0.41155553,South Sumatra
2023-07-09 00:00:00+00:00,25.687056,15.166667,0.41412497,South Sumatra
2023-07-10 00:00:00+00:00,25.068306,16.799997,0.41995826,South Sumatra
2023-07-11 00:00:00+00:00,24.95997,13.966667,0.43329167,South Sumatra
2023-07-12 00:00:00+00:00,26.05303,1.5666667,0.43890274,South Sumatra
2023-07-13 00:00:00+00:00,26.587751,2.3,0.4400001,South Sumatra
2023-07-14 00:00:00+00:00,26.087057,15.266667,0.43858328,South Sumatra
2023-07-15 00:00:00+00:00,25.946083,6.8000007,0.4393611,South Sumatra
2023-07-16 00:00:00+00:00,25.8815,6.5,0.43988883,South Sumatra
2023-07-17 00:00:00+00:00,26.191223,1.9000001,0.43926382,South Sumatra
2023-07-18 00:00:00+00:00,26.78289,0.33333334,0.43755555,South Sumatra
2023-07-19 00:00:00+00:00,26.424555,2.0333333,0.4360139,South Sumatra
2023-07-20 00:00:00+00:00,25.36553,9.5,0.43530557,South Sumatra
2023-07-21 00:00:00+00:00,26.257193,0.13333334,0.43591663,South Sumatra
2023-07-22 00:00:00+00:00,26.978722,1.4333333,0.43534723,South Sumatra
2023-07-23 00:00:00+00:00,26.818998,13.033333,0.43490276,South Sumatra
2023-07-24 00:00:00+00:00,24.595388,1.7666668,0.43766668,South Sumatra
2023-07-25 00:00:00+00:00,26.830114,1.7666668,0.43779156,South Sumatra
2023-07-26 00:00:00+00:00,26.93775,0.73333335,0.43631944,South Sumatra
2023-07-27 00:00:00+00:00,27.548166,0.033333335,0.4347222,South Sumatra
2023-07-28 00:00:00+00:00,26.614832,1.9666666,0.43306947,South Sumatra
2023-07-29 00:00:00+00:00,26.815529,1.5999999,0.43111113,South Sumatra
2023-07-30 00:00:00+00:00,26.727335,0.4666667,0.42927778,South Sumatra
2023-07-31 00:00:00+00:00,26.433584,0.4666667,0.4268055,South Sumatra
2023-08-01 00:00:00+00:00,27.007195,1.2333333,0.4248333,South Sumatra
2023-08-02 00:00:00+00:00,27.236359,1.5333333,0.42294446,South Sumatra
2023-08-03 00:00:00+00:00,26.287056,5.066666,0.4207916,South Sumatra
2023-08-04 00:00:00+00:00,26.916916,5.5333333,0.4188194,South Sumatra
2023-08-05 00:00:00+00:00,27.004416,0.2,0.4167639,South Sumatra
2023-08-06 00:00:00+00:00,27.080805,0.50000006,0.41473615,South Sumatra
2023-08-07 00:00:00+00:00,26.414835,8.866667,0.41202775,South Sumatra
2023-08-08 00:00:00+00:00,26.130112,3.4666665,0.40783334,South Sumatra
2023-08-09 00:00:00+00:00,26.881498,0.2,0.4030694,South Sumatra
2023-08-10 00:00:00+00:00,27.160667,0.06666667,0.39972225,South Sumatra
2023-08-11 00:00:00+00:00,27.316221,0.0,0.3963472,South Sumatra
2023-08-12 00:00:00+00:00,27.344696,0.4666667,0.39433327,South Sumatra
2023-08-13 00:00:00+00:00,27.543304,0.2,0.39176393,South Sumatra
2023-08-14 00:00:00+00:00,27.521082,2.2666667,0.38888893,South Sumatra
2023-08-15 00:00:00+00:00,26.652334,3.8666666,0.38693056,South Sumatra
2023-08-16 00:00:00+00:00,26.766226,2.3,0.38497224,South Sumatra
2023-08-17 00:00:00+00:00,27.141222,2.2666667,0.38280562,South Sumatra
2023-08-18 00:00:00+00:00,26.914833,4.0,0.37936103,South Sumatra
2023-08-19 00:00:00+00:00,26.289139,16.566666,0.37636113,South Sumatra
2023-08-20 00:00:00+00:00,26.748863,3.7,0.3745416,South Sumatra
2023-08-21 00:00:00+00:00,26.646082,1.0666667,0.3724306,South Sumatra
2023-08-22 00:00:00+00:00,27.31344,0.033333335,0.37023607,South Sumatra
2023-08-23 00:00:00+00:00,27.41761,0.53333336,0.36855564,South Sumatra
2023-08-24 00:00:00+00:00,27.24053,3.4000003,0.36697224,South Sumatra
2023-08-25 00:00:00+00:00,26.301638,6.933333,0.36584723,South Sumatra
2023-08-26 00:00:00+00:00,26.592611,1.8666667,0.3633889,South Sumatra
2023-08-27 00:00:00+00:00,26.800253,0.73333335,0.3617222,South Sumatra
2023-08-28 00:00:00+00:00,27.234278,0.5,0.35919443,South Sumatra
2023-08-29 00:00:00+00:00,27.313444,1.3333334,0.3558472,South Sumatra
2023-08-30 00:00:00+00:00,27.522474,0.0,0.3552083,South Sumatra
2023-08-31 00:00:00+00:00,27.366224,0.0,0.35384718,South Sumatra
2023-09-01 00:00:00+00:00,27.31275,0.0,0.35212508,South Sumatra
2023-09-02 00:00:00+00:00,27.618998,0.0,0.3494722,South Sumatra
2023-09-03 00:00:00+00:00,27.766222,0.0,0.34672225,South Sumatra
2023-09-04 00:00:00+00:00,27.382195,0.0,0.3454583,South Sumatra
2023-09-05 00:00:00+00:00,28.070389,0.0,0.34422216,South Sumatra
2023-09-06 00:00:00+00:00,27.908585,2.7,0.3426528,South Sumatra
2023-09-07 00:00:00+00:00,27.615526,0.29999998,0.34031942,South Sumatra
2023-09-08 00:00:00+00:00,27.85303,1.6999999,0.33591664,South Sumatra
2023-09-09 00:00:00+00:00,26.609278,13.966666,0.33147225,South Sumatra
2023-09-10 00:00:00+00:00,27.053724,0.43333337,0.3297361,South Sumatra
2023-09-11 00:00:00+00:00,28.041916,0.0,0.3272083,South Sumatra
2023-09-12 00:00:00+00:00,27.78428,0.033333335,0.3264028,South Sumatra
2023-09-13 00:00:00+00:00,28.264837,0.06666667,0.32515275,South Sumatra
2023-09-14 00:00:00+00:00,28.586359,0.13333334,0.32380557,South Sumatra
2023-09-15 00:00:00+00:00,28.705809,0.06666667,0.32347223,South Sumatra
2023-09-16 00:00:00+00:00,28.694,0.26666668,0.32291666,South Sumatra
2023-09-17 00:00:00+00:00,28.284279,0.8,0.3211944,South Sumatra
2023-09-18 00:00:00+00:00,28.45025,0.6666667,0.3190139,South Sumatra
2023-09-19 00:00:00+00:00,28.549555,7.8000007,0.31683332,South Sumatra
2023-09-20 00:00:00+00:00,26.908585,7.4,0.3144722,South Sumatra
2023-09-21 00:00:00+00:00,26.584276,6.1,0.31147227,South Sumatra
2023-09-22 00:00:00+00:00,27.842611,0.033333335,0.3078889,South Sumatra
2023-09-23 00:00:00+00:00,28.216223,0.033333335,0.30531937,South Sumatra
2023-09-24 00:00:00+00:00,28.377335,0.4,0.30419442,South Sumatra
2023-09-25 00:00:00+00:00,28.842613,0.0,0.30319443,South Sumatra
2023-09-26 00:00:00+00:00,28.572472,0.033333335,0.30122215,South Sumatra
2023-09-27 00:00:00+00:00,29.05025,0.0,0.2998611,South Sumatra
2023-09-28 00:00:00+00:00,29.403028,0.033333335,0.29913887,South Sumatra
2023-09-29 00:00:00+00:00,29.564138,0.0,0.298625,South Sumatra
2023-09-30 00:00:00+00:00,29.41553,0.06666667,0.29855555,South Sumatra
2023-10-01 00:00:00+00:00,29.529419,0.6333334,0.29883334,South Sumatra
2023-10-02 00:00:00+00:00,29.824554,0.0,0.3004167,South Sumatra
2023-10-03 00:00:00+00:00,29.671782,0.06666667,0.30247217,South Sumatra
2023-10-04 00:00:00+00:00,29.80789,0.26666668,0.30431938,South Sumatra
2023-10-05 00:00:00+00:00,30.405806,0.1,0.3045972,South Sumatra
2023-10-06 00:00:00+00:00,30.036362,0.033333335,0.30340275,South Sumatra
2023-10-07 00:00:00+00:00,29.83497,0.0,0.30261114,South Sumatra
2023-10-08 00:00:00+00:00,29.483583,1.3666667,0.30230558,South Sumatra
2023-10-09 00:00:00+00:00,28.648859,6.366667,0.30211115,South Sumatra
2023-10-10 00:00:00+00:00,28.058584,13.366666,0.30179164,South Sumatra
2023-10-11 00:00:00+00:00,29.053026,0.6,0.3014445,South Sumatra
2023-10-12 00:00:00+00:00,29.467611,0.23333335,0.30050007,South Sumatra
2023-10-13 00:00:00+00:00,29.234976,0.23333335,0.2997361,South Sumatra
2023-10-14 00:00:00+00:00,29.796776,0.033333335,0.29974997,South Sumatra
2023-10-15 00:00:00+00:00,29.819693,0.033333335,0.30095834,South Sumatra
2023-10-16 00:00:00+00:00,30.093307,0.0,0.30133334,South Sumatra
2023-10-17 00:00:00+00:00,30.387056,0.26666668,0.30194446,South Sumatra
2023-10-18 00:00:00+00:00,29.222473,3.2333333,0.30211112,South Sumatra
2023-10-19 00:00:00+00:00,26.541222,14.500001,0.30016664,South Sumatra
2023-10-20 00:00:00+00:00,26.692612,14.966667,0.29650003,South Sumatra
2023-10-21 00:00:00+00:00,27.815529,3.3,0.29068062,South Sumatra
2023-10-22 00:00:00+00:00,27.577333,2.0333335,0.28579167,South Sumatra
2023-10-23 00:00:00+00:00,28.14678,1.9,0.28187504,South Sumatra
2023-10-24 00:00:00+00:00,27.128029,9.866668,0.28041664,South Sumatra
2023-10-25 00:00:00+00:00,27.063446,7.9333344,0.27730563,South Sumatra
2023-10-26 00:00:00+00:00,27.559278,0.86666673,0.275125,South Sumatra
2023-10-27 00:00:00+00:00,28.346083,0.1,0.27404168,South Sumatra
2023-10-28 00:00:00+00:00,27.52803,4.633333,0.27395836,South Sumatra
2023-10-29 00:00:00+00:00,27.857195,0.8333333,0.27287498,South Sumatra
2023-10-30 00:00:00+00:00,28.246084,2.0333335,0.27213886,South Sumatra
2023-10-31 00:00:00+00:00,27.171082,7.8333335,0.27086106,South Sumatra
2023-11-01 00:00:00+00:00,26.900251,12.466667,0.2686667,South Sumatra
2023-11-02 00:00:00+00:00,27.834974,7.1,0.26644447,South Sumatra
2023-11-03 00:00:00+00:00,27.694695,2.7,0.26479164,South Sumatra
2023-11-04 00:00:00+00:00,27.388443,6.1,0.2628611,South Sumatra
2023-11-05 00:00:00+00:00,26.75025,10.266667,0.26537502,South Sumatra
2023-11-06 00:00:00+00:00,26.51414,9.766666,0.26904166,South Sumatra
2023-11-07 00:00:00+00:00,26.996778,5.7333336,0.27605557,South Sumatra
2023-11-08 00:00:00+00:00,28.020388,2.5333335,0.27656946,South Sumatra
2023-11-09 00:00:00+00:00,27.957888,3.2666667,0.27675,South Sumatra
2023-11-10 00:00:00+00:00,28.325945,2.4999998,0.2761111,South Sumatra
2023-11-11 00:00:00+00:00,27.26275,10.3,0.27502775,South Sumatra
2023-11-12 00:00:00+00:00,26.79539,12.600001,0.27523613,South Sumatra
2023-11-13 00:00:00+00:00,27.546778,16.633333,0.27549994,South Sumatra
2023-11-14 00:00:00+00:00,25.912752,16.900002,0.28226388,South Sumatra
2023-11-15 00:00:00+00:00,27.30372,19.866667,0.2902222,South Sumatra
2023-11-16 00:00:00+00:00,26.55025,10.300001,0.29166663,South Sumatra
2023-11-17 00:00:00+00:00,26.973862,18.666666,0.29444447,South Sumatra
2023-11-18 00:00:00+00:00,27.043304,11.899999,0.29855558,South Sumatra
2023-11-19 00:00:00+00:00,26.805807,8.0,0.31052777,South Sumatra
2023-11-20 00:00:00+00:00,27.164833,6.6666665,0.314625,South Sumatra
2023-11-21 00:00:00+00:00,27.51761,14.599999,0.31709728,South Sumatra
2023-11-22 00:00:00+00:00,25.430807,17.1,0.32065275,South Sumatra
2023-11-23 00:00:00+00:00,26.950945,16.833334,0.3240694,South Sumatra
2023-11-24 00:00:00+00:00,26.257195,29.866663,0.32926387,South Sumatra
2023-11-25 00:00:00+00:00,24.618307,11.766666,0.35880554,South Sumatra
2023-11-26 00:00:00+00:00,26.114832,10.400001,0.37377778,South Sumatra
2023-11-27 00:00:00+00:00,25.824556,15.833333,0.388,South Sumatra
2023-11-28 00:00:00+00:00,26.289139,15.733334,0.3972917,South Sumatra
2023-11-29 00:00:00+00:00,26.598166,24.699999,0.41165277,South Sumatra
2023-11-30 00:00:00+00:00,26.025251,15.000001,0.43259716,South Sumatra
2023-12-01 00:00:00+00:00,26.179419,7.566667,0.43799993,South Sumatra
2023-12-02 00:00:00+00:00,26.855804,19.033333,0.44063893,South Sumatra
2023-12-03 00:00:00+00:00,25.848167,22.1,0.44986114,South Sumatra
2023-12-04 00:00:00+00:00,25.578722,8.799999,0.4600556,South Sumatra
2023-12-05 00:00:00+00:00,26.502335,8.233334,0.4595138,South Sumatra
2023-12-06 00:00:00+00:00,26.030806,12.8,0.46131942,South Sumatra
2023-12-07 00:00:00+00:00,26.718306,12.733335,0.46141663,South Sumatra
2023-12-08 00:00:00+00:00,27.019003,25.900002,0.4594028,South Sumatra
2023-12-09 00:00:00+00:00,26.125252,7.8333335,0.46048608,South Sumatra
2023-12-10 00:00:00+00:00,25.994696,6.3333335,0.4664445,South Sumatra
2023-12-11 00:00:00+00:00,26.365526,22.800001,0.46675,South Sumatra
2023-12-12 00:00:00+00:00,26.108583,9.633333,0.4679028,South Sumatra
2023-12-13 00:00:00+00:00,26.806498,4.133333,0.47087494,South Sumatra
2023-12-14 00:00:00+00:00,27.139832,1.5999999,0.47208342,South Sumatra
2023-12-15 00:00:00+00:00,26.899557,6.799999,0.472,South Sumatra
2023-12-16 00:00:00+00:00,25.934969,13.5,0.47229162,South Sumatra
2023-12-17 00:00:00+00:00,25.727333,12.633334,0.47490278,South Sumatra
2023-12-18 00:00:00+00:00,25.72525,13.866668,0.47651395,South Sumatra
2023-12-19 00:00:00+00:00,26.116224,12.100001,0.4753472,South Sumatra
2023-12-20 00:00:00+00:00,26.350943,12.5,0.47599998,South Sumatra
2023-12-21 00:00:00+00:00,25.550247,11.566667,0.49144447,South Sumatra
2023-12-22 00:00:00+00:00,25.802332,9.033333,0.4935973,South Sumatra
2023-12-23 00:00:00+00:00,26.769003,4.4666667,0.4946945,South Sumatra
2023-12-24 00:00:00+00:00,26.607195,8.066667,0.49415275,South Sumatra
2023-12-25 00:00:00+00:00,25.821081,17.9,0.49570835,South Sumatra
2023-12-26 00:00:00+00:00,26.093306,10.766667,0.4946805,South Sumatra
2023-12-27 00:00:00+00:00,26.123167,14.666668,0.49680564,South Sumatra
2023-12-28 00:00:00+00:00,26.227331,10.733334,0.4972222,South Sumatra
2023-12-29 00:00:00+00:00,26.523169,29.299997,0.49790278,South Sumatra
2023-12-30 00:00:00+00:00,26.020391,11.599999,0.5021111,South Sumatra
2023-12-31 00:00:00+00:00,26.254416,13.433334,0.50508326,South Sumatra
2024-01-01 00:00:00+00:00,26.189835,13.033333,0.50726384,South Sumatra
2024-01-02 00:00:00+00:00,26.528028,20.7,0.5053889,South Sumatra
2024-01-03 00:00:00+00:00,26.016222,22.800001,0.5073889,South Sumatra
2024-01-04 00:00:00+00:00,25.223166,9.900001,0.512764,South Sumatra
2024-01-05 00:00:00+00:00,26.190527,29.0,0.5110139,South Sumatra
2024-01-06 00:00:00+00:00,25.335665,11.500001,0.5172778,South Sumatra
2024-01-07 00:00:00+00:00,25.712751,21.0,0.51694447,South Sumatra
2024-01-08 00:00:00+00:00,25.423864,17.200003,0.51472217,South Sumatra
2024-01-09 00:00:00+00:00,26.29261,33.466667,0.51376396,South Sumatra
2024-01-10 00:00:00+00:00,25.434278,21.466667,0.5135556,South Sumatra
2024-01-11 00:00:00+00:00,25.621778,36.466667,0.5108611,South Sumatra
2024-01-12 00:00:00+00:00,25.654417,12.200002,0.516,South Sumatra
2024-01-13 00:00:00+00:00,25.577332,17.1,0.5095,South Sumatra
2024-01-14 00:00:00+00:00,25.421083,9.733334,0.5050278,South Sumatra
2024-01-15 00:00:00+00:00,26.11275,6.1999993,0.49869442,South Sumatra
2024-01-16 00:00:00+00:00,26.033585,19.633331,0.4950556,South Sumatra
2024-01-17 00:00:00+00:00,25.335669,29.066666,0.49577782,South Sumatra
2024-01-18 00:00:00+00:00,25.738441,15.0,0.49725008,South Sumatra
2024-01-19 00:00:00+00:00,24.78775,11.966666,0.5051667,South Sumatra
2024-01-20 00:00:00+00:00,26.419695,13.200001,0.50686115,South Sumatra
2024-01-21 00:00:00+00:00,26.98636,3.6666667,0.50227785,South Sumatra
2024-01-22 00:00:00+00:00,27.367613,0.7,0.4979583,South Sumatra
2024-01-23 00:00:00+00:00,26.79053,16.433332,0.49286106,South Sumatra
2024-01-24 00:00:00+00:00,26.23497,24.766665,0.48806953,South Sumatra
2024-01-25 00:00:00+00:00,26.135666,24.866667,0.48819447,South Sumatra
2024-01-26 00:00:00+00:00,25.597475,5.133333,0.49654165,South Sumatra
2024-01-27 00:00:00+00:00,25.68289,10.733334,0.49583337,South Sumatra
2024-01-28 00:00:00+00:00,26.097471,4.2,0.4944166,South Sumatra
2024-01-29 00:00:00+00:00,26.22525,7.0333333,0.49172223,South Sumatra
2024-01-30 00:00:00+00:00,25.959276,8.033333,0.49245834,South Sumatra
2024-01-31 00:00:00+00:00,26.535667,14.0,0.49175,South Sumatra
2024-02-01 00:00:00+00:00,25.591917,21.700003,0.49891666,South Sumatra
2024-02-02 00:00:00+00:00,25.822472,17.166666,0.50302774,South Sumatra
2024-02-03 00:00:00+00:00,25.306503,13.866668,0.5107222,South Sumatra
2024-02-04 00:00:00+00:00,26.475945,19.766668,0.5099861,South Sumatra
2024-02-05 00:00:00+00:00,25.333582,15.433334,0.5068055,South Sumatra
2024-02-06 00:00:00+00:00,25.806501,15.366669,0.5063055,South Sumatra
2024-02-07 00:00:00+00:00,25.789833,24.033333,0.5053889,South Sumatra
2024-02-08 00:00:00+00:00,26.091223,17.200003,0.5051667,South Sumatra
2024-02-09 00:00:00+00:00,25.738443,11.733333,0.5053751,South Sumatra
2024-02-10 00:00:00+00:00,25.730112,10.099999,0.5046666,South Sumatra
2024-02-11 00:00:00+00:00,26.669,1.7333332,0.50623614,South Sumatra
2024-02-12 00:00:00+00:00,26.064833,16.000002,0.50319445,South Sumatra
2024-02-13 00:00:00+00:00,25.454416,28.6,0.5072917,South Sumatra
2024-02-14 00:00:00+00:00,25.546776,28.1,0.51762503,South Sumatra
2024-02-15 00:00:00+00:00,25.871084,24.566666,0.5197223,South Sumatra
2024-02-16 00:00:00+00:00,25.587751,27.46667,0.5183055,South Sumatra
2024-02-17 00:00:00+00:00,25.859276,10.000001,0.51537496,South Sumatra
2024-02-18 00:00:00+00:00,26.315529,10.866668,0.50820833,South Sumatra
2024-02-19 00:00:00+00:00,26.457193,14.666667,0.4995973,South Sumatra
2024-02-20 00:00:00+00:00,26.677332,14.833333,0.49288896,South Sumatra
2024-02-21 00:00:00+00:00,26.438446,20.266668,0.48570836,South Sumatra
2024-02-22 00:00:00+00:00,26.951637,15.8,0.48544443,South Sumatra
2024-02-23 00:00:00+00:00,26.378723,19.599998,0.48419452,South Sumatra
2024-02-24 00:00:00+00:00,25.809973,14.733334,0.49272215,South Sumatra
2024-02-25 00:00:00+00:00,25.594,7.4,0.49511108,South Sumatra
2024-02-26 00:00:00+00:00,26.534975,10.166667,0.49211112,South Sumatra
2024-02-27 00:00:00+00:00,26.762749,16.800001,0.48887503,South Sumatra
2024-02-28 00:00:00+00:00,25.648165,15.933333,0.49549994,South Sumatra
2024-02-29 00:00:00+00:00,26.734278,9.033334,0.49713886,South Sumatra
2024-03-01 00:00:00+00:00,27.196777,17.766668,0.49265277,South Sumatra
2024-03-02 00:00:00+00:00,26.280807,8.599999,0.49431947,South Sumatra
2024-03-03 00:00:00+00:00,25.866919,18.800001,0.4967222,South Sumatra
2024-03-04 00:00:00+00:00,26.116224,22.5,0.50277776,South Sumatra
2024-03-05 00:00:00+00:00,26.748861,10.033334,0.5086389,South Sumatra
2024-03-06 00:00:00+00:00,26.562056,20.300001,0.50905555,South Sumatra
2024-03-07 00:00:00+00:00,26.654417,23.733332,0.5139028,South Sumatra
2024-03-08 00:00:00+00:00,25.96414,8.299999,0.51665276,South Sumatra
2024-03-09 00:00:00+00:00,25.914137,4.233333,0.5137778,South Sumatra
2024-03-10 00:00:00+00:00,26.26761,19.133333,0.51004165,South Sumatra
2024-03-11 00:00:00+00:00,26.306498,3.1333332,0.5107083,South Sumatra
2024-03-12 00:00:00+00:00,27.073862,4.266667,0.50858337,South Sumatra
2024-03-13 00:00:00+00:00,27.034973,0.8333333,0.5049584,South Sumatra
2024-03-14 00:00:00+00:00,27.586359,1.1333333,0.498125,South Sumatra
2024-03-15 00:00:00+00:00,27.295387,2.1000001,0.4903611,South Sumatra
2024-03-16 00:00:00+00:00,26.823166,6.4,0.48362494,South Sumatra
2024-03-17 00:00:00+00:00,26.673166,5.7000003,0.47844446,South Sumatra
2024-03-18 00:00:00+00:00,26.726639,2.8666668,0.47408333,South Sumatra
2024-03-19 00:00:00+00:00,27.192614,14.0,0.4705139,South Sumatra
2024-03-20 00:00:00+00:00,26.542612,17.333332,0.4671389,South Sumatra
2024-03-21 00:00:00+00:00,26.473862,5.233333,0.46476397,South Sumatra
2024-03-22 00:00:00+00:00,26.456503,10.166667,0.46234724,South Sumatra
2024-03-23 00:00:00+00:00,26.934973,4.0,0.45755565,South Sumatra
2024-03-24 00:00:00+00:00,27.195389,15.766665,0.45208335,South Sumatra
2024-03-25 00:00:00+00:00,26.729418,3.9333334,0.4476945,South Sumatra
2024-03-26 00:00:00+00:00,26.927332,6.1666665,0.44411108,South Sumatra
2024-03-27 00:00:00+00:00,25.96414,5.233333,0.4423056,South Sumatra
2024-03-28 00:00:00+00:00,26.849556,5.366667,0.44001397,South Sumatra
2024-03-29 00:00:00+00:00,27.130806,7.6999993,0.43697217,South Sumatra
2024-03-30 00:00:00+00:00,27.199554,9.599999,0.4353472,South Sumatra
2024-03-31 00:00:00+00:00,26.71553,11.366666,0.44006947,South Sumatra
2024-04-01 00:00:00+00:00,26.784973,16.3,0.44736114,South Sumatra
2024-04-02 00:00:00+00:00,27.135666,15.366666,0.4508889,South Sumatra
2024-04-03 00:00:00+00:00,26.839142,12.633334,0.45125008,South Sumatra
2024-04-04 00:00:00+00:00,26.784279,12.833333,0.45204172,South Sumatra
2024-04-05 00:00:00+00:00,26.50997,15.8,0.46002778,South Sumatra
2024-04-06 00:00:00+00:00,26.885668,14.766667,0.46384728,South Sumatra
2024-04-07 00:00:00+00:00,25.977333,28.800003,0.46602777,South Sumatra
2024-04-08 00:00:00+00:00,26.654419,10.433333,0.47006944,South Sumatra
2024-04-09 00:00:00+00:00,26.635666,6.566667,0.47400007,South Sumatra
2024-04-10 00:00:00+00:00,26.431498,36.46667,0.48394442,South Sumatra
2024-04-11 00:00:00+00:00,26.532196,10.633334,0.49716666,South Sumatra
2024-04-12 00:00:00+00:00,26.696083,16.633333,0.49837503,South Sumatra
2024-04-13 00:00:00+00:00,26.971777,4.2666664,0.49723616,South Sumatra
2024-04-14 00:00:00+00:00,26.543999,14.133334,0.4965973,South Sumatra
2024-04-15 00:00:00+00:00,27.072472,12.100001,0.50056946,South Sumatra
2024-04-16 00:00:00+00:00,26.409973,9.966667,0.5089722,South Sumatra
2024-04-17 00:00:00+00:00,26.791224,6.6000004,0.5107638,South Sumatra
2024-04-18 00:00:00+00:00,26.390528,12.200001,0.50897217,South Sumatra
2024-04-19 00:00:00+00:00,26.840528,9.933333,0.5066945,South Sumatra
2024-04-20 00:00:00+00:00,26.507195,14.033334,0.5037778,South Sumatra
2024-04-21 00:00:00+00:00,26.587057,19.566666,0.5055417,South Sumatra
2024-04-22 00:00:00+00:00,27.079416,13.366666,0.50534725,South Sumatra
2024-04-23 00:00:00+00:00,26.925947,24.266668,0.5053056,South Sumatra
2024-04-24 00:00:00+00:00,27.38775,0.9333334,0.51394445,South Sumatra
2024-04-25 00:00:00+00:00,27.168999,8.033333,0.51090276,South Sumatra
2024-04-26 00:00:00+00:00,27.186361,14.599999,0.51362485,South Sumatra
2024-04-27 00:00:00+00:00,26.650946,9.8,0.51381946,South Sumatra
2024-04-28 00:00:00+00:00,26.640526,10.033333,0.5127222,South Sumatra
2024-04-29 00:00:00+00:00,26.914835,8.766667,0.51074994,South Sumatra
2024-04-30 00:00:00+00:00,27.411362,7.7000003,0.5068889,South Sumatra
2024-05-01 00:00:00+00:00,27.042612,5.433333,0.5031666,South Sumatra
2024-05-02 00:00:00+00:00,27.181501,7.5,0.4985278,South Sumatra
2024-05-03 00:00:00+00:00,26.544693,15.733335,0.49743065,South Sumatra
2024-05-04 00:00:00+00:00,25.924555,11.8,0.50149995,South Sumatra
2024-05-05 00:00:00+00:00,26.534971,11.233335,0.50308335,South Sumatra
2024-05-06 00:00:00+00:00,26.980806,9.666668,0.5019583,South Sumatra
2024-05-07 00:00:00+00:00,26.347471,21.866667,0.5027917,South Sumatra
2024-05-08 00:00:00+00:00,25.754417,8.766666,0.50276387,South Sumatra
2024-05-09 00:00:00+00:00,27.26761,11.366668,0.49823618,South Sumatra
2024-05-10 00:00:00+00:00,27.489832,7.1999993,0.4930972,South Sumatra
2024-05-11 00:00:00+00:00,27.637054,8.133332,0.48709723,South Sumatra
2024-05-12 00:00:00+00:00,26.298166,13.399999,0.48541668,South Sumatra
2024-05-13 00:00:00+00:00,26.407888,20.666666,0.48854163,South Sumatra
2024-05-14 00:00:00+00:00,26.22386,28.866663,0.50047225,South Sumatra
2024-05-15 00:00:00+00:00,26.973862,7.7666664,0.49968055,South Sumatra
2024-05-16 00:00:00+00:00,27.45372,3.5,0.49724993,South Sumatra
2024-05-17 00:00:00+00:00,27.788445,1.6,0.49315277,South Sumatra
2024-05-18 00:00:00+00:00,27.496084,1.7999998,0.4879583,South Sumatra
2024-05-19 00:00:00+00:00,27.033585,10.566667,0.48233327,South Sumatra
2024-05-20 00:00:00+00:00,27.325943,6.0,0.47726393,South Sumatra
2024-05-21 00:00:00+00:00,27.552332,2.4333334,0.47306943,South Sumatra
2024-05-22 00:00:00+00:00,25.973166,45.266663,0.47133335,South Sumatra
2024-05-23 00:00:00+00:00,26.426638,13.099999,0.48083332,South Sumatra
2024-05-24 00:00:00+00:00,26.708582,12.899999,0.48862496,South Sumatra
2024-05-25 00:00:00+00:00,26.605804,6.366668,0.49459732,South Sumatra
2024-05-26 00:00:00+00:00,27.702333,0.2,0.4952639,South Sumatra
2024-05-27 00:00:00+00:00,27.39678,15.233334,0.49261108,South Sumatra
2024-05-28 00:00:00+00:00,28.41275,0.53333336,0.4922221,South Sumatra
2024-05-29 00:00:00+00:00,27.804419,6.700001,0.4887084,South Sumatra
2024-05-30 00:00:00+00:00,27.618307,1.1333333,0.48502776,South Sumatra
2024-05-31 00:00:00+00:00,27.507195,2.6666667,0.4821805,South Sumatra
2024-06-01 00:00:00+00:00,26.320389,5.8333335,0.47941673,South Sumatra
2024-06-02 00:00:00+00:00,26.434973,12.266667,0.4768333,South Sumatra
2024-06-03 00:00:00+00:00,26.869692,3.0,0.47472215,South Sumatra
2024-06-04 00:00:00+00:00,26.67872,12.8,0.47006944,South Sumatra
2024-06-05 00:00:00+00:00,27.213446,6.0,0.46530557,South Sumatra
2024-06-06 00:00:00+00:00,26.9815,4.5666666,0.4612222,South Sumatra
2024-06-07 00:00:00+00:00,26.671083,2.3,0.45712507,South Sumatra
2024-06-08 00:00:00+00:00,26.218307,13.666667,0.45358336,South Sumatra
2024-06-09 00:00:00+00:00,25.964834,9.433333,0.45156944,South Sumatra
2024-06-10 00:00:00+00:00,26.916916,8.5,0.4498333,South Sumatra
2024-06-11 00:00:00+00:00,26.03636,10.533334,0.45204175,South Sumatra
2024-06-12 00:00:00+00:00,26.11553,8.033334,0.45230556,South Sumatra
2024-06-13 00:00:00+00:00,26.462053,12.3,0.45148614,South Sumatra
2024-06-14 00:00:00+00:00,26.346779,13.633334,0.45011106,South Sumatra
2024-06-15 00:00:00+00:00,26.575249,16.466665,0.4526806,South Sumatra
2024-06-16 00:00:00+00:00,26.58011,15.333333,0.45687497,South Sumatra
2024-06-17 00:00:00+00:00,26.203726,15.333333,0.45551383,South Sumatra
2024-06-18 00:00:00+00:00,26.416222,4.3,0.45865282,South Sumatra
2024-06-19 00:00:00+00:00,26.407196,10.8,0.45647216,South Sumatra
2024-06-20 00:00:00+00:00,25.93289,4.6,0.4548055,South Sumatra
2024-06-21 00:00:00+00:00,25.707193,8.066667,0.45294443,South Sumatra
2024-06-22 00:00:00+00:00,25.912752,2.0333333,0.45090285,South Sumatra
2024-06-23 00:00:00+00:00,27.114138,0.06666667,0.44836107,South Sumatra
2024-06-24 00:00:00+00:00,25.902334,3.2333333,0.44651386,South Sumatra
2024-06-25 00:00:00+00:00,25.333586,11.333333,0.44475004,South Sumatra
2024-06-26 00:00:00+00:00,27.166916,2.7333333,0.44208336,South Sumatra
2024-06-27 00:00:00+00:00,26.112055,5.5,0.43976387,South Sumatra
2024-06-28 00:00:00+00:00,25.801638,22.799997,0.43754175,South Sumatra
2024-06-29 00:00:00+00:00,26.213446,9.166667,0.43577775,South Sumatra
2024-06-30 00:00:00+00:00,26.226639,2.5,0.4346944,South Sumatra
2024-07-01 00:00:00+00:00,26.389837,8.833333,0.43272218,South Sumatra
2024-07-02 00:00:00+00:00,25.942612,9.633334,0.43062505,South Sumatra
2024-07-03 00:00:00+00:00,26.2815,10.233334,0.4284722,South Sumatra
2024-07-04 00:00:00+00:00,26.659973,1.3666667,0.42706943,South Sumatra
2024-07-05 00:00:00+00:00,25.486364,4.2333336,0.42650005,South Sumatra
2024-07-06 00:00:00+00:00,24.984972,16.466667,0.42681944,South Sumatra
2024-07-07 00:00:00+00:00,26.331497,5.633333,0.42887497,South Sumatra
2024-07-08 00:00:00+00:00,25.604416,16.766666,0.43063888,South Sumatra
2024-07-09 00:00:00+00:00,25.922472,2.966667,0.4327222,South Sumatra
2024-07-10 00:00:00+00:00,26.432886,2.4333332,0.43423614,South Sumatra
2024-07-11 00:00:00+00:00,26.312057,0.56666666,0.43331942,South Sumatra
2024-07-12 00:00:00+00:00,26.457193,2.7666664,0.4315834,South Sumatra
2024-07-13 00:00:00+00:00,26.34539,0.6,0.42930552,South Sumatra
2024-07-14 00:00:00+00:00,26.409279,0.0,0.42686114,South Sumatra
2024-07-15 00:00:00+00:00,26.332891,0.16666667,0.42431942,South Sumatra
2024-07-16 00:00:00+00:00,26.891914,0.0,0.42177784,South Sumatra
2024-07-17 00:00:00+00:00,26.851639,0.33333334,0.4196527,South Sumatra
2024-07-18 00:00:00+00:00,27.160667,0.33333334,0.41751385,South Sumatra
2024-07-19 00:00:00+00:00,26.884277,0.43333337,0.41516674,South Sumatra
2024-07-20 00:00:00+00:00,27.645391,0.23333335,0.4124167,South Sumatra
2024-07-21 00:00:00+00:00,27.994001,0.13333334,0.40945837,South Sumatra
2024-07-22 00:00:00+00:00,28.010666,0.16666667,0.40670833,South Sumatra
2024-07-23 00:00:00+00:00,27.665527,0.0,0.4035555,South Sumatra
2024-07-24 00:00:00+00:00,27.298166,0.0,0.3995556,South Sumatra
2024-07-25 00:00:00+00:00,27.685667,0.0,0.39556935,South Sumatra
2024-07-26 00:00:00+00:00,27.892614,0.2,0.39191672,South Sumatra
2024-07-27 00:00:00+00:00,28.15928,0.0,0.3885417,South Sumatra
2024-07-28 00:00:00+00:00,28.446083,0.033333335,0.38562503,South Sumatra
2024-07-29 00:00:00+00:00,28.491919,0.16666667,0.38218048,South Sumatra
2024-07-30 00:00:00+00:00,28.607887,0.13333334,0.37848607,South Sumatra
2024-07-31 00:00:00+00:00,28.80025,0.26666668,0.37470827,South Sumatra
2024-08-01 00:00:00+00:00,28.654417,0.26666668,0.37030554,South Sumatra
2024-08-02 00:00:00+00:00,26.50789,12.7,0.36665276,South Sumatra
2024-08-03 00:00:00+00:00,26.337751,10.200001,0.3634723,South Sumatra
2024-08-04 00:00:00+00:00,27.359976,0.70000005,0.36033335,South Sumatra
2024-08-05 00:00:00+00:00,27.609278,0.6666667,0.3569305,South Sumatra
2024-08-06 00:00:00+00:00,27.866915,0.16666667,0.3538611,South Sumatra
2024-08-07 00:00:00+00:00,28.034277,0.53333336,0.35204163,South Sumatra
2024-08-08 00:00:00+00:00,26.443306,11.133334,0.35050002,South Sumatra
2024-08-09 00:00:00+00:00,27.658583,2.3999999,0.34931946,South Sumatra
2024-08-10 00:00:00+00:00,27.75928,0.59999996,0.34722218,South Sumatra
2024-08-11 00:00:00+00:00,28.059973,0.033333335,0.34331945,South Sumatra
2024-08-12 00:00:00+00:00,28.120386,0.26666668,0.33999994,South Sumatra
2024-08-13 00:00:00+00:00,28.45928,0.0,0.33729163,South Sumatra
2024-08-14 00:00:00+00:00,28.423864,1.2333333,0.3336667,South Sumatra
2024-08-15 00:00:00+00:00,28.897474,0.6333334,0.33011112,South Sumatra
2024-08-16 00:00:00+00:00,28.546082,0.6666667,0.3272083,South Sumatra
2024-08-17 00:00:00+00:00,29.189835,0.06666667,0.3256111,South Sumatra
2024-08-18 00:00:00+00:00,27.940527,2.7333333,0.32379162,South Sumatra
2024-08-19 00:00:00+00:00,28.190527,0.8666666,0.31943056,South Sumatra
2024-08-20 00:00:00+00:00,29.049555,0.033333335,0.31562504,South Sumatra
2024-08-21 00:00:00+00:00,28.319693,3.2666667,0.31379166,South Sumatra
2024-08-22 00:00:00+00:00,27.913445,2.966667,0.31172222,South Sumatra
2024-08-23 00:00:00+00:00,28.16275,0.90000004,0.30838886,South Sumatra
2024-08-24 00:00:00+00:00,28.371084,0.43333337,0.30515277,South Sumatra
2024-08-25 00:00:00+00:00,28.682892,0.1,0.30265278,South Sumatra
2024-08-26 00:00:00+00:00,29.312056,0.033333335,0.29899994,South Sumatra
2024-08-27 00:00:00+00:00,29.581497,0.033333335,0.29636115,South Sumatra
2024-08-28 00:00:00+00:00,29.377335,0.033333335,0.2936944,South Sumatra
2024-08-29 00:00:00+00:00,29.38775,0.5,0.2924861,South Sumatra
2024-08-30 00:00:00+00:00,28.76275,1.6333332,0.29120833,South Sumatra
2024-08-31 00:00:00+00:00,29.650946,0.43333337,0.29019448,South Sumatra
2024-09-01 00:00:00+00:00,29.368303,1.3666667,0.2884306,South Sumatra
2024-09-02 00:00:00+00:00,30.839838,0.2,0.28533334,South Sumatra
2024-09-03 00:00:00+00:00,30.669,0.23333335,0.28311113,South Sumatra
2024-09-04 00:00:00+00:00,30.573166,0.26666668,0.2809167,South Sumatra
2024-09-05 00:00:00+00:00,30.428724,0.3,0.28016666,South Sumatra
2024-09-06 00:00:00+00:00,30.075943,0.4333333,0.2789583,South Sumatra
2024-09-07 00:00:00+00:00,29.676641,0.6666667,0.27916667,South Sumatra
2024-09-08 00:00:00+00:00,28.268305,3.3333333,0.27993056,South Sumatra
2024-09-09 00:00:00+00:00,26.046083,30.666666,0.27893057,South Sumatra
2024-09-10 00:00:00+00:00,26.159971,6.9,0.27876392,South Sumatra
2024-09-11 00:00:00+00:00,26.387054,28.799997,0.27800003,South Sumatra
2024-09-12 00:00:00+00:00,25.75928,4.5,0.2764167,South Sumatra
2024-09-13 00:00:00+00:00,27.307892,2.7666667,0.27516663,South Sumatra
2024-09-14 00:00:00+00:00,27.443306,5.2,0.273875,South Sumatra
2024-09-15 00:00:00+00:00,27.448166,5.2333336,0.2723333,South Sumatra
2024-09-16 00:00:00+00:00,26.838446,0.6333334,0.2710277,South Sumatra
2024-09-17 00:00:00+00:00,27.857195,0.36666667,0.2701389,South Sumatra
2024-09-18 00:00:00+00:00,27.858587,0.0,0.26893052,South Sumatra
2024-09-19 00:00:00+00:00,28.238447,0.0,0.26690274,South Sumatra
2024-09-20 00:00:00+00:00,29.052336,0.26666668,0.26476386,South Sumatra
2024-09-21 00:00:00+00:00,29.108583,2.1666665,0.26415274,South Sumatra
2024-09-22 00:00:00+00:00,28.587751,5.566667,0.26340273,South Sumatra
2024-09-23 00:00:00+00:00,27.89678,20.133335,0.26301387,South Sumatra
2024-09-24 00:00:00+00:00,26.074554,14.5666685,0.26291665,South Sumatra
2024-09-25 00:00:00+00:00,26.353027,16.666666,0.26288888,South Sumatra
2024-09-26 00:00:00+00:00,26.20164,7.9666667,0.26412496,South Sumatra
2024-09-27 00:00:00+00:00,27.414139,3.0666666,0.26551387,South Sumatra
2024-09-28 00:00:00+00:00,27.184973,9.933333,0.26525,South Sumatra
2024-09-29 00:00:00+00:00,25.92247,13.666667,0.26525,South Sumatra
2024-09-30 00:00:00+00:00,25.715528,10.900001,0.26736113,South Sumatra
2024-10-01 00:00:00+00:00,26.63428,3.2,0.26934722,South Sumatra
2024-10-02 00:00:00+00:00,26.903723,4.7000003,0.27098608,South Sumatra
2024-10-03 00:00:00+00:00,26.753723,12.700001,0.27230555,South Sumatra
2024-10-04 00:00:00+00:00,26.023165,16.266668,0.27359724,South Sumatra
2024-10-05 00:00:00+00:00,26.123861,14.566666,0.27681944,South Sumatra
2024-10-06 00:00:00+00:00,27.188446,0.33333334,0.27890274,South Sumatra
2024-10-07 00:00:00+00:00,27.280807,0.7666667,0.2793889,South Sumatra
2024-10-08 00:00:00+00:00,27.32525,2.6666665,0.27941665,South Sumatra
2024-10-09 00:00:00+00:00,27.517614,5.433333,0.27974996,South Sumatra
2024-10-10 00:00:00+00:00,27.63775,15.066666,0.2798472,South Sumatra
2024-10-11 00:00:00+00:00,26.614141,17.166666,0.2804722,South Sumatra
2024-10-12 00:00:00+00:00,26.203726,16.666666,0.28126392,South Sumatra
2024-10-13 00:00:00+00:00,26.037056,11.566667,0.28395835,South Sumatra
2024-10-14 00:00:00+00:00,26.198862,17.5,0.29663888,South Sumatra
2024-10-15 00:00:00+00:00,27.603724,0.4666667,0.30952784,South Sumatra
2024-10-16 00:00:00+00:00,27.938444,2.6333332,0.31250003,South Sumatra
2024-10-17 00:00:00+00:00,27.609972,0.06666667,0.31372222,South Sumatra
2024-10-18 00:00:00+00:00,27.996086,0.6333333,0.3137639,South Sumatra
2024-10-19 00:00:00+00:00,27.407194,5.2000003,0.31365278,South Sumatra
2024-10-20 00:00:00+00:00,27.673166,0.13333334,0.3138472,South Sumatra
2024-10-21 00:00:00+00:00,27.021082,10.466666,0.3139167,South Sumatra
2024-10-22 00:00:00+00:00,27.2815,3.1333332,0.31454167,South Sumatra
2024-10-23 00:00:00+00:00,27.530806,10.366667,0.31466666,South Sumatra
2024-10-24 00:00:00+00:00,27.383583,4.933333,0.31486112,South Sumatra
2024-10-25 00:00:00+00:00,27.968306,0.5333333,0.31481943,South Sumatra
2024-10-26 00:00:00+00:00,29.013443,0.7,0.3137083,South Sumatra
2024-10-27 00:00:00+00:00,29.267614,0.0,0.31195834,South Sumatra
2024-10-28 00:00:00+00:00,29.339834,0.033333335,0.31055552,South Sumatra
2024-10-29 00:00:00+00:00,30.044695,0.0,0.30956945,South Sumatra
2024-10-30 00:00:00+00:00,30.114141,0.06666667,0.308125,South Sumatra
2024-10-31 00:00:00+00:00,29.32525,0.6,0.30637506,South Sumatra
2024-11-01 00:00:00+00:00,27.851639,3.1999998,0.30429164,South Sumatra
2024-11-02 00:00:00+00:00,26.641222,21.1,0.3032222,South Sumatra
2024-11-03 00:00:00+00:00,26.539833,23.066668,0.30366662,South Sumatra
2024-11-04 00:00:00+00:00,25.904413,9.966666,0.3064444,South Sumatra
2024-11-05 00:00:00+00:00,26.403025,6.033333,0.30895832,South Sumatra
2024-11-06 00:00:00+00:00,25.883583,10.3,0.3116528,South Sumatra
2024-11-07 00:00:00+00:00,26.004417,14.400002,0.31966665,South Sumatra
2024-11-08 00:00:00+00:00,27.1315,7.466667,0.33609724,South Sumatra
2024-11-09 00:00:00+00:00,26.130112,14.433334,0.3453472,South Sumatra
2024-11-10 00:00:00+00:00,27.133585,2.3333333,0.35515285,South Sumatra
2024-11-11 00:00:00+00:00,27.061361,6.933333,0.35722223,South Sumatra
2024-11-12 00:00:00+00:00,26.191917,10.933334,0.3418472,South Sumatra
2024-11-13 00:00:00+00:00,26.572474,9.766666,0.32391664,South Sumatra
2024-11-14 00:00:00+00:00,26.600945,4.5666666,0.3299167,South Sumatra
2024-11-15 00:00:00+00:00,27.512056,0.4,0.33430552,South Sumatra
2024-11-16 00:00:00+00:00,26.51275,20.533335,0.3367083,South Sumatra
2024-11-17 00:00:00+00:00,26.041916,11.8,0.34468052,South Sumatra
2024-11-18 00:00:00+00:00,25.791224,11.533333,0.3495833,South Sumatra
2024-11-19 00:00:00+00:00,26.342611,18.6,0.35416666,South Sumatra
2024-11-20 00:00:00+00:00,26.015528,27.366669,0.36475,South Sumatra
2024-11-21 00:00:00+00:00,26.312057,9.133333,0.37279168,South Sumatra
2024-11-22 00:00:00+00:00,26.035667,23.233335,0.3794583,South Sumatra
2024-11-23 00:00:00+00:00,26.274557,21.066668,0.39584717,South Sumatra
2024-11-24 00:00:00+00:00,26.459974,2.7333333,0.39965272,South Sumatra
2024-11-25 00:00:00+00:00,27.099558,3.7333333,0.4010694,South Sumatra
2024-11-26 00:00:00+00:00,26.300943,19.433334,0.4043472,South Sumatra
2024-11-27 00:00:00+00:00,26.17525,9.299999,0.42029166,South Sumatra
2024-11-28 00:00:00+00:00,26.697472,17.433334,0.42361116,South Sumatra
2024-11-29 00:00:00+00:00,25.242613,7.3333335,0.43306944,South Sumatra
2024-11-30 00:00:00+00:00,27.422476,3.833333,0.43594447,South Sumatra
2024-12-01 00:00:00+00:00,27.074554,19.1,0.43481946,South Sumatra
2024-12-02 00:00:00+00:00,25.667612,13.600001,0.44263896,South Sumatra
2024-12-03 00:00:00+00:00,26.230804,1.4,0.44522223,South Sumatra
2024-12-04 00:00:00+00:00,27.270388,2.5666666,0.4429027,South Sumatra
2024-12-05 00:00:00+00:00,27.093306,1.2333332,0.439375,South Sumatra
2024-12-06 00:00:00+00:00,26.821083,2.8666668,0.43551388,South Sumatra
2024-12-07 00:00:00+00:00,26.455109,10.766667,0.43268058,South Sumatra
2024-12-08 00:00:00+00:00,27.305803,10.833333,0.4294584,South Sumatra
2024-12-09 00:00:00+00:00,27.342611,1.6,0.42706946,South Sumatra
2024-12-10 00:00:00+00:00,27.349558,6.633333,0.42331943,South Sumatra
2024-12-11 00:00:00+00:00,27.154413,4.5000005,0.41934714,South Sumatra
2024-12-12 00:00:00+00:00,27.853722,1.2333333,0.418,South Sumatra
2024-12-13 00:00:00+00:00,27.594002,0.0,0.42047223,South Sumatra
2024-12-14 00:00:00+00:00,28.384277,1.5333333,0.4245,South Sumatra
2024-12-15 00:00:00+00:00,26.609278,9.333335,0.4214306,South Sumatra
2024-12-16 00:00:00+00:00,26.68914,29.566666,0.41612494,South Sumatra
2024-12-17 00:00:00+00:00,26.323166,9.733334,0.41261104,South Sumatra
2024-12-18 00:00:00+00:00,25.809973,28.266665,0.41084728,South Sumatra
2024-12-19 00:00:00+00:00,26.250944,7.0,0.40986124,South Sumatra
2024-12-20 00:00:00+00:00,26.01136,13.266667,0.4085416,South Sumatra
2024-12-21 00:00:00+00:00,25.79539,8.333334,0.40752783,South Sumatra
2024-12-22 00:00:00+00:00,26.20997,11.833333,0.40673614,South Sumatra
2024-12-23 00:00:00+00:00,25.385666,21.066668,0.40995833,South Sumatra
2024-12-24 00:00:00+00:00,26.155807,1.9333334,0.41529167,South Sumatra
2024-12-25 00:00:00+00:00,26.189138,3.8999996,0.41744444,South Sumatra
2024-12-26 00:00:00+00:00,25.500252,9.433333,0.4197917,South Sumatra
2024-12-27 00:00:00+00:00,27.039139,0.53333336,0.42065284,South Sumatra
2024-12-28 00:00:00+00:00,26.767609,5.466667,0.41955557,South Sumatra
2024-12-29 00:00:00+00:00,26.316225,7.066666,0.4163611,South Sumatra
2024-12-30 00:00:00+00:00,26.17525,3.8333333,0.40984726,South Sumatra
2024-12-31 00:00:00+00:00,25.847473,18.9,0.40698612,South Sumatra
