date,temperature_2m_mean,precipitation_sum,soil_moisture_28_to_100cm_mean,name
2025-01-01 00:00:00+00:00,26.239891,6.8333335,0.4498473,Riau
2025-01-02 00:00:00+00:00,25.864195,12.899999,0.44511116,Riau
2025-01-03 00:00:00+00:00,25.737808,7.7333336,0.4429306,Riau
2025-01-04 00:00:00+00:00,25.59197,5.8333335,0.44301382,Riau
2025-01-05 00:00:00+00:00,26.216972,20.833334,0.4423194,Riau
2025-01-06 00:00:00+00:00,24.947525,22.300001,0.45341662,Riau
2025-01-07 00:00:00+00:00,25.44475,16.433334,0.47177783,Riau
2025-01-08 00:00:00+00:00,25.655167,14.233334,0.47286105,Riau
2025-01-09 00:00:00+00:00,25.284334,7.7999997,0.4741528,Riau
2025-01-10 00:00:00+00:00,24.991972,10.733334,0.47569445,Riau
2025-01-11 00:00:00+00:00,23.56697,10.0,0.4767084,Riau
2025-01-12 00:00:00+00:00,24.123919,37.16667,0.48784724,Riau
2025-01-13 00:00:00+00:00,24.93086,12.233334,0.49358335,Riau
2025-01-14 00:00:00+00:00,24.560028,31.700003,0.49725,Riau
2025-01-15 00:00:00+00:00,24.955864,11.700001,0.5020417,Riau
2025-01-16 00:00:00+00:00,24.832941,29.966667,0.5047222,Riau
2025-01-17 00:00:00+00:00,24.96836,15.0,0.5108195,Riau
2025-01-18 00:00:00+00:00,24.345446,18.133335,0.51354164,Riau
2025-01-19 00:00:00+00:00,24.1885,16.800001,0.5145833,Riau
2025-01-20 00:00:00+00:00,24.786417,3.7666667,0.51522225,Riau
2025-01-21 00:00:00+00:00,25.41836,9.366666,0.5132361,Riau
2025-01-22 00:00:00+00:00,25.3635,9.733333,0.5103751,Riau
2025-01-23 00:00:00+00:00,25.410028,11.933334,0.5065972,Riau
2025-01-24 00:00:00+00:00,25.51489,9.033334,0.50475,Riau
2025-01-25 00:00:00+00:00,25.235025,10.599999,0.50555557,Riau
2025-01-26 00:00:00+00:00,26.03225,0.93333334,0.50609726,Riau
2025-01-27 00:00:00+00:00,25.2135,23.833334,0.50675005,Riau
2025-01-28 00:00:00+00:00,24.756556,11.166668,0.513875,Riau
2025-01-29 00:00:00+00:00,24.417665,10.500001,0.5134166,Riau
2025-01-30 00:00:00+00:00,25.409332,1.0333334,0.51087517,Riau
2025-01-31 00:00:00+00:00,25.412806,6.4,0.5068473,Riau
2025-02-01 00:00:00+00:00,25.536413,2.3,0.5015138,Riau
2025-02-02 00:00:00+00:00,26.309332,7.9666667,0.49713886,Riau
2025-02-03 00:00:00+00:00,26.44683,3.6666667,0.49190283,Riau
2025-02-04 00:00:00+00:00,26.593363,0.6666667,0.48586115,Riau
2025-02-05 00:00:00+00:00,25.612112,2.5333333,0.47951388,Riau
2025-02-06 00:00:00+00:00,25.961416,2.1333332,0.4741944,Riau
2025-02-07 00:00:00+00:00,26.176695,7.3333335,0.47133327,Riau
2025-02-08 00:00:00+00:00,25.449615,5.966667,0.47001386,Riau
2025-02-09 00:00:00+00:00,26.098917,0.6333334,0.4680277,Riau
2025-02-10 00:00:00+00:00,26.479475,0.6,0.46461117,Riau
2025-02-11 00:00:00+00:00,26.653082,2.3333335,0.46369442,Riau
2025-02-12 00:00:00+00:00,27.041971,0.6333334,0.46429172,Riau
2025-02-13 00:00:00+00:00,27.094748,6.1666675,0.467875,Riau
2025-02-14 00:00:00+00:00,25.969055,11.133334,0.4685973,Riau
2025-02-15 00:00:00+00:00,25.547525,14.933333,0.4645833,Riau
2025-02-16 00:00:00+00:00,24.953775,11.333333,0.4609584,Riau
2025-02-17 00:00:00+00:00,25.773222,20.933334,0.4585694,Riau
2025-02-18 00:00:00+00:00,25.330164,8.0,0.45958328,Riau
2025-02-19 00:00:00+00:00,24.944056,5.866667,0.45959732,Riau
2025-02-20 00:00:00+00:00,26.092667,4.4,0.4591528,Riau
2025-02-21 00:00:00+00:00,25.725304,7.2333336,0.45668063,Riau
2025-02-22 00:00:00+00:00,25.45378,16.300001,0.45470834,Riau
2025-02-23 00:00:00+00:00,25.680166,7.8666663,0.45913887,Riau
2025-02-24 00:00:00+00:00,25.207253,18.933334,0.46465278,Riau
2025-02-25 00:00:00+00:00,24.758636,17.166666,0.4737917,Riau
2025-02-26 00:00:00+00:00,25.068365,23.433334,0.4815,Riau
2025-02-27 00:00:00+00:00,24.601694,18.333334,0.49763885,Riau
2025-02-28 00:00:00+00:00,25.485723,22.433334,0.50254166,Riau
2025-03-01 00:00:00+00:00,25.872528,4.733333,0.5098889,Riau
2025-03-02 00:00:00+00:00,26.176697,4.3666663,0.5074166,Riau
2025-03-03 00:00:00+00:00,26.89961,5.933333,0.5041111,Riau
2025-03-04 00:00:00+00:00,25.566973,13.200001,0.50075,Riau
2025-03-05 00:00:00+00:00,25.784332,35.466663,0.50061107,Riau
2025-03-06 00:00:00+00:00,25.360723,5.0,0.49958333,Riau
2025-03-07 00:00:00+00:00,27.003777,6.5333333,0.49891675,Riau
2025-03-08 00:00:00+00:00,25.725306,23.833334,0.4998472,Riau
2025-03-09 00:00:00+00:00,25.753082,2.5666666,0.49877778,Riau
2025-03-10 00:00:00+00:00,25.64267,16.9,0.4942778,Riau
2025-03-11 00:00:00+00:00,25.569748,20.833334,0.491639,Riau
2025-03-12 00:00:00+00:00,25.862112,10.8,0.49372217,Riau
2025-03-13 00:00:00+00:00,25.773916,48.099995,0.50158334,Riau
2025-03-14 00:00:00+00:00,24.69475,20.566666,0.5128333,Riau
2025-03-15 00:00:00+00:00,25.734335,16.833334,0.51579165,Riau
2025-03-16 00:00:00+00:00,25.975304,13.400001,0.5124028,Riau
2025-03-17 00:00:00+00:00,24.978775,9.1,0.5084167,Riau
2025-03-18 00:00:00+00:00,25.836416,8.066667,0.50305563,Riau
2025-03-19 00:00:00+00:00,24.480165,13.966667,0.5001945,Riau
2025-03-20 00:00:00+00:00,23.776001,5.9666667,0.49859717,Riau
2025-03-21 00:00:00+00:00,25.584333,8.3,0.49447227,Riau
2025-03-22 00:00:00+00:00,24.810722,28.800001,0.49605548,Riau
2025-03-23 00:00:00+00:00,24.990585,10.400001,0.49731937,Riau
2025-03-24 00:00:00+00:00,25.95933,18.066668,0.4968473,Riau
2025-03-25 00:00:00+00:00,26.632248,2.3666668,0.49441662,Riau
2025-03-26 00:00:00+00:00,27.74961,1.0000001,0.49048617,Riau
2025-03-27 00:00:00+00:00,26.926,6.0,0.48662505,Riau
2025-03-28 00:00:00+00:00,27.010027,1.2666668,0.4833889,Riau
2025-03-29 00:00:00+00:00,26.814888,13.0,0.47597227,Riau
2025-03-30 00:00:00+00:00,25.99822,8.066667,0.46961108,Riau
2025-03-31 00:00:00+00:00,26.499613,9.433334,0.46706948,Riau
2025-04-01 00:00:00+00:00,26.265585,7.0333333,0.46427774,Riau
2025-04-02 00:00:00+00:00,26.051695,14.833333,0.46047226,Riau
2025-04-03 00:00:00+00:00,25.753777,20.233332,0.45811108,Riau
2025-04-04 00:00:00+00:00,25.498222,26.866669,0.46299997,Riau
2025-04-05 00:00:00+00:00,26.04267,7.1666665,0.47948608,Riau
2025-04-06 00:00:00+00:00,25.494751,23.433332,0.48251382,Riau
2025-04-07 00:00:00+00:00,25.139196,13.533333,0.49013898,Riau
2025-04-08 00:00:00+00:00,25.894056,7.066667,0.4960278,Riau
2025-04-09 00:00:00+00:00,25.848223,7.8333335,0.49941668,Riau
2025-04-10 00:00:00+00:00,26.326002,25.733332,0.5013611,Riau
2025-04-11 00:00:00+00:00,25.619055,11.866668,0.5076528,Riau
2025-04-12 00:00:00+00:00,26.036415,16.266666,0.50569445,Riau
2025-04-13 00:00:00+00:00,25.811417,3.3666668,0.50233334,Riau
2025-04-14 00:00:00+00:00,26.537806,8.466666,0.4989722,Riau
2025-04-15 00:00:00+00:00,26.439194,4.8,0.5039305,Riau
2025-04-16 00:00:00+00:00,27.035027,4.1000004,0.5032916,Riau
2025-04-17 00:00:00+00:00,27.27114,0.16666667,0.50159717,Riau
2025-04-18 00:00:00+00:00,27.607943,1.7333332,0.4969584,Riau
2025-04-19 00:00:00+00:00,25.876,19.733334,0.4914306,Riau
2025-04-20 00:00:00+00:00,26.759333,0.06666667,0.48804164,Riau
2025-04-21 00:00:00+00:00,26.342667,16.833334,0.4846944,Riau
2025-04-22 00:00:00+00:00,25.876,23.033335,0.48316655,Riau
2025-04-23 00:00:00+00:00,25.635027,12.666667,0.48206934,Riau
2025-04-24 00:00:00+00:00,26.525307,4.1666665,0.4808333,Riau
2025-04-25 00:00:00+00:00,27.582945,6.9,0.47887492,Riau
2025-04-26 00:00:00+00:00,26.09822,8.433333,0.47640267,Riau
2025-04-27 00:00:00+00:00,26.126694,16.96667,0.47638884,Riau
2025-04-28 00:00:00+00:00,25.587112,12.200001,0.47576383,Riau
2025-04-29 00:00:00+00:00,26.586416,19.666668,0.47679162,Riau
2025-04-30 00:00:00+00:00,25.469748,13.633334,0.47675002,Riau
2025-05-01 00:00:00+00:00,25.790583,15.2,0.4760972,Riau
2025-05-02 00:00:00+00:00,26.066278,17.766666,0.47434726,Riau
2025-05-03 00:00:00+00:00,26.515585,17.699999,0.47547212,Riau
2025-05-04 00:00:00+00:00,26.529474,5.2666664,0.47748613,Riau
2025-05-05 00:00:00+00:00,25.905863,8.333333,0.47772217,Riau
2025-05-06 00:00:00+00:00,27.266275,7.2666664,0.47726384,Riau
2025-05-07 00:00:00+00:00,27.132944,2.1666667,0.4786806,Riau
2025-05-08 00:00:00+00:00,26.352388,10.033334,0.47758332,Riau
2025-05-09 00:00:00+00:00,27.393364,1.1999999,0.4750556,Riau
2025-05-10 00:00:00+00:00,26.587112,5.633333,0.47315267,Riau
2025-05-11 00:00:00+00:00,26.799612,1.7666668,0.47009727,Riau
2025-05-12 00:00:00+00:00,27.721832,0.36666667,0.46612498,Riau
2025-05-13 00:00:00+00:00,27.611418,7.9666667,0.4608194,Riau
2025-05-14 00:00:00+00:00,27.291275,0.56666666,0.45840278,Riau
2025-05-15 00:00:00+00:00,27.891973,1.0666667,0.45529175,Riau
2025-05-16 00:00:00+00:00,28.21489,0.36666667,0.45163894,Riau
2025-05-17 00:00:00+00:00,28.162804,6.7666664,0.44876385,Riau
2025-05-18 00:00:00+00:00,26.676,5.2666664,0.44790268,Riau
2025-05-19 00:00:00+00:00,26.845442,9.433333,0.44781935,Riau
2025-05-20 00:00:00+00:00,26.332947,13.766666,0.4453055,Riau
2025-05-21 00:00:00+00:00,27.062805,8.933333,0.4433334,Riau
2025-05-22 00:00:00+00:00,26.889887,5.433333,0.441389,Riau
2025-05-23 00:00:00+00:00,27.07253,7.6,0.43693042,Riau
2025-05-24 00:00:00+00:00,27.651,2.7,0.43340275,Riau
2025-05-25 00:00:00+00:00,27.737806,0.3,0.43088898,Riau
2025-05-26 00:00:00+00:00,28.397528,0.0,0.42769435,Riau
2025-05-27 00:00:00+00:00,28.995445,0.0,0.42500004,Riau
2025-05-28 00:00:00+00:00,28.823915,0.033333335,0.4225695,Riau
2025-05-29 00:00:00+00:00,28.380861,0.13333334,0.42081943,Riau
2025-05-30 00:00:00+00:00,27.462805,11.633334,0.41948617,Riau
2025-05-31 00:00:00+00:00,25.31836,18.466667,0.41797218,Riau
2025-06-01 00:00:00+00:00,27.64614,1.8666668,0.41713884,Riau
2025-06-02 00:00:00+00:00,27.951693,0.2,0.4151806,Riau
2025-06-03 00:00:00+00:00,27.963501,9.266666,0.41323605,Riau
2025-06-04 00:00:00+00:00,27.237112,1.6,0.41149998,Riau
2025-06-05 00:00:00+00:00,26.789886,15.433333,0.41152778,Riau
2025-06-06 00:00:00+00:00,26.799608,0.53333336,0.41159716,Riau
2025-06-07 00:00:00+00:00,27.553778,3.3000002,0.41050002,Riau
2025-06-08 00:00:00+00:00,26.975998,6.5333333,0.4086806,Riau
2025-06-09 00:00:00+00:00,27.398222,10.733334,0.40438882,Riau
2025-06-10 00:00:00+00:00,26.130167,0.2,0.40036106,Riau
2025-06-11 00:00:00+00:00,27.41211,0.0,0.3976666,Riau
2025-06-12 00:00:00+00:00,27.960028,0.7666667,0.39672223,Riau
2025-06-13 00:00:00+00:00,28.17114,0.4666667,0.3956667,Riau
2025-06-14 00:00:00+00:00,27.88711,0.0,0.39398614,Riau
2025-06-15 00:00:00+00:00,27.424612,1.7333332,0.3899583,Riau
2025-06-16 00:00:00+00:00,26.038498,14.133332,0.3827223,Riau
2025-06-17 00:00:00+00:00,26.103083,6.9666667,0.3797917,Riau
2025-06-18 00:00:00+00:00,27.291277,0.13333334,0.38113892,Riau
2025-06-19 00:00:00+00:00,27.333635,0.4666667,0.37827778,Riau
2025-06-20 00:00:00+00:00,27.017664,0.1,0.37712502,Riau
2025-06-21 00:00:00+00:00,27.426697,0.0,0.37638894,Riau
2025-06-22 00:00:00+00:00,27.42114,1.8333334,0.37204167,Riau
2025-06-23 00:00:00+00:00,27.936415,0.13333334,0.36795828,Riau
2025-06-24 00:00:00+00:00,28.044054,0.73333335,0.37045828,Riau
2025-06-25 00:00:00+00:00,27.897528,0.0,0.37026393,Riau
2025-06-26 00:00:00+00:00,27.934334,4.2,0.37004173,Riau
2025-06-27 00:00:00+00:00,27.932943,1.5333333,0.36883333,Riau
2025-06-28 00:00:00+00:00,26.383638,10.5,0.36655548,Riau
2025-06-29 00:00:00+00:00,26.795443,0.43333337,0.36463892,Riau
2025-06-30 00:00:00+00:00,27.78572,0.56666666,0.36079165,Riau
2025-07-01 00:00:00+00:00,28.628778,0.79999995,0.35783336,Riau
2025-07-02 00:00:00+00:00,27.518362,1.4666667,0.35733342,Riau
2025-07-03 00:00:00+00:00,26.564194,10.033333,0.35468054,Riau
2025-07-04 00:00:00+00:00,26.337805,2.8,0.3514444,Riau
2025-07-05 00:00:00+00:00,26.387802,0.2,0.3504583,Riau
2025-07-06 00:00:00+00:00,27.028082,1.4666667,0.34994438,Riau
2025-07-07 00:00:00+00:00,27.046831,0.99999994,0.34990278,Riau
2025-07-08 00:00:00+00:00,26.620445,8.099999,0.3483611,Riau
2025-07-09 00:00:00+00:00,27.498917,1.8333334,0.34688887,Riau
2025-07-10 00:00:00+00:00,28.008642,0.0,0.3452084,Riau
2025-07-11 00:00:00+00:00,27.96211,0.33333334,0.34276393,Riau
2025-07-12 00:00:00+00:00,26.90239,9.8,0.34102783,Riau
2025-07-13 00:00:00+00:00,26.82878,4.3333335,0.33912504,Riau
2025-07-14 00:00:00+00:00,26.338503,3.7666671,0.3365972,Riau
2025-07-15 00:00:00+00:00,27.71003,0.0,0.33422223,Riau
2025-07-16 00:00:00+00:00,28.15933,0.06666667,0.33038887,Riau
2025-07-17 00:00:00+00:00,28.171835,0.0,0.32984722,Riau
2025-07-18 00:00:00+00:00,28.28711,0.0,0.33184722,Riau
2025-07-19 00:00:00+00:00,28.162806,0.033333335,0.3320278,Riau
2025-07-20 00:00:00+00:00,28.37114,0.2,0.33240277,Riau
2025-07-21 00:00:00+00:00,28.085724,1.6999999,0.33173612,Riau
2025-07-22 00:00:00+00:00,27.666971,0.93333334,0.32976392,Riau
2025-07-23 00:00:00+00:00,28.136415,0.36666667,0.3297222,Riau
2025-07-24 00:00:00+00:00,27.93364,7.2999997,0.32883334,Riau
2025-07-25 00:00:00+00:00,26.228083,15.5,0.32345834,Riau
2025-07-26 00:00:00+00:00,26.57392,1.9333333,0.31875,Riau
2025-07-27 00:00:00+00:00,27.310722,2.8,0.31656948,Riau
2025-07-28 00:00:00+00:00,27.993362,1.3,0.3148472,Riau
2025-07-29 00:00:00+00:00,27.984335,10.566668,0.31459716,Riau
2025-07-30 00:00:00+00:00,26.981558,5.6666665,0.31383327,Riau
2025-07-31 00:00:00+00:00,27.698221,3.5666666,0.3139583,Riau
2025-01-01 00:00:00+00:00,25.893831,11.200001,0.4593333,North Sumatra
2025-01-02 00:00:00+00:00,25.45703,23.300001,0.45838884,North Sumatra
2025-01-03 00:00:00+00:00,25.152168,8.933333,0.46048614,North Sumatra
2025-01-04 00:00:00+00:00,25.079943,17.6,0.46198615,North Sumatra
2025-01-05 00:00:00+00:00,25.302168,33.033337,0.46201384,North Sumatra
2025-01-06 00:00:00+00:00,24.651472,27.300001,0.47156942,North Sumatra
2025-01-07 00:00:00+00:00,24.970917,19.199999,0.48843053,North Sumatra
2025-01-08 00:00:00+00:00,25.183416,16.966667,0.48972222,North Sumatra
2025-01-09 00:00:00+00:00,25.479944,4.166667,0.4885416,North Sumatra
2025-01-10 00:00:00+00:00,25.891058,9.099999,0.4856527,North Sumatra
2025-01-11 00:00:00+00:00,23.942444,18.133335,0.487375,North Sumatra
2025-01-12 00:00:00+00:00,24.324389,22.966665,0.4871806,North Sumatra
2025-01-13 00:00:00+00:00,24.312586,16.066668,0.49430564,North Sumatra
2025-01-14 00:00:00+00:00,24.488974,17.266668,0.49938884,North Sumatra
2025-01-15 00:00:00+00:00,24.743835,11.266667,0.5006251,North Sumatra
2025-01-16 00:00:00+00:00,25.107027,25.766668,0.5025278,North Sumatra
2025-01-17 00:00:00+00:00,25.261889,27.266668,0.5085278,North Sumatra
2025-01-18 00:00:00+00:00,24.29661,15.966667,0.5081111,North Sumatra
2025-01-19 00:00:00+00:00,24.529945,8.766667,0.5051529,North Sumatra
2025-01-20 00:00:00+00:00,25.044527,3.8666668,0.50161105,North Sumatra
2025-01-21 00:00:00+00:00,25.502167,4.8666673,0.4976944,North Sumatra
2025-01-22 00:00:00+00:00,25.02786,7.3000007,0.49277782,North Sumatra
2025-01-23 00:00:00+00:00,24.568832,25.5,0.4917778,North Sumatra
2025-01-24 00:00:00+00:00,24.5105,14.733335,0.4922777,North Sumatra
2025-01-25 00:00:00+00:00,25.432722,8.833333,0.49725,North Sumatra
2025-01-26 00:00:00+00:00,25.156334,10.833333,0.49847218,North Sumatra
2025-01-27 00:00:00+00:00,25.20078,29.9,0.4975555,North Sumatra
2025-01-28 00:00:00+00:00,25.273697,5.1333337,0.49951395,North Sumatra
2025-01-29 00:00:00+00:00,24.632029,12.2,0.49970832,North Sumatra
2025-01-30 00:00:00+00:00,24.73342,4.5333333,0.49843052,North Sumatra
2025-01-31 00:00:00+00:00,25.266054,3.7,0.4948611,North Sumatra
2025-02-01 00:00:00+00:00,25.632723,1.1666666,0.49081948,North Sumatra
2025-02-02 00:00:00+00:00,26.226473,0.5666667,0.48679164,North Sumatra
2025-02-03 00:00:00+00:00,26.482721,0.43333337,0.4841527,North Sumatra
2025-02-04 00:00:00+00:00,25.92022,2.0,0.48148608,North Sumatra
2025-02-05 00:00:00+00:00,25.678556,3.6333332,0.47680557,North Sumatra
2025-02-06 00:00:00+00:00,25.70772,5.733334,0.47063887,North Sumatra
2025-02-07 00:00:00+00:00,25.88967,7.0,0.46911108,North Sumatra
2025-02-08 00:00:00+00:00,25.230637,5.333333,0.47055563,North Sumatra
2025-02-09 00:00:00+00:00,24.732721,6.6666665,0.46818057,North Sumatra
2025-02-10 00:00:00+00:00,25.573694,9.933333,0.46526384,North Sumatra
2025-02-11 00:00:00+00:00,25.55425,8.866667,0.46215275,North Sumatra
2025-02-12 00:00:00+00:00,25.935501,3.3,0.45894447,North Sumatra
2025-02-13 00:00:00+00:00,26.093832,5.6333337,0.45351386,North Sumatra
2025-02-14 00:00:00+00:00,25.28064,18.966667,0.4494861,North Sumatra
2025-02-15 00:00:00+00:00,24.936195,10.2,0.44715273,North Sumatra
2025-02-16 00:00:00+00:00,24.845222,6.6,0.4459722,North Sumatra
2025-02-17 00:00:00+00:00,26.0855,5.5000005,0.44495836,North Sumatra
2025-02-18 00:00:00+00:00,25.254251,9.166667,0.44533336,North Sumatra
2025-02-19 00:00:00+00:00,25.427862,4.6666665,0.44634715,North Sumatra
2025-02-20 00:00:00+00:00,26.084108,5.233333,0.44598612,North Sumatra
2025-02-21 00:00:00+00:00,25.13967,6.6666665,0.44441673,North Sumatra
2025-02-22 00:00:00+00:00,25.093832,17.300001,0.44323602,North Sumatra
2025-02-23 00:00:00+00:00,25.338974,10.900001,0.4439306,North Sumatra
2025-02-24 00:00:00+00:00,25.298697,21.333334,0.44691667,North Sumatra
2025-02-25 00:00:00+00:00,25.013275,14.166668,0.4522083,North Sumatra
2025-02-26 00:00:00+00:00,24.98411,30.599998,0.45544446,North Sumatra
2025-02-27 00:00:00+00:00,25.57786,11.8,0.4567778,North Sumatra
2025-02-28 00:00:00+00:00,25.529943,16.1,0.45579162,North Sumatra
2025-03-01 00:00:00+00:00,25.741056,5.633333,0.45468065,North Sumatra
2025-03-02 00:00:00+00:00,26.150778,3.8666668,0.45347223,North Sumatra
2025-03-03 00:00:00+00:00,26.63064,2.3,0.45270833,North Sumatra
2025-03-04 00:00:00+00:00,26.329248,12.133331,0.45247218,North Sumatra
2025-03-05 00:00:00+00:00,26.036194,13.233335,0.45156935,North Sumatra
2025-03-06 00:00:00+00:00,25.620918,4.2999997,0.45038888,North Sumatra
2025-03-07 00:00:00+00:00,26.197306,14.266667,0.4487362,North Sumatra
2025-03-08 00:00:00+00:00,25.613974,14.566666,0.44972226,North Sumatra
2025-03-09 00:00:00+00:00,25.785501,9.166667,0.44923607,North Sumatra
2025-03-10 00:00:00+00:00,26.266058,16.766668,0.4498333,North Sumatra
2025-03-11 00:00:00+00:00,25.811193,14.966667,0.4511805,North Sumatra
2025-03-12 00:00:00+00:00,25.950777,13.333333,0.45548615,North Sumatra
2025-03-13 00:00:00+00:00,25.511889,25.066666,0.45965278,North Sumatra
2025-03-14 00:00:00+00:00,24.66675,12.366666,0.46354172,North Sumatra
2025-03-15 00:00:00+00:00,26.020224,7.9666667,0.46330556,North Sumatra
2025-03-16 00:00:00+00:00,25.687584,10.666667,0.4635278,North Sumatra
2025-03-17 00:00:00+00:00,25.7855,5.5333343,0.45925006,North Sumatra
2025-03-18 00:00:00+00:00,26.102167,2.3999999,0.45665285,North Sumatra
2025-03-19 00:00:00+00:00,25.82578,2.8333333,0.45500007,North Sumatra
2025-03-20 00:00:00+00:00,25.106333,5.8333335,0.45340285,North Sumatra
2025-03-21 00:00:00+00:00,25.42161,12.599999,0.44825006,North Sumatra
2025-03-22 00:00:00+00:00,25.404943,9.066667,0.44898614,North Sumatra
2025-03-23 00:00:00+00:00,25.407722,13.133334,0.45068052,North Sumatra
2025-03-24 00:00:00+00:00,25.771612,11.533334,0.4498612,North Sumatra
2025-03-25 00:00:00+00:00,26.253555,8.400001,0.4481666,North Sumatra
2025-03-26 00:00:00+00:00,27.002167,6.933334,0.44612512,North Sumatra
2025-03-27 00:00:00+00:00,26.254251,13.733335,0.44395828,North Sumatra
2025-03-28 00:00:00+00:00,26.018137,2.6666665,0.4411528,North Sumatra
2025-03-29 00:00:00+00:00,26.24383,8.266666,0.4400833,North Sumatra
2025-03-30 00:00:00+00:00,26.082026,13.033333,0.43755555,North Sumatra
2025-03-31 00:00:00+00:00,25.555635,20.066666,0.43741667,North Sumatra
2025-04-01 00:00:00+00:00,26.043833,8.933334,0.4397361,North Sumatra
2025-04-02 00:00:00+00:00,26.102167,11.133334,0.43868056,North Sumatra
2025-04-03 00:00:00+00:00,25.494528,32.3,0.44393054,North Sumatra
2025-04-04 00:00:00+00:00,25.298693,22.366667,0.4553472,North Sumatra
2025-04-05 00:00:00+00:00,25.716751,14.3,0.46490273,North Sumatra
2025-04-06 00:00:00+00:00,25.16189,18.733334,0.4708334,North Sumatra
2025-04-07 00:00:00+00:00,25.161196,4.5333333,0.47494438,North Sumatra
2025-04-08 00:00:00+00:00,25.847305,16.5,0.47643057,North Sumatra
2025-04-09 00:00:00+00:00,25.670916,16.999998,0.47662506,North Sumatra
2025-04-10 00:00:00+00:00,25.679247,37.800003,0.48158333,North Sumatra
2025-04-11 00:00:00+00:00,25.452864,7.5000005,0.484375,North Sumatra
2025-04-12 00:00:00+00:00,25.354942,7.266667,0.48565283,North Sumatra
2025-04-13 00:00:00+00:00,26.618141,0.8,0.4859444,North Sumatra
2025-04-14 00:00:00+00:00,26.346613,6.8333335,0.48348603,North Sumatra
2025-04-15 00:00:00+00:00,26.428556,23.233335,0.48197222,North Sumatra
2025-04-16 00:00:00+00:00,26.36675,2.633333,0.48184726,North Sumatra
2025-04-17 00:00:00+00:00,26.673004,10.966667,0.48194447,North Sumatra
2025-04-18 00:00:00+00:00,26.539667,16.166666,0.48290277,North Sumatra
2025-04-19 00:00:00+00:00,25.745916,23.9,0.47811106,North Sumatra
2025-04-20 00:00:00+00:00,25.37647,5.0333333,0.4750694,North Sumatra
2025-04-21 00:00:00+00:00,26.166054,24.300001,0.475875,North Sumatra
2025-04-22 00:00:00+00:00,25.83689,7.966667,0.4696528,North Sumatra
2025-04-23 00:00:00+00:00,25.44175,35.100002,0.4660139,North Sumatra
2025-04-24 00:00:00+00:00,25.967443,13.866669,0.46519446,North Sumatra
2025-04-25 00:00:00+00:00,26.396614,17.233332,0.4718195,North Sumatra
2025-04-26 00:00:00+00:00,26.057028,10.8,0.47168055,North Sumatra
2025-04-27 00:00:00+00:00,25.628555,12.266666,0.4697499,North Sumatra
2025-04-28 00:00:00+00:00,25.137583,12.866666,0.4679028,North Sumatra
2025-04-29 00:00:00+00:00,26.115362,6.566666,0.46361113,North Sumatra
2025-04-30 00:00:00+00:00,25.333418,6.0,0.45993054,North Sumatra
2025-05-01 00:00:00+00:00,25.71536,9.433333,0.45598605,North Sumatra
2025-05-02 00:00:00+00:00,26.35147,12.099999,0.45204172,North Sumatra
2025-05-03 00:00:00+00:00,26.05425,12.033334,0.44716665,North Sumatra
2025-05-04 00:00:00+00:00,26.002861,13.966666,0.44477773,North Sumatra
2025-05-05 00:00:00+00:00,25.693834,9.166667,0.4421111,North Sumatra
2025-05-06 00:00:00+00:00,26.553553,7.566667,0.43912503,North Sumatra
2025-05-07 00:00:00+00:00,26.532722,11.666667,0.43529168,North Sumatra
2025-05-08 00:00:00+00:00,26.059113,21.499998,0.43227777,North Sumatra
2025-05-09 00:00:00+00:00,27.37925,2.4666667,0.42855558,North Sumatra
2025-05-10 00:00:00+00:00,26.457026,17.966667,0.42761102,North Sumatra
2025-05-11 00:00:00+00:00,26.79661,11.5,0.42836106,North Sumatra
2025-05-12 00:00:00+00:00,27.281334,14.900001,0.42943057,North Sumatra
2025-05-13 00:00:00+00:00,27.538279,7.6666675,0.43620834,North Sumatra
2025-05-14 00:00:00+00:00,27.70772,7.3000007,0.4332639,North Sumatra
2025-05-15 00:00:00+00:00,27.613974,10.233334,0.4325416,North Sumatra
2025-05-16 00:00:00+00:00,27.409805,18.233335,0.4334861,North Sumatra
2025-05-17 00:00:00+00:00,27.181335,10.733333,0.43620828,North Sumatra
2025-05-18 00:00:00+00:00,26.891058,21.766668,0.43870834,North Sumatra
2025-05-19 00:00:00+00:00,26.136889,7.366667,0.43787494,North Sumatra
2025-05-20 00:00:00+00:00,26.17578,23.366667,0.43694445,North Sumatra
2025-05-21 00:00:00+00:00,26.316055,30.299997,0.43870834,North Sumatra
2025-05-22 00:00:00+00:00,27.200083,1.5333333,0.4397639,North Sumatra
2025-05-23 00:00:00+00:00,27.05425,7.133333,0.44187498,North Sumatra
2025-05-24 00:00:00+00:00,27.347305,10.666667,0.44376385,North Sumatra
2025-05-25 00:00:00+00:00,27.352167,0.7,0.44605556,North Sumatra
2025-05-26 00:00:00+00:00,27.291754,7.8333325,0.44345823,North Sumatra
2025-05-27 00:00:00+00:00,28.210497,4.066667,0.4410973,North Sumatra
2025-05-28 00:00:00+00:00,28.343832,11.866668,0.43915272,North Sumatra
2025-05-29 00:00:00+00:00,27.889664,0.16666667,0.43787494,North Sumatra
2025-05-30 00:00:00+00:00,27.303556,8.966667,0.43654165,North Sumatra
2025-05-31 00:00:00+00:00,26.729944,2.5666668,0.43554166,North Sumatra
2025-06-01 00:00:00+00:00,27.789667,10.366667,0.43675005,North Sumatra
2025-06-02 00:00:00+00:00,28.31536,3.2,0.43426386,North Sumatra
2025-06-03 00:00:00+00:00,27.440361,5.3,0.43130562,North Sumatra
2025-06-04 00:00:00+00:00,27.407026,17.700003,0.42820835,North Sumatra
2025-06-05 00:00:00+00:00,26.934113,13.866668,0.42627776,North Sumatra
2025-06-06 00:00:00+00:00,27.320917,6.866667,0.42949998,North Sumatra
2025-06-07 00:00:00+00:00,26.91953,6.433333,0.42865285,North Sumatra
2025-06-08 00:00:00+00:00,27.243834,12.766667,0.42906952,North Sumatra
2025-06-09 00:00:00+00:00,27.278557,15.866668,0.42629167,North Sumatra
2025-06-10 00:00:00+00:00,26.46814,3.8666666,0.42248616,North Sumatra
2025-06-11 00:00:00+00:00,27.917442,0.2,0.41862497,North Sumatra
2025-06-12 00:00:00+00:00,28.173697,2.8333333,0.41463897,North Sumatra
2025-06-13 00:00:00+00:00,28.575083,10.000001,0.41281942,North Sumatra
2025-06-14 00:00:00+00:00,27.868135,12.400001,0.41547227,North Sumatra
2025-06-15 00:00:00+00:00,27.167444,12.599999,0.4132084,North Sumatra
2025-06-16 00:00:00+00:00,25.666754,12.233334,0.40555564,North Sumatra
2025-06-17 00:00:00+00:00,26.68064,1.4666667,0.40323615,North Sumatra
2025-06-18 00:00:00+00:00,27.012583,0.53333336,0.40129164,North Sumatra
2025-06-19 00:00:00+00:00,27.520914,4.5000005,0.39899996,North Sumatra
2025-06-20 00:00:00+00:00,26.907028,0.0,0.39670825,North Sumatra
2025-06-21 00:00:00+00:00,27.243835,0.50000006,0.3950833,North Sumatra
2025-06-22 00:00:00+00:00,26.982027,4.933334,0.3915,North Sumatra
2025-06-23 00:00:00+00:00,27.74939,0.46666667,0.38625002,North Sumatra
2025-06-24 00:00:00+00:00,27.9605,0.033333335,0.3849306,North Sumatra
2025-06-25 00:00:00+00:00,28.464666,2.1000001,0.38336113,North Sumatra
2025-06-26 00:00:00+00:00,28.11814,5.2999997,0.38141677,North Sumatra
2025-06-27 00:00:00+00:00,28.120222,2.5666668,0.37986112,North Sumatra
2025-06-28 00:00:00+00:00,27.300085,4.2999997,0.37772226,North Sumatra
2025-06-29 00:00:00+00:00,27.440361,1.7333335,0.3763472,North Sumatra
2025-06-30 00:00:00+00:00,27.514666,3.7666664,0.37538886,North Sumatra
2025-07-01 00:00:00+00:00,27.907028,4.5333333,0.3739445,North Sumatra
2025-07-02 00:00:00+00:00,27.398,14.733335,0.37483335,North Sumatra
2025-07-03 00:00:00+00:00,26.996613,4.433333,0.3740833,North Sumatra
2025-07-04 00:00:00+00:00,27.67578,1.1666666,0.3729166,North Sumatra
2025-07-05 00:00:00+00:00,27.807028,3.2,0.37227774,North Sumatra
2025-07-06 00:00:00+00:00,27.76953,2.8,0.37166664,North Sumatra
2025-07-07 00:00:00+00:00,27.700777,8.233334,0.3706528,North Sumatra
2025-07-08 00:00:00+00:00,26.20772,4.366667,0.37119445,North Sumatra
2025-07-09 00:00:00+00:00,27.359114,6.9666667,0.37219444,North Sumatra
2025-07-10 00:00:00+00:00,27.493834,5.3333335,0.37319446,North Sumatra
2025-07-11 00:00:00+00:00,27.98203,1.9000001,0.37355557,North Sumatra
2025-07-12 00:00:00+00:00,26.82717,13.466667,0.37220833,North Sumatra
2025-07-13 00:00:00+00:00,27.825083,0.23333335,0.37272224,North Sumatra
2025-07-14 00:00:00+00:00,27.282028,17.466663,0.37454173,North Sumatra
2025-07-15 00:00:00+00:00,27.112581,10.233334,0.38509727,North Sumatra
2025-07-16 00:00:00+00:00,28.013277,1.9333333,0.38709724,North Sumatra
2025-07-17 00:00:00+00:00,28.062582,2.1333332,0.3860695,North Sumatra
2025-07-18 00:00:00+00:00,28.227167,0.33333334,0.38526392,North Sumatra
2025-07-19 00:00:00+00:00,28.199387,3.2666667,0.3844584,North Sumatra
2025-07-20 00:00:00+00:00,27.333414,1.5666666,0.38520828,North Sumatra
2025-07-21 00:00:00+00:00,28.21814,0.8666666,0.38440278,North Sumatra
2025-07-22 00:00:00+00:00,28.321611,1.0666666,0.38327774,North Sumatra
2025-07-23 00:00:00+00:00,28.39939,0.8,0.38290286,North Sumatra
2025-07-24 00:00:00+00:00,27.442444,11.233334,0.38161108,North Sumatra
2025-07-25 00:00:00+00:00,26.419527,7.733333,0.38050005,North Sumatra
2025-07-26 00:00:00+00:00,27.574389,3.5333335,0.37947223,North Sumatra
2025-07-27 00:00:00+00:00,26.529943,5.8333335,0.3774722,North Sumatra
2025-07-28 00:00:00+00:00,27.900778,6.766667,0.37561104,North Sumatra
2025-07-29 00:00:00+00:00,28.357025,1.4333334,0.37490276,North Sumatra
2025-07-30 00:00:00+00:00,27.562584,8.4,0.37636104,North Sumatra
2025-07-31 00:00:00+00:00,28.677168,1.0,0.37562498,North Sumatra
2025-01-01 00:00:00+00:00,26.61264,9.466667,0.35416672,Central Kalimantan
2025-01-02 00:00:00+00:00,26.454308,13.433335,0.35568056,Central Kalimantan
2025-01-03 00:00:00+00:00,26.305,12.400001,0.35775003,Central Kalimantan
2025-01-04 00:00:00+00:00,25.453613,15.666667,0.36320838,Central Kalimantan
2025-01-05 00:00:00+00:00,25.232084,14.400002,0.36366662,Central Kalimantan
2025-01-06 00:00:00+00:00,26.232084,9.433333,0.36456943,Central Kalimantan
2025-01-07 00:00:00+00:00,26.090416,13.3,0.3676667,Central Kalimantan
2025-01-08 00:00:00+00:00,26.041113,14.733333,0.37406945,Central Kalimantan
2025-01-09 00:00:00+00:00,26.23139,8.566667,0.3760972,Central Kalimantan
2025-01-10 00:00:00+00:00,26.093195,8.466666,0.37584725,Central Kalimantan
2025-01-11 00:00:00+00:00,25.665419,11.733334,0.3769306,Central Kalimantan
2025-01-12 00:00:00+00:00,25.449446,11.0666685,0.3823333,Central Kalimantan
2025-01-13 00:00:00+00:00,25.520971,15.400002,0.38709727,Central Kalimantan
2025-01-14 00:00:00+00:00,25.537638,17.000002,0.39172217,Central Kalimantan
2025-01-15 00:00:00+00:00,25.407084,18.566668,0.40179166,Central Kalimantan
2025-01-16 00:00:00+00:00,25.93278,9.3,0.40452775,Central Kalimantan
2025-01-17 00:00:00+00:00,26.83486,17.066666,0.40456948,Central Kalimantan
2025-01-18 00:00:00+00:00,25.945276,31.033335,0.41058335,Central Kalimantan
2025-01-19 00:00:00+00:00,24.704308,14.5,0.41381946,Central Kalimantan
2025-01-20 00:00:00+00:00,25.775137,12.333333,0.41498613,Central Kalimantan
2025-01-21 00:00:00+00:00,25.764723,13.100001,0.41683337,Central Kalimantan
2025-01-22 00:00:00+00:00,25.483469,18.66667,0.4199028,Central Kalimantan
2025-01-23 00:00:00+00:00,25.611944,4.4,0.42426392,Central Kalimantan
2025-01-24 00:00:00+00:00,25.905,14.633334,0.41916665,Central Kalimantan
2025-01-25 00:00:00+00:00,25.859169,14.2,0.41622224,Central Kalimantan
2025-01-26 00:00:00+00:00,24.973055,25.333334,0.4205695,Central Kalimantan
2025-01-27 00:00:00+00:00,25.152222,27.1,0.42488894,Central Kalimantan
2025-01-28 00:00:00+00:00,25.645277,15.433333,0.42113888,Central Kalimantan
2025-01-29 00:00:00+00:00,25.685556,11.066667,0.4174584,Central Kalimantan
2025-01-30 00:00:00+00:00,24.839722,7.3333335,0.41904163,Central Kalimantan
2025-01-31 00:00:00+00:00,26.186249,2.4333332,0.41511115,Central Kalimantan
2025-02-01 00:00:00+00:00,26.007086,0.06666667,0.4069722,Central Kalimantan
2025-02-02 00:00:00+00:00,27.94528,0.033333335,0.39497218,Central Kalimantan
2025-02-03 00:00:00+00:00,27.348059,0.56666666,0.38388887,Central Kalimantan
2025-02-04 00:00:00+00:00,27.539724,0.0,0.3734722,Central Kalimantan
2025-02-05 00:00:00+00:00,27.277227,4.7333336,0.36056945,Central Kalimantan
2025-02-06 00:00:00+00:00,26.666803,9.2,0.34583333,Central Kalimantan
2025-02-07 00:00:00+00:00,26.292501,8.533334,0.33638886,Central Kalimantan
2025-02-08 00:00:00+00:00,26.966806,6.6666665,0.3294306,Central Kalimantan
2025-02-09 00:00:00+00:00,26.573751,10.8,0.32383338,Central Kalimantan
2025-02-10 00:00:00+00:00,27.147362,4.933333,0.3184028,Central Kalimantan
2025-02-11 00:00:00+00:00,26.571665,6.366667,0.31158334,Central Kalimantan
2025-02-12 00:00:00+00:00,26.610558,1.8333331,0.30809724,Central Kalimantan
2025-02-13 00:00:00+00:00,27.720278,0.4333333,0.30573612,Central Kalimantan
2025-02-14 00:00:00+00:00,27.061255,9.566667,0.3058333,Central Kalimantan
2025-02-15 00:00:00+00:00,26.416113,11.166667,0.3080972,Central Kalimantan
2025-02-16 00:00:00+00:00,26.252916,13.966666,0.30620834,Central Kalimantan
2025-02-17 00:00:00+00:00,25.772362,14.900001,0.30508336,Central Kalimantan
2025-02-18 00:00:00+00:00,26.421667,10.666667,0.306625,Central Kalimantan
2025-02-19 00:00:00+00:00,26.40361,6.433333,0.3075833,Central Kalimantan
2025-02-20 00:00:00+00:00,25.994583,8.633333,0.31144443,Central Kalimantan
2025-02-21 00:00:00+00:00,26.23139,7.1333327,0.31486115,Central Kalimantan
2025-02-22 00:00:00+00:00,26.220282,11.433333,0.31486115,Central Kalimantan
2025-02-23 00:00:00+00:00,25.799444,4.833333,0.32380554,Central Kalimantan
2025-02-24 00:00:00+00:00,26.43,16.633333,0.3302639,Central Kalimantan
2025-02-25 00:00:00+00:00,25.605698,21.2,0.33791664,Central Kalimantan
2025-02-26 00:00:00+00:00,25.116112,15.5666685,0.3484861,Central Kalimantan
2025-02-27 00:00:00+00:00,25.73694,18.333332,0.3556389,Central Kalimantan
2025-02-28 00:00:00+00:00,25.368889,21.866669,0.36141667,Central Kalimantan
2025-03-01 00:00:00+00:00,26.39736,9.533333,0.36713886,Central Kalimantan
2025-03-02 00:00:00+00:00,26.26403,9.5,0.3684999,Central Kalimantan
2025-03-03 00:00:00+00:00,26.28625,14.900001,0.36673608,Central Kalimantan
2025-03-04 00:00:00+00:00,25.538336,11.733335,0.36126387,Central Kalimantan
2025-03-05 00:00:00+00:00,26.88347,5.933333,0.35916662,Central Kalimantan
2025-03-06 00:00:00+00:00,26.00847,24.966667,0.359375,Central Kalimantan
2025-03-07 00:00:00+00:00,24.060556,20.900002,0.38812503,Central Kalimantan
2025-03-08 00:00:00+00:00,26.746666,8.566667,0.39591673,Central Kalimantan
2025-03-09 00:00:00+00:00,25.902222,32.36667,0.40506944,Central Kalimantan
2025-03-10 00:00:00+00:00,26.078613,8.433333,0.41644445,Central Kalimantan
2025-03-11 00:00:00+00:00,26.407778,17.866667,0.41233337,Central Kalimantan
2025-03-12 00:00:00+00:00,26.363337,13.433334,0.4070694,Central Kalimantan
2025-03-13 00:00:00+00:00,25.826529,11.700001,0.40738893,Central Kalimantan
2025-03-14 00:00:00+00:00,26.429306,18.400002,0.41272223,Central Kalimantan
2025-03-15 00:00:00+00:00,25.684168,6.133333,0.41520825,Central Kalimantan
2025-03-16 00:00:00+00:00,26.28625,11.633335,0.41205564,Central Kalimantan
2025-03-17 00:00:00+00:00,26.373749,13.833335,0.4129444,Central Kalimantan
2025-03-18 00:00:00+00:00,26.392502,14.900002,0.4055278,Central Kalimantan
2025-03-19 00:00:00+00:00,25.723055,19.666668,0.40065277,Central Kalimantan
2025-03-20 00:00:00+00:00,25.895279,19.866667,0.41015276,Central Kalimantan
2025-03-21 00:00:00+00:00,25.459862,21.900002,0.41679165,Central Kalimantan
2025-03-22 00:00:00+00:00,25.416807,16.633333,0.4157361,Central Kalimantan
2025-03-23 00:00:00+00:00,26.506388,7.2666664,0.40974998,Central Kalimantan
2025-03-24 00:00:00+00:00,27.043192,12.8,0.40384722,Central Kalimantan
2025-03-25 00:00:00+00:00,26.810556,3.6999998,0.3976806,Central Kalimantan
2025-03-26 00:00:00+00:00,27.165419,3.6000001,0.3894584,Central Kalimantan
2025-03-27 00:00:00+00:00,28.303612,5.6,0.3808333,Central Kalimantan
2025-03-28 00:00:00+00:00,27.673058,4.266667,0.3734722,Central Kalimantan
2025-03-29 00:00:00+00:00,26.381392,17.0,0.36698607,Central Kalimantan
2025-03-30 00:00:00+00:00,26.80778,5.233333,0.36141667,Central Kalimantan
2025-03-31 00:00:00+00:00,27.101526,5.7333336,0.35541666,Central Kalimantan
2025-04-01 00:00:00+00:00,25.193892,14.033334,0.3520278,Central Kalimantan
2025-04-02 00:00:00+00:00,26.357086,15.766667,0.3549861,Central Kalimantan
2025-04-03 00:00:00+00:00,25.90986,9.566668,0.35301387,Central Kalimantan
2025-04-04 00:00:00+00:00,26.11264,13.2,0.3498056,Central Kalimantan
2025-04-05 00:00:00+00:00,26.189722,19.233332,0.3460555,Central Kalimantan
2025-04-06 00:00:00+00:00,24.918196,13.700001,0.3511944,Central Kalimantan
2025-04-07 00:00:00+00:00,26.376528,8.7,0.3503056,Central Kalimantan
2025-04-08 00:00:00+00:00,25.861948,24.666666,0.3465139,Central Kalimantan
2025-04-09 00:00:00+00:00,25.305695,10.2,0.34787503,Central Kalimantan
2025-04-10 00:00:00+00:00,26.97236,13.466667,0.35172227,Central Kalimantan
2025-04-11 00:00:00+00:00,25.899445,14.400002,0.36229166,Central Kalimantan
2025-04-12 00:00:00+00:00,26.33,33.766666,0.3741111,Central Kalimantan
2025-04-13 00:00:00+00:00,25.098059,20.200003,0.3860972,Central Kalimantan
2025-04-14 00:00:00+00:00,25.682085,20.499998,0.39395833,Central Kalimantan
2025-04-15 00:00:00+00:00,26.350138,10.8,0.40113887,Central Kalimantan
2025-04-16 00:00:00+00:00,26.680695,17.366667,0.40193048,Central Kalimantan
2025-04-17 00:00:00+00:00,26.277222,17.533335,0.40319443,Central Kalimantan
2025-04-18 00:00:00+00:00,26.464722,3.8666668,0.40212503,Central Kalimantan
2025-04-19 00:00:00+00:00,27.591112,1.4666667,0.39518055,Central Kalimantan
2025-04-20 00:00:00+00:00,26.81125,14.266666,0.38565275,Central Kalimantan
2025-04-21 00:00:00+00:00,25.764723,8.5,0.377875,Central Kalimantan
2025-04-22 00:00:00+00:00,26.100832,7.7333336,0.37408337,Central Kalimantan
2025-04-23 00:00:00+00:00,26.413336,5.4,0.36947224,Central Kalimantan
2025-04-24 00:00:00+00:00,25.29875,14.033334,0.36673608,Central Kalimantan
2025-04-25 00:00:00+00:00,26.163338,13.366668,0.3640834,Central Kalimantan
2025-04-26 00:00:00+00:00,25.933472,22.066668,0.36055553,Central Kalimantan
2025-04-27 00:00:00+00:00,26.249443,2.3666666,0.3658751,Central Kalimantan
2025-04-28 00:00:00+00:00,25.829308,11.566667,0.36729166,Central Kalimantan
2025-04-29 00:00:00+00:00,25.624445,4.6,0.36820832,Central Kalimantan
2025-04-30 00:00:00+00:00,26.920279,0.59999996,0.36819434,Central Kalimantan
2025-05-01 00:00:00+00:00,27.782778,0.2,0.36323616,Central Kalimantan
2025-05-02 00:00:00+00:00,27.232084,0.70000005,0.35905552,Central Kalimantan
2025-05-03 00:00:00+00:00,27.350836,1.6333332,0.35281947,Central Kalimantan
2025-05-04 00:00:00+00:00,27.423752,1.5,0.34373608,Central Kalimantan
2025-05-05 00:00:00+00:00,27.016113,6.2666664,0.3362917,Central Kalimantan
2025-05-06 00:00:00+00:00,27.54111,2.6999998,0.33115277,Central Kalimantan
2025-05-07 00:00:00+00:00,28.057083,9.0,0.32573614,Central Kalimantan
2025-05-08 00:00:00+00:00,27.103613,10.966667,0.31745833,Central Kalimantan
2025-05-09 00:00:00+00:00,25.73139,17.066668,0.31302777,Central Kalimantan
2025-05-10 00:00:00+00:00,26.553612,14.366669,0.31343052,Central Kalimantan
2025-05-11 00:00:00+00:00,26.515417,15.466667,0.31908333,Central Kalimantan
2025-05-12 00:00:00+00:00,25.820276,9.666667,0.32868052,Central Kalimantan
2025-05-13 00:00:00+00:00,27.025833,13.933333,0.332,Central Kalimantan
2025-05-14 00:00:00+00:00,26.386251,18.833334,0.3365972,Central Kalimantan
2025-05-15 00:00:00+00:00,25.64389,13.7,0.34358335,Central Kalimantan
2025-05-16 00:00:00+00:00,27.068888,29.833334,0.34941664,Central Kalimantan
2025-05-17 00:00:00+00:00,26.02375,10.5,0.3598194,Central Kalimantan
2025-05-18 00:00:00+00:00,26.859167,7.1666665,0.36534727,Central Kalimantan
2025-05-19 00:00:00+00:00,26.412638,25.966667,0.3705834,Central Kalimantan
2025-05-20 00:00:00+00:00,26.573751,1.7666668,0.37874994,Central Kalimantan
2025-05-21 00:00:00+00:00,25.921667,10.700001,0.37922224,Central Kalimantan
2025-05-22 00:00:00+00:00,26.308474,17.933334,0.38012505,Central Kalimantan
2025-05-23 00:00:00+00:00,26.027224,11.433334,0.38344446,Central Kalimantan
2025-05-24 00:00:00+00:00,27.998056,0.13333334,0.38141668,Central Kalimantan
2025-05-25 00:00:00+00:00,27.520277,14.633334,0.37830555,Central Kalimantan
2025-05-26 00:00:00+00:00,27.264723,13.333333,0.37705556,Central Kalimantan
2025-05-27 00:00:00+00:00,25.368889,5.0999994,0.37793052,Central Kalimantan
2025-05-28 00:00:00+00:00,27.589027,1.3666668,0.37666664,Central Kalimantan
2025-05-29 00:00:00+00:00,27.720282,7.4,0.37377778,Central Kalimantan
2025-05-30 00:00:00+00:00,26.5925,7.2000003,0.37231946,Central Kalimantan
2025-05-31 00:00:00+00:00,26.09736,17.199999,0.3706528,Central Kalimantan
2025-06-01 00:00:00+00:00,24.504309,21.333336,0.37025002,Central Kalimantan
2025-06-02 00:00:00+00:00,26.321665,0.30000004,0.37266672,Central Kalimantan
2025-06-03 00:00:00+00:00,26.452225,3.1666667,0.37097225,Central Kalimantan
2025-06-04 00:00:00+00:00,26.91958,6.566667,0.36823615,Central Kalimantan
2025-06-05 00:00:00+00:00,27.074448,2.2666667,0.3660278,Central Kalimantan
2025-06-06 00:00:00+00:00,27.205694,3.033333,0.36305556,Central Kalimantan
2025-06-07 00:00:00+00:00,27.279306,0.16666667,0.3596389,Central Kalimantan
2025-06-08 00:00:00+00:00,26.902222,5.3333335,0.35595834,Central Kalimantan
2025-06-09 00:00:00+00:00,26.44806,4.5,0.35224998,Central Kalimantan
2025-06-10 00:00:00+00:00,27.478613,0.4666667,0.34675005,Central Kalimantan
2025-06-11 00:00:00+00:00,26.577917,4.2666664,0.34036112,Central Kalimantan
2025-06-12 00:00:00+00:00,26.796669,5.233333,0.33475006,Central Kalimantan
2025-06-13 00:00:00+00:00,26.602919,11.266667,0.33104166,Central Kalimantan
2025-06-14 00:00:00+00:00,26.818888,7.4,0.32669443,Central Kalimantan
2025-06-15 00:00:00+00:00,27.157087,5.4666667,0.32409728,Central Kalimantan
2025-06-16 00:00:00+00:00,26.71889,4.3333335,0.3212777,Central Kalimantan
2025-06-17 00:00:00+00:00,26.473055,6.0,0.3192638,Central Kalimantan
2025-06-18 00:00:00+00:00,25.31542,39.43334,0.3204722,Central Kalimantan
2025-06-19 00:00:00+00:00,23.989029,60.766663,0.34694445,Central Kalimantan
2025-06-20 00:00:00+00:00,25.145973,2.2666667,0.36708334,Central Kalimantan
2025-06-21 00:00:00+00:00,26.83625,1.1333333,0.36847225,Central Kalimantan
2025-06-22 00:00:00+00:00,25.734863,8.066667,0.36673617,Central Kalimantan
2025-06-23 00:00:00+00:00,26.748056,5.566666,0.36447218,Central Kalimantan
2025-06-24 00:00:00+00:00,25.807083,6.9666667,0.3631111,Central Kalimantan
2025-06-25 00:00:00+00:00,25.906393,7.0,0.3605139,Central Kalimantan
2025-06-26 00:00:00+00:00,25.907776,8.266666,0.36318052,Central Kalimantan
2025-06-27 00:00:00+00:00,26.068888,28.099998,0.36709723,Central Kalimantan
2025-06-28 00:00:00+00:00,24.979307,16.6,0.37019444,Central Kalimantan
2025-06-29 00:00:00+00:00,26.095276,4.6,0.37148604,Central Kalimantan
2025-06-30 00:00:00+00:00,26.214027,0.26666668,0.37133336,Central Kalimantan
2025-07-01 00:00:00+00:00,27.482779,0.8,0.36930552,Central Kalimantan
2025-07-02 00:00:00+00:00,27.239723,0.9333334,0.36586115,Central Kalimantan
2025-07-03 00:00:00+00:00,27.119583,13.566667,0.36231944,Central Kalimantan
2025-07-04 00:00:00+00:00,26.07306,9.900001,0.35854173,Central Kalimantan
2025-07-05 00:00:00+00:00,25.49736,6.7000003,0.3579028,Central Kalimantan
2025-07-06 00:00:00+00:00,26.279306,9.033334,0.35647213,Central Kalimantan
2025-07-07 00:00:00+00:00,24.965418,9.433333,0.3571527,Central Kalimantan
2025-07-08 00:00:00+00:00,26.339724,1.0,0.3591806,Central Kalimantan
2025-07-09 00:00:00+00:00,26.46125,0.83333343,0.3564584,Central Kalimantan
2025-07-10 00:00:00+00:00,26.152222,1.7666665,0.35391656,Central Kalimantan
2025-07-11 00:00:00+00:00,26.634169,6.3999996,0.3510972,Central Kalimantan
2025-07-12 00:00:00+00:00,26.259165,5.3333335,0.34819445,Central Kalimantan
2025-07-13 00:00:00+00:00,26.478613,26.133333,0.34481946,Central Kalimantan
2025-07-14 00:00:00+00:00,24.829308,17.933334,0.34229168,Central Kalimantan
2025-07-15 00:00:00+00:00,25.757086,7.466667,0.3427361,Central Kalimantan
2025-07-16 00:00:00+00:00,25.378614,20.266666,0.34391674,Central Kalimantan
2025-07-17 00:00:00+00:00,24.993196,7.3666663,0.34843054,Central Kalimantan
2025-07-18 00:00:00+00:00,25.675138,1.2666668,0.35124993,Central Kalimantan
2025-07-19 00:00:00+00:00,26.111946,0.23333335,0.35034728,Central Kalimantan
2025-07-20 00:00:00+00:00,26.099443,0.4,0.3485833,Central Kalimantan
2025-07-21 00:00:00+00:00,26.375834,0.5,0.3459445,Central Kalimantan
2025-07-22 00:00:00+00:00,27.005,0.73333335,0.3425695,Central Kalimantan
2025-07-23 00:00:00+00:00,27.069586,4.0,0.34009722,Central Kalimantan
2025-07-24 00:00:00+00:00,27.00778,6.8000007,0.33726385,Central Kalimantan
2025-07-25 00:00:00+00:00,27.249445,4.5333333,0.33411112,Central Kalimantan
2025-07-26 00:00:00+00:00,27.198053,4.6666665,0.33112502,Central Kalimantan
2025-07-27 00:00:00+00:00,27.40153,0.33333334,0.32662496,Central Kalimantan
2025-07-28 00:00:00+00:00,27.975142,0.9333332,0.32243052,Central Kalimantan
2025-07-29 00:00:00+00:00,27.84736,0.43333337,0.31816664,Central Kalimantan
2025-07-30 00:00:00+00:00,27.957085,0.033333335,0.31448612,Central Kalimantan
2025-07-31 00:00:00+00:00,27.850136,0.4,0.31144443,Central Kalimantan
2025-01-01 00:00:00+00:00,26.178833,15.600001,0.42701384,East Kalimantan
2025-01-02 00:00:00+00:00,26.112167,5.566667,0.43126383,East Kalimantan
2025-01-03 00:00:00+00:00,26.128138,22.466667,0.43208328,East Kalimantan
2025-01-04 00:00:00+00:00,25.623276,5.3666673,0.44205555,East Kalimantan
2025-01-05 00:00:00+00:00,25.739944,9.433333,0.4437361,East Kalimantan
2025-01-06 00:00:00+00:00,26.589249,14.966667,0.44540277,East Kalimantan
2025-01-07 00:00:00+00:00,26.174667,20.833332,0.44901386,East Kalimantan
2025-01-08 00:00:00+00:00,25.678137,12.200001,0.45652774,East Kalimantan
2025-01-09 00:00:00+00:00,26.308695,7.533333,0.45526385,East Kalimantan
2025-01-10 00:00:00+00:00,26.739944,4.7999997,0.4557917,East Kalimantan
2025-01-11 00:00:00+00:00,26.221193,14.099999,0.4587222,East Kalimantan
2025-01-12 00:00:00+00:00,26.244108,14.8,0.46723613,East Kalimantan
2025-01-13 00:00:00+00:00,25.912165,12.400001,0.47136107,East Kalimantan
2025-01-14 00:00:00+00:00,25.590637,11.466667,0.47212496,East Kalimantan
2025-01-15 00:00:00+00:00,25.357306,7.3666663,0.47190276,East Kalimantan
2025-01-16 00:00:00+00:00,26.198275,7.566667,0.4700973,East Kalimantan
2025-01-17 00:00:00+00:00,26.22397,10.466667,0.4686806,East Kalimantan
2025-01-18 00:00:00+00:00,26.763556,8.733334,0.46461108,East Kalimantan
2025-01-19 00:00:00+00:00,25.755224,20.466667,0.46008334,East Kalimantan
2025-01-20 00:00:00+00:00,25.361471,12.466667,0.4639862,East Kalimantan
2025-01-21 00:00:00+00:00,25.66633,15.8,0.4656111,East Kalimantan
2025-01-22 00:00:00+00:00,26.147583,16.499998,0.4650139,East Kalimantan
2025-01-23 00:00:00+00:00,25.61703,20.699999,0.4697778,East Kalimantan
2025-01-24 00:00:00+00:00,25.246887,12.100001,0.47552776,East Kalimantan
2025-01-25 00:00:00+00:00,26.05939,28.133333,0.47391668,East Kalimantan
2025-01-26 00:00:00+00:00,24.493416,38.666668,0.4794028,East Kalimantan
2025-01-27 00:00:00+00:00,25.943419,14.100001,0.47519448,East Kalimantan
2025-01-28 00:00:00+00:00,25.261473,19.433332,0.47501388,East Kalimantan
2025-01-29 00:00:00+00:00,24.742027,14.900002,0.4777222,East Kalimantan
2025-01-30 00:00:00+00:00,25.339943,4.3333335,0.47501394,East Kalimantan
2025-01-31 00:00:00+00:00,25.745499,11.5,0.46969438,East Kalimantan
2025-02-01 00:00:00+00:00,25.830223,10.733335,0.4703056,East Kalimantan
2025-02-02 00:00:00+00:00,27.262167,0.23333335,0.4666389,East Kalimantan
2025-02-03 00:00:00+00:00,25.868416,18.166666,0.46183327,East Kalimantan
2025-02-04 00:00:00+00:00,26.74689,6.1666665,0.45575,East Kalimantan
2025-02-05 00:00:00+00:00,26.953833,18.233335,0.44825006,East Kalimantan
2025-02-06 00:00:00+00:00,25.81772,10.966667,0.44291663,East Kalimantan
2025-02-07 00:00:00+00:00,25.5455,16.766668,0.44029173,East Kalimantan
2025-02-08 00:00:00+00:00,26.539251,11.266667,0.43822226,East Kalimantan
2025-02-09 00:00:00+00:00,26.111473,5.6,0.43894443,East Kalimantan
2025-02-10 00:00:00+00:00,26.685776,22.0,0.4390278,East Kalimantan
2025-02-11 00:00:00+00:00,26.180916,5.433333,0.43811107,East Kalimantan
2025-02-12 00:00:00+00:00,25.69689,8.433333,0.43698606,East Kalimantan
2025-02-13 00:00:00+00:00,26.454529,2.4333332,0.4351945,East Kalimantan
2025-02-14 00:00:00+00:00,26.329527,4.4666667,0.43233332,East Kalimantan
2025-02-15 00:00:00+00:00,26.32814,7.6999993,0.43070832,East Kalimantan
2025-02-16 00:00:00+00:00,26.202446,14.866666,0.42954168,East Kalimantan
2025-02-17 00:00:00+00:00,25.426056,12.100001,0.43165278,East Kalimantan
2025-02-18 00:00:00+00:00,25.45661,13.8,0.4310278,East Kalimantan
2025-02-19 00:00:00+00:00,26.10314,30.800001,0.43093058,East Kalimantan
2025-02-20 00:00:00+00:00,25.679527,9.700001,0.43819448,East Kalimantan
2025-02-21 00:00:00+00:00,26.34272,8.266666,0.43997228,East Kalimantan
2025-02-22 00:00:00+00:00,25.714945,14.766666,0.446625,East Kalimantan
2025-02-23 00:00:00+00:00,25.347586,10.466667,0.44645843,East Kalimantan
2025-02-24 00:00:00+00:00,25.735083,8.766667,0.4442916,East Kalimantan
2025-02-25 00:00:00+00:00,26.412863,6.933334,0.44200006,East Kalimantan
2025-02-26 00:00:00+00:00,26.157999,13.233334,0.43779168,East Kalimantan
2025-02-27 00:00:00+00:00,26.094805,2.3333333,0.43251392,East Kalimantan
2025-02-28 00:00:00+00:00,26.783691,18.466667,0.42980555,East Kalimantan
2025-03-01 00:00:00+00:00,25.66078,11.733334,0.42904162,East Kalimantan
2025-03-02 00:00:00+00:00,26.492027,12.366666,0.4285139,East Kalimantan
2025-03-03 00:00:00+00:00,26.590637,19.666668,0.42941675,East Kalimantan
2025-03-04 00:00:00+00:00,26.071192,17.433332,0.43847218,East Kalimantan
2025-03-05 00:00:00+00:00,26.003138,6.7999997,0.4467361,East Kalimantan
2025-03-06 00:00:00+00:00,26.211472,37.833332,0.45601392,East Kalimantan
2025-03-07 00:00:00+00:00,25.244108,13.533333,0.46558332,East Kalimantan
2025-03-08 00:00:00+00:00,25.009386,12.7,0.47080556,East Kalimantan
2025-03-09 00:00:00+00:00,26.185083,9.9,0.46916664,East Kalimantan
2025-03-10 00:00:00+00:00,26.376055,11.633334,0.4669861,East Kalimantan
2025-03-11 00:00:00+00:00,25.847586,5.133333,0.46684727,East Kalimantan
2025-03-12 00:00:00+00:00,26.139944,18.366667,0.46755555,East Kalimantan
2025-03-13 00:00:00+00:00,26.333694,13.333335,0.46672216,East Kalimantan
2025-03-14 00:00:00+00:00,27.007307,8.099999,0.46208337,East Kalimantan
2025-03-15 00:00:00+00:00,26.352446,18.566668,0.45825005,East Kalimantan
2025-03-16 00:00:00+00:00,26.011473,27.633333,0.46079168,East Kalimantan
2025-03-17 00:00:00+00:00,25.03647,13.100001,0.4674722,East Kalimantan
2025-03-18 00:00:00+00:00,26.174665,16.900002,0.46680558,East Kalimantan
2025-03-19 00:00:00+00:00,25.605219,25.166666,0.465875,East Kalimantan
2025-03-20 00:00:00+00:00,25.230917,7.7999997,0.4673195,East Kalimantan
2025-03-21 00:00:00+00:00,26.308695,7.533333,0.46434727,East Kalimantan
2025-03-22 00:00:00+00:00,25.878832,9.999999,0.4615973,East Kalimantan
2025-03-23 00:00:00+00:00,25.998276,8.066667,0.46062496,East Kalimantan
2025-03-24 00:00:00+00:00,26.662859,23.866667,0.45751393,East Kalimantan
2025-03-25 00:00:00+00:00,26.595499,4.866667,0.4579583,East Kalimantan
2025-03-26 00:00:00+00:00,26.755915,16.1,0.45402768,East Kalimantan
2025-03-27 00:00:00+00:00,26.817026,13.733334,0.45102772,East Kalimantan
2025-03-28 00:00:00+00:00,26.720499,11.633334,0.452,East Kalimantan
2025-03-29 00:00:00+00:00,25.851751,23.033335,0.4549167,East Kalimantan
2025-03-30 00:00:00+00:00,26.201752,9.166667,0.46290275,East Kalimantan
2025-03-31 00:00:00+00:00,26.498972,14.533334,0.46370837,East Kalimantan
2025-04-01 00:00:00+00:00,25.283693,16.833334,0.47262505,East Kalimantan
2025-04-02 00:00:00+00:00,25.611473,8.166667,0.47186115,East Kalimantan
2025-04-03 00:00:00+00:00,25.964945,28.033333,0.4724306,East Kalimantan
2025-04-04 00:00:00+00:00,25.446192,7.933334,0.45826396,East Kalimantan
2025-04-05 00:00:00+00:00,26.564943,11.466667,0.45419446,East Kalimantan
2025-04-06 00:00:00+00:00,24.939941,16.1,0.4553888,East Kalimantan
2025-04-07 00:00:00+00:00,26.856611,6.5333343,0.4520278,East Kalimantan
2025-04-08 00:00:00+00:00,26.097582,38.333332,0.45504165,East Kalimantan
2025-04-09 00:00:00+00:00,25.852442,20.533333,0.46484718,East Kalimantan
2025-04-10 00:00:00+00:00,26.012167,42.8,0.47298613,East Kalimantan
2025-04-11 00:00:00+00:00,25.346193,16.566668,0.48093057,East Kalimantan
2025-04-12 00:00:00+00:00,26.592722,16.599998,0.47962502,East Kalimantan
2025-04-13 00:00:00+00:00,25.784388,27.633331,0.47779164,East Kalimantan
2025-04-14 00:00:00+00:00,26.03161,15.233333,0.4747223,East Kalimantan
2025-04-15 00:00:00+00:00,25.82814,17.800001,0.4740416,East Kalimantan
2025-04-16 00:00:00+00:00,26.07328,32.766666,0.47065282,East Kalimantan
2025-04-17 00:00:00+00:00,26.395502,13.833333,0.47652784,East Kalimantan
2025-04-18 00:00:00+00:00,25.742027,5.066666,0.47390273,East Kalimantan
2025-04-19 00:00:00+00:00,26.167025,3.8999999,0.4662222,East Kalimantan
2025-04-20 00:00:00+00:00,27.162863,7.5000005,0.45901385,East Kalimantan
2025-04-21 00:00:00+00:00,26.39828,18.1,0.4542639,East Kalimantan
2025-04-22 00:00:00+00:00,25.878832,27.299997,0.45091674,East Kalimantan
2025-04-23 00:00:00+00:00,26.019112,18.066668,0.45115277,East Kalimantan
2025-04-24 00:00:00+00:00,25.5455,18.833334,0.4542084,East Kalimantan
2025-04-25 00:00:00+00:00,25.707306,12.5,0.45827782,East Kalimantan
2025-04-26 00:00:00+00:00,25.583,17.166666,0.46086112,East Kalimantan
2025-04-27 00:00:00+00:00,26.446886,16.699999,0.45781943,East Kalimantan
2025-04-28 00:00:00+00:00,25.71911,11.400001,0.46515277,East Kalimantan
2025-04-29 00:00:00+00:00,25.164246,30.433334,0.47325,East Kalimantan
2025-04-30 00:00:00+00:00,25.898277,18.133333,0.47588888,East Kalimantan
2025-05-01 00:00:00+00:00,26.428139,22.333334,0.4763472,East Kalimantan
2025-05-02 00:00:00+00:00,25.463556,16.1,0.47275004,East Kalimantan
2025-05-03 00:00:00+00:00,26.86703,20.633331,0.4642639,East Kalimantan
2025-05-04 00:00:00+00:00,27.486471,19.166666,0.45709717,East Kalimantan
2025-05-05 00:00:00+00:00,26.952444,5.2000003,0.45529175,East Kalimantan
2025-05-06 00:00:00+00:00,26.455223,20.233334,0.4531944,East Kalimantan
2025-05-07 00:00:00+00:00,26.958694,1.0333333,0.4526806,East Kalimantan
2025-05-08 00:00:00+00:00,27.211472,14.466667,0.44779167,East Kalimantan
2025-05-09 00:00:00+00:00,26.383692,23.666666,0.44022235,East Kalimantan
2025-05-10 00:00:00+00:00,26.232306,12.399999,0.43569443,East Kalimantan
2025-05-11 00:00:00+00:00,26.392029,27.566666,0.43540278,East Kalimantan
2025-05-12 00:00:00+00:00,25.64897,17.000002,0.4419166,East Kalimantan
2025-05-13 00:00:00+00:00,26.867027,16.766668,0.4388888,East Kalimantan
2025-05-14 00:00:00+00:00,25.966337,10.833333,0.4412916,East Kalimantan
2025-05-15 00:00:00+00:00,26.54064,5.433334,0.448486,East Kalimantan
2025-05-16 00:00:00+00:00,26.563553,17.766665,0.45023608,East Kalimantan
2025-05-17 00:00:00+00:00,26.126053,17.233334,0.46129164,East Kalimantan
2025-05-18 00:00:00+00:00,26.54133,6.766667,0.4738195,East Kalimantan
2025-05-19 00:00:00+00:00,26.257998,15.0666685,0.4735972,East Kalimantan
2025-05-20 00:00:00+00:00,25.803833,20.266666,0.476125,East Kalimantan
2025-05-21 00:00:00+00:00,25.71842,18.000002,0.47688887,East Kalimantan
2025-05-22 00:00:00+00:00,26.348974,17.166668,0.47602773,East Kalimantan
2025-05-23 00:00:00+00:00,26.380915,8.366668,0.4745556,East Kalimantan
2025-05-24 00:00:00+00:00,26.77397,5.2000003,0.47302783,East Kalimantan
2025-05-25 00:00:00+00:00,26.830917,9.733335,0.47252783,East Kalimantan
2025-05-26 00:00:00+00:00,27.203833,31.833334,0.47158337,East Kalimantan
2025-05-27 00:00:00+00:00,24.88439,15.399999,0.48105565,East Kalimantan
2025-05-28 00:00:00+00:00,27.657305,1.3000001,0.48047224,East Kalimantan
2025-05-29 00:00:00+00:00,27.267029,4.2000003,0.47658333,East Kalimantan
2025-05-30 00:00:00+00:00,26.798971,11.833333,0.47231945,East Kalimantan
2025-05-31 00:00:00+00:00,26.017721,28.433334,0.47362503,East Kalimantan
2025-06-01 00:00:00+00:00,24.89411,12.599998,0.47784722,East Kalimantan
2025-06-02 00:00:00+00:00,25.378836,6.933335,0.47868052,East Kalimantan
2025-06-03 00:00:00+00:00,25.930222,4.933334,0.47684717,East Kalimantan
2025-06-04 00:00:00+00:00,26.392721,4.7999997,0.47394451,East Kalimantan
2025-06-05 00:00:00+00:00,26.118418,17.9,0.47034726,East Kalimantan
2025-06-06 00:00:00+00:00,26.993418,10.966667,0.466125,East Kalimantan
2025-06-07 00:00:00+00:00,25.86286,4.1666665,0.46316662,East Kalimantan
2025-06-08 00:00:00+00:00,26.198278,11.133334,0.4590695,East Kalimantan
2025-06-09 00:00:00+00:00,26.879524,6.7000003,0.4547361,East Kalimantan
2025-06-10 00:00:00+00:00,26.36911,9.9,0.4503611,East Kalimantan
2025-06-11 00:00:00+00:00,26.085777,6.3666663,0.4463472,East Kalimantan
2025-06-12 00:00:00+00:00,26.242722,6.6666665,0.44334722,East Kalimantan
2025-06-13 00:00:00+00:00,26.850363,8.233333,0.4400277,East Kalimantan
2025-06-14 00:00:00+00:00,25.86286,13.333333,0.4369028,East Kalimantan
2025-06-15 00:00:00+00:00,25.639946,8.366668,0.4346945,East Kalimantan
2025-06-16 00:00:00+00:00,26.123278,5.3333335,0.43238887,East Kalimantan
2025-06-17 00:00:00+00:00,26.772583,3.6666663,0.42961112,East Kalimantan
2025-06-18 00:00:00+00:00,25.454529,18.833332,0.42743048,East Kalimantan
2025-06-19 00:00:00+00:00,25.063555,19.933336,0.42754173,East Kalimantan
2025-06-20 00:00:00+00:00,25.55175,3.7,0.43752775,East Kalimantan
2025-06-21 00:00:00+00:00,26.127443,3.3666668,0.43909726,East Kalimantan
2025-06-22 00:00:00+00:00,25.530222,2.9333334,0.43886113,East Kalimantan
2025-06-23 00:00:00+00:00,26.253138,6.6666665,0.44009724,East Kalimantan
2025-06-24 00:00:00+00:00,25.952444,3.5666666,0.44426394,East Kalimantan
2025-06-25 00:00:00+00:00,25.763556,15.933334,0.44763896,East Kalimantan
2025-06-26 00:00:00+00:00,25.602442,7.8666673,0.45138884,East Kalimantan
2025-06-27 00:00:00+00:00,26.661474,7.133333,0.44984722,East Kalimantan
2025-06-28 00:00:00+00:00,25.83161,24.366669,0.4484028,East Kalimantan
2025-06-29 00:00:00+00:00,26.128836,7.6,0.4463056,East Kalimantan
2025-06-30 00:00:00+00:00,25.336472,6.4,0.44902778,East Kalimantan
2025-07-01 00:00:00+00:00,27.323969,0.0,0.4491806,East Kalimantan
2025-07-02 00:00:00+00:00,26.210775,5.3333335,0.44656944,East Kalimantan
2025-07-03 00:00:00+00:00,26.924667,12.2,0.4443055,East Kalimantan
2025-07-04 00:00:00+00:00,25.898277,14.0,0.443,East Kalimantan
2025-07-05 00:00:00+00:00,25.771194,1.9,0.44593048,East Kalimantan
2025-07-06 00:00:00+00:00,25.822584,29.566666,0.44956946,East Kalimantan
2025-07-07 00:00:00+00:00,25.060778,11.099999,0.45884725,East Kalimantan
2025-07-08 00:00:00+00:00,25.81217,0.13333334,0.45966673,East Kalimantan
2025-07-09 00:00:00+00:00,26.378138,4.766667,0.45827773,East Kalimantan
2025-07-10 00:00:00+00:00,25.27814,12.833333,0.45976385,East Kalimantan
2025-07-11 00:00:00+00:00,25.823278,8.266666,0.46086112,East Kalimantan
2025-07-12 00:00:00+00:00,25.707306,6.933333,0.45997217,East Kalimantan
2025-07-13 00:00:00+00:00,26.602442,3.0666668,0.45895842,East Kalimantan
2025-07-14 00:00:00+00:00,26.194807,14.0,0.45672226,East Kalimantan
2025-07-15 00:00:00+00:00,25.488556,3.1000001,0.45387498,East Kalimantan
2025-07-16 00:00:00+00:00,25.517029,14.466667,0.45211112,East Kalimantan
2025-07-17 00:00:00+00:00,24.723276,9.833333,0.4548472,East Kalimantan
2025-07-18 00:00:00+00:00,26.099665,0.33333337,0.45615277,East Kalimantan
2025-07-19 00:00:00+00:00,25.566336,1.3666667,0.4545833,East Kalimantan
2025-07-20 00:00:00+00:00,26.165636,0.4,0.45138893,East Kalimantan
2025-07-21 00:00:00+00:00,26.521194,1.0666667,0.4480001,East Kalimantan
2025-07-22 00:00:00+00:00,27.102446,0.4333333,0.4444027,East Kalimantan
2025-07-23 00:00:00+00:00,27.46911,0.6666667,0.44095835,East Kalimantan
2025-07-24 00:00:00+00:00,27.334387,7.066667,0.43723607,East Kalimantan
2025-07-25 00:00:00+00:00,26.936472,4.5666666,0.43394446,East Kalimantan
2025-07-26 00:00:00+00:00,27.303139,11.566667,0.4302361,East Kalimantan
2025-07-27 00:00:00+00:00,27.139944,0.53333336,0.42686114,East Kalimantan
2025-07-28 00:00:00+00:00,27.254526,0.5,0.42305562,East Kalimantan
2025-07-29 00:00:00+00:00,27.021194,0.4,0.41943064,East Kalimantan
2025-07-30 00:00:00+00:00,27.450363,0.33333334,0.4160277,East Kalimantan
2025-07-31 00:00:00+00:00,26.858696,2.6000001,0.41327778,East Kalimantan
2025-01-01 00:00:00+00:00,26.43192,3.1499999,0.3169479,West Kalimantan
2025-01-02 00:00:00+00:00,26.392855,9.775001,0.31553125,West Kalimantan
2025-01-03 00:00:00+00:00,26.40171,13.450001,0.31416667,West Kalimantan
2025-01-04 00:00:00+00:00,25.134,14.200001,0.31321877,West Kalimantan
2025-01-05 00:00:00+00:00,25.3465,12.325001,0.31229168,West Kalimantan
2025-01-06 00:00:00+00:00,25.774103,9.150001,0.31172916,West Kalimantan
2025-01-07 00:00:00+00:00,24.943375,15.525,0.31304163,West Kalimantan
2025-01-08 00:00:00+00:00,25.364208,14.5,0.32026047,West Kalimantan
2025-01-09 00:00:00+00:00,25.117332,20.9,0.33461457,West Kalimantan
2025-01-10 00:00:00+00:00,25.463688,27.449999,0.34452087,West Kalimantan
2025-01-11 00:00:00+00:00,25.345457,22.175001,0.3499583,West Kalimantan
2025-01-12 00:00:00+00:00,25.5965,6.1249995,0.35495827,West Kalimantan
2025-01-13 00:00:00+00:00,25.144417,16.825,0.35726044,West Kalimantan
2025-01-14 00:00:00+00:00,25.127228,2.8249998,0.36012504,West Kalimantan
2025-01-15 00:00:00+00:00,25.257439,24.25,0.36086458,West Kalimantan
2025-01-16 00:00:00+00:00,25.24702,6.4750004,0.36162502,West Kalimantan
2025-01-17 00:00:00+00:00,26.685564,0.925,0.35941666,West Kalimantan
2025-01-18 00:00:00+00:00,25.594416,36.475,0.35471877,West Kalimantan
2025-01-19 00:00:00+00:00,24.328793,14.800001,0.3655208,West Kalimantan
2025-01-20 00:00:00+00:00,25.521502,28.949999,0.37137505,West Kalimantan
2025-01-21 00:00:00+00:00,25.243376,32.45,0.38515624,West Kalimantan
2025-01-22 00:00:00+00:00,25.173582,37.175,0.38258332,West Kalimantan
2025-01-23 00:00:00+00:00,25.130356,10.85,0.37838542,West Kalimantan
2025-01-24 00:00:00+00:00,25.704311,23.85,0.37681252,West Kalimantan
2025-01-25 00:00:00+00:00,25.591812,15.425001,0.37307292,West Kalimantan
2025-01-26 00:00:00+00:00,24.43348,25.5,0.37559372,West Kalimantan
2025-01-27 00:00:00+00:00,24.866293,35.899998,0.38171872,West Kalimantan
2025-01-28 00:00:00+00:00,24.379314,23.625002,0.38591665,West Kalimantan
2025-01-29 00:00:00+00:00,23.991814,10.5,0.38421875,West Kalimantan
2025-01-30 00:00:00+00:00,24.35796,14.975001,0.3795625,West Kalimantan
2025-01-31 00:00:00+00:00,24.180355,17.025,0.37379164,West Kalimantan
2025-02-01 00:00:00+00:00,24.18348,3.2499998,0.36755207,West Kalimantan
2025-02-02 00:00:00+00:00,25.981918,5.3250003,0.35603124,West Kalimantan
2025-02-03 00:00:00+00:00,25.55848,10.375,0.34301043,West Kalimantan
2025-02-04 00:00:00+00:00,25.13504,10.05,0.33087498,West Kalimantan
2025-02-05 00:00:00+00:00,24.979311,17.625,0.3249479,West Kalimantan
2025-02-06 00:00:00+00:00,25.260561,10.150001,0.32110414,West Kalimantan
2025-02-07 00:00:00+00:00,26.091814,3.725,0.31205207,West Kalimantan
2025-02-08 00:00:00+00:00,26.267332,1.85,0.30175,West Kalimantan
2025-02-09 00:00:00+00:00,25.905874,5.15,0.2919271,West Kalimantan
2025-02-10 00:00:00+00:00,26.434,1.8,0.28258333,West Kalimantan
2025-02-11 00:00:00+00:00,26.22202,0.95000005,0.27572918,West Kalimantan
2025-02-12 00:00:00+00:00,26.549107,0.52500004,0.26872918,West Kalimantan
2025-02-13 00:00:00+00:00,26.920979,0.2,0.26272917,West Kalimantan
2025-02-14 00:00:00+00:00,26.842333,0.925,0.2566354,West Kalimantan
2025-02-15 00:00:00+00:00,26.686083,1.45,0.24876045,West Kalimantan
2025-02-16 00:00:00+00:00,26.469418,3.525,0.24040626,West Kalimantan
2025-02-17 00:00:00+00:00,26.212124,2.225,0.23341665,West Kalimantan
2025-02-18 00:00:00+00:00,26.070457,2.3,0.22797914,West Kalimantan
2025-02-19 00:00:00+00:00,25.749624,8.1,0.22430208,West Kalimantan
2025-02-20 00:00:00+00:00,26.046501,2.95,0.22131252,West Kalimantan
2025-02-21 00:00:00+00:00,25.466812,17.0,0.21829167,West Kalimantan
2025-02-22 00:00:00+00:00,26.41056,8.3,0.21687499,West Kalimantan
2025-02-23 00:00:00+00:00,25.681917,17.95,0.21575,West Kalimantan
2025-02-24 00:00:00+00:00,25.889206,4.8,0.21349998,West Kalimantan
2025-02-25 00:00:00+00:00,24.993374,22.050001,0.21102086,West Kalimantan
2025-02-26 00:00:00+00:00,25.324104,8.675,0.21243747,West Kalimantan
2025-02-27 00:00:00+00:00,25.753271,26.950003,0.21479167,West Kalimantan
2025-02-28 00:00:00+00:00,25.122023,9.8,0.22258331,West Kalimantan
2025-03-01 00:00:00+00:00,25.8814,9.35,0.22757292,West Kalimantan
2025-03-02 00:00:00+00:00,25.393373,11.425001,0.23661457,West Kalimantan
2025-03-03 00:00:00+00:00,25.36994,16.675001,0.2443646,West Kalimantan
2025-03-04 00:00:00+00:00,25.325668,11.0,0.2509375,West Kalimantan
2025-03-05 00:00:00+00:00,26.24077,7.3,0.25947914,West Kalimantan
2025-03-06 00:00:00+00:00,25.922022,31.100002,0.26522914,West Kalimantan
2025-03-07 00:00:00+00:00,23.8965,40.1,0.29464582,West Kalimantan
2025-03-08 00:00:00+00:00,26.394938,1.35,0.29523954,West Kalimantan
2025-03-09 00:00:00+00:00,26.140247,20.100002,0.29702082,West Kalimantan
2025-03-10 00:00:00+00:00,25.689207,2.65,0.3081146,West Kalimantan
2025-03-11 00:00:00+00:00,26.98296,11.05,0.3117917,West Kalimantan
2025-03-12 00:00:00+00:00,25.167856,26.325,0.3225104,West Kalimantan
2025-03-13 00:00:00+00:00,25.9965,15.625,0.32995832,West Kalimantan
2025-03-14 00:00:00+00:00,25.748064,30.425001,0.3380521,West Kalimantan
2025-03-15 00:00:00+00:00,25.506397,4.1249995,0.34852085,West Kalimantan
2025-03-16 00:00:00+00:00,26.02775,11.425,0.34933332,West Kalimantan
2025-03-17 00:00:00+00:00,25.961605,7.4249997,0.34929165,West Kalimantan
2025-03-18 00:00:00+00:00,25.683998,19.225002,0.34894794,West Kalimantan
2025-03-19 00:00:00+00:00,25.11525,45.625,0.3516146,West Kalimantan
2025-03-20 00:00:00+00:00,24.793375,16.75,0.37004164,West Kalimantan
2025-03-21 00:00:00+00:00,25.729836,2.475,0.37106252,West Kalimantan
2025-03-22 00:00:00+00:00,26.065248,7.4500003,0.36526045,West Kalimantan
2025-03-23 00:00:00+00:00,26.290771,5.2999997,0.3583021,West Kalimantan
2025-03-24 00:00:00+00:00,26.333479,3.85,0.35543752,West Kalimantan
2025-03-25 00:00:00+00:00,27.05692,0.57500005,0.34925,West Kalimantan
2025-03-26 00:00:00+00:00,27.441292,0.525,0.34421876,West Kalimantan
2025-03-27 00:00:00+00:00,27.79754,0.1,0.3383125,West Kalimantan
2025-03-28 00:00:00+00:00,27.577751,0.6,0.33341667,West Kalimantan
2025-03-29 00:00:00+00:00,26.214731,20.225002,0.32964584,West Kalimantan
2025-03-30 00:00:00+00:00,26.37098,15.424999,0.32507288,West Kalimantan
2025-03-31 00:00:00+00:00,26.097542,19.85,0.32334378,West Kalimantan
2025-04-01 00:00:00+00:00,25.578274,11.175001,0.3255937,West Kalimantan
2025-04-02 00:00:00+00:00,26.262646,7.85,0.3253645,West Kalimantan
2025-04-03 00:00:00+00:00,26.101711,8.799999,0.32373953,West Kalimantan
2025-04-04 00:00:00+00:00,25.919415,12.425,0.3221875,West Kalimantan
2025-04-05 00:00:00+00:00,25.932438,20.600002,0.3231146,West Kalimantan
2025-04-06 00:00:00+00:00,25.637125,15.775002,0.3307812,West Kalimantan
2025-04-07 00:00:00+00:00,25.99077,14.425,0.33666667,West Kalimantan
2025-04-08 00:00:00+00:00,25.026709,10.175,0.34333333,West Kalimantan
2025-04-09 00:00:00+00:00,25.977228,4.8750005,0.34459376,West Kalimantan
2025-04-10 00:00:00+00:00,26.328274,16.325,0.34227076,West Kalimantan
2025-04-11 00:00:00+00:00,26.341291,3.875,0.34196874,West Kalimantan
2025-04-12 00:00:00+00:00,26.480877,8.7,0.3418021,West Kalimantan
2025-04-13 00:00:00+00:00,25.808998,15.450001,0.3413333,West Kalimantan
2025-04-14 00:00:00+00:00,24.90275,13.850001,0.34551042,West Kalimantan
2025-04-15 00:00:00+00:00,26.684002,0.725,0.34888536,West Kalimantan
2025-04-16 00:00:00+00:00,26.752228,13.700002,0.34668756,West Kalimantan
2025-04-17 00:00:00+00:00,25.303791,9.85,0.34767708,West Kalimantan
2025-04-18 00:00:00+00:00,26.33348,2.4500003,0.34913543,West Kalimantan
2025-04-19 00:00:00+00:00,26.834,5.925,0.34682286,West Kalimantan
2025-04-20 00:00:00+00:00,25.879313,17.175,0.34502083,West Kalimantan
2025-04-21 00:00:00+00:00,25.612125,14.525001,0.3453542,West Kalimantan
2025-04-22 00:00:00+00:00,26.202229,8.125,0.34871873,West Kalimantan
2025-04-23 00:00:00+00:00,26.053272,13.125,0.34757292,West Kalimantan
2025-04-24 00:00:00+00:00,25.142853,6.95,0.34888536,West Kalimantan
2025-04-25 00:00:00+00:00,26.504835,10.2,0.34721875,West Kalimantan
2025-04-26 00:00:00+00:00,26.561605,5.1,0.34376037,West Kalimantan
2025-04-27 00:00:00+00:00,26.281916,4.475,0.33756256,West Kalimantan
2025-04-28 00:00:00+00:00,26.222542,6.575,0.33033332,West Kalimantan
2025-04-29 00:00:00+00:00,25.72306,10.575,0.32409376,West Kalimantan
2025-04-30 00:00:00+00:00,26.517855,5.425,0.31904167,West Kalimantan
2025-05-01 00:00:00+00:00,26.720978,11.15,0.31320834,West Kalimantan
2025-05-02 00:00:00+00:00,26.437645,2.025,0.30820838,West Kalimantan
2025-05-03 00:00:00+00:00,26.961605,5.05,0.3029896,West Kalimantan
2025-05-04 00:00:00+00:00,26.954836,4.025,0.2972708,West Kalimantan
2025-05-05 00:00:00+00:00,26.998585,1.5,0.29256248,West Kalimantan
2025-05-06 00:00:00+00:00,27.083479,1.825,0.28910416,West Kalimantan
2025-05-07 00:00:00+00:00,27.743896,4.85,0.28423962,West Kalimantan
2025-05-08 00:00:00+00:00,27.260563,3.5749998,0.27732292,West Kalimantan
2025-05-09 00:00:00+00:00,26.504314,6.7249994,0.2716771,West Kalimantan
2025-05-10 00:00:00+00:00,26.947025,5.375,0.26565626,West Kalimantan
2025-05-11 00:00:00+00:00,26.437126,13.05,0.26530206,West Kalimantan
2025-05-12 00:00:00+00:00,27.094416,1.075,0.26618752,West Kalimantan
2025-05-13 00:00:00+00:00,26.967854,6.525,0.26472914,West Kalimantan
2025-05-14 00:00:00+00:00,26.274624,7.475,0.26420835,West Kalimantan
2025-05-15 00:00:00+00:00,26.445978,11.925,0.26415625,West Kalimantan
2025-05-16 00:00:00+00:00,26.73973,25.775002,0.26411462,West Kalimantan
2025-05-17 00:00:00+00:00,26.042854,7.425,0.26907292,West Kalimantan
2025-05-18 00:00:00+00:00,26.8715,17.825,0.27177086,West Kalimantan
2025-05-19 00:00:00+00:00,26.511086,18.475,0.27285418,West Kalimantan
2025-05-20 00:00:00+00:00,27.10796,0.475,0.27390626,West Kalimantan
2025-05-21 00:00:00+00:00,27.531918,2.625,0.27170828,West Kalimantan
2025-05-22 00:00:00+00:00,26.666813,7.0000005,0.2682708,West Kalimantan
2025-05-23 00:00:00+00:00,26.307438,7.8500004,0.26647916,West Kalimantan
2025-05-24 00:00:00+00:00,27.544939,0.75,0.2645625,West Kalimantan
2025-05-25 00:00:00+00:00,27.999624,6.65,0.26165625,West Kalimantan
2025-05-26 00:00:00+00:00,27.077229,6.975,0.2593646,West Kalimantan
2025-05-27 00:00:00+00:00,27.181917,1.7750001,0.25751045,West Kalimantan
2025-05-28 00:00:00+00:00,27.169939,0.55,0.25485414,West Kalimantan
2025-05-29 00:00:00+00:00,27.156395,11.5,0.25314584,West Kalimantan
2025-05-30 00:00:00+00:00,26.468897,8.6,0.25191665,West Kalimantan
2025-05-31 00:00:00+00:00,25.978271,1.425,0.25148955,West Kalimantan
2025-06-01 00:00:00+00:00,25.173584,14.900001,0.2512396,West Kalimantan
2025-06-02 00:00:00+00:00,26.194418,0.35,0.25134376,West Kalimantan
2025-06-03 00:00:00+00:00,26.584522,6.825,0.25129166,West Kalimantan
2025-06-04 00:00:00+00:00,27.09077,1.2749999,0.25120836,West Kalimantan
2025-06-05 00:00:00+00:00,27.219936,6.175,0.2506875,West Kalimantan
2025-06-06 00:00:00+00:00,26.29598,13.124999,0.24947914,West Kalimantan
2025-06-07 00:00:00+00:00,26.216812,3.125,0.24986461,West Kalimantan
2025-06-08 00:00:00+00:00,27.40171,0.1,0.24919787,West Kalimantan
2025-06-09 00:00:00+00:00,27.153791,2.9,0.24717708,West Kalimantan
2025-06-10 00:00:00+00:00,26.826187,19.05,0.24391669,West Kalimantan
2025-06-11 00:00:00+00:00,26.83556,0.5,0.24166664,West Kalimantan
2025-06-12 00:00:00+00:00,27.87202,0.125,0.24023964,West Kalimantan
2025-06-13 00:00:00+00:00,26.638689,15.0,0.23866665,West Kalimantan
2025-06-14 00:00:00+00:00,27.2465,4.225,0.23597914,West Kalimantan
2025-06-15 00:00:00+00:00,27.304314,4.2,0.23379165,West Kalimantan
2025-06-16 00:00:00+00:00,25.736605,15.85,0.23266667,West Kalimantan
2025-06-17 00:00:00+00:00,26.234522,6.2000003,0.23206249,West Kalimantan
2025-06-18 00:00:00+00:00,24.98296,38.0,0.23275,West Kalimantan
2025-06-19 00:00:00+00:00,23.823061,19.3,0.25390625,West Kalimantan
2025-06-20 00:00:00+00:00,25.685562,0.92499995,0.26043755,West Kalimantan
2025-06-21 00:00:00+00:00,26.972542,2.2749999,0.26017714,West Kalimantan
2025-06-22 00:00:00+00:00,26.680874,0.2,0.25847915,West Kalimantan
2025-06-23 00:00:00+00:00,27.292336,4.4500003,0.25638542,West Kalimantan
2025-06-24 00:00:00+00:00,26.802752,0.725,0.2545521,West Kalimantan
2025-06-25 00:00:00+00:00,27.058477,0.025,0.2528229,West Kalimantan
2025-06-26 00:00:00+00:00,27.437126,0.35000002,0.2510938,West Kalimantan
2025-06-27 00:00:00+00:00,25.68973,18.400002,0.24829164,West Kalimantan
2025-06-28 00:00:00+00:00,24.956915,1.975,0.24659374,West Kalimantan
2025-06-29 00:00:00+00:00,26.225668,4.175,0.24343748,West Kalimantan
2025-06-30 00:00:00+00:00,26.037128,0.05,0.24040622,West Kalimantan
2025-07-01 00:00:00+00:00,27.629833,0.2,0.23765627,West Kalimantan
2025-07-02 00:00:00+00:00,27.191294,2.775,0.2351771,West Kalimantan
2025-07-03 00:00:00+00:00,26.337646,3.725,0.2326771,West Kalimantan
2025-07-04 00:00:00+00:00,26.809519,1.1,0.23019788,West Kalimantan
2025-07-05 00:00:00+00:00,26.145458,8.975,0.22713545,West Kalimantan
2025-07-06 00:00:00+00:00,27.131397,0.70000005,0.22359374,West Kalimantan
2025-07-07 00:00:00+00:00,24.823065,5.025,0.22243749,West Kalimantan
2025-07-08 00:00:00+00:00,26.762646,0.975,0.22065629,West Kalimantan
2025-07-09 00:00:00+00:00,26.15848,11.175,0.21761453,West Kalimantan
2025-07-10 00:00:00+00:00,26.301708,0.8000001,0.2156875,West Kalimantan
2025-07-11 00:00:00+00:00,27.181398,0.025,0.21426041,West Kalimantan
2025-07-12 00:00:00+00:00,26.900667,1.0250001,0.21189584,West Kalimantan
2025-07-13 00:00:00+00:00,26.779312,16.75,0.2089271,West Kalimantan
2025-07-14 00:00:00+00:00,25.85275,2.0500002,0.2105104,West Kalimantan
2025-07-15 00:00:00+00:00,26.413168,4.575,0.21324998,West Kalimantan
2025-07-16 00:00:00+00:00,25.984001,9.85,0.21592706,West Kalimantan
2025-07-17 00:00:00+00:00,25.674107,11.349999,0.21934374,West Kalimantan
2025-07-18 00:00:00+00:00,25.999105,1.0500001,0.22120832,West Kalimantan
2025-07-19 00:00:00+00:00,26.613167,0.35000002,0.22231251,West Kalimantan
2025-07-20 00:00:00+00:00,26.79025,0.05,0.222,West Kalimantan
2025-07-21 00:00:00+00:00,26.874626,0.225,0.22103125,West Kalimantan
2025-07-22 00:00:00+00:00,27.16473,0.075,0.2208229,West Kalimantan
2025-07-23 00:00:00+00:00,27.938166,0.075,0.21933335,West Kalimantan
2025-07-24 00:00:00+00:00,28.003271,0.725,0.2176979,West Kalimantan
2025-07-25 00:00:00+00:00,27.627232,1.675,0.21656246,West Kalimantan
2025-07-26 00:00:00+00:00,28.010563,2.725,0.21473958,West Kalimantan
2025-07-27 00:00:00+00:00,26.991814,5.8,0.21323958,West Kalimantan
2025-07-28 00:00:00+00:00,28.241814,0.05,0.21163546,West Kalimantan
2025-07-29 00:00:00+00:00,28.555355,0.0,0.21016665,West Kalimantan
2025-07-30 00:00:00+00:00,28.515772,2.525,0.20936455,West Kalimantan
2025-07-31 00:00:00+00:00,27.837646,1.0,0.2066979,West Kalimantan
2025-01-01 00:00:00+00:00,25.559866,10.533334,0.42062506,Jambi
2025-01-02 00:00:00+00:00,25.84875,10.466666,0.42234728,Jambi
2025-01-03 00:00:00+00:00,25.643194,8.0,0.4230834,Jambi
2025-01-04 00:00:00+00:00,25.673058,14.900002,0.42361113,Jambi
2025-01-05 00:00:00+00:00,25.345972,16.9,0.4275833,Jambi
2025-01-06 00:00:00+00:00,24.939028,24.266668,0.4403889,Jambi
2025-01-07 00:00:00+00:00,25.17861,9.099999,0.45333338,Jambi
2025-01-08 00:00:00+00:00,25.830694,17.666666,0.45501387,Jambi
2025-01-09 00:00:00+00:00,25.457777,12.366666,0.4559861,Jambi
2025-01-10 00:00:00+00:00,25.59597,3.3999999,0.45294443,Jambi
2025-01-11 00:00:00+00:00,25.227224,1.7333335,0.44795835,Jambi
2025-01-12 00:00:00+00:00,24.291113,38.899994,0.45044446,Jambi
2025-01-13 00:00:00+00:00,25.311249,1.3333333,0.45819446,Jambi
2025-01-14 00:00:00+00:00,25.06611,24.066668,0.46006945,Jambi
2025-01-15 00:00:00+00:00,24.571665,10.566666,0.46862498,Jambi
2025-01-16 00:00:00+00:00,25.123749,21.533335,0.4702083,Jambi
2025-01-17 00:00:00+00:00,24.393194,24.200003,0.47391668,Jambi
2025-01-18 00:00:00+00:00,23.784164,33.966663,0.48413885,Jambi
2025-01-19 00:00:00+00:00,24.632776,12.900002,0.4799722,Jambi
2025-01-20 00:00:00+00:00,25.125832,3.9666665,0.47318053,Jambi
2025-01-21 00:00:00+00:00,25.505,3.4000003,0.4674306,Jambi
2025-01-22 00:00:00+00:00,24.993195,1.566667,0.4615138,Jambi
2025-01-23 00:00:00+00:00,25.882776,10.566667,0.4570695,Jambi
2025-01-24 00:00:00+00:00,25.579306,28.866667,0.46043053,Jambi
2025-01-25 00:00:00+00:00,24.925829,22.366667,0.4676944,Jambi
2025-01-26 00:00:00+00:00,25.765417,10.833333,0.46712494,Jambi
2025-01-27 00:00:00+00:00,24.652222,22.900002,0.46873608,Jambi
2025-01-28 00:00:00+00:00,24.037638,19.866667,0.48384723,Jambi
2025-01-29 00:00:00+00:00,24.438334,9.833334,0.48219442,Jambi
2025-01-30 00:00:00+00:00,25.279999,0.8,0.48000002,Jambi
2025-01-31 00:00:00+00:00,25.975836,1.1,0.47430554,Jambi
2025-02-01 00:00:00+00:00,26.048056,2.1,0.46575,Jambi
2025-02-02 00:00:00+00:00,26.555002,7.6666665,0.4568472,Jambi
2025-02-03 00:00:00+00:00,25.775833,7.266667,0.44922218,Jambi
2025-02-04 00:00:00+00:00,25.736252,7.333334,0.441125,Jambi
2025-02-05 00:00:00+00:00,25.101526,6.6000004,0.43663892,Jambi
2025-02-06 00:00:00+00:00,26.020277,2.4999998,0.42997226,Jambi
2025-02-07 00:00:00+00:00,26.234167,4.1333327,0.4236389,Jambi
2025-02-08 00:00:00+00:00,26.300138,3.8666666,0.41679168,Jambi
2025-02-09 00:00:00+00:00,25.902918,5.8333325,0.41298616,Jambi
2025-02-10 00:00:00+00:00,26.320276,0.6333334,0.40950003,Jambi
2025-02-11 00:00:00+00:00,26.677916,0.4666667,0.40631947,Jambi
2025-02-12 00:00:00+00:00,26.677916,3.7,0.4031111,Jambi
2025-02-13 00:00:00+00:00,26.173056,24.300001,0.40051386,Jambi
2025-02-14 00:00:00+00:00,25.49736,20.1,0.39923617,Jambi
2025-02-15 00:00:00+00:00,25.507776,19.300001,0.3984861,Jambi
2025-02-16 00:00:00+00:00,25.174444,6.866667,0.39887497,Jambi
2025-02-17 00:00:00+00:00,26.40639,12.466666,0.39936113,Jambi
2025-02-18 00:00:00+00:00,25.078611,17.5,0.4099722,Jambi
2025-02-19 00:00:00+00:00,24.63486,5.7666664,0.4271389,Jambi
2025-02-20 00:00:00+00:00,25.469584,19.766668,0.43065277,Jambi
2025-02-21 00:00:00+00:00,25.434166,10.733334,0.43613887,Jambi
2025-02-22 00:00:00+00:00,24.977224,16.2,0.4374722,Jambi
2025-02-23 00:00:00+00:00,25.027914,13.100001,0.44034728,Jambi
2025-02-24 00:00:00+00:00,25.158472,19.46667,0.4469444,Jambi
2025-02-25 00:00:00+00:00,24.608473,11.299999,0.45934725,Jambi
2025-02-26 00:00:00+00:00,25.004303,22.300001,0.4645555,Jambi
2025-02-27 00:00:00+00:00,24.67375,14.666668,0.47152779,Jambi
2025-02-28 00:00:00+00:00,25.427223,16.433334,0.4734722,Jambi
2025-03-01 00:00:00+00:00,25.62236,16.233335,0.47395837,Jambi
2025-03-02 00:00:00+00:00,25.733473,17.366667,0.46979174,Jambi
2025-03-03 00:00:00+00:00,26.396666,10.033333,0.46876392,Jambi
2025-03-04 00:00:00+00:00,25.465416,22.966667,0.46845832,Jambi
2025-03-05 00:00:00+00:00,25.609167,39.3,0.47069442,Jambi
2025-03-06 00:00:00+00:00,26.214722,5.8333335,0.47537503,Jambi
2025-03-07 00:00:00+00:00,26.936943,1.6666666,0.47095838,Jambi
2025-03-08 00:00:00+00:00,25.300138,50.999996,0.46890274,Jambi
2025-03-09 00:00:00+00:00,24.874445,8.866667,0.48409724,Jambi
2025-03-10 00:00:00+00:00,25.673056,7.6000004,0.4804305,Jambi
2025-03-11 00:00:00+00:00,25.509165,21.900003,0.4751806,Jambi
2025-03-12 00:00:00+00:00,25.698751,14.966667,0.47361112,Jambi
2025-03-13 00:00:00+00:00,25.729303,21.566666,0.4679722,Jambi
2025-03-14 00:00:00+00:00,25.13,18.7,0.46320835,Jambi
2025-03-15 00:00:00+00:00,26.111244,9.599999,0.4597083,Jambi
2025-03-16 00:00:00+00:00,25.880692,16.166668,0.45288888,Jambi
2025-03-17 00:00:00+00:00,24.875834,7.7000003,0.44802776,Jambi
2025-03-18 00:00:00+00:00,26.327223,2.2666667,0.44486108,Jambi
2025-03-19 00:00:00+00:00,23.602219,19.466665,0.44334725,Jambi
2025-03-20 00:00:00+00:00,24.054306,3.6333332,0.4481945,Jambi
2025-03-21 00:00:00+00:00,24.881388,19.333334,0.4488472,Jambi
2025-03-22 00:00:00+00:00,24.807777,23.866667,0.44931936,Jambi
2025-03-23 00:00:00+00:00,25.13833,15.966667,0.45161107,Jambi
2025-03-24 00:00:00+00:00,26.110556,19.933334,0.44965267,Jambi
2025-03-25 00:00:00+00:00,26.480692,1.9333334,0.4485278,Jambi
2025-03-26 00:00:00+00:00,27.434166,1.1666667,0.44574997,Jambi
2025-03-27 00:00:00+00:00,26.712637,7.4,0.4415833,Jambi
2025-03-28 00:00:00+00:00,26.573751,4.866667,0.43861115,Jambi
2025-03-29 00:00:00+00:00,26.594582,20.433334,0.44306946,Jambi
2025-03-30 00:00:00+00:00,26.370972,9.366666,0.4403472,Jambi
2025-03-31 00:00:00+00:00,25.815414,9.633334,0.43961108,Jambi
2025-04-01 00:00:00+00:00,26.359858,15.633332,0.44037497,Jambi
2025-04-02 00:00:00+00:00,25.465416,19.166666,0.4424306,Jambi
2025-04-03 00:00:00+00:00,25.5675,11.966667,0.4471806,Jambi
2025-04-04 00:00:00+00:00,25.493889,32.933334,0.4464167,Jambi
2025-04-05 00:00:00+00:00,25.259165,8.833333,0.45916662,Jambi
2025-04-06 00:00:00+00:00,25.8175,26.433334,0.46161112,Jambi
2025-04-07 00:00:00+00:00,25.464027,15.733335,0.47112498,Jambi
2025-04-08 00:00:00+00:00,25.88833,15.966667,0.47297218,Jambi
2025-04-09 00:00:00+00:00,25.280695,20.266668,0.47143054,Jambi
2025-04-10 00:00:00+00:00,26.854303,19.333332,0.46845832,Jambi
2025-04-11 00:00:00+00:00,26.090418,14.833333,0.47330555,Jambi
2025-04-12 00:00:00+00:00,26.174444,30.6,0.4734861,Jambi
2025-04-13 00:00:00+00:00,25.478613,18.533333,0.4827362,Jambi
2025-04-14 00:00:00+00:00,26.370275,14.766667,0.48301384,Jambi
2025-04-15 00:00:00+00:00,26.514029,7.7666664,0.479625,Jambi
2025-04-16 00:00:00+00:00,26.505693,17.533335,0.47851396,Jambi
2025-04-17 00:00:00+00:00,26.133474,8.233334,0.47786102,Jambi
2025-04-18 00:00:00+00:00,27.435555,5.566666,0.47318062,Jambi
2025-04-19 00:00:00+00:00,25.800835,10.633334,0.46872225,Jambi
2025-04-20 00:00:00+00:00,26.779305,1.1999999,0.46456945,Jambi
2025-04-21 00:00:00+00:00,26.061943,17.466667,0.4595138,Jambi
2025-04-22 00:00:00+00:00,26.28486,18.400002,0.4542222,Jambi
2025-04-23 00:00:00+00:00,25.959862,4.233333,0.45518056,Jambi
2025-04-24 00:00:00+00:00,26.291113,7.466667,0.45591664,Jambi
2025-04-25 00:00:00+00:00,26.642502,8.366667,0.4515139,Jambi
2025-04-26 00:00:00+00:00,25.905,7.433334,0.44709718,Jambi
2025-04-27 00:00:00+00:00,26.838331,7.4666667,0.4432083,Jambi
2025-04-28 00:00:00+00:00,26.070276,12.233335,0.438875,Jambi
2025-04-29 00:00:00+00:00,26.752222,22.066666,0.43477777,Jambi
2025-04-30 00:00:00+00:00,25.38764,10.933334,0.44426385,Jambi
2025-05-01 00:00:00+00:00,26.241804,32.7,0.44943056,Jambi
2025-05-02 00:00:00+00:00,26.541113,4.6000004,0.46168062,Jambi
2025-05-03 00:00:00+00:00,26.66333,22.466667,0.4603611,Jambi
2025-05-04 00:00:00+00:00,26.752916,2.3999999,0.45818046,Jambi
2025-05-05 00:00:00+00:00,26.21611,13.533333,0.45374998,Jambi
2025-05-06 00:00:00+00:00,27.764029,0.7666667,0.44843063,Jambi
2025-05-07 00:00:00+00:00,27.391108,8.499999,0.44177774,Jambi
2025-05-08 00:00:00+00:00,27.020967,9.8,0.4363333,Jambi
2025-05-09 00:00:00+00:00,26.868195,4.0333333,0.4318194,Jambi
2025-05-10 00:00:00+00:00,27.143888,17.300001,0.42763892,Jambi
2025-05-11 00:00:00+00:00,26.927916,10.166667,0.42413887,Jambi
2025-05-12 00:00:00+00:00,27.552917,0.33333334,0.4208888,Jambi
2025-05-13 00:00:00+00:00,26.690416,11.599999,0.41675004,Jambi
2025-05-14 00:00:00+00:00,26.649445,4.6000004,0.4132361,Jambi
2025-05-15 00:00:00+00:00,27.723747,7.5333333,0.40970826,Jambi
2025-05-16 00:00:00+00:00,26.952917,4.4666667,0.41079164,Jambi
2025-05-17 00:00:00+00:00,27.823053,0.4,0.40784714,Jambi
2025-05-18 00:00:00+00:00,26.671667,14.766667,0.4052917,Jambi
2025-05-19 00:00:00+00:00,27.193193,0.53333336,0.4029584,Jambi
2025-05-20 00:00:00+00:00,27.588331,1.5333333,0.39927778,Jambi
2025-05-21 00:00:00+00:00,27.69528,5.633333,0.3947083,Jambi
2025-05-22 00:00:00+00:00,26.732775,7.933334,0.3917223,Jambi
2025-05-23 00:00:00+00:00,26.13278,0.3666667,0.39052776,Jambi
2025-05-24 00:00:00+00:00,27.200834,6.9666667,0.387875,Jambi
2025-05-25 00:00:00+00:00,27.525137,0.8,0.3852222,Jambi
2025-05-26 00:00:00+00:00,27.999443,0.33333334,0.3820139,Jambi
2025-05-27 00:00:00+00:00,28.420275,0.033333335,0.37790278,Jambi
2025-05-28 00:00:00+00:00,28.28625,1.0333334,0.37416664,Jambi
2025-05-29 00:00:00+00:00,27.559166,3.3666668,0.37198615,Jambi
2025-05-30 00:00:00+00:00,27.241106,1.2333335,0.36987504,Jambi
2025-05-31 00:00:00+00:00,26.323053,14.5,0.36811116,Jambi
2025-06-01 00:00:00+00:00,26.373749,0.06666667,0.36725,Jambi
2025-06-02 00:00:00+00:00,27.734167,0.29999998,0.36373615,Jambi
2025-06-03 00:00:00+00:00,26.863333,4.4666667,0.35995832,Jambi
2025-06-04 00:00:00+00:00,26.850142,5.4,0.35815275,Jambi
2025-06-05 00:00:00+00:00,26.577223,19.6,0.35406947,Jambi
2025-06-06 00:00:00+00:00,25.357775,10.8,0.35436115,Jambi
2025-06-07 00:00:00+00:00,27.198053,3.5999997,0.3536111,Jambi
2025-06-08 00:00:00+00:00,26.933472,3.3333333,0.3529862,Jambi
2025-06-09 00:00:00+00:00,26.262634,9.099999,0.35150003,Jambi
2025-06-10 00:00:00+00:00,26.170975,0.4333333,0.35019442,Jambi
2025-06-11 00:00:00+00:00,27.400139,0.6,0.3491111,Jambi
2025-06-12 00:00:00+00:00,26.704306,5.4,0.3474306,Jambi
2025-06-13 00:00:00+00:00,27.308472,2.4000003,0.34434733,Jambi
2025-06-14 00:00:00+00:00,25.502916,9.466666,0.34252778,Jambi
2025-06-15 00:00:00+00:00,26.90639,1.6666666,0.3404028,Jambi
2025-06-16 00:00:00+00:00,26.11125,14.466667,0.33606946,Jambi
2025-06-17 00:00:00+00:00,25.708473,13.666665,0.3330278,Jambi
2025-06-18 00:00:00+00:00,25.650835,2.6,0.33280554,Jambi
2025-06-19 00:00:00+00:00,26.473053,1.2666665,0.33269444,Jambi
2025-06-20 00:00:00+00:00,26.112638,4.2000003,0.33193058,Jambi
2025-06-21 00:00:00+00:00,27.057775,0.26666668,0.3305277,Jambi
2025-06-22 00:00:00+00:00,26.900833,8.200001,0.32836106,Jambi
2025-06-23 00:00:00+00:00,26.35708,3.833333,0.32676387,Jambi
2025-06-24 00:00:00+00:00,26.545973,0.9000001,0.3251945,Jambi
2025-06-25 00:00:00+00:00,27.043886,0.0,0.32293054,Jambi
2025-06-26 00:00:00+00:00,27.730696,1.6999999,0.32148612,Jambi
2025-06-27 00:00:00+00:00,27.438334,2.7333333,0.32045835,Jambi
2025-06-28 00:00:00+00:00,25.119583,13.7,0.32026398,Jambi
2025-06-29 00:00:00+00:00,26.790419,0.0,0.31866667,Jambi
2025-06-30 00:00:00+00:00,27.173752,0.16666667,0.31570837,Jambi
2025-07-01 00:00:00+00:00,27.627916,1.6333333,0.31355557,Jambi
2025-07-02 00:00:00+00:00,27.03486,5.4,0.31191668,Jambi
2025-07-03 00:00:00+00:00,26.170975,15.666667,0.3105972,Jambi
2025-07-04 00:00:00+00:00,26.11542,8.766666,0.30883327,Jambi
2025-07-05 00:00:00+00:00,25.308472,3.3666666,0.3071111,Jambi
2025-07-06 00:00:00+00:00,26.752222,0.13333334,0.305375,Jambi
2025-07-07 00:00:00+00:00,26.269583,0.1,0.30465272,Jambi
2025-07-08 00:00:00+00:00,26.534166,1.5666666,0.30519438,Jambi
2025-07-09 00:00:00+00:00,26.657084,0.56666666,0.30458328,Jambi
2025-07-10 00:00:00+00:00,27.205,2.1999998,0.30363885,Jambi
2025-07-11 00:00:00+00:00,26.21611,4.766667,0.30283335,Jambi
2025-07-12 00:00:00+00:00,26.573057,5.8666663,0.3017917,Jambi
2025-07-13 00:00:00+00:00,25.871666,12.5,0.30088893,Jambi
2025-07-14 00:00:00+00:00,26.073057,10.966667,0.29975006,Jambi
2025-07-15 00:00:00+00:00,26.40847,6.1,0.29880548,Jambi
2025-07-16 00:00:00+00:00,27.311247,2.9000003,0.2980833,Jambi
2025-07-17 00:00:00+00:00,27.871668,0.033333335,0.29618052,Jambi
2025-07-18 00:00:00+00:00,28.108469,0.0,0.29238883,Jambi
2025-07-19 00:00:00+00:00,28.40361,0.33333334,0.29041663,Jambi
2025-07-20 00:00:00+00:00,28.269585,0.33333334,0.2879583,Jambi
2025-07-21 00:00:00+00:00,28.293196,0.06666667,0.28511113,Jambi
2025-07-22 00:00:00+00:00,28.099443,1.1,0.28388885,Jambi
2025-07-23 00:00:00+00:00,28.093887,0.16666667,0.283,Jambi
2025-07-24 00:00:00+00:00,28.502914,0.2,0.28108335,Jambi
2025-07-25 00:00:00+00:00,27.899445,8.6,0.27819443,Jambi
2025-07-26 00:00:00+00:00,26.50014,3.4666665,0.2775278,Jambi
2025-07-27 00:00:00+00:00,27.177221,1.5666666,0.2776806,Jambi
2025-07-28 00:00:00+00:00,27.482086,4.633333,0.27454165,Jambi
2025-07-29 00:00:00+00:00,28.072363,2.1333332,0.26987496,Jambi
2025-07-30 00:00:00+00:00,26.556387,8.5,0.2697778,Jambi
2025-07-31 00:00:00+00:00,26.498055,9.3,0.27111113,Jambi
2025-01-01 00:00:00+00:00,25.007195,12.633334,0.41258332,South Sumatra
2025-01-02 00:00:00+00:00,26.023863,21.566668,0.4180139,South Sumatra
2025-01-03 00:00:00+00:00,25.468306,5.6,0.4225278,South Sumatra
2025-01-04 00:00:00+00:00,25.571777,10.433333,0.4255972,South Sumatra
2025-01-05 00:00:00+00:00,25.182196,20.133335,0.42655554,South Sumatra
2025-01-06 00:00:00+00:00,25.26275,15.466668,0.43890277,South Sumatra
2025-01-07 00:00:00+00:00,25.412054,18.966667,0.44440272,South Sumatra
2025-01-08 00:00:00+00:00,26.013445,9.066667,0.44812497,South Sumatra
2025-01-09 00:00:00+00:00,25.462053,6.566667,0.45716667,South Sumatra
2025-01-10 00:00:00+00:00,26.691223,0.2,0.45616663,South Sumatra
2025-01-11 00:00:00+00:00,26.121084,0.6,0.4499167,South Sumatra
2025-01-12 00:00:00+00:00,24.992613,20.300001,0.45138898,South Sumatra
2025-01-13 00:00:00+00:00,26.191223,1.2666668,0.45424998,South Sumatra
2025-01-14 00:00:00+00:00,25.624557,15.033334,0.4520277,South Sumatra
2025-01-15 00:00:00+00:00,25.197472,3.7333329,0.45045826,South Sumatra
2025-01-16 00:00:00+00:00,25.548166,25.200003,0.4493473,South Sumatra
2025-01-17 00:00:00+00:00,24.780807,13.333333,0.45619452,South Sumatra
2025-01-18 00:00:00+00:00,24.40789,19.933332,0.46848607,South Sumatra
2025-01-19 00:00:00+00:00,25.035667,16.400002,0.4750972,South Sumatra
2025-01-20 00:00:00+00:00,24.599556,7.7000003,0.4785417,South Sumatra
2025-01-21 00:00:00+00:00,25.614138,2.8333333,0.47849998,South Sumatra
2025-01-22 00:00:00+00:00,25.04539,1.2666668,0.4773334,South Sumatra
2025-01-23 00:00:00+00:00,26.087057,16.466667,0.4759861,South Sumatra
2025-01-24 00:00:00+00:00,25.523169,31.800001,0.47840282,South Sumatra
2025-01-25 00:00:00+00:00,25.239141,10.933333,0.4895278,South Sumatra
2025-01-26 00:00:00+00:00,25.873167,25.699999,0.49518052,South Sumatra
2025-01-27 00:00:00+00:00,24.693306,6.133333,0.5016667,South Sumatra
2025-01-28 00:00:00+00:00,24.348862,17.733334,0.5012639,South Sumatra
2025-01-29 00:00:00+00:00,24.331503,9.933333,0.5019583,South Sumatra
2025-01-30 00:00:00+00:00,25.434278,0.86666673,0.5014583,South Sumatra
2025-01-31 00:00:00+00:00,26.187056,1.0333334,0.49816656,South Sumatra
2025-02-01 00:00:00+00:00,26.991224,0.6666667,0.49386108,South Sumatra
2025-02-02 00:00:00+00:00,26.591919,2.5666666,0.48970827,South Sumatra
2025-02-03 00:00:00+00:00,25.456503,5.9999995,0.48494446,South Sumatra
2025-02-04 00:00:00+00:00,25.80303,16.366667,0.4813056,South Sumatra
2025-02-05 00:00:00+00:00,25.343306,9.966668,0.4810278,South Sumatra
2025-02-06 00:00:00+00:00,25.848166,2.6666667,0.48004165,South Sumatra
2025-02-07 00:00:00+00:00,26.222473,2.6999998,0.47830558,South Sumatra
2025-02-08 00:00:00+00:00,26.023859,13.3,0.4765973,South Sumatra
2025-02-09 00:00:00+00:00,25.872477,4.666666,0.4731528,South Sumatra
2025-02-10 00:00:00+00:00,26.332193,0.9333334,0.47131947,South Sumatra
2025-02-11 00:00:00+00:00,26.80303,0.9666667,0.46861112,South Sumatra
2025-02-12 00:00:00+00:00,26.480804,6.1666665,0.46755552,South Sumatra
2025-02-13 00:00:00+00:00,26.02664,18.733335,0.46716666,South Sumatra
2025-02-14 00:00:00+00:00,25.66761,18.633333,0.4650277,South Sumatra
2025-02-15 00:00:00+00:00,25.4065,19.300001,0.46244445,South Sumatra
2025-02-16 00:00:00+00:00,25.07872,8.833333,0.46450004,South Sumatra
2025-02-17 00:00:00+00:00,25.693306,13.633334,0.46431944,South Sumatra
2025-02-18 00:00:00+00:00,25.328028,24.700003,0.46819448,South Sumatra
2025-02-19 00:00:00+00:00,24.901636,7.066667,0.48384723,South Sumatra
2025-02-20 00:00:00+00:00,25.569,17.066666,0.48745826,South Sumatra
2025-02-21 00:00:00+00:00,25.432196,13.266667,0.49026385,South Sumatra
2025-02-22 00:00:00+00:00,25.023165,15.100001,0.49548605,South Sumatra
2025-02-23 00:00:00+00:00,25.02733,12.800002,0.4953611,South Sumatra
2025-02-24 00:00:00+00:00,25.378027,18.633335,0.49437502,South Sumatra
2025-02-25 00:00:00+00:00,25.255804,6.1666665,0.50568056,South Sumatra
2025-02-26 00:00:00+00:00,25.553724,15.766667,0.5035834,South Sumatra
2025-02-27 00:00:00+00:00,24.841919,19.766668,0.5015694,South Sumatra
2025-02-28 00:00:00+00:00,25.75164,20.666668,0.5009722,South Sumatra
2025-03-01 00:00:00+00:00,25.800943,10.0,0.49891675,South Sumatra
2025-03-02 00:00:00+00:00,26.003027,10.600001,0.49593058,South Sumatra
2025-03-03 00:00:00+00:00,25.91622,16.233334,0.4942778,South Sumatra
2025-03-04 00:00:00+00:00,25.26275,26.633333,0.49830547,South Sumatra
2025-03-05 00:00:00+00:00,25.718306,22.1,0.5063334,South Sumatra
2025-03-06 00:00:00+00:00,26.140528,12.133334,0.5147361,South Sumatra
2025-03-07 00:00:00+00:00,26.584276,4.933334,0.51168054,South Sumatra
2025-03-08 00:00:00+00:00,25.748167,50.066666,0.50819445,South Sumatra
2025-03-09 00:00:00+00:00,24.791224,14.233335,0.51598614,South Sumatra
2025-03-10 00:00:00+00:00,26.036362,15.433334,0.51376384,South Sumatra
2025-03-11 00:00:00+00:00,25.327332,30.133333,0.5134167,South Sumatra
2025-03-12 00:00:00+00:00,25.885666,8.6,0.5125,South Sumatra
2025-03-13 00:00:00+00:00,26.212053,14.066667,0.5045417,South Sumatra
2025-03-14 00:00:00+00:00,25.886362,12.633332,0.4985,South Sumatra
2025-03-15 00:00:00+00:00,26.123861,0.5,0.49631944,South Sumatra
2025-03-16 00:00:00+00:00,26.253723,11.833335,0.4909306,South Sumatra
2025-03-17 00:00:00+00:00,25.264137,10.900001,0.48972225,South Sumatra
2025-03-18 00:00:00+00:00,25.748169,10.1,0.4877639,South Sumatra
2025-03-19 00:00:00+00:00,24.024557,9.166667,0.48647222,South Sumatra
2025-03-20 00:00:00+00:00,25.312057,0.6666667,0.48677775,South Sumatra
2025-03-21 00:00:00+00:00,25.376638,3.0333335,0.48501384,South Sumatra
2025-03-22 00:00:00+00:00,25.471083,7.2999997,0.48015282,South Sumatra
2025-03-23 00:00:00+00:00,25.841917,7.1,0.4750556,South Sumatra
2025-03-24 00:00:00+00:00,26.244696,10.900001,0.47244444,South Sumatra
2025-03-25 00:00:00+00:00,26.248163,4.4333334,0.4694028,South Sumatra
2025-03-26 00:00:00+00:00,27.04539,3.6666667,0.46609727,South Sumatra
2025-03-27 00:00:00+00:00,26.805113,15.900001,0.46280554,South Sumatra
2025-03-28 00:00:00+00:00,26.237055,10.366667,0.4583888,South Sumatra
2025-03-29 00:00:00+00:00,26.603724,15.166668,0.45216665,South Sumatra
2025-03-30 00:00:00+00:00,26.834974,11.5,0.4504167,South Sumatra
2025-03-31 00:00:00+00:00,25.556498,7.2000003,0.45434722,South Sumatra
2025-04-01 00:00:00+00:00,26.069,14.700001,0.45612502,South Sumatra
2025-04-02 00:00:00+00:00,25.438446,21.0,0.45559725,South Sumatra
2025-04-03 00:00:00+00:00,25.425943,10.5,0.46087506,South Sumatra
2025-04-04 00:00:00+00:00,25.707888,22.533335,0.4601389,South Sumatra
2025-04-05 00:00:00+00:00,25.25025,8.033333,0.4615556,South Sumatra
2025-04-06 00:00:00+00:00,25.724554,29.266668,0.4633611,South Sumatra
2025-04-07 00:00:00+00:00,25.7565,17.566668,0.4762222,South Sumatra
2025-04-08 00:00:00+00:00,26.45025,6.933333,0.4826111,South Sumatra
2025-04-09 00:00:00+00:00,25.907194,9.599999,0.48184726,South Sumatra
2025-04-10 00:00:00+00:00,27.143305,7.2333336,0.47804174,South Sumatra
2025-04-11 00:00:00+00:00,26.298166,18.866667,0.47472224,South Sumatra
2025-04-12 00:00:00+00:00,26.166918,24.1,0.47323608,South Sumatra
2025-04-13 00:00:00+00:00,25.18775,21.566668,0.4839305,South Sumatra
2025-04-14 00:00:00+00:00,26.185669,14.600001,0.4846528,South Sumatra
2025-04-15 00:00:00+00:00,26.27247,13.433334,0.48169443,South Sumatra
2025-04-16 00:00:00+00:00,26.288445,11.0,0.4815695,South Sumatra
2025-04-17 00:00:00+00:00,26.18775,5.7666664,0.47848606,South Sumatra
2025-04-18 00:00:00+00:00,26.086359,10.500001,0.479125,South Sumatra
2025-04-19 00:00:00+00:00,26.103027,7.7000003,0.47862506,South Sumatra
2025-04-20 00:00:00+00:00,26.213446,10.933334,0.47684726,South Sumatra
2025-04-21 00:00:00+00:00,25.424555,16.366667,0.47452784,South Sumatra
2025-04-22 00:00:00+00:00,26.718306,4.6666665,0.47129163,South Sumatra
2025-04-23 00:00:00+00:00,26.222471,14.066667,0.46738887,South Sumatra
2025-04-24 00:00:00+00:00,26.460665,9.733334,0.46249998,South Sumatra
2025-04-25 00:00:00+00:00,26.344,14.266667,0.45765278,South Sumatra
2025-04-26 00:00:00+00:00,25.691916,10.666667,0.4526806,South Sumatra
2025-04-27 00:00:00+00:00,26.390528,2.9999998,0.44868052,South Sumatra
2025-04-28 00:00:00+00:00,26.138443,12.233334,0.44277772,South Sumatra
2025-04-29 00:00:00+00:00,26.568306,10.966667,0.4369584,South Sumatra
2025-04-30 00:00:00+00:00,25.962751,7.6666665,0.43324995,South Sumatra
2025-05-01 00:00:00+00:00,26.571777,19.800001,0.43162504,South Sumatra
2025-05-02 00:00:00+00:00,26.51622,6.8666663,0.43404162,South Sumatra
2025-05-03 00:00:00+00:00,27.01761,12.599999,0.43283334,South Sumatra
2025-05-04 00:00:00+00:00,26.703722,5.6666675,0.43281946,South Sumatra
2025-05-05 00:00:00+00:00,26.197472,4.5333333,0.43072233,South Sumatra
2025-05-06 00:00:00+00:00,27.572472,2.0666666,0.42783332,South Sumatra
2025-05-07 00:00:00+00:00,28.115526,1.0333334,0.42466664,South Sumatra
2025-05-08 00:00:00+00:00,27.033585,13.233334,0.42126384,South Sumatra
2025-05-09 00:00:00+00:00,27.119698,2.4666665,0.41574994,South Sumatra
2025-05-10 00:00:00+00:00,27.539833,17.4,0.41006947,South Sumatra
2025-05-11 00:00:00+00:00,26.64261,10.400001,0.40518057,South Sumatra
2025-05-12 00:00:00+00:00,26.938446,5.4,0.40247214,South Sumatra
2025-05-13 00:00:00+00:00,26.370386,9.633334,0.400875,South Sumatra
2025-05-14 00:00:00+00:00,26.822474,8.066667,0.3981806,South Sumatra
2025-05-15 00:00:00+00:00,27.129417,11.266667,0.39691672,South Sumatra
2025-05-16 00:00:00+00:00,27.10511,7.566667,0.39955547,South Sumatra
2025-05-17 00:00:00+00:00,27.231499,0.16666667,0.40331948,South Sumatra
2025-05-18 00:00:00+00:00,27.034279,8.866666,0.40341666,South Sumatra
2025-05-19 00:00:00+00:00,26.623861,0.53333336,0.40404174,South Sumatra
2025-05-20 00:00:00+00:00,27.702332,0.3,0.4033611,South Sumatra
2025-05-21 00:00:00+00:00,28.29539,0.23333335,0.40155557,South Sumatra
2025-05-22 00:00:00+00:00,26.604418,14.466667,0.39945832,South Sumatra
2025-05-23 00:00:00+00:00,26.070389,2.1000001,0.3968749,South Sumatra
2025-05-24 00:00:00+00:00,27.250944,7.3333335,0.3924861,South Sumatra
2025-05-25 00:00:00+00:00,27.103027,8.033334,0.38922223,South Sumatra
2025-05-26 00:00:00+00:00,26.413443,1.4,0.38766667,South Sumatra
2025-05-27 00:00:00+00:00,27.942612,0.6,0.38541663,South Sumatra
2025-05-28 00:00:00+00:00,27.684278,2.6333332,0.38319445,South Sumatra
2025-05-29 00:00:00+00:00,26.880806,8.533334,0.3815278,South Sumatra
2025-05-30 00:00:00+00:00,26.955109,0.16666667,0.37973616,South Sumatra
2025-05-31 00:00:00+00:00,27.001638,13.166668,0.3778056,South Sumatra
2025-06-01 00:00:00+00:00,25.764137,0.53333336,0.37656942,South Sumatra
2025-06-02 00:00:00+00:00,26.914833,3.4333336,0.37490276,South Sumatra
2025-06-03 00:00:00+00:00,27.090528,7.6333337,0.37177777,South Sumatra
2025-06-04 00:00:00+00:00,27.084974,5.066666,0.36997223,South Sumatra
2025-06-05 00:00:00+00:00,27.443308,12.033334,0.36654165,South Sumatra
2025-06-06 00:00:00+00:00,25.848862,11.900002,0.3630139,South Sumatra
2025-06-07 00:00:00+00:00,26.274557,7.6000004,0.36147216,South Sumatra
2025-06-08 00:00:00+00:00,27.874556,0.0,0.36034718,South Sumatra
2025-06-09 00:00:00+00:00,27.369696,1.7333332,0.35875002,South Sumatra
2025-06-10 00:00:00+00:00,27.456503,0.8666666,0.3578473,South Sumatra
2025-06-11 00:00:00+00:00,27.836359,0.3,0.35658336,South Sumatra
2025-06-12 00:00:00+00:00,26.882195,4.0666666,0.3546389,South Sumatra
2025-06-13 00:00:00+00:00,26.923166,1.1,0.35195836,South Sumatra
2025-06-14 00:00:00+00:00,25.53289,6.4,0.34965277,South Sumatra
2025-06-15 00:00:00+00:00,26.91067,4.8,0.34929165,South Sumatra
2025-06-16 00:00:00+00:00,26.416222,5.6666665,0.3478056,South Sumatra
2025-06-17 00:00:00+00:00,25.702332,27.799997,0.3465972,South Sumatra
2025-06-18 00:00:00+00:00,25.382889,7.5333343,0.3462777,South Sumatra
2025-06-19 00:00:00+00:00,25.871084,1.6333332,0.34723616,South Sumatra
2025-06-20 00:00:00+00:00,25.780802,7.799999,0.34713888,South Sumatra
2025-06-21 00:00:00+00:00,26.70164,0.26666668,0.34612492,South Sumatra
2025-06-22 00:00:00+00:00,26.639833,4.866667,0.3439722,South Sumatra
2025-06-23 00:00:00+00:00,25.51414,14.600001,0.3424305,South Sumatra
2025-06-24 00:00:00+00:00,25.282194,2.1000001,0.34168056,South Sumatra
2025-06-25 00:00:00+00:00,27.092611,0.13333334,0.34187493,South Sumatra
2025-06-26 00:00:00+00:00,27.168999,0.90000004,0.34080556,South Sumatra
2025-06-27 00:00:00+00:00,27.668304,2.9666665,0.3407639,South Sumatra
2025-06-28 00:00:00+00:00,25.596085,2.7,0.3414028,South Sumatra
2025-06-29 00:00:00+00:00,26.404417,0.16666667,0.34037498,South Sumatra
2025-06-30 00:00:00+00:00,26.651642,3.0333335,0.33847228,South Sumatra
2025-07-01 00:00:00+00:00,26.639837,4.766667,0.33759725,South Sumatra
2025-07-02 00:00:00+00:00,27.033579,7.633333,0.33574995,South Sumatra
2025-07-03 00:00:00+00:00,26.219696,7.8999996,0.33344445,South Sumatra
2025-07-04 00:00:00+00:00,26.20025,29.33333,0.33213884,South Sumatra
2025-07-05 00:00:00+00:00,25.003027,1.7666665,0.33225003,South Sumatra
2025-07-06 00:00:00+00:00,26.523859,0.83333343,0.33187506,South Sumatra
2025-07-07 00:00:00+00:00,26.261358,0.6333334,0.332,South Sumatra
2025-07-08 00:00:00+00:00,26.230804,2.5666666,0.33218062,South Sumatra
2025-07-09 00:00:00+00:00,26.00164,8.166667,0.33155555,South Sumatra
2025-07-10 00:00:00+00:00,27.17386,3.0333335,0.33163887,South Sumatra
2025-07-11 00:00:00+00:00,25.837753,4.2,0.33162495,South Sumatra
2025-07-12 00:00:00+00:00,26.188444,6.6,0.33113885,South Sumatra
2025-07-13 00:00:00+00:00,26.548864,6.7333336,0.33027783,South Sumatra
2025-07-14 00:00:00+00:00,26.06275,6.0,0.32894436,South Sumatra
2025-07-15 00:00:00+00:00,26.8565,3.6000001,0.32712495,South Sumatra
2025-07-16 00:00:00+00:00,27.1565,4.3333335,0.3247778,South Sumatra
2025-07-17 00:00:00+00:00,27.605804,0.06666667,0.32256952,South Sumatra
2025-07-18 00:00:00+00:00,27.703722,0.16666667,0.32031947,South Sumatra
2025-07-19 00:00:00+00:00,28.008583,0.0,0.31822225,South Sumatra
2025-07-20 00:00:00+00:00,28.125946,0.0,0.31570837,South Sumatra
2025-07-21 00:00:00+00:00,27.925943,0.1,0.3139306,South Sumatra
2025-07-22 00:00:00+00:00,27.75025,0.86666673,0.31277776,South Sumatra
2025-07-23 00:00:00+00:00,28.264837,0.13333334,0.31273612,South Sumatra
2025-07-24 00:00:00+00:00,28.566221,0.13333334,0.31091663,South Sumatra
2025-07-25 00:00:00+00:00,28.196085,0.6,0.30931947,South Sumatra
2025-07-26 00:00:00+00:00,27.848166,8.7,0.30920836,South Sumatra
2025-07-27 00:00:00+00:00,26.33497,4.933333,0.30919448,South Sumatra
2025-07-28 00:00:00+00:00,27.255806,1.4333334,0.30520836,South Sumatra
2025-07-29 00:00:00+00:00,27.685667,0.7333334,0.3005,South Sumatra
2025-07-30 00:00:00+00:00,26.364141,14.433334,0.2987639,South Sumatra
2025-07-31 00:00:00+00:00,26.282888,4.866667,0.29827777,South Sumatra
2025-08-01 00:00:00+00:00,27.241974,5.066666,0.3140555,Riau
2025-08-02 00:00:00+00:00,27.382944,0.59999996,0.3137361,Riau
2025-08-03 00:00:00+00:00,27.79267,3.8333333,0.31179163,Riau
2025-08-04 00:00:00+00:00,26.33364,18.966665,0.31144443,Riau
2025-08-05 00:00:00+00:00,26.623917,0.0,0.31181946,Riau
2025-08-06 00:00:00+00:00,26.853083,1.8333331,0.31087497,Riau
2025-08-07 00:00:00+00:00,27.253778,13.7,0.30780557,Riau
2025-08-08 00:00:00+00:00,26.244751,3.5999997,0.3056389,Riau
2025-08-09 00:00:00+00:00,27.598917,1.6333333,0.30491665,Riau
2025-08-10 00:00:00+00:00,25.741278,12.333335,0.30441666,Riau
2025-08-11 00:00:00+00:00,25.192665,6.8000007,0.30524996,Riau
2025-08-12 00:00:00+00:00,26.34475,12.066666,0.30416664,Riau
2025-08-13 00:00:00+00:00,25.414888,1.7333332,0.30273604,Riau
2025-08-14 00:00:00+00:00,25.99336,18.133331,0.3023472,Riau
2025-08-15 00:00:00+00:00,26.073221,6.2333336,0.3018194,Riau
2025-08-16 00:00:00+00:00,26.507248,1.7666665,0.30195835,Riau
2025-08-17 00:00:00+00:00,26.224611,7.033333,0.30234724,Riau
2025-08-18 00:00:00+00:00,27.523222,0.29999998,0.3025139,Riau
2025-08-19 00:00:00+00:00,26.609335,1.9666666,0.3028334,Riau
2025-08-20 00:00:00+00:00,27.393362,2.0666666,0.30234724,Riau
2025-08-21 00:00:00+00:00,26.469055,0.13333334,0.30140275,Riau
2025-08-22 00:00:00+00:00,27.318361,3.8999999,0.29976392,Riau
2025-08-23 00:00:00+00:00,26.924608,2.3666668,0.2985278,Riau
2025-08-24 00:00:00+00:00,26.024612,2.5666668,0.30075,Riau
2025-08-25 00:00:00+00:00,27.335724,2.4333334,0.30218053,Riau
2025-08-26 00:00:00+00:00,27.644747,13.600001,0.3015416,Riau
2025-08-27 00:00:00+00:00,26.931555,23.033333,0.30134723,Riau
2025-08-28 00:00:00+00:00,26.515581,3.8,0.30163887,Riau
2025-08-29 00:00:00+00:00,26.80864,5.8999996,0.30147225,Riau
2025-08-30 00:00:00+00:00,26.853777,1.9,0.30106947,Riau
2025-08-31 00:00:00+00:00,27.250305,14.066667,0.30109727,Riau
2025-08-01 00:00:00+00:00,27.686888,3.6333334,0.37566662,North Sumatra
2025-08-02 00:00:00+00:00,28.134806,12.366666,0.37636104,North Sumatra
2025-08-03 00:00:00+00:00,28.28897,4.166667,0.3775555,North Sumatra
2025-08-04 00:00:00+00:00,26.61953,10.400001,0.38099995,North Sumatra
2025-08-05 00:00:00+00:00,26.466055,1.6999999,0.38240275,North Sumatra
2025-08-06 00:00:00+00:00,26.53897,9.966667,0.37956944,North Sumatra
2025-08-07 00:00:00+00:00,26.438278,15.966667,0.3800139,North Sumatra
2025-08-08 00:00:00+00:00,25.725779,10.466667,0.3825972,North Sumatra
2025-08-09 00:00:00+00:00,27.023,11.233334,0.38273612,North Sumatra
2025-08-10 00:00:00+00:00,25.807722,9.666667,0.38122225,North Sumatra
2025-08-11 00:00:00+00:00,25.750084,4.9,0.38288888,North Sumatra
2025-08-12 00:00:00+00:00,27.75425,1.2,0.38205552,North Sumatra
2025-08-13 00:00:00+00:00,26.96189,4.433333,0.3813055,North Sumatra
2025-08-14 00:00:00+00:00,26.344528,27.666666,0.3809445,North Sumatra
2025-08-15 00:00:00+00:00,26.424387,11.966667,0.379375,North Sumatra
2025-08-16 00:00:00+00:00,27.170914,3.033333,0.3784722,North Sumatra
2025-08-17 00:00:00+00:00,27.929945,0.4,0.37680563,North Sumatra
2025-08-18 00:00:00+00:00,28.25425,1.2666668,0.37493053,North Sumatra
2025-08-19 00:00:00+00:00,27.837584,2.5666666,0.37329164,North Sumatra
2025-08-20 00:00:00+00:00,27.771614,9.5,0.37151393,North Sumatra
2025-08-21 00:00:00+00:00,26.16397,1.9666667,0.3719583,North Sumatra
2025-08-22 00:00:00+00:00,27.148697,9.833334,0.37180555,North Sumatra
2025-08-23 00:00:00+00:00,27.476473,5.6,0.36915278,North Sumatra
2025-08-24 00:00:00+00:00,26.68203,7.1,0.36890277,North Sumatra
2025-08-25 00:00:00+00:00,27.575777,3.2333333,0.36869442,North Sumatra
2025-08-26 00:00:00+00:00,27.763975,15.266666,0.36997223,North Sumatra
2025-08-27 00:00:00+00:00,27.614668,39.499996,0.3751111,North Sumatra
2025-08-28 00:00:00+00:00,25.551474,9.000001,0.37888885,North Sumatra
2025-08-29 00:00:00+00:00,26.561888,7.1,0.3800278,North Sumatra
2025-08-30 00:00:00+00:00,27.433418,1.4666667,0.38319442,North Sumatra
2025-08-31 00:00:00+00:00,27.477167,4.566667,0.38175002,North Sumatra
2025-08-01 00:00:00+00:00,27.270279,3.4333334,0.30966666,Central Kalimantan
2025-08-02 00:00:00+00:00,25.620974,5.3333335,0.3080278,Central Kalimantan
2025-08-03 00:00:00+00:00,25.577223,22.166666,0.30669448,Central Kalimantan
2025-08-04 00:00:00+00:00,24.522362,13.133334,0.30622223,Central Kalimantan
2025-08-05 00:00:00+00:00,26.108473,4.2999997,0.30494446,Central Kalimantan
2025-08-06 00:00:00+00:00,26.894585,0.26666668,0.30208328,Central Kalimantan
2025-08-07 00:00:00+00:00,27.466112,0.23333335,0.2995139,Central Kalimantan
2025-08-08 00:00:00+00:00,27.148056,1.0666667,0.29745835,Central Kalimantan
2025-08-09 00:00:00+00:00,25.25708,16.533335,0.29430553,Central Kalimantan
2025-08-10 00:00:00+00:00,25.91611,5.066667,0.29194447,Central Kalimantan
2025-08-11 00:00:00+00:00,25.293196,40.766674,0.29062498,Central Kalimantan
2025-08-12 00:00:00+00:00,24.114027,18.933334,0.29737496,Central Kalimantan
2025-08-13 00:00:00+00:00,25.822363,14.366668,0.30609724,Central Kalimantan
2025-08-14 00:00:00+00:00,25.145279,4.7999997,0.31129166,Central Kalimantan
2025-08-15 00:00:00+00:00,25.470282,8.7,0.3146111,Central Kalimantan
2025-08-16 00:00:00+00:00,26.107779,9.033334,0.31558335,Central Kalimantan
2025-08-17 00:00:00+00:00,25.520279,12.633334,0.3183611,Central Kalimantan
2025-08-18 00:00:00+00:00,24.955696,41.466663,0.3237639,Central Kalimantan
2025-08-19 00:00:00+00:00,24.761948,32.266666,0.34475002,Central Kalimantan
2025-08-20 00:00:00+00:00,24.53625,8.566667,0.38175,Central Kalimantan
2025-08-21 00:00:00+00:00,25.99528,2.3333333,0.38602772,Central Kalimantan
2025-08-22 00:00:00+00:00,25.980696,1.1,0.3847778,Central Kalimantan
2025-08-23 00:00:00+00:00,26.50361,13.433333,0.38268057,Central Kalimantan
2025-08-24 00:00:00+00:00,25.460556,1.7666668,0.38501385,Central Kalimantan
2025-08-25 00:00:00+00:00,25.87028,3.7000005,0.38508332,Central Kalimantan
2025-08-26 00:00:00+00:00,25.871666,3.5666666,0.38308334,Central Kalimantan
2025-08-27 00:00:00+00:00,25.224443,14.400001,0.38034725,Central Kalimantan
2025-08-28 00:00:00+00:00,25.451529,16.533335,0.3794166,Central Kalimantan
2025-08-29 00:00:00+00:00,25.885557,10.866666,0.379375,Central Kalimantan
2025-08-30 00:00:00+00:00,26.307083,6.766667,0.37638888,Central Kalimantan
2025-08-31 00:00:00+00:00,25.44597,8.000001,0.37734723,Central Kalimantan
2025-08-01 00:00:00+00:00,27.382307,1.0666667,0.41026387,East Kalimantan
2025-08-02 00:00:00+00:00,26.296194,4.4333334,0.409125,East Kalimantan
2025-08-03 00:00:00+00:00,25.854528,17.7,0.4018334,East Kalimantan
2025-08-04 00:00:00+00:00,24.967026,15.2,0.39381945,East Kalimantan
2025-08-05 00:00:00+00:00,26.15661,1.4333334,0.39193055,East Kalimantan
2025-08-06 00:00:00+00:00,25.084389,8.566668,0.39105558,East Kalimantan
2025-08-07 00:00:00+00:00,26.244802,1.9,0.3898194,East Kalimantan
2025-08-08 00:00:00+00:00,26.36425,3.3,0.38834727,East Kalimantan
2025-08-09 00:00:00+00:00,25.128138,15.600001,0.38663897,East Kalimantan
2025-08-10 00:00:00+00:00,25.194109,8.600001,0.38894448,East Kalimantan
2025-08-11 00:00:00+00:00,25.744804,14.433334,0.39280555,East Kalimantan
2025-08-12 00:00:00+00:00,24.752443,22.233332,0.4032222,East Kalimantan
2025-08-13 00:00:00+00:00,24.928137,6.566667,0.42031944,East Kalimantan
2025-08-14 00:00:00+00:00,25.105917,10.299999,0.4265,East Kalimantan
2025-08-15 00:00:00+00:00,25.96286,7.133333,0.4284027,East Kalimantan
2025-08-16 00:00:00+00:00,25.34272,17.7,0.42947224,East Kalimantan
2025-08-17 00:00:00+00:00,25.574663,15.166669,0.43390274,East Kalimantan
2025-08-18 00:00:00+00:00,25.230223,7.6333337,0.44302776,East Kalimantan
2025-08-19 00:00:00+00:00,25.760778,15.0,0.4451944,East Kalimantan
2025-08-20 00:00:00+00:00,24.435083,6.3999996,0.45047215,East Kalimantan
2025-08-21 00:00:00+00:00,25.18161,1.4000001,0.4533889,East Kalimantan
2025-08-22 00:00:00+00:00,25.783693,1.4000001,0.4525973,East Kalimantan
2025-08-23 00:00:00+00:00,25.49203,0.6666667,0.45152774,East Kalimantan
2025-08-24 00:00:00+00:00,24.903137,10.566667,0.4506528,East Kalimantan
2025-08-25 00:00:00+00:00,25.614946,8.1,0.45009723,East Kalimantan
2025-08-26 00:00:00+00:00,25.173971,11.2,0.45165277,East Kalimantan
2025-08-27 00:00:00+00:00,25.200363,12.333333,0.4526528,East Kalimantan
2025-08-28 00:00:00+00:00,25.764252,5.5,0.44968057,East Kalimantan
2025-08-29 00:00:00+00:00,26.083,6.0333333,0.44748613,East Kalimantan
2025-08-30 00:00:00+00:00,25.724665,13.100001,0.44744453,East Kalimantan
2025-08-31 00:00:00+00:00,25.010778,13.700002,0.45068052,East Kalimantan
2025-08-01 00:00:00+00:00,27.712126,12.749999,0.20412499,West Kalimantan
2025-08-02 00:00:00+00:00,25.993376,4.8999996,0.20197916,West Kalimantan
2025-08-03 00:00:00+00:00,26.24702,13.725,0.2017292,West Kalimantan
2025-08-04 00:00:00+00:00,24.795458,5.925,0.20198959,West Kalimantan
2025-08-05 00:00:00+00:00,26.311605,1.2250001,0.20066665,West Kalimantan
2025-08-06 00:00:00+00:00,26.762125,2.2,0.19801041,West Kalimantan
2025-08-07 00:00:00+00:00,27.44754,1.275,0.19496877,West Kalimantan
2025-08-08 00:00:00+00:00,25.973063,7.0250006,0.1921979,West Kalimantan
2025-08-09 00:00:00+00:00,25.188168,11.675,0.19007294,West Kalimantan
2025-08-10 00:00:00+00:00,26.313168,5.9000006,0.18834378,West Kalimantan
2025-08-11 00:00:00+00:00,24.933998,15.875,0.18781249,West Kalimantan
2025-08-12 00:00:00+00:00,24.594936,16.4,0.18852085,West Kalimantan
2025-08-13 00:00:00+00:00,25.29025,18.425001,0.19209376,West Kalimantan
2025-08-14 00:00:00+00:00,24.858997,9.225,0.19701041,West Kalimantan
2025-08-15 00:00:00+00:00,26.324627,0.275,0.19930206,West Kalimantan
2025-08-16 00:00:00+00:00,26.189732,5.65,0.19939582,West Kalimantan
2025-08-17 00:00:00+00:00,25.879313,5.3750005,0.19862495,West Kalimantan
2025-08-18 00:00:00+00:00,26.007437,9.925001,0.19892707,West Kalimantan
2025-08-19 00:00:00+00:00,25.23973,18.100002,0.20247915,West Kalimantan
2025-08-20 00:00:00+00:00,23.69546,8.725,0.20925,West Kalimantan
2025-08-21 00:00:00+00:00,25.22775,0.2,0.21295835,West Kalimantan
2025-08-22 00:00:00+00:00,26.802752,1.0250001,0.2141875,West Kalimantan
2025-08-23 00:00:00+00:00,25.968895,10.7,0.2146875,West Kalimantan
2025-08-24 00:00:00+00:00,25.403791,13.125,0.21616666,West Kalimantan
2025-08-25 00:00:00+00:00,25.543375,1.275,0.22128125,West Kalimantan
2025-08-26 00:00:00+00:00,26.53296,0.0,0.222875,West Kalimantan
2025-08-27 00:00:00+00:00,26.88296,0.35000002,0.2222917,West Kalimantan
2025-08-28 00:00:00+00:00,26.412125,6.4750004,0.22136459,West Kalimantan
2025-08-29 00:00:00+00:00,26.723585,3.425,0.2210625,West Kalimantan
2025-08-30 00:00:00+00:00,27.029833,3.25,0.22021876,West Kalimantan
2025-08-31 00:00:00+00:00,25.795979,7.4500003,0.22056252,West Kalimantan
2025-08-01 00:00:00+00:00,26.530695,15.433334,0.27038887,Jambi
2025-08-02 00:00:00+00:00,26.337637,17.4,0.26987496,Jambi
2025-08-03 00:00:00+00:00,25.975836,11.033333,0.26830554,Jambi
2025-08-04 00:00:00+00:00,25.705694,15.066666,0.2676666,Jambi
2025-08-05 00:00:00+00:00,25.550138,0.53333336,0.26801386,Jambi
2025-08-06 00:00:00+00:00,26.450136,5.3666663,0.26931944,Jambi
2025-08-07 00:00:00+00:00,26.924446,3.1333334,0.26945826,Jambi
2025-08-08 00:00:00+00:00,25.929304,3.7,0.2677361,Jambi
2025-08-09 00:00:00+00:00,26.432777,4.566666,0.26669446,Jambi
2025-08-10 00:00:00+00:00,25.480692,23.566668,0.2667222,Jambi
2025-08-11 00:00:00+00:00,24.774445,6.5000005,0.26945838,Jambi
2025-08-12 00:00:00+00:00,25.484861,36.46667,0.2743194,Jambi
2025-08-13 00:00:00+00:00,24.573748,4.3,0.28151393,Jambi
2025-08-14 00:00:00+00:00,25.585556,18.8,0.28687504,Jambi
2025-08-15 00:00:00+00:00,25.029306,6.4,0.29318056,Jambi
2025-08-16 00:00:00+00:00,25.305695,7.700001,0.29879168,Jambi
2025-08-17 00:00:00+00:00,25.294584,25.033333,0.30729172,Jambi
2025-08-18 00:00:00+00:00,25.131388,7.0333333,0.31941667,Jambi
2025-08-19 00:00:00+00:00,24.947363,14.3,0.32391664,Jambi
2025-08-20 00:00:00+00:00,25.131392,14.333333,0.32952783,Jambi
2025-08-21 00:00:00+00:00,26.080002,1.8000001,0.33236107,Jambi
2025-08-22 00:00:00+00:00,26.623056,16.733332,0.33347222,Jambi
2025-08-23 00:00:00+00:00,25.696663,8.266666,0.33770832,Jambi
2025-08-24 00:00:00+00:00,25.044584,10.1,0.34676394,Jambi
2025-08-25 00:00:00+00:00,26.475138,0.96666664,0.35191664,Jambi
2025-08-26 00:00:00+00:00,26.904999,3.6999998,0.3515139,Jambi
2025-08-27 00:00:00+00:00,27.158472,0.033333335,0.35009727,Jambi
2025-08-28 00:00:00+00:00,26.952225,0.1,0.34894443,Jambi
2025-08-29 00:00:00+00:00,26.7425,11.099999,0.34701386,Jambi
2025-08-30 00:00:00+00:00,25.62236,3.8666666,0.34455553,Jambi
2025-08-31 00:00:00+00:00,26.004309,11.3,0.34304166,Jambi
2025-08-01 00:00:00+00:00,26.927332,11.166667,0.29766667,South Sumatra
2025-08-02 00:00:00+00:00,26.59539,5.233333,0.29654166,South Sumatra
2025-08-03 00:00:00+00:00,26.121778,8.633334,0.29476392,South Sumatra
2025-08-04 00:00:00+00:00,25.574556,14.733333,0.294125,South Sumatra
2025-08-05 00:00:00+00:00,25.309973,4.9666667,0.2937083,South Sumatra
2025-08-06 00:00:00+00:00,26.712751,4.8666663,0.2940139,South Sumatra
2025-08-07 00:00:00+00:00,27.258583,2.6999998,0.2940278,South Sumatra
2025-08-08 00:00:00+00:00,27.001638,4.333333,0.2929167,South Sumatra
2025-08-09 00:00:00+00:00,27.398865,2.1000001,0.29138893,South Sumatra
2025-08-10 00:00:00+00:00,26.984278,17.033333,0.28975,South Sumatra
2025-08-11 00:00:00+00:00,25.453026,3.6000001,0.28963888,South Sumatra
2025-08-12 00:00:00+00:00,25.398863,13.466667,0.28800002,South Sumatra
2025-08-13 00:00:00+00:00,24.819,17.133333,0.28795835,South Sumatra
2025-08-14 00:00:00+00:00,25.634972,0.86666673,0.2900972,South Sumatra
2025-08-15 00:00:00+00:00,25.704416,2.8999999,0.29066664,South Sumatra
2025-08-16 00:00:00+00:00,26.309973,3.3333333,0.29080555,South Sumatra
2025-08-17 00:00:00+00:00,26.525248,9.8,0.29020837,South Sumatra
2025-08-18 00:00:00+00:00,24.409973,10.933333,0.2898333,South Sumatra
2025-08-19 00:00:00+00:00,25.628723,2.1666667,0.29141665,South Sumatra
2025-08-20 00:00:00+00:00,25.5315,17.6,0.29255557,South Sumatra
2025-08-21 00:00:00+00:00,26.19539,0.13333334,0.29362503,South Sumatra
2025-08-22 00:00:00+00:00,27.13914,3.166667,0.29286113,South Sumatra
2025-08-23 00:00:00+00:00,25.534279,8.566667,0.2909445,South Sumatra
2025-08-24 00:00:00+00:00,24.857195,16.300001,0.28988892,South Sumatra
2025-08-25 00:00:00+00:00,26.769697,1.1999999,0.28887504,South Sumatra
2025-08-26 00:00:00+00:00,27.155111,0.36666667,0.28726387,South Sumatra
2025-08-27 00:00:00+00:00,27.327333,0.0,0.28497222,South Sumatra
2025-08-28 00:00:00+00:00,27.617609,0.26666668,0.28268063,South Sumatra
2025-08-29 00:00:00+00:00,27.330805,8.766667,0.28029165,South Sumatra
2025-08-30 00:00:00+00:00,25.989141,16.233335,0.27787504,South Sumatra
2025-08-31 00:00:00+00:00,25.866224,6.6999993,0.2764028,South Sumatra
