date,temperature_2m_mean,precipitation_sum,soil_moisture_7_to_28cm_mean,name
2025-01-01 00:00:00+00:00,-3.6734724,0.05,0.32635412,Iowa
2025-01-02 00:00:00+00:00,-4.5338893,0.8833334,0.32412496,Iowa
2025-01-03 00:00:00+00:00,-8.029374,0,0.32175693,Iowa
2025-01-04 00:00:00+00:00,-11.951945,0.033333335,0.31934026,Iowa
2025-01-05 00:00:00+00:00,-11.509931,0.1,0.3168472,Iowa
2025-01-06 00:00:00+00:00,-11.286319,0,0.31452084,Iowa
2025-01-07 00:00:00+00:00,-9.905417,0.05,0.31238195,Iowa
2025-01-08 00:00:00+00:00,-11.364792,0,0.31049305,Iowa
2025-01-09 00:00:00+00:00,-7.2213893,0.06666667,0.3087778,Iowa
2025-01-10 00:00:00+00:00,-2.72625,0.13333334,0.30723605,Iowa
2025-01-11 00:00:00+00:00,-4.0849304,0,0.30581942,Iowa
2025-01-12 00:00:00+00:00,-3.8595836,0.25,0.30459026,Iowa
2025-01-13 00:00:00+00:00,-12.362361,0,0.30325,Iowa
2025-01-14 00:00:00+00:00,-14.677638,0.91666675,0.30215976,Iowa
2025-01-15 00:00:00+00:00,-11.918611,0.06666667,0.3010833,Iowa
2025-01-16 00:00:00+00:00,-0.6116667,0.05,0.30016664,Iowa
2025-01-17 00:00:00+00:00,1.2223612,0,0.29980552,Iowa
2025-01-18 00:00:00+00:00,-8.704375,0,0.30025688,Iowa
2025-01-19 00:00:00+00:00,-17.313402,0,0.29948607,Iowa
2025-01-20 00:00:00+00:00,-18.719652,0,0.29870832,Iowa
2025-01-21 00:00:00+00:00,-20.709236,0,0.29789585,Iowa
2025-01-22 00:00:00+00:00,-5.9609723,0.116666675,0.29733336,Iowa
2025-01-23 00:00:00+00:00,-10.855069,0.1,0.29687503,Iowa
2025-01-24 00:00:00+00:00,-10.024861,0,0.2960903,Iowa
2025-01-25 00:00:00+00:00,-2.885625,0,0.2958472,Iowa
2025-01-26 00:00:00+00:00,-8.054375,0,0.29542363,Iowa
2025-01-27 00:00:00+00:00,-3.0394447,0,0.29504862,Iowa
2025-01-28 00:00:00+00:00,1.0095139,0,0.29544446,Iowa
2025-01-29 00:00:00+00:00,2.8084724,0,0.29654863,Iowa
2025-01-30 00:00:00+00:00,3.3397224,0.016666668,0.29518747,Iowa
2025-01-31 00:00:00+00:00,2.9164581,0,0.29404166,Iowa
2025-02-01 00:00:00+00:00,0.19805555,0.21666668,0.2912569,Iowa
2025-02-02 00:00:00+00:00,2.4234025,0.06666667,0.29124305,Iowa
2025-02-03 00:00:00+00:00,0.7869444,0,0.29110417,Iowa
2025-02-04 00:00:00+00:00,-9.744306,0,0.2911528,Iowa
2025-02-05 00:00:00+00:00,-7.798125,1.3833333,0.29098615,Iowa
2025-02-06 00:00:00+00:00,-3.659931,0.41666672,0.29030555,Iowa
2025-02-07 00:00:00+00:00,-4.590833,0.016666668,0.2900208,Iowa
2025-02-08 00:00:00+00:00,-2.8307638,1.9833335,0.28971526,Iowa
2025-02-09 00:00:00+00:00,-11.217568,0,0.2891736,Iowa
2025-02-10 00:00:00+00:00,-9.179375,0.5833333,0.2889375,Iowa
2025-02-11 00:00:00+00:00,-14.563056,2.0666668,0.2884167,Iowa
2025-02-12 00:00:00+00:00,-15.180763,4.7333336,0.28795138,Iowa
2025-02-13 00:00:00+00:00,-19.343264,0.30000004,0.28779167,Iowa
2025-02-14 00:00:00+00:00,-11.416181,1.2833334,0.28765973,Iowa
2025-02-15 00:00:00+00:00,-5.7859726,2.1166668,0.2871597,Iowa
2025-02-16 00:00:00+00:00,-14.013749,0.06666667,0.28688195,Iowa
2025-02-17 00:00:00+00:00,-20.043612,0.116666675,0.28665277,Iowa
2025-02-18 00:00:00+00:00,-22.999512,0.016666668,0.2865,Iowa
2025-02-19 00:00:00+00:00,-19.93979,0.016666668,0.28637502,Iowa
2025-02-20 00:00:00+00:00,-18.80368,0,0.28613892,Iowa
2025-02-21 00:00:00+00:00,-15.966527,0,0.28600004,Iowa
2025-02-22 00:00:00+00:00,-8.919306,0,0.2859653,Iowa
2025-02-23 00:00:00+00:00,-1.1943055,0,0.2858542,Iowa
2025-02-24 00:00:00+00:00,5.0539584,0.14999999,0.28798613,Iowa
2025-02-25 00:00:00+00:00,4.7470136,0.6666667,0.2975833,Iowa
2025-02-26 00:00:00+00:00,5.6275697,2.7333333,0.3041736,Iowa
2025-02-27 00:00:00+00:00,5.110555,0.083333336,0.3055139,Iowa
2025-02-28 00:00:00+00:00,6.351875,0,0.30571523,Iowa
2025-03-01 00:00:00+00:00,-3.4505556,0,0.30554858,Iowa
2025-03-02 00:00:00+00:00,-1.9533334,0,0.3035625,Iowa
2025-03-03 00:00:00+00:00,5.5442367,0,0.30277085,Iowa
2025-03-04 00:00:00+00:00,7.8643746,15.2,0.31149307,Iowa
2025-03-05 00:00:00+00:00,-2.0113194,23.283333,0.34745136,Iowa
2025-03-06 00:00:00+00:00,-3.4647915,0,0.3432014,Iowa
2025-03-07 00:00:00+00:00,0.18381946,7.7166667,0.33979857,Iowa
2025-03-08 00:00:00+00:00,-2.0689585,0,0.34118748,Iowa
2025-03-09 00:00:00+00:00,1.5376388,0,0.34042358,Iowa
2025-03-10 00:00:00+00:00,6.084513,0,0.35172224,Iowa
2025-03-11 00:00:00+00:00,5.122361,0,0.3519028,Iowa
2025-03-12 00:00:00+00:00,5.409861,0,0.34849998,Iowa
2025-03-13 00:00:00+00:00,9.2039585,0,0.33410415,Iowa
2025-03-14 00:00:00+00:00,15.398056,1.8666667,0.31496528,Iowa
2025-03-15 00:00:00+00:00,5.3918056,9.099999,0.31916666,Iowa
2025-03-16 00:00:00+00:00,-1.2009028,0,0.32096526,Iowa
2025-03-17 00:00:00+00:00,7.6834717,0,0.32156944,Iowa
2025-03-18 00:00:00+00:00,9.904653,0,0.3072083,Iowa
2025-03-19 00:00:00+00:00,3.4963195,17.016666,0.3058889,Iowa
2025-03-20 00:00:00+00:00,-1.0081943,0.2,0.31914583,Iowa
2025-03-21 00:00:00+00:00,4.3359027,0.6666667,0.32120833,Iowa
2025-03-22 00:00:00+00:00,1.1310416,0.033333335,0.33624995,Iowa
2025-03-23 00:00:00+00:00,6.825834,4.7000003,0.344875,Iowa
2025-03-24 00:00:00+00:00,3.037986,0,0.3541875,Iowa
2025-03-25 00:00:00+00:00,5.6477084,0.5,0.3505347,Iowa
2025-03-26 00:00:00+00:00,5.9838195,1.1833333,0.34525695,Iowa
2025-03-27 00:00:00+00:00,10.195277,0.083333336,0.33652082,Iowa
2025-03-28 00:00:00+00:00,16.681389,0.14999999,0.32950693,Iowa
2025-03-29 00:00:00+00:00,11.152917,7.633333,0.31813195,Iowa
2025-03-30 00:00:00+00:00,3.044583,17.366667,0.35083333,Iowa
2025-03-31 00:00:00+00:00,2.6570833,0.5166667,0.36088893,Iowa
2025-04-01 00:00:00+00:00,2.4348612,5.35,0.35466662,Iowa
2025-04-02 00:00:00+00:00,6.6338196,15.650001,0.37720135,Iowa
2025-04-03 00:00:00+00:00,4.7421527,0,0.37924305,Iowa
2025-04-04 00:00:00+00:00,5.183125,0.033333335,0.36779165,Iowa
2025-04-05 00:00:00+00:00,4.052917,0.56666666,0.35916662,Iowa
2025-04-06 00:00:00+00:00,3.6140277,0,0.3518333,Iowa
2025-04-07 00:00:00+00:00,3.1421528,0,0.33008334,Iowa
2025-04-08 00:00:00+00:00,1.439375,0,0.3205625,Iowa
2025-04-09 00:00:00+00:00,8.390763,0.05,0.31638885,Iowa
2025-04-10 00:00:00+00:00,9.833819,0.95000005,0.3010694,Iowa
2025-04-11 00:00:00+00:00,7.9327774,0.083333336,0.30343747,Iowa
2025-04-12 00:00:00+00:00,10.736945,0,0.31176388,Iowa
2025-04-13 00:00:00+00:00,15.823056,0.5833333,0.2925972,Iowa
2025-04-14 00:00:00+00:00,11.142154,0.56666666,0.28552777,Iowa
2025-04-15 00:00:00+00:00,7.2574306,0.4,0.28736803,Iowa
2025-04-16 00:00:00+00:00,9.726527,0,0.27270135,Iowa
2025-04-17 00:00:00+00:00,16.720972,6,0.23484723,Iowa
2025-04-18 00:00:00+00:00,11.628959,7.8333335,0.23490278,Iowa
2025-04-19 00:00:00+00:00,7.2990975,0.16666667,0.25057638,Iowa
2025-04-20 00:00:00+00:00,6.5987496,9.466667,0.25193748,Iowa
2025-04-21 00:00:00+00:00,9.364028,8.133333,0.27715972,Iowa
2025-04-22 00:00:00+00:00,14.305695,2.55,0.27400002,Iowa
2025-04-23 00:00:00+00:00,14.938682,1.4833332,0.26400694,Iowa
2025-04-24 00:00:00+00:00,12.799096,7.633333,0.25859722,Iowa
2025-04-25 00:00:00+00:00,10.639028,11.466667,0.2839514,Iowa
2025-04-26 00:00:00+00:00,9.780694,0,0.29818055,Iowa
2025-04-27 00:00:00+00:00,12.636945,3.0666668,0.295625,Iowa
2025-04-28 00:00:00+00:00,17.970625,8.7,0.2925764,Iowa
2025-04-29 00:00:00+00:00,11.992847,6.4166665,0.28802773,Iowa
2025-04-30 00:00:00+00:00,12.046319,0,0.28440276,Iowa
2025-05-01 00:00:00+00:00,13.877221,5.4166665,0.29331246,Iowa
2025-05-02 00:00:00+00:00,11.544236,0.86666673,0.3018959,Iowa
2025-05-03 00:00:00+00:00,10.282778,0.016666668,0.30134028,Iowa
2025-05-04 00:00:00+00:00,13.786597,0,0.2972639,Iowa
2025-05-05 00:00:00+00:00,15.961946,0,0.29754862,Iowa
2025-05-06 00:00:00+00:00,17.04493,0,0.29697916,Iowa
2025-05-07 00:00:00+00:00,18.597015,0.083333336,0.28525695,Iowa
2025-05-08 00:00:00+00:00,16.906042,0,0.27289584,Iowa
2025-05-09 00:00:00+00:00,17.384514,0,0.24458332,Iowa
2025-05-10 00:00:00+00:00,20.624792,0,0.22017355,Iowa
2025-05-11 00:00:00+00:00,21.50257,0,0.2050972,Iowa
2025-05-12 00:00:00+00:00,21.573402,0,0.19206943,Iowa
2025-05-13 00:00:00+00:00,22.724443,0.06666667,0.18294443,Iowa
2025-05-14 00:00:00+00:00,23.667847,0,0.17980556,Iowa
2025-05-15 00:00:00+00:00,22.187292,6.9666667,0.17988198,Iowa
2025-05-16 00:00:00+00:00,16.62375,1.1666666,0.18510418,Iowa
2025-05-17 00:00:00+00:00,10.504306,0.21666668,0.19770138,Iowa
2025-05-18 00:00:00+00:00,11.515763,0,0.20366669,Iowa
2025-05-19 00:00:00+00:00,14.124791,12.400001,0.20166664,Iowa
2025-05-20 00:00:00+00:00,11.972362,33.583336,0.29625,Iowa
2025-05-21 00:00:00+00:00,9.903611,2.8333337,0.3482361,Iowa
2025-05-22 00:00:00+00:00,10.671666,0.71666664,0.34379163,Iowa
2025-05-23 00:00:00+00:00,12.688682,0.18333334,0.3306111,Iowa
2025-05-24 00:00:00+00:00,13.860208,0.56666666,0.32012498,Iowa
2025-05-25 00:00:00+00:00,15.100139,0.06666667,0.31111804,Iowa
2025-05-26 00:00:00+00:00,14.625138,0.55,0.29619443,Iowa
2025-05-27 00:00:00+00:00,13.640069,5.2,0.2827361,Iowa
2025-05-28 00:00:00+00:00,13.805347,1.9000001,0.28331947,Iowa
2025-05-29 00:00:00+00:00,13.902917,0.9833334,0.28061113,Iowa
2025-05-30 00:00:00+00:00,17.295973,0.016666668,0.2722986,Iowa
2025-05-31 00:00:00+00:00,19.230347,0.016666668,0.26021528,Iowa
2025-06-01 00:00:00+00:00,20.21646,0,0.24795835,Iowa
2025-06-02 00:00:00+00:00,22.475832,2.75,0.23638888,Iowa
2025-06-03 00:00:00+00:00,18.541113,22.15,0.2356736,Iowa
2025-06-04 00:00:00+00:00,16.317846,0.36666667,0.26400003,Iowa
2025-06-05 00:00:00+00:00,17.945278,0.016666668,0.25990278,Iowa
2025-06-06 00:00:00+00:00,18.024445,3.5999997,0.2562847,Iowa
2025-06-07 00:00:00+00:00,18.7425,3.5666668,0.25376388,Iowa
2025-06-08 00:00:00+00:00,18.694584,0.2,0.25044444,Iowa
2025-06-09 00:00:00+00:00,15.605347,0.93333334,0.24495138,Iowa
2025-06-10 00:00:00+00:00,17.433474,0,0.24420138,Iowa
2025-06-11 00:00:00+00:00,23.238335,1.9333334,0.2211736,Iowa
2025-06-12 00:00:00+00:00,21.689375,3.3166666,0.21733332,Iowa
2025-06-13 00:00:00+00:00,22.450487,0.95000005,0.21869445,Iowa
2025-06-14 00:00:00+00:00,21.826529,5.5499997,0.22305556,Iowa
2025-06-15 00:00:00+00:00,21.411943,16.550001,0.23502775,Iowa
2025-06-16 00:00:00+00:00,23.314028,2.4666665,0.25088194,Iowa
2025-06-17 00:00:00+00:00,22.15639,6.5499997,0.25476387,Iowa
2025-06-18 00:00:00+00:00,20.11125,6.9,0.2634375,Iowa
2025-06-19 00:00:00+00:00,21.176874,0.8333333,0.26335415,Iowa
2025-06-20 00:00:00+00:00,24.806389,3.4833333,0.24853472,Iowa
2025-06-21 00:00:00+00:00,29.62236,0,0.2441111,Iowa
2025-06-22 00:00:00+00:00,29.398405,0,0.22879861,Iowa
2025-06-23 00:00:00+00:00,26.101181,13.933333,0.225375,Iowa
2025-06-24 00:00:00+00:00,21.941809,9.583333,0.24180551,Iowa
2025-06-25 00:00:00+00:00,22.957779,24.616667,0.2638889,Iowa
2025-06-26 00:00:00+00:00,22.520624,18.300001,0.31934026,Iowa
2025-06-27 00:00:00+00:00,20.580694,1.1999999,0.34274998,Iowa
2025-06-28 00:00:00+00:00,24.702225,0.1,0.32240278,Iowa
2025-06-29 00:00:00+00:00,25.203611,0.84999996,0.30374306,Iowa
2025-06-30 00:00:00+00:00,22.632776,1.4333333,0.2857361,Iowa
2025-07-01 00:00:00+00:00,22.093542,0,0.26668057,Iowa
2025-07-02 00:00:00+00:00,23.229303,0.45000002,0.24727082,Iowa
2025-07-03 00:00:00+00:00,25.046667,2.3999999,0.23102777,Iowa
2025-07-04 00:00:00+00:00,26.647707,0,0.21695833,Iowa
2025-07-05 00:00:00+00:00,24.773056,31.816668,0.21084028,Iowa
2025-07-06 00:00:00+00:00,23.544584,1.4499999,0.22068055,Iowa
2025-07-07 00:00:00+00:00,22.75986,2.0666666,0.21629862,Iowa
2025-07-08 00:00:00+00:00,22.963333,8.966666,0.20965278,Iowa
2025-07-09 00:00:00+00:00,23.602224,0.016666668,0.2011111,Iowa
2025-07-10 00:00:00+00:00,23.359169,9.3,0.19554166,Iowa
2025-07-11 00:00:00+00:00,22.173752,19.666666,0.20431946,Iowa
2025-07-12 00:00:00+00:00,21.549097,3.9333334,0.22364582,Iowa
2025-07-13 00:00:00+00:00,20.884514,0,0.21402083,Iowa
2025-07-14 00:00:00+00:00,23.957779,0.15,0.20380555,Iowa
2025-07-15 00:00:00+00:00,25.705347,0,0.19735418,Iowa
2025-07-16 00:00:00+00:00,22.877916,18.866667,0.19852777,Iowa
2025-07-17 00:00:00+00:00,17.743889,0.2,0.1969722,Iowa
2025-07-18 00:00:00+00:00,19.202223,0.41666666,0.1903125,Iowa
2025-07-19 00:00:00+00:00,23.012293,12.983335,0.1944722,Iowa
2025-07-20 00:00:00+00:00,23.237986,4.4,0.21007638,Iowa
2025-07-21 00:00:00+00:00,24.005346,0.55,0.22524305,Iowa
2025-07-22 00:00:00+00:00,25.106041,6.0500007,0.22402777,Iowa
2025-07-23 00:00:00+00:00,26.892502,6.366667,0.2168264,Iowa
2025-07-24 00:00:00+00:00,23.680346,6.0333333,0.21709722,Iowa
2025-07-25 00:00:00+00:00,23.674446,0,0.21971525,Iowa
2025-07-26 00:00:00+00:00,24.718887,0.6333334,0.20728473,Iowa
2025-07-27 00:00:00+00:00,25.953264,0,0.19861805,Iowa
2025-07-28 00:00:00+00:00,25.84493,26.416666,0.21110415,Iowa
2025-07-29 00:00:00+00:00,25.199446,7.933334,0.20550694,Iowa
2025-07-30 00:00:00+00:00,22.602919,10.2,0.21104164,Iowa
2025-07-31 00:00:00+00:00,20.606388,1.0333333,0.2575625,Iowa
2025-01-01 00:00:00+00:00,-0.21030001,0.060000002,0.35534167,Illinois
2025-01-02 00:00:00+00:00,-1.19155,0.76000005,0.34699997,Illinois
2025-01-03 00:00:00+00:00,-4.5223837,0.52000004,0.34087497,Illinois
2025-01-04 00:00:00+00:00,-8.377383,0,0.33594164,Illinois
2025-01-05 00:00:00+00:00,-6.689883,2.98,0.33189163,Illinois
2025-01-06 00:00:00+00:00,-5.8503,2.8799999,0.32850003,Illinois
2025-01-07 00:00:00+00:00,-7.4907165,0,0.325625,Illinois
2025-01-08 00:00:00+00:00,-8.18655,0,0.32300833,Illinois
2025-01-09 00:00:00+00:00,-8.764883,0,0.320625,Illinois
2025-01-10 00:00:00+00:00,-2.9823835,3.8200002,0.31847498,Illinois
2025-01-11 00:00:00+00:00,-3.1540499,0.66,0.31661665,Illinois
2025-01-12 00:00:00+00:00,-0.6378,1.0000001,0.3149417,Illinois
2025-01-13 00:00:00+00:00,-8.6061325,0,0.31370002,Illinois
2025-01-14 00:00:00+00:00,-9.868634,0.64,0.3122333,Illinois
2025-01-15 00:00:00+00:00,-13.187799,0,0.3108333,Illinois
2025-01-16 00:00:00+00:00,-2.8373833,0.060000002,0.30945,Illinois
2025-01-17 00:00:00+00:00,0.18095012,0,0.30844173,Illinois
2025-01-18 00:00:00+00:00,-1.0536333,0.060000002,0.31606668,Illinois
2025-01-19 00:00:00+00:00,-11.3728,0,0.31840834,Illinois
2025-01-20 00:00:00+00:00,-14.999884,0,0.31634164,Illinois
2025-01-21 00:00:00+00:00,-17.664883,0.120000005,0.3142583,Illinois
2025-01-22 00:00:00+00:00,-11.407799,0.26000002,0.31240004,Illinois
2025-01-23 00:00:00+00:00,-6.4482164,0.74,0.3107667,Illinois
2025-01-24 00:00:00+00:00,-12.239468,0,0.30935836,Illinois
2025-01-25 00:00:00+00:00,-2.60405,0,0.30815834,Illinois
2025-01-26 00:00:00+00:00,-3.3323834,0,0.30850002,Illinois
2025-01-27 00:00:00+00:00,-3.5557168,0,0.30826664,Illinois
2025-01-28 00:00:00+00:00,1.76595,0,0.30797496,Illinois
2025-01-29 00:00:00+00:00,4.0867834,0,0.30926666,Illinois
2025-01-30 00:00:00+00:00,2.1913667,1.3,0.3092917,Illinois
2025-01-31 00:00:00+00:00,4.7797,10.719999,0.3302583,Illinois
2025-02-01 00:00:00+00:00,0.82511663,0.120000005,0.35267502,Illinois
2025-02-02 00:00:00+00:00,4.9476166,0.3,0.34472498,Illinois
2025-02-03 00:00:00+00:00,7.501367,0,0.34054166,Illinois
2025-02-04 00:00:00+00:00,0.17511666,0,0.3323833,Illinois
2025-02-05 00:00:00+00:00,-2.3048835,0.91999996,0.3289,Illinois
2025-02-06 00:00:00+00:00,0.86469996,0.96000004,0.32730836,Illinois
2025-02-07 00:00:00+00:00,-1.4523833,0,0.32642502,Illinois
2025-02-08 00:00:00+00:00,0.053449966,1.0600001,0.32468337,Illinois
2025-02-09 00:00:00+00:00,-2.2628,0,0.32344168,Illinois
2025-02-10 00:00:00+00:00,-3.5936337,0,0.32132497,Illinois
2025-02-11 00:00:00+00:00,-1.6878,0.16,0.31939167,Illinois
2025-02-12 00:00:00+00:00,-3.9311333,5.7,0.31767496,Illinois
2025-02-13 00:00:00+00:00,-9.131968,1.5600001,0.31619167,Illinois
2025-02-14 00:00:00+00:00,-10.034051,0.4,0.3146417,Illinois
2025-02-15 00:00:00+00:00,-0.68196666,2.6399999,0.31338334,Illinois
2025-02-16 00:00:00+00:00,-4.5044665,0.62,0.3142083,Illinois
2025-02-17 00:00:00+00:00,-13.321134,0.24000001,0.31377494,Illinois
2025-02-18 00:00:00+00:00,-16.811968,0.46000004,0.31270832,Illinois
2025-02-19 00:00:00+00:00,-14.549051,0.58000004,0.31158334,Illinois
2025-02-20 00:00:00+00:00,-14.655716,0.120000005,0.3104667,Illinois
2025-02-21 00:00:00+00:00,-11.220717,0,0.3094333,Illinois
2025-02-22 00:00:00+00:00,-6.3132167,0,0.3084583,Illinois
2025-02-23 00:00:00+00:00,0.20136659,0,0.30785832,Illinois
2025-02-24 00:00:00+00:00,5.826367,0,0.3092583,Illinois
2025-02-25 00:00:00+00:00,6.7547007,0.4,0.31014165,Illinois
2025-02-26 00:00:00+00:00,6.846367,2.24,0.3087,Illinois
2025-02-27 00:00:00+00:00,6.03095,0.5,0.30957502,Illinois
2025-02-28 00:00:00+00:00,7.076783,0,0.30454165,Illinois
2025-03-01 00:00:00+00:00,0.58220005,0.02,0.29909998,Illinois
2025-03-02 00:00:00+00:00,-2.8478,0,0.29714164,Illinois
2025-03-03 00:00:00+00:00,3.2863667,0.26000002,0.29597503,Illinois
2025-03-04 00:00:00+00:00,9.95595,13.1,0.28990835,Illinois
2025-03-05 00:00:00+00:00,6.0913663,10.76,0.34066668,Illinois
2025-03-06 00:00:00+00:00,0.64428335,0.120000005,0.35898334,Illinois
2025-03-07 00:00:00+00:00,3.3676167,2,0.35009164,Illinois
2025-03-08 00:00:00+00:00,3.3072,0.14000002,0.34609997,Illinois
2025-03-09 00:00:00+00:00,5.9542837,0,0.34168333,Illinois
2025-03-10 00:00:00+00:00,9.930532,0,0.33209166,Illinois
2025-03-11 00:00:00+00:00,12.968033,0,0.33159167,Illinois
2025-03-12 00:00:00+00:00,8.291783,0,0.32095835,Illinois
2025-03-13 00:00:00+00:00,11.254283,0,0.31958336,Illinois
2025-03-14 00:00:00+00:00,17.275951,0.08,0.30837497,Illinois
2025-03-15 00:00:00+00:00,15.683451,5.82,0.30085,Illinois
2025-03-16 00:00:00+00:00,2.7813668,5.7000003,0.32513332,Illinois
2025-03-17 00:00:00+00:00,2.875533,0,0.3295,Illinois
2025-03-18 00:00:00+00:00,13.196782,0,0.32333332,Illinois
2025-03-19 00:00:00+00:00,15.33595,7.3199997,0.31755,Illinois
2025-03-20 00:00:00+00:00,3.2567832,7.4600005,0.34354162,Illinois
2025-03-21 00:00:00+00:00,5.26095,0,0.34780002,Illinois
2025-03-22 00:00:00+00:00,6.40845,0.08,0.3369333,Illinois
2025-03-23 00:00:00+00:00,8.015533,4.62,0.32837498,Illinois
2025-03-24 00:00:00+00:00,5.8392835,0.54,0.32792503,Illinois
2025-03-25 00:00:00+00:00,6.959699,0.78000003,0.32931668,Illinois
2025-03-26 00:00:00+00:00,6.6742835,0.17999999,0.32137498,Illinois
2025-03-27 00:00:00+00:00,9.5122,2.74,0.3158,Illinois
2025-03-28 00:00:00+00:00,16.2247,3.3600001,0.316275,Illinois
2025-03-29 00:00:00+00:00,18.899282,1.52,0.30298334,Illinois
2025-03-30 00:00:00+00:00,16.558867,8.68,0.29805,Illinois
2025-03-31 00:00:00+00:00,6.3613667,0.060000002,0.30026668,Illinois
2025-04-01 00:00:00+00:00,4.5755334,0.08,0.30064166,Illinois
2025-04-02 00:00:00+00:00,13.325949,19.34,0.31625003,Illinois
2025-04-03 00:00:00+00:00,11.698033,0.44,0.331375,Illinois
2025-04-04 00:00:00+00:00,7.654283,5.34,0.32558337,Illinois
2025-04-05 00:00:00+00:00,7.960533,12.92,0.35129166,Illinois
2025-04-06 00:00:00+00:00,5.90845,0.22,0.35190833,Illinois
2025-04-07 00:00:00+00:00,5.2126164,0.1,0.3390917,Illinois
2025-04-08 00:00:00+00:00,1.7576168,0,0.33396667,Illinois
2025-04-09 00:00:00+00:00,6.401367,2.74,0.33314997,Illinois
2025-04-10 00:00:00+00:00,8.276783,3.42,0.3241667,Illinois
2025-04-11 00:00:00+00:00,7.716783,0.36,0.3159417,Illinois
2025-04-12 00:00:00+00:00,8.240534,0,0.29926667,Illinois
2025-04-13 00:00:00+00:00,13.196783,1.22,0.28582498,Illinois
2025-04-14 00:00:00+00:00,15.217199,0.08,0.27435833,Illinois
2025-04-15 00:00:00+00:00,9.701783,0.1,0.26099166,Illinois
2025-04-16 00:00:00+00:00,9.06595,0.060000002,0.2435917,Illinois
2025-04-17 00:00:00+00:00,14.039284,3.8200002,0.21328333,Illinois
2025-04-18 00:00:00+00:00,20.273449,2.98,0.19303331,Illinois
2025-04-19 00:00:00+00:00,14.263034,6.2400002,0.20125833,Illinois
2025-04-20 00:00:00+00:00,13.20345,9.280001,0.21974167,Illinois
2025-04-21 00:00:00+00:00,14.482199,8.86,0.27008334,Illinois
2025-04-22 00:00:00+00:00,14.141783,2.1399999,0.2871917,Illinois
2025-04-23 00:00:00+00:00,17.834702,1.9400002,0.29273334,Illinois
2025-04-24 00:00:00+00:00,18.6772,0.060000002,0.29791665,Illinois
2025-04-25 00:00:00+00:00,17.658867,3.2400002,0.29579166,Illinois
2025-04-26 00:00:00+00:00,12.330117,0.04,0.30304998,Illinois
2025-04-27 00:00:00+00:00,11.7322,0,0.29643336,Illinois
2025-04-28 00:00:00+00:00,17.988867,0,0.28223333,Illinois
2025-04-29 00:00:00+00:00,20.468866,0.98,0.27515832,Illinois
2025-04-30 00:00:00+00:00,12.61845,4,0.26784995,Illinois
2025-05-01 00:00:00+00:00,16.774282,17.7,0.2819,Illinois
2025-05-02 00:00:00+00:00,15.5972,1.82,0.29950833,Illinois
2025-05-03 00:00:00+00:00,11.4872,5.1800003,0.300225,Illinois
2025-05-04 00:00:00+00:00,10.852617,2.4399998,0.305025,Illinois
2025-05-05 00:00:00+00:00,12.258033,0.50000006,0.30967498,Illinois
2025-05-06 00:00:00+00:00,14.053034,0,0.30635,Illinois
2025-05-07 00:00:00+00:00,17.318033,0.44,0.29885834,Illinois
2025-05-08 00:00:00+00:00,15.16595,1.4199998,0.29096666,Illinois
2025-05-09 00:00:00+00:00,13.001782,0,0.27268332,Illinois
2025-05-10 00:00:00+00:00,16.071367,0,0.24904998,Illinois
2025-05-11 00:00:00+00:00,16.9222,0,0.22096667,Illinois
2025-05-12 00:00:00+00:00,20.04595,1.0600001,0.20194165,Illinois
2025-05-13 00:00:00+00:00,20.759699,2.04,0.19030836,Illinois
2025-05-14 00:00:00+00:00,21.980534,0.24000001,0.191225,Illinois
2025-05-15 00:00:00+00:00,24.999283,2.0800002,0.18801668,Illinois
2025-05-16 00:00:00+00:00,23.023867,0.38,0.18557504,Illinois
2025-05-17 00:00:00+00:00,17.208035,0.060000002,0.18870835,Illinois
2025-05-18 00:00:00+00:00,15.902201,0,0.18187502,Illinois
2025-05-19 00:00:00+00:00,16.403034,1.8400002,0.17217502,Illinois
2025-05-20 00:00:00+00:00,17.6847,26.1,0.18881667,Illinois
2025-05-21 00:00:00+00:00,14.157618,3.3400002,0.25174168,Illinois
2025-05-22 00:00:00+00:00,12.330116,0.88,0.25945836,Illinois
2025-05-23 00:00:00+00:00,13.180949,0.060000002,0.25636667,Illinois
2025-05-24 00:00:00+00:00,15.332199,0.120000005,0.24169166,Illinois
2025-05-25 00:00:00+00:00,15.8105345,0.1,0.22871666,Illinois
2025-05-26 00:00:00+00:00,15.030535,0,0.21769166,Illinois
2025-05-27 00:00:00+00:00,16.843033,1.04,0.20142499,Illinois
2025-05-28 00:00:00+00:00,16.82095,4.9999995,0.18788332,Illinois
2025-05-29 00:00:00+00:00,15.8772,0.34,0.18958333,Illinois
2025-05-30 00:00:00+00:00,17.861784,0.74,0.18765001,Illinois
2025-05-31 00:00:00+00:00,20.3347,0.14,0.18304166,Illinois
2025-06-01 00:00:00+00:00,18.628033,0,0.179125,Illinois
2025-06-02 00:00:00+00:00,21.073032,0,0.17625001,Illinois
2025-06-03 00:00:00+00:00,24.658033,4.98,0.16920833,Illinois
2025-06-04 00:00:00+00:00,20.828869,39.32,0.21750835,Illinois
2025-06-05 00:00:00+00:00,18.608868,5.96,0.27964166,Illinois
2025-06-06 00:00:00+00:00,19.417616,0.28000003,0.277225,Illinois
2025-06-07 00:00:00+00:00,18.781368,5.2200003,0.26714164,Illinois
2025-06-08 00:00:00+00:00,19.338032,3.8,0.26479998,Illinois
2025-06-09 00:00:00+00:00,17.416367,0.54,0.26093334,Illinois
2025-06-10 00:00:00+00:00,17.51345,0,0.24919167,Illinois
2025-06-11 00:00:00+00:00,21.8747,0,0.22980002,Illinois
2025-06-12 00:00:00+00:00,23.218866,0.08,0.21320832,Illinois
2025-06-13 00:00:00+00:00,22.01595,4.4799995,0.20477498,Illinois
2025-06-14 00:00:00+00:00,21.6697,3.2199998,0.20903333,Illinois
2025-06-15 00:00:00+00:00,22.123867,0.22,0.21305004,Illinois
2025-06-16 00:00:00+00:00,23.438868,0.36,0.2047917,Illinois
2025-06-17 00:00:00+00:00,24.520535,2.16,0.20133333,Illinois
2025-06-18 00:00:00+00:00,22.186367,19.18,0.18748334,Illinois
2025-06-19 00:00:00+00:00,22.074284,3.7199998,0.20123334,Illinois
2025-06-20 00:00:00+00:00,23.085535,1.1600001,0.19886665,Illinois
2025-06-21 00:00:00+00:00,28.071783,0,0.19421665,Illinois
2025-06-22 00:00:00+00:00,29.391367,0,0.18474168,Illinois
2025-06-23 00:00:00+00:00,29.24845,0,0.17766666,Illinois
2025-06-24 00:00:00+00:00,28.54095,1.3999999,0.17421666,Illinois
2025-06-25 00:00:00+00:00,26.887201,2.9200006,0.17605834,Illinois
2025-06-26 00:00:00+00:00,27.857616,2.76,0.17304167,Illinois
2025-06-27 00:00:00+00:00,26.205952,9.620001,0.17293333,Illinois
2025-06-28 00:00:00+00:00,24.991785,0.26000002,0.17819999,Illinois
2025-06-29 00:00:00+00:00,26.180119,1.9399999,0.17225835,Illinois
2025-06-30 00:00:00+00:00,24.8522,6.5800004,0.18109167,Illinois
2025-07-01 00:00:00+00:00,24.22845,0.6,0.17773333,Illinois
2025-07-02 00:00:00+00:00,24.400532,0,0.16723333,Illinois
2025-07-03 00:00:00+00:00,25.407618,0,0.16946669,Illinois
2025-07-04 00:00:00+00:00,26.666367,0.16,0.16968332,Illinois
2025-07-05 00:00:00+00:00,26.740116,0.64,0.17734165,Illinois
2025-07-06 00:00:00+00:00,25.7272,5.0600004,0.175175,Illinois
2025-07-07 00:00:00+00:00,24.04845,0.67999995,0.16820002,Illinois
2025-07-08 00:00:00+00:00,24.153866,1.7,0.16038333,Illinois
2025-07-09 00:00:00+00:00,24.3222,1.3399999,0.15974167,Illinois
2025-07-10 00:00:00+00:00,25.3097,0.56000006,0.15539166,Illinois
2025-07-11 00:00:00+00:00,25.941366,12.480001,0.17233333,Illinois
2025-07-12 00:00:00+00:00,24.731785,6.6400003,0.20727503,Illinois
2025-07-13 00:00:00+00:00,23.288866,2.7199998,0.21852498,Illinois
2025-07-14 00:00:00+00:00,23.242619,0.34,0.2130417,Illinois
2025-07-15 00:00:00+00:00,24.940533,0.8,0.20434168,Illinois
2025-07-16 00:00:00+00:00,25.757198,2.3,0.19778334,Illinois
2025-07-17 00:00:00+00:00,23.510117,0.42,0.19854999,Illinois
2025-07-18 00:00:00+00:00,21.935535,0.120000005,0.19680834,Illinois
2025-07-19 00:00:00+00:00,24.200115,13.9800005,0.19545834,Illinois
2025-07-20 00:00:00+00:00,24.662617,10.58,0.20648333,Illinois
2025-07-21 00:00:00+00:00,23.463867,9.320002,0.24441664,Illinois
2025-07-22 00:00:00+00:00,24.781366,1.7800001,0.24825835,Illinois
2025-07-23 00:00:00+00:00,26.78095,1.5400001,0.237325,Illinois
2025-07-24 00:00:00+00:00,27.553034,0.54,0.22419167,Illinois
2025-07-25 00:00:00+00:00,25.429285,22.959997,0.22645001,Illinois
2025-07-26 00:00:00+00:00,24.962616,18.080002,0.23210832,Illinois
2025-07-27 00:00:00+00:00,25.921366,3.8,0.26188332,Illinois
2025-07-28 00:00:00+00:00,26.640533,5.54,0.25792497,Illinois
2025-07-29 00:00:00+00:00,26.681366,0.82,0.24416666,Illinois
2025-07-30 00:00:00+00:00,25.356785,12.92,0.23804998,Illinois
2025-07-31 00:00:00+00:00,21.42095,3.5,0.252675,Illinois
2025-01-01 00:00:00+00:00,-2.5958054,0.033333335,0.25278476,Nebraska
2025-01-02 00:00:00+00:00,-1.84025,0.3166667,0.25262502,Nebraska
2025-01-03 00:00:00+00:00,-4.122195,0,0.25215968,Nebraska
2025-01-04 00:00:00+00:00,-7.192681,0.5666667,0.2510347,Nebraska
2025-01-05 00:00:00+00:00,-10.502403,7.3833327,0.24995138,Nebraska
2025-01-06 00:00:00+00:00,-13.460388,0.18333334,0.24857639,Nebraska
2025-01-07 00:00:00+00:00,-10.737125,0.05,0.24734032,Nebraska
2025-01-08 00:00:00+00:00,-11.936084,0,0.24611111,Nebraska
2025-01-09 00:00:00+00:00,-4.523236,0.33333334,0.2449097,Nebraska
2025-01-10 00:00:00+00:00,-3.0735834,0.26666668,0.24374306,Nebraska
2025-01-11 00:00:00+00:00,-2.9458055,0.033333335,0.2425972,Nebraska
2025-01-12 00:00:00+00:00,-2.5249722,0.2,0.24175696,Nebraska
2025-01-13 00:00:00+00:00,-8.984347,0,0.2408681,Nebraska
2025-01-14 00:00:00+00:00,-7.797194,0.16666667,0.23995143,Nebraska
2025-01-15 00:00:00+00:00,-6.420111,0.033333335,0.23896529,Nebraska
2025-01-16 00:00:00+00:00,2.4576666,0,0.23844445,Nebraska
2025-01-17 00:00:00+00:00,3.0295417,0,0.23891665,Nebraska
2025-01-18 00:00:00+00:00,-6.45032,0,0.24243058,Nebraska
2025-01-19 00:00:00+00:00,-13.4465,0,0.24218059,Nebraska
2025-01-20 00:00:00+00:00,-15.780181,0.1,0.24115974,Nebraska
2025-01-21 00:00:00+00:00,-16.877056,0,0.24031252,Nebraska
2025-01-22 00:00:00+00:00,-2.5159445,0.083333336,0.23964588,Nebraska
2025-01-23 00:00:00+00:00,-5.790251,0.15,0.23896532,Nebraska
2025-01-24 00:00:00+00:00,-4.7857356,0,0.23829164,Nebraska
2025-01-25 00:00:00+00:00,-0.73990273,0.15,0.23793054,Nebraska
2025-01-26 00:00:00+00:00,-4.629486,0,0.23774303,Nebraska
2025-01-27 00:00:00+00:00,-1.3628193,0,0.23733331,Nebraska
2025-01-28 00:00:00+00:00,2.6705139,0,0.23780553,Nebraska
2025-01-29 00:00:00+00:00,3.3809307,0,0.23889588,Nebraska
2025-01-30 00:00:00+00:00,3.8229446,0.7166667,0.24000697,Nebraska
2025-01-31 00:00:00+00:00,2.9496806,4.633333,0.24832636,Nebraska
2025-02-01 00:00:00+00:00,2.8663473,0,0.25170135,Nebraska
2025-02-02 00:00:00+00:00,4.7437778,0,0.25031945,Nebraska
2025-02-03 00:00:00+00:00,1.9760696,0,0.24745835,Nebraska
2025-02-04 00:00:00+00:00,-6.741986,0,0.24669443,Nebraska
2025-02-05 00:00:00+00:00,-5.177056,0.16666667,0.24552083,Nebraska
2025-02-06 00:00:00+00:00,-1.9458055,0,0.24425,Nebraska
2025-02-07 00:00:00+00:00,-0.5284444,0,0.24414586,Nebraska
2025-02-08 00:00:00+00:00,-1.3638611,0.18333334,0.24279863,Nebraska
2025-02-09 00:00:00+00:00,-5.194417,0.13333334,0.240875,Nebraska
2025-02-10 00:00:00+00:00,-4.430875,0.4,0.23984031,Nebraska
2025-02-11 00:00:00+00:00,-10.295806,0.8500001,0.23893751,Nebraska
2025-02-12 00:00:00+00:00,-13.982959,6.7000003,0.23820142,Nebraska
2025-02-13 00:00:00+00:00,-17.82879,0,0.23756246,Nebraska
2025-02-14 00:00:00+00:00,-7.0985837,0.2,0.23675692,Nebraska
2025-02-15 00:00:00+00:00,-5.6892076,1.7833333,0.23620136,Nebraska
2025-02-16 00:00:00+00:00,-13.766639,0,0.2355,Nebraska
2025-02-17 00:00:00+00:00,-15.452056,3,0.2349722,Nebraska
2025-02-18 00:00:00+00:00,-21.009346,1.9333334,0.23443751,Nebraska
2025-02-19 00:00:00+00:00,-20.028791,0.36666667,0.2340625,Nebraska
2025-02-20 00:00:00+00:00,-21.947195,0,0.23372917,Nebraska
2025-02-21 00:00:00+00:00,-16.097195,0,0.23332639,Nebraska
2025-02-22 00:00:00+00:00,-6.205528,0,0.2330625,Nebraska
2025-02-23 00:00:00+00:00,2.2007222,0,0.23300003,Nebraska
2025-02-24 00:00:00+00:00,7.9458613,0,0.23629166,Nebraska
2025-02-25 00:00:00+00:00,7.319472,0,0.23625,Nebraska
2025-02-26 00:00:00+00:00,9.004542,0.083333336,0.24984722,Nebraska
2025-02-27 00:00:00+00:00,6.6705136,0,0.24436112,Nebraska
2025-02-28 00:00:00+00:00,8.8302355,0,0.2462222,Nebraska
2025-03-01 00:00:00+00:00,1.9757223,0,0.24758331,Nebraska
2025-03-02 00:00:00+00:00,2.323639,0,0.24811809,Nebraska
2025-03-03 00:00:00+00:00,8.835792,0.016666668,0.25222918,Nebraska
2025-03-04 00:00:00+00:00,8.126416,14.466667,0.2559028,Nebraska
2025-03-05 00:00:00+00:00,-1.6350416,6.65,0.2667153,Nebraska
2025-03-06 00:00:00+00:00,0.027111134,0.16666667,0.27186108,Nebraska
2025-03-07 00:00:00+00:00,1.4847499,5.3333335,0.2734792,Nebraska
2025-03-08 00:00:00+00:00,0.027111232,0,0.27925697,Nebraska
2025-03-09 00:00:00+00:00,4.487875,0,0.2810764,Nebraska
2025-03-10 00:00:00+00:00,10.390653,0,0.28178474,Nebraska
2025-03-11 00:00:00+00:00,8.272944,0,0.27180552,Nebraska
2025-03-12 00:00:00+00:00,8.354889,0,0.27107638,Nebraska
2025-03-13 00:00:00+00:00,12.000375,0,0.25977084,Nebraska
2025-03-14 00:00:00+00:00,15.462528,1.85,0.24925001,Nebraska
2025-03-15 00:00:00+00:00,5.5684304,4.0666666,0.24944443,Nebraska
2025-03-16 00:00:00+00:00,2.3451667,0,0.2577361,Nebraska
2025-03-17 00:00:00+00:00,11.9285,0,0.24790972,Nebraska
2025-03-18 00:00:00+00:00,12.273639,0,0.23659028,Nebraska
2025-03-19 00:00:00+00:00,4.13857,12.283334,0.23450696,Nebraska
2025-03-20 00:00:00+00:00,1.4788471,0.033333335,0.24168749,Nebraska
2025-03-21 00:00:00+00:00,8.380237,0,0.23992361,Nebraska
2025-03-22 00:00:00+00:00,6.952805,0.18333334,0.2495486,Nebraska
2025-03-23 00:00:00+00:00,10.329541,0.46666667,0.24244444,Nebraska
2025-03-24 00:00:00+00:00,7.5007224,0.033333335,0.24661808,Nebraska
2025-03-25 00:00:00+00:00,10.171903,0.083333336,0.24252777,Nebraska
2025-03-26 00:00:00+00:00,10.014611,0.033333335,0.23977083,Nebraska
2025-03-27 00:00:00+00:00,14.95975,0.29999998,0.23136114,Nebraska
2025-03-28 00:00:00+00:00,20.35628,0.13333334,0.21922916,Nebraska
2025-03-29 00:00:00+00:00,12.415652,7.0500007,0.21995832,Nebraska
2025-03-30 00:00:00+00:00,3.7587082,1.0999999,0.23013194,Nebraska
2025-03-31 00:00:00+00:00,4.7094026,0,0.23277085,Nebraska
2025-04-01 00:00:00+00:00,7.620861,2.55,0.23234028,Nebraska
2025-04-02 00:00:00+00:00,9.648986,15.083332,0.2524722,Nebraska
2025-04-03 00:00:00+00:00,6.1392636,0.25,0.2623264,Nebraska
2025-04-04 00:00:00+00:00,6.9010696,6.066667,0.26090276,Nebraska
2025-04-05 00:00:00+00:00,3.4590557,0.55,0.26341668,Nebraska
2025-04-06 00:00:00+00:00,4.8128753,0,0.2581389,Nebraska
2025-04-07 00:00:00+00:00,5.2100973,0,0.24618053,Nebraska
2025-04-08 00:00:00+00:00,5.5253754,0,0.2383403,Nebraska
2025-04-09 00:00:00+00:00,13.83857,0.3,0.2232986,Nebraska
2025-04-10 00:00:00+00:00,13.362874,0.05,0.20875,Nebraska
2025-04-11 00:00:00+00:00,11.745861,0,0.2019375,Nebraska
2025-04-12 00:00:00+00:00,16.311138,0,0.18665276,Nebraska
2025-04-13 00:00:00+00:00,19.162527,0,0.17466669,Nebraska
2025-04-14 00:00:00+00:00,12.793777,0.33333334,0.17310417,Nebraska
2025-04-15 00:00:00+00:00,9.486835,0,0.19496529,Nebraska
2025-04-16 00:00:00+00:00,14.885445,0,0.19072916,Nebraska
2025-04-17 00:00:00+00:00,20.269472,0.18333334,0.17485417,Nebraska
2025-04-18 00:00:00+00:00,10.723292,1.3333334,0.18626387,Nebraska
2025-04-19 00:00:00+00:00,7.8184304,0,0.20666666,Nebraska
2025-04-20 00:00:00+00:00,8.72121,2.5166664,0.20838195,Nebraska
2025-04-21 00:00:00+00:00,11.1114855,0.41666666,0.22366665,Nebraska
2025-04-22 00:00:00+00:00,15.319819,1.2833333,0.21098612,Nebraska
2025-04-23 00:00:00+00:00,15.883361,1.1166667,0.19911802,Nebraska
2025-04-24 00:00:00+00:00,14.042389,15.216667,0.19697917,Nebraska
2025-04-25 00:00:00+00:00,11.641347,7.5,0.21791665,Nebraska
2025-04-26 00:00:00+00:00,11.331277,0.4,0.22711806,Nebraska
2025-04-27 00:00:00+00:00,14.419472,0.81666666,0.23238884,Nebraska
2025-04-28 00:00:00+00:00,21.155584,0.8333333,0.23447223,Nebraska
2025-04-29 00:00:00+00:00,13.064263,1.1166667,0.2276875,Nebraska
2025-04-30 00:00:00+00:00,13.686486,7.0166664,0.22006251,Nebraska
2025-05-01 00:00:00+00:00,14.9840555,5.0666666,0.2260486,Nebraska
2025-05-02 00:00:00+00:00,12.091694,3.8499997,0.23761111,Nebraska
2025-05-03 00:00:00+00:00,11.5934305,0,0.24522917,Nebraska
2025-05-04 00:00:00+00:00,14.141,0,0.2315625,Nebraska
2025-05-05 00:00:00+00:00,16.683361,0.033333335,0.21229862,Nebraska
2025-05-06 00:00:00+00:00,17.74864,0,0.19687499,Nebraska
2025-05-07 00:00:00+00:00,18.289263,0.083333336,0.19220833,Nebraska
2025-05-08 00:00:00+00:00,17.952806,0.016666668,0.19529861,Nebraska
2025-05-09 00:00:00+00:00,19.587181,0,0.19100694,Nebraska
2025-05-10 00:00:00+00:00,21.29586,0,0.18549998,Nebraska
2025-05-11 00:00:00+00:00,22.91218,0,0.18129861,Nebraska
2025-05-12 00:00:00+00:00,22.410097,0,0.17740972,Nebraska
2025-05-13 00:00:00+00:00,22.898293,0,0.17483334,Nebraska
2025-05-14 00:00:00+00:00,24.060097,0.083333336,0.17363195,Nebraska
2025-05-15 00:00:00+00:00,20.48475,4.9166665,0.17697918,Nebraska
2025-05-16 00:00:00+00:00,16.797598,1.9666666,0.18886112,Nebraska
2025-05-17 00:00:00+00:00,14.013223,0,0.19961113,Nebraska
2025-05-18 00:00:00+00:00,15.076764,1.4499999,0.1926875,Nebraska
2025-05-19 00:00:00+00:00,17.936485,30.016668,0.20204861,Nebraska
2025-05-20 00:00:00+00:00,13.622597,4.2833333,0.23589586,Nebraska
2025-05-21 00:00:00+00:00,12.792389,0.06666667,0.24140279,Nebraska
2025-05-22 00:00:00+00:00,12.8382225,0.06666667,0.23568751,Nebraska
2025-05-23 00:00:00+00:00,13.138569,5.5,0.23027085,Nebraska
2025-05-24 00:00:00+00:00,14.562875,4.4,0.23443055,Nebraska
2025-05-25 00:00:00+00:00,15.076764,7.066667,0.24333332,Nebraska
2025-05-26 00:00:00+00:00,13.860791,7,0.25071526,Nebraska
2025-05-27 00:00:00+00:00,12.790652,4.9666657,0.2739375,Nebraska
2025-05-28 00:00:00+00:00,13.0802355,1.9500002,0.28039584,Nebraska
2025-05-29 00:00:00+00:00,14.372945,2.7333333,0.28300002,Nebraska
2025-05-30 00:00:00+00:00,16.52329,0.033333335,0.27493057,Nebraska
2025-05-31 00:00:00+00:00,19.558708,0.4,0.25625694,Nebraska
2025-06-01 00:00:00+00:00,20.640654,0.05,0.23614581,Nebraska
2025-06-02 00:00:00+00:00,23.774681,1.5,0.21509027,Nebraska
2025-06-03 00:00:00+00:00,17.971209,35.099995,0.21980555,Nebraska
2025-06-04 00:00:00+00:00,15.821903,0.083333336,0.24126387,Nebraska
2025-06-05 00:00:00+00:00,17.124334,1.7666668,0.2344236,Nebraska
2025-06-06 00:00:00+00:00,17.86496,1.6666666,0.23226388,Nebraska
2025-06-07 00:00:00+00:00,19.410444,11.133334,0.23468055,Nebraska
2025-06-08 00:00:00+00:00,19.123636,1.1333333,0.22377779,Nebraska
2025-06-09 00:00:00+00:00,17.723639,0,0.21729167,Nebraska
2025-06-10 00:00:00+00:00,19.873293,0,0.20509028,Nebraska
2025-06-11 00:00:00+00:00,25.491346,0.4,0.17530556,Nebraska
2025-06-12 00:00:00+00:00,24.759054,0.13333334,0.16405554,Nebraska
2025-06-13 00:00:00+00:00,24.024681,0.016666668,0.16978472,Nebraska
2025-06-14 00:00:00+00:00,24.55732,0.4,0.17368056,Nebraska
2025-06-15 00:00:00+00:00,25.654196,0.28333333,0.1715486,Nebraska
2025-06-16 00:00:00+00:00,26.756624,1.25,0.16277777,Nebraska
2025-06-17 00:00:00+00:00,23.101763,7.266667,0.16856249,Nebraska
2025-06-18 00:00:00+00:00,20.917738,6.0499997,0.17680557,Nebraska
2025-06-19 00:00:00+00:00,23.290655,0.05,0.1722639,Nebraska
2025-06-20 00:00:00+00:00,30.059402,0,0.15671527,Nebraska
2025-06-21 00:00:00+00:00,31.860098,0,0.15514582,Nebraska
2025-06-22 00:00:00+00:00,30.756279,0.11666667,0.15415971,Nebraska
2025-06-23 00:00:00+00:00,25.766348,5.1,0.15728472,Nebraska
2025-06-24 00:00:00+00:00,22.208015,21.749998,0.21434028,Nebraska
2025-06-25 00:00:00+00:00,24.102112,9.35,0.25138196,Nebraska
2025-06-26 00:00:00+00:00,23.29586,16.266666,0.28972915,Nebraska
2025-06-27 00:00:00+00:00,23.749334,0.15,0.28800693,Nebraska
2025-06-28 00:00:00+00:00,26.472595,0.8833334,0.26421526,Nebraska
2025-06-29 00:00:00+00:00,25.202805,2.9000003,0.24497916,Nebraska
2025-06-30 00:00:00+00:00,23.31843,6.183333,0.23646528,Nebraska
2025-07-01 00:00:00+00:00,22.758013,0,0.2227361,Nebraska
2025-07-02 00:00:00+00:00,24.799334,0.2,0.21054167,Nebraska
2025-07-03 00:00:00+00:00,26.836138,0,0.20306945,Nebraska
2025-07-04 00:00:00+00:00,26.558363,2.8999999,0.19599307,Nebraska
2025-07-05 00:00:00+00:00,25.384054,7.716667,0.192625,Nebraska
2025-07-06 00:00:00+00:00,24.531626,1.3499999,0.18459027,Nebraska
2025-07-07 00:00:00+00:00,24.106277,6.850001,0.17527777,Nebraska
2025-07-08 00:00:00+00:00,23.783014,4.7499995,0.1711389,Nebraska
2025-07-09 00:00:00+00:00,26.000723,0.05,0.17094444,Nebraska
2025-07-10 00:00:00+00:00,26.995863,1.7833333,0.17155556,Nebraska
2025-07-11 00:00:00+00:00,23.8851,11.783333,0.19466667,Nebraska
2025-07-12 00:00:00+00:00,21.959055,3.0000002,0.19515277,Nebraska
2025-07-13 00:00:00+00:00,22.548294,0.033333335,0.19638889,Nebraska
2025-07-14 00:00:00+00:00,25.767042,0,0.18597221,Nebraska
2025-07-15 00:00:00+00:00,27.03267,2.9833336,0.17986111,Nebraska
2025-07-16 00:00:00+00:00,23.167389,9.283334,0.1763889,Nebraska
2025-07-17 00:00:00+00:00,19.313223,10.549999,0.19184725,Nebraska
2025-07-18 00:00:00+00:00,22.86461,0.29999998,0.1902361,Nebraska
2025-07-19 00:00:00+00:00,25.314611,4.200001,0.19006945,Nebraska
2025-07-20 00:00:00+00:00,24.80697,12.533334,0.1949097,Nebraska
2025-07-21 00:00:00+00:00,26.641,1.5666666,0.19286112,Nebraska
2025-07-22 00:00:00+00:00,25.652807,0.06666667,0.2003125,Nebraska
2025-07-23 00:00:00+00:00,27.64586,6.316667,0.19768058,Nebraska
2025-07-24 00:00:00+00:00,24.36461,5.066667,0.19366668,Nebraska
2025-07-25 00:00:00+00:00,24.021555,2.0166667,0.20014586,Nebraska
2025-07-26 00:00:00+00:00,25.225374,0.7666666,0.2009861,Nebraska
2025-07-27 00:00:00+00:00,28.456972,0,0.19513889,Nebraska
2025-07-28 00:00:00+00:00,29.295515,0.76666665,0.19120137,Nebraska
2025-07-29 00:00:00+00:00,28.251068,9.8,0.1959861,Nebraska
2025-07-30 00:00:00+00:00,24.112875,11.316667,0.18904167,Nebraska
2025-07-31 00:00:00+00:00,22.11461,1.9666667,0.19855554,Nebraska
2025-01-01 00:00:00+00:00,-6.136777878,0.083333336,0.3607985973358154,Minnesota
2025-01-02 00:00:00+00:00,-7.92462492,0,0.3576596975326538,Minnesota
2025-01-03 00:00:00+00:00,-11.97011185,0,0.3544096946716308,Minnesota
2025-01-04 00:00:00+00:00,-15.67358398,0,0.3514097034931183,Minnesota
2025-01-05 00:00:00+00:00,-15.97011185,0,0.3487708270549774,Minnesota
2025-01-06 00:00:00+00:00,-14.39823627,0,0.3465694487094879,Minnesota
2025-01-07 00:00:00+00:00,-11.5878191,0,0.3445833027362823,Minnesota
2025-01-08 00:00:00+00:00,-12.32636166,0,0.3429097235202789,Minnesota
2025-01-09 00:00:00+00:00,-6.687819004,0.4833333492279053,0.3414236009120941,Minnesota
2025-01-10 00:00:00+00:00,-3.894764185,0.25,0.340083361,Minnesota
2025-01-11 00:00:00+00:00,-5.749624729,1.0833333730697632,0.3388055562973022,Minnesota
2025-01-12 00:00:00+00:00,-6.878444672,1.533333182,0.3376944363117218,Minnesota
2025-01-13 00:00:00+00:00,-15.86733341,0.033333335,0.3364930152893066,Minnesota
2025-01-14 00:00:00+00:00,-18.87080574,0.1499999910593032,0.3355069160461426,Minnesota
2025-01-15 00:00:00+00:00,-12.23781967,0.116666667,0.3346319198608398,Minnesota
2025-01-16 00:00:00+00:00,-1.180874944,0.033333335,0.3339235782623291,Minnesota
2025-01-17 00:00:00+00:00,0.1503749936819076,0.033333335,0.3339861333370209,Minnesota
2025-01-18 00:00:00+00:00,-12.27913952,0,0.3342569172382355,Minnesota
2025-01-19 00:00:00+00:00,-20.74719429,0,0.3336180746555328,Minnesota
2025-01-20 00:00:00+00:00,-22.36004066,0,0.3329722285270691,Minnesota
2025-01-21 00:00:00+00:00,-22.50969505,0,0.3322847187519073,Minnesota
2025-01-22 00:00:00+00:00,-6.745458603,0.25,0.3318749666213989,Minnesota
2025-01-23 00:00:00+00:00,-14.60274982,0.06666667,0.3314583003520965,Minnesota
2025-01-24 00:00:00+00:00,-10.84684753,0.2666666805744171,0.3310763537883758,Minnesota
2025-01-25 00:00:00+00:00,-4.52288866,0.2500000298023224,0.3306249678134918,Minnesota
2025-01-26 00:00:00+00:00,-9.220806122,0,0.3302222192287445,Minnesota
2025-01-27 00:00:00+00:00,-3.184000015,0.3833333253860473,0.3300486505031585,Minnesota
2025-01-28 00:00:00+00:00,0.5007221698760986,0,0.3307291567325592,Minnesota
2025-01-29 00:00:00+00:00,1.2090556621551514,0,0.3323541581630707,Minnesota
2025-01-30 00:00:00+00:00,1.9875277280807495,0,0.3332777619361877,Minnesota
2025-01-31 00:00:00+00:00,-0.332264006,0,0.3341180384159088,Minnesota
2025-02-01 00:00:00+00:00,-1.697541595,0.550000012,0.3332777917385101,Minnesota
2025-02-02 00:00:00+00:00,0.1680834144353866,0,0.3332847356796264,Minnesota
2025-02-03 00:00:00+00:00,-4.761777401,1.8833332061767576,0.3331111371517181,Minnesota
2025-02-04 00:00:00+00:00,-14.80031967,0.016666668,0.3325763940811157,Minnesota
2025-02-05 00:00:00+00:00,-11.56698608,2.1499998569488525,0.3324236273765564,Minnesota
2025-02-06 00:00:00+00:00,-7.780875683,1.0333333015441897,0.3318611085414886,Minnesota
2025-02-07 00:00:00+00:00,-9.491292,0.233333334,0.3316874802112579,Minnesota
2025-02-08 00:00:00+00:00,-7.008653164,3.9833333492279057,0.3313958346843719,Minnesota
2025-02-09 00:00:00+00:00,-15.93469524,0,0.3310416936874389,Minnesota
2025-02-10 00:00:00+00:00,-14.58573627,1.0166666507720947,0.3308333456516266,Minnesota
2025-02-11 00:00:00+00:00,-20.09511185,0.7166666984558105,0.3306875228881836,Minnesota
2025-02-12 00:00:00+00:00,-19.08330536,1.283333420753479,0.3303402960300445,Minnesota
2025-02-13 00:00:00+00:00,-21.62635994,0.1500000059604644,0.3301805555820465,Minnesota
2025-02-14 00:00:00+00:00,-13.15761185,0.6333333849906921,0.3301458358764648,Minnesota
2025-02-15 00:00:00+00:00,-9.744416237,0.3666666746139526,0.3299236297607422,Minnesota
2025-02-16 00:00:00+00:00,-16.74302864,0.2166666835546493,0.3298333585262298,Minnesota
2025-02-17 00:00:00+00:00,-22.8933773,0,0.3298333585262298,Minnesota
2025-02-18 00:00:00+00:00,-24.89927864,0,0.3297569751739502,Minnesota
2025-02-19 00:00:00+00:00,-22.35899925,0,0.3296667039394378,Minnesota
2025-02-20 00:00:00+00:00,-19.20448494,0,0.3296667039394378,Minnesota
2025-02-21 00:00:00+00:00,-14.93677807,0,0.3296667039394378,Minnesota
2025-02-22 00:00:00+00:00,-8.016292572,0,0.3296667039394378,Minnesota
2025-02-23 00:00:00+00:00,0.452111155,0,0.3297153115272522,Minnesota
2025-02-24 00:00:00+00:00,5.546555042266846,0.06666667,0.3392986059188843,Minnesota
2025-02-25 00:00:00+00:00,3.237874984741211,0.4833333492279053,0.3490208387374878,Minnesota
2025-02-26 00:00:00+00:00,4.310791492462158,1.3166667222976685,0.3614097535610199,Minnesota
2025-02-27 00:00:00+00:00,3.985097169876098,0.2000000029802322,0.3638194501399994,Minnesota
2025-02-28 00:00:00+00:00,4.615305423736572,0.050000001,0.364187479,Minnesota
2025-03-01 00:00:00+00:00,-6.544416428,0,0.3639930784702301,Minnesota
2025-03-02 00:00:00+00:00,-2.703791857,0,0.3629722595214844,Minnesota
2025-03-03 00:00:00+00:00,4.4545416831970215,0,0.3624166548252105,Minnesota
2025-03-04 00:00:00+00:00,4.619472026824951,6.799999713897705,0.3630347549915313,Minnesota
2025-03-05 00:00:00+00:00,-3.027750254,13.433331489562988,0.3749791085720062,Minnesota
2025-03-06 00:00:00+00:00,-2.797194719,0,0.3736041486263275,Minnesota
2025-03-07 00:00:00+00:00,-1.083652735,1.2333332300186155,0.3715693950653076,Minnesota
2025-03-08 00:00:00+00:00,0.5239861607551575,0,0.3698402941226959,Minnesota
2025-03-09 00:00:00+00:00,4.377458095550537,0,0.3690069615840912,Minnesota
2025-03-10 00:00:00+00:00,7.240305423736572,0,0.3651388883590698,Minnesota
2025-03-11 00:00:00+00:00,1.4583611488342283,0,0.3633333742618561,Minnesota
2025-03-12 00:00:00+00:00,3.8916943073272705,0,0.3638750314712524,Minnesota
2025-03-13 00:00:00+00:00,7.475027561187744,0,0.353111058,Minnesota
2025-03-14 00:00:00+00:00,14.18926239013672,0.033333335,0.3400555849075317,Minnesota
2025-03-15 00:00:00+00:00,2.4344027042388916,14.466666221618652,0.3444999754428863,Minnesota
2025-03-16 00:00:00+00:00,-4.344417095,0,0.3520694077014923,Minnesota
2025-03-17 00:00:00+00:00,4.771208286,0.033333335,0.3510555922985077,Minnesota
2025-03-18 00:00:00+00:00,4.797250270843506,0.1333333402872085,0.3488055467605591,Minnesota
2025-03-19 00:00:00+00:00,1.461833357810974,3.75,0.3487430512905121,Minnesota
2025-03-20 00:00:00+00:00,0.339611143,0.033333335,0.351208359,Minnesota
2025-03-21 00:00:00+00:00,4.120166778564453,0.6499999761581421,0.3484305441379547,Minnesota
2025-03-22 00:00:00+00:00,-1.20240283,0.06666667,0.3499305546283722,Minnesota
2025-03-23 00:00:00+00:00,3.840652704238891,2.316666603088379,0.3446389138698578,Minnesota
2025-03-24 00:00:00+00:00,0.961138904,0,0.3438263833522796,Minnesota
2025-03-25 00:00:00+00:00,4.1309309005737305,0.9833332896232604,0.3397083282470703,Minnesota
2025-03-26 00:00:00+00:00,4.246555805206299,0.8166666626930237,0.332937479,Minnesota
2025-03-27 00:00:00+00:00,7.289611339569092,0.7833333015441895,0.3224236071109772,Minnesota
2025-03-28 00:00:00+00:00,13.091346740722656,0.7833333611488342,0.3185971975326538,Minnesota
2025-03-29 00:00:00+00:00,5.587527751922607,9.349999428,0.3201319277286529,Minnesota
2025-03-30 00:00:00+00:00,1.312527775764465,20.750001907348633,0.3645139038562774,Minnesota
2025-03-31 00:00:00+00:00,1.0080138444900513,0.5,0.3756875097751617,Minnesota
2025-04-01 00:00:00+00:00,1.1382222175598145,6.583333492279053,0.3711041212081909,Minnesota
2025-04-02 00:00:00+00:00,2.440305471420288,16.683332443237305,0.3820208311080932,Minnesota
2025-04-03 00:00:00+00:00,2.342736005783081,2.383333444595337,0.3935138881206512,Minnesota
2025-04-04 00:00:00+00:00,2.8219029903411865,1.033333420753479,0.3920902907848358,Minnesota
2025-04-05 00:00:00+00:00,0.8528054356575012,0.5666666626930237,0.3908125162124634,Minnesota
2025-04-06 00:00:00+00:00,3.136833429336548,0,0.3808680474758148,Minnesota
2025-04-07 00:00:00+00:00,0.4163472354412079,0,0.3764097690582275,Minnesota
2025-04-08 00:00:00+00:00,0.3486388921737671,0,0.3696805536746979,Minnesota
2025-04-09 00:00:00+00:00,7.734055995941162,0.4666666984558105,0.3618749678134918,Minnesota
2025-04-10 00:00:00+00:00,8.1989851,1.25,0.35149309,Minnesota
2025-04-11 00:00:00+00:00,6.777805328369141,0.016666668,0.3432083427906036,Minnesota
2025-04-12 00:00:00+00:00,10.798985481262209,0.1666666716337204,0.3368888795375824,Minnesota
2025-04-13 00:00:00+00:00,14.078152656555176,0.7000000476837158,0.3426110744476318,Minnesota
2025-04-14 00:00:00+00:00,8.724333763122559,2.2333333492279053,0.3381458222866058,Minnesota
2025-04-15 00:00:00+00:00,5.908360958099365,0.4333333671092987,0.3377430438995361,Minnesota
2025-04-16 00:00:00+00:00,8.006972312927246,0,0.3262500166893005,Minnesota
2025-04-17 00:00:00+00:00,14.033360481262209,1.933333396911621,0.3067569732666015,Minnesota
2025-04-18 00:00:00+00:00,8.820513725280762,1.8166667222976685,0.2944375276565552,Minnesota
2025-04-19 00:00:00+00:00,5.272597312927246,0.1666666716337204,0.3034721910953522,Minnesota
2025-04-20 00:00:00+00:00,6.737180233001709,4.333333492279053,0.3068263828754425,Minnesota
2025-04-21 00:00:00+00:00,8.575027465820312,6.483333110809326,0.3262708187103271,Minnesota
2025-04-22 00:00:00+00:00,12.86009693145752,6.900000095367432,0.3286596834659576,Minnesota
2025-04-23 00:00:00+00:00,12.14655590057373,1.2166666984558103,0.3199930489063263,Minnesota
2025-04-24 00:00:00+00:00,9.122944831848145,8.566667556762695,0.3103333115577698,Minnesota
2025-04-25 00:00:00+00:00,9.539610862731934,4.566667079925537,0.3306319713592529,Minnesota
2025-04-26 00:00:00+00:00,9.247597694396973,0.2000000029802322,0.3295485973358154,Minnesota
2025-04-27 00:00:00+00:00,12.018778800964355,5.933333873748779,0.3287777602672577,Minnesota
2025-04-28 00:00:00+00:00,16.593778610229492,9.866666793823242,0.3350763618946075,Minnesota
2025-04-29 00:00:00+00:00,7.964958190917969,4.900000095367432,0.3568819463253021,Minnesota
2025-04-30 00:00:00+00:00,11.64829158782959,0,0.3500555455684662,Minnesota
2025-05-01 00:00:00+00:00,12.715999603271484,6.333333492279053,0.3471388816833496,Minnesota
2025-05-02 00:00:00+00:00,9.968430519104004,1.3000000715255735,0.3556041717529297,Minnesota
2025-05-03 00:00:00+00:00,9.900722504,0.06666667,0.3513680696487427,Minnesota
2025-05-04 00:00:00+00:00,14.70697308,0,0.3428055346012115,Minnesota
2025-05-05 00:00:00+00:00,16.901416778564453,0,0.3295347392559051,Minnesota
2025-05-06 00:00:00+00:00,17.459054946899414,0,0.312854141,Minnesota
2025-05-07 00:00:00+00:00,16.983013153076172,0.033333335,0.2997361123561859,Minnesota
2025-05-08 00:00:00+00:00,15.22884750366211,0,0.2901458442211151,Minnesota
2025-05-09 00:00:00+00:00,18.269819259643555,0,0.273375005,Minnesota
2025-05-10 00:00:00+00:00,18.764263153076172,0.016666668,0.2582083344459533,Minnesota
2025-05-11 00:00:00+00:00,22.559751510620117,0,0.246541679,Minnesota
2025-05-12 00:00:00+00:00,23.520166397094727,0,0.2333263754844665,Minnesota
2025-05-13 00:00:00+00:00,23.666345596313477,0.1000000014901161,0.224680558,Minnesota
2025-05-14 00:00:00+00:00,23.981277465820312,0,0.2239374965429306,Minnesota
2025-05-15 00:00:00+00:00,21.22953987121582,5.983333587646484,0.2225416749715805,Minnesota
2025-05-16 00:00:00+00:00,13.121902465820312,6.066666126251221,0.2252916693687439,Minnesota
2025-05-17 00:00:00+00:00,8.223638534545898,0.983333409,0.2346597164869308,Minnesota
2025-05-18 00:00:00+00:00,9.047596931,0,0.238090232,Minnesota
2025-05-19 00:00:00+00:00,10.38440227508545,8.183333396911621,0.2397152930498123,Minnesota
2025-05-20 00:00:00+00:00,8.734402656555176,41.43333435058594,0.3100208342075348,Minnesota
2025-05-21 00:00:00+00:00,7.512527465820312,5.166666030883789,0.3796111345291137,Minnesota
2025-05-22 00:00:00+00:00,10.661138534545898,1.1666666269302368,0.3787916600704193,Minnesota
2025-05-23 00:00:00+00:00,12.423985481262209,0.016666668,0.3661041557788849,Minnesota
2025-05-24 00:00:00+00:00,13.09030532836914,0.6333333253860474,0.3543611466884613,Minnesota
2025-05-25 00:00:00+00:00,14.236485481262209,0,0.3429722487926483,Minnesota
2025-05-26 00:00:00+00:00,14.89342975616455,0.016666668,0.328472227,Minnesota
2025-05-27 00:00:00+00:00,14.063916206359863,2.75,0.3146458268165588,Minnesota
2025-05-28 00:00:00+00:00,13.150028228759766,2.716666460037231,0.3116319477558136,Minnesota
2025-05-29 00:00:00+00:00,14.420513153076172,0.6833333373069763,0.3071944415569305,Minnesota
2025-05-30 00:00:00+00:00,17.616695404052734,0.06666667,0.2949861288070678,Minnesota
2025-05-31 00:00:00+00:00,19.498640060424805,0,0.2841111123561859,Minnesota
2025-06-01 00:00:00+00:00,20.596555709838867,0,0.2752708494663238,Minnesota
2025-06-02 00:00:00+00:00,22.61565399169922,0.3833333551883697,0.2632569372653961,Minnesota
2025-06-03 00:00:00+00:00,16.533708572387695,17.5,0.2867222130298614,Minnesota
2025-06-04 00:00:00+00:00,16.337181091308594,0.2166666835546493,0.3073194324970245,Minnesota
2025-06-05 00:00:00+00:00,17.431970596313477,1.0000001192092896,0.2915138900279999,Minnesota
2025-06-06 00:00:00+00:00,16.933361053466797,6.666666507720947,0.2813194394111633,Minnesota
2025-06-07 00:00:00+00:00,18.268083572387695,1.5999999046325684,0.2786389291286468,Minnesota
2025-06-08 00:00:00+00:00,17.313915252685547,4.266666889190674,0.2751180529594421,Minnesota
2025-06-09 00:00:00+00:00,13.971209526062012,3.049999952316284,0.2706180810928345,Minnesota
2025-06-10 00:00:00+00:00,17.28440284729004,0.083333336,0.2757430374622345,Minnesota
2025-06-11 00:00:00+00:00,20.945167541503903,3.0833332538604736,0.247972235,Minnesota
2025-06-12 00:00:00+00:00,18.55627822875977,13.416666984558104,0.2574652433395386,Minnesota
2025-06-13 00:00:00+00:00,17.8666935,12.183334350585938,0.3071388900279999,Minnesota
2025-06-14 00:00:00+00:00,17.144472122192383,2.1666667461395264,0.3309860825538635,Minnesota
2025-06-15 00:00:00+00:00,18.199678421020508,5.549999713897705,0.3378194570541382,Minnesota
2025-06-16 00:00:00+00:00,21.45974922180176,8.800000190734863,0.3455208241939544,Minnesota
2025-06-17 00:00:00+00:00,21.25627899169922,0.8666666150093079,0.3356528282165527,Minnesota
2025-06-18 00:00:00+00:00,20.36634635925293,1.25,0.3225902616977691,Minnesota
2025-06-19 00:00:00+00:00,21.508012771606445,0.2666666805744171,0.3061874806880951,Minnesota
2025-06-20 00:00:00+00:00,24.22953987121582,3.700000047683716,0.2847638726234436,Minnesota
2025-06-21 00:00:00+00:00,28.410097122192383,8.033333778381348,0.282152772,Minnesota
2025-06-22 00:00:00+00:00,29.203500747680664,0,0.2624305486679077,Minnesota
2025-06-23 00:00:00+00:00,23.67676353,12.483333587646484,0.2553819119930267,Minnesota
2025-06-24 00:00:00+00:00,19.859054565429688,0.1500000059604644,0.2527083158493042,Minnesota
2025-06-25 00:00:00+00:00,20.358015060424805,27.25,0.2637916505336761,Minnesota
2025-06-26 00:00:00+00:00,18.86981964111328,20.13333320617676,0.3135694563388824,Minnesota
2025-06-27 00:00:00+00:00,18.743776321411133,0.3833333551883697,0.3586597144603729,Minnesota
2025-06-28 00:00:00+00:00,23.549680709838867,1.350000023841858,0.3402222394943237,Minnesota
2025-06-29 00:00:00+00:00,23.716346740722656,13.833333015441896,0.3319930732250213,Minnesota
2025-06-30 00:00:00+00:00,21.68370819091797,1.7666667699813845,0.3062569200992584,Minnesota
2025-07-01 00:00:00+00:00,21.938568115234375,0,0.2892777621746063,Minnesota
2025-07-02 00:00:00+00:00,23.34516716003418,0.5833333134651184,0.2681528031826019,Minnesota
2025-07-03 00:00:00+00:00,25.17815399169922,2.033333539962769,0.2494722157716751,Minnesota
2025-07-04 00:00:00+00:00,26.76495933532715,5.016666412353516,0.2381458282470703,Minnesota
2025-07-05 00:00:00+00:00,24.15245819091797,21.900001525878903,0.2300833016633987,Minnesota
2025-07-06 00:00:00+00:00,22.134750366210938,0.8666666150093079,0.2287083268165588,Minnesota
2025-07-07 00:00:00+00:00,21.90940284729004,1.3666666746139526,0.2205138802528381,Minnesota
2025-07-08 00:00:00+00:00,21.578847885131836,0.9333333373069764,0.2174027562141418,Minnesota
2025-07-09 00:00:00+00:00,22.09308433532715,0.06666667,0.2130763679742813,Minnesota
2025-07-10 00:00:00+00:00,23.08162498474121,8.666666984558105,0.2099583148956298,Minnesota
2025-07-11 00:00:00+00:00,23.006628036499023,3.433333396911621,0.2159097343683242,Minnesota
2025-07-12 00:00:00+00:00,20.937875747680664,1.149999976158142,0.2148749977350235,Minnesota
2025-07-13 00:00:00+00:00,21.669816970825195,0.4166666567325592,0.2142499834299087,Minnesota
2025-07-14 00:00:00+00:00,24.37329102,0.1000000014901161,0.2075138837099075,Minnesota
2025-07-15 00:00:00+00:00,25.88822364807129,2.633333206176758,0.2062430530786514,Minnesota
2025-07-16 00:00:00+00:00,19.986486434936523,15.100001335144045,0.2110625058412552,Minnesota
2025-07-17 00:00:00+00:00,16.379541397094727,0.199999988,0.2107847183942794,Minnesota
2025-07-18 00:00:00+00:00,18.603151321411133,1.4833332300186155,0.2038750052452087,Minnesota
2025-07-19 00:00:00+00:00,21.221555709838867,12.983333587646484,0.2077152878046035,Minnesota
2025-07-20 00:00:00+00:00,21.168432235717773,0.5333333015441895,0.2006875127553939,Minnesota
2025-07-21 00:00:00+00:00,22.683013916015625,2.1666667461395264,0.1937291622161865,Minnesota
2025-07-22 00:00:00+00:00,24.80628014,3.5833332538604736,0.1992222219705581,Minnesota
2025-07-23 00:00:00+00:00,25.404890060424805,18.016666412353516,0.2311805486679077,Minnesota
2025-07-24 00:00:00+00:00,22.47398567199707,2.683333396911621,0.253472239,Minnesota
2025-07-25 00:00:00+00:00,23.146209716796875,0,0.2599028050899505,Minnesota
2025-07-26 00:00:00+00:00,24.596555709838867,0.800000012,0.2481736093759536,Minnesota
2025-07-27 00:00:00+00:00,26.16703987121582,7.516666412353516,0.2371874898672104,Minnesota
2025-07-28 00:00:00+00:00,23.822595596313477,18.299999237060547,0.2602569460868835,Minnesota
2025-07-29 00:00:00+00:00,23.561485290527344,5.183333396911621,0.2741875052452087,Minnesota
2025-07-30 00:00:00+00:00,21.88127899169922,8.550000190734863,0.2806874811649322,Minnesota
2025-07-31 00:00:00+00:00,19.31426429748535,0.2333333492279052,0.2984236180782318,Minnesota
2025-01-01 00:00:00+00:00,0.5168750286102295,0,0.2866354286670685,Kansas
2025-01-02 00:00:00+00:00,1.9809374809265137,0,0.2879895865917206,Kansas
2025-01-03 00:00:00+00:00,0.068437554,0.050000001,0.2878437340259552,Kansas
2025-01-04 00:00:00+00:00,-1.222708225,1,0.2871145606040954,Kansas
2025-01-05 00:00:00+00:00,-3.683645964,20.950000762939453,0.2963958084583282,Kansas
2025-01-06 00:00:00+00:00,-9.535207748,0.7250000238418579,0.3071041703224182,Kansas
2025-01-07 00:00:00+00:00,-9.74406147,0.075000003,0.3053436875343323,Kansas
2025-01-08 00:00:00+00:00,-8.241457939,0,0.3034791648387909,Kansas
2025-01-09 00:00:00+00:00,-4.056041718,0.6000000238418579,0.3019166886806488,Kansas
2025-01-10 00:00:00+00:00,-1.506562471,5.224999904632568,0.3005521,Kansas
2025-01-11 00:00:00+00:00,-3.581041813,0,0.2994583249092102,Kansas
2025-01-12 00:00:00+00:00,0.4080209136009216,0.1000000014901161,0.2985104322433471,Kansas
2025-01-13 00:00:00+00:00,-5.768021107,0,0.2982083261013031,Kansas
2025-01-14 00:00:00+00:00,-2.578958273,0.075000003,0.297822893,Kansas
2025-01-15 00:00:00+00:00,-4.907083511,0,0.2974166870117187,Kansas
2025-01-16 00:00:00+00:00,2.1444790363311768,0,0.2979166805744171,Kansas
2025-01-17 00:00:00+00:00,4.901250362,0.025,0.2996874749660492,Kansas
2025-01-18 00:00:00+00:00,-1.865416646,0.3000000119209289,0.2977187633514404,Kansas
2025-01-19 00:00:00+00:00,-9.349270821,0,0.2978749871253967,Kansas
2025-01-20 00:00:00+00:00,-11.06645775,0.5000000596046448,0.2979166507720947,Kansas
2025-01-21 00:00:00+00:00,-12.89718723,0.050000001,0.2977083325386047,Kansas
2025-01-22 00:00:00+00:00,-3.415417194,0.025,0.297239602,Kansas
2025-01-23 00:00:00+00:00,-3.024271011,0.025,0.2970625162124634,Kansas
2025-01-24 00:00:00+00:00,-4.300312042,0,0.296625018,Kansas
2025-01-25 00:00:00+00:00,1.5512499809265137,0,0.2962395846843719,Kansas
2025-01-26 00:00:00+00:00,-1.230520725,0,0.296854168,Kansas
2025-01-27 00:00:00+00:00,-1.326354146,0,0.2948020696640014,Kansas
2025-01-28 00:00:00+00:00,2.889791488647461,0,0.2947396039962768,Kansas
2025-01-29 00:00:00+00:00,4.328854084014893,0.5499999523162842,0.2898333072662353,Kansas
2025-01-30 00:00:00+00:00,6.573646545410156,6.475000381469727,0.3003333210945129,Kansas
2025-01-31 00:00:00+00:00,5.745520592,11.425000190734863,0.3324687480926513,Kansas
2025-02-01 00:00:00+00:00,5.816874980926514,0,0.3343646228313446,Kansas
2025-02-02 00:00:00+00:00,8.935625076293945,0,0.3339062333106994,Kansas
2025-02-03 00:00:00+00:00,11.449687957763672,0,0.3158541619777679,Kansas
2025-02-04 00:00:00+00:00,2.484062671661377,0,0.3073853850364685,Kansas
2025-02-05 00:00:00+00:00,1.9548957347869873,0.6750000715255737,0.316239595,Kansas
2025-02-06 00:00:00+00:00,3.2194790840148926,0.3250000178813934,0.3140312731266022,Kansas
2025-02-07 00:00:00+00:00,1.910624861717224,0.3499999940395355,0.3131041526794433,Kansas
2025-02-08 00:00:00+00:00,4.791354179382324,0.574999988,0.3062499761581421,Kansas
2025-02-09 00:00:00+00:00,-1.205520868,0,0.3048333525657654,Kansas
2025-02-10 00:00:00+00:00,-0.359166741,0,0.3022603988647461,Kansas
2025-02-11 00:00:00+00:00,-0.886250019,0.375,0.3043332993984222,Kansas
2025-02-12 00:00:00+00:00,-6.211250305,5.500000476837158,0.3067812025547027,Kansas
2025-02-13 00:00:00+00:00,-10.98156261,0.050000001,0.3058437407016754,Kansas
2025-02-14 00:00:00+00:00,-2.250312567,0.3000000119209289,0.3047603964805603,Kansas
2025-02-15 00:00:00+00:00,3.4465622901916504,0.9250000715255736,0.3043854236602783,Kansas
2025-02-16 00:00:00+00:00,-6.099791527,0.925000012,0.3061770498752594,Kansas
2025-02-17 00:00:00+00:00,-5.59614563,0.5499999523162842,0.3091562986373901,Kansas
2025-02-18 00:00:00+00:00,-12.26906395,6.074999809265137,0.3088645935058594,Kansas
2025-02-19 00:00:00+00:00,-16.27010345,1.149999976158142,0.308302104,Kansas
2025-02-20 00:00:00+00:00,-16.85187531,0,0.3073958456516266,Kansas
2025-02-21 00:00:00+00:00,-12.3201046,0,0.3067083656787872,Kansas
2025-02-22 00:00:00+00:00,-4.743542671,0,0.3058750629425049,Kansas
2025-02-23 00:00:00+00:00,2.1851041316986084,0,0.3054062724113464,Kansas
2025-02-24 00:00:00+00:00,7.770000457763672,0,0.3084374964237213,Kansas
2025-02-25 00:00:00+00:00,9.373645782470703,0,0.3027603924274444,Kansas
2025-02-26 00:00:00+00:00,11.422082901000977,0.4750000238418579,0.2966457903385162,Kansas
2025-02-27 00:00:00+00:00,7.440312862,0,0.2839999794960022,Kansas
2025-02-28 00:00:00+00:00,10.130937576293944,0,0.2724375128746032,Kansas
2025-03-01 00:00:00+00:00,6.814270496368408,0,0.2582395672798157,Kansas
2025-03-02 00:00:00+00:00,5.754374980926514,0.25,0.2463333457708358,Kansas
2025-03-03 00:00:00+00:00,11.11427116394043,0.025,0.2363854050636291,Kansas
2025-03-04 00:00:00+00:00,12.495000839233398,21.799999237060547,0.236749992,Kansas
2025-03-05 00:00:00+00:00,2.631979465484619,9.375,0.266406238,Kansas
2025-03-06 00:00:00+00:00,3.4351038932800293,0,0.2710208296775818,Kansas
2025-03-07 00:00:00+00:00,9.872083664,0.075000003,0.2758333384990692,Kansas
2025-03-08 00:00:00+00:00,4.756458282470703,0.3250000476837158,0.2823854088783264,Kansas
2025-03-09 00:00:00+00:00,6.288228988647461,0,0.2900729179382324,Kansas
2025-03-10 00:00:00+00:00,11.333020210266112,0,0.2882916629314422,Kansas
2025-03-11 00:00:00+00:00,15.004895210266112,0,0.2677187323570251,Kansas
2025-03-12 00:00:00+00:00,14.050209045410156,0,0.266156256,Kansas
2025-03-13 00:00:00+00:00,14.838228225708008,0,0.2613541483879089,Kansas
2025-03-14 00:00:00+00:00,17.86948013305664,0.5750000476837158,0.242718756,Kansas
2025-03-15 00:00:00+00:00,10.941875457763672,0.550000012,0.2443958073854446,Kansas
2025-03-16 00:00:00+00:00,5.560625076293945,0.4250000119209289,0.2530208230018616,Kansas
2025-03-17 00:00:00+00:00,12.10124969482422,0,0.2407291829586029,Kansas
2025-03-18 00:00:00+00:00,19.127290725708008,0,0.2319062650203704,Kansas
2025-03-19 00:00:00+00:00,11.746562004089355,2.3499999046325684,0.2300312221050262,Kansas
2025-03-20 00:00:00+00:00,4.600208282470703,0.625,0.2174583673477172,Kansas
2025-03-21 00:00:00+00:00,10.734582901000977,0,0.2040833383798599,Kansas
2025-03-22 00:00:00+00:00,10.782500267028809,0,0.1996770799160003,Kansas
2025-03-23 00:00:00+00:00,13.566875457763672,3.2750000953674316,0.1986249983310699,Kansas
2025-03-24 00:00:00+00:00,11.066353797912598,0,0.1971874684095382,Kansas
2025-03-25 00:00:00+00:00,14.148645401000977,0,0.1844479143619537,Kansas
2025-03-26 00:00:00+00:00,13.972603797912598,0,0.176250011,Kansas
2025-03-27 00:00:00+00:00,18.754375457763672,0.075000003,0.1736666858196258,Kansas
2025-03-28 00:00:00+00:00,20.81999969482422,0.4749999940395355,0.1711666733026504,Kansas
2025-03-29 00:00:00+00:00,19.76739501953125,0.4000000357627868,0.1711770743131637,Kansas
2025-03-30 00:00:00+00:00,11.626770973205566,8.850000381469727,0.1830104291439056,Kansas
2025-03-31 00:00:00+00:00,8.025729179382324,0.25,0.1975833475589752,Kansas
2025-04-01 00:00:00+00:00,11.940312385559082,2.5,0.2016874998807907,Kansas
2025-04-02 00:00:00+00:00,17.893436431884766,6.275000095367432,0.2098541855812072,Kansas
2025-04-03 00:00:00+00:00,11.18302059173584,3.3499999046325684,0.2302604168653488,Kansas
2025-04-04 00:00:00+00:00,9.430937767028809,6.274999618530273,0.2386770844459533,Kansas
2025-04-05 00:00:00+00:00,6.689270496368408,7.550000667572021,0.2605729103088379,Kansas
2025-04-06 00:00:00+00:00,5.927291393280029,1.7750000953674316,0.2665520310401916,Kansas
2025-04-07 00:00:00+00:00,7.797083854675293,0,0.2571458220481872,Kansas
2025-04-08 00:00:00+00:00,8.459583282470703,0,0.2475624978542328,Kansas
2025-04-09 00:00:00+00:00,16.262706756591797,0,0.2359062731266021,Kansas
2025-04-10 00:00:00+00:00,16.39031219482422,0.025,0.2159687280654907,Kansas
2025-04-11 00:00:00+00:00,13.853334426879885,0,0.2018541693687439,Kansas
2025-04-12 00:00:00+00:00,16.015832901000977,0,0.1921041756868362,Kansas
2025-04-13 00:00:00+00:00,22.462186813354492,0,0.1821458637714386,Kansas
2025-04-14 00:00:00+00:00,17.963748931884766,0.2750000059604645,0.1750937402248382,Kansas
2025-04-15 00:00:00+00:00,12.534063339233398,0,0.1806041598320007,Kansas
2025-04-16 00:00:00+00:00,16.252290725708008,0.2000000029802322,0.179562509,Kansas
2025-04-17 00:00:00+00:00,22.397083282470703,1.7750000953674316,0.1750833392143249,Kansas
2025-04-18 00:00:00+00:00,19.925731658935547,2.2750000953674316,0.1788437515497207,Kansas
2025-04-19 00:00:00+00:00,11.459062576293944,16.30000114440918,0.1935833096504211,Kansas
2025-04-20 00:00:00+00:00,11.777292251586914,27.949996948242188,0.2530520856380462,Kansas
2025-04-21 00:00:00+00:00,13.380937576293944,0.9000000953674316,0.2858020663261413,Kansas
2025-04-22 00:00:00+00:00,18.737709045410156,0.075000003,0.2687083482742309,Kansas
2025-04-23 00:00:00+00:00,19.64864730834961,2.6000001430511475,0.2594166696071625,Kansas
2025-04-24 00:00:00+00:00,18.715312957763672,2.700000286102295,0.2497916519641876,Kansas
2025-04-25 00:00:00+00:00,17.248125076293945,5.825000286102295,0.2473333477973938,Kansas
2025-04-26 00:00:00+00:00,14.403332710266112,2.0500001907348633,0.2562187612056732,Kansas
2025-04-27 00:00:00+00:00,17.141353607177734,7.075000762939453,0.2803645730018616,Kansas
2025-04-28 00:00:00+00:00,21.73822784423828,0.4250000119209289,0.2920208275318146,Kansas
2025-04-29 00:00:00+00:00,17.500207901000977,7.900000095367432,0.2900312542915344,Kansas
2025-04-30 00:00:00+00:00,15.631458282470703,17.950000762939453,0.3041874766349792,Kansas
2025-05-01 00:00:00+00:00,16.84395980834961,7.850000381469727,0.3088958263397217,Kansas
2025-05-02 00:00:00+00:00,15.223644256591797,4,0.2981458306312561,Kansas
2025-05-03 00:00:00+00:00,12.81947898864746,0.025,0.2916562557220459,Kansas
2025-05-04 00:00:00+00:00,13.992396354675291,0,0.2770000100135803,Kansas
2025-05-05 00:00:00+00:00,15.923126220703123,0.1000000014901161,0.2639479041099548,Kansas
2025-05-06 00:00:00+00:00,15.846040725708008,4.724999904632568,0.2496770769357681,Kansas
2025-05-07 00:00:00+00:00,15.94239616394043,11.80000114440918,0.2547083497047424,Kansas
2025-05-08 00:00:00+00:00,16.326250076293945,1.950000047683716,0.2732708156108856,Kansas
2025-05-09 00:00:00+00:00,17.39552116394043,0.2750000059604645,0.2723333239555359,Kansas
2025-05-10 00:00:00+00:00,17.979373931884766,0,0.25861457,Kansas
2025-05-11 00:00:00+00:00,19.55489730834961,0,0.2454166710376739,Kansas
2025-05-12 00:00:00+00:00,20.451770782470703,0,0.2399687618017196,Kansas
2025-05-13 00:00:00+00:00,21.960105895996097,0,0.2298958301544189,Kansas
2025-05-14 00:00:00+00:00,24.605937957763672,0,0.2220937460660934,Kansas
2025-05-15 00:00:00+00:00,23.24968719482422,0,0.2233437597751617,Kansas
2025-05-16 00:00:00+00:00,20.873645782470703,0.025,0.2208020687103271,Kansas
2025-05-17 00:00:00+00:00,19.113750457763672,0,0.2129895836114883,Kansas
2025-05-18 00:00:00+00:00,20.396560668945312,3.8249998092651367,0.2063750177621841,Kansas
2025-05-19 00:00:00+00:00,20.76739501953125,13.750000953674316,0.2132916450500488,Kansas
2025-05-20 00:00:00+00:00,18.44447898864746,2.5,0.2743229269981384,Kansas
2025-05-21 00:00:00+00:00,16.790313720703125,0,0.2774792015552521,Kansas
2025-05-22 00:00:00+00:00,17.524166107177734,1.225000023841858,0.2639687657356262,Kansas
2025-05-23 00:00:00+00:00,16.996564865112305,1.649999976158142,0.2523542046546936,Kansas
2025-05-24 00:00:00+00:00,18.82260513305664,28.62499237060547,0.2798021137714386,Kansas
2025-05-25 00:00:00+00:00,18.578853607177734,22.674999237060547,0.2925625145435333,Kansas
2025-05-26 00:00:00+00:00,15.80958366394043,18.399999618530273,0.3191562294960022,Kansas
2025-05-27 00:00:00+00:00,15.28093719482422,3.4750003814697266,0.3231354355812073,Kansas
2025-05-28 00:00:00+00:00,16.300209045410156,3.424999713897705,0.3256146013736725,Kansas
2025-05-29 00:00:00+00:00,16.66583251953125,10.574999809265137,0.3576666712760925,Kansas
2025-05-30 00:00:00+00:00,17.162710189819336,0.2250000089406967,0.3676041662693023,Kansas
2025-05-31 00:00:00+00:00,20.26531219482422,0.4000000059604645,0.3452499806880951,Kansas
2025-06-01 00:00:00+00:00,22.532501220703125,0.075000003,0.3220312595367431,Kansas
2025-06-02 00:00:00+00:00,23.764270782470703,0.574999988,0.3061458170413971,Kansas
2025-06-03 00:00:00+00:00,22.86218834,32.64999771118164,0.3023124933242798,Kansas
2025-06-04 00:00:00+00:00,17.668437957763672,14.774998664855955,0.32869792,Kansas
2025-06-05 00:00:00+00:00,19.40593719482422,1.4249999523162842,0.3236041665077209,Kansas
2025-06-06 00:00:00+00:00,20.79291725158691,13.399999618530272,0.3344166576862335,Kansas
2025-06-07 00:00:00+00:00,21.46270751953125,22.049999237060547,0.3653750121593475,Kansas
2025-06-08 00:00:00+00:00,21.76531219482422,6.475000381469727,0.3649270832538605,Kansas
2025-06-09 00:00:00+00:00,20.02312469482422,6.550000190734863,0.3537603914737701,Kansas
2025-06-10 00:00:00+00:00,21.224166870117188,0,0.3253645896911621,Kansas
2025-06-11 00:00:00+00:00,23.95541763305664,0,0.2989999949932098,Kansas
2025-06-12 00:00:00+00:00,22.974166870117188,3.674999952316284,0.2804583311080932,Kansas
2025-06-13 00:00:00+00:00,22.645000457763672,3.974999904632568,0.278291643,Kansas
2025-06-14 00:00:00+00:00,24.110626220703125,2.075000047683716,0.2794062197208404,Kansas
2025-06-15 00:00:00+00:00,24.28041648864746,6.400000572,0.2752812504768371,Kansas
2025-06-16 00:00:00+00:00,24.963228225708008,0.1500000059604644,0.2751250267028808,Kansas
2025-06-17 00:00:00+00:00,25.076772689819336,1,0.2651979327201843,Kansas
2025-06-18 00:00:00+00:00,22.572084426879883,19.924999237060547,0.2980312705039978,Kansas
2025-06-19 00:00:00+00:00,24.415313720703125,0.5499999523162842,0.3063333332538605,Kansas
2025-06-20 00:00:00+00:00,27.933021545410156,0.075000003,0.285583347,Kansas
2025-06-21 00:00:00+00:00,29.532499313354492,0,0.2706666588783264,Kansas
2025-06-22 00:00:00+00:00,28.75385284423828,0.5,0.2573750019073486,Kansas
2025-06-23 00:00:00+00:00,28.11895751953125,4.224999904632568,0.2444895803928375,Kansas
2025-06-24 00:00:00+00:00,26.062705993652344,12.924999237060549,0.2604270577430725,Kansas
2025-06-25 00:00:00+00:00,26.811147689819336,0.3000000119209289,0.2766041755676269,Kansas
2025-06-26 00:00:00+00:00,26.566875457763672,4.025000095367432,0.2628437280654907,Kansas
2025-06-27 00:00:00+00:00,25.668437957763672,0.8999999761581421,0.2569583356380462,Kansas
2025-06-28 00:00:00+00:00,25.447603225708008,4.599999904632568,0.2532500028610229,Kansas
2025-06-29 00:00:00+00:00,26.321043014526367,9.125,0.2494896054267883,Kansas
2025-06-30 00:00:00+00:00,24.54968643188477,3.3499999046325684,0.262145847,Kansas
2025-07-01 00:00:00+00:00,24.313749313354492,0,0.2600520849227905,Kansas
2025-07-02 00:00:00+00:00,24.82781410217285,0,0.2536771,Kansas
2025-07-03 00:00:00+00:00,26.06635475158691,0.550000012,0.246166706,Kansas
2025-07-04 00:00:00+00:00,26.26166534423828,1.125,0.2416979074478149,Kansas
2025-07-05 00:00:00+00:00,26.922603607177734,0.875,0.234614611,Kansas
2025-07-06 00:00:00+00:00,26.44760513305664,5.150000095367432,0.2315833419561386,Kansas
2025-07-07 00:00:00+00:00,25.724166870117188,0.6750000715255737,0.2231145650148391,Kansas
2025-07-08 00:00:00+00:00,26.22260284423828,1.6749999523162842,0.2181875109672546,Kansas
2025-07-09 00:00:00+00:00,26.559062957763672,0,0.2172916531562805,Kansas
2025-07-10 00:00:00+00:00,28.21843719482422,0,0.2163020670413971,Kansas
2025-07-11 00:00:00+00:00,27.905418395996097,4.974999904632568,0.2126145809888839,Kansas
2025-07-12 00:00:00+00:00,24.69499969482422,5.675000190734863,0.2057916522026062,Kansas
2025-07-13 00:00:00+00:00,23.49395751953125,4.324999809265137,0.2222916483879089,Kansas
2025-07-14 00:00:00+00:00,25.20281219482422,0.6000000238418579,0.2323645800352096,Kansas
2025-07-15 00:00:00+00:00,27.238752365112305,0.2250000089406967,0.2218750119209289,Kansas
2025-07-16 00:00:00+00:00,27.88197898864746,4.224999904632568,0.2165416777133941,Kansas
2025-07-17 00:00:00+00:00,24.042396545410156,6.699999809265137,0.2147916704416275,Kansas
2025-07-18 00:00:00+00:00,25.734582901000977,0.949999988,0.217791662,Kansas
2025-07-19 00:00:00+00:00,28.614791870117188,0.4750000238418579,0.2186771035194397,Kansas
2025-07-20 00:00:00+00:00,29.173124313354492,4.524999618530273,0.2181770950555801,Kansas
2025-07-21 00:00:00+00:00,29.169479370117188,4.375,0.2213125228881836,Kansas
2025-07-22 00:00:00+00:00,28.77729034423828,0.324999988,0.2186562567949295,Kansas
2025-07-23 00:00:00+00:00,28.60906410217285,0.2750000059604645,0.2083541601896286,Kansas
2025-07-24 00:00:00+00:00,27.289793014526367,7.300000190734863,0.2008541822433471,Kansas
2025-07-25 00:00:00+00:00,25.746562957763672,11.92500114440918,0.2093020975589752,Kansas
2025-07-26 00:00:00+00:00,26.883020401000977,5.175000190734863,0.2228020876646042,Kansas
2025-07-27 00:00:00+00:00,28.91427230834961,0.2250000089406967,0.2213541567325592,Kansas
2025-07-28 00:00:00+00:00,29.490310668945312,0.025,0.2120520919561386,Kansas
2025-07-29 00:00:00+00:00,29.91687393188477,0.2750000059604645,0.2073749899864196,Kansas
2025-07-30 00:00:00+00:00,27.88249969482422,3.25,0.2002603709697723,Kansas
2025-07-31 00:00:00+00:00,24.749164581298828,9.350000381469728,0.1983958184719085,Kansas
2025-01-01 00:00:00+00:00,-9.88026619,0.02,0.2942083179950714,North Dakota
2025-01-02 00:00:00+00:00,-13.81860065,0.1400000005960464,0.293058306,North Dakota
2025-01-03 00:00:00+00:00,-18.2948494,0,0.2921666800975799,North Dakota
2025-01-04 00:00:00+00:00,-21.97860146,0,0.291325033,North Dakota
2025-01-05 00:00:00+00:00,-21.81651688,0,0.2907916903495788,North Dakota
2025-01-06 00:00:00+00:00,-18.87985039,0.1200000047683715,0.2904999554157257,North Dakota
2025-01-07 00:00:00+00:00,-15.68860054,0.1400000005960464,0.2902999520301819,North Dakota
2025-01-08 00:00:00+00:00,-13.83193398,0,0.2901999354362488,North Dakota
2025-01-09 00:00:00+00:00,-3.462767124,1.340000033378601,0.2901999354362488,North Dakota
2025-01-10 00:00:00+00:00,-6.645266533,0.3199999928474426,0.2900499701499939,North Dakota
2025-01-11 00:00:00+00:00,-6.569849491,3.820000410079956,0.2899999618530273,North Dakota
2025-01-12 00:00:00+00:00,-13.64984894,2.440000057220459,0.2899999618530273,North Dakota
2025-01-13 00:00:00+00:00,-20.42943192,0.2400000095367431,0.289816678,North Dakota
2025-01-14 00:00:00+00:00,-23.54360008,0,0.2897999882698059,North Dakota
2025-01-15 00:00:00+00:00,-9.01859951,0.039999999,0.2897999882698059,North Dakota
2025-01-16 00:00:00+00:00,-2.02818346,0,0.2897999882698059,North Dakota
2025-01-17 00:00:00+00:00,-1.58859992,0.039999999,0.2899666428565979,North Dakota
2025-01-18 00:00:00+00:00,-17.18901634,0,0.2899999618530273,North Dakota
2025-01-19 00:00:00+00:00,-24.71026611,0,0.2899999618530273,North Dakota
2025-01-20 00:00:00+00:00,-27.02651596,0,0.2899999618530273,North Dakota
2025-01-21 00:00:00+00:00,-22.68860054,0.2800000011920929,0.2899999618530273,North Dakota
2025-01-22 00:00:00+00:00,-7.101933479,0.6600000858306885,0.2899999618530273,North Dakota
2025-01-23 00:00:00+00:00,-15.99151611,0,0.2899999618530273,North Dakota
2025-01-24 00:00:00+00:00,-7.285265923,0.9800000190734864,0.2899999618530273,North Dakota
2025-01-25 00:00:00+00:00,-7.470683098,0.4399999976158142,0.2899999618530273,North Dakota
2025-01-26 00:00:00+00:00,-9.554016113,0,0.2899999618530273,North Dakota
2025-01-27 00:00:00+00:00,-3.074017048,0.3600000143051147,0.2899999618530273,North Dakota
2025-01-28 00:00:00+00:00,0.1330666542053222,0,0.2900416254997253,North Dakota
2025-01-29 00:00:00+00:00,-1.509850025,0,0.2935333251953125,North Dakota
2025-01-30 00:00:00+00:00,-2.109850168,0,0.2948083281517029,North Dakota
2025-01-31 00:00:00+00:00,-8.55568409,0,0.2951833307743072,North Dakota
2025-02-01 00:00:00+00:00,-6.081516266,0.02,0.2952166497707367,North Dakota
2025-02-02 00:00:00+00:00,-6.414849758,0.060000002,0.2954749763011932,North Dakota
2025-02-03 00:00:00+00:00,-15.44651604,4.179999351501465,0.2953999638557434,North Dakota
2025-02-04 00:00:00+00:00,-20.63901711,0.079999998,0.2953999638557434,North Dakota
2025-02-05 00:00:00+00:00,-15.14068317,0.4000000059604645,0.2953999638557434,North Dakota
2025-02-06 00:00:00+00:00,-14.47776604,1.9399999380111697,0.2953999638557434,North Dakota
2025-02-07 00:00:00+00:00,-15.09068298,1.0199999809265137,0.2953999638557434,North Dakota
2025-02-08 00:00:00+00:00,-14.28110027,3.0999999046325684,0.2953999638557434,North Dakota
2025-02-09 00:00:00+00:00,-17.92193413,0,0.2953999638557434,North Dakota
2025-02-10 00:00:00+00:00,-18.91068268,0,0.2953999638557434,North Dakota
2025-02-11 00:00:00+00:00,-24.35651588,0,0.2953999638557434,North Dakota
2025-02-12 00:00:00+00:00,-23.91318321,0,0.2953999638557434,North Dakota
2025-02-13 00:00:00+00:00,-24.58359909,0,0.2953999638557434,North Dakota
2025-02-14 00:00:00+00:00,-17.01318359,0.2000000029802322,0.2953999638557434,North Dakota
2025-02-15 00:00:00+00:00,-19.49860001,0.4600000381469726,0.2953999638557434,North Dakota
2025-02-16 00:00:00+00:00,-20.64109993,0.3400000035762787,0.2953999638557434,North Dakota
2025-02-17 00:00:00+00:00,-27.29859924,0,0.2953999638557434,North Dakota
2025-02-18 00:00:00+00:00,-27.58151627,0,0.2953999638557434,North Dakota
2025-02-19 00:00:00+00:00,-25.46235085,0,0.2953999638557434,North Dakota
2025-02-20 00:00:00+00:00,-22.29360008,0,0.2953999638557434,North Dakota
2025-02-21 00:00:00+00:00,-14.46985054,0,0.2953999638557434,North Dakota
2025-02-22 00:00:00+00:00,-5.854434013,0,0.2953999638557434,North Dakota
2025-02-23 00:00:00+00:00,-1.437766671,0.02,0.2954999804496765,North Dakota
2025-02-24 00:00:00+00:00,4.135149955749512,1.4199998378753662,0.3138666749000549,North Dakota
2025-02-25 00:00:00+00:00,1.1272332668304443,0.1000000014901161,0.3408416509628296,North Dakota
2025-02-26 00:00:00+00:00,2.623483180999756,0.02,0.349066675,North Dakota
2025-02-27 00:00:00+00:00,3.230983257293701,0.1000000014901161,0.3557416498661041,North Dakota
2025-02-28 00:00:00+00:00,2.4751501083374023,0.1800000071525573,0.3620583415031433,North Dakota
2025-03-01 00:00:00+00:00,-8.921933174,0,0.3632916212081909,North Dakota
2025-03-02 00:00:00+00:00,-1.972349882,0,0.3634416162967682,North Dakota
2025-03-03 00:00:00+00:00,2.5343165397644043,0,0.3647666573524475,North Dakota
2025-03-04 00:00:00+00:00,-0.094850004,0.2199999988079071,0.3639000058174133,North Dakota
2025-03-05 00:00:00+00:00,-3.804016829,0,0.360925019,North Dakota
2025-03-06 00:00:00+00:00,-1.197766662,0.02,0.3598833680152893,North Dakota
2025-03-07 00:00:00+00:00,-1.421933293,0,0.358599991,North Dakota
2025-03-08 00:00:00+00:00,3.357650042,0,0.3581833243370056,North Dakota
2025-03-09 00:00:00+00:00,6.020150184631348,0.02,0.3561583161354065,North Dakota
2025-03-10 00:00:00+00:00,6.728483677,0.02,0.3496333360671997,North Dakota
2025-03-11 00:00:00+00:00,-5.898600101,0.4000000059604645,0.3402583003044128,North Dakota
2025-03-12 00:00:00+00:00,0.9380666613578796,0.3199999928474426,0.3359833359718323,North Dakota
2025-03-13 00:00:00+00:00,5.7051496505737305,0,0.3335999846458435,North Dakota
2025-03-14 00:00:00+00:00,8.566816329956055,2.6399998664855957,0.3271249830722809,North Dakota
2025-03-15 00:00:00+00:00,-3.02276659,1.519999861717224,0.3290249705314636,North Dakota
2025-03-16 00:00:00+00:00,-5.361933231,0.2800000309944153,0.3292416632175445,North Dakota
2025-03-17 00:00:00+00:00,0.4751500189304352,1.6200001239776611,0.3271500170230865,North Dakota
2025-03-18 00:00:00+00:00,-0.448599994,0.039999999,0.3257333636283874,North Dakota
2025-03-19 00:00:00+00:00,-1.605266809,0,0.3243166804313659,North Dakota
2025-03-20 00:00:00+00:00,1.6888999938964844,0,0.3233499825000763,North Dakota
2025-03-21 00:00:00+00:00,1.3259832859039309,0.02,0.3226749897003174,North Dakota
2025-03-22 00:00:00+00:00,-2.423183441,0.1400000005960464,0.3176416754722595,North Dakota
2025-03-23 00:00:00+00:00,-0.130683288,2.5999999046325684,0.3163250088691711,North Dakota
2025-03-24 00:00:00+00:00,-0.608183384,0,0.3151916861534118,North Dakota
2025-03-25 00:00:00+00:00,2.6993167400360107,0.7600000500679016,0.3155000209808349,North Dakota
2025-03-26 00:00:00+00:00,2.9480667114257812,0.3600000143051147,0.3192916512489319,North Dakota
2025-03-27 00:00:00+00:00,3.0134835243225098,0.02,0.3227666914463043,North Dakota
2025-03-28 00:00:00+00:00,4.821816444396973,2.419999837875366,0.3199166655540466,North Dakota
2025-03-29 00:00:00+00:00,-0.219850019,1.0800001621246338,0.3134666979312897,North Dakota
2025-03-30 00:00:00+00:00,0.5418167114257812,0.4800000190734863,0.3106249570846557,North Dakota
2025-03-31 00:00:00+00:00,-1.342766762,0,0.3084582984447479,North Dakota
2025-04-01 00:00:00+00:00,0.1668166369199752,6.819999694824219,0.3054666817188263,North Dakota
2025-04-02 00:00:00+00:00,0.1009833365678787,9.879999160766602,0.3032749891281128,North Dakota
2025-04-03 00:00:00+00:00,1.0172333717346191,2.140000104904175,0.3063499927520752,North Dakota
2025-04-04 00:00:00+00:00,-0.319850028,5.699999809265137,0.3191499710083008,North Dakota
2025-04-05 00:00:00+00:00,-2.581516743,0,0.3191499710083008,North Dakota
2025-04-06 00:00:00+00:00,1.7676500082015991,0,0.3189499974250793,North Dakota
2025-04-07 00:00:00+00:00,-2.640266895,0,0.3241584002971649,North Dakota
2025-04-08 00:00:00+00:00,0.6893167495727539,0.039999999,0.3201083540916443,North Dakota
2025-04-09 00:00:00+00:00,7.203483581542969,1.2400000095367432,0.318283349,North Dakota
2025-04-10 00:00:00+00:00,7.123899936676025,0.5800000429153442,0.3145916759967804,North Dakota
2025-04-11 00:00:00+00:00,7.954733371734619,0,0.3120999932289123,North Dakota
2025-04-12 00:00:00+00:00,13.051399230957031,0.3800000250339508,0.3017416596412658,North Dakota
2025-04-13 00:00:00+00:00,10.430566787719728,3.5199997425079346,0.2979999780654907,North Dakota
2025-04-14 00:00:00+00:00,5.542233467102051,3.659999847,0.2949833273887634,North Dakota
2025-04-15 00:00:00+00:00,4.901816368103027,0.039999999,0.2867833077907562,North Dakota
2025-04-16 00:00:00+00:00,8.403899192810059,0,0.2795583009719848,North Dakota
2025-04-17 00:00:00+00:00,8.753900527954102,2.4800000190734863,0.2880666851997375,North Dakota
2025-04-18 00:00:00+00:00,4.438066005706787,0,0.2959166169166565,North Dakota
2025-04-19 00:00:00+00:00,3.327233076095581,0,0.292849988,North Dakota
2025-04-20 00:00:00+00:00,8.845149993896484,0,0.2861583530902862,North Dakota
2025-04-21 00:00:00+00:00,10.500983238220217,0.02,0.2693000435829162,North Dakota
2025-04-22 00:00:00+00:00,10.61181641,5.839999675750732,0.2519000172615051,North Dakota
2025-04-23 00:00:00+00:00,6.910566806793213,0,0.2572833597660064,North Dakota
2025-04-24 00:00:00+00:00,7.108483315,0.4199999868869781,0.2595166563987732,North Dakota
2025-04-25 00:00:00+00:00,8.944734573364258,0.060000002,0.2600750029087066,North Dakota
2025-04-26 00:00:00+00:00,9.439733505249023,0.4799999594688415,0.2519916892051697,North Dakota
2025-04-27 00:00:00+00:00,11.920565605163574,0.7800000309944153,0.2500583529472351,North Dakota
2025-04-28 00:00:00+00:00,10.092233657836914,38.37999725341797,0.279883325,North Dakota
2025-04-29 00:00:00+00:00,3.896399974822998,1.1799999475479126,0.3320333361625671,North Dakota
2025-04-30 00:00:00+00:00,11.293900489807127,0.8400000333786011,0.320900023,North Dakota
2025-05-01 00:00:00+00:00,11.330984115600586,2.5400002002716064,0.3130000233650207,North Dakota
2025-05-02 00:00:00+00:00,8.765983581542969,0.2600000202655792,0.3127999901771545,North Dakota
2025-05-03 00:00:00+00:00,11.866399765014648,0,0.307616651,North Dakota
2025-05-04 00:00:00+00:00,16.25098228,0,0.2933083474636078,North Dakota
2025-05-05 00:00:00+00:00,18.67264938354492,0,0.2824999988079071,North Dakota
2025-05-06 00:00:00+00:00,14.660150527954102,1,0.2656249701976776,North Dakota
2025-05-07 00:00:00+00:00,12.242650032043455,0,0.2522083222866058,North Dakota
2025-05-08 00:00:00+00:00,15.36889934539795,0,0.2357333153486251,North Dakota
2025-05-09 00:00:00+00:00,19.098064422607425,0,0.2123333513736724,North Dakota
2025-05-10 00:00:00+00:00,16.193899154663086,0,0.2061833143234253,North Dakota
2025-05-11 00:00:00+00:00,24.85515022277832,0,0.1941916644573211,North Dakota
2025-05-12 00:00:00+00:00,26.774316787719727,0,0.1764833480119705,North Dakota
2025-05-13 00:00:00+00:00,26.603900909423828,0,0.169566661,North Dakota
2025-05-14 00:00:00+00:00,24.00181579589844,0.3600000143051147,0.1722416579723358,North Dakota
2025-05-15 00:00:00+00:00,17.744731903076172,12.079999923706056,0.1848500072956085,North Dakota
2025-05-16 00:00:00+00:00,9.543484687805176,11.960000991821287,0.2396499663591385,North Dakota
2025-05-17 00:00:00+00:00,5.752650260925293,1.340000033378601,0.2511916756629944,North Dakota
2025-05-18 00:00:00+00:00,6.323483467102051,1.2999999523162842,0.2471249997615814,North Dakota
2025-05-19 00:00:00+00:00,7.270983219146728,8.56000042,0.2580249905586242,North Dakota
2025-05-20 00:00:00+00:00,5.789316654205322,20.34000015258789,0.2831916213035583,North Dakota
2025-05-21 00:00:00+00:00,5.258482933044434,12.559999465942385,0.3335999846458435,North Dakota
2025-05-22 00:00:00+00:00,9.950149536132812,0.8399999737739563,0.335750014,North Dakota
2025-05-23 00:00:00+00:00,12.058066368103027,0.039999999,0.3190333247184753,North Dakota
2025-05-24 00:00:00+00:00,12.896400451660156,0.02,0.3023666739463806,North Dakota
2025-05-25 00:00:00+00:00,13.746816635131836,0.02,0.2854666709899902,North Dakota
2025-05-26 00:00:00+00:00,14.996400833129885,0,0.2672583162784576,North Dakota
2025-05-27 00:00:00+00:00,14.803067207336426,0.9200000762939452,0.2456916570663452,North Dakota
2025-05-28 00:00:00+00:00,14.153483390808104,0.8199999928474426,0.2397416830062866,North Dakota
2025-05-29 00:00:00+00:00,15.898483276367188,0,0.2306416779756546,North Dakota
2025-05-30 00:00:00+00:00,17.974315643310547,0,0.2167916744947433,North Dakota
2025-05-31 00:00:00+00:00,20.168066024780273,0.1600000113248825,0.2093750238418579,North Dakota
2025-06-01 00:00:00+00:00,21.95348358154297,0,0.2035249918699264,North Dakota
2025-06-02 00:00:00+00:00,19.750566482543945,1.9600000381469729,0.1897166669368744,North Dakota
2025-06-03 00:00:00+00:00,14.855566024780272,0.1800000071525573,0.2025916874408722,North Dakota
2025-06-04 00:00:00+00:00,15.617650032043455,1,0.191674992,North Dakota
2025-06-05 00:00:00+00:00,15.588899612426758,2.5999999046325684,0.1830250024795532,North Dakota
2025-06-06 00:00:00+00:00,15.596817016601562,1.2799999713897705,0.1737833321094513,North Dakota
2025-06-07 00:00:00+00:00,17.910568237304688,3.320000171661377,0.1668583452701568,North Dakota
2025-06-08 00:00:00+00:00,14.39348316192627,1.399999976158142,0.1785583198070526,North Dakota
2025-06-09 00:00:00+00:00,13.16765022277832,1.2599998712539673,0.201550007,North Dakota
2025-06-10 00:00:00+00:00,17.09848403930664,0.02,0.2230083495378494,North Dakota
2025-06-11 00:00:00+00:00,17.953899383544922,0,0.1922583281993866,North Dakota
2025-06-12 00:00:00+00:00,16.971817016601562,5.140000343322754,0.1843416541814804,North Dakota
2025-06-13 00:00:00+00:00,15.420150756835938,2.5199999809265137,0.1843999922275543,North Dakota
2025-06-14 00:00:00+00:00,15.25848388671875,0.2000000029802322,0.1869666576385498,North Dakota
2025-06-15 00:00:00+00:00,17.54640007019043,1.3200000524520874,0.1849083304405212,North Dakota
2025-06-16 00:00:00+00:00,19.53306770324707,8.539999961853027,0.1927333176136016,North Dakota
2025-06-17 00:00:00+00:00,19.78890037536621,0.1799999922513961,0.2081833183765411,North Dakota
2025-06-18 00:00:00+00:00,20.02639961242676,0.5199999809265137,0.1940999925136566,North Dakota
2025-06-19 00:00:00+00:00,20.98098373413086,0.2800000309944153,0.183349997,North Dakota
2025-06-20 00:00:00+00:00,23.40931701660156,0.039999999,0.1777083277702331,North Dakota
2025-06-21 00:00:00+00:00,23.26348304748535,6.019999980926514,0.1786499917507171,North Dakota
2025-06-22 00:00:00+00:00,22.473068237304688,6.5,0.1823916733264923,North Dakota
2025-06-23 00:00:00+00:00,16.850149154663086,0.079999998,0.1845583170652389,North Dakota
2025-06-24 00:00:00+00:00,16.927234649658203,0,0.1787083446979522,North Dakota
2025-06-25 00:00:00+00:00,18.508068084716797,6.5,0.1610250025987625,North Dakota
2025-06-26 00:00:00+00:00,16.69806671142578,4.180000305175781,0.1644999831914901,North Dakota
2025-06-27 00:00:00+00:00,18.590566635131836,0.039999999,0.1704583168029785,North Dakota
2025-06-28 00:00:00+00:00,22.70931625366211,0.8399999737739563,0.1736499965190887,North Dakota
2025-06-29 00:00:00+00:00,22.118066787719727,1.899999976158142,0.1691250056028366,North Dakota
2025-06-30 00:00:00+00:00,20.641817092895508,0.4000000059604645,0.1596666574478149,North Dakota
2025-07-01 00:00:00+00:00,22.08556747436523,0,0.1553833186626434,North Dakota
2025-07-02 00:00:00+00:00,24.124317169189453,0.079999998,0.1496833264827728,North Dakota
2025-07-03 00:00:00+00:00,25.53764915466309,0,0.1445166617631912,North Dakota
2025-07-04 00:00:00+00:00,27.24890137,7.520000457763672,0.1480333358049392,North Dakota
2025-07-05 00:00:00+00:00,22.314733505249023,2.7400002479553223,0.1526249945163726,North Dakota
2025-07-06 00:00:00+00:00,18.89223289489746,0.5400000214576721,0.1472750008106231,North Dakota
2025-07-07 00:00:00+00:00,19.975982666015625,8.300000190734863,0.1434416770935058,North Dakota
2025-07-08 00:00:00+00:00,19.29764938354492,0.02,0.1411583423614502,North Dakota
2025-07-09 00:00:00+00:00,22.427648544311523,0,0.1398750096559524,North Dakota
2025-07-10 00:00:00+00:00,25.14764976501465,1.9600000381469729,0.1411750018596649,North Dakota
2025-07-11 00:00:00+00:00,21.754318237304688,6.5799994468688965,0.141808346,North Dakota
2025-07-12 00:00:00+00:00,18.696399688720703,0.2199999988079071,0.148991659,North Dakota
2025-07-13 00:00:00+00:00,21.96306800842285,0,0.1469333320856094,North Dakota
2025-07-14 00:00:00+00:00,23.16681671142578,0.5400000810623169,0.1417583227157592,North Dakota
2025-07-15 00:00:00+00:00,20.344316482543945,6.819999694824219,0.1527250111103058,North Dakota
2025-07-16 00:00:00+00:00,15.153482437133787,1.1600000858306885,0.1686416715383529,North Dakota
2025-07-17 00:00:00+00:00,14.514734268188477,0.039999999,0.1638749986886978,North Dakota
2025-07-18 00:00:00+00:00,18.38931655883789,13.940000534057615,0.1632333397865295,North Dakota
2025-07-19 00:00:00+00:00,17.956817626953125,0,0.1810749769210815,North Dakota
2025-07-20 00:00:00+00:00,19.25931739807129,3.4800000190734863,0.1758666634559631,North Dakota
2025-07-21 00:00:00+00:00,20.954315185546875,15.540000915527344,0.1907750070095062,North Dakota
2025-07-22 00:00:00+00:00,23.65473365783691,10.280000686645508,0.225174993,North Dakota
2025-07-23 00:00:00+00:00,21.644317626953125,8.519999504089355,0.2397750169038772,North Dakota
2025-07-24 00:00:00+00:00,20.63931655883789,0.5800000429153442,0.2410416603088379,North Dakota
2025-07-25 00:00:00+00:00,22.775981903076172,4.600000381469727,0.2297333180904388,North Dakota
2025-07-26 00:00:00+00:00,25.043066024780273,5.539999961853027,0.224108338,North Dakota
2025-07-27 00:00:00+00:00,24.13348388671875,6.859999656677246,0.2291083633899688,North Dakota
2025-07-28 00:00:00+00:00,21.90890121459961,2.240000009536743,0.2292083501815796,North Dakota
2025-07-29 00:00:00+00:00,21.131816864013672,0.079999998,0.2267583310604095,North Dakota
2025-07-30 00:00:00+00:00,19.560565948486328,2.359999895095825,0.2197999954223632,North Dakota
2025-07-31 00:00:00+00:00,18.076398849487305,0.2000000029802322,0.2128083407878875,North Dakota
2025-08-01 00:00:00+00:00,18.561432,0.016666668,0.24790972,Iowa
2025-08-02 00:00:00+00:00,18.469069,0.15,0.23290974,Iowa
2025-08-03 00:00:00+00:00,19.063513,2.1333334,0.22322224,Iowa
2025-08-04 00:00:00+00:00,19.588861,0.91666657,0.2145,Iowa
2025-08-05 00:00:00+00:00,20.813513,0.116666675,0.20988889,Iowa
2025-08-06 00:00:00+00:00,22.127403,6.6,0.20877081,Iowa
2025-08-07 00:00:00+00:00,23.547195,4.45,0.2148403,Iowa
2025-08-08 00:00:00+00:00,25.96768,0.016666668,0.21468751,Iowa
2025-08-09 00:00:00+00:00,25.48504,17.033335,0.21436805,Iowa
2025-08-10 00:00:00+00:00,23.0215,10.466667,0.22836111,Iowa
2025-08-11 00:00:00+00:00,21.802055,0.1,0.22073609,Iowa
2025-08-12 00:00:00+00:00,22.219416,0.29999998,0.21467362,Iowa
2025-08-13 00:00:00+00:00,21.234,0,0.20238192,Iowa
2025-08-14 00:00:00+00:00,22.589556,4.016667,0.19748612,Iowa
2025-08-15 00:00:00+00:00,24.257263,2.05,0.19809027,Iowa
2025-08-16 00:00:00+00:00,25.34268,12.483334,0.22529165,Iowa
2025-08-17 00:00:00+00:00,25.179834,11.8,0.25417364,Iowa
2025-08-18 00:00:00+00:00,24.580528,17.783335,0.2888889,Iowa
2025-08-19 00:00:00+00:00,23.811083,1.9166666,0.29572222,Iowa
2025-08-20 00:00:00+00:00,23.492332,0.28333336,0.2770625,Iowa
2025-08-21 00:00:00+00:00,22.435041,0.116666675,0.25705558,Iowa
2025-08-22 00:00:00+00:00,21.748238,4.4166665,0.24597222,Iowa
2025-08-23 00:00:00+00:00,19.287819,1.65,0.2404861,Iowa
2025-08-24 00:00:00+00:00,15.869069,0.083333336,0.23003471,Iowa
2025-08-25 00:00:00+00:00,14.452056,0,0.22239582,Iowa
2025-08-26 00:00:00+00:00,15.357957,0,0.21260417,Iowa
2025-08-27 00:00:00+00:00,18.088514,3.3333333,0.20795833,Iowa
2025-08-28 00:00:00+00:00,19.79893,0.76666665,0.20670138,Iowa
2025-08-29 00:00:00+00:00,20.309347,0.56666666,0.20115276,Iowa
2025-08-30 00:00:00+00:00,19.870459,0.70000005,0.20338888,Iowa
2025-08-31 00:00:00+00:00,19.194763,0.78333336,0.19877084,Iowa
2025-08-01 00:00:00+00:00,19.491383,0.060000002,0.247625,Illinois
2025-08-02 00:00:00+00:00,19.592216,0,0.23404166,Illinois
2025-08-03 00:00:00+00:00,19.439716,0,0.21921666,Illinois
2025-08-04 00:00:00+00:00,20.968466,0.50000006,0.21129167,Illinois
2025-08-05 00:00:00+00:00,22.124302,0.14000002,0.20836668,Illinois
2025-08-06 00:00:00+00:00,23.285967,0.16,0.20034166,Illinois
2025-08-07 00:00:00+00:00,24.259716,7.340001,0.202625,Illinois
2025-08-08 00:00:00+00:00,26.013468,0.120000005,0.20107499,Illinois
2025-08-09 00:00:00+00:00,26.011383,5.9400005,0.19905832,Illinois
2025-08-10 00:00:00+00:00,26.238882,4.8399997,0.19265835,Illinois
2025-08-11 00:00:00+00:00,24.351383,14.660001,0.20724168,Illinois
2025-08-12 00:00:00+00:00,24.19555,4.62,0.21304166,Illinois
2025-08-13 00:00:00+00:00,23.472218,0.26000002,0.2198,Illinois
2025-08-14 00:00:00+00:00,22.5168,0.02,0.20773332,Illinois
2025-08-15 00:00:00+00:00,25.071384,0,0.19861665,Illinois
2025-08-16 00:00:00+00:00,26.661383,5.84,0.19325,Illinois
2025-08-17 00:00:00+00:00,26.094303,6,0.19021666,Illinois
2025-08-18 00:00:00+00:00,25.796803,8.08,0.19084165,Illinois
2025-08-19 00:00:00+00:00,25.383884,8.959999,0.20370834,Illinois
2025-08-20 00:00:00+00:00,23.294714,1.28,0.201525,Illinois
2025-08-21 00:00:00+00:00,21.357218,0.02,0.19228335,Illinois
2025-08-22 00:00:00+00:00,21.477215,0.060000002,0.18824166,Illinois
2025-08-23 00:00:00+00:00,22.295134,0.28,0.18749169,Illinois
2025-08-24 00:00:00+00:00,18.596382,0.02,0.18400833,Illinois
2025-08-25 00:00:00+00:00,16.765966,0,0.18465,Illinois
2025-08-26 00:00:00+00:00,16.053467,0.02,0.18741666,Illinois
2025-08-27 00:00:00+00:00,17.2468,0.02,0.18110833,Illinois
2025-08-28 00:00:00+00:00,19.665966,0.24000001,0.18210833,Illinois
2025-08-29 00:00:00+00:00,19.92305,0.14000002,0.173325,Illinois
2025-08-30 00:00:00+00:00,19.760967,0.68,0.17038333,Illinois
2025-08-31 00:00:00+00:00,19.713049,0.02,0.1705,Illinois
2025-08-01 00:00:00+00:00,20.668043,0.083333336,0.1953889,Nebraska
2025-08-02 00:00:00+00:00,19.875334,7.7666664,0.19527084,Nebraska
2025-08-03 00:00:00+00:00,20.473597,6.2333336,0.202125,Nebraska
2025-08-04 00:00:00+00:00,20.696514,2.4166667,0.2093889,Nebraska
2025-08-05 00:00:00+00:00,23.003458,0.083333336,0.20854163,Nebraska
2025-08-06 00:00:00+00:00,24.522903,16.416666,0.22012497,Nebraska
2025-08-07 00:00:00+00:00,26.2295,3.8166666,0.21753472,Nebraska
2025-08-08 00:00:00+00:00,27.86596,0,0.21081944,Nebraska
2025-08-09 00:00:00+00:00,26.477417,1.35,0.2026111,Nebraska
2025-08-10 00:00:00+00:00,23.479849,17.266668,0.21614583,Nebraska
2025-08-11 00:00:00+00:00,22.312834,3.8333333,0.20983334,Nebraska
2025-08-12 00:00:00+00:00,22.46318,0.13333334,0.2215,Nebraska
2025-08-13 00:00:00+00:00,23.726723,0.083333336,0.21388887,Nebraska
2025-08-14 00:00:00+00:00,25.667694,3.1666667,0.20898612,Nebraska
2025-08-15 00:00:00+00:00,27.761793,2.2833333,0.20300001,Nebraska
2025-08-16 00:00:00+00:00,29.03714,0,0.19770138,Nebraska
2025-08-17 00:00:00+00:00,28.452417,0.15,0.19516666,Nebraska
2025-08-18 00:00:00+00:00,27.031586,1.3,0.1925,Nebraska
2025-08-19 00:00:00+00:00,26.736794,0.13333334,0.20102777,Nebraska
2025-08-20 00:00:00+00:00,26.005196,0.18333334,0.19632639,Nebraska
2025-08-21 00:00:00+00:00,25.770126,0.083333336,0.18743749,Nebraska
2025-08-22 00:00:00+00:00,25.003113,0.49999997,0.18745138,Nebraska
2025-08-23 00:00:00+00:00,21.922556,0.93333334,0.18977778,Nebraska
2025-08-24 00:00:00+00:00,18.807974,0.9166667,0.18750693,Nebraska
2025-08-25 00:00:00+00:00,17.633667,0.35000002,0.18708335,Nebraska
2025-08-26 00:00:00+00:00,18.387833,1.15,0.18760417,Nebraska
2025-08-27 00:00:00+00:00,20.423597,0,0.18803473,Nebraska
2025-08-28 00:00:00+00:00,20.292696,0.51666665,0.18650697,Nebraska
2025-08-29 00:00:00+00:00,21.229847,0.6166667,0.1920625,Nebraska
2025-08-30 00:00:00+00:00,20.280542,8.333333,0.19175696,Nebraska
2025-08-31 00:00:00+00:00,19.36075,17.866667,0.21160416,Nebraska
2025-08-01 00:00:00+00:00,18.574362,0.016666668,0.28934032,Minnesota
2025-08-02 00:00:00+00:00,18.428183,0,0.2743611,Minnesota
2025-08-03 00:00:00+00:00,18.929916,2.3,0.26363197,Minnesota
2025-08-04 00:00:00+00:00,19.558737,3.5833333,0.25789586,Minnesota
2025-08-05 00:00:00+00:00,20.752832,2.0166667,0.25053474,Minnesota
2025-08-06 00:00:00+00:00,22.237206,10.899999,0.2579583,Minnesota
2025-08-07 00:00:00+00:00,23.592417,1.7000002,0.2602847,Minnesota
2025-08-08 00:00:00+00:00,25.347971,0.3166667,0.25158334,Minnesota
2025-08-09 00:00:00+00:00,24.086166,13.016666,0.2601736,Minnesota
2025-08-10 00:00:00+00:00,21.79693,2.3333333,0.27047223,Minnesota
2025-08-11 00:00:00+00:00,20.836515,0.033333335,0.2605139,Minnesota
2025-08-12 00:00:00+00:00,21.50943,0.21666665,0.25177082,Minnesota
2025-08-13 00:00:00+00:00,20.346235,0.033333335,0.23729165,Minnesota
2025-08-14 00:00:00+00:00,22.66186,3.8,0.23240276,Minnesota
2025-08-15 00:00:00+00:00,23.558388,1.5500001,0.2488889,Minnesota
2025-08-16 00:00:00+00:00,23.348665,10.283332,0.27104858,Minnesota
2025-08-17 00:00:00+00:00,22.847626,17.633333,0.28547224,Minnesota
2025-08-18 00:00:00+00:00,23.14797,15.183334,0.3268611,Minnesota
2025-08-19 00:00:00+00:00,23.169151,1.75,0.3257917,Minnesota
2025-08-20 00:00:00+00:00,22.14936,0.016666668,0.31218055,Minnesota
2025-08-21 00:00:00+00:00,22.499361,0.2,0.29564583,Minnesota
2025-08-22 00:00:00+00:00,21.499361,4.483333,0.28480557,Minnesota
2025-08-23 00:00:00+00:00,17.938944,0.6,0.2819028,Minnesota
2025-08-24 00:00:00+00:00,14.927486,0.13333334,0.27509025,Minnesota
2025-08-25 00:00:00+00:00,13.785819,0,0.26683334,Minnesota
2025-08-26 00:00:00+00:00,15.531999,0,0.25693747,Minnesota
2025-08-27 00:00:00+00:00,17.804567,2.6833334,0.24912499,Minnesota
2025-08-28 00:00:00+00:00,19.288595,1.65,0.24295832,Minnesota
2025-08-29 00:00:00+00:00,20.176098,2.4166667,0.23640276,Minnesota
2025-08-30 00:00:00+00:00,19.798666,0.38333336,0.2363264,Minnesota
2025-08-31 00:00:00+00:00,18.854221,0.6,0.23030557,Minnesota
2025-08-01 00:00:00+00:00,22.818272,0.1,0.1978646,Kansas
2025-08-02 00:00:00+00:00,22.600561,0,0.19460417,Kansas
2025-08-03 00:00:00+00:00,22.588581,8.575,0.1916979,Kansas
2025-08-04 00:00:00+00:00,22.402122,2.325,0.18817708,Kansas
2025-08-05 00:00:00+00:00,25.160458,0,0.18435414,Kansas
2025-08-06 00:00:00+00:00,27.276604,2.375,0.18195832,Kansas
2025-08-07 00:00:00+00:00,28.877644,3.75,0.18312502,Kansas
2025-08-08 00:00:00+00:00,30.495356,0,0.17857292,Kansas
2025-08-09 00:00:00+00:00,30.545355,0.3,0.17353126,Kansas
2025-08-10 00:00:00+00:00,26.913063,19.074999,0.19360419,Kansas
2025-08-11 00:00:00+00:00,23.871916,15.175,0.21078125,Kansas
2025-08-12 00:00:00+00:00,24.03754,0.975,0.2344896,Kansas
2025-08-13 00:00:00+00:00,24.92452,0.2,0.23052084,Kansas
2025-08-14 00:00:00+00:00,26.664104,0,0.22077084,Kansas
2025-08-15 00:00:00+00:00,28.867752,0,0.21307291,Kansas
2025-08-16 00:00:00+00:00,29.422436,0,0.20849998,Kansas
2025-08-17 00:00:00+00:00,29.103687,0.35,0.20523956,Kansas
2025-08-18 00:00:00+00:00,29.058895,1.025,0.20126042,Kansas
2025-08-19 00:00:00+00:00,28.12921,3.025,0.2014479,Kansas
2025-08-20 00:00:00+00:00,27.018791,0.025,0.20463543,Kansas
2025-08-21 00:00:00+00:00,26.365147,0.125,0.19716665,Kansas
2025-08-22 00:00:00+00:00,25.066708,0,0.19708334,Kansas
2025-08-23 00:00:00+00:00,24.64327,1.95,0.19409375,Kansas
2025-08-24 00:00:00+00:00,22.650042,0.72499996,0.1934271,Kansas
2025-08-25 00:00:00+00:00,19.894833,2.9000006,0.19266668,Kansas
2025-08-26 00:00:00+00:00,18.688063,0.20000002,0.19675002,Kansas
2025-08-27 00:00:00+00:00,20.024519,5.7250004,0.19307292,Kansas
2025-08-28 00:00:00+00:00,20.372957,7.3749995,0.2096146,Kansas
2025-08-29 00:00:00+00:00,20.821917,0.125,0.23715627,Kansas
2025-08-30 00:00:00+00:00,21.951603,4.0750003,0.23140627,Kansas
2025-08-31 00:00:00+00:00,22.057854,8.125,0.22931251,Kansas
2025-08-01 00:00:00+00:00,19.267715,0.34,0.20667501,North Dakota
2025-08-02 00:00:00+00:00,19.429798,2.3,0.20062502,North Dakota
2025-08-03 00:00:00+00:00,19.656048,5.9,0.20513336,North Dakota
2025-08-04 00:00:00+00:00,20.021465,2.7999997,0.20769998,North Dakota
2025-08-05 00:00:00+00:00,19.828135,16.5,0.21544167,North Dakota
2025-08-06 00:00:00+00:00,21.291883,27.759998,0.261025,North Dakota
2025-08-07 00:00:00+00:00,23.753965,2.8200002,0.24256666,North Dakota
2025-08-08 00:00:00+00:00,23.196053,16.34,0.26995835,North Dakota
2025-08-09 00:00:00+00:00,20.514385,1.74,0.29837498,North Dakota
2025-08-10 00:00:00+00:00,19.251883,0.38000003,0.28719997,North Dakota
2025-08-11 00:00:00+00:00,20.204384,2.98,0.277625,North Dakota
2025-08-12 00:00:00+00:00,19.48855,0.04,0.26553336,North Dakota
2025-08-13 00:00:00+00:00,18.844799,0,0.25080833,North Dakota
2025-08-14 00:00:00+00:00,22.5673,2.9599998,0.23865831,North Dakota
2025-08-15 00:00:00+00:00,21.949383,0.84,0.23054998,North Dakota
2025-08-16 00:00:00+00:00,20.284384,0.1,0.22094166,North Dakota
2025-08-17 00:00:00+00:00,20.3373,23.84,0.22590001,North Dakota
2025-08-18 00:00:00+00:00,22.347717,3.2999997,0.25569168,North Dakota
2025-08-19 00:00:00+00:00,22.627718,0.120000005,0.25868335,North Dakota
2025-08-20 00:00:00+00:00,22.13105,0,0.24559169,North Dakota
2025-08-21 00:00:00+00:00,23.9673,0.9,0.23335834,North Dakota
2025-08-22 00:00:00+00:00,21.585632,0.14000002,0.22687502,North Dakota
2025-08-23 00:00:00+00:00,16.801466,0.08,0.21963331,North Dakota
2025-08-24 00:00:00+00:00,14.632299,0.04,0.21929166,North Dakota
2025-08-25 00:00:00+00:00,14.310217,0,0.2145,North Dakota
2025-08-26 00:00:00+00:00,17.060635,0,0.20596667,North Dakota
2025-08-27 00:00:00+00:00,19.501467,0,0.19496667,North Dakota
2025-08-28 00:00:00+00:00,20.2498,0,0.18860833,North Dakota
2025-08-29 00:00:00+00:00,20.876883,0.26,0.18551666,North Dakota
2025-08-30 00:00:00+00:00,20.335634,0.52000004,0.18305834,North Dakota
2025-08-31 00:00:00+00:00,20.065634,1.28,0.18217501,North Dakota