date,temperature_2m_mean,precipitation_sum,soil_moisture_7_to_28cm_mean,name
2020-01-01 00:00:00+00:00,29.123297,0.0,0.16391668,Queensland
2020-01-02 00:00:00+00:00,29.08163,0.04,0.16493335,Queensland
2020-01-03 00:00:00+00:00,28.09455,0.0,0.16527501,Queensland
2020-01-04 00:00:00+00:00,28.1858,0.0,0.16511665,Queensland
2020-01-05 00:00:00+00:00,28.301632,0.17999999,0.16504166,Queensland
2020-01-06 00:00:00+00:00,26.97955,0.5400001,0.16551664,Queensland
2020-01-07 00:00:00+00:00,26.967884,0.84000003,0.16647498,Queensland
2020-01-08 00:00:00+00:00,28.509134,0.0,0.16954997,Queensland
2020-01-09 00:00:00+00:00,28.648716,0.0,0.16889167,Queensland
2020-01-10 00:00:00+00:00,29.096216,0.0,0.16805834,Queensland
2020-01-11 00:00:00+00:00,29.71705,0.32000002,0.17028332,Queensland
2020-01-12 00:00:00+00:00,25.929966,3.36,0.16907501,Queensland
2020-01-13 00:00:00+00:00,25.75705,0.34,0.17120835,Queensland
2020-01-14 00:00:00+00:00,27.084131,0.54,0.17074999,Queensland
2020-01-15 00:00:00+00:00,27.046215,1.54,0.17044999,Queensland
2020-01-16 00:00:00+00:00,24.682882,18.860003,0.18140832,Queensland
2020-01-17 00:00:00+00:00,22.789133,10.240001,0.22628331,Queensland
2020-01-18 00:00:00+00:00,23.956635,7.3200006,0.29074165,Queensland
2020-01-19 00:00:00+00:00,27.544132,0.36000004,0.28141665,Queensland
2020-01-20 00:00:00+00:00,27.752888,0.54,0.27214164,Queensland
2020-01-21 00:00:00+00:00,27.730383,0.84,0.26456672,Queensland
2020-01-22 00:00:00+00:00,27.862051,1.86,0.25955,Queensland
2020-01-23 00:00:00+00:00,27.472467,2.1000001,0.25464997,Queensland
2020-01-24 00:00:00+00:00,26.3258,13.44,0.25904173,Queensland
2020-01-25 00:00:00+00:00,25.204134,9.92,0.29098335,Queensland
2020-01-26 00:00:00+00:00,25.057884,2.6200001,0.3120417,Queensland
2020-01-27 00:00:00+00:00,24.3908,7.5199995,0.30857497,Queensland
2020-01-28 00:00:00+00:00,25.500385,2.7199998,0.30051666,Queensland
2020-01-29 00:00:00+00:00,27.733715,0.86,0.2941583,Queensland
2020-01-30 00:00:00+00:00,27.457464,0.4,0.28570834,Queensland
2020-01-31 00:00:00+00:00,26.739965,0.61999995,0.27695832,Queensland
2020-02-01 00:00:00+00:00,26.723719,0.84,0.26977497,Queensland
2020-02-02 00:00:00+00:00,27.664967,0.04,0.2630583,Queensland
2020-02-03 00:00:00+00:00,27.671215,1.4,0.25687498,Queensland
2020-02-04 00:00:00+00:00,23.65705,10.039999,0.25598335,Queensland
2020-02-05 00:00:00+00:00,21.305384,18.240002,0.28005,Queensland
2020-02-06 00:00:00+00:00,22.673717,11.76,0.30630836,Queensland
2020-02-07 00:00:00+00:00,23.898302,9.999999,0.30795833,Queensland
2020-02-08 00:00:00+00:00,23.224133,15.660001,0.32983333,Queensland
2020-02-09 00:00:00+00:00,25.03955,2.08,0.32629162,Queensland
2020-02-10 00:00:00+00:00,24.636633,16.119999,0.33008334,Queensland
2020-02-11 00:00:00+00:00,25.125381,12.68,0.330225,Queensland
2020-02-12 00:00:00+00:00,24.4808,6.84,0.3314667,Queensland
2020-02-13 00:00:00+00:00,24.394135,5.3200006,0.337275,Queensland
2020-02-14 00:00:00+00:00,25.26913,4.16,0.339125,Queensland
2020-02-15 00:00:00+00:00,26.682465,3.3600001,0.3345583,Queensland
2020-02-16 00:00:00+00:00,27.122051,0.40000004,0.32168335,Queensland
2020-02-17 00:00:00+00:00,26.911633,0.44,0.30985832,Queensland
2020-02-18 00:00:00+00:00,27.229548,0.48000002,0.3013084,Queensland
2020-02-19 00:00:00+00:00,26.079136,1.68,0.29296666,Queensland
2020-02-20 00:00:00+00:00,25.219967,1.4599999,0.2888667,Queensland
2020-02-21 00:00:00+00:00,25.434134,11.140001,0.28790838,Queensland
2020-02-22 00:00:00+00:00,22.709133,12.08,0.29365835,Queensland
2020-02-23 00:00:00+00:00,20.983715,13.58,0.31944165,Queensland
2020-02-24 00:00:00+00:00,22.269966,5.46,0.3576333,Queensland
2020-02-25 00:00:00+00:00,23.130802,7.9999976,0.36057502,Queensland
2020-02-26 00:00:00+00:00,23.778717,6.4199996,0.35231665,Queensland
2020-02-27 00:00:00+00:00,24.638718,2.3400002,0.35289162,Queensland
2020-02-28 00:00:00+00:00,24.288301,0.28000003,0.3431833,Queensland
2020-02-29 00:00:00+00:00,24.427052,0.48000002,0.33020002,Queensland
2020-03-01 00:00:00+00:00,24.63455,0.02,0.31891662,Queensland
2020-03-02 00:00:00+00:00,25.6758,0.0,0.30871668,Queensland
2020-03-03 00:00:00+00:00,25.477467,0.4,0.30094165,Queensland
2020-03-04 00:00:00+00:00,24.042467,9.92,0.301675,Queensland
2020-03-05 00:00:00+00:00,24.114132,34.780003,0.31260833,Queensland
2020-03-06 00:00:00+00:00,24.036633,2.8399997,0.33322498,Queensland
2020-03-07 00:00:00+00:00,23.899134,2.22,0.32623333,Queensland
2020-03-08 00:00:00+00:00,22.569134,9.5199995,0.32278335,Queensland
2020-03-09 00:00:00+00:00,21.066631,5.92,0.34030834,Queensland
2020-03-10 00:00:00+00:00,21.5283,0.72,0.34043336,Queensland
2020-03-11 00:00:00+00:00,21.1283,0.14000002,0.32983333,Queensland
2020-03-12 00:00:00+00:00,21.276217,0.32000002,0.32079166,Queensland
2020-03-13 00:00:00+00:00,21.131634,0.04,0.31236663,Queensland
2020-03-14 00:00:00+00:00,21.525383,0.0,0.30390835,Queensland
2020-03-15 00:00:00+00:00,21.549133,0.120000005,0.297925,Queensland
2020-03-16 00:00:00+00:00,21.197882,0.0,0.2909417,Queensland
2020-03-17 00:00:00+00:00,20.956217,0.0,0.28576666,Queensland
2020-03-18 00:00:00+00:00,21.129133,0.0,0.27915832,Queensland
2020-03-19 00:00:00+00:00,21.59455,0.0,0.27489167,Queensland
2020-03-20 00:00:00+00:00,22.561218,0.0,0.26983336,Queensland
2020-03-21 00:00:00+00:00,24.3333,0.0,0.2646083,Queensland
2020-03-22 00:00:00+00:00,24.59705,0.0,0.258875,Queensland
2020-03-23 00:00:00+00:00,24.600801,0.24000004,0.25462502,Queensland
2020-03-24 00:00:00+00:00,22.535799,1.0600001,0.25064164,Queensland
2020-03-25 00:00:00+00:00,22.17205,1.74,0.25050834,Queensland
2020-03-26 00:00:00+00:00,22.56955,1.54,0.24876669,Queensland
2020-03-27 00:00:00+00:00,21.063717,1.5,0.24689999,Queensland
2020-03-28 00:00:00+00:00,22.036217,2.1,0.24469161,Queensland
2020-03-29 00:00:00+00:00,22.678717,0.32000002,0.24197502,Queensland
2020-03-30 00:00:00+00:00,23.435383,0.62,0.24041668,Queensland
2020-03-31 00:00:00+00:00,23.756634,0.2,0.23934169,Queensland
2020-04-01 00:00:00+00:00,23.531631,0.08,0.23708336,Queensland
2020-04-02 00:00:00+00:00,23.759134,0.17999999,0.23612502,Queensland
2020-04-03 00:00:00+00:00,24.094967,1.6199999,0.23721667,Queensland
2020-04-04 00:00:00+00:00,22.029549,0.74,0.2370917,Queensland
2020-04-05 00:00:00+00:00,20.207464,0.0,0.23966666,Queensland
2020-04-06 00:00:00+00:00,20.129965,0.0,0.24088332,Queensland
2020-04-07 00:00:00+00:00,20.866215,0.0,0.23875833,Queensland
2020-04-08 00:00:00+00:00,21.778717,0.2,0.23526669,Queensland
2020-04-09 00:00:00+00:00,21.65205,0.24000001,0.23295836,Queensland
2020-04-10 00:00:00+00:00,22.189966,0.48000002,0.23090835,Queensland
2020-04-11 00:00:00+00:00,22.500385,0.120000005,0.23081668,Queensland
2020-04-12 00:00:00+00:00,19.688717,0.0,0.23035002,Queensland
2020-04-13 00:00:00+00:00,20.976633,0.0,0.228425,Queensland
2020-04-14 00:00:00+00:00,20.973299,0.0,0.2273417,Queensland
2020-04-15 00:00:00+00:00,20.9758,0.0,0.22675002,Queensland
2020-04-16 00:00:00+00:00,22.048717,0.0,0.22596669,Queensland
2020-04-17 00:00:00+00:00,23.833717,0.0,0.2253333,Queensland
2020-04-18 00:00:00+00:00,21.14455,0.2,0.22408335,Queensland
2020-04-19 00:00:00+00:00,19.244967,2.24,0.22520001,Queensland
2020-04-20 00:00:00+00:00,20.132885,0.0,0.22749999,Queensland
2020-04-21 00:00:00+00:00,22.3208,0.0,0.22663334,Queensland
2020-04-22 00:00:00+00:00,22.094135,0.0,0.22489166,Queensland
2020-04-23 00:00:00+00:00,21.055384,0.0,0.22326665,Queensland
2020-04-24 00:00:00+00:00,20.866217,0.0,0.2223833,Queensland
2020-04-25 00:00:00+00:00,20.46455,0.0,0.22296667,Queensland
2020-04-26 00:00:00+00:00,20.686214,0.0,0.22143331,Queensland
2020-04-27 00:00:00+00:00,21.214134,0.0,0.22051665,Queensland
2020-04-28 00:00:00+00:00,21.32955,0.0,0.22064166,Queensland
2020-04-29 00:00:00+00:00,21.820385,0.46000004,0.22066668,Queensland
2020-04-30 00:00:00+00:00,17.793716,3.8,0.21928337,Queensland
2020-05-01 00:00:00+00:00,13.565799,0.0,0.21870832,Queensland
2020-05-02 00:00:00+00:00,14.844549,0.0,0.222325,Queensland
2020-05-03 00:00:00+00:00,13.809134,0.0,0.2214083,Queensland
2020-05-04 00:00:00+00:00,15.371218,0.0,0.21819165,Queensland
2020-05-05 00:00:00+00:00,16.608715,0.0,0.21736667,Queensland
2020-05-06 00:00:00+00:00,17.301216,0.060000002,0.21793333,Queensland
2020-05-07 00:00:00+00:00,18.194967,0.08,0.21790831,Queensland
2020-05-08 00:00:00+00:00,19.374134,0.0,0.21873334,Queensland
2020-05-09 00:00:00+00:00,19.321634,0.120000005,0.217275,Queensland
2020-05-10 00:00:00+00:00,16.431217,0.060000002,0.21715832,Queensland
2020-05-11 00:00:00+00:00,14.45455,0.0,0.21601668,Queensland
2020-05-12 00:00:00+00:00,16.037884,0.0,0.21373332,Queensland
2020-05-13 00:00:00+00:00,17.696217,0.22,0.21461666,Queensland
2020-05-14 00:00:00+00:00,17.505383,0.060000002,0.21470001,Queensland
2020-05-15 00:00:00+00:00,17.049967,0.18,0.2115083,Queensland
2020-05-16 00:00:00+00:00,17.27955,0.02,0.21100831,Queensland
2020-05-17 00:00:00+00:00,17.654549,0.26000002,0.21029165,Queensland
2020-05-18 00:00:00+00:00,17.156633,0.74000007,0.21096663,Queensland
2020-05-19 00:00:00+00:00,17.525383,1.9399999,0.21039999,Queensland
2020-05-20 00:00:00+00:00,16.910383,7.6,0.2125,Queensland
2020-05-21 00:00:00+00:00,14.522467,3.7599998,0.2227917,Queensland
2020-05-22 00:00:00+00:00,11.072884,4.02,0.23464164,Queensland
2020-05-23 00:00:00+00:00,9.347883,0.02,0.2545,Queensland
2020-05-24 00:00:00+00:00,11.1391325,0.1,0.25983334,Queensland
2020-05-25 00:00:00+00:00,12.717467,0.0,0.25909168,Queensland
2020-05-26 00:00:00+00:00,13.746634,0.0,0.25962502,Queensland
2020-05-27 00:00:00+00:00,15.162466,0.0,0.25933337,Queensland
2020-05-28 00:00:00+00:00,15.849132,0.0,0.25619167,Queensland
2020-05-29 00:00:00+00:00,15.204134,0.0,0.25176665,Queensland
2020-05-30 00:00:00+00:00,15.711217,0.0,0.2502166,Queensland
2020-05-31 00:00:00+00:00,16.390385,0.0,0.24910001,Queensland
2020-06-01 00:00:00+00:00,16.327051,0.08,0.2467,Queensland
2020-06-02 00:00:00+00:00,11.510383,0.0,0.24523334,Queensland
2020-06-03 00:00:00+00:00,11.7241335,0.0,0.24344166,Queensland
2020-06-04 00:00:00+00:00,13.552051,0.0,0.24269168,Queensland
2020-06-05 00:00:00+00:00,14.053716,0.04,0.24003336,Queensland
2020-06-06 00:00:00+00:00,14.944135,0.0,0.23719165,Queensland
2020-06-07 00:00:00+00:00,15.030382,0.2,0.23852496,Queensland
2020-06-08 00:00:00+00:00,14.482466,0.0,0.23939165,Queensland
2020-06-09 00:00:00+00:00,15.283716,0.0,0.23748335,Queensland
2020-06-10 00:00:00+00:00,16.019133,0.6,0.23788336,Queensland
2020-06-11 00:00:00+00:00,16.659134,0.14000002,0.23872502,Queensland
2020-06-12 00:00:00+00:00,17.434965,0.17999999,0.237075,Queensland
2020-06-13 00:00:00+00:00,18.8933,5.6400003,0.23839168,Queensland
2020-06-14 00:00:00+00:00,16.427052,5.84,0.25723332,Queensland
2020-06-15 00:00:00+00:00,14.276632,0.0,0.2701667,Queensland
2020-06-16 00:00:00+00:00,14.8483,0.0,0.2718417,Queensland
2020-06-17 00:00:00+00:00,15.5683,0.04,0.27113333,Queensland
2020-06-18 00:00:00+00:00,15.86955,0.14000002,0.2693334,Queensland
2020-06-19 00:00:00+00:00,15.647467,0.17999999,0.26765832,Queensland
2020-06-20 00:00:00+00:00,15.6912155,0.060000002,0.26598328,Queensland
2020-06-21 00:00:00+00:00,15.435385,0.2,0.26411667,Queensland
2020-06-22 00:00:00+00:00,12.192884,0.0,0.26451665,Queensland
2020-06-23 00:00:00+00:00,10.936633,0.0,0.26669165,Queensland
2020-06-24 00:00:00+00:00,11.050799,0.0,0.26658335,Queensland
2020-06-25 00:00:00+00:00,11.107467,0.0,0.26314163,Queensland
2020-06-26 00:00:00+00:00,11.111633,0.0,0.26105836,Queensland
2020-06-27 00:00:00+00:00,13.491633,0.02,0.25691667,Queensland
2020-06-28 00:00:00+00:00,14.374552,0.18,0.2524417,Queensland
2020-06-29 00:00:00+00:00,14.120384,0.060000002,0.25020835,Queensland
2020-06-30 00:00:00+00:00,14.539133,0.08,0.25053334,Queensland
2020-07-01 00:00:00+00:00,15.166634,0.28000003,0.25154996,Queensland
2020-07-02 00:00:00+00:00,15.372049,0.46000004,0.24938333,Queensland
2020-07-03 00:00:00+00:00,15.223717,0.7,0.24707504,Queensland
2020-07-04 00:00:00+00:00,10.690384,0.0,0.24703336,Queensland
2020-07-05 00:00:00+00:00,10.550799,0.0,0.24668333,Queensland
2020-07-06 00:00:00+00:00,11.137883,0.0,0.24549167,Queensland
2020-07-07 00:00:00+00:00,13.216634,0.0,0.24219997,Queensland
2020-07-08 00:00:00+00:00,14.685801,0.0,0.23955002,Queensland
2020-07-09 00:00:00+00:00,15.249967,0.14,0.23785003,Queensland
2020-07-10 00:00:00+00:00,15.7553835,0.34,0.23710003,Queensland
2020-07-11 00:00:00+00:00,15.85705,5.08,0.2374917,Queensland
2020-07-12 00:00:00+00:00,13.341215,1.7,0.23768333,Queensland
2020-07-13 00:00:00+00:00,10.4203825,0.0,0.24161668,Queensland
2020-07-14 00:00:00+00:00,10.447466,0.0,0.24357498,Queensland
2020-07-15 00:00:00+00:00,11.351633,0.0,0.243575,Queensland
2020-07-16 00:00:00+00:00,10.948717,0.0,0.24205837,Queensland
2020-07-17 00:00:00+00:00,11.16205,0.0,0.2395583,Queensland
2020-07-18 00:00:00+00:00,13.2328825,0.0,0.23700836,Queensland
2020-07-19 00:00:00+00:00,14.303717,0.0,0.2363083,Queensland
2020-07-20 00:00:00+00:00,14.201216,0.0,0.23380832,Queensland
2020-07-21 00:00:00+00:00,13.515383,0.060000002,0.2312833,Queensland
2020-07-22 00:00:00+00:00,13.1391325,7.5200014,0.23455831,Queensland
2020-07-23 00:00:00+00:00,13.340384,1.4399998,0.24030001,Queensland
2020-07-24 00:00:00+00:00,15.42955,0.04,0.24215,Queensland
2020-07-25 00:00:00+00:00,15.872882,2.6000001,0.24136667,Queensland
2020-07-26 00:00:00+00:00,13.188299,2.52,0.24255832,Queensland
2020-07-27 00:00:00+00:00,12.437883,0.04,0.24194166,Queensland
2020-07-28 00:00:00+00:00,12.189966,0.0,0.24095003,Queensland
2020-07-29 00:00:00+00:00,13.536632,0.0,0.23995002,Queensland
2020-07-30 00:00:00+00:00,13.6408,0.0,0.23885,Queensland
2020-07-31 00:00:00+00:00,13.736633,0.0,0.23617497,Queensland
2020-08-01 00:00:00+00:00,13.761633,0.0,0.23419169,Queensland
2020-08-02 00:00:00+00:00,14.339551,0.0,0.23214169,Queensland
2020-08-03 00:00:00+00:00,14.969966,0.0,0.23050001,Queensland
2020-08-04 00:00:00+00:00,15.619133,0.02,0.23164168,Queensland
2020-08-05 00:00:00+00:00,15.49955,0.0,0.23324165,Queensland
2020-08-06 00:00:00+00:00,18.123716,0.45999998,0.23079166,Queensland
2020-08-07 00:00:00+00:00,15.4608,14.26,0.24535832,Queensland
2020-08-08 00:00:00+00:00,12.477049,0.02,0.25236666,Queensland
2020-08-09 00:00:00+00:00,11.011634,0.08,0.25361663,Queensland
2020-08-10 00:00:00+00:00,11.193717,0.0,0.25376666,Queensland
2020-08-11 00:00:00+00:00,14.127882,0.0,0.25299168,Queensland
2020-08-12 00:00:00+00:00,16.732883,0.0,0.25046664,Queensland
2020-08-13 00:00:00+00:00,18.321634,0.0,0.24667501,Queensland
2020-08-14 00:00:00+00:00,19.673717,5.9600005,0.24582498,Queensland
2020-08-15 00:00:00+00:00,14.858299,2.1399999,0.248525,Queensland
2020-08-16 00:00:00+00:00,13.508716,0.0,0.25025,Queensland
2020-08-17 00:00:00+00:00,13.651632,0.0,0.24891667,Queensland
2020-08-18 00:00:00+00:00,18.155384,0.0,0.24660003,Queensland
2020-08-19 00:00:00+00:00,17.606216,0.0,0.24216667,Queensland
2020-08-20 00:00:00+00:00,14.233301,0.0,0.23904166,Queensland
2020-08-21 00:00:00+00:00,14.560382,0.0,0.23723333,Queensland
2020-08-22 00:00:00+00:00,13.188299,0.0,0.23514171,Queensland
2020-08-23 00:00:00+00:00,11.622467,0.0,0.23345833,Queensland
2020-08-24 00:00:00+00:00,12.292883,0.0,0.23115,Queensland
2020-08-25 00:00:00+00:00,12.935384,0.0,0.22880001,Queensland
2020-08-26 00:00:00+00:00,13.4483,0.0,0.22637503,Queensland
2020-08-27 00:00:00+00:00,14.574132,0.0,0.22431669,Queensland
2020-08-28 00:00:00+00:00,15.252467,0.0,0.22248332,Queensland
2020-08-29 00:00:00+00:00,16.242884,0.0,0.22075836,Queensland
2020-08-30 00:00:00+00:00,16.429552,0.02,0.219225,Queensland
2020-08-31 00:00:00+00:00,17.179134,0.0,0.21818332,Queensland
2020-09-01 00:00:00+00:00,17.995384,0.0,0.21699162,Queensland
2020-09-02 00:00:00+00:00,18.439966,0.0,0.21488336,Queensland
2020-09-03 00:00:00+00:00,18.734966,0.04,0.21334164,Queensland
2020-09-04 00:00:00+00:00,19.16455,0.0,0.21219997,Queensland
2020-09-05 00:00:00+00:00,19.702051,0.0,0.21116666,Queensland
2020-09-06 00:00:00+00:00,19.30705,0.16,0.21058333,Queensland
2020-09-07 00:00:00+00:00,18.622883,0.36,0.20959167,Queensland
2020-09-08 00:00:00+00:00,18.26705,0.08,0.20834999,Queensland
2020-09-09 00:00:00+00:00,18.09455,0.0,0.20653334,Queensland
2020-09-10 00:00:00+00:00,16.833715,2.7400002,0.20539168,Queensland
2020-09-11 00:00:00+00:00,16.189966,0.9,0.20474167,Queensland
2020-09-12 00:00:00+00:00,16.866217,0.0,0.20456667,Queensland
2020-09-13 00:00:00+00:00,18.155382,0.0,0.20380835,Queensland
2020-09-14 00:00:00+00:00,19.526632,0.0,0.20269167,Queensland
2020-09-15 00:00:00+00:00,19.344131,0.0,0.20160833,Queensland
2020-09-16 00:00:00+00:00,19.309132,0.02,0.20114167,Queensland
2020-09-17 00:00:00+00:00,20.572468,0.0,0.19981664,Queensland
2020-09-18 00:00:00+00:00,20.271215,0.44,0.19840834,Queensland
2020-09-19 00:00:00+00:00,19.519548,1.5200001,0.196825,Queensland
2020-09-20 00:00:00+00:00,22.004133,0.26000002,0.19381669,Queensland
2020-09-21 00:00:00+00:00,23.150383,1.0800002,0.193325,Queensland
2020-09-22 00:00:00+00:00,22.586634,0.22,0.19221666,Queensland
2020-09-23 00:00:00+00:00,20.653717,3.7000003,0.20071666,Queensland
2020-09-24 00:00:00+00:00,18.714966,0.0,0.20605834,Queensland
2020-09-25 00:00:00+00:00,20.06705,0.120000005,0.20596664,Queensland
2020-09-26 00:00:00+00:00,16.210384,0.0,0.20555833,Queensland
2020-09-27 00:00:00+00:00,16.939968,0.0,0.20394167,Queensland
2020-09-28 00:00:00+00:00,18.389133,0.0,0.20203336,Queensland
2020-09-29 00:00:00+00:00,18.713715,0.16,0.20074168,Queensland
2020-09-30 00:00:00+00:00,18.301216,1.08,0.20005003,Queensland
2020-10-01 00:00:00+00:00,20.789549,0.14,0.19738336,Queensland
2020-10-02 00:00:00+00:00,22.162052,0.02,0.1957167,Queensland
2020-10-03 00:00:00+00:00,21.254965,0.060000002,0.19419166,Queensland
2020-10-04 00:00:00+00:00,20.5758,0.02,0.19280833,Queensland
2020-10-05 00:00:00+00:00,20.592882,0.0,0.19190836,Queensland
2020-10-06 00:00:00+00:00,21.346632,0.0,0.19213334,Queensland
2020-10-07 00:00:00+00:00,21.792883,0.0,0.1917,Queensland
2020-10-08 00:00:00+00:00,23.075798,0.02,0.1913167,Queensland
2020-10-09 00:00:00+00:00,22.901632,0.0,0.18887502,Queensland
2020-10-10 00:00:00+00:00,22.4108,0.0,0.18825,Queensland
2020-10-11 00:00:00+00:00,22.164133,1.5799999,0.18763335,Queensland
2020-10-12 00:00:00+00:00,20.896215,2.0000002,0.1879,Queensland
2020-10-13 00:00:00+00:00,20.735384,0.48000002,0.18815002,Queensland
2020-10-14 00:00:00+00:00,19.267048,0.2,0.18630001,Queensland
2020-10-15 00:00:00+00:00,20.4283,0.0,0.18445,Queensland
2020-10-16 00:00:00+00:00,22.144966,0.0,0.18474168,Queensland
2020-10-17 00:00:00+00:00,22.6183,0.0,0.18344167,Queensland
2020-10-18 00:00:00+00:00,21.5858,1.9199998,0.18321666,Queensland
2020-10-19 00:00:00+00:00,21.901632,0.0,0.18922499,Queensland
2020-10-20 00:00:00+00:00,22.767467,2.72,0.19005832,Queensland
2020-10-21 00:00:00+00:00,21.0483,10.4,0.19245,Queensland
2020-10-22 00:00:00+00:00,22.0408,3.6200004,0.20510833,Queensland
2020-10-23 00:00:00+00:00,22.187883,11.08,0.212625,Queensland
2020-10-24 00:00:00+00:00,20.1658,8.42,0.23931666,Queensland
2020-10-25 00:00:00+00:00,20.326633,7.8,0.25984997,Queensland
2020-10-26 00:00:00+00:00,20.969967,0.060000002,0.28150836,Queensland
2020-10-27 00:00:00+00:00,20.888718,6.8,0.2813,Queensland
2020-10-28 00:00:00+00:00,20.192469,6.0,0.28485835,Queensland
2020-10-29 00:00:00+00:00,20.921635,0.0,0.27896667,Queensland
2020-10-30 00:00:00+00:00,23.848719,0.3,0.27159166,Queensland
2020-10-31 00:00:00+00:00,22.156635,1.8400002,0.26550835,Queensland
2020-11-01 00:00:00+00:00,22.958715,0.0,0.26269168,Queensland
2020-11-02 00:00:00+00:00,23.459965,0.0,0.2559833,Queensland
2020-11-03 00:00:00+00:00,22.630798,0.0,0.25065833,Queensland
2020-11-04 00:00:00+00:00,24.651217,0.0,0.24635002,Queensland
2020-11-05 00:00:00+00:00,24.6633,0.0,0.24210835,Queensland
2020-11-06 00:00:00+00:00,22.8183,0.0,0.23836665,Queensland
2020-11-07 00:00:00+00:00,23.012466,0.9799999,0.23528333,Queensland
2020-11-08 00:00:00+00:00,20.427883,2.52,0.23205002,Queensland
2020-11-09 00:00:00+00:00,20.336216,0.04,0.2319,Queensland
2020-11-10 00:00:00+00:00,21.26955,0.0,0.22929999,Queensland
2020-11-11 00:00:00+00:00,22.544552,0.0,0.22690836,Queensland
2020-11-12 00:00:00+00:00,23.776215,0.6,0.22466664,Queensland
2020-11-13 00:00:00+00:00,23.983715,1.42,0.22235832,Queensland
2020-11-14 00:00:00+00:00,26.617884,0.0,0.22245833,Queensland
2020-11-15 00:00:00+00:00,28.432049,0.0,0.21988335,Queensland
2020-11-16 00:00:00+00:00,28.874134,0.02,0.21810003,Queensland
2020-11-17 00:00:00+00:00,27.39205,0.16000001,0.21607503,Queensland
2020-11-18 00:00:00+00:00,25.381216,0.16,0.21560833,Queensland
2020-11-19 00:00:00+00:00,24.677883,0.36,0.21356669,Queensland
2020-11-20 00:00:00+00:00,25.352884,0.08,0.21065,Queensland
2020-11-21 00:00:00+00:00,25.56705,0.0,0.20934165,Queensland
2020-11-22 00:00:00+00:00,25.617466,0.0,0.20706666,Queensland
2020-11-23 00:00:00+00:00,27.048298,0.02,0.2071083,Queensland
2020-11-24 00:00:00+00:00,27.309551,0.2,0.20476668,Queensland
2020-11-25 00:00:00+00:00,25.603298,0.35999998,0.20419165,Queensland
2020-11-26 00:00:00+00:00,26.747467,0.32,0.20330834,Queensland
2020-11-27 00:00:00+00:00,26.05455,0.4,0.20139167,Queensland
2020-11-28 00:00:00+00:00,26.239965,0.0,0.200425,Queensland
2020-11-29 00:00:00+00:00,28.234549,0.0,0.19943331,Queensland
2020-11-30 00:00:00+00:00,29.564966,0.18,0.19921663,Queensland
2020-12-01 00:00:00+00:00,30.159967,0.0,0.19757499,Queensland
2020-12-02 00:00:00+00:00,30.564133,0.26,0.19634166,Queensland
2020-12-03 00:00:00+00:00,27.578299,0.0,0.19516663,Queensland
2020-12-04 00:00:00+00:00,28.760382,0.42,0.19525833,Queensland
2020-12-05 00:00:00+00:00,29.79955,0.0,0.19509165,Queensland
2020-12-06 00:00:00+00:00,30.147049,0.24000001,0.19639997,Queensland
2020-12-07 00:00:00+00:00,26.500385,8.5,0.20094995,Queensland
2020-12-08 00:00:00+00:00,24.021217,0.04,0.2040083,Queensland
2020-12-09 00:00:00+00:00,24.895802,0.04,0.20609164,Queensland
2020-12-10 00:00:00+00:00,25.727468,0.24000001,0.20457499,Queensland
2020-12-11 00:00:00+00:00,20.602467,4.6400003,0.20380834,Queensland
2020-12-12 00:00:00+00:00,21.704967,0.9,0.20370832,Queensland
2020-12-13 00:00:00+00:00,22.292051,5.100001,0.20568332,Queensland
2020-12-14 00:00:00+00:00,22.93455,2.9999998,0.215625,Queensland
2020-12-15 00:00:00+00:00,24.8583,2.6399999,0.22452497,Queensland
2020-12-16 00:00:00+00:00,25.861216,2.8999999,0.2303,Queensland
2020-12-17 00:00:00+00:00,27.11705,2.4399998,0.23714165,Queensland
2020-12-18 00:00:00+00:00,27.952885,2.3400002,0.23805001,Queensland
2020-12-19 00:00:00+00:00,28.073719,0.28000003,0.23645833,Queensland
2020-12-20 00:00:00+00:00,27.410381,2.9600003,0.23555,Queensland
2020-12-21 00:00:00+00:00,27.10913,0.46000004,0.23448333,Queensland
2020-12-22 00:00:00+00:00,24.319965,3.92,0.23574169,Queensland
2020-12-23 00:00:00+00:00,24.05205,0.14000002,0.23848328,Queensland
2020-12-24 00:00:00+00:00,23.101635,11.2,0.23983331,Queensland
2020-12-25 00:00:00+00:00,21.7608,4.12,0.2646417,Queensland
2020-12-26 00:00:00+00:00,22.837885,1.48,0.2693083,Queensland
2020-12-27 00:00:00+00:00,24.774967,0.14,0.26508334,Queensland
2020-12-28 00:00:00+00:00,25.06955,30.34,0.2755167,Queensland
2020-12-29 00:00:00+00:00,23.358301,16.219997,0.2810667,Queensland
2020-12-30 00:00:00+00:00,22.245384,2.8799999,0.28404167,Queensland
2020-12-31 00:00:00+00:00,24.144968,0.8000001,0.27845836,Queensland
2021-01-01 00:00:00+00:00,24.224133,0.5400001,0.270725,Queensland
2021-01-02 00:00:00+00:00,24.805384,0.9,0.26466668,Queensland
2021-01-03 00:00:00+00:00,25.388718,3.2599998,0.25979996,Queensland
2021-01-04 00:00:00+00:00,23.838299,6.7600007,0.25775,Queensland
2021-01-05 00:00:00+00:00,25.728718,4.4,0.25221664,Queensland
2021-01-06 00:00:00+00:00,24.53705,10.959999,0.26898333,Queensland
2021-01-07 00:00:00+00:00,22.132467,8.3,0.29550833,Queensland
2021-01-08 00:00:00+00:00,20.135384,8.74,0.33343333,Queensland
2021-01-09 00:00:00+00:00,19.742468,4.2400002,0.33927503,Queensland
2021-01-10 00:00:00+00:00,21.552052,1.1600001,0.33013332,Queensland
2021-01-11 00:00:00+00:00,22.511217,0.32000002,0.3198667,Queensland
2021-01-12 00:00:00+00:00,23.3733,0.0,0.30827504,Queensland
2021-01-13 00:00:00+00:00,24.261219,0.0,0.2973083,Queensland
2021-01-14 00:00:00+00:00,25.192884,0.0,0.28718334,Queensland
2021-01-15 00:00:00+00:00,26.69455,0.0,0.27881664,Queensland
2021-01-16 00:00:00+00:00,25.911633,0.16,0.27273333,Queensland
2021-01-17 00:00:00+00:00,26.03205,2.6200001,0.26667506,Queensland
2021-01-18 00:00:00+00:00,23.189966,13.839999,0.27819997,Queensland
2021-01-19 00:00:00+00:00,25.046215,0.76,0.2871667,Queensland
2021-01-20 00:00:00+00:00,24.615383,0.38000003,0.2791583,Queensland
2021-01-21 00:00:00+00:00,23.7558,0.38,0.272425,Queensland
2021-01-22 00:00:00+00:00,23.96622,1.08,0.26883334,Queensland
2021-01-23 00:00:00+00:00,24.154968,0.24000001,0.26524997,Queensland
2021-01-24 00:00:00+00:00,24.274967,0.16,0.2604083,Queensland
2021-01-25 00:00:00+00:00,24.950802,0.71999997,0.25486666,Queensland
2021-01-26 00:00:00+00:00,26.412052,0.0,0.24985835,Queensland
2021-01-27 00:00:00+00:00,27.510382,0.14000002,0.24534169,Queensland
2021-01-28 00:00:00+00:00,25.419968,0.74000007,0.24142501,Queensland
2021-01-29 00:00:00+00:00,24.967884,0.060000002,0.23914166,Queensland
2021-01-30 00:00:00+00:00,25.559134,0.120000005,0.23670001,Queensland
2021-01-31 00:00:00+00:00,25.624548,0.18,0.23385835,Queensland
2021-02-01 00:00:00+00:00,25.169964,0.45999998,0.23110835,Queensland
2021-02-02 00:00:00+00:00,24.367882,0.64000005,0.22974999,Queensland
2021-02-03 00:00:00+00:00,24.2008,1.3,0.22827502,Queensland
2021-02-04 00:00:00+00:00,25.499966,0.5,0.2275,Queensland
2021-02-05 00:00:00+00:00,25.979969,0.0,0.22657499,Queensland
2021-02-06 00:00:00+00:00,26.917883,0.3,0.2245917,Queensland
2021-02-07 00:00:00+00:00,26.922052,3.1,0.22311668,Queensland
2021-02-08 00:00:00+00:00,25.977467,5.62,0.229375,Queensland
2021-02-09 00:00:00+00:00,24.697468,1.3,0.23695834,Queensland
2021-02-10 00:00:00+00:00,23.886631,0.74000007,0.234675,Queensland
2021-02-11 00:00:00+00:00,23.687883,0.5,0.23399997,Queensland
2021-02-12 00:00:00+00:00,25.298302,0.060000002,0.23105831,Queensland
2021-02-13 00:00:00+00:00,25.653301,6.2,0.22817501,Queensland
2021-02-14 00:00:00+00:00,23.816631,2.5800002,0.22604164,Queensland
2021-02-15 00:00:00+00:00,23.972883,0.5400001,0.22505835,Queensland
2021-02-16 00:00:00+00:00,23.996218,0.2,0.22344168,Queensland
2021-02-17 00:00:00+00:00,23.655382,0.56,0.22213335,Queensland
2021-02-18 00:00:00+00:00,24.107468,1.2199999,0.21952501,Queensland
2021-02-19 00:00:00+00:00,23.705383,1.48,0.21850832,Queensland
2021-02-20 00:00:00+00:00,24.804548,2.5400002,0.22559997,Queensland
2021-02-21 00:00:00+00:00,27.052052,0.02,0.23048334,Queensland
2021-02-22 00:00:00+00:00,28.749134,0.0,0.22919169,Queensland
2021-02-23 00:00:00+00:00,27.929968,0.3,0.22832498,Queensland
2021-02-24 00:00:00+00:00,25.514965,6.7,0.22852501,Queensland
2021-02-25 00:00:00+00:00,24.970383,2.12,0.23151667,Queensland
2021-02-26 00:00:00+00:00,26.159967,0.16,0.23236665,Queensland
2021-02-27 00:00:00+00:00,25.3633,0.45999998,0.23180833,Queensland
2021-02-28 00:00:00+00:00,24.83455,1.82,0.22991669,Queensland
2021-03-01 00:00:00+00:00,24.808716,0.8,0.22994165,Queensland
2021-03-02 00:00:00+00:00,25.999966,0.6,0.22892499,Queensland
2021-03-03 00:00:00+00:00,24.988714,1.3,0.22647503,Queensland
2021-03-04 00:00:00+00:00,23.076633,1.14,0.22528331,Queensland
2021-03-05 00:00:00+00:00,24.706217,0.0,0.22364168,Queensland
2021-03-06 00:00:00+00:00,25.474964,0.02,0.22140837,Queensland
2021-03-07 00:00:00+00:00,25.094967,1.5800002,0.21815836,Queensland
2021-03-08 00:00:00+00:00,24.071634,8.08,0.2187833,Queensland
2021-03-09 00:00:00+00:00,25.247467,1.0,0.21967499,Queensland
2021-03-10 00:00:00+00:00,24.963717,10.280001,0.22199169,Queensland
2021-03-11 00:00:00+00:00,22.791632,6.22,0.24319167,Queensland
2021-03-12 00:00:00+00:00,24.614552,0.6,0.24728334,Queensland
2021-03-13 00:00:00+00:00,24.977884,0.82,0.24564996,Queensland
2021-03-14 00:00:00+00:00,24.5658,6.84,0.24436668,Queensland
2021-03-15 00:00:00+00:00,21.556633,15.3,0.2619167,Queensland
2021-03-16 00:00:00+00:00,19.49205,31.279999,0.315025,Queensland
2021-03-17 00:00:00+00:00,19.427465,9.32,0.34826666,Queensland
2021-03-18 00:00:00+00:00,21.338718,4.2799997,0.3382917,Queensland
2021-03-19 00:00:00+00:00,22.505383,3.2400002,0.32984164,Queensland
2021-03-20 00:00:00+00:00,23.509134,1.1399999,0.32035834,Queensland
2021-03-21 00:00:00+00:00,23.29955,7.220001,0.314625,Queensland
2021-03-22 00:00:00+00:00,22.719967,18.320002,0.32958332,Queensland
2021-03-23 00:00:00+00:00,23.1133,12.620001,0.36036667,Queensland
2021-03-24 00:00:00+00:00,22.261215,0.38000003,0.34724164,Queensland
2021-03-25 00:00:00+00:00,21.571217,0.0,0.33238333,Queensland
2021-03-26 00:00:00+00:00,21.598299,0.0,0.31875,Queensland
2021-03-27 00:00:00+00:00,22.292465,0.0,0.30795833,Queensland
2021-03-28 00:00:00+00:00,22.336216,0.02,0.29935002,Queensland
2021-03-29 00:00:00+00:00,21.58205,0.3,0.29174167,Queensland
2021-03-30 00:00:00+00:00,21.419966,0.26000002,0.28521666,Queensland
2021-03-31 00:00:00+00:00,20.502468,0.04,0.28015834,Queensland
2021-04-01 00:00:00+00:00,20.595383,0.18,0.27665827,Queensland
2021-04-02 00:00:00+00:00,20.463718,0.26000002,0.27172503,Queensland
2021-04-03 00:00:00+00:00,20.324133,2.5400002,0.26904997,Queensland
2021-04-04 00:00:00+00:00,20.284967,4.02,0.28599995,Queensland
2021-04-05 00:00:00+00:00,20.921215,7.0199995,0.31275004,Queensland
2021-04-06 00:00:00+00:00,20.006216,4.7400002,0.3285417,Queensland
2021-04-07 00:00:00+00:00,20.946217,0.86,0.32339996,Queensland
2021-04-08 00:00:00+00:00,21.259134,0.16,0.31605834,Queensland
2021-04-09 00:00:00+00:00,22.147884,0.0,0.30933338,Queensland
2021-04-10 00:00:00+00:00,22.21455,0.0,0.3027,Queensland
2021-04-11 00:00:00+00:00,18.12955,0.0,0.2991583,Queensland
2021-04-12 00:00:00+00:00,16.025799,0.0,0.29599166,Queensland
2021-04-13 00:00:00+00:00,17.898716,0.0,0.28975,Queensland
2021-04-14 00:00:00+00:00,18.715384,0.0,0.28592503,Queensland
2021-04-15 00:00:00+00:00,20.129969,0.0,0.28106663,Queensland
2021-04-16 00:00:00+00:00,21.386633,1.34,0.27473333,Queensland
2021-04-17 00:00:00+00:00,17.59455,3.4599998,0.27230832,Queensland
2021-04-18 00:00:00+00:00,17.509968,0.08,0.27584168,Queensland
2021-04-19 00:00:00+00:00,17.694967,0.0,0.27405,Queensland
2021-04-20 00:00:00+00:00,19.2883,2.36,0.27168334,Queensland
2021-04-21 00:00:00+00:00,19.04955,0.22000003,0.26926666,Queensland
2021-04-22 00:00:00+00:00,16.0108,3.3200002,0.272875,Queensland
2021-04-23 00:00:00+00:00,15.7762165,0.18,0.27413332,Queensland
2021-04-24 00:00:00+00:00,16.526217,0.0,0.2741833,Queensland
2021-04-25 00:00:00+00:00,16.859133,0.0,0.27099162,Queensland
2021-04-26 00:00:00+00:00,17.288715,0.0,0.26598334,Queensland
2021-04-27 00:00:00+00:00,17.759548,0.0,0.2627333,Queensland
2021-04-28 00:00:00+00:00,18.740799,0.08,0.2595083,Queensland
2021-04-29 00:00:00+00:00,18.41705,0.38000003,0.25645,Queensland
2021-04-30 00:00:00+00:00,18.051214,2.56,0.25776663,Queensland
2021-05-01 00:00:00+00:00,18.544132,1.2199998,0.25913334,Queensland
2021-05-02 00:00:00+00:00,18.412466,1.0000001,0.2579,Queensland
2021-05-03 00:00:00+00:00,19.007465,0.26,0.25549167,Queensland
2021-05-04 00:00:00+00:00,18.59205,3.8199997,0.2542417,Queensland
2021-05-05 00:00:00+00:00,14.677884,0.58,0.25477502,Queensland
2021-05-06 00:00:00+00:00,15.811216,0.0,0.2576333,Queensland
2021-05-07 00:00:00+00:00,17.656216,0.0,0.2588417,Queensland
2021-05-08 00:00:00+00:00,19.053299,0.1,0.25875,Queensland
2021-05-09 00:00:00+00:00,18.384132,0.38000003,0.25877503,Queensland
2021-05-10 00:00:00+00:00,19.719967,0.060000002,0.25639167,Queensland
2021-05-11 00:00:00+00:00,19.723715,6.1400003,0.25374168,Queensland
2021-05-12 00:00:00+00:00,17.84705,3.3800004,0.26035836,Queensland
2021-05-13 00:00:00+00:00,15.826216,0.060000002,0.27218336,Queensland
2021-05-14 00:00:00+00:00,14.797049,0.0,0.2731417,Queensland
2021-05-15 00:00:00+00:00,13.554967,0.0,0.27140003,Queensland
2021-05-16 00:00:00+00:00,11.777884,0.0,0.26983336,Queensland
2021-05-17 00:00:00+00:00,12.553301,0.0,0.26879996,Queensland
2021-05-18 00:00:00+00:00,14.967049,0.0,0.2662167,Queensland
2021-05-19 00:00:00+00:00,15.894966,0.14000002,0.26287502,Queensland
2021-05-20 00:00:00+00:00,15.992884,0.0,0.26028338,Queensland
2021-05-21 00:00:00+00:00,15.705383,0.0,0.258675,Queensland
2021-05-22 00:00:00+00:00,16.349966,0.0,0.25565836,Queensland
2021-05-23 00:00:00+00:00,16.404968,0.02,0.25309998,Queensland
2021-05-24 00:00:00+00:00,16.451633,0.0,0.25025,Queensland
2021-05-25 00:00:00+00:00,16.49955,0.0,0.24813333,Queensland
2021-05-26 00:00:00+00:00,17.436632,0.0,0.24721666,Queensland
2021-05-27 00:00:00+00:00,14.0858,0.0,0.24599168,Queensland
2021-05-28 00:00:00+00:00,12.629133,0.0,0.24410836,Queensland
2021-05-29 00:00:00+00:00,13.474966,0.0,0.24297503,Queensland
2021-05-30 00:00:00+00:00,13.718717,0.0,0.24258332,Queensland
2021-05-31 00:00:00+00:00,14.694967,0.0,0.24153337,Queensland
2021-06-01 00:00:00+00:00,15.850385,0.0,0.24001665,Queensland
2021-06-02 00:00:00+00:00,17.134548,5.38,0.24042499,Queensland
2021-06-03 00:00:00+00:00,15.268301,5.5,0.24957502,Queensland
2021-06-04 00:00:00+00:00,13.1408,0.060000002,0.25767502,Queensland
2021-06-05 00:00:00+00:00,11.6928835,0.0,0.2599,Queensland
2021-06-06 00:00:00+00:00,11.549132,0.0,0.2595417,Queensland
2021-06-07 00:00:00+00:00,14.449966,0.04,0.25673333,Queensland
2021-06-08 00:00:00+00:00,15.794551,5.7400002,0.2543667,Queensland
2021-06-09 00:00:00+00:00,9.434967,0.02,0.26451668,Queensland
2021-06-10 00:00:00+00:00,10.16205,0.0,0.26915836,Queensland
2021-06-11 00:00:00+00:00,11.211634,0.0,0.267425,Queensland
2021-06-12 00:00:00+00:00,12.972051,0.0,0.26805836,Queensland
2021-06-13 00:00:00+00:00,14.331217,1.1600001,0.26612502,Queensland
2021-06-14 00:00:00+00:00,14.971217,2.2200003,0.26864168,Queensland
2021-06-15 00:00:00+00:00,15.746634,1.8799999,0.26323336,Queensland
2021-06-16 00:00:00+00:00,17.205383,2.9,0.26081663,Queensland
2021-06-17 00:00:00+00:00,13.304967,0.0,0.26440004,Queensland
2021-06-18 00:00:00+00:00,11.941217,0.0,0.264775,Queensland
2021-06-19 00:00:00+00:00,10.976216,0.02,0.26426667,Queensland
2021-06-20 00:00:00+00:00,11.945799,0.0,0.26461664,Queensland
2021-06-21 00:00:00+00:00,13.07455,0.0,0.26314163,Queensland
2021-06-22 00:00:00+00:00,14.572884,0.0,0.25977498,Queensland
2021-06-23 00:00:00+00:00,15.750799,0.5,0.25725,Queensland
2021-06-24 00:00:00+00:00,16.237467,6.54,0.256375,Queensland
2021-06-25 00:00:00+00:00,14.620382,7.2,0.2794333,Queensland
2021-06-26 00:00:00+00:00,11.336633,0.9599999,0.29831666,Queensland
2021-06-27 00:00:00+00:00,11.293716,0.0,0.29750833,Queensland
2021-06-28 00:00:00+00:00,13.099551,0.0,0.29375833,Queensland
2021-06-29 00:00:00+00:00,14.699133,0.32,0.28919166,Queensland
2021-06-30 00:00:00+00:00,15.084551,0.060000002,0.28528333,Queensland
2021-07-01 00:00:00+00:00,14.91705,10.38,0.28689164,Queensland
2021-07-02 00:00:00+00:00,14.956633,19.84,0.3182917,Queensland
2021-07-03 00:00:00+00:00,12.833301,0.9000001,0.33585,Queensland
2021-07-04 00:00:00+00:00,10.954134,0.0,0.3245334,Queensland
2021-07-05 00:00:00+00:00,9.830383,0.0,0.31624165,Queensland
2021-07-06 00:00:00+00:00,10.497884,0.0,0.30950835,Queensland
2021-07-07 00:00:00+00:00,12.984967,0.0,0.30380833,Queensland
2021-07-08 00:00:00+00:00,15.246216,9.4,0.30103335,Queensland
2021-07-09 00:00:00+00:00,13.051633,1.64,0.3151084,Queensland
2021-07-10 00:00:00+00:00,10.8891325,0.0,0.3124,Queensland
2021-07-11 00:00:00+00:00,11.7328825,0.0,0.3081417,Queensland
2021-07-12 00:00:00+00:00,12.367884,0.2,0.303825,Queensland
2021-07-13 00:00:00+00:00,13.7858,0.08,0.2993833,Queensland
2021-07-14 00:00:00+00:00,16.277466,1.9400002,0.2950833,Queensland
2021-07-15 00:00:00+00:00,18.629133,0.9,0.293575,Queensland
2021-07-16 00:00:00+00:00,15.078717,0.87999994,0.2923084,Queensland
2021-07-17 00:00:00+00:00,12.408717,0.0,0.29133332,Queensland
2021-07-18 00:00:00+00:00,10.881633,0.0,0.2875333,Queensland
2021-07-19 00:00:00+00:00,11.628717,0.0,0.28452498,Queensland
2021-07-20 00:00:00+00:00,11.585799,0.0,0.2828667,Queensland
2021-07-21 00:00:00+00:00,8.2858,0.0,0.2815333,Queensland
2021-07-22 00:00:00+00:00,11.805384,0.72,0.27858332,Queensland
2021-07-23 00:00:00+00:00,14.3383,2.8,0.2768333,Queensland
2021-07-24 00:00:00+00:00,13.236633,0.0,0.2782916,Queensland
2021-07-25 00:00:00+00:00,11.632466,0.0,0.276625,Queensland
2021-07-26 00:00:00+00:00,11.847051,0.0,0.27416667,Queensland
2021-07-27 00:00:00+00:00,13.886217,0.0,0.271825,Queensland
2021-07-28 00:00:00+00:00,17.036217,0.3,0.26750836,Queensland
2021-07-29 00:00:00+00:00,14.35455,0.0,0.264325,Queensland
2021-07-30 00:00:00+00:00,15.028715,0.0,0.26274168,Queensland
2021-07-31 00:00:00+00:00,17.619549,0.0,0.2598,Queensland
2021-08-01 00:00:00+00:00,19.222466,0.0,0.25735003,Queensland
2021-08-02 00:00:00+00:00,19.540382,0.67999995,0.2563333,Queensland
2021-08-03 00:00:00+00:00,15.0766325,0.70000005,0.25395834,Queensland
2021-08-04 00:00:00+00:00,11.501217,0.0,0.25400835,Queensland
2021-08-05 00:00:00+00:00,11.563716,0.0,0.25348336,Queensland
2021-08-06 00:00:00+00:00,11.939966,0.0,0.25165832,Queensland
2021-08-07 00:00:00+00:00,12.326633,0.0,0.2499667,Queensland
2021-08-08 00:00:00+00:00,13.416634,0.0,0.24755004,Queensland
2021-08-09 00:00:00+00:00,14.747467,0.14,0.24579994,Queensland
2021-08-10 00:00:00+00:00,15.24205,1.0,0.24398334,Queensland
2021-08-11 00:00:00+00:00,16.470383,0.48000002,0.24263334,Queensland
2021-08-12 00:00:00+00:00,17.3833,0.02,0.24136662,Queensland
2021-08-13 00:00:00+00:00,17.191216,0.08,0.23910835,Queensland
2021-08-14 00:00:00+00:00,17.077051,0.04,0.23752496,Queensland
2021-08-15 00:00:00+00:00,17.531216,0.120000005,0.23619998,Queensland
2021-08-16 00:00:00+00:00,16.269133,0.14,0.2343667,Queensland
2021-08-17 00:00:00+00:00,14.31705,0.0,0.2315083,Queensland
2021-08-18 00:00:00+00:00,14.721634,0.0,0.23027496,Queensland
2021-08-19 00:00:00+00:00,16.37455,0.0,0.23221669,Queensland
2021-08-20 00:00:00+00:00,17.46205,0.08,0.23065002,Queensland
2021-08-21 00:00:00+00:00,18.5658,0.0,0.22902504,Queensland
2021-08-22 00:00:00+00:00,18.94955,0.0,0.22697501,Queensland
2021-08-23 00:00:00+00:00,17.761633,6.34,0.22587502,Queensland
2021-08-24 00:00:00+00:00,11.6928835,0.0,0.22638333,Queensland
2021-08-25 00:00:00+00:00,11.023717,0.0,0.22489169,Queensland
2021-08-26 00:00:00+00:00,12.441217,0.0,0.22461668,Queensland
2021-08-27 00:00:00+00:00,14.882884,0.0,0.22472505,Queensland
2021-08-28 00:00:00+00:00,16.971216,0.32000002,0.223725,Queensland
2021-08-29 00:00:00+00:00,18.142466,0.120000005,0.22179997,Queensland
2021-08-30 00:00:00+00:00,19.091633,1.6199999,0.22229168,Queensland
2021-08-31 00:00:00+00:00,18.334549,0.060000002,0.22145829,Queensland
2021-09-01 00:00:00+00:00,20.120382,0.0,0.223025,Queensland
2021-09-02 00:00:00+00:00,17.967466,0.17999999,0.221625,Queensland
2021-09-03 00:00:00+00:00,16.879131,0.18,0.22077501,Queensland
2021-09-04 00:00:00+00:00,18.3133,0.8,0.22083335,Queensland
2021-09-05 00:00:00+00:00,14.226216,1.1600001,0.22055833,Queensland
2021-09-06 00:00:00+00:00,13.5308,0.0,0.21920832,Queensland
2021-09-07 00:00:00+00:00,14.852468,0.0,0.21829167,Queensland
2021-09-08 00:00:00+00:00,15.578299,0.0,0.21670833,Queensland
2021-09-09 00:00:00+00:00,17.021217,0.0,0.21520834,Queensland
2021-09-10 00:00:00+00:00,18.042467,0.0,0.21295002,Queensland
2021-09-11 00:00:00+00:00,19.3908,0.0,0.21230002,Queensland
2021-09-12 00:00:00+00:00,20.80205,0.0,0.21097502,Queensland
2021-09-13 00:00:00+00:00,19.127048,0.04,0.21031663,Queensland
2021-09-14 00:00:00+00:00,14.7783,0.0,0.20897499,Queensland
2021-09-15 00:00:00+00:00,15.540384,0.0,0.20720832,Queensland
2021-09-16 00:00:00+00:00,17.265799,0.0,0.20499997,Queensland
2021-09-17 00:00:00+00:00,19.063717,0.0,0.20412497,Queensland
2021-09-18 00:00:00+00:00,20.135384,0.0,0.20304999,Queensland
2021-09-19 00:00:00+00:00,20.621216,0.0,0.20240831,Queensland
2021-09-20 00:00:00+00:00,21.711636,0.0,0.20191665,Queensland
2021-09-21 00:00:00+00:00,13.4428835,0.0,0.20161664,Queensland
2021-09-22 00:00:00+00:00,14.325383,0.0,0.19964999,Queensland
2021-09-23 00:00:00+00:00,17.139133,0.0,0.19719997,Queensland
2021-09-24 00:00:00+00:00,19.351633,0.0,0.19648334,Queensland
2021-09-25 00:00:00+00:00,21.005798,0.0,0.19689998,Queensland
2021-09-26 00:00:00+00:00,20.552465,0.08,0.19747499,Queensland
2021-09-27 00:00:00+00:00,18.125801,4.58,0.19624998,Queensland
2021-09-28 00:00:00+00:00,18.039967,9.14,0.20138332,Queensland
2021-09-29 00:00:00+00:00,17.540798,13.24,0.22121665,Queensland
2021-09-30 00:00:00+00:00,19.6058,7.9,0.23464999,Queensland
2021-10-01 00:00:00+00:00,18.223299,3.18,0.24902502,Queensland
2021-10-02 00:00:00+00:00,19.334133,0.0,0.25304165,Queensland
2021-10-03 00:00:00+00:00,22.539135,0.0,0.25023332,Queensland
2021-10-04 00:00:00+00:00,22.636633,0.0,0.24619167,Queensland
2021-10-05 00:00:00+00:00,19.459131,0.0,0.2422333,Queensland
2021-10-06 00:00:00+00:00,19.967464,0.0,0.23926663,Queensland
2021-10-07 00:00:00+00:00,20.976633,0.35999998,0.23682499,Queensland
2021-10-08 00:00:00+00:00,22.117882,0.0,0.23280832,Queensland
2021-10-09 00:00:00+00:00,23.363714,0.0,0.22925833,Queensland
2021-10-10 00:00:00+00:00,23.27955,0.38000003,0.22601664,Queensland
2021-10-11 00:00:00+00:00,20.577883,10.26,0.228125,Queensland
2021-10-12 00:00:00+00:00,19.968716,4.3199997,0.25210834,Queensland
2021-10-13 00:00:00+00:00,22.143717,2.7200005,0.26198334,Queensland
2021-10-14 00:00:00+00:00,23.245382,1.28,0.2596333,Queensland
2021-10-15 00:00:00+00:00,19.616217,0.0,0.2561833,Queensland
2021-10-16 00:00:00+00:00,18.717884,0.0,0.25435835,Queensland
2021-10-17 00:00:00+00:00,21.308716,1.6600001,0.25013334,Queensland
2021-10-18 00:00:00+00:00,20.499966,5.2200003,0.25015002,Queensland
2021-10-19 00:00:00+00:00,22.082466,0.02,0.24950834,Queensland
2021-10-20 00:00:00+00:00,21.697884,0.34,0.24695,Queensland
2021-10-21 00:00:00+00:00,23.460384,0.16,0.24449165,Queensland
2021-10-22 00:00:00+00:00,25.196217,1.3,0.24198337,Queensland
2021-10-23 00:00:00+00:00,27.096216,1.12,0.23834166,Queensland
2021-10-24 00:00:00+00:00,24.642467,0.24000001,0.23625836,Queensland
2021-10-25 00:00:00+00:00,22.158716,10.539999,0.24295835,Queensland
2021-10-26 00:00:00+00:00,22.915384,4.2599993,0.25645,Queensland
2021-10-27 00:00:00+00:00,25.6208,0.3,0.25396672,Queensland
2021-10-28 00:00:00+00:00,26.091635,2.3999999,0.25120002,Queensland
2021-10-29 00:00:00+00:00,22.784967,4.3,0.251325,Queensland
2021-10-30 00:00:00+00:00,24.548717,0.26,0.25258332,Queensland
2021-10-31 00:00:00+00:00,22.243717,0.6999999,0.25206667,Queensland
2021-11-01 00:00:00+00:00,20.874966,0.0,0.25001663,Queensland
2021-11-02 00:00:00+00:00,20.883717,0.04,0.24711668,Queensland
2021-11-03 00:00:00+00:00,21.236216,0.04,0.24518338,Queensland
2021-11-04 00:00:00+00:00,21.67455,2.2800002,0.24424998,Queensland
2021-11-05 00:00:00+00:00,21.501217,0.48000002,0.24520831,Queensland
2021-11-06 00:00:00+00:00,23.1708,0.4,0.24464998,Queensland
2021-11-07 00:00:00+00:00,22.503717,21.719997,0.26834163,Queensland
2021-11-08 00:00:00+00:00,22.927052,8.42,0.30693334,Queensland
2021-11-09 00:00:00+00:00,23.33955,11.080001,0.31755835,Queensland
2021-11-10 00:00:00+00:00,23.908298,11.66,0.32454166,Queensland
2021-11-11 00:00:00+00:00,23.314548,37.5,0.38170004,Queensland
2021-11-12 00:00:00+00:00,19.529133,5.9800005,0.40235,Queensland
2021-11-13 00:00:00+00:00,17.487883,0.0,0.37452498,Queensland
2021-11-14 00:00:00+00:00,19.052467,0.0,0.35605836,Queensland
2021-11-15 00:00:00+00:00,20.337467,0.0,0.33937496,Queensland
2021-11-16 00:00:00+00:00,20.7058,0.53999996,0.326075,Queensland
2021-11-17 00:00:00+00:00,21.463717,2.18,0.3160333,Queensland
2021-11-18 00:00:00+00:00,21.747051,1.1,0.30856666,Queensland
2021-11-19 00:00:00+00:00,23.742048,0.0,0.2993917,Queensland
2021-11-20 00:00:00+00:00,24.259134,8.5199995,0.2947917,Queensland
2021-11-21 00:00:00+00:00,21.608301,13.76,0.31147498,Queensland
2021-11-22 00:00:00+00:00,20.446634,4.52,0.35082498,Queensland
2021-11-23 00:00:00+00:00,21.848715,2.48,0.34697497,Queensland
2021-11-24 00:00:00+00:00,23.444965,8.0199995,0.33789164,Queensland
2021-11-25 00:00:00+00:00,21.81455,29.439999,0.37331665,Queensland
2021-11-26 00:00:00+00:00,23.060383,4.5,0.38473335,Queensland
2021-11-27 00:00:00+00:00,22.744967,6.1000004,0.36960834,Queensland
2021-11-28 00:00:00+00:00,21.889965,9.52,0.36419168,Queensland
2021-11-29 00:00:00+00:00,21.696217,17.52,0.37165833,Queensland
2021-11-30 00:00:00+00:00,19.983301,30.84,0.40543333,Queensland
2021-12-01 00:00:00+00:00,22.6433,6.2000003,0.39195833,Queensland
2021-12-02 00:00:00+00:00,24.429968,0.91999996,0.37322497,Queensland
2021-12-03 00:00:00+00:00,25.208717,0.3,0.3581,Queensland
2021-12-04 00:00:00+00:00,24.434551,1.4,0.34334165,Queensland
2021-12-05 00:00:00+00:00,22.922882,1.2,0.3299083,Queensland
2021-12-06 00:00:00+00:00,22.703299,4.0800004,0.3245333,Queensland
2021-12-07 00:00:00+00:00,23.597467,4.84,0.32160833,Queensland
2021-12-08 00:00:00+00:00,23.624966,3.7400002,0.318875,Queensland
2021-12-09 00:00:00+00:00,23.732882,3.3799999,0.32164997,Queensland
2021-12-10 00:00:00+00:00,22.437466,0.5199999,0.31913334,Queensland
2021-12-11 00:00:00+00:00,23.441631,0.0,0.312125,Queensland
2021-12-12 00:00:00+00:00,23.796217,0.08,0.30431667,Queensland
2021-12-13 00:00:00+00:00,24.195383,0.0,0.29811662,Queensland
2021-12-14 00:00:00+00:00,24.515799,0.0,0.29036668,Queensland
2021-12-15 00:00:00+00:00,25.172464,0.120000005,0.28315,Queensland
2021-12-16 00:00:00+00:00,25.35205,3.4,0.2777,Queensland
2021-12-17 00:00:00+00:00,24.376635,1.4,0.27315834,Queensland
2021-12-18 00:00:00+00:00,24.776217,0.04,0.2704333,Queensland
2021-12-19 00:00:00+00:00,25.565386,0.0,0.2670083,Queensland
2021-12-20 00:00:00+00:00,26.624552,0.08,0.26156667,Queensland
2021-12-21 00:00:00+00:00,26.439966,0.060000002,0.25811666,Queensland
2021-12-22 00:00:00+00:00,25.750385,1.5400001,0.25505,Queensland
2021-12-23 00:00:00+00:00,26.00205,2.9,0.25565836,Queensland
2021-12-24 00:00:00+00:00,24.732883,7.5600004,0.26015,Queensland
2021-12-25 00:00:00+00:00,23.62705,6.34,0.26936668,Queensland
2021-12-26 00:00:00+00:00,23.492466,6.4199996,0.28710833,Queensland
2021-12-27 00:00:00+00:00,22.917467,3.5600007,0.28697497,Queensland
2021-12-28 00:00:00+00:00,21.732048,3.0,0.28521666,Queensland
2021-12-29 00:00:00+00:00,21.801218,0.5,0.28276667,Queensland
2021-12-30 00:00:00+00:00,21.882467,0.6,0.27875,Queensland
2021-12-31 00:00:00+00:00,22.751217,8.3,0.28858334,Queensland
2020-01-01 00:00:00+00:00,31.480461,0.0,0.17108335,New South Wales
2020-01-02 00:00:00+00:00,32.463272,0.05,0.17000002,New South Wales
2020-01-03 00:00:00+00:00,34.733063,0.0,0.1689375,New South Wales
2020-01-04 00:00:00+00:00,34.22369,0.0,0.170625,New South Wales
2020-01-05 00:00:00+00:00,30.77473,0.075,0.168625,New South Wales
2020-01-06 00:00:00+00:00,30.090355,0.0,0.168375,New South Wales
2020-01-07 00:00:00+00:00,31.185667,0.0,0.16550002,New South Wales
2020-01-08 00:00:00+00:00,33.15077,0.0,0.16512498,New South Wales
2020-01-09 00:00:00+00:00,33.307022,0.0,0.164125,New South Wales
2020-01-10 00:00:00+00:00,32.184624,0.0,0.163625,New South Wales
2020-01-11 00:00:00+00:00,25.835146,0.0,0.162875,New South Wales
2020-01-12 00:00:00+00:00,27.22004,0.0,0.16325,New South Wales
2020-01-13 00:00:00+00:00,29.18254,0.0,0.1644375,New South Wales
2020-01-14 00:00:00+00:00,30.56223,0.0,0.16325,New South Wales
2020-01-15 00:00:00+00:00,28.262749,0.625,0.16299999,New South Wales
2020-01-16 00:00:00+00:00,24.936186,3.975,0.16677083,New South Wales
2020-01-17 00:00:00+00:00,24.925251,4.475001,0.18598956,New South Wales
2020-01-18 00:00:00+00:00,25.940353,0.62500006,0.2030729,New South Wales
2020-01-19 00:00:00+00:00,26.43723,4.225,0.20445833,New South Wales
2020-01-20 00:00:00+00:00,24.610147,2.5749998,0.22133334,New South Wales
2020-01-21 00:00:00+00:00,25.606499,0.0,0.22830212,New South Wales
2020-01-22 00:00:00+00:00,30.943481,0.6,0.22412501,New South Wales
2020-01-23 00:00:00+00:00,27.620562,2.0749998,0.22276041,New South Wales
2020-01-24 00:00:00+00:00,25.959625,1.0,0.22933333,New South Wales
2020-01-25 00:00:00+00:00,27.078375,5.5000005,0.23590626,New South Wales
2020-01-26 00:00:00+00:00,28.578373,1.2249999,0.23110418,New South Wales
2020-01-27 00:00:00+00:00,29.373167,0.025,0.22476043,New South Wales
2020-01-28 00:00:00+00:00,30.017437,0.0,0.21952082,New South Wales
2020-01-29 00:00:00+00:00,31.293476,0.0,0.21422915,New South Wales
2020-01-30 00:00:00+00:00,34.19452,0.0,0.20791668,New South Wales
2020-01-31 00:00:00+00:00,35.85702,0.0,0.20243752,New South Wales
2020-02-01 00:00:00+00:00,34.139313,0.05,0.19790626,New South Wales
2020-02-02 00:00:00+00:00,28.989832,0.6,0.19446874,New South Wales
2020-02-03 00:00:00+00:00,25.352852,0.1,0.19119793,New South Wales
2020-02-04 00:00:00+00:00,26.129417,2.0500002,0.19041668,New South Wales
2020-02-05 00:00:00+00:00,22.536188,13.474999,0.20073958,New South Wales
2020-02-06 00:00:00+00:00,22.898167,2.35,0.23277082,New South Wales
2020-02-07 00:00:00+00:00,23.763792,6.525,0.24591668,New South Wales
2020-02-08 00:00:00+00:00,22.589836,12.025001,0.2544375,New South Wales
2020-02-09 00:00:00+00:00,21.449728,10.1,0.2675521,New South Wales
2020-02-10 00:00:00+00:00,22.951815,9.049999,0.28706247,New South Wales
2020-02-11 00:00:00+00:00,23.736187,10.875,0.30910417,New South Wales
2020-02-12 00:00:00+00:00,25.115353,5.3500004,0.3091354,New South Wales
2020-02-13 00:00:00+00:00,25.033585,3.5500002,0.31008333,New South Wales
2020-02-14 00:00:00+00:00,25.871084,1.35,0.3039271,New South Wales
2020-02-15 00:00:00+00:00,26.80702,0.37500003,0.289625,New South Wales
2020-02-16 00:00:00+00:00,28.179417,0.375,0.2734063,New South Wales
2020-02-17 00:00:00+00:00,27.138792,2.4,0.26227087,New South Wales
2020-02-18 00:00:00+00:00,26.461708,1.75,0.2581354,New South Wales
2020-02-19 00:00:00+00:00,21.014313,0.025,0.2515104,New South Wales
2020-02-20 00:00:00+00:00,21.334625,0.0,0.2461979,New South Wales
2020-02-21 00:00:00+00:00,23.430458,0.075,0.2385,New South Wales
2020-02-22 00:00:00+00:00,24.252855,5.325,0.23224999,New South Wales
2020-02-23 00:00:00+00:00,21.398687,2.175,0.23160413,New South Wales
2020-02-24 00:00:00+00:00,23.759104,1.2249999,0.23339583,New South Wales
2020-02-25 00:00:00+00:00,25.65025,0.37500003,0.23178124,New South Wales
2020-02-26 00:00:00+00:00,23.83098,0.90000004,0.22775,New South Wales
2020-02-27 00:00:00+00:00,22.123688,0.05,0.22590625,New South Wales
2020-02-28 00:00:00+00:00,22.035147,0.0,0.22367707,New South Wales
2020-02-29 00:00:00+00:00,24.62004,0.0,0.21842709,New South Wales
2020-03-01 00:00:00+00:00,26.954416,0.075,0.21295837,New South Wales
2020-03-02 00:00:00+00:00,25.903376,0.5,0.21030208,New South Wales
2020-03-03 00:00:00+00:00,24.373688,4.825,0.21019794,New South Wales
2020-03-04 00:00:00+00:00,22.976814,30.449999,0.22609374,New South Wales
2020-03-05 00:00:00+00:00,21.340874,8.425,0.29660416,New South Wales
2020-03-06 00:00:00+00:00,21.004938,0.05,0.30186456,New South Wales
2020-03-07 00:00:00+00:00,22.53723,0.15,0.29547918,New South Wales
2020-03-08 00:00:00+00:00,22.282024,3.5750003,0.28686458,New South Wales
2020-03-09 00:00:00+00:00,20.673687,2.2250001,0.28228122,New South Wales
2020-03-10 00:00:00+00:00,21.349731,0.2,0.28007293,New South Wales
2020-03-11 00:00:00+00:00,21.56327,0.0,0.27405205,New South Wales
2020-03-12 00:00:00+00:00,21.616396,0.025,0.26663545,New South Wales
2020-03-13 00:00:00+00:00,21.490356,0.05,0.26036456,New South Wales
2020-03-14 00:00:00+00:00,20.694519,0.0,0.25672916,New South Wales
2020-03-15 00:00:00+00:00,20.162228,0.0,0.25347918,New South Wales
2020-03-16 00:00:00+00:00,21.235668,0.0,0.24932289,New South Wales
2020-03-17 00:00:00+00:00,21.204416,0.0,0.2458229,New South Wales
2020-03-18 00:00:00+00:00,22.148169,0.0,0.24377081,New South Wales
2020-03-19 00:00:00+00:00,23.965876,0.0,0.24094793,New South Wales
2020-03-20 00:00:00+00:00,23.489834,0.0,0.23750003,New South Wales
2020-03-21 00:00:00+00:00,22.799208,0.0,0.23465623,New South Wales
2020-03-22 00:00:00+00:00,22.200771,0.0,0.22984377,New South Wales
2020-03-23 00:00:00+00:00,22.453896,0.0,0.22583336,New South Wales
2020-03-24 00:00:00+00:00,23.040874,0.7,0.22347915,New South Wales
2020-03-25 00:00:00+00:00,19.876293,10.0,0.22180207,New South Wales
2020-03-26 00:00:00+00:00,20.76275,1.625,0.22458336,New South Wales
2020-03-27 00:00:00+00:00,21.045563,0.2,0.2230833,New South Wales
2020-03-28 00:00:00+00:00,21.597645,0.0,0.22063541,New South Wales
2020-03-29 00:00:00+00:00,23.548168,0.925,0.21712503,New South Wales
2020-03-30 00:00:00+00:00,20.858065,1.25,0.22279167,New South Wales
2020-03-31 00:00:00+00:00,20.948689,0.0,0.2284479,New South Wales
2020-04-01 00:00:00+00:00,23.353897,8.075001,0.2342917,New South Wales
2020-04-02 00:00:00+00:00,20.340876,3.4,0.26589584,New South Wales
2020-04-03 00:00:00+00:00,19.725773,24.175001,0.3070625,New South Wales
2020-04-04 00:00:00+00:00,16.005459,0.2,0.32545832,New South Wales
2020-04-05 00:00:00+00:00,15.942438,0.025,0.31996873,New South Wales
2020-04-06 00:00:00+00:00,16.085667,0.0,0.3144375,New South Wales
2020-04-07 00:00:00+00:00,16.763792,0.0,0.3068229,New South Wales
2020-04-08 00:00:00+00:00,18.939833,0.175,0.29975,New South Wales
2020-04-09 00:00:00+00:00,19.055458,16.199999,0.30822915,New South Wales
2020-04-10 00:00:00+00:00,16.942436,7.6250005,0.35311458,New South Wales
2020-04-11 00:00:00+00:00,15.741917,0.0,0.3472708,New South Wales
2020-04-12 00:00:00+00:00,13.5564995,0.0,0.3391354,New South Wales
2020-04-13 00:00:00+00:00,15.384625,0.0,0.33108333,New South Wales
2020-04-14 00:00:00+00:00,17.613792,0.0,0.32190627,New South Wales
2020-04-15 00:00:00+00:00,20.357021,0.0,0.31251043,New South Wales
2020-04-16 00:00:00+00:00,20.90025,0.0,0.3043229,New South Wales
2020-04-17 00:00:00+00:00,16.263271,0.0,0.29879168,New South Wales
2020-04-18 00:00:00+00:00,14.521604,0.0,0.29375,New South Wales
2020-04-19 00:00:00+00:00,14.328375,0.15,0.29097915,New South Wales
2020-04-20 00:00:00+00:00,16.460665,0.125,0.28862503,New South Wales
2020-04-21 00:00:00+00:00,17.080458,0.05,0.28630206,New South Wales
2020-04-22 00:00:00+00:00,15.944522,0.0,0.28284377,New South Wales
2020-04-23 00:00:00+00:00,17.343481,0.0,0.28021878,New South Wales
2020-04-24 00:00:00+00:00,16.958584,0.05,0.27844793,New South Wales
2020-04-25 00:00:00+00:00,19.029938,0.725,0.27456254,New South Wales
2020-04-26 00:00:00+00:00,17.726292,0.875,0.27315623,New South Wales
2020-04-27 00:00:00+00:00,16.63098,0.0,0.27533337,New South Wales
2020-04-28 00:00:00+00:00,21.029938,4.3,0.2757396,New South Wales
2020-04-29 00:00:00+00:00,18.583063,19.699999,0.29181254,New South Wales
2020-04-30 00:00:00+00:00,10.878376,7.6,0.3194792,New South Wales
2020-05-01 00:00:00+00:00,11.116396,1.8499999,0.3285,New South Wales
2020-05-02 00:00:00+00:00,12.364834,0.4,0.32728124,New South Wales
2020-05-03 00:00:00+00:00,10.382542,0.0,0.32355207,New South Wales
2020-05-04 00:00:00+00:00,11.2820215,0.0,0.31992713,New South Wales
2020-05-05 00:00:00+00:00,13.323166,0.0,0.31457287,New South Wales
2020-05-06 00:00:00+00:00,15.677855,0.0,0.30933338,New South Wales
2020-05-07 00:00:00+00:00,16.710667,0.0,0.3068125,New South Wales
2020-05-08 00:00:00+00:00,17.740356,0.0,0.3030625,New South Wales
2020-05-09 00:00:00+00:00,14.292439,0.47500002,0.3022604,New South Wales
2020-05-10 00:00:00+00:00,10.035666,0.0,0.30303124,New South Wales
2020-05-11 00:00:00+00:00,10.396605,0.0,0.3030104,New South Wales
2020-05-12 00:00:00+00:00,12.076813,0.0,0.3009791,New South Wales
2020-05-13 00:00:00+00:00,13.029938,0.025,0.2996354,New South Wales
2020-05-14 00:00:00+00:00,12.101813,0.0,0.29819784,New South Wales
2020-05-15 00:00:00+00:00,12.621083,0.17500001,0.29561454,New South Wales
2020-05-16 00:00:00+00:00,13.695042,0.0,0.2933542,New South Wales
2020-05-17 00:00:00+00:00,14.077854,0.0,0.2898333,New South Wales
2020-05-18 00:00:00+00:00,14.955979,0.0,0.2860937,New South Wales
2020-05-19 00:00:00+00:00,16.603374,1.5500002,0.2843958,New South Wales
2020-05-20 00:00:00+00:00,14.291395,5.1749997,0.28554168,New South Wales
2020-05-21 00:00:00+00:00,10.449209,1.425,0.2904271,New South Wales
2020-05-22 00:00:00+00:00,9.177333,0.0,0.29619798,New South Wales
2020-05-23 00:00:00+00:00,9.686188,0.025,0.29966667,New South Wales
2020-05-24 00:00:00+00:00,10.749729,0.0,0.29935417,New South Wales
2020-05-25 00:00:00+00:00,11.43775,0.0,0.29672915,New South Wales
2020-05-26 00:00:00+00:00,13.809626,0.0,0.29445833,New South Wales
2020-05-27 00:00:00+00:00,12.7565,0.075,0.29175,New South Wales
2020-05-28 00:00:00+00:00,12.512229,0.0,0.28905207,New South Wales
2020-05-29 00:00:00+00:00,12.073687,0.0,0.28854167,New South Wales
2020-05-30 00:00:00+00:00,14.70702,0.35000002,0.28639585,New South Wales
2020-05-31 00:00:00+00:00,15.142439,0.87499994,0.2842083,New South Wales
2020-06-01 00:00:00+00:00,10.873167,2.6,0.28872916,New South Wales
2020-06-02 00:00:00+00:00,9.97525,0.1,0.29173958,New South Wales
2020-06-03 00:00:00+00:00,9.889833,0.025,0.2895,New South Wales
2020-06-04 00:00:00+00:00,9.1658745,0.0,0.2891146,New South Wales
2020-06-05 00:00:00+00:00,9.375771,0.0,0.28606254,New South Wales
2020-06-06 00:00:00+00:00,9.500771,0.0,0.28266665,New South Wales
2020-06-07 00:00:00+00:00,9.751812,0.025,0.27988538,New South Wales
2020-06-08 00:00:00+00:00,9.512229,0.0,0.2778958,New South Wales
2020-06-09 00:00:00+00:00,12.2455635,0.0,0.27732286,New South Wales
2020-06-10 00:00:00+00:00,12.361709,0.45000002,0.27774996,New South Wales
2020-06-11 00:00:00+00:00,11.932541,0.0,0.2778958,New South Wales
2020-06-12 00:00:00+00:00,12.966396,0.0,0.2759062,New South Wales
2020-06-13 00:00:00+00:00,16.33827,10.2,0.27602082,New South Wales
2020-06-14 00:00:00+00:00,11.1137905,0.0,0.29743752,New South Wales
2020-06-15 00:00:00+00:00,10.784105,0.0,0.30330208,New South Wales
2020-06-16 00:00:00+00:00,11.750771,0.025,0.30506247,New South Wales
2020-06-17 00:00:00+00:00,12.200771,0.1,0.30478126,New South Wales
2020-06-18 00:00:00+00:00,13.666395,0.0,0.30263537,New South Wales
2020-06-19 00:00:00+00:00,14.295043,0.3,0.300375,New South Wales
2020-06-20 00:00:00+00:00,13.278376,3.4250002,0.3005104,New South Wales
2020-06-21 00:00:00+00:00,10.6450405,1.575,0.3049271,New South Wales
2020-06-22 00:00:00+00:00,9.312751,0.45000005,0.31154165,New South Wales
2020-06-23 00:00:00+00:00,9.4382715,0.3,0.31353128,New South Wales
2020-06-24 00:00:00+00:00,10.291395,0.15,0.31428123,New South Wales
2020-06-25 00:00:00+00:00,9.559105,0.05,0.3169271,New South Wales
2020-06-26 00:00:00+00:00,8.698688,0.0,0.3196979,New South Wales
2020-06-27 00:00:00+00:00,8.555979,0.0,0.3215208,New South Wales
2020-06-28 00:00:00+00:00,9.045042,0.0,0.3201771,New South Wales
2020-06-29 00:00:00+00:00,10.499208,0.0,0.31790626,New South Wales
2020-06-30 00:00:00+00:00,11.628896,0.1,0.311625,New South Wales
2020-07-01 00:00:00+00:00,14.116917,0.0,0.30575,New South Wales
2020-07-02 00:00:00+00:00,12.766916,0.22500001,0.3029792,New South Wales
2020-07-03 00:00:00+00:00,9.951813,1.15,0.3010833,New South Wales
2020-07-04 00:00:00+00:00,8.145562,0.0,0.30312496,New South Wales
2020-07-05 00:00:00+00:00,9.190354,0.0,0.302,New South Wales
2020-07-06 00:00:00+00:00,8.449209,0.0,0.3013229,New South Wales
2020-07-07 00:00:00+00:00,8.555459,0.0,0.30096877,New South Wales
2020-07-08 00:00:00+00:00,10.661709,0.0,0.29985422,New South Wales
2020-07-09 00:00:00+00:00,12.92525,0.225,0.29934373,New South Wales
2020-07-10 00:00:00+00:00,13.35025,7.4750004,0.29970834,New South Wales
2020-07-11 00:00:00+00:00,11.143999,3.7,0.30504167,New South Wales
2020-07-12 00:00:00+00:00,8.705459,1.2,0.30781254,New South Wales
2020-07-13 00:00:00+00:00,8.573167,0.5,0.30818748,New South Wales
2020-07-14 00:00:00+00:00,8.894521,0.0,0.30739582,New South Wales
2020-07-15 00:00:00+00:00,8.949729,0.0,0.3071042,New South Wales
2020-07-16 00:00:00+00:00,7.7617083,0.0,0.30591664,New South Wales
2020-07-17 00:00:00+00:00,8.365355,0.0,0.3035625,New South Wales
2020-07-18 00:00:00+00:00,10.277855,0.0,0.2998021,New South Wales
2020-07-19 00:00:00+00:00,10.834624,0.0,0.296,New South Wales
2020-07-20 00:00:00+00:00,9.044001,0.0,0.2920833,New South Wales
2020-07-21 00:00:00+00:00,9.292958,0.0,0.28919792,New South Wales
2020-07-22 00:00:00+00:00,9.720042,0.0,0.28981248,New South Wales
2020-07-23 00:00:00+00:00,9.892959,0.0,0.28671873,New South Wales
2020-07-24 00:00:00+00:00,12.412749,0.675,0.2839062,New South Wales
2020-07-25 00:00:00+00:00,12.528896,4.125,0.28202084,New South Wales
2020-07-26 00:00:00+00:00,11.60025,1.425,0.28344792,New South Wales
2020-07-27 00:00:00+00:00,11.791396,0.17500001,0.2840312,New South Wales
2020-07-28 00:00:00+00:00,11.697645,0.05,0.2836458,New South Wales
2020-07-29 00:00:00+00:00,11.277334,0.0,0.28201044,New South Wales
2020-07-30 00:00:00+00:00,10.2127495,0.0,0.28183335,New South Wales
2020-07-31 00:00:00+00:00,9.861188,0.0,0.28115624,New South Wales
2020-08-01 00:00:00+00:00,10.2351465,0.0,0.28023958,New South Wales
2020-08-02 00:00:00+00:00,11.003897,0.0,0.27896875,New South Wales
2020-08-03 00:00:00+00:00,12.067438,0.025,0.27537498,New South Wales
2020-08-04 00:00:00+00:00,10.291917,0.0,0.27321875,New South Wales
2020-08-05 00:00:00+00:00,7.177854,0.0,0.2713125,New South Wales
2020-08-06 00:00:00+00:00,11.007543,13.85,0.26958334,New South Wales
2020-08-07 00:00:00+00:00,11.044521,12.174999,0.30801043,New South Wales
2020-08-08 00:00:00+00:00,8.932021,1.825,0.33171874,New South Wales
2020-08-09 00:00:00+00:00,9.235666,1.45,0.33286455,New South Wales
2020-08-10 00:00:00+00:00,9.417958,0.0,0.33109373,New South Wales
2020-08-11 00:00:00+00:00,12.439834,1.0999999,0.32824996,New South Wales
2020-08-12 00:00:00+00:00,13.636707,0.875,0.32546872,New South Wales
2020-08-13 00:00:00+00:00,15.140354,0.25,0.3199375,New South Wales
2020-08-14 00:00:00+00:00,12.8132715,10.200001,0.33420834,New South Wales
2020-08-15 00:00:00+00:00,11.554937,0.8,0.3413229,New South Wales
2020-08-16 00:00:00+00:00,10.46275,0.275,0.33815625,New South Wales
2020-08-17 00:00:00+00:00,11.391917,0.55,0.3344896,New South Wales
2020-08-18 00:00:00+00:00,12.919521,0.25,0.32828128,New South Wales
2020-08-19 00:00:00+00:00,12.320041,1.6749998,0.32383335,New South Wales
2020-08-20 00:00:00+00:00,10.46223,0.15,0.32161456,New South Wales
2020-08-21 00:00:00+00:00,10.921083,0.425,0.31860414,New South Wales
2020-08-22 00:00:00+00:00,9.011188,0.55,0.3154375,New South Wales
2020-08-23 00:00:00+00:00,8.672126,0.025,0.31334376,New South Wales
2020-08-24 00:00:00+00:00,8.517959,0.0,0.3105312,New South Wales
2020-08-25 00:00:00+00:00,8.032542,0.025,0.30607292,New South Wales
2020-08-26 00:00:00+00:00,8.879416,0.0,0.30038542,New South Wales
2020-08-27 00:00:00+00:00,11.345563,0.0,0.29557294,New South Wales
2020-08-28 00:00:00+00:00,11.085667,0.0,0.29096875,New South Wales
2020-08-29 00:00:00+00:00,13.35598,0.0,0.2855104,New South Wales
2020-08-30 00:00:00+00:00,15.2815,0.075,0.27826038,New South Wales
2020-08-31 00:00:00+00:00,11.754937,0.0,0.2725312,New South Wales
2020-09-01 00:00:00+00:00,12.576813,0.0,0.26811457,New South Wales
2020-09-02 00:00:00+00:00,18.632542,0.0,0.26407295,New South Wales
2020-09-03 00:00:00+00:00,18.35702,0.05,0.25872922,New South Wales
2020-09-04 00:00:00+00:00,17.170563,0.0,0.25565627,New South Wales
2020-09-05 00:00:00+00:00,14.369522,0.05,0.25325,New South Wales
2020-09-06 00:00:00+00:00,15.673687,0.0,0.25009376,New South Wales
2020-09-07 00:00:00+00:00,18.622126,0.0,0.24632293,New South Wales
2020-09-08 00:00:00+00:00,19.27994,0.375,0.2422604,New South Wales
2020-09-09 00:00:00+00:00,17.70129,2.05,0.24058332,New South Wales
2020-09-10 00:00:00+00:00,14.022646,1.375,0.23785415,New South Wales
2020-09-11 00:00:00+00:00,14.933063,0.0,0.2366667,New South Wales
2020-09-12 00:00:00+00:00,16.413273,0.22500001,0.23267707,New South Wales
2020-09-13 00:00:00+00:00,16.108583,0.525,0.23286457,New South Wales
2020-09-14 00:00:00+00:00,16.465355,0.0,0.23279165,New South Wales
2020-09-15 00:00:00+00:00,16.95702,0.0,0.22837499,New South Wales
2020-09-16 00:00:00+00:00,19.325253,0.0,0.22535414,New South Wales
2020-09-17 00:00:00+00:00,21.079937,0.0,0.22523956,New South Wales
2020-09-18 00:00:00+00:00,20.942436,0.0,0.22326043,New South Wales
2020-09-19 00:00:00+00:00,18.601812,13.25,0.22353122,New South Wales
2020-09-20 00:00:00+00:00,19.335146,1.375,0.2320833,New South Wales
2020-09-21 00:00:00+00:00,19.401812,4.7250004,0.2413646,New South Wales
2020-09-22 00:00:00+00:00,16.112751,1.0500001,0.2451979,New South Wales
2020-09-23 00:00:00+00:00,14.44348,0.275,0.24388543,New South Wales
2020-09-24 00:00:00+00:00,13.823687,0.7,0.2419271,New South Wales
2020-09-25 00:00:00+00:00,12.010667,1.175,0.24577084,New South Wales
2020-09-26 00:00:00+00:00,10.748688,0.075,0.24930209,New South Wales
2020-09-27 00:00:00+00:00,11.518478,0.05,0.24810417,New South Wales
2020-09-28 00:00:00+00:00,13.63827,0.0,0.2447604,New South Wales
2020-09-29 00:00:00+00:00,17.742437,2.55,0.24237496,New South Wales
2020-09-30 00:00:00+00:00,15.701291,5.05,0.24085414,New South Wales
2020-10-01 00:00:00+00:00,16.089834,0.125,0.24133335,New South Wales
2020-10-02 00:00:00+00:00,18.967438,0.0,0.23697917,New South Wales
2020-10-03 00:00:00+00:00,22.032543,0.0,0.22979167,New South Wales
2020-10-04 00:00:00+00:00,23.58046,0.0,0.22491665,New South Wales
2020-10-05 00:00:00+00:00,20.474209,0.8000001,0.22283328,New South Wales
2020-10-06 00:00:00+00:00,20.30077,2.1999998,0.22409377,New South Wales
2020-10-07 00:00:00+00:00,21.498167,4.45,0.22871874,New South Wales
2020-10-08 00:00:00+00:00,17.689833,0.0,0.2319375,New South Wales
2020-10-09 00:00:00+00:00,15.7663965,0.05,0.23302087,New South Wales
2020-10-10 00:00:00+00:00,17.810667,0.0,0.23081255,New South Wales
2020-10-11 00:00:00+00:00,19.291395,0.0,0.22639588,New South Wales
2020-10-12 00:00:00+00:00,19.757544,4.3750005,0.22191666,New South Wales
2020-10-13 00:00:00+00:00,20.660145,0.0,0.21937501,New South Wales
2020-10-14 00:00:00+00:00,21.47577,0.0,0.21470833,New South Wales
2020-10-15 00:00:00+00:00,22.69452,0.1,0.21151038,New South Wales
2020-10-16 00:00:00+00:00,23.504938,2.15,0.21034373,New South Wales
2020-10-17 00:00:00+00:00,22.110666,3.1750002,0.22114582,New South Wales
2020-10-18 00:00:00+00:00,15.938791,7.8,0.22819793,New South Wales
2020-10-19 00:00:00+00:00,17.276814,0.0,0.2327812,New South Wales
2020-10-20 00:00:00+00:00,19.720043,0.25,0.23037496,New South Wales
2020-10-21 00:00:00+00:00,19.866394,4.975,0.22551039,New South Wales
2020-10-22 00:00:00+00:00,22.34921,0.025,0.24334376,New South Wales
2020-10-23 00:00:00+00:00,22.484627,11.275,0.24590626,New South Wales
2020-10-24 00:00:00+00:00,17.665354,6.725,0.27615625,New South Wales
2020-10-25 00:00:00+00:00,15.894,2.3249998,0.27952084,New South Wales
2020-10-26 00:00:00+00:00,16.058582,4.0499997,0.2805625,New South Wales
2020-10-27 00:00:00+00:00,18.44452,0.75,0.2756771,New South Wales
2020-10-28 00:00:00+00:00,18.086708,1.3499999,0.27085423,New South Wales
2020-10-29 00:00:00+00:00,19.487228,0.87499994,0.26571876,New South Wales
2020-10-30 00:00:00+00:00,19.638271,4.500001,0.269,New South Wales
2020-10-31 00:00:00+00:00,18.199207,1.0999999,0.27336454,New South Wales
2020-11-01 00:00:00+00:00,20.41275,0.0,0.2673125,New South Wales
2020-11-02 00:00:00+00:00,21.269001,0.0,0.25841665,New South Wales
2020-11-03 00:00:00+00:00,22.579935,0.0,0.250125,New South Wales
2020-11-04 00:00:00+00:00,23.413788,0.875,0.24357295,New South Wales
2020-11-05 00:00:00+00:00,16.75702,0.025,0.23939583,New South Wales
2020-11-06 00:00:00+00:00,18.789312,0.0,0.23581252,New South Wales
2020-11-07 00:00:00+00:00,20.634104,0.0,0.23109375,New South Wales
2020-11-08 00:00:00+00:00,21.77004,0.025,0.22605212,New South Wales
2020-11-09 00:00:00+00:00,22.39296,0.0,0.22202083,New South Wales
2020-11-10 00:00:00+00:00,24.603895,0.0,0.21837503,New South Wales
2020-11-11 00:00:00+00:00,26.572124,0.52500004,0.21427083,New South Wales
2020-11-12 00:00:00+00:00,25.023167,1.65,0.2117708,New South Wales
2020-11-13 00:00:00+00:00,22.755457,0.0,0.20920834,New South Wales
2020-11-14 00:00:00+00:00,23.639833,0.0,0.20844787,New South Wales
2020-11-15 00:00:00+00:00,29.254938,0.0,0.20597917,New South Wales
2020-11-16 00:00:00+00:00,26.514313,0.1,0.20274997,New South Wales
2020-11-17 00:00:00+00:00,23.517958,0.0,0.20040625,New South Wales
2020-11-18 00:00:00+00:00,26.44452,0.0,0.19782291,New South Wales
2020-11-19 00:00:00+00:00,28.778896,0.0,0.19431248,New South Wales
2020-11-20 00:00:00+00:00,30.162228,0.0,0.19202083,New South Wales
2020-11-21 00:00:00+00:00,31.01796,0.0,0.18980207,New South Wales
2020-11-22 00:00:00+00:00,30.00858,1.7499999,0.18810415,New South Wales
2020-11-23 00:00:00+00:00,24.925251,2.225,0.19108334,New South Wales
2020-11-24 00:00:00+00:00,24.879936,0.0,0.19290622,New South Wales
2020-11-25 00:00:00+00:00,26.936708,0.0,0.19020832,New South Wales
2020-11-26 00:00:00+00:00,29.369522,0.0,0.18756248,New South Wales
2020-11-27 00:00:00+00:00,32.35129,0.0,0.18542707,New South Wales
2020-11-28 00:00:00+00:00,33.345562,0.0,0.18448956,New South Wales
2020-11-29 00:00:00+00:00,29.158062,0.0,0.18696874,New South Wales
2020-11-30 00:00:00+00:00,31.002853,0.0,0.18742707,New South Wales
2020-12-01 00:00:00+00:00,31.054935,0.0,0.18699999,New South Wales
2020-12-02 00:00:00+00:00,26.909105,0.0,0.18596874,New South Wales
2020-12-03 00:00:00+00:00,26.041916,2.875,0.18553124,New South Wales
2020-12-04 00:00:00+00:00,28.140354,0.05,0.18482292,New South Wales
2020-12-05 00:00:00+00:00,26.385147,4.725,0.18597916,New South Wales
2020-12-06 00:00:00+00:00,23.93254,0.0,0.18666667,New South Wales
2020-12-07 00:00:00+00:00,20.241396,1.1,0.19165629,New South Wales
2020-12-08 00:00:00+00:00,19.4315,0.0,0.19520831,New South Wales
2020-12-09 00:00:00+00:00,23.639313,0.0,0.19304171,New South Wales
2020-12-10 00:00:00+00:00,25.77004,1.45,0.18955211,New South Wales
2020-12-11 00:00:00+00:00,22.34452,0.57500005,0.18655208,New South Wales
2020-12-12 00:00:00+00:00,22.59348,0.0,0.18735416,New South Wales
2020-12-13 00:00:00+00:00,24.835146,0.05,0.1870521,New South Wales
2020-12-14 00:00:00+00:00,25.39869,1.025,0.18433332,New South Wales
2020-12-15 00:00:00+00:00,26.640875,3.2,0.18223956,New South Wales
2020-12-16 00:00:00+00:00,26.079416,11.825001,0.1860625,New South Wales
2020-12-17 00:00:00+00:00,28.710144,0.075,0.19136462,New South Wales
2020-12-18 00:00:00+00:00,25.377853,3.0000002,0.19392708,New South Wales
2020-12-19 00:00:00+00:00,25.771082,0.6,0.19748959,New South Wales
2020-12-20 00:00:00+00:00,24.878897,3.3500001,0.19932292,New South Wales
2020-12-21 00:00:00+00:00,20.221603,24.274998,0.22475,New South Wales
2020-12-22 00:00:00+00:00,18.967438,0.22500001,0.25396878,New South Wales
2020-12-23 00:00:00+00:00,21.273687,0.1,0.2499792,New South Wales
2020-12-24 00:00:00+00:00,22.060667,0.0,0.24456252,New South Wales
2020-12-25 00:00:00+00:00,24.292437,0.0,0.23570833,New South Wales
2020-12-26 00:00:00+00:00,26.06848,0.075,0.22755212,New South Wales
2020-12-27 00:00:00+00:00,28.36379,0.125,0.22120833,New South Wales
2020-12-28 00:00:00+00:00,24.103374,1.875,0.2165729,New South Wales
2020-12-29 00:00:00+00:00,23.67004,3.075,0.21321878,New South Wales
2020-12-30 00:00:00+00:00,26.096085,0.1,0.20989582,New South Wales
2020-12-31 00:00:00+00:00,26.215874,2.9750001,0.20709378,New South Wales
2021-01-01 00:00:00+00:00,24.569,1.8000002,0.20522918,New South Wales
2021-01-02 00:00:00+00:00,24.194519,14.6,0.2097396,New South Wales
2021-01-03 00:00:00+00:00,25.509628,5.95,0.22518748,New South Wales
2021-01-04 00:00:00+00:00,22.67421,12.475,0.23266666,New South Wales
2021-01-05 00:00:00+00:00,24.333061,1.3999999,0.23085418,New South Wales
2021-01-06 00:00:00+00:00,22.302853,4.45,0.22996876,New South Wales
2021-01-07 00:00:00+00:00,22.852856,1.4499998,0.22857295,New South Wales
2021-01-08 00:00:00+00:00,22.807022,0.075,0.22614585,New South Wales
2021-01-09 00:00:00+00:00,23.679937,0.0,0.22336459,New South Wales
2021-01-10 00:00:00+00:00,25.667439,0.0,0.2190104,New South Wales
2021-01-11 00:00:00+00:00,27.048687,0.0,0.21507289,New South Wales
2021-01-12 00:00:00+00:00,28.07473,0.0,0.21154168,New South Wales
2021-01-13 00:00:00+00:00,29.178894,0.0,0.20633334,New South Wales
2021-01-14 00:00:00+00:00,27.906498,0.0,0.20193753,New South Wales
2021-01-15 00:00:00+00:00,24.345562,0.0,0.20111458,New South Wales
2021-01-16 00:00:00+00:00,21.58098,0.0,0.1979583,New South Wales
2021-01-17 00:00:00+00:00,24.311188,0.075,0.19677082,New South Wales
2021-01-18 00:00:00+00:00,23.417957,1.175,0.19529168,New South Wales
2021-01-19 00:00:00+00:00,25.492437,0.0,0.19536458,New South Wales
2021-01-20 00:00:00+00:00,27.184105,0.0,0.19236462,New South Wales
2021-01-21 00:00:00+00:00,26.578896,3.3500001,0.19052081,New South Wales
2021-01-22 00:00:00+00:00,27.628376,0.025,0.19233334,New South Wales
2021-01-23 00:00:00+00:00,29.266396,0.0,0.19270834,New South Wales
2021-01-24 00:00:00+00:00,30.087748,0.0,0.19282289,New South Wales
2021-01-25 00:00:00+00:00,30.575771,0.20000002,0.1906146,New South Wales
2021-01-26 00:00:00+00:00,28.197645,1.925,0.18919794,New South Wales
2021-01-27 00:00:00+00:00,29.416916,0.25,0.19067708,New South Wales
2021-01-28 00:00:00+00:00,25.792439,3.9749997,0.19538543,New South Wales
2021-01-29 00:00:00+00:00,25.73046,10.774998,0.21854165,New South Wales
2021-01-30 00:00:00+00:00,26.670042,0.3,0.22423959,New South Wales
2021-01-31 00:00:00+00:00,27.592436,0.0,0.22054166,New South Wales
2021-02-01 00:00:00+00:00,24.54556,8.45,0.22060417,New South Wales
2021-02-02 00:00:00+00:00,22.558584,0.025,0.22454165,New South Wales
2021-02-03 00:00:00+00:00,25.048687,0.0,0.22265624,New South Wales
2021-02-04 00:00:00+00:00,26.33202,2.9750001,0.2197604,New South Wales
2021-02-05 00:00:00+00:00,26.189833,11.75,0.22960415,New South Wales
2021-02-06 00:00:00+00:00,22.166397,2.1,0.24590626,New South Wales
2021-02-07 00:00:00+00:00,23.046082,0.0,0.24479166,New South Wales
2021-02-08 00:00:00+00:00,24.954937,0.0,0.23941669,New South Wales
2021-02-09 00:00:00+00:00,25.610666,0.05,0.2333021,New South Wales
2021-02-10 00:00:00+00:00,25.286186,0.025,0.22654167,New South Wales
2021-02-11 00:00:00+00:00,27.51327,0.375,0.22173958,New South Wales
2021-02-12 00:00:00+00:00,25.989313,8.2,0.22070831,New South Wales
2021-02-13 00:00:00+00:00,22.911188,7.475,0.22254169,New South Wales
2021-02-14 00:00:00+00:00,24.20025,0.025,0.22293751,New South Wales
2021-02-15 00:00:00+00:00,24.199728,0.0,0.21967709,New South Wales
2021-02-16 00:00:00+00:00,25.310146,0.0,0.21661457,New South Wales
2021-02-17 00:00:00+00:00,24.60077,0.0,0.21378124,New South Wales
2021-02-18 00:00:00+00:00,25.062227,0.35,0.21151042,New South Wales
2021-02-19 00:00:00+00:00,26.243479,0.15,0.20915624,New South Wales
2021-02-20 00:00:00+00:00,27.655458,0.0,0.20649998,New South Wales
2021-02-21 00:00:00+00:00,28.095041,0.0,0.20503128,New South Wales
2021-02-22 00:00:00+00:00,25.989311,0.0,0.20293753,New South Wales
2021-02-23 00:00:00+00:00,22.866394,0.0,0.20097916,New South Wales
2021-02-24 00:00:00+00:00,24.461706,7.975,0.20416668,New South Wales
2021-02-25 00:00:00+00:00,23.622124,1.7499999,0.23245835,New South Wales
2021-02-26 00:00:00+00:00,24.630459,1.0500001,0.23278128,New South Wales
2021-02-27 00:00:00+00:00,24.701813,1.125,0.2302396,New South Wales
2021-02-28 00:00:00+00:00,26.014313,0.40000004,0.22838542,New South Wales
2021-03-01 00:00:00+00:00,25.316916,0.0,0.22508329,New South Wales
2021-03-02 00:00:00+00:00,21.802334,0.0,0.22191668,New South Wales
2021-03-03 00:00:00+00:00,21.84296,0.025,0.21715628,New South Wales
2021-03-04 00:00:00+00:00,23.117437,0.075,0.21327083,New South Wales
2021-03-05 00:00:00+00:00,22.249207,0.0,0.21008334,New South Wales
2021-03-06 00:00:00+00:00,23.473167,0.0,0.20691667,New South Wales
2021-03-07 00:00:00+00:00,26.468475,0.37500003,0.20409375,New South Wales
2021-03-08 00:00:00+00:00,24.34348,13.650002,0.21422917,New South Wales
2021-03-09 00:00:00+00:00,24.492956,0.075,0.21880206,New South Wales
2021-03-10 00:00:00+00:00,24.713793,4.075,0.21672916,New South Wales
2021-03-11 00:00:00+00:00,22.83671,8.6,0.21742707,New South Wales
2021-03-12 00:00:00+00:00,25.28879,0.4,0.2150521,New South Wales
2021-03-13 00:00:00+00:00,25.469,2.4750001,0.21157293,New South Wales
2021-03-14 00:00:00+00:00,17.944,5.125,0.21977083,New South Wales
2021-03-15 00:00:00+00:00,20.23046,0.35000002,0.22997914,New South Wales
2021-03-16 00:00:00+00:00,21.015875,6.0,0.23269789,New South Wales
2021-03-17 00:00:00+00:00,19.20754,9.699999,0.25016668,New South Wales
2021-03-18 00:00:00+00:00,20.736708,6.7000003,0.28877085,New South Wales
2021-03-19 00:00:00+00:00,22.155977,0.425,0.28801036,New South Wales
2021-03-20 00:00:00+00:00,21.972124,8.05,0.2833646,New South Wales
2021-03-21 00:00:00+00:00,22.030458,12.525001,0.3166667,New South Wales
2021-03-22 00:00:00+00:00,19.994,69.775,0.395,New South Wales
2021-03-23 00:00:00+00:00,20.22525,8.0,0.4263854,New South Wales
2021-03-24 00:00:00+00:00,19.364834,0.22500001,0.4010104,New South Wales
2021-03-25 00:00:00+00:00,17.913792,0.05,0.38411456,New South Wales
2021-03-26 00:00:00+00:00,19.132019,0.025,0.3708333,New South Wales
2021-03-27 00:00:00+00:00,19.026814,0.0,0.35767704,New South Wales
2021-03-28 00:00:00+00:00,18.471083,0.0,0.34528127,New South Wales
2021-03-29 00:00:00+00:00,18.028376,0.0,0.33244795,New South Wales
2021-03-30 00:00:00+00:00,18.37577,0.0,0.3202083,New South Wales
2021-03-31 00:00:00+00:00,18.965355,0.0,0.30853125,New South Wales
2021-04-01 00:00:00+00:00,19.87577,0.0,0.29913545,New South Wales
2021-04-02 00:00:00+00:00,20.886187,0.0,0.29005206,New South Wales
2021-04-03 00:00:00+00:00,20.090874,0.0,0.28347918,New South Wales
2021-04-04 00:00:00+00:00,21.211708,0.0,0.27959377,New South Wales
2021-04-05 00:00:00+00:00,22.423687,0.0,0.2731146,New South Wales
2021-04-06 00:00:00+00:00,21.720043,0.5,0.26740623,New South Wales
2021-04-07 00:00:00+00:00,21.633583,0.05,0.26115626,New South Wales
2021-04-08 00:00:00+00:00,21.842958,0.075,0.25702083,New South Wales
2021-04-09 00:00:00+00:00,20.482021,0.125,0.25644788,New South Wales
2021-04-10 00:00:00+00:00,16.701292,0.0,0.25648957,New South Wales
2021-04-11 00:00:00+00:00,13.070042,0.0,0.2554583,New South Wales
2021-04-12 00:00:00+00:00,12.713792,0.0,0.25665623,New South Wales
2021-04-13 00:00:00+00:00,16.710146,0.0,0.2548646,New South Wales
2021-04-14 00:00:00+00:00,18.211185,0.0,0.25089586,New South Wales
2021-04-15 00:00:00+00:00,18.107023,0.0,0.24781248,New South Wales
2021-04-16 00:00:00+00:00,16.461185,4.1,0.24672914,New South Wales
2021-04-17 00:00:00+00:00,13.598689,1.925,0.25636458,New South Wales
2021-04-18 00:00:00+00:00,13.731501,0.0,0.2601458,New South Wales
2021-04-19 00:00:00+00:00,14.35702,0.0,0.25888544,New South Wales
2021-04-20 00:00:00+00:00,15.586187,0.075,0.25544795,New South Wales
2021-04-21 00:00:00+00:00,11.97525,0.0,0.25509372,New South Wales
2021-04-22 00:00:00+00:00,13.067958,0.05,0.25494793,New South Wales
2021-04-23 00:00:00+00:00,13.571084,0.0,0.25530207,New South Wales
2021-04-24 00:00:00+00:00,13.612229,0.0,0.25148958,New South Wales
2021-04-25 00:00:00+00:00,14.242437,0.0,0.24766667,New South Wales
2021-04-26 00:00:00+00:00,14.421604,0.0,0.24454166,New South Wales
2021-04-27 00:00:00+00:00,15.77577,0.0,0.24017708,New South Wales
2021-04-28 00:00:00+00:00,16.833582,0.0,0.2356875,New South Wales
2021-04-29 00:00:00+00:00,16.765875,0.025,0.23167706,New South Wales
2021-04-30 00:00:00+00:00,17.341396,0.0,0.23045833,New South Wales
2021-05-01 00:00:00+00:00,18.60598,0.075,0.22942707,New South Wales
2021-05-02 00:00:00+00:00,18.139833,0.54999995,0.23137501,New South Wales
2021-05-03 00:00:00+00:00,17.708582,2.475,0.23221877,New South Wales
2021-05-04 00:00:00+00:00,12.907021,4.475,0.23534375,New South Wales
2021-05-05 00:00:00+00:00,14.116396,0.17500001,0.24411458,New South Wales
2021-05-06 00:00:00+00:00,17.137228,0.0,0.24878126,New South Wales
2021-05-07 00:00:00+00:00,17.492437,0.025,0.24989583,New South Wales
2021-05-08 00:00:00+00:00,17.466917,1.075,0.2558646,New South Wales
2021-05-09 00:00:00+00:00,15.766396,0.9,0.2552396,New South Wales
2021-05-10 00:00:00+00:00,16.768478,1.75,0.2586875,New South Wales
2021-05-11 00:00:00+00:00,13.711187,0.15,0.2644375,New South Wales
2021-05-12 00:00:00+00:00,12.020042,0.025,0.2692291,New South Wales
2021-05-13 00:00:00+00:00,12.715876,0.025,0.27357292,New South Wales
2021-05-14 00:00:00+00:00,12.458584,0.15,0.27459374,New South Wales
2021-05-15 00:00:00+00:00,9.914833,0.0,0.27277082,New South Wales
2021-05-16 00:00:00+00:00,9.524729,0.0,0.2714688,New South Wales
2021-05-17 00:00:00+00:00,10.88098,0.0,0.26949996,New South Wales
2021-05-18 00:00:00+00:00,10.959625,0.0,0.26545832,New South Wales
2021-05-19 00:00:00+00:00,12.049729,0.0,0.2621354,New South Wales
2021-05-20 00:00:00+00:00,12.81223,0.0,0.25781247,New South Wales
2021-05-21 00:00:00+00:00,13.245042,0.0,0.25384375,New South Wales
2021-05-22 00:00:00+00:00,13.398687,0.0,0.25127083,New South Wales
2021-05-23 00:00:00+00:00,13.965875,0.0,0.24925,New South Wales
2021-05-24 00:00:00+00:00,14.820561,0.0,0.24615625,New South Wales
2021-05-25 00:00:00+00:00,16.195042,2.6249998,0.24966665,New South Wales
2021-05-26 00:00:00+00:00,12.633583,0.025,0.25988543,New South Wales
2021-05-27 00:00:00+00:00,11.429417,0.025,0.26262498,New South Wales
2021-05-28 00:00:00+00:00,9.720041,0.0,0.26215622,New South Wales
2021-05-29 00:00:00+00:00,8.828375,0.0,0.2631771,New South Wales
2021-05-30 00:00:00+00:00,9.532541,0.0,0.26144797,New South Wales
2021-05-31 00:00:00+00:00,10.967438,0.0,0.25866663,New South Wales
2021-06-01 00:00:00+00:00,13.080459,0.025,0.25723952,New South Wales
2021-06-02 00:00:00+00:00,14.833583,8.4,0.25510415,New South Wales
2021-06-03 00:00:00+00:00,12.794521,3.7000003,0.26370835,New South Wales
2021-06-04 00:00:00+00:00,10.450771,0.2,0.27043748,New South Wales
2021-06-05 00:00:00+00:00,8.769,0.0,0.27470833,New South Wales
2021-06-06 00:00:00+00:00,9.34973,0.0,0.27602085,New South Wales
2021-06-07 00:00:00+00:00,11.426292,0.1,0.274,New South Wales
2021-06-08 00:00:00+00:00,10.468479,8.075,0.27578124,New South Wales
2021-06-09 00:00:00+00:00,8.862751,9.599999,0.29222918,New South Wales
2021-06-10 00:00:00+00:00,7.8804584,4.925,0.3185625,New South Wales
2021-06-11 00:00:00+00:00,9.341396,0.025,0.3238541,New South Wales
2021-06-12 00:00:00+00:00,9.810667,0.15,0.3247083,New South Wales
2021-06-13 00:00:00+00:00,9.533585,0.05,0.3223958,New South Wales
2021-06-14 00:00:00+00:00,10.938271,0.35000002,0.3185,New South Wales
2021-06-15 00:00:00+00:00,11.544001,0.15,0.31481248,New South Wales
2021-06-16 00:00:00+00:00,12.157542,3.05,0.31165618,New South Wales
2021-06-17 00:00:00+00:00,10.933063,1.3499999,0.31248957,New South Wales
2021-06-18 00:00:00+00:00,10.378897,0.3,0.31246874,New South Wales
2021-06-19 00:00:00+00:00,9.597646,0.025,0.31104165,New South Wales
2021-06-20 00:00:00+00:00,9.924209,0.0,0.3087292,New South Wales
2021-06-21 00:00:00+00:00,10.351292,0.0,0.3038333,New South Wales
2021-06-22 00:00:00+00:00,13.27577,0.0,0.29953128,New South Wales
2021-06-23 00:00:00+00:00,14.264313,10.5,0.30172917,New South Wales
2021-06-24 00:00:00+00:00,12.851293,6.75,0.3178854,New South Wales
2021-06-25 00:00:00+00:00,10.518479,0.3,0.31952083,New South Wales
2021-06-26 00:00:00+00:00,9.678896,0.17500001,0.32058334,New South Wales
2021-06-27 00:00:00+00:00,8.77577,0.1,0.31985417,New South Wales
2021-06-28 00:00:00+00:00,9.745563,0.0,0.31653124,New South Wales
2021-06-29 00:00:00+00:00,12.360146,0.17500001,0.3117292,New South Wales
2021-06-30 00:00:00+00:00,13.29921,5.4,0.30945837,New South Wales
2021-07-01 00:00:00+00:00,11.725771,4.9500003,0.32033336,New South Wales
2021-07-02 00:00:00+00:00,10.653894,0.5,0.33421877,New South Wales
2021-07-03 00:00:00+00:00,8.891917,0.25,0.3334271,New South Wales
2021-07-04 00:00:00+00:00,7.9565,0.125,0.33226046,New South Wales
2021-07-05 00:00:00+00:00,7.456501,0.025,0.33021873,New South Wales
2021-07-06 00:00:00+00:00,6.297125,0.0,0.32698962,New South Wales
2021-07-07 00:00:00+00:00,7.045041,0.0,0.32325,New South Wales
2021-07-08 00:00:00+00:00,11.1033745,8.650001,0.32653123,New South Wales
2021-07-09 00:00:00+00:00,9.660666,0.25000003,0.33587497,New South Wales
2021-07-10 00:00:00+00:00,7.7216043,0.0,0.33123958,New South Wales
2021-07-11 00:00:00+00:00,9.387751,0.0,0.32615623,New South Wales
2021-07-12 00:00:00+00:00,10.027333,0.075,0.32169795,New South Wales
2021-07-13 00:00:00+00:00,12.256499,1.6,0.31694788,New South Wales
2021-07-14 00:00:00+00:00,13.153896,6.45,0.31753126,New South Wales
2021-07-15 00:00:00+00:00,14.096603,1.8249999,0.32234374,New South Wales
2021-07-16 00:00:00+00:00,11.520562,2.5,0.3257708,New South Wales
2021-07-17 00:00:00+00:00,9.487229,1.025,0.32691664,New South Wales
2021-07-18 00:00:00+00:00,8.597125,0.0,0.32428128,New South Wales
2021-07-19 00:00:00+00:00,9.094,0.42500004,0.32258335,New South Wales
2021-07-20 00:00:00+00:00,8.435667,2.025,0.32502088,New South Wales
2021-07-21 00:00:00+00:00,5.5830626,0.0,0.32393754,New South Wales
2021-07-22 00:00:00+00:00,9.273168,3.8750005,0.32420832,New South Wales
2021-07-23 00:00:00+00:00,10.27525,3.6,0.33130208,New South Wales
2021-07-24 00:00:00+00:00,10.467959,1.1,0.33417714,New South Wales
2021-07-25 00:00:00+00:00,8.915354,0.5,0.33319792,New South Wales
2021-07-26 00:00:00+00:00,9.9471245,0.075,0.3317083,New South Wales
2021-07-27 00:00:00+00:00,13.208062,0.32500002,0.32498956,New South Wales
2021-07-28 00:00:00+00:00,12.703375,2.15,0.31760418,New South Wales
2021-07-29 00:00:00+00:00,7.9023337,0.0,0.3152396,New South Wales
2021-07-30 00:00:00+00:00,11.423167,0.55,0.31427085,New South Wales
2021-07-31 00:00:00+00:00,16.233063,0.725,0.3069792,New South Wales
2021-08-01 00:00:00+00:00,12.100771,0.075,0.30256248,New South Wales
2021-08-02 00:00:00+00:00,14.2596245,4.9750004,0.30101043,New South Wales
2021-08-03 00:00:00+00:00,9.992958,0.875,0.3070833,New South Wales
2021-08-04 00:00:00+00:00,10.044,0.1,0.31020832,New South Wales
2021-08-05 00:00:00+00:00,10.607021,0.15,0.31130207,New South Wales
2021-08-06 00:00:00+00:00,10.497646,0.2,0.30983332,New South Wales
2021-08-07 00:00:00+00:00,9.9002495,0.025,0.30633336,New South Wales
2021-08-08 00:00:00+00:00,10.450771,0.0,0.3025625,New South Wales
2021-08-09 00:00:00+00:00,12.311708,0.0,0.30009374,New South Wales
2021-08-10 00:00:00+00:00,14.483061,0.0,0.29654163,New South Wales
2021-08-11 00:00:00+00:00,16.115355,0.45,0.2923125,New South Wales
2021-08-12 00:00:00+00:00,12.8315,0.075,0.29039592,New South Wales
2021-08-13 00:00:00+00:00,11.412229,0.0,0.28764582,New South Wales
2021-08-14 00:00:00+00:00,11.860667,0.0,0.28197917,New South Wales
2021-08-15 00:00:00+00:00,12.962229,0.70000005,0.27821875,New South Wales
2021-08-16 00:00:00+00:00,11.821084,0.05,0.27711457,New South Wales
2021-08-17 00:00:00+00:00,10.497125,0.0,0.27755213,New South Wales
2021-08-18 00:00:00+00:00,10.691916,0.0,0.27492702,New South Wales
2021-08-19 00:00:00+00:00,12.733062,0.125,0.2732917,New South Wales
2021-08-20 00:00:00+00:00,14.946083,0.4,0.27089584,New South Wales
2021-08-21 00:00:00+00:00,15.653375,0.125,0.2664896,New South Wales
2021-08-22 00:00:00+00:00,18.364311,0.22500001,0.2646354,New South Wales
2021-08-23 00:00:00+00:00,12.56275,13.000001,0.26575,New South Wales
2021-08-24 00:00:00+00:00,9.1726465,0.2,0.26898962,New South Wales
2021-08-25 00:00:00+00:00,8.633583,0.0,0.27298957,New South Wales
2021-08-26 00:00:00+00:00,9.118479,0.0,0.2755104,New South Wales
2021-08-27 00:00:00+00:00,9.534624,0.075,0.27504164,New South Wales
2021-08-28 00:00:00+00:00,11.360667,0.775,0.2726354,New South Wales
2021-08-29 00:00:00+00:00,11.50702,0.075,0.26856253,New South Wales
2021-08-30 00:00:00+00:00,13.220042,0.0,0.26778123,New South Wales
2021-08-31 00:00:00+00:00,15.617958,0.0,0.2674687,New South Wales
2021-09-01 00:00:00+00:00,17.659105,0.0,0.26203123,New South Wales
2021-09-02 00:00:00+00:00,19.958063,0.15,0.2557084,New South Wales
2021-09-03 00:00:00+00:00,18.403374,5.0499997,0.25269794,New South Wales
2021-09-04 00:00:00+00:00,14.003375,7.7249994,0.25963542,New South Wales
2021-09-05 00:00:00+00:00,10.751292,0.25,0.26716667,New South Wales
2021-09-06 00:00:00+00:00,11.139834,0.0,0.26975,New South Wales
2021-09-07 00:00:00+00:00,11.9065,0.0,0.2659896,New South Wales
2021-09-08 00:00:00+00:00,12.47473,0.0,0.26224995,New South Wales
2021-09-09 00:00:00+00:00,15.266396,0.0,0.25846878,New South Wales
2021-09-10 00:00:00+00:00,17.065874,0.0,0.2567292,New South Wales
2021-09-11 00:00:00+00:00,19.146603,0.0,0.25294793,New South Wales
2021-09-12 00:00:00+00:00,16.510145,0.25,0.25208336,New South Wales
2021-09-13 00:00:00+00:00,11.001292,0.025,0.25287497,New South Wales
2021-09-14 00:00:00+00:00,10.957542,0.0,0.2544167,New South Wales
2021-09-15 00:00:00+00:00,11.769521,0.0,0.253,New South Wales
2021-09-16 00:00:00+00:00,13.392437,0.0,0.2499167,New South Wales
2021-09-17 00:00:00+00:00,18.436188,1.4,0.24759373,New South Wales
2021-09-18 00:00:00+00:00,14.809626,1.075,0.24931249,New South Wales
2021-09-19 00:00:00+00:00,15.029416,0.0,0.24979167,New South Wales
2021-09-20 00:00:00+00:00,14.3132715,0.39999998,0.24936457,New South Wales
2021-09-21 00:00:00+00:00,10.321604,0.25,0.24741669,New South Wales
2021-09-22 00:00:00+00:00,11.873688,0.0,0.24044794,New South Wales
2021-09-23 00:00:00+00:00,15.524209,0.0,0.23333333,New South Wales
2021-09-24 00:00:00+00:00,17.039835,0.0,0.22900003,New South Wales
2021-09-25 00:00:00+00:00,14.823166,0.0,0.22524998,New South Wales
2021-09-26 00:00:00+00:00,15.120042,0.0,0.22281252,New South Wales
2021-09-27 00:00:00+00:00,17.0565,0.25,0.22110417,New South Wales
2021-09-28 00:00:00+00:00,18.216917,9.5,0.21921876,New South Wales
2021-09-29 00:00:00+00:00,15.521084,27.475,0.2527604,New South Wales
2021-09-30 00:00:00+00:00,17.051813,3.8750005,0.2643125,New South Wales
2021-10-01 00:00:00+00:00,16.107542,2.9499998,0.27107292,New South Wales
2021-10-02 00:00:00+00:00,15.4158745,0.35,0.27234378,New South Wales
2021-10-03 00:00:00+00:00,18.695042,0.1,0.26923954,New South Wales
2021-10-04 00:00:00+00:00,15.63098,0.1,0.26458335,New South Wales
2021-10-05 00:00:00+00:00,13.721084,0.0,0.26185417,New South Wales
2021-10-06 00:00:00+00:00,17.12004,0.0,0.25796875,New South Wales
2021-10-07 00:00:00+00:00,15.801811,0.025,0.2549063,New South Wales
2021-10-08 00:00:00+00:00,18.15598,0.0,0.24980208,New South Wales
2021-10-09 00:00:00+00:00,22.802332,0.25,0.24379171,New South Wales
2021-10-10 00:00:00+00:00,17.639313,6.475,0.24036458,New South Wales
2021-10-11 00:00:00+00:00,15.058582,1.575,0.24340628,New South Wales
2021-10-12 00:00:00+00:00,14.95702,6.1000004,0.26211458,New South Wales
2021-10-13 00:00:00+00:00,17.223167,3.1,0.27844793,New South Wales
2021-10-14 00:00:00+00:00,17.047646,1.0,0.2761042,New South Wales
2021-10-15 00:00:00+00:00,13.935666,0.90000004,0.2742188,New South Wales
2021-10-16 00:00:00+00:00,13.754416,0.025,0.27460414,New South Wales
2021-10-17 00:00:00+00:00,16.334105,0.0,0.2710313,New South Wales
2021-10-18 00:00:00+00:00,18.388792,0.35000002,0.26491666,New South Wales
2021-10-19 00:00:00+00:00,17.815353,0.0,0.25759375,New South Wales
2021-10-20 00:00:00+00:00,18.452854,0.0,0.251125,New South Wales
2021-10-21 00:00:00+00:00,19.091917,0.05,0.24670833,New South Wales
2021-10-22 00:00:00+00:00,22.95754,0.0,0.24142706,New South Wales
2021-10-23 00:00:00+00:00,22.789833,0.0,0.23623955,New South Wales
2021-10-24 00:00:00+00:00,17.778896,0.0,0.23200002,New South Wales
2021-10-25 00:00:00+00:00,16.677332,0.0,0.22931248,New South Wales
2021-10-26 00:00:00+00:00,18.400772,0.0,0.2256562,New South Wales
2021-10-27 00:00:00+00:00,23.745564,0.0,0.22160417,New South Wales
2021-10-28 00:00:00+00:00,24.869,2.2749999,0.21827084,New South Wales
2021-10-29 00:00:00+00:00,19.66848,1.875,0.22048958,New South Wales
2021-10-30 00:00:00+00:00,16.878895,0.0,0.22289586,New South Wales
2021-10-31 00:00:00+00:00,18.865875,0.0,0.21996875,New South Wales
2021-11-01 00:00:00+00:00,20.141394,0.075,0.21727079,New South Wales
2021-11-02 00:00:00+00:00,22.589312,0.0,0.21307291,New South Wales
2021-11-03 00:00:00+00:00,21.865355,7.0750003,0.21225,New South Wales
2021-11-04 00:00:00+00:00,20.597124,3.725,0.21664584,New South Wales
2021-11-05 00:00:00+00:00,20.394001,2.1000001,0.22431248,New South Wales
2021-11-06 00:00:00+00:00,22.891916,1.05,0.22419792,New South Wales
2021-11-07 00:00:00+00:00,21.041916,13.925,0.23362502,New South Wales
2021-11-08 00:00:00+00:00,20.796083,0.15,0.2406979,New South Wales
2021-11-09 00:00:00+00:00,23.197124,1.8000001,0.23648956,New South Wales
2021-11-10 00:00:00+00:00,21.135666,9.200001,0.24319792,New South Wales
2021-11-11 00:00:00+00:00,20.062752,20.725002,0.28573957,New South Wales
2021-11-12 00:00:00+00:00,15.143479,4.025,0.3096771,New South Wales
2021-11-13 00:00:00+00:00,14.039833,1.4,0.31986457,New South Wales
2021-11-14 00:00:00+00:00,15.1101465,1.0500001,0.31691667,New South Wales
2021-11-15 00:00:00+00:00,15.530459,0.025,0.3101458,New South Wales
2021-11-16 00:00:00+00:00,16.05598,0.0,0.30115622,New South Wales
2021-11-17 00:00:00+00:00,19.446606,0.2,0.2891041,New South Wales
2021-11-18 00:00:00+00:00,23.441395,0.32500002,0.27818748,New South Wales
2021-11-19 00:00:00+00:00,24.073168,3.0249999,0.27113542,New South Wales
2021-11-20 00:00:00+00:00,20.877855,10.65,0.27137497,New South Wales
2021-11-21 00:00:00+00:00,18.372124,11.55,0.2951458,New South Wales
2021-11-22 00:00:00+00:00,20.264833,1.325,0.3050729,New South Wales
2021-11-23 00:00:00+00:00,22.72629,8.95,0.29967707,New South Wales
2021-11-24 00:00:00+00:00,22.43098,15.325,0.30275,New South Wales
2021-11-25 00:00:00+00:00,21.23098,18.75,0.34839582,New South Wales
2021-11-26 00:00:00+00:00,19.533583,8.9,0.3885625,New South Wales
2021-11-27 00:00:00+00:00,19.520042,2.1750002,0.37390625,New South Wales
2021-11-28 00:00:00+00:00,20.007542,2.7,0.36695835,New South Wales
2021-11-29 00:00:00+00:00,22.178898,3.0,0.3563646,New South Wales
2021-11-30 00:00:00+00:00,21.344,20.050001,0.36989585,New South Wales
2021-12-01 00:00:00+00:00,23.001291,0.4,0.35942706,New South Wales
2021-12-02 00:00:00+00:00,24.58254,0.725,0.34079164,New South Wales
2021-12-03 00:00:00+00:00,24.760668,0.15,0.3255104,New South Wales
2021-12-04 00:00:00+00:00,21.802334,0.0,0.3088125,New South Wales
2021-12-05 00:00:00+00:00,22.283583,3.4750001,0.29745838,New South Wales
2021-12-06 00:00:00+00:00,21.689835,1.1249999,0.29,New South Wales
2021-12-07 00:00:00+00:00,22.21275,1.9500002,0.28418747,New South Wales
2021-12-08 00:00:00+00:00,20.276814,1.3000001,0.27933335,New South Wales
2021-12-09 00:00:00+00:00,17.885147,1.1500001,0.28205207,New South Wales
2021-12-10 00:00:00+00:00,19.221603,0.025,0.2810729,New South Wales
2021-12-11 00:00:00+00:00,21.465874,0.025,0.27448955,New South Wales
2021-12-12 00:00:00+00:00,22.585144,0.125,0.26675,New South Wales
2021-12-13 00:00:00+00:00,24.328896,0.0,0.25769794,New South Wales
2021-12-14 00:00:00+00:00,25.867435,0.0,0.25064582,New South Wales
2021-12-15 00:00:00+00:00,25.478895,0.22500001,0.24596874,New South Wales
2021-12-16 00:00:00+00:00,24.656502,0.0,0.24243748,New South Wales
2021-12-17 00:00:00+00:00,28.010668,0.25,0.23706248,New South Wales
2021-12-18 00:00:00+00:00,29.15025,0.90000004,0.23334378,New South Wales
2021-12-19 00:00:00+00:00,24.945562,6.7,0.2400625,New South Wales
2021-12-20 00:00:00+00:00,25.841919,0.025,0.23680209,New South Wales
2021-12-21 00:00:00+00:00,26.772646,1.05,0.23429164,New South Wales
2021-12-22 00:00:00+00:00,24.81952,7.125,0.23545834,New South Wales
2021-12-23 00:00:00+00:00,25.407541,0.475,0.23229168,New South Wales
2021-12-24 00:00:00+00:00,25.536186,1.05,0.22746876,New South Wales
2021-12-25 00:00:00+00:00,26.880457,0.125,0.22416669,New South Wales
2021-12-26 00:00:00+00:00,25.059101,0.77500004,0.22220835,New South Wales
2021-12-27 00:00:00+00:00,23.554935,4.05,0.22060418,New South Wales
2021-12-28 00:00:00+00:00,22.366396,0.675,0.21985418,New South Wales
2021-12-29 00:00:00+00:00,23.149208,0.0,0.22132292,New South Wales
2021-12-30 00:00:00+00:00,24.523687,0.0,0.22119792,New South Wales
2021-12-31 00:00:00+00:00,25.934626,0.475,0.21915624,New South Wales
2020-01-01 00:00:00+00:00,23.820438,0.0,0.20114578,Victoria
2020-01-02 00:00:00+00:00,26.352728,0.0,0.20206247,Victoria
2020-01-03 00:00:00+00:00,31.069397,0.0,0.20249996,Victoria
2020-01-04 00:00:00+00:00,23.473042,0.025,0.20277078,Victoria
2020-01-05 00:00:00+00:00,15.316271,7.85,0.20194788,Victoria
2020-01-06 00:00:00+00:00,19.355333,1.275,0.1998542,Victoria
2020-01-07 00:00:00+00:00,23.492313,0.0,0.20252085,Victoria
2020-01-08 00:00:00+00:00,26.125645,0.0,0.20269793,Victoria
2020-01-09 00:00:00+00:00,30.636585,0.0,0.20340629,Victoria
2020-01-10 00:00:00+00:00,20.535542,2.325,0.20371875,Victoria
2020-01-11 00:00:00+00:00,19.063145,0.0,0.20281251,Victoria
2020-01-12 00:00:00+00:00,22.767311,0.0,0.20141664,Victoria
2020-01-13 00:00:00+00:00,28.396479,0.0,0.20007287,Victoria
2020-01-14 00:00:00+00:00,31.765749,0.0,0.20063537,Victoria
2020-01-15 00:00:00+00:00,25.648561,0.25,0.2037604,Victoria
2020-01-16 00:00:00+00:00,19.698563,0.0,0.20225003,Victoria
2020-01-17 00:00:00+00:00,21.695438,0.0,0.20013545,Victoria
2020-01-18 00:00:00+00:00,23.82252,0.0,0.19928129,Victoria
2020-01-19 00:00:00+00:00,23.528772,1.125,0.19774997,Victoria
2020-01-20 00:00:00+00:00,19.044395,3.85,0.20744793,Victoria
2020-01-21 00:00:00+00:00,22.782936,0.0,0.21308337,Victoria
2020-01-22 00:00:00+00:00,22.908978,5.075,0.21316665,Victoria
2020-01-23 00:00:00+00:00,17.217312,0.15,0.2166771,Victoria
2020-01-24 00:00:00+00:00,19.599083,0.0,0.21815626,Victoria
2020-01-25 00:00:00+00:00,22.926167,0.0,0.21692708,Victoria
2020-01-26 00:00:00+00:00,23.870958,0.0,0.21482293,Victoria
2020-01-27 00:00:00+00:00,24.092312,0.0,0.2138021,Victoria
2020-01-28 00:00:00+00:00,25.184502,0.0,0.21252084,Victoria
2020-01-29 00:00:00+00:00,27.87148,0.0,0.20914586,Victoria
2020-01-30 00:00:00+00:00,34.65429,0.0,0.20661455,Victoria
2020-01-31 00:00:00+00:00,34.77617,2.0499997,0.20385416,Victoria
2020-02-01 00:00:00+00:00,22.99804,5.5250006,0.2043854,Victoria
2020-02-02 00:00:00+00:00,19.406376,0.0,0.20499998,Victoria
2020-02-03 00:00:00+00:00,16.524605,0.0,0.20486459,Victoria
2020-02-04 00:00:00+00:00,19.280855,0.0,0.20496875,Victoria
2020-02-05 00:00:00+00:00,23.56731,0.0,0.2041354,Victoria
2020-02-06 00:00:00+00:00,26.24596,2.7499998,0.2031771,Victoria
2020-02-07 00:00:00+00:00,25.662624,0.675,0.20367709,Victoria
2020-02-08 00:00:00+00:00,26.074606,1.475,0.20197916,Victoria
2020-02-09 00:00:00+00:00,23.703772,5.5,0.20153129,Victoria
2020-02-10 00:00:00+00:00,23.37929,2.225,0.2013646,Victoria
2020-02-11 00:00:00+00:00,24.69023,0.4,0.20253126,Victoria
2020-02-12 00:00:00+00:00,26.993876,0.0,0.20307295,Victoria
2020-02-13 00:00:00+00:00,29.890749,0.2,0.2018958,Victoria
2020-02-14 00:00:00+00:00,26.120958,1.725,0.20279169,Victoria
2020-02-15 00:00:00+00:00,22.367313,0.0,0.20670831,Victoria
2020-02-16 00:00:00+00:00,24.020958,0.0,0.20881253,Victoria
2020-02-17 00:00:00+00:00,26.507416,0.025,0.20690623,Victoria
2020-02-18 00:00:00+00:00,20.277727,0.225,0.20537502,Victoria
2020-02-19 00:00:00+00:00,17.694395,0.0,0.20552084,Victoria
2020-02-20 00:00:00+00:00,18.59127,0.0,0.20627084,Victoria
2020-02-21 00:00:00+00:00,19.163147,0.0,0.20610419,Victoria
2020-02-22 00:00:00+00:00,22.185022,0.0,0.20586462,Victoria
2020-02-23 00:00:00+00:00,27.58502,0.025,0.20534375,Victoria
2020-02-24 00:00:00+00:00,27.306896,0.0,0.20580211,Victoria
2020-02-25 00:00:00+00:00,25.541271,0.0,0.2059479,Victoria
2020-02-26 00:00:00+00:00,17.799604,0.025,0.20430213,Victoria
2020-02-27 00:00:00+00:00,18.377207,0.0,0.2039896,Victoria
2020-02-28 00:00:00+00:00,18.871479,0.0,0.20339584,Victoria
2020-02-29 00:00:00+00:00,22.596998,0.0,0.20260419,Victoria
2020-03-01 00:00:00+00:00,25.302208,0.3,0.20112503,Victoria
2020-03-02 00:00:00+00:00,18.016792,0.0,0.19940628,Victoria
2020-03-03 00:00:00+00:00,20.229813,1.5,0.19801041,Victoria
2020-03-04 00:00:00+00:00,18.944395,19.2,0.19972916,Victoria
2020-03-05 00:00:00+00:00,19.064186,0.275,0.248125,Victoria
2020-03-06 00:00:00+00:00,17.468876,0.05,0.2525521,Victoria
2020-03-07 00:00:00+00:00,18.193354,0.0,0.25022918,Victoria
2020-03-08 00:00:00+00:00,19.288666,0.0,0.24642707,Victoria
2020-03-09 00:00:00+00:00,20.068356,0.025,0.24155208,Victoria
2020-03-10 00:00:00+00:00,22.529812,0.375,0.236375,Victoria
2020-03-11 00:00:00+00:00,24.350647,0.025,0.22955209,Victoria
2020-03-12 00:00:00+00:00,25.11575,0.0,0.22432292,Victoria
2020-03-13 00:00:00+00:00,19.488667,0.0,0.22166665,Victoria
2020-03-14 00:00:00+00:00,15.7907505,0.0,0.21951045,Victoria
2020-03-15 00:00:00+00:00,17.507938,0.0,0.21812499,Victoria
2020-03-16 00:00:00+00:00,20.717833,0.0,0.21640626,Victoria
2020-03-17 00:00:00+00:00,23.818354,0.0,0.21465623,Victoria
2020-03-18 00:00:00+00:00,26.617311,0.0,0.21264583,Victoria
2020-03-19 00:00:00+00:00,25.314188,0.0,0.2101667,Victoria
2020-03-20 00:00:00+00:00,18.327728,0.0,0.21000004,Victoria
2020-03-21 00:00:00+00:00,18.76523,0.0,0.20849997,Victoria
2020-03-22 00:00:00+00:00,16.522522,0.0,0.20710418,Victoria
2020-03-23 00:00:00+00:00,16.516792,0.0,0.20609376,Victoria
2020-03-24 00:00:00+00:00,16.255333,0.2,0.20507291,Victoria
2020-03-25 00:00:00+00:00,16.313667,0.0,0.2043646,Victoria
2020-03-26 00:00:00+00:00,19.741793,0.0,0.20340626,Victoria
2020-03-27 00:00:00+00:00,22.75846,0.0,0.2023854,Victoria
2020-03-28 00:00:00+00:00,24.173042,0.05,0.20085415,Victoria
2020-03-29 00:00:00+00:00,20.055334,1.725,0.19980209,Victoria
2020-03-30 00:00:00+00:00,17.131895,0.0,0.20427084,Victoria
2020-03-31 00:00:00+00:00,18.093353,0.0,0.20771876,Victoria
2020-04-01 00:00:00+00:00,18.292833,22.775002,0.21301042,Victoria
2020-04-02 00:00:00+00:00,16.96627,0.625,0.24020833,Victoria
2020-04-03 00:00:00+00:00,17.062103,23.15,0.28188542,Victoria
2020-04-04 00:00:00+00:00,12.791792,0.4,0.30477083,Victoria
2020-04-05 00:00:00+00:00,14.612624,0.725,0.30248958,Victoria
2020-04-06 00:00:00+00:00,14.196479,0.125,0.29889584,Victoria
2020-04-07 00:00:00+00:00,13.714188,0.0,0.2981875,Victoria
2020-04-08 00:00:00+00:00,15.588145,0.25,0.29643753,Victoria
2020-04-09 00:00:00+00:00,15.677208,4.25,0.30096877,Victoria
2020-04-10 00:00:00+00:00,17.395958,0.32500002,0.2987604,Victoria
2020-04-11 00:00:00+00:00,12.362624,0.025,0.29542705,Victoria
2020-04-12 00:00:00+00:00,12.622,0.0,0.29176039,Victoria
2020-04-13 00:00:00+00:00,14.349604,0.0,0.2882083,Victoria
2020-04-14 00:00:00+00:00,17.48502,0.0,0.28266668,Victoria
2020-04-15 00:00:00+00:00,21.558979,0.0,0.27540624,Victoria
2020-04-16 00:00:00+00:00,16.07096,0.0,0.2715521,Victoria
2020-04-17 00:00:00+00:00,14.351167,0.0,0.2708854,Victoria
2020-04-18 00:00:00+00:00,12.977209,0.025,0.26895833,Victoria
2020-04-19 00:00:00+00:00,17.01523,0.77500004,0.2661146,Victoria
2020-04-20 00:00:00+00:00,15.318354,0.0,0.26171875,Victoria
2020-04-21 00:00:00+00:00,15.830333,0.0,0.26032293,Victoria
2020-04-22 00:00:00+00:00,13.955334,0.025,0.2605625,Victoria
2020-04-23 00:00:00+00:00,17.269917,2.05,0.25959373,Victoria
2020-04-24 00:00:00+00:00,14.283978,0.025,0.25846872,Victoria
2020-04-25 00:00:00+00:00,18.31575,18.275002,0.2664792,Victoria
2020-04-26 00:00:00+00:00,13.133978,0.25,0.29788542,Victoria
2020-04-27 00:00:00+00:00,11.76523,0.0,0.30315626,Victoria
2020-04-28 00:00:00+00:00,15.885541,8.424999,0.3113854,Victoria
2020-04-29 00:00:00+00:00,11.344396,16.000002,0.3485729,Victoria
2020-04-30 00:00:00+00:00,10.120438,0.75,0.34703124,Victoria
2020-05-01 00:00:00+00:00,10.746479,2.65,0.34605205,Victoria
2020-05-02 00:00:00+00:00,10.281375,0.22500001,0.3419896,Victoria
2020-05-03 00:00:00+00:00,10.747521,0.0,0.33652082,Victoria
2020-05-04 00:00:00+00:00,10.46627,0.0,0.3328646,Victoria
2020-05-05 00:00:00+00:00,11.768354,0.0,0.33154166,Victoria
2020-05-06 00:00:00+00:00,15.327729,0.0,0.32715625,Victoria
2020-05-07 00:00:00+00:00,15.235021,0.0,0.32105207,Victoria
2020-05-08 00:00:00+00:00,14.416792,3.675,0.3196146,Victoria
2020-05-09 00:00:00+00:00,9.605333,2.75,0.3254479,Victoria
2020-05-10 00:00:00+00:00,9.448042,0.0,0.32797915,Victoria
2020-05-11 00:00:00+00:00,11.310021,0.0,0.3290521,Victoria
2020-05-12 00:00:00+00:00,11.612625,0.70000005,0.33299994,Victoria
2020-05-13 00:00:00+00:00,9.256374,0.175,0.3345729,Victoria
2020-05-14 00:00:00+00:00,8.074604,0.0,0.3339271,Victoria
2020-05-15 00:00:00+00:00,8.211584,0.0,0.33247912,Victoria
2020-05-16 00:00:00+00:00,9.50898,0.0,0.3318021,Victoria
2020-05-17 00:00:00+00:00,10.519917,0.0,0.32777086,Victoria
2020-05-18 00:00:00+00:00,14.224605,0.0,0.32370836,Victoria
2020-05-19 00:00:00+00:00,14.7595,10.05,0.32541662,Victoria
2020-05-20 00:00:00+00:00,11.028251,5.7750006,0.32823956,Victoria
2020-05-21 00:00:00+00:00,8.695958,0.95000005,0.34080207,Victoria
2020-05-22 00:00:00+00:00,10.090229,0.0,0.3385312,Victoria
2020-05-23 00:00:00+00:00,11.326166,0.15,0.3349375,Victoria
2020-05-24 00:00:00+00:00,9.672521,0.0,0.33292705,Victoria
2020-05-25 00:00:00+00:00,9.195959,0.0,0.3301771,Victoria
2020-05-26 00:00:00+00:00,11.593875,0.57500005,0.3276354,Victoria
2020-05-27 00:00:00+00:00,10.260021,0.0,0.32530203,Victoria
2020-05-28 00:00:00+00:00,11.210541,0.0,0.32326037,Victoria
2020-05-29 00:00:00+00:00,11.989187,0.0,0.31991667,Victoria
2020-05-30 00:00:00+00:00,14.018876,1.1,0.31766662,Victoria
2020-05-31 00:00:00+00:00,11.908979,5.375,0.3165521,Victoria
2020-06-01 00:00:00+00:00,8.21523,0.57500005,0.32297915,Victoria
2020-06-02 00:00:00+00:00,11.30273,0.325,0.32591665,Victoria
2020-06-03 00:00:00+00:00,8.544917,0.0,0.32651037,Victoria
2020-06-04 00:00:00+00:00,6.954292,0.0,0.3276563,Victoria
2020-06-05 00:00:00+00:00,6.8652296,0.0,0.32496879,Victoria
2020-06-06 00:00:00+00:00,8.9365835,0.025,0.3219375,Victoria
2020-06-07 00:00:00+00:00,7.5412703,0.0,0.32,Victoria
2020-06-08 00:00:00+00:00,5.4412713,0.0,0.32129166,Victoria
2020-06-09 00:00:00+00:00,7.089708,0.0,0.31971875,Victoria
2020-06-10 00:00:00+00:00,7.7990828,0.0,0.31566662,Victoria
2020-06-11 00:00:00+00:00,8.224083,0.0,0.31064582,Victoria
2020-06-12 00:00:00+00:00,10.596478,0.0,0.30753127,Victoria
2020-06-13 00:00:00+00:00,11.794916,2.9499998,0.30743754,Victoria
2020-06-14 00:00:00+00:00,12.410542,0.05,0.31102082,Victoria
2020-06-15 00:00:00+00:00,13.2178335,0.375,0.31426042,Victoria
2020-06-16 00:00:00+00:00,11.83398,0.2,0.31601042,Victoria
2020-06-17 00:00:00+00:00,10.683979,0.125,0.31972918,Victoria
2020-06-18 00:00:00+00:00,11.866272,0.0,0.32046872,Victoria
2020-06-19 00:00:00+00:00,13.449083,2.075,0.31896874,Victoria
2020-06-20 00:00:00+00:00,10.20377,2.2,0.32078126,Victoria
2020-06-21 00:00:00+00:00,8.011583,0.975,0.3259896,Victoria
2020-06-22 00:00:00+00:00,9.382938,1.4250001,0.3293021,Victoria
2020-06-23 00:00:00+00:00,10.362104,0.275,0.3331979,Victoria
2020-06-24 00:00:00+00:00,10.318876,0.22500001,0.33475003,Victoria
2020-06-25 00:00:00+00:00,9.617834,0.075,0.33626047,Victoria
2020-06-26 00:00:00+00:00,8.357416,0.0,0.33659378,Victoria
2020-06-27 00:00:00+00:00,6.74075,0.025,0.33864582,Victoria
2020-06-28 00:00:00+00:00,6.4095,0.0,0.33866662,Victoria
2020-06-29 00:00:00+00:00,7.841791,0.0,0.33614582,Victoria
2020-06-30 00:00:00+00:00,9.373562,0.8000001,0.32729167,Victoria
2020-07-01 00:00:00+00:00,12.490229,2.35,0.31506252,Victoria
2020-07-02 00:00:00+00:00,8.827729,0.1,0.31325,Victoria
2020-07-03 00:00:00+00:00,7.6714787,2.85,0.31427082,Victoria
2020-07-04 00:00:00+00:00,9.421999,0.0,0.31490627,Victoria
2020-07-05 00:00:00+00:00,9.288667,0.05,0.31493747,Victoria
2020-07-06 00:00:00+00:00,9.863146,0.0,0.31391665,Victoria
2020-07-07 00:00:00+00:00,9.073563,0.0,0.3166563,Victoria
2020-07-08 00:00:00+00:00,7.305854,0.0,0.3208542,Victoria
2020-07-09 00:00:00+00:00,8.802729,0.125,0.32380205,Victoria
2020-07-10 00:00:00+00:00,10.301687,4.25,0.3266771,Victoria
2020-07-11 00:00:00+00:00,8.107416,1.5500001,0.3341979,Victoria
2020-07-12 00:00:00+00:00,8.686062,1.325,0.34000003,Victoria
2020-07-13 00:00:00+00:00,10.247,0.0,0.33979166,Victoria
2020-07-14 00:00:00+00:00,8.411062,0.0,0.33633336,Victoria
2020-07-15 00:00:00+00:00,7.1761665,0.0,0.33183333,Victoria
2020-07-16 00:00:00+00:00,6.518875,0.0,0.3280625,Victoria
2020-07-17 00:00:00+00:00,6.902729,0.0,0.32510418,Victoria
2020-07-18 00:00:00+00:00,9.248042,0.0,0.3227604,Victoria
2020-07-19 00:00:00+00:00,9.492833,0.075,0.3184271,Victoria
2020-07-20 00:00:00+00:00,8.591791,0.025,0.31609377,Victoria
2020-07-21 00:00:00+00:00,9.133979,0.0,0.31741667,Victoria
2020-07-22 00:00:00+00:00,9.064709,0.0,0.31781247,Victoria
2020-07-23 00:00:00+00:00,6.588146,0.0,0.31722918,Victoria
2020-07-24 00:00:00+00:00,8.71523,0.32500002,0.3165417,Victoria
2020-07-25 00:00:00+00:00,9.08502,0.025,0.3144896,Victoria
2020-07-26 00:00:00+00:00,10.01627,0.0,0.31260413,Victoria
2020-07-27 00:00:00+00:00,10.458459,0.05,0.31079167,Victoria
2020-07-28 00:00:00+00:00,9.879292,0.0,0.3086146,Victoria
2020-07-29 00:00:00+00:00,10.405333,0.0,0.30580217,Victoria
2020-07-30 00:00:00+00:00,7.9772077,0.0,0.3033125,Victoria
2020-07-31 00:00:00+00:00,8.981375,0.0,0.30147916,Victoria
2020-08-01 00:00:00+00:00,10.533458,0.0,0.29833335,Victoria
2020-08-02 00:00:00+00:00,11.435542,0.0,0.29439583,Victoria
2020-08-03 00:00:00+00:00,10.22825,0.05,0.2928021,Victoria
2020-08-04 00:00:00+00:00,6.5423126,0.0,0.29469794,Victoria
2020-08-05 00:00:00+00:00,6.142312,0.0,0.29281253,Victoria
2020-08-06 00:00:00+00:00,8.059501,2.5749998,0.2874167,Victoria
2020-08-07 00:00:00+00:00,8.491792,23.625,0.3099479,Victoria
2020-08-08 00:00:00+00:00,8.354813,1.3000001,0.32792708,Victoria
2020-08-09 00:00:00+00:00,9.156896,0.025,0.33058333,Victoria
2020-08-10 00:00:00+00:00,9.523562,0.0,0.33064583,Victoria
2020-08-11 00:00:00+00:00,11.600125,2.9499998,0.33047915,Victoria
2020-08-12 00:00:00+00:00,12.010021,2.025,0.33901042,Victoria
2020-08-13 00:00:00+00:00,12.623042,0.775,0.34154165,Victoria
2020-08-14 00:00:00+00:00,11.064708,3.9999998,0.3452396,Victoria
2020-08-15 00:00:00+00:00,10.678771,0.45000002,0.34551042,Victoria
2020-08-16 00:00:00+00:00,8.980333,0.175,0.34259376,Victoria
2020-08-17 00:00:00+00:00,11.429293,0.8000001,0.3392396,Victoria
2020-08-18 00:00:00+00:00,11.181375,1.5500001,0.3376771,Victoria
2020-08-19 00:00:00+00:00,9.091271,2.3000002,0.3379167,Victoria
2020-08-20 00:00:00+00:00,10.197,1.1000001,0.33697915,Victoria
2020-08-21 00:00:00+00:00,8.048563,1.25,0.33993748,Victoria
2020-08-22 00:00:00+00:00,8.217313,0.8,0.34040624,Victoria
2020-08-23 00:00:00+00:00,7.4735622,0.1,0.3402396,Victoria
2020-08-24 00:00:00+00:00,6.875125,0.025,0.33995834,Victoria
2020-08-25 00:00:00+00:00,7.6391873,0.0,0.3374375,Victoria
2020-08-26 00:00:00+00:00,10.092312,0.0,0.33251044,Victoria
2020-08-27 00:00:00+00:00,12.320437,0.0,0.3261146,Victoria
2020-08-28 00:00:00+00:00,9.870437,0.0,0.32262504,Victoria
2020-08-29 00:00:00+00:00,14.283459,0.0,0.31470832,Victoria
2020-08-30 00:00:00+00:00,11.143353,0.625,0.30783334,Victoria
2020-08-31 00:00:00+00:00,8.387105,0.0,0.30772918,Victoria
2020-09-01 00:00:00+00:00,11.730333,0.0,0.3058958,Victoria
2020-09-02 00:00:00+00:00,15.4454365,0.025,0.2995104,Victoria
2020-09-03 00:00:00+00:00,12.594396,0.0,0.2935729,Victoria
2020-09-04 00:00:00+00:00,12.353249,0.45000002,0.2928229,Victoria
2020-09-05 00:00:00+00:00,11.475645,0.0,0.29373962,Victoria
2020-09-06 00:00:00+00:00,15.167833,0.0,0.28991663,Victoria
2020-09-07 00:00:00+00:00,18.957417,0.0,0.28223956,Victoria
2020-09-08 00:00:00+00:00,15.024084,1.3499999,0.2783125,Victoria
2020-09-09 00:00:00+00:00,11.755854,0.0,0.27653122,Victoria
2020-09-10 00:00:00+00:00,14.755853,0.0,0.27215624,Victoria
2020-09-11 00:00:00+00:00,16.752209,0.1,0.26554164,Victoria
2020-09-12 00:00:00+00:00,16.677729,6.425,0.2624792,Victoria
2020-09-13 00:00:00+00:00,12.035542,0.05,0.26590627,Victoria
2020-09-14 00:00:00+00:00,11.680333,0.0,0.2682396,Victoria
2020-09-15 00:00:00+00:00,12.730854,0.0,0.26680207,Victoria
2020-09-16 00:00:00+00:00,17.388145,0.0,0.2609375,Victoria
2020-09-17 00:00:00+00:00,15.72877,0.2,0.25744793,Victoria
2020-09-18 00:00:00+00:00,20.018354,0.3,0.2573854,Victoria
2020-09-19 00:00:00+00:00,17.272,10.225,0.25699997,Victoria
2020-09-20 00:00:00+00:00,17.632416,1.175,0.26665628,Victoria
2020-09-21 00:00:00+00:00,14.67877,0.175,0.26721874,Victoria
2020-09-22 00:00:00+00:00,12.754812,0.225,0.26694795,Victoria
2020-09-23 00:00:00+00:00,10.676687,0.9250001,0.26857293,Victoria
2020-09-24 00:00:00+00:00,9.968875,6.9249997,0.270125,Victoria
2020-09-25 00:00:00+00:00,8.207417,1.175,0.27529168,Victoria
2020-09-26 00:00:00+00:00,9.676167,0.075,0.2813333,Victoria
2020-09-27 00:00:00+00:00,9.830854,0.1,0.28280208,Victoria
2020-09-28 00:00:00+00:00,11.455853,0.0,0.28077087,Victoria
2020-09-29 00:00:00+00:00,15.7282505,3.25,0.27575,Victoria
2020-09-30 00:00:00+00:00,13.598561,0.75,0.2736146,Victoria
2020-10-01 00:00:00+00:00,14.629814,0.0,0.2711458,Victoria
2020-10-02 00:00:00+00:00,22.530853,0.0,0.26204166,Victoria
2020-10-03 00:00:00+00:00,24.397522,0.0,0.2508646,Victoria
2020-10-04 00:00:00+00:00,21.89804,2.05,0.2453021,Victoria
2020-10-05 00:00:00+00:00,12.538667,0.075,0.24755214,Victoria
2020-10-06 00:00:00+00:00,13.051167,0.675,0.24941665,Victoria
2020-10-07 00:00:00+00:00,14.31002,14.35,0.2543646,Victoria
2020-10-08 00:00:00+00:00,12.215229,0.95,0.27932292,Victoria
2020-10-09 00:00:00+00:00,12.160021,0.17500001,0.28479168,Victoria
2020-10-10 00:00:00+00:00,15.006376,0.025,0.28243753,Victoria
2020-10-11 00:00:00+00:00,13.400125,0.0,0.27720836,Victoria
2020-10-12 00:00:00+00:00,18.372002,0.0,0.27232295,Victoria
2020-10-13 00:00:00+00:00,18.337105,0.0,0.26590627,Victoria
2020-10-14 00:00:00+00:00,22.344395,0.175,0.26014584,Victoria
2020-10-15 00:00:00+00:00,20.181896,1.6500001,0.25552085,Victoria
2020-10-16 00:00:00+00:00,16.78971,16.325,0.2630625,Victoria
2020-10-17 00:00:00+00:00,13.887105,0.62500006,0.28443748,Victoria
2020-10-18 00:00:00+00:00,12.266271,0.0,0.28999996,Victoria
2020-10-19 00:00:00+00:00,13.367313,0.0,0.28902087,Victoria
2020-10-20 00:00:00+00:00,15.817312,0.0,0.28479168,Victoria
2020-10-21 00:00:00+00:00,17.62877,0.15,0.27889585,Victoria
2020-10-22 00:00:00+00:00,21.587105,0.0,0.27233326,Victoria
2020-10-23 00:00:00+00:00,18.40898,10.575,0.27066666,Victoria
2020-10-24 00:00:00+00:00,11.599604,0.5,0.27816668,Victoria
2020-10-25 00:00:00+00:00,12.112624,2.025,0.2785833,Victoria
2020-10-26 00:00:00+00:00,13.657938,1.625,0.28021878,Victoria
2020-10-27 00:00:00+00:00,14.524084,0.675,0.28153124,Victoria
2020-10-28 00:00:00+00:00,16.730852,0.2,0.27646875,Victoria
2020-10-29 00:00:00+00:00,15.969396,11.8,0.27303123,Victoria
2020-10-30 00:00:00+00:00,16.226166,3.0,0.2824479,Victoria
2020-10-31 00:00:00+00:00,15.810541,0.125,0.2881354,Victoria
2020-11-01 00:00:00+00:00,18.093876,0.0,0.28425002,Victoria
2020-11-02 00:00:00+00:00,22.282938,0.0,0.27489585,Victoria
2020-11-03 00:00:00+00:00,25.531895,0.5,0.26370835,Victoria
2020-11-04 00:00:00+00:00,15.829812,1.4749999,0.2590729,Victoria
2020-11-05 00:00:00+00:00,13.494917,0.0,0.25647917,Victoria
2020-11-06 00:00:00+00:00,14.85898,0.0,0.2529792,Victoria
2020-11-07 00:00:00+00:00,15.401167,0.0,0.24947917,Victoria
2020-11-08 00:00:00+00:00,20.950125,0.0,0.24477084,Victoria
2020-11-09 00:00:00+00:00,25.461061,0.0,0.24034375,Victoria
2020-11-10 00:00:00+00:00,28.743877,0.22500001,0.237125,Victoria
2020-11-11 00:00:00+00:00,21.605333,7.2249994,0.23888543,Victoria
2020-11-12 00:00:00+00:00,18.077728,0.025,0.2427708,Victoria
2020-11-13 00:00:00+00:00,15.547,0.05,0.24369793,Victoria
2020-11-14 00:00:00+00:00,20.856895,0.0,0.24207294,Victoria
2020-11-15 00:00:00+00:00,27.105335,0.0,0.23948961,Victoria
2020-11-16 00:00:00+00:00,18.12773,0.0,0.2367604,Victoria
2020-11-17 00:00:00+00:00,19.291792,0.0,0.23489583,Victoria
2020-11-18 00:00:00+00:00,24.543354,0.0,0.23254165,Victoria
2020-11-19 00:00:00+00:00,26.635023,0.0,0.22888541,Victoria
2020-11-20 00:00:00+00:00,25.648561,0.0,0.22631252,Victoria
2020-11-21 00:00:00+00:00,29.607418,0.0,0.22540627,Victoria
2020-11-22 00:00:00+00:00,26.194395,1.975,0.22446874,Victoria
2020-11-23 00:00:00+00:00,19.297,0.1,0.22792709,Victoria
2020-11-24 00:00:00+00:00,20.933979,0.0,0.22825,Victoria
2020-11-25 00:00:00+00:00,25.232418,0.0,0.2260521,Victoria
2020-11-26 00:00:00+00:00,25.807417,0.0,0.22383331,Victoria
2020-11-27 00:00:00+00:00,32.608456,0.0,0.22157297,Victoria
2020-11-28 00:00:00+00:00,28.698042,1.25,0.22090623,Victoria
2020-11-29 00:00:00+00:00,19.738667,0.0,0.22028121,Victoria
2020-11-30 00:00:00+00:00,26.183979,0.375,0.21944791,Victoria
2020-12-01 00:00:00+00:00,17.85273,1.8499999,0.217875,Victoria
2020-12-02 00:00:00+00:00,18.405855,0.0,0.21790624,Victoria
2020-12-03 00:00:00+00:00,22.140228,0.0,0.21823959,Victoria
2020-12-04 00:00:00+00:00,23.939709,0.0,0.2182917,Victoria
2020-12-05 00:00:00+00:00,17.38971,9.05,0.21621877,Victoria
2020-12-06 00:00:00+00:00,16.482939,0.45000002,0.21912497,Victoria
2020-12-07 00:00:00+00:00,13.251688,0.8,0.219625,Victoria
2020-12-08 00:00:00+00:00,16.111063,0.0,0.21804166,Victoria
2020-12-09 00:00:00+00:00,20.739187,0.0,0.21805207,Victoria
2020-12-10 00:00:00+00:00,18.752728,0.0,0.2167083,Victoria
2020-12-11 00:00:00+00:00,23.60325,0.0,0.21684374,Victoria
2020-12-12 00:00:00+00:00,25.723042,0.0,0.21695833,Victoria
2020-12-13 00:00:00+00:00,26.561062,0.0,0.2165521,Victoria
2020-12-14 00:00:00+00:00,29.080856,0.0,0.21602082,Victoria
2020-12-15 00:00:00+00:00,28.601688,0.20000002,0.21491663,Victoria
2020-12-16 00:00:00+00:00,25.113144,2.5749998,0.21390621,Victoria
2020-12-17 00:00:00+00:00,21.323563,0.025,0.21603122,Victoria
2020-12-18 00:00:00+00:00,18.611061,0.0,0.2146771,Victoria
2020-12-19 00:00:00+00:00,19.90898,0.0,0.21504164,Victoria
2020-12-20 00:00:00+00:00,22.935543,0.35000002,0.21567707,Victoria
2020-12-21 00:00:00+00:00,17.16002,7.4249997,0.21589582,Victoria
2020-12-22 00:00:00+00:00,16.21627,1.025,0.22266667,Victoria
2020-12-23 00:00:00+00:00,19.230854,0.0,0.22204167,Victoria
2020-12-24 00:00:00+00:00,18.976686,0.0,0.22043748,Victoria
2020-12-25 00:00:00+00:00,20.629293,0.0,0.21909374,Victoria
2020-12-26 00:00:00+00:00,27.42981,0.0,0.21972914,Victoria
2020-12-27 00:00:00+00:00,21.833458,0.42499998,0.21833333,Victoria
2020-12-28 00:00:00+00:00,17.510542,0.0,0.21734376,Victoria
2020-12-29 00:00:00+00:00,21.066792,0.0,0.21668755,Victoria
2020-12-30 00:00:00+00:00,23.504814,0.0,0.21638542,Victoria
2020-12-31 00:00:00+00:00,25.309502,3.225,0.21816668,Victoria
2021-01-01 00:00:00+00:00,24.530853,6.075,0.2179792,Victoria
2021-01-02 00:00:00+00:00,21.428772,7.5250006,0.236,Victoria
2021-01-03 00:00:00+00:00,22.05846,0.05,0.24253127,Victoria
2021-01-04 00:00:00+00:00,19.376686,0.0,0.24081251,Victoria
2021-01-05 00:00:00+00:00,19.043875,0.95000005,0.24018753,Victoria
2021-01-06 00:00:00+00:00,19.87877,0.0,0.23875,Victoria
2021-01-07 00:00:00+00:00,23.794916,0.0,0.23608339,Victoria
2021-01-08 00:00:00+00:00,25.592312,0.0,0.23293754,Victoria
2021-01-09 00:00:00+00:00,27.05794,0.0,0.2300417,Victoria
2021-01-10 00:00:00+00:00,29.911064,0.0,0.22679171,Victoria
2021-01-11 00:00:00+00:00,29.623564,0.0,0.2241458,Victoria
2021-01-12 00:00:00+00:00,25.429293,0.0,0.22248954,Victoria
2021-01-13 00:00:00+00:00,24.730854,0.0,0.22115625,Victoria
2021-01-14 00:00:00+00:00,20.249083,0.025,0.22014582,Victoria
2021-01-15 00:00:00+00:00,16.939188,0.0,0.21948957,Victoria
2021-01-16 00:00:00+00:00,18.80429,0.0,0.21877083,Victoria
2021-01-17 00:00:00+00:00,20.143875,0.0,0.21830209,Victoria
2021-01-18 00:00:00+00:00,20.787104,0.0,0.21742713,Victoria
2021-01-19 00:00:00+00:00,20.239708,0.0,0.21669795,Victoria
2021-01-20 00:00:00+00:00,24.351166,0.0,0.21586458,Victoria
2021-01-21 00:00:00+00:00,27.77877,0.0,0.21461459,Victoria
2021-01-22 00:00:00+00:00,27.694918,0.0,0.21395834,Victoria
2021-01-23 00:00:00+00:00,30.220959,0.0,0.2128021,Victoria
2021-01-24 00:00:00+00:00,35.06627,0.0,0.21241665,Victoria
2021-01-25 00:00:00+00:00,29.238667,8.875001,0.2152708,Victoria
2021-01-26 00:00:00+00:00,20.443354,0.325,0.22566667,Victoria
2021-01-27 00:00:00+00:00,23.441269,0.65,0.22712502,Victoria
2021-01-28 00:00:00+00:00,22.550646,9.949999,0.22662503,Victoria
2021-01-29 00:00:00+00:00,20.79127,8.825001,0.26036456,Victoria
2021-01-30 00:00:00+00:00,20.143875,0.0,0.28084373,Victoria
2021-01-31 00:00:00+00:00,21.618876,0.0,0.27439585,Victoria
2021-02-01 00:00:00+00:00,19.769917,0.1,0.27035415,Victoria
2021-02-02 00:00:00+00:00,18.611584,0.0,0.2656875,Victoria
2021-02-03 00:00:00+00:00,22.257418,0.0,0.2599271,Victoria
2021-02-04 00:00:00+00:00,24.19023,3.2500002,0.25545835,Victoria
2021-02-05 00:00:00+00:00,20.3595,0.6999999,0.2560833,Victoria
2021-02-06 00:00:00+00:00,19.881374,0.0,0.2568646,Victoria
2021-02-07 00:00:00+00:00,18.43346,0.0,0.25412497,Victoria
2021-02-08 00:00:00+00:00,19.432417,0.0,0.25037497,Victoria
2021-02-09 00:00:00+00:00,24.171478,0.025,0.24457291,Victoria
2021-02-10 00:00:00+00:00,28.573042,0.0,0.23715627,Victoria
2021-02-11 00:00:00+00:00,28.45794,4.3999996,0.23268753,Victoria
2021-02-12 00:00:00+00:00,20.370956,0.0,0.23074996,Victoria
2021-02-13 00:00:00+00:00,19.792833,0.0,0.22946878,Victoria
2021-02-14 00:00:00+00:00,21.387625,0.0,0.22697914,Victoria
2021-02-15 00:00:00+00:00,25.743355,0.0,0.22464584,Victoria
2021-02-16 00:00:00+00:00,27.469917,0.0,0.22234373,Victoria
2021-02-17 00:00:00+00:00,28.342312,0.0,0.22012499,Victoria
2021-02-18 00:00:00+00:00,26.494919,0.0,0.21850002,Victoria
2021-02-19 00:00:00+00:00,29.369396,0.0,0.21764584,Victoria
2021-02-20 00:00:00+00:00,28.850645,0.0,0.21707293,Victoria
2021-02-21 00:00:00+00:00,23.49023,0.0,0.21606249,Victoria
2021-02-22 00:00:00+00:00,18.758457,0.0,0.21530211,Victoria
2021-02-23 00:00:00+00:00,17.394917,0.0,0.21458337,Victoria
2021-02-24 00:00:00+00:00,18.389187,0.0,0.21515626,Victoria
2021-02-25 00:00:00+00:00,19.247522,0.0,0.21446878,Victoria
2021-02-26 00:00:00+00:00,18.972,0.0,0.21405213,Victoria
2021-02-27 00:00:00+00:00,21.985542,0.0,0.21329172,Victoria
2021-02-28 00:00:00+00:00,24.132416,0.0,0.21269791,Victoria
2021-03-01 00:00:00+00:00,18.832937,0.0,0.21225,Victoria
2021-03-02 00:00:00+00:00,17.073563,0.0,0.212375,Victoria
2021-03-03 00:00:00+00:00,17.919918,0.0,0.21193746,Victoria
2021-03-04 00:00:00+00:00,20.05169,0.0,0.21278125,Victoria
2021-03-05 00:00:00+00:00,17.98502,0.0,0.21335414,Victoria
2021-03-06 00:00:00+00:00,19.716793,0.0,0.21233332,Victoria
2021-03-07 00:00:00+00:00,23.756374,1.225,0.2119583,Victoria
2021-03-08 00:00:00+00:00,19.514187,0.5,0.21099997,Victoria
2021-03-09 00:00:00+00:00,19.441792,0.0,0.21409373,Victoria
2021-03-10 00:00:00+00:00,21.904291,1.75,0.21383336,Victoria
2021-03-11 00:00:00+00:00,23.125126,0.0,0.21180207,Victoria
2021-03-12 00:00:00+00:00,26.204288,0.0,0.21084374,Victoria
2021-03-13 00:00:00+00:00,16.379292,5.5,0.210125,Victoria
2021-03-14 00:00:00+00:00,14.855854,0.0,0.2108125,Victoria
2021-03-15 00:00:00+00:00,18.406374,0.0,0.20737496,Victoria
2021-03-16 00:00:00+00:00,21.772522,0.0,0.21012498,Victoria
2021-03-17 00:00:00+00:00,22.03606,0.0,0.20935413,Victoria
2021-03-18 00:00:00+00:00,22.540749,0.4,0.20871875,Victoria
2021-03-19 00:00:00+00:00,24.156376,0.0,0.208125,Victoria
2021-03-20 00:00:00+00:00,23.63346,6.125,0.20634374,Victoria
2021-03-21 00:00:00+00:00,19.956896,10.225,0.22681248,Victoria
2021-03-22 00:00:00+00:00,19.637104,3.6,0.24439585,Victoria
2021-03-23 00:00:00+00:00,19.819916,0.25,0.25014582,Victoria
2021-03-24 00:00:00+00:00,18.498562,1.0500001,0.25354168,Victoria
2021-03-25 00:00:00+00:00,16.364708,0.25,0.25519794,Victoria
2021-03-26 00:00:00+00:00,18.119917,0.40000004,0.2553854,Victoria
2021-03-27 00:00:00+00:00,16.585022,0.025,0.2540729,Victoria
2021-03-28 00:00:00+00:00,16.723042,0.0,0.25294793,Victoria
2021-03-29 00:00:00+00:00,16.982937,0.0,0.2508542,Victoria
2021-03-30 00:00:00+00:00,17.319397,0.0,0.24827084,Victoria
2021-03-31 00:00:00+00:00,19.3095,0.0,0.24335414,Victoria
2021-04-01 00:00:00+00:00,21.186062,0.0,0.23794791,Victoria
2021-04-02 00:00:00+00:00,23.04023,0.0,0.23367709,Victoria
2021-04-03 00:00:00+00:00,23.600124,0.0,0.23101039,Victoria
2021-04-04 00:00:00+00:00,23.314709,0.0,0.22963542,Victoria
2021-04-05 00:00:00+00:00,18.792313,0.0,0.22811458,Victoria
2021-04-06 00:00:00+00:00,18.645958,0.0,0.22694787,Victoria
2021-04-07 00:00:00+00:00,19.995438,0.0,0.22552085,Victoria
2021-04-08 00:00:00+00:00,22.07877,0.675,0.22372913,Victoria
2021-04-09 00:00:00+00:00,16.429813,0.0,0.2229687,Victoria
2021-04-10 00:00:00+00:00,14.210541,0.2,0.22211456,Victoria
2021-04-11 00:00:00+00:00,12.127729,0.0,0.2205,Victoria
2021-04-12 00:00:00+00:00,13.538667,0.0,0.21831247,Victoria
2021-04-13 00:00:00+00:00,18.885021,0.425,0.21910413,Victoria
2021-04-14 00:00:00+00:00,16.258978,0.0,0.21837498,Victoria
2021-04-15 00:00:00+00:00,15.137625,0.025,0.21758336,Victoria
2021-04-16 00:00:00+00:00,12.752207,0.0,0.21802086,Victoria
2021-04-17 00:00:00+00:00,13.556895,0.0,0.21759376,Victoria
2021-04-18 00:00:00+00:00,14.945437,0.0,0.2165,Victoria
2021-04-19 00:00:00+00:00,15.389189,0.0,0.21454167,Victoria
2021-04-20 00:00:00+00:00,11.177208,2.4,0.21431251,Victoria
2021-04-21 00:00:00+00:00,11.683979,0.0,0.21787496,Victoria
2021-04-22 00:00:00+00:00,14.631374,0.0,0.21987496,Victoria
2021-04-23 00:00:00+00:00,14.188146,0.075,0.21943755,Victoria
2021-04-24 00:00:00+00:00,13.756895,0.0,0.2188541,Victoria
2021-04-25 00:00:00+00:00,13.606375,0.125,0.21820834,Victoria
2021-04-26 00:00:00+00:00,13.464707,0.0,0.21834376,Victoria
2021-04-27 00:00:00+00:00,13.494916,0.0,0.2171562,Victoria
2021-04-28 00:00:00+00:00,14.026167,0.0,0.2145521,Victoria
2021-04-29 00:00:00+00:00,14.948042,0.0,0.21370836,Victoria
2021-04-30 00:00:00+00:00,17.31575,0.0,0.21211457,Victoria
2021-05-01 00:00:00+00:00,19.546478,0.0,0.21153125,Victoria
2021-05-02 00:00:00+00:00,19.067312,0.05,0.21012503,Victoria
2021-05-03 00:00:00+00:00,14.137105,0.825,0.21176046,Victoria
2021-05-04 00:00:00+00:00,11.950125,1.3,0.20973957,Victoria
2021-05-05 00:00:00+00:00,13.196479,0.0,0.21161458,Victoria
2021-05-06 00:00:00+00:00,14.841272,0.0,0.21036461,Victoria
2021-05-07 00:00:00+00:00,16.46523,0.125,0.2095208,Victoria
2021-05-08 00:00:00+00:00,15.690749,0.375,0.2093333,Victoria
2021-05-09 00:00:00+00:00,15.131895,0.125,0.20757294,Victoria
2021-05-10 00:00:00+00:00,12.504813,2.575,0.20469797,Victoria
2021-05-11 00:00:00+00:00,11.762104,0.0,0.22062501,Victoria
2021-05-12 00:00:00+00:00,12.031375,0.0,0.23091666,Victoria
2021-05-13 00:00:00+00:00,11.41523,0.45000002,0.2316146,Victoria
2021-05-14 00:00:00+00:00,11.781375,0.075,0.23269793,Victoria
2021-05-15 00:00:00+00:00,9.358979,0.0,0.23733333,Victoria
2021-05-16 00:00:00+00:00,12.050125,0.025,0.23727088,Victoria
2021-05-17 00:00:00+00:00,11.679292,0.025,0.23868752,Victoria
2021-05-18 00:00:00+00:00,11.492313,0.025,0.23991662,Victoria
2021-05-19 00:00:00+00:00,12.917313,0.0,0.2422812,Victoria
2021-05-20 00:00:00+00:00,11.483979,0.0,0.2399479,Victoria
2021-05-21 00:00:00+00:00,10.988666,0.0,0.23781249,Victoria
2021-05-22 00:00:00+00:00,11.323563,0.0,0.23538542,Victoria
2021-05-23 00:00:00+00:00,14.300125,0.0,0.23406255,Victoria
2021-05-24 00:00:00+00:00,18.110542,0.0,0.23186457,Victoria
2021-05-25 00:00:00+00:00,12.7282505,10.025,0.23462498,Victoria
2021-05-26 00:00:00+00:00,10.896479,0.075,0.23852089,Victoria
2021-05-27 00:00:00+00:00,11.688145,0.075,0.24367708,Victoria
2021-05-28 00:00:00+00:00,9.1813755,0.0,0.24892712,Victoria
2021-05-29 00:00:00+00:00,7.077208,0.0,0.2543854,Victoria
2021-05-30 00:00:00+00:00,6.871479,0.0,0.25670832,Victoria
2021-05-31 00:00:00+00:00,9.32825,0.0,0.2577708,Victoria
2021-06-01 00:00:00+00:00,10.833979,0.025,0.25696874,Victoria
2021-06-02 00:00:00+00:00,11.225646,6.075,0.2587917,Victoria
2021-06-03 00:00:00+00:00,11.818355,0.675,0.26760414,Victoria
2021-06-04 00:00:00+00:00,8.121479,0.05,0.27019787,Victoria
2021-06-05 00:00:00+00:00,10.986584,0.0,0.27256247,Victoria
2021-06-06 00:00:00+00:00,12.781896,0.0,0.27285415,Victoria
2021-06-07 00:00:00+00:00,12.893353,4.4,0.2709375,Victoria
2021-06-08 00:00:00+00:00,8.497,4.275,0.27602082,Victoria
2021-06-09 00:00:00+00:00,11.088667,4.1750007,0.28634375,Victoria
2021-06-10 00:00:00+00:00,11.099604,0.77500004,0.29671875,Victoria
2021-06-11 00:00:00+00:00,9.588146,0.0,0.29730213,Victoria
2021-06-12 00:00:00+00:00,10.453251,0.075,0.29680213,Victoria
2021-06-13 00:00:00+00:00,10.742832,0.075,0.29614583,Victoria
2021-06-14 00:00:00+00:00,11.265229,1.7,0.29364583,Victoria
2021-06-15 00:00:00+00:00,12.212624,7.175,0.29954165,Victoria
2021-06-16 00:00:00+00:00,10.599083,1.975,0.31272915,Victoria
2021-06-17 00:00:00+00:00,10.772001,3.4499998,0.31719798,Victoria
2021-06-18 00:00:00+00:00,10.860021,0.275,0.31973958,Victoria
2021-06-19 00:00:00+00:00,10.1970005,0.0,0.31771868,Victoria
2021-06-20 00:00:00+00:00,7.1334586,0.0,0.31470832,Victoria
2021-06-21 00:00:00+00:00,8.74752,0.0,0.3117083,Victoria
2021-06-22 00:00:00+00:00,12.448563,3.45,0.30874997,Victoria
2021-06-23 00:00:00+00:00,11.16575,9.0,0.3224792,Victoria
2021-06-24 00:00:00+00:00,11.335021,0.5,0.32790625,Victoria
2021-06-25 00:00:00+00:00,9.648563,2.475,0.33168748,Victoria
2021-06-26 00:00:00+00:00,9.379812,0.125,0.3337396,Victoria
2021-06-27 00:00:00+00:00,9.1345005,0.27500004,0.33161458,Victoria
2021-06-28 00:00:00+00:00,8.395959,0.0,0.32928127,Victoria
2021-06-29 00:00:00+00:00,10.663145,0.3,0.32751036,Victoria
2021-06-30 00:00:00+00:00,11.110541,0.95000005,0.3245625,Victoria
2021-07-01 00:00:00+00:00,10.69075,0.8,0.32203123,Victoria
2021-07-02 00:00:00+00:00,7.8652287,3.05,0.32136458,Victoria
2021-07-03 00:00:00+00:00,7.2126255,0.70000005,0.32437503,Victoria
2021-07-04 00:00:00+00:00,7.9282503,0.47500002,0.32594794,Victoria
2021-07-05 00:00:00+00:00,7.854292,0.025,0.32620835,Victoria
2021-07-06 00:00:00+00:00,7.2626247,0.025,0.3265625,Victoria
2021-07-07 00:00:00+00:00,6.4516873,0.0,0.325,Victoria
2021-07-08 00:00:00+00:00,6.3084583,0.0,0.32447916,Victoria
2021-07-09 00:00:00+00:00,6.15377,0.0,0.32349995,Victoria
2021-07-10 00:00:00+00:00,6.696479,0.0,0.32051045,Victoria
2021-07-11 00:00:00+00:00,9.298041,0.55,0.31565627,Victoria
2021-07-12 00:00:00+00:00,10.108458,0.0,0.3103646,Victoria
2021-07-13 00:00:00+00:00,11.082417,4.75,0.3083021,Victoria
2021-07-14 00:00:00+00:00,11.682938,3.225,0.31710416,Victoria
2021-07-15 00:00:00+00:00,11.823042,1.6750001,0.32198957,Victoria
2021-07-16 00:00:00+00:00,9.372,3.1499999,0.33013546,Victoria
2021-07-17 00:00:00+00:00,8.981896,0.8,0.33573958,Victoria
2021-07-18 00:00:00+00:00,8.586582,0.125,0.3339375,Victoria
2021-07-19 00:00:00+00:00,10.127729,1.2750001,0.33135417,Victoria
2021-07-20 00:00:00+00:00,6.6688757,2.5500002,0.33500007,Victoria
2021-07-21 00:00:00+00:00,7.3167915,0.1,0.3345313,Victoria
2021-07-22 00:00:00+00:00,7.4183536,3.675,0.3346979,Victoria
2021-07-23 00:00:00+00:00,7.780854,0.1,0.33768743,Victoria
2021-07-24 00:00:00+00:00,8.251688,2.925,0.3384896,Victoria
2021-07-25 00:00:00+00:00,10.1813755,3.2999997,0.3384167,Victoria
2021-07-26 00:00:00+00:00,11.124603,0.1,0.34009373,Victoria
2021-07-27 00:00:00+00:00,14.356895,2.175,0.33560416,Victoria
2021-07-28 00:00:00+00:00,9.5095,0.77500004,0.33403128,Victoria
2021-07-29 00:00:00+00:00,8.992313,0.0,0.33503124,Victoria
2021-07-30 00:00:00+00:00,11.467313,0.725,0.33266667,Victoria
2021-07-31 00:00:00+00:00,13.057418,5.9249997,0.33264586,Victoria
2021-08-01 00:00:00+00:00,9.12252,0.1,0.33746877,Victoria
2021-08-02 00:00:00+00:00,10.620958,4.175,0.3375521,Victoria
2021-08-03 00:00:00+00:00,8.942312,0.47500002,0.34212506,Victoria
2021-08-04 00:00:00+00:00,11.036062,0.55,0.34309372,Victoria
2021-08-05 00:00:00+00:00,11.683979,0.40000004,0.34188542,Victoria
2021-08-06 00:00:00+00:00,11.1954365,0.4,0.3403646,Victoria
2021-08-07 00:00:00+00:00,10.715749,0.225,0.33923957,Victoria
2021-08-08 00:00:00+00:00,10.70325,0.2,0.33809376,Victoria
2021-08-09 00:00:00+00:00,10.290229,0.025,0.33733332,Victoria
2021-08-10 00:00:00+00:00,13.892834,0.0,0.3331771,Victoria
2021-08-11 00:00:00+00:00,10.823563,2.775,0.32644796,Victoria
2021-08-12 00:00:00+00:00,10.220959,0.2,0.32850003,Victoria
2021-08-13 00:00:00+00:00,9.8740835,0.1,0.3255104,Victoria
2021-08-14 00:00:00+00:00,11.006374,0.15,0.32301044,Victoria
2021-08-15 00:00:00+00:00,12.114709,0.0,0.31809372,Victoria
2021-08-16 00:00:00+00:00,11.073563,0.17500001,0.31586456,Victoria
2021-08-17 00:00:00+00:00,10.213145,0.075,0.3170521,Victoria
2021-08-18 00:00:00+00:00,10.060541,0.125,0.31650004,Victoria
2021-08-19 00:00:00+00:00,12.418875,0.6,0.31114587,Victoria
2021-08-20 00:00:00+00:00,11.902208,0.55,0.30872914,Victoria
2021-08-21 00:00:00+00:00,12.556895,0.0,0.30565622,Victoria
2021-08-22 00:00:00+00:00,15.499603,3.025,0.2978542,Victoria
2021-08-23 00:00:00+00:00,8.563145,1.7750001,0.29379168,Victoria
2021-08-24 00:00:00+00:00,8.772,0.0,0.2943333,Victoria
2021-08-25 00:00:00+00:00,8.798042,0.15,0.2947604,Victoria
2021-08-26 00:00:00+00:00,8.485541,0.025,0.29415625,Victoria
2021-08-27 00:00:00+00:00,8.712105,0.05,0.29259375,Victoria
2021-08-28 00:00:00+00:00,12.381374,2.25,0.2828646,Victoria
2021-08-29 00:00:00+00:00,9.92773,0.075,0.2780729,Victoria
2021-08-30 00:00:00+00:00,12.78502,0.025,0.28064585,Victoria
2021-08-31 00:00:00+00:00,15.627729,0.0,0.27586457,Victoria
2021-09-01 00:00:00+00:00,19.180855,0.0,0.2657917,Victoria
2021-09-02 00:00:00+00:00,23.719917,0.0,0.25459376,Victoria
2021-09-03 00:00:00+00:00,13.432416,15.1,0.2594792,Victoria
2021-09-04 00:00:00+00:00,9.987104,1.675,0.27335417,Victoria
2021-09-05 00:00:00+00:00,10.316271,0.025,0.27778125,Victoria
2021-09-06 00:00:00+00:00,10.715229,0.0,0.27833337,Victoria
2021-09-07 00:00:00+00:00,11.187103,0.025,0.27883333,Victoria
2021-09-08 00:00:00+00:00,13.7230425,0.0,0.27762502,Victoria
2021-09-09 00:00:00+00:00,16.33554,0.0,0.27270836,Victoria
2021-09-10 00:00:00+00:00,17.353771,0.0,0.26861456,Victoria
2021-09-11 00:00:00+00:00,16.99179,0.1,0.2630729,Victoria
2021-09-12 00:00:00+00:00,9.839708,1.15,0.2610833,Victoria
2021-09-13 00:00:00+00:00,10.256374,0.25,0.26188543,Victoria
2021-09-14 00:00:00+00:00,10.295438,0.0,0.26239586,Victoria
2021-09-15 00:00:00+00:00,10.9313755,0.0,0.26165625,Victoria
2021-09-16 00:00:00+00:00,13.728252,0.025,0.2601354,Victoria
2021-09-17 00:00:00+00:00,16.260021,1.475,0.25952086,Victoria
2021-09-18 00:00:00+00:00,11.680332,0.025,0.26083335,Victoria
2021-09-19 00:00:00+00:00,15.135541,1.775,0.2620313,Victoria
2021-09-20 00:00:00+00:00,8.871479,0.8,0.2601771,Victoria
2021-09-21 00:00:00+00:00,11.007937,0.025,0.25884375,Victoria
2021-09-22 00:00:00+00:00,12.525646,0.0,0.25888544,Victoria
2021-09-23 00:00:00+00:00,14.267834,0.0,0.26005208,Victoria
2021-09-24 00:00:00+00:00,13.067312,0.1,0.2561875,Victoria
2021-09-25 00:00:00+00:00,10.0339775,0.0,0.25561458,Victoria
2021-09-26 00:00:00+00:00,11.491792,0.0,0.25500003,Victoria
2021-09-27 00:00:00+00:00,15.14075,0.0,0.2519271,Victoria
2021-09-28 00:00:00+00:00,17.761063,3.2500002,0.24578127,Victoria
2021-09-29 00:00:00+00:00,15.296478,20.7,0.25659376,Victoria
2021-09-30 00:00:00+00:00,14.421481,7.8749995,0.27701044,Victoria
2021-10-01 00:00:00+00:00,14.180333,1.325,0.29625002,Victoria
2021-10-02 00:00:00+00:00,14.575646,1.275,0.30175,Victoria
2021-10-03 00:00:00+00:00,13.956375,5.875,0.31011456,Victoria
2021-10-04 00:00:00+00:00,12.714708,1.05,0.3135625,Victoria
2021-10-05 00:00:00+00:00,12.412104,0.0,0.31425,Victoria
2021-10-06 00:00:00+00:00,16.602207,0.2,0.30843753,Victoria
2021-10-07 00:00:00+00:00,11.771999,0.0,0.3031875,Victoria
2021-10-08 00:00:00+00:00,15.051687,0.0,0.29693747,Victoria
2021-10-09 00:00:00+00:00,17.15221,3.175,0.29029167,Victoria
2021-10-10 00:00:00+00:00,11.073563,0.0,0.2864583,Victoria
2021-10-11 00:00:00+00:00,11.249603,0.0,0.2856354,Victoria
2021-10-12 00:00:00+00:00,15.381896,0.0,0.27309373,Victoria
2021-10-13 00:00:00+00:00,12.836583,5.0,0.2660104,Victoria
2021-10-14 00:00:00+00:00,11.467312,4.1499996,0.27704167,Victoria
2021-10-15 00:00:00+00:00,13.004812,0.675,0.28444794,Victoria
2021-10-16 00:00:00+00:00,12.367834,0.075,0.28530207,Victoria
2021-10-17 00:00:00+00:00,14.983978,0.05,0.28265625,Victoria
2021-10-18 00:00:00+00:00,15.167313,0.32500002,0.27860412,Victoria
2021-10-19 00:00:00+00:00,13.92825,0.0,0.27435416,Victoria
2021-10-20 00:00:00+00:00,19.955334,0.225,0.2676563,Victoria
2021-10-21 00:00:00+00:00,20.57148,0.0,0.26131248,Victoria
2021-10-22 00:00:00+00:00,20.671478,0.77500004,0.25809374,Victoria
2021-10-23 00:00:00+00:00,14.776166,0.05,0.25545835,Victoria
2021-10-24 00:00:00+00:00,13.054291,0.0,0.25372922,Victoria
2021-10-25 00:00:00+00:00,13.157417,0.0,0.25054166,Victoria
2021-10-26 00:00:00+00:00,17.067831,0.0,0.24669792,Victoria
2021-10-27 00:00:00+00:00,22.61575,0.0,0.24190626,Victoria
2021-10-28 00:00:00+00:00,21.12825,4.575,0.23841669,Victoria
2021-10-29 00:00:00+00:00,13.115229,0.0,0.23876041,Victoria
2021-10-30 00:00:00+00:00,13.125124,0.0,0.24245836,Victoria
2021-10-31 00:00:00+00:00,16.818354,0.0,0.23975003,Victoria
2021-11-01 00:00:00+00:00,20.611063,0.0,0.23620832,Victoria
2021-11-02 00:00:00+00:00,27.054811,0.575,0.23127086,Victoria
2021-11-03 00:00:00+00:00,18.322521,19.95,0.24916667,Victoria
2021-11-04 00:00:00+00:00,18.215229,0.0,0.25719792,Victoria
2021-11-05 00:00:00+00:00,22.202728,0.15,0.25583333,Victoria
2021-11-06 00:00:00+00:00,19.752209,1.6,0.25593752,Victoria
2021-11-07 00:00:00+00:00,16.656374,0.1,0.26194793,Victoria
2021-11-08 00:00:00+00:00,15.262626,0.0,0.2602083,Victoria
2021-11-09 00:00:00+00:00,18.286062,1.8500001,0.25669792,Victoria
2021-11-10 00:00:00+00:00,13.308979,0.25,0.25557292,Victoria
2021-11-11 00:00:00+00:00,13.372,10.0,0.2559479,Victoria
2021-11-12 00:00:00+00:00,11.451167,10.85,0.27086458,Victoria
2021-11-13 00:00:00+00:00,11.878251,0.3,0.2803646,Victoria
2021-11-14 00:00:00+00:00,12.075126,1.6,0.28233337,Victoria
2021-11-15 00:00:00+00:00,11.875646,0.15,0.28095832,Victoria
2021-11-16 00:00:00+00:00,12.712105,0.0,0.2773125,Victoria
2021-11-17 00:00:00+00:00,17.945438,0.125,0.27218753,Victoria
2021-11-18 00:00:00+00:00,21.841791,1.3,0.26626045,Victoria
2021-11-19 00:00:00+00:00,16.408459,3.6499999,0.26321876,Victoria
2021-11-20 00:00:00+00:00,14.532937,0.59999996,0.26102084,Victoria
2021-11-21 00:00:00+00:00,17.14127,0.0,0.25729167,Victoria
2021-11-22 00:00:00+00:00,22.357418,0.0,0.25187498,Victoria
2021-11-23 00:00:00+00:00,20.763145,5.925,0.24897918,Victoria
2021-11-24 00:00:00+00:00,22.555332,4.2749996,0.24966666,Victoria
2021-11-25 00:00:00+00:00,17.089188,3.95,0.25934377,Victoria
2021-11-26 00:00:00+00:00,17.918873,0.025,0.265625,Victoria
2021-11-27 00:00:00+00:00,18.697521,0.0,0.26254165,Victoria
2021-11-28 00:00:00+00:00,20.551687,0.0,0.25579166,Victoria
2021-11-29 00:00:00+00:00,23.224606,0.0,0.24967709,Victoria
2021-11-30 00:00:00+00:00,26.2345,0.05,0.24247915,Victoria
2021-12-01 00:00:00+00:00,26.416271,0.15,0.2368958,Victoria
2021-12-02 00:00:00+00:00,22.955334,0.725,0.23452084,Victoria
2021-12-03 00:00:00+00:00,20.145958,0.0,0.23372917,Victoria
2021-12-04 00:00:00+00:00,17.845438,0.0,0.23171872,Victoria
2021-12-05 00:00:00+00:00,21.388666,0.0,0.22864585,Victoria
2021-12-06 00:00:00+00:00,22.256897,0.0,0.22513545,Victoria
2021-12-07 00:00:00+00:00,18.009499,0.0,0.22335416,Victoria
2021-12-08 00:00:00+00:00,15.511583,0.125,0.22234374,Victoria
2021-12-09 00:00:00+00:00,16.373041,0.97499996,0.22199997,Victoria
2021-12-10 00:00:00+00:00,18.417833,0.0,0.22125003,Victoria
2021-12-11 00:00:00+00:00,21.330854,0.0,0.2188125,Victoria
2021-12-12 00:00:00+00:00,26.049082,0.0,0.21691668,Victoria
2021-12-13 00:00:00+00:00,26.670439,0.0,0.21589586,Victoria
2021-12-14 00:00:00+00:00,27.583979,0.45000002,0.2150729,Victoria
2021-12-15 00:00:00+00:00,19.854292,3.0749998,0.21453121,Victoria
2021-12-16 00:00:00+00:00,21.723564,0.0,0.21383332,Victoria
2021-12-17 00:00:00+00:00,28.657938,0.29999998,0.21305208,Victoria
2021-12-18 00:00:00+00:00,28.6345,0.72499996,0.21266669,Victoria
2021-12-19 00:00:00+00:00,19.017834,1.05,0.21205209,Victoria
2021-12-20 00:00:00+00:00,22.010021,0.0,0.21361458,Victoria
2021-12-21 00:00:00+00:00,23.842314,0.0,0.21235418,Victoria
2021-12-22 00:00:00+00:00,23.406376,0.0,0.21196875,Victoria
2021-12-23 00:00:00+00:00,24.74075,0.0,0.21166666,Victoria
2021-12-24 00:00:00+00:00,27.341793,0.0,0.21133332,Victoria
2021-12-25 00:00:00+00:00,23.430855,0.0,0.21035418,Victoria
2021-12-26 00:00:00+00:00,19.384499,0.0,0.21081248,Victoria
2021-12-27 00:00:00+00:00,21.075647,0.0,0.21024999,Victoria
2021-12-28 00:00:00+00:00,24.66002,0.0,0.21068749,Victoria
2021-12-29 00:00:00+00:00,26.667833,0.0,0.21190628,Victoria
2021-12-30 00:00:00+00:00,29.894396,0.0,0.21199998,Victoria
2021-12-31 00:00:00+00:00,31.87773,0.0,0.20989583,Victoria
2020-01-01 00:00:00+00:00,21.456062,0.0,0.13024999,South Australia
2020-01-02 00:00:00+00:00,26.87794,0.0,0.13120836,South Australia
2020-01-03 00:00:00+00:00,27.93106,1.9000001,0.13045833,South Australia
2020-01-04 00:00:00+00:00,17.468563,6.6750007,0.13057292,South Australia
2020-01-05 00:00:00+00:00,14.214916,8.974999,0.13727084,South Australia
2020-01-06 00:00:00+00:00,18.715437,0.0,0.14879167,South Australia
2020-01-07 00:00:00+00:00,23.164394,0.0,0.14864585,South Australia
2020-01-08 00:00:00+00:00,27.464396,0.0,0.14370833,South Australia
2020-01-09 00:00:00+00:00,29.336267,0.65000004,0.140625,South Australia
2020-01-10 00:00:00+00:00,17.363874,3.4750001,0.14104167,South Australia
2020-01-11 00:00:00+00:00,17.989397,0.0,0.14056249,South Australia
2020-01-12 00:00:00+00:00,22.381062,0.0,0.1406875,South Australia
2020-01-13 00:00:00+00:00,24.98679,0.0,0.13958335,South Australia
2020-01-14 00:00:00+00:00,24.680542,0.0,0.13865624,South Australia
2020-01-15 00:00:00+00:00,19.990437,0.0,0.13717708,South Australia
2020-01-16 00:00:00+00:00,18.195126,0.0,0.13608332,South Australia
2020-01-17 00:00:00+00:00,17.765959,0.0,0.13597918,South Australia
2020-01-18 00:00:00+00:00,19.366999,0.5,0.13516665,South Australia
2020-01-19 00:00:00+00:00,17.362312,1.725,0.13489583,South Australia
2020-01-20 00:00:00+00:00,16.48627,0.37500003,0.13684374,South Australia
2020-01-21 00:00:00+00:00,23.44148,0.0,0.13652086,South Australia
2020-01-22 00:00:00+00:00,19.717522,1.9250001,0.1366146,South Australia
2020-01-23 00:00:00+00:00,16.177416,0.075,0.13783336,South Australia
2020-01-24 00:00:00+00:00,18.521687,0.075,0.13941666,South Australia
2020-01-25 00:00:00+00:00,21.250332,0.0,0.14163542,South Australia
2020-01-26 00:00:00+00:00,21.785229,0.0,0.14095837,South Australia
2020-01-27 00:00:00+00:00,21.518042,0.0,0.14091668,South Australia
2020-01-28 00:00:00+00:00,25.253456,0.0,0.14029166,South Australia
2020-01-29 00:00:00+00:00,29.853458,0.0,0.13879168,South Australia
2020-01-30 00:00:00+00:00,34.460228,2.9499998,0.13628127,South Australia
2020-01-31 00:00:00+00:00,26.451376,24.050001,0.17779166,South Australia
2020-02-01 00:00:00+00:00,17.481064,5.8,0.2663229,South Australia
2020-02-02 00:00:00+00:00,17.5795,0.075,0.2722292,South Australia
2020-02-03 00:00:00+00:00,15.925334,0.25,0.26684374,South Australia
2020-02-04 00:00:00+00:00,17.419603,0.0,0.25710416,South Australia
2020-02-05 00:00:00+00:00,19.484709,0.0,0.24675001,South Australia
2020-02-06 00:00:00+00:00,22.232624,0.0,0.23511459,South Australia
2020-02-07 00:00:00+00:00,23.482624,0.325,0.22703128,South Australia
2020-02-08 00:00:00+00:00,24.366478,0.025,0.21995834,South Australia
2020-02-09 00:00:00+00:00,23.58523,0.125,0.2141979,South Australia
2020-02-10 00:00:00+00:00,23.799812,0.0,0.20739585,South Australia
2020-02-11 00:00:00+00:00,21.047207,0.05,0.20275003,South Australia
2020-02-12 00:00:00+00:00,20.640438,0.075,0.19995835,South Australia
2020-02-13 00:00:00+00:00,22.97377,0.075,0.19571875,South Australia
2020-02-14 00:00:00+00:00,19.77325,0.425,0.19460417,South Australia
2020-02-15 00:00:00+00:00,18.641998,0.05,0.19125,South Australia
2020-02-16 00:00:00+00:00,19.89721,0.0,0.18705212,South Australia
2020-02-17 00:00:00+00:00,23.8545,0.1,0.180875,South Australia
2020-02-18 00:00:00+00:00,16.655542,0.075,0.17785418,South Australia
2020-02-19 00:00:00+00:00,16.353458,0.0,0.17567706,South Australia
2020-02-20 00:00:00+00:00,16.731583,0.0,0.17322916,South Australia
2020-02-21 00:00:00+00:00,17.600334,0.0,0.17150003,South Australia
2020-02-22 00:00:00+00:00,20.299812,0.0,0.16779168,South Australia
2020-02-23 00:00:00+00:00,23.738874,0.0,0.16322917,South Australia
2020-02-24 00:00:00+00:00,23.845646,0.0,0.16020834,South Australia
2020-02-25 00:00:00+00:00,21.42325,0.1,0.15827084,South Australia
2020-02-26 00:00:00+00:00,16.807625,0.15,0.15728123,South Australia
2020-02-27 00:00:00+00:00,16.60398,0.0,0.15713541,South Australia
2020-02-28 00:00:00+00:00,18.0045,0.0,0.15640625,South Australia
2020-02-29 00:00:00+00:00,22.17377,0.0,0.15395832,South Australia
2020-03-01 00:00:00+00:00,20.869083,2.175,0.15173957,South Australia
2020-03-02 00:00:00+00:00,16.874813,0.075,0.15060417,South Australia
2020-03-03 00:00:00+00:00,16.172207,2.675,0.14978124,South Australia
2020-03-04 00:00:00+00:00,17.372208,0.125,0.14839582,South Australia
2020-03-05 00:00:00+00:00,16.272207,0.075,0.15259375,South Australia
2020-03-06 00:00:00+00:00,17.31179,0.15,0.15229166,South Australia
2020-03-07 00:00:00+00:00,18.342522,0.0,0.1519375,South Australia
2020-03-08 00:00:00+00:00,18.244083,0.0,0.15219793,South Australia
2020-03-09 00:00:00+00:00,19.000854,0.0,0.15346876,South Australia
2020-03-10 00:00:00+00:00,21.864397,0.0,0.15318751,South Australia
2020-03-11 00:00:00+00:00,26.168041,0.0,0.14852086,South Australia
2020-03-12 00:00:00+00:00,24.602417,0.125,0.14579166,South Australia
2020-03-13 00:00:00+00:00,17.055021,0.0,0.1471875,South Australia
2020-03-14 00:00:00+00:00,15.261792,0.0,0.14815624,South Australia
2020-03-15 00:00:00+00:00,17.265436,0.0,0.14795831,South Australia
2020-03-16 00:00:00+00:00,21.662832,0.0,0.14835416,South Australia
2020-03-17 00:00:00+00:00,25.657623,0.025,0.14747918,South Australia
2020-03-18 00:00:00+00:00,27.581062,0.0,0.14433335,South Australia
2020-03-19 00:00:00+00:00,21.55346,0.025,0.14309373,South Australia
2020-03-20 00:00:00+00:00,17.415438,0.0,0.14289585,South Australia
2020-03-21 00:00:00+00:00,17.98523,0.025,0.14323959,South Australia
2020-03-22 00:00:00+00:00,16.71804,0.075,0.14380206,South Australia
2020-03-23 00:00:00+00:00,16.833145,0.95,0.14372918,South Australia
2020-03-24 00:00:00+00:00,14.489917,2.425,0.14574999,South Australia
2020-03-25 00:00:00+00:00,15.325854,0.0,0.14859378,South Australia
2020-03-26 00:00:00+00:00,17.038355,0.0,0.15066665,South Australia
2020-03-27 00:00:00+00:00,19.955542,0.0,0.15170835,South Australia
2020-03-28 00:00:00+00:00,23.59252,0.1,0.15197918,South Australia
2020-03-29 00:00:00+00:00,18.04825,0.0,0.15152082,South Australia
2020-03-30 00:00:00+00:00,15.684709,0.0,0.14769793,South Australia
2020-03-31 00:00:00+00:00,18.007105,0.025,0.14769793,South Australia
2020-04-01 00:00:00+00:00,16.596167,1.0250001,0.14822917,South Australia
2020-04-02 00:00:00+00:00,18.325333,0.0,0.14909375,South Australia
2020-04-03 00:00:00+00:00,15.2440815,8.125,0.14895833,South Australia
2020-04-04 00:00:00+00:00,13.873771,0.575,0.15772916,South Australia
2020-04-05 00:00:00+00:00,14.312313,0.75,0.16445833,South Australia
2020-04-06 00:00:00+00:00,15.160749,1.325,0.16616666,South Australia
2020-04-07 00:00:00+00:00,15.075333,0.925,0.16890627,South Australia
2020-04-08 00:00:00+00:00,14.387311,0.0,0.17118752,South Australia
2020-04-09 00:00:00+00:00,15.219604,0.0,0.17356248,South Australia
2020-04-10 00:00:00+00:00,18.21752,0.22500001,0.17616665,South Australia
2020-04-11 00:00:00+00:00,13.057103,0.0,0.17339584,South Australia
2020-04-12 00:00:00+00:00,12.634187,0.0,0.17086458,South Australia
2020-04-13 00:00:00+00:00,17.003458,0.0,0.1695521,South Australia
2020-04-14 00:00:00+00:00,20.725853,0.0,0.16494794,South Australia
2020-04-15 00:00:00+00:00,21.33002,0.05,0.15895835,South Australia
2020-04-16 00:00:00+00:00,15.114917,0.1,0.15414582,South Australia
2020-04-17 00:00:00+00:00,13.943042,0.22500001,0.15439583,South Australia
2020-04-18 00:00:00+00:00,13.509708,0.52500004,0.15487501,South Australia
2020-04-19 00:00:00+00:00,18.905022,0.425,0.15633336,South Australia
2020-04-20 00:00:00+00:00,14.760229,0.0,0.15742707,South Australia
2020-04-21 00:00:00+00:00,16.73002,0.025,0.1565,South Australia
2020-04-22 00:00:00+00:00,18.488874,0.0,0.15810417,South Australia
2020-04-23 00:00:00+00:00,16.315958,6.3,0.16091667,South Australia
2020-04-24 00:00:00+00:00,16.151896,0.1,0.1621354,South Australia
2020-04-25 00:00:00+00:00,19.11075,13.95,0.1701771,South Australia
2020-04-26 00:00:00+00:00,13.381582,0.025,0.18670833,South Australia
2020-04-27 00:00:00+00:00,14.381062,0.175,0.19270834,South Australia
2020-04-28 00:00:00+00:00,15.209708,10.175001,0.19840626,South Australia
2020-04-29 00:00:00+00:00,9.680542,9.7,0.22322917,South Australia
2020-04-30 00:00:00+00:00,10.523771,4.9999995,0.24044792,South Australia
2020-05-01 00:00:00+00:00,12.720125,5.325,0.25884375,South Australia
2020-05-02 00:00:00+00:00,11.834187,1.6249999,0.26863536,South Australia
2020-05-03 00:00:00+00:00,10.973771,0.125,0.2645,South Australia
2020-05-04 00:00:00+00:00,10.807104,0.0,0.2613958,South Australia
2020-05-05 00:00:00+00:00,12.923251,0.0,0.25771874,South Australia
2020-05-06 00:00:00+00:00,17.378458,0.275,0.25340626,South Australia
2020-05-07 00:00:00+00:00,14.340437,0.62500006,0.24658328,South Australia
2020-05-08 00:00:00+00:00,13.171688,5.8,0.24562497,South Australia
2020-05-09 00:00:00+00:00,10.426895,0.3,0.25059375,South Australia
2020-05-10 00:00:00+00:00,10.1050205,0.1,0.25095832,South Australia
2020-05-11 00:00:00+00:00,11.560228,0.0,0.25118753,South Australia
2020-05-12 00:00:00+00:00,11.819082,0.77500004,0.24936461,South Australia
2020-05-13 00:00:00+00:00,9.806062,0.125,0.24902087,South Australia
2020-05-14 00:00:00+00:00,8.733147,0.0,0.24654168,South Australia
2020-05-15 00:00:00+00:00,9.006062,0.0,0.24693751,South Australia
2020-05-16 00:00:00+00:00,10.503459,0.0,0.24362502,South Australia
2020-05-17 00:00:00+00:00,11.446687,0.0,0.24014579,South Australia
2020-05-18 00:00:00+00:00,14.223249,0.0,0.23788542,South Australia
2020-05-19 00:00:00+00:00,12.540959,1.3999999,0.23413539,South Australia
2020-05-20 00:00:00+00:00,9.843563,3.8,0.23321876,South Australia
2020-05-21 00:00:00+00:00,9.782625,0.05,0.23654169,South Australia
2020-05-22 00:00:00+00:00,11.221687,4.35,0.23988543,South Australia
2020-05-23 00:00:00+00:00,11.125854,0.75000006,0.24503125,South Australia
2020-05-24 00:00:00+00:00,9.375334,0.125,0.24871874,South Australia
2020-05-25 00:00:00+00:00,9.324291,0.0,0.24832293,South Australia
2020-05-26 00:00:00+00:00,11.581583,0.275,0.2491771,South Australia
2020-05-27 00:00:00+00:00,11.3341875,0.22500001,0.24770834,South Australia
2020-05-28 00:00:00+00:00,10.800334,0.1,0.24622911,South Australia
2020-05-29 00:00:00+00:00,13.096167,0.0,0.24577084,South Australia
2020-05-30 00:00:00+00:00,12.237833,1.925,0.24317709,South Australia
2020-05-31 00:00:00+00:00,10.921166,5.375,0.24330208,South Australia
2020-06-01 00:00:00+00:00,10.520125,0.375,0.250625,South Australia
2020-06-02 00:00:00+00:00,12.037312,0.375,0.2526354,South Australia
2020-06-03 00:00:00+00:00,9.025333,0.0,0.25473955,South Australia
2020-06-04 00:00:00+00:00,7.856583,0.0,0.2566667,South Australia
2020-06-05 00:00:00+00:00,8.674291,0.0,0.25735417,South Australia
2020-06-06 00:00:00+00:00,9.383146,0.125,0.25673956,South Australia
2020-06-07 00:00:00+00:00,7.619083,0.0,0.25605205,South Australia
2020-06-08 00:00:00+00:00,6.1430416,0.0,0.25616667,South Australia
2020-06-09 00:00:00+00:00,7.101374,0.0,0.2546458,South Australia
2020-06-10 00:00:00+00:00,8.0268955,0.0,0.25522915,South Australia
2020-06-11 00:00:00+00:00,9.048771,0.0,0.25378126,South Australia
2020-06-12 00:00:00+00:00,13.7612705,2.125,0.25198954,South Australia
2020-06-13 00:00:00+00:00,10.383145,4.425,0.2541042,South Australia
2020-06-14 00:00:00+00:00,12.477417,1.6250002,0.2565208,South Australia
2020-06-15 00:00:00+00:00,12.467521,1.425,0.2585938,South Australia
2020-06-16 00:00:00+00:00,11.146688,0.825,0.25794786,South Australia
2020-06-17 00:00:00+00:00,10.739916,0.025,0.25938544,South Australia
2020-06-18 00:00:00+00:00,13.049292,0.20000002,0.2598437,South Australia
2020-06-19 00:00:00+00:00,11.872208,2.5,0.25900003,South Australia
2020-06-20 00:00:00+00:00,10.557625,4.675,0.26367706,South Australia
2020-06-21 00:00:00+00:00,10.3810625,1.7499999,0.26946875,South Australia
2020-06-22 00:00:00+00:00,9.586792,0.55,0.27292708,South Australia
2020-06-23 00:00:00+00:00,9.539396,0.0,0.27329168,South Australia
2020-06-24 00:00:00+00:00,9.674813,0.1,0.27283335,South Australia
2020-06-25 00:00:00+00:00,10.169604,0.075,0.27238542,South Australia
2020-06-26 00:00:00+00:00,9.445125,0.075,0.27178127,South Australia
2020-06-27 00:00:00+00:00,9.33523,0.0,0.26962498,South Australia
2020-06-28 00:00:00+00:00,8.109708,0.0,0.26847917,South Australia
2020-06-29 00:00:00+00:00,8.732625,0.425,0.26768753,South Australia
2020-06-30 00:00:00+00:00,11.011791,0.0,0.2692187,South Australia
2020-07-01 00:00:00+00:00,12.238874,1.95,0.26752084,South Australia
2020-07-02 00:00:00+00:00,9.489396,0.9250001,0.2695833,South Australia
2020-07-03 00:00:00+00:00,9.245125,0.59999996,0.27043748,South Australia
2020-07-04 00:00:00+00:00,10.294084,0.5,0.2703646,South Australia
2020-07-05 00:00:00+00:00,9.809188,0.35,0.27120832,South Australia
2020-07-06 00:00:00+00:00,8.172208,0.0,0.2711979,South Australia
2020-07-07 00:00:00+00:00,6.9930415,0.0,0.27013537,South Australia
2020-07-08 00:00:00+00:00,7.3690825,0.0,0.2697396,South Australia
2020-07-09 00:00:00+00:00,9.508667,0.84999996,0.2713542,South Australia
2020-07-10 00:00:00+00:00,9.465438,4.075,0.26975,South Australia
2020-07-11 00:00:00+00:00,7.871166,4.225,0.2762187,South Australia
2020-07-12 00:00:00+00:00,8.316999,0.725,0.28196877,South Australia
2020-07-13 00:00:00+00:00,8.513354,0.0,0.28314582,South Australia
2020-07-14 00:00:00+00:00,8.57325,0.0,0.2821146,South Australia
2020-07-15 00:00:00+00:00,9.8237705,0.0,0.28210416,South Australia
2020-07-16 00:00:00+00:00,9.885228,0.0,0.27959374,South Australia
2020-07-17 00:00:00+00:00,12.427418,0.0,0.2771563,South Australia
2020-07-18 00:00:00+00:00,11.111792,0.47500002,0.2737604,South Australia
2020-07-19 00:00:00+00:00,9.614395,0.22500001,0.2699792,South Australia
2020-07-20 00:00:00+00:00,8.986792,0.475,0.2672396,South Australia
2020-07-21 00:00:00+00:00,7.5482492,0.025,0.26792708,South Australia
2020-07-22 00:00:00+00:00,6.8060627,0.0,0.26623955,South Australia
2020-07-23 00:00:00+00:00,8.325854,0.0,0.2639167,South Australia
2020-07-24 00:00:00+00:00,10.670646,1.4249998,0.2615,South Australia
2020-07-25 00:00:00+00:00,9.890958,0.0,0.26025003,South Australia
2020-07-26 00:00:00+00:00,10.76075,0.225,0.26075003,South Australia
2020-07-27 00:00:00+00:00,8.352417,0.225,0.258375,South Australia
2020-07-28 00:00:00+00:00,8.451375,0.0,0.2584479,South Australia
2020-07-29 00:00:00+00:00,10.307104,0.075,0.25781253,South Australia
2020-07-30 00:00:00+00:00,9.547209,0.025,0.25393748,South Australia
2020-07-31 00:00:00+00:00,12.006583,0.0,0.25142708,South Australia
2020-08-01 00:00:00+00:00,11.8654375,0.0,0.2486667,South Australia
2020-08-02 00:00:00+00:00,12.437312,0.05,0.24599995,South Australia
2020-08-03 00:00:00+00:00,9.846687,0.0,0.24366662,South Australia
2020-08-04 00:00:00+00:00,7.1581464,0.0,0.24249999,South Australia
2020-08-05 00:00:00+00:00,7.933146,0.6,0.24141665,South Australia
2020-08-06 00:00:00+00:00,6.756583,6.575001,0.24156247,South Australia
2020-08-07 00:00:00+00:00,6.608667,7.025,0.25072917,South Australia
2020-08-08 00:00:00+00:00,8.246687,2.1999998,0.26289582,South Australia
2020-08-09 00:00:00+00:00,8.476375,0.0,0.26840627,South Australia
2020-08-10 00:00:00+00:00,11.883145,2.925,0.2681979,South Australia
2020-08-11 00:00:00+00:00,10.781584,6.5,0.27443752,South Australia
2020-08-12 00:00:00+00:00,12.346167,2.225,0.28282288,South Australia
2020-08-13 00:00:00+00:00,11.5581455,2.05,0.28734374,South Australia
2020-08-14 00:00:00+00:00,10.892521,3.0499997,0.29290622,South Australia
2020-08-15 00:00:00+00:00,9.444083,1.3,0.29716668,South Australia
2020-08-16 00:00:00+00:00,10.132104,0.425,0.2970729,South Australia
2020-08-17 00:00:00+00:00,11.355541,2.0249999,0.29550004,South Australia
2020-08-18 00:00:00+00:00,11.011791,6.55,0.2981458,South Australia
2020-08-19 00:00:00+00:00,9.755021,3.9999995,0.30730206,South Australia
2020-08-20 00:00:00+00:00,9.691999,4.45,0.3087188,South Australia
2020-08-21 00:00:00+00:00,7.831063,4.0750003,0.3163646,South Australia
2020-08-22 00:00:00+00:00,7.969084,0.72499996,0.31691664,South Australia
2020-08-23 00:00:00+00:00,7.116479,0.375,0.31610417,South Australia
2020-08-24 00:00:00+00:00,7.858145,0.425,0.31229162,South Australia
2020-08-25 00:00:00+00:00,9.828459,0.0,0.3070208,South Australia
2020-08-26 00:00:00+00:00,12.727417,0.0,0.30018753,South Australia
2020-08-27 00:00:00+00:00,11.055021,0.0,0.2925104,South Australia
2020-08-28 00:00:00+00:00,13.476895,0.0,0.28636456,South Australia
2020-08-29 00:00:00+00:00,16.493563,0.525,0.2788021,South Australia
2020-08-30 00:00:00+00:00,9.671686,0.75000006,0.27517715,South Australia
2020-08-31 00:00:00+00:00,8.86075,0.0,0.27262503,South Australia
2020-09-01 00:00:00+00:00,15.890436,0.125,0.26890624,South Australia
2020-09-02 00:00:00+00:00,13.700854,0.17500001,0.26120833,South Australia
2020-09-03 00:00:00+00:00,11.66127,0.275,0.25476044,South Australia
2020-09-04 00:00:00+00:00,12.363354,0.20000002,0.25100002,South Australia
2020-09-05 00:00:00+00:00,12.085228,0.0,0.24525002,South Australia
2020-09-06 00:00:00+00:00,17.798248,0.0,0.23835415,South Australia
2020-09-07 00:00:00+00:00,20.51648,0.4,0.22422919,South Australia
2020-09-08 00:00:00+00:00,13.54148,1.0,0.21885416,South Australia
2020-09-09 00:00:00+00:00,13.144082,0.0,0.21643746,South Australia
2020-09-10 00:00:00+00:00,18.437313,0.0,0.211375,South Australia
2020-09-11 00:00:00+00:00,19.067001,0.125,0.20439583,South Australia
2020-09-12 00:00:00+00:00,14.806062,4.1,0.20222917,South Australia
2020-09-13 00:00:00+00:00,11.339916,0.0,0.20118749,South Australia
2020-09-14 00:00:00+00:00,11.852415,0.0,0.20154168,South Australia
2020-09-15 00:00:00+00:00,14.518562,0.0,0.19761461,South Australia
2020-09-16 00:00:00+00:00,17.70398,4.05,0.18904164,South Australia
2020-09-17 00:00:00+00:00,16.157625,0.25,0.18783331,South Australia
2020-09-18 00:00:00+00:00,19.883667,6.7749996,0.19147915,South Australia
2020-09-19 00:00:00+00:00,15.087832,4.4500003,0.20257291,South Australia
2020-09-20 00:00:00+00:00,15.782104,0.82500005,0.20866665,South Australia
2020-09-21 00:00:00+00:00,13.091478,1.2,0.20663545,South Australia
2020-09-22 00:00:00+00:00,11.351376,2.0499997,0.20725,South Australia
2020-09-23 00:00:00+00:00,10.005542,5.100001,0.21294793,South Australia
2020-09-24 00:00:00+00:00,8.275854,10.025001,0.22171876,South Australia
2020-09-25 00:00:00+00:00,7.977417,1.2999998,0.23878124,South Australia
2020-09-26 00:00:00+00:00,8.257104,0.125,0.24382286,South Australia
2020-09-27 00:00:00+00:00,12.027939,0.55,0.24229166,South Australia
2020-09-28 00:00:00+00:00,15.924811,0.525,0.23747918,South Australia
2020-09-29 00:00:00+00:00,12.973249,10.0,0.24215624,South Australia
2020-09-30 00:00:00+00:00,12.321687,1.0,0.25310418,South Australia
2020-10-01 00:00:00+00:00,17.545124,0.0,0.2519896,South Australia
2020-10-02 00:00:00+00:00,24.566998,0.0,0.24039584,South Australia
2020-10-03 00:00:00+00:00,21.577938,2.375,0.23083337,South Australia
2020-10-04 00:00:00+00:00,12.21596,19.725,0.25770834,South Australia
2020-10-05 00:00:00+00:00,10.301374,0.625,0.27991667,South Australia
2020-10-06 00:00:00+00:00,10.686272,8.150001,0.28179166,South Australia
2020-10-07 00:00:00+00:00,9.22377,12.35,0.32871878,South Australia
2020-10-08 00:00:00+00:00,10.430542,0.25,0.3326771,South Australia
2020-10-09 00:00:00+00:00,14.7045,0.0,0.3199479,South Australia
2020-10-10 00:00:00+00:00,15.028459,0.025,0.30447918,South Australia
2020-10-11 00:00:00+00:00,19.072208,0.0,0.29091668,South Australia
2020-10-12 00:00:00+00:00,19.661268,0.0,0.27406248,South Australia
2020-10-13 00:00:00+00:00,20.083145,0.0,0.2660833,South Australia
2020-10-14 00:00:00+00:00,23.88419,0.0,0.2554375,South Australia
2020-10-15 00:00:00+00:00,20.189919,0.47500005,0.24355213,South Australia
2020-10-16 00:00:00+00:00,15.783145,3.4,0.24234377,South Australia
2020-10-17 00:00:00+00:00,11.632626,0.25000003,0.24202085,South Australia
2020-10-18 00:00:00+00:00,11.364917,0.0,0.23634376,South Australia
2020-10-19 00:00:00+00:00,14.206583,0.0,0.23079167,South Australia
2020-10-20 00:00:00+00:00,17.378458,0.1,0.22290623,South Australia
2020-10-21 00:00:00+00:00,18.619083,0.05,0.21525002,South Australia
2020-10-22 00:00:00+00:00,18.449814,7.3500004,0.21488544,South Australia
2020-10-23 00:00:00+00:00,14.473249,12.200001,0.22688541,South Australia
2020-10-24 00:00:00+00:00,11.221687,0.52500004,0.23219791,South Australia
2020-10-25 00:00:00+00:00,10.737312,0.1,0.235125,South Australia
2020-10-26 00:00:00+00:00,11.712833,1.3000001,0.23416665,South Australia
2020-10-27 00:00:00+00:00,12.997208,2.225,0.2353229,South Australia
2020-10-28 00:00:00+00:00,17.026375,0.47500002,0.23210415,South Australia
2020-10-29 00:00:00+00:00,13.481062,4.2999997,0.22756249,South Australia
2020-10-30 00:00:00+00:00,12.669084,1.5500001,0.23075002,South Australia
2020-10-31 00:00:00+00:00,13.168562,0.025,0.23232292,South Australia
2020-11-01 00:00:00+00:00,18.627937,0.0,0.22854163,South Australia
2020-11-02 00:00:00+00:00,23.460749,0.0,0.22055209,South Australia
2020-11-03 00:00:00+00:00,22.550854,0.8000001,0.2109896,South Australia
2020-11-04 00:00:00+00:00,12.744082,0.6,0.20864587,South Australia
2020-11-05 00:00:00+00:00,12.295646,0.0,0.20572916,South Australia
2020-11-06 00:00:00+00:00,12.812312,0.0,0.20205206,South Australia
2020-11-07 00:00:00+00:00,15.445644,0.0,0.19862498,South Australia
2020-11-08 00:00:00+00:00,20.557625,0.0,0.19266668,South Australia
2020-11-09 00:00:00+00:00,25.632626,0.0,0.18833335,South Australia
2020-11-10 00:00:00+00:00,24.042002,1.325,0.1825208,South Australia
2020-11-11 00:00:00+00:00,18.282104,1.0500001,0.17977083,South Australia
2020-11-12 00:00:00+00:00,14.389396,1.4499999,0.17839585,South Australia
2020-11-13 00:00:00+00:00,13.871167,0.0,0.17795835,South Australia
2020-11-14 00:00:00+00:00,25.093042,0.0,0.17677084,South Australia
2020-11-15 00:00:00+00:00,21.950335,0.0,0.16978127,South Australia
2020-11-16 00:00:00+00:00,15.087834,0.0,0.1676354,South Australia
2020-11-17 00:00:00+00:00,19.17325,0.0,0.16888541,South Australia
2020-11-18 00:00:00+00:00,26.444603,0.0,0.16693752,South Australia
2020-11-19 00:00:00+00:00,20.826374,0.0,0.16292708,South Australia
2020-11-20 00:00:00+00:00,22.70398,0.025,0.16022916,South Australia
2020-11-21 00:00:00+00:00,28.262835,0.0,0.15661457,South Australia
2020-11-22 00:00:00+00:00,21.987833,1.025,0.15357293,South Australia
2020-11-23 00:00:00+00:00,16.332104,0.025,0.1561979,South Australia
2020-11-24 00:00:00+00:00,20.193562,0.0,0.16120833,South Australia
2020-11-25 00:00:00+00:00,24.280022,0.0,0.16177085,South Australia
2020-11-26 00:00:00+00:00,26.293041,0.0,0.16086459,South Australia
2020-11-27 00:00:00+00:00,30.350334,0.0,0.15425001,South Australia
2020-11-28 00:00:00+00:00,20.868042,2.4,0.15062499,South Australia
2020-11-29 00:00:00+00:00,17.352417,0.0,0.151,South Australia
2020-11-30 00:00:00+00:00,24.093563,9.425,0.15131247,South Australia
2020-12-01 00:00:00+00:00,15.40554,0.0,0.14683333,South Australia
2020-12-02 00:00:00+00:00,16.618042,0.0,0.14776042,South Australia
2020-12-03 00:00:00+00:00,19.97377,0.0,0.15045834,South Australia
2020-12-04 00:00:00+00:00,25.44148,4.6499996,0.14942707,South Australia
2020-12-05 00:00:00+00:00,15.853979,4.1,0.14977084,South Australia
2020-12-06 00:00:00+00:00,15.300854,0.62500006,0.15315624,South Australia
2020-12-07 00:00:00+00:00,13.432625,0.05,0.15425,South Australia
2020-12-08 00:00:00+00:00,15.651375,0.0,0.15369792,South Australia
2020-12-09 00:00:00+00:00,19.680542,0.0,0.1515729,South Australia
2020-12-10 00:00:00+00:00,19.244602,0.0,0.14951041,South Australia
2020-12-11 00:00:00+00:00,22.317001,0.0,0.14707291,South Australia
2020-12-12 00:00:00+00:00,25.322208,6.1499996,0.1419375,South Australia
2020-12-13 00:00:00+00:00,24.546167,1.65,0.1556146,South Australia
2020-12-14 00:00:00+00:00,25.9545,0.1,0.15559375,South Australia
2020-12-15 00:00:00+00:00,20.676895,3.875,0.15570834,South Australia
2020-12-16 00:00:00+00:00,18.765959,0.025,0.15682295,South Australia
2020-12-17 00:00:00+00:00,15.3654375,0.0,0.15672915,South Australia
2020-12-18 00:00:00+00:00,16.152416,0.0,0.15645832,South Australia
2020-12-19 00:00:00+00:00,18.646168,0.0,0.15697914,South Australia
2020-12-20 00:00:00+00:00,20.555542,11.650001,0.1544479,South Australia
2020-12-21 00:00:00+00:00,15.525333,0.45000005,0.15877083,South Australia
2020-12-22 00:00:00+00:00,15.021166,0.15,0.16015625,South Australia
2020-12-23 00:00:00+00:00,17.103458,0.0,0.15697916,South Australia
2020-12-24 00:00:00+00:00,18.519606,0.0,0.15464585,South Australia
2020-12-25 00:00:00+00:00,21.925854,0.0,0.15214583,South Australia
2020-12-26 00:00:00+00:00,28.09877,0.0,0.14989583,South Australia
2020-12-27 00:00:00+00:00,16.969084,0.075,0.148125,South Australia
2020-12-28 00:00:00+00:00,15.283666,0.0,0.14741665,South Australia
2020-12-29 00:00:00+00:00,18.276375,0.0,0.14671874,South Australia
2020-12-30 00:00:00+00:00,20.162832,0.0,0.14593749,South Australia
2020-12-31 00:00:00+00:00,21.51648,0.0,0.14479165,South Australia
2021-01-01 00:00:00+00:00,23.377419,0.05,0.14449999,South Australia
2021-01-02 00:00:00+00:00,19.451376,0.425,0.1435,South Australia
2021-01-03 00:00:00+00:00,18.782104,0.20000002,0.14317705,South Australia
2021-01-04 00:00:00+00:00,17.978458,0.075,0.14377083,South Australia
2021-01-05 00:00:00+00:00,17.053978,0.025,0.14257291,South Australia
2021-01-06 00:00:00+00:00,17.725334,0.05,0.14152086,South Australia
2021-01-07 00:00:00+00:00,20.075333,0.0,0.14233333,South Australia
2021-01-08 00:00:00+00:00,24.819603,0.0,0.14202085,South Australia
2021-01-09 00:00:00+00:00,27.028978,0.0,0.14004166,South Australia
2021-01-10 00:00:00+00:00,29.449291,0.0,0.13871875,South Australia
2021-01-11 00:00:00+00:00,23.19773,0.0,0.136875,South Australia
2021-01-12 00:00:00+00:00,21.912312,0.0,0.1369375,South Australia
2021-01-13 00:00:00+00:00,19.943562,0.275,0.1358646,South Australia
2021-01-14 00:00:00+00:00,17.463354,0.05,0.1350625,South Australia
2021-01-15 00:00:00+00:00,15.423769,0.05,0.13428128,South Australia
2021-01-16 00:00:00+00:00,17.118042,0.0,0.13527085,South Australia
2021-01-17 00:00:00+00:00,17.796688,0.025,0.13609374,South Australia
2021-01-18 00:00:00+00:00,18.445124,0.0,0.13753124,South Australia
2021-01-19 00:00:00+00:00,20.482624,0.0,0.13564584,South Australia
2021-01-20 00:00:00+00:00,24.8295,0.0,0.13471878,South Australia
2021-01-21 00:00:00+00:00,26.26492,0.0,0.13327084,South Australia
2021-01-22 00:00:00+00:00,26.572208,0.0,0.13220832,South Australia
2021-01-23 00:00:00+00:00,32.226894,0.0,0.13139585,South Australia
2021-01-24 00:00:00+00:00,32.383144,3.3500001,0.13035415,South Australia
2021-01-25 00:00:00+00:00,22.551897,6.45,0.13033333,South Australia
2021-01-26 00:00:00+00:00,18.48523,0.7249999,0.13646875,South Australia
2021-01-27 00:00:00+00:00,21.379501,0.22500001,0.14135417,South Australia
2021-01-28 00:00:00+00:00,21.387314,9.675,0.14593752,South Australia
2021-01-29 00:00:00+00:00,19.470646,0.0,0.14428127,South Australia
2021-01-30 00:00:00+00:00,18.699814,0.0,0.1449271,South Australia
2021-01-31 00:00:00+00:00,21.684187,0.0,0.14441667,South Australia
2021-02-01 00:00:00+00:00,17.927418,0.0,0.1415,South Australia
2021-02-02 00:00:00+00:00,18.29825,0.0,0.14081252,South Australia
2021-02-03 00:00:00+00:00,22.247208,2.5249999,0.14124998,South Australia
2021-02-04 00:00:00+00:00,15.732103,7.700001,0.14409375,South Australia
2021-02-05 00:00:00+00:00,16.715437,4.1500006,0.1553021,South Australia
2021-02-06 00:00:00+00:00,16.963354,0.57500005,0.16416666,South Australia
2021-02-07 00:00:00+00:00,17.468042,0.0,0.16639581,South Australia
2021-02-08 00:00:00+00:00,20.206583,0.0,0.16614583,South Australia
2021-02-09 00:00:00+00:00,24.04773,0.0,0.16366668,South Australia
2021-02-10 00:00:00+00:00,27.998768,0.0,0.16026044,South Australia
2021-02-11 00:00:00+00:00,22.044083,4.525,0.15718748,South Australia
2021-02-12 00:00:00+00:00,17.213354,0.025,0.15709378,South Australia
2021-02-13 00:00:00+00:00,17.850334,0.0,0.15673958,South Australia
2021-02-14 00:00:00+00:00,19.094084,0.0,0.15398955,South Australia
2021-02-15 00:00:00+00:00,23.176376,0.0,0.15302083,South Australia
2021-02-16 00:00:00+00:00,27.18523,0.0,0.15079166,South Australia
2021-02-17 00:00:00+00:00,29.501375,0.0,0.14775,South Australia
2021-02-18 00:00:00+00:00,29.213875,0.0,0.1449271,South Australia
2021-02-19 00:00:00+00:00,24.970646,0.0,0.14358336,South Australia
2021-02-20 00:00:00+00:00,21.92325,1.1250001,0.14268748,South Australia
2021-02-21 00:00:00+00:00,18.707104,0.0,0.14309373,South Australia
2021-02-22 00:00:00+00:00,16.975332,0.0,0.14315623,South Australia
2021-02-23 00:00:00+00:00,16.162834,0.0,0.14447914,South Australia
2021-02-24 00:00:00+00:00,16.337313,0.0,0.14584374,South Australia
2021-02-25 00:00:00+00:00,16.705542,0.025,0.14921877,South Australia
2021-02-26 00:00:00+00:00,18.115437,0.125,0.15038541,South Australia
2021-02-27 00:00:00+00:00,20.399813,0.0,0.15216665,South Australia
2021-02-28 00:00:00+00:00,21.131063,0.0,0.15236461,South Australia
2021-03-01 00:00:00+00:00,19.828457,0.125,0.1518021,South Australia
2021-03-02 00:00:00+00:00,18.822208,0.0,0.14928123,South Australia
2021-03-03 00:00:00+00:00,18.09825,0.0,0.1481146,South Australia
2021-03-04 00:00:00+00:00,18.67325,0.0,0.14989582,South Australia
2021-03-05 00:00:00+00:00,19.395126,0.0,0.14861459,South Australia
2021-03-06 00:00:00+00:00,22.452936,1.075,0.14658332,South Australia
2021-03-07 00:00:00+00:00,20.632105,1.7249999,0.14666666,South Australia
2021-03-08 00:00:00+00:00,18.7795,1.5,0.14754167,South Australia
2021-03-09 00:00:00+00:00,19.657625,0.75000006,0.15140624,South Australia
2021-03-10 00:00:00+00:00,17.852938,9.150001,0.15334375,South Australia
2021-03-11 00:00:00+00:00,20.38627,0.0,0.16031252,South Australia
2021-03-12 00:00:00+00:00,24.602936,1.5249999,0.16027084,South Australia
2021-03-13 00:00:00+00:00,14.328459,1.45,0.15946874,South Australia
2021-03-14 00:00:00+00:00,14.191999,0.0,0.1614375,South Australia
2021-03-15 00:00:00+00:00,16.637835,0.52500004,0.16296875,South Australia
2021-03-16 00:00:00+00:00,17.988874,0.125,0.16609374,South Australia
2021-03-17 00:00:00+00:00,20.601894,0.0,0.16875002,South Australia
2021-03-18 00:00:00+00:00,21.882103,0.1,0.17003128,South Australia
2021-03-19 00:00:00+00:00,22.293041,0.175,0.1683125,South Australia
2021-03-20 00:00:00+00:00,23.243042,0.35000002,0.16757293,South Australia
2021-03-21 00:00:00+00:00,22.914396,0.0,0.16661459,South Australia
2021-03-22 00:00:00+00:00,20.77325,0.1,0.16513543,South Australia
2021-03-23 00:00:00+00:00,18.506063,0.0,0.164875,South Australia
2021-03-24 00:00:00+00:00,16.882105,2.775,0.16242708,South Australia
2021-03-25 00:00:00+00:00,15.77273,1.225,0.16197915,South Australia
2021-03-26 00:00:00+00:00,16.746166,0.85,0.1618646,South Australia
2021-03-27 00:00:00+00:00,15.384708,0.075,0.16259375,South Australia
2021-03-28 00:00:00+00:00,16.307104,0.0,0.15880209,South Australia
2021-03-29 00:00:00+00:00,17.84825,0.0,0.15735416,South Australia
2021-03-30 00:00:00+00:00,19.64825,0.0,0.15577084,South Australia
2021-03-31 00:00:00+00:00,21.04825,0.0,0.15410419,South Australia
2021-04-01 00:00:00+00:00,22.745644,0.0,0.15322916,South Australia
2021-04-02 00:00:00+00:00,23.831583,0.0,0.15186459,South Australia
2021-04-03 00:00:00+00:00,22.982624,0.0,0.14846876,South Australia
2021-04-04 00:00:00+00:00,21.742521,0.0,0.14529166,South Australia
2021-04-05 00:00:00+00:00,19.626898,0.0,0.14608333,South Australia
2021-04-06 00:00:00+00:00,19.571167,0.0,0.14746876,South Australia
2021-04-07 00:00:00+00:00,21.73002,0.0,0.14721873,South Australia
2021-04-08 00:00:00+00:00,22.19825,0.15,0.14545834,South Australia
2021-04-09 00:00:00+00:00,15.273249,1.05,0.14480208,South Australia
2021-04-10 00:00:00+00:00,14.451375,0.3,0.14694792,South Australia
2021-04-11 00:00:00+00:00,13.176895,0.0,0.14685413,South Australia
2021-04-12 00:00:00+00:00,16.664394,0.0,0.14778125,South Australia
2021-04-13 00:00:00+00:00,17.827938,1.125,0.14778125,South Australia
2021-04-14 00:00:00+00:00,14.843562,0.1,0.14921877,South Australia
2021-04-15 00:00:00+00:00,14.197729,0.32500002,0.14933336,South Australia
2021-04-16 00:00:00+00:00,13.602417,0.525,0.15023959,South Australia
2021-04-17 00:00:00+00:00,13.426374,0.0,0.14852083,South Australia
2021-04-18 00:00:00+00:00,14.1466875,0.025,0.14805208,South Australia
2021-04-19 00:00:00+00:00,14.468041,0.525,0.14828126,South Australia
2021-04-20 00:00:00+00:00,11.766999,1.3000001,0.1481875,South Australia
2021-04-21 00:00:00+00:00,13.22325,0.4,0.14842711,South Australia
2021-04-22 00:00:00+00:00,13.783667,0.275,0.14690624,South Australia
2021-04-23 00:00:00+00:00,13.515439,0.39999998,0.1495625,South Australia
2021-04-24 00:00:00+00:00,13.780542,0.025,0.14908333,South Australia
2021-04-25 00:00:00+00:00,14.441999,0.0,0.14923958,South Australia
2021-04-26 00:00:00+00:00,14.866478,0.0,0.14908335,South Australia
2021-04-27 00:00:00+00:00,15.5321045,0.0,0.15162499,South Australia
2021-04-28 00:00:00+00:00,15.330542,0.0,0.1505,South Australia
2021-04-29 00:00:00+00:00,16.393562,0.0,0.15379167,South Australia
2021-04-30 00:00:00+00:00,19.364397,0.0,0.15590623,South Australia
2021-05-01 00:00:00+00:00,18.042,0.025,0.15581249,South Australia
2021-05-02 00:00:00+00:00,14.944605,0.17500001,0.15401042,South Australia
2021-05-03 00:00:00+00:00,13.034708,0.2,0.15198958,South Australia
2021-05-04 00:00:00+00:00,11.102416,0.0,0.15304165,South Australia
2021-05-05 00:00:00+00:00,13.237833,0.0,0.15043747,South Australia
2021-05-06 00:00:00+00:00,16.652416,0.17500001,0.15267709,South Australia
2021-05-07 00:00:00+00:00,17.02325,0.77500004,0.1554271,South Australia
2021-05-08 00:00:00+00:00,13.810749,2.1,0.15819791,South Australia
2021-05-09 00:00:00+00:00,14.431063,2.4499998,0.15860416,South Australia
2021-05-10 00:00:00+00:00,12.149291,0.625,0.16142708,South Australia
2021-05-11 00:00:00+00:00,10.489916,0.225,0.16091669,South Australia
2021-05-12 00:00:00+00:00,11.253979,0.05,0.16215625,South Australia
2021-05-13 00:00:00+00:00,12.112833,0.77500004,0.1644375,South Australia
2021-05-14 00:00:00+00:00,11.88575,0.6750001,0.16546875,South Australia
2021-05-15 00:00:00+00:00,11.561272,0.15,0.16975,South Australia
2021-05-16 00:00:00+00:00,11.413876,0.05,0.16870834,South Australia
2021-05-17 00:00:00+00:00,10.919603,0.0,0.16495833,South Australia
2021-05-18 00:00:00+00:00,12.312834,0.0,0.16637498,South Australia
2021-05-19 00:00:00+00:00,15.090436,0.0,0.16555211,South Australia
2021-05-20 00:00:00+00:00,14.091999,0.0,0.16452083,South Australia
2021-05-21 00:00:00+00:00,14.49148,0.0,0.16629165,South Australia
2021-05-22 00:00:00+00:00,15.568562,0.0,0.1655625,South Australia
2021-05-23 00:00:00+00:00,17.637312,0.0,0.16414581,South Australia
2021-05-24 00:00:00+00:00,18.414394,12.6,0.16476043,South Australia
2021-05-25 00:00:00+00:00,11.869604,2.1,0.1773854,South Australia
2021-05-26 00:00:00+00:00,10.936791,0.1,0.18152085,South Australia
2021-05-27 00:00:00+00:00,11.614396,0.1,0.18602082,South Australia
2021-05-28 00:00:00+00:00,11.340437,0.025,0.187,South Australia
2021-05-29 00:00:00+00:00,8.612312,0.0,0.18714583,South Australia
2021-05-30 00:00:00+00:00,9.70502,0.0,0.1854792,South Australia
2021-05-31 00:00:00+00:00,11.597729,0.175,0.18432294,South Australia
2021-06-01 00:00:00+00:00,13.953461,0.75,0.1816667,South Australia
2021-06-02 00:00:00+00:00,12.885229,2.8250003,0.1855521,South Australia
2021-06-03 00:00:00+00:00,12.803458,0.7750001,0.18635419,South Australia
2021-06-04 00:00:00+00:00,10.675333,0.575,0.1863229,South Australia
2021-06-05 00:00:00+00:00,12.331062,0.2,0.18819791,South Australia
2021-06-06 00:00:00+00:00,13.908666,0.0,0.18694791,South Australia
2021-06-07 00:00:00+00:00,11.384708,10.975,0.1888125,South Australia
2021-06-08 00:00:00+00:00,7.3758545,2.975,0.20547915,South Australia
2021-06-09 00:00:00+00:00,8.928459,0.25,0.21590629,South Australia
2021-06-10 00:00:00+00:00,10.572729,0.0,0.21791668,South Australia
2021-06-11 00:00:00+00:00,10.664395,0.17500001,0.21967708,South Australia
2021-06-12 00:00:00+00:00,10.831063,0.70000005,0.22043751,South Australia
2021-06-13 00:00:00+00:00,11.981583,0.825,0.22077087,South Australia
2021-06-14 00:00:00+00:00,11.845646,0.85,0.21984379,South Australia
2021-06-15 00:00:00+00:00,10.6045,9.075,0.22629167,South Australia
2021-06-16 00:00:00+00:00,10.433666,1.6500002,0.23406254,South Australia
2021-06-17 00:00:00+00:00,9.7248125,8.7,0.25133333,South Australia
2021-06-18 00:00:00+00:00,9.661792,0.75,0.26468754,South Australia
2021-06-19 00:00:00+00:00,9.459708,0.075,0.26489586,South Australia
2021-06-20 00:00:00+00:00,8.592521,0.15,0.2628646,South Australia
2021-06-21 00:00:00+00:00,10.615957,0.1,0.26225,South Australia
2021-06-22 00:00:00+00:00,11.541479,6.25,0.26598957,South Australia
2021-06-23 00:00:00+00:00,10.399813,3.2749999,0.27010417,South Australia
2021-06-24 00:00:00+00:00,9.544603,6.575001,0.27708334,South Australia
2021-06-25 00:00:00+00:00,9.086792,2.375,0.27873957,South Australia
2021-06-26 00:00:00+00:00,9.382104,0.32500002,0.27922916,South Australia
2021-06-27 00:00:00+00:00,9.8550205,0.15,0.27571872,South Australia
2021-06-28 00:00:00+00:00,9.452936,0.0,0.271125,South Australia
2021-06-29 00:00:00+00:00,9.940958,0.3,0.26643747,South Australia
2021-06-30 00:00:00+00:00,10.24148,1.25,0.2623854,South Australia
2021-07-01 00:00:00+00:00,10.284708,4.1499996,0.2613021,South Australia
2021-07-02 00:00:00+00:00,7.557104,1.775,0.27045834,South Australia
2021-07-03 00:00:00+00:00,8.587833,0.675,0.27258337,South Australia
2021-07-04 00:00:00+00:00,7.779499,0.125,0.27303126,South Australia
2021-07-05 00:00:00+00:00,8.429501,0.22500001,0.27319792,South Australia
2021-07-06 00:00:00+00:00,9.139397,0.45000002,0.27144796,South Australia
2021-07-07 00:00:00+00:00,9.488874,0.05,0.26813543,South Australia
2021-07-08 00:00:00+00:00,9.195646,0.55,0.26464584,South Australia
2021-07-09 00:00:00+00:00,9.131583,1.675,0.26366666,South Australia
2021-07-10 00:00:00+00:00,10.5795,0.0,0.2630937,South Australia
2021-07-11 00:00:00+00:00,11.640437,0.3,0.25957292,South Australia
2021-07-12 00:00:00+00:00,10.183666,0.8000001,0.2570833,South Australia
2021-07-13 00:00:00+00:00,11.876896,3.475,0.25733334,South Australia
2021-07-14 00:00:00+00:00,12.912833,1.8249999,0.25965625,South Australia
2021-07-15 00:00:00+00:00,10.843041,9.2,0.26753125,South Australia
2021-07-16 00:00:00+00:00,9.223249,9.325,0.2920521,South Australia
2021-07-17 00:00:00+00:00,8.382105,0.025,0.30129167,South Australia
2021-07-18 00:00:00+00:00,8.392521,0.35000002,0.2968646,South Australia
2021-07-19 00:00:00+00:00,10.9748125,2.9499998,0.29248956,South Australia
2021-07-20 00:00:00+00:00,7.210229,1.25,0.29210415,South Australia
2021-07-21 00:00:00+00:00,7.9159584,6.5249996,0.2895729,South Australia
2021-07-22 00:00:00+00:00,7.989396,5.0,0.30559373,South Australia
2021-07-23 00:00:00+00:00,9.826374,2.275,0.31110418,South Australia
2021-07-24 00:00:00+00:00,9.074812,7.0,0.31905207,South Australia
2021-07-25 00:00:00+00:00,10.699812,2.0249999,0.31789583,South Australia
2021-07-26 00:00:00+00:00,11.796688,0.0,0.30978122,South Australia
2021-07-27 00:00:00+00:00,14.084188,5.025,0.30326045,South Australia
2021-07-28 00:00:00+00:00,9.037833,0.275,0.30289584,South Australia
2021-07-29 00:00:00+00:00,11.715437,0.0,0.3001875,South Australia
2021-07-30 00:00:00+00:00,13.812311,0.0,0.2930208,South Australia
2021-07-31 00:00:00+00:00,11.336271,8.849999,0.295625,South Australia
2021-08-01 00:00:00+00:00,9.452416,0.075,0.3058229,South Australia
2021-08-02 00:00:00+00:00,9.246167,4.525,0.30792707,South Australia
2021-08-03 00:00:00+00:00,9.355541,0.95000005,0.31018746,South Australia
2021-08-04 00:00:00+00:00,10.48575,0.25,0.30944794,South Australia
2021-08-05 00:00:00+00:00,10.74877,0.5,0.30697912,South Australia
2021-08-06 00:00:00+00:00,10.067521,0.57500005,0.30457294,South Australia
2021-08-07 00:00:00+00:00,9.587833,0.1,0.29970837,South Australia
2021-08-08 00:00:00+00:00,10.603979,0.0,0.29509372,South Australia
2021-08-09 00:00:00+00:00,13.085229,0.025,0.2893542,South Australia
2021-08-10 00:00:00+00:00,15.497208,1.45,0.28199998,South Australia
2021-08-11 00:00:00+00:00,10.031062,2.95,0.2820417,South Australia
2021-08-12 00:00:00+00:00,10.110749,0.22500001,0.2814688,South Australia
2021-08-13 00:00:00+00:00,9.730541,0.35,0.27980208,South Australia
2021-08-14 00:00:00+00:00,10.965437,0.0,0.27895838,South Australia
2021-08-15 00:00:00+00:00,11.392521,0.025,0.2751875,South Australia
2021-08-16 00:00:00+00:00,9.94825,0.25,0.27186456,South Australia
2021-08-17 00:00:00+00:00,8.883666,0.075,0.26888543,South Australia
2021-08-18 00:00:00+00:00,10.849292,0.0,0.2675,South Australia
2021-08-19 00:00:00+00:00,14.819605,1.7250001,0.26241666,South Australia
2021-08-20 00:00:00+00:00,12.488354,0.45000002,0.25759378,South Australia
2021-08-21 00:00:00+00:00,12.060751,0.22500001,0.25444794,South Australia
2021-08-22 00:00:00+00:00,12.866478,1.925,0.2509792,South Australia
2021-08-23 00:00:00+00:00,7.830541,1.2249999,0.2493854,South Australia
2021-08-24 00:00:00+00:00,8.168041,0.25,0.2486354,South Australia
2021-08-25 00:00:00+00:00,7.7841873,1.3999999,0.24822916,South Australia
2021-08-26 00:00:00+00:00,6.9763746,0.075,0.24656251,South Australia
2021-08-27 00:00:00+00:00,11.446166,0.025,0.2443021,South Australia
2021-08-28 00:00:00+00:00,9.90502,3.3250003,0.24289587,South Australia
2021-08-29 00:00:00+00:00,10.482103,0.175,0.24312498,South Australia
2021-08-30 00:00:00+00:00,13.949292,0.0,0.24217708,South Australia
2021-08-31 00:00:00+00:00,14.5164795,0.0,0.23596874,South Australia
2021-09-01 00:00:00+00:00,20.124811,0.0,0.23013541,South Australia
2021-09-02 00:00:00+00:00,18.36752,3.1,0.21846876,South Australia
2021-09-03 00:00:00+00:00,10.012833,1.8000001,0.21658331,South Australia
2021-09-04 00:00:00+00:00,8.847729,1.625,0.21902084,South Australia
2021-09-05 00:00:00+00:00,9.486271,0.22500001,0.21965626,South Australia
2021-09-06 00:00:00+00:00,10.670125,0.25,0.219125,South Australia
2021-09-07 00:00:00+00:00,11.468562,0.0,0.21551041,South Australia
2021-09-08 00:00:00+00:00,15.824291,0.0,0.21425,South Australia
2021-09-09 00:00:00+00:00,16.328978,0.0,0.20472917,South Australia
2021-09-10 00:00:00+00:00,18.518562,0.0,0.19420835,South Australia
2021-09-11 00:00:00+00:00,13.908667,0.125,0.19000001,South Australia
2021-09-12 00:00:00+00:00,8.509708,1.75,0.19368747,South Australia
2021-09-13 00:00:00+00:00,9.627936,0.025,0.1981979,South Australia
2021-09-14 00:00:00+00:00,11.085228,0.0,0.19581248,South Australia
2021-09-15 00:00:00+00:00,13.008145,0.025,0.19497916,South Australia
2021-09-16 00:00:00+00:00,19.221169,0.2,0.19003128,South Australia
2021-09-17 00:00:00+00:00,14.203979,0.1,0.18394794,South Australia
2021-09-18 00:00:00+00:00,11.381583,0.05,0.1819896,South Australia
2021-09-19 00:00:00+00:00,13.977938,1.0749999,0.17785415,South Australia
2021-09-20 00:00:00+00:00,9.252937,1.2,0.17603126,South Australia
2021-09-21 00:00:00+00:00,10.462833,0.0,0.17682295,South Australia
2021-09-22 00:00:00+00:00,11.277937,0.0,0.1796458,South Australia
2021-09-23 00:00:00+00:00,14.46075,0.0,0.17683333,South Australia
2021-09-24 00:00:00+00:00,11.535749,0.025,0.17270832,South Australia
2021-09-25 00:00:00+00:00,10.490957,0.05,0.17273958,South Australia
2021-09-26 00:00:00+00:00,13.970646,0.0,0.17025003,South Australia
2021-09-27 00:00:00+00:00,18.202415,0.15,0.16731249,South Australia
2021-09-28 00:00:00+00:00,15.814917,1.2500001,0.16489585,South Australia
2021-09-29 00:00:00+00:00,13.9279375,5.075001,0.16703126,South Australia
2021-09-30 00:00:00+00:00,12.772208,1.725,0.17316665,South Australia
2021-10-01 00:00:00+00:00,11.7795,0.7,0.17761458,South Australia
2021-10-02 00:00:00+00:00,17.32377,2.375,0.18028125,South Australia
2021-10-03 00:00:00+00:00,13.262312,0.75000006,0.17994791,South Australia
2021-10-04 00:00:00+00:00,11.287833,2.3000004,0.18353124,South Australia
2021-10-05 00:00:00+00:00,14.108145,0.0,0.18843748,South Australia
2021-10-06 00:00:00+00:00,14.087313,0.025,0.1866771,South Australia
2021-10-07 00:00:00+00:00,11.1779375,0.0,0.18735415,South Australia
2021-10-08 00:00:00+00:00,15.874813,0.0,0.18531251,South Australia
2021-10-09 00:00:00+00:00,13.118563,2.5,0.1844896,South Australia
2021-10-10 00:00:00+00:00,9.788354,0.2,0.18700002,South Australia
2021-10-11 00:00:00+00:00,11.201375,0.0,0.18506251,South Australia
2021-10-12 00:00:00+00:00,14.997208,3.8000002,0.17275,South Australia
2021-10-13 00:00:00+00:00,10.858666,6.625,0.1653646,South Australia
2021-10-14 00:00:00+00:00,11.162313,7.8,0.17479166,South Australia
2021-10-15 00:00:00+00:00,12.065958,0.6,0.18359375,South Australia
2021-10-16 00:00:00+00:00,11.628458,0.025,0.18484373,South Australia
2021-10-17 00:00:00+00:00,17.474812,0.0,0.18248957,South Australia
2021-10-18 00:00:00+00:00,16.393042,0.025,0.17867708,South Australia
2021-10-19 00:00:00+00:00,18.605541,0.0,0.17493749,South Australia
2021-10-20 00:00:00+00:00,18.305542,1.025,0.17120834,South Australia
2021-10-21 00:00:00+00:00,16.764915,0.025,0.16871873,South Australia
2021-10-22 00:00:00+00:00,16.001375,0.3,0.16745836,South Australia
2021-10-23 00:00:00+00:00,12.482103,0.05,0.16568749,South Australia
2021-10-24 00:00:00+00:00,13.113355,0.025,0.1645833,South Australia
2021-10-25 00:00:00+00:00,16.404501,0.0,0.16218749,South Australia
2021-10-26 00:00:00+00:00,23.173769,0.92499995,0.15821876,South Australia
2021-10-27 00:00:00+00:00,19.226894,4.7,0.15760419,South Australia
2021-10-28 00:00:00+00:00,16.783667,4.0750003,0.16557291,South Australia
2021-10-29 00:00:00+00:00,11.488354,0.47500002,0.17020833,South Australia
2021-10-30 00:00:00+00:00,12.356062,0.025,0.16971874,South Australia
2021-10-31 00:00:00+00:00,17.289396,0.0,0.16803125,South Australia
2021-11-01 00:00:00+00:00,21.121687,0.0,0.1653125,South Australia
2021-11-02 00:00:00+00:00,22.614395,7.5750003,0.16572917,South Australia
2021-11-03 00:00:00+00:00,15.56075,0.15,0.17232293,South Australia
2021-11-04 00:00:00+00:00,17.28627,0.0,0.17124999,South Australia
2021-11-05 00:00:00+00:00,22.995123,2.7999997,0.16784376,South Australia
2021-11-06 00:00:00+00:00,17.411793,1.1500001,0.16516668,South Australia
2021-11-07 00:00:00+00:00,13.883667,0.1,0.16499999,South Australia
2021-11-08 00:00:00+00:00,14.77377,0.0,0.16282292,South Australia
2021-11-09 00:00:00+00:00,15.008667,1.65,0.16366667,South Australia
2021-11-10 00:00:00+00:00,13.344603,12.5,0.16640626,South Australia
2021-11-11 00:00:00+00:00,9.200334,21.775002,0.23031251,South Australia
2021-11-12 00:00:00+00:00,10.922209,3.725,0.25684375,South Australia
2021-11-13 00:00:00+00:00,11.6935625,1.4,0.26075,South Australia
2021-11-14 00:00:00+00:00,11.833146,0.4,0.25968754,South Australia
2021-11-15 00:00:00+00:00,11.257105,0.75,0.25634378,South Australia
2021-11-16 00:00:00+00:00,14.556062,0.075,0.247875,South Australia
2021-11-17 00:00:00+00:00,22.748247,0.725,0.23538542,South Australia
2021-11-18 00:00:00+00:00,18.118042,5.675,0.22578128,South Australia
2021-11-19 00:00:00+00:00,14.9487705,14.025001,0.24770834,South Australia
2021-11-20 00:00:00+00:00,12.669083,5.1750007,0.27471876,South Australia
2021-11-21 00:00:00+00:00,14.770124,0.0,0.2653021,South Australia
2021-11-22 00:00:00+00:00,20.19252,1.375,0.25470832,South Australia
2021-11-23 00:00:00+00:00,18.887314,10.950001,0.2528125,South Australia
2021-11-24 00:00:00+00:00,18.635231,4.5249996,0.2693646,South Australia
2021-11-25 00:00:00+00:00,15.835751,0.65,0.2692708,South Australia
2021-11-26 00:00:00+00:00,14.515957,0.025,0.26308334,South Australia
2021-11-27 00:00:00+00:00,16.427418,0.025,0.2542292,South Australia
2021-11-28 00:00:00+00:00,18.724293,0.0,0.24282292,South Australia
2021-11-29 00:00:00+00:00,21.802937,0.0,0.2310625,South Australia
2021-11-30 00:00:00+00:00,24.124811,0.0,0.21836457,South Australia
2021-12-01 00:00:00+00:00,21.277416,0.57500005,0.21090624,South Australia
2021-12-02 00:00:00+00:00,17.4795,0.025,0.20597915,South Australia
2021-12-03 00:00:00+00:00,16.595125,0.125,0.20070831,South Australia
2021-12-04 00:00:00+00:00,16.750334,0.0,0.19638541,South Australia
2021-12-05 00:00:00+00:00,18.30346,0.125,0.19084375,South Australia
2021-12-06 00:00:00+00:00,17.619083,0.075,0.18537498,South Australia
2021-12-07 00:00:00+00:00,14.372729,0.05,0.18221875,South Australia
2021-12-08 00:00:00+00:00,13.915438,0.025,0.18026043,South Australia
2021-12-09 00:00:00+00:00,14.745646,0.0,0.17697915,South Australia
2021-12-10 00:00:00+00:00,16.778458,0.0,0.17402084,South Australia
2021-12-11 00:00:00+00:00,22.413876,0.0,0.17053126,South Australia
2021-12-12 00:00:00+00:00,24.668562,1.7,0.16494793,South Australia
2021-12-13 00:00:00+00:00,17.58523,1.5749998,0.16551042,South Australia
2021-12-14 00:00:00+00:00,21.107103,5.225,0.16546875,South Australia
2021-12-15 00:00:00+00:00,20.220125,0.3,0.16369793,South Australia
2021-12-16 00:00:00+00:00,23.828457,0.0,0.16105205,South Australia
2021-12-17 00:00:00+00:00,26.594082,0.075,0.15739582,South Australia
2021-12-18 00:00:00+00:00,23.115957,0.625,0.15708333,South Australia
2021-12-19 00:00:00+00:00,16.969082,0.025,0.15741666,South Australia
2021-12-20 00:00:00+00:00,18.46179,0.0,0.16155207,South Australia
2021-12-21 00:00:00+00:00,20.413876,0.0,0.16093752,South Australia
2021-12-22 00:00:00+00:00,20.282104,0.0,0.16004163,South Australia
2021-12-23 00:00:00+00:00,21.105541,0.0,0.16025,South Australia
2021-12-24 00:00:00+00:00,20.646168,0.1,0.15726045,South Australia
2021-12-25 00:00:00+00:00,18.883144,0.0,0.1553958,South Australia
2021-12-26 00:00:00+00:00,18.109188,0.0,0.15336458,South Australia
2021-12-27 00:00:00+00:00,18.508146,0.0,0.15299998,South Australia
2021-12-28 00:00:00+00:00,20.776375,0.0,0.14988543,South Australia
2021-12-29 00:00:00+00:00,25.22898,0.0,0.15153125,South Australia
2021-12-30 00:00:00+00:00,27.739916,0.0,0.14852084,South Australia
2021-12-31 00:00:00+00:00,28.93627,0.15,0.14504164,South Australia
2020-01-01 00:00:00+00:00,25.135937,0.0,0.14315625,Western Australia
2020-01-02 00:00:00+00:00,21.13073,0.47500002,0.14219794,Western Australia
2020-01-03 00:00:00+00:00,15.855728,0.075,0.14210418,Western Australia
2020-01-04 00:00:00+00:00,17.573439,0.0,0.14127083,Western Australia
2020-01-05 00:00:00+00:00,23.86875,0.0,0.14032292,Western Australia
2020-01-06 00:00:00+00:00,26.944271,0.0,0.139625,Western Australia
2020-01-07 00:00:00+00:00,27.888018,0.0,0.13883334,Western Australia
2020-01-08 00:00:00+00:00,24.618748,1.8499999,0.13865629,Western Australia
2020-01-09 00:00:00+00:00,19.513542,0.7,0.13862501,Western Australia
2020-01-10 00:00:00+00:00,19.246876,0.0,0.14022918,Western Australia
2020-01-11 00:00:00+00:00,22.539583,0.0,0.13957293,Western Australia
2020-01-12 00:00:00+00:00,24.861979,0.0,0.13935417,Western Australia
2020-01-13 00:00:00+00:00,22.187498,0.0,0.13796875,Western Australia
2020-01-14 00:00:00+00:00,21.770832,3.0,0.13908333,Western Australia
2020-01-15 00:00:00+00:00,19.23125,1.175,0.138625,Western Australia
2020-01-16 00:00:00+00:00,22.419792,0.4,0.138625,Western Australia
2020-01-17 00:00:00+00:00,21.355728,1.8249999,0.13715625,Western Australia
2020-01-18 00:00:00+00:00,18.16927,0.35000002,0.13624999,Western Australia
2020-01-19 00:00:00+00:00,19.107292,0.0,0.13631251,Western Australia
2020-01-20 00:00:00+00:00,22.271355,0.0,0.13587497,Western Australia
2020-01-21 00:00:00+00:00,19.64479,0.0,0.134125,Western Australia
2020-01-22 00:00:00+00:00,18.890625,0.62500006,0.13325,Western Australia
2020-01-23 00:00:00+00:00,19.43073,0.025,0.13263541,Western Australia
2020-01-24 00:00:00+00:00,21.703125,0.0,0.13249998,Western Australia
2020-01-25 00:00:00+00:00,23.583332,0.0,0.13129166,Western Australia
2020-01-26 00:00:00+00:00,24.473957,0.0,0.13030207,Western Australia
2020-01-27 00:00:00+00:00,27.970833,0.0,0.13077082,Western Australia
2020-01-28 00:00:00+00:00,30.641144,0.0,0.13280208,Western Australia
2020-01-29 00:00:00+00:00,25.012499,0.0,0.1325,Western Australia
2020-01-30 00:00:00+00:00,19.243229,0.025,0.13261457,Western Australia
2020-01-31 00:00:00+00:00,17.141666,0.0,0.13105209,Western Australia
2020-02-01 00:00:00+00:00,18.817707,0.0,0.13209377,Western Australia
2020-02-02 00:00:00+00:00,20.02396,0.0,0.13200001,Western Australia
2020-02-03 00:00:00+00:00,21.28125,0.0,0.13159378,Western Australia
2020-02-04 00:00:00+00:00,23.90052,0.2,0.13220835,Western Australia
2020-02-05 00:00:00+00:00,26.541145,0.0,0.13106251,Western Australia
2020-02-06 00:00:00+00:00,28.06302,0.15,0.13092709,Western Australia
2020-02-07 00:00:00+00:00,28.133335,0.125,0.13175,Western Australia
2020-02-08 00:00:00+00:00,28.06198,0.0,0.13174999,Western Australia
2020-02-09 00:00:00+00:00,18.951042,0.0,0.1314271,Western Australia
2020-02-10 00:00:00+00:00,19.911457,0.0,0.13130206,Western Australia
2020-02-11 00:00:00+00:00,18.473957,8.750001,0.13235417,Western Australia
2020-02-12 00:00:00+00:00,21.30521,0.70000005,0.13953125,Western Australia
2020-02-13 00:00:00+00:00,23.013542,0.15,0.14212501,Western Australia
2020-02-14 00:00:00+00:00,24.114063,0.90000004,0.14236459,Western Australia
2020-02-15 00:00:00+00:00,25.692188,0.375,0.14057294,Western Australia
2020-02-16 00:00:00+00:00,20.423437,0.37500003,0.14183332,Western Australia
2020-02-17 00:00:00+00:00,18.486458,0.0,0.14134374,Western Australia
2020-02-18 00:00:00+00:00,20.208332,0.05,0.14023958,Western Australia
2020-02-19 00:00:00+00:00,21.510937,0.0,0.1400521,Western Australia
2020-02-20 00:00:00+00:00,21.310938,0.0,0.14038542,Western Australia
2020-02-21 00:00:00+00:00,22.527084,0.025,0.14126043,Western Australia
2020-02-22 00:00:00+00:00,21.294792,5.8500004,0.14009376,Western Australia
2020-02-23 00:00:00+00:00,22.155731,4.85,0.14004168,Western Australia
2020-02-24 00:00:00+00:00,21.319271,4.55,0.14232291,Western Australia
2020-02-25 00:00:00+00:00,20.783855,1.45,0.14806251,Western Australia
2020-02-26 00:00:00+00:00,19.8375,2.1499999,0.15277083,Western Australia
2020-02-27 00:00:00+00:00,20.134375,1.7999998,0.1582396,Western Australia
2020-02-28 00:00:00+00:00,21.6625,5.975,0.16765626,Western Australia
2020-02-29 00:00:00+00:00,22.541145,5.5750003,0.17609374,Western Australia
2020-03-01 00:00:00+00:00,16.321354,1.1,0.18103123,Western Australia
2020-03-02 00:00:00+00:00,16.760418,0.05,0.18262498,Western Australia
2020-03-03 00:00:00+00:00,17.935417,0.15,0.18141665,Western Australia
2020-03-04 00:00:00+00:00,20.014584,0.0,0.1793854,Western Australia
2020-03-05 00:00:00+00:00,23.306772,0.0,0.1758229,Western Australia
2020-03-06 00:00:00+00:00,20.859375,1.425,0.17733334,Western Australia
2020-03-07 00:00:00+00:00,21.903646,0.0,0.17769793,Western Australia
2020-03-08 00:00:00+00:00,21.01771,0.125,0.1768646,Western Australia
2020-03-09 00:00:00+00:00,19.798439,0.22500001,0.1752396,Western Australia
2020-03-10 00:00:00+00:00,20.207293,0.0,0.17366667,Western Australia
2020-03-11 00:00:00+00:00,21.881248,0.0,0.17163542,Western Australia
2020-03-12 00:00:00+00:00,20.575521,0.075,0.17020832,Western Australia
2020-03-13 00:00:00+00:00,19.948957,0.3,0.16930209,Western Australia
2020-03-14 00:00:00+00:00,20.121876,7.325,0.16889584,Western Australia
2020-03-15 00:00:00+00:00,22.005207,1.7250001,0.16903123,Western Australia
2020-03-16 00:00:00+00:00,21.13854,1.125,0.16826041,Western Australia
2020-03-17 00:00:00+00:00,19.822916,0.6,0.16745834,Western Australia
2020-03-18 00:00:00+00:00,16.9375,0.0,0.16869792,Western Australia
2020-03-19 00:00:00+00:00,18.157291,0.1,0.16689584,Western Australia
2020-03-20 00:00:00+00:00,18.858852,1.35,0.16529168,Western Australia
2020-03-21 00:00:00+00:00,18.882292,2.8249998,0.1633125,Western Australia
2020-03-22 00:00:00+00:00,18.090626,6.775,0.16387501,Western Australia
2020-03-23 00:00:00+00:00,18.454166,0.35000002,0.16593748,Western Australia
2020-03-24 00:00:00+00:00,19.851562,0.0,0.16629165,Western Australia
2020-03-25 00:00:00+00:00,21.555208,0.0,0.16518751,Western Australia
2020-03-26 00:00:00+00:00,23.98021,0.0,0.1640833,Western Australia
2020-03-27 00:00:00+00:00,25.24427,0.17500001,0.16303125,Western Australia
2020-03-28 00:00:00+00:00,17.923958,0.025,0.16247916,Western Australia
2020-03-29 00:00:00+00:00,16.34323,0.0,0.16160415,Western Australia
2020-03-30 00:00:00+00:00,17.895832,0.20000002,0.16051042,Western Australia
2020-03-31 00:00:00+00:00,18.0,0.025,0.15973958,Western Australia
2020-04-01 00:00:00+00:00,20.030727,0.0,0.15867707,Western Australia
2020-04-02 00:00:00+00:00,17.096354,0.2,0.15780208,Western Australia
2020-04-03 00:00:00+00:00,14.260418,0.0,0.15752085,Western Australia
2020-04-04 00:00:00+00:00,15.615106,0.125,0.15481251,Western Australia
2020-04-05 00:00:00+00:00,16.513542,1.7,0.15434377,Western Australia
2020-04-06 00:00:00+00:00,18.341667,0.125,0.15249997,Western Australia
2020-04-07 00:00:00+00:00,20.16875,0.025,0.15309374,Western Australia
2020-04-08 00:00:00+00:00,22.534895,0.0,0.15235418,Western Australia
2020-04-09 00:00:00+00:00,24.341148,0.05,0.15205209,Western Australia
2020-04-10 00:00:00+00:00,21.788021,0.025,0.15139581,Western Australia
2020-04-11 00:00:00+00:00,24.436459,0.0,0.15110417,Western Australia
2020-04-12 00:00:00+00:00,23.582811,0.55,0.15085417,Western Australia
2020-04-13 00:00:00+00:00,20.492188,0.1,0.150125,Western Australia
2020-04-14 00:00:00+00:00,19.098959,0.475,0.14833334,Western Australia
2020-04-15 00:00:00+00:00,16.835417,0.0,0.1490625,Western Australia
2020-04-16 00:00:00+00:00,15.361459,0.025,0.14877082,Western Australia
2020-04-17 00:00:00+00:00,18.217709,0.0,0.14880206,Western Australia
2020-04-18 00:00:00+00:00,20.214582,8.099999,0.15121874,Western Australia
2020-04-19 00:00:00+00:00,15.083333,0.5500001,0.15228125,Western Australia
2020-04-20 00:00:00+00:00,17.007812,0.025,0.15249999,Western Australia
2020-04-21 00:00:00+00:00,17.126562,0.1,0.15242706,Western Australia
2020-04-22 00:00:00+00:00,18.534374,0.025,0.15241666,Western Australia
2020-04-23 00:00:00+00:00,17.17552,0.15,0.15094791,Western Australia
2020-04-24 00:00:00+00:00,18.559896,0.05,0.15095834,Western Australia
2020-04-25 00:00:00+00:00,16.231249,0.325,0.15116668,Western Australia
2020-04-26 00:00:00+00:00,15.215103,0.0,0.15017708,Western Australia
2020-04-27 00:00:00+00:00,17.590103,0.325,0.15120834,Western Australia
2020-04-28 00:00:00+00:00,12.428646,0.70000005,0.1514375,Western Australia
2020-04-29 00:00:00+00:00,11.972396,0.05,0.15201043,Western Australia
2020-04-30 00:00:00+00:00,12.344271,0.025,0.15209375,Western Australia
2020-05-01 00:00:00+00:00,13.085937,0.025,0.15128124,Western Australia
2020-05-02 00:00:00+00:00,15.215625,0.0,0.15120834,Western Australia
2020-05-03 00:00:00+00:00,19.185936,0.0,0.15055211,Western Australia
2020-05-04 00:00:00+00:00,19.579687,2.9499998,0.14943749,Western Australia
2020-05-05 00:00:00+00:00,18.685415,1.9749999,0.15029167,Western Australia
2020-05-06 00:00:00+00:00,11.6223955,0.275,0.15198956,Western Australia
2020-05-07 00:00:00+00:00,13.541667,0.55,0.15047918,Western Australia
2020-05-08 00:00:00+00:00,11.421354,0.175,0.15126042,Western Australia
2020-05-09 00:00:00+00:00,10.520313,0.0,0.15337501,Western Australia
2020-05-10 00:00:00+00:00,13.484375,0.0,0.15612498,Western Australia
2020-05-11 00:00:00+00:00,15.179687,0.0,0.1543854,Western Australia
2020-05-12 00:00:00+00:00,13.363542,0.1,0.15414584,Western Australia
2020-05-13 00:00:00+00:00,15.454688,0.0,0.15387501,Western Australia
2020-05-14 00:00:00+00:00,17.520313,0.0,0.1534479,Western Australia
2020-05-15 00:00:00+00:00,17.820312,0.17500001,0.15148959,Western Australia
2020-05-16 00:00:00+00:00,13.56875,0.025,0.149125,Western Australia
2020-05-17 00:00:00+00:00,15.042187,0.0,0.14901042,Western Australia
2020-05-18 00:00:00+00:00,11.7057295,0.17500001,0.14794794,Western Australia
2020-05-19 00:00:00+00:00,12.063541,0.1,0.14574999,Western Australia
2020-05-20 00:00:00+00:00,12.086458,0.82500005,0.14612499,Western Australia
2020-05-21 00:00:00+00:00,11.493229,0.2,0.14725,Western Australia
2020-05-22 00:00:00+00:00,12.8375,0.0,0.14806251,Western Australia
2020-05-23 00:00:00+00:00,14.8166685,0.0,0.14983332,Western Australia
2020-05-24 00:00:00+00:00,14.933854,9.0,0.15041667,Western Australia
2020-05-25 00:00:00+00:00,11.276041,1.9999999,0.16326043,Western Australia
2020-05-26 00:00:00+00:00,10.730729,0.125,0.16858335,Western Australia
2020-05-27 00:00:00+00:00,12.958855,0.0,0.17097914,Western Australia
2020-05-28 00:00:00+00:00,14.389583,0.125,0.1720625,Western Australia
2020-05-29 00:00:00+00:00,13.253124,9.575,0.17470834,Western Australia
2020-05-30 00:00:00+00:00,11.452604,0.15,0.185625,Western Australia
2020-05-31 00:00:00+00:00,13.005209,0.75000006,0.19246876,Western Australia
2020-06-01 00:00:00+00:00,12.90677,0.0,0.19483335,Western Australia
2020-06-02 00:00:00+00:00,13.41354,0.025,0.19541669,Western Australia
2020-06-03 00:00:00+00:00,13.307292,0.0,0.19881251,Western Australia
2020-06-04 00:00:00+00:00,15.014063,0.025,0.19726044,Western Australia
2020-06-05 00:00:00+00:00,14.621354,0.025,0.19602084,Western Australia
2020-06-06 00:00:00+00:00,15.223437,0.0,0.1945104,Western Australia
2020-06-07 00:00:00+00:00,13.434375,0.0,0.19298959,Western Australia
2020-06-08 00:00:00+00:00,12.106249,0.0,0.19228126,Western Australia
2020-06-09 00:00:00+00:00,12.95104,0.0,0.18951042,Western Australia
2020-06-10 00:00:00+00:00,15.467709,0.0,0.18936457,Western Australia
2020-06-11 00:00:00+00:00,16.489584,3.225,0.18834373,Western Australia
2020-06-12 00:00:00+00:00,10.83125,1.9250001,0.18719792,Western Australia
2020-06-13 00:00:00+00:00,12.614584,0.05,0.18796873,Western Australia
2020-06-14 00:00:00+00:00,13.4973955,0.1,0.18855205,Western Australia
2020-06-15 00:00:00+00:00,12.902603,0.0,0.18761458,Western Australia
2020-06-16 00:00:00+00:00,12.787499,0.0,0.18511458,Western Australia
2020-06-17 00:00:00+00:00,15.984896,7.975,0.18504168,Western Australia
2020-06-18 00:00:00+00:00,10.796354,0.625,0.18745834,Western Australia
2020-06-19 00:00:00+00:00,9.691667,0.175,0.18783334,Western Australia
2020-06-20 00:00:00+00:00,8.697395,0.0,0.18920833,Western Australia
2020-06-21 00:00:00+00:00,10.234375,0.0,0.19238542,Western Australia
2020-06-22 00:00:00+00:00,12.771874,1.325,0.19082288,Western Australia
2020-06-23 00:00:00+00:00,13.240625,0.15,0.19317704,Western Australia
2020-06-24 00:00:00+00:00,10.879166,0.025,0.19365622,Western Australia
2020-06-25 00:00:00+00:00,11.708854,0.0,0.19344792,Western Australia
2020-06-26 00:00:00+00:00,13.318228,0.025,0.19372913,Western Australia
2020-06-27 00:00:00+00:00,14.868229,1.525,0.1916146,Western Australia
2020-06-28 00:00:00+00:00,15.661458,5.8250003,0.19478124,Western Australia
2020-06-29 00:00:00+00:00,12.2375,1.075,0.20815624,Western Australia
2020-06-30 00:00:00+00:00,13.57552,0.62500006,0.21945834,Western Australia
2020-07-01 00:00:00+00:00,10.077604,0.17500001,0.23155206,Western Australia
2020-07-02 00:00:00+00:00,10.0859375,0.0,0.23572917,Western Australia
2020-07-03 00:00:00+00:00,11.11302,0.025,0.236,Western Australia
2020-07-04 00:00:00+00:00,12.2,0.0,0.23646879,Western Australia
2020-07-05 00:00:00+00:00,14.418229,0.35,0.23510417,Western Australia
2020-07-06 00:00:00+00:00,13.591666,2.1,0.23235416,Western Australia
2020-07-07 00:00:00+00:00,12.405729,0.525,0.23441671,Western Australia
2020-07-08 00:00:00+00:00,10.792187,0.05,0.23691669,Western Australia
2020-07-09 00:00:00+00:00,9.484895,0.575,0.23918751,Western Australia
2020-07-10 00:00:00+00:00,8.760937,0.0,0.24455209,Western Australia
2020-07-11 00:00:00+00:00,8.405209,0.0,0.2460625,Western Australia
2020-07-12 00:00:00+00:00,11.368751,0.075,0.24341667,Western Australia
2020-07-13 00:00:00+00:00,14.127604,2.825,0.2397188,Western Australia
2020-07-14 00:00:00+00:00,9.902082,1.75,0.2424479,Western Australia
2020-07-15 00:00:00+00:00,11.425521,0.0,0.24708337,Western Australia
2020-07-16 00:00:00+00:00,14.952084,9.85,0.24726045,Western Australia
2020-07-17 00:00:00+00:00,9.069271,7.1500006,0.27367708,Western Australia
2020-07-18 00:00:00+00:00,10.835937,0.47500002,0.28381252,Western Australia
2020-07-19 00:00:00+00:00,9.860416,0.17500001,0.283375,Western Australia
2020-07-20 00:00:00+00:00,10.55677,0.0,0.28252083,Western Australia
2020-07-21 00:00:00+00:00,11.046875,0.0,0.28098956,Western Australia
2020-07-22 00:00:00+00:00,14.303124,0.70000005,0.27526045,Western Australia
2020-07-23 00:00:00+00:00,11.042188,0.32500002,0.27102083,Western Australia
2020-07-24 00:00:00+00:00,9.722396,0.0,0.26789582,Western Australia
2020-07-25 00:00:00+00:00,13.419271,0.925,0.26172915,Western Australia
2020-07-26 00:00:00+00:00,13.02552,0.025,0.25647914,Western Australia
2020-07-27 00:00:00+00:00,15.047397,1.55,0.25186458,Western Australia
2020-07-28 00:00:00+00:00,12.355208,0.05,0.25051042,Western Australia
2020-07-29 00:00:00+00:00,11.730209,0.0,0.24964583,Western Australia
2020-07-30 00:00:00+00:00,13.435938,0.0,0.24642709,Western Australia
2020-07-31 00:00:00+00:00,12.296875,0.0,0.24313542,Western Australia
2020-08-01 00:00:00+00:00,10.56875,0.15,0.23940624,Western Australia
2020-08-02 00:00:00+00:00,11.435938,2.5249999,0.23634374,Western Australia
2020-08-03 00:00:00+00:00,10.291146,9.175,0.24392709,Western Australia
2020-08-04 00:00:00+00:00,10.0625,5.6000004,0.27321875,Western Australia
2020-08-05 00:00:00+00:00,11.404167,1.875,0.28269792,Western Australia
2020-08-06 00:00:00+00:00,9.798958,0.2,0.28236458,Western Australia
2020-08-07 00:00:00+00:00,8.693749,0.175,0.27901042,Western Australia
2020-08-08 00:00:00+00:00,11.453125,0.35000002,0.2748125,Western Australia
2020-08-09 00:00:00+00:00,11.458334,7.5,0.27484375,Western Australia
2020-08-10 00:00:00+00:00,12.896875,1.525,0.28096873,Western Australia
2020-08-11 00:00:00+00:00,12.371354,0.50000006,0.28063542,Western Australia
2020-08-12 00:00:00+00:00,11.08073,1.1750001,0.27947918,Western Australia
2020-08-13 00:00:00+00:00,10.367187,1.05,0.278125,Western Australia
2020-08-14 00:00:00+00:00,10.761979,0.1,0.27572918,Western Australia
2020-08-15 00:00:00+00:00,14.660937,2.725,0.2718854,Western Australia
2020-08-16 00:00:00+00:00,10.954165,1.025,0.26886457,Western Australia
2020-08-17 00:00:00+00:00,10.7375,0.5,0.2667812,Western Australia
2020-08-18 00:00:00+00:00,10.116146,0.75000006,0.2651146,Western Australia
2020-08-19 00:00:00+00:00,10.066146,0.3,0.2624271,Western Australia
2020-08-20 00:00:00+00:00,10.433854,0.1,0.25938544,Western Australia
2020-08-21 00:00:00+00:00,10.605207,0.05,0.25580212,Western Australia
2020-08-22 00:00:00+00:00,12.9869795,0.0,0.252125,Western Australia
2020-08-23 00:00:00+00:00,11.858854,0.125,0.24816667,Western Australia
2020-08-24 00:00:00+00:00,11.6375,0.05,0.24445835,Western Australia
2020-08-25 00:00:00+00:00,12.25573,0.0,0.23899998,Western Australia
2020-08-26 00:00:00+00:00,12.6692705,0.0,0.23324999,Western Australia
2020-08-27 00:00:00+00:00,15.031771,0.0,0.22814582,Western Australia
2020-08-28 00:00:00+00:00,18.207813,0.025,0.22302082,Western Australia
2020-08-29 00:00:00+00:00,10.869272,0.025,0.22154166,Western Australia
2020-08-30 00:00:00+00:00,11.089584,0.0,0.22182293,Western Australia
2020-08-31 00:00:00+00:00,15.910416,1.3,0.2200104,Western Australia
2020-09-01 00:00:00+00:00,11.405729,0.875,0.2191771,Western Australia
2020-09-02 00:00:00+00:00,11.782813,0.65,0.21696874,Western Australia
2020-09-03 00:00:00+00:00,13.436979,0.0,0.21600002,Western Australia
2020-09-04 00:00:00+00:00,14.148958,0.0,0.21412498,Western Australia
2020-09-05 00:00:00+00:00,17.091146,0.05,0.21097913,Western Australia
2020-09-06 00:00:00+00:00,16.98177,6.1500006,0.20826042,Western Australia
2020-09-07 00:00:00+00:00,11.552605,0.375,0.2079271,Western Australia
2020-09-08 00:00:00+00:00,13.536979,0.025,0.207875,Western Australia
2020-09-09 00:00:00+00:00,18.939583,0.42499998,0.20459376,Western Australia
2020-09-10 00:00:00+00:00,13.145833,0.3,0.20358332,Western Australia
2020-09-11 00:00:00+00:00,12.505208,2.675,0.20423958,Western Australia
2020-09-12 00:00:00+00:00,12.339062,0.0,0.20474997,Western Australia
2020-09-13 00:00:00+00:00,14.36875,0.0,0.20351043,Western Australia
2020-09-14 00:00:00+00:00,15.910417,0.0,0.2028542,Western Australia
2020-09-15 00:00:00+00:00,18.277603,0.15,0.20304167,Western Australia
2020-09-16 00:00:00+00:00,12.275521,1.0000001,0.20370835,Western Australia
2020-09-17 00:00:00+00:00,11.141147,0.52500004,0.20545836,Western Australia
2020-09-18 00:00:00+00:00,13.066147,0.20000002,0.20432292,Western Australia
2020-09-19 00:00:00+00:00,12.290625,0.95,0.20417708,Western Australia
2020-09-20 00:00:00+00:00,11.070312,1.7249999,0.20459375,Western Australia
2020-09-21 00:00:00+00:00,11.695833,0.70000005,0.204,Western Australia
2020-09-22 00:00:00+00:00,11.625001,0.32500002,0.20657293,Western Australia
2020-09-23 00:00:00+00:00,13.316146,0.0,0.20399997,Western Australia
2020-09-24 00:00:00+00:00,13.713019,0.0,0.202375,Western Australia
2020-09-25 00:00:00+00:00,14.4140625,0.25,0.19989583,Western Australia
2020-09-26 00:00:00+00:00,14.471874,2.6750002,0.19989583,Western Australia
2020-09-27 00:00:00+00:00,14.644791,0.075,0.2021146,Western Australia
2020-09-28 00:00:00+00:00,14.580729,0.725,0.2012396,Western Australia
2020-09-29 00:00:00+00:00,16.364061,0.0,0.20032293,Western Australia
2020-09-30 00:00:00+00:00,17.432812,0.0,0.199625,Western Australia
2020-10-01 00:00:00+00:00,17.002083,0.025,0.19660416,Western Australia
2020-10-02 00:00:00+00:00,12.649478,1.375,0.19493748,Western Australia
2020-10-03 00:00:00+00:00,10.0859375,0.7250001,0.19304165,Western Australia
2020-10-04 00:00:00+00:00,10.640104,2.475,0.19482294,Western Australia
2020-10-05 00:00:00+00:00,10.609375,0.1,0.19504166,Western Australia
2020-10-06 00:00:00+00:00,11.894793,0.125,0.1911771,Western Australia
2020-10-07 00:00:00+00:00,16.013542,0.2,0.1916354,Western Australia
2020-10-08 00:00:00+00:00,14.860936,0.025,0.19035417,Western Australia
2020-10-09 00:00:00+00:00,16.935936,0.0,0.18659373,Western Australia
2020-10-10 00:00:00+00:00,17.189062,0.0,0.18348962,Western Australia
2020-10-11 00:00:00+00:00,16.45625,0.0,0.18146878,Western Australia
2020-10-12 00:00:00+00:00,17.186459,0.0,0.1789479,Western Australia
2020-10-13 00:00:00+00:00,20.919271,0.025,0.17816667,Western Australia
2020-10-14 00:00:00+00:00,18.162498,0.35000002,0.17631248,Western Australia
2020-10-15 00:00:00+00:00,14.9453125,1.55,0.17560418,Western Australia
2020-10-16 00:00:00+00:00,13.974999,0.25,0.17312503,Western Australia
2020-10-17 00:00:00+00:00,15.159375,0.0,0.17169791,Western Australia
2020-10-18 00:00:00+00:00,18.01875,0.075,0.17105207,Western Australia
2020-10-19 00:00:00+00:00,19.79271,1.0250001,0.16973957,Western Australia
2020-10-20 00:00:00+00:00,17.663021,3.55,0.16964583,Western Australia
2020-10-21 00:00:00+00:00,15.295834,6.3250003,0.17453125,Western Australia
2020-10-22 00:00:00+00:00,14.294792,0.6500001,0.18596873,Western Australia
2020-10-23 00:00:00+00:00,14.083334,0.05,0.18790624,Western Australia
2020-10-24 00:00:00+00:00,15.13177,0.075,0.18664584,Western Australia
2020-10-25 00:00:00+00:00,18.723436,0.075,0.1846875,Western Australia
2020-10-26 00:00:00+00:00,20.64323,0.0,0.18115625,Western Australia
2020-10-27 00:00:00+00:00,20.717709,0.0,0.17944792,Western Australia
2020-10-28 00:00:00+00:00,17.16771,0.0,0.17787498,Western Australia
2020-10-29 00:00:00+00:00,16.88125,0.0,0.17648959,Western Australia
2020-10-30 00:00:00+00:00,21.603645,0.0,0.17458333,Western Australia
2020-10-31 00:00:00+00:00,24.336458,0.025,0.17285417,Western Australia
2020-11-01 00:00:00+00:00,20.094793,10.849999,0.1739375,Western Australia
2020-11-02 00:00:00+00:00,17.215624,7.775,0.1855,Western Australia
2020-11-03 00:00:00+00:00,15.09375,0.57500005,0.20058332,Western Australia
2020-11-04 00:00:00+00:00,13.585417,0.1,0.20288543,Western Australia
2020-11-05 00:00:00+00:00,15.97552,0.0,0.20023961,Western Australia
2020-11-06 00:00:00+00:00,15.2375,1.4,0.19847919,Western Australia
2020-11-07 00:00:00+00:00,17.13698,1.9499999,0.19808334,Western Australia
2020-11-08 00:00:00+00:00,20.411459,0.0,0.19650003,Western Australia
2020-11-09 00:00:00+00:00,18.451561,5.15,0.19319792,Western Australia
2020-11-10 00:00:00+00:00,13.305208,1.125,0.19340628,Western Australia
2020-11-11 00:00:00+00:00,13.311978,0.25,0.1926458,Western Australia
2020-11-12 00:00:00+00:00,16.184896,0.0,0.18965626,Western Australia
2020-11-13 00:00:00+00:00,17.24427,3.3749995,0.18568751,Western Australia
2020-11-14 00:00:00+00:00,14.968229,5.9500003,0.18739584,Western Australia
2020-11-15 00:00:00+00:00,14.581249,0.05,0.18814586,Western Australia
2020-11-16 00:00:00+00:00,18.44479,0.0,0.1848333,Western Australia
2020-11-17 00:00:00+00:00,20.022396,0.0,0.18137501,Western Australia
2020-11-18 00:00:00+00:00,20.027082,0.0,0.17800002,Western Australia
2020-11-19 00:00:00+00:00,20.713543,0.0,0.17422917,Western Australia
2020-11-20 00:00:00+00:00,20.607811,0.75000006,0.17125,Western Australia
2020-11-21 00:00:00+00:00,17.607292,0.05,0.16952083,Western Australia
2020-11-22 00:00:00+00:00,18.433853,0.0,0.166875,Western Australia
2020-11-23 00:00:00+00:00,23.648438,0.0,0.16534376,Western Australia
2020-11-24 00:00:00+00:00,26.063541,0.025,0.16386461,Western Australia
2020-11-25 00:00:00+00:00,17.420834,0.0,0.16324997,Western Australia
2020-11-26 00:00:00+00:00,22.256771,0.0,0.162125,Western Australia
2020-11-27 00:00:00+00:00,16.940626,1.4000001,0.16119792,Western Australia
2020-11-28 00:00:00+00:00,15.578646,0.1,0.16034374,Western Australia
2020-11-29 00:00:00+00:00,19.658335,0.95,0.15895836,Western Australia
2020-11-30 00:00:00+00:00,13.593229,0.6,0.15781249,Western Australia
2020-12-01 00:00:00+00:00,14.7369795,0.0,0.15708333,Western Australia
2020-12-02 00:00:00+00:00,20.865625,0.0,0.15556249,Western Australia
2020-12-03 00:00:00+00:00,22.426561,0.05,0.1538125,Western Australia
2020-12-04 00:00:00+00:00,18.727604,0.025,0.15188542,Western Australia
2020-12-05 00:00:00+00:00,16.608852,0.0,0.15151042,Western Australia
2020-12-06 00:00:00+00:00,17.13802,0.0,0.15101042,Western Australia
2020-12-07 00:00:00+00:00,18.581251,0.0,0.15040626,Western Australia
2020-12-08 00:00:00+00:00,25.048958,0.0,0.14940625,Western Australia
2020-12-09 00:00:00+00:00,22.93802,1.0749999,0.14921874,Western Australia
2020-12-10 00:00:00+00:00,21.398438,0.75,0.14995831,Western Australia
2020-12-11 00:00:00+00:00,21.253647,0.5,0.15150002,Western Australia
2020-12-12 00:00:00+00:00,21.03854,0.625,0.15283334,Western Australia
2020-12-13 00:00:00+00:00,20.66198,0.17500001,0.1519792,Western Australia
2020-12-14 00:00:00+00:00,16.35625,0.0,0.15145832,Western Australia
2020-12-15 00:00:00+00:00,17.284374,0.0,0.15111458,Western Australia
2020-12-16 00:00:00+00:00,17.604689,1.35,0.15021876,Western Australia
2020-12-17 00:00:00+00:00,17.50677,0.0,0.1501146,Western Australia
2020-12-18 00:00:00+00:00,19.003124,0.0,0.14775002,Western Australia
2020-12-19 00:00:00+00:00,21.704166,0.0,0.14675,Western Australia
2020-12-20 00:00:00+00:00,19.266666,0.275,0.14615624,Western Australia
2020-12-21 00:00:00+00:00,17.791145,0.0,0.14625001,Western Australia
2020-12-22 00:00:00+00:00,20.243229,0.0,0.14535415,Western Australia
2020-12-23 00:00:00+00:00,23.557293,0.0,0.14487502,Western Australia
2020-12-24 00:00:00+00:00,27.934895,0.0,0.14420831,Western Australia
2020-12-25 00:00:00+00:00,27.970312,0.0,0.14372917,Western Australia
2020-12-26 00:00:00+00:00,19.701042,0.17500001,0.1445,Western Australia
2020-12-27 00:00:00+00:00,15.983333,0.0,0.14265627,Western Australia
2020-12-28 00:00:00+00:00,19.503124,0.0,0.1418646,Western Australia
2020-12-29 00:00:00+00:00,23.909895,0.0,0.14176041,Western Australia
2020-12-30 00:00:00+00:00,24.253126,0.45,0.14161456,Western Australia
2020-12-31 00:00:00+00:00,21.987501,2.4999998,0.14087501,Western Australia
2021-01-01 00:00:00+00:00,19.770834,0.6750001,0.14265627,Western Australia
2021-01-02 00:00:00+00:00,17.947918,0.15,0.14415626,Western Australia
2021-01-03 00:00:00+00:00,17.681252,0.1,0.14357291,Western Australia
2021-01-04 00:00:00+00:00,18.3375,0.05,0.14328125,Western Australia
2021-01-05 00:00:00+00:00,18.851042,0.0,0.1425,Western Australia
2021-01-06 00:00:00+00:00,20.803646,0.0,0.14253125,Western Australia
2021-01-07 00:00:00+00:00,23.748959,0.0,0.1418646,Western Australia
2021-01-08 00:00:00+00:00,27.204166,0.0,0.14066668,Western Australia
2021-01-09 00:00:00+00:00,29.677084,0.0,0.14020832,Western Australia
2021-01-10 00:00:00+00:00,22.47083,0.05,0.14007293,Western Australia
2021-01-11 00:00:00+00:00,19.067188,0.025,0.13976043,Western Australia
2021-01-12 00:00:00+00:00,21.591145,0.0,0.13971877,Western Australia
2021-01-13 00:00:00+00:00,18.132292,0.0,0.13852084,Western Australia
2021-01-14 00:00:00+00:00,18.42552,0.0,0.13739583,Western Australia
2021-01-15 00:00:00+00:00,18.04948,0.15,0.13753124,Western Australia
2021-01-16 00:00:00+00:00,18.970312,0.0,0.1373125,Western Australia
2021-01-17 00:00:00+00:00,21.127605,0.0,0.13697916,Western Australia
2021-01-18 00:00:00+00:00,23.751562,0.0,0.13632292,Western Australia
2021-01-19 00:00:00+00:00,27.427084,0.0,0.13604167,Western Australia
2021-01-20 00:00:00+00:00,25.164062,0.125,0.13587499,Western Australia
2021-01-21 00:00:00+00:00,23.29479,0.0,0.13634375,Western Australia
2021-01-22 00:00:00+00:00,26.64531,0.0,0.13608332,Western Australia
2021-01-23 00:00:00+00:00,25.831247,0.375,0.13535418,Western Australia
2021-01-24 00:00:00+00:00,20.721874,1.125,0.13830207,Western Australia
2021-01-25 00:00:00+00:00,19.443752,0.075,0.13978125,Western Australia
2021-01-26 00:00:00+00:00,20.84219,8.925,0.13952084,Western Australia
2021-01-27 00:00:00+00:00,18.540625,2.2499998,0.14872916,Western Australia
2021-01-28 00:00:00+00:00,19.39375,0.15,0.15146875,Western Australia
2021-01-29 00:00:00+00:00,19.54375,0.0,0.15,Western Australia
2021-01-30 00:00:00+00:00,20.61823,0.0,0.14811458,Western Australia
2021-01-31 00:00:00+00:00,22.19896,0.0,0.14696875,Western Australia
2021-02-01 00:00:00+00:00,21.576042,0.0,0.14592709,Western Australia
2021-02-02 00:00:00+00:00,22.409897,0.8,0.14485414,Western Australia
2021-02-03 00:00:00+00:00,18.61927,0.675,0.1477917,Western Australia
2021-02-04 00:00:00+00:00,15.193228,0.125,0.14836457,Western Australia
2021-02-05 00:00:00+00:00,16.586458,0.05,0.14772919,Western Australia
2021-02-06 00:00:00+00:00,17.035938,11.35,0.14767708,Western Australia
2021-02-07 00:00:00+00:00,18.307812,8.025001,0.16421875,Western Australia
2021-02-08 00:00:00+00:00,21.427084,0.15,0.17391668,Western Australia
2021-02-09 00:00:00+00:00,20.016668,0.125,0.17147917,Western Australia
2021-02-10 00:00:00+00:00,17.733854,0.1,0.16808337,Western Australia
2021-02-11 00:00:00+00:00,16.777082,0.0,0.16435416,Western Australia
2021-02-12 00:00:00+00:00,18.365625,0.0,0.1609167,Western Australia
2021-02-13 00:00:00+00:00,22.429688,0.0,0.15792708,Western Australia
2021-02-14 00:00:00+00:00,24.010939,0.025,0.15610416,Western Australia
2021-02-15 00:00:00+00:00,26.485416,0.0,0.1540521,Western Australia
2021-02-16 00:00:00+00:00,28.590626,0.0,0.1525625,Western Australia
2021-02-17 00:00:00+00:00,27.151562,3.2,0.15371875,Western Australia
2021-02-18 00:00:00+00:00,18.36146,0.1,0.15402082,Western Australia
2021-02-19 00:00:00+00:00,18.453125,0.0,0.1533333,Western Australia
2021-02-20 00:00:00+00:00,20.7125,0.0,0.15198958,Western Australia
2021-02-21 00:00:00+00:00,21.316668,0.0,0.1502604,Western Australia
2021-02-22 00:00:00+00:00,22.364582,0.0,0.14964584,Western Australia
2021-02-23 00:00:00+00:00,25.072395,0.0,0.14907292,Western Australia
2021-02-24 00:00:00+00:00,22.667187,0.0,0.14911461,Western Australia
2021-02-25 00:00:00+00:00,21.888542,0.425,0.14927083,Western Australia
2021-02-26 00:00:00+00:00,18.922396,1.0250001,0.14902084,Western Australia
2021-02-27 00:00:00+00:00,19.604168,0.075,0.14845833,Western Australia
2021-02-28 00:00:00+00:00,19.547396,0.125,0.14765626,Western Australia
2021-03-01 00:00:00+00:00,18.528126,7.7749996,0.14741668,Western Australia
2021-03-02 00:00:00+00:00,20.513542,3.925,0.14895834,Western Australia
2021-03-03 00:00:00+00:00,21.14479,12.674999,0.16855209,Western Australia
2021-03-04 00:00:00+00:00,19.819792,12.949999,0.21807294,Western Australia
2021-03-05 00:00:00+00:00,21.322914,4.25,0.23823963,Western Australia
2021-03-06 00:00:00+00:00,20.777603,0.95,0.2426146,Western Australia
2021-03-07 00:00:00+00:00,19.456772,0.8500001,0.24179167,Western Australia
2021-03-08 00:00:00+00:00,19.435417,0.6,0.23856252,Western Australia
2021-03-09 00:00:00+00:00,21.130207,0.275,0.23327082,Western Australia
2021-03-10 00:00:00+00:00,22.835938,1.2499999,0.2286979,Western Australia
2021-03-11 00:00:00+00:00,23.453644,1.85,0.22874999,Western Australia
2021-03-12 00:00:00+00:00,16.302084,2.6499999,0.22784379,Western Australia
2021-03-13 00:00:00+00:00,14.558332,0.0,0.22644792,Western Australia
2021-03-14 00:00:00+00:00,16.100521,0.0,0.22301044,Western Australia
2021-03-15 00:00:00+00:00,18.465626,0.0,0.2182396,Western Australia
2021-03-16 00:00:00+00:00,21.20625,0.0,0.21292707,Western Australia
2021-03-17 00:00:00+00:00,23.254166,0.0,0.20756249,Western Australia
2021-03-18 00:00:00+00:00,23.427084,0.0,0.20189586,Western Australia
2021-03-19 00:00:00+00:00,23.23854,0.0,0.19870831,Western Australia
2021-03-20 00:00:00+00:00,24.015106,0.0,0.19597915,Western Australia
2021-03-21 00:00:00+00:00,23.957813,0.0,0.19178125,Western Australia
2021-03-22 00:00:00+00:00,20.189583,1.45,0.18857293,Western Australia
2021-03-23 00:00:00+00:00,15.256771,0.25,0.18784375,Western Australia
2021-03-24 00:00:00+00:00,15.767188,0.15,0.18606247,Western Australia
2021-03-25 00:00:00+00:00,17.891146,0.0,0.18454166,Western Australia
2021-03-26 00:00:00+00:00,17.81302,0.0,0.1829896,Western Australia
2021-03-27 00:00:00+00:00,20.24375,0.0,0.18065625,Western Australia
2021-03-28 00:00:00+00:00,24.6625,0.0,0.17910415,Western Australia
2021-03-29 00:00:00+00:00,29.821873,0.0,0.17667708,Western Australia
2021-03-30 00:00:00+00:00,28.95677,0.0,0.17434373,Western Australia
2021-03-31 00:00:00+00:00,24.338541,0.0,0.17334375,Western Australia
2021-04-01 00:00:00+00:00,25.681248,0.0,0.17209375,Western Australia
2021-04-02 00:00:00+00:00,24.298958,0.0,0.17157292,Western Australia
2021-04-03 00:00:00+00:00,19.886457,0.15,0.17082292,Western Australia
2021-04-04 00:00:00+00:00,21.55573,0.0,0.1691354,Western Australia
2021-04-05 00:00:00+00:00,23.915627,0.0,0.16898957,Western Australia
2021-04-06 00:00:00+00:00,23.620834,0.0,0.16808331,Western Australia
2021-04-07 00:00:00+00:00,20.740105,0.8500001,0.16686459,Western Australia
2021-04-08 00:00:00+00:00,17.103645,4.55,0.16514581,Western Australia
2021-04-09 00:00:00+00:00,16.190624,0.15,0.1648854,Western Australia
2021-04-10 00:00:00+00:00,17.391148,0.2,0.16467705,Western Australia
2021-04-11 00:00:00+00:00,17.024479,15.9,0.16643749,Western Australia
2021-04-12 00:00:00+00:00,15.560938,5.225,0.1870729,Western Australia
2021-04-13 00:00:00+00:00,13.019271,0.1,0.1965,Western Australia
2021-04-14 00:00:00+00:00,14.76198,0.2,0.19827083,Western Australia
2021-04-15 00:00:00+00:00,15.228645,0.1,0.19798955,Western Australia
2021-04-16 00:00:00+00:00,15.3984375,0.0,0.19702081,Western Australia
2021-04-17 00:00:00+00:00,16.00052,0.0,0.19533333,Western Australia
2021-04-18 00:00:00+00:00,16.304688,0.0,0.19287501,Western Australia
2021-04-19 00:00:00+00:00,16.560417,0.125,0.19122918,Western Australia
2021-04-20 00:00:00+00:00,15.661459,0.45000002,0.190375,Western Australia
2021-04-21 00:00:00+00:00,15.25052,0.05,0.1893646,Western Australia
2021-04-22 00:00:00+00:00,15.405729,0.075,0.18832293,Western Australia
2021-04-23 00:00:00+00:00,17.110939,0.0,0.18739584,Western Australia
2021-04-24 00:00:00+00:00,18.790623,0.0,0.18705204,Western Australia
2021-04-25 00:00:00+00:00,19.341146,0.0,0.18470833,Western Australia
2021-04-26 00:00:00+00:00,21.020313,0.0,0.18289584,Western Australia
2021-04-27 00:00:00+00:00,20.340105,0.0,0.183,Western Australia
2021-04-28 00:00:00+00:00,21.217709,0.0,0.18095835,Western Australia
2021-04-29 00:00:00+00:00,21.714064,3.6749997,0.18040627,Western Australia
2021-04-30 00:00:00+00:00,12.751043,0.84999996,0.1812292,Western Australia
2021-05-01 00:00:00+00:00,13.813021,0.0,0.18169792,Western Australia
2021-05-02 00:00:00+00:00,14.970312,0.0,0.1810729,Western Australia
2021-05-03 00:00:00+00:00,16.051563,0.25,0.18089584,Western Australia
2021-05-04 00:00:00+00:00,15.472918,19.95,0.18541667,Western Australia
2021-05-05 00:00:00+00:00,15.636979,6.6,0.22178124,Western Australia
2021-05-06 00:00:00+00:00,16.131248,1.55,0.23048958,Western Australia
2021-05-07 00:00:00+00:00,14.249479,0.425,0.23327085,Western Australia
2021-05-08 00:00:00+00:00,13.80625,0.075,0.23514587,Western Australia
2021-05-09 00:00:00+00:00,15.535417,0.025,0.23398957,Western Australia
2021-05-10 00:00:00+00:00,14.83125,0.15,0.23347917,Western Australia
2021-05-11 00:00:00+00:00,16.479166,0.05,0.23029166,Western Australia
2021-05-12 00:00:00+00:00,13.458855,0.825,0.22791672,Western Australia
2021-05-13 00:00:00+00:00,12.738542,0.05,0.22715622,Western Australia
2021-05-14 00:00:00+00:00,13.214582,0.125,0.225125,Western Australia
2021-05-15 00:00:00+00:00,13.889583,0.025,0.22396874,Western Australia
2021-05-16 00:00:00+00:00,15.168229,0.0,0.22328126,Western Australia
2021-05-17 00:00:00+00:00,16.578646,0.05,0.21958333,Western Australia
2021-05-18 00:00:00+00:00,16.92604,0.2,0.2154375,Western Australia
2021-05-19 00:00:00+00:00,15.295313,1.7499999,0.2129375,Western Australia
2021-05-20 00:00:00+00:00,15.2875,0.0,0.2105,Western Australia
2021-05-21 00:00:00+00:00,16.669792,0.0,0.20821877,Western Australia
2021-05-22 00:00:00+00:00,16.318748,3.65,0.20779167,Western Australia
2021-05-23 00:00:00+00:00,12.004687,1.9749999,0.21130207,Western Australia
2021-05-24 00:00:00+00:00,8.805208,0.62500006,0.21679166,Western Australia
2021-05-25 00:00:00+00:00,10.460417,0.2,0.21926045,Western Australia
2021-05-26 00:00:00+00:00,12.4125,0.0,0.22366667,Western Australia
2021-05-27 00:00:00+00:00,13.629687,0.0,0.2239271,Western Australia
2021-05-28 00:00:00+00:00,16.502605,4.125,0.2203021,Western Australia
2021-05-29 00:00:00+00:00,15.202604,5.975,0.21815623,Western Australia
2021-05-30 00:00:00+00:00,13.575001,3.6499999,0.22696872,Western Australia
2021-05-31 00:00:00+00:00,12.399479,6.3250003,0.24928126,Western Australia
2021-06-01 00:00:00+00:00,11.877084,0.95,0.25882295,Western Australia
2021-06-02 00:00:00+00:00,12.525,0.47500005,0.2605521,Western Australia
2021-06-03 00:00:00+00:00,12.546354,0.125,0.25979164,Western Australia
2021-06-04 00:00:00+00:00,12.2734375,0.0,0.258625,Western Australia
2021-06-05 00:00:00+00:00,12.117708,0.0,0.25724998,Western Australia
2021-06-06 00:00:00+00:00,13.392708,0.275,0.25456253,Western Australia
2021-06-07 00:00:00+00:00,11.127083,0.075,0.2527604,Western Australia
2021-06-08 00:00:00+00:00,10.779688,0.025,0.2527708,Western Australia
2021-06-09 00:00:00+00:00,12.367709,3.825,0.2521354,Western Australia
2021-06-10 00:00:00+00:00,14.4453125,1.25,0.25522915,Western Australia
2021-06-11 00:00:00+00:00,13.526563,1.7750001,0.25553128,Western Australia
2021-06-12 00:00:00+00:00,12.005209,3.725,0.26348957,Western Australia
2021-06-13 00:00:00+00:00,11.834896,0.7,0.27010417,Western Australia
2021-06-14 00:00:00+00:00,9.977083,0.75000006,0.27109376,Western Australia
2021-06-15 00:00:00+00:00,10.263542,1.3999999,0.2724896,Western Australia
2021-06-16 00:00:00+00:00,11.14427,0.75000006,0.2723229,Western Australia
2021-06-17 00:00:00+00:00,9.479689,0.1,0.27195835,Western Australia
2021-06-18 00:00:00+00:00,9.190104,0.0,0.26955205,Western Australia
2021-06-19 00:00:00+00:00,10.282291,0.175,0.26705205,Western Australia
2021-06-20 00:00:00+00:00,10.34375,5.675,0.26607293,Western Australia
2021-06-21 00:00:00+00:00,8.875521,8.400001,0.28669795,Western Australia
2021-06-22 00:00:00+00:00,9.339583,1.925,0.28863543,Western Australia
2021-06-23 00:00:00+00:00,9.980729,1.5,0.2890208,Western Australia
2021-06-24 00:00:00+00:00,8.3,0.225,0.28890625,Western Australia
2021-06-25 00:00:00+00:00,8.188542,0.0,0.28646868,Western Australia
2021-06-26 00:00:00+00:00,9.966146,0.0,0.2839167,Western Australia
2021-06-27 00:00:00+00:00,12.282291,1.0,0.28064585,Western Australia
2021-06-28 00:00:00+00:00,13.194791,0.9250001,0.27694792,Western Australia
2021-06-29 00:00:00+00:00,9.139062,1.6,0.27563542,Western Australia
2021-06-30 00:00:00+00:00,10.014584,0.025,0.27425003,Western Australia
2021-07-01 00:00:00+00:00,10.697917,0.82500005,0.2733229,Western Australia
2021-07-02 00:00:00+00:00,9.413021,0.22500001,0.27174994,Western Australia
2021-07-03 00:00:00+00:00,10.50625,0.0,0.26876038,Western Australia
2021-07-04 00:00:00+00:00,11.322396,2.525,0.26871872,Western Australia
2021-07-05 00:00:00+00:00,10.349478,1.25,0.26919794,Western Australia
2021-07-06 00:00:00+00:00,12.327603,3.625,0.27147916,Western Australia
2021-07-07 00:00:00+00:00,11.074479,0.5,0.27525,Western Australia
2021-07-08 00:00:00+00:00,11.177083,0.32500002,0.27677083,Western Australia
2021-07-09 00:00:00+00:00,12.239063,7.55,0.2828229,Western Australia
2021-07-10 00:00:00+00:00,9.982292,0.15,0.29128125,Western Australia
2021-07-11 00:00:00+00:00,9.866145,0.225,0.28864583,Western Australia
2021-07-12 00:00:00+00:00,13.063541,5.950001,0.29620835,Western Australia
2021-07-13 00:00:00+00:00,13.46198,1.5499997,0.3015417,Western Australia
2021-07-14 00:00:00+00:00,11.596874,0.975,0.2995937,Western Australia
2021-07-15 00:00:00+00:00,10.380729,0.6,0.29797912,Western Australia
2021-07-16 00:00:00+00:00,11.316146,1.05,0.29340625,Western Australia
2021-07-17 00:00:00+00:00,11.0026045,0.725,0.28937504,Western Australia
2021-07-18 00:00:00+00:00,11.406771,1.7,0.28784373,Western Australia
2021-07-19 00:00:00+00:00,11.534375,0.375,0.28693748,Western Australia
2021-07-20 00:00:00+00:00,11.590103,15.224999,0.29564583,Western Australia
2021-07-21 00:00:00+00:00,11.54375,1.5250001,0.31735417,Western Australia
2021-07-22 00:00:00+00:00,9.766147,0.125,0.31465623,Western Australia
2021-07-23 00:00:00+00:00,10.189584,0.675,0.31012493,Western Australia
2021-07-24 00:00:00+00:00,10.965624,0.05,0.30621874,Western Australia
2021-07-25 00:00:00+00:00,12.595834,0.075,0.30205205,Western Australia
2021-07-26 00:00:00+00:00,13.813541,10.650001,0.30485415,Western Australia
2021-07-27 00:00:00+00:00,10.163542,0.225,0.31158334,Western Australia
2021-07-28 00:00:00+00:00,12.234375,1.275,0.3092813,Western Australia
2021-07-29 00:00:00+00:00,13.998959,2.8249998,0.3054792,Western Australia
2021-07-30 00:00:00+00:00,9.224479,0.99999994,0.30363542,Western Australia
2021-07-31 00:00:00+00:00,9.362499,2.6,0.3001875,Western Australia
2021-08-01 00:00:00+00:00,8.011979,4.2,0.30531254,Western Australia
2021-08-02 00:00:00+00:00,9.490624,0.15,0.30697915,Western Australia
2021-08-03 00:00:00+00:00,9.819271,0.0,0.30433333,Western Australia
2021-08-04 00:00:00+00:00,9.776562,0.1,0.2997187,Western Australia
2021-08-05 00:00:00+00:00,10.019271,0.0,0.29408333,Western Australia
2021-08-06 00:00:00+00:00,11.711979,0.0,0.29065624,Western Australia
2021-08-07 00:00:00+00:00,14.223438,5.0000005,0.29003125,Western Australia
2021-08-08 00:00:00+00:00,15.233335,1.95,0.29342708,Western Australia
2021-08-09 00:00:00+00:00,13.7786455,2.575,0.29565626,Western Australia
2021-08-10 00:00:00+00:00,7.779688,4.0,0.3016354,Western Australia
2021-08-11 00:00:00+00:00,10.350521,0.025,0.30354172,Western Australia
2021-08-12 00:00:00+00:00,10.429687,0.1,0.29934373,Western Australia
2021-08-13 00:00:00+00:00,10.451563,0.0,0.29565626,Western Australia
2021-08-14 00:00:00+00:00,11.803645,0.0,0.2909375,Western Australia
2021-08-15 00:00:00+00:00,11.240625,0.0,0.28382292,Western Australia
2021-08-16 00:00:00+00:00,12.9453125,0.0,0.2795208,Western Australia
2021-08-17 00:00:00+00:00,15.2994795,0.225,0.27525002,Western Australia
2021-08-18 00:00:00+00:00,13.195832,1.6249999,0.2709792,Western Australia
2021-08-19 00:00:00+00:00,12.792708,0.975,0.2711875,Western Australia
2021-08-20 00:00:00+00:00,12.25573,0.05,0.27085418,Western Australia
2021-08-21 00:00:00+00:00,13.442187,0.75,0.27139586,Western Australia
2021-08-22 00:00:00+00:00,9.64375,0.3,0.27018753,Western Australia
2021-08-23 00:00:00+00:00,9.375,0.0,0.26843747,Western Australia
2021-08-24 00:00:00+00:00,10.387501,0.0,0.26687497,Western Australia
2021-08-25 00:00:00+00:00,12.813021,0.05,0.26285416,Western Australia
2021-08-26 00:00:00+00:00,11.664583,1.95,0.25976047,Western Australia
2021-08-27 00:00:00+00:00,9.268749,0.75,0.25731254,Western Australia
2021-08-28 00:00:00+00:00,11.484374,0.25,0.25664583,Western Australia
2021-08-29 00:00:00+00:00,13.615104,0.37500003,0.2566146,Western Australia
2021-08-30 00:00:00+00:00,14.753124,0.05,0.2541771,Western Australia
2021-08-31 00:00:00+00:00,14.4609375,0.0,0.25149998,Western Australia
2021-09-01 00:00:00+00:00,12.582292,5.975,0.2498854,Western Australia
2021-09-02 00:00:00+00:00,7.1348953,0.62500006,0.25588542,Western Australia
2021-09-03 00:00:00+00:00,8.071875,0.47500002,0.26417708,Western Australia
2021-09-04 00:00:00+00:00,9.634895,0.0,0.26432294,Western Australia
2021-09-05 00:00:00+00:00,11.829686,0.0,0.2602083,Western Australia
2021-09-06 00:00:00+00:00,13.97552,0.0,0.25439584,Western Australia
2021-09-07 00:00:00+00:00,17.359375,0.0,0.24419796,Western Australia
2021-09-08 00:00:00+00:00,18.197395,0.375,0.23629165,Western Australia
2021-09-09 00:00:00+00:00,13.102082,5.225,0.23786455,Western Australia
2021-09-10 00:00:00+00:00,11.752083,0.15,0.24305212,Western Australia
2021-09-11 00:00:00+00:00,10.258333,0.4,0.24009377,Western Australia
2021-09-12 00:00:00+00:00,9.673959,0.05,0.2384271,Western Australia
2021-09-13 00:00:00+00:00,11.6171875,0.0,0.2343021,Western Australia
2021-09-14 00:00:00+00:00,13.432812,0.0,0.23129165,Western Australia
2021-09-15 00:00:00+00:00,16.040104,2.025,0.22757292,Western Australia
2021-09-16 00:00:00+00:00,11.095833,0.45000002,0.22540623,Western Australia
2021-09-17 00:00:00+00:00,9.738021,0.025,0.22781248,Western Australia
2021-09-18 00:00:00+00:00,14.107291,0.1,0.22685419,Western Australia
2021-09-19 00:00:00+00:00,11.814063,0.95,0.22552083,Western Australia
2021-09-20 00:00:00+00:00,11.46875,0.0,0.2237396,Western Australia
2021-09-21 00:00:00+00:00,14.360937,0.0,0.22253127,Western Australia
2021-09-22 00:00:00+00:00,16.789583,0.0,0.21763541,Western Australia
2021-09-23 00:00:00+00:00,13.6848955,0.35000002,0.2127813,Western Australia
2021-09-24 00:00:00+00:00,11.548438,0.0,0.21022914,Western Australia
2021-09-25 00:00:00+00:00,14.164062,0.6750001,0.20712504,Western Australia
2021-09-26 00:00:00+00:00,16.004688,0.9,0.20614582,Western Australia
2021-09-27 00:00:00+00:00,13.269792,2.275,0.20679164,Western Australia
2021-09-28 00:00:00+00:00,12.886979,0.87500006,0.20657293,Western Australia
2021-09-29 00:00:00+00:00,15.05,0.37500003,0.20666666,Western Australia
2021-09-30 00:00:00+00:00,16.98021,0.175,0.20628124,Western Australia
2021-10-01 00:00:00+00:00,14.999999,12.924999,0.20898956,Western Australia
2021-10-02 00:00:00+00:00,13.090625,0.9499999,0.22641666,Western Australia
2021-10-03 00:00:00+00:00,10.535937,0.125,0.23421878,Western Australia
2021-10-04 00:00:00+00:00,13.632293,0.15,0.23310415,Western Australia
2021-10-05 00:00:00+00:00,10.985938,0.7,0.23082295,Western Australia
2021-10-06 00:00:00+00:00,10.745313,0.025,0.22776042,Western Australia
2021-10-07 00:00:00+00:00,15.0703125,0.1,0.22232291,Western Australia
2021-10-08 00:00:00+00:00,12.596875,0.1,0.21943754,Western Australia
2021-10-09 00:00:00+00:00,10.873959,0.075,0.21850002,Western Australia
2021-10-10 00:00:00+00:00,13.444793,0.0,0.2157708,Western Australia
2021-10-11 00:00:00+00:00,12.735937,4.4500003,0.21341667,Western Australia
2021-10-12 00:00:00+00:00,10.520311,1.4499999,0.21303122,Western Australia
2021-10-13 00:00:00+00:00,12.424479,0.45000002,0.21410416,Western Australia
2021-10-14 00:00:00+00:00,12.815104,0.2,0.21254168,Western Australia
2021-10-15 00:00:00+00:00,18.077602,0.075,0.20708334,Western Australia
2021-10-16 00:00:00+00:00,18.776043,0.1,0.20535414,Western Australia
2021-10-17 00:00:00+00:00,17.708855,0.025,0.20213544,Western Australia
2021-10-18 00:00:00+00:00,20.570833,0.925,0.19935417,Western Australia
2021-10-19 00:00:00+00:00,17.364582,9.125,0.20055205,Western Australia
2021-10-20 00:00:00+00:00,15.869791,2.025,0.20210412,Western Australia
2021-10-21 00:00:00+00:00,14.639584,0.325,0.2031979,Western Australia
2021-10-22 00:00:00+00:00,13.571354,0.125,0.20293753,Western Australia
2021-10-23 00:00:00+00:00,15.535416,0.025,0.19930209,Western Australia
2021-10-24 00:00:00+00:00,20.714582,0.32500002,0.19682294,Western Australia
2021-10-25 00:00:00+00:00,14.717188,4.6249995,0.19531249,Western Australia
2021-10-26 00:00:00+00:00,11.691146,6.2749996,0.19765626,Western Australia
2021-10-27 00:00:00+00:00,10.9921875,5.525,0.2067604,Western Australia
2021-10-28 00:00:00+00:00,10.9453125,0.22500001,0.21606252,Western Australia
2021-10-29 00:00:00+00:00,11.789583,0.225,0.21713538,Western Australia
2021-10-30 00:00:00+00:00,14.9505205,0.0,0.21607293,Western Australia
2021-10-31 00:00:00+00:00,19.743229,1.7749999,0.21196875,Western Australia
2021-11-01 00:00:00+00:00,15.545311,0.2,0.20845832,Western Australia
2021-11-02 00:00:00+00:00,13.614584,0.025,0.20729168,Western Australia
2021-11-03 00:00:00+00:00,16.992706,0.0,0.20415626,Western Australia
2021-11-04 00:00:00+00:00,19.432812,0.3,0.2003021,Western Australia
2021-11-05 00:00:00+00:00,14.966667,0.275,0.19784375,Western Australia
2021-11-06 00:00:00+00:00,13.143229,0.025,0.1994375,Western Australia
2021-11-07 00:00:00+00:00,14.895313,0.05,0.19802085,Western Australia
2021-11-08 00:00:00+00:00,15.567187,0.55,0.19768749,Western Australia
2021-11-09 00:00:00+00:00,12.9036455,0.075,0.19814588,Western Australia
2021-11-10 00:00:00+00:00,13.686979,0.075,0.19461459,Western Australia
2021-11-11 00:00:00+00:00,14.279167,0.20000002,0.19063544,Western Australia
2021-11-12 00:00:00+00:00,13.267188,0.05,0.18721873,Western Australia
2021-11-13 00:00:00+00:00,14.308854,0.0,0.18471879,Western Australia
2021-11-14 00:00:00+00:00,17.240105,2.825,0.18368754,Western Australia
2021-11-15 00:00:00+00:00,20.294792,0.075,0.18118748,Western Australia
2021-11-16 00:00:00+00:00,20.283335,1.025,0.17884377,Western Australia
2021-11-17 00:00:00+00:00,17.973436,3.0,0.17872919,Western Australia
2021-11-18 00:00:00+00:00,14.50573,2.8499997,0.17914583,Western Australia
2021-11-19 00:00:00+00:00,13.234895,0.55,0.18264583,Western Australia
2021-11-20 00:00:00+00:00,17.89323,0.0,0.18045834,Western Australia
2021-11-21 00:00:00+00:00,20.84219,6.15,0.1750521,Western Australia
2021-11-22 00:00:00+00:00,17.279686,1.725,0.17723958,Western Australia
2021-11-23 00:00:00+00:00,15.4036455,0.425,0.18058336,Western Australia
2021-11-24 00:00:00+00:00,16.921875,0.0,0.1781875,Western Australia
2021-11-25 00:00:00+00:00,18.497396,0.025,0.1737292,Western Australia
2021-11-26 00:00:00+00:00,20.046354,0.20000002,0.17029166,Western Australia
2021-11-27 00:00:00+00:00,22.49375,0.0,0.16879167,Western Australia
2021-11-28 00:00:00+00:00,25.429163,0.0,0.16792709,Western Australia
2021-11-29 00:00:00+00:00,19.770313,0.0,0.16730207,Western Australia
2021-11-30 00:00:00+00:00,16.39375,0.025,0.16679165,Western Australia
2021-12-01 00:00:00+00:00,18.098436,0.0,0.16592708,Western Australia
2021-12-02 00:00:00+00:00,17.785418,0.1,0.164875,Western Australia
2021-12-03 00:00:00+00:00,18.101562,0.0,0.16361457,Western Australia
2021-12-04 00:00:00+00:00,19.357811,0.0,0.16365623,Western Australia
2021-12-05 00:00:00+00:00,20.936459,0.0,0.16237502,Western Australia
2021-12-06 00:00:00+00:00,17.225,0.075,0.16280209,Western Australia
2021-12-07 00:00:00+00:00,19.725521,0.0,0.16314583,Western Australia
2021-12-08 00:00:00+00:00,22.440624,0.0,0.16184375,Western Australia
2021-12-09 00:00:00+00:00,24.626562,0.125,0.16388541,Western Australia
2021-12-10 00:00:00+00:00,22.854168,0.0,0.16387501,Western Australia
2021-12-11 00:00:00+00:00,19.098438,0.075,0.16447917,Western Australia
2021-12-12 00:00:00+00:00,15.871874,0.20000002,0.16410416,Western Australia
2021-12-13 00:00:00+00:00,17.998438,0.0,0.16422914,Western Australia
2021-12-14 00:00:00+00:00,17.972918,0.0,0.16362497,Western Australia
2021-12-15 00:00:00+00:00,20.041145,0.0,0.16344792,Western Australia
2021-12-16 00:00:00+00:00,22.790102,0.075,0.16193749,Western Australia
2021-12-17 00:00:00+00:00,18.732811,0.225,0.16135415,Western Australia
2021-12-18 00:00:00+00:00,18.270313,0.15,0.16056249,Western Australia
2021-12-19 00:00:00+00:00,19.47448,0.0,0.16013542,Western Australia
2021-12-20 00:00:00+00:00,22.036459,0.0,0.15892707,Western Australia
2021-12-21 00:00:00+00:00,21.565104,0.0,0.15847917,Western Australia
2021-12-22 00:00:00+00:00,21.482813,0.025,0.15732291,Western Australia
2021-12-23 00:00:00+00:00,23.228125,0.0,0.15710416,Western Australia
2021-12-24 00:00:00+00:00,22.80052,0.0,0.15611456,Western Australia
2021-12-25 00:00:00+00:00,23.627083,0.0,0.1559479,Western Australia
2021-12-26 00:00:00+00:00,23.276564,0.05,0.15579167,Western Australia
2021-12-27 00:00:00+00:00,22.875,0.0,0.1556354,Western Australia
2021-12-28 00:00:00+00:00,23.31458,0.0,0.15555207,Western Australia
2021-12-29 00:00:00+00:00,25.604168,0.0,0.15480208,Western Australia
2021-12-30 00:00:00+00:00,25.522915,0.0,0.15433332,Western Australia
2021-12-31 00:00:00+00:00,20.115625,0.05,0.15386456,Western Australia
2022-01-01 00:00:00+00:00,23.53205,0.48000002,0.30767497,Queensland
2022-01-02 00:00:00+00:00,25.393717,0.0,0.3015,Queensland
2022-01-03 00:00:00+00:00,26.797882,0.0,0.29619998,Queensland
2022-01-04 00:00:00+00:00,27.409134,0.42,0.290025,Queensland
2022-01-05 00:00:00+00:00,27.451633,0.38000003,0.28276667,Queensland
2022-01-06 00:00:00+00:00,27.25455,0.68,0.277625,Queensland
2022-01-07 00:00:00+00:00,26.581217,2.3399997,0.28523335,Queensland
2022-01-08 00:00:00+00:00,26.8833,4.18,0.2963,Queensland
2022-01-09 00:00:00+00:00,26.435385,1.28,0.29275835,Queensland
2022-01-10 00:00:00+00:00,25.953716,0.08,0.28805834,Queensland
2022-01-11 00:00:00+00:00,25.361633,0.44,0.28337497,Queensland
2022-01-12 00:00:00+00:00,25.33955,0.04,0.27844998,Queensland
2022-01-13 00:00:00+00:00,24.944965,0.24000001,0.27410832,Queensland
2022-01-14 00:00:00+00:00,25.820797,0.0,0.2701833,Queensland
2022-01-15 00:00:00+00:00,27.765802,0.56000006,0.26684168,Queensland
2022-01-16 00:00:00+00:00,28.752888,0.120000005,0.265325,Queensland
2022-01-17 00:00:00+00:00,28.793299,0.24000001,0.25986665,Queensland
2022-01-18 00:00:00+00:00,26.608301,2.8400002,0.25779167,Queensland
2022-01-19 00:00:00+00:00,25.21955,6.56,0.26628333,Queensland
2022-01-20 00:00:00+00:00,23.168716,3.5,0.27995834,Queensland
2022-01-21 00:00:00+00:00,22.652884,0.9799999,0.28469998,Queensland
2022-01-22 00:00:00+00:00,23.153717,0.120000005,0.28133333,Queensland
2022-01-23 00:00:00+00:00,24.231216,0.0,0.277325,Queensland
2022-01-24 00:00:00+00:00,25.582464,0.44,0.271125,Queensland
2022-01-25 00:00:00+00:00,23.876217,6.36,0.268925,Queensland
2022-01-26 00:00:00+00:00,23.789967,3.2199998,0.2705,Queensland
2022-01-27 00:00:00+00:00,23.442049,1.74,0.3131917,Queensland
2022-01-28 00:00:00+00:00,23.972881,0.78000003,0.3110667,Queensland
2022-01-29 00:00:00+00:00,24.52955,0.060000002,0.3036333,Queensland
2022-01-30 00:00:00+00:00,25.353302,0.71999997,0.29511666,Queensland
2022-01-31 00:00:00+00:00,26.649548,0.26,0.28865835,Queensland
2022-02-01 00:00:00+00:00,28.102884,1.86,0.2823083,Queensland
2022-02-02 00:00:00+00:00,25.7233,34.46,0.29399166,Queensland
2022-02-03 00:00:00+00:00,22.527468,14.520001,0.33787498,Queensland
2022-02-04 00:00:00+00:00,22.862467,0.0,0.33715832,Queensland
2022-02-05 00:00:00+00:00,21.803717,0.0,0.32518333,Queensland
2022-02-06 00:00:00+00:00,21.606632,0.14000002,0.31538334,Queensland
2022-02-07 00:00:00+00:00,21.987467,0.02,0.30592498,Queensland
2022-02-08 00:00:00+00:00,22.298716,0.3,0.29843333,Queensland
2022-02-09 00:00:00+00:00,24.061634,0.08,0.290825,Queensland
2022-02-10 00:00:00+00:00,25.202465,0.02,0.28239164,Queensland
2022-02-11 00:00:00+00:00,25.234135,0.08,0.2754166,Queensland
2022-02-12 00:00:00+00:00,23.982052,0.1,0.2706333,Queensland
2022-02-13 00:00:00+00:00,23.703299,0.04,0.26651666,Queensland
2022-02-14 00:00:00+00:00,23.397884,0.75999993,0.262875,Queensland
2022-02-15 00:00:00+00:00,23.572884,1.06,0.2597167,Queensland
2022-02-16 00:00:00+00:00,24.111217,0.3,0.25601664,Queensland
2022-02-17 00:00:00+00:00,25.794968,0.3,0.2520833,Queensland
2022-02-18 00:00:00+00:00,27.149967,0.20000002,0.24905834,Queensland
2022-02-19 00:00:00+00:00,25.457048,2.7000003,0.24784999,Queensland
2022-02-20 00:00:00+00:00,23.546635,5.04,0.24605003,Queensland
2022-02-21 00:00:00+00:00,24.782883,0.72,0.24429166,Queensland
2022-02-22 00:00:00+00:00,25.218716,4.56,0.24405834,Queensland
2022-02-23 00:00:00+00:00,23.897882,10.04,0.24814168,Queensland
2022-02-24 00:00:00+00:00,23.670801,28.919998,0.28704163,Queensland
2022-02-25 00:00:00+00:00,23.061632,17.92,0.33725834,Queensland
2022-02-26 00:00:00+00:00,22.657883,11.94,0.341025,Queensland
2022-02-27 00:00:00+00:00,23.222881,2.3400004,0.33525,Queensland
2022-02-28 00:00:00+00:00,25.046633,0.16,0.323725,Queensland
2022-03-01 00:00:00+00:00,26.371634,0.08,0.31390834,Queensland
2022-03-02 00:00:00+00:00,26.897049,3.7,0.3064,Queensland
2022-03-03 00:00:00+00:00,25.900381,1.0200001,0.3031083,Queensland
2022-03-04 00:00:00+00:00,26.155802,0.9,0.2995333,Queensland
2022-03-05 00:00:00+00:00,26.972464,0.22,0.29380837,Queensland
2022-03-06 00:00:00+00:00,25.036217,1.08,0.29088336,Queensland
2022-03-07 00:00:00+00:00,24.606632,0.52000004,0.28848332,Queensland
2022-03-08 00:00:00+00:00,26.920797,0.2,0.28324997,Queensland
2022-03-09 00:00:00+00:00,26.381216,3.72,0.28234166,Queensland
2022-03-10 00:00:00+00:00,24.95955,2.2,0.28281668,Queensland
2022-03-11 00:00:00+00:00,23.306633,1.5200001,0.29100832,Queensland
2022-03-12 00:00:00+00:00,22.42455,0.82000005,0.288025,Queensland
2022-03-13 00:00:00+00:00,22.416218,0.0,0.28578332,Queensland
2022-03-14 00:00:00+00:00,22.370382,0.0,0.28245836,Queensland
2022-03-15 00:00:00+00:00,22.618717,0.120000005,0.2791916,Queensland
2022-03-16 00:00:00+00:00,22.993717,0.02,0.27705005,Queensland
2022-03-17 00:00:00+00:00,23.728718,0.02,0.27455834,Queensland
2022-03-18 00:00:00+00:00,23.456633,0.08,0.2721167,Queensland
2022-03-19 00:00:00+00:00,23.086634,0.2,0.26879168,Queensland
2022-03-20 00:00:00+00:00,22.753717,0.22,0.26520833,Queensland
2022-03-21 00:00:00+00:00,23.43205,0.08,0.26300836,Queensland
2022-03-22 00:00:00+00:00,23.662048,0.04,0.25994167,Queensland
2022-03-23 00:00:00+00:00,25.030798,0.1,0.2570167,Queensland
2022-03-24 00:00:00+00:00,23.692883,5.44,0.25618333,Queensland
2022-03-25 00:00:00+00:00,22.598299,3.7399998,0.26873335,Queensland
2022-03-26 00:00:00+00:00,20.971634,6.8200006,0.287275,Queensland
2022-03-27 00:00:00+00:00,19.56205,15.859999,0.32225832,Queensland
2022-03-28 00:00:00+00:00,20.690802,1.26,0.33105832,Queensland
2022-03-29 00:00:00+00:00,20.73955,2.0199997,0.3253,Queensland
2022-03-30 00:00:00+00:00,22.053297,0.24000001,0.319125,Queensland
2022-03-31 00:00:00+00:00,22.259134,0.74000007,0.31255,Queensland
2022-04-01 00:00:00+00:00,20.954132,0.46000004,0.3051083,Queensland
2022-04-02 00:00:00+00:00,21.796633,0.38000003,0.2981667,Queensland
2022-04-03 00:00:00+00:00,22.617466,2.4,0.29520833,Queensland
2022-04-04 00:00:00+00:00,22.447468,0.2,0.29668334,Queensland
2022-04-05 00:00:00+00:00,23.314548,0.02,0.29179165,Queensland
2022-04-06 00:00:00+00:00,22.649967,0.43999997,0.28669167,Queensland
2022-04-07 00:00:00+00:00,21.390383,0.28000003,0.28316668,Queensland
2022-04-08 00:00:00+00:00,22.147884,0.3,0.28010827,Queensland
2022-04-09 00:00:00+00:00,21.837051,1.22,0.27753335,Queensland
2022-04-10 00:00:00+00:00,22.231634,0.34,0.2755667,Queensland
2022-04-11 00:00:00+00:00,22.642466,0.0,0.27225834,Queensland
2022-04-12 00:00:00+00:00,22.848715,0.0,0.26752502,Queensland
2022-04-13 00:00:00+00:00,21.819965,1.0600001,0.26280007,Queensland
2022-04-14 00:00:00+00:00,19.906635,0.38000003,0.2590833,Queensland
2022-04-15 00:00:00+00:00,19.705383,0.0,0.25717503,Queensland
2022-04-16 00:00:00+00:00,19.596218,0.0,0.25494164,Queensland
2022-04-17 00:00:00+00:00,19.55455,0.0,0.2523417,Queensland
2022-04-18 00:00:00+00:00,20.200382,0.0,0.25016668,Queensland
2022-04-19 00:00:00+00:00,21.607466,0.04,0.24903329,Queensland
2022-04-20 00:00:00+00:00,20.500385,0.28000003,0.24835002,Queensland
2022-04-21 00:00:00+00:00,20.177883,7.8,0.24884999,Queensland
2022-04-22 00:00:00+00:00,19.10705,4.4399996,0.26275834,Queensland
2022-04-23 00:00:00+00:00,19.118298,0.93999994,0.27370837,Queensland
2022-04-24 00:00:00+00:00,18.87955,0.04,0.273825,Queensland
2022-04-25 00:00:00+00:00,17.605799,13.340001,0.287625,Queensland
2022-04-26 00:00:00+00:00,17.54955,5.1200004,0.30738336,Queensland
2022-04-27 00:00:00+00:00,19.871218,0.66,0.304775,Queensland
2022-04-28 00:00:00+00:00,20.514551,0.16000001,0.2997333,Queensland
2022-04-29 00:00:00+00:00,20.411633,0.120000005,0.29455835,Queensland
2022-04-30 00:00:00+00:00,20.257465,0.16,0.29011673,Queensland
2022-05-01 00:00:00+00:00,18.875383,0.9199999,0.28904167,Queensland
2022-05-02 00:00:00+00:00,19.136633,0.04,0.28463334,Queensland
2022-05-03 00:00:00+00:00,18.972881,0.24000001,0.28059167,Queensland
2022-05-04 00:00:00+00:00,20.17955,4.02,0.27725002,Queensland
2022-05-05 00:00:00+00:00,20.031216,3.2,0.27614164,Queensland
2022-05-06 00:00:00+00:00,17.200382,2.24,0.28470832,Queensland
2022-05-07 00:00:00+00:00,15.029966,9.26,0.3049,Queensland
2022-05-08 00:00:00+00:00,16.11455,9.360001,0.32257503,Queensland
2022-05-09 00:00:00+00:00,17.369968,13.4,0.34341666,Queensland
2022-05-10 00:00:00+00:00,16.8033,36.080006,0.37957498,Queensland
2022-05-11 00:00:00+00:00,18.077465,18.84,0.40454164,Queensland
2022-05-12 00:00:00+00:00,18.754131,54.4,0.42095,Queensland
2022-05-13 00:00:00+00:00,19.022884,12.58,0.40846667,Queensland
2022-05-14 00:00:00+00:00,19.831217,0.93999994,0.39013332,Queensland
2022-05-15 00:00:00+00:00,20.392052,0.38000003,0.3749917,Queensland
2022-05-16 00:00:00+00:00,19.861217,0.56,0.364675,Queensland
2022-05-17 00:00:00+00:00,18.153717,0.14000002,0.35439163,Queensland
2022-05-18 00:00:00+00:00,16.484133,0.04,0.34596667,Queensland
2022-05-19 00:00:00+00:00,17.299967,0.14000002,0.33925,Queensland
2022-05-20 00:00:00+00:00,16.037884,11.740001,0.3402167,Queensland
2022-05-21 00:00:00+00:00,15.171634,8.4800005,0.3628,Queensland
2022-05-22 00:00:00+00:00,16.016216,3.0000002,0.36211663,Queensland
2022-05-23 00:00:00+00:00,15.644966,1.1400001,0.36205837,Queensland
2022-05-24 00:00:00+00:00,16.037464,0.70000005,0.35629162,Queensland
2022-05-25 00:00:00+00:00,16.19705,0.68,0.35082498,Queensland
2022-05-26 00:00:00+00:00,16.20955,0.32,0.3460667,Queensland
2022-05-27 00:00:00+00:00,16.175383,0.34000003,0.34064165,Queensland
2022-05-28 00:00:00+00:00,15.553716,0.17999999,0.33560833,Queensland
2022-05-29 00:00:00+00:00,14.465384,0.0,0.33240834,Queensland
2022-05-30 00:00:00+00:00,15.695383,1.74,0.32998335,Queensland
2022-05-31 00:00:00+00:00,13.614133,0.0,0.32545,Queensland
2022-06-01 00:00:00+00:00,12.797467,0.0,0.32281664,Queensland
2022-06-02 00:00:00+00:00,12.547884,0.0,0.3189667,Queensland
2022-06-03 00:00:00+00:00,16.16955,9.26,0.32568333,Queensland
2022-06-04 00:00:00+00:00,12.7933,0.0,0.33736664,Queensland
2022-06-05 00:00:00+00:00,16.3958,9.08,0.337125,Queensland
2022-06-06 00:00:00+00:00,12.692467,0.64,0.34106666,Queensland
2022-06-07 00:00:00+00:00,11.2558,0.0,0.33849996,Queensland
2022-06-08 00:00:00+00:00,8.7570505,0.0,0.33429998,Queensland
2022-06-09 00:00:00+00:00,7.769967,0.0,0.32953328,Queensland
2022-06-10 00:00:00+00:00,8.614133,0.0,0.3251583,Queensland
2022-06-11 00:00:00+00:00,9.274967,0.0,0.32001668,Queensland
2022-06-12 00:00:00+00:00,9.13455,0.0,0.3163417,Queensland
2022-06-13 00:00:00+00:00,10.054549,0.0,0.31257495,Queensland
2022-06-14 00:00:00+00:00,12.739551,0.0,0.30865,Queensland
2022-06-15 00:00:00+00:00,14.38705,0.02,0.30314168,Queensland
2022-06-16 00:00:00+00:00,14.034967,0.08,0.29939994,Queensland
2022-06-17 00:00:00+00:00,12.59705,0.0,0.2970583,Queensland
2022-06-18 00:00:00+00:00,11.633717,0.0,0.295275,Queensland
2022-06-19 00:00:00+00:00,13.594966,0.0,0.2924916,Queensland
2022-06-20 00:00:00+00:00,13.800383,0.0,0.2892583,Queensland
2022-06-21 00:00:00+00:00,13.69455,0.0,0.28737503,Queensland
2022-06-22 00:00:00+00:00,13.604967,0.0,0.2875083,Queensland
2022-06-23 00:00:00+00:00,12.273716,0.0,0.2834667,Queensland
2022-06-24 00:00:00+00:00,11.937468,0.0,0.28155833,Queensland
2022-06-25 00:00:00+00:00,12.411217,0.0,0.28099164,Queensland
2022-06-26 00:00:00+00:00,13.93705,0.02,0.27807504,Queensland
2022-06-27 00:00:00+00:00,12.176634,0.0,0.27683336,Queensland
2022-06-28 00:00:00+00:00,12.117466,0.0,0.27582502,Queensland
2022-06-29 00:00:00+00:00,13.602051,0.02,0.27570835,Queensland
2022-06-30 00:00:00+00:00,15.6608,1.42,0.27421668,Queensland
2022-07-01 00:00:00+00:00,14.021634,23.16,0.293725,Queensland
2022-07-02 00:00:00+00:00,11.1807995,2.9599998,0.33973333,Queensland
2022-07-03 00:00:00+00:00,9.938299,2.6200004,0.3405917,Queensland
2022-07-04 00:00:00+00:00,8.6358,3.6800003,0.35034996,Queensland
2022-07-05 00:00:00+00:00,9.416633,0.95999986,0.350375,Queensland
2022-07-06 00:00:00+00:00,11.345799,0.060000002,0.34346667,Queensland
2022-07-07 00:00:00+00:00,12.0683,0.0,0.3384583,Queensland
2022-07-08 00:00:00+00:00,9.9283,0.0,0.33236665,Queensland
2022-07-09 00:00:00+00:00,8.941634,0.0,0.32736665,Queensland
2022-07-10 00:00:00+00:00,8.68455,0.0,0.323575,Queensland
2022-07-11 00:00:00+00:00,10.330383,0.0,0.31885833,Queensland
2022-07-12 00:00:00+00:00,10.551217,0.9599999,0.31415826,Queensland
2022-07-13 00:00:00+00:00,9.3133,0.02,0.30960006,Queensland
2022-07-14 00:00:00+00:00,9.324133,0.0,0.30592498,Queensland
2022-07-15 00:00:00+00:00,10.70705,0.0,0.3000417,Queensland
2022-07-16 00:00:00+00:00,12.704133,0.0,0.29495832,Queensland
2022-07-17 00:00:00+00:00,14.145801,0.0,0.29079166,Queensland
2022-07-18 00:00:00+00:00,13.286219,0.0,0.2866333,Queensland
2022-07-19 00:00:00+00:00,13.047049,0.04,0.28478333,Queensland
2022-07-20 00:00:00+00:00,13.8308,5.5799994,0.28313336,Queensland
2022-07-21 00:00:00+00:00,12.74205,19.14,0.2979583,Queensland
2022-07-22 00:00:00+00:00,12.970385,0.4,0.31839165,Queensland
2022-07-23 00:00:00+00:00,13.531633,0.0,0.31418338,Queensland
2022-07-24 00:00:00+00:00,13.79205,0.0,0.30894995,Queensland
2022-07-25 00:00:00+00:00,14.4633,0.0,0.30397505,Queensland
2022-07-26 00:00:00+00:00,13.80705,0.04,0.2997417,Queensland
2022-07-27 00:00:00+00:00,10.774966,0.0,0.29527503,Queensland
2022-07-28 00:00:00+00:00,10.69955,0.0,0.29310003,Queensland
2022-07-29 00:00:00+00:00,11.605383,0.0,0.29037502,Queensland
2022-07-30 00:00:00+00:00,12.7408,0.02,0.28614998,Queensland
2022-07-31 00:00:00+00:00,14.327466,0.32000002,0.28347498,Queensland
2022-08-01 00:00:00+00:00,13.845799,1.1800001,0.2819167,Queensland
2022-08-02 00:00:00+00:00,15.347883,0.16,0.28023332,Queensland
2022-08-03 00:00:00+00:00,17.1883,0.02,0.27669165,Queensland
2022-08-04 00:00:00+00:00,17.791218,0.060000002,0.27484998,Queensland
2022-08-05 00:00:00+00:00,17.329134,6.6,0.27681667,Queensland
2022-08-06 00:00:00+00:00,13.947884,0.84,0.27849168,Queensland
2022-08-07 00:00:00+00:00,12.471632,0.0,0.27955833,Queensland
2022-08-08 00:00:00+00:00,11.58205,0.0,0.27948338,Queensland
2022-08-09 00:00:00+00:00,11.127466,0.0,0.27768335,Queensland
2022-08-10 00:00:00+00:00,12.833717,0.0,0.274625,Queensland
2022-08-11 00:00:00+00:00,14.4008,0.02,0.272275,Queensland
2022-08-12 00:00:00+00:00,15.621633,9.059999,0.2747917,Queensland
2022-08-13 00:00:00+00:00,13.06455,1.74,0.2866583,Queensland
2022-08-14 00:00:00+00:00,12.348717,0.0,0.28756666,Queensland
2022-08-15 00:00:00+00:00,11.796633,0.16,0.28508335,Queensland
2022-08-16 00:00:00+00:00,12.516217,0.16,0.28212494,Queensland
2022-08-17 00:00:00+00:00,11.778715,0.0,0.28000003,Queensland
2022-08-18 00:00:00+00:00,13.902884,0.0,0.27519998,Queensland
2022-08-19 00:00:00+00:00,15.6182995,0.0,0.26953334,Queensland
2022-08-20 00:00:00+00:00,13.6512165,0.0,0.26591673,Queensland
2022-08-21 00:00:00+00:00,13.925801,0.0,0.26331666,Queensland
2022-08-22 00:00:00+00:00,15.152466,0.16,0.260825,Queensland
2022-08-23 00:00:00+00:00,13.644968,0.26000002,0.25939167,Queensland
2022-08-24 00:00:00+00:00,10.014967,0.0,0.2588083,Queensland
2022-08-25 00:00:00+00:00,11.419966,0.0,0.25686666,Queensland
2022-08-26 00:00:00+00:00,13.624967,0.0,0.25438333,Queensland
2022-08-27 00:00:00+00:00,15.675799,0.1,0.25198334,Queensland
2022-08-28 00:00:00+00:00,16.571217,0.04,0.249525,Queensland
2022-08-29 00:00:00+00:00,17.632883,1.34,0.24816668,Queensland
2022-08-30 00:00:00+00:00,14.722883,6.04,0.25297502,Queensland
2022-08-31 00:00:00+00:00,16.54705,0.32,0.25829166,Queensland
2022-09-01 00:00:00+00:00,17.399134,0.18,0.2591333,Queensland
2022-09-02 00:00:00+00:00,15.388716,29.8,0.29515833,Queensland
2022-09-03 00:00:00+00:00,12.78705,0.7,0.34872502,Queensland
2022-09-04 00:00:00+00:00,13.5683,0.0,0.3395583,Queensland
2022-09-05 00:00:00+00:00,14.447884,0.1,0.3321,Queensland
2022-09-06 00:00:00+00:00,14.980383,0.18,0.32463336,Queensland
2022-09-07 00:00:00+00:00,15.611217,0.28000003,0.3193,Queensland
2022-09-08 00:00:00+00:00,15.452051,19.1,0.32628337,Queensland
2022-09-09 00:00:00+00:00,15.842883,0.86,0.34714997,Queensland
2022-09-10 00:00:00+00:00,15.536632,0.0,0.33849168,Queensland
2022-09-11 00:00:00+00:00,15.983301,0.060000002,0.32875833,Queensland
2022-09-12 00:00:00+00:00,15.254969,0.120000005,0.32193333,Queensland
2022-09-13 00:00:00+00:00,15.534132,0.0,0.31580836,Queensland
2022-09-14 00:00:00+00:00,16.68705,0.0,0.30941665,Queensland
2022-09-15 00:00:00+00:00,17.861633,5.0000005,0.30710834,Queensland
2022-09-16 00:00:00+00:00,18.889967,0.7,0.31063336,Queensland
2022-09-17 00:00:00+00:00,17.771633,2.66,0.31024164,Queensland
2022-09-18 00:00:00+00:00,18.050383,0.0,0.3036917,Queensland
2022-09-19 00:00:00+00:00,18.671635,0.08,0.29657498,Queensland
2022-09-20 00:00:00+00:00,20.296217,2.28,0.29008335,Queensland
2022-09-21 00:00:00+00:00,17.699133,12.780001,0.29883334,Queensland
2022-09-22 00:00:00+00:00,17.534132,0.62,0.3166167,Queensland
2022-09-23 00:00:00+00:00,17.837883,0.04,0.31321666,Queensland
2022-09-24 00:00:00+00:00,18.34455,0.0,0.30795002,Queensland
2022-09-25 00:00:00+00:00,18.127466,0.2,0.301525,Queensland
2022-09-26 00:00:00+00:00,19.587881,0.8,0.29640833,Queensland
2022-09-27 00:00:00+00:00,19.649134,5.6800003,0.29864168,Queensland
2022-09-28 00:00:00+00:00,16.668716,2.98,0.30003333,Queensland
2022-09-29 00:00:00+00:00,16.213299,0.04,0.301225,Queensland
2022-09-30 00:00:00+00:00,18.036633,0.0,0.29601666,Queensland
2022-10-01 00:00:00+00:00,17.672466,1.1,0.29309994,Queensland
2022-10-02 00:00:00+00:00,16.7183,2.26,0.29432505,Queensland
2022-10-03 00:00:00+00:00,17.231634,0.060000002,0.29372495,Queensland
2022-10-04 00:00:00+00:00,18.369549,0.0,0.2905833,Queensland
2022-10-05 00:00:00+00:00,17.642466,2.8000002,0.29181665,Queensland
2022-10-06 00:00:00+00:00,19.296217,0.38,0.28991666,Queensland
2022-10-07 00:00:00+00:00,20.14205,0.28000003,0.287875,Queensland
2022-10-08 00:00:00+00:00,20.684134,13.860001,0.29965833,Queensland
2022-10-09 00:00:00+00:00,16.769133,1.8399999,0.322325,Queensland
2022-10-10 00:00:00+00:00,17.709549,1.52,0.33221665,Queensland
2022-10-11 00:00:00+00:00,17.4608,0.26,0.32705832,Queensland
2022-10-12 00:00:00+00:00,18.121216,0.0,0.3195916,Queensland
2022-10-13 00:00:00+00:00,19.305801,0.22,0.31212503,Queensland
2022-10-14 00:00:00+00:00,19.442465,0.18,0.3068167,Queensland
2022-10-15 00:00:00+00:00,19.844135,0.45999998,0.29966664,Queensland
2022-10-16 00:00:00+00:00,19.788715,3.08,0.29620832,Queensland
2022-10-17 00:00:00+00:00,20.127048,0.62000006,0.29950833,Queensland
2022-10-18 00:00:00+00:00,20.470383,23.0,0.31404167,Queensland
2022-10-19 00:00:00+00:00,19.56705,15.839999,0.36740834,Queensland
2022-10-20 00:00:00+00:00,19.947468,23.060001,0.39544168,Queensland
2022-10-21 00:00:00+00:00,19.377466,23.2,0.40979996,Queensland
2022-10-22 00:00:00+00:00,18.948717,4.8600016,0.4003667,Queensland
2022-10-23 00:00:00+00:00,20.7258,1.5799999,0.38439164,Queensland
2022-10-24 00:00:00+00:00,21.910385,8.0199995,0.37334996,Queensland
2022-10-25 00:00:00+00:00,22.292465,0.7,0.36684167,Queensland
2022-10-26 00:00:00+00:00,23.411633,0.0,0.35505,Queensland
2022-10-27 00:00:00+00:00,24.154964,0.22,0.3437417,Queensland
2022-10-28 00:00:00+00:00,21.501217,0.0,0.3299,Queensland
2022-10-29 00:00:00+00:00,21.214968,0.0,0.318575,Queensland
2022-10-30 00:00:00+00:00,23.371634,0.42,0.31129998,Queensland
2022-10-31 00:00:00+00:00,23.940384,21.68,0.31775832,Queensland
2022-11-01 00:00:00+00:00,17.639967,1.1600001,0.37581667,Queensland
2022-11-02 00:00:00+00:00,14.787466,0.0,0.36343333,Queensland
2022-11-03 00:00:00+00:00,15.9637165,0.0,0.35241663,Queensland
2022-11-04 00:00:00+00:00,18.12705,0.0,0.342,Queensland
2022-11-05 00:00:00+00:00,18.491215,0.32000002,0.33306667,Queensland
2022-11-06 00:00:00+00:00,19.2258,0.02,0.32469168,Queensland
2022-11-07 00:00:00+00:00,19.0658,0.44,0.31770834,Queensland
2022-11-08 00:00:00+00:00,19.487465,0.120000005,0.3119083,Queensland
2022-11-09 00:00:00+00:00,19.853716,0.04,0.30432504,Queensland
2022-11-10 00:00:00+00:00,19.944134,0.0,0.297675,Queensland
2022-11-11 00:00:00+00:00,21.376217,0.6,0.29123336,Queensland
2022-11-12 00:00:00+00:00,23.32955,0.22,0.2855333,Queensland
2022-11-13 00:00:00+00:00,24.617468,2.7799997,0.2802167,Queensland
2022-11-14 00:00:00+00:00,23.333715,0.26,0.27595836,Queensland
2022-11-15 00:00:00+00:00,22.32705,0.0,0.27236667,Queensland
2022-11-16 00:00:00+00:00,20.069134,0.0,0.26640835,Queensland
2022-11-17 00:00:00+00:00,18.520798,0.0,0.2645083,Queensland
2022-11-18 00:00:00+00:00,21.076633,0.14,0.26249164,Queensland
2022-11-19 00:00:00+00:00,25.649134,1.14,0.25944167,Queensland
2022-11-20 00:00:00+00:00,25.00955,4.78,0.2618417,Queensland
2022-11-21 00:00:00+00:00,24.107052,0.18,0.26583335,Queensland
2022-11-22 00:00:00+00:00,20.824133,0.02,0.26205,Queensland
2022-11-23 00:00:00+00:00,21.104134,0.78000003,0.25982496,Queensland
2022-11-24 00:00:00+00:00,20.770384,5.1599994,0.2607833,Queensland
2022-11-25 00:00:00+00:00,22.874552,0.02,0.25993332,Queensland
2022-11-26 00:00:00+00:00,24.112467,0.0,0.256325,Queensland
2022-11-27 00:00:00+00:00,23.311632,10.039999,0.27005833,Queensland
2022-11-28 00:00:00+00:00,23.695797,11.8,0.28570834,Queensland
2022-11-29 00:00:00+00:00,22.036219,14.440002,0.3021167,Queensland
2022-11-30 00:00:00+00:00,16.832882,26.920002,0.329725,Queensland
2022-12-01 00:00:00+00:00,16.3858,5.38,0.35157496,Queensland
2022-12-02 00:00:00+00:00,19.439968,0.02,0.33939165,Queensland
2022-12-03 00:00:00+00:00,19.692469,0.18,0.32645833,Queensland
2022-12-04 00:00:00+00:00,20.406633,0.3,0.31570002,Queensland
2022-12-05 00:00:00+00:00,23.013718,0.060000002,0.30574998,Queensland
2022-12-06 00:00:00+00:00,25.966217,0.0,0.29534167,Queensland
2022-12-07 00:00:00+00:00,27.34205,0.65999997,0.28609163,Queensland
2022-12-08 00:00:00+00:00,24.662052,0.45999998,0.282775,Queensland
2022-12-09 00:00:00+00:00,23.599552,0.58000004,0.27749997,Queensland
2022-12-10 00:00:00+00:00,23.501217,1.2399999,0.2725333,Queensland
2022-12-11 00:00:00+00:00,24.881634,0.74,0.2693333,Queensland
2022-12-12 00:00:00+00:00,24.916634,3.14,0.267075,Queensland
2022-12-13 00:00:00+00:00,23.849133,6.1600003,0.27235836,Queensland
2022-12-14 00:00:00+00:00,22.517881,0.120000005,0.2691167,Queensland
2022-12-15 00:00:00+00:00,21.33163,0.0,0.26626667,Queensland
2022-12-16 00:00:00+00:00,22.58205,0.0,0.26239166,Queensland
2022-12-17 00:00:00+00:00,22.170383,4.4600005,0.25995833,Queensland
2022-12-18 00:00:00+00:00,21.392048,1.3799999,0.26286668,Queensland
2022-12-19 00:00:00+00:00,21.29955,0.120000005,0.26105833,Queensland
2022-12-20 00:00:00+00:00,21.637049,0.02,0.258475,Queensland
2022-12-21 00:00:00+00:00,22.309135,0.0,0.25526664,Queensland
2022-12-22 00:00:00+00:00,23.727049,0.0,0.25187498,Queensland
2022-12-23 00:00:00+00:00,22.928715,2.38,0.24973333,Queensland
2022-12-24 00:00:00+00:00,20.338299,8.719999,0.25856662,Queensland
2022-12-25 00:00:00+00:00,22.477467,3.8600001,0.2765333,Queensland
2022-12-26 00:00:00+00:00,23.030384,0.52000004,0.27289167,Queensland
2022-12-27 00:00:00+00:00,22.294968,0.64,0.26854163,Queensland
2022-12-28 00:00:00+00:00,22.734968,0.1,0.263775,Queensland
2022-12-29 00:00:00+00:00,24.632467,0.08,0.25855833,Queensland
2022-12-30 00:00:00+00:00,24.68705,0.74000007,0.2550667,Queensland
2022-12-31 00:00:00+00:00,24.85455,0.42,0.2517167,Queensland
2023-01-01 00:00:00+00:00,24.957468,0.08,0.24779168,Queensland
2023-01-02 00:00:00+00:00,25.22163,0.08,0.24419999,Queensland
2023-01-03 00:00:00+00:00,26.911215,0.38,0.24206665,Queensland
2023-01-04 00:00:00+00:00,26.224548,15.780001,0.25000834,Queensland
2023-01-05 00:00:00+00:00,23.460384,3.9600003,0.26959166,Queensland
2023-01-06 00:00:00+00:00,24.548717,0.7,0.26911667,Queensland
2023-01-07 00:00:00+00:00,24.904133,0.14,0.26423335,Queensland
2023-01-08 00:00:00+00:00,26.22705,0.70000005,0.25850832,Queensland
2023-01-09 00:00:00+00:00,27.216635,4.4799995,0.25860828,Queensland
2023-01-10 00:00:00+00:00,25.74622,2.72,0.26424998,Queensland
2023-01-11 00:00:00+00:00,24.114548,20.3,0.27405,Queensland
2023-01-12 00:00:00+00:00,22.673717,17.279999,0.2973833,Queensland
2023-01-13 00:00:00+00:00,22.511633,8.68,0.30514166,Queensland
2023-01-14 00:00:00+00:00,22.092884,3.2599998,0.29673335,Queensland
2023-01-15 00:00:00+00:00,23.221634,3.8799999,0.29024163,Queensland
2023-01-16 00:00:00+00:00,22.187883,5.6800003,0.29214168,Queensland
2023-01-17 00:00:00+00:00,22.913717,1.56,0.28817502,Queensland
2023-01-18 00:00:00+00:00,23.492884,0.120000005,0.27889165,Queensland
2023-01-19 00:00:00+00:00,24.711218,0.58,0.2696833,Queensland
2023-01-20 00:00:00+00:00,23.55455,1.1600001,0.26272503,Queensland
2023-01-21 00:00:00+00:00,23.845383,3.5600002,0.25874168,Queensland
2023-01-22 00:00:00+00:00,23.976217,1.1600001,0.25340834,Queensland
2023-01-23 00:00:00+00:00,25.082468,0.58000004,0.24947497,Queensland
2023-01-24 00:00:00+00:00,25.092466,5.7,0.24854167,Queensland
2023-01-25 00:00:00+00:00,26.836216,0.02,0.24851665,Queensland
2023-01-26 00:00:00+00:00,27.240381,1.02,0.244225,Queensland
2023-01-27 00:00:00+00:00,24.8108,5.4200006,0.242625,Queensland
2023-01-28 00:00:00+00:00,26.0183,0.71999997,0.23864166,Queensland
2023-01-29 00:00:00+00:00,27.031631,0.060000002,0.23595,Queensland
2023-01-30 00:00:00+00:00,25.931217,3.5000005,0.23383336,Queensland
2023-01-31 00:00:00+00:00,24.6083,10.6,0.23445833,Queensland
2023-02-01 00:00:00+00:00,25.614552,5.880001,0.24598333,Queensland
2023-02-02 00:00:00+00:00,26.729132,0.64000005,0.24222502,Queensland
2023-02-03 00:00:00+00:00,25.899967,1.0600001,0.24014997,Queensland
2023-02-04 00:00:00+00:00,23.79163,1.1,0.23840836,Queensland
2023-02-05 00:00:00+00:00,25.752466,2.62,0.23669167,Queensland
2023-02-06 00:00:00+00:00,25.8858,2.94,0.23703337,Queensland
2023-02-07 00:00:00+00:00,25.4758,0.4,0.23789999,Queensland
2023-02-08 00:00:00+00:00,24.4783,0.67999995,0.23597498,Queensland
2023-02-09 00:00:00+00:00,22.074965,0.8,0.23423333,Queensland
2023-02-10 00:00:00+00:00,24.828716,0.0,0.23184998,Queensland
2023-02-11 00:00:00+00:00,27.01913,0.0,0.22901669,Queensland
2023-02-12 00:00:00+00:00,28.505383,0.0,0.22616665,Queensland
2023-02-13 00:00:00+00:00,27.939133,0.1,0.22241667,Queensland
2023-02-14 00:00:00+00:00,26.044132,3.8800006,0.22409168,Queensland
2023-02-15 00:00:00+00:00,24.765799,0.16,0.22704999,Queensland
2023-02-16 00:00:00+00:00,24.456633,0.8000001,0.22589998,Queensland
2023-02-17 00:00:00+00:00,25.024967,0.28000003,0.22384167,Queensland
2023-02-18 00:00:00+00:00,25.610382,0.1,0.22309165,Queensland
2023-02-19 00:00:00+00:00,25.289135,0.42,0.22184166,Queensland
2023-02-20 00:00:00+00:00,23.75705,0.58000004,0.22040835,Queensland
2023-02-21 00:00:00+00:00,23.386635,1.3599999,0.2205917,Queensland
2023-02-22 00:00:00+00:00,23.431633,1.2199999,0.22048335,Queensland
2023-02-23 00:00:00+00:00,22.802883,1.58,0.21886668,Queensland
2023-02-24 00:00:00+00:00,23.033716,0.44,0.217225,Queensland
2023-02-25 00:00:00+00:00,23.709553,0.120000005,0.21604998,Queensland
2023-02-26 00:00:00+00:00,24.923716,0.0,0.21469998,Queensland
2023-02-27 00:00:00+00:00,25.484549,0.0,0.21369164,Queensland
2023-02-28 00:00:00+00:00,26.558716,0.0,0.21190003,Queensland
2023-03-01 00:00:00+00:00,28.041218,0.48000002,0.21047497,Queensland
2023-03-02 00:00:00+00:00,25.616632,4.5000005,0.20877501,Queensland
2023-03-03 00:00:00+00:00,24.112465,3.2199998,0.20760834,Queensland
2023-03-04 00:00:00+00:00,23.516634,0.38000003,0.206925,Queensland
2023-03-05 00:00:00+00:00,24.46455,0.0,0.20540833,Queensland
2023-03-06 00:00:00+00:00,25.732464,0.0,0.20310001,Queensland
2023-03-07 00:00:00+00:00,26.346634,0.28,0.20175835,Queensland
2023-03-08 00:00:00+00:00,24.878716,7.6400003,0.20934168,Queensland
2023-03-09 00:00:00+00:00,21.934132,15.519999,0.23766668,Queensland
2023-03-10 00:00:00+00:00,22.38455,16.08,0.26429167,Queensland
2023-03-11 00:00:00+00:00,23.294132,13.2,0.302025,Queensland
2023-03-12 00:00:00+00:00,23.671215,5.46,0.330725,Queensland
2023-03-13 00:00:00+00:00,24.220383,2.9399998,0.33242497,Queensland
2023-03-14 00:00:00+00:00,24.324133,4.7400002,0.3255083,Queensland
2023-03-15 00:00:00+00:00,24.914133,0.96000004,0.31835833,Queensland
2023-03-16 00:00:00+00:00,25.982468,0.3,0.31043333,Queensland
2023-03-17 00:00:00+00:00,26.35205,0.02,0.30138332,Queensland
2023-03-18 00:00:00+00:00,25.086634,0.0,0.28998336,Queensland
2023-03-19 00:00:00+00:00,24.4358,0.0,0.280625,Queensland
2023-03-20 00:00:00+00:00,24.978718,0.4,0.27449998,Queensland
2023-03-21 00:00:00+00:00,23.883717,0.84000003,0.26975003,Queensland
2023-03-22 00:00:00+00:00,22.71455,1.1599998,0.2674417,Queensland
2023-03-23 00:00:00+00:00,23.167465,1.6199999,0.26651663,Queensland
2023-03-24 00:00:00+00:00,24.079134,0.68,0.26447502,Queensland
2023-03-25 00:00:00+00:00,24.039967,5.92,0.26213336,Queensland
2023-03-26 00:00:00+00:00,24.6358,0.6,0.25913334,Queensland
2023-03-27 00:00:00+00:00,25.1208,0.16,0.25715828,Queensland
2023-03-28 00:00:00+00:00,24.962883,3.28,0.25521666,Queensland
2023-03-29 00:00:00+00:00,23.206633,13.4,0.26743335,Queensland
2023-03-30 00:00:00+00:00,21.517467,1.04,0.26985833,Queensland
2023-03-31 00:00:00+00:00,21.63705,0.0,0.270675,Queensland
2023-04-01 00:00:00+00:00,19.564966,0.98,0.2684417,Queensland
2023-04-02 00:00:00+00:00,19.692467,0.22,0.26639166,Queensland
2023-04-03 00:00:00+00:00,21.254967,1.82,0.2626167,Queensland
2023-04-04 00:00:00+00:00,21.845383,0.1,0.25945833,Queensland
2023-04-05 00:00:00+00:00,22.365383,0.02,0.25925,Queensland
2023-04-06 00:00:00+00:00,22.931635,8.58,0.25956666,Queensland
2023-04-07 00:00:00+00:00,22.459967,5.5000005,0.28218338,Queensland
2023-04-08 00:00:00+00:00,20.2658,0.0,0.28782505,Queensland
2023-04-09 00:00:00+00:00,18.448717,0.0,0.28350002,Queensland
2023-04-10 00:00:00+00:00,17.8783,0.0,0.278375,Queensland
2023-04-11 00:00:00+00:00,18.163715,0.0,0.27259165,Queensland
2023-04-12 00:00:00+00:00,21.127468,0.0,0.26923335,Queensland
2023-04-13 00:00:00+00:00,19.486216,0.0,0.26549166,Queensland
2023-04-14 00:00:00+00:00,18.91455,0.0,0.2613,Queensland
2023-04-15 00:00:00+00:00,20.856218,0.0,0.2568084,Queensland
2023-04-16 00:00:00+00:00,21.667467,0.42,0.25336665,Queensland
2023-04-17 00:00:00+00:00,21.32705,0.18,0.2513167,Queensland
2023-04-18 00:00:00+00:00,20.482052,0.18,0.249525,Queensland
2023-04-19 00:00:00+00:00,20.202885,0.0,0.24732499,Queensland
2023-04-20 00:00:00+00:00,20.0658,0.0,0.24664171,Queensland
2023-04-21 00:00:00+00:00,19.55955,0.060000002,0.24779165,Queensland
2023-04-22 00:00:00+00:00,19.783716,0.0,0.24511671,Queensland
2023-04-23 00:00:00+00:00,19.752884,0.0,0.24303332,Queensland
2023-04-24 00:00:00+00:00,19.570383,0.38000005,0.24242501,Queensland
2023-04-25 00:00:00+00:00,18.994967,0.22,0.24105828,Queensland
2023-04-26 00:00:00+00:00,19.262882,0.08,0.24047497,Queensland
2023-04-27 00:00:00+00:00,19.670383,0.060000002,0.23844998,Queensland
2023-04-28 00:00:00+00:00,19.824133,0.0,0.23663333,Queensland
2023-04-29 00:00:00+00:00,17.609135,3.5,0.23765834,Queensland
2023-04-30 00:00:00+00:00,14.853299,0.04,0.24476667,Queensland
2023-05-01 00:00:00+00:00,15.127882,0.0,0.24964169,Queensland
2023-05-02 00:00:00+00:00,17.014967,0.02,0.25032496,Queensland
2023-05-03 00:00:00+00:00,17.509548,0.0,0.24985,Queensland
2023-05-04 00:00:00+00:00,16.547049,0.0,0.2481833,Queensland
2023-05-05 00:00:00+00:00,16.931217,0.0,0.2453833,Queensland
2023-05-06 00:00:00+00:00,18.41955,0.0,0.24401669,Queensland
2023-05-07 00:00:00+00:00,14.763716,1.8399999,0.24569997,Queensland
2023-05-08 00:00:00+00:00,11.2345495,0.0,0.24549165,Queensland
2023-05-09 00:00:00+00:00,12.049133,0.0,0.24365833,Queensland
2023-05-10 00:00:00+00:00,14.998716,0.0,0.24125831,Queensland
2023-05-11 00:00:00+00:00,16.8608,0.24000001,0.2395833,Queensland
2023-05-12 00:00:00+00:00,17.438717,0.68,0.23821668,Queensland
2023-05-13 00:00:00+00:00,17.554548,0.04,0.23585,Queensland
2023-05-14 00:00:00+00:00,17.621632,1.9200001,0.23475003,Queensland
2023-05-15 00:00:00+00:00,16.782885,24.759998,0.25685,Queensland
2023-05-16 00:00:00+00:00,16.2233,0.44,0.27251667,Queensland
2023-05-17 00:00:00+00:00,14.914549,0.0,0.27095002,Queensland
2023-05-18 00:00:00+00:00,13.754549,0.0,0.26810834,Queensland
2023-05-19 00:00:00+00:00,12.444551,0.0,0.2650333,Queensland
2023-05-20 00:00:00+00:00,12.313717,0.0,0.26146668,Queensland
2023-05-21 00:00:00+00:00,13.2908,0.0,0.25691664,Queensland
2023-05-22 00:00:00+00:00,12.796633,0.0,0.25385,Queensland
2023-05-23 00:00:00+00:00,14.721632,0.0,0.25049168,Queensland
2023-05-24 00:00:00+00:00,14.950384,0.0,0.24784999,Queensland
2023-05-25 00:00:00+00:00,15.477051,0.0,0.24616668,Queensland
2023-05-26 00:00:00+00:00,14.103302,0.0,0.24309997,Queensland
2023-05-27 00:00:00+00:00,11.436633,0.0,0.24242501,Queensland
2023-05-28 00:00:00+00:00,11.2708,0.0,0.24115832,Queensland
2023-05-29 00:00:00+00:00,11.794968,0.0,0.24006669,Queensland
2023-05-30 00:00:00+00:00,12.8383,0.0,0.24015835,Queensland
2023-05-31 00:00:00+00:00,14.5233,0.0,0.23884165,Queensland
2023-06-01 00:00:00+00:00,15.428301,0.0,0.23721664,Queensland
2023-06-02 00:00:00+00:00,16.796217,0.0,0.235275,Queensland
2023-06-03 00:00:00+00:00,17.399134,0.36000004,0.23301664,Queensland
2023-06-04 00:00:00+00:00,17.61205,1.3199999,0.23204164,Queensland
2023-06-05 00:00:00+00:00,16.685383,0.68,0.23144166,Queensland
2023-06-06 00:00:00+00:00,16.531633,0.14000002,0.23098333,Queensland
2023-06-07 00:00:00+00:00,16.1283,0.0,0.2302917,Queensland
2023-06-08 00:00:00+00:00,16.900799,1.6,0.23031667,Queensland
2023-06-09 00:00:00+00:00,14.443715,0.16000001,0.23021667,Queensland
2023-06-10 00:00:00+00:00,13.943716,0.0,0.23055835,Queensland
2023-06-11 00:00:00+00:00,15.449133,0.02,0.22928336,Queensland
2023-06-12 00:00:00+00:00,16.154133,0.34,0.22901663,Queensland
2023-06-13 00:00:00+00:00,16.452885,0.16,0.22754999,Queensland
2023-06-14 00:00:00+00:00,14.283299,0.0,0.22694166,Queensland
2023-06-15 00:00:00+00:00,12.604966,0.0,0.22595003,Queensland
2023-06-16 00:00:00+00:00,12.432051,0.0,0.22431664,Queensland
2023-06-17 00:00:00+00:00,13.815801,0.0,0.22124164,Queensland
2023-06-18 00:00:00+00:00,14.837883,0.0,0.21853332,Queensland
2023-06-19 00:00:00+00:00,13.68205,0.0,0.21778333,Queensland
2023-06-20 00:00:00+00:00,12.477884,0.0,0.21674998,Queensland
2023-06-21 00:00:00+00:00,14.449966,0.0,0.21543336,Queensland
2023-06-22 00:00:00+00:00,16.317467,0.86,0.21478331,Queensland
2023-06-23 00:00:00+00:00,15.161632,0.02,0.21580835,Queensland
2023-06-24 00:00:00+00:00,16.278301,0.0,0.21889167,Queensland
2023-06-25 00:00:00+00:00,18.07955,0.0,0.2190667,Queensland
2023-06-26 00:00:00+00:00,15.744133,0.0,0.21732502,Queensland
2023-06-27 00:00:00+00:00,16.314133,0.0,0.21803334,Queensland
2023-06-28 00:00:00+00:00,18.824133,0.6,0.21777502,Queensland
2023-06-29 00:00:00+00:00,12.561633,0.0,0.2161,Queensland
2023-06-30 00:00:00+00:00,10.147051,0.0,0.21543333,Queensland
2023-07-01 00:00:00+00:00,11.5695505,0.0,0.2163667,Queensland
2023-07-02 00:00:00+00:00,14.642881,1.6800001,0.21612501,Queensland
2023-07-03 00:00:00+00:00,15.093717,18.32,0.23329167,Queensland
2023-07-04 00:00:00+00:00,16.016216,5.2400002,0.28785,Queensland
2023-07-05 00:00:00+00:00,14.193716,0.02,0.28951663,Queensland
2023-07-06 00:00:00+00:00,14.0983,0.04,0.28802496,Queensland
2023-07-07 00:00:00+00:00,11.902467,0.0,0.28260833,Queensland
2023-07-08 00:00:00+00:00,10.904551,0.0,0.2776,Queensland
2023-07-09 00:00:00+00:00,11.784551,0.0,0.2720917,Queensland
2023-07-10 00:00:00+00:00,11.572884,0.0,0.26621667,Queensland
2023-07-11 00:00:00+00:00,12.098716,0.0,0.26074165,Queensland
2023-07-12 00:00:00+00:00,14.051633,0.18,0.25740832,Queensland
2023-07-13 00:00:00+00:00,14.666634,0.02,0.25365835,Queensland
2023-07-14 00:00:00+00:00,14.302465,0.0,0.25177497,Queensland
2023-07-15 00:00:00+00:00,15.1533,0.04,0.2497,Queensland
2023-07-16 00:00:00+00:00,15.729134,0.0,0.24804166,Queensland
2023-07-17 00:00:00+00:00,15.750799,0.0,0.2458334,Queensland
2023-07-18 00:00:00+00:00,15.553717,0.14000002,0.24340001,Queensland
2023-07-19 00:00:00+00:00,13.521634,0.0,0.24409167,Queensland
2023-07-20 00:00:00+00:00,13.904551,0.0,0.24509168,Queensland
2023-07-21 00:00:00+00:00,15.59955,0.02,0.24365833,Queensland
2023-07-22 00:00:00+00:00,12.409133,0.0,0.241925,Queensland
2023-07-23 00:00:00+00:00,12.399966,4.5600004,0.24139163,Queensland
2023-07-24 00:00:00+00:00,12.125383,5.92,0.25264996,Queensland
2023-07-25 00:00:00+00:00,13.964132,0.060000002,0.25614998,Queensland
2023-07-26 00:00:00+00:00,13.894966,0.0,0.253875,Queensland
2023-07-27 00:00:00+00:00,14.348715,0.18,0.25140002,Queensland
2023-07-28 00:00:00+00:00,14.684967,0.0,0.24923334,Queensland
2023-07-29 00:00:00+00:00,14.907885,0.0,0.24698336,Queensland
2023-07-30 00:00:00+00:00,15.837466,0.0,0.24399166,Queensland
2023-07-31 00:00:00+00:00,17.029133,0.0,0.24128333,Queensland
2023-08-01 00:00:00+00:00,16.509548,0.02,0.23938334,Queensland
2023-08-02 00:00:00+00:00,15.983301,0.45999995,0.23754163,Queensland
2023-08-03 00:00:00+00:00,15.482468,0.060000002,0.23616667,Queensland
2023-08-04 00:00:00+00:00,15.2224655,0.08,0.23433335,Queensland
2023-08-05 00:00:00+00:00,15.027884,0.0,0.23266669,Queensland
2023-08-06 00:00:00+00:00,15.42455,0.02,0.23139164,Queensland
2023-08-07 00:00:00+00:00,15.266215,0.0,0.22950003,Queensland
2023-08-08 00:00:00+00:00,14.8608,0.060000002,0.22758333,Queensland
2023-08-09 00:00:00+00:00,14.331217,0.0,0.22607496,Queensland
2023-08-10 00:00:00+00:00,15.523717,0.0,0.22452502,Queensland
2023-08-11 00:00:00+00:00,16.085382,0.0,0.22396672,Queensland
2023-08-12 00:00:00+00:00,17.151634,0.0,0.22311667,Queensland
2023-08-13 00:00:00+00:00,17.482883,0.0,0.22225833,Queensland
2023-08-14 00:00:00+00:00,18.889133,0.0,0.22064169,Queensland
2023-08-15 00:00:00+00:00,17.775385,0.0,0.21863334,Queensland
2023-08-16 00:00:00+00:00,18.722883,0.24000001,0.2176083,Queensland
2023-08-17 00:00:00+00:00,20.579967,0.88,0.2163667,Queensland
2023-08-18 00:00:00+00:00,16.2183,0.5,0.21516666,Queensland
2023-08-19 00:00:00+00:00,12.690383,0.0,0.21236666,Queensland
2023-08-20 00:00:00+00:00,14.834134,0.0,0.2100167,Queensland
2023-08-21 00:00:00+00:00,16.547466,0.0,0.20947501,Queensland
2023-08-22 00:00:00+00:00,17.592884,0.0,0.20946665,Queensland
2023-08-23 00:00:00+00:00,17.782885,0.0,0.2088,Queensland
2023-08-24 00:00:00+00:00,17.188717,0.0,0.20649166,Queensland
2023-08-25 00:00:00+00:00,17.351633,0.0,0.20514166,Queensland
2023-08-26 00:00:00+00:00,17.447466,0.0,0.20384999,Queensland
2023-08-27 00:00:00+00:00,17.3883,0.0,0.20240831,Queensland
2023-08-28 00:00:00+00:00,17.422886,0.02,0.20030001,Queensland
2023-08-29 00:00:00+00:00,17.156216,1.9800001,0.19983335,Queensland
2023-08-30 00:00:00+00:00,17.6658,0.56,0.19955,Queensland
2023-08-31 00:00:00+00:00,18.926218,0.0,0.19918334,Queensland
2023-09-01 00:00:00+00:00,17.689135,0.0,0.19660833,Queensland
2023-09-02 00:00:00+00:00,18.462467,0.04,0.19619998,Queensland
2023-09-03 00:00:00+00:00,20.222881,0.16,0.19633332,Queensland
2023-09-04 00:00:00+00:00,20.715801,0.08,0.19600001,Queensland
2023-09-05 00:00:00+00:00,20.592466,0.87999994,0.19434166,Queensland
2023-09-06 00:00:00+00:00,20.837048,0.2,0.19518332,Queensland
2023-09-07 00:00:00+00:00,21.257467,0.18,0.19444166,Queensland
2023-09-08 00:00:00+00:00,19.400385,0.120000005,0.19315003,Queensland
2023-09-09 00:00:00+00:00,16.415384,0.0,0.19250001,Queensland
2023-09-10 00:00:00+00:00,16.209965,0.0,0.19585834,Queensland
2023-09-11 00:00:00+00:00,16.533716,0.0,0.19428334,Queensland
2023-09-12 00:00:00+00:00,16.713299,0.0,0.19246669,Queensland
2023-09-13 00:00:00+00:00,17.7383,0.1,0.19038334,Queensland
2023-09-14 00:00:00+00:00,18.016216,0.0,0.18861666,Queensland
2023-09-15 00:00:00+00:00,17.93205,0.0,0.18825835,Queensland
2023-09-16 00:00:00+00:00,18.7008,0.0,0.18854168,Queensland
2023-09-17 00:00:00+00:00,19.762466,0.0,0.18900833,Queensland
2023-09-18 00:00:00+00:00,19.556217,0.0,0.18801664,Queensland
2023-09-19 00:00:00+00:00,20.057049,0.0,0.18699999,Queensland
2023-09-20 00:00:00+00:00,22.25205,0.0,0.18709166,Queensland
2023-09-21 00:00:00+00:00,23.593716,0.0,0.18805,Queensland
2023-09-22 00:00:00+00:00,20.297049,0.04,0.18775833,Queensland
2023-09-23 00:00:00+00:00,18.33955,0.02,0.18720831,Queensland
2023-09-24 00:00:00+00:00,17.87455,0.060000002,0.18732497,Queensland
2023-09-25 00:00:00+00:00,18.338299,0.0,0.18639998,Queensland
2023-09-26 00:00:00+00:00,20.29955,0.0,0.18649998,Queensland
2023-09-27 00:00:00+00:00,22.0708,0.120000005,0.18650831,Queensland
2023-09-28 00:00:00+00:00,21.535381,2.1200004,0.18694997,Queensland
2023-09-29 00:00:00+00:00,21.481216,0.0,0.1873583,Queensland
2023-09-30 00:00:00+00:00,21.759548,0.0,0.18553331,Queensland
2023-10-01 00:00:00+00:00,21.53455,0.0,0.18497498,Queensland
2023-10-02 00:00:00+00:00,21.954966,0.060000002,0.18546665,Queensland
2023-10-03 00:00:00+00:00,21.912048,0.16000001,0.18506664,Queensland
2023-10-04 00:00:00+00:00,22.069965,2.08,0.1850833,Queensland
2023-10-05 00:00:00+00:00,19.114965,0.34,0.18655832,Queensland
2023-10-06 00:00:00+00:00,20.267883,0.120000005,0.18554163,Queensland
2023-10-07 00:00:00+00:00,19.738716,0.04,0.18490833,Queensland
2023-10-08 00:00:00+00:00,18.924967,0.0,0.185725,Queensland
2023-10-09 00:00:00+00:00,19.681633,0.0,0.18628332,Queensland
2023-10-10 00:00:00+00:00,21.089968,0.120000005,0.18555835,Queensland
2023-10-11 00:00:00+00:00,22.033716,0.02,0.18398333,Queensland
2023-10-12 00:00:00+00:00,22.941217,0.0,0.18265831,Queensland
2023-10-13 00:00:00+00:00,21.931631,0.0,0.1824333,Queensland
2023-10-14 00:00:00+00:00,22.474133,0.0,0.18086666,Queensland
2023-10-15 00:00:00+00:00,23.893717,0.0,0.18119168,Queensland
2023-10-16 00:00:00+00:00,24.505802,0.0,0.18143333,Queensland
2023-10-17 00:00:00+00:00,22.152882,0.0,0.18125834,Queensland
2023-10-18 00:00:00+00:00,21.022884,0.0,0.180875,Queensland
2023-10-19 00:00:00+00:00,21.483301,0.0,0.18017502,Queensland
2023-10-20 00:00:00+00:00,22.756216,0.0,0.181125,Queensland
2023-10-21 00:00:00+00:00,24.5783,0.0,0.18015,Queensland
2023-10-22 00:00:00+00:00,25.976633,0.0,0.18004166,Queensland
2023-10-23 00:00:00+00:00,25.873302,0.0,0.179775,Queensland
2023-10-24 00:00:00+00:00,26.517467,0.0,0.17942502,Queensland
2023-10-25 00:00:00+00:00,26.51955,0.0,0.17828333,Queensland
2023-10-26 00:00:00+00:00,21.744549,0.43999997,0.17671666,Queensland
2023-10-27 00:00:00+00:00,19.533718,0.02,0.17739166,Queensland
2023-10-28 00:00:00+00:00,20.045383,0.0,0.17559168,Queensland
2023-10-29 00:00:00+00:00,21.229132,0.0,0.17670833,Queensland
2023-10-30 00:00:00+00:00,23.885382,0.0,0.17755002,Queensland
2023-10-31 00:00:00+00:00,26.57163,0.0,0.17796668,Queensland
2023-11-01 00:00:00+00:00,24.149967,0.060000002,0.17938334,Queensland
2023-11-02 00:00:00+00:00,23.69455,0.46000004,0.18135,Queensland
2023-11-03 00:00:00+00:00,22.10205,6.7599998,0.18210834,Queensland
2023-11-04 00:00:00+00:00,22.541218,6.96,0.184925,Queensland
2023-11-05 00:00:00+00:00,21.77955,7.4600005,0.19046667,Queensland
2023-11-06 00:00:00+00:00,20.325798,2.8,0.19625,Queensland
2023-11-07 00:00:00+00:00,20.647467,0.40000004,0.19858335,Queensland
2023-11-08 00:00:00+00:00,21.309134,1.12,0.2002,Queensland
2023-11-09 00:00:00+00:00,22.297466,2.4,0.19957499,Queensland
2023-11-10 00:00:00+00:00,23.126633,0.16,0.19857499,Queensland
2023-11-11 00:00:00+00:00,23.602467,0.20000002,0.19810836,Queensland
2023-11-12 00:00:00+00:00,24.344967,0.0,0.19618335,Queensland
2023-11-13 00:00:00+00:00,26.172052,0.0,0.1956,Queensland
2023-11-14 00:00:00+00:00,27.451633,0.0,0.19400834,Queensland
2023-11-15 00:00:00+00:00,29.032887,0.08,0.19279169,Queensland
2023-11-16 00:00:00+00:00,29.172886,0.32,0.19233333,Queensland
2023-11-17 00:00:00+00:00,26.341217,4.5,0.19383334,Queensland
2023-11-18 00:00:00+00:00,23.704134,4.56,0.19764169,Queensland
2023-11-19 00:00:00+00:00,22.039133,16.86,0.21021667,Queensland
2023-11-20 00:00:00+00:00,21.464132,10.699999,0.263225,Queensland
2023-11-21 00:00:00+00:00,23.147882,5.06,0.2817583,Queensland
2023-11-22 00:00:00+00:00,22.118717,9.0,0.29301667,Queensland
2023-11-23 00:00:00+00:00,21.0608,11.540001,0.322225,Queensland
2023-11-24 00:00:00+00:00,20.9933,6.88,0.3369667,Queensland
2023-11-25 00:00:00+00:00,20.471634,7.4600015,0.34723336,Queensland
2023-11-26 00:00:00+00:00,21.836216,10.219999,0.34950835,Queensland
2023-11-27 00:00:00+00:00,21.686218,28.34,0.3690583,Queensland
2023-11-28 00:00:00+00:00,21.725384,5.04,0.38335833,Queensland
2023-11-29 00:00:00+00:00,24.564968,0.45999998,0.36319998,Queensland
2023-11-30 00:00:00+00:00,24.929132,5.28,0.35074168,Queensland
2023-12-01 00:00:00+00:00,23.4483,5.18,0.35255003,Queensland
2023-12-02 00:00:00+00:00,24.3608,0.67999995,0.3541083,Queensland
2023-12-03 00:00:00+00:00,25.574133,0.56,0.34038335,Queensland
2023-12-04 00:00:00+00:00,25.755383,0.22,0.326775,Queensland
2023-12-05 00:00:00+00:00,25.46955,0.32,0.31385833,Queensland
2023-12-06 00:00:00+00:00,26.247051,0.0,0.302425,Queensland
2023-12-07 00:00:00+00:00,26.209549,0.0,0.29251665,Queensland
2023-12-08 00:00:00+00:00,25.759548,0.0,0.284075,Queensland
2023-12-09 00:00:00+00:00,25.324135,0.0,0.2764167,Queensland
2023-12-10 00:00:00+00:00,24.43455,0.060000002,0.26925,Queensland
2023-12-11 00:00:00+00:00,23.741217,0.78000003,0.2634083,Queensland
2023-12-12 00:00:00+00:00,24.589966,0.24000001,0.25869164,Queensland
2023-12-13 00:00:00+00:00,24.656216,0.1,0.2556417,Queensland
2023-12-14 00:00:00+00:00,26.164133,1.48,0.25285,Queensland
2023-12-15 00:00:00+00:00,26.796215,1.4800001,0.24835834,Queensland
2023-12-16 00:00:00+00:00,26.555798,2.3400002,0.25359994,Queensland
2023-12-17 00:00:00+00:00,27.2508,0.91999996,0.25839168,Queensland
2023-12-18 00:00:00+00:00,27.189966,0.28000003,0.25281668,Queensland
2023-12-19 00:00:00+00:00,25.85788,7.7200003,0.24845,Queensland
2023-12-20 00:00:00+00:00,23.8333,7.9600005,0.24978332,Queensland
2023-12-21 00:00:00+00:00,22.460384,15.58,0.27085835,Queensland
2023-12-22 00:00:00+00:00,22.953716,2.72,0.28960836,Queensland
2023-12-23 00:00:00+00:00,24.2208,9.38,0.29864168,Queensland
2023-12-24 00:00:00+00:00,24.748716,9.159999,0.326675,Queensland
2023-12-25 00:00:00+00:00,24.864552,6.72,0.32251665,Queensland
2023-12-26 00:00:00+00:00,24.650383,7.2200003,0.31940836,Queensland
2023-12-27 00:00:00+00:00,25.886633,0.66,0.30943334,Queensland
2023-12-28 00:00:00+00:00,27.058298,0.04,0.30044168,Queensland
2023-12-29 00:00:00+00:00,28.045801,7.96,0.2927417,Queensland
2023-12-30 00:00:00+00:00,24.57705,11.58,0.30369166,Queensland
2023-12-31 00:00:00+00:00,24.095383,4.940001,0.31066665,Queensland
2022-01-01 00:00:00+00:00,26.6815,0.075,0.2164792,New South Wales
2022-01-02 00:00:00+00:00,28.250248,0.0,0.21374999,New South Wales
2022-01-03 00:00:00+00:00,28.935144,0.0,0.21166669,New South Wales
2022-01-04 00:00:00+00:00,28.840353,0.075,0.20788541,New South Wales
2022-01-05 00:00:00+00:00,27.89921,9.750001,0.21700001,New South Wales
2022-01-06 00:00:00+00:00,27.009104,4.35,0.24128126,New South Wales
2022-01-07 00:00:00+00:00,26.47525,5.925,0.25876042,New South Wales
2022-01-08 00:00:00+00:00,26.785145,2.7000003,0.26437503,New South Wales
2022-01-09 00:00:00+00:00,28.789312,0.125,0.25734377,New South Wales
2022-01-10 00:00:00+00:00,29.172127,5.2000003,0.25331253,New South Wales
2022-01-11 00:00:00+00:00,26.936707,2.6,0.25571877,New South Wales
2022-01-12 00:00:00+00:00,27.547646,0.1,0.25509375,New South Wales
2022-01-13 00:00:00+00:00,26.797644,2.9,0.2508021,New South Wales
2022-01-14 00:00:00+00:00,26.535667,2.625,0.25039583,New South Wales
2022-01-15 00:00:00+00:00,27.622126,0.1,0.2593646,New South Wales
2022-01-16 00:00:00+00:00,28.54921,0.025,0.25519788,New South Wales
2022-01-17 00:00:00+00:00,28.744,0.5,0.25028124,New South Wales
2022-01-18 00:00:00+00:00,25.276293,6.5750003,0.25027084,New South Wales
2022-01-19 00:00:00+00:00,23.101292,2.8999999,0.26347917,New South Wales
2022-01-20 00:00:00+00:00,23.184626,0.025,0.26321876,New South Wales
2022-01-21 00:00:00+00:00,24.073166,0.0,0.25731254,New South Wales
2022-01-22 00:00:00+00:00,24.034626,0.0,0.25229165,New South Wales
2022-01-23 00:00:00+00:00,25.084103,0.0,0.2487708,New South Wales
2022-01-24 00:00:00+00:00,26.476812,0.1,0.24419792,New South Wales
2022-01-25 00:00:00+00:00,24.666395,3.4750001,0.24014585,New South Wales
2022-01-26 00:00:00+00:00,25.209103,2.3749998,0.25098962,New South Wales
2022-01-27 00:00:00+00:00,25.855457,0.8,0.25881252,New South Wales
2022-01-28 00:00:00+00:00,26.4565,7.2250004,0.2575833,New South Wales
2022-01-29 00:00:00+00:00,25.763792,6.600001,0.26241666,New South Wales
2022-01-30 00:00:00+00:00,26.065876,1.65,0.26657292,New South Wales
2022-01-31 00:00:00+00:00,27.257019,0.35000002,0.26902083,New South Wales
2022-02-01 00:00:00+00:00,25.760666,6.85,0.27451038,New South Wales
2022-02-02 00:00:00+00:00,21.05754,6.0250006,0.29641667,New South Wales
2022-02-03 00:00:00+00:00,20.548166,0.45,0.29779166,New South Wales
2022-02-04 00:00:00+00:00,21.848167,0.0,0.29127082,New South Wales
2022-02-05 00:00:00+00:00,21.609625,0.0,0.28412503,New South Wales
2022-02-06 00:00:00+00:00,22.175772,0.0,0.27695835,New South Wales
2022-02-07 00:00:00+00:00,22.152332,0.0,0.27025002,New South Wales
2022-02-08 00:00:00+00:00,22.626293,0.025,0.2653021,New South Wales
2022-02-09 00:00:00+00:00,24.450771,0.175,0.25932294,New South Wales
2022-02-10 00:00:00+00:00,25.923687,0.0,0.25260416,New South Wales
2022-02-11 00:00:00+00:00,25.815872,0.025,0.24513543,New South Wales
2022-02-12 00:00:00+00:00,24.696083,0.0,0.23934376,New South Wales
2022-02-13 00:00:00+00:00,24.758583,0.0,0.2346875,New South Wales
2022-02-14 00:00:00+00:00,25.884624,0.0,0.23054168,New South Wales
2022-02-15 00:00:00+00:00,26.565353,0.0,0.22662498,New South Wales
2022-02-16 00:00:00+00:00,27.403896,0.0,0.22263539,New South Wales
2022-02-17 00:00:00+00:00,26.362747,0.0,0.21929166,New South Wales
2022-02-18 00:00:00+00:00,25.536186,0.0,0.2171354,New South Wales
2022-02-19 00:00:00+00:00,27.131498,0.075,0.21296874,New South Wales
2022-02-20 00:00:00+00:00,25.677334,2.075,0.21171874,New South Wales
2022-02-21 00:00:00+00:00,25.171083,1.4499998,0.2104479,New South Wales
2022-02-22 00:00:00+00:00,24.227333,5.175,0.21198955,New South Wales
2022-02-23 00:00:00+00:00,24.07056,7.95,0.2175625,New South Wales
2022-02-24 00:00:00+00:00,24.095562,18.449999,0.24965625,New South Wales
2022-02-25 00:00:00+00:00,23.493479,7.3999996,0.27209374,New South Wales
2022-02-26 00:00:00+00:00,22.96379,3.5000002,0.27548957,New South Wales
2022-02-27 00:00:00+00:00,24.61171,0.025,0.27015626,New South Wales
2022-02-28 00:00:00+00:00,24.94973,1.8999999,0.26269794,New South Wales
2022-03-01 00:00:00+00:00,23.89504,5.6,0.2622396,New South Wales
2022-03-02 00:00:00+00:00,23.470041,1.7,0.267,New South Wales
2022-03-03 00:00:00+00:00,25.23879,0.0,0.26218745,New South Wales
2022-03-04 00:00:00+00:00,26.340874,0.0,0.25589585,New South Wales
2022-03-05 00:00:00+00:00,23.605457,1.0249999,0.2526771,New South Wales
2022-03-06 00:00:00+00:00,22.893482,0.675,0.25266668,New South Wales
2022-03-07 00:00:00+00:00,23.836187,1.2500001,0.2511146,New South Wales
2022-03-08 00:00:00+00:00,22.999208,2.6000001,0.2475104,New South Wales
2022-03-09 00:00:00+00:00,23.123169,0.025,0.2449271,New South Wales
2022-03-10 00:00:00+00:00,22.800251,0.1,0.24103127,New South Wales
2022-03-11 00:00:00+00:00,23.171604,0.075,0.23573959,New South Wales
2022-03-12 00:00:00+00:00,23.089314,2.6,0.23148961,New South Wales
2022-03-13 00:00:00+00:00,23.072647,1.9499999,0.22937502,New South Wales
2022-03-14 00:00:00+00:00,23.985668,0.05,0.22974996,New South Wales
2022-03-15 00:00:00+00:00,23.828375,1.45,0.2286354,New South Wales
2022-03-16 00:00:00+00:00,23.245564,0.4,0.22873959,New South Wales
2022-03-17 00:00:00+00:00,23.516396,0.45,0.22734374,New South Wales
2022-03-18 00:00:00+00:00,24.210667,0.2,0.22756249,New South Wales
2022-03-19 00:00:00+00:00,24.21379,0.025,0.22476041,New South Wales
2022-03-20 00:00:00+00:00,23.81275,0.0,0.22194791,New South Wales
2022-03-21 00:00:00+00:00,24.834106,0.0,0.22019789,New South Wales
2022-03-22 00:00:00+00:00,26.061188,0.15,0.2171875,New South Wales
2022-03-23 00:00:00+00:00,23.566916,0.0,0.21445833,New South Wales
2022-03-24 00:00:00+00:00,22.259104,5.1000004,0.21374999,New South Wales
2022-03-25 00:00:00+00:00,21.124208,2.925,0.22546875,New South Wales
2022-03-26 00:00:00+00:00,21.190874,17.1,0.23426042,New South Wales
2022-03-27 00:00:00+00:00,19.91952,7.1500006,0.24992707,New South Wales
2022-03-28 00:00:00+00:00,21.405458,1.425,0.2630729,New South Wales
2022-03-29 00:00:00+00:00,20.821083,3.4750004,0.26539588,New South Wales
2022-03-30 00:00:00+00:00,21.37525,0.0,0.27059373,New South Wales
2022-03-31 00:00:00+00:00,20.079937,0.05,0.26591668,New South Wales
2022-04-01 00:00:00+00:00,17.776814,0.0,0.26117706,New South Wales
2022-04-02 00:00:00+00:00,17.291395,0.725,0.25864583,New South Wales
2022-04-03 00:00:00+00:00,18.603895,1.25,0.26005206,New South Wales
2022-04-04 00:00:00+00:00,19.723688,0.125,0.2618542,New South Wales
2022-04-05 00:00:00+00:00,20.661709,0.15,0.25797915,New South Wales
2022-04-06 00:00:00+00:00,20.958584,4.525,0.25310415,New South Wales
2022-04-07 00:00:00+00:00,19.041916,3.375,0.25146875,New South Wales
2022-04-08 00:00:00+00:00,19.103374,9.075,0.2714479,New South Wales
2022-04-09 00:00:00+00:00,19.812752,1.7249999,0.30408335,New South Wales
2022-04-10 00:00:00+00:00,20.534626,0.075,0.3036042,New South Wales
2022-04-11 00:00:00+00:00,20.316917,0.025,0.2973854,New South Wales
2022-04-12 00:00:00+00:00,19.430458,0.0,0.28921878,New South Wales
2022-04-13 00:00:00+00:00,18.867958,0.0,0.28211457,New South Wales
2022-04-14 00:00:00+00:00,18.334103,0.0,0.27541664,New South Wales
2022-04-15 00:00:00+00:00,18.546604,0.0,0.2707813,New South Wales
2022-04-16 00:00:00+00:00,18.501291,0.0,0.26687497,New South Wales
2022-04-17 00:00:00+00:00,19.96327,0.025,0.2620417,New South Wales
2022-04-18 00:00:00+00:00,20.907543,3.5499997,0.2584167,New South Wales
2022-04-19 00:00:00+00:00,17.620562,4.275,0.26780212,New South Wales
2022-04-20 00:00:00+00:00,15.324207,0.05,0.27432296,New South Wales
2022-04-21 00:00:00+00:00,16.926292,0.0,0.2724167,New South Wales
2022-04-22 00:00:00+00:00,19.23098,0.0,0.26714578,New South Wales
2022-04-23 00:00:00+00:00,18.203896,0.425,0.26450002,New South Wales
2022-04-24 00:00:00+00:00,18.84452,0.0,0.26148963,New South Wales
2022-04-25 00:00:00+00:00,18.716919,0.0,0.25883335,New South Wales
2022-04-26 00:00:00+00:00,18.185146,10.449999,0.25863543,New South Wales
2022-04-27 00:00:00+00:00,18.541395,8.599999,0.2932604,New South Wales
2022-04-28 00:00:00+00:00,19.644001,0.40000004,0.30905205,New South Wales
2022-04-29 00:00:00+00:00,21.198166,8.325001,0.31074998,New South Wales
2022-04-30 00:00:00+00:00,15.298687,0.875,0.315875,New South Wales
2022-05-01 00:00:00+00:00,14.456499,0.0,0.3143021,New South Wales
2022-05-02 00:00:00+00:00,15.580978,0.0,0.30775002,New South Wales
2022-05-03 00:00:00+00:00,17.445042,0.4,0.30023956,New South Wales
2022-05-04 00:00:00+00:00,16.959625,1.9,0.30078125,New South Wales
2022-05-05 00:00:00+00:00,13.158062,0.2,0.30327082,New South Wales
2022-05-06 00:00:00+00:00,10.438271,0.05,0.3013021,New South Wales
2022-05-07 00:00:00+00:00,11.209625,0.0,0.3017396,New South Wales
2022-05-08 00:00:00+00:00,11.585146,0.05,0.29758334,New South Wales
2022-05-09 00:00:00+00:00,15.015354,0.0,0.2913958,New South Wales
2022-05-10 00:00:00+00:00,17.441917,8.425,0.28940627,New South Wales
2022-05-11 00:00:00+00:00,15.9887905,29.824999,0.33289585,New South Wales
2022-05-12 00:00:00+00:00,17.309624,9.824999,0.39171875,New South Wales
2022-05-13 00:00:00+00:00,18.385147,3.575,0.40934375,New South Wales
2022-05-14 00:00:00+00:00,19.163792,1.5999999,0.39751038,New South Wales
2022-05-15 00:00:00+00:00,17.382542,1.15,0.38762495,New South Wales
2022-05-16 00:00:00+00:00,15.359105,0.025,0.377625,New South Wales
2022-05-17 00:00:00+00:00,12.824208,0.0,0.3679375,New South Wales
2022-05-18 00:00:00+00:00,12.037748,0.125,0.35994795,New South Wales
2022-05-19 00:00:00+00:00,11.835668,0.0,0.35266668,New South Wales
2022-05-20 00:00:00+00:00,13.425772,7.55,0.35305205,New South Wales
2022-05-21 00:00:00+00:00,14.418478,6.75,0.34271875,New South Wales
2022-05-22 00:00:00+00:00,13.915354,1.825,0.33941665,New South Wales
2022-05-23 00:00:00+00:00,13.979417,0.625,0.33664584,New South Wales
2022-05-24 00:00:00+00:00,14.17525,0.25,0.33525002,New South Wales
2022-05-25 00:00:00+00:00,14.140875,1.0,0.33366665,New South Wales
2022-05-26 00:00:00+00:00,14.241397,2.7500002,0.33312503,New South Wales
2022-05-27 00:00:00+00:00,14.201292,2.9,0.33069786,New South Wales
2022-05-28 00:00:00+00:00,11.951813,1.8,0.33123955,New South Wales
2022-05-29 00:00:00+00:00,11.885666,2.425,0.33119792,New South Wales
2022-05-30 00:00:00+00:00,11.645042,7.1,0.3440625,New South Wales
2022-05-31 00:00:00+00:00,10.272125,0.35000002,0.35162503,New South Wales
2022-06-01 00:00:00+00:00,8.211187,0.025,0.3494479,New South Wales
2022-06-02 00:00:00+00:00,9.15077,0.125,0.34567708,New South Wales
2022-06-03 00:00:00+00:00,9.819,9.05,0.35658333,New South Wales
2022-06-04 00:00:00+00:00,9.823167,0.1,0.36773956,New South Wales
2022-06-05 00:00:00+00:00,11.205979,2.6000001,0.36654162,New South Wales
2022-06-06 00:00:00+00:00,8.822647,0.05,0.3662083,New South Wales
2022-06-07 00:00:00+00:00,8.848688,1.6999999,0.36209372,New South Wales
2022-06-08 00:00:00+00:00,7.6554585,0.025,0.3556146,New South Wales
2022-06-09 00:00:00+00:00,8.401292,0.075,0.3477083,New South Wales
2022-06-10 00:00:00+00:00,9.432541,0.275,0.34134376,New South Wales
2022-06-11 00:00:00+00:00,8.633583,0.1,0.33802083,New South Wales
2022-06-12 00:00:00+00:00,8.471083,0.0,0.33543748,New South Wales
2022-06-13 00:00:00+00:00,8.485667,0.0,0.3324167,New South Wales
2022-06-14 00:00:00+00:00,8.31848,0.075,0.32864583,New South Wales
2022-06-15 00:00:00+00:00,10.886708,2.075,0.3241458,New South Wales
2022-06-16 00:00:00+00:00,11.314313,0.3,0.31760415,New South Wales
2022-06-17 00:00:00+00:00,9.625249,0.05,0.31442705,New South Wales
2022-06-18 00:00:00+00:00,9.518479,0.0,0.31362504,New South Wales
2022-06-19 00:00:00+00:00,12.036187,0.0,0.30801043,New South Wales
2022-06-20 00:00:00+00:00,12.439833,0.975,0.30260414,New South Wales
2022-06-21 00:00:00+00:00,11.577333,0.1,0.30248958,New South Wales
2022-06-22 00:00:00+00:00,10.357542,0.17500001,0.2997083,New South Wales
2022-06-23 00:00:00+00:00,10.081501,0.05,0.2955,New South Wales
2022-06-24 00:00:00+00:00,10.41223,0.25,0.29199994,New South Wales
2022-06-25 00:00:00+00:00,10.252853,0.0,0.2890521,New South Wales
2022-06-26 00:00:00+00:00,10.839832,0.125,0.28562498,New South Wales
2022-06-27 00:00:00+00:00,8.461709,0.0,0.2820521,New South Wales
2022-06-28 00:00:00+00:00,8.626813,0.0,0.28009376,New South Wales
2022-06-29 00:00:00+00:00,11.084625,0.025,0.27964583,New South Wales
2022-06-30 00:00:00+00:00,11.9002495,1.6,0.27845833,New South Wales
2022-07-01 00:00:00+00:00,10.616396,1.3749999,0.2772187,New South Wales
2022-07-02 00:00:00+00:00,8.941396,1.7499998,0.27864587,New South Wales
2022-07-03 00:00:00+00:00,8.742958,4.0,0.2861458,New South Wales
2022-07-04 00:00:00+00:00,9.715354,0.55,0.2973333,New South Wales
2022-07-05 00:00:00+00:00,10.325771,1.325,0.3003021,New South Wales
2022-07-06 00:00:00+00:00,11.107542,0.625,0.30365622,New South Wales
2022-07-07 00:00:00+00:00,10.063271,0.0,0.30204165,New South Wales
2022-07-08 00:00:00+00:00,8.644521,0.05,0.3020729,New South Wales
2022-07-09 00:00:00+00:00,8.004938,0.15,0.30053124,New South Wales
2022-07-10 00:00:00+00:00,8.315354,0.0,0.29969788,New South Wales
2022-07-11 00:00:00+00:00,9.748688,0.4,0.29808336,New South Wales
2022-07-12 00:00:00+00:00,9.033584,1.2249999,0.29801044,New South Wales
2022-07-13 00:00:00+00:00,8.373689,0.125,0.29886454,New South Wales
2022-07-14 00:00:00+00:00,7.1341047,0.0,0.29895827,New South Wales
2022-07-15 00:00:00+00:00,7.3841047,0.0,0.29586464,New South Wales
2022-07-16 00:00:00+00:00,10.767958,0.075,0.29171872,New South Wales
2022-07-17 00:00:00+00:00,11.844001,0.7,0.28838545,New South Wales
2022-07-18 00:00:00+00:00,8.028375,0.05,0.28642708,New South Wales
2022-07-19 00:00:00+00:00,8.376291,0.0,0.2839688,New South Wales
2022-07-20 00:00:00+00:00,12.465355,3.6499999,0.28230208,New South Wales
2022-07-21 00:00:00+00:00,12.972125,0.075,0.28833336,New South Wales
2022-07-22 00:00:00+00:00,13.259625,0.0,0.28612506,New South Wales
2022-07-23 00:00:00+00:00,11.744521,0.025,0.28303126,New South Wales
2022-07-24 00:00:00+00:00,12.109105,0.25,0.2772292,New South Wales
2022-07-25 00:00:00+00:00,14.046083,1.925,0.27293754,New South Wales
2022-07-26 00:00:00+00:00,9.958583,0.05,0.2715417,New South Wales
2022-07-27 00:00:00+00:00,9.941396,0.1,0.27179164,New South Wales
2022-07-28 00:00:00+00:00,9.1189995,0.17500001,0.27102083,New South Wales
2022-07-29 00:00:00+00:00,8.320562,0.0,0.26995832,New South Wales
2022-07-30 00:00:00+00:00,10.8601465,0.05,0.26553127,New South Wales
2022-07-31 00:00:00+00:00,13.078376,3.5,0.2648021,New South Wales
2022-08-01 00:00:00+00:00,10.023688,0.8999999,0.26602083,New South Wales
2022-08-02 00:00:00+00:00,13.661707,1.075,0.26749998,New South Wales
2022-08-03 00:00:00+00:00,18.690874,2.675,0.26841667,New South Wales
2022-08-04 00:00:00+00:00,16.370564,18.300001,0.29814583,New South Wales
2022-08-05 00:00:00+00:00,12.539312,2.9,0.32394794,New South Wales
2022-08-06 00:00:00+00:00,10.086187,0.5749999,0.32847914,New South Wales
2022-08-07 00:00:00+00:00,8.872645,0.3,0.32843748,New South Wales
2022-08-08 00:00:00+00:00,8.964833,0.05,0.32538545,New South Wales
2022-08-09 00:00:00+00:00,8.822645,0.0,0.32148957,New South Wales
2022-08-10 00:00:00+00:00,12.066395,0.2,0.31695837,New South Wales
2022-08-11 00:00:00+00:00,12.7804575,4.0750003,0.31488538,New South Wales
2022-08-12 00:00:00+00:00,11.444521,12.175001,0.33341667,New South Wales
2022-08-13 00:00:00+00:00,9.982021,0.6,0.35007292,New South Wales
2022-08-14 00:00:00+00:00,9.513792,0.35000002,0.34889585,New South Wales
2022-08-15 00:00:00+00:00,9.915354,1.0,0.34452087,New South Wales
2022-08-16 00:00:00+00:00,9.5268135,0.625,0.34101042,New South Wales
2022-08-17 00:00:00+00:00,10.988271,0.15,0.336625,New South Wales
2022-08-18 00:00:00+00:00,13.026813,2.05,0.32990626,New South Wales
2022-08-19 00:00:00+00:00,10.826292,0.275,0.32419795,New South Wales
2022-08-20 00:00:00+00:00,10.605459,0.425,0.32440627,New South Wales
2022-08-21 00:00:00+00:00,11.170562,0.0,0.32163548,New South Wales
2022-08-22 00:00:00+00:00,13.549208,2.425,0.31781247,New South Wales
2022-08-23 00:00:00+00:00,8.413271,0.95000005,0.3157395,New South Wales
2022-08-24 00:00:00+00:00,9.507541,0.15,0.3143125,New South Wales
2022-08-25 00:00:00+00:00,9.575771,0.05,0.3121354,New South Wales
2022-08-26 00:00:00+00:00,11.491917,0.0,0.30882293,New South Wales
2022-08-27 00:00:00+00:00,14.130458,0.075,0.30421874,New South Wales
2022-08-28 00:00:00+00:00,16.046083,1.025,0.29910418,New South Wales
2022-08-29 00:00:00+00:00,15.75598,6.5249996,0.3002083,New South Wales
2022-08-30 00:00:00+00:00,13.416396,1.0999999,0.30856252,New South Wales
2022-08-31 00:00:00+00:00,12.559625,0.17500001,0.30584377,New South Wales
2022-09-01 00:00:00+00:00,14.354938,1.45,0.30234373,New South Wales
2022-09-02 00:00:00+00:00,11.314313,7.55,0.30486462,New South Wales
2022-09-03 00:00:00+00:00,10.747126,0.92499995,0.31623957,New South Wales
2022-09-04 00:00:00+00:00,11.70598,0.0,0.31562498,New South Wales
2022-09-05 00:00:00+00:00,12.17525,0.0,0.31186458,New South Wales
2022-09-06 00:00:00+00:00,13.559625,0.475,0.3075416,New South Wales
2022-09-07 00:00:00+00:00,15.276292,5.7,0.30339584,New South Wales
2022-09-08 00:00:00+00:00,13.592438,22.8,0.34772915,New South Wales
2022-09-09 00:00:00+00:00,14.436708,2.2499998,0.38243747,New South Wales
2022-09-10 00:00:00+00:00,12.195042,0.225,0.374875,New South Wales
2022-09-11 00:00:00+00:00,11.6346245,0.0,0.36586457,New South Wales
2022-09-12 00:00:00+00:00,11.304417,0.32500002,0.35752082,New South Wales
2022-09-13 00:00:00+00:00,11.457542,0.0,0.34860417,New South Wales
2022-09-14 00:00:00+00:00,14.836708,10.575,0.34196872,New South Wales
2022-09-15 00:00:00+00:00,14.314832,17.225,0.37251043,New South Wales
2022-09-16 00:00:00+00:00,15.092958,1.2499999,0.38338542,New South Wales
2022-09-17 00:00:00+00:00,13.30025,1.6500001,0.37467706,New South Wales
2022-09-18 00:00:00+00:00,13.433582,0.3,0.36546874,New South Wales
2022-09-19 00:00:00+00:00,12.638791,0.0,0.3546979,New South Wales
2022-09-20 00:00:00+00:00,16.489832,6.45,0.34368753,New South Wales
2022-09-21 00:00:00+00:00,14.284626,20.35,0.3933542,New South Wales
2022-09-22 00:00:00+00:00,15.288271,0.725,0.39546877,New South Wales
2022-09-23 00:00:00+00:00,16.078896,1.6499999,0.38528126,New South Wales
2022-09-24 00:00:00+00:00,13.9783745,0.125,0.37464577,New South Wales
2022-09-25 00:00:00+00:00,14.323688,0.125,0.36202085,New South Wales
2022-09-26 00:00:00+00:00,15.468479,2.8500001,0.35569793,New South Wales
2022-09-27 00:00:00+00:00,14.454417,1.05,0.35359377,New South Wales
2022-09-28 00:00:00+00:00,12.560146,2.8749998,0.35318756,New South Wales
2022-09-29 00:00:00+00:00,14.737229,0.125,0.34752086,New South Wales
2022-09-30 00:00:00+00:00,15.876291,0.025,0.33760414,New South Wales
2022-10-01 00:00:00+00:00,14.420042,1.925,0.33058336,New South Wales
2022-10-02 00:00:00+00:00,14.102854,0.05,0.3231875,New South Wales
2022-10-03 00:00:00+00:00,15.960668,0.0,0.31665623,New South Wales
2022-10-04 00:00:00+00:00,18.317438,6.125,0.3100313,New South Wales
2022-10-05 00:00:00+00:00,15.432543,22.725,0.34942707,New South Wales
2022-10-06 00:00:00+00:00,18.014833,9.375001,0.35715625,New South Wales
2022-10-07 00:00:00+00:00,17.071604,24.599998,0.3853125,New South Wales
2022-10-08 00:00:00+00:00,13.298166,13.325,0.4057708,New South Wales
2022-10-09 00:00:00+00:00,12.08775,0.0,0.39992708,New South Wales
2022-10-10 00:00:00+00:00,15.238791,0.0,0.38644794,New South Wales
2022-10-11 00:00:00+00:00,17.412228,0.20000002,0.37565628,New South Wales
2022-10-12 00:00:00+00:00,17.819519,6.1249986,0.3745104,New South Wales
2022-10-13 00:00:00+00:00,18.164833,15.5,0.3773333,New South Wales
2022-10-14 00:00:00+00:00,14.158584,0.375,0.37502083,New South Wales
2022-10-15 00:00:00+00:00,15.17473,0.0,0.36626044,New South Wales
2022-10-16 00:00:00+00:00,15.023167,0.025,0.35663542,New South Wales
2022-10-17 00:00:00+00:00,16.108063,0.05,0.34571877,New South Wales
2022-10-18 00:00:00+00:00,19.013271,2.725,0.33748958,New South Wales
2022-10-19 00:00:00+00:00,18.668478,20.900003,0.37137502,New South Wales
2022-10-20 00:00:00+00:00,19.238792,23.95,0.40317705,New South Wales
2022-10-21 00:00:00+00:00,19.346083,9.275001,0.41773957,New South Wales
2022-10-22 00:00:00+00:00,18.87577,5.575001,0.41863543,New South Wales
2022-10-23 00:00:00+00:00,20.24921,11.55,0.40903127,New South Wales
2022-10-24 00:00:00+00:00,19.279417,11.450001,0.4101354,New South Wales
2022-10-25 00:00:00+00:00,19.440353,1.025,0.39883333,New South Wales
2022-10-26 00:00:00+00:00,19.633583,0.25,0.3882396,New South Wales
2022-10-27 00:00:00+00:00,18.397125,0.3,0.37542707,New South Wales
2022-10-28 00:00:00+00:00,16.224209,0.1,0.36062503,New South Wales
2022-10-29 00:00:00+00:00,16.414833,0.0,0.34756255,New South Wales
2022-10-30 00:00:00+00:00,20.621084,4.0,0.33787498,New South Wales
2022-10-31 00:00:00+00:00,18.614832,25.45,0.3655625,New South Wales
2022-11-01 00:00:00+00:00,12.142438,3.85,0.39982292,New South Wales
2022-11-02 00:00:00+00:00,12.357542,0.125,0.38856247,New South Wales
2022-11-03 00:00:00+00:00,13.511707,0.17500001,0.376,New South Wales
2022-11-04 00:00:00+00:00,16.141916,0.0,0.36498958,New South Wales
2022-11-05 00:00:00+00:00,18.155458,0.9,0.35413545,New South Wales
2022-11-06 00:00:00+00:00,18.42577,3.8500001,0.34660417,New South Wales
2022-11-07 00:00:00+00:00,18.648167,3.375,0.33969793,New South Wales
2022-11-08 00:00:00+00:00,19.144522,0.375,0.33412504,New South Wales
2022-11-09 00:00:00+00:00,20.39296,0.025,0.32541665,New South Wales
2022-11-10 00:00:00+00:00,21.26327,1.225,0.31719792,New South Wales
2022-11-11 00:00:00+00:00,20.952854,2.3999999,0.31515625,New South Wales
2022-11-12 00:00:00+00:00,23.866396,4.0750003,0.3149479,New South Wales
2022-11-13 00:00:00+00:00,21.177334,13.625001,0.33043748,New South Wales
2022-11-14 00:00:00+00:00,18.18723,0.425,0.3338854,New South Wales
2022-11-15 00:00:00+00:00,15.353895,0.075,0.32854167,New South Wales
2022-11-16 00:00:00+00:00,13.588271,0.025,0.3222708,New South Wales
2022-11-17 00:00:00+00:00,14.35702,0.0,0.31558335,New South Wales
2022-11-18 00:00:00+00:00,18.552853,0.0,0.30778125,New South Wales
2022-11-19 00:00:00+00:00,22.903894,2.975,0.3065104,New South Wales
2022-11-20 00:00:00+00:00,18.260666,0.2,0.30503127,New South Wales
2022-11-21 00:00:00+00:00,15.796083,0.525,0.30191666,New South Wales
2022-11-22 00:00:00+00:00,15.655458,0.05,0.2961875,New South Wales
2022-11-23 00:00:00+00:00,18.186188,0.0,0.2902708,New South Wales
2022-11-24 00:00:00+00:00,20.051813,0.0,0.28454164,New South Wales
2022-11-25 00:00:00+00:00,20.722126,0.0,0.27681252,New South Wales
2022-11-26 00:00:00+00:00,24.110147,0.25,0.26919788,New South Wales
2022-11-27 00:00:00+00:00,22.74296,0.25,0.26244792,New South Wales
2022-11-28 00:00:00+00:00,20.346085,0.1,0.26009375,New South Wales
2022-11-29 00:00:00+00:00,20.347126,0.0,0.25679168,New South Wales
2022-11-30 00:00:00+00:00,20.845562,2.3249998,0.25251043,New South Wales
2022-12-01 00:00:00+00:00,19.72473,1.65,0.24665624,New South Wales
2022-12-02 00:00:00+00:00,21.471605,0.0,0.24648957,New South Wales
2022-12-03 00:00:00+00:00,22.365875,0.0,0.24451041,New South Wales
2022-12-04 00:00:00+00:00,23.316395,0.0,0.24157293,New South Wales
2022-12-05 00:00:00+00:00,22.747126,0.175,0.23823957,New South Wales
2022-12-06 00:00:00+00:00,22.10702,1.3,0.23702085,New South Wales
2022-12-07 00:00:00+00:00,22.567957,1.775,0.23946874,New South Wales
2022-12-08 00:00:00+00:00,17.65702,0.0,0.23870833,New South Wales
2022-12-09 00:00:00+00:00,18.372646,0.0,0.23654167,New South Wales
2022-12-10 00:00:00+00:00,22.192959,0.0,0.23291668,New South Wales
2022-12-11 00:00:00+00:00,26.46952,4.75,0.23039587,New South Wales
2022-12-12 00:00:00+00:00,19.278376,4.075,0.23115626,New South Wales
2022-12-13 00:00:00+00:00,18.266916,0.325,0.2325312,New South Wales
2022-12-14 00:00:00+00:00,17.046604,0.375,0.23134375,New South Wales
2022-12-15 00:00:00+00:00,17.273687,0.0,0.22908333,New South Wales
2022-12-16 00:00:00+00:00,19.652332,0.0,0.22545834,New South Wales
2022-12-17 00:00:00+00:00,21.6815,0.075,0.22216667,New South Wales
2022-12-18 00:00:00+00:00,21.746605,0.125,0.21838543,New South Wales
2022-12-19 00:00:00+00:00,21.77473,0.0,0.21512502,New South Wales
2022-12-20 00:00:00+00:00,22.200249,0.0,0.21244791,New South Wales
2022-12-21 00:00:00+00:00,24.722645,0.55,0.20938542,New South Wales
2022-12-22 00:00:00+00:00,23.15025,3.725,0.20932294,New South Wales
2022-12-23 00:00:00+00:00,22.40702,8.974999,0.21169792,New South Wales
2022-12-24 00:00:00+00:00,22.50598,4.6499996,0.21795836,New South Wales
2022-12-25 00:00:00+00:00,26.07473,0.0,0.22172922,New South Wales
2022-12-26 00:00:00+00:00,26.85077,0.15,0.21809374,New South Wales
2022-12-27 00:00:00+00:00,26.714832,0.0,0.21520835,New South Wales
2022-12-28 00:00:00+00:00,25.827854,0.025,0.21313545,New South Wales
2022-12-29 00:00:00+00:00,25.794,0.32500002,0.21340628,New South Wales
2022-12-30 00:00:00+00:00,25.789314,7.15,0.21733332,New South Wales
2022-12-31 00:00:00+00:00,27.05025,0.45,0.21575,New South Wales
2023-01-01 00:00:00+00:00,28.391918,0.0,0.21488541,New South Wales
2023-01-02 00:00:00+00:00,26.854937,2.4250002,0.21626045,New South Wales
2023-01-03 00:00:00+00:00,27.220562,0.0,0.21789585,New South Wales
2023-01-04 00:00:00+00:00,24.867435,3.0,0.21715626,New South Wales
2023-01-05 00:00:00+00:00,24.007544,0.0,0.21645835,New South Wales
2023-01-06 00:00:00+00:00,23.897648,0.0,0.21700001,New South Wales
2023-01-07 00:00:00+00:00,24.922123,0.0,0.21358332,New South Wales
2023-01-08 00:00:00+00:00,26.62004,0.0,0.21321873,New South Wales
2023-01-09 00:00:00+00:00,28.447645,0.0,0.2129583,New South Wales
2023-01-10 00:00:00+00:00,29.036705,0.0,0.21000001,New South Wales
2023-01-11 00:00:00+00:00,29.159628,0.0,0.20835418,New South Wales
2023-01-12 00:00:00+00:00,28.36952,0.325,0.20635417,New South Wales
2023-01-13 00:00:00+00:00,28.115875,0.1,0.20747918,New South Wales
2023-01-14 00:00:00+00:00,27.990875,0.0,0.20431252,New South Wales
2023-01-15 00:00:00+00:00,28.73879,0.0,0.20590624,New South Wales
2023-01-16 00:00:00+00:00,28.735664,0.075,0.20412505,New South Wales
2023-01-17 00:00:00+00:00,28.520563,0.175,0.20626041,New South Wales
2023-01-18 00:00:00+00:00,25.540354,3.6499999,0.20876041,New South Wales
2023-01-19 00:00:00+00:00,23.600769,0.4,0.21047918,New South Wales
2023-01-20 00:00:00+00:00,24.613272,0.25,0.20772916,New South Wales
2023-01-21 00:00:00+00:00,22.915354,7.275,0.2086771,New South Wales
2023-01-22 00:00:00+00:00,22.171604,7.8499994,0.21182296,New South Wales
2023-01-23 00:00:00+00:00,23.84296,0.22500001,0.21160416,New South Wales
2023-01-24 00:00:00+00:00,25.027857,0.39999998,0.21121877,New South Wales
2023-01-25 00:00:00+00:00,27.83671,0.0,0.210625,New South Wales
2023-01-26 00:00:00+00:00,28.228895,2.275,0.2054271,New South Wales
2023-01-27 00:00:00+00:00,27.729939,0.1,0.20215623,New South Wales
2023-01-28 00:00:00+00:00,30.503897,0.4,0.20112504,New South Wales
2023-01-29 00:00:00+00:00,28.315872,5.8250003,0.2015417,New South Wales
2023-01-30 00:00:00+00:00,24.180979,28.699999,0.22239582,New South Wales
2023-01-31 00:00:00+00:00,24.104935,3.2,0.24881248,New South Wales
2023-02-01 00:00:00+00:00,24.090876,0.075,0.25454167,New South Wales
2023-02-02 00:00:00+00:00,23.129936,0.225,0.2494271,New South Wales
2023-02-03 00:00:00+00:00,19.326292,1.0250001,0.24469793,New South Wales
2023-02-04 00:00:00+00:00,19.252335,0.0,0.24284373,New South Wales
2023-02-05 00:00:00+00:00,23.01379,0.0,0.23782289,New South Wales
2023-02-06 00:00:00+00:00,25.947124,0.0,0.23134375,New South Wales
2023-02-07 00:00:00+00:00,27.338789,0.0,0.22518754,New South Wales
2023-02-08 00:00:00+00:00,26.509624,2.0500002,0.22116664,New South Wales
2023-02-09 00:00:00+00:00,24.99504,0.475,0.21808338,New South Wales
2023-02-10 00:00:00+00:00,27.310665,0.025,0.21753125,New South Wales
2023-02-11 00:00:00+00:00,28.277332,0.0,0.21439582,New South Wales
2023-02-12 00:00:00+00:00,24.418999,0.0,0.2103854,New South Wales
2023-02-13 00:00:00+00:00,24.958063,0.0,0.20870832,New South Wales
2023-02-14 00:00:00+00:00,25.507542,0.025,0.20562497,New South Wales
2023-02-15 00:00:00+00:00,26.322645,0.0,0.20403126,New South Wales
2023-02-16 00:00:00+00:00,28.73202,0.0,0.20172915,New South Wales
2023-02-17 00:00:00+00:00,30.644,0.05,0.20102082,New South Wales
2023-02-18 00:00:00+00:00,28.836708,0.025,0.19819792,New South Wales
2023-02-19 00:00:00+00:00,28.237751,0.625,0.19943751,New South Wales
2023-02-20 00:00:00+00:00,28.017437,0.05,0.19916667,New South Wales
2023-02-21 00:00:00+00:00,27.117435,1.75,0.19573955,New South Wales
2023-02-22 00:00:00+00:00,24.816395,0.37500003,0.1944271,New South Wales
2023-02-23 00:00:00+00:00,24.405981,1.2249999,0.19353124,New South Wales
2023-02-24 00:00:00+00:00,24.689312,0.0,0.19258334,New South Wales
2023-02-25 00:00:00+00:00,25.910147,0.0,0.19114584,New South Wales
2023-02-26 00:00:00+00:00,26.56327,0.0,0.18889584,New South Wales
2023-02-27 00:00:00+00:00,27.316395,0.0,0.18476042,New South Wales
2023-02-28 00:00:00+00:00,27.61848,0.0,0.1835625,New South Wales
2023-03-01 00:00:00+00:00,26.243477,0.0,0.17952085,New South Wales
2023-03-02 00:00:00+00:00,26.286709,0.0,0.17596877,New South Wales
2023-03-03 00:00:00+00:00,27.40181,0.0,0.17580211,New South Wales
2023-03-04 00:00:00+00:00,26.985146,1.65,0.17276043,New South Wales
2023-03-05 00:00:00+00:00,28.629417,0.0,0.17121872,New South Wales
2023-03-06 00:00:00+00:00,27.973167,0.0,0.17315623,New South Wales
2023-03-07 00:00:00+00:00,25.358583,0.0,0.16904168,New South Wales
2023-03-08 00:00:00+00:00,23.195564,0.025,0.16879167,New South Wales
2023-03-09 00:00:00+00:00,21.88254,0.0,0.16968748,New South Wales
2023-03-10 00:00:00+00:00,24.46952,0.65000004,0.16645834,New South Wales
2023-03-11 00:00:00+00:00,23.647648,13.299999,0.17948958,New South Wales
2023-03-12 00:00:00+00:00,23.61379,1.325,0.20527086,New South Wales
2023-03-13 00:00:00+00:00,23.899729,0.25,0.20159377,New South Wales
2023-03-14 00:00:00+00:00,24.525251,0.125,0.20511459,New South Wales
2023-03-15 00:00:00+00:00,25.87004,0.0,0.20383334,New South Wales
2023-03-16 00:00:00+00:00,26.603374,0.0,0.20110418,New South Wales
2023-03-17 00:00:00+00:00,25.825771,0.0,0.19127083,New South Wales
2023-03-18 00:00:00+00:00,28.943478,0.0,0.18534377,New South Wales
2023-03-19 00:00:00+00:00,29.044,0.0,0.18412498,New South Wales
2023-03-20 00:00:00+00:00,27.809624,0.0,0.18157291,New South Wales
2023-03-21 00:00:00+00:00,24.109104,6.025,0.18084374,New South Wales
2023-03-22 00:00:00+00:00,24.42577,6.075,0.19610417,New South Wales
2023-03-23 00:00:00+00:00,23.852331,9.974999,0.20787501,New South Wales
2023-03-24 00:00:00+00:00,25.065353,8.525001,0.2216667,New South Wales
2023-03-25 00:00:00+00:00,23.944,1.875,0.21633333,New South Wales
2023-03-26 00:00:00+00:00,24.817959,0.97499996,0.2181146,New South Wales
2023-03-27 00:00:00+00:00,24.775768,6.25,0.21981251,New South Wales
2023-03-28 00:00:00+00:00,23.623686,15.750001,0.22927085,New South Wales
2023-03-29 00:00:00+00:00,19.626814,3.7000003,0.25193745,New South Wales
2023-03-30 00:00:00+00:00,17.289833,0.0,0.24928126,New South Wales
2023-03-31 00:00:00+00:00,17.622124,0.0,0.24464583,New South Wales
2023-04-01 00:00:00+00:00,16.757542,0.0,0.24110416,New South Wales
2023-04-02 00:00:00+00:00,18.598167,0.0,0.236,New South Wales
2023-04-03 00:00:00+00:00,20.523167,0.0,0.23207292,New South Wales
2023-04-04 00:00:00+00:00,20.672646,0.0,0.2282604,New South Wales
2023-04-05 00:00:00+00:00,21.215355,0.0,0.2267188,New South Wales
2023-04-06 00:00:00+00:00,22.177332,2.725,0.22426045,New South Wales
2023-04-07 00:00:00+00:00,20.534624,2.9499998,0.227375,New South Wales
2023-04-08 00:00:00+00:00,17.552855,0.025,0.23035419,New South Wales
2023-04-09 00:00:00+00:00,15.063791,0.0,0.22921878,New South Wales
2023-04-10 00:00:00+00:00,13.983063,0.0,0.22839582,New South Wales
2023-04-11 00:00:00+00:00,15.623165,1.4,0.22704166,New South Wales
2023-04-12 00:00:00+00:00,18.50702,1.5999999,0.23916668,New South Wales
2023-04-13 00:00:00+00:00,16.476812,0.05,0.24266666,New South Wales
2023-04-14 00:00:00+00:00,18.46379,0.0,0.23968749,New South Wales
2023-04-15 00:00:00+00:00,20.212748,5.85,0.23981251,New South Wales
2023-04-16 00:00:00+00:00,16.114832,0.125,0.2424375,New South Wales
2023-04-17 00:00:00+00:00,16.49452,0.0,0.23928124,New South Wales
2023-04-18 00:00:00+00:00,18.341915,0.0,0.23615626,New South Wales
2023-04-19 00:00:00+00:00,19.065353,0.05,0.23453122,New South Wales
2023-04-20 00:00:00+00:00,17.736708,0.0,0.23255205,New South Wales
2023-04-21 00:00:00+00:00,17.773169,0.0,0.23041666,New South Wales
2023-04-22 00:00:00+00:00,18.090876,0.0,0.22716662,New South Wales
2023-04-23 00:00:00+00:00,19.585667,0.0,0.22317705,New South Wales
2023-04-24 00:00:00+00:00,19.178894,0.0,0.22114587,New South Wales
2023-04-25 00:00:00+00:00,18.740875,0.0,0.21932289,New South Wales
2023-04-26 00:00:00+00:00,19.387749,0.0,0.21786457,New South Wales
2023-04-27 00:00:00+00:00,20.516397,0.0,0.21631251,New South Wales
2023-04-28 00:00:00+00:00,19.85546,2.375,0.21690625,New South Wales
2023-04-29 00:00:00+00:00,12.911708,6.75,0.22006251,New South Wales
2023-04-30 00:00:00+00:00,12.357541,2.9750001,0.23156248,New South Wales
2023-05-01 00:00:00+00:00,13.619522,0.125,0.24129167,New South Wales
2023-05-02 00:00:00+00:00,15.319,0.0,0.24468753,New South Wales
2023-05-03 00:00:00+00:00,14.746605,0.05,0.24394794,New South Wales
2023-05-04 00:00:00+00:00,11.884104,0.0,0.24146873,New South Wales
2023-05-05 00:00:00+00:00,13.021084,0.325,0.23776041,New South Wales
2023-05-06 00:00:00+00:00,13.76223,0.675,0.23829165,New South Wales
2023-05-07 00:00:00+00:00,10.052333,0.125,0.23938543,New South Wales
2023-05-08 00:00:00+00:00,10.254937,0.025,0.23897916,New South Wales
2023-05-09 00:00:00+00:00,11.396605,0.0,0.23664583,New South Wales
2023-05-10 00:00:00+00:00,12.073688,0.0,0.23551044,New South Wales
2023-05-11 00:00:00+00:00,14.152334,0.0,0.23220833,New South Wales
2023-05-12 00:00:00+00:00,15.218481,0.15,0.23071872,New South Wales
2023-05-13 00:00:00+00:00,15.608062,0.65,0.22984374,New South Wales
2023-05-14 00:00:00+00:00,14.086188,0.0,0.2284896,New South Wales
2023-05-15 00:00:00+00:00,15.247126,0.775,0.22784372,New South Wales
2023-05-16 00:00:00+00:00,14.077854,0.0,0.2278854,New South Wales
2023-05-17 00:00:00+00:00,11.841396,0.0,0.2281667,New South Wales
2023-05-18 00:00:00+00:00,10.945042,0.0,0.228625,New South Wales
2023-05-19 00:00:00+00:00,10.276292,0.075,0.22828126,New South Wales
2023-05-20 00:00:00+00:00,10.948166,0.075,0.22811455,New South Wales
2023-05-21 00:00:00+00:00,11.520563,0.1,0.22394791,New South Wales
2023-05-22 00:00:00+00:00,9.838792,0.0,0.22089581,New South Wales
2023-05-23 00:00:00+00:00,10.621083,0.0,0.21708329,New South Wales
2023-05-24 00:00:00+00:00,11.780458,0.0,0.21475002,New South Wales
2023-05-25 00:00:00+00:00,14.876812,1.625,0.21323958,New South Wales
2023-05-26 00:00:00+00:00,10.27577,0.0,0.2154167,New South Wales
2023-05-27 00:00:00+00:00,9.908063,0.05,0.22385421,New South Wales
2023-05-28 00:00:00+00:00,10.310145,0.375,0.22461459,New South Wales
2023-05-29 00:00:00+00:00,11.535666,0.025,0.22687502,New South Wales
2023-05-30 00:00:00+00:00,13.613792,0.0,0.22752082,New South Wales
2023-05-31 00:00:00+00:00,14.639313,0.025,0.22928123,New South Wales
2023-06-01 00:00:00+00:00,14.521084,0.0,0.22785419,New South Wales
2023-06-02 00:00:00+00:00,15.699729,0.37500003,0.22926037,New South Wales
2023-06-03 00:00:00+00:00,16.46223,0.0,0.22681256,New South Wales
2023-06-04 00:00:00+00:00,18.0565,0.87500006,0.22521874,New South Wales
2023-06-05 00:00:00+00:00,16.360666,4.85,0.22704165,New South Wales
2023-06-06 00:00:00+00:00,16.041916,1.975,0.22906247,New South Wales
2023-06-07 00:00:00+00:00,17.204416,12.275001,0.2382604,New South Wales
2023-06-08 00:00:00+00:00,12.292959,2.875,0.2506354,New South Wales
2023-06-09 00:00:00+00:00,10.651812,0.05,0.25111455,New South Wales
2023-06-10 00:00:00+00:00,10.476292,0.0,0.25184375,New South Wales
2023-06-11 00:00:00+00:00,11.268479,0.425,0.25066668,New South Wales
2023-06-12 00:00:00+00:00,12.731501,1.85,0.25255206,New South Wales
2023-06-13 00:00:00+00:00,11.91223,1.8499998,0.25192708,New South Wales
2023-06-14 00:00:00+00:00,9.643479,0.125,0.25187504,New South Wales
2023-06-15 00:00:00+00:00,9.664833,0.275,0.25214583,New South Wales
2023-06-16 00:00:00+00:00,9.407541,0.0,0.25053123,New South Wales
2023-06-17 00:00:00+00:00,10.563791,0.47500002,0.24730204,New South Wales
2023-06-18 00:00:00+00:00,8.983063,0.025,0.24505213,New South Wales
2023-06-19 00:00:00+00:00,8.012751,1.7499999,0.24570835,New South Wales
2023-06-20 00:00:00+00:00,6.415875,0.0,0.24563539,New South Wales
2023-06-21 00:00:00+00:00,10.315876,0.675,0.24636461,New South Wales
2023-06-22 00:00:00+00:00,10.991917,7.875,0.24809375,New South Wales
2023-06-23 00:00:00+00:00,9.221084,0.5,0.25374997,New South Wales
2023-06-24 00:00:00+00:00,10.754938,0.1,0.25460416,New South Wales
2023-06-25 00:00:00+00:00,9.988791,0.0,0.25240624,New South Wales
2023-06-26 00:00:00+00:00,9.334105,0.025,0.251125,New South Wales
2023-06-27 00:00:00+00:00,11.607021,3.975,0.2548958,New South Wales
2023-06-28 00:00:00+00:00,10.567958,2.725,0.26960415,New South Wales
2023-06-29 00:00:00+00:00,8.549729,0.075,0.27272916,New South Wales
2023-06-30 00:00:00+00:00,9.409103,0.1,0.2727396,New South Wales
2023-07-01 00:00:00+00:00,9.190876,0.025,0.27227086,New South Wales
2023-07-02 00:00:00+00:00,9.951813,0.025,0.2731458,New South Wales
2023-07-03 00:00:00+00:00,12.692958,9.0,0.27076042,New South Wales
2023-07-04 00:00:00+00:00,13.225772,4.7,0.2901771,New South Wales
2023-07-05 00:00:00+00:00,10.861709,0.57500005,0.29991668,New South Wales
2023-07-06 00:00:00+00:00,10.692958,1.6,0.3025833,New South Wales
2023-07-07 00:00:00+00:00,9.209625,0.675,0.30524996,New South Wales
2023-07-08 00:00:00+00:00,10.161709,0.175,0.3041875,New South Wales
2023-07-09 00:00:00+00:00,10.334625,0.05,0.30039585,New South Wales
2023-07-10 00:00:00+00:00,9.390875,0.05,0.29582286,New South Wales
2023-07-11 00:00:00+00:00,9.117959,0.0,0.29203126,New South Wales
2023-07-12 00:00:00+00:00,9.802334,0.0,0.2886979,New South Wales
2023-07-13 00:00:00+00:00,10.673167,0.0,0.28470832,New South Wales
2023-07-14 00:00:00+00:00,12.471604,0.0,0.28109372,New South Wales
2023-07-15 00:00:00+00:00,14.089312,0.35000002,0.2775104,New South Wales
2023-07-16 00:00:00+00:00,12.310145,0.0,0.2738854,New South Wales
2023-07-17 00:00:00+00:00,12.176813,0.0,0.27046877,New South Wales
2023-07-18 00:00:00+00:00,11.827333,0.05,0.2663854,New South Wales
2023-07-19 00:00:00+00:00,7.3877497,0.0,0.26512498,New South Wales
2023-07-20 00:00:00+00:00,11.003897,0.77500004,0.26608336,New South Wales
2023-07-21 00:00:00+00:00,9.798166,0.0,0.26515627,New South Wales
2023-07-22 00:00:00+00:00,8.593479,0.025,0.2656771,New South Wales
2023-07-23 00:00:00+00:00,9.729417,0.025,0.26442713,New South Wales
2023-07-24 00:00:00+00:00,10.710667,0.0,0.26252085,New South Wales
2023-07-25 00:00:00+00:00,10.615875,0.0,0.25968754,New South Wales
2023-07-26 00:00:00+00:00,10.757541,0.0,0.25691664,New South Wales
2023-07-27 00:00:00+00:00,13.328896,0.375,0.2552917,New South Wales
2023-07-28 00:00:00+00:00,14.182541,1.25,0.25559378,New South Wales
2023-07-29 00:00:00+00:00,14.7768135,0.5500001,0.25551045,New South Wales
2023-07-30 00:00:00+00:00,14.569521,2.15,0.25463548,New South Wales
2023-07-31 00:00:00+00:00,12.613271,0.0,0.25212502,New South Wales
2023-08-01 00:00:00+00:00,11.817438,0.0,0.25014585,New South Wales
2023-08-02 00:00:00+00:00,13.73202,0.0,0.2476979,New South Wales
2023-08-03 00:00:00+00:00,14.408064,0.0,0.24509373,New South Wales
2023-08-04 00:00:00+00:00,14.86171,2.075,0.24212503,New South Wales
2023-08-05 00:00:00+00:00,12.887751,0.0,0.24223961,New South Wales
2023-08-06 00:00:00+00:00,13.152333,0.0,0.24332291,New South Wales
2023-08-07 00:00:00+00:00,12.874729,0.025,0.24327083,New South Wales
2023-08-08 00:00:00+00:00,12.160667,0.0,0.24207292,New South Wales
2023-08-09 00:00:00+00:00,13.584625,0.55,0.24054167,New South Wales
2023-08-10 00:00:00+00:00,13.197647,0.025,0.23911455,New South Wales
2023-08-11 00:00:00+00:00,12.211709,0.0,0.24154164,New South Wales
2023-08-12 00:00:00+00:00,14.185666,0.65,0.23943748,New South Wales
2023-08-13 00:00:00+00:00,15.720562,2.725,0.24006248,New South Wales
2023-08-14 00:00:00+00:00,14.437229,1.7,0.24101043,New South Wales
2023-08-15 00:00:00+00:00,10.474209,0.0,0.24208333,New South Wales
2023-08-16 00:00:00+00:00,12.393479,0.475,0.24436459,New South Wales
2023-08-17 00:00:00+00:00,14.595041,4.625,0.2426146,New South Wales
2023-08-18 00:00:00+00:00,10.588271,0.1,0.24445836,New South Wales
2023-08-19 00:00:00+00:00,11.121083,0.1,0.2465625,New South Wales
2023-08-20 00:00:00+00:00,12.689313,0.025,0.2450104,New South Wales
2023-08-21 00:00:00+00:00,15.505459,0.325,0.24274999,New South Wales
2023-08-22 00:00:00+00:00,15.353895,1.275,0.24406251,New South Wales
2023-08-23 00:00:00+00:00,11.718479,0.0,0.24546877,New South Wales
2023-08-24 00:00:00+00:00,12.361189,0.0,0.24717711,New South Wales
2023-08-25 00:00:00+00:00,13.643478,0.0,0.24585414,New South Wales
2023-08-26 00:00:00+00:00,15.103895,0.0,0.24340625,New South Wales
2023-08-27 00:00:00+00:00,16.31223,0.0,0.24107291,New South Wales
2023-08-28 00:00:00+00:00,16.277332,1.125,0.23870835,New South Wales
2023-08-29 00:00:00+00:00,16.386189,0.575,0.2355104,New South Wales
2023-08-30 00:00:00+00:00,15.872126,0.45000002,0.2333229,New South Wales
2023-08-31 00:00:00+00:00,14.23098,0.0,0.23262504,New South Wales
2023-09-01 00:00:00+00:00,12.732021,0.0,0.23119788,New South Wales
2023-09-02 00:00:00+00:00,13.743479,0.0,0.22894786,New South Wales
2023-09-03 00:00:00+00:00,17.584625,0.0,0.22732289,New South Wales
2023-09-04 00:00:00+00:00,20.279417,0.3,0.22479169,New South Wales
2023-09-05 00:00:00+00:00,14.540875,0.025,0.2211771,New South Wales
2023-09-06 00:00:00+00:00,17.35025,0.0,0.22069791,New South Wales
2023-09-07 00:00:00+00:00,19.317959,1.5,0.2204271,New South Wales
2023-09-08 00:00:00+00:00,11.685666,0.25,0.2165312,New South Wales
2023-09-09 00:00:00+00:00,10.752334,0.0,0.21633336,New South Wales
2023-09-10 00:00:00+00:00,12.020041,0.05,0.21341667,New South Wales
2023-09-11 00:00:00+00:00,13.961187,0.0,0.21056248,New South Wales
2023-09-12 00:00:00+00:00,15.246083,0.0,0.20651041,New South Wales
2023-09-13 00:00:00+00:00,16.772125,0.0,0.20342708,New South Wales
2023-09-14 00:00:00+00:00,18.765356,0.0,0.19991668,New South Wales
2023-09-15 00:00:00+00:00,19.575249,0.0,0.19844788,New South Wales
2023-09-16 00:00:00+00:00,20.362228,0.0,0.19603124,New South Wales
2023-09-17 00:00:00+00:00,22.347126,0.0,0.19493748,New South Wales
2023-09-18 00:00:00+00:00,23.992437,0.0,0.19170833,New South Wales
2023-09-19 00:00:00+00:00,23.413269,0.0,0.18896878,New South Wales
2023-09-20 00:00:00+00:00,22.086185,0.0,0.18677086,New South Wales
2023-09-21 00:00:00+00:00,17.060667,0.0,0.18558337,New South Wales
2023-09-22 00:00:00+00:00,17.407543,0.0,0.18546876,New South Wales
2023-09-23 00:00:00+00:00,17.728374,0.0,0.18462503,New South Wales
2023-09-24 00:00:00+00:00,18.74452,0.0,0.18348964,New South Wales
2023-09-25 00:00:00+00:00,20.785667,0.0,0.18390629,New South Wales
2023-09-26 00:00:00+00:00,21.412228,0.0,0.1841459,New South Wales
2023-09-27 00:00:00+00:00,20.733585,0.075,0.18350002,New South Wales
2023-09-28 00:00:00+00:00,20.603374,0.0,0.18096878,New South Wales
2023-09-29 00:00:00+00:00,21.661709,0.0,0.18030211,New South Wales
2023-09-30 00:00:00+00:00,24.55598,0.0,0.17882296,New South Wales
2023-10-01 00:00:00+00:00,24.74973,0.0,0.17767711,New South Wales
2023-10-02 00:00:00+00:00,26.97525,0.05,0.17802086,New South Wales
2023-10-03 00:00:00+00:00,23.757019,9.374999,0.17846876,New South Wales
2023-10-04 00:00:00+00:00,14.9939995,11.325,0.19545835,New South Wales
2023-10-05 00:00:00+00:00,14.479416,0.125,0.19941667,New South Wales
2023-10-06 00:00:00+00:00,15.666916,0.0,0.20164587,New South Wales
2023-10-07 00:00:00+00:00,17.399729,0.0,0.20079167,New South Wales
2023-10-08 00:00:00+00:00,18.202333,0.0,0.19936459,New South Wales
2023-10-09 00:00:00+00:00,19.898167,0.0,0.1976771,New South Wales
2023-10-10 00:00:00+00:00,19.871086,0.025,0.19938543,New South Wales
2023-10-11 00:00:00+00:00,21.928896,0.125,0.19917709,New South Wales
2023-10-12 00:00:00+00:00,20.14296,0.67499995,0.19980212,New South Wales
2023-10-13 00:00:00+00:00,16.97577,0.05,0.19969794,New South Wales
2023-10-14 00:00:00+00:00,18.891396,0.0,0.19903123,New South Wales
2023-10-15 00:00:00+00:00,20.801813,0.15,0.198,New South Wales
2023-10-16 00:00:00+00:00,17.926813,0.225,0.19771877,New South Wales
2023-10-17 00:00:00+00:00,18.016916,0.0,0.19637503,New South Wales
2023-10-18 00:00:00+00:00,19.963272,0.0,0.1949479,New South Wales
2023-10-19 00:00:00+00:00,21.828896,0.0,0.19350001,New South Wales
2023-10-20 00:00:00+00:00,24.884106,0.0,0.19224998,New South Wales
2023-10-21 00:00:00+00:00,25.033062,0.0,0.1915521,New South Wales
2023-10-22 00:00:00+00:00,20.491396,0.0,0.19175,New South Wales
2023-10-23 00:00:00+00:00,20.136189,0.0,0.1915521,New South Wales
2023-10-24 00:00:00+00:00,23.848166,0.0,0.19125003,New South Wales
2023-10-25 00:00:00+00:00,19.129417,0.175,0.18875001,New South Wales
2023-10-26 00:00:00+00:00,15.452333,0.05,0.18559375,New South Wales
2023-10-27 00:00:00+00:00,17.971605,0.0,0.18278125,New South Wales
2023-10-28 00:00:00+00:00,19.317438,0.0,0.18273959,New South Wales
2023-10-29 00:00:00+00:00,22.928894,0.0,0.18010418,New South Wales
2023-10-30 00:00:00+00:00,24.414314,0.17500001,0.17938544,New South Wales
2023-10-31 00:00:00+00:00,20.596603,0.0,0.17910418,New South Wales
2023-11-01 00:00:00+00:00,19.994,0.0,0.177625,New South Wales
2023-11-02 00:00:00+00:00,22.303373,0.225,0.17619792,New South Wales
2023-11-03 00:00:00+00:00,22.857542,0.59999996,0.1768125,New South Wales
2023-11-04 00:00:00+00:00,21.783583,8.625,0.17782292,New South Wales
2023-11-05 00:00:00+00:00,21.875772,2.4750001,0.19041665,New South Wales
2023-11-06 00:00:00+00:00,22.926811,0.175,0.19310416,New South Wales
2023-11-07 00:00:00+00:00,22.766916,2.55,0.19176042,New South Wales
2023-11-08 00:00:00+00:00,23.815874,2.4,0.19152081,New South Wales
2023-11-09 00:00:00+00:00,22.809103,3.1,0.1942396,New South Wales
2023-11-10 00:00:00+00:00,25.866394,0.225,0.2004479,New South Wales
2023-11-11 00:00:00+00:00,27.128897,0.125,0.1965104,New South Wales
2023-11-12 00:00:00+00:00,25.535143,0.05,0.19761458,New South Wales
2023-11-13 00:00:00+00:00,24.490875,0.0,0.1961771,New South Wales
2023-11-14 00:00:00+00:00,24.890354,0.2,0.19766665,New South Wales
2023-11-15 00:00:00+00:00,26.390354,0.55,0.1962083,New South Wales
2023-11-16 00:00:00+00:00,23.273167,0.6999999,0.19545834,New South Wales
2023-11-17 00:00:00+00:00,21.870043,0.0,0.1953229,New South Wales
2023-11-18 00:00:00+00:00,24.933582,0.0,0.19311458,New South Wales
2023-11-19 00:00:00+00:00,23.723686,13.175,0.19277085,New South Wales
2023-11-20 00:00:00+00:00,22.360668,3.225,0.22628129,New South Wales
2023-11-21 00:00:00+00:00,23.654938,4.175,0.23339583,New South Wales
2023-11-22 00:00:00+00:00,23.924728,7.1750007,0.23803127,New South Wales
2023-11-23 00:00:00+00:00,22.408062,11.0,0.24154171,New South Wales
2023-11-24 00:00:00+00:00,20.751291,11.425,0.27897918,New South Wales
2023-11-25 00:00:00+00:00,21.45025,3.9750001,0.30628127,New South Wales
2023-11-26 00:00:00+00:00,22.533583,0.125,0.29934376,New South Wales
2023-11-27 00:00:00+00:00,23.833584,1.8,0.28742713,New South Wales
2023-11-28 00:00:00+00:00,22.596083,16.85,0.29667708,New South Wales
2023-11-29 00:00:00+00:00,21.375248,2.225,0.32096875,New South Wales
2023-11-30 00:00:00+00:00,22.186188,0.075,0.31523955,New South Wales
2023-12-01 00:00:00+00:00,21.679937,2.3749998,0.30398956,New South Wales
2023-12-02 00:00:00+00:00,21.41275,1.525,0.29614583,New South Wales
2023-12-03 00:00:00+00:00,23.125248,0.05,0.28346872,New South Wales
2023-12-04 00:00:00+00:00,25.086187,0.0,0.2681979,New South Wales
2023-12-05 00:00:00+00:00,28.653376,0.0,0.25352085,New South Wales
2023-12-06 00:00:00+00:00,30.064833,0.05,0.24230212,New South Wales
2023-12-07 00:00:00+00:00,30.48827,0.32500002,0.23373958,New South Wales
2023-12-08 00:00:00+00:00,32.41952,0.025,0.22992706,New South Wales
2023-12-09 00:00:00+00:00,31.584105,0.25,0.22684374,New South Wales
2023-12-10 00:00:00+00:00,30.561707,0.15,0.22375001,New South Wales
2023-12-11 00:00:00+00:00,29.376293,0.0,0.22073959,New South Wales
2023-12-12 00:00:00+00:00,30.285666,0.0,0.21738541,New South Wales
2023-12-13 00:00:00+00:00,28.65598,3.3999999,0.214875,New South Wales
2023-12-14 00:00:00+00:00,27.701813,0.25,0.21187499,New South Wales
2023-12-15 00:00:00+00:00,27.421604,0.0,0.20895833,New South Wales
2023-12-16 00:00:00+00:00,26.179417,0.0,0.20615625,New South Wales
2023-12-17 00:00:00+00:00,28.164314,0.0,0.20407291,New South Wales
2023-12-18 00:00:00+00:00,31.428375,0.0,0.20129167,New South Wales
2023-12-19 00:00:00+00:00,25.190876,13.35,0.20364583,New South Wales
2023-12-20 00:00:00+00:00,22.779938,3.2250001,0.23303124,New South Wales
2023-12-21 00:00:00+00:00,23.860146,1.25,0.23667707,New South Wales
2023-12-22 00:00:00+00:00,24.467438,0.1,0.23429164,New South Wales
2023-12-23 00:00:00+00:00,23.164314,9.4,0.23790625,New South Wales
2023-12-24 00:00:00+00:00,25.804935,4.2,0.2457604,New South Wales
2023-12-25 00:00:00+00:00,23.285667,0.62499994,0.2617604,New South Wales
2023-12-26 00:00:00+00:00,22.54348,0.225,0.2610104,New South Wales
2023-12-27 00:00:00+00:00,24.71327,0.0,0.25561458,New South Wales
2023-12-28 00:00:00+00:00,26.691397,0.0,0.24970834,New South Wales
2023-12-29 00:00:00+00:00,25.171083,3.475,0.2458542,New South Wales
2023-12-30 00:00:00+00:00,24.360668,0.05,0.23977086,New South Wales
2023-12-31 00:00:00+00:00,26.543999,0.075,0.23304166,New South Wales
2022-01-01 00:00:00+00:00,32.149605,0.05,0.21060418,Victoria
2022-01-02 00:00:00+00:00,28.386063,0.1,0.20965628,Victoria
2022-01-03 00:00:00+00:00,24.288147,0.0,0.21018752,Victoria
2022-01-04 00:00:00+00:00,24.173044,0.0,0.20850003,Victoria
2022-01-05 00:00:00+00:00,24.648561,0.72499996,0.2088021,Victoria
2022-01-06 00:00:00+00:00,23.697521,4.9500003,0.21003129,Victoria
2022-01-07 00:00:00+00:00,23.433458,0.4,0.21729165,Victoria
2022-01-08 00:00:00+00:00,23.127209,0.075,0.21728119,Victoria
2022-01-09 00:00:00+00:00,26.728771,0.0,0.21531245,Victoria
2022-01-10 00:00:00+00:00,30.530853,7.05,0.21258329,Victoria
2022-01-11 00:00:00+00:00,27.490751,1.35,0.214875,Victoria
2022-01-12 00:00:00+00:00,29.772,0.025,0.21519795,Victoria
2022-01-13 00:00:00+00:00,26.918877,3.325,0.21430211,Victoria
2022-01-14 00:00:00+00:00,25.38398,0.05,0.21536458,Victoria
2022-01-15 00:00:00+00:00,25.118355,0.0,0.21522917,Victoria
2022-01-16 00:00:00+00:00,28.954813,1.0,0.21379161,Victoria
2022-01-17 00:00:00+00:00,22.67669,0.45,0.21226037,Victoria
2022-01-18 00:00:00+00:00,22.283459,0.0,0.21202081,Victoria
2022-01-19 00:00:00+00:00,26.300648,0.0,0.21146879,Victoria
2022-01-20 00:00:00+00:00,25.730333,0.0,0.21147919,Victoria
2022-01-21 00:00:00+00:00,26.908459,0.0,0.21125002,Victoria
2022-01-22 00:00:00+00:00,28.405336,0.0,0.21180208,Victoria
2022-01-23 00:00:00+00:00,29.213665,0.0,0.21232292,Victoria
2022-01-24 00:00:00+00:00,29.731897,0.0,0.21216667,Victoria
2022-01-25 00:00:00+00:00,29.817312,0.075,0.21160418,Victoria
2022-01-26 00:00:00+00:00,27.686584,4.775,0.21283332,Victoria
2022-01-27 00:00:00+00:00,29.27304,6.55,0.21858335,Victoria
2022-01-28 00:00:00+00:00,25.94075,19.774998,0.24669793,Victoria
2022-01-29 00:00:00+00:00,24.199604,0.125,0.2565521,Victoria
2022-01-30 00:00:00+00:00,26.425125,0.225,0.25256255,Victoria
2022-01-31 00:00:00+00:00,29.38971,0.0,0.24602082,Victoria
2022-02-01 00:00:00+00:00,20.69648,0.05,0.24229164,Victoria
2022-02-02 00:00:00+00:00,18.162624,0.0,0.23991665,Victoria
2022-02-03 00:00:00+00:00,18.351166,0.0,0.2378333,Victoria
2022-02-04 00:00:00+00:00,21.773561,0.0,0.23530209,Victoria
2022-02-05 00:00:00+00:00,23.689707,0.0,0.23246875,Victoria
2022-02-06 00:00:00+00:00,24.24075,0.0,0.22968748,Victoria
2022-02-07 00:00:00+00:00,24.531374,0.0,0.2274375,Victoria
2022-02-08 00:00:00+00:00,26.46523,0.17500001,0.22572914,Victoria
2022-02-09 00:00:00+00:00,24.401165,0.1,0.22417705,Victoria
2022-02-10 00:00:00+00:00,21.673561,0.0,0.22346875,Victoria
2022-02-11 00:00:00+00:00,21.070957,0.0,0.22206248,Victoria
2022-02-12 00:00:00+00:00,26.744396,0.0,0.221125,Victoria
2022-02-13 00:00:00+00:00,29.912104,0.0,0.2205104,Victoria
2022-02-14 00:00:00+00:00,30.1595,0.0,0.21939582,Victoria
2022-02-15 00:00:00+00:00,30.248043,0.0,0.21742707,Victoria
2022-02-16 00:00:00+00:00,25.781378,0.05,0.2170833,Victoria
2022-02-17 00:00:00+00:00,21.217312,0.0,0.21541667,Victoria
2022-02-18 00:00:00+00:00,19.731895,0.0,0.21544793,Victoria
2022-02-19 00:00:00+00:00,22.051167,0.0,0.2153229,Victoria
2022-02-20 00:00:00+00:00,21.217312,0.0,0.21429166,Victoria
2022-02-21 00:00:00+00:00,19.076168,0.0,0.21385418,Victoria
2022-02-22 00:00:00+00:00,24.037106,0.0,0.2123646,Victoria
2022-02-23 00:00:00+00:00,27.649607,0.05,0.21214582,Victoria
2022-02-24 00:00:00+00:00,26.006376,1.8499999,0.21133336,Victoria
2022-02-25 00:00:00+00:00,24.808458,0.4,0.21321876,Victoria
2022-02-26 00:00:00+00:00,25.75846,0.125,0.21418752,Victoria
2022-02-27 00:00:00+00:00,24.997,1.8500001,0.21613544,Victoria
2022-02-28 00:00:00+00:00,22.750645,15.05,0.2144375,Victoria
2022-03-01 00:00:00+00:00,21.111584,17.875,0.25634375,Victoria
2022-03-02 00:00:00+00:00,22.861063,0.625,0.27782294,Victoria
2022-03-03 00:00:00+00:00,24.419395,0.0,0.2754687,Victoria
2022-03-04 00:00:00+00:00,22.752209,6.175,0.2709896,Victoria
2022-03-05 00:00:00+00:00,19.844395,0.6,0.26881254,Victoria
2022-03-06 00:00:00+00:00,20.356375,0.0,0.26710418,Victoria
2022-03-07 00:00:00+00:00,21.6345,0.0,0.2634271,Victoria
2022-03-08 00:00:00+00:00,19.230331,0.0,0.2601771,Victoria
2022-03-09 00:00:00+00:00,18.375645,0.0,0.256375,Victoria
2022-03-10 00:00:00+00:00,18.241272,0.0,0.25231248,Victoria
2022-03-11 00:00:00+00:00,19.020437,0.0,0.24811459,Victoria
2022-03-12 00:00:00+00:00,22.339188,0.25,0.24409375,Victoria
2022-03-13 00:00:00+00:00,24.720438,0.15,0.24043754,Victoria
2022-03-14 00:00:00+00:00,22.369396,4.125,0.23836455,Victoria
2022-03-15 00:00:00+00:00,21.579813,5.75,0.23813541,Victoria
2022-03-16 00:00:00+00:00,22.178772,0.9250001,0.24415624,Victoria
2022-03-17 00:00:00+00:00,23.083979,0.15,0.24712498,Victoria
2022-03-18 00:00:00+00:00,21.394396,0.0,0.24679166,Victoria
2022-03-19 00:00:00+00:00,23.326687,0.0,0.24427083,Victoria
2022-03-20 00:00:00+00:00,24.176168,0.0,0.24146876,Victoria
2022-03-21 00:00:00+00:00,24.751688,0.0,0.23929162,Victoria
2022-03-22 00:00:00+00:00,20.274605,1.95,0.2388021,Victoria
2022-03-23 00:00:00+00:00,17.471481,0.0,0.23857293,Victoria
2022-03-24 00:00:00+00:00,17.155855,0.0,0.23789586,Victoria
2022-03-25 00:00:00+00:00,18.581375,0.0,0.23564579,Victoria
2022-03-26 00:00:00+00:00,21.407936,0.0,0.23367709,Victoria
2022-03-27 00:00:00+00:00,22.451166,0.0,0.23179165,Victoria
2022-03-28 00:00:00+00:00,22.200125,0.0,0.2304271,Victoria
2022-03-29 00:00:00+00:00,20.207937,0.0,0.2293959,Victoria
2022-03-30 00:00:00+00:00,17.568874,0.0,0.22822917,Victoria
2022-03-31 00:00:00+00:00,17.62825,0.0,0.22752082,Victoria
2022-04-01 00:00:00+00:00,17.282417,0.0,0.22689584,Victoria
2022-04-02 00:00:00+00:00,17.548042,0.85,0.22680211,Victoria
2022-04-03 00:00:00+00:00,17.432938,0.125,0.22597921,Victoria
2022-04-04 00:00:00+00:00,17.86627,0.0,0.22583331,Victoria
2022-04-05 00:00:00+00:00,19.893875,1.125,0.2263125,Victoria
2022-04-06 00:00:00+00:00,17.661062,0.47500002,0.22452089,Victoria
2022-04-07 00:00:00+00:00,19.934498,0.1,0.22407292,Victoria
2022-04-08 00:00:00+00:00,17.72929,3.675,0.22537498,Victoria
2022-04-09 00:00:00+00:00,19.433458,0.6750001,0.22723962,Victoria
2022-04-10 00:00:00+00:00,21.858458,0.025,0.22564581,Victoria
2022-04-11 00:00:00+00:00,16.844397,0.0,0.22619796,Victoria
2022-04-12 00:00:00+00:00,15.585541,0.0,0.22618751,Victoria
2022-04-13 00:00:00+00:00,16.49127,0.0,0.22522913,Victoria
2022-04-14 00:00:00+00:00,20.099604,0.0,0.22353123,Victoria
2022-04-15 00:00:00+00:00,20.00898,0.0,0.22264576,Victoria
2022-04-16 00:00:00+00:00,20.998041,0.0,0.22303125,Victoria
2022-04-17 00:00:00+00:00,22.780853,5.225,0.22223958,Victoria
2022-04-18 00:00:00+00:00,16.518875,30.8,0.26043752,Victoria
2022-04-19 00:00:00+00:00,13.427209,3.4250002,0.33025,Victoria
2022-04-20 00:00:00+00:00,14.404813,0.22500001,0.333875,Victoria
2022-04-21 00:00:00+00:00,14.151688,0.0,0.33145833,Victoria
2022-04-22 00:00:00+00:00,15.1032505,0.0,0.3273021,Victoria
2022-04-23 00:00:00+00:00,16.155853,0.0,0.3229375,Victoria
2022-04-24 00:00:00+00:00,16.64075,0.0,0.3175625,Victoria
2022-04-25 00:00:00+00:00,17.520437,0.1,0.31275,Victoria
2022-04-26 00:00:00+00:00,17.22721,5.375,0.30995834,Victoria
2022-04-27 00:00:00+00:00,16.630854,1.5250001,0.3125521,Victoria
2022-04-28 00:00:00+00:00,17.474083,1.15,0.3165104,Victoria
2022-04-29 00:00:00+00:00,17.174084,9.174999,0.32732293,Victoria
2022-04-30 00:00:00+00:00,13.079291,0.075,0.343125,Victoria
2022-05-01 00:00:00+00:00,13.9938755,0.0,0.3414375,Victoria
2022-05-02 00:00:00+00:00,13.99648,0.0,0.33905202,Victoria
2022-05-03 00:00:00+00:00,14.385542,0.1,0.33411455,Victoria
2022-05-04 00:00:00+00:00,10.847521,0.25,0.32996875,Victoria
2022-05-05 00:00:00+00:00,8.327208,0.875,0.32755208,Victoria
2022-05-06 00:00:00+00:00,9.16627,0.3,0.32493752,Victoria
2022-05-07 00:00:00+00:00,11.349082,0.05,0.32327086,Victoria
2022-05-08 00:00:00+00:00,11.312625,0.225,0.3217396,Victoria
2022-05-09 00:00:00+00:00,10.974083,0.0,0.3186979,Victoria
2022-05-10 00:00:00+00:00,14.563147,0.05,0.3157396,Victoria
2022-05-11 00:00:00+00:00,14.724604,9.1,0.3163542,Victoria
2022-05-12 00:00:00+00:00,14.857416,1.7249998,0.3368438,Victoria
2022-05-13 00:00:00+00:00,15.791269,0.375,0.34196874,Victoria
2022-05-14 00:00:00+00:00,14.41627,0.375,0.3434792,Victoria
2022-05-15 00:00:00+00:00,14.812624,0.025,0.3424479,Victoria
2022-05-16 00:00:00+00:00,11.698563,0.225,0.3409896,Victoria
2022-05-17 00:00:00+00:00,11.888667,0.175,0.34182292,Victoria
2022-05-18 00:00:00+00:00,10.279292,0.1,0.3400625,Victoria
2022-05-19 00:00:00+00:00,9.861583,0.0,0.3378021,Victoria
2022-05-20 00:00:00+00:00,10.669396,0.0,0.3352708,Victoria
2022-05-21 00:00:00+00:00,11.899082,0.025,0.3319271,Victoria
2022-05-22 00:00:00+00:00,12.073562,0.0,0.3273021,Victoria
2022-05-23 00:00:00+00:00,12.205334,0.0,0.3237083,Victoria
2022-05-24 00:00:00+00:00,13.486063,0.15,0.32023957,Victoria
2022-05-25 00:00:00+00:00,14.422522,10.975,0.32296878,Victoria
2022-05-26 00:00:00+00:00,12.77148,0.45,0.35134378,Victoria
2022-05-27 00:00:00+00:00,11.693354,0.25,0.3510729,Victoria
2022-05-28 00:00:00+00:00,10.574604,0.45000002,0.35051045,Victoria
2022-05-29 00:00:00+00:00,10.903771,11.8,0.35116667,Victoria
2022-05-30 00:00:00+00:00,9.265229,6.1499996,0.39024997,Victoria
2022-05-31 00:00:00+00:00,7.701688,0.675,0.39505216,Victoria
2022-06-01 00:00:00+00:00,7.377209,0.0,0.39066666,Victoria
2022-06-02 00:00:00+00:00,8.806896,0.275,0.3881354,Victoria
2022-06-03 00:00:00+00:00,9.675646,0.6,0.38470834,Victoria
2022-06-04 00:00:00+00:00,11.883459,1.6,0.38259375,Victoria
2022-06-05 00:00:00+00:00,9.091792,9.25,0.3976354,Victoria
2022-06-06 00:00:00+00:00,8.675124,0.8,0.40182298,Victoria
2022-06-07 00:00:00+00:00,8.174083,0.32500002,0.3999792,Victoria
2022-06-08 00:00:00+00:00,9.474605,0.075,0.3909375,Victoria
2022-06-09 00:00:00+00:00,10.18502,0.1,0.38339585,Victoria
2022-06-10 00:00:00+00:00,9.782416,0.225,0.3770104,Victoria
2022-06-11 00:00:00+00:00,10.378249,0.025,0.37290627,Victoria
2022-06-12 00:00:00+00:00,9.999083,0.2,0.371125,Victoria
2022-06-13 00:00:00+00:00,9.588667,0.1,0.36702085,Victoria
2022-06-14 00:00:00+00:00,9.942313,0.8,0.36275002,Victoria
2022-06-15 00:00:00+00:00,12.108978,4.1250005,0.37286457,Victoria
2022-06-16 00:00:00+00:00,10.760541,0.50000006,0.37321877,Victoria
2022-06-17 00:00:00+00:00,8.690229,0.075,0.37169793,Victoria
2022-06-18 00:00:00+00:00,8.539709,0.0,0.37005213,Victoria
2022-06-19 00:00:00+00:00,10.278771,0.125,0.37412503,Victoria
2022-06-20 00:00:00+00:00,12.168354,6.8,0.37626043,Victoria
2022-06-21 00:00:00+00:00,10.544916,0.575,0.3805208,Victoria
2022-06-22 00:00:00+00:00,12.116271,0.35,0.37990624,Victoria
2022-06-23 00:00:00+00:00,12.9157505,1.375,0.378,Victoria
2022-06-24 00:00:00+00:00,10.213666,1.05,0.37822917,Victoria
2022-06-25 00:00:00+00:00,9.759499,0.0,0.37606248,Victoria
2022-06-26 00:00:00+00:00,8.849083,1.575,0.37568748,Victoria
2022-06-27 00:00:00+00:00,6.5313754,0.0,0.37781245,Victoria
2022-06-28 00:00:00+00:00,6.8313746,0.0,0.37685418,Victoria
2022-06-29 00:00:00+00:00,7.639708,1.675,0.37427086,Victoria
2022-06-30 00:00:00+00:00,7.9188757,0.05,0.37623954,Victoria
2022-07-01 00:00:00+00:00,8.343875,0.0,0.37476042,Victoria
2022-07-02 00:00:00+00:00,7.4100213,0.0,0.37464583,Victoria
2022-07-03 00:00:00+00:00,7.5871043,0.0,0.37427086,Victoria
2022-07-04 00:00:00+00:00,8.937625,0.0,0.37021875,Victoria
2022-07-05 00:00:00+00:00,6.989709,0.0,0.36602086,Victoria
2022-07-06 00:00:00+00:00,7.5740833,0.0,0.3622709,Victoria
2022-07-07 00:00:00+00:00,9.022522,0.025,0.35930207,Victoria
2022-07-08 00:00:00+00:00,8.270958,0.025,0.35828122,Victoria
2022-07-09 00:00:00+00:00,6.8438754,0.35000002,0.36249998,Victoria
2022-07-10 00:00:00+00:00,7.706896,0.0,0.3605313,Victoria
2022-07-11 00:00:00+00:00,9.052208,1.075,0.3581249,Victoria
2022-07-12 00:00:00+00:00,7.593354,0.95000005,0.3587917,Victoria
2022-07-13 00:00:00+00:00,7.312104,0.0,0.360125,Victoria
2022-07-14 00:00:00+00:00,7.4282503,0.0,0.3606771,Victoria
2022-07-15 00:00:00+00:00,8.632937,0.05,0.35815623,Victoria
2022-07-16 00:00:00+00:00,10.955334,2.825,0.3580625,Victoria
2022-07-17 00:00:00+00:00,8.626687,3.625,0.36413544,Victoria
2022-07-18 00:00:00+00:00,7.1537704,0.22500001,0.36157292,Victoria
2022-07-19 00:00:00+00:00,6.550125,0.0,0.3606458,Victoria
2022-07-20 00:00:00+00:00,8.648042,0.025,0.3583437,Victoria
2022-07-21 00:00:00+00:00,10.262626,0.0,0.35358328,Victoria
2022-07-22 00:00:00+00:00,12.670438,3.6250002,0.3496354,Victoria
2022-07-23 00:00:00+00:00,11.002729,5.95,0.36046875,Victoria
2022-07-24 00:00:00+00:00,13.35325,1.525,0.37568748,Victoria
2022-07-25 00:00:00+00:00,10.786583,4.25,0.3836459,Victoria
2022-07-26 00:00:00+00:00,9.0595,0.025,0.3791771,Victoria
2022-07-27 00:00:00+00:00,10.028772,0.2,0.3747083,Victoria
2022-07-28 00:00:00+00:00,8.801687,0.47500002,0.3723542,Victoria
2022-07-29 00:00:00+00:00,6.544396,0.0,0.3716667,Victoria
2022-07-30 00:00:00+00:00,10.005855,0.2,0.3695729,Victoria
2022-07-31 00:00:00+00:00,9.205334,3.175,0.37064582,Victoria
2022-08-01 00:00:00+00:00,9.1397085,0.05,0.37421876,Victoria
2022-08-02 00:00:00+00:00,13.413668,4.625,0.37357292,Victoria
2022-08-03 00:00:00+00:00,15.595959,1.0250001,0.37472916,Victoria
2022-08-04 00:00:00+00:00,13.205334,1.125,0.37413543,Victoria
2022-08-05 00:00:00+00:00,10.405333,3.7749996,0.37619787,Victoria
2022-08-06 00:00:00+00:00,9.306896,1.5250001,0.38217708,Victoria
2022-08-07 00:00:00+00:00,7.7886667,0.57500005,0.3826875,Victoria
2022-08-08 00:00:00+00:00,7.8147087,0.05,0.38043746,Victoria
2022-08-09 00:00:00+00:00,8.000646,0.0,0.37801042,Victoria
2022-08-10 00:00:00+00:00,11.148562,2.3,0.37732297,Victoria
2022-08-11 00:00:00+00:00,11.069917,5.175,0.38327083,Victoria
2022-08-12 00:00:00+00:00,10.336583,4.8500004,0.39384374,Victoria
2022-08-13 00:00:00+00:00,8.387104,1.6250001,0.40095836,Victoria
2022-08-14 00:00:00+00:00,9.563667,0.35,0.3975625,Victoria
2022-08-15 00:00:00+00:00,9.658979,0.52500004,0.39391664,Victoria
2022-08-16 00:00:00+00:00,9.460021,0.25,0.3926146,Victoria
2022-08-17 00:00:00+00:00,12.546999,0.87500006,0.3925208,Victoria
2022-08-18 00:00:00+00:00,10.512104,7.025,0.39990628,Victoria
2022-08-19 00:00:00+00:00,11.450125,1.05,0.40366662,Victoria
2022-08-20 00:00:00+00:00,9.432938,0.45,0.40172917,Victoria
2022-08-21 00:00:00+00:00,10.471479,0.05,0.39704168,Victoria
2022-08-22 00:00:00+00:00,10.663145,7.575,0.40127084,Victoria
2022-08-23 00:00:00+00:00,7.6042914,0.22500001,0.4038229,Victoria
2022-08-24 00:00:00+00:00,10.713146,0.375,0.39701045,Victoria
2022-08-25 00:00:00+00:00,9.901688,0.17500001,0.39253122,Victoria
2022-08-26 00:00:00+00:00,10.805855,0.0,0.38958335,Victoria
2022-08-27 00:00:00+00:00,12.353771,0.35000002,0.3860313,Victoria
2022-08-28 00:00:00+00:00,15.448563,4.75,0.3800625,Victoria
2022-08-29 00:00:00+00:00,12.322521,14.05,0.39896876,Victoria
2022-08-30 00:00:00+00:00,9.722,0.40000004,0.40564585,Victoria
2022-08-31 00:00:00+00:00,9.369917,0.0,0.40087503,Victoria
2022-09-01 00:00:00+00:00,10.193354,0.05,0.39818746,Victoria
2022-09-02 00:00:00+00:00,8.50898,0.025,0.39292708,Victoria
2022-09-03 00:00:00+00:00,9.552729,0.05,0.3878646,Victoria
2022-09-04 00:00:00+00:00,9.3095,0.0,0.3820417,Victoria
2022-09-05 00:00:00+00:00,9.80325,0.0,0.3765104,Victoria
2022-09-06 00:00:00+00:00,12.1798115,0.05,0.37507293,Victoria
2022-09-07 00:00:00+00:00,14.822521,15.824999,0.3779583,Victoria
2022-09-08 00:00:00+00:00,12.373563,11.975,0.42153126,Victoria
2022-09-09 00:00:00+00:00,12.599082,4.05,0.4222812,Victoria
2022-09-10 00:00:00+00:00,10.251167,0.125,0.41871876,Victoria
2022-09-11 00:00:00+00:00,10.707417,0.2,0.4101042,Victoria
2022-09-12 00:00:00+00:00,8.385542,0.1,0.40273958,Victoria
2022-09-13 00:00:00+00:00,9.0876255,0.0,0.39802086,Victoria
2022-09-14 00:00:00+00:00,13.021479,8.35,0.39867708,Victoria
2022-09-15 00:00:00+00:00,12.605333,0.52500004,0.40815628,Victoria
2022-09-16 00:00:00+00:00,10.930854,5.4500003,0.41018748,Victoria
2022-09-17 00:00:00+00:00,11.462105,3.5,0.41383332,Victoria
2022-09-18 00:00:00+00:00,10.464708,3.6,0.41461456,Victoria
2022-09-19 00:00:00+00:00,10.435541,0.0,0.40791664,Victoria
2022-09-20 00:00:00+00:00,15.088667,15.025,0.40386456,Victoria
2022-09-21 00:00:00+00:00,13.195438,2.1,0.43097916,Victoria
2022-09-22 00:00:00+00:00,15.643354,0.84999996,0.42379165,Victoria
2022-09-23 00:00:00+00:00,13.8792925,0.62500006,0.4174063,Victoria
2022-09-24 00:00:00+00:00,10.0928335,0.025,0.4086979,Victoria
2022-09-25 00:00:00+00:00,14.544916,9.725,0.4011875,Victoria
2022-09-26 00:00:00+00:00,12.314187,3.9,0.4173438,Victoria
2022-09-27 00:00:00+00:00,11.725124,5.9750004,0.42742705,Victoria
2022-09-28 00:00:00+00:00,12.575645,0.35,0.42366666,Victoria
2022-09-29 00:00:00+00:00,12.5459585,0.0,0.41515622,Victoria
2022-09-30 00:00:00+00:00,13.826688,0.525,0.4063646,Victoria
2022-10-01 00:00:00+00:00,13.932937,0.075,0.3981354,Victoria
2022-10-02 00:00:00+00:00,14.417313,0.075,0.38996872,Victoria
2022-10-03 00:00:00+00:00,15.799082,0.0,0.38261458,Victoria
2022-10-04 00:00:00+00:00,15.777729,18.925,0.38171875,Victoria
2022-10-05 00:00:00+00:00,14.600645,12.250001,0.44239587,Victoria
2022-10-06 00:00:00+00:00,16.59127,10.925,0.44591665,Victoria
2022-10-07 00:00:00+00:00,13.162105,0.90000004,0.44368753,Victoria
2022-10-08 00:00:00+00:00,10.590751,0.025,0.42938542,Victoria
2022-10-09 00:00:00+00:00,10.290749,0.025,0.41831246,Victoria
2022-10-10 00:00:00+00:00,13.762106,0.0,0.40728125,Victoria
2022-10-11 00:00:00+00:00,17.066792,1.775,0.39764583,Victoria
2022-10-12 00:00:00+00:00,16.248041,40.925,0.4231458,Victoria
2022-10-13 00:00:00+00:00,12.158459,18.275,0.46316668,Victoria
2022-10-14 00:00:00+00:00,12.157415,0.4,0.443625,Victoria
2022-10-15 00:00:00+00:00,13.349605,0.3,0.4309375,Victoria
2022-10-16 00:00:00+00:00,13.167833,0.17500001,0.4206979,Victoria
2022-10-17 00:00:00+00:00,13.91679,0.0,0.41066664,Victoria
2022-10-18 00:00:00+00:00,13.95325,0.1,0.3979688,Victoria
2022-10-19 00:00:00+00:00,18.318354,0.225,0.38620833,Victoria
2022-10-20 00:00:00+00:00,19.28294,3.3000002,0.3827396,Victoria
2022-10-21 00:00:00+00:00,18.50846,8.599999,0.38842708,Victoria
2022-10-22 00:00:00+00:00,17.706898,5.075,0.39532295,Victoria
2022-10-23 00:00:00+00:00,17.432417,29.0,0.423,Victoria
2022-10-24 00:00:00+00:00,16.232416,10.549999,0.46666664,Victoria
2022-10-25 00:00:00+00:00,17.11419,2.2250001,0.45114583,Victoria
2022-10-26 00:00:00+00:00,15.469916,0.47500002,0.44155207,Victoria
2022-10-27 00:00:00+00:00,13.609499,0.975,0.43332288,Victoria
2022-10-28 00:00:00+00:00,12.39075,0.75,0.42557287,Victoria
2022-10-29 00:00:00+00:00,12.639708,0.25,0.41972917,Victoria
2022-10-30 00:00:00+00:00,18.432938,8.474999,0.41577083,Victoria
2022-10-31 00:00:00+00:00,12.039187,9.150001,0.43095833,Victoria
2022-11-01 00:00:00+00:00,9.186063,2.925,0.444,Victoria
2022-11-02 00:00:00+00:00,11.499605,0.25,0.4375729,Victoria
2022-11-03 00:00:00+00:00,11.807415,0.25,0.427375,Victoria
2022-11-04 00:00:00+00:00,14.586583,0.0,0.4191771,Victoria
2022-11-05 00:00:00+00:00,17.693354,0.0,0.40975,Victoria
2022-11-06 00:00:00+00:00,18.140228,1.3,0.39590627,Victoria
2022-11-07 00:00:00+00:00,19.220438,1.075,0.3833125,Victoria
2022-11-08 00:00:00+00:00,20.927208,0.0,0.3696146,Victoria
2022-11-09 00:00:00+00:00,22.905853,2.175,0.35673958,Victoria
2022-11-10 00:00:00+00:00,19.22773,10.549999,0.36725,Victoria
2022-11-11 00:00:00+00:00,19.255333,0.32500002,0.37320834,Victoria
2022-11-12 00:00:00+00:00,19.526167,17.425,0.40071875,Victoria
2022-11-13 00:00:00+00:00,16.525646,6.35,0.43398958,Victoria
2022-11-14 00:00:00+00:00,13.319396,1.125,0.43045834,Victoria
2022-11-15 00:00:00+00:00,10.607416,0.15,0.42315623,Victoria
2022-11-16 00:00:00+00:00,10.966792,0.22500001,0.41516668,Victoria
2022-11-17 00:00:00+00:00,12.946479,0.0,0.40566668,Victoria
2022-11-18 00:00:00+00:00,18.555855,2.85,0.39327085,Victoria
2022-11-19 00:00:00+00:00,16.494396,12.800001,0.41290623,Victoria
2022-11-20 00:00:00+00:00,13.070958,1.0250001,0.4235833,Victoria
2022-11-21 00:00:00+00:00,11.218874,0.9000001,0.41838545,Victoria
2022-11-22 00:00:00+00:00,13.802729,0.2,0.4134375,Victoria
2022-11-23 00:00:00+00:00,14.375645,0.1,0.4053854,Victoria
2022-11-24 00:00:00+00:00,15.842833,0.0,0.39330208,Victoria
2022-11-25 00:00:00+00:00,18.802208,0.0,0.3780625,Victoria
2022-11-26 00:00:00+00:00,20.158459,0.5,0.3652396,Victoria
2022-11-27 00:00:00+00:00,15.432417,0.0,0.3578021,Victoria
2022-11-28 00:00:00+00:00,14.612625,0.1,0.3542604,Victoria
2022-11-29 00:00:00+00:00,15.768874,0.025,0.34697914,Victoria
2022-11-30 00:00:00+00:00,17.14752,0.0,0.33796874,Victoria
2022-12-01 00:00:00+00:00,18.624603,0.0,0.3285521,Victoria
2022-12-02 00:00:00+00:00,21.880335,0.05,0.31712502,Victoria
2022-12-03 00:00:00+00:00,25.350128,0.0,0.30628127,Victoria
2022-12-04 00:00:00+00:00,25.538147,0.1,0.29688543,Victoria
2022-12-05 00:00:00+00:00,16.554813,0.0,0.29397917,Victoria
2022-12-06 00:00:00+00:00,19.35325,0.0,0.29039586,Victoria
2022-12-07 00:00:00+00:00,16.454292,0.0,0.28432292,Victoria
2022-12-08 00:00:00+00:00,13.843354,0.0,0.28090623,Victoria
2022-12-09 00:00:00+00:00,15.481375,0.0,0.278,Victoria
2022-12-10 00:00:00+00:00,22.019398,0.2,0.27498958,Victoria
2022-12-11 00:00:00+00:00,18.694916,13.125002,0.28013545,Victoria
2022-12-12 00:00:00+00:00,14.753771,0.225,0.2934167,Victoria
2022-12-13 00:00:00+00:00,13.232418,0.82500005,0.29663542,Victoria
2022-12-14 00:00:00+00:00,13.694916,0.15,0.2957188,Victoria
2022-12-15 00:00:00+00:00,14.870437,0.0,0.2918021,Victoria
2022-12-16 00:00:00+00:00,17.341791,0.0,0.28680208,Victoria
2022-12-17 00:00:00+00:00,19.510021,0.0,0.28285414,Victoria
2022-12-18 00:00:00+00:00,21.713667,0.0,0.27895835,Victoria
2022-12-19 00:00:00+00:00,21.700645,0.0,0.27362502,Victoria
2022-12-20 00:00:00+00:00,23.64648,0.0,0.2691979,Victoria
2022-12-21 00:00:00+00:00,21.78606,2.45,0.26669794,Victoria
2022-12-22 00:00:00+00:00,22.501165,0.05,0.26360416,Victoria
2022-12-23 00:00:00+00:00,21.951687,0.025,0.2640729,Victoria
2022-12-24 00:00:00+00:00,22.75898,0.0,0.26491672,Victoria
2022-12-25 00:00:00+00:00,28.97825,0.0,0.25945836,Victoria
2022-12-26 00:00:00+00:00,30.093876,0.15,0.25500005,Victoria
2022-12-27 00:00:00+00:00,32.28711,0.075,0.2529896,Victoria
2022-12-28 00:00:00+00:00,19.820438,2.0,0.25478125,Victoria
2022-12-29 00:00:00+00:00,20.021477,0.0,0.2576771,Victoria
2022-12-30 00:00:00+00:00,23.67669,0.0,0.25035417,Victoria
2022-12-31 00:00:00+00:00,27.344917,0.0,0.24670832,Victoria
2023-01-01 00:00:00+00:00,31.223562,0.6,0.2431562,Victoria
2023-01-02 00:00:00+00:00,25.793358,0.775,0.24614581,Victoria
2023-01-03 00:00:00+00:00,20.181376,0.0,0.25057292,Victoria
2023-01-04 00:00:00+00:00,18.046478,0.0,0.24845831,Victoria
2023-01-05 00:00:00+00:00,21.128248,0.0,0.24658328,Victoria
2023-01-06 00:00:00+00:00,22.873041,0.0,0.24533336,Victoria
2023-01-07 00:00:00+00:00,25.275126,0.0,0.2444479,Victoria
2023-01-08 00:00:00+00:00,27.651688,0.0,0.24262497,Victoria
2023-01-09 00:00:00+00:00,26.601168,0.0,0.24384373,Victoria
2023-01-10 00:00:00+00:00,25.342312,0.0,0.2420313,Victoria
2023-01-11 00:00:00+00:00,27.67877,0.0,0.24085414,Victoria
2023-01-12 00:00:00+00:00,27.906895,0.0,0.23947917,Victoria
2023-01-13 00:00:00+00:00,28.02252,0.0,0.23873961,Victoria
2023-01-14 00:00:00+00:00,29.280853,0.0,0.23742709,Victoria
2023-01-15 00:00:00+00:00,23.658459,0.0,0.23603123,Victoria
2023-01-16 00:00:00+00:00,27.022522,0.35,0.23458333,Victoria
2023-01-17 00:00:00+00:00,29.067833,2.475,0.23602085,Victoria
2023-01-18 00:00:00+00:00,18.586584,1.3249999,0.24633336,Victoria
2023-01-19 00:00:00+00:00,17.937624,0.0,0.2444375,Victoria
2023-01-20 00:00:00+00:00,22.586063,0.0,0.24487504,Victoria
2023-01-21 00:00:00+00:00,22.115227,1.6,0.24468751,Victoria
2023-01-22 00:00:00+00:00,23.121479,0.025,0.24865624,Victoria
2023-01-23 00:00:00+00:00,24.094917,3.3,0.25120834,Victoria
2023-01-24 00:00:00+00:00,21.035542,2.3500001,0.25392705,Victoria
2023-01-25 00:00:00+00:00,23.631376,0.0,0.25509378,Victoria
2023-01-26 00:00:00+00:00,20.973562,0.0,0.25464576,Victoria
2023-01-27 00:00:00+00:00,24.548561,0.0,0.2545625,Victoria
2023-01-28 00:00:00+00:00,28.137623,0.65,0.2548437,Victoria
2023-01-29 00:00:00+00:00,21.75377,2.55,0.26087502,Victoria
2023-01-30 00:00:00+00:00,22.468874,0.0,0.26466668,Victoria
2023-01-31 00:00:00+00:00,21.995958,0.0,0.26259375,Victoria
2023-02-01 00:00:00+00:00,19.705334,0.0,0.2595417,Victoria
2023-02-02 00:00:00+00:00,14.6084585,2.575,0.25663537,Victoria
2023-02-03 00:00:00+00:00,14.155853,0.8000001,0.25486463,Victoria
2023-02-04 00:00:00+00:00,17.127728,0.025,0.25278127,Victoria
2023-02-05 00:00:00+00:00,19.548042,0.0,0.25006253,Victoria
2023-02-06 00:00:00+00:00,21.47877,0.0,0.24823958,Victoria
2023-02-07 00:00:00+00:00,22.395958,0.0,0.24786454,Victoria
2023-02-08 00:00:00+00:00,24.448042,0.0,0.24486457,Victoria
2023-02-09 00:00:00+00:00,26.87773,0.0,0.24182296,Victoria
2023-02-10 00:00:00+00:00,27.275126,0.0,0.24009375,Victoria
2023-02-11 00:00:00+00:00,21.732416,0.0,0.23904164,Victoria
2023-02-12 00:00:00+00:00,19.288666,0.0,0.2373229,Victoria
2023-02-13 00:00:00+00:00,19.427208,0.0,0.23383334,Victoria
2023-02-14 00:00:00+00:00,22.492311,0.0,0.23325004,Victoria
2023-02-15 00:00:00+00:00,27.296999,0.0,0.23157293,Victoria
2023-02-16 00:00:00+00:00,31.826166,0.0,0.22959378,Victoria
2023-02-17 00:00:00+00:00,28.827208,0.0,0.2289271,Victoria
2023-02-18 00:00:00+00:00,23.961582,0.0,0.22821876,Victoria
2023-02-19 00:00:00+00:00,25.053772,0.0,0.22788541,Victoria
2023-02-20 00:00:00+00:00,27.886581,0.0,0.2270521,Victoria
2023-02-21 00:00:00+00:00,24.110542,0.0,0.22637504,Victoria
2023-02-22 00:00:00+00:00,27.402729,0.0,0.22699998,Victoria
2023-02-23 00:00:00+00:00,26.691273,0.0,0.22585416,Victoria
2023-02-24 00:00:00+00:00,28.85273,0.0,0.22523956,Victoria
2023-02-25 00:00:00+00:00,21.683458,1.15,0.22187504,Victoria
2023-02-26 00:00:00+00:00,19.772522,0.0,0.21675001,Victoria
2023-02-27 00:00:00+00:00,20.844917,0.0,0.2178229,Victoria
2023-02-28 00:00:00+00:00,19.811064,0.0,0.21712498,Victoria
2023-03-01 00:00:00+00:00,19.27252,0.0,0.2175729,Victoria
2023-03-02 00:00:00+00:00,20.08346,0.0,0.21487497,Victoria
2023-03-03 00:00:00+00:00,21.292313,0.0,0.21474998,Victoria
2023-03-04 00:00:00+00:00,24.362103,0.0,0.21649998,Victoria
2023-03-05 00:00:00+00:00,22.618355,3.5500002,0.21641667,Victoria
2023-03-06 00:00:00+00:00,19.755854,0.025,0.22321874,Victoria
2023-03-07 00:00:00+00:00,18.144396,0.55,0.22279164,Victoria
2023-03-08 00:00:00+00:00,15.486584,0.125,0.22146875,Victoria
2023-03-09 00:00:00+00:00,17.018875,0.025,0.22237504,Victoria
2023-03-10 00:00:00+00:00,20.145958,0.0,0.2227292,Victoria
2023-03-11 00:00:00+00:00,21.47148,0.025,0.22142713,Victoria
2023-03-12 00:00:00+00:00,18.583979,1.0250001,0.2214375,Victoria
2023-03-13 00:00:00+00:00,21.999603,0.0,0.22177084,Victoria
2023-03-14 00:00:00+00:00,23.485542,0.0,0.224125,Victoria
2023-03-15 00:00:00+00:00,24.848562,0.0,0.22705206,Victoria
2023-03-16 00:00:00+00:00,22.906374,0.0,0.22616668,Victoria
2023-03-17 00:00:00+00:00,23.247,0.0,0.22494791,Victoria
2023-03-18 00:00:00+00:00,27.451166,0.0,0.22339582,Victoria
2023-03-19 00:00:00+00:00,21.514708,0.2,0.22405204,Victoria
2023-03-20 00:00:00+00:00,20.470959,0.35,0.22291666,Victoria
2023-03-21 00:00:00+00:00,20.54752,2.025,0.22344793,Victoria
2023-03-22 00:00:00+00:00,22.942312,1.575,0.22550002,Victoria
2023-03-23 00:00:00+00:00,23.094917,0.125,0.22762507,Victoria
2023-03-24 00:00:00+00:00,19.42877,3.75,0.2312917,Victoria
2023-03-25 00:00:00+00:00,17.937105,0.0,0.23220834,Victoria
2023-03-26 00:00:00+00:00,18.888145,3.9249997,0.23296878,Victoria
2023-03-27 00:00:00+00:00,18.042313,6.9749994,0.24002084,Victoria
2023-03-28 00:00:00+00:00,18.644396,5.125,0.25090626,Victoria
2023-03-29 00:00:00+00:00,15.318876,0.22500001,0.2677083,Victoria
2023-03-30 00:00:00+00:00,15.383982,0.075,0.27151045,Victoria
2023-03-31 00:00:00+00:00,15.349604,0.1,0.2720104,Victoria
2023-04-01 00:00:00+00:00,12.787625,0.0,0.27243754,Victoria
2023-04-02 00:00:00+00:00,14.105855,0.0,0.26961458,Victoria
2023-04-03 00:00:00+00:00,16.824604,0.0,0.2656563,Victoria
2023-04-04 00:00:00+00:00,18.64075,0.0,0.26108333,Victoria
2023-04-05 00:00:00+00:00,21.118353,0.025,0.257375,Victoria
2023-04-06 00:00:00+00:00,18.658459,7.525,0.2574271,Victoria
2023-04-07 00:00:00+00:00,15.769917,2.625,0.26707295,Victoria
2023-04-08 00:00:00+00:00,14.438666,0.25,0.27391666,Victoria
2023-04-09 00:00:00+00:00,12.711584,0.05,0.27689582,Victoria
2023-04-10 00:00:00+00:00,13.048042,0.075,0.2791875,Victoria
2023-04-11 00:00:00+00:00,15.818356,6.7000003,0.2799167,Victoria
2023-04-12 00:00:00+00:00,15.770437,4.35,0.29293752,Victoria
2023-04-13 00:00:00+00:00,14.9574175,0.2,0.29928124,Victoria
2023-04-14 00:00:00+00:00,18.601686,0.90000004,0.30069792,Victoria
2023-04-15 00:00:00+00:00,14.386063,19.325,0.32965624,Victoria
2023-04-16 00:00:00+00:00,12.1501255,0.075,0.36017704,Victoria
2023-04-17 00:00:00+00:00,14.1595,0.0,0.35673952,Victoria
2023-04-18 00:00:00+00:00,15.877208,0.275,0.35051042,Victoria
2023-04-19 00:00:00+00:00,12.641792,0.0,0.3455417,Victoria
2023-04-20 00:00:00+00:00,13.831375,0.0,0.34181255,Victoria
2023-04-21 00:00:00+00:00,14.636063,0.0,0.33627087,Victoria
2023-04-22 00:00:00+00:00,15.299083,0.0,0.33047917,Victoria
2023-04-23 00:00:00+00:00,15.462624,0.0,0.32441667,Victoria
2023-04-24 00:00:00+00:00,17.428247,0.0,0.3185521,Victoria
2023-04-25 00:00:00+00:00,18.070436,0.0,0.31255206,Victoria
2023-04-26 00:00:00+00:00,20.593355,0.025,0.30784377,Victoria
2023-04-27 00:00:00+00:00,19.78971,0.0,0.30726042,Victoria
2023-04-28 00:00:00+00:00,14.056896,0.575,0.30584374,Victoria
2023-04-29 00:00:00+00:00,10.829812,0.05,0.30840626,Victoria
2023-04-30 00:00:00+00:00,12.718354,0.0,0.30857295,Victoria
2023-05-01 00:00:00+00:00,14.720958,0.35,0.30660415,Victoria
2023-05-02 00:00:00+00:00,15.045958,0.90000004,0.30513543,Victoria
2023-05-03 00:00:00+00:00,11.820958,0.025,0.3043646,Victoria
2023-05-04 00:00:00+00:00,10.8688755,0.0,0.30509377,Victoria
2023-05-05 00:00:00+00:00,13.424603,1.25,0.30773953,Victoria
2023-05-06 00:00:00+00:00,8.823042,0.22500001,0.3083437,Victoria
2023-05-07 00:00:00+00:00,8.256895,0.0,0.30892712,Victoria
2023-05-08 00:00:00+00:00,11.25325,0.05,0.31040627,Victoria
2023-05-09 00:00:00+00:00,11.095958,0.05,0.30989587,Victoria
2023-05-10 00:00:00+00:00,9.769917,0.0,0.30821872,Victoria
2023-05-11 00:00:00+00:00,10.87252,0.0,0.30596876,Victoria
2023-05-12 00:00:00+00:00,11.9678335,0.0,0.30148956,Victoria
2023-05-13 00:00:00+00:00,12.204813,0.0,0.29775,Victoria
2023-05-14 00:00:00+00:00,13.137625,0.0,0.2931146,Victoria
2023-05-15 00:00:00+00:00,13.599605,0.0,0.2890312,Victoria
2023-05-16 00:00:00+00:00,10.990229,0.0,0.28796872,Victoria
2023-05-17 00:00:00+00:00,8.782417,0.0,0.2861979,Victoria
2023-05-18 00:00:00+00:00,9.358458,0.0,0.28489587,Victoria
2023-05-19 00:00:00+00:00,10.6136675,0.15,0.28360417,Victoria
2023-05-20 00:00:00+00:00,12.319918,0.15,0.28354165,Victoria
2023-05-21 00:00:00+00:00,9.579813,0.1,0.28424996,Victoria
2023-05-22 00:00:00+00:00,9.199082,0.0,0.28379166,Victoria
2023-05-23 00:00:00+00:00,9.936583,0.0,0.28658336,Victoria
2023-05-24 00:00:00+00:00,13.450125,0.0,0.2879479,Victoria
2023-05-25 00:00:00+00:00,11.059501,10.9,0.29083335,Victoria
2023-05-26 00:00:00+00:00,10.501688,0.175,0.29577085,Victoria
2023-05-27 00:00:00+00:00,11.242313,3.4,0.30002084,Victoria
2023-05-28 00:00:00+00:00,11.800646,1.375,0.31195834,Victoria
2023-05-29 00:00:00+00:00,13.060543,0.475,0.31592712,Victoria
2023-05-30 00:00:00+00:00,14.326688,0.225,0.31847915,Victoria
2023-05-31 00:00:00+00:00,15.069395,0.17500001,0.32042712,Victoria
2023-06-01 00:00:00+00:00,12.02148,0.0,0.31946874,Victoria
2023-06-02 00:00:00+00:00,12.311584,2.375,0.32127082,Victoria
2023-06-03 00:00:00+00:00,14.254811,0.0,0.31980217,Victoria
2023-06-04 00:00:00+00:00,16.256374,0.375,0.31821874,Victoria
2023-06-05 00:00:00+00:00,14.6345005,7.975,0.32573956,Victoria
2023-06-06 00:00:00+00:00,15.27877,5.025,0.34011456,Victoria
2023-06-07 00:00:00+00:00,14.858979,26.099998,0.38802084,Victoria
2023-06-08 00:00:00+00:00,12.6032505,1.3,0.39753127,Victoria
2023-06-09 00:00:00+00:00,9.594916,0.15,0.3910625,Victoria
2023-06-10 00:00:00+00:00,11.0615835,0.05,0.3848125,Victoria
2023-06-11 00:00:00+00:00,11.178251,0.2,0.3800104,Victoria
2023-06-12 00:00:00+00:00,11.752209,1.65,0.37658337,Victoria
2023-06-13 00:00:00+00:00,10.0303335,0.6,0.37952083,Victoria
2023-06-14 00:00:00+00:00,10.224604,0.17500001,0.3761875,Victoria
2023-06-15 00:00:00+00:00,10.952208,0.05,0.3722604,Victoria
2023-06-16 00:00:00+00:00,11.392834,0.0,0.36661452,Victoria
2023-06-17 00:00:00+00:00,10.994917,5.95,0.36263543,Victoria
2023-06-18 00:00:00+00:00,10.257937,3.55,0.36386457,Victoria
2023-06-19 00:00:00+00:00,5.950125,1.3,0.3703125,Victoria
2023-06-20 00:00:00+00:00,6.351167,0.0,0.36928123,Victoria
2023-06-21 00:00:00+00:00,8.031896,0.7,0.37270832,Victoria
2023-06-22 00:00:00+00:00,8.526688,14.625002,0.39423963,Victoria
2023-06-23 00:00:00+00:00,8.99075,0.67499995,0.40682286,Victoria
2023-06-24 00:00:00+00:00,9.364708,0.275,0.39739582,Victoria
2023-06-25 00:00:00+00:00,10.569916,0.75,0.39094794,Victoria
2023-06-26 00:00:00+00:00,9.252728,0.2,0.38537502,Victoria
2023-06-27 00:00:00+00:00,9.729292,3.5500002,0.3872813,Victoria
2023-06-28 00:00:00+00:00,7.7079377,1.8750001,0.39609376,Victoria
2023-06-29 00:00:00+00:00,9.477208,0.125,0.39380205,Victoria
2023-06-30 00:00:00+00:00,10.622,0.52500004,0.394875,Victoria
2023-07-01 00:00:00+00:00,8.716271,0.075,0.39434373,Victoria
2023-07-02 00:00:00+00:00,7.822521,0.0,0.39197913,Victoria
2023-07-03 00:00:00+00:00,10.114708,9.325,0.39130208,Victoria
2023-07-04 00:00:00+00:00,8.898042,3.8000002,0.4169896,Victoria
2023-07-05 00:00:00+00:00,10.263666,0.125,0.41293752,Victoria
2023-07-06 00:00:00+00:00,9.807417,3.975,0.41216666,Victoria
2023-07-07 00:00:00+00:00,10.856375,1.675,0.41253126,Victoria
2023-07-08 00:00:00+00:00,10.557938,0.525,0.41111454,Victoria
2023-07-09 00:00:00+00:00,11.30898,0.27500004,0.4051771,Victoria
2023-07-10 00:00:00+00:00,10.479813,0.0,0.40311456,Victoria
2023-07-11 00:00:00+00:00,11.479292,0.15,0.39835417,Victoria
2023-07-12 00:00:00+00:00,9.18502,0.0,0.39553124,Victoria
2023-07-13 00:00:00+00:00,9.729292,0.0,0.39028126,Victoria
2023-07-14 00:00:00+00:00,9.502209,0.0,0.38409373,Victoria
2023-07-15 00:00:00+00:00,8.16575,0.2,0.37810415,Victoria
2023-07-16 00:00:00+00:00,6.7032504,0.0,0.3757708,Victoria
2023-07-17 00:00:00+00:00,7.0011663,0.0,0.37256247,Victoria
2023-07-18 00:00:00+00:00,6.6214795,0.05,0.36989576,Victoria
2023-07-19 00:00:00+00:00,6.6792917,0.0,0.36781254,Victoria
2023-07-20 00:00:00+00:00,8.44648,1.6499999,0.3647083,Victoria
2023-07-21 00:00:00+00:00,7.3782496,0.0,0.36531246,Victoria
2023-07-22 00:00:00+00:00,8.713145,0.15,0.36498964,Victoria
2023-07-23 00:00:00+00:00,8.404292,0.025,0.36279166,Victoria
2023-07-24 00:00:00+00:00,9.561063,0.05,0.3605,Victoria
2023-07-25 00:00:00+00:00,8.041791,0.0,0.35761452,Victoria
2023-07-26 00:00:00+00:00,8.406896,0.0,0.35456246,Victoria
2023-07-27 00:00:00+00:00,13.62825,1.8,0.35282296,Victoria
2023-07-28 00:00:00+00:00,11.399083,0.0,0.35952085,Victoria
2023-07-29 00:00:00+00:00,10.819917,0.0,0.36078125,Victoria
2023-07-30 00:00:00+00:00,11.761063,0.05,0.36085415,Victoria
2023-07-31 00:00:00+00:00,10.585541,0.05,0.35862502,Victoria
2023-08-01 00:00:00+00:00,10.338667,0.125,0.35786453,Victoria
2023-08-02 00:00:00+00:00,10.023562,0.0,0.35506248,Victoria
2023-08-03 00:00:00+00:00,15.060542,0.15,0.34833336,Victoria
2023-08-04 00:00:00+00:00,11.510543,3.875,0.3451875,Victoria
2023-08-05 00:00:00+00:00,8.220437,0.075,0.3509479,Victoria
2023-08-06 00:00:00+00:00,8.730854,0.0,0.35227084,Victoria
2023-08-07 00:00:00+00:00,8.081375,0.0,0.35121876,Victoria
2023-08-08 00:00:00+00:00,9.090229,0.0,0.34989586,Victoria
2023-08-09 00:00:00+00:00,12.970959,2.8999999,0.34561458,Victoria
2023-08-10 00:00:00+00:00,10.090229,0.05,0.3447396,Victoria
2023-08-11 00:00:00+00:00,10.541791,0.97499996,0.34401044,Victoria
2023-08-12 00:00:00+00:00,10.203772,5.875,0.348,Victoria
2023-08-13 00:00:00+00:00,10.15325,0.32500002,0.35231248,Victoria
2023-08-14 00:00:00+00:00,7.7063746,0.0,0.35379165,Victoria
2023-08-15 00:00:00+00:00,6.5298123,0.0,0.3515938,Victoria
2023-08-16 00:00:00+00:00,8.126687,0.375,0.34793746,Victoria
2023-08-17 00:00:00+00:00,9.214188,7.4750004,0.35061458,Victoria
2023-08-18 00:00:00+00:00,8.882417,0.325,0.359875,Victoria
2023-08-19 00:00:00+00:00,12.637625,0.175,0.35997912,Victoria
2023-08-20 00:00:00+00:00,11.790229,0.45000002,0.35956252,Victoria
2023-08-21 00:00:00+00:00,13.676688,5.65,0.3605105,Victoria
2023-08-22 00:00:00+00:00,8.474605,4.125,0.38395834,Victoria
2023-08-23 00:00:00+00:00,8.959499,0.0,0.3873334,Victoria
2023-08-24 00:00:00+00:00,10.27252,0.0,0.38342708,Victoria
2023-08-25 00:00:00+00:00,12.173561,0.0,0.37690622,Victoria
2023-08-26 00:00:00+00:00,12.4506445,0.0,0.37129164,Victoria
2023-08-27 00:00:00+00:00,12.157417,0.0,0.367125,Victoria
2023-08-28 00:00:00+00:00,12.706374,0.0,0.36354172,Victoria
2023-08-29 00:00:00+00:00,16.473562,1.0250001,0.35852084,Victoria
2023-08-30 00:00:00+00:00,11.104813,0.2,0.3567292,Victoria
2023-08-31 00:00:00+00:00,11.075125,0.17500001,0.3566562,Victoria
2023-09-01 00:00:00+00:00,9.492312,0.1,0.35429165,Victoria
2023-09-02 00:00:00+00:00,10.465229,0.0,0.35139585,Victoria
2023-09-03 00:00:00+00:00,14.531897,0.05,0.34507293,Victoria
2023-09-04 00:00:00+00:00,12.051686,1.2,0.3392812,Victoria
2023-09-05 00:00:00+00:00,9.768875,0.025,0.33481246,Victoria
2023-09-06 00:00:00+00:00,14.671478,0.3,0.32792708,Victoria
2023-09-07 00:00:00+00:00,11.494396,7.0249996,0.3284167,Victoria
2023-09-08 00:00:00+00:00,7.8417916,0.725,0.33241668,Victoria
2023-09-09 00:00:00+00:00,11.0391865,0.05,0.3362396,Victoria
2023-09-10 00:00:00+00:00,10.760541,0.35,0.336,Victoria
2023-09-11 00:00:00+00:00,12.004812,0.0,0.33115622,Victoria
2023-09-12 00:00:00+00:00,14.07825,0.0,0.32388544,Victoria
2023-09-13 00:00:00+00:00,15.925647,0.0,0.3127604,Victoria
2023-09-14 00:00:00+00:00,18.778252,0.0,0.30351043,Victoria
2023-09-15 00:00:00+00:00,15.115748,0.0,0.29758334,Victoria
2023-09-16 00:00:00+00:00,16.556374,0.0,0.28965628,Victoria
2023-09-17 00:00:00+00:00,21.112104,0.0,0.28314582,Victoria
2023-09-18 00:00:00+00:00,20.87252,0.0,0.27925003,Victoria
2023-09-19 00:00:00+00:00,19.746479,0.0,0.27636456,Victoria
2023-09-20 00:00:00+00:00,13.4938755,0.3,0.2772396,Victoria
2023-09-21 00:00:00+00:00,11.511582,0.0,0.27737498,Victoria
2023-09-22 00:00:00+00:00,11.86627,0.0,0.27610415,Victoria
2023-09-23 00:00:00+00:00,14.913666,0.0,0.27330208,Victoria
2023-09-24 00:00:00+00:00,19.031895,0.0,0.26783335,Victoria
2023-09-25 00:00:00+00:00,17.457937,0.025,0.2638229,Victoria
2023-09-26 00:00:00+00:00,16.294916,0.175,0.26117706,Victoria
2023-09-27 00:00:00+00:00,13.84752,0.075,0.26016667,Victoria
2023-09-28 00:00:00+00:00,14.455334,0.0,0.26012504,Victoria
2023-09-29 00:00:00+00:00,19.142834,0.0,0.25710413,Victoria
2023-09-30 00:00:00+00:00,23.33294,0.0,0.2554062,Victoria
2023-10-01 00:00:00+00:00,16.142313,0.325,0.25497916,Victoria
2023-10-02 00:00:00+00:00,24.408459,3.275,0.25359374,Victoria
2023-10-03 00:00:00+00:00,13.926687,22.825,0.28177083,Victoria
2023-10-04 00:00:00+00:00,11.314708,0.77500004,0.30883333,Victoria
2023-10-05 00:00:00+00:00,12.895959,0.55,0.3135625,Victoria
2023-10-06 00:00:00+00:00,11.207417,0.0,0.31462502,Victoria
2023-10-07 00:00:00+00:00,12.005854,0.0,0.3116771,Victoria
2023-10-08 00:00:00+00:00,14.2845,0.0,0.30571878,Victoria
2023-10-09 00:00:00+00:00,15.006895,0.0,0.30068746,Victoria
2023-10-10 00:00:00+00:00,15.057417,0.0,0.29501045,Victoria
2023-10-11 00:00:00+00:00,21.580334,0.40000004,0.28598958,Victoria
2023-10-12 00:00:00+00:00,13.250125,0.9250001,0.28399998,Victoria
2023-10-13 00:00:00+00:00,14.839708,0.1,0.28387502,Victoria
2023-10-14 00:00:00+00:00,14.221998,0.025,0.2820521,Victoria
2023-10-15 00:00:00+00:00,14.114708,1.4000001,0.28060418,Victoria
2023-10-16 00:00:00+00:00,11.9350195,0.025,0.27898955,Victoria
2023-10-17 00:00:00+00:00,13.860021,0.0,0.27573955,Victoria
2023-10-18 00:00:00+00:00,17.474083,0.0,0.27010417,Victoria
2023-10-19 00:00:00+00:00,20.562105,0.0,0.26461455,Victoria
2023-10-20 00:00:00+00:00,22.83502,0.0,0.2578125,Victoria
2023-10-21 00:00:00+00:00,15.199604,0.05,0.25586456,Victoria
2023-10-22 00:00:00+00:00,12.565748,0.0,0.2541667,Victoria
2023-10-23 00:00:00+00:00,17.220959,0.175,0.25076044,Victoria
2023-10-24 00:00:00+00:00,15.21575,0.90000004,0.24819794,Victoria
2023-10-25 00:00:00+00:00,10.8829365,0.525,0.24981251,Victoria
2023-10-26 00:00:00+00:00,12.570959,0.0,0.25079164,Victoria
2023-10-27 00:00:00+00:00,15.894396,0.0,0.24782297,Victoria
2023-10-28 00:00:00+00:00,18.10221,0.0,0.24416664,Victoria
2023-10-29 00:00:00+00:00,21.047,0.125,0.24231246,Victoria
2023-10-30 00:00:00+00:00,16.323563,0.025,0.24054167,Victoria
2023-10-31 00:00:00+00:00,13.957937,0.0,0.23996872,Victoria
2023-11-01 00:00:00+00:00,15.286584,0.0,0.23588541,Victoria
2023-11-02 00:00:00+00:00,17.107416,0.0,0.23411459,Victoria
2023-11-03 00:00:00+00:00,17.24075,0.0,0.23191664,Victoria
2023-11-04 00:00:00+00:00,17.700125,0.0,0.22975005,Victoria
2023-11-05 00:00:00+00:00,22.393353,0.0,0.23073958,Victoria
2023-11-06 00:00:00+00:00,24.281376,0.0,0.2306354,Victoria
2023-11-07 00:00:00+00:00,24.555857,0.3,0.22660416,Victoria
2023-11-08 00:00:00+00:00,23.016792,0.375,0.2248229,Victoria
2023-11-09 00:00:00+00:00,22.843876,0.0,0.22706252,Victoria
2023-11-10 00:00:00+00:00,29.661062,0.0,0.22339587,Victoria
2023-11-11 00:00:00+00:00,20.949083,0.0,0.22107291,Victoria
2023-11-12 00:00:00+00:00,17.410542,0.0,0.21943748,Victoria
2023-11-13 00:00:00+00:00,19.349081,1.5999999,0.2182187,Victoria
2023-11-14 00:00:00+00:00,16.304293,0.4,0.2165833,Victoria
2023-11-15 00:00:00+00:00,19.3845,0.0,0.21498959,Victoria
2023-11-16 00:00:00+00:00,16.952208,0.0,0.21434376,Victoria
2023-11-17 00:00:00+00:00,17.67877,0.0,0.21431252,Victoria
2023-11-18 00:00:00+00:00,20.855854,0.0,0.21427083,Victoria
2023-11-19 00:00:00+00:00,24.052729,0.0,0.214375,Victoria
2023-11-20 00:00:00+00:00,24.769396,0.05,0.21403123,Victoria
2023-11-21 00:00:00+00:00,22.584501,1.8499999,0.21446875,Victoria
2023-11-22 00:00:00+00:00,22.446999,0.55,0.21520835,Victoria
2023-11-23 00:00:00+00:00,23.098042,15.400001,0.2199375,Victoria
2023-11-24 00:00:00+00:00,19.807417,8.875,0.26004165,Victoria
2023-11-25 00:00:00+00:00,19.280333,0.70000005,0.27427083,Victoria
2023-11-26 00:00:00+00:00,17.968874,0.075,0.27510417,Victoria
2023-11-27 00:00:00+00:00,20.108978,0.22500001,0.2722396,Victoria
2023-11-28 00:00:00+00:00,19.592312,21.45,0.2834479,Victoria
2023-11-29 00:00:00+00:00,18.489187,4.175,0.34166664,Victoria
2023-11-30 00:00:00+00:00,18.583979,0.25,0.34566668,Victoria
2023-12-01 00:00:00+00:00,19.992311,0.15,0.33822918,Victoria
2023-12-02 00:00:00+00:00,18.085543,0.625,0.33031255,Victoria
2023-12-03 00:00:00+00:00,19.777208,0.0,0.31933337,Victoria
2023-12-04 00:00:00+00:00,25.952208,0.0,0.30289584,Victoria
2023-12-05 00:00:00+00:00,24.805857,0.0,0.29003125,Victoria
2023-12-06 00:00:00+00:00,24.30377,0.425,0.27980208,Victoria
2023-12-07 00:00:00+00:00,25.731895,0.725,0.27386463,Victoria
2023-12-08 00:00:00+00:00,29.282938,1.625,0.26801044,Victoria
2023-12-09 00:00:00+00:00,19.807419,1.95,0.26657292,Victoria
2023-12-10 00:00:00+00:00,24.898563,0.95000005,0.26859376,Victoria
2023-12-11 00:00:00+00:00,28.6345,0.0,0.2766146,Victoria
2023-12-12 00:00:00+00:00,30.06575,0.75,0.27486455,Victoria
2023-12-13 00:00:00+00:00,25.126163,0.675,0.26855212,Victoria
2023-12-14 00:00:00+00:00,20.326687,0.0,0.2652917,Victoria
2023-12-15 00:00:00+00:00,19.65377,0.0,0.26181248,Victoria
2023-12-16 00:00:00+00:00,19.068874,0.0,0.2594583,Victoria
2023-12-17 00:00:00+00:00,23.607416,0.0,0.25522915,Victoria
2023-12-18 00:00:00+00:00,25.720959,5.825,0.25368756,Victoria
2023-12-19 00:00:00+00:00,17.662624,0.675,0.25274998,Victoria
2023-12-20 00:00:00+00:00,19.251686,0.0,0.25153124,Victoria
2023-12-21 00:00:00+00:00,23.139708,0.025,0.25008333,Victoria
2023-12-22 00:00:00+00:00,23.662624,0.0,0.24664588,Victoria
2023-12-23 00:00:00+00:00,23.67773,0.79999995,0.24445832,Victoria
2023-12-24 00:00:00+00:00,20.40325,24.675001,0.2541354,Victoria
2023-12-25 00:00:00+00:00,17.195957,9.275,0.31005207,Victoria
2023-12-26 00:00:00+00:00,19.960543,0.57500005,0.31782293,Victoria
2023-12-27 00:00:00+00:00,22.118876,0.375,0.31647915,Victoria
2023-12-28 00:00:00+00:00,21.698044,1.65,0.31071874,Victoria
2023-12-29 00:00:00+00:00,18.579292,1.025,0.31512493,Victoria
2023-12-30 00:00:00+00:00,17.223042,0.0,0.31127083,Victoria
2023-12-31 00:00:00+00:00,20.809502,0.0,0.30330208,Victoria
2022-01-01 00:00:00+00:00,26.263874,0.125,0.14325,South Australia
2022-01-02 00:00:00+00:00,21.934189,0.0,0.14446878,South Australia
2022-01-03 00:00:00+00:00,18.883667,0.0,0.14312497,South Australia
2022-01-04 00:00:00+00:00,18.028458,0.0,0.14138542,South Australia
2022-01-05 00:00:00+00:00,17.62377,0.40000007,0.14028125,South Australia
2022-01-06 00:00:00+00:00,17.330542,1.9499998,0.13748959,South Australia
2022-01-07 00:00:00+00:00,16.947208,0.8000001,0.13825001,South Australia
2022-01-08 00:00:00+00:00,18.709187,0.15,0.14036457,South Australia
2022-01-09 00:00:00+00:00,25.94304,0.0,0.14071876,South Australia
2022-01-10 00:00:00+00:00,28.269083,0.025,0.13992707,South Australia
2022-01-11 00:00:00+00:00,25.86648,0.0,0.1371979,South Australia
2022-01-12 00:00:00+00:00,22.859709,0.05,0.13506249,South Australia
2022-01-13 00:00:00+00:00,20.596167,0.0,0.13808332,South Australia
2022-01-14 00:00:00+00:00,21.037312,0.0,0.13920833,South Australia
2022-01-15 00:00:00+00:00,24.612833,0.0,0.13786462,South Australia
2022-01-16 00:00:00+00:00,21.787313,2.075,0.13828126,South Australia
2022-01-17 00:00:00+00:00,19.285229,0.6,0.13761461,South Australia
2022-01-18 00:00:00+00:00,18.903978,0.025,0.1381875,South Australia
2022-01-19 00:00:00+00:00,23.120644,0.075,0.13880208,South Australia
2022-01-20 00:00:00+00:00,26.953457,3.7999997,0.14156248,South Australia
2022-01-21 00:00:00+00:00,26.413876,15.849999,0.17296875,South Australia
2022-01-22 00:00:00+00:00,21.750853,25.850002,0.22912501,South Australia
2022-01-23 00:00:00+00:00,21.629501,14.65,0.31810418,South Australia
2022-01-24 00:00:00+00:00,22.23523,8.875,0.3491354,South Australia
2022-01-25 00:00:00+00:00,22.986792,2.0749998,0.33085418,South Australia
2022-01-26 00:00:00+00:00,25.44773,0.375,0.30893752,South Australia
2022-01-27 00:00:00+00:00,24.508667,5.8000007,0.29394794,South Australia
2022-01-28 00:00:00+00:00,20.971167,0.87500006,0.27650005,South Australia
2022-01-29 00:00:00+00:00,22.000854,0.25,0.26342708,South Australia
2022-01-30 00:00:00+00:00,24.438354,0.025,0.25009373,South Australia
2022-01-31 00:00:00+00:00,24.268564,2.075,0.23642713,South Australia
2022-02-01 00:00:00+00:00,17.35867,0.025,0.22934374,South Australia
2022-02-02 00:00:00+00:00,16.495646,0.0,0.22229166,South Australia
2022-02-03 00:00:00+00:00,17.340437,0.025,0.2175208,South Australia
2022-02-04 00:00:00+00:00,19.379501,0.0,0.20979165,South Australia
2022-02-05 00:00:00+00:00,22.934187,0.0,0.20477083,South Australia
2022-02-06 00:00:00+00:00,24.51127,0.0,0.19834375,South Australia
2022-02-07 00:00:00+00:00,25.919085,0.0,0.1934792,South Australia
2022-02-08 00:00:00+00:00,20.96648,3.9500003,0.1899271,South Australia
2022-02-09 00:00:00+00:00,18.666481,0.1,0.18937501,South Australia
2022-02-10 00:00:00+00:00,18.534187,0.0,0.18694793,South Australia
2022-02-11 00:00:00+00:00,19.645645,0.0,0.18202081,South Australia
2022-02-12 00:00:00+00:00,23.46179,0.0,0.1784271,South Australia
2022-02-13 00:00:00+00:00,25.294605,0.025,0.17448959,South Australia
2022-02-14 00:00:00+00:00,24.700335,0.325,0.17151043,South Australia
2022-02-15 00:00:00+00:00,21.419085,13.7,0.17246877,South Australia
2022-02-16 00:00:00+00:00,19.046165,4.8500004,0.18729165,South Australia
2022-02-17 00:00:00+00:00,17.43106,0.2,0.1928125,South Australia
2022-02-18 00:00:00+00:00,17.212833,0.05,0.19052081,South Australia
2022-02-19 00:00:00+00:00,18.119083,0.0,0.18784375,South Australia
2022-02-20 00:00:00+00:00,16.874811,0.25,0.19013543,South Australia
2022-02-21 00:00:00+00:00,16.034708,0.025,0.18936457,South Australia
2022-02-22 00:00:00+00:00,19.663355,0.0,0.18635416,South Australia
2022-02-23 00:00:00+00:00,23.551374,0.0,0.1825104,South Australia
2022-02-24 00:00:00+00:00,22.48679,0.0,0.17849998,South Australia
2022-02-25 00:00:00+00:00,21.657625,0.0,0.17501041,South Australia
2022-02-26 00:00:00+00:00,22.899292,0.0,0.1735625,South Australia
2022-02-27 00:00:00+00:00,22.463875,1.1500001,0.17039582,South Australia
2022-02-28 00:00:00+00:00,20.1545,1.7499999,0.17239584,South Australia
2022-03-01 00:00:00+00:00,19.630543,0.525,0.17292711,South Australia
2022-03-02 00:00:00+00:00,22.321688,0.0,0.17314583,South Australia
2022-03-03 00:00:00+00:00,24.860228,0.05,0.17186457,South Australia
2022-03-04 00:00:00+00:00,19.003979,0.625,0.17101043,South Australia
2022-03-05 00:00:00+00:00,18.026896,0.475,0.16891669,South Australia
2022-03-06 00:00:00+00:00,17.168564,0.05,0.16825,South Australia
2022-03-07 00:00:00+00:00,17.58523,0.025,0.1695,South Australia
2022-03-08 00:00:00+00:00,16.615438,0.05,0.1665104,South Australia
2022-03-09 00:00:00+00:00,17.035748,0.0,0.164375,South Australia
2022-03-10 00:00:00+00:00,17.725855,0.0,0.16355209,South Australia
2022-03-11 00:00:00+00:00,19.538876,0.0,0.16107291,South Australia
2022-03-12 00:00:00+00:00,22.143044,0.0,0.15890625,South Australia
2022-03-13 00:00:00+00:00,25.275854,0.025,0.15608333,South Australia
2022-03-14 00:00:00+00:00,25.283144,0.5,0.15352085,South Australia
2022-03-15 00:00:00+00:00,24.68002,0.75,0.15085417,South Australia
2022-03-16 00:00:00+00:00,21.792,3.875,0.15100001,South Australia
2022-03-17 00:00:00+00:00,22.28523,0.025,0.15422918,South Australia
2022-03-18 00:00:00+00:00,21.786793,0.0,0.1535938,South Australia
2022-03-19 00:00:00+00:00,24.65502,0.0,0.1549375,South Australia
2022-03-20 00:00:00+00:00,22.500854,0.0,0.1536042,South Australia
2022-03-21 00:00:00+00:00,22.406063,0.475,0.15907294,South Australia
2022-03-22 00:00:00+00:00,17.633146,2.075,0.16067709,South Australia
2022-03-23 00:00:00+00:00,16.49148,0.2,0.16130209,South Australia
2022-03-24 00:00:00+00:00,16.051897,0.025,0.16422917,South Australia
2022-03-25 00:00:00+00:00,16.39981,0.0,0.16226043,South Australia
2022-03-26 00:00:00+00:00,19.614395,0.0,0.16361459,South Australia
2022-03-27 00:00:00+00:00,22.123772,0.0,0.1600625,South Australia
2022-03-28 00:00:00+00:00,20.134186,0.0,0.15789583,South Australia
2022-03-29 00:00:00+00:00,18.496689,0.025,0.15558332,South Australia
2022-03-30 00:00:00+00:00,16.035751,0.075,0.15301041,South Australia
2022-03-31 00:00:00+00:00,15.331061,0.025,0.15161459,South Australia
2022-04-01 00:00:00+00:00,15.906584,0.0,0.15051043,South Australia
2022-04-02 00:00:00+00:00,15.821688,0.0,0.14969791,South Australia
2022-04-03 00:00:00+00:00,16.368042,0.0,0.15054168,South Australia
2022-04-04 00:00:00+00:00,17.822208,0.0,0.15026042,South Australia
2022-04-05 00:00:00+00:00,18.282625,4.8,0.14986461,South Australia
2022-04-06 00:00:00+00:00,16.478458,0.125,0.15052085,South Australia
2022-04-07 00:00:00+00:00,16.76023,0.0,0.15197918,South Australia
2022-04-08 00:00:00+00:00,18.671686,0.0,0.15380208,South Australia
2022-04-09 00:00:00+00:00,21.193043,0.0,0.1525104,South Australia
2022-04-10 00:00:00+00:00,20.532104,0.125,0.15069792,South Australia
2022-04-11 00:00:00+00:00,18.357103,0.0,0.15171875,South Australia
2022-04-12 00:00:00+00:00,18.31804,0.1,0.15112498,South Australia
2022-04-13 00:00:00+00:00,20.391478,1.075,0.1536146,South Australia
2022-04-14 00:00:00+00:00,18.79773,2.35,0.15191667,South Australia
2022-04-15 00:00:00+00:00,19.643562,0.0,0.1551979,South Australia
2022-04-16 00:00:00+00:00,21.669603,0.0,0.15960415,South Australia
2022-04-17 00:00:00+00:00,17.975853,5.175,0.16021875,South Australia
2022-04-18 00:00:00+00:00,13.751375,4.4999995,0.16190624,South Australia
2022-04-19 00:00:00+00:00,14.101896,0.22500001,0.17609376,South Australia
2022-04-20 00:00:00+00:00,14.707624,0.45000002,0.1801875,South Australia
2022-04-21 00:00:00+00:00,14.076895,0.125,0.18081248,South Australia
2022-04-22 00:00:00+00:00,13.377937,0.025,0.17936458,South Australia
2022-04-23 00:00:00+00:00,15.996166,0.05,0.17840621,South Australia
2022-04-24 00:00:00+00:00,17.79252,2.6249998,0.17573959,South Australia
2022-04-25 00:00:00+00:00,17.645645,7.7499995,0.17615625,South Australia
2022-04-26 00:00:00+00:00,15.421167,3.2000005,0.18911459,South Australia
2022-04-27 00:00:00+00:00,17.901375,0.25,0.19686459,South Australia
2022-04-28 00:00:00+00:00,19.62273,0.2,0.19658333,South Australia
2022-04-29 00:00:00+00:00,15.067521,2.225,0.20081252,South Australia
2022-04-30 00:00:00+00:00,13.68002,0.125,0.20586461,South Australia
2022-05-01 00:00:00+00:00,14.122729,0.05,0.20447916,South Australia
2022-05-02 00:00:00+00:00,14.309187,0.0,0.2018958,South Australia
2022-05-03 00:00:00+00:00,15.529499,0.875,0.19729167,South Australia
2022-05-04 00:00:00+00:00,10.261792,1.9000001,0.1948542,South Australia
2022-05-05 00:00:00+00:00,9.467,0.9499999,0.19584376,South Australia
2022-05-06 00:00:00+00:00,9.297209,0.525,0.19783336,South Australia
2022-05-07 00:00:00+00:00,10.440437,0.025,0.19896878,South Australia
2022-05-08 00:00:00+00:00,11.3446045,0.125,0.19746874,South Australia
2022-05-09 00:00:00+00:00,11.336791,0.0,0.19504166,South Australia
2022-05-10 00:00:00+00:00,12.524291,0.0,0.19231248,South Australia
2022-05-11 00:00:00+00:00,13.93575,0.725,0.18929169,South Australia
2022-05-12 00:00:00+00:00,13.744605,0.62500006,0.18801042,South Australia
2022-05-13 00:00:00+00:00,17.352415,0.70000005,0.18762502,South Australia
2022-05-14 00:00:00+00:00,15.190437,0.15,0.18661459,South Australia
2022-05-15 00:00:00+00:00,14.23627,0.7250001,0.18594791,South Australia
2022-05-16 00:00:00+00:00,12.040958,0.25,0.18493749,South Australia
2022-05-17 00:00:00+00:00,11.409708,0.17500001,0.18286459,South Australia
2022-05-18 00:00:00+00:00,11.399812,0.0,0.18213542,South Australia
2022-05-19 00:00:00+00:00,11.084187,0.0,0.1821771,South Australia
2022-05-20 00:00:00+00:00,10.449292,0.0,0.18111458,South Australia
2022-05-21 00:00:00+00:00,12.0477295,0.0,0.17872915,South Australia
2022-05-22 00:00:00+00:00,13.889396,0.05,0.17733334,South Australia
2022-05-23 00:00:00+00:00,15.169084,0.05,0.17601043,South Australia
2022-05-24 00:00:00+00:00,15.659709,6.0,0.1759167,South Australia
2022-05-25 00:00:00+00:00,13.897728,1.2,0.18392709,South Australia
2022-05-26 00:00:00+00:00,12.041479,0.47500002,0.1863958,South Australia
2022-05-27 00:00:00+00:00,11.593041,0.65,0.18787499,South Australia
2022-05-28 00:00:00+00:00,10.649291,0.925,0.18943748,South Australia
2022-05-29 00:00:00+00:00,11.644083,23.45,0.20495833,South Australia
2022-05-30 00:00:00+00:00,11.170124,4.6500006,0.23671874,South Australia
2022-05-31 00:00:00+00:00,9.683667,0.7,0.24768752,South Australia
2022-06-01 00:00:00+00:00,9.233146,0.1,0.2534271,South Australia
2022-06-02 00:00:00+00:00,9.947208,0.47500002,0.25576043,South Australia
2022-06-03 00:00:00+00:00,11.077417,2.1249998,0.25760418,South Australia
2022-06-04 00:00:00+00:00,11.414396,6.4249997,0.2635104,South Australia
2022-06-05 00:00:00+00:00,8.724292,6.95,0.2843229,South Australia
2022-06-06 00:00:00+00:00,9.5789795,1.2750001,0.29033333,South Australia
2022-06-07 00:00:00+00:00,8.938875,0.45000002,0.29102084,South Australia
2022-06-08 00:00:00+00:00,8.270646,0.17500001,0.2885729,South Australia
2022-06-09 00:00:00+00:00,9.457104,0.3,0.285375,South Australia
2022-06-10 00:00:00+00:00,10.0268955,0.25,0.28201038,South Australia
2022-06-11 00:00:00+00:00,9.183146,0.15,0.27873954,South Australia
2022-06-12 00:00:00+00:00,8.509708,0.0,0.2747917,South Australia
2022-06-13 00:00:00+00:00,10.155541,0.35,0.27061456,South Australia
2022-06-14 00:00:00+00:00,12.930542,3.6249998,0.26790628,South Australia
2022-06-15 00:00:00+00:00,12.004499,1.3000001,0.2681146,South Australia
2022-06-16 00:00:00+00:00,10.287834,0.65000004,0.26832289,South Australia
2022-06-17 00:00:00+00:00,10.076375,0.025,0.26539582,South Australia
2022-06-18 00:00:00+00:00,11.919603,1.1999999,0.2619687,South Australia
2022-06-19 00:00:00+00:00,12.07898,0.95,0.26311457,South Australia
2022-06-20 00:00:00+00:00,11.0737705,0.875,0.26491672,South Australia
2022-06-21 00:00:00+00:00,12.16127,0.82500005,0.2644271,South Australia
2022-06-22 00:00:00+00:00,11.438874,0.17500001,0.26393747,South Australia
2022-06-23 00:00:00+00:00,13.895646,0.40000004,0.26064587,South Australia
2022-06-24 00:00:00+00:00,11.196688,0.425,0.25842705,South Australia
2022-06-25 00:00:00+00:00,10.550334,0.275,0.2568854,South Australia
2022-06-26 00:00:00+00:00,9.0789795,0.275,0.25634375,South Australia
2022-06-27 00:00:00+00:00,7.3185625,0.0,0.25478122,South Australia
2022-06-28 00:00:00+00:00,9.276376,0.35,0.25195837,South Australia
2022-06-29 00:00:00+00:00,9.777938,0.3,0.25124997,South Australia
2022-06-30 00:00:00+00:00,9.532625,0.225,0.2506979,South Australia
2022-07-01 00:00:00+00:00,8.8914795,0.2,0.24970834,South Australia
2022-07-02 00:00:00+00:00,7.68575,0.375,0.24928121,South Australia
2022-07-03 00:00:00+00:00,7.993562,0.125,0.2500208,South Australia
2022-07-04 00:00:00+00:00,8.492,0.025,0.24951044,South Australia
2022-07-05 00:00:00+00:00,7.66075,0.0,0.24800001,South Australia
2022-07-06 00:00:00+00:00,9.020125,0.025,0.24533331,South Australia
2022-07-07 00:00:00+00:00,8.792,0.125,0.24406245,South Australia
2022-07-08 00:00:00+00:00,8.786271,0.15,0.24369791,South Australia
2022-07-09 00:00:00+00:00,7.3550205,0.05,0.24276043,South Australia
2022-07-10 00:00:00+00:00,9.206584,0.425,0.24191669,South Australia
2022-07-11 00:00:00+00:00,8.5112705,3.6499996,0.24227081,South Australia
2022-07-12 00:00:00+00:00,8.8810625,0.6,0.2423958,South Australia
2022-07-13 00:00:00+00:00,7.727416,0.32500002,0.24235418,South Australia
2022-07-14 00:00:00+00:00,7.5909586,0.05,0.2423229,South Australia
2022-07-15 00:00:00+00:00,10.407625,0.6,0.24123955,South Australia
2022-07-16 00:00:00+00:00,12.0998125,1.6249999,0.23732294,South Australia
2022-07-17 00:00:00+00:00,9.1414795,1.3499999,0.23751043,South Australia
2022-07-18 00:00:00+00:00,7.8607497,0.275,0.23996878,South Australia
2022-07-19 00:00:00+00:00,7.505021,0.075,0.23971874,South Australia
2022-07-20 00:00:00+00:00,7.730541,0.2,0.23921873,South Australia
2022-07-21 00:00:00+00:00,11.172208,0.0,0.23766665,South Australia
2022-07-22 00:00:00+00:00,11.634187,0.675,0.23627086,South Australia
2022-07-23 00:00:00+00:00,11.149813,0.47500002,0.23344791,South Australia
2022-07-24 00:00:00+00:00,13.812312,4.8,0.23388544,South Australia
2022-07-25 00:00:00+00:00,9.791479,0.65000004,0.2380625,South Australia
2022-07-26 00:00:00+00:00,9.002937,0.05,0.24164581,South Australia
2022-07-27 00:00:00+00:00,8.545125,0.0,0.24120833,South Australia
2022-07-28 00:00:00+00:00,9.277937,0.0,0.23719789,South Australia
2022-07-29 00:00:00+00:00,9.86075,0.0,0.23528121,South Australia
2022-07-30 00:00:00+00:00,11.559709,2.9999998,0.23694791,South Australia
2022-07-31 00:00:00+00:00,9.208667,1.4000001,0.24058335,South Australia
2022-08-01 00:00:00+00:00,9.837313,0.1,0.24214582,South Australia
2022-08-02 00:00:00+00:00,12.111792,4.275,0.2463125,South Australia
2022-08-03 00:00:00+00:00,14.8602295,0.025,0.24663544,South Australia
2022-08-04 00:00:00+00:00,11.931062,8.750001,0.25273958,South Australia
2022-08-05 00:00:00+00:00,9.957105,2.3999996,0.26153123,South Australia
2022-08-06 00:00:00+00:00,8.754499,3.6,0.26364583,South Australia
2022-08-07 00:00:00+00:00,8.727416,0.375,0.26164585,South Australia
2022-08-08 00:00:00+00:00,9.149291,0.0,0.25833333,South Australia
2022-08-09 00:00:00+00:00,12.543563,1.6999999,0.25231248,South Australia
2022-08-10 00:00:00+00:00,10.597209,3.175,0.25397918,South Australia
2022-08-11 00:00:00+00:00,10.721688,3.725,0.2608229,South Australia
2022-08-12 00:00:00+00:00,9.226896,3.5499997,0.26423955,South Australia
2022-08-13 00:00:00+00:00,9.222729,3.4250002,0.26591668,South Australia
2022-08-14 00:00:00+00:00,9.876897,1.2750001,0.2667604,South Australia
2022-08-15 00:00:00+00:00,9.76075,5.700001,0.27345833,South Australia
2022-08-16 00:00:00+00:00,11.081583,0.025,0.2767917,South Australia
2022-08-17 00:00:00+00:00,14.240957,3.4999998,0.27423954,South Australia
2022-08-18 00:00:00+00:00,9.711792,8.25,0.27821872,South Australia
2022-08-19 00:00:00+00:00,11.27273,1.4499999,0.2808542,South Australia
2022-08-20 00:00:00+00:00,10.045646,0.8,0.2806458,South Australia
2022-08-21 00:00:00+00:00,11.4956455,0.22500001,0.2788438,South Australia
2022-08-22 00:00:00+00:00,8.632626,8.3,0.2840833,South Australia
2022-08-23 00:00:00+00:00,8.328459,0.42500004,0.29037496,South Australia
2022-08-24 00:00:00+00:00,9.089916,0.47500002,0.29004163,South Australia
2022-08-25 00:00:00+00:00,10.015959,0.82500005,0.28786463,South Australia
2022-08-26 00:00:00+00:00,11.171167,0.875,0.28545833,South Australia
2022-08-27 00:00:00+00:00,12.792521,0.075,0.28019792,South Australia
2022-08-28 00:00:00+00:00,14.870125,0.8,0.27345836,South Australia
2022-08-29 00:00:00+00:00,10.270646,2.0,0.27117705,South Australia
2022-08-30 00:00:00+00:00,8.107104,0.25,0.27331248,South Australia
2022-08-31 00:00:00+00:00,9.3133545,0.22500001,0.27092704,South Australia
2022-09-01 00:00:00+00:00,9.847208,0.325,0.26835415,South Australia
2022-09-02 00:00:00+00:00,8.134707,0.075,0.2648855,South Australia
2022-09-03 00:00:00+00:00,9.208146,0.17500001,0.2619896,South Australia
2022-09-04 00:00:00+00:00,9.793563,0.0,0.2589688,South Australia
2022-09-05 00:00:00+00:00,10.233667,0.0,0.2555208,South Australia
2022-09-06 00:00:00+00:00,13.553979,1.525,0.25054163,South Australia
2022-09-07 00:00:00+00:00,12.090437,11.6,0.26667708,South Australia
2022-09-08 00:00:00+00:00,12.2508545,6.5999994,0.29353127,South Australia
2022-09-09 00:00:00+00:00,10.451375,3.875,0.30720833,South Australia
2022-09-10 00:00:00+00:00,9.579499,0.125,0.30777082,South Australia
2022-09-11 00:00:00+00:00,9.868563,0.075,0.30197915,South Australia
2022-09-12 00:00:00+00:00,10.775854,0.15,0.2958229,South Australia
2022-09-13 00:00:00+00:00,15.662312,4.0249996,0.28788543,South Australia
2022-09-14 00:00:00+00:00,12.855541,5.1,0.29463542,South Australia
2022-09-15 00:00:00+00:00,12.394604,2.325,0.2996458,South Australia
2022-09-16 00:00:00+00:00,10.685228,4.725,0.30676043,South Australia
2022-09-17 00:00:00+00:00,11.113355,1.3499999,0.30974996,South Australia
2022-09-18 00:00:00+00:00,10.576896,0.425,0.30633333,South Australia
2022-09-19 00:00:00+00:00,14.628979,0.075,0.29989585,South Australia
2022-09-20 00:00:00+00:00,13.594604,17.074999,0.31267712,South Australia
2022-09-21 00:00:00+00:00,11.555021,1.85,0.34148958,South Australia
2022-09-22 00:00:00+00:00,12.876895,0.025,0.33145833,South Australia
2022-09-23 00:00:00+00:00,11.03575,2.225,0.32493752,South Australia
2022-09-24 00:00:00+00:00,12.521168,0.1,0.31622916,South Australia
2022-09-25 00:00:00+00:00,13.763354,5.5,0.31551042,South Australia
2022-09-26 00:00:00+00:00,11.062833,1.0749999,0.31361455,South Australia
2022-09-27 00:00:00+00:00,9.943042,0.15,0.31118748,South Australia
2022-09-28 00:00:00+00:00,10.492,0.17500001,0.3074271,South Australia
2022-09-29 00:00:00+00:00,10.954499,0.20000002,0.3021146,South Australia
2022-09-30 00:00:00+00:00,12.641999,0.0,0.29517707,South Australia
2022-10-01 00:00:00+00:00,15.165438,0.025,0.2860104,South Australia
2022-10-02 00:00:00+00:00,16.969082,0.05,0.27695835,South Australia
2022-10-03 00:00:00+00:00,16.078459,9.475,0.27183336,South Australia
2022-10-04 00:00:00+00:00,14.534708,13.500001,0.3155625,South Australia
2022-10-05 00:00:00+00:00,15.362311,0.45000002,0.32429165,South Australia
2022-10-06 00:00:00+00:00,16.244083,2.425,0.31590626,South Australia
2022-10-07 00:00:00+00:00,11.064396,0.4,0.31296876,South Australia
2022-10-08 00:00:00+00:00,9.342522,0.825,0.30813533,South Australia
2022-10-09 00:00:00+00:00,11.890438,0.0,0.3000208,South Australia
2022-10-10 00:00:00+00:00,16.667,0.075,0.2910938,South Australia
2022-10-11 00:00:00+00:00,16.946167,2.45,0.28033334,South Australia
2022-10-12 00:00:00+00:00,12.514916,13.0,0.28702086,South Australia
2022-10-13 00:00:00+00:00,11.431583,4.4999995,0.31531245,South Australia
2022-10-14 00:00:00+00:00,11.685228,0.4,0.31707293,South Australia
2022-10-15 00:00:00+00:00,12.671686,0.05,0.310125,South Australia
2022-10-16 00:00:00+00:00,14.36752,0.025,0.29987505,South Australia
2022-10-17 00:00:00+00:00,16.759708,5.25,0.29368752,South Australia
2022-10-18 00:00:00+00:00,15.455541,1.075,0.30054164,South Australia
2022-10-19 00:00:00+00:00,16.03627,0.95,0.298,South Australia
2022-10-20 00:00:00+00:00,16.059189,3.95,0.29216668,South Australia
2022-10-21 00:00:00+00:00,17.008146,1.425,0.2864062,South Australia
2022-10-22 00:00:00+00:00,16.43679,8.174999,0.28622916,South Australia
2022-10-23 00:00:00+00:00,13.95502,8.475,0.30434373,South Australia
2022-10-24 00:00:00+00:00,14.305021,1.9499998,0.3185521,South Australia
2022-10-25 00:00:00+00:00,14.596167,1.7,0.31354165,South Australia
2022-10-26 00:00:00+00:00,13.668041,1.1250001,0.31218752,South Australia
2022-10-27 00:00:00+00:00,12.973771,1.2,0.30672914,South Australia
2022-10-28 00:00:00+00:00,12.37325,0.175,0.29896876,South Australia
2022-10-29 00:00:00+00:00,14.499292,1.1,0.29035416,South Australia
2022-10-30 00:00:00+00:00,17.305542,6.3499994,0.29295832,South Australia
2022-10-31 00:00:00+00:00,9.497729,16.275002,0.3176354,South Australia
2022-11-01 00:00:00+00:00,9.583667,4.8999996,0.3395625,South Australia
2022-11-02 00:00:00+00:00,11.063354,1.7749999,0.33708334,South Australia
2022-11-03 00:00:00+00:00,11.460751,0.9,0.32955208,South Australia
2022-11-04 00:00:00+00:00,14.622728,0.05,0.3192396,South Australia
2022-11-05 00:00:00+00:00,17.99148,0.0,0.30760416,South Australia
2022-11-06 00:00:00+00:00,19.643042,0.025,0.29411462,South Australia
2022-11-07 00:00:00+00:00,22.115438,0.0,0.28098962,South Australia
2022-11-08 00:00:00+00:00,23.159708,0.075,0.26839584,South Australia
2022-11-09 00:00:00+00:00,21.251896,1.825,0.25939584,South Australia
2022-11-10 00:00:00+00:00,16.815437,0.125,0.25580207,South Australia
2022-11-11 00:00:00+00:00,19.374813,6.0250006,0.25235415,South Australia
2022-11-12 00:00:00+00:00,18.40398,15.874999,0.27517706,South Australia
2022-11-13 00:00:00+00:00,14.25502,6.6250005,0.27213544,South Australia
2022-11-14 00:00:00+00:00,11.739916,1.2249999,0.2831771,South Australia
2022-11-15 00:00:00+00:00,10.944083,0.275,0.28145838,South Australia
2022-11-16 00:00:00+00:00,12.2664795,0.05,0.27560413,South Australia
2022-11-17 00:00:00+00:00,17.220646,0.3,0.26752084,South Australia
2022-11-18 00:00:00+00:00,18.56752,16.925,0.27319792,South Australia
2022-11-19 00:00:00+00:00,14.982624,4.424999,0.28652084,South Australia
2022-11-20 00:00:00+00:00,12.558145,1.075,0.2866354,South Australia
2022-11-21 00:00:00+00:00,11.840438,0.2,0.28373957,South Australia
2022-11-22 00:00:00+00:00,12.252417,0.35000002,0.27985412,South Australia
2022-11-23 00:00:00+00:00,14.251897,0.1,0.27468747,South Australia
2022-11-24 00:00:00+00:00,18.221165,0.0,0.2666562,South Australia
2022-11-25 00:00:00+00:00,24.20033,0.075,0.25473958,South Australia
2022-11-26 00:00:00+00:00,17.768042,2.025,0.2488125,South Australia
2022-11-27 00:00:00+00:00,14.562312,0.4,0.24784374,South Australia
2022-11-28 00:00:00+00:00,13.525333,0.22500001,0.24447924,South Australia
2022-11-29 00:00:00+00:00,14.656062,0.0,0.23867707,South Australia
2022-11-30 00:00:00+00:00,15.977417,0.0,0.2323125,South Australia
2022-12-01 00:00:00+00:00,18.640959,0.0,0.22547914,South Australia
2022-12-02 00:00:00+00:00,21.895645,0.0,0.21879168,South Australia
2022-12-03 00:00:00+00:00,25.427933,0.0,0.2107604,South Australia
2022-12-04 00:00:00+00:00,21.858147,0.525,0.20367706,South Australia
2022-12-05 00:00:00+00:00,16.78002,1.6999998,0.19836457,South Australia
2022-12-06 00:00:00+00:00,18.827417,3.1500003,0.19833335,South Australia
2022-12-07 00:00:00+00:00,14.1414795,0.025,0.20152083,South Australia
2022-12-08 00:00:00+00:00,15.520124,1.15,0.1980729,South Australia
2022-12-09 00:00:00+00:00,21.06752,0.0,0.19380212,South Australia
2022-12-10 00:00:00+00:00,23.270123,1.15,0.1872396,South Australia
2022-12-11 00:00:00+00:00,15.93627,1.625,0.18563542,South Australia
2022-12-12 00:00:00+00:00,13.9795,0.425,0.1868229,South Australia
2022-12-13 00:00:00+00:00,13.463355,0.25,0.18672916,South Australia
2022-12-14 00:00:00+00:00,14.133146,0.075,0.18503127,South Australia
2022-12-15 00:00:00+00:00,14.993042,0.05,0.18181251,South Australia
2022-12-16 00:00:00+00:00,16.894083,0.0,0.18006253,South Australia
2022-12-17 00:00:00+00:00,20.531063,0.0,0.17720835,South Australia
2022-12-18 00:00:00+00:00,23.532104,0.0,0.17703125,South Australia
2022-12-19 00:00:00+00:00,23.43106,4.3250003,0.17627086,South Australia
2022-12-20 00:00:00+00:00,22.655022,9.55,0.17527086,South Australia
2022-12-21 00:00:00+00:00,20.451376,3.975,0.18251042,South Australia
2022-12-22 00:00:00+00:00,19.06596,0.0,0.19022918,South Australia
2022-12-23 00:00:00+00:00,18.815956,0.0,0.18576044,South Australia
2022-12-24 00:00:00+00:00,20.824812,0.0,0.18233334,South Australia
2022-12-25 00:00:00+00:00,25.375334,0.0,0.17730208,South Australia
2022-12-26 00:00:00+00:00,30.334707,0.025,0.17047916,South Australia
2022-12-27 00:00:00+00:00,28.524292,3.125,0.16480209,South Australia
2022-12-28 00:00:00+00:00,16.197208,1.5000001,0.1873646,South Australia
2022-12-29 00:00:00+00:00,17.208145,0.0,0.19643751,South Australia
2022-12-30 00:00:00+00:00,19.627417,0.0,0.1913229,South Australia
2022-12-31 00:00:00+00:00,23.914398,0.0,0.18601039,South Australia
2023-01-01 00:00:00+00:00,26.833147,0.0,0.18160415,South Australia
2023-01-02 00:00:00+00:00,20.222208,0.0,0.1793125,South Australia
2023-01-03 00:00:00+00:00,17.378979,0.0,0.17656252,South Australia
2023-01-04 00:00:00+00:00,16.850855,0.0,0.17348959,South Australia
2023-01-05 00:00:00+00:00,18.220125,0.0,0.17213541,South Australia
2023-01-06 00:00:00+00:00,23.224813,0.0,0.17003125,South Australia
2023-01-07 00:00:00+00:00,26.43627,0.0,0.16603127,South Australia
2023-01-08 00:00:00+00:00,25.415438,0.0,0.16252084,South Australia
2023-01-09 00:00:00+00:00,22.837833,0.0,0.15844792,South Australia
2023-01-10 00:00:00+00:00,23.939396,0.05,0.15587498,South Australia
2023-01-11 00:00:00+00:00,24.533665,0.6,0.1530104,South Australia
2023-01-12 00:00:00+00:00,26.31752,0.0,0.1543646,South Australia
2023-01-13 00:00:00+00:00,30.421165,0.0,0.15358333,South Australia
2023-01-14 00:00:00+00:00,23.113358,0.375,0.15057291,South Australia
2023-01-15 00:00:00+00:00,20.677418,0.65,0.1491875,South Australia
2023-01-16 00:00:00+00:00,28.402937,0.525,0.14587502,South Australia
2023-01-17 00:00:00+00:00,24.1545,3.9499998,0.14094791,South Australia
2023-01-18 00:00:00+00:00,16.462313,1.0,0.13966668,South Australia
2023-01-19 00:00:00+00:00,16.472729,0.0,0.14018749,South Australia
2023-01-20 00:00:00+00:00,18.202938,0.0,0.14319792,South Australia
2023-01-21 00:00:00+00:00,19.250334,0.0,0.14473958,South Australia
2023-01-22 00:00:00+00:00,21.140438,0.0,0.14489585,South Australia
2023-01-23 00:00:00+00:00,21.48002,0.82500005,0.14687502,South Australia
2023-01-24 00:00:00+00:00,20.749292,0.025,0.15016666,South Australia
2023-01-25 00:00:00+00:00,20.802418,0.0,0.1488646,South Australia
2023-01-26 00:00:00+00:00,22.224812,0.0,0.14953123,South Australia
2023-01-27 00:00:00+00:00,29.161793,0.325,0.14787501,South Australia
2023-01-28 00:00:00+00:00,21.262312,14.825001,0.14538541,South Australia
2023-01-29 00:00:00+00:00,19.075855,1.875,0.16969791,South Australia
2023-01-30 00:00:00+00:00,18.396168,0.1,0.17852083,South Australia
2023-01-31 00:00:00+00:00,18.662832,0.0,0.17797917,South Australia
2023-02-01 00:00:00+00:00,17.03471,0.42500004,0.1760625,South Australia
2023-02-02 00:00:00+00:00,14.787834,3.0,0.17547916,South Australia
2023-02-03 00:00:00+00:00,13.652937,1.05,0.17732291,South Australia
2023-02-04 00:00:00+00:00,15.450855,0.025,0.1792604,South Australia
2023-02-05 00:00:00+00:00,18.881062,0.0,0.17620836,South Australia
2023-02-06 00:00:00+00:00,21.271168,0.0,0.17152083,South Australia
2023-02-07 00:00:00+00:00,23.377417,0.0,0.16849999,South Australia
2023-02-08 00:00:00+00:00,25.317001,0.0,0.16468751,South Australia
2023-02-09 00:00:00+00:00,26.684187,0.0,0.15979166,South Australia
2023-02-10 00:00:00+00:00,21.12794,0.025,0.15732294,South Australia
2023-02-11 00:00:00+00:00,19.19252,0.0,0.15488541,South Australia
2023-02-12 00:00:00+00:00,17.667,0.0,0.15229167,South Australia
2023-02-13 00:00:00+00:00,17.959187,0.0,0.15038541,South Australia
2023-02-14 00:00:00+00:00,22.109188,0.0,0.14777084,South Australia
2023-02-15 00:00:00+00:00,28.117523,0.0,0.14481252,South Australia
2023-02-16 00:00:00+00:00,27.42325,0.0,0.14287499,South Australia
2023-02-17 00:00:00+00:00,21.993042,0.0,0.14164582,South Australia
2023-02-18 00:00:00+00:00,21.370647,0.0,0.1391875,South Australia
2023-02-19 00:00:00+00:00,25.168564,0.0,0.13828123,South Australia
2023-02-20 00:00:00+00:00,27.503979,0.0,0.13691667,South Australia
2023-02-21 00:00:00+00:00,28.652416,0.0,0.13594791,South Australia
2023-02-22 00:00:00+00:00,30.900852,0.0,0.13465625,South Australia
2023-02-23 00:00:00+00:00,32.62742,0.0,0.1336354,South Australia
2023-02-24 00:00:00+00:00,24.432623,7.7999997,0.13330206,South Australia
2023-02-25 00:00:00+00:00,18.502937,0.05,0.14952084,South Australia
2023-02-26 00:00:00+00:00,18.282625,0.0,0.15053126,South Australia
2023-02-27 00:00:00+00:00,18.884708,0.0,0.15282293,South Australia
2023-02-28 00:00:00+00:00,17.659708,0.125,0.15221876,South Australia
2023-03-01 00:00:00+00:00,17.442,0.05,0.15406252,South Australia
2023-03-02 00:00:00+00:00,17.56752,0.025,0.1548021,South Australia
2023-03-03 00:00:00+00:00,19.232105,0.0,0.156,South Australia
2023-03-04 00:00:00+00:00,21.947731,0.0,0.15566666,South Australia
2023-03-05 00:00:00+00:00,19.330542,0.62500006,0.15187502,South Australia
2023-03-06 00:00:00+00:00,17.423248,0.35000002,0.1513646,South Australia
2023-03-07 00:00:00+00:00,16.470123,0.89999986,0.15048957,South Australia
2023-03-08 00:00:00+00:00,15.541479,0.55,0.15211459,South Australia
2023-03-09 00:00:00+00:00,16.857105,0.2,0.15258333,South Australia
2023-03-10 00:00:00+00:00,19.696167,0.0,0.15491669,South Australia
2023-03-11 00:00:00+00:00,18.850334,0.0,0.15314583,South Australia
2023-03-12 00:00:00+00:00,17.27325,0.0,0.15286456,South Australia
2023-03-13 00:00:00+00:00,19.701374,0.0,0.15302083,South Australia
2023-03-14 00:00:00+00:00,21.808144,0.0,0.15283331,South Australia
2023-03-15 00:00:00+00:00,23.474813,0.0,0.15295835,South Australia
2023-03-16 00:00:00+00:00,21.2545,0.0,0.15210415,South Australia
2023-03-17 00:00:00+00:00,26.652416,0.0,0.1494896,South Australia
2023-03-18 00:00:00+00:00,22.464918,0.0,0.14754167,South Australia
2023-03-19 00:00:00+00:00,19.382103,0.0,0.14575002,South Australia
2023-03-20 00:00:00+00:00,18.118042,3.375,0.14504166,South Australia
2023-03-21 00:00:00+00:00,20.742523,0.375,0.14492708,South Australia
2023-03-22 00:00:00+00:00,20.498772,0.0,0.1475625,South Australia
2023-03-23 00:00:00+00:00,18.448769,0.025,0.14907293,South Australia
2023-03-24 00:00:00+00:00,17.195644,0.375,0.14841667,South Australia
2023-03-25 00:00:00+00:00,19.324291,0.67499995,0.14813541,South Australia
2023-03-26 00:00:00+00:00,20.545124,9.624999,0.15045834,South Australia
2023-03-27 00:00:00+00:00,18.356583,6.7000003,0.15964581,South Australia
2023-03-28 00:00:00+00:00,17.410229,2.225,0.16134377,South Australia
2023-03-29 00:00:00+00:00,14.783145,0.675,0.16273957,South Australia
2023-03-30 00:00:00+00:00,15.302415,0.15,0.16292708,South Australia
2023-03-31 00:00:00+00:00,14.849812,0.55,0.16248958,South Australia
2023-04-01 00:00:00+00:00,13.409708,0.075,0.16089582,South Australia
2023-04-02 00:00:00+00:00,14.285229,0.0,0.15788543,South Australia
2023-04-03 00:00:00+00:00,17.550331,0.0,0.154625,South Australia
2023-04-04 00:00:00+00:00,20.447208,0.0,0.15370832,South Australia
2023-04-05 00:00:00+00:00,21.004498,1.1,0.150125,South Australia
2023-04-06 00:00:00+00:00,17.838356,1.9749999,0.14869794,South Australia
2023-04-07 00:00:00+00:00,15.681063,1.4750001,0.14830211,South Australia
2023-04-08 00:00:00+00:00,14.431583,0.675,0.14890626,South Australia
2023-04-09 00:00:00+00:00,13.684187,0.425,0.14992711,South Australia
2023-04-10 00:00:00+00:00,15.590438,0.075,0.14919792,South Australia
2023-04-11 00:00:00+00:00,17.612312,5.9249997,0.15021874,South Australia
2023-04-12 00:00:00+00:00,13.946165,0.025,0.15407291,South Australia
2023-04-13 00:00:00+00:00,14.664916,0.0,0.15553127,South Australia
2023-04-14 00:00:00+00:00,18.077936,15.550001,0.16001043,South Australia
2023-04-15 00:00:00+00:00,12.389916,2.725,0.18077083,South Australia
2023-04-16 00:00:00+00:00,12.571166,0.225,0.19170833,South Australia
2023-04-17 00:00:00+00:00,15.290958,0.0,0.19448958,South Australia
2023-04-18 00:00:00+00:00,15.676374,0.5,0.19234376,South Australia
2023-04-19 00:00:00+00:00,12.793563,0.1,0.19108334,South Australia
2023-04-20 00:00:00+00:00,13.953459,0.0,0.18858328,South Australia
2023-04-21 00:00:00+00:00,14.621167,0.0,0.18613541,South Australia
2023-04-22 00:00:00+00:00,15.832107,0.0,0.18352084,South Australia
2023-04-23 00:00:00+00:00,16.994083,0.0,0.18,South Australia
2023-04-24 00:00:00+00:00,18.81075,0.0,0.17695834,South Australia
2023-04-25 00:00:00+00:00,20.977417,0.0,0.17396876,South Australia
2023-04-26 00:00:00+00:00,19.899813,5.1749997,0.17266664,South Australia
2023-04-27 00:00:00+00:00,16.79252,0.5500001,0.17507294,South Australia
2023-04-28 00:00:00+00:00,11.955021,1.4999999,0.17603128,South Australia
2023-04-29 00:00:00+00:00,11.921165,0.25,0.17720833,South Australia
2023-04-30 00:00:00+00:00,14.202416,1.6249998,0.17907292,South Australia
2023-05-01 00:00:00+00:00,14.593562,0.99999994,0.17938541,South Australia
2023-05-02 00:00:00+00:00,14.803979,0.5500001,0.17993748,South Australia
2023-05-03 00:00:00+00:00,11.963875,0.2,0.18002085,South Australia
2023-05-04 00:00:00+00:00,13.091478,0.025,0.18030211,South Australia
2023-05-05 00:00:00+00:00,12.5216875,5.1499996,0.18152082,South Australia
2023-05-06 00:00:00+00:00,8.789395,0.32500002,0.18434376,South Australia
2023-05-07 00:00:00+00:00,8.971167,0.025,0.18693748,South Australia
2023-05-08 00:00:00+00:00,10.335749,0.1,0.18895833,South Australia
2023-05-09 00:00:00+00:00,11.351375,0.375,0.19004165,South Australia
2023-05-10 00:00:00+00:00,11.195645,0.075,0.19053125,South Australia
2023-05-11 00:00:00+00:00,13.78575,0.025,0.18969789,South Australia
2023-05-12 00:00:00+00:00,13.011791,0.075,0.18971872,South Australia
2023-05-13 00:00:00+00:00,13.390437,0.0,0.18765624,South Australia
2023-05-14 00:00:00+00:00,14.676895,0.0,0.1837708,South Australia
2023-05-15 00:00:00+00:00,14.462311,0.0,0.18366669,South Australia
2023-05-16 00:00:00+00:00,12.425854,0.4,0.183,South Australia
2023-05-17 00:00:00+00:00,10.2925205,0.025,0.18251044,South Australia
2023-05-18 00:00:00+00:00,9.900854,0.025,0.18246874,South Australia
2023-05-19 00:00:00+00:00,11.118563,0.47500002,0.18222919,South Australia
2023-05-20 00:00:00+00:00,12.062834,1.0500001,0.18234375,South Australia
2023-05-21 00:00:00+00:00,11.651895,0.35000002,0.18446876,South Australia
2023-05-22 00:00:00+00:00,11.845646,0.0,0.18451041,South Australia
2023-05-23 00:00:00+00:00,11.740958,0.0,0.18420832,South Australia
2023-05-24 00:00:00+00:00,15.447207,0.70000005,0.18328126,South Australia
2023-05-25 00:00:00+00:00,10.389917,9.3,0.187625,South Australia
2023-05-26 00:00:00+00:00,10.836792,0.4,0.19700001,South Australia
2023-05-27 00:00:00+00:00,12.017522,1.45,0.20340626,South Australia
2023-05-28 00:00:00+00:00,13.306062,2.1499999,0.20939583,South Australia
2023-05-29 00:00:00+00:00,13.709187,0.75,0.21561459,South Australia
2023-05-30 00:00:00+00:00,14.237312,0.45000002,0.21893752,South Australia
2023-05-31 00:00:00+00:00,14.7977295,0.025,0.22055209,South Australia
2023-06-01 00:00:00+00:00,13.945646,1.375,0.22264586,South Australia
2023-06-02 00:00:00+00:00,14.320125,0.075,0.22338542,South Australia
2023-06-03 00:00:00+00:00,15.160749,0.0,0.22102085,South Australia
2023-06-04 00:00:00+00:00,15.1206455,1.25,0.2178646,South Australia
2023-06-05 00:00:00+00:00,13.695645,0.575,0.2193229,South Australia
2023-06-06 00:00:00+00:00,17.543562,6.075,0.22145836,South Australia
2023-06-07 00:00:00+00:00,13.535229,3.9000003,0.24715623,South Australia
2023-06-08 00:00:00+00:00,12.186791,2.625,0.2500729,South Australia
2023-06-09 00:00:00+00:00,10.624291,0.17500001,0.2535208,South Australia
2023-06-10 00:00:00+00:00,10.909187,0.05,0.25360414,South Australia
2023-06-11 00:00:00+00:00,12.038354,0.0,0.25261456,South Australia
2023-06-12 00:00:00+00:00,12.19252,4.05,0.25107294,South Australia
2023-06-13 00:00:00+00:00,10.705021,0.4,0.2554167,South Australia
2023-06-14 00:00:00+00:00,11.502938,1.15,0.25662503,South Australia
2023-06-15 00:00:00+00:00,11.653459,0.0,0.25443748,South Australia
2023-06-16 00:00:00+00:00,12.868563,0.525,0.25010416,South Australia
2023-06-17 00:00:00+00:00,9.625333,6.3749995,0.2496979,South Australia
2023-06-18 00:00:00+00:00,10.666479,1.4749999,0.25379166,South Australia
2023-06-19 00:00:00+00:00,9.069083,0.25,0.25693753,South Australia
2023-06-20 00:00:00+00:00,9.859186,2.125,0.25899997,South Australia
2023-06-21 00:00:00+00:00,9.027937,11.8,0.27265626,South Australia
2023-06-22 00:00:00+00:00,8.803979,9.200001,0.31686458,South Australia
2023-06-23 00:00:00+00:00,10.420646,0.3,0.31529167,South Australia
2023-06-24 00:00:00+00:00,9.674292,1.6000001,0.30998963,South Australia
2023-06-25 00:00:00+00:00,9.659708,2.85,0.30753124,South Australia
2023-06-26 00:00:00+00:00,9.863874,0.125,0.30315626,South Australia
2023-06-27 00:00:00+00:00,8.825333,6.475,0.3000104,South Australia
2023-06-28 00:00:00+00:00,8.89252,0.55,0.30483332,South Australia
2023-06-29 00:00:00+00:00,9.184709,0.25,0.3040625,South Australia
2023-06-30 00:00:00+00:00,9.808146,0.45000002,0.30175003,South Australia
2023-07-01 00:00:00+00:00,9.306584,0.65000004,0.29984373,South Australia
2023-07-02 00:00:00+00:00,8.884188,0.17500001,0.29835415,South Australia
2023-07-03 00:00:00+00:00,8.227938,0.375,0.29717705,South Australia
2023-07-04 00:00:00+00:00,9.497728,0.0,0.29412502,South Australia
2023-07-05 00:00:00+00:00,11.557104,3.525,0.28987497,South Australia
2023-07-06 00:00:00+00:00,9.676895,4.0000005,0.29446873,South Australia
2023-07-07 00:00:00+00:00,11.501896,2.7250001,0.2919583,South Australia
2023-07-08 00:00:00+00:00,11.227417,0.37500003,0.2906875,South Australia
2023-07-09 00:00:00+00:00,10.522207,0.775,0.28908336,South Australia
2023-07-10 00:00:00+00:00,9.9956455,0.075,0.28648955,South Australia
2023-07-11 00:00:00+00:00,9.794084,0.0,0.2842083,South Australia
2023-07-12 00:00:00+00:00,9.766479,0.0,0.28014582,South Australia
2023-07-13 00:00:00+00:00,10.658146,0.0,0.27590626,South Australia
2023-07-14 00:00:00+00:00,11.777938,0.125,0.2709062,South Australia
2023-07-15 00:00:00+00:00,8.074812,0.57500005,0.26853123,South Australia
2023-07-16 00:00:00+00:00,7.085229,0.0,0.26546875,South Australia
2023-07-17 00:00:00+00:00,8.643562,0.0,0.26232293,South Australia
2023-07-18 00:00:00+00:00,8.69825,0.05,0.26065624,South Australia
2023-07-19 00:00:00+00:00,12.597209,0.95000005,0.2570208,South Australia
2023-07-20 00:00:00+00:00,8.996687,0.775,0.25523958,South Australia
2023-07-21 00:00:00+00:00,9.139916,0.225,0.25248963,South Australia
2023-07-22 00:00:00+00:00,9.106062,2.5,0.25431252,South Australia
2023-07-23 00:00:00+00:00,9.837833,0.35000002,0.25668752,South Australia
2023-07-24 00:00:00+00:00,9.450853,0.35000002,0.25800005,South Australia
2023-07-25 00:00:00+00:00,9.509708,0.0,0.25565627,South Australia
2023-07-26 00:00:00+00:00,11.2768955,0.0,0.25222918,South Australia
2023-07-27 00:00:00+00:00,13.967,1.1750001,0.2507084,South Australia
2023-07-28 00:00:00+00:00,11.706062,0.2,0.24844791,South Australia
2023-07-29 00:00:00+00:00,11.727417,0.025,0.2471042,South Australia
2023-07-30 00:00:00+00:00,11.90502,0.32500002,0.24296874,South Australia
2023-07-31 00:00:00+00:00,10.187834,0.125,0.23980212,South Australia
2023-08-01 00:00:00+00:00,10.347208,0.325,0.23867702,South Australia
2023-08-02 00:00:00+00:00,13.265957,0.0,0.23720829,South Australia
2023-08-03 00:00:00+00:00,18.413353,1.5249999,0.2345521,South Australia
2023-08-04 00:00:00+00:00,10.132104,0.425,0.23562501,South Australia
2023-08-05 00:00:00+00:00,8.2925205,0.15,0.2374479,South Australia
2023-08-06 00:00:00+00:00,7.956583,0.025,0.23512502,South Australia
2023-08-07 00:00:00+00:00,8.675333,0.0,0.23223951,South Australia
2023-08-08 00:00:00+00:00,10.615958,0.0,0.2283125,South Australia
2023-08-09 00:00:00+00:00,13.344604,0.625,0.22259375,South Australia
2023-08-10 00:00:00+00:00,9.084707,0.125,0.21983334,South Australia
2023-08-11 00:00:00+00:00,11.330542,3.8000002,0.21714586,South Australia
2023-08-12 00:00:00+00:00,11.843042,5.0,0.21904168,South Australia
2023-08-13 00:00:00+00:00,10.130541,1.5249999,0.22513542,South Australia
2023-08-14 00:00:00+00:00,9.173771,0.17500001,0.23096874,South Australia
2023-08-15 00:00:00+00:00,10.064396,0.0,0.22983333,South Australia
2023-08-16 00:00:00+00:00,13.358667,3.5749998,0.2255625,South Australia
2023-08-17 00:00:00+00:00,10.251374,6.2000003,0.23428127,South Australia
2023-08-18 00:00:00+00:00,10.7545,1.75,0.2429896,South Australia
2023-08-19 00:00:00+00:00,12.061792,0.47500002,0.24625,South Australia
2023-08-20 00:00:00+00:00,12.012312,0.375,0.24694793,South Australia
2023-08-21 00:00:00+00:00,12.991478,0.625,0.24531248,South Australia
2023-08-22 00:00:00+00:00,9.008146,0.1,0.2447083,South Australia
2023-08-23 00:00:00+00:00,10.359708,0.025,0.24399996,South Australia
2023-08-24 00:00:00+00:00,13.451374,0.0,0.24002084,South Australia
2023-08-25 00:00:00+00:00,14.525855,0.0,0.23298961,South Australia
2023-08-26 00:00:00+00:00,12.015436,0.0,0.2291771,South Australia
2023-08-27 00:00:00+00:00,11.102937,0.0,0.22545837,South Australia
2023-08-28 00:00:00+00:00,16.755022,0.025,0.22139585,South Australia
2023-08-29 00:00:00+00:00,16.033667,0.75000006,0.21466666,South Australia
2023-08-30 00:00:00+00:00,10.911791,0.6,0.21203125,South Australia
2023-08-31 00:00:00+00:00,10.238354,0.3,0.21201044,South Australia
2023-09-01 00:00:00+00:00,11.006584,0.22500001,0.21154165,South Australia
2023-09-02 00:00:00+00:00,14.561791,0.0,0.210125,South Australia
2023-09-03 00:00:00+00:00,17.472206,1.7750001,0.20394793,South Australia
2023-09-04 00:00:00+00:00,11.061271,1.1500001,0.20376042,South Australia
2023-09-05 00:00:00+00:00,11.128459,0.05,0.20345832,South Australia
2023-09-06 00:00:00+00:00,16.090958,6.5499997,0.20179164,South Australia
2023-09-07 00:00:00+00:00,8.156062,4.325,0.21209374,South Australia
2023-09-08 00:00:00+00:00,7.5545,0.125,0.21890628,South Australia
2023-09-09 00:00:00+00:00,9.405541,0.0,0.21979164,South Australia
2023-09-10 00:00:00+00:00,12.260229,0.0,0.21882294,South Australia
2023-09-11 00:00:00+00:00,14.56179,0.0,0.21368752,South Australia
2023-09-12 00:00:00+00:00,16.560228,0.0,0.2061146,South Australia
2023-09-13 00:00:00+00:00,20.052937,0.0,0.20080207,South Australia
2023-09-14 00:00:00+00:00,17.494083,0.0,0.19396877,South Australia
2023-09-15 00:00:00+00:00,15.2456455,0.0,0.1914271,South Australia
2023-09-16 00:00:00+00:00,18.04096,0.0,0.18708332,South Australia
2023-09-17 00:00:00+00:00,21.74252,0.0,0.18322916,South Australia
2023-09-18 00:00:00+00:00,18.787832,0.025,0.18058333,South Australia
2023-09-19 00:00:00+00:00,16.359709,0.4,0.17816666,South Australia
2023-09-20 00:00:00+00:00,13.479502,0.79999995,0.17545836,South Australia
2023-09-21 00:00:00+00:00,11.933666,0.15,0.17591667,South Australia
2023-09-22 00:00:00+00:00,13.976374,0.0,0.17460416,South Australia
2023-09-23 00:00:00+00:00,16.542,0.0,0.16977084,South Australia
2023-09-24 00:00:00+00:00,18.725332,0.025,0.1669479,South Australia
2023-09-25 00:00:00+00:00,15.619083,0.0,0.16491663,South Australia
2023-09-26 00:00:00+00:00,16.062311,0.625,0.16234374,South Australia
2023-09-27 00:00:00+00:00,12.852938,0.0,0.16470832,South Australia
2023-09-28 00:00:00+00:00,18.407104,0.0,0.16411458,South Australia
2023-09-29 00:00:00+00:00,21.411272,0.0,0.16498956,South Australia
2023-09-30 00:00:00+00:00,22.115957,0.05,0.16388543,South Australia
2023-10-01 00:00:00+00:00,16.244083,0.0,0.16343752,South Australia
2023-10-02 00:00:00+00:00,21.677938,3.7,0.16222915,South Australia
2023-10-03 00:00:00+00:00,11.892,4.4,0.15920834,South Australia
2023-10-04 00:00:00+00:00,10.748772,1.125,0.16544792,South Australia
2023-10-05 00:00:00+00:00,12.66023,0.40000004,0.169,South Australia
2023-10-06 00:00:00+00:00,12.174292,0.175,0.1690104,South Australia
2023-10-07 00:00:00+00:00,13.0826235,0.0,0.16890626,South Australia
2023-10-08 00:00:00+00:00,15.12377,0.0,0.16561458,South Australia
2023-10-09 00:00:00+00:00,16.539917,0.0,0.16294794,South Australia
2023-10-10 00:00:00+00:00,19.664915,0.0,0.16284376,South Australia
2023-10-11 00:00:00+00:00,19.29773,0.40000004,0.15966667,South Australia
2023-10-12 00:00:00+00:00,13.241479,0.0,0.16069794,South Australia
2023-10-13 00:00:00+00:00,14.258667,0.075,0.16026042,South Australia
2023-10-14 00:00:00+00:00,14.074291,0.1,0.15973958,South Australia
2023-10-15 00:00:00+00:00,13.92325,0.925,0.1619375,South Australia
2023-10-16 00:00:00+00:00,11.984187,0.0,0.16060418,South Australia
2023-10-17 00:00:00+00:00,15.476374,0.0,0.15983333,South Australia
2023-10-18 00:00:00+00:00,20.315437,0.0,0.1591875,South Australia
2023-10-19 00:00:00+00:00,22.753979,0.0,0.15711458,South Australia
2023-10-20 00:00:00+00:00,16.44825,0.32500002,0.15680207,South Australia
2023-10-21 00:00:00+00:00,12.250332,0.075,0.15676042,South Australia
2023-10-22 00:00:00+00:00,12.686271,0.0,0.1554479,South Australia
2023-10-23 00:00:00+00:00,20.24356,0.0,0.15219793,South Australia
2023-10-24 00:00:00+00:00,12.539917,0.17500001,0.14951038,South Australia
2023-10-25 00:00:00+00:00,10.070644,0.15,0.14843751,South Australia
2023-10-26 00:00:00+00:00,12.289396,0.0,0.15035418,South Australia
2023-10-27 00:00:00+00:00,17.64148,0.025,0.1504583,South Australia
2023-10-28 00:00:00+00:00,16.63523,0.0,0.14779167,South Australia
2023-10-29 00:00:00+00:00,16.565437,0.32500002,0.14592707,South Australia
2023-10-30 00:00:00+00:00,14.521168,0.15,0.14479168,South Australia
2023-10-31 00:00:00+00:00,13.090437,0.0,0.14571877,South Australia
2023-11-01 00:00:00+00:00,15.336792,0.0,0.14606252,South Australia
2023-11-02 00:00:00+00:00,16.536793,0.025,0.14469792,South Australia
2023-11-03 00:00:00+00:00,15.782625,0.0,0.14518753,South Australia
2023-11-04 00:00:00+00:00,16.03627,0.0,0.14221874,South Australia
2023-11-05 00:00:00+00:00,19.412834,0.0,0.14088543,South Australia
2023-11-06 00:00:00+00:00,20.0795,0.0,0.14122917,South Australia
2023-11-07 00:00:00+00:00,19.864918,0.0,0.14059375,South Australia
2023-11-08 00:00:00+00:00,21.077417,0.0,0.13853125,South Australia
2023-11-09 00:00:00+00:00,25.79877,0.0,0.1398021,South Australia
2023-11-10 00:00:00+00:00,25.604502,0.0,0.13867709,South Australia
2023-11-11 00:00:00+00:00,17.86231,0.025,0.13810419,South Australia
2023-11-12 00:00:00+00:00,16.938875,0.025,0.13755205,South Australia
2023-11-13 00:00:00+00:00,18.089916,0.975,0.13932289,South Australia
2023-11-14 00:00:00+00:00,17.459707,0.0,0.14225,South Australia
2023-11-15 00:00:00+00:00,18.502417,2.475,0.14465627,South Australia
2023-11-16 00:00:00+00:00,15.434708,1.3,0.14395833,South Australia
2023-11-17 00:00:00+00:00,16.893562,0.0,0.14513537,South Australia
2023-11-18 00:00:00+00:00,18.600853,0.0,0.14407289,South Australia
2023-11-19 00:00:00+00:00,18.778458,0.0,0.14361458,South Australia
2023-11-20 00:00:00+00:00,18.089914,0.0,0.14533332,South Australia
2023-11-21 00:00:00+00:00,17.47794,0.1,0.1490625,South Australia
2023-11-22 00:00:00+00:00,18.19304,0.95,0.14991665,South Australia
2023-11-23 00:00:00+00:00,17.27898,4.475,0.15335418,South Australia
2023-11-24 00:00:00+00:00,17.422209,0.6,0.15637502,South Australia
2023-11-25 00:00:00+00:00,16.90554,0.075,0.15509376,South Australia
2023-11-26 00:00:00+00:00,17.45398,0.0,0.15679167,South Australia
2023-11-27 00:00:00+00:00,16.998251,14.300001,0.16034375,South Australia
2023-11-28 00:00:00+00:00,15.231584,2.0,0.19148958,South Australia
2023-11-29 00:00:00+00:00,17.114395,0.075,0.2016771,South Australia
2023-11-30 00:00:00+00:00,18.537312,0.05,0.20015627,South Australia
2023-12-01 00:00:00+00:00,16.519604,0.2,0.19652084,South Australia
2023-12-02 00:00:00+00:00,16.38523,0.0,0.19255209,South Australia
2023-12-03 00:00:00+00:00,23.090958,0.0,0.18694791,South Australia
2023-12-04 00:00:00+00:00,26.131065,0.25,0.17997918,South Australia
2023-12-05 00:00:00+00:00,23.5295,0.05,0.17830211,South Australia
2023-12-06 00:00:00+00:00,24.420647,0.22500001,0.17356253,South Australia
2023-12-07 00:00:00+00:00,27.007105,0.425,0.17122917,South Australia
2023-12-08 00:00:00+00:00,24.362312,7.7500005,0.16771877,South Australia
2023-12-09 00:00:00+00:00,14.869082,20.275002,0.18526043,South Australia
2023-12-10 00:00:00+00:00,14.609188,28.35,0.26129168,South Australia
2023-12-11 00:00:00+00:00,18.071686,9.150001,0.3083333,South Australia
2023-12-12 00:00:00+00:00,19.785229,0.22500001,0.30809376,South Australia
2023-12-13 00:00:00+00:00,18.865957,0.75000006,0.29409373,South Australia
2023-12-14 00:00:00+00:00,16.761791,0.125,0.28366667,South Australia
2023-12-15 00:00:00+00:00,16.117,0.0,0.2713958,South Australia
2023-12-16 00:00:00+00:00,16.159187,0.0,0.25878128,South Australia
2023-12-17 00:00:00+00:00,24.530022,0.87499994,0.24554166,South Australia
2023-12-18 00:00:00+00:00,20.51075,0.975,0.23622915,South Australia
2023-12-19 00:00:00+00:00,15.631582,0.0,0.22984374,South Australia
2023-12-20 00:00:00+00:00,15.7404375,0.0,0.22177085,South Australia
2023-12-21 00:00:00+00:00,17.262833,0.0,0.21510418,South Australia
2023-12-22 00:00:00+00:00,19.963352,0.05,0.20738542,South Australia
2023-12-23 00:00:00+00:00,20.192001,0.1,0.19773957,South Australia
2023-12-24 00:00:00+00:00,15.259187,0.325,0.19351044,South Australia
2023-12-25 00:00:00+00:00,15.466999,0.35000002,0.19203125,South Australia
2023-12-26 00:00:00+00:00,17.043043,0.45000002,0.19075002,South Australia
2023-12-27 00:00:00+00:00,20.968563,0.0,0.187875,South Australia
2023-12-28 00:00:00+00:00,23.21231,3.375,0.18463542,South Australia
2023-12-29 00:00:00+00:00,17.500854,0.0,0.1828125,South Australia
2023-12-30 00:00:00+00:00,16.333668,0.0,0.18160415,South Australia
2023-12-31 00:00:00+00:00,19.327415,0.0,0.17771874,South Australia
2022-01-01 00:00:00+00:00,18.664583,0.0,0.15335417,Western Australia
2022-01-02 00:00:00+00:00,21.117188,0.0,0.15277082,Western Australia
2022-01-03 00:00:00+00:00,22.75,0.0,0.15210417,Western Australia
2022-01-04 00:00:00+00:00,20.759897,0.0,0.15244794,Western Australia
2022-01-05 00:00:00+00:00,22.092709,0.0,0.15235418,Western Australia
2022-01-06 00:00:00+00:00,23.010418,0.0,0.1520521,Western Australia
2022-01-07 00:00:00+00:00,21.77604,0.0,0.1516146,Western Australia
2022-01-08 00:00:00+00:00,23.983854,0.75,0.15090623,Western Australia
2022-01-09 00:00:00+00:00,18.015625,0.2,0.15123957,Western Australia
2022-01-10 00:00:00+00:00,18.376041,0.15,0.15133333,Western Australia
2022-01-11 00:00:00+00:00,21.932812,0.025,0.15127082,Western Australia
2022-01-12 00:00:00+00:00,24.90052,0.075,0.15088543,Western Australia
2022-01-13 00:00:00+00:00,22.942709,0.0,0.1508125,Western Australia
2022-01-14 00:00:00+00:00,20.891668,0.0,0.15085417,Western Australia
2022-01-15 00:00:00+00:00,22.034897,0.0,0.1496875,Western Australia
2022-01-16 00:00:00+00:00,20.288542,0.0,0.14948958,Western Australia
2022-01-17 00:00:00+00:00,21.364061,0.0,0.14958331,Western Australia
2022-01-18 00:00:00+00:00,23.871353,0.0,0.14917707,Western Australia
2022-01-19 00:00:00+00:00,24.195312,0.0,0.14864585,Western Australia
2022-01-20 00:00:00+00:00,24.498438,0.0,0.1481354,Western Australia
2022-01-21 00:00:00+00:00,23.897396,0.0,0.14786458,Western Australia
2022-01-22 00:00:00+00:00,24.81875,0.0,0.1475,Western Australia
2022-01-23 00:00:00+00:00,24.94896,0.075,0.14699998,Western Australia
2022-01-24 00:00:00+00:00,19.220833,1.9000001,0.14698958,Western Australia
2022-01-25 00:00:00+00:00,18.844791,1.0,0.14537498,Western Australia
2022-01-26 00:00:00+00:00,19.366146,0.47500002,0.14528127,Western Australia
2022-01-27 00:00:00+00:00,19.184376,0.15,0.14619794,Western Australia
2022-01-28 00:00:00+00:00,21.957811,0.0,0.1459896,Western Australia
2022-01-29 00:00:00+00:00,26.10573,0.0,0.14541666,Western Australia
2022-01-30 00:00:00+00:00,25.677082,0.2,0.14565626,Western Australia
2022-01-31 00:00:00+00:00,18.475521,0.25,0.14601043,Western Australia
2022-02-01 00:00:00+00:00,18.027084,0.0,0.14641668,Western Australia
2022-02-02 00:00:00+00:00,20.037498,0.0,0.14622916,Western Australia
2022-02-03 00:00:00+00:00,22.558855,0.05,0.14701042,Western Australia
2022-02-04 00:00:00+00:00,26.014582,0.0,0.1469375,Western Australia
2022-02-05 00:00:00+00:00,28.858332,0.0,0.14678127,Western Australia
2022-02-06 00:00:00+00:00,26.332811,0.875,0.14741667,Western Australia
2022-02-07 00:00:00+00:00,19.040104,0.0,0.14819792,Western Australia
2022-02-08 00:00:00+00:00,19.566145,0.05,0.14780208,Western Australia
2022-02-09 00:00:00+00:00,21.146875,0.0,0.14730209,Western Australia
2022-02-10 00:00:00+00:00,27.409374,0.0,0.1468125,Western Australia
2022-02-11 00:00:00+00:00,30.016666,6.3500004,0.14628126,Western Australia
2022-02-12 00:00:00+00:00,20.78125,2.75,0.14706251,Western Australia
2022-02-13 00:00:00+00:00,20.40573,0.0,0.15142709,Western Australia
2022-02-14 00:00:00+00:00,22.237501,0.22500001,0.15307291,Western Australia
2022-02-15 00:00:00+00:00,22.589584,0.0,0.15299998,Western Australia
2022-02-16 00:00:00+00:00,22.029688,0.0,0.15107292,Western Australia
2022-02-17 00:00:00+00:00,20.876041,0.0,0.1493021,Western Australia
2022-02-18 00:00:00+00:00,23.032812,0.0,0.14793752,Western Australia
2022-02-19 00:00:00+00:00,25.389061,0.0,0.1480104,Western Australia
2022-02-20 00:00:00+00:00,19.475521,0.025,0.1481354,Western Australia
2022-02-21 00:00:00+00:00,21.28073,0.025,0.14917707,Western Australia
2022-02-22 00:00:00+00:00,24.457811,0.0,0.1498021,Western Australia
2022-02-23 00:00:00+00:00,21.065626,0.0,0.15027085,Western Australia
2022-02-24 00:00:00+00:00,23.070833,0.025,0.15087502,Western Australia
2022-02-25 00:00:00+00:00,25.781248,0.84999996,0.15028125,Western Australia
2022-02-26 00:00:00+00:00,22.453644,1.025,0.14977086,Western Australia
2022-02-27 00:00:00+00:00,22.453648,0.075,0.14877082,Western Australia
2022-02-28 00:00:00+00:00,23.810415,0.0,0.14784375,Western Australia
2022-03-01 00:00:00+00:00,23.378124,0.025,0.14841667,Western Australia
2022-03-02 00:00:00+00:00,17.038021,0.65,0.14925002,Western Australia
2022-03-03 00:00:00+00:00,16.87448,0.1,0.15069793,Western Australia
2022-03-04 00:00:00+00:00,19.19948,0.0,0.1493125,Western Australia
2022-03-05 00:00:00+00:00,19.559376,0.1,0.14855209,Western Australia
2022-03-06 00:00:00+00:00,21.208853,0.125,0.1490625,Western Australia
2022-03-07 00:00:00+00:00,19.982813,0.125,0.14755209,Western Australia
2022-03-08 00:00:00+00:00,20.590103,0.05,0.14675,Western Australia
2022-03-09 00:00:00+00:00,21.873436,0.05,0.14587499,Western Australia
2022-03-10 00:00:00+00:00,23.489582,0.0,0.14630207,Western Australia
2022-03-11 00:00:00+00:00,24.67448,0.2,0.14738542,Western Australia
2022-03-12 00:00:00+00:00,22.507812,1.15,0.14805208,Western Australia
2022-03-13 00:00:00+00:00,22.502083,0.075,0.15309376,Western Australia
2022-03-14 00:00:00+00:00,22.079166,0.025,0.15390626,Western Australia
2022-03-15 00:00:00+00:00,22.084896,0.025,0.1545729,Western Australia
2022-03-16 00:00:00+00:00,21.889585,0.0,0.15392709,Western Australia
2022-03-17 00:00:00+00:00,22.247396,0.05,0.1557604,Western Australia
2022-03-18 00:00:00+00:00,26.291145,0.025,0.15676042,Western Australia
2022-03-19 00:00:00+00:00,19.47448,0.7,0.15584376,Western Australia
2022-03-20 00:00:00+00:00,23.014584,1.7499999,0.15577082,Western Australia
2022-03-21 00:00:00+00:00,18.178123,1.625,0.155,Western Australia
2022-03-22 00:00:00+00:00,15.7994795,0.0,0.15456252,Western Australia
2022-03-23 00:00:00+00:00,16.09427,0.05,0.15579167,Western Australia
2022-03-24 00:00:00+00:00,17.790104,0.075,0.15528126,Western Australia
2022-03-25 00:00:00+00:00,21.876564,0.025,0.15503125,Western Australia
2022-03-26 00:00:00+00:00,21.508335,11.075001,0.15404168,Western Australia
2022-03-27 00:00:00+00:00,17.155731,1.9499997,0.1540521,Western Australia
2022-03-28 00:00:00+00:00,17.370312,2.975,0.15683335,Western Australia
2022-03-29 00:00:00+00:00,18.428646,7.4999995,0.16034375,Western Australia
2022-03-30 00:00:00+00:00,17.71823,2.6,0.16217709,Western Australia
2022-03-31 00:00:00+00:00,19.127604,2.6499999,0.16585419,Western Australia
2022-04-01 00:00:00+00:00,20.266148,0.0,0.16702083,Western Australia
2022-04-02 00:00:00+00:00,21.16875,0.0,0.16555208,Western Australia
2022-04-03 00:00:00+00:00,22.414062,10.45,0.16913542,Western Australia
2022-04-04 00:00:00+00:00,16.326561,0.85,0.19192706,Western Australia
2022-04-05 00:00:00+00:00,15.230729,0.275,0.19448957,Western Australia
2022-04-06 00:00:00+00:00,16.877605,0.22500001,0.19184378,Western Australia
2022-04-07 00:00:00+00:00,19.373438,0.0,0.19177084,Western Australia
2022-04-08 00:00:00+00:00,21.483854,0.15,0.18907292,Western Australia
2022-04-09 00:00:00+00:00,15.0963545,0.17500001,0.18753125,Western Australia
2022-04-10 00:00:00+00:00,16.211458,3.7,0.18541668,Western Australia
2022-04-11 00:00:00+00:00,16.324999,18.599998,0.19555208,Western Australia
2022-04-12 00:00:00+00:00,16.844791,10.125,0.25562498,Western Australia
2022-04-13 00:00:00+00:00,16.979166,2.3749998,0.25953123,Western Australia
2022-04-14 00:00:00+00:00,15.8625,0.32500002,0.25659376,Western Australia
2022-04-15 00:00:00+00:00,16.438541,0.025,0.25329167,Western Australia
2022-04-16 00:00:00+00:00,18.25573,0.3,0.24875,Western Australia
2022-04-17 00:00:00+00:00,13.326041,0.35000002,0.24444789,Western Australia
2022-04-18 00:00:00+00:00,14.704688,0.025,0.24084377,Western Australia
2022-04-19 00:00:00+00:00,15.568748,0.2,0.23732293,Western Australia
2022-04-20 00:00:00+00:00,14.716145,0.25,0.23503128,Western Australia
2022-04-21 00:00:00+00:00,14.142187,0.025,0.23242703,Western Australia
2022-04-22 00:00:00+00:00,14.663021,0.525,0.22993754,Western Australia
2022-04-23 00:00:00+00:00,14.81146,1.4749999,0.22853126,Western Australia
2022-04-24 00:00:00+00:00,16.127605,0.40000004,0.22584374,Western Australia
2022-04-25 00:00:00+00:00,19.410936,1.2,0.22204165,Western Australia
2022-04-26 00:00:00+00:00,17.083332,2.2,0.2188229,Western Australia
2022-04-27 00:00:00+00:00,14.309375,14.575001,0.24322918,Western Australia
2022-04-28 00:00:00+00:00,13.375,0.47500002,0.25361457,Western Australia
2022-04-29 00:00:00+00:00,12.606771,0.125,0.25008333,Western Australia
2022-04-30 00:00:00+00:00,13.886978,0.0,0.24533334,Western Australia
2022-05-01 00:00:00+00:00,15.314062,0.0,0.23920831,Western Australia
2022-05-02 00:00:00+00:00,16.273438,0.175,0.23315626,Western Australia
2022-05-03 00:00:00+00:00,12.979688,0.40000004,0.23012502,Western Australia
2022-05-04 00:00:00+00:00,12.039583,0.025,0.22863542,Western Australia
2022-05-05 00:00:00+00:00,12.142709,0.1,0.2258646,Western Australia
2022-05-06 00:00:00+00:00,12.523959,0.0,0.22284375,Western Australia
2022-05-07 00:00:00+00:00,13.493229,0.0,0.22053126,Western Australia
2022-05-08 00:00:00+00:00,15.355208,0.175,0.21670836,Western Australia
2022-05-09 00:00:00+00:00,16.696875,0.0,0.20919792,Western Australia
2022-05-10 00:00:00+00:00,17.46302,0.0,0.20412502,Western Australia
2022-05-11 00:00:00+00:00,17.539062,0.47500002,0.20055209,Western Australia
2022-05-12 00:00:00+00:00,13.938541,10.775001,0.201625,Western Australia
2022-05-13 00:00:00+00:00,12.833855,0.025,0.20837502,Western Australia
2022-05-14 00:00:00+00:00,14.08802,0.52500004,0.21144791,Western Australia
2022-05-15 00:00:00+00:00,11.519272,0.075,0.21284372,Western Australia
2022-05-16 00:00:00+00:00,12.442186,0.0,0.21373959,Western Australia
2022-05-17 00:00:00+00:00,15.77552,0.025,0.214125,Western Australia
2022-05-18 00:00:00+00:00,15.064583,5.775,0.21396875,Western Australia
2022-05-19 00:00:00+00:00,15.148958,0.2,0.21450001,Western Australia
2022-05-20 00:00:00+00:00,15.542709,0.55,0.21507291,Western Australia
2022-05-21 00:00:00+00:00,16.10625,2.225,0.21473959,Western Australia
2022-05-22 00:00:00+00:00,16.88125,4.65,0.21471873,Western Australia
2022-05-23 00:00:00+00:00,15.471874,9.025001,0.22103125,Western Australia
2022-05-24 00:00:00+00:00,14.552082,0.75000006,0.22747919,Western Australia
2022-05-25 00:00:00+00:00,12.7161455,0.425,0.22986455,Western Australia
2022-05-26 00:00:00+00:00,13.097396,0.05,0.23059377,Western Australia
2022-05-27 00:00:00+00:00,13.416145,0.0,0.23052083,Western Australia
2022-05-28 00:00:00+00:00,13.310417,1.55,0.2299479,Western Australia
2022-05-29 00:00:00+00:00,10.439063,1.3499999,0.2288021,Western Australia
2022-05-30 00:00:00+00:00,11.780209,0.4,0.22932296,Western Australia
2022-05-31 00:00:00+00:00,11.430729,0.125,0.23020832,Western Australia
2022-06-01 00:00:00+00:00,10.760416,0.025,0.23063539,Western Australia
2022-06-02 00:00:00+00:00,11.24323,1.375,0.2306354,Western Australia
2022-06-03 00:00:00+00:00,10.834374,0.1,0.23003125,Western Australia
2022-06-04 00:00:00+00:00,10.858334,0.475,0.2285521,Western Australia
2022-06-05 00:00:00+00:00,10.0130205,0.4,0.22967708,Western Australia
2022-06-06 00:00:00+00:00,9.776042,0.17500001,0.22959375,Western Australia
2022-06-07 00:00:00+00:00,10.607813,0.0,0.22860418,Western Australia
2022-06-08 00:00:00+00:00,11.433334,0.20000002,0.22669792,Western Australia
2022-06-09 00:00:00+00:00,12.666146,4.675,0.23250002,Western Australia
2022-06-10 00:00:00+00:00,13.4036455,5.3,0.24624997,Western Australia
2022-06-11 00:00:00+00:00,13.078125,4.3,0.25908336,Western Australia
2022-06-12 00:00:00+00:00,14.026562,4.55,0.26565626,Western Australia
2022-06-13 00:00:00+00:00,12.698958,0.425,0.26935413,Western Australia
2022-06-14 00:00:00+00:00,11.827604,0.15,0.26820832,Western Australia
2022-06-15 00:00:00+00:00,12.385937,0.0,0.26613542,Western Australia
2022-06-16 00:00:00+00:00,14.4661455,0.05,0.26380208,Western Australia
2022-06-17 00:00:00+00:00,16.219273,5.85,0.26043752,Western Australia
2022-06-18 00:00:00+00:00,12.1536455,4.3499994,0.264625,Western Australia
2022-06-19 00:00:00+00:00,10.821875,0.22500001,0.27040625,Western Australia
2022-06-20 00:00:00+00:00,12.420312,0.25,0.2713542,Western Australia
2022-06-21 00:00:00+00:00,13.180208,0.075,0.27061453,Western Australia
2022-06-22 00:00:00+00:00,14.770834,0.0,0.2680104,Western Australia
2022-06-23 00:00:00+00:00,12.9244795,0.82500005,0.266375,Western Australia
2022-06-24 00:00:00+00:00,11.155729,0.0,0.26557288,Western Australia
2022-06-25 00:00:00+00:00,10.245832,0.025,0.26354164,Western Australia
2022-06-26 00:00:00+00:00,11.991668,0.0,0.26092708,Western Australia
2022-06-27 00:00:00+00:00,13.373438,0.675,0.2574792,Western Australia
2022-06-28 00:00:00+00:00,10.618229,0.20000002,0.25565627,Western Australia
2022-06-29 00:00:00+00:00,10.452084,0.25,0.25686464,Western Australia
2022-06-30 00:00:00+00:00,9.9505205,0.05,0.25533333,Western Australia
2022-07-01 00:00:00+00:00,8.59375,0.0,0.25374997,Western Australia
2022-07-02 00:00:00+00:00,8.607812,0.0,0.2516458,Western Australia
2022-07-03 00:00:00+00:00,8.870312,0.0,0.25033334,Western Australia
2022-07-04 00:00:00+00:00,9.342709,0.0,0.24911463,Western Australia
2022-07-05 00:00:00+00:00,10.634895,0.85,0.24818751,Western Australia
2022-07-06 00:00:00+00:00,10.83802,2.2500002,0.2474167,Western Australia
2022-07-07 00:00:00+00:00,12.043228,0.15,0.24855208,Western Australia
2022-07-08 00:00:00+00:00,13.508333,0.0,0.2501146,Western Australia
2022-07-09 00:00:00+00:00,14.479687,5.2000003,0.2495104,Western Australia
2022-07-10 00:00:00+00:00,10.115624,0.25,0.25210416,Western Australia
2022-07-11 00:00:00+00:00,9.264583,0.025,0.2529063,Western Australia
2022-07-12 00:00:00+00:00,9.7125,0.0,0.2517917,Western Australia
2022-07-13 00:00:00+00:00,12.783333,0.025,0.2505417,Western Australia
2022-07-14 00:00:00+00:00,14.709896,4.275,0.24934377,Western Australia
2022-07-15 00:00:00+00:00,12.742708,0.15,0.25045836,Western Australia
2022-07-16 00:00:00+00:00,10.578124,0.15,0.25076044,Western Australia
2022-07-17 00:00:00+00:00,11.234374,7.0,0.25235417,Western Australia
2022-07-18 00:00:00+00:00,10.0390625,5.5,0.27366668,Western Australia
2022-07-19 00:00:00+00:00,11.1901045,0.125,0.28234378,Western Australia
2022-07-20 00:00:00+00:00,14.0875,3.0749998,0.28201044,Western Australia
2022-07-21 00:00:00+00:00,11.708855,7.25,0.29896873,Western Australia
2022-07-22 00:00:00+00:00,11.704687,0.45000002,0.30443752,Western Australia
2022-07-23 00:00:00+00:00,11.73125,4.925,0.3063021,Western Australia
2022-07-24 00:00:00+00:00,8.085417,0.59999996,0.31046873,Western Australia
2022-07-25 00:00:00+00:00,10.0338545,0.0,0.30679166,Western Australia
2022-07-26 00:00:00+00:00,11.935416,0.575,0.3010104,Western Australia
2022-07-27 00:00:00+00:00,11.863543,0.0,0.29581252,Western Australia
2022-07-28 00:00:00+00:00,13.603125,0.0,0.29140624,Western Australia
2022-07-29 00:00:00+00:00,13.46875,5.4500003,0.2924687,Western Australia
2022-07-30 00:00:00+00:00,8.311979,0.1,0.2886771,Western Australia
2022-07-31 00:00:00+00:00,9.3,1.025,0.28509375,Western Australia
2022-08-01 00:00:00+00:00,12.290626,7.225,0.285,Western Australia
2022-08-02 00:00:00+00:00,10.466666,5.75,0.2908854,Western Australia
2022-08-03 00:00:00+00:00,10.536459,1.4999999,0.29567707,Western Australia
2022-08-04 00:00:00+00:00,9.25573,1.0,0.2951458,Western Australia
2022-08-05 00:00:00+00:00,8.6432295,0.6999999,0.29408336,Western Australia
2022-08-06 00:00:00+00:00,10.202604,0.975,0.29146883,Western Australia
2022-08-07 00:00:00+00:00,9.796354,2.625,0.2907083,Western Australia
2022-08-08 00:00:00+00:00,11.160417,4.0250006,0.29243752,Western Australia
2022-08-09 00:00:00+00:00,7.9067707,1.375,0.30306253,Western Australia
2022-08-10 00:00:00+00:00,9.557812,1.3499999,0.30330214,Western Australia
2022-08-11 00:00:00+00:00,10.108854,0.55,0.30079165,Western Australia
2022-08-12 00:00:00+00:00,10.464584,0.0,0.2978542,Western Australia
2022-08-13 00:00:00+00:00,12.642708,3.15,0.29421878,Western Australia
2022-08-14 00:00:00+00:00,10.302083,0.1,0.29309374,Western Australia
2022-08-15 00:00:00+00:00,16.190105,13.3,0.29384375,Western Australia
2022-08-16 00:00:00+00:00,13.836979,10.975,0.3266875,Western Australia
2022-08-17 00:00:00+00:00,9.544271,2.1999998,0.3388542,Western Australia
2022-08-18 00:00:00+00:00,10.261979,0.075,0.33253127,Western Australia
2022-08-19 00:00:00+00:00,12.235938,0.075,0.3237292,Western Australia
2022-08-20 00:00:00+00:00,11.63698,0.0,0.31595832,Western Australia
2022-08-21 00:00:00+00:00,11.869791,0.25,0.30734375,Western Australia
2022-08-22 00:00:00+00:00,9.41302,0.0,0.30090624,Western Australia
2022-08-23 00:00:00+00:00,9.360937,0.05,0.29444793,Western Australia
2022-08-24 00:00:00+00:00,10.526042,0.025,0.2885104,Western Australia
2022-08-25 00:00:00+00:00,11.315624,0.0,0.28324997,Western Australia
2022-08-26 00:00:00+00:00,13.362501,0.075,0.27746877,Western Australia
2022-08-27 00:00:00+00:00,10.713021,0.675,0.27295837,Western Australia
2022-08-28 00:00:00+00:00,7.68125,0.5,0.27301043,Western Australia
2022-08-29 00:00:00+00:00,8.634896,0.075,0.27234372,Western Australia
2022-08-30 00:00:00+00:00,10.180208,0.0,0.2687708,Western Australia
2022-08-31 00:00:00+00:00,10.998438,0.0,0.26462504,Western Australia
2022-09-01 00:00:00+00:00,11.6744795,0.1,0.26083332,Western Australia
2022-09-02 00:00:00+00:00,12.628645,1.1750001,0.26119792,Western Australia
2022-09-03 00:00:00+00:00,11.880208,4.125,0.26459378,Western Australia
2022-09-04 00:00:00+00:00,13.105729,3.425,0.26734373,Western Australia
2022-09-05 00:00:00+00:00,12.589583,6.075,0.27161458,Western Australia
2022-09-06 00:00:00+00:00,10.486458,2.875,0.2838542,Western Australia
2022-09-07 00:00:00+00:00,11.339063,1.55,0.29056254,Western Australia
2022-09-08 00:00:00+00:00,10.552083,0.1,0.2894583,Western Australia
2022-09-09 00:00:00+00:00,11.6588545,0.0,0.28561458,Western Australia
2022-09-10 00:00:00+00:00,12.890625,0.0,0.28017712,Western Australia
2022-09-11 00:00:00+00:00,15.128126,0.0,0.27542707,Western Australia
2022-09-12 00:00:00+00:00,17.583336,2.65,0.2673021,Western Australia
2022-09-13 00:00:00+00:00,13.286458,2.3999999,0.26623958,Western Australia
2022-09-14 00:00:00+00:00,12.185417,0.25,0.26710418,Western Australia
2022-09-15 00:00:00+00:00,12.302082,0.425,0.26420835,Western Australia
2022-09-16 00:00:00+00:00,11.1375,0.275,0.26115623,Western Australia
2022-09-17 00:00:00+00:00,13.342708,0.22500001,0.25685418,Western Australia
2022-09-18 00:00:00+00:00,13.405729,1.7,0.25264582,Western Australia
2022-09-19 00:00:00+00:00,11.654166,2.0,0.2506146,Western Australia
2022-09-20 00:00:00+00:00,13.277604,0.175,0.25034377,Western Australia
2022-09-21 00:00:00+00:00,15.401041,0.125,0.2478854,Western Australia
2022-09-22 00:00:00+00:00,10.521875,0.05,0.2454896,Western Australia
2022-09-23 00:00:00+00:00,13.926562,0.025,0.24236454,Western Australia
2022-09-24 00:00:00+00:00,11.322395,0.425,0.23966669,Western Australia
2022-09-25 00:00:00+00:00,12.046354,0.075,0.23706245,Western Australia
2022-09-26 00:00:00+00:00,12.460937,0.32500002,0.23382294,Western Australia
2022-09-27 00:00:00+00:00,14.2734375,0.0,0.22884373,Western Australia
2022-09-28 00:00:00+00:00,16.143229,0.0,0.22429165,Western Australia
2022-09-29 00:00:00+00:00,15.943229,0.0,0.22176042,Western Australia
2022-09-30 00:00:00+00:00,14.875522,0.0,0.21795833,Western Australia
2022-10-01 00:00:00+00:00,14.261459,0.25000003,0.21579163,Western Australia
2022-10-02 00:00:00+00:00,12.177083,0.40000004,0.21457289,Western Australia
2022-10-03 00:00:00+00:00,11.728125,3.55,0.21447918,Western Australia
2022-10-04 00:00:00+00:00,14.706771,0.70000005,0.21407294,Western Australia
2022-10-05 00:00:00+00:00,13.006771,0.97499996,0.2134271,Western Australia
2022-10-06 00:00:00+00:00,11.339583,0.15,0.21227083,Western Australia
2022-10-07 00:00:00+00:00,10.986459,0.27500004,0.20971876,Western Australia
2022-10-08 00:00:00+00:00,15.373437,0.0,0.20702082,Western Australia
2022-10-09 00:00:00+00:00,16.526041,0.9,0.20517708,Western Australia
2022-10-10 00:00:00+00:00,12.560417,0.6,0.20497918,Western Australia
2022-10-11 00:00:00+00:00,11.30677,0.57500005,0.20781252,Western Australia
2022-10-12 00:00:00+00:00,11.191145,1.625,0.2071042,Western Australia
2022-10-13 00:00:00+00:00,11.510937,0.2,0.204375,Western Australia
2022-10-14 00:00:00+00:00,13.759375,0.0,0.20063542,Western Australia
2022-10-15 00:00:00+00:00,15.422916,0.0,0.19727083,Western Australia
2022-10-16 00:00:00+00:00,16.784374,1.0500001,0.19494793,Western Australia
2022-10-17 00:00:00+00:00,13.546353,1.2,0.19372918,Western Australia
2022-10-18 00:00:00+00:00,14.885938,0.05,0.19156247,Western Australia
2022-10-19 00:00:00+00:00,19.803123,0.0,0.1870104,Western Australia
2022-10-20 00:00:00+00:00,18.257292,0.2,0.18571877,Western Australia
2022-10-21 00:00:00+00:00,15.778646,2.0500002,0.18459377,Western Australia
2022-10-22 00:00:00+00:00,14.757814,0.82500005,0.18450002,Western Australia
2022-10-23 00:00:00+00:00,16.35104,8.625,0.1853646,Western Australia
2022-10-24 00:00:00+00:00,14.959896,6.1250005,0.211625,Western Australia
2022-10-25 00:00:00+00:00,14.9140625,1.825,0.22230208,Western Australia
2022-10-26 00:00:00+00:00,14.101043,0.8,0.22415626,Western Australia
2022-10-27 00:00:00+00:00,13.217709,0.15,0.22178125,Western Australia
2022-10-28 00:00:00+00:00,13.99375,3.0,0.21948962,Western Australia
2022-10-29 00:00:00+00:00,12.4875,17.650002,0.23251042,Western Australia
2022-10-30 00:00:00+00:00,8.667707,8.750001,0.2891875,Western Australia
2022-10-31 00:00:00+00:00,12.481771,1.0000001,0.29491666,Western Australia
2022-11-01 00:00:00+00:00,13.591145,0.6,0.28836456,Western Australia
2022-11-02 00:00:00+00:00,13.934896,0.52500004,0.2824479,Western Australia
2022-11-03 00:00:00+00:00,18.18125,0.125,0.27538544,Western Australia
2022-11-04 00:00:00+00:00,18.071354,0.1,0.26452082,Western Australia
2022-11-05 00:00:00+00:00,14.768751,0.975,0.25523958,Western Australia
2022-11-06 00:00:00+00:00,16.009895,3.05,0.24858336,Western Australia
2022-11-07 00:00:00+00:00,16.384377,5.825,0.2619167,Western Australia
2022-11-08 00:00:00+00:00,14.8411455,0.725,0.2619375,Western Australia
2022-11-09 00:00:00+00:00,15.56875,0.275,0.25859374,Western Australia
2022-11-10 00:00:00+00:00,16.967186,4.55,0.26022917,Western Australia
2022-11-11 00:00:00+00:00,12.144793,3.1750002,0.27160415,Western Australia
2022-11-12 00:00:00+00:00,12.694271,3.9749997,0.27402085,Western Australia
2022-11-13 00:00:00+00:00,12.581249,0.55,0.27415627,Western Australia
2022-11-14 00:00:00+00:00,13.145313,0.375,0.26843753,Western Australia
2022-11-15 00:00:00+00:00,15.582292,0.175,0.261625,Western Australia
2022-11-16 00:00:00+00:00,19.51979,1.675,0.2538125,Western Australia
2022-11-17 00:00:00+00:00,15.98802,5.5750003,0.25066665,Western Australia
2022-11-18 00:00:00+00:00,11.543749,7.3500004,0.25045836,Western Australia
2022-11-19 00:00:00+00:00,13.070833,0.425,0.25243753,Western Australia
2022-11-20 00:00:00+00:00,13.385418,0.425,0.24877082,Western Australia
2022-11-21 00:00:00+00:00,14.609896,0.0,0.24277087,Western Australia
2022-11-22 00:00:00+00:00,19.273958,0.67499995,0.23398957,Western Australia
2022-11-23 00:00:00+00:00,22.170832,0.0,0.22625001,Western Australia
2022-11-24 00:00:00+00:00,20.752083,0.625,0.21944793,Western Australia
2022-11-25 00:00:00+00:00,17.323437,0.125,0.21462503,Western Australia
2022-11-26 00:00:00+00:00,16.1875,0.275,0.21087499,Western Australia
2022-11-27 00:00:00+00:00,15.060417,0.375,0.20890622,Western Australia
2022-11-28 00:00:00+00:00,16.216146,0.025,0.20662501,Western Australia
2022-11-29 00:00:00+00:00,21.973957,0.22500001,0.20261456,Western Australia
2022-11-30 00:00:00+00:00,22.2625,0.85,0.20152082,Western Australia
2022-12-01 00:00:00+00:00,23.048958,0.0,0.19893749,Western Australia
2022-12-02 00:00:00+00:00,19.86198,0.0,0.19629169,Western Australia
2022-12-03 00:00:00+00:00,19.390625,5.0500007,0.19375002,Western Australia
2022-12-04 00:00:00+00:00,17.079166,6.850001,0.19886461,Western Australia
2022-12-05 00:00:00+00:00,17.440626,1.3499999,0.21165626,Western Australia
2022-12-06 00:00:00+00:00,15.871355,0.57500005,0.21292709,Western Australia
2022-12-07 00:00:00+00:00,17.71823,10.174999,0.21219791,Western Australia
2022-12-08 00:00:00+00:00,19.705208,3.4750001,0.2331458,Western Australia
2022-12-09 00:00:00+00:00,18.72292,0.425,0.23029166,Western Australia
2022-12-10 00:00:00+00:00,16.146875,0.57500005,0.22555207,Western Australia
2022-12-11 00:00:00+00:00,14.883333,0.05,0.2201354,Western Australia
2022-12-12 00:00:00+00:00,15.389584,0.2,0.21634373,Western Australia
2022-12-13 00:00:00+00:00,16.29323,1.3000001,0.21390623,Western Australia
2022-12-14 00:00:00+00:00,17.152603,0.075,0.21254162,Western Australia
2022-12-15 00:00:00+00:00,17.146875,0.125,0.21070835,Western Australia
2022-12-16 00:00:00+00:00,17.06406,0.575,0.2064896,Western Australia
2022-12-17 00:00:00+00:00,18.103645,0.6,0.2043854,Western Australia
2022-12-18 00:00:00+00:00,19.402084,0.4,0.20215625,Western Australia
2022-12-19 00:00:00+00:00,20.557293,0.05,0.19954169,Western Australia
2022-12-20 00:00:00+00:00,20.784895,0.15,0.1969896,Western Australia
2022-12-21 00:00:00+00:00,20.432812,0.025,0.19434375,Western Australia
2022-12-22 00:00:00+00:00,21.310938,0.0,0.19215624,Western Australia
2022-12-23 00:00:00+00:00,23.899479,0.0,0.18861458,Western Australia
2022-12-24 00:00:00+00:00,24.01927,0.025,0.18653125,Western Australia
2022-12-25 00:00:00+00:00,22.07448,0.0,0.18532293,Western Australia
2022-12-26 00:00:00+00:00,22.167187,0.0,0.18442708,Western Australia
2022-12-27 00:00:00+00:00,18.279167,0.0,0.18359375,Western Australia
2022-12-28 00:00:00+00:00,18.374477,0.0,0.18309376,Western Australia
2022-12-29 00:00:00+00:00,22.16927,0.0,0.18209374,Western Australia
2022-12-30 00:00:00+00:00,25.151564,0.0,0.18081248,Western Australia
2022-12-31 00:00:00+00:00,21.444271,0.0,0.17925,Western Australia
2023-01-01 00:00:00+00:00,18.859898,0.025,0.17864579,Western Australia
2023-01-02 00:00:00+00:00,19.051043,0.025,0.17735416,Western Australia
2023-01-03 00:00:00+00:00,19.058853,0.125,0.17661458,Western Australia
2023-01-04 00:00:00+00:00,20.413542,0.025,0.17539582,Western Australia
2023-01-05 00:00:00+00:00,21.51302,0.0,0.17468752,Western Australia
2023-01-06 00:00:00+00:00,23.139061,0.025,0.17340624,Western Australia
2023-01-07 00:00:00+00:00,18.277603,0.15,0.17377084,Western Australia
2023-01-08 00:00:00+00:00,19.675522,0.0,0.17424999,Western Australia
2023-01-09 00:00:00+00:00,23.506771,0.0,0.17297915,Western Australia
2023-01-10 00:00:00+00:00,26.111977,0.875,0.17102085,Western Australia
2023-01-11 00:00:00+00:00,22.221355,0.0,0.17066665,Western Australia
2023-01-12 00:00:00+00:00,22.2875,0.0,0.17008331,Western Australia
2023-01-13 00:00:00+00:00,22.88854,0.125,0.168625,Western Australia
2023-01-14 00:00:00+00:00,17.425,0.0,0.16848958,Western Australia
2023-01-15 00:00:00+00:00,22.854166,0.40000004,0.1673229,Western Australia
2023-01-16 00:00:00+00:00,18.922396,1.9999998,0.16722918,Western Australia
2023-01-17 00:00:00+00:00,16.814583,0.0,0.16708334,Western Australia
2023-01-18 00:00:00+00:00,18.050001,0.025,0.16862498,Western Australia
2023-01-19 00:00:00+00:00,19.762499,0.17500001,0.1670521,Western Australia
2023-01-20 00:00:00+00:00,21.877604,0.0,0.16610415,Western Australia
2023-01-21 00:00:00+00:00,23.502083,0.05,0.16483334,Western Australia
2023-01-22 00:00:00+00:00,22.585417,2.0,0.16471875,Western Australia
2023-01-23 00:00:00+00:00,24.695833,0.0,0.16445835,Western Australia
2023-01-24 00:00:00+00:00,24.56302,0.05,0.16338542,Western Australia
2023-01-25 00:00:00+00:00,20.322916,0.0,0.16279165,Western Australia
2023-01-26 00:00:00+00:00,23.47448,7.925,0.16241665,Western Australia
2023-01-27 00:00:00+00:00,18.289583,0.8249999,0.1687396,Western Australia
2023-01-28 00:00:00+00:00,18.478647,0.0,0.17360418,Western Australia
2023-01-29 00:00:00+00:00,21.827084,0.0,0.17303127,Western Australia
2023-01-30 00:00:00+00:00,24.47083,0.075,0.17145835,Western Australia
2023-01-31 00:00:00+00:00,20.602085,0.125,0.17140627,Western Australia
2023-02-01 00:00:00+00:00,17.258854,0.0,0.1715104,Western Australia
2023-02-02 00:00:00+00:00,19.064062,0.0,0.17176041,Western Australia
2023-02-03 00:00:00+00:00,20.131252,0.0,0.17125,Western Australia
2023-02-04 00:00:00+00:00,23.829166,0.05,0.1701875,Western Australia
2023-02-05 00:00:00+00:00,27.014061,0.025,0.1691354,Western Australia
2023-02-06 00:00:00+00:00,26.322916,0.025,0.16869791,Western Australia
2023-02-07 00:00:00+00:00,23.00573,0.05,0.1684375,Western Australia
2023-02-08 00:00:00+00:00,21.147917,0.025,0.16748956,Western Australia
2023-02-09 00:00:00+00:00,20.464064,0.0,0.16645834,Western Australia
2023-02-10 00:00:00+00:00,22.720835,0.0,0.16541667,Western Australia
2023-02-11 00:00:00+00:00,19.316666,0.075,0.16442707,Western Australia
2023-02-12 00:00:00+00:00,20.25625,0.0,0.16369791,Western Australia
2023-02-13 00:00:00+00:00,24.003126,0.0,0.16275002,Western Australia
2023-02-14 00:00:00+00:00,23.86823,0.1,0.16233335,Western Australia
2023-02-15 00:00:00+00:00,19.321354,0.05,0.16154166,Western Australia
2023-02-16 00:00:00+00:00,21.779167,0.0,0.16067712,Western Australia
2023-02-17 00:00:00+00:00,22.154165,0.0,0.15977082,Western Australia
2023-02-18 00:00:00+00:00,24.951038,0.0,0.15914582,Western Australia
2023-02-19 00:00:00+00:00,23.797394,0.0,0.15860415,Western Australia
2023-02-20 00:00:00+00:00,24.058853,0.2,0.15816666,Western Australia
2023-02-21 00:00:00+00:00,29.23958,0.0,0.15623957,Western Australia
2023-02-22 00:00:00+00:00,23.425,4.075,0.15717706,Western Australia
2023-02-23 00:00:00+00:00,16.76979,1.1,0.15996875,Western Australia
2023-02-24 00:00:00+00:00,17.062498,0.0,0.16408333,Western Australia
2023-02-25 00:00:00+00:00,19.49427,0.0,0.16308331,Western Australia
2023-02-26 00:00:00+00:00,21.070312,0.075,0.1614479,Western Australia
2023-02-27 00:00:00+00:00,21.76042,0.025,0.1599479,Western Australia
2023-02-28 00:00:00+00:00,20.170311,0.2,0.158875,Western Australia
2023-03-01 00:00:00+00:00,21.34427,0.05,0.15779166,Western Australia
2023-03-02 00:00:00+00:00,22.867188,0.025,0.15764582,Western Australia
2023-03-03 00:00:00+00:00,24.941666,0.0,0.15954165,Western Australia
2023-03-04 00:00:00+00:00,20.472916,0.1,0.15858333,Western Australia
2023-03-05 00:00:00+00:00,18.206251,0.05,0.1583958,Western Australia
2023-03-06 00:00:00+00:00,17.021873,0.15,0.15715624,Western Australia
2023-03-07 00:00:00+00:00,17.21875,0.0,0.15743752,Western Australia
2023-03-08 00:00:00+00:00,20.35521,0.575,0.15716667,Western Australia
2023-03-09 00:00:00+00:00,21.655731,0.05,0.15804167,Western Australia
2023-03-10 00:00:00+00:00,20.385418,0.0,0.15697917,Western Australia
2023-03-11 00:00:00+00:00,20.036459,0.1,0.15708335,Western Australia
2023-03-12 00:00:00+00:00,23.177605,0.0,0.15911457,Western Australia
2023-03-13 00:00:00+00:00,23.687502,0.0,0.15777083,Western Australia
2023-03-14 00:00:00+00:00,22.177084,0.0,0.15681249,Western Australia
2023-03-15 00:00:00+00:00,24.765104,0.0,0.15582293,Western Australia
2023-03-16 00:00:00+00:00,23.246874,0.05,0.15395832,Western Australia
2023-03-17 00:00:00+00:00,18.195831,0.15,0.15304168,Western Australia
2023-03-18 00:00:00+00:00,17.59375,0.025,0.15109374,Western Australia
2023-03-19 00:00:00+00:00,19.58125,0.075,0.151875,Western Australia
2023-03-20 00:00:00+00:00,22.571354,0.9250001,0.15178126,Western Australia
2023-03-21 00:00:00+00:00,21.485937,5.125,0.1575625,Western Australia
2023-03-22 00:00:00+00:00,21.329168,0.025,0.16590625,Western Australia
2023-03-23 00:00:00+00:00,21.690626,0.025,0.16545834,Western Australia
2023-03-24 00:00:00+00:00,21.336458,7.750001,0.16847917,Western Australia
2023-03-25 00:00:00+00:00,19.683332,15.325001,0.18942708,Western Australia
2023-03-26 00:00:00+00:00,15.802604,4.125,0.21577084,Western Australia
2023-03-27 00:00:00+00:00,15.36875,0.17500001,0.22129169,Western Australia
2023-03-28 00:00:00+00:00,15.293229,0.075,0.22061457,Western Australia
2023-03-29 00:00:00+00:00,16.781773,0.17500001,0.21790624,Western Australia
2023-03-30 00:00:00+00:00,17.660416,1.025,0.21481252,Western Australia
2023-03-31 00:00:00+00:00,17.481249,7.1750007,0.2164896,Western Australia
2023-04-01 00:00:00+00:00,17.42604,0.3,0.21855205,Western Australia
2023-04-02 00:00:00+00:00,18.428125,0.125,0.21972919,Western Australia
2023-04-03 00:00:00+00:00,18.907291,1.225,0.2184167,Western Australia
2023-04-04 00:00:00+00:00,16.078648,2.2,0.21628124,Western Australia
2023-04-05 00:00:00+00:00,16.404686,0.45000002,0.2137604,Western Australia
2023-04-06 00:00:00+00:00,15.664063,0.4,0.21178125,Western Australia
2023-04-07 00:00:00+00:00,15.378125,10.625,0.21389581,Western Australia
2023-04-08 00:00:00+00:00,14.1953125,4.9,0.22647917,Western Australia
2023-04-09 00:00:00+00:00,15.643229,0.275,0.23635414,Western Australia
2023-04-10 00:00:00+00:00,17.789062,1.325,0.23769793,Western Australia
2023-04-11 00:00:00+00:00,16.09948,0.1,0.2379167,Western Australia
2023-04-12 00:00:00+00:00,17.427603,0.025,0.23621872,Western Australia
2023-04-13 00:00:00+00:00,17.60729,3.1999998,0.23306249,Western Australia
2023-04-14 00:00:00+00:00,11.548437,0.25,0.2339791,Western Australia
2023-04-15 00:00:00+00:00,14.311459,0.45000002,0.23472914,Western Australia
2023-04-16 00:00:00+00:00,15.855207,0.05,0.23267704,Western Australia
2023-04-17 00:00:00+00:00,17.439062,0.025,0.23027086,Western Australia
2023-04-18 00:00:00+00:00,13.701562,0.05,0.22747914,Western Australia
2023-04-19 00:00:00+00:00,13.781771,0.0,0.22372916,Western Australia
2023-04-20 00:00:00+00:00,15.161458,0.0,0.22062501,Western Australia
2023-04-21 00:00:00+00:00,16.306252,0.0,0.2189583,Western Australia
2023-04-22 00:00:00+00:00,18.178644,0.0,0.21693747,Western Australia
2023-04-23 00:00:00+00:00,20.303646,0.025,0.21453126,Western Australia
2023-04-24 00:00:00+00:00,15.928124,4.325,0.21224998,Western Australia
2023-04-25 00:00:00+00:00,13.616667,4.8250003,0.21507287,Western Australia
2023-04-26 00:00:00+00:00,14.8880205,0.7250001,0.21736458,Western Australia
2023-04-27 00:00:00+00:00,12.126563,0.8,0.21943748,Western Australia
2023-04-28 00:00:00+00:00,11.344271,0.125,0.2196146,Western Australia
2023-04-29 00:00:00+00:00,12.488021,0.05,0.21783331,Western Australia
2023-04-30 00:00:00+00:00,13.585416,0.0,0.21540627,Western Australia
2023-05-01 00:00:00+00:00,13.034374,0.25,0.21359375,Western Australia
2023-05-02 00:00:00+00:00,13.647396,0.0,0.2113542,Western Australia
2023-05-03 00:00:00+00:00,15.752083,0.0,0.20872915,Western Australia
2023-05-04 00:00:00+00:00,15.493227,0.025,0.20678124,Western Australia
2023-05-05 00:00:00+00:00,12.851042,0.0,0.20616668,Western Australia
2023-05-06 00:00:00+00:00,12.494271,1.3499999,0.20583336,Western Australia
2023-05-07 00:00:00+00:00,13.831771,0.125,0.20581248,Western Australia
2023-05-08 00:00:00+00:00,14.826042,0.15,0.20485418,Western Australia
2023-05-09 00:00:00+00:00,17.060938,0.075,0.20226043,Western Australia
2023-05-10 00:00:00+00:00,14.571354,3.1999998,0.20282295,Western Australia
2023-05-11 00:00:00+00:00,11.488543,0.0,0.20787498,Western Australia
2023-05-12 00:00:00+00:00,14.806251,1.25,0.20692709,Western Australia
2023-05-13 00:00:00+00:00,13.64427,3.4499998,0.20904168,Western Australia
2023-05-14 00:00:00+00:00,12.08802,0.175,0.21033335,Western Australia
2023-05-15 00:00:00+00:00,12.737499,0.0,0.20950001,Western Australia
2023-05-16 00:00:00+00:00,13.766666,0.0,0.20882289,Western Australia
2023-05-17 00:00:00+00:00,14.509896,0.0,0.20930208,Western Australia
2023-05-18 00:00:00+00:00,13.853646,0.0,0.20835418,Western Australia
2023-05-19 00:00:00+00:00,12.578125,0.15,0.20628123,Western Australia
2023-05-20 00:00:00+00:00,11.6848955,0.075,0.20351039,Western Australia
2023-05-21 00:00:00+00:00,12.517187,0.0,0.20223957,Western Australia
2023-05-22 00:00:00+00:00,14.088021,0.025,0.2004375,Western Australia
2023-05-23 00:00:00+00:00,16.89427,1.375,0.19827083,Western Australia
2023-05-24 00:00:00+00:00,13.298438,0.5,0.19887501,Western Australia
2023-05-25 00:00:00+00:00,11.06927,0.0,0.20079169,Western Australia
2023-05-26 00:00:00+00:00,9.780729,0.0,0.19908333,Western Australia
2023-05-27 00:00:00+00:00,11.361458,0.0,0.20015627,Western Australia
2023-05-28 00:00:00+00:00,12.072917,0.0,0.19779168,Western Australia
2023-05-29 00:00:00+00:00,15.927605,0.05,0.19644791,Western Australia
2023-05-30 00:00:00+00:00,16.895832,1.6750001,0.1947396,Western Australia
2023-05-31 00:00:00+00:00,15.503645,20.225,0.20326042,Western Australia
2023-06-01 00:00:00+00:00,12.795313,3.625,0.22772917,Western Australia
2023-06-02 00:00:00+00:00,11.121354,2.8999999,0.2363021,Western Australia
2023-06-03 00:00:00+00:00,10.756249,0.125,0.24081251,Western Australia
2023-06-04 00:00:00+00:00,12.43125,3.225,0.24264586,Western Australia
2023-06-05 00:00:00+00:00,11.3463545,9.300001,0.25501043,Western Australia
2023-06-06 00:00:00+00:00,8.113542,0.17500001,0.27108333,Western Australia
2023-06-07 00:00:00+00:00,9.896875,0.1,0.27484375,Western Australia
2023-06-08 00:00:00+00:00,11.54375,0.82500005,0.27478126,Western Australia
2023-06-09 00:00:00+00:00,12.390625,0.6750001,0.27305204,Western Australia
2023-06-10 00:00:00+00:00,13.688541,0.27500004,0.27286455,Western Australia
2023-06-11 00:00:00+00:00,10.7526045,0.375,0.27071872,Western Australia
2023-06-12 00:00:00+00:00,10.668751,0.425,0.2694271,Western Australia
2023-06-13 00:00:00+00:00,12.574999,0.075,0.26771876,Western Australia
2023-06-14 00:00:00+00:00,11.744791,0.9250001,0.266125,Western Australia
2023-06-15 00:00:00+00:00,13.57604,0.22500001,0.26421875,Western Australia
2023-06-16 00:00:00+00:00,9.885938,2.675,0.26291668,Western Australia
2023-06-17 00:00:00+00:00,8.244792,0.025,0.26376042,Western Australia
2023-06-18 00:00:00+00:00,8.421875,0.0,0.26270837,Western Australia
2023-06-19 00:00:00+00:00,9.1375,1.1,0.26007292,Western Australia
2023-06-20 00:00:00+00:00,8.7125,2.175,0.25845832,Western Australia
2023-06-21 00:00:00+00:00,8.206771,6.125,0.26154163,Western Australia
2023-06-22 00:00:00+00:00,10.159895,1.8750001,0.27452087,Western Australia
2023-06-23 00:00:00+00:00,7.8973956,0.075,0.27680206,Western Australia
2023-06-24 00:00:00+00:00,8.317708,3.2999997,0.27706248,Western Australia
2023-06-25 00:00:00+00:00,6.5932293,3.15,0.2804896,Western Australia
2023-06-26 00:00:00+00:00,7.3572917,1.225,0.28775004,Western Australia
2023-06-27 00:00:00+00:00,8.832293,0.35000002,0.28643754,Western Australia
2023-06-28 00:00:00+00:00,8.871353,0.275,0.2829896,Western Australia
2023-06-29 00:00:00+00:00,8.471876,0.0,0.28396878,Western Australia
2023-06-30 00:00:00+00:00,8.795312,0.075,0.28143746,Western Australia
2023-07-01 00:00:00+00:00,8.306771,0.0,0.2798125,Western Australia
2023-07-02 00:00:00+00:00,9.264062,0.0,0.2770208,Western Australia
2023-07-03 00:00:00+00:00,11.778645,3.9,0.2754271,Western Australia
2023-07-04 00:00:00+00:00,10.271355,0.52500004,0.2760417,Western Australia
2023-07-05 00:00:00+00:00,8.810417,0.79999995,0.27536464,Western Australia
2023-07-06 00:00:00+00:00,10.772396,0.075,0.27469793,Western Australia
2023-07-07 00:00:00+00:00,12.500521,0.2,0.27263546,Western Australia
2023-07-08 00:00:00+00:00,11.58125,0.2,0.27144793,Western Australia
2023-07-09 00:00:00+00:00,11.642709,0.0,0.2683958,Western Australia
2023-07-10 00:00:00+00:00,11.784374,0.0,0.2644687,Western Australia
2023-07-11 00:00:00+00:00,12.465104,0.0,0.26213545,Western Australia
2023-07-12 00:00:00+00:00,14.452603,0.25,0.257625,Western Australia
2023-07-13 00:00:00+00:00,12.360937,2.1,0.25502083,Western Australia
2023-07-14 00:00:00+00:00,7.3255205,1.7,0.2563854,Western Australia
2023-07-15 00:00:00+00:00,6.9833336,0.0,0.25675002,Western Australia
2023-07-16 00:00:00+00:00,8.674479,0.0,0.25522918,Western Australia
2023-07-17 00:00:00+00:00,11.311459,0.0,0.25238538,Western Australia
2023-07-18 00:00:00+00:00,14.148957,2.5,0.24980208,Western Australia
2023-07-19 00:00:00+00:00,8.280209,1.3500001,0.25189584,Western Australia
2023-07-20 00:00:00+00:00,9.313541,0.05,0.25591666,Western Australia
2023-07-21 00:00:00+00:00,10.828646,1.075,0.25787497,Western Australia
2023-07-22 00:00:00+00:00,9.003124,0.0,0.25973958,Western Australia
2023-07-23 00:00:00+00:00,9.864062,0.0,0.25778127,Western Australia
2023-07-24 00:00:00+00:00,12.503645,0.0,0.25336456,Western Australia
2023-07-25 00:00:00+00:00,13.519791,3.6250002,0.25296873,Western Australia
2023-07-26 00:00:00+00:00,11.65052,1.9250001,0.2548646,Western Australia
2023-07-27 00:00:00+00:00,10.589582,0.4,0.254625,Western Australia
2023-07-28 00:00:00+00:00,12.746353,0.075,0.2499583,Western Australia
2023-07-29 00:00:00+00:00,12.5859375,0.425,0.24964584,Western Australia
2023-07-30 00:00:00+00:00,11.521874,0.2,0.24965626,Western Australia
2023-07-31 00:00:00+00:00,11.203646,0.125,0.24878125,Western Australia
2023-08-01 00:00:00+00:00,15.591667,0.075,0.24493752,Western Australia
2023-08-02 00:00:00+00:00,14.539582,14.2,0.24338543,Western Australia
2023-08-03 00:00:00+00:00,7.557812,4.3999996,0.2645417,Western Australia
2023-08-04 00:00:00+00:00,7.613021,0.0,0.26765624,Western Australia
2023-08-05 00:00:00+00:00,8.935938,0.0,0.26677084,Western Australia
2023-08-06 00:00:00+00:00,13.158334,0.0,0.2646458,Western Australia
2023-08-07 00:00:00+00:00,18.490623,0.8499999,0.26079166,Western Australia
2023-08-08 00:00:00+00:00,15.24375,3.925,0.25715628,Western Australia
2023-08-09 00:00:00+00:00,9.391146,0.125,0.25715622,Western Australia
2023-08-10 00:00:00+00:00,11.443229,7.9249997,0.25651044,Western Australia
2023-08-11 00:00:00+00:00,10.086459,3.0250003,0.26447916,Western Australia
2023-08-12 00:00:00+00:00,10.895833,0.875,0.27183336,Western Australia
2023-08-13 00:00:00+00:00,10.655209,0.5,0.27507287,Western Australia
2023-08-14 00:00:00+00:00,11.580208,0.125,0.27425,Western Australia
2023-08-15 00:00:00+00:00,12.445832,4.075,0.27279162,Western Australia
2023-08-16 00:00:00+00:00,9.235415,1.15,0.28102076,Western Australia
2023-08-17 00:00:00+00:00,10.739062,0.2,0.28324997,Western Australia
2023-08-18 00:00:00+00:00,11.665104,0.275,0.28159374,Western Australia
2023-08-19 00:00:00+00:00,11.607292,0.025,0.2780625,Western Australia
2023-08-20 00:00:00+00:00,13.124479,0.025,0.27389586,Western Australia
2023-08-21 00:00:00+00:00,9.714063,0.25,0.27,Western Australia
2023-08-22 00:00:00+00:00,10.308333,0.0,0.2659583,Western Australia
2023-08-23 00:00:00+00:00,11.457813,0.0,0.26154166,Western Australia
2023-08-24 00:00:00+00:00,12.516146,0.0,0.25741667,Western Australia
2023-08-25 00:00:00+00:00,15.215625,0.0,0.25185415,Western Australia
2023-08-26 00:00:00+00:00,15.933334,0.0,0.2464792,Western Australia
2023-08-27 00:00:00+00:00,16.279686,0.025,0.24234374,Western Australia
2023-08-28 00:00:00+00:00,15.571876,0.05,0.23789586,Western Australia
2023-08-29 00:00:00+00:00,11.129687,0.275,0.23571877,Western Australia
2023-08-30 00:00:00+00:00,10.952084,0.0,0.23434374,Western Australia
2023-08-31 00:00:00+00:00,15.416666,0.0,0.23080204,Western Australia
2023-09-01 00:00:00+00:00,17.197916,0.425,0.22656253,Western Australia
2023-09-02 00:00:00+00:00,14.666145,2.85,0.22494791,Western Australia
2023-09-03 00:00:00+00:00,10.0703125,1.55,0.22543748,Western Australia
2023-09-04 00:00:00+00:00,11.572395,0.5,0.22602083,Western Australia
2023-09-05 00:00:00+00:00,14.417708,1.0500001,0.2245625,Western Australia
2023-09-06 00:00:00+00:00,9.173437,1.1249999,0.22496876,Western Australia
2023-09-07 00:00:00+00:00,9.331249,0.0,0.22511458,Western Australia
2023-09-08 00:00:00+00:00,14.175001,0.0,0.22587499,Western Australia
2023-09-09 00:00:00+00:00,16.459373,0.025,0.22328125,Western Australia
2023-09-10 00:00:00+00:00,16.305729,0.1,0.22019786,Western Australia
2023-09-11 00:00:00+00:00,20.757812,0.0,0.21644793,Western Australia
2023-09-12 00:00:00+00:00,20.32448,0.57500005,0.21511458,Western Australia
2023-09-13 00:00:00+00:00,15.567186,6.8,0.2129583,Western Australia
2023-09-14 00:00:00+00:00,14.625521,0.05,0.21516663,Western Australia
2023-09-15 00:00:00+00:00,16.557293,0.025,0.21510415,Western Australia
2023-09-16 00:00:00+00:00,15.743229,0.275,0.21419792,Western Australia
2023-09-17 00:00:00+00:00,12.020833,0.125,0.21299995,Western Australia
2023-09-18 00:00:00+00:00,14.553645,0.025,0.21156247,Western Australia
2023-09-19 00:00:00+00:00,14.454687,0.05,0.21017711,Western Australia
2023-09-20 00:00:00+00:00,14.097395,0.025,0.20704168,Western Australia
2023-09-21 00:00:00+00:00,19.052084,0.05,0.204875,Western Australia
2023-09-22 00:00:00+00:00,22.583855,0.35,0.20144792,Western Australia
2023-09-23 00:00:00+00:00,16.822916,0.47500002,0.20007291,Western Australia
2023-09-24 00:00:00+00:00,14.001041,0.15,0.20039584,Western Australia
2023-09-25 00:00:00+00:00,16.248436,0.45000002,0.1983125,Western Australia
2023-09-26 00:00:00+00:00,16.319792,0.075,0.19585416,Western Australia
2023-09-27 00:00:00+00:00,21.83177,0.0,0.19427083,Western Australia
2023-09-28 00:00:00+00:00,22.785938,0.0,0.19180208,Western Australia
2023-09-29 00:00:00+00:00,19.722395,0.1,0.1903125,Western Australia
2023-09-30 00:00:00+00:00,15.098959,0.05,0.18959375,Western Australia
2023-10-01 00:00:00+00:00,18.241146,1.1,0.1881146,Western Australia
2023-10-02 00:00:00+00:00,11.530729,0.575,0.18811458,Western Australia
2023-10-03 00:00:00+00:00,11.927605,0.5,0.19141667,Western Australia
2023-10-04 00:00:00+00:00,14.177605,0.0,0.19082291,Western Australia
2023-10-05 00:00:00+00:00,16.667187,0.0,0.18915625,Western Australia
2023-10-06 00:00:00+00:00,20.115625,0.0,0.18804166,Western Australia
2023-10-07 00:00:00+00:00,22.240105,0.0,0.18635418,Western Australia
2023-10-08 00:00:00+00:00,22.2625,0.0,0.18479164,Western Australia
2023-10-09 00:00:00+00:00,20.2875,0.025,0.18402085,Western Australia
2023-10-10 00:00:00+00:00,16.144272,0.05,0.18323961,Western Australia
2023-10-11 00:00:00+00:00,14.380209,0.1,0.18270835,Western Australia
2023-10-12 00:00:00+00:00,14.892187,0.0,0.18202083,Western Australia
2023-10-13 00:00:00+00:00,16.809895,0.0,0.18119791,Western Australia
2023-10-14 00:00:00+00:00,17.240105,0.0,0.18014587,Western Australia
2023-10-15 00:00:00+00:00,18.15052,0.0,0.1790521,Western Australia
2023-10-16 00:00:00+00:00,21.944271,0.0,0.17825001,Western Australia
2023-10-17 00:00:00+00:00,24.728645,0.0,0.17734371,Western Australia
2023-10-18 00:00:00+00:00,16.48698,0.0,0.17657292,Western Australia
2023-10-19 00:00:00+00:00,15.410418,0.0,0.17621875,Western Australia
2023-10-20 00:00:00+00:00,16.970833,0.0,0.17555209,Western Australia
2023-10-21 00:00:00+00:00,22.453125,0.05,0.17538543,Western Australia
2023-10-22 00:00:00+00:00,19.184374,3.4499998,0.17628127,Western Australia
2023-10-23 00:00:00+00:00,13.20573,0.40000004,0.17842707,Western Australia
2023-10-24 00:00:00+00:00,13.746355,0.075,0.17627084,Western Australia
2023-10-25 00:00:00+00:00,18.81927,0.0,0.1771146,Western Australia
2023-10-26 00:00:00+00:00,19.391666,0.15,0.17610416,Western Australia
2023-10-27 00:00:00+00:00,14.288021,0.025,0.17523956,Western Australia
2023-10-28 00:00:00+00:00,15.7109375,0.0,0.17541666,Western Australia
2023-10-29 00:00:00+00:00,15.160416,0.05,0.1751771,Western Australia
2023-10-30 00:00:00+00:00,13.855729,0.05,0.17414585,Western Australia
2023-10-31 00:00:00+00:00,16.215103,0.125,0.17506249,Western Australia
2023-11-01 00:00:00+00:00,18.475521,0.0,0.17476043,Western Australia
2023-11-02 00:00:00+00:00,17.929688,0.0,0.17346874,Western Australia
2023-11-03 00:00:00+00:00,18.619791,0.05,0.17171875,Western Australia
2023-11-04 00:00:00+00:00,20.845312,1.0,0.17068751,Western Australia
2023-11-05 00:00:00+00:00,23.435936,0.85,0.171125,Western Australia
2023-11-06 00:00:00+00:00,22.63073,0.025,0.17129168,Western Australia
2023-11-07 00:00:00+00:00,19.086456,0.05,0.17514585,Western Australia
2023-11-08 00:00:00+00:00,20.742708,0.0,0.17442709,Western Australia
2023-11-09 00:00:00+00:00,18.455208,0.0,0.17389582,Western Australia
2023-11-10 00:00:00+00:00,16.270832,0.025,0.17334376,Western Australia
2023-11-11 00:00:00+00:00,15.786459,0.1,0.173875,Western Australia
2023-11-12 00:00:00+00:00,17.151043,4.35,0.17639585,Western Australia
2023-11-13 00:00:00+00:00,17.886978,6.5499997,0.18053126,Western Australia
2023-11-14 00:00:00+00:00,18.284374,11.8,0.19378124,Western Australia
2023-11-15 00:00:00+00:00,15.534896,0.8,0.19822916,Western Australia
2023-11-16 00:00:00+00:00,15.624478,0.37500006,0.1996771,Western Australia
2023-11-17 00:00:00+00:00,16.369791,0.25,0.19725001,Western Australia
2023-11-18 00:00:00+00:00,18.48073,0.0,0.19282292,Western Australia
2023-11-19 00:00:00+00:00,20.190626,0.0,0.19009376,Western Australia
2023-11-20 00:00:00+00:00,19.501041,0.0,0.18605208,Western Australia
2023-11-21 00:00:00+00:00,20.040104,0.0,0.18259375,Western Australia
2023-11-22 00:00:00+00:00,20.971874,0.0,0.18140626,Western Australia
2023-11-23 00:00:00+00:00,21.0125,0.0,0.18084374,Western Australia
2023-11-24 00:00:00+00:00,21.74271,0.0,0.18016668,Western Australia
2023-11-25 00:00:00+00:00,20.056772,0.425,0.17886458,Western Australia
2023-11-26 00:00:00+00:00,19.195833,1.6499999,0.1774375,Western Australia
2023-11-27 00:00:00+00:00,17.898958,7.5000005,0.1778854,Western Australia
2023-11-28 00:00:00+00:00,18.659376,4.2,0.17834376,Western Australia
2023-11-29 00:00:00+00:00,18.922916,1.175,0.18234372,Western Australia
2023-11-30 00:00:00+00:00,19.506771,0.125,0.1821875,Western Australia
2023-12-01 00:00:00+00:00,22.172396,0.0,0.18067709,Western Australia
2023-12-02 00:00:00+00:00,24.513542,0.0,0.17926042,Western Australia
2023-12-03 00:00:00+00:00,22.074478,0.0,0.17683332,Western Australia
2023-12-04 00:00:00+00:00,22.571875,0.0,0.17404164,Western Australia
2023-12-05 00:00:00+00:00,20.346354,0.0,0.17286459,Western Australia
2023-12-06 00:00:00+00:00,22.138542,0.0,0.17215624,Western Australia
2023-12-07 00:00:00+00:00,20.59375,0.65,0.17144792,Western Australia
2023-12-08 00:00:00+00:00,16.248436,0.05,0.17118749,Western Australia
2023-12-09 00:00:00+00:00,16.348957,0.0,0.17072913,Western Australia
2023-12-10 00:00:00+00:00,16.96198,0.025,0.16933332,Western Australia
2023-12-11 00:00:00+00:00,18.560938,0.17500001,0.16827083,Western Australia
2023-12-12 00:00:00+00:00,19.946354,0.0,0.16755208,Western Australia
2023-12-13 00:00:00+00:00,22.024479,0.025,0.16670832,Western Australia
2023-12-14 00:00:00+00:00,18.620312,0.0,0.16646874,Western Australia
2023-12-15 00:00:00+00:00,18.941147,0.0,0.16573957,Western Australia
2023-12-16 00:00:00+00:00,22.541668,2.475,0.16518751,Western Australia
2023-12-17 00:00:00+00:00,19.754168,0.075,0.1654375,Western Australia
2023-12-18 00:00:00+00:00,17.78125,0.0,0.16392708,Western Australia
2023-12-19 00:00:00+00:00,18.75,0.075,0.16259374,Western Australia
2023-12-20 00:00:00+00:00,20.7875,0.775,0.16115627,Western Australia
2023-12-21 00:00:00+00:00,20.937498,0.2,0.15969793,Western Australia
2023-12-22 00:00:00+00:00,21.913023,0.1,0.15894791,Western Australia
2023-12-23 00:00:00+00:00,19.402084,0.025,0.15829167,Western Australia
2023-12-24 00:00:00+00:00,20.045311,0.0,0.15819791,Western Australia
2023-12-25 00:00:00+00:00,25.625519,0.525,0.15788542,Western Australia
2023-12-26 00:00:00+00:00,24.5875,0.075,0.15732294,Western Australia
2023-12-27 00:00:00+00:00,20.211979,0.35000002,0.1566771,Western Australia
2023-12-28 00:00:00+00:00,18.227604,1.075,0.15675002,Western Australia
2023-12-29 00:00:00+00:00,18.508335,1.325,0.15767711,Western Australia
2023-12-30 00:00:00+00:00,20.95729,0.65,0.1573125,Western Australia
2023-12-31 00:00:00+00:00,21.632292,0.1,0.15810418,Western Australia
2024-01-01 00:00:00+00:00,23.307468,7.2399993,0.30816665,Queensland
2024-01-02 00:00:00+00:00,23.641216,1.6400001,0.30690002,Queensland
2024-01-03 00:00:00+00:00,26.027882,0.5,0.30280834,Queensland
2024-01-04 00:00:00+00:00,27.441217,0.46000004,0.29315,Queensland
2024-01-05 00:00:00+00:00,26.105799,3.98,0.28394166,Queensland
2024-01-06 00:00:00+00:00,24.886633,0.98000014,0.274725,Queensland
2024-01-07 00:00:00+00:00,25.249134,0.74000007,0.27105004,Queensland
2024-01-08 00:00:00+00:00,24.931633,6.1600003,0.26879168,Queensland
2024-01-09 00:00:00+00:00,24.807467,6.5800004,0.26942497,Queensland
2024-01-10 00:00:00+00:00,25.353718,10.5,0.27212504,Queensland
2024-01-11 00:00:00+00:00,25.17955,0.76000005,0.2677584,Queensland
2024-01-12 00:00:00+00:00,25.324966,0.7200001,0.26351663,Queensland
2024-01-13 00:00:00+00:00,25.714966,0.76000005,0.25849167,Queensland
2024-01-14 00:00:00+00:00,26.722881,0.52,0.25320834,Queensland
2024-01-15 00:00:00+00:00,25.429966,2.8800006,0.25009164,Queensland
2024-01-16 00:00:00+00:00,25.786219,2.46,0.24863334,Queensland
2024-01-17 00:00:00+00:00,27.042465,1.26,0.24744165,Queensland
2024-01-18 00:00:00+00:00,26.310383,6.7,0.25549167,Queensland
2024-01-19 00:00:00+00:00,26.419132,9.000001,0.27522498,Queensland
2024-01-20 00:00:00+00:00,26.312466,1.1800001,0.28335,Queensland
2024-01-21 00:00:00+00:00,28.5483,0.44,0.27939996,Queensland
2024-01-22 00:00:00+00:00,29.81538,0.08,0.27465835,Queensland
2024-01-23 00:00:00+00:00,27.482468,0.060000002,0.26974997,Queensland
2024-01-24 00:00:00+00:00,26.89455,0.18,0.26563334,Queensland
2024-01-25 00:00:00+00:00,27.610798,1.8999999,0.26082498,Queensland
2024-01-26 00:00:00+00:00,28.717052,4.6000004,0.25914165,Queensland
2024-01-27 00:00:00+00:00,27.75205,16.560001,0.260825,Queensland
2024-01-28 00:00:00+00:00,26.624964,17.560001,0.29280835,Queensland
2024-01-29 00:00:00+00:00,26.498714,50.94,0.3308,Queensland
2024-01-30 00:00:00+00:00,25.391216,12.68,0.33293334,Queensland
2024-01-31 00:00:00+00:00,25.444967,1.7199999,0.32165,Queensland
2024-02-01 00:00:00+00:00,25.534967,0.0,0.30933335,Queensland
2024-02-02 00:00:00+00:00,27.36205,0.0,0.298325,Queensland
2024-02-03 00:00:00+00:00,27.742054,0.0,0.28827497,Queensland
2024-02-04 00:00:00+00:00,27.092464,0.02,0.28031665,Queensland
2024-02-05 00:00:00+00:00,27.01538,0.0,0.27545,Queensland
2024-02-06 00:00:00+00:00,27.586634,3.4,0.27150834,Queensland
2024-02-07 00:00:00+00:00,25.65705,1.7599999,0.27210838,Queensland
2024-02-08 00:00:00+00:00,24.999548,0.70000005,0.2748167,Queensland
2024-02-09 00:00:00+00:00,24.864964,0.5,0.27271664,Queensland
2024-02-10 00:00:00+00:00,25.1358,0.48000002,0.27084166,Queensland
2024-02-11 00:00:00+00:00,25.019964,0.48000002,0.26775005,Queensland
2024-02-12 00:00:00+00:00,25.154552,0.52000004,0.26470834,Queensland
2024-02-13 00:00:00+00:00,24.296215,4.9800005,0.26290837,Queensland
2024-02-14 00:00:00+00:00,23.834967,16.76,0.28345,Queensland
2024-02-15 00:00:00+00:00,22.914133,8.42,0.32287496,Queensland
2024-02-16 00:00:00+00:00,22.221632,6.8599997,0.3315083,Queensland
2024-02-17 00:00:00+00:00,24.021633,0.24000001,0.32415003,Queensland
2024-02-18 00:00:00+00:00,24.475384,0.42000002,0.31555834,Queensland
2024-02-19 00:00:00+00:00,24.025383,1.64,0.3074667,Queensland
2024-02-20 00:00:00+00:00,24.881634,0.56000006,0.2993917,Queensland
2024-02-21 00:00:00+00:00,25.404964,0.36,0.29236668,Queensland
2024-02-22 00:00:00+00:00,25.417883,0.24000001,0.28660002,Queensland
2024-02-23 00:00:00+00:00,26.689133,3.2400002,0.2813,Queensland
2024-02-24 00:00:00+00:00,22.800385,11.499999,0.29639167,Queensland
2024-02-25 00:00:00+00:00,24.801216,0.76,0.30572498,Queensland
2024-02-26 00:00:00+00:00,26.274967,1.2,0.30006665,Queensland
2024-02-27 00:00:00+00:00,25.919964,0.86,0.29255,Queensland
2024-02-28 00:00:00+00:00,25.33705,0.4,0.28530833,Queensland
2024-02-29 00:00:00+00:00,26.4483,0.060000002,0.27789995,Queensland
2024-03-01 00:00:00+00:00,26.299969,0.1,0.2709833,Queensland
2024-03-02 00:00:00+00:00,26.601215,0.28,0.26584998,Queensland
2024-03-03 00:00:00+00:00,24.991217,9.0199995,0.26483336,Queensland
2024-03-04 00:00:00+00:00,24.037884,8.720001,0.27424166,Queensland
2024-03-05 00:00:00+00:00,23.3133,1.1,0.2779,Queensland
2024-03-06 00:00:00+00:00,23.603298,0.04,0.27616665,Queensland
2024-03-07 00:00:00+00:00,24.347467,0.120000005,0.27312496,Queensland
2024-03-08 00:00:00+00:00,23.7633,0.24000001,0.27026668,Queensland
2024-03-09 00:00:00+00:00,23.552465,0.14000002,0.26724997,Queensland
2024-03-10 00:00:00+00:00,23.127884,0.8,0.26424164,Queensland
2024-03-11 00:00:00+00:00,23.161634,1.5800002,0.26182503,Queensland
2024-03-12 00:00:00+00:00,23.3808,0.26000002,0.25965837,Queensland
2024-03-13 00:00:00+00:00,23.697468,0.08,0.25733334,Queensland
2024-03-14 00:00:00+00:00,24.409132,0.04,0.25462496,Queensland
2024-03-15 00:00:00+00:00,25.396633,0.24000001,0.25163332,Queensland
2024-03-16 00:00:00+00:00,23.445383,0.060000002,0.24868336,Queensland
2024-03-17 00:00:00+00:00,24.279966,1.4799998,0.24611667,Queensland
2024-03-18 00:00:00+00:00,24.116632,2.32,0.24273331,Queensland
2024-03-19 00:00:00+00:00,25.03205,0.1,0.23960833,Queensland
2024-03-20 00:00:00+00:00,25.438717,0.56,0.23666665,Queensland
2024-03-21 00:00:00+00:00,22.708715,2.6,0.23411667,Queensland
2024-03-22 00:00:00+00:00,22.708715,0.62,0.23426667,Queensland
2024-03-23 00:00:00+00:00,21.489965,5.9200006,0.23512498,Queensland
2024-03-24 00:00:00+00:00,20.196632,10.0199995,0.24542503,Queensland
2024-03-25 00:00:00+00:00,20.372467,10.820001,0.27249998,Queensland
2024-03-26 00:00:00+00:00,22.068716,3.56,0.30050832,Queensland
2024-03-27 00:00:00+00:00,22.20455,13.360001,0.313575,Queensland
2024-03-28 00:00:00+00:00,21.834965,5.64,0.32155,Queensland
2024-03-29 00:00:00+00:00,22.183718,0.08,0.31130832,Queensland
2024-03-30 00:00:00+00:00,22.089132,0.060000002,0.3023917,Queensland
2024-03-31 00:00:00+00:00,22.599968,1.36,0.294425,Queensland
2024-04-01 00:00:00+00:00,22.14705,0.28000003,0.28833336,Queensland
2024-04-02 00:00:00+00:00,23.254133,0.4,0.28354162,Queensland
2024-04-03 00:00:00+00:00,23.359966,5.4399996,0.28084165,Queensland
2024-04-04 00:00:00+00:00,21.258717,12.32,0.2962833,Queensland
2024-04-05 00:00:00+00:00,20.372467,14.820002,0.33453333,Queensland
2024-04-06 00:00:00+00:00,20.846216,11.76,0.34944996,Queensland
2024-04-07 00:00:00+00:00,21.244135,0.6,0.34259996,Queensland
2024-04-08 00:00:00+00:00,20.889133,0.0,0.33186665,Queensland
2024-04-09 00:00:00+00:00,19.1658,0.0,0.32269165,Queensland
2024-04-10 00:00:00+00:00,16.4533,0.0,0.31396663,Queensland
2024-04-11 00:00:00+00:00,17.8258,0.0,0.30695,Queensland
2024-04-12 00:00:00+00:00,19.442883,0.0,0.29924995,Queensland
2024-04-13 00:00:00+00:00,20.224133,0.0,0.29377502,Queensland
2024-04-14 00:00:00+00:00,20.516632,0.060000002,0.2896333,Queensland
2024-04-15 00:00:00+00:00,20.979967,0.32000002,0.28569165,Queensland
2024-04-16 00:00:00+00:00,21.083715,0.0,0.2821417,Queensland
2024-04-17 00:00:00+00:00,21.360384,0.44,0.27956665,Queensland
2024-04-18 00:00:00+00:00,20.804966,2.4399998,0.27817497,Queensland
2024-04-19 00:00:00+00:00,19.036633,1.3399999,0.277025,Queensland
2024-04-20 00:00:00+00:00,16.557468,19.82,0.29755,Queensland
2024-04-21 00:00:00+00:00,17.17705,3.3,0.31923327,Queensland
2024-04-22 00:00:00+00:00,18.581217,0.16,0.31483334,Queensland
2024-04-23 00:00:00+00:00,18.88455,0.04,0.3102333,Queensland
2024-04-24 00:00:00+00:00,19.480383,0.02,0.3059,Queensland
2024-04-25 00:00:00+00:00,18.205383,0.0,0.30193332,Queensland
2024-04-26 00:00:00+00:00,17.657883,0.5,0.29738334,Queensland
2024-04-27 00:00:00+00:00,18.794966,0.02,0.29274163,Queensland
2024-04-28 00:00:00+00:00,18.996634,0.28,0.28866667,Queensland
2024-04-29 00:00:00+00:00,19.228716,0.08,0.285075,Queensland
2024-04-30 00:00:00+00:00,18.8783,0.16,0.28219998,Queensland
2024-05-01 00:00:00+00:00,18.876217,0.64,0.280275,Queensland
2024-05-02 00:00:00+00:00,18.499966,0.48000002,0.27790833,Queensland
2024-05-03 00:00:00+00:00,17.901632,1.9,0.2775167,Queensland
2024-05-04 00:00:00+00:00,17.978718,0.84000003,0.28089163,Queensland
2024-05-05 00:00:00+00:00,18.052883,0.38000003,0.28068334,Queensland
2024-05-06 00:00:00+00:00,18.368717,0.04,0.28144997,Queensland
2024-05-07 00:00:00+00:00,18.45205,0.24000001,0.28042498,Queensland
2024-05-08 00:00:00+00:00,18.348719,0.38000005,0.27825004,Queensland
2024-05-09 00:00:00+00:00,18.481632,0.94000006,0.27710003,Queensland
2024-05-10 00:00:00+00:00,17.862883,1.9,0.27609998,Queensland
2024-05-11 00:00:00+00:00,18.176632,2.6399999,0.2776583,Queensland
2024-05-12 00:00:00+00:00,16.52705,1.3399999,0.28192502,Queensland
2024-05-13 00:00:00+00:00,16.660381,0.0,0.28453332,Queensland
2024-05-14 00:00:00+00:00,17.579967,0.0,0.2847833,Queensland
2024-05-15 00:00:00+00:00,18.1108,0.14,0.28364167,Queensland
2024-05-16 00:00:00+00:00,17.564133,1.56,0.28176668,Queensland
2024-05-17 00:00:00+00:00,17.163715,0.16000001,0.28191668,Queensland
2024-05-18 00:00:00+00:00,14.92455,0.0,0.2795667,Queensland
2024-05-19 00:00:00+00:00,13.214551,0.0,0.27742502,Queensland
2024-05-20 00:00:00+00:00,12.782466,0.0,0.27644163,Queensland
2024-05-21 00:00:00+00:00,14.1303835,0.0,0.27445003,Queensland
2024-05-22 00:00:00+00:00,14.964549,0.0,0.27316666,Queensland
2024-05-23 00:00:00+00:00,15.325383,0.0,0.271325,Queensland
2024-05-24 00:00:00+00:00,15.586634,0.120000005,0.27111667,Queensland
2024-05-25 00:00:00+00:00,16.220385,0.04,0.27007502,Queensland
2024-05-26 00:00:00+00:00,16.129131,0.17999999,0.2682584,Queensland
2024-05-27 00:00:00+00:00,16.422466,0.0,0.26775008,Queensland
2024-05-28 00:00:00+00:00,16.744967,0.08,0.26737502,Queensland
2024-05-29 00:00:00+00:00,16.66205,0.2,0.26533335,Queensland
2024-05-30 00:00:00+00:00,17.33205,0.34,0.26447505,Queensland
2024-05-31 00:00:00+00:00,18.534967,4.92,0.26425833,Queensland
2024-06-01 00:00:00+00:00,14.211634,6.12,0.27508333,Queensland
2024-06-02 00:00:00+00:00,12.060384,0.16000001,0.285475,Queensland
2024-06-03 00:00:00+00:00,11.0758,0.04,0.28445,Queensland
2024-06-04 00:00:00+00:00,12.864133,0.14000002,0.28195834,Queensland
2024-06-05 00:00:00+00:00,12.183718,0.58000004,0.2801,Queensland
2024-06-06 00:00:00+00:00,10.479967,0.0,0.28091663,Queensland
2024-06-07 00:00:00+00:00,10.542467,0.04,0.28232503,Queensland
2024-06-08 00:00:00+00:00,12.389966,0.0,0.28058332,Queensland
2024-06-09 00:00:00+00:00,12.348717,0.0,0.27667502,Queensland
2024-06-10 00:00:00+00:00,12.532049,0.0,0.27274168,Queensland
2024-06-11 00:00:00+00:00,13.860384,0.0,0.26995,Queensland
2024-06-12 00:00:00+00:00,14.747884,0.0,0.26683336,Queensland
2024-06-13 00:00:00+00:00,11.007467,0.0,0.2632,Queensland
2024-06-14 00:00:00+00:00,12.9233,0.04,0.25775,Queensland
2024-06-15 00:00:00+00:00,12.495382,0.0,0.25364166,Queensland
2024-06-16 00:00:00+00:00,11.810801,0.0,0.25466666,Queensland
2024-06-17 00:00:00+00:00,9.92955,0.0,0.254075,Queensland
2024-06-18 00:00:00+00:00,10.4307995,0.0,0.2514833,Queensland
2024-06-19 00:00:00+00:00,13.041634,0.0,0.24744168,Queensland
2024-06-20 00:00:00+00:00,15.078299,0.26,0.24583335,Queensland
2024-06-21 00:00:00+00:00,14.7758,0.14,0.24471667,Queensland
2024-06-22 00:00:00+00:00,11.472883,1.26,0.24506664,Queensland
2024-06-23 00:00:00+00:00,10.992884,0.0,0.24494167,Queensland
2024-06-24 00:00:00+00:00,12.7358,0.0,0.24392502,Queensland
2024-06-25 00:00:00+00:00,15.745382,2.82,0.24428332,Queensland
2024-06-26 00:00:00+00:00,15.422468,4.26,0.251275,Queensland
2024-06-27 00:00:00+00:00,15.037885,0.84,0.26168332,Queensland
2024-06-28 00:00:00+00:00,16.178717,1.86,0.26475832,Queensland
2024-06-29 00:00:00+00:00,17.1983,0.48000002,0.26771668,Queensland
2024-06-30 00:00:00+00:00,16.888716,3.0600002,0.26875,Queensland
2024-07-01 00:00:00+00:00,14.06705,9.3,0.27593333,Queensland
2024-07-02 00:00:00+00:00,12.511633,1.46,0.28771666,Queensland
2024-07-03 00:00:00+00:00,13.222467,1.0999999,0.28685832,Queensland
2024-07-04 00:00:00+00:00,13.241633,0.38000003,0.28833333,Queensland
2024-07-05 00:00:00+00:00,13.9478855,0.14000002,0.2874833,Queensland
2024-07-06 00:00:00+00:00,14.191217,0.120000005,0.28554165,Queensland
2024-07-07 00:00:00+00:00,14.1495495,0.24000001,0.28385004,Queensland
2024-07-08 00:00:00+00:00,15.249132,5.64,0.28371668,Queensland
2024-07-09 00:00:00+00:00,14.967883,2.02,0.28952497,Queensland
2024-07-10 00:00:00+00:00,13.423717,0.26000002,0.29187497,Queensland
2024-07-11 00:00:00+00:00,13.637052,0.0,0.2903583,Queensland
2024-07-12 00:00:00+00:00,14.49205,0.08,0.28710002,Queensland
2024-07-13 00:00:00+00:00,11.1033,0.18,0.28401667,Queensland
2024-07-14 00:00:00+00:00,10.01705,0.0,0.28279993,Queensland
2024-07-15 00:00:00+00:00,9.626633,0.08,0.28237495,Queensland
2024-07-16 00:00:00+00:00,9.698717,0.060000002,0.28027496,Queensland
2024-07-17 00:00:00+00:00,8.4583,0.14000002,0.2777583,Queensland
2024-07-18 00:00:00+00:00,9.002466,0.18,0.2757917,Queensland
2024-07-19 00:00:00+00:00,10.224134,0.0,0.27235,Queensland
2024-07-20 00:00:00+00:00,12.456217,0.0,0.26819998,Queensland
2024-07-21 00:00:00+00:00,10.711634,0.0,0.2637333,Queensland
2024-07-22 00:00:00+00:00,10.957049,0.0,0.25938332,Queensland
2024-07-23 00:00:00+00:00,12.3008,0.0,0.2566667,Queensland
2024-07-24 00:00:00+00:00,14.461632,0.26000002,0.25385836,Queensland
2024-07-25 00:00:00+00:00,15.6616335,0.16,0.2515417,Queensland
2024-07-26 00:00:00+00:00,16.19455,1.3999999,0.25314167,Queensland
2024-07-27 00:00:00+00:00,15.573715,3.64,0.25505832,Queensland
2024-07-28 00:00:00+00:00,10.620801,0.0,0.26223332,Queensland
2024-07-29 00:00:00+00:00,9.09955,0.0,0.26375836,Queensland
2024-07-30 00:00:00+00:00,9.718717,0.0,0.26233333,Queensland
2024-07-31 00:00:00+00:00,10.959133,0.0,0.259,Queensland
2024-08-01 00:00:00+00:00,11.161217,0.0,0.25525004,Queensland
2024-08-02 00:00:00+00:00,11.659132,0.0,0.2529083,Queensland
2024-08-03 00:00:00+00:00,12.229549,0.0,0.25045,Queensland
2024-08-04 00:00:00+00:00,14.465384,0.04,0.24756667,Queensland
2024-08-05 00:00:00+00:00,15.148298,1.9,0.24605832,Queensland
2024-08-06 00:00:00+00:00,13.744967,3.72,0.24854168,Queensland
2024-08-07 00:00:00+00:00,14.202466,1.1200001,0.25832504,Queensland
2024-08-08 00:00:00+00:00,14.686216,0.1,0.26153332,Queensland
2024-08-09 00:00:00+00:00,15.247882,0.14000002,0.26136667,Queensland
2024-08-10 00:00:00+00:00,16.009968,0.4,0.25835,Queensland
2024-08-11 00:00:00+00:00,15.3682995,5.5,0.25604165,Queensland
2024-08-12 00:00:00+00:00,15.2158,21.24,0.27550834,Queensland
2024-08-13 00:00:00+00:00,15.716217,30.4,0.32511666,Queensland
2024-08-14 00:00:00+00:00,16.499134,3.0800002,0.362675,Queensland
2024-08-15 00:00:00+00:00,17.328716,1.1200001,0.35102502,Queensland
2024-08-16 00:00:00+00:00,17.564966,0.26000002,0.34081665,Queensland
2024-08-17 00:00:00+00:00,16.604965,0.0,0.32944998,Queensland
2024-08-18 00:00:00+00:00,14.355383,0.0,0.31905836,Queensland
2024-08-19 00:00:00+00:00,15.949549,0.08,0.311175,Queensland
2024-08-20 00:00:00+00:00,16.675383,0.060000002,0.30446666,Queensland
2024-08-21 00:00:00+00:00,17.6833,0.0,0.29894996,Queensland
2024-08-22 00:00:00+00:00,18.326633,0.0,0.292525,Queensland
2024-08-23 00:00:00+00:00,18.116217,0.0,0.28653333,Queensland
2024-08-24 00:00:00+00:00,19.114134,0.0,0.28135002,Queensland
2024-08-25 00:00:00+00:00,20.428717,0.0,0.2771917,Queensland
2024-08-26 00:00:00+00:00,20.466215,0.0,0.273125,Queensland
2024-08-27 00:00:00+00:00,20.432465,0.0,0.2691667,Queensland
2024-08-28 00:00:00+00:00,20.703716,0.0,0.26612502,Queensland
2024-08-29 00:00:00+00:00,20.2183,0.0,0.2649167,Queensland
2024-08-30 00:00:00+00:00,22.490383,0.0,0.26318336,Queensland
2024-08-31 00:00:00+00:00,21.677883,0.0,0.25811666,Queensland
2024-09-01 00:00:00+00:00,21.833717,0.0,0.25568333,Queensland
2024-09-02 00:00:00+00:00,20.422882,0.0,0.2518417,Queensland
2024-09-03 00:00:00+00:00,16.72455,0.0,0.24969998,Queensland
2024-09-04 00:00:00+00:00,16.2933,0.0,0.24702501,Queensland
2024-09-05 00:00:00+00:00,16.899967,0.14000002,0.24481669,Queensland
2024-09-06 00:00:00+00:00,17.33205,0.04,0.24389167,Queensland
2024-09-07 00:00:00+00:00,18.603716,0.0,0.24203336,Queensland
2024-09-08 00:00:00+00:00,19.763718,0.0,0.24014167,Queensland
2024-09-09 00:00:00+00:00,19.563717,0.02,0.2394,Queensland
2024-09-10 00:00:00+00:00,19.954134,0.77999985,0.23656666,Queensland
2024-09-11 00:00:00+00:00,19.881632,0.28000003,0.23385003,Queensland
2024-09-12 00:00:00+00:00,19.1808,2.38,0.23427501,Queensland
2024-09-13 00:00:00+00:00,17.089966,0.18,0.23688337,Queensland
2024-09-14 00:00:00+00:00,16.602882,0.0,0.24048336,Queensland
2024-09-15 00:00:00+00:00,16.508717,0.0,0.24098329,Queensland
2024-09-16 00:00:00+00:00,15.799965,0.0,0.23936665,Queensland
2024-09-17 00:00:00+00:00,16.078716,0.0,0.23790832,Queensland
2024-09-18 00:00:00+00:00,18.0733,0.0,0.23563334,Queensland
2024-09-19 00:00:00+00:00,19.404964,0.04,0.23336664,Queensland
2024-09-20 00:00:00+00:00,20.152466,0.0,0.22837499,Queensland
2024-09-21 00:00:00+00:00,18.750801,0.0,0.23053333,Queensland
2024-09-22 00:00:00+00:00,18.669968,0.0,0.22935,Queensland
2024-09-23 00:00:00+00:00,19.26205,0.0,0.228225,Queensland
2024-09-24 00:00:00+00:00,19.832884,0.0,0.22712497,Queensland
2024-09-25 00:00:00+00:00,20.842464,0.0,0.22565834,Queensland
2024-09-26 00:00:00+00:00,20.163715,5.0800004,0.22397497,Queensland
2024-09-27 00:00:00+00:00,17.474966,0.56,0.22595827,Queensland
2024-09-28 00:00:00+00:00,18.08955,1.38,0.22616664,Queensland
2024-09-29 00:00:00+00:00,20.313717,0.0,0.2252583,Queensland
2024-09-30 00:00:00+00:00,21.459549,0.14000002,0.22390833,Queensland
2024-10-01 00:00:00+00:00,20.56955,0.18,0.22239164,Queensland
2024-10-02 00:00:00+00:00,19.263716,0.08,0.22160831,Queensland
2024-10-03 00:00:00+00:00,18.145382,0.02,0.2208333,Queensland
2024-10-04 00:00:00+00:00,19.908298,0.0,0.22011662,Queensland
2024-10-05 00:00:00+00:00,22.910381,0.0,0.21947499,Queensland
2024-10-06 00:00:00+00:00,24.029133,0.0,0.2191,Queensland
2024-10-07 00:00:00+00:00,24.719965,0.120000005,0.21791665,Queensland
2024-10-08 00:00:00+00:00,23.318716,3.9600003,0.22170833,Queensland
2024-10-09 00:00:00+00:00,19.572886,7.96,0.23985001,Queensland
2024-10-10 00:00:00+00:00,20.601215,0.35999998,0.246775,Queensland
2024-10-11 00:00:00+00:00,20.516216,0.32,0.24654166,Queensland
2024-10-12 00:00:00+00:00,21.632465,0.060000002,0.24420834,Queensland
2024-10-13 00:00:00+00:00,19.286219,5.58,0.24262497,Queensland
2024-10-14 00:00:00+00:00,18.2433,1.8,0.25077498,Queensland
2024-10-15 00:00:00+00:00,20.251635,0.9200001,0.2514667,Queensland
2024-10-16 00:00:00+00:00,20.62455,0.56000006,0.24933334,Queensland
2024-10-17 00:00:00+00:00,23.2233,0.060000002,0.24614997,Queensland
2024-10-18 00:00:00+00:00,24.456215,0.58000004,0.2420917,Queensland
2024-10-19 00:00:00+00:00,24.0933,0.02,0.23879167,Queensland
2024-10-20 00:00:00+00:00,23.705383,0.02,0.23578334,Queensland
2024-10-21 00:00:00+00:00,22.891216,0.4,0.23365004,Queensland
2024-10-22 00:00:00+00:00,23.346634,0.48000002,0.2308917,Queensland
2024-10-23 00:00:00+00:00,25.120382,0.060000002,0.22918335,Queensland
2024-10-24 00:00:00+00:00,23.478298,6.96,0.23625834,Queensland
2024-10-25 00:00:00+00:00,20.627464,0.0,0.24989998,Queensland
2024-10-26 00:00:00+00:00,22.102049,0.0,0.24758334,Queensland
2024-10-27 00:00:00+00:00,22.401632,7.3,0.249175,Queensland
2024-10-28 00:00:00+00:00,20.501633,2.6399999,0.25170836,Queensland
2024-10-29 00:00:00+00:00,22.6908,0.060000002,0.25306666,Queensland
2024-10-30 00:00:00+00:00,23.429966,0.060000002,0.24939167,Queensland
2024-10-31 00:00:00+00:00,23.877048,1.7800001,0.24568331,Queensland
2024-11-01 00:00:00+00:00,24.429132,0.0,0.24405,Queensland
2024-11-02 00:00:00+00:00,23.348717,1.1999999,0.24182501,Queensland
2024-11-03 00:00:00+00:00,24.432467,0.04,0.2391417,Queensland
2024-11-04 00:00:00+00:00,26.189133,0.02,0.23654167,Queensland
2024-11-05 00:00:00+00:00,26.571634,0.18,0.23399165,Queensland
2024-11-06 00:00:00+00:00,27.514133,1.08,0.23168333,Queensland
2024-11-07 00:00:00+00:00,28.58038,0.22,0.22936669,Queensland
2024-11-08 00:00:00+00:00,27.656216,0.79999995,0.22968335,Queensland
2024-11-09 00:00:00+00:00,27.764133,0.7599999,0.23052502,Queensland
2024-11-10 00:00:00+00:00,26.555384,5.46,0.23336665,Queensland
2024-11-11 00:00:00+00:00,25.521217,11.900001,0.2447083,Queensland
2024-11-12 00:00:00+00:00,24.858297,1.3199999,0.2609,Queensland
2024-11-13 00:00:00+00:00,24.376635,7.8599997,0.2662167,Queensland
2024-11-14 00:00:00+00:00,25.281216,3.2800002,0.27625832,Queensland
2024-11-15 00:00:00+00:00,23.5608,6.5800004,0.28341666,Queensland
2024-11-16 00:00:00+00:00,23.717884,1.86,0.28621665,Queensland
2024-11-17 00:00:00+00:00,24.2408,3.02,0.28249997,Queensland
2024-11-18 00:00:00+00:00,23.614967,11.560001,0.29116663,Queensland
2024-11-19 00:00:00+00:00,20.585384,17.119999,0.3233833,Queensland
2024-11-20 00:00:00+00:00,19.096218,10.18,0.34947497,Queensland
2024-11-21 00:00:00+00:00,20.421215,1.0200001,0.34705,Queensland
2024-11-22 00:00:00+00:00,21.172884,3.7600002,0.33914998,Queensland
2024-11-23 00:00:00+00:00,22.094967,0.78000003,0.32985,Queensland
2024-11-24 00:00:00+00:00,22.807468,0.0,0.318525,Queensland
2024-11-25 00:00:00+00:00,22.971216,0.0,0.3064,Queensland
2024-11-26 00:00:00+00:00,24.358715,0.08,0.29471666,Queensland
2024-11-27 00:00:00+00:00,25.707882,0.2,0.28687498,Queensland
2024-11-28 00:00:00+00:00,25.111631,1.7400001,0.28085837,Queensland
2024-11-29 00:00:00+00:00,24.13955,12.06,0.27527502,Queensland
2024-11-30 00:00:00+00:00,22.139133,15.660001,0.30534166,Queensland
2024-12-01 00:00:00+00:00,24.77455,5.04,0.32110834,Queensland
2024-12-02 00:00:00+00:00,25.953299,0.76000005,0.31068334,Queensland
2024-12-03 00:00:00+00:00,24.573717,1.8399999,0.305175,Queensland
2024-12-04 00:00:00+00:00,25.305384,1.74,0.30364168,Queensland
2024-12-05 00:00:00+00:00,24.500801,5.32,0.29689163,Queensland
2024-12-06 00:00:00+00:00,25.48705,0.04,0.28700832,Queensland
2024-12-07 00:00:00+00:00,26.47205,0.060000002,0.27957502,Queensland
2024-12-08 00:00:00+00:00,27.680798,4.74,0.27284998,Queensland
2024-12-09 00:00:00+00:00,27.532465,5.0,0.26360834,Queensland
2024-12-10 00:00:00+00:00,25.230383,13.4800005,0.27610832,Queensland
2024-12-11 00:00:00+00:00,24.121218,1.8799999,0.30533332,Queensland
2024-12-12 00:00:00+00:00,25.032467,1.1600001,0.30643332,Queensland
2024-12-13 00:00:00+00:00,25.29455,3.0400002,0.2946833,Queensland
2024-12-14 00:00:00+00:00,25.524134,4.7400002,0.28958333,Queensland
2024-12-15 00:00:00+00:00,26.526215,0.66,0.28393334,Queensland
2024-12-16 00:00:00+00:00,25.179966,2.9399998,0.27715832,Queensland
2024-12-17 00:00:00+00:00,24.820799,10.460002,0.28544167,Queensland
2024-12-18 00:00:00+00:00,23.785383,8.6,0.30060834,Queensland
2024-12-19 00:00:00+00:00,22.318716,1.3999999,0.3029583,Queensland
2024-12-20 00:00:00+00:00,22.553717,1.9800001,0.30444163,Queensland
2024-12-21 00:00:00+00:00,24.093302,0.0,0.30646667,Queensland
2024-12-22 00:00:00+00:00,25.170382,0.0,0.29135832,Queensland
2024-12-23 00:00:00+00:00,26.5958,0.04,0.27472502,Queensland
2024-12-24 00:00:00+00:00,25.220798,0.0,0.2633,Queensland
2024-12-25 00:00:00+00:00,24.688717,0.02,0.2530083,Queensland
2024-12-26 00:00:00+00:00,25.477467,0.0,0.247875,Queensland
2024-12-27 00:00:00+00:00,26.949133,0.54,0.24402499,Queensland
2024-12-28 00:00:00+00:00,27.037466,0.5400001,0.24481669,Queensland
2024-12-29 00:00:00+00:00,26.251633,5.7,0.25024167,Queensland
2024-12-30 00:00:00+00:00,23.6283,15.839999,0.26191664,Queensland
2024-12-31 00:00:00+00:00,24.502884,2.04,0.2631333,Queensland
2024-01-01 00:00:00+00:00,27.458063,1.075,0.22593752,New South Wales
2024-01-02 00:00:00+00:00,27.719,2.225,0.2218021,New South Wales
2024-01-03 00:00:00+00:00,29.164833,0.17500001,0.22090629,New South Wales
2024-01-04 00:00:00+00:00,29.130457,0.175,0.21945834,New South Wales
2024-01-05 00:00:00+00:00,28.03775,0.2,0.2174271,New South Wales
2024-01-06 00:00:00+00:00,27.667957,4.425,0.21454167,New South Wales
2024-01-07 00:00:00+00:00,25.559624,14.65,0.22483335,New South Wales
2024-01-08 00:00:00+00:00,24.511185,6.3499994,0.25767708,New South Wales
2024-01-09 00:00:00+00:00,26.529415,2.075,0.25486457,New South Wales
2024-01-10 00:00:00+00:00,27.866917,1.1,0.2446146,New South Wales
2024-01-11 00:00:00+00:00,28.50806,0.575,0.23764583,New South Wales
2024-01-12 00:00:00+00:00,27.997124,0.77500004,0.23319793,New South Wales
2024-01-13 00:00:00+00:00,29.04504,1.325,0.22689585,New South Wales
2024-01-14 00:00:00+00:00,27.98098,0.575,0.2229271,New South Wales
2024-01-15 00:00:00+00:00,26.913792,0.25,0.22313543,New South Wales
2024-01-16 00:00:00+00:00,26.377335,2.65,0.22316666,New South Wales
2024-01-17 00:00:00+00:00,24.616919,9.95,0.23464584,New South Wales
2024-01-18 00:00:00+00:00,22.470041,1.325,0.24571875,New South Wales
2024-01-19 00:00:00+00:00,24.039312,0.0,0.24409378,New South Wales
2024-01-20 00:00:00+00:00,27.786707,0.3,0.23803122,New South Wales
2024-01-21 00:00:00+00:00,28.764832,0.025,0.2324375,New South Wales
2024-01-22 00:00:00+00:00,27.947643,0.0,0.23044793,New South Wales
2024-01-23 00:00:00+00:00,28.645565,0.0,0.22801042,New South Wales
2024-01-24 00:00:00+00:00,30.995562,0.0,0.22619794,New South Wales
2024-01-25 00:00:00+00:00,31.30494,1.0,0.2233854,New South Wales
2024-01-26 00:00:00+00:00,28.986708,0.025,0.22071874,New South Wales
2024-01-27 00:00:00+00:00,26.069519,1.0,0.21745835,New South Wales
2024-01-28 00:00:00+00:00,27.514313,2.25,0.21494792,New South Wales
2024-01-29 00:00:00+00:00,27.744518,5.1000004,0.21810417,New South Wales
2024-01-30 00:00:00+00:00,28.789312,4.25,0.21553126,New South Wales
2024-01-31 00:00:00+00:00,27.383062,0.35000002,0.2128021,New South Wales
2024-02-01 00:00:00+00:00,27.99452,0.0,0.21126041,New South Wales
2024-02-02 00:00:00+00:00,27.53046,0.0,0.20815627,New South Wales
2024-02-03 00:00:00+00:00,30.027332,0.0,0.20342708,New South Wales
2024-02-04 00:00:00+00:00,32.32004,1.0500001,0.20044792,New South Wales
2024-02-05 00:00:00+00:00,26.628376,10.825001,0.21345833,New South Wales
2024-02-06 00:00:00+00:00,24.885666,0.3,0.24515624,New South Wales
2024-02-07 00:00:00+00:00,24.973167,1.375,0.24265623,New South Wales
2024-02-08 00:00:00+00:00,25.04296,0.47500002,0.24218751,New South Wales
2024-02-09 00:00:00+00:00,26.122126,0.1,0.23797919,New South Wales
2024-02-10 00:00:00+00:00,26.540352,0.1,0.23056248,New South Wales
2024-02-11 00:00:00+00:00,26.911709,0.125,0.22417709,New South Wales
2024-02-12 00:00:00+00:00,27.640875,0.5,0.2205625,New South Wales
2024-02-13 00:00:00+00:00,27.76744,0.8,0.21815622,New South Wales
2024-02-14 00:00:00+00:00,24.607542,0.35000002,0.21947913,New South Wales
2024-02-15 00:00:00+00:00,26.150768,0.84999996,0.21913543,New South Wales
2024-02-16 00:00:00+00:00,26.73046,0.4,0.21679166,New South Wales
2024-02-17 00:00:00+00:00,27.66848,0.025,0.21474999,New South Wales
2024-02-18 00:00:00+00:00,26.875772,1.375,0.21417713,New South Wales
2024-02-19 00:00:00+00:00,25.305458,1.7750001,0.21692707,New South Wales
2024-02-20 00:00:00+00:00,26.670563,0.0,0.21556252,New South Wales
2024-02-21 00:00:00+00:00,27.15702,1.375,0.214375,New South Wales
2024-02-22 00:00:00+00:00,29.701813,0.1,0.2126146,New South Wales
2024-02-23 00:00:00+00:00,27.044521,0.0,0.21196869,New South Wales
2024-02-24 00:00:00+00:00,25.510145,0.22500001,0.21124998,New South Wales
2024-02-25 00:00:00+00:00,27.676811,0.05,0.2089583,New South Wales
2024-02-26 00:00:00+00:00,28.96275,0.05,0.20504163,New South Wales
2024-02-27 00:00:00+00:00,30.030457,0.15,0.20126037,New South Wales
2024-02-28 00:00:00+00:00,31.804935,0.05,0.19846874,New South Wales
2024-02-29 00:00:00+00:00,30.948689,0.075,0.1971458,New South Wales
2024-03-01 00:00:00+00:00,30.573166,0.45000002,0.19295834,New South Wales
2024-03-02 00:00:00+00:00,26.519,1.075,0.19186457,New South Wales
2024-03-03 00:00:00+00:00,24.327333,2.825,0.19121873,New South Wales
2024-03-04 00:00:00+00:00,25.945042,0.0,0.18930207,New South Wales
2024-03-05 00:00:00+00:00,27.08827,0.0,0.18832293,New South Wales
2024-03-06 00:00:00+00:00,27.86379,0.125,0.18832295,New South Wales
2024-03-07 00:00:00+00:00,28.794523,0.0,0.189125,New South Wales
2024-03-08 00:00:00+00:00,27.909103,0.0,0.18852083,New South Wales
2024-03-09 00:00:00+00:00,27.509626,0.0,0.18728127,New South Wales
2024-03-10 00:00:00+00:00,26.747646,0.0,0.18660414,New South Wales
2024-03-11 00:00:00+00:00,26.861187,0.0,0.18560418,New South Wales
2024-03-12 00:00:00+00:00,27.751291,0.0,0.185375,New South Wales
2024-03-13 00:00:00+00:00,27.776812,0.0,0.18479168,New South Wales
2024-03-14 00:00:00+00:00,26.716917,0.25,0.18400005,New South Wales
2024-03-15 00:00:00+00:00,26.195042,2.8,0.18312502,New South Wales
2024-03-16 00:00:00+00:00,22.309105,2.8749998,0.18421876,New South Wales
2024-03-17 00:00:00+00:00,23.42525,6.4,0.19097918,New South Wales
2024-03-18 00:00:00+00:00,24.76067,0.40000004,0.19883332,New South Wales
2024-03-19 00:00:00+00:00,25.982021,8.674999,0.2055625,New South Wales
2024-03-20 00:00:00+00:00,20.60598,0.025,0.21632294,New South Wales
2024-03-21 00:00:00+00:00,21.366915,0.625,0.21989584,New South Wales
2024-03-22 00:00:00+00:00,22.64452,4.0750003,0.21824998,New South Wales
2024-03-23 00:00:00+00:00,19.684105,6.1,0.21852079,New South Wales
2024-03-24 00:00:00+00:00,18.453896,1.7,0.22165623,New South Wales
2024-03-25 00:00:00+00:00,20.753376,0.0,0.22144794,New South Wales
2024-03-26 00:00:00+00:00,21.768478,0.0,0.22004169,New South Wales
2024-03-27 00:00:00+00:00,22.62525,0.25,0.21729162,New South Wales
2024-03-28 00:00:00+00:00,23.273167,0.05,0.21497919,New South Wales
2024-03-29 00:00:00+00:00,24.126291,0.0,0.21344793,New South Wales
2024-03-30 00:00:00+00:00,24.935146,0.125,0.2118021,New South Wales
2024-03-31 00:00:00+00:00,24.409626,0.05,0.21144795,New South Wales
2024-04-01 00:00:00+00:00,25.404938,2.75,0.20821875,New South Wales
2024-04-02 00:00:00+00:00,19.991398,1.2,0.20938542,New South Wales
2024-04-03 00:00:00+00:00,19.527855,1.2,0.21247919,New South Wales
2024-04-04 00:00:00+00:00,19.01223,16.225,0.22940625,New South Wales
2024-04-05 00:00:00+00:00,17.99504,11.575001,0.28019795,New South Wales
2024-04-06 00:00:00+00:00,18.783585,1.8999999,0.3028854,New South Wales
2024-04-07 00:00:00+00:00,18.447647,0.35000002,0.30779168,New South Wales
2024-04-08 00:00:00+00:00,17.754936,0.125,0.30304167,New South Wales
2024-04-09 00:00:00+00:00,15.287229,0.0,0.29620832,New South Wales
2024-04-10 00:00:00+00:00,14.690354,0.0,0.2898542,New South Wales
2024-04-11 00:00:00+00:00,15.694,0.0,0.28235418,New South Wales
2024-04-12 00:00:00+00:00,16.953896,0.0,0.27329168,New South Wales
2024-04-13 00:00:00+00:00,17.482021,0.0,0.26630214,New South Wales
2024-04-14 00:00:00+00:00,18.811188,0.05,0.26056248,New South Wales
2024-04-15 00:00:00+00:00,19.071083,1.0999999,0.2551146,New South Wales
2024-04-16 00:00:00+00:00,19.59973,0.15,0.25018752,New South Wales
2024-04-17 00:00:00+00:00,18.785147,2.0,0.2471354,New South Wales
2024-04-18 00:00:00+00:00,16.347647,2.4750004,0.24957293,New South Wales
2024-04-19 00:00:00+00:00,14.864313,1.5749999,0.25301045,New South Wales
2024-04-20 00:00:00+00:00,15.836709,0.62500006,0.25214586,New South Wales
2024-04-21 00:00:00+00:00,17.083582,0.0,0.250375,New South Wales
2024-04-22 00:00:00+00:00,17.09973,0.0,0.24523962,New South Wales
2024-04-23 00:00:00+00:00,19.456501,0.0,0.24059373,New South Wales
2024-04-24 00:00:00+00:00,16.798687,0.0,0.23819794,New South Wales
2024-04-25 00:00:00+00:00,14.048166,0.0,0.23761457,New South Wales
2024-04-26 00:00:00+00:00,14.505459,0.0,0.23621877,New South Wales
2024-04-27 00:00:00+00:00,16.609104,0.0,0.2335312,New South Wales
2024-04-28 00:00:00+00:00,18.794,0.0,0.23212498,New South Wales
2024-04-29 00:00:00+00:00,17.989834,0.45000002,0.23280206,New South Wales
2024-04-30 00:00:00+00:00,16.425251,0.625,0.2320208,New South Wales
2024-05-01 00:00:00+00:00,16.722645,0.025,0.23310418,New South Wales
2024-05-02 00:00:00+00:00,17.138792,0.475,0.23200002,New South Wales
2024-05-03 00:00:00+00:00,17.28827,12.200001,0.23656249,New South Wales
2024-05-04 00:00:00+00:00,14.705458,4.925,0.25996876,New South Wales
2024-05-05 00:00:00+00:00,14.571604,0.35,0.27089587,New South Wales
2024-05-06 00:00:00+00:00,16.292957,0.0,0.2727396,New South Wales
2024-05-07 00:00:00+00:00,16.37004,0.0,0.27078125,New South Wales
2024-05-08 00:00:00+00:00,17.233063,0.075,0.26751038,New South Wales
2024-05-09 00:00:00+00:00,18.03827,6.1,0.26523963,New South Wales
2024-05-10 00:00:00+00:00,16.805458,17.825,0.29096875,New South Wales
2024-05-11 00:00:00+00:00,14.725771,1.6750001,0.3359167,New South Wales
2024-05-12 00:00:00+00:00,13.971603,0.125,0.33492708,New South Wales
2024-05-13 00:00:00+00:00,14.828896,0.0,0.33097917,New South Wales
2024-05-14 00:00:00+00:00,13.967437,0.0,0.3245521,New South Wales
2024-05-15 00:00:00+00:00,14.496605,0.0,0.31806248,New South Wales
2024-05-16 00:00:00+00:00,15.344521,5.65,0.3166979,New South Wales
2024-05-17 00:00:00+00:00,14.673165,0.1,0.31119788,New South Wales
2024-05-18 00:00:00+00:00,10.553896,0.0,0.30696875,New South Wales
2024-05-19 00:00:00+00:00,10.61275,0.15,0.3031354,New South Wales
2024-05-20 00:00:00+00:00,10.436708,0.025,0.2997917,New South Wales
2024-05-21 00:00:00+00:00,11.779939,0.0,0.2947188,New South Wales
2024-05-22 00:00:00+00:00,11.462229,0.0,0.28913543,New South Wales
2024-05-23 00:00:00+00:00,11.295563,0.0,0.28429168,New South Wales
2024-05-24 00:00:00+00:00,12.1502495,0.0,0.2814479,New South Wales
2024-05-25 00:00:00+00:00,12.934626,0.0,0.27757293,New South Wales
2024-05-26 00:00:00+00:00,12.377334,0.1,0.2741667,New South Wales
2024-05-27 00:00:00+00:00,11.760667,0.0,0.26978123,New South Wales
2024-05-28 00:00:00+00:00,12.9955635,0.0,0.26468748,New South Wales
2024-05-29 00:00:00+00:00,16.15702,0.0,0.25854164,New South Wales
2024-05-30 00:00:00+00:00,18.46275,12.599999,0.2608229,New South Wales
2024-05-31 00:00:00+00:00,14.611187,19.475,0.28783333,New South Wales
2024-06-01 00:00:00+00:00,11.919001,0.79999995,0.32655212,New South Wales
2024-06-02 00:00:00+00:00,9.531501,0.9,0.3278125,New South Wales
2024-06-03 00:00:00+00:00,8.454417,0.0,0.32685414,New South Wales
2024-06-04 00:00:00+00:00,9.5163965,0.675,0.32431245,New South Wales
2024-06-05 00:00:00+00:00,9.077854,1.4749999,0.32441664,New South Wales
2024-06-06 00:00:00+00:00,9.862229,1.75,0.32482287,New South Wales
2024-06-07 00:00:00+00:00,11.383062,0.075,0.32439578,New South Wales
2024-06-08 00:00:00+00:00,11.045562,0.075,0.32197914,New South Wales
2024-06-09 00:00:00+00:00,10.772125,0.05,0.3191458,New South Wales
2024-06-10 00:00:00+00:00,10.107542,0.3,0.31584376,New South Wales
2024-06-11 00:00:00+00:00,11.964312,0.9,0.31253126,New South Wales
2024-06-12 00:00:00+00:00,10.240875,0.05,0.30904168,New South Wales
2024-06-13 00:00:00+00:00,7.8919163,0.275,0.30715626,New South Wales
2024-06-14 00:00:00+00:00,9.269521,2.45,0.30365625,New South Wales
2024-06-15 00:00:00+00:00,8.971604,0.0,0.30207288,New South Wales
2024-06-16 00:00:00+00:00,8.769521,0.0,0.30154166,New South Wales
2024-06-17 00:00:00+00:00,7.0434794,0.0,0.2995938,New South Wales
2024-06-18 00:00:00+00:00,6.873167,0.0,0.29673964,New South Wales
2024-06-19 00:00:00+00:00,8.895563,0.15,0.2914167,New South Wales
2024-06-20 00:00:00+00:00,9.704937,2.05,0.28972918,New South Wales
2024-06-21 00:00:00+00:00,9.096083,0.1,0.28987503,New South Wales
2024-06-22 00:00:00+00:00,7.919,0.0,0.28922915,New South Wales
2024-06-23 00:00:00+00:00,8.440354,0.0,0.28696877,New South Wales
2024-06-24 00:00:00+00:00,10.189834,0.0,0.28521878,New South Wales
2024-06-25 00:00:00+00:00,12.203375,0.05,0.28157294,New South Wales
2024-06-26 00:00:00+00:00,10.7565,0.35000002,0.27655205,New South Wales
2024-06-27 00:00:00+00:00,9.50025,0.0,0.27532285,New South Wales
2024-06-28 00:00:00+00:00,11.0617075,0.025,0.27294794,New South Wales
2024-06-29 00:00:00+00:00,14.886188,5.15,0.27107295,New South Wales
2024-06-30 00:00:00+00:00,9.691396,4.675,0.2786458,New South Wales
2024-07-01 00:00:00+00:00,7.855979,0.025,0.28776038,New South Wales
2024-07-02 00:00:00+00:00,10.231501,1.375,0.29078123,New South Wales
2024-07-03 00:00:00+00:00,10.731501,0.99999994,0.29105204,New South Wales
2024-07-04 00:00:00+00:00,10.935145,0.0,0.2894792,New South Wales
2024-07-05 00:00:00+00:00,11.483063,0.0,0.28788543,New South Wales
2024-07-06 00:00:00+00:00,11.936708,0.0,0.28460413,New South Wales
2024-07-07 00:00:00+00:00,13.286188,6.1499996,0.2815833,New South Wales
2024-07-08 00:00:00+00:00,12.573167,12.8,0.30366665,New South Wales
2024-07-09 00:00:00+00:00,10.705459,0.5,0.32155213,New South Wales
2024-07-10 00:00:00+00:00,8.920563,0.075,0.32221875,New South Wales
2024-07-11 00:00:00+00:00,9.855978,1.5250001,0.3220417,New South Wales
2024-07-12 00:00:00+00:00,10.246605,0.45,0.3236041,New South Wales
2024-07-13 00:00:00+00:00,8.76275,0.225,0.3230729,New South Wales
2024-07-14 00:00:00+00:00,7.701813,0.3,0.3223021,New South Wales
2024-07-15 00:00:00+00:00,7.632542,1.1249999,0.32161456,New South Wales
2024-07-16 00:00:00+00:00,9.48098,1.8249998,0.32324997,New South Wales
2024-07-17 00:00:00+00:00,9.0877495,1.0999999,0.32593745,New South Wales
2024-07-18 00:00:00+00:00,8.914312,0.3,0.32575005,New South Wales
2024-07-19 00:00:00+00:00,10.438791,0.9,0.32257286,New South Wales
2024-07-20 00:00:00+00:00,9.451292,0.15,0.31856245,New South Wales
2024-07-21 00:00:00+00:00,8.870041,0.275,0.31382293,New South Wales
2024-07-22 00:00:00+00:00,9.502334,0.0,0.30923954,New South Wales
2024-07-23 00:00:00+00:00,9.518479,0.0,0.30456248,New South Wales
2024-07-24 00:00:00+00:00,12.5065,0.0,0.30064583,New South Wales
2024-07-25 00:00:00+00:00,13.526812,3.525,0.29790622,New South Wales
2024-07-26 00:00:00+00:00,12.523167,7.375,0.29848957,New South Wales
2024-07-27 00:00:00+00:00,10.9627495,4.5750003,0.31287497,New South Wales
2024-07-28 00:00:00+00:00,7.067959,0.0,0.31813544,New South Wales
2024-07-29 00:00:00+00:00,6.8372293,0.0,0.31350002,New South Wales
2024-07-30 00:00:00+00:00,7.1773334,0.0,0.31054166,New South Wales
2024-07-31 00:00:00+00:00,8.0632715,0.0,0.3051979,New South Wales
2024-08-01 00:00:00+00:00,8.55025,0.0,0.29963538,New South Wales
2024-08-02 00:00:00+00:00,9.019521,0.0,0.2940625,New South Wales
2024-08-03 00:00:00+00:00,9.79348,0.0,0.28804165,New South Wales
2024-08-04 00:00:00+00:00,11.720042,0.625,0.28540626,New South Wales
2024-08-05 00:00:00+00:00,9.934625,9.925,0.29495835,New South Wales
2024-08-06 00:00:00+00:00,8.779417,0.0,0.3051146,New South Wales
2024-08-07 00:00:00+00:00,9.666916,0.0,0.30655208,New South Wales
2024-08-08 00:00:00+00:00,12.335667,0.0,0.3046354,New South Wales
2024-08-09 00:00:00+00:00,12.574209,0.05,0.30282292,New South Wales
2024-08-10 00:00:00+00:00,12.425772,0.125,0.30054164,New South Wales
2024-08-11 00:00:00+00:00,13.110667,0.025,0.29581252,New South Wales
2024-08-12 00:00:00+00:00,14.51275,0.05,0.29194793,New South Wales
2024-08-13 00:00:00+00:00,15.163271,14.675,0.29848957,New South Wales
2024-08-14 00:00:00+00:00,14.137749,2.425,0.34195834,New South Wales
2024-08-15 00:00:00+00:00,14.282542,0.25,0.34327084,New South Wales
2024-08-16 00:00:00+00:00,14.664312,2.775,0.3413542,New South Wales
2024-08-17 00:00:00+00:00,12.0788965,1.175,0.33932292,New South Wales
2024-08-18 00:00:00+00:00,11.046604,0.0,0.33572915,New South Wales
2024-08-19 00:00:00+00:00,13.102334,0.0,0.3321875,New South Wales
2024-08-20 00:00:00+00:00,16.25806,1.35,0.3266146,New South Wales
2024-08-21 00:00:00+00:00,15.1153555,0.17500001,0.32050002,New South Wales
2024-08-22 00:00:00+00:00,14.076813,0.0,0.3170208,New South Wales
2024-08-23 00:00:00+00:00,16.651814,0.70000005,0.31255206,New South Wales
2024-08-24 00:00:00+00:00,19.13723,0.39999998,0.30860418,New South Wales
2024-08-25 00:00:00+00:00,18.28098,2.4,0.3107083,New South Wales
2024-08-26 00:00:00+00:00,14.301813,0.1,0.31387496,New South Wales
2024-08-27 00:00:00+00:00,17.127853,0.0,0.31061462,New South Wales
2024-08-28 00:00:00+00:00,17.070042,0.0,0.3046146,New South Wales
2024-08-29 00:00:00+00:00,15.655459,0.0,0.29779163,New South Wales
2024-08-30 00:00:00+00:00,20.424206,0.0,0.2924688,New South Wales
2024-08-31 00:00:00+00:00,15.919001,0.025,0.2850625,New South Wales
2024-09-01 00:00:00+00:00,18.147646,0.0,0.27987498,New South Wales
2024-09-02 00:00:00+00:00,14.262751,0.0,0.27609378,New South Wales
2024-09-03 00:00:00+00:00,11.483063,0.0,0.27389583,New South Wales
2024-09-04 00:00:00+00:00,15.6315,0.0,0.2702917,New South Wales
2024-09-05 00:00:00+00:00,18.198689,0.0,0.26599994,New South Wales
2024-09-06 00:00:00+00:00,19.457022,0.625,0.26030207,New South Wales
2024-09-07 00:00:00+00:00,18.09452,0.1,0.2561458,New South Wales
2024-09-08 00:00:00+00:00,17.035666,0.0,0.25308332,New South Wales
2024-09-09 00:00:00+00:00,14.521605,0.075,0.25283334,New South Wales
2024-09-10 00:00:00+00:00,15.829938,0.0,0.2490625,New South Wales
2024-09-11 00:00:00+00:00,18.523167,7.1499996,0.24603127,New South Wales
2024-09-12 00:00:00+00:00,14.31848,0.79999995,0.24684376,New South Wales
2024-09-13 00:00:00+00:00,14.00025,0.0,0.24721876,New South Wales
2024-09-14 00:00:00+00:00,13.1137905,0.05,0.24678126,New South Wales
2024-09-15 00:00:00+00:00,10.835145,0.0,0.24609376,New South Wales
2024-09-16 00:00:00+00:00,12.032542,0.0,0.24218747,New South Wales
2024-09-17 00:00:00+00:00,12.55598,0.0,0.2376979,New South Wales
2024-09-18 00:00:00+00:00,15.2299385,0.0,0.2350625,New South Wales
2024-09-19 00:00:00+00:00,16.321083,0.1,0.23453125,New South Wales
2024-09-20 00:00:00+00:00,15.266396,0.0,0.23328125,New South Wales
2024-09-21 00:00:00+00:00,14.688271,0.075,0.23039584,New South Wales
2024-09-22 00:00:00+00:00,15.272646,0.025,0.22978124,New South Wales
2024-09-23 00:00:00+00:00,17.961187,0.0,0.22608332,New South Wales
2024-09-24 00:00:00+00:00,21.290354,1.425,0.22246878,New South Wales
2024-09-25 00:00:00+00:00,18.847647,5.4750004,0.22252083,New South Wales
2024-09-26 00:00:00+00:00,13.676812,3.2,0.22617708,New South Wales
2024-09-27 00:00:00+00:00,14.060146,1.5999999,0.24943751,New South Wales
2024-09-28 00:00:00+00:00,16.099209,0.0,0.2564792,New South Wales
2024-09-29 00:00:00+00:00,17.921604,1.15,0.25351042,New South Wales
2024-09-30 00:00:00+00:00,15.983063,0.0,0.250125,New South Wales
2024-10-01 00:00:00+00:00,16.950771,0.0,0.24594793,New South Wales
2024-10-02 00:00:00+00:00,18.542957,0.0,0.24130206,New South Wales
2024-10-03 00:00:00+00:00,18.971603,0.90000004,0.23785421,New South Wales
2024-10-04 00:00:00+00:00,19.021603,3.8249998,0.2363125,New South Wales
2024-10-05 00:00:00+00:00,18.952333,0.0,0.24582294,New South Wales
2024-10-06 00:00:00+00:00,18.654938,0.0,0.25121877,New South Wales
2024-10-07 00:00:00+00:00,20.368479,0.0,0.24307291,New South Wales
2024-10-08 00:00:00+00:00,18.84348,0.0,0.23829167,New South Wales
2024-10-09 00:00:00+00:00,17.633583,1.125,0.23913541,New South Wales
2024-10-10 00:00:00+00:00,19.439833,0.0,0.241375,New South Wales
2024-10-11 00:00:00+00:00,20.1565,0.05,0.23842706,New South Wales
2024-10-12 00:00:00+00:00,19.891396,0.075,0.23331252,New South Wales
2024-10-13 00:00:00+00:00,21.0315,0.7,0.229125,New South Wales
2024-10-14 00:00:00+00:00,20.261189,2.1749997,0.23202084,New South Wales
2024-10-15 00:00:00+00:00,19.677334,8.724999,0.24033335,New South Wales
2024-10-16 00:00:00+00:00,18.965876,1.2499999,0.2538021,New South Wales
2024-10-17 00:00:00+00:00,23.388271,5.7,0.25671875,New South Wales
2024-10-18 00:00:00+00:00,21.446083,4.7,0.27105206,New South Wales
2024-10-19 00:00:00+00:00,18.696604,0.0,0.27158332,New South Wales
2024-10-20 00:00:00+00:00,20.864311,0.0,0.26496875,New South Wales
2024-10-21 00:00:00+00:00,20.690874,0.0,0.25692707,New South Wales
2024-10-22 00:00:00+00:00,22.228895,0.0,0.2502604,New South Wales
2024-10-23 00:00:00+00:00,22.090874,0.025,0.24487494,New South Wales
2024-10-24 00:00:00+00:00,17.874208,0.6750001,0.2400625,New South Wales
2024-10-25 00:00:00+00:00,16.110146,0.0,0.2370625,New South Wales
2024-10-26 00:00:00+00:00,19.041916,0.0,0.23334374,New South Wales
2024-10-27 00:00:00+00:00,21.733582,0.0,0.23109373,New South Wales
2024-10-28 00:00:00+00:00,21.340876,0.0,0.22764581,New South Wales
2024-10-29 00:00:00+00:00,21.940353,0.0,0.2220729,New South Wales
2024-10-30 00:00:00+00:00,22.511189,0.0,0.21805206,New South Wales
2024-10-31 00:00:00+00:00,21.992958,0.075,0.21558332,New South Wales
2024-11-01 00:00:00+00:00,20.766396,0.0,0.21278124,New South Wales
2024-11-02 00:00:00+00:00,24.169521,0.05,0.2108646,New South Wales
2024-11-03 00:00:00+00:00,27.466915,0.0,0.20829163,New South Wales
2024-11-04 00:00:00+00:00,24.334103,0.525,0.20521873,New South Wales
2024-11-05 00:00:00+00:00,26.75702,0.075,0.20309374,New South Wales
2024-11-06 00:00:00+00:00,30.776812,0.025,0.20084377,New South Wales
2024-11-07 00:00:00+00:00,24.215355,1.45,0.19866666,New South Wales
2024-11-08 00:00:00+00:00,22.719,0.0,0.19854166,New South Wales
2024-11-09 00:00:00+00:00,24.259626,0.025,0.19677082,New South Wales
2024-11-10 00:00:00+00:00,24.588268,0.1,0.19460416,New South Wales
2024-11-11 00:00:00+00:00,22.68254,12.099999,0.20140623,New South Wales
2024-11-12 00:00:00+00:00,24.438791,0.8249999,0.20738545,New South Wales
2024-11-13 00:00:00+00:00,23.47681,1.6249999,0.22579165,New South Wales
2024-11-14 00:00:00+00:00,23.148687,0.0,0.22212496,New South Wales
2024-11-15 00:00:00+00:00,24.686188,0.72499996,0.2146458,New South Wales
2024-11-16 00:00:00+00:00,28.039833,1.375,0.21006249,New South Wales
2024-11-17 00:00:00+00:00,23.097647,18.7,0.2223854,New South Wales
2024-11-18 00:00:00+00:00,20.11379,1.0249999,0.2461771,New South Wales
2024-11-19 00:00:00+00:00,21.014833,5.2,0.25988543,New South Wales
2024-11-20 00:00:00+00:00,22.16275,0.22500001,0.25967708,New South Wales
2024-11-21 00:00:00+00:00,23.822647,0.0,0.2591146,New South Wales
2024-11-22 00:00:00+00:00,25.233583,0.075,0.25380206,New South Wales
2024-11-23 00:00:00+00:00,26.628893,0.0,0.2485625,New South Wales
2024-11-24 00:00:00+00:00,27.141396,0.0,0.24547914,New South Wales
2024-11-25 00:00:00+00:00,26.847645,5.15,0.24609374,New South Wales
2024-11-26 00:00:00+00:00,27.329935,7.7750006,0.24478123,New South Wales
2024-11-27 00:00:00+00:00,24.92525,6.1000004,0.26008338,New South Wales
2024-11-28 00:00:00+00:00,24.819,6.8499994,0.25946873,New South Wales
2024-11-29 00:00:00+00:00,22.984625,24.525002,0.27915627,New South Wales
2024-11-30 00:00:00+00:00,22.743479,5.9750004,0.34889585,New South Wales
2024-12-01 00:00:00+00:00,24.28202,0.1,0.35007292,New South Wales
2024-12-02 00:00:00+00:00,27.224728,15.8,0.33877084,New South Wales
2024-12-03 00:00:00+00:00,23.889833,6.4250007,0.37878123,New South Wales
2024-12-04 00:00:00+00:00,26.488792,0.52500004,0.37169793,New South Wales
2024-12-05 00:00:00+00:00,27.867958,0.75,0.35761458,New South Wales
2024-12-06 00:00:00+00:00,28.20181,4.35,0.34609374,New South Wales
2024-12-07 00:00:00+00:00,27.155457,6.75,0.33953124,New South Wales
2024-12-08 00:00:00+00:00,24.640354,0.45000002,0.3460833,New South Wales
2024-12-09 00:00:00+00:00,23.717958,0.775,0.33381248,New South Wales
2024-12-10 00:00:00+00:00,24.449207,0.0,0.32853127,New South Wales
2024-12-11 00:00:00+00:00,23.902332,0.0,0.32689583,New South Wales
2024-12-12 00:00:00+00:00,25.43098,0.0,0.31979167,New South Wales
2024-12-13 00:00:00+00:00,26.706501,0.05,0.31096876,New South Wales
2024-12-14 00:00:00+00:00,28.41275,0.0,0.3044271,New South Wales
2024-12-15 00:00:00+00:00,29.559624,0.0,0.30017707,New South Wales
2024-12-16 00:00:00+00:00,30.859625,0.0,0.28641668,New South Wales
2024-12-17 00:00:00+00:00,27.060146,0.32500002,0.2753125,New South Wales
2024-12-18 00:00:00+00:00,24.702332,0.45000002,0.2700729,New South Wales
2024-12-19 00:00:00+00:00,24.414831,0.0,0.26548958,New South Wales
2024-12-20 00:00:00+00:00,26.404417,0.0,0.26338547,New South Wales
2024-12-21 00:00:00+00:00,27.566916,0.0,0.2581563,New South Wales
2024-12-22 00:00:00+00:00,26.749208,0.225,0.25132293,New South Wales
2024-12-23 00:00:00+00:00,21.725248,0.0,0.2477396,New South Wales
2024-12-24 00:00:00+00:00,23.215355,0.0,0.2475312,New South Wales
2024-12-25 00:00:00+00:00,27.147125,0.0,0.24383335,New South Wales
2024-12-26 00:00:00+00:00,29.849205,1.975,0.24024996,New South Wales
2024-12-27 00:00:00+00:00,25.738792,0.35000002,0.23836458,New South Wales
2024-12-28 00:00:00+00:00,24.220562,0.0,0.23428127,New South Wales
2024-12-29 00:00:00+00:00,25.751812,0.0,0.23225003,New South Wales
2024-12-30 00:00:00+00:00,27.665354,0.275,0.22905204,New South Wales
2024-12-31 00:00:00+00:00,26.84869,2.6000001,0.22762498,New South Wales
2024-01-01 00:00:00+00:00,26.446999,3.45,0.29314587,Victoria
2024-01-02 00:00:00+00:00,25.76471,7.7749996,0.28897917,Victoria
2024-01-03 00:00:00+00:00,26.044394,0.525,0.28828126,Victoria
2024-01-04 00:00:00+00:00,25.423042,0.0,0.28557292,Victoria
2024-01-05 00:00:00+00:00,27.816792,0.1,0.2795417,Victoria
2024-01-06 00:00:00+00:00,27.187103,8.075,0.27344787,Victoria
2024-01-07 00:00:00+00:00,22.236584,24.075,0.35824996,Victoria
2024-01-08 00:00:00+00:00,20.867834,1.975,0.37084374,Victoria
2024-01-09 00:00:00+00:00,23.185543,0.0,0.36236462,Victoria
2024-01-10 00:00:00+00:00,23.437626,0.0,0.34933335,Victoria
2024-01-11 00:00:00+00:00,24.437101,0.0,0.33433333,Victoria
2024-01-12 00:00:00+00:00,28.025127,0.5,0.31708333,Victoria
2024-01-13 00:00:00+00:00,23.653252,0.025,0.30452085,Victoria
2024-01-14 00:00:00+00:00,23.96106,0.325,0.29672918,Victoria
2024-01-15 00:00:00+00:00,25.53398,5.525,0.29029167,Victoria
2024-01-16 00:00:00+00:00,24.12252,10.475,0.28962502,Victoria
2024-01-17 00:00:00+00:00,17.941273,1.0500001,0.32494786,Victoria
2024-01-18 00:00:00+00:00,17.419395,0.0,0.32570827,Victoria
2024-01-19 00:00:00+00:00,20.024082,0.0,0.31814584,Victoria
2024-01-20 00:00:00+00:00,24.879292,0.0,0.3075417,Victoria
2024-01-21 00:00:00+00:00,19.912102,0.0,0.29952085,Victoria
2024-01-22 00:00:00+00:00,20.57929,0.0,0.29217708,Victoria
2024-01-23 00:00:00+00:00,27.470436,0.225,0.2832604,Victoria
2024-01-24 00:00:00+00:00,27.343353,0.95,0.27795833,Victoria
2024-01-25 00:00:00+00:00,21.174603,4.425,0.27746874,Victoria
2024-01-26 00:00:00+00:00,19.109499,0.025,0.28218752,Victoria
2024-01-27 00:00:00+00:00,19.393354,0.0,0.28028125,Victoria
2024-01-28 00:00:00+00:00,22.17825,0.0,0.27604163,Victoria
2024-01-29 00:00:00+00:00,25.69127,0.0,0.2693125,Victoria
2024-01-30 00:00:00+00:00,23.49596,0.0,0.26461452,Victoria
2024-01-31 00:00:00+00:00,21.560022,0.0,0.2612917,Victoria
2024-02-01 00:00:00+00:00,23.132936,0.0,0.2579375,Victoria
2024-02-02 00:00:00+00:00,22.029293,0.0,0.2548125,Victoria
2024-02-03 00:00:00+00:00,27.106895,0.0,0.25057292,Victoria
2024-02-04 00:00:00+00:00,31.592834,0.0,0.24722917,Victoria
2024-02-05 00:00:00+00:00,22.047,0.075,0.2457917,Victoria
2024-02-06 00:00:00+00:00,19.975645,0.0,0.24433331,Victoria
2024-02-07 00:00:00+00:00,21.166271,0.0,0.24389583,Victoria
2024-02-08 00:00:00+00:00,23.900648,0.0,0.24266663,Victoria
2024-02-09 00:00:00+00:00,23.543354,0.0,0.24081248,Victoria
2024-02-10 00:00:00+00:00,25.501167,0.0,0.23894794,Victoria
2024-02-11 00:00:00+00:00,28.644917,0.0,0.23655212,Victoria
2024-02-12 00:00:00+00:00,32.28867,0.0,0.23419788,Victoria
2024-02-13 00:00:00+00:00,25.05429,1.7249999,0.233125,Victoria
2024-02-14 00:00:00+00:00,18.531374,0.0,0.23705205,Victoria
2024-02-15 00:00:00+00:00,20.793875,0.0,0.23810418,Victoria
2024-02-16 00:00:00+00:00,23.653248,0.0,0.23817709,Victoria
2024-02-17 00:00:00+00:00,25.860542,0.0,0.23596875,Victoria
2024-02-18 00:00:00+00:00,24.756374,0.0,0.23503125,Victoria
2024-02-19 00:00:00+00:00,25.009502,0.0,0.23280206,Victoria
2024-02-20 00:00:00+00:00,27.632938,0.0,0.23196878,Victoria
2024-02-21 00:00:00+00:00,29.227213,0.075,0.23054169,Victoria
2024-02-22 00:00:00+00:00,28.97721,0.0,0.22938542,Victoria
2024-02-23 00:00:00+00:00,18.648561,0.0,0.22887498,Victoria
2024-02-24 00:00:00+00:00,20.749605,0.0,0.22933334,Victoria
2024-02-25 00:00:00+00:00,24.744919,0.0,0.22817709,Victoria
2024-02-26 00:00:00+00:00,22.762102,0.0,0.2271979,Victoria
2024-02-27 00:00:00+00:00,27.776169,0.0,0.22641663,Victoria
2024-02-28 00:00:00+00:00,28.899082,0.05,0.22530207,Victoria
2024-02-29 00:00:00+00:00,24.683458,0.025,0.22471876,Victoria
2024-03-01 00:00:00+00:00,24.802729,0.0,0.22373961,Victoria
2024-03-02 00:00:00+00:00,20.451687,0.0,0.22327085,Victoria
2024-03-03 00:00:00+00:00,19.214706,0.0,0.22343755,Victoria
2024-03-04 00:00:00+00:00,20.723043,0.0,0.22416669,Victoria
2024-03-05 00:00:00+00:00,24.577728,0.025,0.22351041,Victoria
2024-03-06 00:00:00+00:00,26.108978,0.0,0.2228437,Victoria
2024-03-07 00:00:00+00:00,24.037104,0.0,0.2223229,Victoria
2024-03-08 00:00:00+00:00,27.250645,0.0,0.2221146,Victoria
2024-03-09 00:00:00+00:00,31.889708,0.0,0.22166668,Victoria
2024-03-10 00:00:00+00:00,29.429293,0.0,0.2210625,Victoria
2024-03-11 00:00:00+00:00,29.54804,0.0,0.22057292,Victoria
2024-03-12 00:00:00+00:00,29.618355,0.0,0.22027084,Victoria
2024-03-13 00:00:00+00:00,25.817312,0.2,0.2201354,Victoria
2024-03-14 00:00:00+00:00,19.857416,1.625,0.21954167,Victoria
2024-03-15 00:00:00+00:00,24.422,0.075,0.21852085,Victoria
2024-03-16 00:00:00+00:00,22.585022,0.3,0.22138542,Victoria
2024-03-17 00:00:00+00:00,22.372002,6.2000003,0.22727083,Victoria
2024-03-18 00:00:00+00:00,25.463667,0.9,0.2281875,Victoria
2024-03-19 00:00:00+00:00,20.650646,2.3500001,0.23113537,Victoria
2024-03-20 00:00:00+00:00,15.2178335,0.0,0.23269793,Victoria
2024-03-21 00:00:00+00:00,16.8345,0.0,0.2345625,Victoria
2024-03-22 00:00:00+00:00,19.44127,0.0,0.23565626,Victoria
2024-03-23 00:00:00+00:00,17.818876,0.0,0.23582292,Victoria
2024-03-24 00:00:00+00:00,16.757416,0.0,0.23662503,Victoria
2024-03-25 00:00:00+00:00,18.24179,0.0,0.23529164,Victoria
2024-03-26 00:00:00+00:00,18.704292,0.0,0.23455207,Victoria
2024-03-27 00:00:00+00:00,18.38554,0.0,0.23252085,Victoria
2024-03-28 00:00:00+00:00,18.031895,0.0,0.23136461,Victoria
2024-03-29 00:00:00+00:00,21.897,0.0,0.23102085,Victoria
2024-03-30 00:00:00+00:00,24.258982,0.0,0.23003122,Victoria
2024-03-31 00:00:00+00:00,26.004814,0.0,0.22892708,Victoria
2024-04-01 00:00:00+00:00,20.802729,18.575,0.24277082,Victoria
2024-04-02 00:00:00+00:00,15.464708,0.1,0.25859377,Victoria
2024-04-03 00:00:00+00:00,14.844917,0.05,0.26259375,Victoria
2024-04-04 00:00:00+00:00,15.755333,0.025,0.26513547,Victoria
2024-04-05 00:00:00+00:00,18.220959,4.05,0.2665521,Victoria
2024-04-06 00:00:00+00:00,16.975124,0.52500004,0.2731563,Victoria
2024-04-07 00:00:00+00:00,16.699083,0.15,0.27702087,Victoria
2024-04-08 00:00:00+00:00,14.7891865,1.175,0.28028125,Victoria
2024-04-09 00:00:00+00:00,12.411584,0.025,0.28221875,Victoria
2024-04-10 00:00:00+00:00,14.47825,0.025,0.28251043,Victoria
2024-04-11 00:00:00+00:00,13.30273,0.0,0.28055215,Victoria
2024-04-12 00:00:00+00:00,13.223561,0.0,0.27765626,Victoria
2024-04-13 00:00:00+00:00,13.317314,0.0,0.2755937,Victoria
2024-04-14 00:00:00+00:00,14.635543,0.0,0.27153122,Victoria
2024-04-15 00:00:00+00:00,16.142834,0.0,0.26795834,Victoria
2024-04-16 00:00:00+00:00,15.89075,0.0,0.2639792,Victoria
2024-04-17 00:00:00+00:00,14.675646,0.1,0.26210415,Victoria
2024-04-18 00:00:00+00:00,14.919396,0.4,0.26045835,Victoria
2024-04-19 00:00:00+00:00,14.105331,0.075,0.2601875,Victoria
2024-04-20 00:00:00+00:00,13.557939,0.0,0.25805202,Victoria
2024-04-21 00:00:00+00:00,12.902206,0.0,0.25594795,Victoria
2024-04-22 00:00:00+00:00,15.555853,0.0,0.251875,Victoria
2024-04-23 00:00:00+00:00,17.643875,0.9,0.24817707,Victoria
2024-04-24 00:00:00+00:00,12.211583,0.0,0.247625,Victoria
2024-04-25 00:00:00+00:00,12.243354,0.05,0.24695835,Victoria
2024-04-26 00:00:00+00:00,10.979813,0.0,0.24572915,Victoria
2024-04-27 00:00:00+00:00,12.171999,0.0,0.2441146,Victoria
2024-04-28 00:00:00+00:00,15.406897,0.0,0.24399999,Victoria
2024-04-29 00:00:00+00:00,14.124083,0.0,0.24635424,Victoria
2024-04-30 00:00:00+00:00,12.205854,0.0,0.24559371,Victoria
2024-05-01 00:00:00+00:00,13.602208,0.0,0.24463539,Victoria
2024-05-02 00:00:00+00:00,13.925646,0.2,0.24471873,Victoria
2024-05-03 00:00:00+00:00,14.307938,1.6500001,0.2448229,Victoria
2024-05-04 00:00:00+00:00,14.502208,0.05,0.2432917,Victoria
2024-05-05 00:00:00+00:00,14.9766865,0.0,0.24146871,Victoria
2024-05-06 00:00:00+00:00,13.720959,0.0,0.24034375,Victoria
2024-05-07 00:00:00+00:00,13.862625,0.0,0.23889585,Victoria
2024-05-08 00:00:00+00:00,15.395958,0.3,0.23737502,Victoria
2024-05-09 00:00:00+00:00,14.706375,0.9,0.23592708,Victoria
2024-05-10 00:00:00+00:00,14.792312,13.675,0.24297918,Victoria
2024-05-11 00:00:00+00:00,14.054812,1.2,0.27356252,Victoria
2024-05-12 00:00:00+00:00,14.160021,0.0,0.27983335,Victoria
2024-05-13 00:00:00+00:00,13.8428335,0.0,0.28170836,Victoria
2024-05-14 00:00:00+00:00,10.174604,0.0,0.28215623,Victoria
2024-05-15 00:00:00+00:00,11.499604,0.0,0.28047916,Victoria
2024-05-16 00:00:00+00:00,12.281375,0.0,0.27867705,Victoria
2024-05-17 00:00:00+00:00,12.413666,0.0,0.27602082,Victoria
2024-05-18 00:00:00+00:00,8.313666,0.0,0.2747187,Victoria
2024-05-19 00:00:00+00:00,11.990229,0.25,0.27452087,Victoria
2024-05-20 00:00:00+00:00,11.717312,0.05,0.27536458,Victoria
2024-05-21 00:00:00+00:00,9.053771,0.075,0.2712292,Victoria
2024-05-22 00:00:00+00:00,8.527208,0.0,0.27436453,Victoria
2024-05-23 00:00:00+00:00,9.249604,0.0,0.27310416,Victoria
2024-05-24 00:00:00+00:00,9.661583,0.0,0.27170837,Victoria
2024-05-25 00:00:00+00:00,8.930333,0.0,0.27006245,Victoria
2024-05-26 00:00:00+00:00,9.332417,0.0,0.26679164,Victoria
2024-05-27 00:00:00+00:00,9.899083,0.0,0.26396877,Victoria
2024-05-28 00:00:00+00:00,9.741791,0.0,0.26161456,Victoria
2024-05-29 00:00:00+00:00,15.176167,0.0,0.25709373,Victoria
2024-05-30 00:00:00+00:00,13.92721,14.875,0.2663333,Victoria
2024-05-31 00:00:00+00:00,11.160021,2.2,0.28315628,Victoria
2024-06-01 00:00:00+00:00,9.12825,0.0,0.2889375,Victoria
2024-06-02 00:00:00+00:00,7.9449167,0.0,0.29018748,Victoria
2024-06-03 00:00:00+00:00,7.1225204,0.0,0.29179168,Victoria
2024-06-04 00:00:00+00:00,7.686584,0.125,0.29206246,Victoria
2024-06-05 00:00:00+00:00,9.427208,0.0,0.2927083,Victoria
2024-06-06 00:00:00+00:00,11.1501255,0.0,0.29164585,Victoria
2024-06-07 00:00:00+00:00,10.307938,0.0,0.2902083,Victoria
2024-06-08 00:00:00+00:00,10.36575,0.125,0.28997922,Victoria
2024-06-09 00:00:00+00:00,11.128249,0.075,0.2893542,Victoria
2024-06-10 00:00:00+00:00,13.341792,2.2,0.28859377,Victoria
2024-06-11 00:00:00+00:00,12.493355,1.5,0.29268748,Victoria
2024-06-12 00:00:00+00:00,8.910021,0.075,0.29874998,Victoria
2024-06-13 00:00:00+00:00,8.512625,3.3,0.3020938,Victoria
2024-06-14 00:00:00+00:00,8.823563,5.375,0.31584376,Victoria
2024-06-15 00:00:00+00:00,7.942834,0.25,0.3269271,Victoria
2024-06-16 00:00:00+00:00,7.528249,0.0,0.32914582,Victoria
2024-06-17 00:00:00+00:00,6.4178333,0.0,0.3276354,Victoria
2024-06-18 00:00:00+00:00,5.9516873,0.0,0.3253438,Victoria
2024-06-19 00:00:00+00:00,8.4626255,4.55,0.3235417,Victoria
2024-06-20 00:00:00+00:00,7.180333,4.35,0.33784375,Victoria
2024-06-21 00:00:00+00:00,7.678771,0.0,0.3431875,Victoria
2024-06-22 00:00:00+00:00,5.9178333,0.0,0.343,Victoria
2024-06-23 00:00:00+00:00,7.0532503,0.0,0.3406667,Victoria
2024-06-24 00:00:00+00:00,9.022521,0.3,0.33777085,Victoria
2024-06-25 00:00:00+00:00,10.173042,2.35,0.3331354,Victoria
2024-06-26 00:00:00+00:00,9.904291,0.675,0.33270833,Victoria
2024-06-27 00:00:00+00:00,9.433457,0.025,0.333375,Victoria
2024-06-28 00:00:00+00:00,13.27252,0.3,0.3310104,Victoria
2024-06-29 00:00:00+00:00,8.429292,6.825,0.33182293,Victoria
2024-06-30 00:00:00+00:00,6.8928337,0.025,0.33526045,Victoria
2024-07-01 00:00:00+00:00,6.715229,0.0,0.33528122,Victoria
2024-07-02 00:00:00+00:00,6.100646,0.0,0.33352083,Victoria
2024-07-03 00:00:00+00:00,7.36575,0.0,0.33072916,Victoria
2024-07-04 00:00:00+00:00,8.8048115,0.0,0.32648963,Victoria
2024-07-05 00:00:00+00:00,8.879812,0.0,0.3214271,Victoria
2024-07-06 00:00:00+00:00,8.761583,0.0,0.3170938,Victoria
2024-07-07 00:00:00+00:00,11.388666,1.175,0.31433335,Victoria
2024-07-08 00:00:00+00:00,11.01575,2.8000002,0.31390625,Victoria
2024-07-09 00:00:00+00:00,9.002208,0.575,0.31555203,Victoria
2024-07-10 00:00:00+00:00,9.676166,0.0,0.31646872,Victoria
2024-07-11 00:00:00+00:00,10.006375,7.0499997,0.3189792,Victoria
2024-07-12 00:00:00+00:00,8.385021,0.125,0.32821876,Victoria
2024-07-13 00:00:00+00:00,8.774603,0.1,0.33118752,Victoria
2024-07-14 00:00:00+00:00,7.063666,0.15,0.331875,Victoria
2024-07-15 00:00:00+00:00,8.919395,1.375,0.33410418,Victoria
2024-07-16 00:00:00+00:00,10.64752,0.625,0.33646873,Victoria
2024-07-17 00:00:00+00:00,8.883458,0.3,0.33695835,Victoria
2024-07-18 00:00:00+00:00,8.286584,0.125,0.33698955,Victoria
2024-07-19 00:00:00+00:00,9.902208,3.275,0.33864588,Victoria
2024-07-20 00:00:00+00:00,8.988146,0.45000002,0.3425416,Victoria
2024-07-21 00:00:00+00:00,10.494917,0.2,0.34324995,Victoria
2024-07-22 00:00:00+00:00,10.4157505,0.0,0.33989587,Victoria
2024-07-23 00:00:00+00:00,10.935541,0.0,0.33466667,Victoria
2024-07-24 00:00:00+00:00,13.660542,1.35,0.32956252,Victoria
2024-07-25 00:00:00+00:00,9.379812,2.125,0.3305,Victoria
2024-07-26 00:00:00+00:00,10.776167,0.0,0.33117706,Victoria
2024-07-27 00:00:00+00:00,6.626688,1.8,0.3317813,Victoria
2024-07-28 00:00:00+00:00,6.0641875,0.0,0.33515626,Victoria
2024-07-29 00:00:00+00:00,7.2595,0.0,0.3348542,Victoria
2024-07-30 00:00:00+00:00,7.1449165,0.0,0.33218753,Victoria
2024-07-31 00:00:00+00:00,7.130333,0.0,0.32734376,Victoria
2024-08-01 00:00:00+00:00,7.729292,0.0,0.3224896,Victoria
2024-08-02 00:00:00+00:00,9.425645,0.025,0.31730205,Victoria
2024-08-03 00:00:00+00:00,8.418875,0.0,0.31278127,Victoria
2024-08-04 00:00:00+00:00,9.822521,2.225,0.31278124,Victoria
2024-08-05 00:00:00+00:00,8.1449175,0.70000005,0.311375,Victoria
2024-08-06 00:00:00+00:00,8.981895,0.0,0.31001043,Victoria
2024-08-07 00:00:00+00:00,10.100125,0.0,0.30710414,Victoria
2024-08-08 00:00:00+00:00,10.948563,0.42500004,0.30574995,Victoria
2024-08-09 00:00:00+00:00,9.487625,0.0,0.3041979,Victoria
2024-08-10 00:00:00+00:00,9.5459585,0.0,0.3031667,Victoria
2024-08-11 00:00:00+00:00,10.755854,0.0,0.29984373,Victoria
2024-08-12 00:00:00+00:00,12.723563,0.0,0.29596874,Victoria
2024-08-13 00:00:00+00:00,13.493875,0.0,0.29260418,Victoria
2024-08-14 00:00:00+00:00,15.229291,0.0,0.28877085,Victoria
2024-08-15 00:00:00+00:00,16.523563,2.225,0.28508332,Victoria
2024-08-16 00:00:00+00:00,13.294916,1.3000001,0.2865833,Victoria
2024-08-17 00:00:00+00:00,11.050125,0.87500006,0.29048958,Victoria
2024-08-18 00:00:00+00:00,11.049084,0.15,0.29206252,Victoria
2024-08-19 00:00:00+00:00,13.712104,2.9499998,0.2928125,Victoria
2024-08-20 00:00:00+00:00,14.49127,3.525,0.30344796,Victoria
2024-08-21 00:00:00+00:00,12.811063,0.77500004,0.30963546,Victoria
2024-08-22 00:00:00+00:00,12.506375,0.17500001,0.3103229,Victoria
2024-08-23 00:00:00+00:00,16.454813,2.425,0.30954164,Victoria
2024-08-24 00:00:00+00:00,16.786583,0.9999999,0.30610412,Victoria
2024-08-25 00:00:00+00:00,15.526167,1.6500001,0.30682293,Victoria
2024-08-26 00:00:00+00:00,12.688146,0.25,0.30912495,Victoria
2024-08-27 00:00:00+00:00,17.66523,0.025,0.30483335,Victoria
2024-08-28 00:00:00+00:00,12.869396,0.1,0.30103123,Victoria
2024-08-29 00:00:00+00:00,16.84127,0.275,0.29860416,Victoria
2024-08-30 00:00:00+00:00,15.439187,0.0,0.2936458,Victoria
2024-08-31 00:00:00+00:00,14.763145,0.025,0.29101044,Victoria
2024-09-01 00:00:00+00:00,15.880334,0.5,0.28833336,Victoria
2024-09-02 00:00:00+00:00,10.478771,0.05,0.28599995,Victoria
2024-09-03 00:00:00+00:00,11.407937,0.0,0.28631252,Victoria
2024-09-04 00:00:00+00:00,18.406376,0.425,0.2787708,Victoria
2024-09-05 00:00:00+00:00,22.602207,0.925,0.2748021,Victoria
2024-09-06 00:00:00+00:00,16.603771,2.825,0.27180207,Victoria
2024-09-07 00:00:00+00:00,12.861063,0.0,0.27034378,Victoria
2024-09-08 00:00:00+00:00,14.620438,0.2,0.27142712,Victoria
2024-09-09 00:00:00+00:00,11.992833,0.3,0.26843756,Victoria
2024-09-10 00:00:00+00:00,14.752209,0.0,0.26410413,Victoria
2024-09-11 00:00:00+00:00,13.576687,2.1000001,0.26111457,Victoria
2024-09-12 00:00:00+00:00,11.290229,0.0,0.25955206,Victoria
2024-09-13 00:00:00+00:00,11.843355,0.0,0.25927085,Victoria
2024-09-14 00:00:00+00:00,9.511583,0.025,0.26064587,Victoria
2024-09-15 00:00:00+00:00,9.02825,0.0,0.2613958,Victoria
2024-09-16 00:00:00+00:00,9.650125,0.0,0.26035416,Victoria
2024-09-17 00:00:00+00:00,10.866791,0.0,0.25590628,Victoria
2024-09-18 00:00:00+00:00,14.610541,0.025,0.24910416,Victoria
2024-09-19 00:00:00+00:00,12.427208,0.15,0.247875,Victoria
2024-09-20 00:00:00+00:00,13.275124,0.375,0.24868749,Victoria
2024-09-21 00:00:00+00:00,13.617832,0.25,0.24788547,Victoria
2024-09-22 00:00:00+00:00,13.912104,0.125,0.24738541,Victoria
2024-09-23 00:00:00+00:00,15.629292,0.0,0.24394788,Victoria
2024-09-24 00:00:00+00:00,19.041271,0.55,0.23843746,Victoria
2024-09-25 00:00:00+00:00,12.485021,1.8999999,0.23732291,Victoria
2024-09-26 00:00:00+00:00,11.041791,0.0,0.23709373,Victoria
2024-09-27 00:00:00+00:00,13.591271,0.0,0.23577082,Victoria
2024-09-28 00:00:00+00:00,17.78346,3.325,0.23119792,Victoria
2024-09-29 00:00:00+00:00,12.355854,4.25,0.2310521,Victoria
2024-09-30 00:00:00+00:00,13.964188,0.0,0.23407294,Victoria
2024-10-01 00:00:00+00:00,14.2839775,0.05,0.23370832,Victoria
2024-10-02 00:00:00+00:00,16.02304,0.0,0.23044792,Victoria
2024-10-03 00:00:00+00:00,22.582417,1.825,0.22779173,Victoria
2024-10-04 00:00:00+00:00,17.91002,0.8,0.22505209,Victoria
2024-10-05 00:00:00+00:00,15.892834,0.6,0.22797915,Victoria
2024-10-06 00:00:00+00:00,16.873041,0.025,0.23101042,Victoria
2024-10-07 00:00:00+00:00,14.733978,0.25,0.23263544,Victoria
2024-10-08 00:00:00+00:00,11.506375,0.0,0.23454162,Victoria
2024-10-09 00:00:00+00:00,15.542313,0.0,0.23404166,Victoria
2024-10-10 00:00:00+00:00,16.617313,0.0,0.23071873,Victoria
2024-10-11 00:00:00+00:00,14.501165,0.0,0.22921877,Victoria
2024-10-12 00:00:00+00:00,16.498562,0.0,0.22662501,Victoria
2024-10-13 00:00:00+00:00,20.612104,0.0,0.22472921,Victoria
2024-10-14 00:00:00+00:00,21.669395,1.9000001,0.22291669,Victoria
2024-10-15 00:00:00+00:00,20.1595,4.7,0.22332296,Victoria
2024-10-16 00:00:00+00:00,21.304813,1.175,0.23653127,Victoria
2024-10-17 00:00:00+00:00,22.456896,27.2,0.25692707,Victoria
2024-10-18 00:00:00+00:00,16.08554,1.875,0.27386457,Victoria
2024-10-19 00:00:00+00:00,15.80846,0.0,0.27460414,Victoria
2024-10-20 00:00:00+00:00,17.036062,0.0,0.27088538,Victoria
2024-10-21 00:00:00+00:00,20.350647,0.0,0.2651458,Victoria
2024-10-22 00:00:00+00:00,22.406897,1.0500001,0.25936455,Victoria
2024-10-23 00:00:00+00:00,15.768873,0.525,0.2570417,Victoria
2024-10-24 00:00:00+00:00,13.896479,0.0,0.2541771,Victoria
2024-10-25 00:00:00+00:00,13.94648,0.0,0.25193754,Victoria
2024-10-26 00:00:00+00:00,19.189709,0.0,0.24878125,Victoria
2024-10-27 00:00:00+00:00,20.550125,0.0,0.24506249,Victoria
2024-10-28 00:00:00+00:00,16.83554,0.0,0.24197918,Victoria
2024-10-29 00:00:00+00:00,18.220959,0.0,0.2391979,Victoria
2024-10-30 00:00:00+00:00,19.700125,0.0,0.23634376,Victoria
2024-10-31 00:00:00+00:00,16.36002,0.0,0.2354896,Victoria
2024-11-01 00:00:00+00:00,16.030853,0.0,0.23352087,Victoria
2024-11-02 00:00:00+00:00,24.011583,0.075,0.23178124,Victoria
2024-11-03 00:00:00+00:00,20.126167,0.425,0.22934376,Victoria
2024-11-04 00:00:00+00:00,17.756895,0.0,0.22798963,Victoria
2024-11-05 00:00:00+00:00,23.745958,0.25,0.2262604,Victoria
2024-11-06 00:00:00+00:00,23.48502,0.0,0.2235521,Victoria
2024-11-07 00:00:00+00:00,17.449604,0.075,0.22405207,Victoria
2024-11-08 00:00:00+00:00,15.40377,0.1,0.22526044,Victoria
2024-11-09 00:00:00+00:00,15.916792,0.0,0.22603127,Victoria
2024-11-10 00:00:00+00:00,20.694918,0.0,0.22417708,Victoria
2024-11-11 00:00:00+00:00,23.11575,0.325,0.22251044,Victoria
2024-11-12 00:00:00+00:00,21.94023,1.9249997,0.2251667,Victoria
2024-11-13 00:00:00+00:00,17.845436,0.075,0.2310521,Victoria
2024-11-14 00:00:00+00:00,17.531897,0.0,0.23096876,Victoria
2024-11-15 00:00:00+00:00,21.130333,0.0,0.23439583,Victoria
2024-11-16 00:00:00+00:00,27.827208,0.625,0.23395833,Victoria
2024-11-17 00:00:00+00:00,17.432417,0.2,0.23721877,Victoria
2024-11-18 00:00:00+00:00,17.245438,0.0,0.23993751,Victoria
2024-11-19 00:00:00+00:00,18.123041,0.0,0.23904167,Victoria
2024-11-20 00:00:00+00:00,21.47825,0.0,0.2370417,Victoria
2024-11-21 00:00:00+00:00,27.761063,0.0,0.23488542,Victoria
2024-11-22 00:00:00+00:00,30.551165,0.0,0.23391667,Victoria
2024-11-23 00:00:00+00:00,25.95273,13.924998,0.23492709,Victoria
2024-11-24 00:00:00+00:00,20.299084,26.599998,0.2615625,Victoria
2024-11-25 00:00:00+00:00,20.38398,4.2,0.3210833,Victoria
2024-11-26 00:00:00+00:00,24.098043,11.650001,0.3320104,Victoria
2024-11-27 00:00:00+00:00,20.820436,0.90000004,0.3358646,Victoria
2024-11-28 00:00:00+00:00,21.359499,0.025,0.3312292,Victoria
2024-11-29 00:00:00+00:00,24.57825,6.425,0.31940627,Victoria
2024-11-30 00:00:00+00:00,20.10846,3.025,0.3293646,Victoria
2024-12-01 00:00:00+00:00,20.531376,0.0,0.3310625,Victoria
2024-12-02 00:00:00+00:00,24.731895,11.575,0.32789582,Victoria
2024-12-03 00:00:00+00:00,20.910542,0.2,0.33229166,Victoria
2024-12-04 00:00:00+00:00,22.25325,0.0,0.324875,Victoria
2024-12-05 00:00:00+00:00,29.202728,0.0,0.30438542,Victoria
2024-12-06 00:00:00+00:00,24.787624,6.225,0.29795837,Victoria
2024-12-07 00:00:00+00:00,22.555855,0.275,0.30630207,Victoria
2024-12-08 00:00:00+00:00,19.472,0.2,0.30691665,Victoria
2024-12-09 00:00:00+00:00,19.06002,0.4,0.3046354,Victoria
2024-12-10 00:00:00+00:00,20.22252,0.0,0.29919788,Victoria
2024-12-11 00:00:00+00:00,20.613144,0.0,0.29514584,Victoria
2024-12-12 00:00:00+00:00,23.319397,0.0,0.28805208,Victoria
2024-12-13 00:00:00+00:00,23.362103,0.0,0.28418753,Victoria
2024-12-14 00:00:00+00:00,26.200645,0.0,0.2853125,Victoria
2024-12-15 00:00:00+00:00,31.205334,0.0,0.2841042,Victoria
2024-12-16 00:00:00+00:00,31.139187,0.17500001,0.2774479,Victoria
2024-12-17 00:00:00+00:00,20.966793,0.0,0.27393752,Victoria
2024-12-18 00:00:00+00:00,21.737104,0.0,0.26634377,Victoria
2024-12-19 00:00:00+00:00,25.80429,0.0,0.26402086,Victoria
2024-12-20 00:00:00+00:00,25.79804,0.0,0.25885415,Victoria
2024-12-21 00:00:00+00:00,21.097,0.0,0.255,Victoria
2024-12-22 00:00:00+00:00,18.618876,0.0,0.25266665,Victoria
2024-12-23 00:00:00+00:00,17.408457,0.0,0.25118753,Victoria
2024-12-24 00:00:00+00:00,22.093353,0.0,0.24848954,Victoria
2024-12-25 00:00:00+00:00,29.417313,0.0,0.24541664,Victoria
2024-12-26 00:00:00+00:00,25.955856,1.0500001,0.24276043,Victoria
2024-12-27 00:00:00+00:00,19.195957,0.0,0.24240622,Victoria
2024-12-28 00:00:00+00:00,19.36627,0.2,0.24547915,Victoria
2024-12-29 00:00:00+00:00,22.235022,0.0,0.24246876,Victoria
2024-12-30 00:00:00+00:00,24.688665,0.0,0.23884375,Victoria
2024-12-31 00:00:00+00:00,25.014708,0.0,0.23596875,Victoria
2024-01-01 00:00:00+00:00,21.868565,0.0,0.17498958,South Australia
2024-01-02 00:00:00+00:00,23.374811,1.1,0.1721771,South Australia
2024-01-03 00:00:00+00:00,22.228458,0.975,0.17164584,South Australia
2024-01-04 00:00:00+00:00,24.149292,1.2,0.17265625,South Australia
2024-01-05 00:00:00+00:00,25.230541,7.9,0.1694375,South Australia
2024-01-06 00:00:00+00:00,22.268562,30.624998,0.18191665,South Australia
2024-01-07 00:00:00+00:00,19.6545,2.35,0.20886457,South Australia
2024-01-08 00:00:00+00:00,18.176895,0.025,0.20987502,South Australia
2024-01-09 00:00:00+00:00,21.281063,0.0,0.20740628,South Australia
2024-01-10 00:00:00+00:00,21.95398,0.0,0.20265624,South Australia
2024-01-11 00:00:00+00:00,25.4795,0.0,0.19677088,South Australia
2024-01-12 00:00:00+00:00,28.287312,0.0,0.18972917,South Australia
2024-01-13 00:00:00+00:00,24.517,0.15,0.18554166,South Australia
2024-01-14 00:00:00+00:00,23.275854,0.075,0.18446873,South Australia
2024-01-15 00:00:00+00:00,27.180544,0.075,0.18176043,South Australia
2024-01-16 00:00:00+00:00,22.837315,7.325,0.18060419,South Australia
2024-01-17 00:00:00+00:00,16.727415,0.0,0.184875,South Australia
2024-01-18 00:00:00+00:00,17.917522,0.0,0.18367708,South Australia
2024-01-19 00:00:00+00:00,23.606583,0.0,0.18009375,South Australia
2024-01-20 00:00:00+00:00,23.9545,0.0,0.1729375,South Australia
2024-01-21 00:00:00+00:00,20.10502,0.0,0.17202084,South Australia
2024-01-22 00:00:00+00:00,25.49721,0.0,0.16939582,South Australia
2024-01-23 00:00:00+00:00,30.185228,0.6999999,0.1662708,South Australia
2024-01-24 00:00:00+00:00,25.275333,2.55,0.16541669,South Australia
2024-01-25 00:00:00+00:00,19.14825,4.7000003,0.17113543,South Australia
2024-01-26 00:00:00+00:00,17.283146,0.0,0.17811456,South Australia
2024-01-27 00:00:00+00:00,17.315437,0.0,0.17738542,South Australia
2024-01-28 00:00:00+00:00,22.681583,0.0,0.17334378,South Australia
2024-01-29 00:00:00+00:00,22.633665,0.0,0.16872916,South Australia
2024-01-30 00:00:00+00:00,18.818043,0.0,0.16694792,South Australia
2024-01-31 00:00:00+00:00,18.744083,0.0,0.16541666,South Australia
2024-02-01 00:00:00+00:00,19.999292,0.0,0.16353124,South Australia
2024-02-02 00:00:00+00:00,22.295126,0.0,0.16118748,South Australia
2024-02-03 00:00:00+00:00,26.84148,0.0,0.15929165,South Australia
2024-02-04 00:00:00+00:00,25.81179,0.17500001,0.156125,South Australia
2024-02-05 00:00:00+00:00,17.81179,0.025,0.15441667,South Australia
2024-02-06 00:00:00+00:00,18.009708,0.0,0.15568748,South Australia
2024-02-07 00:00:00+00:00,19.07325,0.0,0.15443751,South Australia
2024-02-08 00:00:00+00:00,20.700335,0.0,0.15303126,South Australia
2024-02-09 00:00:00+00:00,21.537313,0.0,0.1513542,South Australia
2024-02-10 00:00:00+00:00,23.445124,0.0,0.150625,South Australia
2024-02-11 00:00:00+00:00,26.208147,0.0,0.14918749,South Australia
2024-02-12 00:00:00+00:00,27.764397,0.0,0.148,South Australia
2024-02-13 00:00:00+00:00,20.34825,0.0,0.14654167,South Australia
2024-02-14 00:00:00+00:00,17.314917,0.0,0.14638543,South Australia
2024-02-15 00:00:00+00:00,19.7795,0.0,0.14508335,South Australia
2024-02-16 00:00:00+00:00,22.73575,0.0,0.14370835,South Australia
2024-02-17 00:00:00+00:00,24.882624,0.0,0.1422396,South Australia
2024-02-18 00:00:00+00:00,25.843561,0.0,0.141,South Australia
2024-02-19 00:00:00+00:00,27.005018,0.0,0.14135419,South Australia
2024-02-20 00:00:00+00:00,24.526896,0.05,0.13962501,South Australia
2024-02-21 00:00:00+00:00,26.403978,0.0,0.1388646,South Australia
2024-02-22 00:00:00+00:00,23.171688,0.0,0.1379375,South Australia
2024-02-23 00:00:00+00:00,17.512835,0.0,0.137625,South Australia
2024-02-24 00:00:00+00:00,20.667,0.0,0.13686459,South Australia
2024-02-25 00:00:00+00:00,23.369604,0.0,0.13605207,South Australia
2024-02-26 00:00:00+00:00,22.524813,0.0,0.13603123,South Australia
2024-02-27 00:00:00+00:00,30.571165,0.0,0.13505206,South Australia
2024-02-28 00:00:00+00:00,23.634708,0.0,0.1350208,South Australia
2024-02-29 00:00:00+00:00,23.448772,0.35000002,0.13457292,South Australia
2024-03-01 00:00:00+00:00,22.496168,6.3,0.13647914,South Australia
2024-03-02 00:00:00+00:00,19.7545,0.0,0.1368125,South Australia
2024-03-03 00:00:00+00:00,19.159708,0.0,0.13810414,South Australia
2024-03-04 00:00:00+00:00,23.10398,0.0,0.14093748,South Australia
2024-03-05 00:00:00+00:00,26.516478,0.0,0.1428958,South Australia
2024-03-06 00:00:00+00:00,24.590437,0.0,0.14653124,South Australia
2024-03-07 00:00:00+00:00,24.789394,0.0,0.14822918,South Australia
2024-03-08 00:00:00+00:00,28.52898,0.0,0.14882292,South Australia
2024-03-09 00:00:00+00:00,31.161272,0.0,0.14688541,South Australia
2024-03-10 00:00:00+00:00,30.111794,0.0,0.14470832,South Australia
2024-03-11 00:00:00+00:00,30.011269,0.0,0.14264584,South Australia
2024-03-12 00:00:00+00:00,27.560228,0.0,0.14205208,South Australia
2024-03-13 00:00:00+00:00,25.674814,0.075,0.14177081,South Australia
2024-03-14 00:00:00+00:00,21.324814,1.725,0.14045833,South Australia
2024-03-15 00:00:00+00:00,20.315437,2.9,0.14086458,South Australia
2024-03-16 00:00:00+00:00,22.860228,7.275,0.14539582,South Australia
2024-03-17 00:00:00+00:00,21.772732,1.625,0.14744793,South Australia
2024-03-18 00:00:00+00:00,20.502937,0.075,0.14825,South Australia
2024-03-19 00:00:00+00:00,16.714916,0.1,0.14615625,South Australia
2024-03-20 00:00:00+00:00,14.752416,0.0,0.14451043,South Australia
2024-03-21 00:00:00+00:00,15.752416,0.0,0.14391668,South Australia
2024-03-22 00:00:00+00:00,16.620125,0.0,0.14445834,South Australia
2024-03-23 00:00:00+00:00,15.881584,0.0,0.14397919,South Australia
2024-03-24 00:00:00+00:00,15.008144,0.0,0.14365628,South Australia
2024-03-25 00:00:00+00:00,15.8133545,0.0,0.14364585,South Australia
2024-03-26 00:00:00+00:00,16.813354,0.0,0.1439896,South Australia
2024-03-27 00:00:00+00:00,17.217522,0.0,0.14358334,South Australia
2024-03-28 00:00:00+00:00,18.689394,0.0,0.14323959,South Australia
2024-03-29 00:00:00+00:00,21.770124,0.0,0.14259377,South Australia
2024-03-30 00:00:00+00:00,22.788351,0.0,0.14284377,South Australia
2024-03-31 00:00:00+00:00,21.981585,0.025,0.14309373,South Australia
2024-04-01 00:00:00+00:00,16.830544,0.875,0.14367709,South Australia
2024-04-02 00:00:00+00:00,14.460751,0.775,0.14316666,South Australia
2024-04-03 00:00:00+00:00,14.338354,0.72499996,0.14380208,South Australia
2024-04-04 00:00:00+00:00,14.546686,0.025,0.14161459,South Australia
2024-04-05 00:00:00+00:00,14.7768955,0.0,0.14173958,South Australia
2024-04-06 00:00:00+00:00,15.572208,0.0,0.14127083,South Australia
2024-04-07 00:00:00+00:00,13.847729,0.025,0.14263542,South Australia
2024-04-08 00:00:00+00:00,13.516478,1.0749999,0.14261457,South Australia
2024-04-09 00:00:00+00:00,12.650333,0.075,0.14261456,South Australia
2024-04-10 00:00:00+00:00,13.200853,0.0,0.14203124,South Australia
2024-04-11 00:00:00+00:00,13.888875,0.0,0.14034379,South Australia
2024-04-12 00:00:00+00:00,13.23627,0.0,0.14050001,South Australia
2024-04-13 00:00:00+00:00,14.344083,0.0,0.14083333,South Australia
2024-04-14 00:00:00+00:00,15.72377,0.025,0.14068751,South Australia
2024-04-15 00:00:00+00:00,15.514396,0.0,0.14026041,South Australia
2024-04-16 00:00:00+00:00,14.832104,0.125,0.13943751,South Australia
2024-04-17 00:00:00+00:00,13.800855,0.025,0.13908334,South Australia
2024-04-18 00:00:00+00:00,14.5893955,0.17500001,0.13883334,South Australia
2024-04-19 00:00:00+00:00,13.627937,0.17500001,0.13906251,South Australia
2024-04-20 00:00:00+00:00,13.14877,0.0,0.13918748,South Australia
2024-04-21 00:00:00+00:00,14.640436,0.0,0.13876043,South Australia
2024-04-22 00:00:00+00:00,17.897728,0.0,0.13818748,South Australia
2024-04-23 00:00:00+00:00,14.482625,0.175,0.13752082,South Australia
2024-04-24 00:00:00+00:00,12.11752,0.0,0.13803126,South Australia
2024-04-25 00:00:00+00:00,12.194084,0.0,0.13753128,South Australia
2024-04-26 00:00:00+00:00,11.727417,0.05,0.13717711,South Australia
2024-04-27 00:00:00+00:00,13.673771,0.0,0.13713543,South Australia
2024-04-28 00:00:00+00:00,15.924292,0.0,0.13672917,South Australia
2024-04-29 00:00:00+00:00,14.340958,0.1,0.1368646,South Australia
2024-04-30 00:00:00+00:00,11.499291,0.0,0.13607292,South Australia
2024-05-01 00:00:00+00:00,11.955021,0.0,0.13579166,South Australia
2024-05-02 00:00:00+00:00,13.413875,0.075,0.13572915,South Australia
2024-05-03 00:00:00+00:00,13.415957,0.0,0.13577083,South Australia
2024-05-04 00:00:00+00:00,14.088353,0.0,0.13564585,South Australia
2024-05-05 00:00:00+00:00,14.733665,0.0,0.13555208,South Australia
2024-05-06 00:00:00+00:00,14.090437,0.0,0.13541666,South Australia
2024-05-07 00:00:00+00:00,15.027416,0.0,0.135125,South Australia
2024-05-08 00:00:00+00:00,15.421688,0.0,0.13465625,South Australia
2024-05-09 00:00:00+00:00,14.627937,0.0,0.13462499,South Australia
2024-05-10 00:00:00+00:00,13.646166,0.0,0.13540626,South Australia
2024-05-11 00:00:00+00:00,12.682625,0.0,0.13563542,South Australia
2024-05-12 00:00:00+00:00,12.751375,0.0,0.1358125,South Australia
2024-05-13 00:00:00+00:00,14.503457,0.0,0.13650003,South Australia
2024-05-14 00:00:00+00:00,14.418041,0.0,0.13703126,South Australia
2024-05-15 00:00:00+00:00,14.775332,0.0,0.13919795,South Australia
2024-05-16 00:00:00+00:00,13.371686,0.0,0.1398542,South Australia
2024-05-17 00:00:00+00:00,13.905021,0.05,0.14010417,South Australia
2024-05-18 00:00:00+00:00,9.289917,0.0,0.13998958,South Australia
2024-05-19 00:00:00+00:00,11.564917,0.0,0.13995835,South Australia
2024-05-20 00:00:00+00:00,11.189917,0.45,0.1397917,South Australia
2024-05-21 00:00:00+00:00,9.515438,0.025,0.13947918,South Australia
2024-05-22 00:00:00+00:00,9.680541,0.0,0.14021876,South Australia
2024-05-23 00:00:00+00:00,10.614396,0.0,0.14065626,South Australia
2024-05-24 00:00:00+00:00,11.462832,0.0,0.14117709,South Australia
2024-05-25 00:00:00+00:00,13.041479,0.0,0.14132291,South Australia
2024-05-26 00:00:00+00:00,13.864916,0.0,0.14140627,South Australia
2024-05-27 00:00:00+00:00,15.027416,0.0,0.14262499,South Australia
2024-05-28 00:00:00+00:00,14.781583,0.0,0.14180209,South Australia
2024-05-29 00:00:00+00:00,17.925854,3.75,0.14187501,South Australia
2024-05-30 00:00:00+00:00,12.735751,4.025,0.14319792,South Australia
2024-05-31 00:00:00+00:00,10.020646,3.05,0.14647916,South Australia
2024-06-01 00:00:00+00:00,8.553979,0.1,0.15224999,South Australia
2024-06-02 00:00:00+00:00,8.539395,0.0,0.15647916,South Australia
2024-06-03 00:00:00+00:00,10.2508545,2.1000001,0.16320835,South Australia
2024-06-04 00:00:00+00:00,8.517521,0.6,0.16664585,South Australia
2024-06-05 00:00:00+00:00,10.435751,0.52500004,0.1708125,South Australia
2024-06-06 00:00:00+00:00,9.81752,0.075,0.17241669,South Australia
2024-06-07 00:00:00+00:00,8.687312,0.0,0.17227082,South Australia
2024-06-08 00:00:00+00:00,10.061791,0.0,0.17206249,South Australia
2024-06-09 00:00:00+00:00,13.081582,0.0,0.17110416,South Australia
2024-06-10 00:00:00+00:00,16.09825,1.1750001,0.1698125,South Australia
2024-06-11 00:00:00+00:00,13.646166,0.22500002,0.16646874,South Australia
2024-06-12 00:00:00+00:00,12.044083,0.65000004,0.16504166,South Australia
2024-06-13 00:00:00+00:00,12.949292,4.6,0.16777085,South Australia
2024-06-14 00:00:00+00:00,12.576896,1.925,0.17265624,South Australia
2024-06-15 00:00:00+00:00,9.549812,0.67499995,0.17616668,South Australia
2024-06-16 00:00:00+00:00,8.770645,0.0,0.1793021,South Australia
2024-06-17 00:00:00+00:00,9.60398,2.025,0.18167712,South Australia
2024-06-18 00:00:00+00:00,10.332104,0.575,0.18576041,South Australia
2024-06-19 00:00:00+00:00,10.890437,4.725,0.1891146,South Australia
2024-06-20 00:00:00+00:00,8.8810625,4.5249996,0.19815624,South Australia
2024-06-21 00:00:00+00:00,8.255021,0.22500001,0.20645835,South Australia
2024-06-22 00:00:00+00:00,7.233146,0.0,0.2081042,South Australia
2024-06-23 00:00:00+00:00,9.1154375,0.92499995,0.21033335,South Australia
2024-06-24 00:00:00+00:00,9.158666,4.3,0.21805206,South Australia
2024-06-25 00:00:00+00:00,9.338876,3.85,0.22592708,South Australia
2024-06-26 00:00:00+00:00,9.97898,3.2,0.2351771,South Australia
2024-06-27 00:00:00+00:00,11.264916,0.075,0.24012506,South Australia
2024-06-28 00:00:00+00:00,12.482104,7.7750006,0.24308331,South Australia
2024-06-29 00:00:00+00:00,8.211792,2.25,0.25685418,South Australia
2024-06-30 00:00:00+00:00,7.074813,0.1,0.25666666,South Australia
2024-07-01 00:00:00+00:00,6.761271,0.17500001,0.2545104,South Australia
2024-07-02 00:00:00+00:00,5.735229,0.0,0.25143752,South Australia
2024-07-03 00:00:00+00:00,6.992521,0.1,0.24805206,South Australia
2024-07-04 00:00:00+00:00,9.335751,2.35,0.24508333,South Australia
2024-07-05 00:00:00+00:00,10.914395,0.025,0.24087504,South Australia
2024-07-06 00:00:00+00:00,12.034188,6.125,0.2382396,South Australia
2024-07-07 00:00:00+00:00,10.282104,4.1000004,0.24552082,South Australia
2024-07-08 00:00:00+00:00,10.728979,0.5,0.24927083,South Australia
2024-07-09 00:00:00+00:00,10.273251,0.025,0.24959376,South Australia
2024-07-10 00:00:00+00:00,12.807625,4.15,0.24866666,South Australia
2024-07-11 00:00:00+00:00,10.013354,1.875,0.26505208,South Australia
2024-07-12 00:00:00+00:00,10.061272,0.47500005,0.26402086,South Australia
2024-07-13 00:00:00+00:00,9.672729,0.5,0.26220834,South Australia
2024-07-14 00:00:00+00:00,8.839916,0.55,0.26056254,South Australia
2024-07-15 00:00:00+00:00,8.605542,0.7,0.25925004,South Australia
2024-07-16 00:00:00+00:00,8.572208,0.70000005,0.2594792,South Australia
2024-07-17 00:00:00+00:00,7.8534584,1.25,0.2598229,South Australia
2024-07-18 00:00:00+00:00,10.078458,0.575,0.25890622,South Australia
2024-07-19 00:00:00+00:00,9.904501,5.375,0.2628021,South Australia
2024-07-20 00:00:00+00:00,10.605021,0.55,0.26366666,South Australia
2024-07-21 00:00:00+00:00,10.503458,0.17500001,0.26220834,South Australia
2024-07-22 00:00:00+00:00,10.150333,0.0,0.25716668,South Australia
2024-07-23 00:00:00+00:00,13.311792,0.0,0.2511979,South Australia
2024-07-24 00:00:00+00:00,12.886791,5.85,0.247125,South Australia
2024-07-25 00:00:00+00:00,10.2143955,0.6999999,0.2508125,South Australia
2024-07-26 00:00:00+00:00,11.178979,4.525,0.25119793,South Australia
2024-07-27 00:00:00+00:00,7.1784587,0.575,0.2525104,South Australia
2024-07-28 00:00:00+00:00,6.7727294,0.025,0.25352082,South Australia
2024-07-29 00:00:00+00:00,7.461792,0.0,0.2519479,South Australia
2024-07-30 00:00:00+00:00,9.058666,0.0,0.24765623,South Australia
2024-07-31 00:00:00+00:00,9.627937,0.0,0.24277084,South Australia
2024-08-01 00:00:00+00:00,10.400333,0.0,0.23691666,South Australia
2024-08-02 00:00:00+00:00,10.113354,0.275,0.23329166,South Australia
2024-08-03 00:00:00+00:00,10.202938,0.75,0.22977081,South Australia
2024-08-04 00:00:00+00:00,9.046166,4.15,0.23054169,South Australia
2024-08-05 00:00:00+00:00,8.9539795,0.375,0.23191667,South Australia
2024-08-06 00:00:00+00:00,9.491479,0.0,0.23125002,South Australia
2024-08-07 00:00:00+00:00,11.824812,0.3,0.22845834,South Australia
2024-08-08 00:00:00+00:00,10.585229,0.975,0.22513543,South Australia
2024-08-09 00:00:00+00:00,10.63002,0.125,0.22275004,South Australia
2024-08-10 00:00:00+00:00,11.289395,0.0,0.21872915,South Australia
2024-08-11 00:00:00+00:00,13.528459,0.0,0.21431252,South Australia
2024-08-12 00:00:00+00:00,15.54825,0.0,0.20973957,South Australia
2024-08-13 00:00:00+00:00,15.032624,0.775,0.20652083,South Australia
2024-08-14 00:00:00+00:00,16.413876,0.77500004,0.20159374,South Australia
2024-08-15 00:00:00+00:00,16.283146,7.9249997,0.20057294,South Australia
2024-08-16 00:00:00+00:00,11.9018955,0.90000004,0.20171875,South Australia
2024-08-17 00:00:00+00:00,10.828459,0.375,0.20456249,South Australia
2024-08-18 00:00:00+00:00,11.530541,0.6750001,0.20593753,South Australia
2024-08-19 00:00:00+00:00,13.676374,3.6749997,0.20934375,South Australia
2024-08-20 00:00:00+00:00,13.182625,2.5250003,0.21471876,South Australia
2024-08-21 00:00:00+00:00,12.208667,1.825,0.21861458,South Australia
2024-08-22 00:00:00+00:00,15.261791,0.25,0.22271878,South Australia
2024-08-23 00:00:00+00:00,17.363874,0.35,0.22187498,South Australia
2024-08-24 00:00:00+00:00,18.800854,0.575,0.21973959,South Australia
2024-08-25 00:00:00+00:00,13.921167,1.3999999,0.21963543,South Australia
2024-08-26 00:00:00+00:00,12.528978,0.22500001,0.21887498,South Australia
2024-08-27 00:00:00+00:00,17.199291,0.0,0.21535414,South Australia
2024-08-28 00:00:00+00:00,11.44252,0.0,0.21448956,South Australia
2024-08-29 00:00:00+00:00,18.431583,0.0,0.21346876,South Australia
2024-08-30 00:00:00+00:00,13.631062,0.37500003,0.21090622,South Australia
2024-08-31 00:00:00+00:00,13.358146,0.3,0.21011463,South Australia
2024-09-01 00:00:00+00:00,14.528977,0.675,0.20682292,South Australia
2024-09-02 00:00:00+00:00,10.066999,0.0,0.20611459,South Australia
2024-09-03 00:00:00+00:00,13.835229,0.0,0.20193748,South Australia
2024-09-04 00:00:00+00:00,20.640438,0.175,0.19655208,South Australia
2024-09-05 00:00:00+00:00,22.067,2.75,0.18848959,South Australia
2024-09-06 00:00:00+00:00,12.475333,2.15,0.19,South Australia
2024-09-07 00:00:00+00:00,11.985749,0.0,0.19361459,South Australia
2024-09-08 00:00:00+00:00,13.167,0.9,0.19494794,South Australia
2024-09-09 00:00:00+00:00,12.007105,0.17500001,0.19273958,South Australia
2024-09-10 00:00:00+00:00,14.899813,0.0,0.18931252,South Australia
2024-09-11 00:00:00+00:00,11.1117935,0.125,0.18483335,South Australia
2024-09-12 00:00:00+00:00,10.252417,0.0,0.1828125,South Australia
2024-09-13 00:00:00+00:00,11.345646,0.0,0.18095833,South Australia
2024-09-14 00:00:00+00:00,10.307104,0.125,0.17927085,South Australia
2024-09-15 00:00:00+00:00,9.27898,0.0,0.1773125,South Australia
2024-09-16 00:00:00+00:00,9.3550205,0.0,0.17439583,South Australia
2024-09-17 00:00:00+00:00,12.147208,0.0,0.17265627,South Australia
2024-09-18 00:00:00+00:00,14.456062,0.0,0.16745834,South Australia
2024-09-19 00:00:00+00:00,11.63575,0.35000002,0.16595832,South Australia
2024-09-20 00:00:00+00:00,12.090958,1.025,0.16464582,South Australia
2024-09-21 00:00:00+00:00,12.295124,0.5,0.16355208,South Australia
2024-09-22 00:00:00+00:00,12.6831455,0.125,0.16197917,South Australia
2024-09-23 00:00:00+00:00,16.599293,0.0,0.16041668,South Australia
2024-09-24 00:00:00+00:00,15.294083,1.5,0.15987499,South Australia
2024-09-25 00:00:00+00:00,10.902937,2.2499998,0.16228124,South Australia
2024-09-26 00:00:00+00:00,10.470646,0.0,0.16382292,South Australia
2024-09-27 00:00:00+00:00,15.002417,0.0,0.15964584,South Australia
2024-09-28 00:00:00+00:00,15.743563,5.15,0.15440625,South Australia
2024-09-29 00:00:00+00:00,12.286792,0.025,0.1554792,South Australia
2024-09-30 00:00:00+00:00,12.921687,0.05,0.15841667,South Australia
2024-10-01 00:00:00+00:00,14.294604,0.025,0.15791668,South Australia
2024-10-02 00:00:00+00:00,17.982103,0.0,0.15442711,South Australia
2024-10-03 00:00:00+00:00,18.097729,2.2,0.1525729,South Australia
2024-10-04 00:00:00+00:00,14.457624,0.32500002,0.157875,South Australia
2024-10-05 00:00:00+00:00,14.94096,0.52500004,0.15873957,South Australia
2024-10-06 00:00:00+00:00,16.470646,0.1,0.15702085,South Australia
2024-10-07 00:00:00+00:00,15.738354,0.05,0.15624997,South Australia
2024-10-08 00:00:00+00:00,13.803457,0.0,0.1553854,South Australia
2024-10-09 00:00:00+00:00,19.434189,0.0,0.15349999,South Australia
2024-10-10 00:00:00+00:00,13.664394,0.0,0.151375,South Australia
2024-10-11 00:00:00+00:00,14.01752,0.0,0.1517396,South Australia
2024-10-12 00:00:00+00:00,18.47325,0.17500001,0.15112501,South Australia
2024-10-13 00:00:00+00:00,20.452417,0.35000002,0.14944792,South Australia
2024-10-14 00:00:00+00:00,21.820124,3.2500002,0.1474375,South Australia
2024-10-15 00:00:00+00:00,21.882624,1.45,0.15064585,South Australia
2024-10-16 00:00:00+00:00,22.708664,0.70000005,0.15226042,South Australia
2024-10-17 00:00:00+00:00,20.633144,10.05,0.1651979,South Australia
2024-10-18 00:00:00+00:00,13.123249,0.375,0.18047918,South Australia
2024-10-19 00:00:00+00:00,15.594084,0.0,0.18147919,South Australia
2024-10-20 00:00:00+00:00,19.259708,0.0,0.17779168,South Australia
2024-10-21 00:00:00+00:00,22.9795,0.0,0.17274998,South Australia
2024-10-22 00:00:00+00:00,17.551373,1.9749999,0.17342709,South Australia
2024-10-23 00:00:00+00:00,14.357103,0.0,0.17255211,South Australia
2024-10-24 00:00:00+00:00,12.852936,0.0,0.17059372,South Australia
2024-10-25 00:00:00+00:00,16.481583,0.0,0.16759376,South Australia
2024-10-26 00:00:00+00:00,19.884706,0.47500002,0.16424999,South Australia
2024-10-27 00:00:00+00:00,16.920124,0.0,0.16158336,South Australia
2024-10-28 00:00:00+00:00,15.939396,0.0,0.15959373,South Australia
2024-10-29 00:00:00+00:00,19.133144,0.0,0.15775001,South Australia
2024-10-30 00:00:00+00:00,20.056583,1.2,0.15531251,South Australia
2024-10-31 00:00:00+00:00,16.42846,0.0,0.15601042,South Australia
2024-11-01 00:00:00+00:00,17.4795,0.0,0.15444793,South Australia
2024-11-02 00:00:00+00:00,24.040958,0.65,0.15362501,South Australia
2024-11-03 00:00:00+00:00,17.35398,0.3,0.15267707,South Australia
2024-11-04 00:00:00+00:00,18.38002,0.22500001,0.15223959,South Australia
2024-11-05 00:00:00+00:00,24.12221,0.675,0.14980209,South Australia
2024-11-06 00:00:00+00:00,17.86127,0.15,0.14841665,South Australia
2024-11-07 00:00:00+00:00,15.773771,1.9499998,0.14951043,South Australia
2024-11-08 00:00:00+00:00,15.155541,0.025,0.14917709,South Australia
2024-11-09 00:00:00+00:00,16.11856,1.1,0.15009376,South Australia
2024-11-10 00:00:00+00:00,20.484188,0.1,0.1509167,South Australia
2024-11-11 00:00:00+00:00,20.515438,3.4999998,0.15261458,South Australia
2024-11-12 00:00:00+00:00,17.795124,0.45000002,0.15901043,South Australia
2024-11-13 00:00:00+00:00,15.322729,0.05,0.15451041,South Australia
2024-11-14 00:00:00+00:00,15.863875,0.0,0.1533229,South Australia
2024-11-15 00:00:00+00:00,23.57377,0.0,0.15454167,South Australia
2024-11-16 00:00:00+00:00,21.41179,7.7750006,0.15529166,South Australia
2024-11-17 00:00:00+00:00,15.018041,0.0,0.16098957,South Australia
2024-11-18 00:00:00+00:00,15.72273,0.0,0.15642709,South Australia
2024-11-19 00:00:00+00:00,17.33627,0.0,0.15574999,South Australia
2024-11-20 00:00:00+00:00,21.549812,0.0,0.15822917,South Australia
2024-11-21 00:00:00+00:00,27.921688,0.0,0.15944791,South Australia
2024-11-22 00:00:00+00:00,28.319084,0.67499995,0.1578646,South Australia
2024-11-23 00:00:00+00:00,19.44877,16.425001,0.16321875,South Australia
2024-11-24 00:00:00+00:00,18.482624,2.725,0.20908335,South Australia
2024-11-25 00:00:00+00:00,21.370646,2.075,0.21833335,South Australia
2024-11-26 00:00:00+00:00,20.408146,2.325,0.21895835,South Australia
2024-11-27 00:00:00+00:00,16.249813,1.8249999,0.22227083,South Australia
2024-11-28 00:00:00+00:00,16.849293,0.25,0.22521877,South Australia
2024-11-29 00:00:00+00:00,18.393562,4.325,0.22860417,South Australia
2024-11-30 00:00:00+00:00,17.646688,2.6250002,0.22737503,South Australia
2024-12-01 00:00:00+00:00,20.390438,0.0,0.22065625,South Australia
2024-12-02 00:00:00+00:00,21.653978,2.75,0.22046876,South Australia
2024-12-03 00:00:00+00:00,17.665438,0.0,0.22602086,South Australia
2024-12-04 00:00:00+00:00,24.570126,0.0,0.22147915,South Australia
2024-12-05 00:00:00+00:00,28.107103,12.825001,0.21270832,South Australia
2024-12-06 00:00:00+00:00,25.269083,0.8,0.21002081,South Australia
2024-12-07 00:00:00+00:00,19.200853,0.0,0.20306249,South Australia
2024-12-08 00:00:00+00:00,19.696167,0.0,0.20447919,South Australia
2024-12-09 00:00:00+00:00,20.686792,0.0,0.20504165,South Australia
2024-12-10 00:00:00+00:00,18.93471,0.0,0.2013125,South Australia
2024-12-11 00:00:00+00:00,18.569084,0.0,0.20186457,South Australia
2024-12-12 00:00:00+00:00,20.871166,0.0,0.19922918,South Australia
2024-12-13 00:00:00+00:00,22.01648,0.0,0.19634376,South Australia
2024-12-14 00:00:00+00:00,26.031586,0.0,0.19576043,South Australia
2024-12-15 00:00:00+00:00,31.455544,0.025,0.19126043,South Australia
2024-12-16 00:00:00+00:00,23.636269,0.425,0.18667707,South Australia
2024-12-17 00:00:00+00:00,18.838875,0.0,0.18536457,South Australia
2024-12-18 00:00:00+00:00,20.872728,0.0,0.18455207,South Australia
2024-12-19 00:00:00+00:00,25.340439,0.0,0.1824375,South Australia
2024-12-20 00:00:00+00:00,20.939396,0.0,0.18133336,South Australia
2024-12-21 00:00:00+00:00,18.888874,0.0,0.17818752,South Australia
2024-12-22 00:00:00+00:00,16.805542,0.0,0.17626041,South Australia
2024-12-23 00:00:00+00:00,16.682623,0.0,0.17503126,South Australia
2024-12-24 00:00:00+00:00,22.802937,0.0,0.17477083,South Australia
2024-12-25 00:00:00+00:00,29.358145,0.025,0.17267708,South Australia
2024-12-26 00:00:00+00:00,18.886791,1.3249998,0.16923957,South Australia
2024-12-27 00:00:00+00:00,17.482624,0.45000002,0.16770832,South Australia
2024-12-28 00:00:00+00:00,17.513874,0.2,0.17022917,South Australia
2024-12-29 00:00:00+00:00,19.69773,0.25,0.17244789,South Australia
2024-12-30 00:00:00+00:00,22.522207,0.0,0.17145836,South Australia
2024-12-31 00:00:00+00:00,22.665436,0.0,0.17053126,South Australia
2024-01-01 00:00:00+00:00,19.865625,7.075,0.16033332,Western Australia
2024-01-02 00:00:00+00:00,17.688023,4.3999996,0.17591667,Western Australia
2024-01-03 00:00:00+00:00,17.672918,0.725,0.1806979,Western Australia
2024-01-04 00:00:00+00:00,17.448956,1.5499998,0.18467708,Western Australia
2024-01-05 00:00:00+00:00,17.817188,0.6750001,0.18846875,Western Australia
2024-01-06 00:00:00+00:00,19.004168,0.275,0.19067705,Western Australia
2024-01-07 00:00:00+00:00,19.784895,0.275,0.19059375,Western Australia
2024-01-08 00:00:00+00:00,25.260418,0.0,0.18853125,Western Australia
2024-01-09 00:00:00+00:00,22.148438,0.05,0.1873229,Western Australia
2024-01-10 00:00:00+00:00,21.045311,0.275,0.18510418,Western Australia
2024-01-11 00:00:00+00:00,23.075,1.0250001,0.1835104,Western Australia
2024-01-12 00:00:00+00:00,21.303125,2.2749999,0.18778126,Western Australia
2024-01-13 00:00:00+00:00,24.131771,0.0,0.19211459,Western Australia
2024-01-14 00:00:00+00:00,25.163017,0.05,0.19259375,Western Australia
2024-01-15 00:00:00+00:00,26.627083,3.875,0.19510418,Western Australia
2024-01-16 00:00:00+00:00,22.369791,0.75,0.19178122,Western Australia
2024-01-17 00:00:00+00:00,23.534374,0.575,0.19290626,Western Australia
2024-01-18 00:00:00+00:00,23.686459,0.0,0.19197915,Western Australia
2024-01-19 00:00:00+00:00,21.96875,0.0,0.18854165,Western Australia
2024-01-20 00:00:00+00:00,22.610937,0.0,0.18665627,Western Australia
2024-01-21 00:00:00+00:00,26.59375,0.0,0.18428123,Western Australia
2024-01-22 00:00:00+00:00,21.621355,0.0,0.18250005,Western Australia
2024-01-23 00:00:00+00:00,21.15677,0.0,0.18074998,Western Australia
2024-01-24 00:00:00+00:00,21.56198,0.0,0.17883334,Western Australia
2024-01-25 00:00:00+00:00,19.382812,0.0,0.17726041,Western Australia
2024-01-26 00:00:00+00:00,18.247395,0.0,0.17609377,Western Australia
2024-01-27 00:00:00+00:00,23.193228,0.0,0.17544793,Western Australia
2024-01-28 00:00:00+00:00,21.555729,0.0,0.17350002,Western Australia
2024-01-29 00:00:00+00:00,19.857292,0.0,0.17241667,Western Australia
2024-01-30 00:00:00+00:00,22.88802,0.0,0.17134374,Western Australia
2024-01-31 00:00:00+00:00,27.57396,0.0,0.17008334,Western Australia
2024-02-01 00:00:00+00:00,29.91927,0.0,0.16875005,Western Australia
2024-02-02 00:00:00+00:00,28.678646,0.0,0.16770834,Western Australia
2024-02-03 00:00:00+00:00,22.191147,2.05,0.16621876,Western Australia
2024-02-04 00:00:00+00:00,17.450521,0.05,0.16625,Western Australia
2024-02-05 00:00:00+00:00,17.2625,0.025,0.16633335,Western Australia
2024-02-06 00:00:00+00:00,19.631248,0.0,0.16595834,Western Australia
2024-02-07 00:00:00+00:00,22.855207,0.0,0.1657396,Western Australia
2024-02-08 00:00:00+00:00,25.394272,0.0,0.16494793,Western Australia
2024-02-09 00:00:00+00:00,26.089584,0.0,0.16450003,Western Australia
2024-02-10 00:00:00+00:00,27.527082,0.0,0.16389583,Western Australia
2024-02-11 00:00:00+00:00,27.286457,0.0,0.16347916,Western Australia
2024-02-12 00:00:00+00:00,21.74896,0.025,0.16479166,Western Australia
2024-02-13 00:00:00+00:00,19.64323,0.0,0.16462497,Western Australia
2024-02-14 00:00:00+00:00,21.645832,0.075,0.16382292,Western Australia
2024-02-15 00:00:00+00:00,26.994268,0.0,0.16321877,Western Australia
2024-02-16 00:00:00+00:00,27.14323,0.0,0.16293754,Western Australia
2024-02-17 00:00:00+00:00,24.614061,0.0,0.16222917,Western Australia
2024-02-18 00:00:00+00:00,25.646355,0.0,0.16165623,Western Australia
2024-02-19 00:00:00+00:00,27.830208,0.0,0.16067708,Western Australia
2024-02-20 00:00:00+00:00,31.329168,0.0,0.16028124,Western Australia
2024-02-21 00:00:00+00:00,25.067188,0.0,0.1595104,Western Australia
2024-02-22 00:00:00+00:00,19.640625,0.0,0.15891665,Western Australia
2024-02-23 00:00:00+00:00,23.583853,0.0,0.15841667,Western Australia
2024-02-24 00:00:00+00:00,22.20573,7.3000007,0.15920834,Western Australia
2024-02-25 00:00:00+00:00,18.536459,12.075,0.187125,Western Australia
2024-02-26 00:00:00+00:00,21.827084,0.5,0.20665623,Western Australia
2024-02-27 00:00:00+00:00,17.808334,0.45000002,0.20795831,Western Australia
2024-02-28 00:00:00+00:00,19.015625,0.025,0.2059167,Western Australia
2024-02-29 00:00:00+00:00,20.641144,3.8,0.20086455,Western Australia
2024-03-01 00:00:00+00:00,19.347918,1.575,0.20373958,Western Australia
2024-03-02 00:00:00+00:00,21.359377,7.1250005,0.21035413,Western Australia
2024-03-03 00:00:00+00:00,22.213022,2.15,0.22229168,Western Australia
2024-03-04 00:00:00+00:00,22.805729,3.5250006,0.22772916,Western Australia
2024-03-05 00:00:00+00:00,19.43698,0.375,0.2260729,Western Australia
2024-03-06 00:00:00+00:00,19.80625,0.37500003,0.2236979,Western Australia
2024-03-07 00:00:00+00:00,23.305208,0.075,0.22119792,Western Australia
2024-03-08 00:00:00+00:00,22.727083,3.7250001,0.21810415,Western Australia
2024-03-09 00:00:00+00:00,16.495832,0.0,0.22066666,Western Australia
2024-03-10 00:00:00+00:00,17.697395,0.05,0.22102082,Western Australia
2024-03-11 00:00:00+00:00,18.286459,0.275,0.22001043,Western Australia
2024-03-12 00:00:00+00:00,18.784374,1.9499997,0.21984376,Western Australia
2024-03-13 00:00:00+00:00,19.292187,1.75,0.22170834,Western Australia
2024-03-14 00:00:00+00:00,19.379166,0.375,0.22342709,Western Australia
2024-03-15 00:00:00+00:00,19.239063,0.3,0.22532293,Western Australia
2024-03-16 00:00:00+00:00,20.238543,0.275,0.22395833,Western Australia
2024-03-17 00:00:00+00:00,21.842709,0.05,0.22056249,Western Australia
2024-03-18 00:00:00+00:00,17.795832,0.15,0.21709374,Western Australia
2024-03-19 00:00:00+00:00,15.346875,0.0,0.21446876,Western Australia
2024-03-20 00:00:00+00:00,16.572395,0.0,0.211,Western Australia
2024-03-21 00:00:00+00:00,17.672396,0.025,0.20710418,Western Australia
2024-03-22 00:00:00+00:00,16.581772,0.15,0.204375,Western Australia
2024-03-23 00:00:00+00:00,17.103647,0.05,0.20142712,Western Australia
2024-03-24 00:00:00+00:00,16.335417,0.0,0.1988021,Western Australia
2024-03-25 00:00:00+00:00,17.879686,0.0,0.1975625,Western Australia
2024-03-26 00:00:00+00:00,19.951561,0.0,0.19533332,Western Australia
2024-03-27 00:00:00+00:00,20.68073,0.0,0.19303124,Western Australia
2024-03-28 00:00:00+00:00,20.96302,0.0,0.19096875,Western Australia
2024-03-29 00:00:00+00:00,22.774998,0.0,0.18931247,Western Australia
2024-03-30 00:00:00+00:00,23.302082,0.0,0.18771873,Western Australia
2024-03-31 00:00:00+00:00,17.821875,0.125,0.18650001,Western Australia
2024-04-01 00:00:00+00:00,15.313022,0.0,0.18563543,Western Australia
2024-04-02 00:00:00+00:00,15.491667,0.0,0.18389583,Western Australia
2024-04-03 00:00:00+00:00,16.168228,0.025,0.18292707,Western Australia
2024-04-04 00:00:00+00:00,18.06823,0.1,0.18266666,Western Australia
2024-04-05 00:00:00+00:00,19.900522,0.0,0.18080208,Western Australia
2024-04-06 00:00:00+00:00,20.787502,0.0,0.17979166,Western Australia
2024-04-07 00:00:00+00:00,19.731249,0.075,0.1790625,Western Australia
2024-04-08 00:00:00+00:00,16.214062,0.15,0.17862499,Western Australia
2024-04-09 00:00:00+00:00,15.63125,0.1,0.17825,Western Australia
2024-04-10 00:00:00+00:00,15.953646,0.1,0.17757294,Western Australia
2024-04-11 00:00:00+00:00,16.140625,1.4499999,0.17729165,Western Australia
2024-04-12 00:00:00+00:00,17.03281,1.2750001,0.17751041,Western Australia
2024-04-13 00:00:00+00:00,16.403126,0.3,0.17798956,Western Australia
2024-04-14 00:00:00+00:00,17.118229,0.0,0.1781979,Western Australia
2024-04-15 00:00:00+00:00,17.516666,0.2,0.17796877,Western Australia
2024-04-16 00:00:00+00:00,17.958855,0.05,0.17751044,Western Australia
2024-04-17 00:00:00+00:00,18.215103,0.05,0.17646872,Western Australia
2024-04-18 00:00:00+00:00,18.095833,0.025,0.17574999,Western Australia
2024-04-19 00:00:00+00:00,17.22448,0.0,0.1751979,Western Australia
2024-04-20 00:00:00+00:00,18.473959,0.0,0.17465624,Western Australia
2024-04-21 00:00:00+00:00,19.036978,0.0,0.17319793,Western Australia
2024-04-22 00:00:00+00:00,14.441145,0.6,0.17262499,Western Australia
2024-04-23 00:00:00+00:00,13.875001,0.0,0.17222917,Western Australia
2024-04-24 00:00:00+00:00,14.297916,0.1,0.17102085,Western Australia
2024-04-25 00:00:00+00:00,14.55625,1.025,0.17091668,Western Australia
2024-04-26 00:00:00+00:00,16.153126,0.22500001,0.17115626,Western Australia
2024-04-27 00:00:00+00:00,17.090103,0.0,0.17104167,Western Australia
2024-04-28 00:00:00+00:00,14.441667,0.55,0.17162499,Western Australia
2024-04-29 00:00:00+00:00,14.642709,0.1,0.1710625,Western Australia
2024-04-30 00:00:00+00:00,15.3515625,9.775001,0.17159373,Western Australia
2024-05-01 00:00:00+00:00,16.236458,3.0999997,0.17223957,Western Australia
2024-05-02 00:00:00+00:00,17.163542,2.85,0.1741771,Western Australia
2024-05-03 00:00:00+00:00,16.465103,0.32500002,0.17423958,Western Australia
2024-05-04 00:00:00+00:00,14.504166,1.3999999,0.1766458,Western Australia
2024-05-05 00:00:00+00:00,13.690104,2.2,0.17861459,Western Australia
2024-05-06 00:00:00+00:00,14.848437,1.15,0.1808021,Western Australia
2024-05-07 00:00:00+00:00,16.040104,0.0,0.18155211,Western Australia
2024-05-08 00:00:00+00:00,15.90052,0.075,0.18240625,Western Australia
2024-05-09 00:00:00+00:00,17.972916,0.125,0.18219791,Western Australia
2024-05-10 00:00:00+00:00,19.354689,0.17500001,0.1813125,Western Australia
2024-05-11 00:00:00+00:00,17.952604,0.1,0.17890623,Western Australia
2024-05-12 00:00:00+00:00,17.747395,0.0,0.17852083,Western Australia
2024-05-13 00:00:00+00:00,18.05052,0.0,0.17936459,Western Australia
2024-05-14 00:00:00+00:00,16.821875,0.0,0.18291667,Western Australia
2024-05-15 00:00:00+00:00,16.402603,0.0,0.18321875,Western Australia
2024-05-16 00:00:00+00:00,16.019272,0.0,0.18242708,Western Australia
2024-05-17 00:00:00+00:00,16.476562,0.0,0.1817083,Western Australia
2024-05-18 00:00:00+00:00,15.805208,0.0,0.18019794,Western Australia
2024-05-19 00:00:00+00:00,15.6625,0.0,0.17977083,Western Australia
2024-05-20 00:00:00+00:00,14.82448,0.0,0.17920832,Western Australia
2024-05-21 00:00:00+00:00,14.738541,0.0,0.17940626,Western Australia
2024-05-22 00:00:00+00:00,14.5625,0.0,0.17882293,Western Australia
2024-05-23 00:00:00+00:00,14.247916,0.0,0.17922914,Western Australia
2024-05-24 00:00:00+00:00,15.976042,0.0,0.179125,Western Australia
2024-05-25 00:00:00+00:00,17.195312,0.0,0.17794791,Western Australia
2024-05-26 00:00:00+00:00,17.496353,0.0,0.17748958,Western Australia
2024-05-27 00:00:00+00:00,16.608334,0.1,0.1769375,Western Australia
2024-05-28 00:00:00+00:00,14.603125,3.4500003,0.17796877,Western Australia
2024-05-29 00:00:00+00:00,10.746877,0.77500004,0.17995833,Western Australia
2024-05-30 00:00:00+00:00,12.782291,0.275,0.18188545,Western Australia
2024-05-31 00:00:00+00:00,13.8828125,0.075,0.18270834,Western Australia
2024-06-01 00:00:00+00:00,16.981771,3.5500002,0.1835,Western Australia
2024-06-02 00:00:00+00:00,13.3098955,0.85,0.18565626,Western Australia
2024-06-03 00:00:00+00:00,13.491667,0.22500001,0.18782291,Western Australia
2024-06-04 00:00:00+00:00,13.895311,0.075,0.18786457,Western Australia
2024-06-05 00:00:00+00:00,14.555209,0.0,0.18733335,Western Australia
2024-06-06 00:00:00+00:00,16.73177,5.0,0.18704163,Western Australia
2024-06-07 00:00:00+00:00,14.397396,0.35000005,0.19395828,Western Australia
2024-06-08 00:00:00+00:00,15.514063,6.1250005,0.19849999,Western Australia
2024-06-09 00:00:00+00:00,15.727083,3.6999998,0.20318748,Western Australia
2024-06-10 00:00:00+00:00,14.717186,0.0,0.20766665,Western Australia
2024-06-11 00:00:00+00:00,13.48177,0.22500001,0.21094793,Western Australia
2024-06-12 00:00:00+00:00,11.7057295,6.8500004,0.21705207,Western Australia
2024-06-13 00:00:00+00:00,10.384895,0.25,0.22904167,Western Australia
2024-06-14 00:00:00+00:00,12.169792,1.275,0.23181252,Western Australia
2024-06-15 00:00:00+00:00,13.21979,2.425,0.23373958,Western Australia
2024-06-16 00:00:00+00:00,13.918228,0.47500002,0.2412396,Western Australia
2024-06-17 00:00:00+00:00,11.792188,0.45000005,0.24315621,Western Australia
2024-06-18 00:00:00+00:00,11.179167,0.15,0.24395831,Western Australia
2024-06-19 00:00:00+00:00,10.017709,0.075,0.24301039,Western Australia
2024-06-20 00:00:00+00:00,9.788542,0.025,0.24127081,Western Australia
2024-06-21 00:00:00+00:00,11.558855,0.85,0.23871878,Western Australia
2024-06-22 00:00:00+00:00,10.566146,1.0,0.23738544,Western Australia
2024-06-23 00:00:00+00:00,9.809375,0.57500005,0.2376563,Western Australia
2024-06-24 00:00:00+00:00,9.060938,0.62500006,0.23728126,Western Australia
2024-06-25 00:00:00+00:00,8.533333,0.15,0.23780206,Western Australia
2024-06-26 00:00:00+00:00,11.322916,3.525,0.23653129,Western Australia
2024-06-27 00:00:00+00:00,11.121874,0.475,0.23584378,Western Australia
2024-06-28 00:00:00+00:00,12.0703125,0.90000004,0.23635416,Western Australia
2024-06-29 00:00:00+00:00,9.915626,3.625,0.23717707,Western Australia
2024-06-30 00:00:00+00:00,9.675,0.05,0.23709376,Western Australia
2024-07-01 00:00:00+00:00,10.574479,0.675,0.23639587,Western Australia
2024-07-02 00:00:00+00:00,9.944271,0.40000004,0.23628125,Western Australia
2024-07-03 00:00:00+00:00,10.923437,0.70000005,0.23580213,Western Australia
2024-07-04 00:00:00+00:00,10.222396,0.4,0.23570834,Western Australia
2024-07-05 00:00:00+00:00,9.038021,0.15,0.23538542,Western Australia
2024-07-06 00:00:00+00:00,10.463541,1.925,0.23413542,Western Australia
2024-07-07 00:00:00+00:00,11.019271,2.725,0.2368125,Western Australia
2024-07-08 00:00:00+00:00,12.772396,0.0,0.23977083,Western Australia
2024-07-09 00:00:00+00:00,16.314062,4.7,0.24057291,Western Australia
2024-07-10 00:00:00+00:00,10.131249,3.95,0.24504168,Western Australia
2024-07-11 00:00:00+00:00,10.341667,0.025,0.24803129,Western Australia
2024-07-12 00:00:00+00:00,10.636458,0.025,0.25002083,Western Australia
2024-07-13 00:00:00+00:00,10.317186,0.0,0.25046876,Western Australia
2024-07-14 00:00:00+00:00,10.7682295,0.17500001,0.24981248,Western Australia
2024-07-15 00:00:00+00:00,10.647396,0.275,0.24761456,Western Australia
2024-07-16 00:00:00+00:00,11.2942705,0.0,0.24511462,Western Australia
2024-07-17 00:00:00+00:00,14.766146,6.25,0.24294794,Western Australia
2024-07-18 00:00:00+00:00,10.677083,2.775,0.24921873,Western Australia
2024-07-19 00:00:00+00:00,9.8125,0.025,0.2512917,Western Australia
2024-07-20 00:00:00+00:00,12.966665,0.175,0.2512292,Western Australia
2024-07-21 00:00:00+00:00,13.423958,0.05,0.25037497,Western Australia
2024-07-22 00:00:00+00:00,13.715104,6.775,0.24822918,Western Australia
2024-07-23 00:00:00+00:00,9.648958,7.325,0.25939584,Western Australia
2024-07-24 00:00:00+00:00,9.956771,0.32500002,0.27544793,Western Australia
2024-07-25 00:00:00+00:00,11.157291,1.475,0.27644792,Western Australia
2024-07-26 00:00:00+00:00,8.992708,0.5,0.27620834,Western Australia
2024-07-27 00:00:00+00:00,11.729168,0.025,0.274375,Western Australia
2024-07-28 00:00:00+00:00,13.805208,3.075,0.27157295,Western Australia
2024-07-29 00:00:00+00:00,13.426563,5.6000004,0.2736979,Western Australia
2024-07-30 00:00:00+00:00,13.778645,0.775,0.27652085,Western Australia
2024-07-31 00:00:00+00:00,15.961458,5.975,0.27714583,Western Australia
2024-08-01 00:00:00+00:00,8.11875,0.62500006,0.2783333,Western Australia
2024-08-02 00:00:00+00:00,8.473958,0.0,0.27781248,Western Australia
2024-08-03 00:00:00+00:00,8.675521,0.0,0.27460414,Western Australia
2024-08-04 00:00:00+00:00,9.356251,0.0,0.2717396,Western Australia
2024-08-05 00:00:00+00:00,11.182813,0.05,0.2673229,Western Australia
2024-08-06 00:00:00+00:00,14.633333,3.875,0.26216668,Western Australia
2024-08-07 00:00:00+00:00,12.387501,3.75,0.2644062,Western Australia
2024-08-08 00:00:00+00:00,11.234375,0.125,0.268375,Western Australia
2024-08-09 00:00:00+00:00,12.616146,0.0,0.26661462,Western Australia
2024-08-10 00:00:00+00:00,16.254168,0.925,0.26398954,Western Australia
2024-08-11 00:00:00+00:00,15.089583,0.52500004,0.26011455,Western Australia
2024-08-12 00:00:00+00:00,13.944271,0.45000002,0.2577708,Western Australia
2024-08-13 00:00:00+00:00,13.677083,2.475,0.2561354,Western Australia
2024-08-14 00:00:00+00:00,12.845313,2.575,0.25636458,Western Australia
2024-08-15 00:00:00+00:00,10.378124,0.425,0.2577917,Western Australia
2024-08-16 00:00:00+00:00,12.018229,0.0,0.2564062,Western Australia
2024-08-17 00:00:00+00:00,14.691668,4.3999996,0.2544167,Western Australia
2024-08-18 00:00:00+00:00,11.667707,12.775,0.2709896,Western Australia
2024-08-19 00:00:00+00:00,12.405209,1.525,0.29154164,Western Australia
2024-08-20 00:00:00+00:00,12.4192705,0.55,0.29041666,Western Australia
2024-08-21 00:00:00+00:00,12.829166,3.65,0.2877604,Western Australia
2024-08-22 00:00:00+00:00,14.1276045,8.075,0.29694793,Western Australia
2024-08-23 00:00:00+00:00,14.8625,3.7749999,0.2982396,Western Australia
2024-08-24 00:00:00+00:00,12.238542,3.275,0.30316666,Western Australia
2024-08-25 00:00:00+00:00,12.682292,0.05,0.30065626,Western Australia
2024-08-26 00:00:00+00:00,16.247915,0.2,0.29538542,Western Australia
2024-08-27 00:00:00+00:00,12.639584,1.075,0.2900521,Western Australia
2024-08-28 00:00:00+00:00,15.07448,0.55,0.2856562,Western Australia
2024-08-29 00:00:00+00:00,13.186459,0.675,0.28184372,Western Australia
2024-08-30 00:00:00+00:00,11.517187,0.05,0.2778229,Western Australia
2024-08-31 00:00:00+00:00,12.976042,0.125,0.27434373,Western Australia
2024-09-01 00:00:00+00:00,12.717188,0.17500001,0.26980206,Western Australia
2024-09-02 00:00:00+00:00,15.480729,0.0,0.26541665,Western Australia
2024-09-03 00:00:00+00:00,17.013021,1.325,0.26332292,Western Australia
2024-09-04 00:00:00+00:00,14.25104,1.6750002,0.2598542,Western Australia
2024-09-05 00:00:00+00:00,9.243229,3.55,0.26203126,Western Australia
2024-09-06 00:00:00+00:00,10.928646,0.15,0.26703128,Western Australia
2024-09-07 00:00:00+00:00,12.223958,0.05,0.26492706,Western Australia
2024-09-08 00:00:00+00:00,13.096354,0.0,0.26088545,Western Australia
2024-09-09 00:00:00+00:00,14.548958,0.0,0.25557292,Western Australia
2024-09-10 00:00:00+00:00,12.901042,0.6,0.25208336,Western Australia
2024-09-11 00:00:00+00:00,13.373438,0.0,0.24561456,Western Australia
2024-09-12 00:00:00+00:00,14.675,0.0,0.2399375,Western Australia
2024-09-13 00:00:00+00:00,15.35,0.0,0.23499998,Western Australia
2024-09-14 00:00:00+00:00,13.82604,0.35,0.23076041,Western Australia
2024-09-15 00:00:00+00:00,13.511979,0.775,0.226625,Western Australia
2024-09-16 00:00:00+00:00,13.341666,0.025,0.22383331,Western Australia
2024-09-17 00:00:00+00:00,15.807293,0.0,0.21943754,Western Australia
2024-09-18 00:00:00+00:00,13.286978,0.1,0.21543749,Western Australia
2024-09-19 00:00:00+00:00,11.220833,0.0,0.21269792,Western Australia
2024-09-20 00:00:00+00:00,11.961458,0.0,0.21139584,Western Australia
2024-09-21 00:00:00+00:00,12.108854,0.025,0.20875,Western Australia
2024-09-22 00:00:00+00:00,15.020833,0.0,0.20664583,Western Australia
2024-09-23 00:00:00+00:00,16.591667,0.32500002,0.20379168,Western Australia
2024-09-24 00:00:00+00:00,12.224999,0.5,0.20175,Western Australia
2024-09-25 00:00:00+00:00,12.93177,0.3,0.20075002,Western Australia
2024-09-26 00:00:00+00:00,18.6,1.075,0.20115624,Western Australia
2024-09-27 00:00:00+00:00,13.015104,8.35,0.2048125,Western Australia
2024-09-28 00:00:00+00:00,10.720833,0.375,0.21015622,Western Australia
2024-09-29 00:00:00+00:00,12.980728,0.0,0.21199998,Western Australia
2024-09-30 00:00:00+00:00,15.719791,0.0,0.2076875,Western Australia
2024-10-01 00:00:00+00:00,20.615105,0.65,0.204375,Western Australia
2024-10-02 00:00:00+00:00,14.935936,5.525,0.20540628,Western Australia
2024-10-03 00:00:00+00:00,13.217188,2.7499998,0.21587501,Western Australia
2024-10-04 00:00:00+00:00,14.457811,0.425,0.21974999,Western Australia
2024-10-05 00:00:00+00:00,15.870312,0.0,0.2174375,Western Australia
2024-10-06 00:00:00+00:00,16.41771,0.025,0.21458332,Western Australia
2024-10-07 00:00:00+00:00,18.762499,0.0,0.21094796,Western Australia
2024-10-08 00:00:00+00:00,20.445833,0.65,0.20791663,Western Australia
2024-10-09 00:00:00+00:00,13.840625,0.25,0.20613542,Western Australia
2024-10-10 00:00:00+00:00,15.729688,0.0,0.20391664,Western Australia
2024-10-11 00:00:00+00:00,20.432814,0.0,0.20184378,Western Australia
2024-10-12 00:00:00+00:00,18.646355,0.84999996,0.20040627,Western Australia
2024-10-13 00:00:00+00:00,17.168228,0.025,0.19911462,Western Australia
2024-10-14 00:00:00+00:00,18.821356,0.35000002,0.19810417,Western Australia
2024-10-15 00:00:00+00:00,15.345311,0.15,0.19739586,Western Australia
2024-10-16 00:00:00+00:00,16.744791,14.875,0.19830209,Western Australia
2024-10-17 00:00:00+00:00,15.746875,0.65,0.19928126,Western Australia
2024-10-18 00:00:00+00:00,18.076561,0.025,0.19787501,Western Australia
2024-10-19 00:00:00+00:00,21.086979,0.0,0.1965104,Western Australia
2024-10-20 00:00:00+00:00,21.123438,0.55,0.19590622,Western Australia
2024-10-21 00:00:00+00:00,14.00677,0.05,0.1987917,Western Australia
2024-10-22 00:00:00+00:00,15.581773,0.0,0.19767708,Western Australia
2024-10-23 00:00:00+00:00,15.623437,0.075,0.19434378,Western Australia
2024-10-24 00:00:00+00:00,20.915104,0.0,0.19263545,Western Australia
2024-10-25 00:00:00+00:00,19.726562,0.22500001,0.19190627,Western Australia
2024-10-26 00:00:00+00:00,15.554687,0.1,0.19100001,Western Australia
2024-10-27 00:00:00+00:00,16.35677,0.0,0.18923959,Western Australia
2024-10-28 00:00:00+00:00,19.759895,0.0,0.1876771,Western Australia
2024-10-29 00:00:00+00:00,23.04427,0.0,0.18631248,Western Australia
2024-10-30 00:00:00+00:00,19.154165,0.15,0.18579167,Western Australia
2024-10-31 00:00:00+00:00,19.333332,0.0,0.18473959,Western Australia
2024-11-01 00:00:00+00:00,25.311977,0.05,0.1834479,Western Australia
2024-11-02 00:00:00+00:00,16.747917,2.0500002,0.1825104,Western Australia
2024-11-03 00:00:00+00:00,16.605728,0.8249999,0.18177079,Western Australia
2024-11-04 00:00:00+00:00,19.039062,0.0,0.18073955,Western Australia
2024-11-05 00:00:00+00:00,16.52552,0.075,0.18044792,Western Australia
2024-11-06 00:00:00+00:00,13.772917,0.05,0.17901045,Western Australia
2024-11-07 00:00:00+00:00,15.911457,1.1750001,0.17709376,Western Australia
2024-11-08 00:00:00+00:00,14.951563,7.424999,0.17770836,Western Australia
2024-11-09 00:00:00+00:00,14.135416,1.425,0.18078125,Western Australia
2024-11-10 00:00:00+00:00,15.838542,0.825,0.1871146,Western Australia
2024-11-11 00:00:00+00:00,17.771355,0.125,0.18736458,Western Australia
2024-11-12 00:00:00+00:00,17.673958,0.0,0.17288542,Western Australia
2024-11-13 00:00:00+00:00,20.182814,0.1,0.15774998,Western Australia
2024-11-14 00:00:00+00:00,22.782291,0.22500001,0.15857294,Western Australia
2024-11-15 00:00:00+00:00,16.394268,0.075,0.16068749,Western Australia
2024-11-16 00:00:00+00:00,14.43125,0.0,0.15891667,Western Australia
2024-11-17 00:00:00+00:00,16.320312,0.0,0.15704167,Western Australia
2024-11-18 00:00:00+00:00,21.171354,1.0749999,0.15508333,Western Australia
2024-11-19 00:00:00+00:00,19.724998,6.625,0.15652084,Western Australia
2024-11-20 00:00:00+00:00,19.288021,8.7,0.1665625,Western Australia
2024-11-21 00:00:00+00:00,19.891144,2.125,0.19109376,Western Australia
2024-11-22 00:00:00+00:00,16.872395,0.025,0.19211458,Western Australia
2024-11-23 00:00:00+00:00,17.938023,0.0,0.18574996,Western Australia
2024-11-24 00:00:00+00:00,23.045311,0.025,0.17594789,Western Australia
2024-11-25 00:00:00+00:00,14.998959,0.82500005,0.17503124,Western Australia
2024-11-26 00:00:00+00:00,13.973437,0.125,0.1774792,Western Australia
2024-11-27 00:00:00+00:00,15.159896,0.275,0.1736875,Western Australia
2024-11-28 00:00:00+00:00,17.88646,0.0,0.17098957,Western Australia
2024-11-29 00:00:00+00:00,20.603125,0.025,0.17054164,Western Australia
2024-11-30 00:00:00+00:00,24.535938,3.125,0.17115626,Western Australia
2024-12-01 00:00:00+00:00,19.75,3.7749996,0.17075,Western Australia
2024-12-02 00:00:00+00:00,16.690104,0.1,0.17121875,Western Australia
2024-12-03 00:00:00+00:00,21.384897,0.05,0.16811459,Western Australia
2024-12-04 00:00:00+00:00,19.736977,0.025,0.16436459,Western Australia
2024-12-05 00:00:00+00:00,18.922916,0.0,0.16325001,Western Australia
2024-12-06 00:00:00+00:00,18.547396,1.0,0.16225,Western Australia
2024-12-07 00:00:00+00:00,19.391146,2.45,0.15984374,Western Australia
2024-12-08 00:00:00+00:00,21.46875,0.65,0.16236459,Western Australia
2024-12-09 00:00:00+00:00,19.801043,0.22500002,0.1743542,Western Australia
2024-12-10 00:00:00+00:00,20.297398,0.15,0.17803127,Western Australia
2024-12-11 00:00:00+00:00,25.272394,0.0,0.17894794,Western Australia
2024-12-12 00:00:00+00:00,25.218227,0.0,0.18340623,Western Australia
2024-12-13 00:00:00+00:00,25.559376,6.05,0.19322917,Western Australia
2024-12-14 00:00:00+00:00,24.390625,0.15,0.20292707,Western Australia
2024-12-15 00:00:00+00:00,20.516666,0.0,0.2013125,Western Australia
2024-12-16 00:00:00+00:00,18.44323,0.0,0.20003125,Western Australia
2024-12-17 00:00:00+00:00,22.294792,0.0,0.19822918,Western Australia
2024-12-18 00:00:00+00:00,25.539581,0.05,0.19644791,Western Australia
2024-12-19 00:00:00+00:00,19.658333,0.0,0.19485416,Western Australia
2024-12-20 00:00:00+00:00,21.167707,0.0,0.19188543,Western Australia
2024-12-21 00:00:00+00:00,21.854687,0.0,0.18907294,Western Australia
2024-12-22 00:00:00+00:00,22.944792,0.0,0.18513542,Western Australia
2024-12-23 00:00:00+00:00,27.810936,0.0,0.1821875,Western Australia
2024-12-24 00:00:00+00:00,21.700521,0.025,0.18079166,Western Australia
2024-12-25 00:00:00+00:00,17.595312,0.0,0.17772919,Western Australia
2024-12-26 00:00:00+00:00,16.653126,0.1,0.17421871,Western Australia
2024-12-27 00:00:00+00:00,18.292189,0.025,0.1729271,Western Australia
2024-12-28 00:00:00+00:00,20.813541,0.0,0.17146873,Western Australia
2024-12-29 00:00:00+00:00,25.61354,0.45000005,0.16857293,Western Australia
2024-12-30 00:00:00+00:00,21.341145,0.0,0.16800001,Western Australia
2024-12-31 00:00:00+00:00,22.754688,0.0,0.16504166,Western Australia
