date,temperature_2m_mean,precipitation_sum,soil_moisture_7_to_28cm_mean,name
2025-01-01 00:00:00+00:00,-20.155945,0.033333335,0.27666667,Heilongjiang
2025-01-02 00:00:00+00:00,-21.243444,0,0.27666667,Heilongjiang
2025-01-03 00:00:00+00:00,-23.469835,0,0.27666667,Heilongjiang
2025-01-04 00:00:00+00:00,-25.031988,0,0.27666667,Heilongjiang
2025-01-05 00:00:00+00:00,-24.210459,0.11666667,0.27666667,Heilongjiang
2025-01-06 00:00:00+00:00,-21.634071,0.35000002,0.27665278,Heilongjiang
2025-01-07 00:00:00+00:00,-24.710459,0.18333334,0.27650002,Heilongjiang
2025-01-08 00:00:00+00:00,-23.038933,0.14999999,0.27650002,Heilongjiang
2025-01-09 00:00:00+00:00,-18.263931,0.05,0.27650002,Heilongjiang
2025-01-10 00:00:00+00:00,-19.863932,0,0.27636808,Heilongjiang
2025-01-11 00:00:00+00:00,-20.968445,0,0.27633336,Heilongjiang
2025-01-12 00:00:00+00:00,-20.349695,0,0.27633336,Heilongjiang
2025-01-13 00:00:00+00:00,-17.121222,0.50000006,0.27633336,Heilongjiang
2025-01-14 00:00:00+00:00,-20.162195,0.06666667,0.27633336,Heilongjiang
2025-01-15 00:00:00+00:00,-17.035458,0.78333336,0.27623615,Heilongjiang
2025-01-16 00:00:00+00:00,-19.160805,0.033333335,0.2761667,Heilongjiang
2025-01-17 00:00:00+00:00,-16.02643,0,0.2761667,Heilongjiang
2025-01-18 00:00:00+00:00,-13.777125,0,0.2761667,Heilongjiang
2025-01-19 00:00:00+00:00,-16.574694,0,0.2761667,Heilongjiang
2025-01-20 00:00:00+00:00,-17.783377,0.30000004,0.2761667,Heilongjiang
2025-01-21 00:00:00+00:00,-16.279207,0.35000002,0.2761667,Heilongjiang
2025-01-22 00:00:00+00:00,-17.172264,0,0.2761667,Heilongjiang
2025-01-23 00:00:00+00:00,-18.987543,0,0.2761667,Heilongjiang
2025-01-24 00:00:00+00:00,-17.952124,0,0.2761667,Heilongjiang
2025-01-25 00:00:00+00:00,-17.133375,0,0.2761667,Heilongjiang
2025-01-26 00:00:00+00:00,-15.141014,0,0.27609032,Heilongjiang
2025-01-27 00:00:00+00:00,-13.833028,0.14999999,0.27600005,Heilongjiang
2025-01-28 00:00:00+00:00,-13.230945,0.3666667,0.27600005,Heilongjiang
2025-01-29 00:00:00+00:00,-14.543445,1.15,0.27600005,Heilongjiang
2025-01-30 00:00:00+00:00,-15.9778185,0.16666669,0.27600005,Heilongjiang
2025-01-31 00:00:00+00:00,-19.33268,0,0.27600005,Heilongjiang
2025-02-01 00:00:00+00:00,-19.812195,0.033333335,0.27600005,Heilongjiang
2025-02-02 00:00:00+00:00,-19.535112,0.21666668,0.27600005,Heilongjiang
2025-02-03 00:00:00+00:00,-20.984417,0.06666667,0.27600005,Heilongjiang
2025-02-04 00:00:00+00:00,-23.448654,0,0.27600005,Heilongjiang
2025-02-05 00:00:00+00:00,-22.418447,0.1,0.27600005,Heilongjiang
2025-02-06 00:00:00+00:00,-17.139973,1.3666668,0.27600005,Heilongjiang
2025-02-07 00:00:00+00:00,-11.981639,1.1999999,0.27600005,Heilongjiang
2025-02-08 00:00:00+00:00,-15.298653,0.06666667,0.27600005,Heilongjiang
2025-02-09 00:00:00+00:00,-19.27018,0,0.27600005,Heilongjiang
2025-02-10 00:00:00+00:00,-20.129555,0,0.27600005,Heilongjiang
2025-02-11 00:00:00+00:00,-14.055598,0.23333335,0.27600005,Heilongjiang
2025-02-12 00:00:00+00:00,-15.771568,0,0.27600005,Heilongjiang
2025-02-13 00:00:00+00:00,-11.458721,0,0.27600005,Heilongjiang
2025-02-14 00:00:00+00:00,-10.565667,0,0.27600005,Heilongjiang
2025-02-15 00:00:00+00:00,-9.126779,0.5833334,0.27600005,Heilongjiang
2025-02-16 00:00:00+00:00,-12.701431,0.8833334,0.27600005,Heilongjiang
2025-02-17 00:00:00+00:00,-15.086501,0.06666667,0.27600005,Heilongjiang
2025-02-18 00:00:00+00:00,-15.337543,0,0.27600005,Heilongjiang
2025-02-19 00:00:00+00:00,-15.939625,0.016666668,0.27600005,Heilongjiang
2025-02-20 00:00:00+00:00,-16.871223,0,0.27600005,Heilongjiang
2025-02-21 00:00:00+00:00,-17.342405,0,0.27600005,Heilongjiang
2025-02-22 00:00:00+00:00,-15.25907,0,0.27600005,Heilongjiang
2025-02-23 00:00:00+00:00,-11.294139,0,0.27600005,Heilongjiang
2025-02-24 00:00:00+00:00,-8.241014,0.06666667,0.27600005,Heilongjiang
2025-02-25 00:00:00+00:00,-8.910111,0.75,0.27600005,Heilongjiang
2025-02-26 00:00:00+00:00,-10.361847,0.06666667,0.27600005,Heilongjiang
2025-02-27 00:00:00+00:00,-3.0767777,0,0.2763542,Heilongjiang
2025-02-28 00:00:00+00:00,-6.01393,0,0.27930558,Heilongjiang
2025-03-01 00:00:00+00:00,-14.123653,0,0.2801667,Heilongjiang
2025-03-02 00:00:00+00:00,-16.544834,0,0.2801667,Heilongjiang
2025-03-03 00:00:00+00:00,-13.224694,0.016666668,0.2801667,Heilongjiang
2025-03-04 00:00:00+00:00,-7.7944865,0.033333335,0.2801667,Heilongjiang
2025-03-05 00:00:00+00:00,-8.533028,0,0.28029862,Heilongjiang
2025-03-06 00:00:00+00:00,-9.801084,0,0.28033334,Heilongjiang
2025-03-07 00:00:00+00:00,-7.3281665,0.116666675,0.28033334,Heilongjiang
2025-03-08 00:00:00+00:00,-7.7496943,0,0.2808889,Heilongjiang
2025-03-09 00:00:00+00:00,0.64197224,0.3166667,0.28276387,Heilongjiang
2025-03-10 00:00:00+00:00,3.5190556,0.4999999,0.29388198,Heilongjiang
2025-03-11 00:00:00+00:00,2.8805141,4.483333,0.30492362,Heilongjiang
2025-03-12 00:00:00+00:00,-1.5108055,3.1833332,0.3171667,Heilongjiang
2025-03-13 00:00:00+00:00,-4.4420557,0.7666667,0.31936112,Heilongjiang
2025-03-14 00:00:00+00:00,-5.7246947,0,0.31927776,Heilongjiang
2025-03-15 00:00:00+00:00,-6.5243473,0,0.31912503,Heilongjiang
2025-03-16 00:00:00+00:00,-6.850042,0,0.31914586,Heilongjiang
2025-03-17 00:00:00+00:00,-6.379208,0,0.3191459,Heilongjiang
2025-03-18 00:00:00+00:00,-3.4344168,0.016666668,0.3192778,Heilongjiang
2025-03-19 00:00:00+00:00,2.0135,0.033333335,0.31956252,Heilongjiang
2025-03-20 00:00:00+00:00,4.74475,0.5833333,0.31884024,Heilongjiang
2025-03-21 00:00:00+00:00,1.7721806,0.7666667,0.31865278,Heilongjiang
2025-03-22 00:00:00+00:00,-1.5156666,0,0.32107642,Heilongjiang
2025-03-23 00:00:00+00:00,3.516278,0.116666675,0.31711808,Heilongjiang
2025-03-24 00:00:00+00:00,0.69301397,0.033333335,0.3138889,Heilongjiang
2025-03-25 00:00:00+00:00,-1.4979583,0.05,0.31186807,Heilongjiang
2025-03-26 00:00:00+00:00,-0.4135833,4.016667,0.31060413,Heilongjiang
2025-03-27 00:00:00+00:00,-3.0962222,0.53333336,0.30922917,Heilongjiang
2025-03-28 00:00:00+00:00,-4.19657,1.1666666,0.30795836,Heilongjiang
2025-03-29 00:00:00+00:00,-5.4153194,0.73333335,0.30684724,Heilongjiang
2025-03-30 00:00:00+00:00,-3.716361,0.3,0.30597225,Heilongjiang
2025-03-31 00:00:00+00:00,0.16280563,0.23333333,0.3048611,Heilongjiang
2025-04-01 00:00:00+00:00,2.4933612,3.8500004,0.30795833,Heilongjiang
2025-04-02 00:00:00+00:00,2.9638472,0.14999999,0.31925693,Heilongjiang
2025-04-03 00:00:00+00:00,4.2912774,0,0.32910416,Heilongjiang
2025-04-04 00:00:00+00:00,6.4902363,0.18333334,0.33345833,Heilongjiang
2025-04-05 00:00:00+00:00,4.7971807,1.2166667,0.3360903,Heilongjiang
2025-04-06 00:00:00+00:00,5.593014,0.016666668,0.33900693,Heilongjiang
2025-04-07 00:00:00+00:00,7.796833,0.033333335,0.34445834,Heilongjiang
2025-04-08 00:00:00+00:00,10.502736,0,0.33644447,Heilongjiang
2025-04-09 00:00:00+00:00,10.585722,0.016666668,0.3279792,Heilongjiang
2025-04-10 00:00:00+00:00,9.672527,0.3166667,0.32365975,Heilongjiang
2025-04-11 00:00:00+00:00,9.227042,3.0333335,0.31766665,Heilongjiang
2025-04-12 00:00:00+00:00,8.957944,6.6166663,0.31875,Heilongjiang
2025-04-13 00:00:00+00:00,8.33225,4.5499997,0.3233125,Heilongjiang
2025-04-14 00:00:00+00:00,7.434334,0.75,0.3250139,Heilongjiang
2025-04-15 00:00:00+00:00,5.104819,0.26666668,0.32552087,Heilongjiang
2025-04-16 00:00:00+00:00,6.1659303,0.033333335,0.31964585,Heilongjiang
2025-04-17 00:00:00+00:00,8.911416,3.9166667,0.3177014,Heilongjiang
2025-04-18 00:00:00+00:00,6.089542,3.0666666,0.3203125,Heilongjiang
2025-04-19 00:00:00+00:00,7.032945,1.0000001,0.332375,Heilongjiang
2025-04-20 00:00:00+00:00,10.127042,0.33333334,0.32938197,Heilongjiang
2025-04-21 00:00:00+00:00,9.622527,11.016666,0.32961807,Heilongjiang
2025-04-22 00:00:00+00:00,7.540583,0.5833333,0.34477082,Heilongjiang
2025-04-23 00:00:00+00:00,9.509334,1.9666667,0.33963194,Heilongjiang
2025-04-24 00:00:00+00:00,5.9912777,1.1833334,0.3368819,Heilongjiang
2025-04-25 00:00:00+00:00,4.9600277,3.466667,0.33875695,Heilongjiang
2025-04-26 00:00:00+00:00,8.6860695,0.25,0.33668053,Heilongjiang
2025-04-27 00:00:00+00:00,6.2332916,2.4499998,0.3319236,Heilongjiang
2025-04-28 00:00:00+00:00,6.8579445,0.21666668,0.32986808,Heilongjiang
2025-04-29 00:00:00+00:00,11.155514,0.41666666,0.32529864,Heilongjiang
2025-04-30 00:00:00+00:00,10.796486,3.45,0.32663888,Heilongjiang
2025-05-01 00:00:00+00:00,8.214541,3.7666667,0.3392222,Heilongjiang
2025-05-02 00:00:00+00:00,9.985375,0.14999999,0.33773613,Heilongjiang
2025-05-03 00:00:00+00:00,9.107944,0.75,0.32350695,Heilongjiang
2025-05-04 00:00:00+00:00,8.45482,1.3333334,0.31204858,Heilongjiang
2025-05-05 00:00:00+00:00,9.009681,0.26666668,0.29344445,Heilongjiang
2025-05-06 00:00:00+00:00,9.623918,0.65000004,0.27690974,Heilongjiang
2025-05-07 00:00:00+00:00,10.724263,0.70000005,0.26545143,Heilongjiang
2025-05-08 00:00:00+00:00,12.570792,9.333333,0.26563194,Heilongjiang
2025-05-09 00:00:00+00:00,11.400654,0.26666668,0.26913887,Heilongjiang
2025-05-10 00:00:00+00:00,14.864888,0.016666668,0.26718053,Heilongjiang
2025-05-11 00:00:00+00:00,17.319403,0,0.25927776,Heilongjiang
2025-05-12 00:00:00+00:00,17.892319,0.49999997,0.24281944,Heilongjiang
2025-05-13 00:00:00+00:00,18.43086,6.0333333,0.23823611,Heilongjiang
2025-05-14 00:00:00+00:00,14.930167,2.9666665,0.24585415,Heilongjiang
2025-05-15 00:00:00+00:00,14.974959,0.16666667,0.25900003,Heilongjiang
2025-05-16 00:00:00+00:00,10.281903,7.0833335,0.26096526,Heilongjiang
2025-05-17 00:00:00+00:00,8.503083,6.1499996,0.27922916,Heilongjiang
2025-05-18 00:00:00+00:00,10.206208,2,0.2905764,Heilongjiang
2025-05-19 00:00:00+00:00,10.118361,1.8166666,0.28708336,Heilongjiang
2025-05-20 00:00:00+00:00,11.972875,0.15,0.28067362,Heilongjiang
2025-05-21 00:00:00+00:00,12.839542,1.6333333,0.2720139,Heilongjiang
2025-05-22 00:00:00+00:00,13.621833,0.48333332,0.26210418,Heilongjiang
2025-05-23 00:00:00+00:00,14.712806,2.4666665,0.25524998,Heilongjiang
2025-05-24 00:00:00+00:00,13.564889,3.033333,0.2598125,Heilongjiang
2025-05-25 00:00:00+00:00,15.660722,0.33333334,0.2551528,Heilongjiang
2025-05-26 00:00:00+00:00,18.072874,1.5166669,0.24773611,Heilongjiang
2025-05-27 00:00:00+00:00,22.205513,0,0.24194439,Heilongjiang
2025-05-28 00:00:00+00:00,24.136068,0,0.22885418,Heilongjiang
2025-05-29 00:00:00+00:00,24.466623,0,0.21962501,Heilongjiang
2025-05-30 00:00:00+00:00,25.050652,0.016666668,0.21383333,Heilongjiang
2025-05-31 00:00:00+00:00,20.890236,1.3166667,0.20893748,Heilongjiang
2025-06-01 00:00:00+00:00,17.34857,0.2,0.21002088,Heilongjiang
2025-06-02 00:00:00+00:00,17.225653,9.716666,0.20909722,Heilongjiang
2025-06-03 00:00:00+00:00,14.73468,10.75,0.21744443,Heilongjiang
2025-06-04 00:00:00+00:00,16.169403,2.1333334,0.22851388,Heilongjiang
2025-06-05 00:00:00+00:00,15.167667,4.5666666,0.24030554,Heilongjiang
2025-06-06 00:00:00+00:00,14.4885,1.5166668,0.24890278,Heilongjiang
2025-06-07 00:00:00+00:00,16.521833,0.73333335,0.2455278,Heilongjiang
2025-06-08 00:00:00+00:00,17.261763,2.8000002,0.24247222,Heilongjiang
2025-06-09 00:00:00+00:00,16.89093,2.8333333,0.24402775,Heilongjiang
2025-06-10 00:00:00+00:00,15.639542,16.800001,0.277875,Heilongjiang
2025-06-11 00:00:00+00:00,20.176348,0.95000005,0.28869447,Heilongjiang
2025-06-12 00:00:00+00:00,20.792318,10.883334,0.27964583,Heilongjiang
2025-06-13 00:00:00+00:00,20.814196,6.133333,0.2802292,Heilongjiang
2025-06-14 00:00:00+00:00,20.424957,2.4833333,0.28564584,Heilongjiang
2025-06-15 00:00:00+00:00,22.724264,0.56666666,0.2752014,Heilongjiang
2025-06-16 00:00:00+00:00,19.160723,11.2,0.27406248,Heilongjiang
2025-06-17 00:00:00+00:00,18.401,0.18333334,0.27913192,Heilongjiang
2025-06-18 00:00:00+00:00,22.43364,3.8833334,0.2679653,Heilongjiang
2025-06-19 00:00:00+00:00,21.287111,6.3333335,0.2619861,Heilongjiang
2025-06-20 00:00:00+00:00,18.302736,8.5,0.27889585,Heilongjiang
2025-06-21 00:00:00+00:00,17.759333,6.2833333,0.2964236,Heilongjiang
2025-06-22 00:00:00+00:00,22.620445,0.23333333,0.28768054,Heilongjiang
2025-06-23 00:00:00+00:00,25.671831,0.38333336,0.2705,Heilongjiang
2025-06-24 00:00:00+00:00,27.048918,0.26666668,0.25258335,Heilongjiang
2025-06-25 00:00:00+00:00,27.059679,2.2,0.23790278,Heilongjiang
2025-06-26 00:00:00+00:00,27.026693,0.38333333,0.22906251,Heilongjiang
2025-06-27 00:00:00+00:00,28.297525,0.68333334,0.2202986,Heilongjiang
2025-06-28 00:00:00+00:00,26.31871,8,0.21572222,Heilongjiang
2025-06-29 00:00:00+00:00,24.50239,3.716667,0.21690972,Heilongjiang
2025-06-30 00:00:00+00:00,23.916626,6.2666664,0.2143125,Heilongjiang
2025-07-01 00:00:00+00:00,23.310373,13.133334,0.21988195,Heilongjiang
2025-07-02 00:00:00+00:00,25.982946,1.9333334,0.22730558,Heilongjiang
2025-07-03 00:00:00+00:00,25.519402,0.016666668,0.22269444,Heilongjiang
2025-07-04 00:00:00+00:00,26.821136,4.116667,0.21575695,Heilongjiang
2025-07-05 00:00:00+00:00,23.02947,9.15,0.21618749,Heilongjiang
2025-07-06 00:00:00+00:00,22.419054,0.2,0.21595831,Heilongjiang
2025-07-07 00:00:00+00:00,22.161415,0,0.20971529,Heilongjiang
2025-07-08 00:00:00+00:00,23.619055,1.7499999,0.20289582,Heilongjiang
2025-07-09 00:00:00+00:00,24.199959,0.15,0.19798613,Heilongjiang
2025-07-10 00:00:00+00:00,26.571486,1.0333333,0.19409026,Heilongjiang
2025-07-11 00:00:00+00:00,28.484331,4.933333,0.19739585,Heilongjiang
2025-07-12 00:00:00+00:00,24.995443,8.400001,0.21074305,Heilongjiang
2025-07-13 00:00:00+00:00,23.548918,0.05,0.20677082,Heilongjiang
2025-07-14 00:00:00+00:00,23.70864,0.016666668,0.19946527,Heilongjiang
2025-07-15 00:00:00+00:00,25.026695,2.4666667,0.19352083,Heilongjiang
2025-07-16 00:00:00+00:00,23.378428,2.283333,0.19133337,Heilongjiang
2025-07-17 00:00:00+00:00,23.61836,7.85,0.19188888,Heilongjiang
2025-07-18 00:00:00+00:00,24.096487,3.8833332,0.19841667,Heilongjiang
2025-07-19 00:00:00+00:00,25.488152,8.133334,0.2011111,Heilongjiang
2025-07-20 00:00:00+00:00,23.825998,4.383333,0.22585416,Heilongjiang
2025-07-21 00:00:00+00:00,24.994751,0.16666667,0.22824307,Heilongjiang
2025-07-22 00:00:00+00:00,27.47357,0.28333333,0.22225003,Heilongjiang
2025-07-23 00:00:00+00:00,27.52704,1.5500001,0.21502776,Heilongjiang
2025-07-24 00:00:00+00:00,26.739542,2.1333334,0.21490276,Heilongjiang
2025-07-25 00:00:00+00:00,25.962805,1.9833335,0.21206945,Heilongjiang
2025-07-26 00:00:00+00:00,25.206903,3.0833333,0.20965974,Heilongjiang
2025-07-27 00:00:00+00:00,24.622526,1.2333335,0.20779169,Heilongjiang
2025-07-28 00:00:00+00:00,24.373568,0.6666666,0.20407641,Heilongjiang
2025-07-29 00:00:00+00:00,22.62947,12.583333,0.21734722,Heilongjiang
2025-07-30 00:00:00+00:00,21.901346,0.53333336,0.22881943,Heilongjiang
2025-07-31 00:00:00+00:00,23.002388,0.23333335,0.2210903,Heilongjiang
2025-08-01 00:00:00+00:00,23.31489,1.3833333,0.21497917,Heilongjiang
2025-08-02 00:00:00+00:00,23.253431,21.099998,0.22827084,Heilongjiang
2025-08-03 00:00:00+00:00,21.886068,1.5166668,0.24386807,Heilongjiang
2025-08-04 00:00:00+00:00,23.248568,0.083333336,0.23763889,Heilongjiang
2025-08-05 00:00:00+00:00,22.905167,0.65000004,0.23088193,Heilongjiang
2025-08-06 00:00:00+00:00,21.345444,1.5,0.2263403,Heilongjiang
2025-08-07 00:00:00+00:00,20.796486,0.41666666,0.22213192,Heilongjiang
2025-08-08 00:00:00+00:00,22.101694,1.9500002,0.21593054,Heilongjiang
2025-08-09 00:00:00+00:00,19.704819,16.333334,0.22411805,Heilongjiang
2025-08-10 00:00:00+00:00,18.27114,3.1333332,0.23328471,Heilongjiang
2025-08-11 00:00:00+00:00,19.470444,1.6,0.23054166,Heilongjiang
2025-08-12 00:00:00+00:00,21.253778,2.5,0.22686803,Heilongjiang
2025-08-13 00:00:00+00:00,21.844055,7,0.2252361,Heilongjiang
2025-08-14 00:00:00+00:00,21.974958,0.18333334,0.2287361,Heilongjiang
2025-08-15 00:00:00+00:00,22.174612,13.783333,0.23034029,Heilongjiang
2025-08-16 00:00:00+00:00,19.531557,0.81666666,0.23220833,Heilongjiang
2025-08-17 00:00:00+00:00,18.674265,0,0.22542362,Heilongjiang
2025-08-18 00:00:00+00:00,18.927736,5.4666667,0.22225003,Heilongjiang
2025-08-19 00:00:00+00:00,19.763153,3.2666667,0.23363887,Heilongjiang
2025-08-20 00:00:00+00:00,19.452042,0.65,0.23885417,Heilongjiang
2025-08-21 00:00:00+00:00,20.415236,8.433333,0.23845834,Heilongjiang
2025-08-22 00:00:00+00:00,18.261763,5.4833336,0.2822778,Heilongjiang
2025-08-23 00:00:00+00:00,20.85343,1.8166666,0.28854862,Heilongjiang
2025-08-24 00:00:00+00:00,20.527735,0.7833333,0.2804167,Heilongjiang
2025-08-25 00:00:00+00:00,20.006556,1.0833334,0.27325693,Heilongjiang
2025-08-26 00:00:00+00:00,19.19718,2.8999999,0.26980555,Heilongjiang
2025-08-27 00:00:00+00:00,21.059334,0.5,0.2640278,Heilongjiang
2025-08-28 00:00:00+00:00,19.617666,1.8166666,0.261375,Heilongjiang
2025-08-29 00:00:00+00:00,20.0319,2.5333333,0.25768754,Heilongjiang
2025-08-30 00:00:00+00:00,20.896486,0.16666667,0.25486112,Heilongjiang
2025-08-31 00:00:00+00:00,20.824957,3.4333334,0.25425693,Heilongjiang
2025-01-01 00:00:00+00:00,-10.09685,0,0.2726,Jilin
2025-01-02 00:00:00+00:00,-11.778933,0,0.2726,Jilin
2025-01-03 00:00:00+00:00,-12.887265,0,0.2726,Jilin
2025-01-04 00:00:00+00:00,-12.437684,0.04,0.2726,Jilin
2025-01-05 00:00:00+00:00,-14.910601,0.16000001,0.2726,Jilin
2025-01-06 00:00:00+00:00,-14.418933,0,0.2726,Jilin
2025-01-07 00:00:00+00:00,-15.881017,0.26000002,0.2726,Jilin
2025-01-08 00:00:00+00:00,-20.041018,0.04,0.2726,Jilin
2025-01-09 00:00:00+00:00,-17.264767,0.04,0.2726,Jilin
2025-01-10 00:00:00+00:00,-16.189766,0,0.2726,Jilin
2025-01-11 00:00:00+00:00,-15.4506,0,0.2726,Jilin
2025-01-12 00:00:00+00:00,-13.641019,0,0.2726,Jilin
2025-01-13 00:00:00+00:00,-11.467684,0.48000002,0.2726,Jilin
2025-01-14 00:00:00+00:00,-14.050183,0,0.2726,Jilin
2025-01-15 00:00:00+00:00,-10.190599,0.14000002,0.2726,Jilin
2025-01-16 00:00:00+00:00,-9.2431,0,0.2726,Jilin
2025-01-17 00:00:00+00:00,-5.2956,0,0.2726,Jilin
2025-01-18 00:00:00+00:00,-4.2306,0,0.2726,Jilin
2025-01-19 00:00:00+00:00,-9.422268,0,0.2726,Jilin
2025-01-20 00:00:00+00:00,-9.652683,0,0.2726,Jilin
2025-01-21 00:00:00+00:00,-9.658517,0.060000002,0.2726,Jilin
2025-01-22 00:00:00+00:00,-11.992683,0,0.2726,Jilin
2025-01-23 00:00:00+00:00,-11.952266,0,0.2726,Jilin
2025-01-24 00:00:00+00:00,-12.432683,0,0.2726,Jilin
2025-01-25 00:00:00+00:00,-11.769766,0,0.2726,Jilin
2025-01-26 00:00:00+00:00,-8.326434,0.93999994,0.2726,Jilin
2025-01-27 00:00:00+00:00,-8.3081,1.9400002,0.2726,Jilin
2025-01-28 00:00:00+00:00,-12.321849,2.4399998,0.2726,Jilin
2025-01-29 00:00:00+00:00,-15.181017,1.0800002,0.2726,Jilin
2025-01-30 00:00:00+00:00,-18.457684,0,0.2726,Jilin
2025-01-31 00:00:00+00:00,-18.435184,0,0.2726,Jilin
2025-02-01 00:00:00+00:00,-14.768518,0,0.2726,Jilin
2025-02-02 00:00:00+00:00,-14.955183,0.14000002,0.2726,Jilin
2025-02-03 00:00:00+00:00,-18.843933,0.16,0.2726,Jilin
2025-02-04 00:00:00+00:00,-20.610601,0,0.2726,Jilin
2025-02-05 00:00:00+00:00,-20.788517,0,0.2726,Jilin
2025-02-06 00:00:00+00:00,-18.277683,0.14,0.2726,Jilin
2025-02-07 00:00:00+00:00,-13.665184,0.96000004,0.2726,Jilin
2025-02-08 00:00:00+00:00,-14.6731,0.14000002,0.2726,Jilin
2025-02-09 00:00:00+00:00,-16.140184,0,0.2726,Jilin
2025-02-10 00:00:00+00:00,-13.268933,0,0.2726,Jilin
2025-02-11 00:00:00+00:00,-7.110183,0.52,0.2726,Jilin
2025-02-12 00:00:00+00:00,-10.783517,0,0.2726,Jilin
2025-02-13 00:00:00+00:00,-6.7410164,0,0.2726,Jilin
2025-02-14 00:00:00+00:00,-4.2339334,0,0.2726,Jilin
2025-02-15 00:00:00+00:00,-3.4176834,0,0.27263337,Jilin
2025-02-16 00:00:00+00:00,-8.71435,0.36,0.2726,Jilin
2025-02-17 00:00:00+00:00,-11.113516,0.060000002,0.2726,Jilin
2025-02-18 00:00:00+00:00,-12.879351,0,0.2726,Jilin
2025-02-19 00:00:00+00:00,-12.351434,0,0.2726,Jilin
2025-02-20 00:00:00+00:00,-12.803101,0,0.2726,Jilin
2025-02-21 00:00:00+00:00,-13.032267,0,0.2726,Jilin
2025-02-22 00:00:00+00:00,-13.094767,0,0.2726,Jilin
2025-02-23 00:00:00+00:00,-9.739767,0,0.2726,Jilin
2025-02-24 00:00:00+00:00,-3.4114335,0,0.2726,Jilin
2025-02-25 00:00:00+00:00,-6.4943504,0,0.2726,Jilin
2025-02-26 00:00:00+00:00,-3.1339335,0,0.2726,Jilin
2025-02-27 00:00:00+00:00,3.9452336,0,0.27401668,Jilin
2025-02-28 00:00:00+00:00,1.5652335,0,0.2773833,Jilin
2025-03-01 00:00:00+00:00,-4.83685,0.46000004,0.27939168,Jilin
2025-03-02 00:00:00+00:00,-7.3651834,0,0.279825,Jilin
2025-03-03 00:00:00+00:00,-5.342683,0,0.2798,Jilin
2025-03-04 00:00:00+00:00,-2.6514335,0.1,0.2798,Jilin
2025-03-05 00:00:00+00:00,-1.8822666,0,0.28028333,Jilin
2025-03-06 00:00:00+00:00,-2.4935164,0.02,0.28066665,Jilin
2025-03-07 00:00:00+00:00,0.5873167,1.14,0.28086665,Jilin
2025-03-08 00:00:00+00:00,-0.4206,0.02,0.28165832,Jilin
2025-03-09 00:00:00+00:00,5.6023164,0.08,0.28174165,Jilin
2025-03-10 00:00:00+00:00,5.549816,0.02,0.27950835,Jilin
2025-03-11 00:00:00+00:00,6.3464828,4.8599997,0.27544168,Jilin
2025-03-12 00:00:00+00:00,0.68523324,0.26000002,0.27664167,Jilin
2025-03-13 00:00:00+00:00,-1.4197667,0,0.27611667,Jilin
2025-03-14 00:00:00+00:00,-1.7935165,0,0.27503332,Jilin
2025-03-15 00:00:00+00:00,-2.7226834,0.04,0.27413335,Jilin
2025-03-16 00:00:00+00:00,-4.038517,0,0.27345833,Jilin
2025-03-17 00:00:00+00:00,-3.9805999,0,0.27300835,Jilin
2025-03-18 00:00:00+00:00,-2.8664334,0.04,0.27286667,Jilin
2025-03-19 00:00:00+00:00,2.9110665,0,0.27255836,Jilin
2025-03-20 00:00:00+00:00,6.677316,0,0.27365002,Jilin
2025-03-21 00:00:00+00:00,8.29815,0.22,0.27641666,Jilin
2025-03-22 00:00:00+00:00,2.6456494,0.22,0.272275,Jilin
2025-03-23 00:00:00+00:00,8.73065,0,0.26866668,Jilin
2025-03-24 00:00:00+00:00,3.6189835,0.120000005,0.25713333,Jilin
2025-03-25 00:00:00+00:00,-0.2981,2.98,0.25306663,Jilin
2025-03-26 00:00:00+00:00,1.7214835,3.1399999,0.25148332,Jilin
2025-03-27 00:00:00+00:00,-0.7897667,0.58000004,0.25311667,Jilin
2025-03-28 00:00:00+00:00,-2.728933,0.82,0.25621668,Jilin
2025-03-29 00:00:00+00:00,-4.7981,1.08,0.2567833,Jilin
2025-03-30 00:00:00+00:00,-1.5664334,0.060000002,0.25609165,Jilin
2025-03-31 00:00:00+00:00,2.9210665,2.34,0.255475,Jilin
2025-04-01 00:00:00+00:00,3.8902333,3.42,0.25396666,Jilin
2025-04-02 00:00:00+00:00,4.3814836,0.7800001,0.25689998,Jilin
2025-04-03 00:00:00+00:00,6.98565,0.04,0.26008338,Jilin
2025-04-04 00:00:00+00:00,8.342317,2.3799999,0.25983334,Jilin
2025-04-05 00:00:00+00:00,5.1427326,1.8,0.25500837,Jilin
2025-04-06 00:00:00+00:00,6.0627337,0.65999997,0.26319167,Jilin
2025-04-07 00:00:00+00:00,7.8873167,1.48,0.27015832,Jilin
2025-04-08 00:00:00+00:00,9.657733,0.04,0.271725,Jilin
2025-04-09 00:00:00+00:00,11.053566,0,0.26989165,Jilin
2025-04-10 00:00:00+00:00,13.108566,0.04,0.26804167,Jilin
2025-04-11 00:00:00+00:00,13.563566,3.3799999,0.26733333,Jilin
2025-04-12 00:00:00+00:00,5.6898165,25.32,0.284225,Jilin
2025-04-13 00:00:00+00:00,3.0448165,17.140001,0.32679167,Jilin
2025-04-14 00:00:00+00:00,4.682317,0.93999994,0.34377497,Jilin
2025-04-15 00:00:00+00:00,7.5081496,0.14000002,0.3433583,Jilin
2025-04-16 00:00:00+00:00,9.565649,0.54,0.33638328,Jilin
2025-04-17 00:00:00+00:00,10.9344,9.339999,0.34031668,Jilin
2025-04-18 00:00:00+00:00,8.651067,0.04,0.346925,Jilin
2025-04-19 00:00:00+00:00,8.7294,0.16,0.34252498,Jilin
2025-04-20 00:00:00+00:00,14.8719,0.060000002,0.33125,Jilin
2025-04-21 00:00:00+00:00,11.231899,10.58,0.32666668,Jilin
2025-04-22 00:00:00+00:00,8.870234,0.34,0.33995,Jilin
2025-04-23 00:00:00+00:00,10.986899,0.36,0.33859998,Jilin
2025-04-24 00:00:00+00:00,6.68815,0.78000003,0.332375,Jilin
2025-04-25 00:00:00+00:00,5.729817,0.17999999,0.32292503,Jilin
2025-04-26 00:00:00+00:00,9.989817,0.64,0.31511664,Jilin
2025-04-27 00:00:00+00:00,7.1939836,1.72,0.30942503,Jilin
2025-04-28 00:00:00+00:00,8.551483,0.22,0.3027584,Jilin
2025-04-29 00:00:00+00:00,12.637316,0.14000002,0.28957504,Jilin
2025-04-30 00:00:00+00:00,10.853149,7.28,0.28284997,Jilin
2025-05-01 00:00:00+00:00,7.5414824,2.5,0.29173332,Jilin
2025-05-02 00:00:00+00:00,10.531483,0.9,0.28794163,Jilin
2025-05-03 00:00:00+00:00,8.24565,3.98,0.28745002,Jilin
2025-05-04 00:00:00+00:00,8.9769,0.7799999,0.2916417,Jilin
2025-05-05 00:00:00+00:00,10.436068,0.3,0.27902502,Jilin
2025-05-06 00:00:00+00:00,11.2044,0.5,0.26825833,Jilin
2025-05-07 00:00:00+00:00,14.055651,1.5200001,0.25505832,Jilin
2025-05-08 00:00:00+00:00,12.6689825,10.6,0.25527498,Jilin
2025-05-09 00:00:00+00:00,13.0044,0.68,0.26405835,Jilin
2025-05-10 00:00:00+00:00,12.995234,0.44,0.26068336,Jilin
2025-05-11 00:00:00+00:00,17.2969,0.08,0.25388333,Jilin
2025-05-12 00:00:00+00:00,19.458149,0.35999998,0.24811664,Jilin
2025-05-13 00:00:00+00:00,20.142733,1.68,0.2432417,Jilin
2025-05-14 00:00:00+00:00,13.895233,8.280001,0.24269164,Jilin
2025-05-15 00:00:00+00:00,16.35815,4.7200003,0.25084168,Jilin
2025-05-16 00:00:00+00:00,14.678986,8.08,0.24874163,Jilin
2025-05-17 00:00:00+00:00,8.935232,4.34,0.26535,Jilin
2025-05-18 00:00:00+00:00,11.464818,2.1799998,0.27368337,Jilin
2025-05-19 00:00:00+00:00,11.50065,2.1799998,0.28214166,Jilin
2025-05-20 00:00:00+00:00,12.757317,0.6,0.2803083,Jilin
2025-05-21 00:00:00+00:00,14.444817,0,0.27730834,Jilin
2025-05-22 00:00:00+00:00,13.388983,1.0200001,0.26976666,Jilin
2025-05-23 00:00:00+00:00,15.723567,0.24000001,0.25699168,Jilin
2025-05-24 00:00:00+00:00,14.58315,0.54,0.24814168,Jilin
2025-05-25 00:00:00+00:00,17.473984,1.0000001,0.24081668,Jilin
2025-05-26 00:00:00+00:00,17.941898,0.43999997,0.23949167,Jilin
2025-05-27 00:00:00+00:00,20.407318,0.2,0.23075,Jilin
2025-05-28 00:00:00+00:00,21.372318,0,0.22075832,Jilin
2025-05-29 00:00:00+00:00,22.205235,0,0.21168332,Jilin
2025-05-30 00:00:00+00:00,23.776901,0,0.20860831,Jilin
2025-05-31 00:00:00+00:00,19.790234,0.82,0.20659165,Jilin
2025-06-01 00:00:00+00:00,18.160233,2.76,0.20541665,Jilin
2025-06-02 00:00:00+00:00,16.291065,11.140001,0.20791666,Jilin
2025-06-03 00:00:00+00:00,13.897734,4.62,0.21482499,Jilin
2025-06-04 00:00:00+00:00,17.5144,1.74,0.22238334,Jilin
2025-06-05 00:00:00+00:00,18.178982,0.64,0.21862502,Jilin
2025-06-06 00:00:00+00:00,17.503983,0.04,0.21024999,Jilin
2025-06-07 00:00:00+00:00,18.696484,0.08,0.20210001,Jilin
2025-06-08 00:00:00+00:00,21.6069,0.04,0.20235002,Jilin
2025-06-09 00:00:00+00:00,17.663982,11.24,0.20020834,Jilin
2025-06-10 00:00:00+00:00,13.995651,11.140001,0.22629169,Jilin
2025-06-11 00:00:00+00:00,19.456066,0.20000002,0.23488331,Jilin
2025-06-12 00:00:00+00:00,22.396484,0.6,0.22976665,Jilin
2025-06-13 00:00:00+00:00,21.232319,8.000001,0.22780001,Jilin
2025-06-14 00:00:00+00:00,21.482317,0.22,0.22610004,Jilin
2025-06-15 00:00:00+00:00,20.9019,13.26,0.22716668,Jilin
2025-06-16 00:00:00+00:00,19.635233,4.56,0.24878332,Jilin
2025-06-17 00:00:00+00:00,19.717733,1.36,0.24839997,Jilin
2025-06-18 00:00:00+00:00,23.584818,1.82,0.24105,Jilin
2025-06-19 00:00:00+00:00,20.2894,12.8,0.24527502,Jilin
2025-06-20 00:00:00+00:00,17.5319,1.6200001,0.26392502,Jilin
2025-06-21 00:00:00+00:00,19.395649,0.68,0.25920838,Jilin
2025-06-22 00:00:00+00:00,22.623983,0.120000005,0.24838331,Jilin
2025-06-23 00:00:00+00:00,25.364399,0,0.22962499,Jilin
2025-06-24 00:00:00+00:00,27.074398,0,0.20818333,Jilin
2025-06-25 00:00:00+00:00,26.89065,0,0.19809167,Jilin
2025-06-26 00:00:00+00:00,27.8494,0.060000002,0.19955,Jilin
2025-06-27 00:00:00+00:00,25.16315,7.6800003,0.20115001,Jilin
2025-06-28 00:00:00+00:00,23.7919,7.9199996,0.20311669,Jilin
2025-06-29 00:00:00+00:00,24.117733,7.9200006,0.2071083,Jilin
2025-06-30 00:00:00+00:00,22.530233,11.200001,0.21216667,Jilin
2025-07-01 00:00:00+00:00,24.189816,10.4,0.23108335,Jilin
2025-07-02 00:00:00+00:00,26.086899,0.1,0.23503335,Jilin
2025-07-03 00:00:00+00:00,25.0369,0.1,0.23038335,Jilin
2025-07-04 00:00:00+00:00,26.393986,0.70000005,0.22371669,Jilin
2025-07-05 00:00:00+00:00,23.523151,15.920001,0.22716668,Jilin
2025-07-06 00:00:00+00:00,23.086899,0,0.22911663,Jilin
2025-07-07 00:00:00+00:00,25.078568,0,0.22067502,Jilin
2025-07-08 00:00:00+00:00,26.228567,1.24,0.20844169,Jilin
2025-07-09 00:00:00+00:00,27.441065,0.9,0.19799998,Jilin
2025-07-10 00:00:00+00:00,28.20065,0.47999996,0.19186665,Jilin
2025-07-11 00:00:00+00:00,27.718985,0.64,0.18846664,Jilin
2025-07-12 00:00:00+00:00,26.309399,6.3,0.18708333,Jilin
2025-07-13 00:00:00+00:00,22.860233,0.96000004,0.194525,Jilin
2025-07-14 00:00:00+00:00,23.396067,0.02,0.19342498,Jilin
2025-07-15 00:00:00+00:00,23.858568,1.72,0.19190831,Jilin
2025-07-16 00:00:00+00:00,22.733149,5.8200006,0.19374168,Jilin
2025-07-17 00:00:00+00:00,22.91065,7.88,0.1983,Jilin
2025-07-18 00:00:00+00:00,23.766068,3.7,0.20020835,Jilin
2025-07-19 00:00:00+00:00,25.465233,4.5600004,0.20325,Jilin
2025-07-20 00:00:00+00:00,22.60773,3.56,0.20198333,Jilin
2025-07-21 00:00:00+00:00,24.102734,4.18,0.2033,Jilin
2025-07-22 00:00:00+00:00,26.433985,0.02,0.19628336,Jilin
2025-07-23 00:00:00+00:00,26.534399,0.34,0.18925002,Jilin
2025-07-24 00:00:00+00:00,25.731482,12.040001,0.18544167,Jilin
2025-07-25 00:00:00+00:00,24.576899,15.9800005,0.19972502,Jilin
2025-07-26 00:00:00+00:00,24.602316,15.620001,0.23584166,Jilin
2025-07-27 00:00:00+00:00,24.016485,7.4200006,0.2467,Jilin
2025-07-28 00:00:00+00:00,25.313566,2.88,0.24196665,Jilin
2025-07-29 00:00:00+00:00,22.637318,13.840001,0.25479168,Jilin
2025-07-30 00:00:00+00:00,21.939816,1.0799999,0.25629166,Jilin
2025-07-31 00:00:00+00:00,23.857315,1.68,0.24432501,Jilin
2025-08-01 00:00:00+00:00,23.683151,4.4399996,0.23408332,Jilin
2025-08-02 00:00:00+00:00,24.213984,6.36,0.24113333,Jilin
2025-08-03 00:00:00+00:00,21.460651,6.24,0.2564917,Jilin
2025-08-04 00:00:00+00:00,22.8319,0.04,0.24594164,Jilin
2025-08-05 00:00:00+00:00,21.416899,3.9,0.24101667,Jilin
2025-08-06 00:00:00+00:00,20.831066,3.6599998,0.23844166,Jilin
2025-08-07 00:00:00+00:00,20.436481,1.8399999,0.24022503,Jilin
2025-08-08 00:00:00+00:00,22.268566,1.54,0.235075,Jilin
2025-08-09 00:00:00+00:00,20.24815,6.2800007,0.23616667,Jilin
2025-08-10 00:00:00+00:00,19.71732,0.120000005,0.23243335,Jilin
2025-08-11 00:00:00+00:00,20.0719,9.16,0.22766669,Jilin
2025-08-12 00:00:00+00:00,23.0194,2.78,0.22021666,Jilin
2025-08-13 00:00:00+00:00,22.022318,3.92,0.21771666,Jilin
2025-08-14 00:00:00+00:00,22.650232,0.04,0.21685001,Jilin
2025-08-15 00:00:00+00:00,24.013567,17.699999,0.21971667,Jilin
2025-08-16 00:00:00+00:00,21.241482,9.280001,0.22199169,Jilin
2025-08-17 00:00:00+00:00,20.63315,0.44,0.22904165,Jilin
2025-08-18 00:00:00+00:00,22.6919,1.6,0.22209167,Jilin
2025-08-19 00:00:00+00:00,23.535233,0.46000004,0.21692498,Jilin
2025-08-20 00:00:00+00:00,23.037733,0.02,0.20767501,Jilin
2025-08-21 00:00:00+00:00,24.2019,14.639999,0.20541668,Jilin
2025-08-22 00:00:00+00:00,23.213566,5.04,0.24416669,Jilin
2025-08-23 00:00:00+00:00,24.213566,1.46,0.240675,Jilin
2025-08-24 00:00:00+00:00,21.937317,3.4599998,0.23701665,Jilin
2025-08-25 00:00:00+00:00,21.01815,8,0.2580083,Jilin
2025-08-26 00:00:00+00:00,19.950232,4.9200006,0.262425,Jilin
2025-08-27 00:00:00+00:00,21.448984,0.96000004,0.25356665,Jilin
2025-08-28 00:00:00+00:00,18.863983,6.7,0.25745,Jilin
2025-08-29 00:00:00+00:00,20.646482,0.58000004,0.26031664,Jilin
2025-08-30 00:00:00+00:00,22.1394,0.44,0.25696665,Jilin
2025-08-31 00:00:00+00:00,20.29815,5.6799994,0.25727502,Jilin
2025-01-01 00:00:00+00:00,-11.189188,0,0.22599998,Nei Mongolia
2025-01-02 00:00:00+00:00,-13.0928335,0,0.2260104,Nei Mongolia
2025-01-03 00:00:00+00:00,-13.767833,0,0.22624998,Nei Mongolia
2025-01-04 00:00:00+00:00,-13.99648,0.05,0.22624998,Nei Mongolia
2025-01-05 00:00:00+00:00,-16.573563,0,0.22624998,Nei Mongolia
2025-01-06 00:00:00+00:00,-14.632418,0.1,0.22624998,Nei Mongolia
2025-01-07 00:00:00+00:00,-14.758459,0.15,0.22624998,Nei Mongolia
2025-01-08 00:00:00+00:00,-16.513147,0.05,0.22624998,Nei Mongolia
2025-01-09 00:00:00+00:00,-15.671999,0,0.22638541,Nei Mongolia
2025-01-10 00:00:00+00:00,-16.125647,0,0.2265625,Nei Mongolia
2025-01-11 00:00:00+00:00,-16.275644,0,0.22675,Nei Mongolia
2025-01-12 00:00:00+00:00,-13.993355,0.05,0.22675,Nei Mongolia
2025-01-13 00:00:00+00:00,-13.377209,0.075,0.22675,Nei Mongolia
2025-01-14 00:00:00+00:00,-14.272521,0,0.22675,Nei Mongolia
2025-01-15 00:00:00+00:00,-8.851166,0.025,0.22675,Nei Mongolia
2025-01-16 00:00:00+00:00,-7.306375,0,0.22675,Nei Mongolia
2025-01-17 00:00:00+00:00,-5.935021,0,0.22675,Nei Mongolia
2025-01-18 00:00:00+00:00,-7.1042914,0,0.22675,Nei Mongolia
2025-01-19 00:00:00+00:00,-8.985542,0,0.22675,Nei Mongolia
2025-01-20 00:00:00+00:00,-6.944395,0.45000008,0.22675,Nei Mongolia
2025-01-21 00:00:00+00:00,-10.536062,0,0.22688541,Nei Mongolia
2025-01-22 00:00:00+00:00,-11.599083,0,0.227,Nei Mongolia
2025-01-23 00:00:00+00:00,-11.665229,0,0.227,Nei Mongolia
2025-01-24 00:00:00+00:00,-12.395958,0,0.22709374,Nei Mongolia
2025-01-25 00:00:00+00:00,-9.713146,0.65000004,0.22721873,Nei Mongolia
2025-01-26 00:00:00+00:00,-11.290229,3.2249997,0.22724998,Nei Mongolia
2025-01-27 00:00:00+00:00,-14.757416,1.7249999,0.22724998,Nei Mongolia
2025-01-28 00:00:00+00:00,-18.080854,0.40000007,0.22724998,Nei Mongolia
2025-01-29 00:00:00+00:00,-19.495958,0.20000002,0.22724998,Nei Mongolia
2025-01-30 00:00:00+00:00,-20.329815,0,0.22724998,Nei Mongolia
2025-01-31 00:00:00+00:00,-20.019396,0,0.22724998,Nei Mongolia
2025-02-01 00:00:00+00:00,-17.3095,0,0.22724998,Nei Mongolia
2025-02-02 00:00:00+00:00,-18.331896,0,0.22724998,Nei Mongolia
2025-02-03 00:00:00+00:00,-20.287106,0,0.22724998,Nei Mongolia
2025-02-04 00:00:00+00:00,-20.443878,0,0.22724998,Nei Mongolia
2025-02-05 00:00:00+00:00,-19.15898,0.025,0.22724998,Nei Mongolia
2025-02-06 00:00:00+00:00,-18.146479,0.42500004,0.22724998,Nei Mongolia
2025-02-07 00:00:00+00:00,-16.019917,0.075,0.22724998,Nei Mongolia
2025-02-08 00:00:00+00:00,-17.629292,0,0.22724998,Nei Mongolia
2025-02-09 00:00:00+00:00,-18.107939,0,0.22724998,Nei Mongolia
2025-02-10 00:00:00+00:00,-15.073564,0,0.22724998,Nei Mongolia
2025-02-11 00:00:00+00:00,-10.361584,0.20000002,0.22724998,Nei Mongolia
2025-02-12 00:00:00+00:00,-10.913146,0,0.22724998,Nei Mongolia
2025-02-13 00:00:00+00:00,-6.388146,0.15,0.22724998,Nei Mongolia
2025-02-14 00:00:00+00:00,-4.608979,0.15,0.22724998,Nei Mongolia
2025-02-15 00:00:00+00:00,-5.4157495,0.40000004,0.22796872,Nei Mongolia
2025-02-16 00:00:00+00:00,-10.459501,0.075,0.22799999,Nei Mongolia
2025-02-17 00:00:00+00:00,-11.669917,0,0.22799999,Nei Mongolia
2025-02-18 00:00:00+00:00,-13.289709,0,0.22799999,Nei Mongolia
2025-02-19 00:00:00+00:00,-14.294918,0,0.22799999,Nei Mongolia
2025-02-20 00:00:00+00:00,-14.560542,0,0.22799999,Nei Mongolia
2025-02-21 00:00:00+00:00,-15.053249,0,0.22799999,Nei Mongolia
2025-02-22 00:00:00+00:00,-14.458981,0,0.22799999,Nei Mongolia
2025-02-23 00:00:00+00:00,-9.581375,0,0.22799999,Nei Mongolia
2025-02-24 00:00:00+00:00,-3.5553331,0.2,0.22799999,Nei Mongolia
2025-02-25 00:00:00+00:00,-8.036062,0.1,0.22799999,Nei Mongolia
2025-02-26 00:00:00+00:00,-2.7511668,0,0.22799999,Nei Mongolia
2025-02-27 00:00:00+00:00,1.7790418,0.05,0.22799999,Nei Mongolia
2025-02-28 00:00:00+00:00,-2.6907501,0,0.22954166,Nei Mongolia
2025-03-01 00:00:00+00:00,-9.176688,0,0.23057291,Nei Mongolia
2025-03-02 00:00:00+00:00,-9.558978,0,0.23124999,Nei Mongolia
2025-03-03 00:00:00+00:00,-6.0068955,0,0.23124999,Nei Mongolia
2025-03-04 00:00:00+00:00,-5.1584587,0,0.23124999,Nei Mongolia
2025-03-05 00:00:00+00:00,-4.8782506,0,0.23124999,Nei Mongolia
2025-03-06 00:00:00+00:00,-4.224083,0,0.23124999,Nei Mongolia
2025-03-07 00:00:00+00:00,-3.002729,0.025,0.23122916,Nei Mongolia
2025-03-08 00:00:00+00:00,-2.1886666,0,0.2311354,Nei Mongolia
2025-03-09 00:00:00+00:00,4.7457085,0.975,0.23124999,Nei Mongolia
2025-03-10 00:00:00+00:00,2.6899788,0.075,0.22960417,Nei Mongolia
2025-03-11 00:00:00+00:00,3.602479,2.975,0.22897917,Nei Mongolia
2025-03-12 00:00:00+00:00,-2.8548126,0.425,0.22915626,Nei Mongolia
2025-03-13 00:00:00+00:00,-4.719917,0.05,0.22930208,Nei Mongolia
2025-03-14 00:00:00+00:00,-4.957938,0.175,0.229,Nei Mongolia
2025-03-15 00:00:00+00:00,-6.748041,0.17500001,0.229,Nei Mongolia
2025-03-16 00:00:00+00:00,-6.077209,0.025,0.229,Nei Mongolia
2025-03-17 00:00:00+00:00,-6.5818963,0.30000004,0.229,Nei Mongolia
2025-03-18 00:00:00+00:00,-2.9121044,0,0.229,Nei Mongolia
2025-03-19 00:00:00+00:00,3.2998748,0,0.2289479,Nei Mongolia
2025-03-20 00:00:00+00:00,7.7285204,0,0.23170832,Nei Mongolia
2025-03-21 00:00:00+00:00,8.2155,0,0.23674996,Nei Mongolia
2025-03-22 00:00:00+00:00,6.058208,0.625,0.23593748,Nei Mongolia
2025-03-23 00:00:00+00:00,7.930604,0,0.23810413,Nei Mongolia
2025-03-24 00:00:00+00:00,2.7441463,0.77500004,0.23806249,Nei Mongolia
2025-03-25 00:00:00+00:00,0.8576875,1,0.23716664,Nei Mongolia
2025-03-26 00:00:00+00:00,1.5675831,2.1999998,0.23518749,Nei Mongolia
2025-03-27 00:00:00+00:00,-2.528771,0.05,0.23222919,Nei Mongolia
2025-03-28 00:00:00+00:00,-5.1824164,0.32500002,0.23228127,Nei Mongolia
2025-03-29 00:00:00+00:00,-6.3798122,0.075,0.23212503,Nei Mongolia
2025-03-30 00:00:00+00:00,-0.96210396,0,0.2317396,Nei Mongolia
2025-03-31 00:00:00+00:00,3.3894582,0.2,0.23170832,Nei Mongolia
2025-04-01 00:00:00+00:00,2.9602919,0.275,0.23066667,Nei Mongolia
2025-04-02 00:00:00+00:00,4.8196664,0.05,0.23209372,Nei Mongolia
2025-04-03 00:00:00+00:00,9.039457,0,0.23189583,Nei Mongolia
2025-04-04 00:00:00+00:00,7.192583,0.15,0.22715624,Nei Mongolia
2025-04-05 00:00:00+00:00,5.0545626,0.475,0.22071873,Nei Mongolia
2025-04-06 00:00:00+00:00,8.337374,0.22500001,0.22279166,Nei Mongolia
2025-04-07 00:00:00+00:00,6.4399786,0.75,0.22092703,Nei Mongolia
2025-04-08 00:00:00+00:00,10.392583,0,0.21942706,Nei Mongolia
2025-04-09 00:00:00+00:00,11.286333,0,0.21589583,Nei Mongolia
2025-04-10 00:00:00+00:00,12.599355,0.8,0.21472915,Nei Mongolia
2025-04-11 00:00:00+00:00,7.9639378,10.6,0.21478125,Nei Mongolia
2025-04-12 00:00:00+00:00,-0.9443959,8,0.21490625,Nei Mongolia
2025-04-13 00:00:00+00:00,1.3571668,7.8500004,0.21953124,Nei Mongolia
2025-04-14 00:00:00+00:00,4.9779997,1.375,0.25101042,Nei Mongolia
2025-04-15 00:00:00+00:00,9.126437,0,0.2624583,Nei Mongolia
2025-04-16 00:00:00+00:00,11.031646,0.975,0.26049998,Nei Mongolia
2025-04-17 00:00:00+00:00,7.458208,0.85,0.25594792,Nei Mongolia
2025-04-18 00:00:00+00:00,7.779563,0.40000004,0.25221872,Nei Mongolia
2025-04-19 00:00:00+00:00,9.218625,0,0.24989586,Nei Mongolia
2025-04-20 00:00:00+00:00,14.326958,1.6750001,0.24443749,Nei Mongolia
2025-04-21 00:00:00+00:00,7.282687,4.75,0.2406146,Nei Mongolia
2025-04-22 00:00:00+00:00,10.563937,0.35000002,0.24402085,Nei Mongolia
2025-04-23 00:00:00+00:00,7.7160206,0.22500001,0.24605209,Nei Mongolia
2025-04-24 00:00:00+00:00,5.7514367,0.125,0.24436457,Nei Mongolia
2025-04-25 00:00:00+00:00,6.7623744,0.025,0.239625,Nei Mongolia
2025-04-26 00:00:00+00:00,9.018104,0.05,0.23392704,Nei Mongolia
2025-04-27 00:00:00+00:00,7.044146,0.15,0.23126042,Nei Mongolia
2025-04-28 00:00:00+00:00,12.295188,0,0.22439581,Nei Mongolia
2025-04-29 00:00:00+00:00,11.301956,0.32500005,0.20503122,Nei Mongolia
2025-04-30 00:00:00+00:00,7.6524787,0.27500004,0.19290626,Nei Mongolia
2025-05-01 00:00:00+00:00,8.010812,0.05,0.19649999,Nei Mongolia
2025-05-02 00:00:00+00:00,9.906646,0.575,0.19647919,Nei Mongolia
2025-05-03 00:00:00+00:00,8.522791,0.45000002,0.18898958,Nei Mongolia
2025-05-04 00:00:00+00:00,9.1571665,1.9,0.19083333,Nei Mongolia
2025-05-05 00:00:00+00:00,7.4753957,3,0.18558335,Nei Mongolia
2025-05-06 00:00:00+00:00,11.306646,0.05,0.18735415,Nei Mongolia
2025-05-07 00:00:00+00:00,13.755084,1.675,0.18282293,Nei Mongolia
2025-05-08 00:00:00+00:00,12.192583,7.7,0.18805209,Nei Mongolia
2025-05-09 00:00:00+00:00,11.723834,0.025,0.1981979,Nei Mongolia
2025-05-10 00:00:00+00:00,14.5529995,0,0.19791669,Nei Mongolia
2025-05-11 00:00:00+00:00,18.10925,0.22500001,0.19281253,Nei Mongolia
2025-05-12 00:00:00+00:00,19.173834,0.75,0.184125,Nei Mongolia
2025-05-13 00:00:00+00:00,17.580082,2.1999998,0.17807293,Nei Mongolia
2025-05-14 00:00:00+00:00,12.874875,0.97499996,0.18472916,Nei Mongolia
2025-05-15 00:00:00+00:00,13.774353,0.32500002,0.19441664,Nei Mongolia
2025-05-16 00:00:00+00:00,10.767063,15.45,0.20378125,Nei Mongolia
2025-05-17 00:00:00+00:00,9.262896,0.275,0.22202085,Nei Mongolia
2025-05-18 00:00:00+00:00,10.315499,0.925,0.22602086,Nei Mongolia
2025-05-19 00:00:00+00:00,12.350915,0.15,0.22249998,Nei Mongolia
2025-05-20 00:00:00+00:00,13.156125,0.05,0.21629165,Nei Mongolia
2025-05-21 00:00:00+00:00,14.235812,0.025,0.20822917,Nei Mongolia
2025-05-22 00:00:00+00:00,14.260812,0.025,0.19865623,Nei Mongolia
2025-05-23 00:00:00+00:00,14.341021,0.1,0.18761459,Nei Mongolia
2025-05-24 00:00:00+00:00,15.877479,0.15,0.17802083,Nei Mongolia
2025-05-25 00:00:00+00:00,18.505604,0.05,0.17552084,Nei Mongolia
2025-05-26 00:00:00+00:00,20.255081,0,0.17695834,Nei Mongolia
2025-05-27 00:00:00+00:00,22.739458,0.275,0.17437503,Nei Mongolia
2025-05-28 00:00:00+00:00,24.097271,0,0.17109372,Nei Mongolia
2025-05-29 00:00:00+00:00,22.510292,1.5250001,0.17310417,Nei Mongolia
2025-05-30 00:00:00+00:00,21.52175,1.1,0.17679167,Nei Mongolia
2025-05-31 00:00:00+00:00,14.776958,3.5,0.18173957,Nei Mongolia
2025-06-01 00:00:00+00:00,16.860292,3.9499998,0.18331254,Nei Mongolia
2025-06-02 00:00:00+00:00,14.774353,6.050001,0.19239585,Nei Mongolia
2025-06-03 00:00:00+00:00,13.625916,2.8249998,0.20742708,Nei Mongolia
2025-06-04 00:00:00+00:00,19.012896,0.125,0.20428124,Nei Mongolia
2025-06-05 00:00:00+00:00,17.204563,0.275,0.1954479,Nei Mongolia
2025-06-06 00:00:00+00:00,17.281645,0.15,0.1898854,Nei Mongolia
2025-06-07 00:00:00+00:00,18.95925,0.325,0.18339582,Nei Mongolia
2025-06-08 00:00:00+00:00,19.807165,0,0.18155207,Nei Mongolia
2025-06-09 00:00:00+00:00,15.281125,1.75,0.1808958,Nei Mongolia
2025-06-10 00:00:00+00:00,17.504562,0.125,0.18115625,Nei Mongolia
2025-06-11 00:00:00+00:00,22.261333,0.925,0.18388541,Nei Mongolia
2025-06-12 00:00:00+00:00,20.752998,9.975,0.17960414,Nei Mongolia
2025-06-13 00:00:00+00:00,20.299873,1.025,0.17766668,Nei Mongolia
2025-06-14 00:00:00+00:00,21.272789,13.375,0.18862501,Nei Mongolia
2025-06-15 00:00:00+00:00,19.110811,16.25,0.23688543,Nei Mongolia
2025-06-16 00:00:00+00:00,17.620708,4.4,0.24590626,Nei Mongolia
2025-06-17 00:00:00+00:00,20.250916,1.4749999,0.2424167,Nei Mongolia
2025-06-18 00:00:00+00:00,20.470709,5.0750003,0.23710418,Nei Mongolia
2025-06-19 00:00:00+00:00,17.137896,6.8,0.23746873,Nei Mongolia
2025-06-20 00:00:00+00:00,17.192583,2.55,0.23590626,Nei Mongolia
2025-06-21 00:00:00+00:00,20.892061,0.025,0.2292604,Nei Mongolia
2025-06-22 00:00:00+00:00,24.07904,0,0.21592703,Nei Mongolia
2025-06-23 00:00:00+00:00,26.094667,0,0.20636454,Nei Mongolia
2025-06-24 00:00:00+00:00,26.480604,0,0.19873957,Nei Mongolia
2025-06-25 00:00:00+00:00,26.108727,0.05,0.19394791,Nei Mongolia
2025-06-26 00:00:00+00:00,26.229563,0,0.19451042,Nei Mongolia
2025-06-27 00:00:00+00:00,23.835812,3.275,0.19207293,Nei Mongolia
2025-06-28 00:00:00+00:00,22.96498,1.55,0.19201042,Nei Mongolia
2025-06-29 00:00:00+00:00,24.176437,0.65,0.19233331,Nei Mongolia
2025-06-30 00:00:00+00:00,23.966541,4.675,0.1882396,Nei Mongolia
2025-07-01 00:00:00+00:00,23.054039,6.225,0.18892707,Nei Mongolia
2025-07-02 00:00:00+00:00,25.463938,0.05,0.1966875,Nei Mongolia
2025-07-03 00:00:00+00:00,25.555607,3.325,0.1909583,Nei Mongolia
2025-07-04 00:00:00+00:00,26.119667,2.55,0.1840104,Nei Mongolia
2025-07-05 00:00:00+00:00,22.072271,8.35,0.19132291,Nei Mongolia
2025-07-06 00:00:00+00:00,22.685291,0,0.19162498,Nei Mongolia
2025-07-07 00:00:00+00:00,24.319145,0.325,0.18631245,Nei Mongolia
2025-07-08 00:00:00+00:00,24.298832,7.05,0.18570834,Nei Mongolia
2025-07-09 00:00:00+00:00,26.950918,0.84999996,0.1944583,Nei Mongolia
2025-07-10 00:00:00+00:00,26.68373,1.775,0.19411458,Nei Mongolia
2025-07-11 00:00:00+00:00,26.916542,2.425,0.1936875,Nei Mongolia
2025-07-12 00:00:00+00:00,25.135292,0.3,0.19752085,Nei Mongolia
2025-07-13 00:00:00+00:00,23.536854,0,0.19989586,Nei Mongolia
2025-07-14 00:00:00+00:00,24.103523,0.075,0.19766665,Nei Mongolia
2025-07-15 00:00:00+00:00,21.962894,3.825,0.19619793,Nei Mongolia
2025-07-16 00:00:00+00:00,20.823313,6.075,0.19708332,Nei Mongolia
2025-07-17 00:00:00+00:00,22.313936,1.5999999,0.19331251,Nei Mongolia
2025-07-18 00:00:00+00:00,24.439978,0.025,0.19069794,Nei Mongolia
2025-07-19 00:00:00+00:00,22.894667,19.4,0.19788542,Nei Mongolia
2025-07-20 00:00:00+00:00,20.69675,1.25,0.23311456,Nei Mongolia
2025-07-21 00:00:00+00:00,24.592583,0,0.23084372,Nei Mongolia
2025-07-22 00:00:00+00:00,25.80873,2.175,0.22337502,Nei Mongolia
2025-07-23 00:00:00+00:00,25.766542,1.125,0.21535417,Nei Mongolia
2025-07-24 00:00:00+00:00,24.445707,18.175001,0.2136458,Nei Mongolia
2025-07-25 00:00:00+00:00,23.822271,15.775001,0.2606875,Nei Mongolia
2025-07-26 00:00:00+00:00,22.80196,11.424999,0.2953021,Nei Mongolia
2025-07-27 00:00:00+00:00,22.87748,3.55,0.29784375,Nei Mongolia
2025-07-28 00:00:00+00:00,23.22956,6.45,0.28405207,Nei Mongolia
2025-07-29 00:00:00+00:00,19.280603,6.625,0.2983542,Nei Mongolia
2025-07-30 00:00:00+00:00,20.549873,0.2,0.29913542,Nei Mongolia
2025-07-31 00:00:00+00:00,22.3155,0.025,0.2872604,Nei Mongolia
2025-08-01 00:00:00+00:00,23.579044,3.275,0.27168748,Nei Mongolia
2025-08-02 00:00:00+00:00,21.903519,14.725,0.2883646,Nei Mongolia
2025-08-03 00:00:00+00:00,21.166542,0.025,0.28476045,Nei Mongolia
2025-08-04 00:00:00+00:00,22.673313,3.6750002,0.27389586,Nei Mongolia
2025-08-05 00:00:00+00:00,21.153,3.225,0.26882294,Nei Mongolia
2025-08-06 00:00:00+00:00,21.048834,1.15,0.2665521,Nei Mongolia
2025-08-07 00:00:00+00:00,21.502998,0.175,0.2568542,Nei Mongolia
2025-08-08 00:00:00+00:00,20.144146,9,0.25727084,Nei Mongolia
2025-08-09 00:00:00+00:00,19.631645,0.1,0.25857288,Nei Mongolia
2025-08-10 00:00:00+00:00,19.699875,0.17500001,0.24822916,Nei Mongolia
2025-08-11 00:00:00+00:00,20.217062,4.3,0.24173956,Nei Mongolia
2025-08-12 00:00:00+00:00,20.987375,7.925,0.23911458,Nei Mongolia
2025-08-13 00:00:00+00:00,19.435812,2.9750001,0.2418229,Nei Mongolia
2025-08-14 00:00:00+00:00,21.50873,0.175,0.23809375,Nei Mongolia
2025-08-15 00:00:00+00:00,21.691542,1.225,0.23196875,Nei Mongolia
2025-08-16 00:00:00+00:00,19.64102,0.37500003,0.22628126,Nei Mongolia
2025-08-17 00:00:00+00:00,21.37852,1.5500001,0.21892709,Nei Mongolia
2025-08-18 00:00:00+00:00,21.979563,5.5,0.21518749,Nei Mongolia
2025-08-19 00:00:00+00:00,21.088415,0.275,0.21273962,Nei Mongolia
2025-08-20 00:00:00+00:00,22.7155,0.275,0.20359372,Nei Mongolia
2025-08-21 00:00:00+00:00,21.815498,21.725,0.21327081,Nei Mongolia
2025-08-22 00:00:00+00:00,21.98425,0.70000005,0.2217604,Nei Mongolia
2025-08-23 00:00:00+00:00,19.86602,1.8000001,0.23139581,Nei Mongolia
2025-08-24 00:00:00+00:00,19.962896,0.47500002,0.22771874,Nei Mongolia
2025-08-25 00:00:00+00:00,19.381645,2.025,0.22315623,Nei Mongolia
2025-08-26 00:00:00+00:00,20.281126,0.025,0.2187396,Nei Mongolia
2025-08-27 00:00:00+00:00,19.913937,14.599999,0.22211458,Nei Mongolia
2025-08-28 00:00:00+00:00,18.474354,2.8,0.24760416,Nei Mongolia
2025-08-29 00:00:00+00:00,19.438936,0.275,0.25406247,Nei Mongolia
2025-08-30 00:00:00+00:00,20.398834,0.575,0.25305206,Nei Mongolia
2025-08-31 00:00:00+00:00,19.17904,3.6750002,0.24968746,Nei Mongolia
2025-01-01 00:00:00+00:00,-5.173,0,0.26700005,Liaoning
2025-01-02 00:00:00+00:00,-7.3834167,0,0.26656947,Liaoning
2025-01-03 00:00:00+00:00,-7.3132777,0,0.26633334,Liaoning
2025-01-04 00:00:00+00:00,-4.245917,0,0.26609725,Liaoning
2025-01-05 00:00:00+00:00,-8.424389,0.2,0.26600003,Liaoning
2025-01-06 00:00:00+00:00,-9.061889,0,0.26584727,Liaoning
2025-01-07 00:00:00+00:00,-9.933417,0,0.26533332,Liaoning
2025-01-08 00:00:00+00:00,-13.781333,0.033333335,0.26504168,Liaoning
2025-01-09 00:00:00+00:00,-12.697999,0,0.26476392,Liaoning
2025-01-10 00:00:00+00:00,-11.812583,0,0.26466668,Liaoning
2025-01-11 00:00:00+00:00,-11.069528,0,0.26466668,Liaoning
2025-01-12 00:00:00+00:00,-8.875084,0,0.26466668,Liaoning
2025-01-13 00:00:00+00:00,-5.7896667,0,0.26434723,Liaoning
2025-01-14 00:00:00+00:00,-8.065361,0,0.26433334,Liaoning
2025-01-15 00:00:00+00:00,-5.9841113,0,0.26433334,Liaoning
2025-01-16 00:00:00+00:00,-3.686889,0,0.26433334,Liaoning
2025-01-17 00:00:00+00:00,-0.17577784,0,0.26480561,Liaoning
2025-01-18 00:00:00+00:00,0.08324998,0,0.26579168,Liaoning
2025-01-19 00:00:00+00:00,-3.3723056,0,0.26636115,Liaoning
2025-01-20 00:00:00+00:00,-3.093139,0,0.26648614,Liaoning
2025-01-21 00:00:00+00:00,-4.8264728,0,0.2664167,Liaoning
2025-01-22 00:00:00+00:00,-6.5542502,0,0.26633337,Liaoning
2025-01-23 00:00:00+00:00,-5.772306,0,0.26633337,Liaoning
2025-01-24 00:00:00+00:00,-5.54175,0,0.26633337,Liaoning
2025-01-25 00:00:00+00:00,-4.999389,0,0.26633337,Liaoning
2025-01-26 00:00:00+00:00,-4.5750833,7.066666,0.26633337,Liaoning
2025-01-27 00:00:00+00:00,-10.682721,10.2,0.26633337,Liaoning
2025-01-28 00:00:00+00:00,-13.648694,1.6666666,0.2662778,Liaoning
2025-01-29 00:00:00+00:00,-18.003555,0,0.266,Liaoning
2025-01-30 00:00:00+00:00,-18.82925,0,0.266,Liaoning
2025-01-31 00:00:00+00:00,-18.259806,0,0.266,Liaoning
2025-02-01 00:00:00+00:00,-15.6188345,0,0.266,Liaoning
2025-02-02 00:00:00+00:00,-14.926472,0,0.266,Liaoning
2025-02-03 00:00:00+00:00,-17.570223,0,0.266,Liaoning
2025-02-04 00:00:00+00:00,-18.591055,0,0.266,Liaoning
2025-02-05 00:00:00+00:00,-15.74661,0,0.266,Liaoning
2025-02-06 00:00:00+00:00,-15.330638,0.3,0.266,Liaoning
2025-02-07 00:00:00+00:00,-14.30911,0,0.266,Liaoning
2025-02-08 00:00:00+00:00,-14.243138,0,0.266,Liaoning
2025-02-09 00:00:00+00:00,-14.928555,0,0.266,Liaoning
2025-02-10 00:00:00+00:00,-6.315361,0,0.266,Liaoning
2025-02-11 00:00:00+00:00,-1.632028,1.0333334,0.266,Liaoning
2025-02-12 00:00:00+00:00,-7.25425,0,0.26604167,Liaoning
2025-02-13 00:00:00+00:00,-3.3188336,0,0.266125,Liaoning
2025-02-14 00:00:00+00:00,-0.8167499,0,0.2662222,Liaoning
2025-02-15 00:00:00+00:00,-0.56605554,0,0.2676806,Liaoning
2025-02-16 00:00:00+00:00,-5.4389725,0,0.269125,Liaoning
2025-02-17 00:00:00+00:00,-7.147306,0,0.2693334,Liaoning
2025-02-18 00:00:00+00:00,-9.275779,0,0.2693334,Liaoning
2025-02-19 00:00:00+00:00,-10.013278,0,0.2693334,Liaoning
2025-02-20 00:00:00+00:00,-10.243138,0,0.2693334,Liaoning
2025-02-21 00:00:00+00:00,-10.424389,0,0.2693334,Liaoning
2025-02-22 00:00:00+00:00,-10.564667,0,0.2693334,Liaoning
2025-02-23 00:00:00+00:00,-8.020917,0,0.2693334,Liaoning
2025-02-24 00:00:00+00:00,-0.8702224,0,0.2693334,Liaoning
2025-02-25 00:00:00+00:00,-2.743139,0,0.26984724,Liaoning
2025-02-26 00:00:00+00:00,0.7985277,0,0.2704722,Liaoning
2025-02-27 00:00:00+00:00,5.3804727,0,0.27281943,Liaoning
2025-02-28 00:00:00+00:00,5.6249166,0,0.2768611,Liaoning
2025-03-01 00:00:00+00:00,-0.3354999,0.1,0.28054163,Liaoning
2025-03-02 00:00:00+00:00,-3.4730003,0,0.28383335,Liaoning
2025-03-03 00:00:00+00:00,-0.9730001,0,0.28355554,Liaoning
2025-03-04 00:00:00+00:00,-0.26883325,0,0.28330556,Liaoning
2025-03-05 00:00:00+00:00,0.11936104,0,0.2826805,Liaoning
2025-03-06 00:00:00+00:00,0.022833431,0,0.28205553,Liaoning
2025-03-07 00:00:00+00:00,2.9436672,0.16666667,0.2812639,Liaoning
2025-03-08 00:00:00+00:00,2.502,0.033333335,0.28,Liaoning
2025-03-09 00:00:00+00:00,6.271445,0,0.27975002,Liaoning
2025-03-10 00:00:00+00:00,6.776306,0,0.27993053,Liaoning
2025-03-11 00:00:00+00:00,7.8033886,2.1000001,0.28348613,Liaoning
2025-03-12 00:00:00+00:00,3.8263056,0,0.29098615,Liaoning
2025-03-13 00:00:00+00:00,2.031861,0.033333335,0.2881805,Liaoning
2025-03-14 00:00:00+00:00,1.2304718,0,0.28293052,Liaoning
2025-03-15 00:00:00+00:00,-1.259111,0,0.27849996,Liaoning
2025-03-16 00:00:00+00:00,-1.9848056,0,0.27497223,Liaoning
2025-03-17 00:00:00+00:00,-2.019528,0.4,0.27269444,Liaoning
2025-03-18 00:00:00+00:00,-1.0473056,0,0.2712222,Liaoning
2025-03-19 00:00:00+00:00,4.485333,0,0.268625,Liaoning
2025-03-20 00:00:00+00:00,8.878388,0,0.2646667,Liaoning
2025-03-21 00:00:00+00:00,12.126306,0,0.25315276,Liaoning
2025-03-22 00:00:00+00:00,11.977,0,0.23495834,Liaoning
2025-03-23 00:00:00+00:00,13.624222,0,0.22704166,Liaoning
2025-03-24 00:00:00+00:00,6.7832503,0.2,0.22034721,Liaoning
2025-03-25 00:00:00+00:00,3.9172776,0.13333334,0.2278889,Liaoning
2025-03-26 00:00:00+00:00,5.319361,0.26666668,0.23109727,Liaoning
2025-03-27 00:00:00+00:00,1.805472,0,0.22980557,Liaoning
2025-03-28 00:00:00+00:00,0.10894448,0.36666667,0.23165278,Liaoning
2025-03-29 00:00:00+00:00,-2.0125835,0,0.23168056,Liaoning
2025-03-30 00:00:00+00:00,1.1054722,0.033333335,0.23119442,Liaoning
2025-03-31 00:00:00+00:00,7.7339444,0.1,0.22870834,Liaoning
2025-04-01 00:00:00+00:00,7.673528,1.4,0.21901388,Liaoning
2025-04-02 00:00:00+00:00,7.1019998,0.4,0.21561114,Liaoning
2025-04-03 00:00:00+00:00,9.640195,0,0.21266668,Liaoning
2025-04-04 00:00:00+00:00,8.882555,0.8666666,0.20254166,Liaoning
2025-04-05 00:00:00+00:00,7.6971397,1.1,0.19804169,Liaoning
2025-04-06 00:00:00+00:00,9.09575,0,0.20045833,Liaoning
2025-04-07 00:00:00+00:00,12.141583,0.1,0.2038333,Liaoning
2025-04-08 00:00:00+00:00,12.198527,0,0.21123607,Liaoning
2025-04-09 00:00:00+00:00,10.047833,0,0.21405554,Liaoning
2025-04-10 00:00:00+00:00,14.527,0,0.22127779,Liaoning
2025-04-11 00:00:00+00:00,14.573527,11.666668,0.2212222,Liaoning
2025-04-12 00:00:00+00:00,3.8561661,24.799997,0.2605972,Liaoning
2025-04-13 00:00:00+00:00,3.3707504,10.499999,0.2834028,Liaoning
2025-04-14 00:00:00+00:00,5.03325,1.4666667,0.3086528,Liaoning
2025-04-15 00:00:00+00:00,10.446445,0.06666667,0.3094722,Liaoning
2025-04-16 00:00:00+00:00,13.529084,0.73333335,0.30740276,Liaoning
2025-04-17 00:00:00+00:00,12.474223,2.7666667,0.3132222,Liaoning
2025-04-18 00:00:00+00:00,11.866584,0.4,0.31554165,Liaoning
2025-04-19 00:00:00+00:00,11.003388,0.73333335,0.31588888,Liaoning
2025-04-20 00:00:00+00:00,15.846444,0,0.31775,Liaoning
2025-04-21 00:00:00+00:00,13.575611,8.966666,0.31044444,Liaoning
2025-04-22 00:00:00+00:00,11.382556,0,0.3054305,Liaoning
2025-04-23 00:00:00+00:00,13.237416,0.4,0.29874998,Liaoning
2025-04-24 00:00:00+00:00,9.0089445,0.16666667,0.2899444,Liaoning
2025-04-25 00:00:00+00:00,10.1339445,0,0.2767917,Liaoning
2025-04-26 00:00:00+00:00,14.368668,1.5666666,0.26216665,Liaoning
2025-04-27 00:00:00+00:00,10.930472,0,0.24823612,Liaoning
2025-04-28 00:00:00+00:00,11.456861,0,0.24081945,Liaoning
2025-04-29 00:00:00+00:00,16.388807,0,0.21595831,Liaoning
2025-04-30 00:00:00+00:00,13.106166,10.433333,0.1905278,Liaoning
2025-05-01 00:00:00+00:00,9.185333,1.9333334,0.19531943,Liaoning
2025-05-02 00:00:00+00:00,13.1651945,1,0.20636111,Liaoning
2025-05-03 00:00:00+00:00,11.830472,3.6666667,0.20499998,Liaoning
2025-05-04 00:00:00+00:00,12.14714,0.1,0.20194446,Liaoning
2025-05-05 00:00:00+00:00,9.927001,5.1,0.1979583,Liaoning
2025-05-06 00:00:00+00:00,12.937417,0.29999998,0.19329166,Liaoning
2025-05-07 00:00:00+00:00,16.063112,2.4333332,0.19013889,Liaoning
2025-05-08 00:00:00+00:00,16.527695,0.33333334,0.18949997,Liaoning
2025-05-09 00:00:00+00:00,14.536029,0.033333335,0.19276392,Liaoning
2025-05-10 00:00:00+00:00,15.901999,0,0.19122219,Liaoning
2025-05-11 00:00:00+00:00,19.017973,0,0.1848889,Liaoning
2025-05-12 00:00:00+00:00,20.747835,0,0.17559725,Liaoning
2025-05-13 00:00:00+00:00,20.774918,2.1666665,0.17286111,Liaoning
2025-05-14 00:00:00+00:00,11.624223,24,0.19576389,Liaoning
2025-05-15 00:00:00+00:00,18.147139,0.1,0.21959722,Liaoning
2025-05-16 00:00:00+00:00,18.175611,16.433332,0.22044449,Liaoning
2025-05-17 00:00:00+00:00,11.431862,0.8,0.24169445,Liaoning
2025-05-18 00:00:00+00:00,13.816585,0.7,0.24799998,Liaoning
2025-05-19 00:00:00+00:00,16.376307,0.7,0.24444447,Liaoning
2025-05-20 00:00:00+00:00,16.654778,0.9333334,0.24627776,Liaoning
2025-05-21 00:00:00+00:00,17.700613,0,0.24477778,Liaoning
2025-05-22 00:00:00+00:00,17.05825,0,0.23680554,Liaoning
2025-05-23 00:00:00+00:00,17.520056,0,0.22580557,Liaoning
2025-05-24 00:00:00+00:00,17.952696,0,0.22063887,Liaoning
2025-05-25 00:00:00+00:00,19.626307,0,0.2115,Liaoning
2025-05-26 00:00:00+00:00,21.204779,0,0.20912498,Liaoning
2025-05-27 00:00:00+00:00,21.308945,0.56666666,0.19845836,Liaoning
2025-05-28 00:00:00+00:00,22.161026,0,0.18711114,Liaoning
2025-05-29 00:00:00+00:00,23.057554,0,0.17926387,Liaoning
2025-05-30 00:00:00+00:00,25.10061,0,0.17987503,Liaoning
2025-05-31 00:00:00+00:00,22.346445,0.16666667,0.18220834,Liaoning
2025-06-01 00:00:00+00:00,21.682556,0.26666668,0.18318057,Liaoning
2025-06-02 00:00:00+00:00,18.34089,5.7666664,0.18252778,Liaoning
2025-06-03 00:00:00+00:00,16.517279,1.9,0.19318052,Liaoning
2025-06-04 00:00:00+00:00,20.369362,0.13333334,0.19150002,Liaoning
2025-06-05 00:00:00+00:00,22.382555,0.3,0.19315279,Liaoning
2025-06-06 00:00:00+00:00,23.25825,0.8333333,0.18651389,Liaoning
2025-06-07 00:00:00+00:00,22.667974,0,0.17806946,Liaoning
2025-06-08 00:00:00+00:00,25.377695,0,0.18598612,Liaoning
2025-06-09 00:00:00+00:00,18.81936,7.866667,0.1912639,Liaoning
2025-06-10 00:00:00+00:00,18.858946,0.26666668,0.20104165,Liaoning
2025-06-11 00:00:00+00:00,23.332556,0,0.19620836,Liaoning
2025-06-12 00:00:00+00:00,25.098526,2.0333333,0.17906944,Liaoning
2025-06-13 00:00:00+00:00,24.232557,0.06666667,0.15826389,Liaoning
2025-06-14 00:00:00+00:00,24.89089,1.4000001,0.15991665,Liaoning
2025-06-15 00:00:00+00:00,20.406166,19.16667,0.18155552,Liaoning
2025-06-16 00:00:00+00:00,20.731169,1.2333335,0.19422221,Liaoning
2025-06-17 00:00:00+00:00,23.349916,0,0.18840276,Liaoning
2025-06-18 00:00:00+00:00,24.667974,7.533333,0.18055557,Liaoning
2025-06-19 00:00:00+00:00,21.412416,13.866666,0.17955558,Liaoning
2025-06-20 00:00:00+00:00,20.749222,0,0.1818889,Liaoning
2025-06-21 00:00:00+00:00,22.370056,0.1,0.17287499,Liaoning
2025-06-22 00:00:00+00:00,25.78811,0,0.16240281,Liaoning
2025-06-23 00:00:00+00:00,27.85964,0,0.15661113,Liaoning
2025-06-24 00:00:00+00:00,28.698526,0,0.15233336,Liaoning
2025-06-25 00:00:00+00:00,28.060331,0,0.15261109,Liaoning
2025-06-26 00:00:00+00:00,27.981165,2.2666667,0.15277778,Liaoning
2025-06-27 00:00:00+00:00,22.286026,16.1,0.1560417,Liaoning
2025-06-28 00:00:00+00:00,23.871445,1.7333332,0.16676389,Liaoning
2025-06-29 00:00:00+00:00,25.051306,9.533334,0.17306946,Liaoning
2025-06-30 00:00:00+00:00,23.83464,7.8333335,0.17819448,Liaoning
2025-07-01 00:00:00+00:00,25.361723,9.8,0.18119444,Liaoning
2025-07-02 00:00:00+00:00,26.413109,0.23333335,0.18372224,Liaoning
2025-07-03 00:00:00+00:00,24.952002,28.533333,0.19980557,Liaoning
2025-07-04 00:00:00+00:00,26.977694,0.9666667,0.196375,Liaoning
2025-07-05 00:00:00+00:00,24.720749,23.633331,0.2466111,Liaoning
2025-07-06 00:00:00+00:00,25.090195,0,0.26986113,Liaoning
2025-07-07 00:00:00+00:00,26.963112,0,0.25477773,Liaoning
2025-07-08 00:00:00+00:00,28.174917,0.4666667,0.2415833,Liaoning
2025-07-09 00:00:00+00:00,28.882555,0.06666667,0.231125,Liaoning
2025-07-10 00:00:00+00:00,29.308945,0.26666668,0.22306947,Liaoning
2025-07-11 00:00:00+00:00,28.204779,0,0.220125,Liaoning
2025-07-12 00:00:00+00:00,27.653389,7.1000004,0.21444446,Liaoning
2025-07-13 00:00:00+00:00,24.454779,0.86666673,0.20858337,Liaoning
2025-07-14 00:00:00+00:00,24.774918,0,0.20123613,Liaoning
2025-07-15 00:00:00+00:00,25.274918,7.2000003,0.19536114,Liaoning
2025-07-16 00:00:00+00:00,21.832556,10.7,0.20269446,Liaoning
2025-07-17 00:00:00+00:00,23.665888,6.1666675,0.21611112,Liaoning
2025-07-18 00:00:00+00:00,24.52214,2.0333333,0.21522224,Liaoning
2025-07-19 00:00:00+00:00,26.20964,1.5666667,0.21044444,Liaoning
2025-07-20 00:00:00+00:00,22.618668,8.166667,0.21027781,Liaoning
2025-07-21 00:00:00+00:00,25.142973,0.2,0.21750002,Liaoning
2025-07-22 00:00:00+00:00,26.762415,0.13333334,0.21168058,Liaoning
2025-07-23 00:00:00+00:00,26.458944,3.3666668,0.20693056,Liaoning
2025-07-24 00:00:00+00:00,26.688112,3.2666667,0.2036528,Liaoning
2025-07-25 00:00:00+00:00,26.384636,0.50000006,0.19947219,Liaoning
2025-07-26 00:00:00+00:00,27.06103,9.4,0.19373614,Liaoning
2025-07-27 00:00:00+00:00,26.272139,9.033334,0.18798609,Liaoning
2025-07-28 00:00:00+00:00,25.268667,17.033335,0.19668055,Liaoning
2025-07-29 00:00:00+00:00,24.008944,22.866667,0.20854169,Liaoning
2025-07-30 00:00:00+00:00,24.05339,0.033333335,0.22934718,Liaoning
2025-07-31 00:00:00+00:00,25.23464,0,0.22581945,Liaoning
2025-08-01 00:00:00+00:00,26.308945,0,0.21611112,Liaoning
2025-08-02 00:00:00+00:00,27.001307,2.8333333,0.2082361,Liaoning
2025-08-03 00:00:00+00:00,23.090195,7.2999997,0.22975002,Liaoning
2025-08-04 00:00:00+00:00,24.472137,5.1666665,0.24177776,Liaoning
2025-08-05 00:00:00+00:00,22.782557,3.7666664,0.24293058,Liaoning
2025-08-06 00:00:00+00:00,22.642279,0.9000001,0.24356945,Liaoning
2025-08-07 00:00:00+00:00,22.815887,2.4666665,0.23966669,Liaoning
2025-08-08 00:00:00+00:00,23.767279,4.933333,0.23587497,Liaoning
2025-08-09 00:00:00+00:00,22.608946,4.2,0.2520139,Liaoning
2025-08-10 00:00:00+00:00,23.918669,0.7,0.24640279,Liaoning
2025-08-11 00:00:00+00:00,25.093666,2.3,0.23826385,Liaoning
2025-08-12 00:00:00+00:00,26.048529,0.1,0.2278889,Liaoning
2025-08-13 00:00:00+00:00,24.273527,2.6000001,0.22176385,Liaoning
2025-08-14 00:00:00+00:00,26.297834,0.033333335,0.21666665,Liaoning
2025-08-15 00:00:00+00:00,26.813805,4.5,0.21272224,Liaoning
2025-08-16 00:00:00+00:00,24.463804,10.133332,0.22468059,Liaoning
2025-08-17 00:00:00+00:00,23.986029,0,0.22245835,Liaoning
2025-08-18 00:00:00+00:00,26.93811,0.2,0.21783333,Liaoning
2025-08-19 00:00:00+00:00,26.285334,9.900001,0.2168472,Liaoning
2025-08-20 00:00:00+00:00,25.921442,0.9000001,0.21386115,Liaoning
2025-08-21 00:00:00+00:00,26.66797,43.033337,0.22731943,Liaoning
2025-08-22 00:00:00+00:00,25.92839,3.3333333,0.33190277,Liaoning
2025-08-23 00:00:00+00:00,25.913809,14.700001,0.31913888,Liaoning
2025-08-24 00:00:00+00:00,23.021444,34.566666,0.3284028,Liaoning
2025-08-25 00:00:00+00:00,21.94922,2.7,0.34055555,Liaoning
2025-08-26 00:00:00+00:00,22.672834,0.33333334,0.32205558,Liaoning
2025-08-27 00:00:00+00:00,22.633942,22.033335,0.3143889,Liaoning
2025-08-28 00:00:00+00:00,19.216583,14.833333,0.374625,Liaoning
2025-08-29 00:00:00+00:00,22.815195,0.7,0.35873613,Liaoning
2025-08-30 00:00:00+00:00,22.502695,0.26666668,0.348375,Liaoning
2025-08-31 00:00:00+00:00,21.49575,0,0.33654165,Liaoning
2025-01-01 00:00:00+00:00,2.1460414,0,0.19503126,Shandong
2025-01-02 00:00:00+00:00,-0.010208264,0,0.19312498,Shandong
2025-01-03 00:00:00+00:00,0.5965624,0,0.19067709,Shandong
2025-01-04 00:00:00+00:00,2.0746875,0,0.18861458,Shandong
2025-01-05 00:00:00+00:00,2.6871877,0,0.18873958,Shandong
2025-01-06 00:00:00+00:00,0.2022917,0,0.18711463,Shandong
2025-01-07 00:00:00+00:00,1.095,0,0.18553126,Shandong
2025-01-08 00:00:00+00:00,-2.0445833,0,0.18498959,Shandong
2025-01-09 00:00:00+00:00,-3.4977083,0,0.18450001,Shandong
2025-01-10 00:00:00+00:00,-1.9852083,0,0.18411459,Shandong
2025-01-11 00:00:00+00:00,-0.45864585,0,0.18400002,Shandong
2025-01-12 00:00:00+00:00,-0.123229176,0,0.18445835,Shandong
2025-01-13 00:00:00+00:00,1.5382291,0,0.18266669,Shandong
2025-01-14 00:00:00+00:00,-0.68208337,0,0.18409376,Shandong
2025-01-15 00:00:00+00:00,-1.7039583,0,0.18537502,Shandong
2025-01-16 00:00:00+00:00,-0.3086458,0,0.18694794,Shandong
2025-01-17 00:00:00+00:00,1.6981254,0,0.1866042,Shandong
2025-01-18 00:00:00+00:00,2.7173958,0,0.18340628,Shandong
2025-01-19 00:00:00+00:00,1.4543748,0,0.18335417,Shandong
2025-01-20 00:00:00+00:00,3.1559377,0,0.1816146,Shandong
2025-01-21 00:00:00+00:00,4.2220836,0,0.17575002,Shandong
2025-01-22 00:00:00+00:00,3.0903127,0,0.16754168,Shandong
2025-01-23 00:00:00+00:00,2.972083,0.475,0.16398959,Shandong
2025-01-24 00:00:00+00:00,3.2882292,0.6,0.16180208,Shandong
2025-01-25 00:00:00+00:00,2.2460418,2.425,0.16027084,Shandong
2025-01-26 00:00:00+00:00,-1.318021,1,0.15962502,Shandong
2025-01-27 00:00:00+00:00,-4.021146,0,0.16252086,Shandong
2025-01-28 00:00:00+00:00,-2.92375,0,0.16269794,Shandong
2025-01-29 00:00:00+00:00,1.1783332,0,0.16259378,Shandong
2025-01-30 00:00:00+00:00,1.3330209,0,0.16146876,Shandong
2025-01-31 00:00:00+00:00,0.63510424,0.275,0.16089582,Shandong
2025-02-01 00:00:00+00:00,0.8897917,0,0.16530207,Shandong
2025-02-02 00:00:00+00:00,1.0309374,0,0.1709375,Shandong
2025-02-03 00:00:00+00:00,-0.71489584,0,0.17364581,Shandong
2025-02-04 00:00:00+00:00,-1.339896,0,0.18244794,Shandong
2025-02-05 00:00:00+00:00,-2.1128125,0,0.1831771,Shandong
2025-02-06 00:00:00+00:00,-1.839375,0.1,0.18489586,Shandong
2025-02-07 00:00:00+00:00,-7.1648955,0,0.18608338,Shandong
2025-02-08 00:00:00+00:00,-5.378958,0,0.18600003,Shandong
2025-02-09 00:00:00+00:00,-1.5362499,0,0.18600003,Shandong
2025-02-10 00:00:00+00:00,2.270521,0,0.18590628,Shandong
2025-02-11 00:00:00+00:00,4.2970834,0.95000005,0.18330212,Shandong
2025-02-12 00:00:00+00:00,1.345,0,0.18202084,Shandong
2025-02-13 00:00:00+00:00,2.870521,0,0.18116666,Shandong
2025-02-14 00:00:00+00:00,5.5179167,0,0.17750002,Shandong
2025-02-15 00:00:00+00:00,7.7043743,0,0.16525,Shandong
2025-02-16 00:00:00+00:00,3.936667,0,0.15258336,Shandong
2025-02-17 00:00:00+00:00,3.176771,0,0.15133336,Shandong
2025-02-18 00:00:00+00:00,3.2929163,0,0.15032294,Shandong
2025-02-19 00:00:00+00:00,3.47,0.22500001,0.14941669,Shandong
2025-02-20 00:00:00+00:00,2.1950002,0.25000003,0.14944792,Shandong
2025-02-21 00:00:00+00:00,2.0903127,0.05,0.15265629,Shandong
2025-02-22 00:00:00+00:00,0.5397917,0,0.15552084,Shandong
2025-02-23 00:00:00+00:00,-1.3982291,0,0.15879169,Shandong
2025-02-24 00:00:00+00:00,3.2877083,0,0.15751043,Shandong
2025-02-25 00:00:00+00:00,5.7538533,0,0.15327084,Shandong
2025-02-26 00:00:00+00:00,9.355938,0.025,0.15007292,Shandong
2025-02-27 00:00:00+00:00,10.486668,0,0.14016667,Shandong
2025-02-28 00:00:00+00:00,14.212187,3.3999999,0.14071877,Shandong
2025-03-01 00:00:00+00:00,12.677292,15.925,0.14283334,Shandong
2025-03-02 00:00:00+00:00,0.7465626,22.350002,0.20451042,Shandong
2025-03-03 00:00:00+00:00,1.3366667,1.05,0.21152079,Shandong
2025-03-04 00:00:00+00:00,1.7325,0,0.21392712,Shandong
2025-03-05 00:00:00+00:00,4.0377083,0,0.21703126,Shandong
2025-03-06 00:00:00+00:00,5.6934376,0,0.21457292,Shandong
2025-03-07 00:00:00+00:00,7.0689583,0.075,0.2165521,Shandong
2025-03-08 00:00:00+00:00,8.747084,0,0.2191667,Shandong
2025-03-09 00:00:00+00:00,10.235626,0,0.21634376,Shandong
2025-03-10 00:00:00+00:00,11.645,0,0.21179165,Shandong
2025-03-11 00:00:00+00:00,12.879375,0,0.20793752,Shandong
2025-03-12 00:00:00+00:00,13.0304165,0,0.20358333,Shandong
2025-03-13 00:00:00+00:00,12.028855,0,0.194,Shandong
2025-03-14 00:00:00+00:00,9.638228,0.025,0.19072917,Shandong
2025-03-15 00:00:00+00:00,5.947083,0.32500002,0.19077083,Shandong
2025-03-16 00:00:00+00:00,4.487708,0,0.19338542,Shandong
2025-03-17 00:00:00+00:00,6.5220833,0,0.1875,Shandong
2025-03-18 00:00:00+00:00,6.3127084,0,0.174625,Shandong
2025-03-19 00:00:00+00:00,11.342917,0,0.17241669,Shandong
2025-03-20 00:00:00+00:00,14.978334,0,0.17430207,Shandong
2025-03-21 00:00:00+00:00,17.103333,0,0.17286462,Shandong
2025-03-22 00:00:00+00:00,18.398645,0,0.17156251,Shandong
2025-03-23 00:00:00+00:00,19.128334,0,0.17433335,Shandong
2025-03-24 00:00:00+00:00,17.949165,0,0.17634377,Shandong
2025-03-25 00:00:00+00:00,18.102814,0,0.17471877,Shandong
2025-03-26 00:00:00+00:00,16.584583,0,0.17658332,Shandong
2025-03-27 00:00:00+00:00,8.983022,0,0.18214583,Shandong
2025-03-28 00:00:00+00:00,6.225729,0.125,0.1828021,Shandong
2025-03-29 00:00:00+00:00,6.5033336,0,0.18202084,Shandong
2025-03-30 00:00:00+00:00,9.963229,0,0.17610414,Shandong
2025-03-31 00:00:00+00:00,12.700209,0.025,0.17290622,Shandong
2025-04-01 00:00:00+00:00,15.427291,0,0.16995831,Shandong
2025-04-02 00:00:00+00:00,11.537708,0,0.16729164,Shandong
2025-04-03 00:00:00+00:00,15.126771,0,0.16554165,Shandong
2025-04-04 00:00:00+00:00,15.689791,0.575,0.16404165,Shandong
2025-04-05 00:00:00+00:00,13.386147,0,0.15966666,Shandong
2025-04-06 00:00:00+00:00,19.291876,0,0.15760416,Shandong
2025-04-07 00:00:00+00:00,19.75177,0,0.15793747,Shandong
2025-04-08 00:00:00+00:00,16.974167,6.0249996,0.15852082,Shandong
2025-04-09 00:00:00+00:00,16.187708,0.55,0.16187498,Shandong
2025-04-10 00:00:00+00:00,18.963228,0,0.16896874,Shandong
2025-04-11 00:00:00+00:00,20.08927,1.75,0.18062499,Shandong
2025-04-12 00:00:00+00:00,9.486146,0.075,0.17860417,Shandong
2025-04-13 00:00:00+00:00,12.709063,0,0.17711458,Shandong
2025-04-14 00:00:00+00:00,15.459583,0,0.16403124,Shandong
2025-04-15 00:00:00+00:00,21.630417,0,0.17006251,Shandong
2025-04-16 00:00:00+00:00,23.822083,0,0.17734377,Shandong
2025-04-17 00:00:00+00:00,22.141354,0,0.18730208,Shandong
2025-04-18 00:00:00+00:00,15.814793,6.3,0.18797916,Shandong
2025-04-19 00:00:00+00:00,15.028853,0,0.19764584,Shandong
2025-04-20 00:00:00+00:00,18.739271,0,0.19283336,Shandong
2025-04-21 00:00:00+00:00,18.191355,3.0749998,0.1829271,Shandong
2025-04-22 00:00:00+00:00,16.63823,0,0.17308334,Shandong
2025-04-23 00:00:00+00:00,20.790312,0,0.15410416,Shandong
2025-04-24 00:00:00+00:00,15.756457,0,0.1477604,Shandong
2025-04-25 00:00:00+00:00,19.438751,0,0.14703123,Shandong
2025-04-26 00:00:00+00:00,22.680937,0,0.14789583,Shandong
2025-04-27 00:00:00+00:00,15.605415,1.0749999,0.14626041,Shandong
2025-04-28 00:00:00+00:00,19.361666,0,0.14567709,Shandong
2025-04-29 00:00:00+00:00,23.264791,0,0.14688541,Shandong
2025-04-30 00:00:00+00:00,21.342396,1.225,0.14539582,Shandong
2025-05-01 00:00:00+00:00,19.747082,0,0.14493749,Shandong
2025-05-02 00:00:00+00:00,19.901772,1.075,0.14592706,Shandong
2025-05-03 00:00:00+00:00,16.204376,0,0.14592707,Shandong
2025-05-04 00:00:00+00:00,20.411146,0.77500004,0.14561458,Shandong
2025-05-05 00:00:00+00:00,18.720001,2.1,0.14798957,Shandong
2025-05-06 00:00:00+00:00,16.143436,0.15,0.14625,Shandong
2025-05-07 00:00:00+00:00,20.735104,0,0.14664584,Shandong
2025-05-08 00:00:00+00:00,18.04552,3.2749999,0.14819789,Shandong
2025-05-09 00:00:00+00:00,14.808542,10.225,0.15031248,Shandong
2025-05-10 00:00:00+00:00,16.34396,0,0.1530104,Shandong
2025-05-11 00:00:00+00:00,21.903854,0,0.14584373,Shandong
2025-05-12 00:00:00+00:00,26.692396,0,0.14054164,Shandong
2025-05-13 00:00:00+00:00,25.460625,0,0.14114581,Shandong
2025-05-14 00:00:00+00:00,21.274166,0,0.14713542,Shandong
2025-05-15 00:00:00+00:00,22.328335,0,0.14917707,Shandong
2025-05-16 00:00:00+00:00,26.760105,0,0.14895831,Shandong
2025-05-17 00:00:00+00:00,18.739792,0.025,0.1465729,Shandong
2025-05-18 00:00:00+00:00,23.42052,0.1,0.14531249,Shandong
2025-05-19 00:00:00+00:00,30.302292,0,0.14408332,Shandong
2025-05-20 00:00:00+00:00,31.204374,0,0.14279166,Shandong
2025-05-21 00:00:00+00:00,26.808022,0,0.14190625,Shandong
2025-05-22 00:00:00+00:00,20.685623,5.925,0.14177084,Shandong
2025-05-23 00:00:00+00:00,17.843956,0.075,0.1484375,Shandong
2025-05-24 00:00:00+00:00,20.030415,0,0.14560416,Shandong
2025-05-25 00:00:00+00:00,22.275728,0.05,0.13972917,Shandong
2025-05-26 00:00:00+00:00,23.047606,0,0.13892709,Shandong
2025-05-27 00:00:00+00:00,24.624687,0,0.13732295,Shandong
2025-05-28 00:00:00+00:00,25.308022,0,0.13704167,Shandong
2025-05-29 00:00:00+00:00,26.456459,0,0.13681251,Shandong
2025-05-30 00:00:00+00:00,27.600208,0.3,0.13678128,Shandong
2025-05-31 00:00:00+00:00,23.725729,0.025,0.13675001,Shandong
2025-06-01 00:00:00+00:00,23.42,0,0.13654166,Shandong
2025-06-02 00:00:00+00:00,24.664272,0.075,0.1365,Shandong
2025-06-03 00:00:00+00:00,25.834583,0,0.13672918,Shandong
2025-06-04 00:00:00+00:00,28.30646,0,0.13629167,Shandong
2025-06-05 00:00:00+00:00,31.580938,0,0.13625,Shandong
2025-06-06 00:00:00+00:00,31.35125,0,0.1360521,Shandong
2025-06-07 00:00:00+00:00,28.159065,0.5,0.136,Shandong
2025-06-08 00:00:00+00:00,29.722603,0.025,0.13566667,Shandong
2025-06-09 00:00:00+00:00,29.01271,2.825,0.1357396,Shandong
2025-06-10 00:00:00+00:00,26.495522,0,0.13601044,Shandong
2025-06-11 00:00:00+00:00,28.88667,0,0.13634378,Shandong
2025-06-12 00:00:00+00:00,28.374165,0,0.13672918,Shandong
2025-06-13 00:00:00+00:00,28.85698,0,0.1365,Shandong
2025-06-14 00:00:00+00:00,27.946045,7.675,0.13666666,Shandong
2025-06-15 00:00:00+00:00,26.13667,0.1,0.13678125,Shandong
2025-06-16 00:00:00+00:00,26.36948,0,0.13701041,Shandong
2025-06-17 00:00:00+00:00,32.88354,0,0.13554166,Shandong
2025-06-18 00:00:00+00:00,29.878334,12.775,0.1336875,Shandong
2025-06-19 00:00:00+00:00,24.518436,14.375,0.14020833,Shandong
2025-06-20 00:00:00+00:00,26.059061,0.275,0.1535104,Shandong
2025-06-21 00:00:00+00:00,27.229374,0,0.15252084,Shandong
2025-06-22 00:00:00+00:00,29.65229,0,0.14733335,Shandong
2025-06-23 00:00:00+00:00,29.493437,0,0.14226042,Shandong
2025-06-24 00:00:00+00:00,30.464794,0,0.13854167,Shandong
2025-06-25 00:00:00+00:00,29.58823,2.075,0.13812497,Shandong
2025-06-26 00:00:00+00:00,23.810102,4.925,0.14772916,Shandong
2025-06-27 00:00:00+00:00,26.071564,1.5250001,0.16186455,Shandong
2025-06-28 00:00:00+00:00,26.481981,8.125,0.16557291,Shandong
2025-06-29 00:00:00+00:00,25.703856,6.7,0.19402082,Shandong
2025-06-30 00:00:00+00:00,28.871567,2.2250001,0.21258335,Shandong
2025-07-01 00:00:00+00:00,27.723648,17.625,0.21935415,Shandong
2025-07-02 00:00:00+00:00,29.991877,13.925,0.25171876,Shandong
2025-07-03 00:00:00+00:00,31.717396,2.75,0.23603126,Shandong
2025-07-04 00:00:00+00:00,33.380936,0.025,0.21779168,Shandong
2025-07-05 00:00:00+00:00,33.198128,0.575,0.19502082,Shandong
2025-07-06 00:00:00+00:00,31.87,0.15,0.17847916,Shandong
2025-07-07 00:00:00+00:00,29.21844,6.1000004,0.17529169,Shandong
2025-07-08 00:00:00+00:00,30.155937,0.025,0.18303125,Shandong
2025-07-09 00:00:00+00:00,30.174166,0.05,0.17904171,Shandong
2025-07-10 00:00:00+00:00,30.503855,0.45,0.17331252,Shandong
2025-07-11 00:00:00+00:00,30.57,0.075,0.16950001,Shandong
2025-07-12 00:00:00+00:00,31.563751,0.075,0.16321877,Shandong
2025-07-13 00:00:00+00:00,31.474167,0.77500004,0.15977086,Shandong
2025-07-14 00:00:00+00:00,31.238232,0,0.15705208,Shandong
2025-07-15 00:00:00+00:00,29.8726,13.75,0.1723021,Shandong
2025-07-16 00:00:00+00:00,27.903854,0,0.17907292,Shandong
2025-07-17 00:00:00+00:00,28.922083,0.025,0.16599998,Shandong
2025-07-18 00:00:00+00:00,30.530418,0.025,0.154,Shandong
2025-07-19 00:00:00+00:00,31.673647,0,0.15340623,Shandong
2025-07-20 00:00:00+00:00,28.899689,16.375,0.16352081,Shandong
2025-07-21 00:00:00+00:00,26.905418,17.775002,0.21143751,Shandong
2025-07-22 00:00:00+00:00,27.492916,10.950001,0.26515624,Shandong
2025-07-23 00:00:00+00:00,27.598648,16.5,0.26295832,Shandong
2025-07-24 00:00:00+00:00,29.604374,0.25000003,0.2507604,Shandong
2025-07-25 00:00:00+00:00,29.648127,0,0.23716667,Shandong
2025-07-26 00:00:00+00:00,29.953856,0,0.22354163,Shandong
2025-07-27 00:00:00+00:00,30.392399,0.1,0.21002083,Shandong
2025-07-28 00:00:00+00:00,30.95177,0.025,0.1990729,Shandong
2025-07-29 00:00:00+00:00,28.6825,4.7,0.19405209,Shandong
2025-07-30 00:00:00+00:00,28.297604,0.1,0.19919795,Shandong
2025-07-31 00:00:00+00:00,29.04448,0.30000004,0.1961875,Shandong
2025-08-01 00:00:00+00:00,29.36375,1.5250001,0.1953958,Shandong
2025-08-02 00:00:00+00:00,29.728855,0.22500001,0.19417709,Shandong
2025-08-03 00:00:00+00:00,30.97677,2.075,0.19083332,Shandong
2025-08-04 00:00:00+00:00,29.412186,3.3249998,0.1885,Shandong
2025-08-05 00:00:00+00:00,30.084583,19.75,0.204125,Shandong
2025-08-06 00:00:00+00:00,29.826248,6.3500004,0.21446876,Shandong
2025-08-07 00:00:00+00:00,29.31896,1.6999999,0.21503125,Shandong
2025-08-08 00:00:00+00:00,28.632502,31.325,0.22835414,Shandong
2025-08-09 00:00:00+00:00,25.75021,6.600001,0.32876042,Shandong
2025-08-10 00:00:00+00:00,26.086147,1.275,0.3240625,Shandong
2025-08-11 00:00:00+00:00,26.65177,0.15,0.30650002,Shandong
2025-08-12 00:00:00+00:00,27.02729,0.05,0.28685418,Shandong
2025-08-13 00:00:00+00:00,27.61896,0.52500004,0.27135417,Shandong
2025-08-14 00:00:00+00:00,28.113749,6.775,0.26161453,Shandong
2025-08-15 00:00:00+00:00,27.828335,6.1500006,0.25883332,Shandong
2025-08-16 00:00:00+00:00,27.658543,29.8,0.2846667,Shandong
2025-08-17 00:00:00+00:00,27.942919,0.4,0.29659373,Shandong
2025-08-18 00:00:00+00:00,29.62,6.0499997,0.28513542,Shandong
2025-08-19 00:00:00+00:00,31.203335,0,0.2691667,Shandong
2025-08-20 00:00:00+00:00,30.595001,0.325,0.25844792,Shandong
2025-08-21 00:00:00+00:00,30.829897,5.55,0.25397918,Shandong
2025-08-22 00:00:00+00:00,29.326773,10.35,0.2581771,Shandong
2025-08-23 00:00:00+00:00,27.52625,13.475,0.2645417,Shandong
2025-08-24 00:00:00+00:00,25.79448,1.7499996,0.26873955,Shandong
2025-08-25 00:00:00+00:00,25.393438,0.35000002,0.27021876,Shandong
2025-08-26 00:00:00+00:00,26.928333,0.1,0.26039582,Shandong
2025-08-27 00:00:00+00:00,27.966875,7.8750005,0.25622913,Shandong
2025-08-28 00:00:00+00:00,27.30646,2.175,0.26247913,Shandong
2025-08-29 00:00:00+00:00,27.141874,7.975,0.25110415,Shandong
2025-08-30 00:00:00+00:00,25.823647,7.7250004,0.2529271,Shandong
2025-08-31 00:00:00+00:00,23.559586,2.825,0.26336455,Shandong
2025-01-01 00:00:00+00:00,0.5343124,0,0.21431252,Hebei
2025-01-02 00:00:00+00:00,-0.6162082,0,0.21301042,Hebei
2025-01-03 00:00:00+00:00,-0.3281875,0,0.21231252,Hebei
2025-01-04 00:00:00+00:00,2.204625,0,0.21125,Hebei
2025-01-05 00:00:00+00:00,3.1077504,0,0.21015626,Hebei
2025-01-06 00:00:00+00:00,0.61868745,0,0.20658334,Hebei
2025-01-07 00:00:00+00:00,2.2166042,0,0.20365626,Hebei
2025-01-08 00:00:00+00:00,-1.9057918,0,0.20243752,Hebei
2025-01-09 00:00:00+00:00,-2.7807918,0,0.20179167,Hebei
2025-01-10 00:00:00+00:00,-1.661,0,0.20138541,Hebei
2025-01-11 00:00:00+00:00,-0.018812478,0.35000002,0.20097914,Hebei
2025-01-12 00:00:00+00:00,-0.10527082,0,0.2005625,Hebei
2025-01-13 00:00:00+00:00,1.3666041,0,0.19855209,Hebei
2025-01-14 00:00:00+00:00,-0.7854792,0,0.19776043,Hebei
2025-01-15 00:00:00+00:00,-1.1333959,0,0.19696875,Hebei
2025-01-16 00:00:00+00:00,0.59837484,0,0.19846876,Hebei
2025-01-17 00:00:00+00:00,1.595771,0,0.20012498,Hebei
2025-01-18 00:00:00+00:00,2.321292,0,0.19780207,Hebei
2025-01-19 00:00:00+00:00,1.6275418,0,0.19724998,Hebei
2025-01-20 00:00:00+00:00,2.2541044,0,0.1960729,Hebei
2025-01-21 00:00:00+00:00,2.820771,0,0.194625,Hebei
2025-01-22 00:00:00+00:00,0.7509793,0,0.18937501,Hebei
2025-01-23 00:00:00+00:00,0.12389575,0,0.18913542,Hebei
2025-01-24 00:00:00+00:00,1.4077501,0,0.1899479,Hebei
2025-01-25 00:00:00+00:00,0.81972927,3.1,0.19094793,Hebei
2025-01-26 00:00:00+00:00,-1.8818334,0,0.1882396,Hebei
2025-01-27 00:00:00+00:00,-3.287042,0,0.18844791,Hebei
2025-01-28 00:00:00+00:00,-1.9917293,0,0.1880625,Hebei
2025-01-29 00:00:00+00:00,0.047854275,0,0.18776043,Hebei
2025-01-30 00:00:00+00:00,-1.4630833,0,0.18708332,Hebei
2025-01-31 00:00:00+00:00,-1.3682916,0,0.18636456,Hebei
2025-02-01 00:00:00+00:00,-1.2662084,0,0.18821873,Hebei
2025-02-02 00:00:00+00:00,-0.013083339,0,0.19072917,Hebei
2025-02-03 00:00:00+00:00,-0.75162506,0,0.19298959,Hebei
2025-02-04 00:00:00+00:00,-1.3146458,0,0.19635417,Hebei
2025-02-05 00:00:00+00:00,-1.4089167,0,0.19879165,Hebei
2025-02-06 00:00:00+00:00,-1.9219376,0,0.19816665,Hebei
2025-02-07 00:00:00+00:00,-6.183396,0,0.1974271,Hebei
2025-02-08 00:00:00+00:00,-4.7099586,0,0.19713542,Hebei
2025-02-09 00:00:00+00:00,-2.070375,0,0.19692706,Hebei
2025-02-10 00:00:00+00:00,0.3030624,0,0.19667706,Hebei
2025-02-11 00:00:00+00:00,1.7697294,0.475,0.19579166,Hebei
2025-02-12 00:00:00+00:00,1.5952501,0,0.19455211,Hebei
2025-02-13 00:00:00+00:00,2.9436877,0,0.20029166,Hebei
2025-02-14 00:00:00+00:00,4.481188,0,0.1934896,Hebei
2025-02-15 00:00:00+00:00,8.956187,0,0.1843125,Hebei
2025-02-16 00:00:00+00:00,3.9697292,0,0.16495831,Hebei
2025-02-17 00:00:00+00:00,1.6723332,0,0.16154166,Hebei
2025-02-18 00:00:00+00:00,1.3447292,0,0.16354164,Hebei
2025-02-19 00:00:00+00:00,2.8619165,0,0.16805208,Hebei
2025-02-20 00:00:00+00:00,2.5858753,0,0.17010415,Hebei
2025-02-21 00:00:00+00:00,1.7327499,1.425,0.1785625,Hebei
2025-02-22 00:00:00+00:00,-0.20579162,0.025,0.1890625,Hebei
2025-02-23 00:00:00+00:00,-0.9698541,0,0.19264585,Hebei
2025-02-24 00:00:00+00:00,3.697333,0,0.19220833,Hebei
2025-02-25 00:00:00+00:00,5.817125,0,0.18910417,Hebei
2025-02-26 00:00:00+00:00,7.2593126,0,0.1824167,Hebei
2025-02-27 00:00:00+00:00,8.400458,0,0.16826044,Hebei
2025-02-28 00:00:00+00:00,11.797335,0.05,0.16261458,Hebei
2025-03-01 00:00:00+00:00,13.234833,8.95,0.15153125,Hebei
2025-03-02 00:00:00+00:00,1.9811872,6.15,0.15882292,Hebei
2025-03-03 00:00:00+00:00,2.339521,0.2,0.1599479,Hebei
2025-03-04 00:00:00+00:00,2.823896,0,0.16238542,Hebei
2025-03-05 00:00:00+00:00,5.7400417,0,0.16567712,Hebei
2025-03-06 00:00:00+00:00,6.742125,0,0.16652085,Hebei
2025-03-07 00:00:00+00:00,6.511916,1.225,0.16658333,Hebei
2025-03-08 00:00:00+00:00,8.422333,0,0.1659896,Hebei
2025-03-09 00:00:00+00:00,11.657229,0,0.1603125,Hebei
2025-03-10 00:00:00+00:00,12.259312,0,0.156375,Hebei
2025-03-11 00:00:00+00:00,12.886917,0,0.15898962,Hebei
2025-03-12 00:00:00+00:00,13.062437,0,0.15743749,Hebei
2025-03-13 00:00:00+00:00,13.743688,0,0.1504583,Hebei
2025-03-14 00:00:00+00:00,8.484833,0,0.14976041,Hebei
2025-03-15 00:00:00+00:00,4.622854,0.35000002,0.14926043,Hebei
2025-03-16 00:00:00+00:00,5.661396,0,0.14958332,Hebei
2025-03-17 00:00:00+00:00,7.6619163,0,0.15042707,Hebei
2025-03-18 00:00:00+00:00,8.027542,0,0.14748958,Hebei
2025-03-19 00:00:00+00:00,13.648895,0,0.14611456,Hebei
2025-03-20 00:00:00+00:00,18.596813,0,0.1443125,Hebei
2025-03-21 00:00:00+00:00,19.68848,0,0.14375001,Hebei
2025-03-22 00:00:00+00:00,21.311916,0,0.14398962,Hebei
2025-03-23 00:00:00+00:00,20.725979,0,0.14585418,Hebei
2025-03-24 00:00:00+00:00,19.524939,0,0.14604169,Hebei
2025-03-25 00:00:00+00:00,18.087957,0,0.14778128,Hebei
2025-03-26 00:00:00+00:00,13.209312,0,0.14930211,Hebei
2025-03-27 00:00:00+00:00,9.5806675,0.5,0.1500521,Hebei
2025-03-28 00:00:00+00:00,6.5738955,0.125,0.14953126,Hebei
2025-03-29 00:00:00+00:00,7.5046253,0,0.15177083,Hebei
2025-03-30 00:00:00+00:00,10.9015,0,0.15754166,Hebei
2025-03-31 00:00:00+00:00,13.991605,0,0.15725,Hebei
2025-04-01 00:00:00+00:00,16.945248,0,0.15613542,Hebei
2025-04-02 00:00:00+00:00,12.462437,0,0.15465626,Hebei
2025-04-03 00:00:00+00:00,15.50098,0,0.15345836,Hebei
2025-04-04 00:00:00+00:00,15.53223,0.025,0.1524271,Hebei
2025-04-05 00:00:00+00:00,14.905147,0,0.15139586,Hebei
2025-04-06 00:00:00+00:00,19.44577,0,0.15002087,Hebei
2025-04-07 00:00:00+00:00,19.172335,0,0.14857294,Hebei
2025-04-08 00:00:00+00:00,15.595249,2.2,0.14796877,Hebei
2025-04-09 00:00:00+00:00,16.055147,0,0.15434377,Hebei
2025-04-10 00:00:00+00:00,19.806189,0,0.1611875,Hebei
2025-04-11 00:00:00+00:00,19.357752,0.025,0.16556254,Hebei
2025-04-12 00:00:00+00:00,9.172333,0.05,0.16682293,Hebei
2025-04-13 00:00:00+00:00,14.353062,0,0.16770835,Hebei
2025-04-14 00:00:00+00:00,17.4015,0,0.1624896,Hebei
2025-04-15 00:00:00+00:00,23.640043,0,0.16314584,Hebei
2025-04-16 00:00:00+00:00,26.772856,0,0.16372918,Hebei
2025-04-17 00:00:00+00:00,24.261396,0,0.15964586,Hebei
2025-04-18 00:00:00+00:00,12.394729,6.45,0.1599375,Hebei
2025-04-19 00:00:00+00:00,15.794209,0,0.17240627,Hebei
2025-04-20 00:00:00+00:00,20.1015,0,0.1740104,Hebei
2025-04-21 00:00:00+00:00,18.110874,26.275,0.19464582,Hebei
2025-04-22 00:00:00+00:00,17.732227,0,0.18044794,Hebei
2025-04-23 00:00:00+00:00,22.154625,0,0.1728854,Hebei
2025-04-24 00:00:00+00:00,16.52806,0,0.16848958,Hebei
2025-04-25 00:00:00+00:00,19.735876,0,0.17458335,Hebei
2025-04-26 00:00:00+00:00,23.322334,0.15,0.18204166,Hebei
2025-04-27 00:00:00+00:00,16.523897,0,0.18517709,Hebei
2025-04-28 00:00:00+00:00,21.843168,0,0.18551043,Hebei
2025-04-29 00:00:00+00:00,24.768166,0,0.18236458,Hebei
2025-04-30 00:00:00+00:00,20.618689,0.4,0.18430209,Hebei
2025-05-01 00:00:00+00:00,20.04577,0.5,0.17886457,Hebei
2025-05-02 00:00:00+00:00,18.250458,1.1,0.17720832,Hebei
2025-05-03 00:00:00+00:00,16.878061,0,0.17324999,Hebei
2025-05-04 00:00:00+00:00,19.190042,1.425,0.17368749,Hebei
2025-05-05 00:00:00+00:00,17.516085,3.05,0.17799999,Hebei
2025-05-06 00:00:00+00:00,16.61921,0,0.16988543,Hebei
2025-05-07 00:00:00+00:00,19.199417,0.52500004,0.16979168,Hebei
2025-05-08 00:00:00+00:00,18.00098,14.125,0.16992709,Hebei
2025-05-09 00:00:00+00:00,13.6207695,26.900002,0.23151043,Hebei
2025-05-10 00:00:00+00:00,16.943687,0,0.27167708,Hebei
2025-05-11 00:00:00+00:00,22.60202,0,0.25922912,Hebei
2025-05-12 00:00:00+00:00,25.824938,0,0.24637504,Hebei
2025-05-13 00:00:00+00:00,25.943169,0,0.24228124,Hebei
2025-05-14 00:00:00+00:00,20.854105,0,0.23802085,Hebei
2025-05-15 00:00:00+00:00,22.009314,0,0.23248959,Hebei
2025-05-16 00:00:00+00:00,26.092125,0,0.22901042,Hebei
2025-05-17 00:00:00+00:00,17.72598,0.1,0.21874997,Hebei
2025-05-18 00:00:00+00:00,21.430668,0,0.21572915,Hebei
2025-05-19 00:00:00+00:00,27.956188,0,0.21124998,Hebei
2025-05-20 00:00:00+00:00,29.240562,0,0.2044375,Hebei
2025-05-21 00:00:00+00:00,23.766085,0,0.20037502,Hebei
2025-05-22 00:00:00+00:00,16.93379,6.625,0.19825001,Hebei
2025-05-23 00:00:00+00:00,15.265041,0.05,0.21301043,Hebei
2025-05-24 00:00:00+00:00,19.970251,0,0.2060521,Hebei
2025-05-25 00:00:00+00:00,20.518167,0,0.18483335,Hebei
2025-05-26 00:00:00+00:00,22.235876,0,0.17740625,Hebei
2025-05-27 00:00:00+00:00,23.834312,0,0.1718125,Hebei
2025-05-28 00:00:00+00:00,24.643167,0,0.17058334,Hebei
2025-05-29 00:00:00+00:00,25.936398,0,0.16989583,Hebei
2025-05-30 00:00:00+00:00,26.474936,0.35000002,0.16816665,Hebei
2025-05-31 00:00:00+00:00,23.868168,0,0.16694789,Hebei
2025-06-01 00:00:00+00:00,22.597857,0,0.16722915,Hebei
2025-06-02 00:00:00+00:00,24.711395,0.05,0.16962498,Hebei
2025-06-03 00:00:00+00:00,25.931707,0,0.16458336,Hebei
2025-06-04 00:00:00+00:00,26.896812,0,0.15964581,Hebei
2025-06-05 00:00:00+00:00,30.003582,0,0.15733331,Hebei
2025-06-06 00:00:00+00:00,30.2515,0,0.15471874,Hebei
2025-06-07 00:00:00+00:00,27.383793,0,0.1533125,Hebei
2025-06-08 00:00:00+00:00,28.211393,0,0.15383333,Hebei
2025-06-09 00:00:00+00:00,29.824417,0.7,0.15477082,Hebei
2025-06-10 00:00:00+00:00,26.338478,0,0.1583021,Hebei
2025-06-11 00:00:00+00:00,30.535875,0,0.15717706,Hebei
2025-06-12 00:00:00+00:00,30.01348,0,0.1567396,Hebei
2025-06-13 00:00:00+00:00,29.789,3.025,0.157,Hebei
2025-06-14 00:00:00+00:00,24.594208,4.175,0.17428124,Hebei
2025-06-15 00:00:00+00:00,26.512438,0.22500001,0.1771146,Hebei
2025-06-16 00:00:00+00:00,27.017124,0.05,0.1694375,Hebei
2025-06-17 00:00:00+00:00,32.387436,0,0.15863542,Hebei
2025-06-18 00:00:00+00:00,30.126497,1.6750001,0.15458336,Hebei
2025-06-19 00:00:00+00:00,25.061396,2.925,0.15348959,Hebei
2025-06-20 00:00:00+00:00,27.114,0.075,0.15082291,Hebei
2025-06-21 00:00:00+00:00,30.217648,0,0.1442604,Hebei
2025-06-22 00:00:00+00:00,32.080666,0,0.14219792,Hebei
2025-06-23 00:00:00+00:00,30.654104,0,0.14212501,Hebei
2025-06-24 00:00:00+00:00,31.77025,0,0.14151044,Hebei
2025-06-25 00:00:00+00:00,30.99056,0.22500001,0.14105211,Hebei
2025-06-26 00:00:00+00:00,24.786396,0.875,0.14325003,Hebei
2025-06-27 00:00:00+00:00,26.611916,18.05,0.15297918,Hebei
2025-06-28 00:00:00+00:00,24.228584,18.525,0.19947916,Hebei
2025-06-29 00:00:00+00:00,25.36192,8.65,0.21102083,Hebei
2025-06-30 00:00:00+00:00,27.350979,12.725,0.21727084,Hebei
2025-07-01 00:00:00+00:00,27.514002,3.3249998,0.26651043,Hebei
2025-07-02 00:00:00+00:00,28.103064,22.475,0.302625,Hebei
2025-07-03 00:00:00+00:00,29.194729,0.85,0.3224375,Hebei
2025-07-04 00:00:00+00:00,31.108793,6.6749997,0.31002086,Hebei
2025-07-05 00:00:00+00:00,31.192646,0,0.2824583,Hebei
2025-07-06 00:00:00+00:00,29.206707,0.55,0.25041667,Hebei
2025-07-07 00:00:00+00:00,27.160875,15.8,0.2338854,Hebei
2025-07-08 00:00:00+00:00,27.574417,11.35,0.23994793,Hebei
2025-07-09 00:00:00+00:00,26.724937,8.35,0.2593229,Hebei
2025-07-10 00:00:00+00:00,28.52077,0.675,0.26467705,Hebei
2025-07-11 00:00:00+00:00,29.291086,0.675,0.25643748,Hebei
2025-07-12 00:00:00+00:00,30.34733,0.025,0.24377082,Hebei
2025-07-13 00:00:00+00:00,30.824415,0,0.23123954,Hebei
2025-07-14 00:00:00+00:00,30.500458,0.5,0.2233021,Hebei
2025-07-15 00:00:00+00:00,29.291084,5.875,0.24330209,Hebei
2025-07-16 00:00:00+00:00,27.423893,1.1249999,0.24473959,Hebei
2025-07-17 00:00:00+00:00,28.450457,0.1,0.22531249,Hebei
2025-07-18 00:00:00+00:00,29.797335,0,0.20902082,Hebei
2025-07-19 00:00:00+00:00,30.696293,0,0.2059479,Hebei
2025-07-20 00:00:00+00:00,25.886396,10.25,0.20821875,Hebei
2025-07-21 00:00:00+00:00,27.441084,0.5500001,0.20545833,Hebei
2025-07-22 00:00:00+00:00,27.855667,7.7749996,0.19447917,Hebei
2025-07-23 00:00:00+00:00,27.864521,8.150001,0.186,Hebei
2025-07-24 00:00:00+00:00,29.492645,15.774999,0.18580207,Hebei
2025-07-25 00:00:00+00:00,30.637955,1.45,0.18559374,Hebei
2025-07-26 00:00:00+00:00,30.911917,0,0.17483331,Hebei
2025-07-27 00:00:00+00:00,31.497335,0,0.16731249,Hebei
2025-07-28 00:00:00+00:00,31.97858,0.125,0.16121875,Hebei
2025-07-29 00:00:00+00:00,30.511396,0.95000005,0.15962501,Hebei
2025-07-30 00:00:00+00:00,30.260876,0.05,0.15318751,Hebei
2025-07-31 00:00:00+00:00,30.230145,0,0.1515521,Hebei
2025-08-01 00:00:00+00:00,31.218168,0,0.15097919,Hebei
2025-08-02 00:00:00+00:00,32.23535,0.075,0.15197918,Hebei
2025-08-03 00:00:00+00:00,32.573376,9.15,0.1536875,Hebei
2025-08-04 00:00:00+00:00,28.447857,12.025001,0.16114584,Hebei
2025-08-05 00:00:00+00:00,29.593164,7.8500004,0.20319791,Hebei
2025-08-06 00:00:00+00:00,30.600458,0,0.21696877,Hebei
2025-08-07 00:00:00+00:00,29.641083,2.725,0.2067604,Hebei
2025-08-08 00:00:00+00:00,27.691084,19.575,0.20343748,Hebei
2025-08-09 00:00:00+00:00,26.242645,0,0.23040622,Hebei
2025-08-10 00:00:00+00:00,26.688478,0,0.22028127,Hebei
2025-08-11 00:00:00+00:00,28.573896,0,0.20345834,Hebei
2025-08-12 00:00:00+00:00,27.435875,11.475,0.19505209,Hebei
2025-08-13 00:00:00+00:00,28.00098,0,0.19657291,Hebei
2025-08-14 00:00:00+00:00,29.422333,1.225,0.19096878,Hebei
2025-08-15 00:00:00+00:00,27.453583,15.975,0.1936354,Hebei
2025-08-16 00:00:00+00:00,25.792126,6.475,0.23665623,Hebei
2025-08-17 00:00:00+00:00,27.4265,4.4249997,0.24417706,Hebei
2025-08-18 00:00:00+00:00,28.10046,4.5750003,0.2552083,Hebei
2025-08-19 00:00:00+00:00,30.180147,2.35,0.25584376,Hebei
2025-08-20 00:00:00+00:00,27.91452,3.9250002,0.2555625,Hebei
2025-08-21 00:00:00+00:00,29.002022,3.675,0.26053125,Hebei
2025-08-22 00:00:00+00:00,28.614521,1.025,0.26567706,Hebei
2025-08-23 00:00:00+00:00,25.093166,5.7000003,0.25165623,Hebei
2025-08-24 00:00:00+00:00,23.373896,1.675,0.26201043,Hebei
2025-08-25 00:00:00+00:00,25.359833,0,0.26881248,Hebei
2025-08-26 00:00:00+00:00,25.940042,0.725,0.25898963,Hebei
2025-08-27 00:00:00+00:00,26.594728,7.8250003,0.26359376,Hebei
2025-08-28 00:00:00+00:00,26.973377,0,0.27725,Hebei
2025-08-29 00:00:00+00:00,25.63744,1.75,0.2664479,Hebei
2025-08-30 00:00:00+00:00,24.842125,1.9749999,0.2569479,Hebei
2025-08-31 00:00:00+00:00,24.804625,0.025,0.24516663,Hebei
2025-01-01 00:00:00+00:00,5.1839795,0,0.16473958,Henan
2025-01-02 00:00:00+00:00,1.7886666,0,0.15460417,Henan
2025-01-03 00:00:00+00:00,2.9542913,0,0.15469791,Henan
2025-01-04 00:00:00+00:00,5.4480414,0,0.15819791,Henan
2025-01-05 00:00:00+00:00,6.1621046,0,0.16166666,Henan
2025-01-06 00:00:00+00:00,2.7173126,0,0.16168752,Henan
2025-01-07 00:00:00+00:00,2.8673124,0,0.16203126,Henan
2025-01-08 00:00:00+00:00,1.4485624,0,0.16118751,Henan
2025-01-09 00:00:00+00:00,-0.82227075,0,0.1651146,Henan
2025-01-10 00:00:00+00:00,0.81887496,0,0.16500002,Henan
2025-01-11 00:00:00+00:00,3.60325,0.025,0.16237502,Henan
2025-01-12 00:00:00+00:00,3.0813751,0,0.16081251,Henan
2025-01-13 00:00:00+00:00,6.4339795,0,0.15572919,Henan
2025-01-14 00:00:00+00:00,3.6579378,0,0.15354167,Henan
2025-01-15 00:00:00+00:00,0.70220834,0,0.15472917,Henan
2025-01-16 00:00:00+00:00,1.6225208,0,0.15470837,Henan
2025-01-17 00:00:00+00:00,2.562625,0,0.15525003,Henan
2025-01-18 00:00:00+00:00,6.2115836,0,0.15004168,Henan
2025-01-19 00:00:00+00:00,5.761063,0,0.14460416,Henan
2025-01-20 00:00:00+00:00,6.6178336,0,0.14516667,Henan
2025-01-21 00:00:00+00:00,8.523562,0,0.13996875,Henan
2025-01-22 00:00:00+00:00,6.5891876,0.65,0.13763542,Henan
2025-01-23 00:00:00+00:00,4.1084585,7.2750006,0.13795833,Henan
2025-01-24 00:00:00+00:00,4.836063,24.725002,0.15107292,Henan
2025-01-25 00:00:00+00:00,2.100125,9.825,0.20704168,Henan
2025-01-26 00:00:00+00:00,0.94179153,0.15,0.22746877,Henan
2025-01-27 00:00:00+00:00,-0.76654166,0,0.23047915,Henan
2025-01-28 00:00:00+00:00,0.6006457,0,0.23133337,Henan
2025-01-29 00:00:00+00:00,4.3527293,0,0.22727083,Henan
2025-01-30 00:00:00+00:00,4.6454377,1.175,0.22376046,Henan
2025-01-31 00:00:00+00:00,0.7959583,2.7499998,0.22994794,Henan
2025-02-01 00:00:00+00:00,1.218875,1.7,0.24160412,Henan
2025-02-02 00:00:00+00:00,3.34075,0,0.24868749,Henan
2025-02-03 00:00:00+00:00,2.9188747,0,0.24798955,Henan
2025-02-04 00:00:00+00:00,3.249083,0,0.24925,Henan
2025-02-05 00:00:00+00:00,1.590229,0,0.24788544,Henan
2025-02-06 00:00:00+00:00,3.2584581,0,0.24305212,Henan
2025-02-07 00:00:00+00:00,-3.8738337,0,0.24471878,Henan
2025-02-08 00:00:00+00:00,-2.3905,0,0.24393754,Henan
2025-02-09 00:00:00+00:00,1.2595,0,0.24190623,Henan
2025-02-10 00:00:00+00:00,4.377729,0,0.23778126,Henan
2025-02-11 00:00:00+00:00,4.9579372,0.575,0.23077083,Henan
2025-02-12 00:00:00+00:00,2.6881459,0,0.23288542,Henan
2025-02-13 00:00:00+00:00,4.522521,0,0.22576043,Henan
2025-02-14 00:00:00+00:00,7.0121045,0,0.23075,Henan
2025-02-15 00:00:00+00:00,8.132937,0,0.22314581,Henan
2025-02-16 00:00:00+00:00,8.170438,0,0.21193749,Henan
2025-02-17 00:00:00+00:00,6.6115837,0,0.20051043,Henan
2025-02-18 00:00:00+00:00,8.474605,0,0.1884479,Henan
2025-02-19 00:00:00+00:00,7.191271,0,0.18407291,Henan
2025-02-20 00:00:00+00:00,4.550125,0.70000005,0.18552083,Henan
2025-02-21 00:00:00+00:00,4.519396,0.125,0.19551042,Henan
2025-02-22 00:00:00+00:00,3.558458,0,0.20478126,Henan
2025-02-23 00:00:00+00:00,1.7824165,0,0.20347917,Henan
2025-02-24 00:00:00+00:00,4.9548125,0,0.2029479,Henan
2025-02-25 00:00:00+00:00,7.3855414,0,0.19240625,Henan
2025-02-26 00:00:00+00:00,9.375125,0.05,0.1779375,Henan
2025-02-27 00:00:00+00:00,11.586584,0,0.1606875,Henan
2025-02-28 00:00:00+00:00,14.09127,1.075,0.15517709,Henan
2025-03-01 00:00:00+00:00,16.047522,12.650001,0.15767708,Henan
2025-03-02 00:00:00+00:00,4.7324166,18.675,0.24180208,Henan
2025-03-03 00:00:00+00:00,-0.10143751,11.1,0.2558646,Henan
2025-03-04 00:00:00+00:00,2.0996044,0.4,0.2592708,Henan
2025-03-05 00:00:00+00:00,4.550646,0,0.26421875,Henan
2025-03-06 00:00:00+00:00,7.0147085,0,0.26599994,Henan
2025-03-07 00:00:00+00:00,7.3141875,0,0.263875,Henan
2025-03-08 00:00:00+00:00,10.136063,0,0.25810418,Henan
2025-03-09 00:00:00+00:00,10.138146,0,0.2566667,Henan
2025-03-10 00:00:00+00:00,11.205854,0,0.2579167,Henan
2025-03-11 00:00:00+00:00,12.1345005,0,0.2583021,Henan
2025-03-12 00:00:00+00:00,13.8220005,0,0.254,Henan
2025-03-13 00:00:00+00:00,12.131895,0.025,0.24893749,Henan
2025-03-14 00:00:00+00:00,8.231896,4.55,0.24547915,Henan
2025-03-15 00:00:00+00:00,8.510542,0.05,0.24848959,Henan
2025-03-16 00:00:00+00:00,5.7928333,0.025,0.24493751,Henan
2025-03-17 00:00:00+00:00,9.0928335,0,0.23196876,Henan
2025-03-18 00:00:00+00:00,8.3595,0,0.20335416,Henan
2025-03-19 00:00:00+00:00,12.25898,0,0.1893542,Henan
2025-03-20 00:00:00+00:00,15.394917,0,0.1766875,Henan
2025-03-21 00:00:00+00:00,16.765228,0,0.16871879,Henan
2025-03-22 00:00:00+00:00,19.068356,0,0.16312501,Henan
2025-03-23 00:00:00+00:00,19.186586,0,0.16165626,Henan
2025-03-24 00:00:00+00:00,21.702208,0,0.1583021,Henan
2025-03-25 00:00:00+00:00,22.75898,0,0.15539585,Henan
2025-03-26 00:00:00+00:00,22.59648,0,0.15276045,Henan
2025-03-27 00:00:00+00:00,10.316792,4.825,0.15269792,Henan
2025-03-28 00:00:00+00:00,8.922521,0,0.15210418,Henan
2025-03-29 00:00:00+00:00,8.085542,0,0.15259376,Henan
2025-03-30 00:00:00+00:00,10.117312,0,0.15375,Henan
2025-03-31 00:00:00+00:00,12.302208,0,0.15379167,Henan
2025-04-01 00:00:00+00:00,15.941792,0,0.15230209,Henan
2025-04-02 00:00:00+00:00,14.15377,0,0.15064585,Henan
2025-04-03 00:00:00+00:00,16.933456,0,0.14794789,Henan
2025-04-04 00:00:00+00:00,17.024605,0.1,0.14788541,Henan
2025-04-05 00:00:00+00:00,15.893875,0,0.1469583,Henan
2025-04-06 00:00:00+00:00,21.32148,0,0.14573957,Henan
2025-04-07 00:00:00+00:00,22.107418,0,0.1455104,Henan
2025-04-08 00:00:00+00:00,20.132938,0.075,0.1444479,Henan
2025-04-09 00:00:00+00:00,20.165749,0.075,0.14538538,Henan
2025-04-10 00:00:00+00:00,21.199081,0,0.14733332,Henan
2025-04-11 00:00:00+00:00,20.515228,2.975,0.14961457,Henan
2025-04-12 00:00:00+00:00,11.454812,0,0.14999999,Henan
2025-04-13 00:00:00+00:00,18.050125,0,0.14793748,Henan
2025-04-14 00:00:00+00:00,18.049603,0,0.14467709,Henan
2025-04-15 00:00:00+00:00,23.746998,0,0.14275,Henan
2025-04-16 00:00:00+00:00,25.200645,0,0.1451875,Henan
2025-04-17 00:00:00+00:00,25.177208,0,0.14672917,Henan
2025-04-18 00:00:00+00:00,22.742311,0.77500004,0.14866665,Henan
2025-04-19 00:00:00+00:00,17.957417,0,0.15333334,Henan
2025-04-20 00:00:00+00:00,22.770958,6.075,0.15676041,Henan
2025-04-21 00:00:00+00:00,20.40377,5.75,0.19020832,Henan
2025-04-22 00:00:00+00:00,18.36679,0,0.19785418,Henan
2025-04-23 00:00:00+00:00,21.081898,0,0.19156252,Henan
2025-04-24 00:00:00+00:00,18.329811,0,0.18613544,Henan
2025-04-25 00:00:00+00:00,20.256897,0,0.18066669,Henan
2025-04-26 00:00:00+00:00,22.10429,0,0.17529167,Henan
2025-04-27 00:00:00+00:00,21.294916,0.05,0.17126042,Henan
2025-04-28 00:00:00+00:00,20.486582,0,0.17048958,Henan
2025-04-29 00:00:00+00:00,23.278772,0,0.16711459,Henan
2025-04-30 00:00:00+00:00,24.027729,0.425,0.16796875,Henan
2025-05-01 00:00:00+00:00,24.253248,0,0.16422917,Henan
2025-05-02 00:00:00+00:00,25.722523,0.75,0.15996876,Henan
2025-05-03 00:00:00+00:00,19.06158,0,0.15836458,Henan
2025-05-04 00:00:00+00:00,21.136583,7.2999997,0.15670834,Henan
2025-05-05 00:00:00+00:00,22.063147,0,0.15657294,Henan
2025-05-06 00:00:00+00:00,21.23919,0,0.14605208,Henan
2025-05-07 00:00:00+00:00,24.857937,0.85,0.14441667,Henan
2025-05-08 00:00:00+00:00,17.925646,11.825,0.14940625,Henan
2025-05-09 00:00:00+00:00,19.970438,0.025,0.15304166,Henan
2025-05-10 00:00:00+00:00,18.705334,0,0.14835417,Henan
2025-05-11 00:00:00+00:00,23.61627,0,0.14731249,Henan
2025-05-12 00:00:00+00:00,26.529293,0,0.14432292,Henan
2025-05-13 00:00:00+00:00,24.730854,1.475,0.14395833,Henan
2025-05-14 00:00:00+00:00,25.787104,0,0.14434375,Henan
2025-05-15 00:00:00+00:00,24.263668,0,0.1446875,Henan
2025-05-16 00:00:00+00:00,27.402729,0,0.14450002,Henan
2025-05-17 00:00:00+00:00,24.48502,0,0.14425,Henan
2025-05-18 00:00:00+00:00,26.124083,0,0.14425,Henan
2025-05-19 00:00:00+00:00,30.722523,0,0.14423959,Henan
2025-05-20 00:00:00+00:00,30.488667,0,0.144,Henan
2025-05-21 00:00:00+00:00,31.582415,1.55,0.14376041,Henan
2025-05-22 00:00:00+00:00,21.477728,20.175,0.14626043,Henan
2025-05-23 00:00:00+00:00,19.253252,0,0.17005208,Henan
2025-05-24 00:00:00+00:00,19.126686,0,0.16518748,Henan
2025-05-25 00:00:00+00:00,21.288666,0.47499996,0.15605207,Henan
2025-05-26 00:00:00+00:00,23.839188,0.17500001,0.15347914,Henan
2025-05-27 00:00:00+00:00,24.533459,0,0.15164581,Henan
2025-05-28 00:00:00+00:00,26.125124,0,0.15074998,Henan
2025-05-29 00:00:00+00:00,26.808458,0,0.15015624,Henan
2025-05-30 00:00:00+00:00,27.268354,1.65,0.14963542,Henan
2025-05-31 00:00:00+00:00,20.814707,7.600001,0.15029167,Henan
2025-06-01 00:00:00+00:00,20.066269,2.45,0.15575002,Henan
2025-06-02 00:00:00+00:00,22.39804,0,0.16171876,Henan
2025-06-03 00:00:00+00:00,25.246479,0,0.15964581,Henan
2025-06-04 00:00:00+00:00,28.34596,0,0.15446872,Henan
2025-06-05 00:00:00+00:00,29.907417,0.075,0.15291667,Henan
2025-06-06 00:00:00+00:00,32.162624,0.2,0.15058334,Henan
2025-06-07 00:00:00+00:00,28.546478,0.84999996,0.15128125,Henan
2025-06-08 00:00:00+00:00,28.148561,0.45000002,0.15794791,Henan
2025-06-09 00:00:00+00:00,28.60221,0.025,0.16526042,Henan
2025-06-10 00:00:00+00:00,27.249603,0.275,0.16469792,Henan
2025-06-11 00:00:00+00:00,28.05846,0.15,0.15940626,Henan
2025-06-12 00:00:00+00:00,28.187626,0,0.15563543,Henan
2025-06-13 00:00:00+00:00,30.07356,0,0.15663542,Henan
2025-06-14 00:00:00+00:00,29.294397,5.55,0.15858334,Henan
2025-06-15 00:00:00+00:00,28.686062,0,0.15790626,Henan
2025-06-16 00:00:00+00:00,29.995958,0,0.15594792,Henan
2025-06-17 00:00:00+00:00,32.611588,0.025,0.15370834,Henan
2025-06-18 00:00:00+00:00,28.921999,23.700003,0.160625,Henan
2025-06-19 00:00:00+00:00,24.652208,68.049995,0.28740624,Henan
2025-06-20 00:00:00+00:00,26.500124,2.225,0.37119794,Henan
2025-06-21 00:00:00+00:00,24.644398,1.225,0.3578646,Henan
2025-06-22 00:00:00+00:00,26.001167,0,0.33606255,Henan
2025-06-23 00:00:00+00:00,24.55377,0.275,0.31516668,Henan
2025-06-24 00:00:00+00:00,25.982414,0,0.29288542,Henan
2025-06-25 00:00:00+00:00,23.979813,25.125,0.28978124,Henan
2025-06-26 00:00:00+00:00,22.231895,7.2,0.35452086,Henan
2025-06-27 00:00:00+00:00,26.625647,6.3500004,0.34558332,Henan
2025-06-28 00:00:00+00:00,27.013666,5.8999996,0.3424375,Henan
2025-06-29 00:00:00+00:00,26.331375,0.6,0.33885416,Henan
2025-06-30 00:00:00+00:00,27.638145,15.475001,0.32991666,Henan
2025-07-01 00:00:00+00:00,28.985022,2.925,0.32733336,Henan
2025-07-02 00:00:00+00:00,31.064707,0.05,0.31407297,Henan
2025-07-03 00:00:00+00:00,31.496477,0,0.28798962,Henan
2025-07-04 00:00:00+00:00,31.873562,0,0.26621875,Henan
2025-07-05 00:00:00+00:00,31.567314,0.625,0.24732292,Henan
2025-07-06 00:00:00+00:00,31.55429,0.4,0.22930206,Henan
2025-07-07 00:00:00+00:00,31.023563,3.875,0.22207294,Henan
2025-07-08 00:00:00+00:00,30.717834,0.925,0.22826041,Henan
2025-07-09 00:00:00+00:00,30.392834,0.85,0.22466666,Henan
2025-07-10 00:00:00+00:00,30.176687,0.375,0.21314585,Henan
2025-07-11 00:00:00+00:00,30.204292,0.22500001,0.20630209,Henan
2025-07-12 00:00:00+00:00,30.234497,0.32500002,0.2024479,Henan
2025-07-13 00:00:00+00:00,31.52304,0,0.19547918,Henan
2025-07-14 00:00:00+00:00,32.419395,0.15,0.18953125,Henan
2025-07-15 00:00:00+00:00,33.67356,0,0.19601041,Henan
2025-07-16 00:00:00+00:00,32.287106,1.35,0.20539585,Henan
2025-07-17 00:00:00+00:00,31.144917,0.025,0.20017707,Henan
2025-07-18 00:00:00+00:00,31.104813,0,0.1929375,Henan
2025-07-19 00:00:00+00:00,30.590229,0,0.18760419,Henan
2025-07-20 00:00:00+00:00,30.745438,5.575,0.18463542,Henan
2025-07-21 00:00:00+00:00,28.795437,6.025,0.1722396,Henan
2025-07-22 00:00:00+00:00,28.724604,6.6750007,0.18172917,Henan
2025-07-23 00:00:00+00:00,28.518875,7.45,0.19784373,Henan
2025-07-24 00:00:00+00:00,30.481895,0.7,0.19579165,Henan
2025-07-25 00:00:00+00:00,30.963665,0.05,0.19088544,Henan
2025-07-26 00:00:00+00:00,30.79752,0.05,0.18764582,Henan
2025-07-27 00:00:00+00:00,30.812105,0.40000004,0.18205209,Henan
2025-07-28 00:00:00+00:00,31.008978,0.2,0.17623957,Henan
2025-07-29 00:00:00+00:00,30.31731,1.55,0.17265627,Henan
2025-07-30 00:00:00+00:00,30.811062,0.075,0.17002082,Henan
2025-07-31 00:00:00+00:00,31.111061,0.45,0.16919793,Henan
2025-08-01 00:00:00+00:00,30.331896,1.875,0.17140624,Henan
2025-08-02 00:00:00+00:00,30.708979,0.55,0.17449999,Henan
2025-08-03 00:00:00+00:00,32.70221,0,0.17161456,Henan
2025-08-04 00:00:00+00:00,33.163147,0.2,0.16956252,Henan
2025-08-05 00:00:00+00:00,32.781376,6.1,0.16770832,Henan
2025-08-06 00:00:00+00:00,29.687624,18.449999,0.1988646,Henan
2025-08-07 00:00:00+00:00,29.106375,10.1,0.22329167,Henan
2025-08-08 00:00:00+00:00,29.11002,14.8,0.24130207,Henan
2025-08-09 00:00:00+00:00,26.45221,18.475002,0.301125,Henan
2025-08-10 00:00:00+00:00,25.591272,8.475,0.33895832,Henan
2025-08-11 00:00:00+00:00,25.749084,0.15,0.34885418,Henan
2025-08-12 00:00:00+00:00,25.85377,0.85,0.33395833,Henan
2025-08-13 00:00:00+00:00,26.75742,1.3,0.31832293,Henan
2025-08-14 00:00:00+00:00,27.594917,0.825,0.31125,Henan
2025-08-15 00:00:00+00:00,29.212105,1.8,0.28904167,Henan
2025-08-16 00:00:00+00:00,30.199081,0.125,0.25759375,Henan
2025-08-17 00:00:00+00:00,31.109499,0.05,0.22872916,Henan
2025-08-18 00:00:00+00:00,32.487625,0.05,0.20207292,Henan
2025-08-19 00:00:00+00:00,33.31627,0.025,0.18484375,Henan
2025-08-20 00:00:00+00:00,33.338665,0,0.17885417,Henan
2025-08-21 00:00:00+00:00,32.742313,4.675,0.17297918,Henan
2025-08-22 00:00:00+00:00,31.086063,2.3249998,0.16778126,Henan
2025-08-23 00:00:00+00:00,29.065231,15.474999,0.16246876,Henan
2025-08-24 00:00:00+00:00,26.673563,23.700003,0.16363542,Henan
2025-08-25 00:00:00+00:00,27.485022,13.875,0.18585415,Henan
2025-08-26 00:00:00+00:00,28.240751,5.425,0.24507292,Henan
2025-08-27 00:00:00+00:00,29.946999,0.075,0.23859371,Henan
2025-08-28 00:00:00+00:00,29.507938,7.2,0.22654167,Henan
2025-08-29 00:00:00+00:00,27.600124,5.075,0.2215625,Henan
2025-08-30 00:00:00+00:00,26.325127,9.975,0.21830207,Henan
2025-08-31 00:00:00+00:00,24.446999,4.25,0.23752081,Henan
2025-01-01 00:00:00+00:00,4.8007913,0,0.22816664,Anhui
2025-01-02 00:00:00+00:00,3.1101665,0,0.22058335,Anhui
2025-01-03 00:00:00+00:00,3.400792,0,0.22118749,Anhui
2025-01-04 00:00:00+00:00,6.1268334,0,0.22595832,Anhui
2025-01-05 00:00:00+00:00,5.9174585,0,0.2305417,Anhui
2025-01-06 00:00:00+00:00,1.9924581,0,0.22918747,Anhui
2025-01-07 00:00:00+00:00,1.9976665,0,0.22766665,Anhui
2025-01-08 00:00:00+00:00,0.65704155,0,0.23366666,Anhui
2025-01-09 00:00:00+00:00,-1.1773331,0,0.23747912,Anhui
2025-01-10 00:00:00+00:00,0.004958384,0,0.23708332,Anhui
2025-01-11 00:00:00+00:00,2.2164164,0,0.23677084,Anhui
2025-01-12 00:00:00+00:00,1.8601665,0,0.23447914,Anhui
2025-01-13 00:00:00+00:00,5.6403747,0,0.22968751,Anhui
2025-01-14 00:00:00+00:00,3.5132914,0,0.2166458,Anhui
2025-01-15 00:00:00+00:00,-0.19191651,0,0.21724996,Anhui
2025-01-16 00:00:00+00:00,0.87162507,0,0.21599999,Anhui
2025-01-17 00:00:00+00:00,2.2382913,0,0.21599999,Anhui
2025-01-18 00:00:00+00:00,4.4914165,0,0.21022913,Anhui
2025-01-19 00:00:00+00:00,4.2372494,0,0.20145836,Anhui
2025-01-20 00:00:00+00:00,4.7643332,0,0.20058328,Anhui
2025-01-21 00:00:00+00:00,7.749749,0,0.20029163,Anhui
2025-01-22 00:00:00+00:00,6.616417,0,0.19879168,Anhui
2025-01-23 00:00:00+00:00,6.6466246,3.6999998,0.20197916,Anhui
2025-01-24 00:00:00+00:00,6.001833,9.049999,0.20525002,Anhui
2025-01-25 00:00:00+00:00,3.4997506,9.75,0.21579167,Anhui
2025-01-26 00:00:00+00:00,0.9737084,0.4,0.23910415,Anhui
2025-01-27 00:00:00+00:00,-1.32525,0,0.25508338,Anhui
2025-01-28 00:00:00+00:00,-0.38879156,0,0.2635833,Anhui
2025-01-29 00:00:00+00:00,3.7997494,0,0.2633333,Anhui
2025-01-30 00:00:00+00:00,5.852875,0.40000004,0.26266664,Anhui
2025-01-31 00:00:00+00:00,3.1112084,5.45,0.2589167,Anhui
2025-02-01 00:00:00+00:00,3.6955833,0.40000004,0.26968747,Anhui
2025-02-02 00:00:00+00:00,4.6278753,0,0.27910417,Anhui
2025-02-03 00:00:00+00:00,2.7424579,0.05,0.2836666,Anhui
2025-02-04 00:00:00+00:00,2.5393336,0,0.28485417,Anhui
2025-02-05 00:00:00+00:00,0.8362083,0,0.2866459,Anhui
2025-02-06 00:00:00+00:00,2.3997498,0,0.2845,Anhui
2025-02-07 00:00:00+00:00,-5.0794168,0,0.2839167,Anhui
2025-02-08 00:00:00+00:00,-3.1606667,0,0.28295827,Anhui
2025-02-09 00:00:00+00:00,0.113291726,0,0.2820416,Anhui
2025-02-10 00:00:00+00:00,3.8330832,0,0.27854168,Anhui
2025-02-11 00:00:00+00:00,6.1184998,1.4499999,0.2711458,Anhui
2025-02-12 00:00:00+00:00,2.9872494,0,0.27195835,Anhui
2025-02-13 00:00:00+00:00,3.511208,0,0.274625,Anhui
2025-02-14 00:00:00+00:00,6.645583,0,0.27687502,Anhui
2025-02-15 00:00:00+00:00,7.5872498,0,0.2620833,Anhui
2025-02-16 00:00:00+00:00,7.5393324,0,0.25568748,Anhui
2025-02-17 00:00:00+00:00,5.510166,0,0.26447922,Anhui
2025-02-18 00:00:00+00:00,7.197667,0,0.26333332,Anhui
2025-02-19 00:00:00+00:00,6.606001,0,0.26350003,Anhui
2025-02-20 00:00:00+00:00,4.9414163,0.2,0.26529163,Anhui
2025-02-21 00:00:00+00:00,4.7351665,0.3,0.27783328,Anhui
2025-02-22 00:00:00+00:00,4.835167,0.84999996,0.28939575,Anhui
2025-02-23 00:00:00+00:00,1.2132915,0.40000004,0.29210415,Anhui
2025-02-24 00:00:00+00:00,3.7601666,0,0.29025,Anhui
2025-02-25 00:00:00+00:00,6.540375,0,0.28079164,Anhui
2025-02-26 00:00:00+00:00,9.262249,0,0.27427077,Anhui
2025-02-27 00:00:00+00:00,11.3289175,0,0.25958332,Anhui
2025-02-28 00:00:00+00:00,15.269543,7.15,0.265625,Anhui
2025-03-01 00:00:00+00:00,17.285168,2.1,0.27533332,Anhui
2025-03-02 00:00:00+00:00,7.6570415,15.15,0.2984791,Anhui
2025-03-03 00:00:00+00:00,1.5268334,12.049999,0.2988542,Anhui
2025-03-04 00:00:00+00:00,2.8101666,0.05,0.30968747,Anhui
2025-03-05 00:00:00+00:00,4.892458,0,0.31566668,Anhui
2025-03-06 00:00:00+00:00,6.791417,0,0.31529164,Anhui
2025-03-07 00:00:00+00:00,6.5601664,0,0.31081253,Anhui
2025-03-08 00:00:00+00:00,9.481001,0,0.30079168,Anhui
2025-03-09 00:00:00+00:00,9.994543,0,0.29002082,Anhui
2025-03-10 00:00:00+00:00,11.542458,0,0.28385416,Anhui
2025-03-11 00:00:00+00:00,13.520582,0.45000002,0.28293753,Anhui
2025-03-12 00:00:00+00:00,14.273707,0.35000002,0.28141662,Anhui
2025-03-13 00:00:00+00:00,10.967459,0,0.27956253,Anhui
2025-03-14 00:00:00+00:00,8.96225,4.75,0.27324995,Anhui
2025-03-15 00:00:00+00:00,8.980999,0.5,0.28127086,Anhui
2025-03-16 00:00:00+00:00,4.858083,0,0.28029168,Anhui
2025-03-17 00:00:00+00:00,8.060167,0,0.2689375,Anhui
2025-03-18 00:00:00+00:00,7.1851654,0,0.24408332,Anhui
2025-03-19 00:00:00+00:00,11.095583,0,0.23085418,Anhui
2025-03-20 00:00:00+00:00,14.532041,0,0.21400002,Anhui
2025-03-21 00:00:00+00:00,16.738293,0,0.20000002,Anhui
2025-03-22 00:00:00+00:00,17.850792,0,0.19370832,Anhui
2025-03-23 00:00:00+00:00,18.242458,0,0.19456251,Anhui
2025-03-24 00:00:00+00:00,21.158083,0,0.18418753,Anhui
2025-03-25 00:00:00+00:00,22.768497,0,0.18125,Anhui
2025-03-26 00:00:00+00:00,23.963291,0,0.17479166,Anhui
2025-03-27 00:00:00+00:00,10.987248,2.3999999,0.17450002,Anhui
2025-03-28 00:00:00+00:00,8.963291,0.05,0.17091666,Anhui
2025-03-29 00:00:00+00:00,8.060166,0,0.17341664,Anhui
2025-03-30 00:00:00+00:00,9.885167,0,0.17014584,Anhui
2025-03-31 00:00:00+00:00,11.561207,0,0.16304168,Anhui
2025-04-01 00:00:00+00:00,15.347666,0,0.15760417,Anhui
2025-04-02 00:00:00+00:00,14.233084,0,0.15750001,Anhui
2025-04-03 00:00:00+00:00,16.199749,0,0.15706252,Anhui
2025-04-04 00:00:00+00:00,18.836208,0.2,0.15658337,Anhui
2025-04-05 00:00:00+00:00,15.39975,0,0.15589586,Anhui
2025-04-06 00:00:00+00:00,20.771624,0,0.15514587,Anhui
2025-04-07 00:00:00+00:00,22.092457,0,0.154625,Anhui
2025-04-08 00:00:00+00:00,21.143497,0.9,0.15412502,Anhui
2025-04-09 00:00:00+00:00,20.709126,0,0.15683335,Anhui
2025-04-10 00:00:00+00:00,20.46954,0,0.1611667,Anhui
2025-04-11 00:00:00+00:00,21.710167,7.15,0.17060415,Anhui
2025-04-12 00:00:00+00:00,10.535166,0,0.1784792,Anhui
2025-04-13 00:00:00+00:00,16.621624,0.25,0.17204165,Anhui
2025-04-14 00:00:00+00:00,15.958084,0,0.15891668,Anhui
2025-04-15 00:00:00+00:00,22.828917,0,0.15570834,Anhui
2025-04-16 00:00:00+00:00,25.637253,0,0.15450002,Anhui
2025-04-17 00:00:00+00:00,25.334124,0,0.15366665,Anhui
2025-04-18 00:00:00+00:00,24.102879,0,0.15308332,Anhui
2025-04-19 00:00:00+00:00,19.015375,0,0.154125,Anhui
2025-04-20 00:00:00+00:00,21.228916,0,0.15212503,Anhui
2025-04-21 00:00:00+00:00,20.182041,18.7,0.16339585,Anhui
2025-04-22 00:00:00+00:00,18.001835,0,0.15945832,Anhui
2025-04-23 00:00:00+00:00,20.957043,0,0.15820831,Anhui
2025-04-24 00:00:00+00:00,18.097666,0,0.15602085,Anhui
2025-04-25 00:00:00+00:00,20.155998,0,0.15481247,Anhui
2025-04-26 00:00:00+00:00,23.440372,0.05,0.15364583,Anhui
2025-04-27 00:00:00+00:00,21.457043,0,0.15175,Anhui
2025-04-28 00:00:00+00:00,20.392456,0,0.15452081,Anhui
2025-04-29 00:00:00+00:00,24.101833,0,0.16052082,Anhui
2025-04-30 00:00:00+00:00,25.648708,0,0.1616458,Anhui
2025-05-01 00:00:00+00:00,22.302874,0,0.16212499,Anhui
2025-05-02 00:00:00+00:00,26.569544,0.35,0.1631875,Anhui
2025-05-03 00:00:00+00:00,18.789333,0,0.16179165,Anhui
2025-05-04 00:00:00+00:00,21.389332,7.8999996,0.15981251,Anhui
2025-05-05 00:00:00+00:00,20.63829,0.1,0.1620833,Anhui
2025-05-06 00:00:00+00:00,19.91954,0,0.15960413,Anhui
2025-05-07 00:00:00+00:00,23.664333,0,0.15835413,Anhui
2025-05-08 00:00:00+00:00,18.004955,24.550003,0.17827083,Anhui
2025-05-09 00:00:00+00:00,18.51225,0.35000002,0.20858335,Anhui
2025-05-10 00:00:00+00:00,16.548708,0.40000004,0.208125,Anhui
2025-05-11 00:00:00+00:00,21.690372,0,0.19939584,Anhui
2025-05-12 00:00:00+00:00,25.095585,0,0.17881253,Anhui
2025-05-13 00:00:00+00:00,26.702873,0,0.16843748,Anhui
2025-05-14 00:00:00+00:00,24.30183,4.1,0.1775625,Anhui
2025-05-15 00:00:00+00:00,22.84871,0.35000002,0.18633333,Anhui
2025-05-16 00:00:00+00:00,25.814335,0,0.18956247,Anhui
2025-05-17 00:00:00+00:00,22.988295,0,0.18899998,Anhui
2025-05-18 00:00:00+00:00,24.332043,0,0.17812498,Anhui
2025-05-19 00:00:00+00:00,30.65496,0,0.17141664,Anhui
2025-05-20 00:00:00+00:00,30.078915,0.55,0.16620833,Anhui
2025-05-21 00:00:00+00:00,30.194538,0.2,0.16156249,Anhui
2025-05-22 00:00:00+00:00,24.665375,34.3,0.17233332,Anhui
2025-05-23 00:00:00+00:00,19.23204,0,0.16527084,Anhui
2025-05-24 00:00:00+00:00,19.160168,0,0.16170834,Anhui
2025-05-25 00:00:00+00:00,22.134129,0.3,0.15502086,Anhui
2025-05-26 00:00:00+00:00,22.073708,0.3,0.15043749,Anhui
2025-05-27 00:00:00+00:00,24.049747,0,0.14704171,Anhui
2025-05-28 00:00:00+00:00,24.747665,0,0.14604169,Anhui
2025-05-29 00:00:00+00:00,25.6935,0,0.14552087,Anhui
2025-05-30 00:00:00+00:00,27.563293,0.2,0.14550003,Anhui
2025-05-31 00:00:00+00:00,20.615376,11.200001,0.14625001,Anhui
2025-06-01 00:00:00+00:00,19.52892,4.5499997,0.15116665,Anhui
2025-06-02 00:00:00+00:00,20.447666,0.40000004,0.16506249,Anhui
2025-06-03 00:00:00+00:00,24.740374,0,0.17031252,Anhui
2025-06-04 00:00:00+00:00,28.794542,0,0.16516665,Anhui
2025-06-05 00:00:00+00:00,30.010166,0,0.15862498,Anhui
2025-06-06 00:00:00+00:00,30.176836,5.65,0.15266669,Anhui
2025-06-07 00:00:00+00:00,27.518501,0.90000004,0.15924999,Anhui
2025-06-08 00:00:00+00:00,27.932045,0.05,0.17354168,Anhui
2025-06-09 00:00:00+00:00,28.476837,0,0.1818958,Anhui
2025-06-10 00:00:00+00:00,25.901836,0.05,0.18681249,Anhui
2025-06-11 00:00:00+00:00,26.101833,0.1,0.18802084,Anhui
2025-06-12 00:00:00+00:00,25.751835,0,0.184125,Anhui
2025-06-13 00:00:00+00:00,28.416416,0.25,0.18329172,Anhui
2025-06-14 00:00:00+00:00,29.708088,1.55,0.18266669,Anhui
2025-06-15 00:00:00+00:00,28.690374,0,0.18479171,Anhui
2025-06-16 00:00:00+00:00,28.978918,0,0.18068752,Anhui
2025-06-17 00:00:00+00:00,30.852875,0.70000005,0.17206252,Anhui
2025-06-18 00:00:00+00:00,30.921625,0.70000005,0.16516668,Anhui
2025-06-19 00:00:00+00:00,25.573711,76.7,0.22952086,Anhui
2025-06-20 00:00:00+00:00,25.122667,58.60001,0.41489583,Anhui
2025-06-21 00:00:00+00:00,22.703915,1.4000001,0.39293754,Anhui
2025-06-22 00:00:00+00:00,24.538294,0,0.3692708,Anhui
2025-06-23 00:00:00+00:00,23.883083,1.2,0.35108334,Anhui
2025-06-24 00:00:00+00:00,24.999752,0,0.33045834,Anhui
2025-06-25 00:00:00+00:00,25.896626,10.750001,0.3148958,Anhui
2025-06-26 00:00:00+00:00,24.10496,15.5,0.35827088,Anhui
2025-06-27 00:00:00+00:00,26.014334,10.6,0.3532917,Anhui
2025-06-28 00:00:00+00:00,26.275793,17.85,0.3758542,Anhui
2025-06-29 00:00:00+00:00,25.96225,5.55,0.3585,Anhui
2025-06-30 00:00:00+00:00,28.58308,2.85,0.34268752,Anhui
2025-07-01 00:00:00+00:00,30.123707,0.2,0.3228125,Anhui
2025-07-02 00:00:00+00:00,31.682041,0,0.2961042,Anhui
2025-07-03 00:00:00+00:00,32.326836,0,0.2619792,Anhui
2025-07-04 00:00:00+00:00,32.894547,0,0.2323333,Anhui
2025-07-05 00:00:00+00:00,33.478912,0,0.21354167,Anhui
2025-07-06 00:00:00+00:00,32.777874,0.1,0.19918749,Anhui
2025-07-07 00:00:00+00:00,31.744545,1.4,0.19314583,Anhui
2025-07-08 00:00:00+00:00,30.858086,1.05,0.19785416,Anhui
2025-07-09 00:00:00+00:00,30.66121,0.3,0.19987503,Anhui
2025-07-10 00:00:00+00:00,29.657042,0.45000002,0.20225003,Anhui
2025-07-11 00:00:00+00:00,29.585165,0.4,0.20681253,Anhui
2025-07-12 00:00:00+00:00,29.228916,1.7,0.20616664,Anhui
2025-07-13 00:00:00+00:00,31.040375,0,0.20027083,Anhui
2025-07-14 00:00:00+00:00,30.633081,0.25,0.20070834,Anhui
2025-07-15 00:00:00+00:00,32.61746,0.55,0.20497917,Anhui
2025-07-16 00:00:00+00:00,31.09871,6.4,0.21187499,Anhui
2025-07-17 00:00:00+00:00,29.530998,0,0.20116669,Anhui
2025-07-18 00:00:00+00:00,29.957043,0,0.19185418,Anhui
2025-07-19 00:00:00+00:00,30.184128,0.55,0.18920833,Anhui
2025-07-20 00:00:00+00:00,32.078915,0.35000002,0.18564582,Anhui
2025-07-21 00:00:00+00:00,30.910166,13.500001,0.17993751,Anhui
2025-07-22 00:00:00+00:00,29.761208,7.8500004,0.17622918,Anhui
2025-07-23 00:00:00+00:00,30.589333,1.0999999,0.17489588,Anhui
2025-07-24 00:00:00+00:00,31.490376,0.2,0.17199999,Anhui
2025-07-25 00:00:00+00:00,30.906002,0.75,0.17447917,Anhui
2025-07-26 00:00:00+00:00,30.34142,0.15,0.17837499,Anhui
2025-07-27 00:00:00+00:00,30.278921,0.55,0.17766666,Anhui
2025-07-28 00:00:00+00:00,29.777874,3,0.177625,Anhui
2025-07-29 00:00:00+00:00,29.04454,3.15,0.17727086,Anhui
2025-07-30 00:00:00+00:00,28.944542,2.75,0.1779167,Anhui
2025-07-31 00:00:00+00:00,28.312252,9.700001,0.19866666,Anhui
2025-08-01 00:00:00+00:00,27.4435,4.9499993,0.2318125,Anhui
2025-08-02 00:00:00+00:00,28.394543,1.6500001,0.2581875,Anhui
2025-08-03 00:00:00+00:00,30.015379,0,0.2571041,Anhui
2025-08-04 00:00:00+00:00,31.03725,0.1,0.24714583,Anhui
2025-08-05 00:00:00+00:00,31.483082,0.9000001,0.23720832,Anhui
2025-08-06 00:00:00+00:00,31.098713,1.2499999,0.22825003,Anhui
2025-08-07 00:00:00+00:00,29.702873,4.6000004,0.21897916,Anhui
2025-08-08 00:00:00+00:00,29.266418,6.75,0.22070831,Anhui
2025-08-09 00:00:00+00:00,27.60287,25.05,0.25010416,Anhui
2025-08-10 00:00:00+00:00,25.772669,15.050001,0.3350417,Anhui
2025-08-11 00:00:00+00:00,25.153915,2.4,0.39081252,Anhui
2025-08-12 00:00:00+00:00,25.275791,2.2,0.37979168,Anhui
2025-08-13 00:00:00+00:00,26.73829,9,0.36729166,Anhui
2025-08-14 00:00:00+00:00,28.509125,0.8,0.3493958,Anhui
2025-08-15 00:00:00+00:00,29.526833,1.4,0.32956254,Anhui
2025-08-16 00:00:00+00:00,30.45079,0.05,0.30400002,Anhui
2025-08-17 00:00:00+00:00,30.752876,0,0.28025004,Anhui
2025-08-18 00:00:00+00:00,30.919544,0,0.26006246,Anhui
2025-08-19 00:00:00+00:00,31.613293,0,0.24191667,Anhui
2025-08-20 00:00:00+00:00,32.032043,0,0.22920838,Anhui
2025-08-21 00:00:00+00:00,32.11538,0,0.21868746,Anhui
2025-08-22 00:00:00+00:00,30.041418,1.4000001,0.21391664,Anhui
2025-08-23 00:00:00+00:00,29.159122,12.699999,0.20720835,Anhui
2025-08-24 00:00:00+00:00,28.750792,7.6,0.198625,Anhui
2025-08-25 00:00:00+00:00,27.57579,10.5,0.21147913,Anhui
2025-08-26 00:00:00+00:00,27.132042,17.7,0.23233333,Anhui
2025-08-27 00:00:00+00:00,29.532043,0.3,0.22866666,Anhui
2025-08-28 00:00:00+00:00,30.185165,3.1999998,0.22220835,Anhui
2025-08-29 00:00:00+00:00,28.42683,13.6,0.22004166,Anhui
2025-08-30 00:00:00+00:00,26.588291,18.9,0.23910415,Anhui
2025-08-31 00:00:00+00:00,25.248707,5.25,0.25954163,Anhui