date,temperature_2m_mean,precipitation_sum,soil_moisture_7_to_28cm_mean,name
2020-01-01 00:00:00+00:00,3.5895,0.0,0.3058541,Spain
2020-01-02 00:00:00+00:00,2.5051248,0.0,0.3043958,Spain
2020-01-03 00:00:00+00:00,2.9358542,0.0,0.3036042,Spain
2020-01-04 00:00:00+00:00,4.118146,0.1,0.30164585,Spain
2020-01-05 00:00:00+00:00,5.2790833,0.0,0.29830205,Spain
2020-01-06 00:00:00+00:00,2.9415832,0.0,0.29557294,Spain
2020-01-07 00:00:00+00:00,3.9009585,0.0,0.2941146,Spain
2020-01-08 00:00:00+00:00,5.08325,0.0,0.29019788,Spain
2020-01-09 00:00:00+00:00,4.945229,0.125,0.28559375,Spain
2020-01-10 00:00:00+00:00,4.905125,0.22500002,0.28272915,Spain
2020-01-11 00:00:00+00:00,2.6556458,0.0,0.27800003,Spain
2020-01-12 00:00:00+00:00,2.1837707,0.0,0.2759271,Spain
2020-01-13 00:00:00+00:00,1.3822085,0.0,0.2750208,Spain
2020-01-14 00:00:00+00:00,2.254604,0.0,0.27482292,Spain
2020-01-15 00:00:00+00:00,5.1134577,0.175,0.2726667,Spain
2020-01-16 00:00:00+00:00,7.1155415,0.6,0.27039576,Spain
2020-01-17 00:00:00+00:00,6.2629375,0.675,0.26678127,Spain
2020-01-18 00:00:00+00:00,5.621792,3.0,0.26407295,Spain
2020-01-19 00:00:00+00:00,3.4077291,4.15,0.26451045,Spain
2020-01-20 00:00:00+00:00,1.3645,1.625,0.2655,Spain
2020-01-21 00:00:00+00:00,3.027,8.975,0.26864582,Spain
2020-01-22 00:00:00+00:00,4.5223126,2.275,0.29492706,Spain
2020-01-23 00:00:00+00:00,4.3926253,0.025,0.30484372,Spain
2020-01-24 00:00:00+00:00,4.993146,3.125,0.30474997,Spain
2020-01-25 00:00:00+00:00,4.9467916,7.3250003,0.31464583,Spain
2020-01-26 00:00:00+00:00,4.8118963,0.3,0.3185833,Spain
2020-01-27 00:00:00+00:00,4.9405413,0.8999999,0.31630206,Spain
2020-01-28 00:00:00+00:00,8.500437,1.525,0.31425002,Spain
2020-01-29 00:00:00+00:00,8.787938,1.7999998,0.31326044,Spain
2020-01-30 00:00:00+00:00,8.57648,1.125,0.31146875,Spain
2020-01-31 00:00:00+00:00,9.905645,0.47500002,0.3098021,Spain
2020-02-01 00:00:00+00:00,11.012417,0.975,0.30759376,Spain
2020-02-02 00:00:00+00:00,10.215542,0.0,0.3034063,Spain
2020-02-03 00:00:00+00:00,10.406166,0.0,0.30006254,Spain
2020-02-04 00:00:00+00:00,9.165021,0.05,0.29602084,Spain
2020-02-05 00:00:00+00:00,6.390541,0.0,0.2922292,Spain
2020-02-06 00:00:00+00:00,6.2436666,0.0,0.28826043,Spain
2020-02-07 00:00:00+00:00,6.910333,0.0,0.28497916,Spain
2020-02-08 00:00:00+00:00,7.2535625,1.1999999,0.28096876,Spain
2020-02-09 00:00:00+00:00,7.394708,0.0,0.27834377,Spain
2020-02-10 00:00:00+00:00,9.73325,0.0,0.27603126,Spain
2020-02-11 00:00:00+00:00,9.522313,0.025,0.27175,Spain
2020-02-12 00:00:00+00:00,9.262417,0.22500001,0.26959372,Spain
2020-02-13 00:00:00+00:00,9.663459,0.525,0.26841667,Spain
2020-02-14 00:00:00+00:00,8.804605,0.0,0.26611456,Spain
2020-02-15 00:00:00+00:00,8.448875,0.0,0.2614375,Spain
2020-02-16 00:00:00+00:00,9.495749,0.0,0.25619793,Spain
2020-02-17 00:00:00+00:00,8.9712715,0.775,0.24961461,Spain
2020-02-18 00:00:00+00:00,7.003563,0.32500002,0.24801041,Spain
2020-02-19 00:00:00+00:00,6.5785623,0.0,0.24953122,Spain
2020-02-20 00:00:00+00:00,6.916584,0.0,0.24567711,Spain
2020-02-21 00:00:00+00:00,8.961896,0.0,0.24037503,Spain
2020-02-22 00:00:00+00:00,9.850437,0.0,0.23168749,Spain
2020-02-23 00:00:00+00:00,10.551479,0.0,0.21954168,Spain
2020-02-24 00:00:00+00:00,10.704083,0.0,0.2118646,Spain
2020-02-25 00:00:00+00:00,9.394188,0.47500002,0.20486458,Spain
2020-02-26 00:00:00+00:00,7.7936664,0.0,0.19989584,Spain
2020-02-27 00:00:00+00:00,8.837416,0.0,0.19564581,Spain
2020-02-28 00:00:00+00:00,10.466583,0.0,0.19212502,Spain
2020-02-29 00:00:00+00:00,9.67075,0.375,0.18492709,Spain
2020-03-01 00:00:00+00:00,9.836896,3.775,0.18366668,Spain
2020-03-02 00:00:00+00:00,7.8400207,8.725,0.18315627,Spain
2020-03-03 00:00:00+00:00,8.425959,1.8500001,0.1879896,Spain
2020-03-04 00:00:00+00:00,11.307208,0.075,0.19085415,Spain
2020-03-05 00:00:00+00:00,9.682209,1.7,0.18971878,Spain
2020-03-06 00:00:00+00:00,5.78325,1.125,0.19023958,Spain
2020-03-07 00:00:00+00:00,7.116583,0.075,0.191125,Spain
2020-03-08 00:00:00+00:00,8.216063,0.025,0.18922916,Spain
2020-03-09 00:00:00+00:00,8.936375,0.1,0.18780209,Spain
2020-03-10 00:00:00+00:00,11.812938,0.0,0.1858958,Spain
2020-03-11 00:00:00+00:00,14.834292,0.0,0.18213543,Spain
2020-03-12 00:00:00+00:00,14.962417,0.025,0.17992707,Spain
2020-03-13 00:00:00+00:00,12.491583,0.075,0.1788125,Spain
2020-03-14 00:00:00+00:00,10.969709,0.075,0.17728123,Spain
2020-03-15 00:00:00+00:00,11.037937,4.75,0.17367709,Spain
2020-03-16 00:00:00+00:00,5.223875,21.724998,0.18734376,Spain
2020-03-17 00:00:00+00:00,8.813458,7.2,0.24565627,Spain
2020-03-18 00:00:00+00:00,10.954604,0.175,0.25415623,Spain
2020-03-19 00:00:00+00:00,10.765541,0.84999996,0.25296876,Spain
2020-03-20 00:00:00+00:00,9.575437,1.6,0.2500834,Spain
2020-03-21 00:00:00+00:00,8.111376,2.3000002,0.25001043,Spain
2020-03-22 00:00:00+00:00,8.418667,5.3250003,0.24980207,Spain
2020-03-23 00:00:00+00:00,8.74575,3.6999998,0.25377083,Spain
2020-03-24 00:00:00+00:00,8.926479,1.025,0.25624996,Spain
2020-03-25 00:00:00+00:00,8.407208,0.5,0.25482294,Spain
2020-03-26 00:00:00+00:00,6.584813,0.5,0.250375,Spain
2020-03-27 00:00:00+00:00,5.488979,3.6000001,0.2495625,Spain
2020-03-28 00:00:00+00:00,7.8603334,0.025,0.2554896,Spain
2020-03-29 00:00:00+00:00,9.272313,0.0,0.24673957,Spain
2020-03-30 00:00:00+00:00,5.1874166,2.8000002,0.24320835,Spain
2020-03-31 00:00:00+00:00,4.64575,15.924999,0.25326043,Spain
2020-04-01 00:00:00+00:00,7.407729,11.074999,0.29541665,Spain
2020-04-02 00:00:00+00:00,7.941063,3.2,0.30769795,Spain
2020-04-03 00:00:00+00:00,7.632729,0.0,0.2975729,Spain
2020-04-04 00:00:00+00:00,10.17075,0.075,0.28575,Spain
2020-04-05 00:00:00+00:00,11.356688,4.525,0.27446875,Spain
2020-04-06 00:00:00+00:00,11.562939,4.45,0.28215623,Spain
2020-04-07 00:00:00+00:00,12.043667,6.575,0.28869793,Spain
2020-04-08 00:00:00+00:00,13.254604,1.6499999,0.29437503,Spain
2020-04-09 00:00:00+00:00,12.684813,6.1499996,0.2882396,Spain
2020-04-10 00:00:00+00:00,11.799917,8.6,0.30346876,Spain
2020-04-11 00:00:00+00:00,12.484292,3.1750002,0.31045833,Spain
2020-04-12 00:00:00+00:00,12.313458,1.3,0.30510414,Spain
2020-04-13 00:00:00+00:00,11.52075,0.75,0.29794794,Spain
2020-04-14 00:00:00+00:00,12.100959,5.45,0.29557294,Spain
2020-04-15 00:00:00+00:00,11.127521,12.375001,0.30650002,Spain
2020-04-16 00:00:00+00:00,11.941063,6.5000005,0.30915624,Spain
2020-04-17 00:00:00+00:00,12.249396,2.525,0.31006253,Spain
2020-04-18 00:00:00+00:00,12.553562,4.275,0.30712503,Spain
2020-04-19 00:00:00+00:00,11.695229,2.3500001,0.30779165,Spain
2020-04-20 00:00:00+00:00,11.2056465,0.425,0.31079167,Spain
2020-04-21 00:00:00+00:00,10.153042,5.3999996,0.30868748,Spain
2020-04-22 00:00:00+00:00,11.758771,0.22500001,0.31315625,Spain
2020-04-23 00:00:00+00:00,13.285854,0.50000006,0.3101146,Spain
2020-04-24 00:00:00+00:00,14.285334,1.4000001,0.30205205,Spain
2020-04-25 00:00:00+00:00,13.92075,3.175,0.29254168,Spain
2020-04-26 00:00:00+00:00,13.118145,2.525,0.2893646,Spain
2020-04-27 00:00:00+00:00,11.275437,5.6000004,0.29073957,Spain
2020-04-28 00:00:00+00:00,10.488979,0.05,0.29355207,Spain
2020-04-29 00:00:00+00:00,11.520228,0.1,0.2887708,Spain
2020-04-30 00:00:00+00:00,12.310854,0.65000004,0.2825625,Spain
2020-05-01 00:00:00+00:00,14.929605,0.025,0.2765833,Spain
2020-05-02 00:00:00+00:00,16.562939,0.05,0.26924998,Spain
2020-05-03 00:00:00+00:00,18.643147,0.0,0.25853127,Spain
2020-05-04 00:00:00+00:00,20.524918,0.075,0.2491771,Spain
2020-05-05 00:00:00+00:00,16.887938,0.0,0.24023959,Spain
2020-05-06 00:00:00+00:00,17.293667,0.0,0.23115624,Spain
2020-05-07 00:00:00+00:00,19.13377,0.15,0.22167708,Spain
2020-05-08 00:00:00+00:00,18.248354,5.175,0.21613543,Spain
2020-05-09 00:00:00+00:00,16.367624,1.1,0.21563542,Spain
2020-05-10 00:00:00+00:00,12.904083,7.2250004,0.21551043,Spain
2020-05-11 00:00:00+00:00,13.22752,2.5749998,0.21860415,Spain
2020-05-12 00:00:00+00:00,11.603041,15.75,0.2265104,Spain
2020-05-13 00:00:00+00:00,12.479605,3.3,0.25662503,Spain
2020-05-14 00:00:00+00:00,11.167104,8.375001,0.26967707,Spain
2020-05-15 00:00:00+00:00,11.074917,3.5,0.28567708,Spain
2020-05-16 00:00:00+00:00,12.021271,0.9000001,0.29674998,Spain
2020-05-17 00:00:00+00:00,13.172313,0.075,0.29480207,Spain
2020-05-18 00:00:00+00:00,15.807207,0.0,0.28569794,Spain
2020-05-19 00:00:00+00:00,17.562937,0.1,0.27209374,Spain
2020-05-20 00:00:00+00:00,19.841583,0.0,0.25890628,Spain
2020-05-21 00:00:00+00:00,21.2395,0.0,0.24386458,Spain
2020-05-22 00:00:00+00:00,22.608772,0.0,0.23169795,Spain
2020-05-23 00:00:00+00:00,20.017626,0.0,0.22326042,Spain
2020-05-24 00:00:00+00:00,19.574394,0.025,0.21766667,Spain
2020-05-25 00:00:00+00:00,19.49731,2.525,0.21370833,Spain
2020-05-26 00:00:00+00:00,19.005125,1.8500001,0.21117707,Spain
2020-05-27 00:00:00+00:00,20.516582,0.0,0.20951045,Spain
2020-05-28 00:00:00+00:00,20.788458,0.0,0.2057604,Spain
2020-05-29 00:00:00+00:00,21.937937,0.0,0.20278123,Spain
2020-05-30 00:00:00+00:00,21.66502,0.0,0.19892707,Spain
2020-05-31 00:00:00+00:00,20.824396,1.9,0.19642709,Spain
2020-06-01 00:00:00+00:00,20.04002,1.35,0.19643752,Spain
2020-06-02 00:00:00+00:00,21.375439,0.025,0.19364585,Spain
2020-06-03 00:00:00+00:00,19.456167,4.9750004,0.18784377,Spain
2020-06-04 00:00:00+00:00,15.428041,5.2000003,0.18276043,Spain
2020-06-05 00:00:00+00:00,17.126478,0.0,0.17944792,Spain
2020-06-06 00:00:00+00:00,17.857208,2.475,0.17151043,Spain
2020-06-07 00:00:00+00:00,14.848355,2.35,0.16906253,Spain
2020-06-08 00:00:00+00:00,13.516582,0.175,0.1696146,Spain
2020-06-09 00:00:00+00:00,13.812416,0.0,0.16820833,Spain
2020-06-10 00:00:00+00:00,15.79627,0.0,0.16555208,Spain
2020-06-11 00:00:00+00:00,15.982208,0.35000002,0.16205211,Spain
2020-06-12 00:00:00+00:00,13.373875,1.425,0.16231251,Spain
2020-06-13 00:00:00+00:00,14.821793,0.0,0.16351041,Spain
2020-06-14 00:00:00+00:00,16.54002,0.025,0.16306251,Spain
2020-06-15 00:00:00+00:00,17.19575,0.125,0.16125,Spain
2020-06-16 00:00:00+00:00,16.907207,0.625,0.16038541,Spain
2020-06-17 00:00:00+00:00,16.354084,0.22500001,0.15904166,Spain
2020-06-18 00:00:00+00:00,17.692627,0.22500001,0.15761457,Spain
2020-06-19 00:00:00+00:00,19.741581,0.0,0.15369791,Spain
2020-06-20 00:00:00+00:00,21.59471,0.0,0.1499375,Spain
2020-06-21 00:00:00+00:00,22.816586,0.0,0.1468021,Spain
2020-06-22 00:00:00+00:00,23.634813,0.0,0.14456248,Spain
2020-06-23 00:00:00+00:00,25.583773,0.0,0.1438854,Spain
2020-06-24 00:00:00+00:00,25.45617,0.225,0.14272915,Spain
2020-06-25 00:00:00+00:00,24.23221,0.47500002,0.1459896,Spain
2020-06-26 00:00:00+00:00,22.686895,0.275,0.15083334,Spain
2020-06-27 00:00:00+00:00,22.30981,0.0,0.15260418,Spain
2020-06-28 00:00:00+00:00,23.629604,0.0,0.15044793,Spain
2020-06-29 00:00:00+00:00,24.445751,0.0,0.14726043,Spain
2020-06-30 00:00:00+00:00,25.772312,0.0,0.14632289,Spain
2020-07-01 00:00:00+00:00,25.138979,0.0,0.14803125,Spain
2020-07-02 00:00:00+00:00,22.098354,0.0,0.14771873,Spain
2020-07-03 00:00:00+00:00,20.453041,0.0,0.14617708,Spain
2020-07-04 00:00:00+00:00,22.707209,0.0,0.1448021,Spain
2020-07-05 00:00:00+00:00,25.650959,0.0,0.14292708,Spain
2020-07-06 00:00:00+00:00,24.702,0.0,0.14184377,Spain
2020-07-07 00:00:00+00:00,25.436897,0.0,0.14129163,Spain
2020-07-08 00:00:00+00:00,26.27127,0.0,0.14086458,Spain
2020-07-09 00:00:00+00:00,24.70773,0.82500005,0.138625,Spain
2020-07-10 00:00:00+00:00,23.471272,0.1,0.14113542,Spain
2020-07-11 00:00:00+00:00,24.077522,0.0,0.14032291,Spain
2020-07-12 00:00:00+00:00,23.460854,2.625,0.14119792,Spain
2020-07-13 00:00:00+00:00,23.265022,0.05,0.14014581,Spain
2020-07-14 00:00:00+00:00,21.680645,0.5,0.13865623,Spain
2020-07-15 00:00:00+00:00,21.119186,0.0,0.13970834,Spain
2020-07-16 00:00:00+00:00,22.616064,0.0,0.13979165,Spain
2020-07-17 00:00:00+00:00,22.762417,0.0,0.13988543,Spain
2020-07-18 00:00:00+00:00,24.011896,0.0,0.13939585,Spain
2020-07-19 00:00:00+00:00,26.654606,0.0,0.136625,Spain
2020-07-20 00:00:00+00:00,26.48898,0.0,0.13564585,Spain
2020-07-21 00:00:00+00:00,26.41554,0.1,0.13787505,Spain
2020-07-22 00:00:00+00:00,25.253563,0.375,0.1351771,Spain
2020-07-23 00:00:00+00:00,26.128563,0.025,0.13229167,Spain
2020-07-24 00:00:00+00:00,25.091063,0.0,0.13139586,Spain
2020-07-25 00:00:00+00:00,25.750439,0.0,0.13013545,Spain
2020-07-26 00:00:00+00:00,27.17804,0.0,0.12967709,Spain
2020-07-27 00:00:00+00:00,29.105127,0.0,0.13022916,Spain
2020-07-28 00:00:00+00:00,26.284292,0.0,0.13012499,Spain
2020-07-29 00:00:00+00:00,26.86398,0.0,0.13040625,Spain
2020-07-30 00:00:00+00:00,28.912937,0.025,0.13017708,Spain
2020-07-31 00:00:00+00:00,28.828564,0.0,0.13001041,Spain
2020-08-01 00:00:00+00:00,26.365541,0.0,0.12900001,Spain
2020-08-02 00:00:00+00:00,23.962418,0.0,0.12764584,Spain
2020-08-03 00:00:00+00:00,22.286896,0.0,0.12752086,Spain
2020-08-04 00:00:00+00:00,22.559292,0.0,0.12687501,Spain
2020-08-05 00:00:00+00:00,25.488459,0.0,0.12639585,Spain
2020-08-06 00:00:00+00:00,28.278042,0.0,0.12612502,Spain
2020-08-07 00:00:00+00:00,28.909292,0.125,0.126375,Spain
2020-08-08 00:00:00+00:00,28.577,0.05,0.12575,Spain
2020-08-09 00:00:00+00:00,28.728561,0.0,0.126625,Spain
2020-08-10 00:00:00+00:00,26.553562,0.125,0.12699999,Spain
2020-08-11 00:00:00+00:00,23.460854,5.2250004,0.1291354,Spain
2020-08-12 00:00:00+00:00,20.494186,2.1999998,0.13219793,Spain
2020-08-13 00:00:00+00:00,21.293146,0.075,0.13430208,Spain
2020-08-14 00:00:00+00:00,22.576477,0.0,0.12923959,Spain
2020-08-15 00:00:00+00:00,22.00721,0.0,0.12512498,Spain
2020-08-16 00:00:00+00:00,20.012417,0.0,0.12328125,Spain
2020-08-17 00:00:00+00:00,20.570229,1.1,0.12475,Spain
2020-08-18 00:00:00+00:00,21.620749,0.37500003,0.12615626,Spain
2020-08-19 00:00:00+00:00,24.37804,0.0,0.12601043,Spain
2020-08-20 00:00:00+00:00,24.679085,4.425,0.123208344,Spain
2020-08-21 00:00:00+00:00,23.184292,0.025,0.12422917,Spain
2020-08-22 00:00:00+00:00,22.20252,0.0,0.1235625,Spain
2020-08-23 00:00:00+00:00,22.123354,0.0,0.12123957,Spain
2020-08-24 00:00:00+00:00,22.579082,0.0,0.11837499,Spain
2020-08-25 00:00:00+00:00,24.930126,0.0,0.11774999,Spain
2020-08-26 00:00:00+00:00,25.75252,0.0,0.117125,Spain
2020-08-27 00:00:00+00:00,26.169186,0.0,0.11598958,Spain
2020-08-28 00:00:00+00:00,22.266584,0.0,0.11512501,Spain
2020-08-29 00:00:00+00:00,16.393147,0.0,0.115000024,Spain
2020-08-30 00:00:00+00:00,14.941584,0.0,0.115375,Spain
2020-08-31 00:00:00+00:00,16.952522,0.0,0.11525,Spain
2020-09-01 00:00:00+00:00,19.410852,0.0,0.11462502,Spain
2020-09-02 00:00:00+00:00,19.62804,0.0,0.11524999,Spain
2020-09-03 00:00:00+00:00,21.565542,0.0,0.114250004,Spain
2020-09-04 00:00:00+00:00,23.19054,0.0,0.114250004,Spain
2020-09-05 00:00:00+00:00,22.685333,0.0,0.11401039,Spain
2020-09-06 00:00:00+00:00,20.662937,0.0,0.11399998,Spain
2020-09-07 00:00:00+00:00,17.798874,0.0,0.11437498,Spain
2020-09-08 00:00:00+00:00,18.059813,0.0,0.114749976,Spain
2020-09-09 00:00:00+00:00,20.31554,0.0,0.11449998,Spain
2020-09-10 00:00:00+00:00,21.375957,0.0,0.11449998,Spain
2020-09-11 00:00:00+00:00,22.205647,0.0,0.11449998,Spain
2020-09-12 00:00:00+00:00,23.188978,0.0,0.11337501,Spain
2020-09-13 00:00:00+00:00,23.886375,0.025,0.11299999,Spain
2020-09-14 00:00:00+00:00,23.07127,0.6,0.11290625,Spain
2020-09-15 00:00:00+00:00,22.082207,0.52500004,0.11362499,Spain
2020-09-16 00:00:00+00:00,22.68273,0.325,0.113125,Spain
2020-09-17 00:00:00+00:00,21.16502,5.6,0.11121875,Spain
2020-09-18 00:00:00+00:00,18.131687,13.400001,0.13579166,Spain
2020-09-19 00:00:00+00:00,16.047314,8.000001,0.16223958,Spain
2020-09-20 00:00:00+00:00,16.150959,9.5,0.19159375,Spain
2020-09-21 00:00:00+00:00,16.429083,0.35,0.20454165,Spain
2020-09-22 00:00:00+00:00,16.743145,0.1,0.20158333,Spain
2020-09-23 00:00:00+00:00,17.223873,2.9500003,0.1973229,Spain
2020-09-24 00:00:00+00:00,16.103043,0.6,0.19926041,Spain
2020-09-25 00:00:00+00:00,12.136896,0.3,0.19643751,Spain
2020-09-26 00:00:00+00:00,13.0650215,0.875,0.19307293,Spain
2020-09-27 00:00:00+00:00,13.0395,0.35000002,0.18901041,Spain
2020-09-28 00:00:00+00:00,12.816063,0.0,0.18640628,Spain
2020-09-29 00:00:00+00:00,15.887938,0.0,0.18243751,Spain
2020-09-30 00:00:00+00:00,17.016582,0.0,0.17918752,Spain
2020-10-01 00:00:00+00:00,15.606688,0.0,0.17500001,Spain
2020-10-02 00:00:00+00:00,10.701479,13.375,0.1783854,Spain
2020-10-03 00:00:00+00:00,10.179083,0.0,0.18773961,Spain
2020-10-04 00:00:00+00:00,10.82075,0.95000005,0.18883333,Spain
2020-10-05 00:00:00+00:00,11.354603,0.0,0.18932295,Spain
2020-10-06 00:00:00+00:00,15.120749,0.0,0.1889792,Spain
2020-10-07 00:00:00+00:00,16.288979,0.0,0.18661459,Spain
2020-10-08 00:00:00+00:00,16.649916,0.0,0.18538539,Spain
2020-10-09 00:00:00+00:00,16.749916,0.0,0.18446879,Spain
2020-10-10 00:00:00+00:00,15.048354,0.0,0.1814479,Spain
2020-10-11 00:00:00+00:00,10.816063,0.05,0.17989583,Spain
2020-10-12 00:00:00+00:00,10.78898,0.025,0.17717706,Spain
2020-10-13 00:00:00+00:00,13.152,0.2,0.17502081,Spain
2020-10-14 00:00:00+00:00,10.3306465,0.17500001,0.1726354,Spain
2020-10-15 00:00:00+00:00,8.859292,0.05,0.1715625,Spain
2020-10-16 00:00:00+00:00,7.786375,0.0,0.17004167,Spain
2020-10-17 00:00:00+00:00,9.712417,0.0,0.16883332,Spain
2020-10-18 00:00:00+00:00,12.324917,0.0,0.1692604,Spain
2020-10-19 00:00:00+00:00,14.720229,3.85,0.16999999,Spain
2020-10-20 00:00:00+00:00,14.89575,27.325,0.18698958,Spain
2020-10-21 00:00:00+00:00,13.709812,4.55,0.2509271,Spain
2020-10-22 00:00:00+00:00,12.617624,6.65,0.2593958,Spain
2020-10-23 00:00:00+00:00,10.726999,0.675,0.25875,Spain
2020-10-24 00:00:00+00:00,9.911896,0.0,0.25203124,Spain
2020-10-25 00:00:00+00:00,10.782728,4.325,0.24715628,Spain
2020-10-26 00:00:00+00:00,7.7363753,0.7999999,0.24960414,Spain
2020-10-27 00:00:00+00:00,8.767104,0.625,0.24586459,Spain
2020-10-28 00:00:00+00:00,10.795751,0.05,0.24205208,Spain
2020-10-29 00:00:00+00:00,10.533249,0.0,0.23906253,Spain
2020-10-30 00:00:00+00:00,11.223354,0.0,0.23550001,Spain
2020-10-31 00:00:00+00:00,12.781167,0.0,0.23159376,Spain
2020-11-01 00:00:00+00:00,13.4868965,0.0,0.22883333,Spain
2020-11-02 00:00:00+00:00,14.26502,0.17500001,0.22609375,Spain
2020-11-03 00:00:00+00:00,11.4087715,3.85,0.2238021,Spain
2020-11-04 00:00:00+00:00,8.122313,5.1499996,0.22647917,Spain
2020-11-05 00:00:00+00:00,9.959291,11.950001,0.23645833,Spain
2020-11-06 00:00:00+00:00,13.199916,7.999999,0.25510418,Spain
2020-11-07 00:00:00+00:00,11.508771,15.675,0.30104166,Spain
2020-11-08 00:00:00+00:00,10.47075,2.4999998,0.31297916,Spain
2020-11-09 00:00:00+00:00,10.017104,0.55,0.31114584,Spain
2020-11-10 00:00:00+00:00,9.479604,0.0,0.30709374,Spain
2020-11-11 00:00:00+00:00,8.587938,0.0,0.3024271,Spain
2020-11-12 00:00:00+00:00,9.530645,0.0,0.2984479,Spain
2020-11-13 00:00:00+00:00,9.094187,0.0,0.29549998,Spain
2020-11-14 00:00:00+00:00,9.880125,0.95000005,0.29142708,Spain
2020-11-15 00:00:00+00:00,12.621794,0.6,0.2883438,Spain
2020-11-16 00:00:00+00:00,11.746271,0.27500004,0.28678125,Spain
2020-11-17 00:00:00+00:00,9.892105,0.0,0.28404164,Spain
2020-11-18 00:00:00+00:00,11.011375,0.0,0.2811771,Spain
2020-11-19 00:00:00+00:00,11.409291,0.0,0.2767187,Spain
2020-11-20 00:00:00+00:00,8.174916,0.0,0.27284375,Spain
2020-11-21 00:00:00+00:00,7.9660625,0.0,0.26752084,Spain
2020-11-22 00:00:00+00:00,6.170229,0.0,0.26479167,Spain
2020-11-23 00:00:00+00:00,6.519188,0.0,0.26098955,Spain
2020-11-24 00:00:00+00:00,5.768146,0.0,0.25909382,Spain
2020-11-25 00:00:00+00:00,6.7285624,2.9,0.25484377,Spain
2020-11-26 00:00:00+00:00,8.63898,4.575,0.25863543,Spain
2020-11-27 00:00:00+00:00,8.474396,4.8500004,0.26859376,Spain
2020-11-28 00:00:00+00:00,7.4035625,0.62500006,0.27541664,Spain
2020-11-29 00:00:00+00:00,7.809292,0.05,0.27727085,Spain
2020-11-30 00:00:00+00:00,7.7868958,0.0,0.2768854,Spain
2020-12-01 00:00:00+00:00,7.0738745,0.0,0.27579167,Spain
2020-12-02 00:00:00+00:00,5.2853336,0.0,0.27286458,Spain
2020-12-03 00:00:00+00:00,3.8988748,0.075,0.27035415,Spain
2020-12-04 00:00:00+00:00,3.411896,4.3750005,0.26997918,Spain
2020-12-05 00:00:00+00:00,2.0780416,0.47500002,0.2710729,Spain
2020-12-06 00:00:00+00:00,3.199396,0.5,0.269875,Spain
2020-12-07 00:00:00+00:00,6.0754375,4.825,0.2720625,Spain
2020-12-08 00:00:00+00:00,4.5910625,3.6250002,0.28802085,Spain
2020-12-09 00:00:00+00:00,3.7030416,0.1,0.2924896,Spain
2020-12-10 00:00:00+00:00,7.9645004,4.675,0.2960521,Spain
2020-12-11 00:00:00+00:00,10.70252,10.775,0.3165104,Spain
2020-12-12 00:00:00+00:00,8.129084,0.47500002,0.3251146,Spain
2020-12-13 00:00:00+00:00,7.9395,0.05,0.3210938,Spain
2020-12-14 00:00:00+00:00,8.819709,4.025,0.31801045,Spain
2020-12-15 00:00:00+00:00,7.023875,1.45,0.32337505,Spain
2020-12-16 00:00:00+00:00,6.554083,1.65,0.32240623,Spain
2020-12-17 00:00:00+00:00,5.874396,0.1,0.32135418,Spain
2020-12-18 00:00:00+00:00,5.39575,0.075,0.31780207,Spain
2020-12-19 00:00:00+00:00,6.5863757,6.375,0.31822917,Spain
2020-12-20 00:00:00+00:00,5.973354,0.775,0.32707292,Spain
2020-12-21 00:00:00+00:00,7.3358545,0.375,0.32724997,Spain
2020-12-22 00:00:00+00:00,8.387417,0.0,0.32498956,Spain
2020-12-23 00:00:00+00:00,7.8311663,0.225,0.32077086,Spain
2020-12-24 00:00:00+00:00,6.054604,0.5,0.31776044,Spain
2020-12-25 00:00:00+00:00,2.8009582,0.075,0.31408334,Spain
2020-12-26 00:00:00+00:00,1.0764792,0.075,0.30966663,Spain
2020-12-27 00:00:00+00:00,1.9285626,0.25,0.3062917,Spain
2020-12-28 00:00:00+00:00,4.1723123,5.025,0.3074375,Spain
2020-12-29 00:00:00+00:00,2.927,0.875,0.30973962,Spain
2020-12-30 00:00:00+00:00,1.9759583,0.0,0.30953127,Spain
2020-12-31 00:00:00+00:00,2.3561666,3.9750001,0.30739588,Spain
2021-01-01 00:00:00+00:00,1.7129376,2.35,0.3096146,Spain
2021-01-02 00:00:00+00:00,0.019708395,0.3,0.31054163,Spain
2021-01-03 00:00:00+00:00,0.71450007,0.625,0.30834377,Spain
2021-01-04 00:00:00+00:00,-0.021437526,0.975,0.3058437,Spain
2021-01-05 00:00:00+00:00,-0.62091666,0.15,0.30359378,Spain
2021-01-06 00:00:00+00:00,-0.20164585,0.1,0.30130208,Spain
2021-01-07 00:00:00+00:00,-0.6099791,3.1250002,0.30082288,Spain
2021-01-08 00:00:00+00:00,-0.37039578,6.7250004,0.2995,Spain
2021-01-09 00:00:00+00:00,-0.6203959,16.025002,0.3097813,Spain
2021-01-10 00:00:00+00:00,0.43845832,1.0,0.3124687,Spain
2021-01-11 00:00:00+00:00,-0.055291712,0.0,0.31053126,Spain
2021-01-12 00:00:00+00:00,-0.269875,0.0,0.30804163,Spain
2021-01-13 00:00:00+00:00,0.87127095,0.0,0.30532292,Spain
2021-01-14 00:00:00+00:00,2.3285623,0.0,0.30348954,Spain
2021-01-15 00:00:00+00:00,2.9452295,0.0,0.3006562,Spain
2021-01-16 00:00:00+00:00,2.3441877,0.0,0.29852086,Spain
2021-01-17 00:00:00+00:00,2.9108539,0.0,0.2963542,Spain
2021-01-18 00:00:00+00:00,3.7233543,0.0,0.29466665,Spain
2021-01-19 00:00:00+00:00,2.7197084,0.025,0.29368743,Spain
2021-01-20 00:00:00+00:00,4.52075,4.7749996,0.29161456,Spain
2021-01-21 00:00:00+00:00,7.138979,0.775,0.2945521,Spain
2021-01-22 00:00:00+00:00,6.5217915,4.8749995,0.30111462,Spain
2021-01-23 00:00:00+00:00,6.079604,4.3,0.306125,Spain
2021-01-24 00:00:00+00:00,7.3202295,1.05,0.3124479,Spain
2021-01-25 00:00:00+00:00,7.9488754,8.275,0.31798956,Spain
2021-01-26 00:00:00+00:00,9.067625,1.075,0.32630205,Spain
2021-01-27 00:00:00+00:00,10.718146,0.47500002,0.32657292,Spain
2021-01-28 00:00:00+00:00,10.411374,0.0,0.32478124,Spain
2021-01-29 00:00:00+00:00,10.717625,0.025,0.32304168,Spain
2021-01-30 00:00:00+00:00,8.294708,3.1249998,0.32267708,Spain
2021-01-31 00:00:00+00:00,9.082209,1.4250001,0.32287496,Spain
2021-02-01 00:00:00+00:00,9.755125,0.17500001,0.3203021,Spain
2021-02-02 00:00:00+00:00,9.2645,0.125,0.315375,Spain
2021-02-03 00:00:00+00:00,9.078562,0.8000001,0.3116771,Spain
2021-02-04 00:00:00+00:00,9.070229,2.525,0.31050003,Spain
2021-02-05 00:00:00+00:00,9.568666,6.175,0.31345838,Spain
2021-02-06 00:00:00+00:00,6.6473126,11.525001,0.33817706,Spain
2021-02-07 00:00:00+00:00,4.8645,2.175,0.34836456,Spain
2021-02-08 00:00:00+00:00,6.3665833,5.775,0.35257292,Spain
2021-02-09 00:00:00+00:00,6.2509584,11.725,0.3608958,Spain
2021-02-10 00:00:00+00:00,6.863458,4.9249997,0.37177083,Spain
2021-02-11 00:00:00+00:00,9.254604,0.6,0.36475003,Spain
2021-02-12 00:00:00+00:00,9.100958,2.7,0.3616979,Spain
2021-02-13 00:00:00+00:00,7.6061664,0.0,0.35567707,Spain
2021-02-14 00:00:00+00:00,7.501479,0.0,0.34805205,Spain
2021-02-15 00:00:00+00:00,7.7395,0.0,0.3423125,Spain
2021-02-16 00:00:00+00:00,7.9587708,0.075,0.3368854,Spain
2021-02-17 00:00:00+00:00,9.374395,0.075,0.33226043,Spain
2021-02-18 00:00:00+00:00,9.398355,0.45000002,0.32672918,Spain
2021-02-19 00:00:00+00:00,9.75877,0.0,0.3232187,Spain
2021-02-20 00:00:00+00:00,9.586374,0.0,0.31431252,Spain
2021-02-21 00:00:00+00:00,7.819187,4.725,0.3057708,Spain
2021-02-22 00:00:00+00:00,5.161375,9.225,0.31872916,Spain
2021-02-23 00:00:00+00:00,6.4999166,0.0,0.3183542,Spain
2021-02-24 00:00:00+00:00,8.466583,0.0,0.31353122,Spain
2021-02-25 00:00:00+00:00,8.415542,0.05,0.30883336,Spain
2021-02-26 00:00:00+00:00,9.47075,0.0,0.30489582,Spain
2021-02-27 00:00:00+00:00,9.111896,0.0,0.3015417,Spain
2021-02-28 00:00:00+00:00,7.099396,0.9499999,0.29562503,Spain
2021-03-01 00:00:00+00:00,7.5561666,4.15,0.29135418,Spain
2021-03-02 00:00:00+00:00,8.496271,1.025,0.29211456,Spain
2021-03-03 00:00:00+00:00,9.152,0.0,0.294125,Spain
2021-03-04 00:00:00+00:00,8.726479,0.05,0.29479167,Spain
2021-03-05 00:00:00+00:00,8.774917,0.0,0.289875,Spain
2021-03-06 00:00:00+00:00,7.9973125,0.17500001,0.2860833,Spain
2021-03-07 00:00:00+00:00,7.4905415,2.375,0.28152084,Spain
2021-03-08 00:00:00+00:00,5.8019996,3.0249999,0.28291664,Spain
2021-03-09 00:00:00+00:00,5.3066874,0.925,0.2927396,Spain
2021-03-10 00:00:00+00:00,6.477521,0.0,0.29180205,Spain
2021-03-11 00:00:00+00:00,10.031688,0.0,0.28686458,Spain
2021-03-12 00:00:00+00:00,8.026999,0.35000002,0.28259373,Spain
2021-03-13 00:00:00+00:00,6.8389792,0.0,0.2780417,Spain
2021-03-14 00:00:00+00:00,7.4848123,0.025,0.26928124,Spain
2021-03-15 00:00:00+00:00,7.743146,0.0,0.26291665,Spain
2021-03-16 00:00:00+00:00,8.430125,0.0,0.2561458,Spain
2021-03-17 00:00:00+00:00,9.390021,0.0,0.24596874,Spain
2021-03-18 00:00:00+00:00,5.956167,0.025,0.23922916,Spain
2021-03-19 00:00:00+00:00,4.7280416,2.0,0.23564583,Spain
2021-03-20 00:00:00+00:00,3.899396,0.2,0.23245834,Spain
2021-03-21 00:00:00+00:00,5.2165837,0.0,0.23005211,Spain
2021-03-22 00:00:00+00:00,7.0108542,0.0,0.22403124,Spain
2021-03-23 00:00:00+00:00,9.269708,0.0,0.21774998,Spain
2021-03-24 00:00:00+00:00,10.831687,0.0,0.20568751,Spain
2021-03-25 00:00:00+00:00,11.135854,0.0,0.20027082,Spain
2021-03-26 00:00:00+00:00,10.991584,0.075,0.19770834,Spain
2021-03-27 00:00:00+00:00,10.298354,0.0,0.1961875,Spain
2021-03-28 00:00:00+00:00,12.547312,0.0,0.19394793,Spain
2021-03-29 00:00:00+00:00,13.623355,0.0,0.19089583,Spain
2021-03-30 00:00:00+00:00,15.012938,0.025,0.19134378,Spain
2021-03-31 00:00:00+00:00,15.462417,0.0,0.19191664,Spain
2021-04-01 00:00:00+00:00,15.193147,0.1,0.19066668,Spain
2021-04-02 00:00:00+00:00,13.113458,2.1499999,0.18788543,Spain
2021-04-03 00:00:00+00:00,12.145749,3.6499999,0.18703124,Spain
2021-04-04 00:00:00+00:00,10.957209,0.075,0.18559374,Spain
2021-04-05 00:00:00+00:00,12.101479,0.0,0.18033333,Spain
2021-04-06 00:00:00+00:00,11.200958,0.0,0.17351039,Spain
2021-04-07 00:00:00+00:00,9.434292,0.0,0.16832289,Spain
2021-04-08 00:00:00+00:00,11.146271,0.725,0.1704375,Spain
2021-04-09 00:00:00+00:00,9.982729,3.0,0.17131248,Spain
2021-04-10 00:00:00+00:00,10.878562,2.4,0.175,Spain
2021-04-11 00:00:00+00:00,9.126479,6.1749997,0.185,Spain
2021-04-12 00:00:00+00:00,8.561375,0.0,0.19394791,Spain
2021-04-13 00:00:00+00:00,9.966063,1.2,0.19713542,Spain
2021-04-14 00:00:00+00:00,12.129604,2.2250001,0.19936454,Spain
2021-04-15 00:00:00+00:00,10.03325,0.7250001,0.20179167,Spain
2021-04-16 00:00:00+00:00,8.194188,0.025,0.20179167,Spain
2021-04-17 00:00:00+00:00,6.8342915,0.0,0.19943751,Spain
2021-04-18 00:00:00+00:00,8.896271,0.0,0.19614585,Spain
2021-04-19 00:00:00+00:00,11.938458,0.525,0.1911146,Spain
2021-04-20 00:00:00+00:00,11.479605,3.4500003,0.1885729,Spain
2021-04-21 00:00:00+00:00,10.872313,1.7250001,0.19057292,Spain
2021-04-22 00:00:00+00:00,10.661896,7.6000004,0.19501042,Spain
2021-04-23 00:00:00+00:00,12.23273,0.7749999,0.19978127,Spain
2021-04-24 00:00:00+00:00,12.570229,2.4750001,0.20096874,Spain
2021-04-25 00:00:00+00:00,12.049917,5.525,0.20552082,Spain
2021-04-26 00:00:00+00:00,12.104605,4.5249996,0.21471876,Spain
2021-04-27 00:00:00+00:00,12.064499,5.35,0.21885414,Spain
2021-04-28 00:00:00+00:00,11.687938,5.6250005,0.22920834,Spain
2021-04-29 00:00:00+00:00,10.227522,5.85,0.2386771,Spain
2021-04-30 00:00:00+00:00,9.250437,2.0,0.24857295,Spain
2021-05-01 00:00:00+00:00,9.119708,0.70000005,0.25185415,Spain
2021-05-02 00:00:00+00:00,9.752001,0.1,0.24826041,Spain
2021-05-03 00:00:00+00:00,10.920229,2.325,0.24720834,Spain
2021-05-04 00:00:00+00:00,13.085333,0.40000004,0.24342708,Spain
2021-05-05 00:00:00+00:00,14.74627,0.0,0.23154165,Spain
2021-05-06 00:00:00+00:00,16.025436,0.0,0.22204168,Spain
2021-05-07 00:00:00+00:00,17.40721,0.0,0.21297917,Spain
2021-05-08 00:00:00+00:00,19.457209,0.0,0.20369793,Spain
2021-05-09 00:00:00+00:00,14.121792,4.025,0.1989375,Spain
2021-05-10 00:00:00+00:00,10.366583,3.3999999,0.19879165,Spain
2021-05-11 00:00:00+00:00,9.94627,0.125,0.19855204,Spain
2021-05-12 00:00:00+00:00,12.187937,0.6,0.19844791,Spain
2021-05-13 00:00:00+00:00,12.186375,2.925,0.19698963,Spain
2021-05-14 00:00:00+00:00,13.6145,0.075,0.19358331,Spain
2021-05-15 00:00:00+00:00,16.430124,0.0,0.19069792,Spain
2021-05-16 00:00:00+00:00,16.794708,0.525,0.188875,Spain
2021-05-17 00:00:00+00:00,15.118146,0.0,0.18743747,Spain
2021-05-18 00:00:00+00:00,16.712936,0.025,0.18325,Spain
2021-05-19 00:00:00+00:00,14.874917,0.0,0.1804479,Spain
2021-05-20 00:00:00+00:00,18.0145,0.0,0.17728126,Spain
2021-05-21 00:00:00+00:00,18.230125,0.025,0.17267708,Spain
2021-05-22 00:00:00+00:00,13.928562,0.0,0.1714375,Spain
2021-05-23 00:00:00+00:00,12.2395,2.525,0.17021877,Spain
2021-05-24 00:00:00+00:00,13.513979,0.025,0.17060418,Spain
2021-05-25 00:00:00+00:00,15.028563,0.0,0.16895834,Spain
2021-05-26 00:00:00+00:00,16.515543,2.975,0.16630208,Spain
2021-05-27 00:00:00+00:00,19.541584,0.375,0.16464582,Spain
2021-05-28 00:00:00+00:00,19.775959,0.6,0.16432293,Spain
2021-05-29 00:00:00+00:00,21.209291,0.2,0.16091667,Spain
2021-05-30 00:00:00+00:00,21.141064,0.8,0.16270834,Spain
2021-05-31 00:00:00+00:00,21.959812,0.025,0.16196872,Spain
2021-06-01 00:00:00+00:00,18.388458,2.65,0.16050002,Spain
2021-06-02 00:00:00+00:00,18.42075,0.0,0.15964583,Spain
2021-06-03 00:00:00+00:00,19.086895,2.7250001,0.15880206,Spain
2021-06-04 00:00:00+00:00,17.617624,1.1750001,0.16099998,Spain
2021-06-05 00:00:00+00:00,16.656166,4.925,0.16653126,Spain
2021-06-06 00:00:00+00:00,18.505646,0.0,0.16773957,Spain
2021-06-07 00:00:00+00:00,20.900438,0.0,0.16389585,Spain
2021-06-08 00:00:00+00:00,22.69679,0.0,0.15976045,Spain
2021-06-09 00:00:00+00:00,22.873354,0.0,0.15591666,Spain
2021-06-10 00:00:00+00:00,23.231688,0.0,0.15221873,Spain
2021-06-11 00:00:00+00:00,22.599396,0.47500002,0.15244792,Spain
2021-06-12 00:00:00+00:00,22.032728,0.32500002,0.15326042,Spain
2021-06-13 00:00:00+00:00,23.931166,0.025,0.1531354,Spain
2021-06-14 00:00:00+00:00,23.612936,1.075,0.15442708,Spain
2021-06-15 00:00:00+00:00,24.227524,1.0,0.15570834,Spain
2021-06-16 00:00:00+00:00,22.494186,1.1999999,0.15712498,Spain
2021-06-17 00:00:00+00:00,17.279604,8.0,0.15826042,Spain
2021-06-18 00:00:00+00:00,17.742104,8.974999,0.16701043,Spain
2021-06-19 00:00:00+00:00,17.467104,0.375,0.17717707,Spain
2021-06-20 00:00:00+00:00,16.307209,1.575,0.17911458,Spain
2021-06-21 00:00:00+00:00,16.209291,1.5749999,0.1812396,Spain
2021-06-22 00:00:00+00:00,15.77648,1.15,0.18184374,Spain
2021-06-23 00:00:00+00:00,15.461895,0.275,0.18241669,Spain
2021-06-24 00:00:00+00:00,17.844707,0.0,0.18068749,Spain
2021-06-25 00:00:00+00:00,20.767624,0.0,0.17748958,Spain
2021-06-26 00:00:00+00:00,22.85825,0.1,0.17369792,Spain
2021-06-27 00:00:00+00:00,20.460333,0.1,0.17116666,Spain
2021-06-28 00:00:00+00:00,18.230124,0.0,0.16886458,Spain
2021-06-29 00:00:00+00:00,19.312939,0.0,0.1673646,Spain
2021-06-30 00:00:00+00:00,21.598356,0.0,0.16414583,Spain
2021-07-01 00:00:00+00:00,23.573355,0.0,0.16277085,Spain
2021-07-02 00:00:00+00:00,24.275959,0.0,0.16101041,Spain
2021-07-03 00:00:00+00:00,23.307207,1.25,0.15945832,Spain
2021-07-04 00:00:00+00:00,22.443666,0.0,0.15852083,Spain
2021-07-05 00:00:00+00:00,24.446272,0.0,0.15809374,Spain
2021-07-06 00:00:00+00:00,20.437939,0.725,0.15821874,Spain
2021-07-07 00:00:00+00:00,18.33898,0.0,0.15863542,Spain
2021-07-08 00:00:00+00:00,19.463978,0.0,0.15851042,Spain
2021-07-09 00:00:00+00:00,22.77231,0.0,0.15738542,Spain
2021-07-10 00:00:00+00:00,25.356167,0.0,0.15541664,Spain
2021-07-11 00:00:00+00:00,27.418667,0.0,0.15490621,Spain
2021-07-12 00:00:00+00:00,20.001999,0.0,0.15370831,Spain
2021-07-13 00:00:00+00:00,17.79002,0.0,0.15303123,Spain
2021-07-14 00:00:00+00:00,18.872833,0.0,0.15276042,Spain
2021-07-15 00:00:00+00:00,20.855644,0.0,0.15182291,Spain
2021-07-16 00:00:00+00:00,23.572313,0.0,0.15052083,Spain
2021-07-17 00:00:00+00:00,25.754604,0.0,0.14990625,Spain
2021-07-18 00:00:00+00:00,25.572834,0.0,0.14921874,Spain
2021-07-19 00:00:00+00:00,25.803041,0.0,0.14821874,Spain
2021-07-20 00:00:00+00:00,26.974918,0.0,0.1476354,Spain
2021-07-21 00:00:00+00:00,27.436897,0.0,0.1469271,Spain
2021-07-22 00:00:00+00:00,28.46971,0.0,0.146625,Spain
2021-07-23 00:00:00+00:00,26.223875,0.0,0.1464375,Spain
2021-07-24 00:00:00+00:00,22.3645,0.0,0.14583334,Spain
2021-07-25 00:00:00+00:00,21.970749,0.125,0.14700001,Spain
2021-07-26 00:00:00+00:00,21.46606,0.7,0.14712498,Spain
2021-07-27 00:00:00+00:00,23.348354,0.075,0.147125,Spain
2021-07-28 00:00:00+00:00,23.619186,0.025,0.14703122,Spain
2021-07-29 00:00:00+00:00,25.206167,0.15,0.14694792,Spain
2021-07-30 00:00:00+00:00,23.955647,0.0,0.14750001,Spain
2021-07-31 00:00:00+00:00,18.474396,2.7250001,0.14726041,Spain
2021-08-01 00:00:00+00:00,18.419188,0.52500004,0.14898959,Spain
2021-08-02 00:00:00+00:00,20.310333,0.42500004,0.14828123,Spain
2021-08-03 00:00:00+00:00,21.943666,0.05,0.14755207,Spain
2021-08-04 00:00:00+00:00,22.506166,0.575,0.14597917,Spain
2021-08-05 00:00:00+00:00,23.429604,0.0,0.14505209,Spain
2021-08-06 00:00:00+00:00,23.04992,0.0,0.14501041,Spain
2021-08-07 00:00:00+00:00,20.52023,0.025,0.14537498,Spain
2021-08-08 00:00:00+00:00,21.00304,0.0,0.14327084,Spain
2021-08-09 00:00:00+00:00,23.737417,0.35000002,0.14300002,Spain
2021-08-10 00:00:00+00:00,26.262417,0.05,0.14366668,Spain
2021-08-11 00:00:00+00:00,27.722313,0.0,0.14365625,Spain
2021-08-12 00:00:00+00:00,28.078041,1.475,0.14311458,Spain
2021-08-13 00:00:00+00:00,28.83273,0.0,0.14294791,Spain
2021-08-14 00:00:00+00:00,30.574915,0.0,0.14373958,Spain
2021-08-15 00:00:00+00:00,27.914501,0.0,0.14260416,Spain
2021-08-16 00:00:00+00:00,23.793667,0.0,0.142375,Spain
2021-08-17 00:00:00+00:00,21.2645,0.0,0.14241669,Spain
2021-08-18 00:00:00+00:00,21.431166,0.0,0.14199999,Spain
2021-08-19 00:00:00+00:00,22.482729,0.0,0.14233334,Spain
2021-08-20 00:00:00+00:00,24.471272,0.0,0.14322917,Spain
2021-08-21 00:00:00+00:00,25.04627,0.0,0.14250001,Spain
2021-08-22 00:00:00+00:00,25.047834,0.0,0.141625,Spain
2021-08-23 00:00:00+00:00,24.460854,0.025,0.14000002,Spain
2021-08-24 00:00:00+00:00,22.59679,0.25,0.1384167,Spain
2021-08-25 00:00:00+00:00,22.021791,0.125,0.14103127,Spain
2021-08-26 00:00:00+00:00,24.631687,0.125,0.13975003,Spain
2021-08-27 00:00:00+00:00,25.196793,0.0,0.14002085,Spain
2021-08-28 00:00:00+00:00,23.400436,0.0,0.14100002,Spain
2021-08-29 00:00:00+00:00,22.280125,0.0,0.14212501,Spain
2021-08-30 00:00:00+00:00,21.837418,0.6,0.14052084,Spain
2021-08-31 00:00:00+00:00,22.393665,0.95,0.1391354,Spain
2021-09-01 00:00:00+00:00,19.91346,19.799995,0.15027083,Spain
2021-09-02 00:00:00+00:00,18.474916,2.5749998,0.17535415,Spain
2021-09-03 00:00:00+00:00,20.122313,0.15,0.17887501,Spain
2021-09-04 00:00:00+00:00,21.38273,0.0,0.17642711,Spain
2021-09-05 00:00:00+00:00,23.318146,0.0,0.17127083,Spain
2021-09-06 00:00:00+00:00,24.811895,0.17500001,0.16792709,Spain
2021-09-07 00:00:00+00:00,24.27023,0.025,0.16607295,Spain
2021-09-08 00:00:00+00:00,20.654083,0.22500001,0.16556251,Spain
2021-09-09 00:00:00+00:00,19.576479,0.9,0.16335416,Spain
2021-09-10 00:00:00+00:00,19.575436,0.075,0.16202085,Spain
2021-09-11 00:00:00+00:00,20.043667,0.0,0.15937498,Spain
2021-09-12 00:00:00+00:00,22.129604,0.0,0.15891665,Spain
2021-09-13 00:00:00+00:00,20.911375,2.45,0.1584792,Spain
2021-09-14 00:00:00+00:00,17.310854,12.725,0.16434374,Spain
2021-09-15 00:00:00+00:00,17.233772,2.1999998,0.18177083,Spain
2021-09-16 00:00:00+00:00,17.425438,1.35,0.18902083,Spain
2021-09-17 00:00:00+00:00,18.237417,0.17500001,0.18964587,Spain
2021-09-18 00:00:00+00:00,16.693665,0.8,0.18714584,Spain
2021-09-19 00:00:00+00:00,15.72075,0.0,0.18469791,Spain
2021-09-20 00:00:00+00:00,15.365021,0.1,0.18227082,Spain
2021-09-21 00:00:00+00:00,13.92127,0.25,0.18070832,Spain
2021-09-22 00:00:00+00:00,14.765542,0.575,0.17886457,Spain
2021-09-23 00:00:00+00:00,17.098877,0.25,0.17866667,Spain
2021-09-24 00:00:00+00:00,17.594707,7.3250003,0.18248959,Spain
2021-09-25 00:00:00+00:00,16.349396,3.4999998,0.19060418,Spain
2021-09-26 00:00:00+00:00,16.41346,0.0,0.19491667,Spain
2021-09-27 00:00:00+00:00,17.603561,0.0,0.19513543,Spain
2021-09-28 00:00:00+00:00,17.618145,0.3,0.19453128,Spain
2021-09-29 00:00:00+00:00,16.163458,0.0,0.1921979,Spain
2021-09-30 00:00:00+00:00,16.31971,0.0,0.19004165,Spain
2021-10-01 00:00:00+00:00,17.419708,0.1,0.18773958,Spain
2021-10-02 00:00:00+00:00,17.869186,0.025,0.18607292,Spain
2021-10-03 00:00:00+00:00,13.701479,15.75,0.18904167,Spain
2021-10-04 00:00:00+00:00,11.575957,0.0,0.18694791,Spain
2021-10-05 00:00:00+00:00,13.909292,0.15,0.18808334,Spain
2021-10-06 00:00:00+00:00,14.651999,0.0,0.18710418,Spain
2021-10-07 00:00:00+00:00,15.536896,0.0,0.1834479,Spain
2021-10-08 00:00:00+00:00,15.936375,0.0,0.17859374,Spain
2021-10-09 00:00:00+00:00,14.854084,0.0,0.17261459,Spain
2021-10-10 00:00:00+00:00,14.878041,0.0,0.16930208,Spain
2021-10-11 00:00:00+00:00,14.35877,0.0,0.1690521,Spain
2021-10-12 00:00:00+00:00,14.817624,0.0,0.17216666,Spain
2021-10-13 00:00:00+00:00,14.491583,0.0,0.17353123,Spain
2021-10-14 00:00:00+00:00,14.025438,0.0,0.17004171,Spain
2021-10-15 00:00:00+00:00,14.873875,0.0,0.17037499,Spain
2021-10-16 00:00:00+00:00,13.980646,0.375,0.16910417,Spain
2021-10-17 00:00:00+00:00,14.90148,1.5,0.169375,Spain
2021-10-18 00:00:00+00:00,16.317104,0.4,0.16995832,Spain
2021-10-19 00:00:00+00:00,17.090542,0.0,0.17071874,Spain
2021-10-20 00:00:00+00:00,17.009293,0.0,0.16847917,Spain
2021-10-21 00:00:00+00:00,14.183771,0.05,0.166,Spain
2021-10-22 00:00:00+00:00,11.969188,0.275,0.16499998,Spain
2021-10-23 00:00:00+00:00,10.949917,0.0,0.16440624,Spain
2021-10-24 00:00:00+00:00,10.977,0.0,0.1640625,Spain
2021-10-25 00:00:00+00:00,12.4243965,0.0,0.16430208,Spain
2021-10-26 00:00:00+00:00,12.110854,0.0,0.163625,Spain
2021-10-27 00:00:00+00:00,11.898354,0.0,0.16252084,Spain
2021-10-28 00:00:00+00:00,12.268666,0.1,0.16252086,Spain
2021-10-29 00:00:00+00:00,12.147312,9.374999,0.16231251,Spain
2021-10-30 00:00:00+00:00,14.329605,14.8,0.19066666,Spain
2021-10-31 00:00:00+00:00,14.98377,6.7000003,0.22142707,Spain
2021-11-01 00:00:00+00:00,12.0145,5.125,0.24085417,Spain
2021-11-02 00:00:00+00:00,9.981687,3.3000002,0.24707289,Spain
2021-11-03 00:00:00+00:00,6.9447083,2.5249999,0.25398955,Spain
2021-11-04 00:00:00+00:00,5.7129374,0.6,0.25550002,Spain
2021-11-05 00:00:00+00:00,5.392625,0.425,0.25388548,Spain
2021-11-06 00:00:00+00:00,5.1582503,0.0,0.25132293,Spain
2021-11-07 00:00:00+00:00,5.7426248,0.0,0.24932292,Spain
2021-11-08 00:00:00+00:00,8.9556465,0.025,0.24520837,Spain
2021-11-09 00:00:00+00:00,8.275437,0.0,0.23617706,Spain
2021-11-10 00:00:00+00:00,7.5686665,0.0,0.23157293,Spain
2021-11-11 00:00:00+00:00,7.7629375,0.0,0.22613542,Spain
2021-11-12 00:00:00+00:00,8.473875,0.0,0.22382288,Spain
2021-11-13 00:00:00+00:00,8.587417,0.0,0.22158335,Spain
2021-11-14 00:00:00+00:00,7.198354,0.175,0.21955207,Spain
2021-11-15 00:00:00+00:00,7.9707503,0.025,0.21580207,Spain
2021-11-16 00:00:00+00:00,6.7509584,0.0,0.2133854,Spain
2021-11-17 00:00:00+00:00,6.835333,0.0,0.20997915,Spain
2021-11-18 00:00:00+00:00,7.198875,0.0,0.2060208,Spain
2021-11-19 00:00:00+00:00,7.3712707,0.0,0.20297916,Spain
2021-11-20 00:00:00+00:00,7.963979,3.0749998,0.20216666,Spain
2021-11-21 00:00:00+00:00,7.9124174,0.52500004,0.20252083,Spain
2021-11-22 00:00:00+00:00,5.633771,11.2,0.20104167,Spain
2021-11-23 00:00:00+00:00,3.700958,18.274998,0.24902084,Spain
2021-11-24 00:00:00+00:00,3.9092917,2.775,0.28808334,Spain
2021-11-25 00:00:00+00:00,4.4723125,4.325,0.30490628,Spain
2021-11-26 00:00:00+00:00,4.255125,0.1,0.30683336,Spain
2021-11-27 00:00:00+00:00,3.2332501,2.275,0.30343753,Spain
2021-11-28 00:00:00+00:00,2.868146,1.7250001,0.30127078,Spain
2021-11-29 00:00:00+00:00,6.65825,2.2,0.30196878,Spain
2021-11-30 00:00:00+00:00,5.111375,0.0,0.29985422,Spain
2021-12-01 00:00:00+00:00,4.53325,4.2250004,0.29728124,Spain
2021-12-02 00:00:00+00:00,4.2452292,2.1,0.29771873,Spain
2021-12-03 00:00:00+00:00,5.647312,0.025,0.2959479,Spain
2021-12-04 00:00:00+00:00,6.6827297,0.82500005,0.29193747,Spain
2021-12-05 00:00:00+00:00,5.327521,2.2250001,0.28846878,Spain
2021-12-06 00:00:00+00:00,6.5592914,0.325,0.28618747,Spain
2021-12-07 00:00:00+00:00,7.63273,4.75,0.28294793,Spain
2021-12-08 00:00:00+00:00,4.973875,3.725,0.28625,Spain
2021-12-09 00:00:00+00:00,6.440021,1.1999999,0.2866354,Spain
2021-12-10 00:00:00+00:00,8.647312,0.975,0.28864586,Spain
2021-12-11 00:00:00+00:00,8.930645,0.37500003,0.28755203,Spain
2021-12-12 00:00:00+00:00,7.1514797,0.05,0.2843229,Spain
2021-12-13 00:00:00+00:00,5.691583,0.0,0.28156254,Spain
2021-12-14 00:00:00+00:00,5.8801255,0.0,0.2796354,Spain
2021-12-15 00:00:00+00:00,5.8504376,0.0,0.2757708,Spain
2021-12-16 00:00:00+00:00,5.599917,0.0,0.27020833,Spain
2021-12-17 00:00:00+00:00,4.2858543,0.0,0.2684583,Spain
2021-12-18 00:00:00+00:00,3.6165836,0.025,0.26532286,Spain
2021-12-19 00:00:00+00:00,4.524917,0.32500002,0.26289585,Spain
2021-12-20 00:00:00+00:00,4.3931456,0.67499995,0.25932288,Spain
2021-12-21 00:00:00+00:00,7.361896,0.47500002,0.25620836,Spain
2021-12-22 00:00:00+00:00,7.4952292,0.57500005,0.25555205,Spain
2021-12-23 00:00:00+00:00,7.6811666,4.85,0.2549479,Spain
2021-12-24 00:00:00+00:00,8.320749,2.5749998,0.26065624,Spain
2021-12-25 00:00:00+00:00,7.646271,3.1000001,0.26722914,Spain
2021-12-26 00:00:00+00:00,8.211376,7.925,0.28348958,Spain
2021-12-27 00:00:00+00:00,10.506166,0.575,0.30076045,Spain
2021-12-28 00:00:00+00:00,9.204083,0.1,0.30074996,Spain
2021-12-29 00:00:00+00:00,8.411375,0.0,0.2979271,Spain
2021-12-30 00:00:00+00:00,8.80773,0.0,0.29571876,Spain
2021-12-31 00:00:00+00:00,8.447833,0.0,0.2919271,Spain
2020-01-01 00:00:00+00:00,3.9634721,1.2333333,0.36221528,France
2020-01-02 00:00:00+00:00,6.866945,1.0333333,0.3629167,France
2020-01-03 00:00:00+00:00,8.829445,2.3500001,0.36288193,France
2020-01-04 00:00:00+00:00,5.5290966,0.05,0.36253473,France
2020-01-05 00:00:00+00:00,4.144375,0.0,0.3561389,France
2020-01-06 00:00:00+00:00,3.9669445,0.23333335,0.3509444,France
2020-01-07 00:00:00+00:00,8.033263,0.95000005,0.3496736,France
2020-01-08 00:00:00+00:00,10.307918,1.8833333,0.35088888,France
2020-01-09 00:00:00+00:00,10.972847,7.5833325,0.35770833,France
2020-01-10 00:00:00+00:00,7.3547916,1.4499999,0.3712014,France
2020-01-11 00:00:00+00:00,4.6822224,0.0,0.36866665,France
2020-01-12 00:00:00+00:00,5.964514,0.81666666,0.3651667,France
2020-01-13 00:00:00+00:00,8.039166,2.1333334,0.36540976,France
2020-01-14 00:00:00+00:00,9.963125,5.75,0.37384722,France
2020-01-15 00:00:00+00:00,9.499236,1.7333332,0.3743333,France
2020-01-16 00:00:00+00:00,8.8804865,0.35,0.36983335,France
2020-01-17 00:00:00+00:00,8.092292,4.1166663,0.37205556,France
2020-01-18 00:00:00+00:00,4.3457637,0.23333335,0.37188888,France
2020-01-19 00:00:00+00:00,3.1263196,0.18333334,0.36822915,France
2020-01-20 00:00:00+00:00,2.839514,0.0,0.36490974,France
2020-01-21 00:00:00+00:00,1.2606944,0.0,0.3617083,France
2020-01-22 00:00:00+00:00,1.1179861,0.0,0.35793057,France
2020-01-23 00:00:00+00:00,2.5079167,0.13333334,0.35488892,France
2020-01-24 00:00:00+00:00,3.1308334,0.016666668,0.35282636,France
2020-01-25 00:00:00+00:00,4.372153,0.25,0.34953472,France
2020-01-26 00:00:00+00:00,6.3547916,1.8666667,0.34746528,France
2020-01-27 00:00:00+00:00,7.969028,14.350001,0.36419448,France
2020-01-28 00:00:00+00:00,6.1381245,6.9,0.38522914,France
2020-01-29 00:00:00+00:00,6.3777084,1.1666666,0.38765278,France
2020-01-30 00:00:00+00:00,9.265208,8.349999,0.38868055,France
2020-01-31 00:00:00+00:00,11.593333,1.9166666,0.3904861,France
2020-02-01 00:00:00+00:00,11.443334,12.05,0.39895833,France
2020-02-02 00:00:00+00:00,11.913821,13.599999,0.40524307,France
2020-02-03 00:00:00+00:00,11.7815275,8.849999,0.40225002,France
2020-02-04 00:00:00+00:00,6.3843055,3.7499998,0.39931247,France
2020-02-05 00:00:00+00:00,5.0499306,0.033333335,0.38631248,France
2020-02-06 00:00:00+00:00,4.21,0.0,0.37770835,France
2020-02-07 00:00:00+00:00,5.9127774,0.0,0.36924303,France
2020-02-08 00:00:00+00:00,8.340556,1.7999998,0.3660833,France
2020-02-09 00:00:00+00:00,10.280833,5.2666664,0.36449304,France
2020-02-10 00:00:00+00:00,9.641945,7.3333335,0.37594447,France
2020-02-11 00:00:00+00:00,6.5415974,2.8499997,0.38056946,France
2020-02-12 00:00:00+00:00,5.5186806,1.0,0.37593058,France
2020-02-13 00:00:00+00:00,8.085694,8.316667,0.37980556,France
2020-02-14 00:00:00+00:00,8.336736,0.26666668,0.3827639,France
2020-02-15 00:00:00+00:00,9.99993,1.2166667,0.37391666,France
2020-02-16 00:00:00+00:00,13.340904,7.433333,0.37557638,France
2020-02-17 00:00:00+00:00,8.400973,7.1166673,0.39149305,France
2020-02-18 00:00:00+00:00,6.935,1.5666666,0.38749996,France
2020-02-19 00:00:00+00:00,7.450278,3.8,0.38688895,France
2020-02-20 00:00:00+00:00,8.194028,1.9499999,0.38295832,France
2020-02-21 00:00:00+00:00,5.4339585,0.0,0.3790139,France
2020-02-22 00:00:00+00:00,7.7346535,0.26666668,0.37175,France
2020-02-23 00:00:00+00:00,10.175625,1.9166669,0.36626396,France
2020-02-24 00:00:00+00:00,10.0367365,2.9166667,0.36946526,France
2020-02-25 00:00:00+00:00,8.075277,7.533333,0.37727082,France
2020-02-26 00:00:00+00:00,4.626667,2.4166667,0.3822014,France
2020-02-27 00:00:00+00:00,5.490208,11.683333,0.3903611,France
2020-02-28 00:00:00+00:00,5.890556,3.1499999,0.3904375,France
2020-02-29 00:00:00+00:00,8.633611,6.25,0.39066663,France
2020-03-01 00:00:00+00:00,6.7995834,9.95,0.39120138,France
2020-03-02 00:00:00+00:00,6.5183334,11.616666,0.40190277,France
2020-03-03 00:00:00+00:00,4.511389,3.7833335,0.39900693,France
2020-03-04 00:00:00+00:00,6.177014,4.65,0.39141667,France
2020-03-05 00:00:00+00:00,8.773889,19.333334,0.40837502,France
2020-03-06 00:00:00+00:00,5.6981945,4.4666667,0.40546525,France
2020-03-07 00:00:00+00:00,6.2509727,0.033333335,0.39050004,France
2020-03-08 00:00:00+00:00,8.477014,4.0499997,0.38148615,France
2020-03-09 00:00:00+00:00,7.4159026,2.8500001,0.37977085,France
2020-03-10 00:00:00+00:00,10.487083,8.916667,0.3919375,France
2020-03-11 00:00:00+00:00,12.164166,1.9833335,0.39190972,France
2020-03-12 00:00:00+00:00,9.811736,1.9333334,0.38443056,France
2020-03-13 00:00:00+00:00,6.9992356,0.3,0.37647223,France
2020-03-14 00:00:00+00:00,7.789861,1.4333333,0.36918756,France
2020-03-15 00:00:00+00:00,9.843333,0.6166666,0.366375,France
2020-03-16 00:00:00+00:00,9.408264,3.7500002,0.36784723,France
2020-03-17 00:00:00+00:00,10.336389,0.05,0.36373612,France
2020-03-18 00:00:00+00:00,11.101666,0.083333336,0.35566667,France
2020-03-19 00:00:00+00:00,12.362778,0.4333333,0.3526528,France
2020-03-20 00:00:00+00:00,11.916945,1.3000001,0.34683335,France
2020-03-21 00:00:00+00:00,8.634999,0.55,0.34508333,France
2020-03-22 00:00:00+00:00,7.7016673,1.1166667,0.3422639,France
2020-03-23 00:00:00+00:00,7.701319,0.0,0.33763885,France
2020-03-24 00:00:00+00:00,6.805139,0.0,0.33113888,France
2020-03-25 00:00:00+00:00,6.075972,0.0,0.32734725,France
2020-03-26 00:00:00+00:00,5.513125,0.0,0.32186112,France
2020-03-27 00:00:00+00:00,7.0641665,0.0,0.31540972,France
2020-03-28 00:00:00+00:00,9.253056,0.0,0.30784723,France
2020-03-29 00:00:00+00:00,5.51,0.083333336,0.30416667,France
2020-03-30 00:00:00+00:00,4.1061807,0.18333335,0.30024996,France
2020-03-31 00:00:00+00:00,6.0665975,0.0,0.29588196,France
2020-04-01 00:00:00+00:00,6.500278,0.0,0.28700694,France
2020-04-02 00:00:00+00:00,6.137083,0.0,0.28079167,France
2020-04-03 00:00:00+00:00,7.933958,0.06666667,0.27606252,France
2020-04-04 00:00:00+00:00,10.250973,0.0,0.27094445,France
2020-04-05 00:00:00+00:00,13.340556,0.0,0.26027083,France
2020-04-06 00:00:00+00:00,12.6304865,1.8666667,0.2549792,France
2020-04-07 00:00:00+00:00,14.353057,0.5833334,0.24984722,France
2020-04-08 00:00:00+00:00,15.277015,0.13333334,0.23724306,France
2020-04-09 00:00:00+00:00,16.142986,0.0,0.22863889,France
2020-04-10 00:00:00+00:00,16.625626,0.0,0.21670139,France
2020-04-11 00:00:00+00:00,16.585348,0.0,0.20435415,France
2020-04-12 00:00:00+00:00,15.967987,0.4,0.19227083,France
2020-04-13 00:00:00+00:00,13.422848,1.3833333,0.18960416,France
2020-04-14 00:00:00+00:00,8.887084,0.0,0.19215278,France
2020-04-15 00:00:00+00:00,12.708264,0.033333335,0.19079863,France
2020-04-16 00:00:00+00:00,15.957917,0.15,0.18290277,France
2020-04-17 00:00:00+00:00,16.542986,2.8666666,0.17488891,France
2020-04-18 00:00:00+00:00,15.348542,4.8166666,0.17377777,France
2020-04-19 00:00:00+00:00,14.517639,4.85,0.17785418,France
2020-04-20 00:00:00+00:00,15.05375,3.1000004,0.19234723,France
2020-04-21 00:00:00+00:00,15.44889,0.30000004,0.19966666,France
2020-04-22 00:00:00+00:00,15.9273615,0.13333334,0.20304167,France
2020-04-23 00:00:00+00:00,15.959653,0.05,0.19736807,France
2020-04-24 00:00:00+00:00,15.454099,0.26666668,0.1895972,France
2020-04-25 00:00:00+00:00,14.388473,1.7833333,0.184375,France
2020-04-26 00:00:00+00:00,14.123889,0.116666675,0.1851875,France
2020-04-27 00:00:00+00:00,14.924236,4.4,0.18486111,France
2020-04-28 00:00:00+00:00,13.514167,2.9333332,0.1882778,France
2020-04-29 00:00:00+00:00,12.187083,8.133334,0.19566667,France
2020-04-30 00:00:00+00:00,11.150973,8.3,0.21892363,France
2020-05-01 00:00:00+00:00,11.538818,4.15,0.23907638,France
2020-05-02 00:00:00+00:00,11.478055,3.9333334,0.2479375,France
2020-05-03 00:00:00+00:00,13.180486,1.0500001,0.2509236,France
2020-05-04 00:00:00+00:00,15.509305,1.7333332,0.25061804,France
2020-05-05 00:00:00+00:00,14.418681,5.2833333,0.25587502,France
2020-05-06 00:00:00+00:00,14.090207,0.033333335,0.25588194,France
2020-05-07 00:00:00+00:00,15.475974,0.0,0.24727082,France
2020-05-08 00:00:00+00:00,16.902014,4.733333,0.23954861,France
2020-05-09 00:00:00+00:00,17.73743,6.5499997,0.24438195,France
2020-05-10 00:00:00+00:00,16.91139,14.716666,0.25175,France
2020-05-11 00:00:00+00:00,9.416597,15.033333,0.29642364,France
2020-05-12 00:00:00+00:00,9.1200695,0.016666668,0.29665974,France
2020-05-13 00:00:00+00:00,9.904098,1.2333332,0.28891668,France
2020-05-14 00:00:00+00:00,10.577708,0.033333335,0.28323612,France
2020-05-15 00:00:00+00:00,11.612431,0.0,0.2748889,France
2020-05-16 00:00:00+00:00,12.765555,0.0,0.2634375,France
2020-05-17 00:00:00+00:00,13.127708,0.0,0.25272915,France
2020-05-18 00:00:00+00:00,15.146806,0.0,0.24122225,France
2020-05-19 00:00:00+00:00,16.222849,0.0,0.22781944,France
2020-05-20 00:00:00+00:00,19.198542,0.0,0.21653469,France
2020-05-21 00:00:00+00:00,20.874237,0.0,0.20788197,France
2020-05-22 00:00:00+00:00,19.063473,0.6333333,0.20259029,France
2020-05-23 00:00:00+00:00,14.503056,5.6666665,0.2029861,France
2020-05-24 00:00:00+00:00,14.100972,0.0,0.20474303,France
2020-05-25 00:00:00+00:00,16.506874,0.0,0.20395835,France
2020-05-26 00:00:00+00:00,18.239515,0.0,0.19779861,France
2020-05-27 00:00:00+00:00,18.782223,0.0,0.19075693,France
2020-05-28 00:00:00+00:00,18.925627,0.0,0.18729167,France
2020-05-29 00:00:00+00:00,18.616251,0.0,0.18427777,France
2020-05-30 00:00:00+00:00,18.829792,0.0,0.18288887,France
2020-05-31 00:00:00+00:00,18.800625,0.0,0.18023612,France
2020-06-01 00:00:00+00:00,20.024584,0.016666668,0.17682637,France
2020-06-02 00:00:00+00:00,21.121458,0.033333335,0.17640972,France
2020-06-03 00:00:00+00:00,18.687777,4.9333334,0.17420833,France
2020-06-04 00:00:00+00:00,14.446458,6.6666665,0.17500694,France
2020-06-05 00:00:00+00:00,13.748542,3.3,0.1834514,France
2020-06-06 00:00:00+00:00,13.732223,2.75,0.19271527,France
2020-06-07 00:00:00+00:00,13.236389,1.4333333,0.1957847,France
2020-06-08 00:00:00+00:00,14.006875,2.2166665,0.19507639,France
2020-06-09 00:00:00+00:00,14.03257,0.2,0.19388194,France
2020-06-10 00:00:00+00:00,14.273889,1.2833332,0.1934514,France
2020-06-11 00:00:00+00:00,14.981529,7.75,0.19699307,France
2020-06-12 00:00:00+00:00,15.467292,8.966666,0.21790278,France
2020-06-13 00:00:00+00:00,16.374584,3.1499999,0.23122223,France
2020-06-14 00:00:00+00:00,16.425974,2.6166666,0.23493749,France
2020-06-15 00:00:00+00:00,16.431181,3.2666667,0.2364375,France
2020-06-16 00:00:00+00:00,16.027014,6.0333333,0.24086112,France
2020-06-17 00:00:00+00:00,15.415904,5.3999996,0.2430625,France
2020-06-18 00:00:00+00:00,15.579445,3.45,0.24502085,France
2020-06-19 00:00:00+00:00,15.783265,1.9833332,0.24816667,France
2020-06-20 00:00:00+00:00,16.999237,0.35000002,0.24360417,France
2020-06-21 00:00:00+00:00,17.344028,1.6333333,0.23844445,France
2020-06-22 00:00:00+00:00,17.20236,0.05,0.23404862,France
2020-06-23 00:00:00+00:00,21.030487,0.0,0.2243403,France
2020-06-24 00:00:00+00:00,24.48604,0.0,0.21216667,France
2020-06-25 00:00:00+00:00,24.988472,0.18333334,0.20102777,France
2020-06-26 00:00:00+00:00,22.158264,4.8333335,0.19673611,France
2020-06-27 00:00:00+00:00,19.938473,2.0666668,0.19743748,France
2020-06-28 00:00:00+00:00,17.16,2.25,0.20107637,France
2020-06-29 00:00:00+00:00,16.604445,3.0000002,0.20505553,France
2020-06-30 00:00:00+00:00,17.86,0.68333334,0.20636803,France
2020-07-01 00:00:00+00:00,19.187778,1.7166667,0.20651388,France
2020-07-02 00:00:00+00:00,17.09021,1.5833335,0.20588195,France
2020-07-03 00:00:00+00:00,16.752363,0.033333335,0.20375001,France
2020-07-04 00:00:00+00:00,18.346458,1.1,0.20199305,France
2020-07-05 00:00:00+00:00,19.778402,1.3166667,0.20154859,France
2020-07-06 00:00:00+00:00,16.28882,0.21666665,0.19930558,France
2020-07-07 00:00:00+00:00,16.902708,0.016666668,0.19478475,France
2020-07-08 00:00:00+00:00,19.307917,0.13333334,0.18873613,France
2020-07-09 00:00:00+00:00,21.726667,0.0,0.18440278,France
2020-07-10 00:00:00+00:00,18.358263,0.6666667,0.17944445,France
2020-07-11 00:00:00+00:00,17.512083,0.0,0.17804168,France
2020-07-12 00:00:00+00:00,19.01,0.0,0.17479862,France
2020-07-13 00:00:00+00:00,20.185694,0.0,0.17221528,France
2020-07-14 00:00:00+00:00,18.744028,1.0833333,0.16978471,France
2020-07-15 00:00:00+00:00,17.038473,3.216667,0.16890275,France
2020-07-16 00:00:00+00:00,17.400972,0.45000002,0.17277777,France
2020-07-17 00:00:00+00:00,18.987083,0.06666667,0.17488195,France
2020-07-18 00:00:00+00:00,20.591944,0.0,0.17128472,France
2020-07-19 00:00:00+00:00,21.822153,0.0,0.16477084,France
2020-07-20 00:00:00+00:00,21.136042,0.016666668,0.15919442,France
2020-07-21 00:00:00+00:00,20.556528,0.0,0.15694445,France
2020-07-22 00:00:00+00:00,20.752014,0.0,0.15490279,France
2020-07-23 00:00:00+00:00,20.911043,0.0,0.15422224,France
2020-07-24 00:00:00+00:00,20.092985,0.35000002,0.15321529,France
2020-07-25 00:00:00+00:00,20.386389,2.4166667,0.15390278,France
2020-07-26 00:00:00+00:00,19.794027,2.1499999,0.154,France
2020-07-27 00:00:00+00:00,22.030487,0.083333336,0.15580554,France
2020-07-28 00:00:00+00:00,19.717293,0.2,0.15490277,France
2020-07-29 00:00:00+00:00,19.364168,0.0,0.15541665,France
2020-07-30 00:00:00+00:00,24.031876,0.0,0.1550139,France
2020-07-31 00:00:00+00:00,27.30236,0.0,0.14897917,France
2020-08-01 00:00:00+00:00,22.797155,1.0666667,0.14915971,France
2020-08-02 00:00:00+00:00,19.817291,0.1,0.15070137,France
2020-08-03 00:00:00+00:00,17.707571,1.6999999,0.15249307,France
2020-08-04 00:00:00+00:00,18.050974,0.0,0.15189582,France
2020-08-05 00:00:00+00:00,20.871805,0.0,0.14833333,France
2020-08-06 00:00:00+00:00,24.404444,0.0,0.14410417,France
2020-08-07 00:00:00+00:00,27.302011,0.0,0.1422847,France
2020-08-08 00:00:00+00:00,27.542639,0.0,0.14204168,France
2020-08-09 00:00:00+00:00,27.913473,0.18333334,0.14072917,France
2020-08-10 00:00:00+00:00,26.931875,0.16666667,0.14016667,France
2020-08-11 00:00:00+00:00,27.079096,0.6666666,0.14222223,France
2020-08-12 00:00:00+00:00,26.269377,1.8666667,0.14754862,France
2020-08-13 00:00:00+00:00,22.327707,6.2333336,0.16178472,France
2020-08-14 00:00:00+00:00,20.75514,2.6,0.18085416,France
2020-08-15 00:00:00+00:00,21.086042,0.84999996,0.18993056,France
2020-08-16 00:00:00+00:00,20.265556,7.183334,0.19203472,France
2020-08-17 00:00:00+00:00,19.213472,1.6333332,0.1945972,France
2020-08-18 00:00:00+00:00,19.902014,0.7666667,0.19858332,France
2020-08-19 00:00:00+00:00,21.050278,4.766667,0.19697224,France
2020-08-20 00:00:00+00:00,24.332222,0.78333336,0.20055555,France
2020-08-21 00:00:00+00:00,22.348196,1.8000001,0.19731252,France
2020-08-22 00:00:00+00:00,19.966944,0.4,0.19545138,France
2020-08-23 00:00:00+00:00,18.203403,0.33333334,0.19506943,France
2020-08-24 00:00:00+00:00,17.566597,0.8333333,0.19474305,France
2020-08-25 00:00:00+00:00,19.933264,1.25,0.19503473,France
2020-08-26 00:00:00+00:00,18.566597,0.06666667,0.19286807,France
2020-08-27 00:00:00+00:00,18.224237,2.0,0.19136809,France
2020-08-28 00:00:00+00:00,17.254444,1.85,0.1909375,France
2020-08-29 00:00:00+00:00,15.231875,0.95000005,0.19427776,France
2020-08-30 00:00:00+00:00,14.721458,3.25,0.19702084,France
2020-08-31 00:00:00+00:00,15.269723,0.18333334,0.19930558,France
2020-09-01 00:00:00+00:00,15.640556,0.13333334,0.19660419,France
2020-09-02 00:00:00+00:00,16.13743,0.1,0.19179167,France
2020-09-03 00:00:00+00:00,18.546804,0.23333335,0.18565278,France
2020-09-04 00:00:00+00:00,20.573889,0.05,0.17936109,France
2020-09-05 00:00:00+00:00,17.13986,0.8166668,0.17468055,France
2020-09-06 00:00:00+00:00,15.079445,0.083333336,0.1763889,France
2020-09-07 00:00:00+00:00,15.823543,0.0,0.17477779,France
2020-09-08 00:00:00+00:00,18.03639,0.13333334,0.1719236,France
2020-09-09 00:00:00+00:00,19.977709,0.033333335,0.16971529,France
2020-09-10 00:00:00+00:00,20.363125,0.16666667,0.16727084,France
2020-09-11 00:00:00+00:00,19.641249,0.0,0.16467361,France
2020-09-12 00:00:00+00:00,18.228403,0.0,0.16313194,France
2020-09-13 00:00:00+00:00,19.75132,0.0,0.16058332,France
2020-09-14 00:00:00+00:00,24.052015,0.0,0.16131946,France
2020-09-15 00:00:00+00:00,24.177015,0.0,0.1598611,France
2020-09-16 00:00:00+00:00,23.323542,0.016666668,0.15794446,France
2020-09-17 00:00:00+00:00,21.741945,0.0,0.1569861,France
2020-09-18 00:00:00+00:00,21.945068,2.8666668,0.15715277,France
2020-09-19 00:00:00+00:00,21.564863,3.8,0.15836112,France
2020-09-20 00:00:00+00:00,20.184652,3.7666667,0.16534722,France
2020-09-21 00:00:00+00:00,18.976667,1.4,0.16791666,France
2020-09-22 00:00:00+00:00,17.784653,1.2166667,0.17903471,France
2020-09-23 00:00:00+00:00,17.638819,3.8333333,0.1801597,France
2020-09-24 00:00:00+00:00,14.068681,6.15,0.18756944,France
2020-09-25 00:00:00+00:00,11.153403,2.8,0.2026319,France
2020-09-26 00:00:00+00:00,10.336736,2.45,0.20854862,France
2020-09-27 00:00:00+00:00,11.877708,15.666665,0.23994441,France
2020-09-28 00:00:00+00:00,12.706876,5.8833337,0.27040973,France
2020-09-29 00:00:00+00:00,14.561043,1.1,0.2873958,France
2020-09-30 00:00:00+00:00,15.353402,2.05,0.28911805,France
2020-10-01 00:00:00+00:00,13.532223,12.433334,0.30289584,France
2020-10-02 00:00:00+00:00,12.377708,17.1,0.3483889,France
2020-10-03 00:00:00+00:00,10.859306,12.716667,0.37236807,France
2020-10-04 00:00:00+00:00,11.337777,5.2,0.3763889,France
2020-10-05 00:00:00+00:00,12.008958,9.5,0.37278473,France
2020-10-06 00:00:00+00:00,13.143681,4.7000003,0.3729236,France
2020-10-07 00:00:00+00:00,12.99125,1.4166666,0.3620486,France
2020-10-08 00:00:00+00:00,15.173542,2.5166667,0.35086808,France
2020-10-09 00:00:00+00:00,13.883611,4.866667,0.34904167,France
2020-10-10 00:00:00+00:00,10.755486,0.26666668,0.34739587,France
2020-10-11 00:00:00+00:00,9.783611,1.4166666,0.3422847,France
2020-10-12 00:00:00+00:00,9.1304865,1.9499999,0.3380139,France
2020-10-13 00:00:00+00:00,9.542293,7.7666664,0.33997917,France
2020-10-14 00:00:00+00:00,9.025971,0.81666666,0.34599304,France
2020-10-15 00:00:00+00:00,8.516251,0.3666667,0.3404375,France
2020-10-16 00:00:00+00:00,9.006181,0.033333335,0.3345764,France
2020-10-17 00:00:00+00:00,9.447847,0.05,0.32972917,France
2020-10-18 00:00:00+00:00,9.327014,0.033333335,0.32690278,France
2020-10-19 00:00:00+00:00,10.513473,0.06666667,0.32080555,France
2020-10-20 00:00:00+00:00,13.933263,5.75,0.3179444,France
2020-10-21 00:00:00+00:00,16.697847,7.183334,0.34005556,France
2020-10-22 00:00:00+00:00,15.202361,2.6000001,0.34146523,France
2020-10-23 00:00:00+00:00,13.754444,4.866667,0.3539861,France
2020-10-24 00:00:00+00:00,13.846806,2.9333334,0.35488892,France
2020-10-25 00:00:00+00:00,12.185348,13.416668,0.37145838,France
2020-10-26 00:00:00+00:00,9.762431,1.5166665,0.37447917,France
2020-10-27 00:00:00+00:00,10.646459,6.383333,0.36889586,France
2020-10-28 00:00:00+00:00,12.086389,3.0833333,0.37111807,France
2020-10-29 00:00:00+00:00,12.564166,2.9333332,0.36881247,France
2020-10-30 00:00:00+00:00,12.903056,0.2,0.36254862,France
2020-10-31 00:00:00+00:00,13.473888,1.5333333,0.3554028,France
2020-11-01 00:00:00+00:00,15.920764,5.433333,0.35822222,France
2020-11-02 00:00:00+00:00,15.786389,4.5833335,0.36266673,France
2020-11-03 00:00:00+00:00,9.070069,0.95,0.36130556,France
2020-11-04 00:00:00+00:00,6.085695,0.0,0.35545138,France
2020-11-05 00:00:00+00:00,6.5770135,0.0,0.35057637,France
2020-11-06 00:00:00+00:00,9.736389,0.0,0.34569445,France
2020-11-07 00:00:00+00:00,13.239166,0.95,0.34020138,France
2020-11-08 00:00:00+00:00,13.72007,0.5166667,0.33711112,France
2020-11-09 00:00:00+00:00,12.796459,1.5333333,0.33556947,France
2020-11-10 00:00:00+00:00,11.073195,0.53333336,0.33543053,France
2020-11-11 00:00:00+00:00,10.773196,0.31666666,0.3357847,France
2020-11-12 00:00:00+00:00,11.135695,0.6833334,0.33416665,France
2020-11-13 00:00:00+00:00,12.2475,1.35,0.33419442,France
2020-11-14 00:00:00+00:00,12.815557,0.25,0.33369443,France
2020-11-15 00:00:00+00:00,13.064514,9.849999,0.34354165,France
2020-11-16 00:00:00+00:00,10.505833,0.7,0.35406947,France
2020-11-17 00:00:00+00:00,10.211041,0.0,0.35110423,France
2020-11-18 00:00:00+00:00,11.24125,0.65000004,0.34693745,France
2020-11-19 00:00:00+00:00,9.255139,2.8166666,0.34554163,France
2020-11-20 00:00:00+00:00,5.3468056,0.016666668,0.3445972,France
2020-11-21 00:00:00+00:00,4.808264,0.0,0.34208333,France
2020-11-22 00:00:00+00:00,5.6034026,0.13333334,0.33840275,France
2020-11-23 00:00:00+00:00,6.1985416,0.41666666,0.33518752,France
2020-11-24 00:00:00+00:00,5.9905553,0.0,0.33334723,France
2020-11-25 00:00:00+00:00,7.8363895,0.0,0.33247218,France
2020-11-26 00:00:00+00:00,7.66,0.016666668,0.33027086,France
2020-11-27 00:00:00+00:00,7.8138194,0.33333334,0.32920137,France
2020-11-28 00:00:00+00:00,7.417639,0.0,0.32720828,France
2020-11-29 00:00:00+00:00,3.805486,0.0,0.32521528,France
2020-11-30 00:00:00+00:00,1.7054862,1.2666667,0.32379168,France
2020-12-01 00:00:00+00:00,6.2287498,4.4,0.32968748,France
2020-12-02 00:00:00+00:00,5.1402087,0.80000013,0.3373264,France
2020-12-03 00:00:00+00:00,6.285347,10.650001,0.34222916,France
2020-12-04 00:00:00+00:00,4.596458,3.2666664,0.36631942,France
2020-12-05 00:00:00+00:00,3.8103473,1.0666667,0.36569443,France
2020-12-06 00:00:00+00:00,3.406875,0.6,0.36292362,France
2020-12-07 00:00:00+00:00,2.6877778,2.8,0.36070836,France
2020-12-08 00:00:00+00:00,2.2360418,1.35,0.36204863,France
2020-12-09 00:00:00+00:00,2.6169446,0.5,0.36045137,France
2020-12-10 00:00:00+00:00,5.1586113,4.4166665,0.36721528,France
2020-12-11 00:00:00+00:00,8.1975,14.266667,0.3808333,France
2020-12-12 00:00:00+00:00,7.4985414,3.3833332,0.3898472,France
2020-12-13 00:00:00+00:00,6.599584,1.3,0.3835139,France
2020-12-14 00:00:00+00:00,9.756528,5.016667,0.38005555,France
2020-12-15 00:00:00+00:00,8.7659025,6.133333,0.38653478,France
2020-12-16 00:00:00+00:00,8.432569,0.6,0.3801875,France
2020-12-17 00:00:00+00:00,8.753056,2.1166666,0.37652078,France
2020-12-18 00:00:00+00:00,7.4266667,0.033333335,0.37226388,France
2020-12-19 00:00:00+00:00,9.705486,2.9333332,0.3710347,France
2020-12-20 00:00:00+00:00,8.407222,1.0666667,0.37228474,France
2020-12-21 00:00:00+00:00,10.135695,10.733334,0.38084722,France
2020-12-22 00:00:00+00:00,13.257569,8.733333,0.39494443,France
2020-12-23 00:00:00+00:00,11.52632,9.0,0.39809725,France
2020-12-24 00:00:00+00:00,6.3620834,4.1666665,0.39511803,France
2020-12-25 00:00:00+00:00,2.7200692,0.6666667,0.38863197,France
2020-12-26 00:00:00+00:00,2.6002777,0.083333336,0.38151392,France
2020-12-27 00:00:00+00:00,5.63743,17.733334,0.3884375,France
2020-12-28 00:00:00+00:00,4.2756248,4.9333334,0.40195835,France
2020-12-29 00:00:00+00:00,3.9096527,2.4333332,0.39737502,France
2020-12-30 00:00:00+00:00,3.5339582,1.6833334,0.3920695,France
2020-12-31 00:00:00+00:00,3.5259724,4.45,0.39446524,France
2021-01-01 00:00:00+00:00,0.3079166,0.083333336,0.38913885,France
2021-01-02 00:00:00+00:00,0.17736112,0.0,0.383625,France
2021-01-03 00:00:00+00:00,1.0200695,1.1333333,0.37676385,France
2021-01-04 00:00:00+00:00,1.2825694,0.8333333,0.37256947,France
2021-01-05 00:00:00+00:00,1.627014,0.2,0.36964583,France
2021-01-06 00:00:00+00:00,1.2415972,0.70000005,0.36643052,France
2021-01-07 00:00:00+00:00,0.825625,0.7166667,0.3655903,France
2021-01-08 00:00:00+00:00,-0.26604167,0.083333336,0.3624722,France
2021-01-09 00:00:00+00:00,0.02111111,0.0,0.3599861,France
2021-01-10 00:00:00+00:00,-0.114652775,0.0,0.35702777,France
2021-01-11 00:00:00+00:00,0.5103473,0.0,0.35422918,France
2021-01-12 00:00:00+00:00,5.921806,8.933333,0.36479163,France
2021-01-13 00:00:00+00:00,6.442639,4.516667,0.37936112,France
2021-01-14 00:00:00+00:00,6.2624307,11.333332,0.3890278,France
2021-01-15 00:00:00+00:00,1.8624307,0.59999996,0.38489583,France
2021-01-16 00:00:00+00:00,0.667986,7.116667,0.3772014,France
2021-01-17 00:00:00+00:00,3.7659025,1.1833334,0.3801597,France
2021-01-18 00:00:00+00:00,2.9770143,0.033333335,0.37647918,France
2021-01-19 00:00:00+00:00,5.222847,1.6166664,0.37429166,France
2021-01-20 00:00:00+00:00,9.081181,1.9666667,0.37250003,France
2021-01-21 00:00:00+00:00,9.088819,11.649999,0.38250002,France
2021-01-22 00:00:00+00:00,5.489514,6.9166665,0.4002014,France
2021-01-23 00:00:00+00:00,3.622153,5.683333,0.3978125,France
2021-01-24 00:00:00+00:00,1.825625,3.7833335,0.39384028,France
2021-01-25 00:00:00+00:00,1.5051389,0.74999994,0.38745832,France
2021-01-26 00:00:00+00:00,1.0870833,1.65,0.38234028,France
2021-01-27 00:00:00+00:00,6.3395133,4.2166667,0.3800278,France
2021-01-28 00:00:00+00:00,10.814861,13.516667,0.39979854,France
2021-01-29 00:00:00+00:00,9.771806,7.116667,0.40535414,France
2021-01-30 00:00:00+00:00,8.602361,13.316667,0.40600002,France
2021-01-31 00:00:00+00:00,7.5013194,6.366667,0.40325692,France
2021-02-01 00:00:00+00:00,8.544028,5.7166667,0.40439582,France
2021-02-02 00:00:00+00:00,10.840209,7.433333,0.40052775,France
2021-02-03 00:00:00+00:00,10.168334,10.650001,0.40508333,France
2021-02-04 00:00:00+00:00,8.135346,1.5333333,0.3989375,France
2021-02-05 00:00:00+00:00,8.1252775,3.6000001,0.3945278,France
2021-02-06 00:00:00+00:00,7.633611,7.883333,0.3958056,France
2021-02-07 00:00:00+00:00,3.1929862,2.5666666,0.39816666,France
2021-02-08 00:00:00+00:00,0.5655555,0.75,0.3880417,France
2021-02-09 00:00:00+00:00,-0.048680466,4.3500004,0.37923613,France
2021-02-10 00:00:00+00:00,-1.5611805,2.7166665,0.380132,France
2021-02-11 00:00:00+00:00,-2.3441668,0.26666668,0.3714236,France
2021-02-12 00:00:00+00:00,-1.8722917,4.2000003,0.3687847,France
2021-02-13 00:00:00+00:00,-2.5834026,0.0,0.36472917,France
2021-02-14 00:00:00+00:00,0.65340275,0.0,0.36034027,France
2021-02-15 00:00:00+00:00,5.9603477,1.2166666,0.35745835,France
2021-02-16 00:00:00+00:00,8.30375,1.6833334,0.3559514,France
2021-02-17 00:00:00+00:00,8.85375,0.36666667,0.3576597,France
2021-02-18 00:00:00+00:00,9.180139,5.0499997,0.3583403,France
2021-02-19 00:00:00+00:00,9.273542,0.083333336,0.36446533,France
2021-02-20 00:00:00+00:00,12.456528,0.016666668,0.3612986,France
2021-02-21 00:00:00+00:00,12.114514,0.016666668,0.35585415,France
2021-02-22 00:00:00+00:00,11.878751,1.6,0.35094443,France
2021-02-23 00:00:00+00:00,12.411736,0.0,0.35073614,France
2021-02-24 00:00:00+00:00,12.675972,0.0,0.3452153,France
2021-02-25 00:00:00+00:00,10.950278,0.7,0.3400625,France
2021-02-26 00:00:00+00:00,8.333959,1.9166666,0.33949307,France
2021-02-27 00:00:00+00:00,5.523542,0.0,0.33811107,France
2021-02-28 00:00:00+00:00,6.1975,0.0,0.3349514,France
2021-03-01 00:00:00+00:00,7.919375,0.0,0.33280554,France
2021-03-02 00:00:00+00:00,9.509305,0.033333335,0.33172917,France
2021-03-03 00:00:00+00:00,9.612778,0.4666667,0.3264722,France
2021-03-04 00:00:00+00:00,8.111042,2.3333333,0.3249861,France
2021-03-05 00:00:00+00:00,4.9374304,0.0,0.32695833,France
2021-03-06 00:00:00+00:00,4.0808334,0.0,0.32534024,France
2021-03-07 00:00:00+00:00,4.0620832,0.033333335,0.32375696,France
2021-03-08 00:00:00+00:00,3.319028,0.0,0.3197778,France
2021-03-09 00:00:00+00:00,4.0891666,0.2,0.31708333,France
2021-03-10 00:00:00+00:00,5.7447224,1.9499999,0.31705555,France
2021-03-11 00:00:00+00:00,9.744028,5.783333,0.32161108,France
2021-03-12 00:00:00+00:00,7.5422916,3.4333334,0.32899308,France
2021-03-13 00:00:00+00:00,7.4992366,8.883333,0.34073612,France
2021-03-14 00:00:00+00:00,6.054791,2.2833335,0.35527083,France
2021-03-15 00:00:00+00:00,7.7936807,3.8,0.35993746,France
2021-03-16 00:00:00+00:00,7.265556,3.6333334,0.36065277,France
2021-03-17 00:00:00+00:00,6.865208,2.0166664,0.3618056,France
2021-03-18 00:00:00+00:00,5.0356946,1.5833334,0.35776392,France
2021-03-19 00:00:00+00:00,5.338125,1.6166664,0.35783336,France
2021-03-20 00:00:00+00:00,4.0280557,0.0,0.35379168,France
2021-03-21 00:00:00+00:00,5.195764,0.3,0.3469306,France
2021-03-22 00:00:00+00:00,5.0495834,0.033333335,0.34009722,France
2021-03-23 00:00:00+00:00,6.511736,0.0,0.33285418,France
2021-03-24 00:00:00+00:00,7.9676394,0.0,0.3295625,France
2021-03-25 00:00:00+00:00,8.367639,0.70000005,0.32410416,France
2021-03-26 00:00:00+00:00,8.971806,2.0,0.3190764,France
2021-03-27 00:00:00+00:00,7.145764,0.6333333,0.31637502,France
2021-03-28 00:00:00+00:00,8.730834,0.0,0.31444445,France
2021-03-29 00:00:00+00:00,11.558959,0.0,0.30724308,France
2021-03-30 00:00:00+00:00,13.858958,0.0,0.2978333,France
2021-03-31 00:00:00+00:00,15.044375,0.0,0.2888403,France
2021-04-01 00:00:00+00:00,15.291598,0.0,0.27788195,France
2021-04-02 00:00:00+00:00,10.764862,0.0,0.26861808,France
2021-04-03 00:00:00+00:00,7.1679864,0.0,0.2625278,France
2021-04-04 00:00:00+00:00,7.3377776,0.0,0.25947222,France
2021-04-05 00:00:00+00:00,5.830139,0.61666673,0.2530764,France
2021-04-06 00:00:00+00:00,3.155486,0.33333334,0.25127777,France
2021-04-07 00:00:00+00:00,3.348889,0.083333336,0.25050697,France
2021-04-08 00:00:00+00:00,6.2093053,0.0,0.24690278,France
2021-04-09 00:00:00+00:00,10.020764,3.5,0.24189584,France
2021-04-10 00:00:00+00:00,10.322846,11.466667,0.24542361,France
2021-04-11 00:00:00+00:00,6.2881255,7.183334,0.2768611,France
2021-04-12 00:00:00+00:00,4.507917,0.4,0.28540277,France
2021-04-13 00:00:00+00:00,5.2985415,0.016666668,0.28309026,France
2021-04-14 00:00:00+00:00,5.6784024,0.16666667,0.27844447,France
2021-04-15 00:00:00+00:00,5.326319,0.43333337,0.27222916,France
2021-04-16 00:00:00+00:00,5.870764,0.016666668,0.26797223,France
2021-04-17 00:00:00+00:00,8.071111,0.0,0.26333335,France
2021-04-18 00:00:00+00:00,8.440903,0.05,0.25668752,France
2021-04-19 00:00:00+00:00,9.812083,0.083333336,0.25003472,France
2021-04-20 00:00:00+00:00,10.9742365,0.6333334,0.23955555,France
2021-04-21 00:00:00+00:00,12.015209,0.21666668,0.23204859,France
2021-04-22 00:00:00+00:00,11.625973,0.0,0.22580557,France
2021-04-23 00:00:00+00:00,12.627361,0.0,0.21904862,France
2021-04-24 00:00:00+00:00,13.836736,0.0,0.20546527,France
2021-04-25 00:00:00+00:00,12.801319,0.15000002,0.19704168,France
2021-04-26 00:00:00+00:00,12.386388,0.016666668,0.19263887,France
2021-04-27 00:00:00+00:00,12.411042,0.0,0.18874997,France
2021-04-28 00:00:00+00:00,11.548195,2.65,0.18322222,France
2021-04-29 00:00:00+00:00,9.667987,0.25,0.18635416,France
2021-04-30 00:00:00+00:00,9.04368,2.4666667,0.19069444,France
2021-05-01 00:00:00+00:00,8.971458,0.90000004,0.19215971,France
2021-05-02 00:00:00+00:00,8.119028,0.50000006,0.1921875,France
2021-05-03 00:00:00+00:00,9.789514,0.06666667,0.19115275,France
2021-05-04 00:00:00+00:00,10.213471,9.749999,0.18943751,France
2021-05-05 00:00:00+00:00,8.8284025,1.2333332,0.2042778,France
2021-05-06 00:00:00+00:00,9.616597,10.766666,0.21901388,France
2021-05-07 00:00:00+00:00,9.966945,1.3833333,0.23759027,France
2021-05-08 00:00:00+00:00,14.704445,1.1166667,0.2347014,France
2021-05-09 00:00:00+00:00,17.96139,5.1666665,0.23065972,France
2021-05-10 00:00:00+00:00,14.200625,2.8666666,0.23204863,France
2021-05-11 00:00:00+00:00,11.65132,3.6166668,0.23228472,France
2021-05-12 00:00:00+00:00,11.185348,2.8333333,0.23230554,France
2021-05-13 00:00:00+00:00,11.228404,6.1,0.23469444,France
2021-05-14 00:00:00+00:00,10.867986,3.3833332,0.24255554,France
2021-05-15 00:00:00+00:00,11.204792,5.7166667,0.25091666,France
2021-05-16 00:00:00+00:00,11.936042,7.283333,0.25904167,France
2021-05-17 00:00:00+00:00,11.74507,4.6666665,0.27266666,France
2021-05-18 00:00:00+00:00,10.976318,3.3166666,0.28266668,France
2021-05-19 00:00:00+00:00,10.764168,3.8999999,0.2870417,France
2021-05-20 00:00:00+00:00,11.999583,0.016666668,0.28979862,France
2021-05-21 00:00:00+00:00,12.702014,1.25,0.28455555,France
2021-05-22 00:00:00+00:00,11.166596,2.8666668,0.2818403,France
2021-05-23 00:00:00+00:00,11.780834,1.0500001,0.27977777,France
2021-05-24 00:00:00+00:00,11.349931,10.633333,0.28427777,France
2021-05-25 00:00:00+00:00,11.103055,2.2166665,0.29461113,France
2021-05-26 00:00:00+00:00,11.481875,6.683334,0.30454862,France
2021-05-27 00:00:00+00:00,13.154446,0.65000004,0.31278473,France
2021-05-28 00:00:00+00:00,15.19646,0.0,0.30349305,France
2021-05-29 00:00:00+00:00,16.399584,0.2,0.28949305,France
2021-05-30 00:00:00+00:00,16.69507,0.0,0.2761736,France
2021-05-31 00:00:00+00:00,17.755138,0.0,0.26161805,France
2021-06-01 00:00:00+00:00,19.720764,2.3,0.24595833,France
2021-06-02 00:00:00+00:00,19.368681,1.4666667,0.23307641,France
2021-06-03 00:00:00+00:00,19.09229,2.8666668,0.22834028,France
2021-06-04 00:00:00+00:00,17.24889,6.9833336,0.23668055,France
2021-06-05 00:00:00+00:00,15.278403,2.666667,0.25074303,France
2021-06-06 00:00:00+00:00,16.075974,0.083333336,0.25634027,France
2021-06-07 00:00:00+00:00,17.587084,0.1,0.25313196,France
2021-06-08 00:00:00+00:00,18.897848,0.05,0.2459236,France
2021-06-09 00:00:00+00:00,19.529444,0.116666675,0.23702778,France
2021-06-10 00:00:00+00:00,19.685694,0.1,0.22756945,France
2021-06-11 00:00:00+00:00,20.589167,0.1,0.21913888,France
2021-06-12 00:00:00+00:00,20.169724,0.06666667,0.21263196,France
2021-06-13 00:00:00+00:00,20.462084,0.0,0.20678474,France
2021-06-14 00:00:00+00:00,22.068682,0.0,0.19873609,France
2021-06-15 00:00:00+00:00,22.847847,0.0,0.19047916,France
2021-06-16 00:00:00+00:00,24.372154,2.1333334,0.18665278,France
2021-06-17 00:00:00+00:00,22.730139,6.566667,0.18687499,France
2021-06-18 00:00:00+00:00,21.425278,7.783333,0.22054863,France
2021-06-19 00:00:00+00:00,20.086737,7.4166665,0.23309028,France
2021-06-20 00:00:00+00:00,18.754791,6.883333,0.25003472,France
2021-06-21 00:00:00+00:00,17.90132,5.766667,0.25843748,France
2021-06-22 00:00:00+00:00,15.831529,9.55,0.27958333,France
2021-06-23 00:00:00+00:00,15.563125,1.0833334,0.29586807,France
2021-06-24 00:00:00+00:00,15.554097,0.3166667,0.29282638,France
2021-06-25 00:00:00+00:00,16.450972,2.4166663,0.28679863,France
2021-06-26 00:00:00+00:00,18.105833,3.1166668,0.28763196,France
2021-06-27 00:00:00+00:00,17.815556,7.2000003,0.28991666,France
2021-06-28 00:00:00+00:00,16.981527,9.366667,0.30526388,France
2021-06-29 00:00:00+00:00,15.737778,6.4,0.31629166,France
2021-06-30 00:00:00+00:00,15.383611,6.1666665,0.3315347,France
2021-07-01 00:00:00+00:00,17.102015,0.6833334,0.332625,France
2021-07-02 00:00:00+00:00,18.875277,0.16666667,0.3182222,France
2021-07-03 00:00:00+00:00,18.927015,2.4166667,0.30750695,France
2021-07-04 00:00:00+00:00,17.496805,7.466667,0.30858332,France
2021-07-05 00:00:00+00:00,18.249931,6.7333336,0.32475004,France
2021-07-06 00:00:00+00:00,17.569723,6.5499997,0.33177775,France
2021-07-07 00:00:00+00:00,16.852015,1.25,0.32280555,France
2021-07-08 00:00:00+00:00,16.765207,1.1,0.31290972,France
2021-07-09 00:00:00+00:00,16.803057,0.46666667,0.30621526,France
2021-07-10 00:00:00+00:00,16.556181,4.95,0.29952082,France
2021-07-11 00:00:00+00:00,17.92771,0.28333333,0.30071524,France
2021-07-12 00:00:00+00:00,17.323195,5.9833336,0.29945832,France
2021-07-13 00:00:00+00:00,16.069723,13.2,0.3183125,France
2021-07-14 00:00:00+00:00,16.655485,11.95,0.35322222,France
2021-07-15 00:00:00+00:00,17.852015,12.949998,0.35326388,France
2021-07-16 00:00:00+00:00,17.263126,0.23333335,0.33812502,France
2021-07-17 00:00:00+00:00,18.423542,0.1,0.3254653,France
2021-07-18 00:00:00+00:00,21.512777,0.0,0.31077778,France
2021-07-19 00:00:00+00:00,22.36,0.06666667,0.29133332,France
2021-07-20 00:00:00+00:00,21.956528,0.0,0.27334028,France
2021-07-21 00:00:00+00:00,22.068682,0.0,0.25889584,France
2021-07-22 00:00:00+00:00,22.3725,0.0,0.24478476,France
2021-07-23 00:00:00+00:00,22.229446,0.23333333,0.23400694,France
2021-07-24 00:00:00+00:00,19.957571,4.383333,0.22957636,France
2021-07-25 00:00:00+00:00,18.761389,6.9499993,0.23413193,France
2021-07-26 00:00:00+00:00,18.514862,2.8,0.24078472,France
2021-07-27 00:00:00+00:00,17.79125,3.9666665,0.24550696,France
2021-07-28 00:00:00+00:00,17.905836,0.35000002,0.25138888,France
2021-07-29 00:00:00+00:00,17.619028,0.26666668,0.24911807,France
2021-07-30 00:00:00+00:00,17.829794,0.65000004,0.2447222,France
2021-07-31 00:00:00+00:00,16.810347,1.3000001,0.2417153,France
2021-08-01 00:00:00+00:00,16.462778,2.3333333,0.23988195,France
2021-08-02 00:00:00+00:00,16.730139,1.9333334,0.23872912,France
2021-08-03 00:00:00+00:00,15.9273615,6.683334,0.24444444,France
2021-08-04 00:00:00+00:00,16.52007,5.7833333,0.25361112,France
2021-08-05 00:00:00+00:00,17.766947,4.0833335,0.26075694,France
2021-08-06 00:00:00+00:00,17.466944,3.4499996,0.26681945,France
2021-08-07 00:00:00+00:00,17.00132,3.1499996,0.2704514,France
2021-08-08 00:00:00+00:00,16.15479,1.7000002,0.27499306,France
2021-08-09 00:00:00+00:00,17.05757,1.7166666,0.27615973,France
2021-08-10 00:00:00+00:00,18.720764,0.6833334,0.27308336,France
2021-08-11 00:00:00+00:00,19.470764,0.016666668,0.2659028,France
2021-08-12 00:00:00+00:00,21.752363,0.116666675,0.2572014,France
2021-08-13 00:00:00+00:00,21.238472,0.016666668,0.24865277,France
2021-08-14 00:00:00+00:00,21.816946,0.0,0.23823608,France
2021-08-15 00:00:00+00:00,21.303057,0.05,0.22757638,France
2021-08-16 00:00:00+00:00,17.570417,1.0666666,0.22365971,France
2021-08-17 00:00:00+00:00,16.30132,0.5166667,0.22334719,France
2021-08-18 00:00:00+00:00,17.105486,1.0333334,0.22408335,France
2021-08-19 00:00:00+00:00,17.4725,0.31666666,0.22529167,France
2021-08-20 00:00:00+00:00,18.690208,0.2,0.2252986,France
2021-08-21 00:00:00+00:00,19.404793,3.1166668,0.22294445,France
2021-08-22 00:00:00+00:00,17.898542,0.8833334,0.22311114,France
2021-08-23 00:00:00+00:00,17.667986,0.5,0.22375,France
2021-08-24 00:00:00+00:00,18.456182,0.016666668,0.22399306,France
2021-08-25 00:00:00+00:00,18.182222,0.0,0.22113197,France
2021-08-26 00:00:00+00:00,16.997154,0.16666667,0.21795134,France
2021-08-27 00:00:00+00:00,16.297848,0.016666668,0.21713196,France
2021-08-28 00:00:00+00:00,16.149235,0.25,0.21621527,France
2021-08-29 00:00:00+00:00,16.074236,0.33333334,0.21551387,France
2021-08-30 00:00:00+00:00,16.970764,0.5166667,0.21560419,France
2021-08-31 00:00:00+00:00,17.432917,0.033333335,0.21547918,France
2021-09-01 00:00:00+00:00,17.75757,0.0,0.21393056,France
2021-09-02 00:00:00+00:00,18.924583,0.23333335,0.21052085,France
2021-09-03 00:00:00+00:00,19.949583,0.8833334,0.20462501,France
2021-09-04 00:00:00+00:00,20.231874,0.65000004,0.1973403,France
2021-09-05 00:00:00+00:00,21.045763,0.1,0.19146527,France
2021-09-06 00:00:00+00:00,22.137777,0.016666668,0.18428473,France
2021-09-07 00:00:00+00:00,23.189169,0.06666667,0.17844445,France
2021-09-08 00:00:00+00:00,22.59472,2.7666667,0.1763889,France
2021-09-09 00:00:00+00:00,20.25271,3.1000001,0.17904861,France
2021-09-10 00:00:00+00:00,18.949583,4.083333,0.18916667,France
2021-09-11 00:00:00+00:00,17.500626,0.16666667,0.19969445,France
2021-09-12 00:00:00+00:00,17.596806,0.05,0.20145833,France
2021-09-13 00:00:00+00:00,19.633959,0.23333335,0.20020832,France
2021-09-14 00:00:00+00:00,20.38257,4.133333,0.20084028,France
2021-09-15 00:00:00+00:00,18.925278,4.7000003,0.21208334,France
2021-09-16 00:00:00+00:00,17.142988,0.36666667,0.22352086,France
2021-09-17 00:00:00+00:00,16.816597,0.0,0.22602083,France
2021-09-18 00:00:00+00:00,17.070765,3.7333333,0.22504167,France
2021-09-19 00:00:00+00:00,15.908264,6.5,0.24637502,France
2021-09-20 00:00:00+00:00,15.352361,3.0833333,0.2659514,France
2021-09-21 00:00:00+00:00,14.657917,0.033333335,0.26980558,France
2021-09-22 00:00:00+00:00,14.449582,0.0,0.2646875,France
2021-09-23 00:00:00+00:00,14.662431,0.0,0.2570069,France
2021-09-24 00:00:00+00:00,15.742986,0.016666668,0.24993056,France
2021-09-25 00:00:00+00:00,16.766249,1.1833334,0.24596526,France
2021-09-26 00:00:00+00:00,17.431181,2.5666666,0.24527079,France
2021-09-27 00:00:00+00:00,15.9353485,2.1833334,0.24590974,France
2021-09-28 00:00:00+00:00,13.844375,0.46666667,0.24741669,France
2021-09-29 00:00:00+00:00,13.335694,3.25,0.24893749,France
2021-09-30 00:00:00+00:00,11.515903,0.0,0.25059026,France
2021-10-01 00:00:00+00:00,13.052709,4.816666,0.25202775,France
2021-10-02 00:00:00+00:00,15.387431,15.299999,0.26804164,France
2021-10-03 00:00:00+00:00,14.8284025,18.949999,0.31613195,France
2021-10-04 00:00:00+00:00,13.152362,0.53333336,0.32643056,France
2021-10-05 00:00:00+00:00,13.024238,6.3333335,0.33136111,France
2021-10-06 00:00:00+00:00,11.903401,0.6333334,0.3322014,France
2021-10-07 00:00:00+00:00,11.965556,0.28333333,0.32650697,France
2021-10-08 00:00:00+00:00,12.820764,0.0,0.31929168,France
2021-10-09 00:00:00+00:00,12.443334,0.0,0.31221524,France
2021-10-10 00:00:00+00:00,11.233612,0.016666668,0.30579165,France
2021-10-11 00:00:00+00:00,11.447499,0.13333334,0.30053473,France
2021-10-12 00:00:00+00:00,10.465903,0.26666665,0.30366668,France
2021-10-13 00:00:00+00:00,9.659653,0.05,0.30697915,France
2021-10-14 00:00:00+00:00,9.341598,0.0,0.30284026,France
2021-10-15 00:00:00+00:00,9.8127775,0.116666675,0.29702085,France
2021-10-16 00:00:00+00:00,10.039166,0.0,0.2931181,France
2021-10-17 00:00:00+00:00,10.46625,0.0,0.2883264,France
2021-10-18 00:00:00+00:00,13.446805,0.9833334,0.2852361,France
2021-10-19 00:00:00+00:00,17.206528,1.5500001,0.28486803,France
2021-10-20 00:00:00+00:00,16.60375,7.116667,0.28553477,France
2021-10-21 00:00:00+00:00,11.578056,3.8500001,0.29640973,France
2021-10-22 00:00:00+00:00,8.138473,0.083333336,0.3019236,France
2021-10-23 00:00:00+00:00,8.560695,0.0,0.30231944,France
2021-10-24 00:00:00+00:00,8.454445,0.1,0.29974306,France
2021-10-25 00:00:00+00:00,10.766945,1.1999999,0.29793054,France
2021-10-26 00:00:00+00:00,11.115555,0.13333334,0.29969442,France
2021-10-27 00:00:00+00:00,10.729445,0.0,0.2999514,France
2021-10-28 00:00:00+00:00,11.818681,0.0,0.2979861,France
2021-10-29 00:00:00+00:00,13.397847,5.0166664,0.30151385,France
2021-10-30 00:00:00+00:00,13.171458,7.5166664,0.32504168,France
2021-10-31 00:00:00+00:00,13.021806,5.35,0.33328474,France
2021-11-01 00:00:00+00:00,10.221112,3.1166668,0.34504858,France
2021-11-02 00:00:00+00:00,8.400972,6.6666665,0.35110417,France
2021-11-03 00:00:00+00:00,7.0724998,3.8833332,0.37134027,France
2021-11-04 00:00:00+00:00,6.122501,1.4166666,0.3671944,France
2021-11-05 00:00:00+00:00,6.5915966,0.25,0.36500692,France
2021-11-06 00:00:00+00:00,5.813125,0.016666668,0.35604167,France
2021-11-07 00:00:00+00:00,8.026667,0.9833333,0.3503264,France
2021-11-08 00:00:00+00:00,6.3221526,0.0,0.3468125,France
2021-11-09 00:00:00+00:00,5.741944,0.016666668,0.3435625,France
2021-11-10 00:00:00+00:00,4.6759725,0.0,0.3390139,France
2021-11-11 00:00:00+00:00,5.105486,0.0,0.3339375,France
2021-11-12 00:00:00+00:00,6.814167,0.05,0.33094445,France
2021-11-13 00:00:00+00:00,10.479793,2.8499997,0.33045834,France
2021-11-14 00:00:00+00:00,9.494721,0.5833334,0.33431253,France
2021-11-15 00:00:00+00:00,7.7832637,0.1,0.33436808,France
2021-11-16 00:00:00+00:00,7.1648617,0.18333334,0.33384028,France
2021-11-17 00:00:00+00:00,7.8874307,0.43333337,0.33346525,France
2021-11-18 00:00:00+00:00,6.970417,0.033333335,0.33219448,France
2021-11-19 00:00:00+00:00,7.1843057,0.05,0.33111808,France
2021-11-20 00:00:00+00:00,6.6745834,0.13333334,0.3301389,France
2021-11-21 00:00:00+00:00,5.6027083,2.5833333,0.32950005,France
2021-11-22 00:00:00+00:00,5.4714584,0.4333333,0.33178473,France
2021-11-23 00:00:00+00:00,3.8193753,0.0,0.33100694,France
2021-11-24 00:00:00+00:00,2.9016666,0.033333335,0.3286736,France
2021-11-25 00:00:00+00:00,2.7659028,0.53333336,0.32728472,France
2021-11-26 00:00:00+00:00,4.2356944,6.066667,0.32795835,France
2021-11-27 00:00:00+00:00,3.0027084,2.3999999,0.34017357,France
2021-11-28 00:00:00+00:00,2.934653,2.7166665,0.34678474,France
2021-11-29 00:00:00+00:00,1.6902084,0.48333335,0.34668747,France
2021-11-30 00:00:00+00:00,4.9096527,1.1666666,0.34486112,France
2021-12-01 00:00:00+00:00,7.7572217,6.933333,0.35575,France
2021-12-02 00:00:00+00:00,3.1610415,1.2166667,0.3639305,France
2021-12-03 00:00:00+00:00,3.4263198,9.733334,0.36472222,France
2021-12-04 00:00:00+00:00,7.1777077,10.650001,0.39440975,France
2021-12-05 00:00:00+00:00,4.164514,4.0833335,0.3883611,France
2021-12-06 00:00:00+00:00,4.56625,3.1000001,0.38256252,France
2021-12-07 00:00:00+00:00,5.69507,6.183333,0.38500693,France
2021-12-08 00:00:00+00:00,4.2961116,1.9499999,0.38745835,France
2021-12-09 00:00:00+00:00,3.6145136,4.8666663,0.3784236,France
2021-12-10 00:00:00+00:00,5.4086113,10.1,0.39208332,France
2021-12-11 00:00:00+00:00,4.307569,0.8,0.3852431,France
2021-12-12 00:00:00+00:00,7.6259723,0.71666664,0.37883332,France
2021-12-13 00:00:00+00:00,6.863472,0.1,0.37494442,France
2021-12-14 00:00:00+00:00,5.108611,0.0,0.36964583,France
2021-12-15 00:00:00+00:00,6.0266666,0.06666667,0.36496532,France
2021-12-16 00:00:00+00:00,5.890556,0.016666668,0.3624514,France
2021-12-17 00:00:00+00:00,5.7745833,0.0,0.3600208,France
2021-12-18 00:00:00+00:00,4.7023616,0.0,0.3562014,France
2021-12-19 00:00:00+00:00,3.711736,0.016666668,0.35247922,France
2021-12-20 00:00:00+00:00,3.505139,0.016666668,0.34978473,France
2021-12-21 00:00:00+00:00,0.12736107,0.0,0.34768748,France
2021-12-22 00:00:00+00:00,-0.6820139,0.0,0.34518746,France
2021-12-23 00:00:00+00:00,4.6134725,0.68333334,0.34235415,France
2021-12-24 00:00:00+00:00,8.030139,4.9500003,0.34944448,France
2021-12-25 00:00:00+00:00,8.087777,3.6833332,0.36424306,France
2021-12-26 00:00:00+00:00,8.306181,4.7,0.3743889,France
2021-12-27 00:00:00+00:00,9.475278,15.149999,0.38731948,France
2021-12-28 00:00:00+00:00,11.074237,6.2999997,0.3969028,France
2021-12-29 00:00:00+00:00,12.112779,9.883334,0.39959028,France
2021-12-30 00:00:00+00:00,12.269722,0.5666667,0.39503476,France
2021-12-31 00:00:00+00:00,9.921458,0.05,0.3850486,France
2020-01-01 00:00:00+00:00,-0.18994446,0.0,0.33519447,Germany
2020-01-02 00:00:00+00:00,-0.15938888,0.0,0.33249998,Germany
2020-01-03 00:00:00+00:00,4.826028,3.45,0.33108333,Germany
2020-01-04 00:00:00+00:00,3.7798471,2.8499997,0.33531252,Germany
2020-01-05 00:00:00+00:00,3.1822777,0.2,0.33820137,Germany
2020-01-06 00:00:00+00:00,2.4142225,0.06666667,0.33647916,Germany
2020-01-07 00:00:00+00:00,3.584014,0.7166667,0.33338198,Germany
2020-01-08 00:00:00+00:00,6.2308884,2.5166662,0.33336112,Germany
2020-01-09 00:00:00+00:00,8.762833,4.2833333,0.33822224,Germany
2020-01-10 00:00:00+00:00,7.1937356,3.616666,0.34663892,Germany
2020-01-11 00:00:00+00:00,3.3694305,0.033333335,0.3460625,Germany
2020-01-12 00:00:00+00:00,3.1583195,0.8666666,0.34225002,Germany
2020-01-13 00:00:00+00:00,4.6663055,0.43333337,0.3402708,Germany
2020-01-14 00:00:00+00:00,7.1819305,0.93333334,0.33934727,Germany
2020-01-15 00:00:00+00:00,8.674291,0.53333336,0.33998618,Germany
2020-01-16 00:00:00+00:00,6.199986,0.0,0.33659026,Germany
2020-01-17 00:00:00+00:00,5.825333,1.2833334,0.33293056,Germany
2020-01-18 00:00:00+00:00,3.6708193,1.9833332,0.3326111,Germany
2020-01-19 00:00:00+00:00,1.5840139,0.8,0.33336106,Germany
2020-01-20 00:00:00+00:00,1.7298473,0.25,0.33375695,Germany
2020-01-21 00:00:00+00:00,0.1343611,0.0,0.33094442,Germany
2020-01-22 00:00:00+00:00,0.3218609,0.13333334,0.32888198,Germany
2020-01-23 00:00:00+00:00,0.69825006,0.0,0.3266597,Germany
2020-01-24 00:00:00+00:00,0.052069407,0.016666668,0.32447222,Germany
2020-01-25 00:00:00+00:00,0.8621389,0.0,0.32241663,Germany
2020-01-26 00:00:00+00:00,2.1836667,0.033333335,0.32011807,Germany
2020-01-27 00:00:00+00:00,4.913528,4.0166664,0.31990972,Germany
2020-01-28 00:00:00+00:00,4.00832,5.9166665,0.32788196,Germany
2020-01-29 00:00:00+00:00,2.7836666,3.7166665,0.33783332,Germany
2020-01-30 00:00:00+00:00,5.9499855,3.3666668,0.3414514,Germany
2020-01-31 00:00:00+00:00,9.928458,2.1166666,0.3448472,Germany
2020-02-01 00:00:00+00:00,9.992347,6.0,0.34797218,Germany
2020-02-02 00:00:00+00:00,7.8822784,6.9166665,0.35931945,Germany
2020-02-03 00:00:00+00:00,7.5840144,11.016665,0.37095138,Germany
2020-02-04 00:00:00+00:00,3.7475555,8.016667,0.37493744,Germany
2020-02-05 00:00:00+00:00,1.8739444,0.41666663,0.3660417,Germany
2020-02-06 00:00:00+00:00,2.415611,0.016666668,0.3564583,Germany
2020-02-07 00:00:00+00:00,2.3614445,0.0,0.34946525,Germany
2020-02-08 00:00:00+00:00,3.9249861,0.18333334,0.34496525,Germany
2020-02-09 00:00:00+00:00,8.007973,5.2333336,0.3399861,Germany
2020-02-10 00:00:00+00:00,6.8114448,13.833332,0.35727775,Germany
2020-02-11 00:00:00+00:00,3.4694302,4.75,0.36645138,Germany
2020-02-12 00:00:00+00:00,2.940611,1.75,0.36051393,Germany
2020-02-13 00:00:00+00:00,3.1697779,6.233333,0.35840273,Germany
2020-02-14 00:00:00+00:00,4.6017222,1.1833333,0.3633264,Germany
2020-02-15 00:00:00+00:00,6.6048474,0.016666668,0.35747218,Germany
2020-02-16 00:00:00+00:00,11.817,4.4,0.35141668,Germany
2020-02-17 00:00:00+00:00,7.9322777,4.433334,0.35675696,Germany
2020-02-18 00:00:00+00:00,5.309014,1.6666665,0.35668752,Germany
2020-02-19 00:00:00+00:00,4.262833,4.883333,0.35680556,Germany
2020-02-20 00:00:00+00:00,5.4819303,3.7,0.35735416,Germany
2020-02-21 00:00:00+00:00,4.867695,1.6833333,0.36115274,Germany
2020-02-22 00:00:00+00:00,7.203111,2.2166667,0.3565625,Germany
2020-02-23 00:00:00+00:00,7.7270694,11.900001,0.36472917,Germany
2020-02-24 00:00:00+00:00,6.0104027,8.45,0.37560415,Germany
2020-02-25 00:00:00+00:00,6.8232503,3.1333332,0.37551388,Germany
2020-02-26 00:00:00+00:00,2.4006805,4.0166664,0.36902085,Germany
2020-02-27 00:00:00+00:00,1.6374861,8.583333,0.3631597,Germany
2020-02-28 00:00:00+00:00,2.6916525,2.6499999,0.36005554,Germany
2020-02-29 00:00:00+00:00,7.445125,5.566667,0.36497918,Germany
2020-03-01 00:00:00+00:00,6.1499863,3.8333333,0.36374304,Germany
2020-03-02 00:00:00+00:00,5.6888747,3.6166668,0.36379865,Germany
2020-03-03 00:00:00+00:00,3.9294999,3.5,0.36527082,Germany
2020-03-04 00:00:00+00:00,3.0381804,0.8,0.36088195,Germany
2020-03-05 00:00:00+00:00,4.4357495,5.816667,0.35880554,Germany
2020-03-06 00:00:00+00:00,4.074639,7.2333336,0.3718194,Germany
2020-03-07 00:00:00+00:00,4.0503335,1.3833336,0.3702847,Germany
2020-03-08 00:00:00+00:00,6.3343616,1.3166667,0.36169443,Germany
2020-03-09 00:00:00+00:00,6.185056,2.8999999,0.36019444,Germany
2020-03-10 00:00:00+00:00,6.817,10.833333,0.36531946,Germany
2020-03-11 00:00:00+00:00,10.2045,3.1833334,0.37681255,Germany
2020-03-12 00:00:00+00:00,9.161098,5.0500007,0.37275696,Germany
2020-03-13 00:00:00+00:00,5.3774166,2.3,0.3648889,Germany
2020-03-14 00:00:00+00:00,4.138875,0.25,0.36025003,Germany
2020-03-15 00:00:00+00:00,7.2597084,0.0,0.3522847,Germany
2020-03-16 00:00:00+00:00,8.765958,0.1,0.34256247,Germany
2020-03-17 00:00:00+00:00,8.780541,0.41666666,0.33668053,Germany
2020-03-18 00:00:00+00:00,10.1791525,0.0,0.3299028,Germany
2020-03-19 00:00:00+00:00,9.306931,0.13333334,0.32820138,Germany
2020-03-20 00:00:00+00:00,7.796166,2.4333332,0.32560417,Germany
2020-03-21 00:00:00+00:00,3.4680417,3.6499999,0.32681942,Germany
2020-03-22 00:00:00+00:00,1.7451249,0.05,0.32922915,Germany
2020-03-23 00:00:00+00:00,0.8489444,0.0,0.32432643,Germany
2020-03-24 00:00:00+00:00,1.6128334,0.0,0.3202361,Germany
2020-03-25 00:00:00+00:00,2.3760278,0.0,0.3144236,Germany
2020-03-26 00:00:00+00:00,3.6791525,0.0,0.30977085,Germany
2020-03-27 00:00:00+00:00,7.399639,0.0,0.3047986,Germany
2020-03-28 00:00:00+00:00,7.549292,0.016666668,0.30102086,Germany
2020-03-29 00:00:00+00:00,2.8909585,2.05,0.2942708,Germany
2020-03-30 00:00:00+00:00,0.96977776,1.25,0.29209033,Germany
2020-03-31 00:00:00+00:00,1.424986,0.033333335,0.29224303,Germany
2020-04-01 00:00:00+00:00,2.5253332,0.0,0.2917639,Germany
2020-04-02 00:00:00+00:00,5.0558887,0.06666667,0.29064587,Germany
2020-04-03 00:00:00+00:00,5.5725555,0.7333333,0.28847918,Germany
2020-04-04 00:00:00+00:00,6.227417,0.0,0.28341666,Germany
2020-04-05 00:00:00+00:00,9.443389,0.0,0.27390277,Germany
2020-04-06 00:00:00+00:00,12.339222,0.0,0.2588403,Germany
2020-04-07 00:00:00+00:00,12.409015,0.0,0.25140277,Germany
2020-04-08 00:00:00+00:00,13.837486,0.0,0.24161108,Germany
2020-04-09 00:00:00+00:00,12.657277,0.0,0.24275692,Germany
2020-04-10 00:00:00+00:00,10.596166,0.0,0.23556943,Germany
2020-04-11 00:00:00+00:00,11.117348,0.0,0.22890972,Germany
2020-04-12 00:00:00+00:00,13.815612,0.0,0.2240486,Germany
2020-04-13 00:00:00+00:00,8.131583,0.55,0.22420831,Germany
2020-04-14 00:00:00+00:00,4.576375,0.0,0.22486801,Germany
2020-04-15 00:00:00+00:00,8.075681,0.0,0.22483332,Germany
2020-04-16 00:00:00+00:00,11.766307,0.0,0.21763192,Germany
2020-04-17 00:00:00+00:00,12.243736,0.0,0.21270138,Germany
2020-04-18 00:00:00+00:00,12.740611,1.5,0.21072221,Germany
2020-04-19 00:00:00+00:00,10.951375,0.5,0.20656247,Germany
2020-04-20 00:00:00+00:00,10.576722,0.0,0.20536806,Germany
2020-04-21 00:00:00+00:00,11.776722,0.0,0.20181249,Germany
2020-04-22 00:00:00+00:00,12.662139,0.0,0.19650002,Germany
2020-04-23 00:00:00+00:00,13.520125,0.0,0.1900764,Germany
2020-04-24 00:00:00+00:00,13.404152,0.0,0.18918055,Germany
2020-04-25 00:00:00+00:00,10.56943,0.016666668,0.18875693,Germany
2020-04-26 00:00:00+00:00,10.540958,0.0,0.18614583,Germany
2020-04-27 00:00:00+00:00,13.186097,0.06666667,0.18559724,Germany
2020-04-28 00:00:00+00:00,12.842694,4.633333,0.18035418,Germany
2020-04-29 00:00:00+00:00,11.734708,5.2166667,0.18427779,Germany
2020-04-30 00:00:00+00:00,11.45589,5.9166665,0.19261111,Germany
2020-05-01 00:00:00+00:00,10.266652,3.1499999,0.19908333,Germany
2020-05-02 00:00:00+00:00,9.142,3.9166667,0.20696528,Germany
2020-05-03 00:00:00+00:00,10.021167,0.6666666,0.21824308,Germany
2020-05-04 00:00:00+00:00,10.1295,3.0666666,0.22217362,Germany
2020-05-05 00:00:00+00:00,8.438527,0.38333336,0.22502081,Germany
2020-05-06 00:00:00+00:00,9.23957,0.0,0.223875,Germany
2020-05-07 00:00:00+00:00,11.563876,0.0,0.2173958,Germany
2020-05-08 00:00:00+00:00,14.114223,0.0,0.21207635,Germany
2020-05-09 00:00:00+00:00,15.748249,0.7666667,0.20309721,Germany
2020-05-10 00:00:00+00:00,15.587833,3.2833338,0.19802082,Germany
2020-05-11 00:00:00+00:00,7.784708,7.5333333,0.19940972,Germany
2020-05-12 00:00:00+00:00,6.5142226,0.38333336,0.2109514,Germany
2020-05-13 00:00:00+00:00,7.9100556,2.2,0.21339585,Germany
2020-05-14 00:00:00+00:00,8.328111,0.75,0.21738195,Germany
2020-05-15 00:00:00+00:00,8.915264,0.25000003,0.21904166,Germany
2020-05-16 00:00:00+00:00,10.767346,0.083333336,0.21584028,Germany
2020-05-17 00:00:00+00:00,11.988528,0.13333334,0.21029168,Germany
2020-05-18 00:00:00+00:00,14.821861,0.0,0.20568056,Germany
2020-05-19 00:00:00+00:00,15.571513,0.23333333,0.19955556,Germany
2020-05-20 00:00:00+00:00,14.93714,0.033333335,0.1948403,Germany
2020-05-21 00:00:00+00:00,16.376722,0.05,0.19175692,Germany
2020-05-22 00:00:00+00:00,17.769083,4.233333,0.18661804,Germany
2020-05-23 00:00:00+00:00,13.96075,5.133333,0.19097917,Germany
2020-05-24 00:00:00+00:00,12.245473,2.7499998,0.19500697,Germany
2020-05-25 00:00:00+00:00,12.7208185,0.95000005,0.20229167,Germany
2020-05-26 00:00:00+00:00,13.221862,0.21666665,0.20411111,Germany
2020-05-27 00:00:00+00:00,15.085751,0.033333335,0.20163888,Germany
2020-05-28 00:00:00+00:00,13.78332,0.13333334,0.19821529,Germany
2020-05-29 00:00:00+00:00,13.918042,0.05,0.19462502,Germany
2020-05-30 00:00:00+00:00,14.18818,0.033333335,0.19218053,Germany
2020-05-31 00:00:00+00:00,14.225681,0.0,0.19029166,Germany
2020-06-01 00:00:00+00:00,16.799639,0.0,0.18599306,Germany
2020-06-02 00:00:00+00:00,18.767,0.0,0.18173611,Germany
2020-06-03 00:00:00+00:00,18.696861,0.65,0.17768055,Germany
2020-06-04 00:00:00+00:00,14.463528,9.666667,0.17755556,Germany
2020-06-05 00:00:00+00:00,11.597209,5.6000004,0.18333334,Germany
2020-06-06 00:00:00+00:00,12.168388,2.8499997,0.19538192,Germany
2020-06-07 00:00:00+00:00,12.829499,2.8,0.20672917,Germany
2020-06-08 00:00:00+00:00,13.464222,1.6999999,0.21319447,Germany
2020-06-09 00:00:00+00:00,13.900681,4.4166665,0.2183889,Germany
2020-06-10 00:00:00+00:00,14.229153,2.8,0.22475696,Germany
2020-06-11 00:00:00+00:00,15.082276,5.2166667,0.23828472,Germany
2020-06-12 00:00:00+00:00,19.103806,0.41666666,0.24188195,Germany
2020-06-13 00:00:00+00:00,20.052763,5.5333333,0.23620139,Germany
2020-06-14 00:00:00+00:00,17.603806,12.883334,0.25369444,Germany
2020-06-15 00:00:00+00:00,16.832972,7.8333335,0.2836389,Germany
2020-06-16 00:00:00+00:00,17.193388,2.05,0.28756943,Germany
2020-06-17 00:00:00+00:00,18.39686,6.25,0.28270137,Germany
2020-06-18 00:00:00+00:00,17.182625,2.6333334,0.28938887,Germany
2020-06-19 00:00:00+00:00,16.508665,6.2833343,0.30240282,Germany
2020-06-20 00:00:00+00:00,16.328459,4.583334,0.294,Germany
2020-06-21 00:00:00+00:00,17.814917,0.4333333,0.28484026,Germany
2020-06-22 00:00:00+00:00,17.981932,0.7166667,0.27329862,Germany
2020-06-23 00:00:00+00:00,18.677765,0.0,0.26203474,Germany
2020-06-24 00:00:00+00:00,19.659708,0.0,0.24693751,Germany
2020-06-25 00:00:00+00:00,20.169432,0.3,0.23459725,Germany
2020-06-26 00:00:00+00:00,21.480543,0.81666666,0.22358334,Germany
2020-06-27 00:00:00+00:00,22.168043,3.8,0.21523608,Germany
2020-06-28 00:00:00+00:00,19.379152,1.9833332,0.21322913,Germany
2020-06-29 00:00:00+00:00,17.376375,2.416667,0.21833332,Germany
2020-06-30 00:00:00+00:00,16.943388,0.6,0.21808337,Germany
2020-07-01 00:00:00+00:00,18.789568,6.383333,0.21966666,Germany
2020-07-02 00:00:00+00:00,17.774292,4.866667,0.22941665,Germany
2020-07-03 00:00:00+00:00,17.182974,0.53333336,0.23511808,Germany
2020-07-04 00:00:00+00:00,18.392,1.5500001,0.23448612,Germany
2020-07-05 00:00:00+00:00,19.9295,1.5166665,0.23342364,Germany
2020-07-06 00:00:00+00:00,15.48714,2.6666667,0.23204166,Germany
2020-07-07 00:00:00+00:00,14.63332,0.7166667,0.2305625,Germany
2020-07-08 00:00:00+00:00,15.039917,3.4666672,0.22686112,Germany
2020-07-09 00:00:00+00:00,17.564222,5.6666675,0.23197222,Germany
2020-07-10 00:00:00+00:00,17.44304,4.2833333,0.23977779,Germany
2020-07-11 00:00:00+00:00,14.791653,2.6833332,0.24263887,Germany
2020-07-12 00:00:00+00:00,15.273945,0.05,0.24133332,Germany
2020-07-13 00:00:00+00:00,17.139223,0.0,0.23429166,Germany
2020-07-14 00:00:00+00:00,17.575335,2.1000001,0.22676389,Germany
2020-07-15 00:00:00+00:00,15.813179,3.966667,0.2226875,Germany
2020-07-16 00:00:00+00:00,14.735751,4.8166666,0.22700693,Germany
2020-07-17 00:00:00+00:00,16.495125,1.9333334,0.2310764,Germany
2020-07-18 00:00:00+00:00,18.796515,0.116666675,0.22910416,Germany
2020-07-19 00:00:00+00:00,20.859709,0.18333334,0.22308333,Germany
2020-07-20 00:00:00+00:00,18.394083,1.3000001,0.21609028,Germany
2020-07-21 00:00:00+00:00,16.730194,0.89999986,0.2108125,Germany
2020-07-22 00:00:00+00:00,16.615263,0.16666667,0.20488195,Germany
2020-07-23 00:00:00+00:00,18.366999,0.5166667,0.1985486,Germany
2020-07-24 00:00:00+00:00,19.199291,0.73333335,0.19159722,Germany
2020-07-25 00:00:00+00:00,19.540958,0.41666666,0.18894444,Germany
2020-07-26 00:00:00+00:00,18.855194,7.299999,0.18704166,Germany
2020-07-27 00:00:00+00:00,20.12707,0.46666667,0.1905625,Germany
2020-07-28 00:00:00+00:00,20.601723,2.0833333,0.18855555,Germany
2020-07-29 00:00:00+00:00,18.037832,0.0,0.18663193,Germany
2020-07-30 00:00:00+00:00,18.801374,0.0,0.18122225,Germany
2020-07-31 00:00:00+00:00,22.302416,0.0,0.17436111,Germany
2020-08-01 00:00:00+00:00,23.6045,1.0333334,0.17022915,Germany
2020-08-02 00:00:00+00:00,19.919083,4.2833333,0.16877083,Germany
2020-08-03 00:00:00+00:00,16.915956,5.433333,0.17486112,Germany
2020-08-04 00:00:00+00:00,16.211792,3.1500003,0.19945835,Germany
2020-08-05 00:00:00+00:00,19.33957,0.0,0.1969375,Germany
2020-08-06 00:00:00+00:00,22.361792,0.0,0.18710417,Germany
2020-08-07 00:00:00+00:00,24.412832,0.0,0.17867358,Germany
2020-08-08 00:00:00+00:00,25.97464,0.016666668,0.17465971,Germany
2020-08-09 00:00:00+00:00,25.846167,0.33333334,0.17072223,Germany
2020-08-10 00:00:00+00:00,25.323599,0.8166666,0.17068751,Germany
2020-08-11 00:00:00+00:00,25.02186,0.46666667,0.17022221,Germany
2020-08-12 00:00:00+00:00,24.784708,0.06666667,0.16910417,Germany
2020-08-13 00:00:00+00:00,23.439222,4.366667,0.16893058,Germany
2020-08-14 00:00:00+00:00,22.11943,4.833333,0.17559724,Germany
2020-08-15 00:00:00+00:00,22.020819,2.5333335,0.17562498,Germany
2020-08-16 00:00:00+00:00,22.745125,1.6833334,0.17578472,Germany
2020-08-17 00:00:00+00:00,20.804152,3.8500001,0.18219446,Germany
2020-08-18 00:00:00+00:00,19.190958,3.3,0.19084029,Germany
2020-08-19 00:00:00+00:00,19.996168,0.38333336,0.1926111,Germany
2020-08-20 00:00:00+00:00,23.263182,1.0833334,0.1894236,Germany
2020-08-21 00:00:00+00:00,24.795473,0.68333334,0.18649305,Germany
2020-08-22 00:00:00+00:00,20.884361,4.9666667,0.18645138,Germany
2020-08-23 00:00:00+00:00,18.219084,0.3166667,0.19274302,Germany
2020-08-24 00:00:00+00:00,16.292694,2.3833332,0.19211113,Germany
2020-08-25 00:00:00+00:00,17.241304,2.0166667,0.19267361,Germany
2020-08-26 00:00:00+00:00,17.781235,4.6,0.19774306,Germany
2020-08-27 00:00:00+00:00,16.536097,1.0666667,0.20424998,Germany
2020-08-28 00:00:00+00:00,16.967346,4.8166666,0.20635414,Germany
2020-08-29 00:00:00+00:00,15.772208,5.2,0.22063196,Germany
2020-08-30 00:00:00+00:00,15.322556,10.95,0.23758332,Germany
2020-08-31 00:00:00+00:00,14.911098,2.7499998,0.2460972,Germany
2020-09-01 00:00:00+00:00,14.122902,2.1999998,0.24810416,Germany
2020-09-02 00:00:00+00:00,14.342694,0.48333338,0.24570835,Germany
2020-09-03 00:00:00+00:00,15.128457,4.5166664,0.24003471,Germany
2020-09-04 00:00:00+00:00,18.555887,0.8166666,0.24475001,Germany
2020-09-05 00:00:00+00:00,15.978111,4.9500003,0.2477986,Germany
2020-09-06 00:00:00+00:00,13.857971,0.6333334,0.2499861,Germany
2020-09-07 00:00:00+00:00,14.258667,0.26666668,0.2485625,Germany
2020-09-08 00:00:00+00:00,15.980888,0.083333336,0.2456528,Germany
2020-09-09 00:00:00+00:00,17.632278,0.6666667,0.2437014,Germany
2020-09-10 00:00:00+00:00,15.211097,0.28333333,0.24194445,Germany
2020-09-11 00:00:00+00:00,16.060055,0.016666668,0.23710418,Germany
2020-09-12 00:00:00+00:00,17.04825,0.033333335,0.23395832,Germany
2020-09-13 00:00:00+00:00,17.772556,0.0,0.23015277,Germany
2020-09-14 00:00:00+00:00,20.126375,0.0,0.22456251,Germany
2020-09-15 00:00:00+00:00,21.643736,0.0,0.21820135,Germany
2020-09-16 00:00:00+00:00,20.23575,0.033333335,0.21652777,Germany
2020-09-17 00:00:00+00:00,15.253459,0.3,0.21338195,Germany
2020-09-18 00:00:00+00:00,14.230541,0.0,0.21215276,Germany
2020-09-19 00:00:00+00:00,15.080888,0.0,0.21058331,Germany
2020-09-20 00:00:00+00:00,15.484014,0.0,0.20793056,Germany
2020-09-21 00:00:00+00:00,16.159708,0.0,0.20297222,Germany
2020-09-22 00:00:00+00:00,17.188528,1.0833334,0.19855554,Germany
2020-09-23 00:00:00+00:00,17.251026,1.9000001,0.19772221,Germany
2020-09-24 00:00:00+00:00,15.92464,5.133333,0.19829167,Germany
2020-09-25 00:00:00+00:00,11.639568,6.0333343,0.21450694,Germany
2020-09-26 00:00:00+00:00,9.577416,15.716667,0.23222221,Germany
2020-09-27 00:00:00+00:00,10.046166,3.8166666,0.27436805,Germany
2020-09-28 00:00:00+00:00,10.844777,0.8500001,0.28351387,Germany
2020-09-29 00:00:00+00:00,11.676723,1.4833332,0.2844861,Germany
2020-09-30 00:00:00+00:00,13.578805,0.083333336,0.28422916,Germany
2020-10-01 00:00:00+00:00,13.009361,0.98333335,0.28268752,Germany
2020-10-02 00:00:00+00:00,14.087832,0.28333333,0.28312504,Germany
2020-10-03 00:00:00+00:00,13.474986,3.3999999,0.28501388,Germany
2020-10-04 00:00:00+00:00,11.664917,0.98333335,0.28740278,Germany
2020-10-05 00:00:00+00:00,11.337139,1.5833334,0.28763193,Germany
2020-10-06 00:00:00+00:00,11.685403,5.35,0.29002774,Germany
2020-10-07 00:00:00+00:00,11.084709,3.2666667,0.29979163,Germany
2020-10-08 00:00:00+00:00,12.094082,6.7166667,0.30623612,Germany
2020-10-09 00:00:00+00:00,12.460751,2.25,0.31474307,Germany
2020-10-10 00:00:00+00:00,9.463528,3.5000002,0.3168125,Germany
2020-10-11 00:00:00+00:00,7.643736,1.1833334,0.3176111,Germany
2020-10-12 00:00:00+00:00,7.520819,0.98333335,0.31596527,Germany
2020-10-13 00:00:00+00:00,7.577764,0.28333333,0.31240278,Germany
2020-10-14 00:00:00+00:00,7.687139,4.7166667,0.31102777,Germany
2020-10-15 00:00:00+00:00,8.012834,1.4833332,0.31589583,Germany
2020-10-16 00:00:00+00:00,8.053111,1.2333332,0.31611112,Germany
2020-10-17 00:00:00+00:00,7.2347083,0.7166667,0.31518748,Germany
2020-10-18 00:00:00+00:00,7.409361,0.4,0.31135413,Germany
2020-10-19 00:00:00+00:00,7.827069,0.033333335,0.30687502,Germany
2020-10-20 00:00:00+00:00,9.267348,1.7333335,0.30361804,Germany
2020-10-21 00:00:00+00:00,13.546514,2.45,0.3044097,Germany
2020-10-22 00:00:00+00:00,14.973946,2.3833332,0.30548608,Germany
2020-10-23 00:00:00+00:00,12.83089,3.9333332,0.30974305,Germany
2020-10-24 00:00:00+00:00,12.158668,0.59999996,0.31469443,Germany
2020-10-25 00:00:00+00:00,11.831931,2.5,0.31390277,Germany
2020-10-26 00:00:00+00:00,9.22707,4.933333,0.31758332,Germany
2020-10-27 00:00:00+00:00,8.672208,0.56666666,0.32301384,Germany
2020-10-28 00:00:00+00:00,10.327069,3.9166667,0.31993055,Germany
2020-10-29 00:00:00+00:00,9.383666,7.9999995,0.3281736,Germany
2020-10-30 00:00:00+00:00,11.961792,5.85,0.3431528,Germany
2020-10-31 00:00:00+00:00,12.199638,1.5999999,0.342875,Germany
2020-11-01 00:00:00+00:00,13.049291,3.1000001,0.33753476,Germany
2020-11-02 00:00:00+00:00,16.252417,3.3499997,0.33922222,Germany
2020-11-03 00:00:00+00:00,10.311444,0.9000001,0.33497217,Germany
2020-11-04 00:00:00+00:00,6.9138756,0.8833332,0.3319653,Germany
2020-11-05 00:00:00+00:00,5.715958,0.016666668,0.32706943,Germany
2020-11-06 00:00:00+00:00,6.372555,0.05,0.3239792,Germany
2020-11-07 00:00:00+00:00,6.5718613,0.0,0.3198056,Germany
2020-11-08 00:00:00+00:00,7.608319,0.15,0.31544444,Germany
2020-11-09 00:00:00+00:00,6.9725556,0.98333335,0.31354165,Germany
2020-11-10 00:00:00+00:00,6.6722083,0.016666668,0.31174305,Germany
2020-11-11 00:00:00+00:00,7.8104024,0.116666675,0.30965975,Germany
2020-11-12 00:00:00+00:00,8.327416,0.6333334,0.30785418,Germany
2020-11-13 00:00:00+00:00,8.63193,0.16666667,0.30646524,Germany
2020-11-14 00:00:00+00:00,10.764569,0.45000002,0.30722225,Germany
2020-11-15 00:00:00+00:00,10.86457,2.7,0.30656248,Germany
2020-11-16 00:00:00+00:00,9.518043,2.6166668,0.31075692,Germany
2020-11-17 00:00:00+00:00,9.225333,1.0666666,0.3138056,Germany
2020-11-18 00:00:00+00:00,9.25693,0.05,0.3140972,Germany
2020-11-19 00:00:00+00:00,8.026028,2.1166666,0.31144443,Germany
2020-11-20 00:00:00+00:00,3.1746387,0.8666666,0.31127083,Germany
2020-11-21 00:00:00+00:00,3.2961667,0.58333343,0.31079865,Germany
2020-11-22 00:00:00+00:00,5.774639,0.6666667,0.30886108,Germany
2020-11-23 00:00:00+00:00,4.965958,0.25000003,0.30778468,Germany
2020-11-24 00:00:00+00:00,4.434014,0.033333335,0.306,Germany
2020-11-25 00:00:00+00:00,3.3461666,0.0,0.30302086,Germany
2020-11-26 00:00:00+00:00,4.3135276,0.26666668,0.30230558,Germany
2020-11-27 00:00:00+00:00,2.6958191,0.016666668,0.30320832,Germany
2020-11-28 00:00:00+00:00,1.5215139,0.0,0.30276385,Germany
2020-11-29 00:00:00+00:00,0.008666714,0.0,0.30076388,Germany
2020-11-30 00:00:00+00:00,-0.42813882,2.25,0.2990694,Germany
2020-12-01 00:00:00+00:00,2.5170002,4.8666663,0.30236804,Germany
2020-12-02 00:00:00+00:00,0.9784584,0.3,0.3045764,Germany
2020-12-03 00:00:00+00:00,0.69061106,0.35000002,0.30400696,Germany
2020-12-04 00:00:00+00:00,2.0003333,1.3499999,0.30405557,Germany
2020-12-05 00:00:00+00:00,1.9003334,2.5333333,0.30426386,Germany
2020-12-06 00:00:00+00:00,2.8194306,3.2333333,0.305625,Germany
2020-12-07 00:00:00+00:00,2.7968614,2.783333,0.31505552,Germany
2020-12-08 00:00:00+00:00,1.3579721,0.43333337,0.31874302,Germany
2020-12-09 00:00:00+00:00,1.2381805,2.2666667,0.3184375,Germany
2020-12-10 00:00:00+00:00,0.43227777,0.28333336,0.31779164,Germany
2020-12-11 00:00:00+00:00,0.99338883,0.50000006,0.31554863,Germany
2020-12-12 00:00:00+00:00,3.015958,0.9000001,0.31479862,Germany
2020-12-13 00:00:00+00:00,3.926028,0.96666664,0.31608334,Germany
2020-12-14 00:00:00+00:00,5.0444307,1.3666667,0.31567362,Germany
2020-12-15 00:00:00+00:00,5.761097,2.9333332,0.31861806,Germany
2020-12-16 00:00:00+00:00,6.1229024,0.13333334,0.32280555,Germany
2020-12-17 00:00:00+00:00,6.08575,0.83333325,0.32038888,Germany
2020-12-18 00:00:00+00:00,4.7426944,0.0,0.31843054,Germany
2020-12-19 00:00:00+00:00,4.6753335,0.26666668,0.31566665,Germany
2020-12-20 00:00:00+00:00,4.5604024,1.0000001,0.3133889,Germany
2020-12-21 00:00:00+00:00,5.2819304,3.8833332,0.31227776,Germany
2020-12-22 00:00:00+00:00,10.019084,10.133333,0.33108333,Germany
2020-12-23 00:00:00+00:00,8.986096,10.116668,0.34859025,Germany
2020-12-24 00:00:00+00:00,5.012833,8.816667,0.37056944,Germany
2020-12-25 00:00:00+00:00,0.9180417,2.0166667,0.36757636,Germany
2020-12-26 00:00:00+00:00,0.5968611,0.18333334,0.35693058,Germany
2020-12-27 00:00:00+00:00,1.2433888,3.8999999,0.3504236,Germany
2020-12-28 00:00:00+00:00,1.813528,1.85,0.3522292,Germany
2020-12-29 00:00:00+00:00,1.5117916,1.9333334,0.34711802,Germany
2020-12-30 00:00:00+00:00,1.9541527,0.56666666,0.34393057,Germany
2020-12-31 00:00:00+00:00,1.5565834,2.2499998,0.34209028,Germany
2021-01-01 00:00:00+00:00,0.90345836,0.53333336,0.34115973,Germany
2021-01-02 00:00:00+00:00,1.1729027,0.30000004,0.33862495,Germany
2021-01-03 00:00:00+00:00,0.5562362,3.0999997,0.3354653,Germany
2021-01-04 00:00:00+00:00,0.57047224,2.3166666,0.33481947,Germany
2021-01-05 00:00:00+00:00,0.9367917,0.78333336,0.3347014,Germany
2021-01-06 00:00:00+00:00,0.46144447,3.5999997,0.3340486,Germany
2021-01-07 00:00:00+00:00,0.020819465,2.5833333,0.3328611,Germany
2021-01-08 00:00:00+00:00,0.0031111438,2.45,0.33216667,Germany
2021-01-09 00:00:00+00:00,-0.36980554,0.11666667,0.33065277,Germany
2021-01-10 00:00:00+00:00,-0.7139029,0.1,0.3280486,Germany
2021-01-11 00:00:00+00:00,-0.3795278,1.4666667,0.32614586,Germany
2021-01-12 00:00:00+00:00,2.0055416,9.3,0.33491668,Germany
2021-01-13 00:00:00+00:00,0.8965139,2.4166667,0.33784723,Germany
2021-01-14 00:00:00+00:00,-0.14654167,1.2333333,0.3368889,Germany
2021-01-15 00:00:00+00:00,-1.7934166,0.43333337,0.33437502,Germany
2021-01-16 00:00:00+00:00,-1.8743194,0.78333336,0.33136806,Germany
2021-01-17 00:00:00+00:00,-1.0784861,2.8833332,0.32871526,Germany
2021-01-18 00:00:00+00:00,1.4381806,2.783333,0.32829863,Germany
2021-01-19 00:00:00+00:00,3.1183891,8.683333,0.3371736,Germany
2021-01-20 00:00:00+00:00,5.330194,0.65,0.3447361,Germany
2021-01-21 00:00:00+00:00,6.643042,2.7,0.3416736,Germany
2021-01-22 00:00:00+00:00,4.94825,3.0666666,0.34661806,Germany
2021-01-23 00:00:00+00:00,1.5058889,3.8499997,0.34595135,Germany
2021-01-24 00:00:00+00:00,0.13609721,5.3,0.34302083,Germany
2021-01-25 00:00:00+00:00,-0.6673749,2.0666666,0.3409861,Germany
2021-01-26 00:00:00+00:00,0.23887496,2.5166667,0.33781946,Germany
2021-01-27 00:00:00+00:00,0.6923472,2.0,0.33539584,Germany
2021-01-28 00:00:00+00:00,3.290264,9.116667,0.34588194,Germany
2021-01-29 00:00:00+00:00,3.8888748,10.233334,0.36805558,Germany
2021-01-30 00:00:00+00:00,0.5051945,5.2000003,0.36081946,Germany
2021-01-31 00:00:00+00:00,-2.1184165,0.54999995,0.35507643,Germany
2021-02-01 00:00:00+00:00,0.37220836,2.6499999,0.34979165,Germany
2021-02-02 00:00:00+00:00,3.7121391,5.133333,0.35030556,Germany
2021-02-03 00:00:00+00:00,6.0944304,13.866668,0.36447918,Germany
2021-02-04 00:00:00+00:00,4.1270695,1.6666666,0.37684026,Germany
2021-02-05 00:00:00+00:00,3.6791527,1.2666668,0.3673403,Germany
2021-02-06 00:00:00+00:00,1.6985973,4.0499997,0.3657639,Germany
2021-02-07 00:00:00+00:00,-2.0701525,11.8,0.36530554,Germany
2021-02-08 00:00:00+00:00,-4.838903,3.6833334,0.36127087,Germany
2021-02-09 00:00:00+00:00,-7.15175,0.30000004,0.3537986,Germany
2021-02-10 00:00:00+00:00,-6.8371663,1.2166668,0.34767357,Germany
2021-02-11 00:00:00+00:00,-7.747584,0.38333333,0.3425903,Germany
2021-02-12 00:00:00+00:00,-8.009042,0.05,0.3382639,Germany
2021-02-13 00:00:00+00:00,-7.2357774,0.0,0.33463886,Germany
2021-02-14 00:00:00+00:00,-5.4562645,0.0,0.3314514,Germany
2021-02-15 00:00:00+00:00,-1.094111,4.116667,0.32943055,Germany
2021-02-16 00:00:00+00:00,3.8551948,1.35,0.33697915,Germany
2021-02-17 00:00:00+00:00,5.8308887,1.1666666,0.34870836,Germany
2021-02-18 00:00:00+00:00,6.051028,2.3500001,0.34816667,Germany
2021-02-19 00:00:00+00:00,5.8128333,1.4166666,0.34933332,Germany
2021-02-20 00:00:00+00:00,7.984361,0.0,0.3480278,Germany
2021-02-21 00:00:00+00:00,8.473945,0.0,0.34101394,Germany
2021-02-22 00:00:00+00:00,8.030541,0.0,0.3340139,Germany
2021-02-23 00:00:00+00:00,10.394778,0.0,0.32943055,Germany
2021-02-24 00:00:00+00:00,11.215958,0.0,0.32633334,Germany
2021-02-25 00:00:00+00:00,10.789223,0.54999995,0.31815276,Germany
2021-02-26 00:00:00+00:00,7.2058883,1.9,0.3173889,Germany
2021-02-27 00:00:00+00:00,4.177417,0.0,0.31777087,Germany
2021-02-28 00:00:00+00:00,3.799639,0.0,0.3187361,Germany
2021-03-01 00:00:00+00:00,4.3222084,0.0,0.31492358,Germany
2021-03-02 00:00:00+00:00,5.1114445,0.0,0.3157986,Germany
2021-03-03 00:00:00+00:00,6.5795,0.0,0.31161806,Germany
2021-03-04 00:00:00+00:00,5.089569,2.5166667,0.3070625,Germany
2021-03-05 00:00:00+00:00,1.2864445,1.2833333,0.31069443,Germany
2021-03-06 00:00:00+00:00,0.44373608,0.033333335,0.30990976,Germany
2021-03-07 00:00:00+00:00,1.2510277,0.5833333,0.30682632,Germany
2021-03-08 00:00:00+00:00,1.3020694,0.33333334,0.30463198,Germany
2021-03-09 00:00:00+00:00,1.612486,2.9666665,0.30376387,Germany
2021-03-10 00:00:00+00:00,3.9479027,0.9666667,0.30536106,Germany
2021-03-11 00:00:00+00:00,7.551375,8.483335,0.31129166,Germany
2021-03-12 00:00:00+00:00,5.700333,4.4166665,0.32386807,Germany
2021-03-13 00:00:00+00:00,5.6041527,7.233333,0.3340625,Germany
2021-03-14 00:00:00+00:00,3.8117917,4.4,0.34525692,Germany
2021-03-15 00:00:00+00:00,3.7645693,5.2,0.34996524,Germany
2021-03-16 00:00:00+00:00,3.4676945,1.4000001,0.3507431,Germany
2021-03-17 00:00:00+00:00,2.2409585,2.1999998,0.3469375,Germany
2021-03-18 00:00:00+00:00,1.607625,1.9333334,0.34305552,Germany
2021-03-19 00:00:00+00:00,0.8687361,1.3000001,0.34085417,Germany
2021-03-20 00:00:00+00:00,0.19026394,0.033333335,0.33590972,Germany
2021-03-21 00:00:00+00:00,3.635403,1.25,0.33104166,Germany
2021-03-22 00:00:00+00:00,3.74825,0.18333334,0.32944444,Germany
2021-03-23 00:00:00+00:00,4.981236,0.3166667,0.32853472,Germany
2021-03-24 00:00:00+00:00,6.667347,0.0,0.3246736,Germany
2021-03-25 00:00:00+00:00,7.8301945,0.016666668,0.31874302,Germany
2021-03-26 00:00:00+00:00,9.369083,0.14999999,0.31118056,Germany
2021-03-27 00:00:00+00:00,6.0725555,4.1833334,0.30934027,Germany
2021-03-28 00:00:00+00:00,7.699639,0.53333336,0.3085347,Germany
2021-03-29 00:00:00+00:00,11.417694,0.15,0.30756247,Germany
2021-03-30 00:00:00+00:00,12.099986,0.0,0.29829165,Germany
2021-03-31 00:00:00+00:00,13.397903,0.0,0.29103473,Germany
2021-04-01 00:00:00+00:00,11.529846,0.16666667,0.28624308,Germany
2021-04-02 00:00:00+00:00,6.055542,0.06666667,0.2779028,Germany
2021-04-03 00:00:00+00:00,5.324639,0.16666667,0.27620837,Germany
2021-04-04 00:00:00+00:00,4.7666526,0.0,0.270625,Germany
2021-04-05 00:00:00+00:00,3.2610972,4.1666665,0.2671181,Germany
2021-04-06 00:00:00+00:00,0.91318065,3.6499999,0.2706944,Germany
2021-04-07 00:00:00+00:00,1.1110972,3.55,0.27521527,Germany
2021-04-08 00:00:00+00:00,2.7881806,0.6833334,0.28014585,Germany
2021-04-09 00:00:00+00:00,6.675333,0.86666673,0.2799514,Germany
2021-04-10 00:00:00+00:00,7.686791,5.683333,0.28005555,Germany
2021-04-11 00:00:00+00:00,8.036098,6.183333,0.29306248,Germany
2021-04-12 00:00:00+00:00,3.0808887,3.1499999,0.30206248,Germany
2021-04-13 00:00:00+00:00,3.1669998,0.9666667,0.30136108,Germany
2021-04-14 00:00:00+00:00,2.793389,1.4499999,0.2986667,Germany
2021-04-15 00:00:00+00:00,3.2024167,0.3,0.29505557,Germany
2021-04-16 00:00:00+00:00,4.4461665,0.06666667,0.29170135,Germany
2021-04-17 00:00:00+00:00,5.661097,0.21666668,0.2885972,Germany
2021-04-18 00:00:00+00:00,7.1850553,1.2166667,0.28675696,Germany
2021-04-19 00:00:00+00:00,8.310056,2.5666666,0.28725004,Germany
2021-04-20 00:00:00+00:00,8.886098,0.28333333,0.28534028,Germany
2021-04-21 00:00:00+00:00,8.671514,0.59999996,0.27731946,Germany
2021-04-22 00:00:00+00:00,6.5097084,0.5166667,0.2724861,Germany
2021-04-23 00:00:00+00:00,6.7992916,0.0,0.26840976,Germany
2021-04-24 00:00:00+00:00,7.335056,0.0,0.26187497,Germany
2021-04-25 00:00:00+00:00,6.147556,0.05,0.2532014,Germany
2021-04-26 00:00:00+00:00,6.234709,0.016666668,0.24508333,Germany
2021-04-27 00:00:00+00:00,7.7892222,0.0,0.23612499,Germany
2021-04-28 00:00:00+00:00,10.951375,0.2,0.22706248,Germany
2021-04-29 00:00:00+00:00,9.922555,3.7333333,0.2216875,Germany
2021-04-30 00:00:00+00:00,7.893042,2.3499997,0.22293055,Germany
2021-05-01 00:00:00+00:00,7.956236,4.6666665,0.2234236,Germany
2021-05-02 00:00:00+00:00,6.762833,5.2000003,0.23727779,Germany
2021-05-03 00:00:00+00:00,7.2360973,1.1,0.24435417,Germany
2021-05-04 00:00:00+00:00,9.43575,3.2666664,0.2450139,Germany
2021-05-05 00:00:00+00:00,6.7406116,5.25,0.2504097,Germany
2021-05-06 00:00:00+00:00,6.5215135,5.6999993,0.2556736,Germany
2021-05-07 00:00:00+00:00,6.1117916,4.0166664,0.27038887,Germany
2021-05-08 00:00:00+00:00,9.067695,0.9333334,0.27264583,Germany
2021-05-09 00:00:00+00:00,17.782278,0.18333334,0.26597917,Germany
2021-05-10 00:00:00+00:00,17.812834,0.53333336,0.25534028,Germany
2021-05-11 00:00:00+00:00,13.734014,10.933333,0.26054168,Germany
2021-05-12 00:00:00+00:00,11.726028,6.2000003,0.27359724,Germany
2021-05-13 00:00:00+00:00,11.3874855,2.4499998,0.27372223,Germany
2021-05-14 00:00:00+00:00,10.632625,3.45,0.27475694,Germany
2021-05-15 00:00:00+00:00,10.613875,4.8666663,0.2759861,Germany
2021-05-16 00:00:00+00:00,11.013181,3.1166668,0.28163195,Germany
2021-05-17 00:00:00+00:00,10.896861,3.4666665,0.28610417,Germany
2021-05-18 00:00:00+00:00,10.231931,3.3333333,0.29477778,Germany
2021-05-19 00:00:00+00:00,10.060403,4.5166664,0.29623613,Germany
2021-05-20 00:00:00+00:00,10.840611,1.4666667,0.29863194,Germany
2021-05-21 00:00:00+00:00,12.155889,3.55,0.2952917,Germany
2021-05-22 00:00:00+00:00,10.711098,2.8833332,0.29763892,Germany
2021-05-23 00:00:00+00:00,10.750333,3.3166666,0.29569444,Germany
2021-05-24 00:00:00+00:00,12.762138,2.3333333,0.2916111,Germany
2021-05-25 00:00:00+00:00,9.836791,3.9166667,0.28929862,Germany
2021-05-26 00:00:00+00:00,10.168736,7.4,0.29774305,Germany
2021-05-27 00:00:00+00:00,10.222902,6.1499996,0.31399307,Germany
2021-05-28 00:00:00+00:00,11.39825,1.3000001,0.3153125,Germany
2021-05-29 00:00:00+00:00,11.874986,0.15,0.30834723,Germany
2021-05-30 00:00:00+00:00,13.028458,0.0,0.29900002,Germany
2021-05-31 00:00:00+00:00,14.081237,0.0,0.28423613,Germany
2021-06-01 00:00:00+00:00,15.781583,0.016666668,0.26759723,Germany
2021-06-02 00:00:00+00:00,17.63818,0.116666675,0.25072226,Germany
2021-06-03 00:00:00+00:00,19.787138,3.0666668,0.23709027,Germany
2021-06-04 00:00:00+00:00,19.785055,1.5166665,0.22967362,Germany
2021-06-05 00:00:00+00:00,18.38054,7.2999997,0.22527778,Germany
2021-06-06 00:00:00+00:00,16.44061,7.6666665,0.2408403,Germany
2021-06-07 00:00:00+00:00,17.061792,1.2666667,0.25674304,Germany
2021-06-08 00:00:00+00:00,18.041653,0.3166667,0.25859722,Germany
2021-06-09 00:00:00+00:00,18.878458,0.5833333,0.2542639,Germany
2021-06-10 00:00:00+00:00,19.427416,1.2666667,0.24940972,Germany
2021-06-11 00:00:00+00:00,19.87186,0.083333336,0.23927085,Germany
2021-06-12 00:00:00+00:00,18.144083,1.3166666,0.22985417,Germany
2021-06-13 00:00:00+00:00,15.73471,0.06666667,0.22394444,Germany
2021-06-14 00:00:00+00:00,18.785055,0.0,0.21454863,Germany
2021-06-15 00:00:00+00:00,19.00554,0.083333336,0.20483333,Germany
2021-06-16 00:00:00+00:00,21.792345,0.033333335,0.19797224,Germany
2021-06-17 00:00:00+00:00,25.655542,0.0,0.19076389,Germany
2021-06-18 00:00:00+00:00,25.810404,0.0,0.18545835,Germany
2021-06-19 00:00:00+00:00,25.116999,0.083333336,0.18133335,Germany
2021-06-20 00:00:00+00:00,22.977417,10.066667,0.18414585,Germany
2021-06-21 00:00:00+00:00,19.097208,7.383333,0.20722918,Germany
2021-06-22 00:00:00+00:00,16.516653,3.1166668,0.23284721,Germany
2021-06-23 00:00:00+00:00,16.726374,5.5,0.24503474,Germany
2021-06-24 00:00:00+00:00,16.722555,9.783334,0.26218748,Germany
2021-06-25 00:00:00+00:00,16.838875,2.9666665,0.26976386,Germany
2021-06-26 00:00:00+00:00,18.58193,0.11666667,0.26455557,Germany
2021-06-27 00:00:00+00:00,20.300682,1.2333333,0.25415972,Germany
2021-06-28 00:00:00+00:00,21.970472,2.6666667,0.24674307,Germany
2021-06-29 00:00:00+00:00,19.502417,8.883333,0.2530347,Germany
2021-06-30 00:00:00+00:00,16.350334,10.6,0.261875,Germany
2021-07-01 00:00:00+00:00,14.632625,10.533334,0.30027083,Germany
2021-07-02 00:00:00+00:00,16.573599,0.7333334,0.29958332,Germany
2021-07-03 00:00:00+00:00,18.289568,0.8166668,0.2918403,Germany
2021-07-04 00:00:00+00:00,18.555542,5.2000003,0.28544447,Germany
2021-07-05 00:00:00+00:00,17.409708,2.9666665,0.28811803,Germany
2021-07-06 00:00:00+00:00,19.577417,3.7333333,0.28726387,Germany
2021-07-07 00:00:00+00:00,18.06943,2.4499998,0.2880278,Germany
2021-07-08 00:00:00+00:00,17.958319,7.9833336,0.2887986,Germany
2021-07-09 00:00:00+00:00,16.697208,21.75,0.30813193,Germany
2021-07-10 00:00:00+00:00,17.890265,3.9333336,0.31702086,Germany
2021-07-11 00:00:00+00:00,18.44339,3.4499998,0.31597915,Germany
2021-07-12 00:00:00+00:00,20.001028,0.48333335,0.30989584,Germany
2021-07-13 00:00:00+00:00,19.404846,8.9,0.30927083,Germany
2021-07-14 00:00:00+00:00,18.238874,17.066668,0.33293056,Germany
2021-07-15 00:00:00+00:00,18.410402,3.4166667,0.34650695,Germany
2021-07-16 00:00:00+00:00,19.019777,1.8333334,0.3365833,Germany
2021-07-17 00:00:00+00:00,19.601028,1.2500001,0.3264375,Germany
2021-07-18 00:00:00+00:00,19.7045,0.05,0.31760415,Germany
2021-07-19 00:00:00+00:00,17.437487,0.84999996,0.30705556,Germany
2021-07-20 00:00:00+00:00,17.10172,0.21666668,0.29752085,Germany
2021-07-21 00:00:00+00:00,17.799292,0.116666675,0.28675,Germany
2021-07-22 00:00:00+00:00,18.420471,0.16666667,0.27704167,Germany
2021-07-23 00:00:00+00:00,18.422556,0.13333334,0.2666181,Germany
2021-07-24 00:00:00+00:00,20.361792,4.016667,0.2584097,Germany
2021-07-25 00:00:00+00:00,20.399292,2.2666667,0.260875,Germany
2021-07-26 00:00:00+00:00,20.043737,2.783333,0.26025698,Germany
2021-07-27 00:00:00+00:00,19.576029,3.8166666,0.26681945,Germany
2021-07-28 00:00:00+00:00,18.610403,2.5666668,0.2669861,Germany
2021-07-29 00:00:00+00:00,17.921862,0.36666667,0.26620138,Germany
2021-07-30 00:00:00+00:00,19.078457,0.4,0.25975692,Germany
2021-07-31 00:00:00+00:00,17.561445,1.4333333,0.2554514,Germany
2021-08-01 00:00:00+00:00,16.009014,8.333333,0.25883332,Germany
2021-08-02 00:00:00+00:00,15.5100565,2.0833333,0.2611319,Germany
2021-08-03 00:00:00+00:00,15.555543,4.25,0.26953474,Germany
2021-08-04 00:00:00+00:00,16.303457,2.6333334,0.27586806,Germany
2021-08-05 00:00:00+00:00,17.127417,3.8666668,0.27654862,Germany
2021-08-06 00:00:00+00:00,17.417694,4.6,0.27770835,Germany
2021-08-07 00:00:00+00:00,17.320473,4.6666665,0.2805972,Germany
2021-08-08 00:00:00+00:00,16.376028,1.2666667,0.28852084,Germany
2021-08-09 00:00:00+00:00,16.734709,0.96666664,0.28584027,Germany
2021-08-10 00:00:00+00:00,16.96075,4.4499993,0.28472915,Germany
2021-08-11 00:00:00+00:00,17.874987,0.26666668,0.28377083,Germany
2021-08-12 00:00:00+00:00,20.22568,0.0,0.27597916,Germany
2021-08-13 00:00:00+00:00,21.054499,0.13333334,0.2672917,Germany
2021-08-14 00:00:00+00:00,19.889221,0.1,0.25831947,Germany
2021-08-15 00:00:00+00:00,20.474985,1.1,0.2500208,Germany
2021-08-16 00:00:00+00:00,16.281584,7.066667,0.24692358,Germany
2021-08-17 00:00:00+00:00,13.890264,4.65,0.2546111,Germany
2021-08-18 00:00:00+00:00,15.803111,1.2666668,0.26138887,Germany
2021-08-19 00:00:00+00:00,16.736792,1.4333334,0.2645417,Germany
2021-08-20 00:00:00+00:00,16.989918,2.2,0.26974306,Germany
2021-08-21 00:00:00+00:00,18.31179,1.0166667,0.2708264,Germany
2021-08-22 00:00:00+00:00,17.069084,7.966667,0.27440277,Germany
2021-08-23 00:00:00+00:00,16.06318,2.0,0.28881943,Germany
2021-08-24 00:00:00+00:00,15.162833,0.2,0.28984722,Germany
2021-08-25 00:00:00+00:00,15.237834,0.88333327,0.28450695,Germany
2021-08-26 00:00:00+00:00,14.184361,4.183333,0.28154168,Germany
2021-08-27 00:00:00+00:00,13.452764,8.15,0.2911042,Germany
2021-08-28 00:00:00+00:00,13.891654,8.25,0.30421528,Germany
2021-08-29 00:00:00+00:00,14.19443,7.433333,0.32643056,Germany
2021-08-30 00:00:00+00:00,15.369431,6.5833335,0.34421527,Germany
2021-08-31 00:00:00+00:00,15.252763,0.8500001,0.33931252,Germany
2021-09-01 00:00:00+00:00,15.160403,0.23333335,0.32960415,Germany
2021-09-02 00:00:00+00:00,15.109361,0.0,0.3220764,Germany
2021-09-03 00:00:00+00:00,16.046862,0.0,0.31293058,Germany
2021-09-04 00:00:00+00:00,15.676028,0.116666675,0.30384028,Germany
2021-09-05 00:00:00+00:00,16.407625,0.0,0.29719445,Germany
2021-09-06 00:00:00+00:00,16.682276,0.0,0.2898403,Germany
2021-09-07 00:00:00+00:00,17.29165,0.016666668,0.2805278,Germany
2021-09-08 00:00:00+00:00,18.19443,0.0,0.27365276,Germany
2021-09-09 00:00:00+00:00,19.396513,0.21666665,0.26527774,Germany
2021-09-10 00:00:00+00:00,19.21214,4.4666667,0.26225698,Germany
2021-09-11 00:00:00+00:00,17.867695,2.3833332,0.26500696,Germany
2021-09-12 00:00:00+00:00,16.968042,0.38333336,0.26489583,Germany
2021-09-13 00:00:00+00:00,15.946167,0.23333335,0.263625,Germany
2021-09-14 00:00:00+00:00,17.817347,0.083333336,0.26258335,Germany
2021-09-15 00:00:00+00:00,17.730888,12.716667,0.2697778,Germany
2021-09-16 00:00:00+00:00,15.745125,3.1499999,0.2786875,Germany
2021-09-17 00:00:00+00:00,14.420818,0.5,0.28371528,Germany
2021-09-18 00:00:00+00:00,14.527416,0.41666672,0.28274307,Germany
2021-09-19 00:00:00+00:00,13.214916,0.36666667,0.28138193,Germany
2021-09-20 00:00:00+00:00,12.081582,0.06666667,0.28069443,Germany
2021-09-21 00:00:00+00:00,12.072903,0.38333336,0.27952778,Germany
2021-09-22 00:00:00+00:00,12.77325,0.033333335,0.27812496,Germany
2021-09-23 00:00:00+00:00,14.188527,0.7,0.27550694,Germany
2021-09-24 00:00:00+00:00,15.211098,0.033333335,0.27320832,Germany
2021-09-25 00:00:00+00:00,16.43089,0.26666668,0.27148613,Germany
2021-09-26 00:00:00+00:00,17.683321,2.466667,0.26849303,Germany
2021-09-27 00:00:00+00:00,16.810751,4.616667,0.2815208,Germany
2021-09-28 00:00:00+00:00,13.92707,0.2,0.28268752,Germany
2021-09-29 00:00:00+00:00,12.445473,5.1000004,0.2854236,Germany
2021-09-30 00:00:00+00:00,10.713528,0.6333333,0.29016665,Germany
2021-10-01 00:00:00+00:00,12.609708,0.6666667,0.2892083,Germany
2021-10-02 00:00:00+00:00,14.527416,1.0000001,0.28731254,Germany
2021-10-03 00:00:00+00:00,16.931236,3.4333334,0.28679165,Germany
2021-10-04 00:00:00+00:00,12.5176935,0.3,0.28714582,Germany
2021-10-05 00:00:00+00:00,11.884014,6.2833333,0.2949444,Germany
2021-10-06 00:00:00+00:00,10.792694,1.8666667,0.3045903,Germany
2021-10-07 00:00:00+00:00,10.778805,0.05,0.307875,Germany
2021-10-08 00:00:00+00:00,11.182279,0.083333336,0.3066597,Germany
2021-10-09 00:00:00+00:00,9.506236,0.0,0.3029028,Germany
2021-10-10 00:00:00+00:00,8.162486,0.0,0.29950693,Germany
2021-10-11 00:00:00+00:00,9.131583,1.4833332,0.29828474,Germany
2021-10-12 00:00:00+00:00,8.355542,6.266667,0.30306947,Germany
2021-10-13 00:00:00+00:00,7.4982505,1.0166668,0.3119375,Germany
2021-10-14 00:00:00+00:00,9.578458,1.3333334,0.31326386,Germany
2021-10-15 00:00:00+00:00,9.524986,2.6666667,0.3147361,Germany
2021-10-16 00:00:00+00:00,7.915958,0.18333334,0.31457642,Germany
2021-10-17 00:00:00+00:00,8.403806,0.3166667,0.3136597,Germany
2021-10-18 00:00:00+00:00,9.801375,0.116666675,0.31255555,Germany
2021-10-19 00:00:00+00:00,12.219432,2.283333,0.31361806,Germany
2021-10-20 00:00:00+00:00,14.88575,2.1,0.31767362,Germany
2021-10-21 00:00:00+00:00,10.520473,10.599999,0.32913193,Germany
2021-10-22 00:00:00+00:00,7.0159583,2.5833333,0.33566666,Germany
2021-10-23 00:00:00+00:00,7.0156116,0.16666667,0.33398613,Germany
2021-10-24 00:00:00+00:00,6.7517223,0.0,0.33005556,Germany
2021-10-25 00:00:00+00:00,7.5420003,0.6333333,0.32407638,Germany
2021-10-26 00:00:00+00:00,10.014569,0.9166667,0.3210208,Germany
2021-10-27 00:00:00+00:00,10.824638,0.15,0.31895137,Germany
2021-10-28 00:00:00+00:00,9.295472,0.0,0.31631944,Germany
2021-10-29 00:00:00+00:00,9.26075,0.0,0.31334028,Germany
2021-10-30 00:00:00+00:00,9.932625,1.2833333,0.30968055,Germany
2021-10-31 00:00:00+00:00,12.394778,1.6833334,0.30779862,Germany
2021-11-01 00:00:00+00:00,9.498597,3.0666668,0.31838888,Germany
2021-11-02 00:00:00+00:00,6.9829717,1.7666668,0.32365277,Germany
2021-11-03 00:00:00+00:00,6.106236,3.9000003,0.32575694,Germany
2021-11-04 00:00:00+00:00,5.917,10.883334,0.34509027,Germany
2021-11-05 00:00:00+00:00,6.3933887,1.9499999,0.35461113,Germany
2021-11-06 00:00:00+00:00,6.5003333,0.05,0.34637502,Germany
2021-11-07 00:00:00+00:00,7.1041527,2.9333332,0.3423958,Germany
2021-11-08 00:00:00+00:00,6.3610973,0.84999996,0.34201387,Germany
2021-11-09 00:00:00+00:00,5.8652635,0.016666668,0.33811107,Germany
2021-11-10 00:00:00+00:00,4.3204722,0.0,0.33361113,Germany
2021-11-11 00:00:00+00:00,4.641653,0.05,0.33006945,Germany
2021-11-12 00:00:00+00:00,4.9586673,0.0,0.32755554,Germany
2021-11-13 00:00:00+00:00,6.0058885,3.8333333,0.32888195,Germany
2021-11-14 00:00:00+00:00,6.7010274,0.5333333,0.32879862,Germany
2021-11-15 00:00:00+00:00,5.499986,0.016666668,0.32640278,Germany
2021-11-16 00:00:00+00:00,4.507278,0.033333335,0.32374308,Germany
2021-11-17 00:00:00+00:00,5.3239446,0.48333335,0.3234236,Germany
2021-11-18 00:00:00+00:00,6.562138,0.7166667,0.32282636,Germany
2021-11-19 00:00:00+00:00,8.381236,0.33333334,0.32211807,Germany
2021-11-20 00:00:00+00:00,7.9909577,0.70000005,0.32176387,Germany
2021-11-21 00:00:00+00:00,5.4770694,1.5666666,0.32158336,Germany
2021-11-22 00:00:00+00:00,2.9638748,0.90000004,0.32216668,Germany
2021-11-23 00:00:00+00:00,3.1753333,0.21666668,0.32229167,Germany
2021-11-24 00:00:00+00:00,3.2711668,0.06666667,0.32079163,Germany
2021-11-25 00:00:00+00:00,1.8805417,0.5,0.31989586,Germany
2021-11-26 00:00:00+00:00,1.8659583,2.1666665,0.31879166,Germany
2021-11-27 00:00:00+00:00,1.7461666,2.2333333,0.3209444,Germany
2021-11-28 00:00:00+00:00,0.5965139,0.9666667,0.32294443,Germany
2021-11-29 00:00:00+00:00,0.4090139,1.5666667,0.32355553,Germany
2021-11-30 00:00:00+00:00,3.3117917,7.1499996,0.32485417,Germany
2021-12-01 00:00:00+00:00,5.7597084,5.2833333,0.33377084,Germany
2021-12-02 00:00:00+00:00,1.2013751,3.9333332,0.33806944,Germany
2021-12-03 00:00:00+00:00,0.5805417,1.2833333,0.3371528,Germany
2021-12-04 00:00:00+00:00,2.8597085,6.5499997,0.33871529,Germany
2021-12-05 00:00:00+00:00,1.34825,1.4000001,0.34656945,Germany
2021-12-06 00:00:00+00:00,0.11873608,0.6833334,0.34365276,Germany
2021-12-07 00:00:00+00:00,1.2166529,2.2,0.33970833,Germany
2021-12-08 00:00:00+00:00,1.4399165,5.6666665,0.33718053,Germany
2021-12-09 00:00:00+00:00,0.8781112,1.5666665,0.33507636,Germany
2021-12-10 00:00:00+00:00,0.42255557,1.7666668,0.33339584,Germany
2021-12-11 00:00:00+00:00,0.77915287,0.53333336,0.3309166,Germany
2021-12-12 00:00:00+00:00,3.7319307,3.25,0.33183333,Germany
2021-12-13 00:00:00+00:00,6.313181,1.0833334,0.3382639,Germany
2021-12-14 00:00:00+00:00,5.9822774,0.53333336,0.3373125,Germany
2021-12-15 00:00:00+00:00,6.6972084,0.33333334,0.33564582,Germany
2021-12-16 00:00:00+00:00,6.163875,0.11666667,0.3338264,Germany
2021-12-17 00:00:00+00:00,5.1819305,0.033333335,0.3324028,Germany
2021-12-18 00:00:00+00:00,4.3833194,0.13333334,0.33074304,Germany
2021-12-19 00:00:00+00:00,3.9503334,0.5166667,0.32919443,Germany
2021-12-20 00:00:00+00:00,0.6433889,0.25,0.3273264,Germany
2021-12-21 00:00:00+00:00,-2.2951527,0.0,0.3257431,Germany
2021-12-22 00:00:00+00:00,-3.0173752,0.0,0.32377777,Germany
2021-12-23 00:00:00+00:00,0.5183889,3.7666664,0.32242358,Germany
2021-12-24 00:00:00+00:00,3.870819,5.6499996,0.33514583,Germany
2021-12-25 00:00:00+00:00,-0.85661095,4.5833335,0.3511875,Germany
2021-12-26 00:00:00+00:00,-1.5270972,0.7166667,0.35278472,Germany
2021-12-27 00:00:00+00:00,2.0024168,1.75,0.34928468,Germany
2021-12-28 00:00:00+00:00,4.85068,6.683334,0.35300002,Germany
2021-12-29 00:00:00+00:00,6.2913055,4.4333334,0.3607014,Germany
2021-12-30 00:00:00+00:00,10.621166,1.7666668,0.3596389,Germany
2021-12-31 00:00:00+00:00,10.903806,1.9500002,0.3577986,Germany
2020-01-01 00:00:00+00:00,1.14745,0.0,0.30715832,Poland
2020-01-02 00:00:00+00:00,0.4787,0.0,0.30514166,Poland
2020-01-03 00:00:00+00:00,1.8187001,0.98000014,0.3038083,Poland
2020-01-04 00:00:00+00:00,2.90245,4.8599997,0.30659997,Poland
2020-01-05 00:00:00+00:00,-0.36255002,0.36,0.31260833,Poland
2020-01-06 00:00:00+00:00,0.42161664,0.76000005,0.3119,Poland
2020-01-07 00:00:00+00:00,0.56203336,0.0,0.31043333,Poland
2020-01-08 00:00:00+00:00,3.3712,1.6,0.30873337,Poland
2020-01-09 00:00:00+00:00,5.9812,3.3799999,0.31189162,Poland
2020-01-10 00:00:00+00:00,6.9295335,2.6200001,0.31978336,Poland
2020-01-11 00:00:00+00:00,4.2807837,0.26,0.32302502,Poland
2020-01-12 00:00:00+00:00,2.7557833,0.1,0.31953335,Poland
2020-01-13 00:00:00+00:00,4.0832834,1.1,0.31699166,Poland
2020-01-14 00:00:00+00:00,3.3395336,0.0,0.31582502,Poland
2020-01-15 00:00:00+00:00,4.88745,0.0,0.3161,Poland
2020-01-16 00:00:00+00:00,3.5620334,0.04,0.31294996,Poland
2020-01-17 00:00:00+00:00,1.4062002,0.0,0.31063333,Poland
2020-01-18 00:00:00+00:00,2.7062001,0.48000002,0.30888334,Poland
2020-01-19 00:00:00+00:00,1.6978667,0.08,0.30813333,Poland
2020-01-20 00:00:00+00:00,1.4157833,0.0,0.30779168,Poland
2020-01-21 00:00:00+00:00,1.6457834,0.060000002,0.30619165,Poland
2020-01-22 00:00:00+00:00,1.7957833,0.68000007,0.3045,Poland
2020-01-23 00:00:00+00:00,0.63078344,0.0,0.30359173,Poland
2020-01-24 00:00:00+00:00,-0.041299988,0.0,0.30189165,Poland
2020-01-25 00:00:00+00:00,0.115783416,0.0,0.3008083,Poland
2020-01-26 00:00:00+00:00,-0.39421666,0.04,0.30050832,Poland
2020-01-27 00:00:00+00:00,1.4307834,0.24000001,0.30021667,Poland
2020-01-28 00:00:00+00:00,2.4641166,3.5399997,0.30170834,Poland
2020-01-29 00:00:00+00:00,2.0928667,5.04,0.30522504,Poland
2020-01-30 00:00:00+00:00,3.24245,4.5,0.31137502,Poland
2020-01-31 00:00:00+00:00,6.914534,5.66,0.32425836,Poland
2020-02-01 00:00:00+00:00,9.3437,7.4,0.33090833,Poland
2020-02-02 00:00:00+00:00,6.417033,4.22,0.33815,Poland
2020-02-03 00:00:00+00:00,4.5953665,2.96,0.34193334,Poland
2020-02-04 00:00:00+00:00,3.6803665,7.839999,0.35011667,Poland
2020-02-05 00:00:00+00:00,0.2803667,0.82,0.34859997,Poland
2020-02-06 00:00:00+00:00,2.2957835,1.0400002,0.34123334,Poland
2020-02-07 00:00:00+00:00,0.6732834,0.5400001,0.33770835,Poland
2020-02-08 00:00:00+00:00,0.18244997,0.0,0.33359167,Poland
2020-02-09 00:00:00+00:00,3.6207836,0.08,0.32917503,Poland
2020-02-10 00:00:00+00:00,6.042866,9.620001,0.33449167,Poland
2020-02-11 00:00:00+00:00,3.0032833,5.1799994,0.34458333,Poland
2020-02-12 00:00:00+00:00,2.4870334,1.8000002,0.34215,Poland
2020-02-13 00:00:00+00:00,2.6107833,0.76000005,0.3372667,Poland
2020-02-14 00:00:00+00:00,2.3912003,2.92,0.334175,Poland
2020-02-15 00:00:00+00:00,2.2307835,0.0,0.33061668,Poland
2020-02-16 00:00:00+00:00,7.7487,0.8999999,0.3282833,Poland
2020-02-17 00:00:00+00:00,9.54995,0.3,0.32240835,Poland
2020-02-18 00:00:00+00:00,5.5778666,2.26,0.320775,Poland
2020-02-19 00:00:00+00:00,3.8299499,2.8600001,0.3207167,Poland
2020-02-20 00:00:00+00:00,3.46495,0.76,0.32100835,Poland
2020-02-21 00:00:00+00:00,3.4424503,4.6,0.32536668,Poland
2020-02-22 00:00:00+00:00,6.1382837,0.62,0.3273167,Poland
2020-02-23 00:00:00+00:00,6.20745,13.540001,0.33451667,Poland
2020-02-24 00:00:00+00:00,4.119533,3.2,0.3539417,Poland
2020-02-25 00:00:00+00:00,6.56995,4.8599997,0.35334167,Poland
2020-02-26 00:00:00+00:00,3.687867,1.9399999,0.3521,Poland
2020-02-27 00:00:00+00:00,1.3170333,0.98000014,0.34744167,Poland
2020-02-28 00:00:00+00:00,1.2870333,1.6400001,0.3419917,Poland
2020-02-29 00:00:00+00:00,3.5953667,0.9,0.33812505,Poland
2020-03-01 00:00:00+00:00,6.4274497,1.58,0.335825,Poland
2020-03-02 00:00:00+00:00,4.69495,4.1200004,0.33608335,Poland
2020-03-03 00:00:00+00:00,5.5278664,4.7,0.3409417,Poland
2020-03-04 00:00:00+00:00,3.8645332,1.56,0.345875,Poland
2020-03-05 00:00:00+00:00,3.7045333,0.14000002,0.34236667,Poland
2020-03-06 00:00:00+00:00,4.510783,2.26,0.33596668,Poland
2020-03-07 00:00:00+00:00,4.7391167,1.8799999,0.33468336,Poland
2020-03-08 00:00:00+00:00,4.4328666,0.17999999,0.33463335,Poland
2020-03-09 00:00:00+00:00,5.1174498,0.42,0.33226666,Poland
2020-03-10 00:00:00+00:00,6.1412,1.5600001,0.32946664,Poland
2020-03-11 00:00:00+00:00,8.198283,5.94,0.336725,Poland
2020-03-12 00:00:00+00:00,8.858699,2.94,0.33694163,Poland
2020-03-13 00:00:00+00:00,5.550367,2.06,0.3330667,Poland
2020-03-14 00:00:00+00:00,1.2607833,0.64000005,0.33249167,Poland
2020-03-15 00:00:00+00:00,1.3362,0.0,0.32638332,Poland
2020-03-16 00:00:00+00:00,5.86495,0.0,0.31948334,Poland
2020-03-17 00:00:00+00:00,7.540366,0.0,0.31515,Poland
2020-03-18 00:00:00+00:00,10.005366,0.04,0.3079333,Poland
2020-03-19 00:00:00+00:00,9.556616,0.14000002,0.29963332,Poland
2020-03-20 00:00:00+00:00,6.0087,1.9399999,0.29144996,Poland
2020-03-21 00:00:00+00:00,2.3978667,1.1800001,0.28994164,Poland
2020-03-22 00:00:00+00:00,-1.1292167,0.64,0.28835,Poland
2020-03-23 00:00:00+00:00,-1.3708833,0.0,0.28668335,Poland
2020-03-24 00:00:00+00:00,-0.72755,0.0,0.2851166,Poland
2020-03-25 00:00:00+00:00,1.0457834,0.0,0.2818833,Poland
2020-03-26 00:00:00+00:00,3.727033,0.0,0.27464998,Poland
2020-03-27 00:00:00+00:00,6.941617,0.0,0.26484165,Poland
2020-03-28 00:00:00+00:00,7.8716164,0.0,0.25551662,Poland
2020-03-29 00:00:00+00:00,3.9245334,1.58,0.24829164,Poland
2020-03-30 00:00:00+00:00,0.40036663,0.73999995,0.24972498,Poland
2020-03-31 00:00:00+00:00,-0.035466652,0.8,0.25208336,Poland
2020-04-01 00:00:00+00:00,1.5862001,0.0,0.2528084,Poland
2020-04-02 00:00:00+00:00,4.570783,0.02,0.24624166,Poland
2020-04-03 00:00:00+00:00,5.2678666,0.48000002,0.23924169,Poland
2020-04-04 00:00:00+00:00,4.8649497,0.1,0.23360837,Poland
2020-04-05 00:00:00+00:00,6.4912004,0.0,0.22809169,Poland
2020-04-06 00:00:00+00:00,10.502867,0.0,0.21302497,Poland
2020-04-07 00:00:00+00:00,12.5537,0.0,0.19975834,Poland
2020-04-08 00:00:00+00:00,11.290367,0.0,0.18540835,Poland
2020-04-09 00:00:00+00:00,12.067034,0.0,0.17860003,Poland
2020-04-10 00:00:00+00:00,8.25745,0.0,0.17467502,Poland
2020-04-11 00:00:00+00:00,8.02995,0.0,0.167975,Poland
2020-04-12 00:00:00+00:00,11.880368,0.0,0.16139166,Poland
2020-04-13 00:00:00+00:00,8.76745,2.08,0.155175,Poland
2020-04-14 00:00:00+00:00,3.9878669,0.3,0.15554167,Poland
2020-04-15 00:00:00+00:00,6.667033,0.45999998,0.1592,Poland
2020-04-16 00:00:00+00:00,10.899117,0.0,0.15695834,Poland
2020-04-17 00:00:00+00:00,8.539116,0.0,0.15254167,Poland
2020-04-18 00:00:00+00:00,7.758699,0.0,0.149775,Poland
2020-04-19 00:00:00+00:00,6.7887,0.0,0.14564165,Poland
2020-04-20 00:00:00+00:00,7.2012,0.0,0.14326666,Poland
2020-04-21 00:00:00+00:00,9.153284,0.0,0.14129166,Poland
2020-04-22 00:00:00+00:00,10.578283,0.0,0.13880834,Poland
2020-04-23 00:00:00+00:00,11.689116,0.0,0.13576666,Poland
2020-04-24 00:00:00+00:00,13.70995,0.0,0.13015833,Poland
2020-04-25 00:00:00+00:00,9.358282,0.68,0.13106665,Poland
2020-04-26 00:00:00+00:00,9.484533,0.0,0.13173334,Poland
2020-04-27 00:00:00+00:00,12.3782835,0.0,0.13109998,Poland
2020-04-28 00:00:00+00:00,15.8037,0.02,0.12798333,Poland
2020-04-29 00:00:00+00:00,11.915366,3.9,0.12616667,Poland
2020-04-30 00:00:00+00:00,12.279533,1.44,0.13073334,Poland
2020-05-01 00:00:00+00:00,12.05995,5.62,0.13230833,Poland
2020-05-02 00:00:00+00:00,11.062034,2.54,0.137325,Poland
2020-05-03 00:00:00+00:00,9.983701,2.4599998,0.14414999,Poland
2020-05-04 00:00:00+00:00,10.6212,4.7,0.15020834,Poland
2020-05-05 00:00:00+00:00,8.075783,5.72,0.16383334,Poland
2020-05-06 00:00:00+00:00,8.71495,2.7800002,0.18098333,Poland
2020-05-07 00:00:00+00:00,9.4612,0.02,0.18741666,Poland
2020-05-08 00:00:00+00:00,11.8987,0.0,0.18562499,Poland
2020-05-09 00:00:00+00:00,14.0345335,0.0,0.17984167,Poland
2020-05-10 00:00:00+00:00,16.830784,0.9,0.17153332,Poland
2020-05-11 00:00:00+00:00,12.617451,16.68,0.16957499,Poland
2020-05-12 00:00:00+00:00,6.387034,1.4999999,0.18997501,Poland
2020-05-13 00:00:00+00:00,8.4412,1.3999999,0.1962,Poland
2020-05-14 00:00:00+00:00,8.57495,2.6200001,0.19783331,Poland
2020-05-15 00:00:00+00:00,9.279117,0.0,0.19685,Poland
2020-05-16 00:00:00+00:00,10.360367,0.060000002,0.19216666,Poland
2020-05-17 00:00:00+00:00,11.436201,0.76000005,0.18800835,Poland
2020-05-18 00:00:00+00:00,13.1412,1.6399997,0.18325,Poland
2020-05-19 00:00:00+00:00,13.489118,2.4,0.18087497,Poland
2020-05-20 00:00:00+00:00,11.725367,0.22,0.18342498,Poland
2020-05-21 00:00:00+00:00,10.143283,0.0,0.18014997,Poland
2020-05-22 00:00:00+00:00,11.207867,0.08,0.17360833,Poland
2020-05-23 00:00:00+00:00,12.114117,8.76,0.17035,Poland
2020-05-24 00:00:00+00:00,11.852034,4.9199996,0.17660834,Poland
2020-05-25 00:00:00+00:00,10.991617,8.039999,0.18615834,Poland
2020-05-26 00:00:00+00:00,11.960783,1.4200001,0.19632499,Poland
2020-05-27 00:00:00+00:00,13.93495,0.26000002,0.19623333,Poland
2020-05-28 00:00:00+00:00,12.8812,2.8,0.19209167,Poland
2020-05-29 00:00:00+00:00,12.342033,0.38000003,0.19168335,Poland
2020-05-30 00:00:00+00:00,11.995783,6.5600004,0.19075002,Poland
2020-05-31 00:00:00+00:00,14.372867,3.1,0.20210834,Poland
2020-06-01 00:00:00+00:00,14.45995,0.0,0.19831665,Poland
2020-06-02 00:00:00+00:00,13.729532,2.8,0.19224168,Poland
2020-06-03 00:00:00+00:00,13.483284,2.4200003,0.18875,Poland
2020-06-04 00:00:00+00:00,15.331202,0.62,0.18269166,Poland
2020-06-05 00:00:00+00:00,14.902451,9.76,0.18118332,Poland
2020-06-06 00:00:00+00:00,15.634117,1.18,0.18733335,Poland
2020-06-07 00:00:00+00:00,17.267033,9.82,0.19870001,Poland
2020-06-08 00:00:00+00:00,15.505368,4.6,0.2326167,Poland
2020-06-09 00:00:00+00:00,15.152451,0.78000003,0.23964167,Poland
2020-06-10 00:00:00+00:00,16.214949,6.9,0.24427505,Poland
2020-06-11 00:00:00+00:00,19.010782,9.92,0.26016667,Poland
2020-06-12 00:00:00+00:00,21.864117,0.52000004,0.25775832,Poland
2020-06-13 00:00:00+00:00,22.257868,1.8,0.24751668,Poland
2020-06-14 00:00:00+00:00,17.994534,0.40000004,0.23827498,Poland
2020-06-15 00:00:00+00:00,16.786617,0.04,0.23177497,Poland
2020-06-16 00:00:00+00:00,18.329117,0.04,0.22353335,Poland
2020-06-17 00:00:00+00:00,20.365366,3.78,0.21443334,Poland
2020-06-18 00:00:00+00:00,19.875366,6.6800003,0.21379165,Poland
2020-06-19 00:00:00+00:00,18.8537,11.64,0.22571668,Poland
2020-06-20 00:00:00+00:00,18.035784,17.82,0.29278332,Poland
2020-06-21 00:00:00+00:00,18.659952,8.340001,0.31972498,Poland
2020-06-22 00:00:00+00:00,18.829535,6.78,0.32665834,Poland
2020-06-23 00:00:00+00:00,16.766201,3.1200004,0.32289165,Poland
2020-06-24 00:00:00+00:00,17.472866,15.2,0.32507503,Poland
2020-06-25 00:00:00+00:00,20.368702,0.72,0.31915003,Poland
2020-06-26 00:00:00+00:00,21.07495,2.1000001,0.29928333,Poland
2020-06-27 00:00:00+00:00,20.779118,2.46,0.2889667,Poland
2020-06-28 00:00:00+00:00,22.658283,0.3,0.27731666,Poland
2020-06-29 00:00:00+00:00,18.454533,17.92,0.29051667,Poland
2020-06-30 00:00:00+00:00,18.039532,0.14,0.29990834,Poland
2020-07-01 00:00:00+00:00,20.025784,3.72,0.283575,Poland
2020-07-02 00:00:00+00:00,20.022867,4.8,0.2741584,Poland
2020-07-03 00:00:00+00:00,18.340784,2.1200001,0.26818335,Poland
2020-07-04 00:00:00+00:00,19.827032,0.02,0.25986665,Poland
2020-07-05 00:00:00+00:00,21.965782,0.24000001,0.24808331,Poland
2020-07-06 00:00:00+00:00,19.750366,1.5200001,0.23889169,Poland
2020-07-07 00:00:00+00:00,15.0862,0.1,0.23730831,Poland
2020-07-08 00:00:00+00:00,14.189116,4.0,0.23550835,Poland
2020-07-09 00:00:00+00:00,16.019535,3.18,0.23840836,Poland
2020-07-10 00:00:00+00:00,21.052866,3.3,0.24321668,Poland
2020-07-11 00:00:00+00:00,14.862033,2.1399999,0.24999163,Poland
2020-07-12 00:00:00+00:00,14.7637,0.6,0.2505083,Poland
2020-07-13 00:00:00+00:00,15.262033,0.36000004,0.24505004,Poland
2020-07-14 00:00:00+00:00,17.491617,0.0,0.23830834,Poland
2020-07-15 00:00:00+00:00,18.876617,2.18,0.22553334,Poland
2020-07-16 00:00:00+00:00,16.070368,6.9799995,0.22244997,Poland
2020-07-17 00:00:00+00:00,16.625782,3.6200001,0.22965832,Poland
2020-07-18 00:00:00+00:00,20.275784,0.1,0.23004165,Poland
2020-07-19 00:00:00+00:00,21.282032,0.62,0.22065835,Poland
2020-07-20 00:00:00+00:00,20.264118,7.38,0.21381667,Poland
2020-07-21 00:00:00+00:00,17.262867,0.5400001,0.21472499,Poland
2020-07-22 00:00:00+00:00,16.300785,0.1,0.21036665,Poland
2020-07-23 00:00:00+00:00,15.5712,0.32,0.20813334,Poland
2020-07-24 00:00:00+00:00,18.585783,0.0,0.20206669,Poland
2020-07-25 00:00:00+00:00,19.735783,0.0,0.19280833,Poland
2020-07-26 00:00:00+00:00,21.12245,0.44,0.18546668,Poland
2020-07-27 00:00:00+00:00,20.4837,0.76000005,0.18136665,Poland
2020-07-28 00:00:00+00:00,23.396618,0.5,0.17355001,Poland
2020-07-29 00:00:00+00:00,19.75245,1.4399999,0.17034999,Poland
2020-07-30 00:00:00+00:00,18.65995,0.04,0.16671667,Poland
2020-07-31 00:00:00+00:00,18.112034,0.060000002,0.16455002,Poland
2020-08-01 00:00:00+00:00,18.50745,0.24000001,0.1631167,Poland
2020-08-02 00:00:00+00:00,20.2462,1.24,0.16027501,Poland
2020-08-03 00:00:00+00:00,18.1012,17.259998,0.17123333,Poland
2020-08-04 00:00:00+00:00,16.553284,7.3600006,0.20335002,Poland
2020-08-05 00:00:00+00:00,17.155367,0.38000003,0.21542501,Poland
2020-08-06 00:00:00+00:00,20.47745,0.02,0.20935002,Poland
2020-08-07 00:00:00+00:00,23.414534,0.5,0.19978333,Poland
2020-08-08 00:00:00+00:00,24.402035,0.060000002,0.189125,Poland
2020-08-09 00:00:00+00:00,24.200783,2.18,0.179825,Poland
2020-08-10 00:00:00+00:00,23.285366,1.8799999,0.17488335,Poland
2020-08-11 00:00:00+00:00,22.06745,0.58000004,0.17095836,Poland
2020-08-12 00:00:00+00:00,20.6912,0.0,0.1664,Poland
2020-08-13 00:00:00+00:00,21.529118,0.0,0.16248333,Poland
2020-08-14 00:00:00+00:00,22.072033,0.0,0.160125,Poland
2020-08-15 00:00:00+00:00,21.0062,1.1999999,0.16083334,Poland
2020-08-16 00:00:00+00:00,20.992033,0.08,0.16214167,Poland
2020-08-17 00:00:00+00:00,21.160784,1.9,0.15663333,Poland
2020-08-18 00:00:00+00:00,20.034117,5.4,0.15668336,Poland
2020-08-19 00:00:00+00:00,19.254116,3.6,0.16340001,Poland
2020-08-20 00:00:00+00:00,20.553284,0.24000004,0.16679166,Poland
2020-08-21 00:00:00+00:00,23.655783,0.0,0.16375,Poland
2020-08-22 00:00:00+00:00,22.55495,6.34,0.16206667,Poland
2020-08-23 00:00:00+00:00,19.97245,1.8399999,0.16792502,Poland
2020-08-24 00:00:00+00:00,18.621199,0.6,0.1748333,Poland
2020-08-25 00:00:00+00:00,17.4762,0.71999997,0.17841664,Poland
2020-08-26 00:00:00+00:00,18.122866,6.38,0.17999165,Poland
2020-08-27 00:00:00+00:00,16.520367,6.34,0.19108334,Poland
2020-08-28 00:00:00+00:00,16.635366,2.98,0.20065837,Poland
2020-08-29 00:00:00+00:00,18.206615,2.88,0.20958333,Poland
2020-08-30 00:00:00+00:00,18.21495,14.0199995,0.23340002,Poland
2020-08-31 00:00:00+00:00,16.298285,8.120001,0.29341668,Poland
2020-09-01 00:00:00+00:00,13.581617,12.280001,0.30138332,Poland
2020-09-02 00:00:00+00:00,14.124533,6.04,0.3201167,Poland
2020-09-03 00:00:00+00:00,14.793283,3.02,0.3205833,Poland
2020-09-04 00:00:00+00:00,16.618282,0.68,0.31285,Poland
2020-09-05 00:00:00+00:00,18.135784,5.12,0.3083917,Poland
2020-09-06 00:00:00+00:00,14.7341175,0.32,0.31424165,Poland
2020-09-07 00:00:00+00:00,13.102867,3.1,0.31232503,Poland
2020-09-08 00:00:00+00:00,15.401199,0.04,0.3074333,Poland
2020-09-09 00:00:00+00:00,17.779118,0.14000002,0.297475,Poland
2020-09-10 00:00:00+00:00,15.366201,0.34,0.28904167,Poland
2020-09-11 00:00:00+00:00,13.856616,0.0,0.28421667,Poland
2020-09-12 00:00:00+00:00,17.205366,0.0,0.27944165,Poland
2020-09-13 00:00:00+00:00,16.977451,0.0,0.27185836,Poland
2020-09-14 00:00:00+00:00,18.560781,0.0,0.26319999,Poland
2020-09-15 00:00:00+00:00,20.080366,0.0,0.25288337,Poland
2020-09-16 00:00:00+00:00,20.935368,0.3,0.2412417,Poland
2020-09-17 00:00:00+00:00,14.402867,0.5,0.23287502,Poland
2020-09-18 00:00:00+00:00,11.1987,0.0,0.22962499,Poland
2020-09-19 00:00:00+00:00,12.199949,0.0,0.22486667,Poland
2020-09-20 00:00:00+00:00,13.15995,0.04,0.22102499,Poland
2020-09-21 00:00:00+00:00,14.447451,0.0,0.21437502,Poland
2020-09-22 00:00:00+00:00,17.5462,0.0,0.2084167,Poland
2020-09-23 00:00:00+00:00,18.8012,0.24000001,0.20204167,Poland
2020-09-24 00:00:00+00:00,18.026617,0.44,0.19610834,Poland
2020-09-25 00:00:00+00:00,16.557034,8.74,0.19389166,Poland
2020-09-26 00:00:00+00:00,14.502867,13.579999,0.21473333,Poland
2020-09-27 00:00:00+00:00,10.791201,12.92,0.26006666,Poland
2020-09-28 00:00:00+00:00,10.944117,2.0,0.27541667,Poland
2020-09-29 00:00:00+00:00,12.668699,7.0800004,0.28525835,Poland
2020-09-30 00:00:00+00:00,13.269951,4.7400002,0.2939667,Poland
2020-10-01 00:00:00+00:00,13.064532,2.7999997,0.2980417,Poland
2020-10-02 00:00:00+00:00,13.693283,3.3,0.30505836,Poland
2020-10-03 00:00:00+00:00,17.957033,0.6,0.29930833,Poland
2020-10-04 00:00:00+00:00,15.80995,7.4,0.30039167,Poland
2020-10-05 00:00:00+00:00,14.134534,6.8,0.30318338,Poland
2020-10-06 00:00:00+00:00,12.750784,0.53999996,0.31145835,Poland
2020-10-07 00:00:00+00:00,12.211616,0.54,0.3073917,Poland
2020-10-08 00:00:00+00:00,11.7741165,0.52,0.30282503,Poland
2020-10-09 00:00:00+00:00,12.880783,1.9599998,0.29958332,Poland
2020-10-10 00:00:00+00:00,12.19495,5.8199997,0.30329165,Poland
2020-10-11 00:00:00+00:00,8.953283,1.6199999,0.30860835,Poland
2020-10-12 00:00:00+00:00,7.7982836,5.46,0.31023335,Poland
2020-10-13 00:00:00+00:00,7.793284,13.9,0.31841668,Poland
2020-10-14 00:00:00+00:00,8.040783,17.820002,0.36809167,Poland
2020-10-15 00:00:00+00:00,7.7266173,1.02,0.351075,Poland
2020-10-16 00:00:00+00:00,7.5320334,2.32,0.3394,Poland
2020-10-17 00:00:00+00:00,6.4328666,2.1799998,0.33640832,Poland
2020-10-18 00:00:00+00:00,7.226617,1.0800002,0.33265835,Poland
2020-10-19 00:00:00+00:00,6.915367,0.38000003,0.32741666,Poland
2020-10-20 00:00:00+00:00,8.057033,0.02,0.32310003,Poland
2020-10-21 00:00:00+00:00,10.752866,1.06,0.3178583,Poland
2020-10-22 00:00:00+00:00,13.9287,0.0,0.31375,Poland
2020-10-23 00:00:00+00:00,12.8837,2.1599998,0.31044167,Poland
2020-10-24 00:00:00+00:00,11.9616165,1.8999999,0.31341663,Poland
2020-10-25 00:00:00+00:00,10.840367,0.02,0.31313333,Poland
2020-10-26 00:00:00+00:00,11.557034,0.66,0.31007499,Poland
2020-10-27 00:00:00+00:00,10.267866,0.96000004,0.30678335,Poland
2020-10-28 00:00:00+00:00,9.250783,0.44,0.30447498,Poland
2020-10-29 00:00:00+00:00,9.2337,2.22,0.3013083,Poland
2020-10-30 00:00:00+00:00,8.25745,5.3599997,0.306925,Poland
2020-10-31 00:00:00+00:00,8.212034,2.2399998,0.32351667,Poland
2020-11-01 00:00:00+00:00,8.397867,1.12,0.32215834,Poland
2020-11-02 00:00:00+00:00,12.077867,2.8799999,0.323225,Poland
2020-11-03 00:00:00+00:00,12.362866,0.9200001,0.32300836,Poland
2020-11-04 00:00:00+00:00,8.523283,4.6799994,0.32633334,Poland
2020-11-05 00:00:00+00:00,6.07995,0.0,0.32534164,Poland
2020-11-06 00:00:00+00:00,8.190783,0.6000001,0.3203083,Poland
2020-11-07 00:00:00+00:00,8.077867,0.0,0.31644166,Poland
2020-11-08 00:00:00+00:00,6.0557833,0.0,0.313775,Poland
2020-11-09 00:00:00+00:00,6.2312,0.02,0.31138334,Poland
2020-11-10 00:00:00+00:00,5.764533,0.0,0.3101333,Poland
2020-11-11 00:00:00+00:00,5.303283,0.02,0.30960834,Poland
2020-11-12 00:00:00+00:00,5.4241166,0.060000002,0.30834168,Poland
2020-11-13 00:00:00+00:00,6.31995,0.6,0.30745834,Poland
2020-11-14 00:00:00+00:00,7.9724503,0.42000002,0.3062,Poland
2020-11-15 00:00:00+00:00,8.540366,0.02,0.30596668,Poland
2020-11-16 00:00:00+00:00,7.125366,1.1600001,0.30518332,Poland
2020-11-17 00:00:00+00:00,8.109533,0.66,0.30620834,Poland
2020-11-18 00:00:00+00:00,8.634951,0.34,0.30735832,Poland
2020-11-19 00:00:00+00:00,7.9837008,1.86,0.30739164,Poland
2020-11-20 00:00:00+00:00,2.6691167,0.24000001,0.30887502,Poland
2020-11-21 00:00:00+00:00,1.4328668,0.060000002,0.30874163,Poland
2020-11-22 00:00:00+00:00,4.934533,0.52000004,0.30967504,Poland
2020-11-23 00:00:00+00:00,5.3412,0.6,0.30862498,Poland
2020-11-24 00:00:00+00:00,3.5399501,0.02,0.30646667,Poland
2020-11-25 00:00:00+00:00,0.90994996,0.0,0.30355,Poland
2020-11-26 00:00:00+00:00,0.9895333,0.2,0.30199164,Poland
2020-11-27 00:00:00+00:00,3.6574502,0.42,0.30141667,Poland
2020-11-28 00:00:00+00:00,2.0587,0.8399998,0.30154997,Poland
2020-11-29 00:00:00+00:00,0.8428668,2.04,0.30249166,Poland
2020-11-30 00:00:00+00:00,0.1266167,0.74000007,0.30544996,Poland
2020-12-01 00:00:00+00:00,-0.6742166,0.18,0.30523333,Poland
2020-12-02 00:00:00+00:00,-2.5625498,0.0,0.304025,Poland
2020-12-03 00:00:00+00:00,-1.2796333,0.84000003,0.30276665,Poland
2020-12-04 00:00:00+00:00,2.752867,0.24000001,0.30164164,Poland
2020-12-05 00:00:00+00:00,6.7474494,0.02,0.30059168,Poland
2020-12-06 00:00:00+00:00,6.1957827,0.0,0.29951665,Poland
2020-12-07 00:00:00+00:00,2.8957832,0.0,0.29535002,Poland
2020-12-08 00:00:00+00:00,0.7612001,0.17999999,0.29129165,Poland
2020-12-09 00:00:00+00:00,-0.8392167,0.0,0.28925836,Poland
2020-12-10 00:00:00+00:00,-1.6296333,1.14,0.28814167,Poland
2020-12-11 00:00:00+00:00,0.33745,0.3,0.28729162,Poland
2020-12-12 00:00:00+00:00,1.1495334,1.14,0.28785834,Poland
2020-12-13 00:00:00+00:00,1.4770334,0.02,0.28928337,Poland
2020-12-14 00:00:00+00:00,1.9145334,0.0,0.28994167,Poland
2020-12-15 00:00:00+00:00,1.1995333,0.04,0.28969997,Poland
2020-12-16 00:00:00+00:00,3.7224498,0.40000004,0.28835002,Poland
2020-12-17 00:00:00+00:00,3.3382835,0.120000005,0.28809997,Poland
2020-12-18 00:00:00+00:00,3.2253666,0.18000002,0.2881833,Poland
2020-12-19 00:00:00+00:00,0.92245007,0.0,0.28809994,Poland
2020-12-20 00:00:00+00:00,0.7716166,0.0,0.2877416,Poland
2020-12-21 00:00:00+00:00,1.44245,0.3,0.28749162,Poland
2020-12-22 00:00:00+00:00,5.0441165,7.3199997,0.29195,Poland
2020-12-23 00:00:00+00:00,5.40995,2.92,0.3093583,Poland
2020-12-24 00:00:00+00:00,6.422033,4.7799997,0.32466668,Poland
2020-12-25 00:00:00+00:00,1.9157833,1.3399999,0.33019167,Poland
2020-12-26 00:00:00+00:00,-0.3417167,0.36,0.32740837,Poland
2020-12-27 00:00:00+00:00,-0.41254997,0.0,0.32319167,Poland
2020-12-28 00:00:00+00:00,3.0587,0.4,0.318075,Poland
2020-12-29 00:00:00+00:00,4.0557833,4.5,0.319925,Poland
2020-12-30 00:00:00+00:00,1.6228669,0.52,0.32255,Poland
2020-12-31 00:00:00+00:00,-0.1429666,0.120000005,0.32051668,Poland
2021-01-01 00:00:00+00:00,-0.91546667,0.18,0.31772503,Poland
2021-01-02 00:00:00+00:00,-0.5629667,0.26000002,0.31521666,Poland
2021-01-03 00:00:00+00:00,0.3345333,3.9199996,0.31419167,Poland
2021-01-04 00:00:00+00:00,0.99745,2.14,0.31706673,Poland
2021-01-05 00:00:00+00:00,1.1753666,9.62,0.32120833,Poland
2021-01-06 00:00:00+00:00,0.7941167,2.26,0.3265583,Poland
2021-01-07 00:00:00+00:00,0.08286665,2.7199998,0.325275,Poland
2021-01-08 00:00:00+00:00,-0.5825499,0.8000001,0.32214165,Poland
2021-01-09 00:00:00+00:00,-0.72005,0.9,0.31955832,Poland
2021-01-10 00:00:00+00:00,-0.47713333,1.14,0.31735837,Poland
2021-01-11 00:00:00+00:00,-1.3121334,0.16,0.31488332,Poland
2021-01-12 00:00:00+00:00,-0.68504995,4.5,0.31288332,Poland
2021-01-13 00:00:00+00:00,-0.52171665,3.6399999,0.31097502,Poland
2021-01-14 00:00:00+00:00,-2.5538,1.76,0.30959165,Poland
2021-01-15 00:00:00+00:00,-5.5696335,1.8800001,0.30790836,Poland
2021-01-16 00:00:00+00:00,-6.2725496,2.7000003,0.306125,Poland
2021-01-17 00:00:00+00:00,-13.835467,0.3,0.304775,Poland
2021-01-18 00:00:00+00:00,-12.961299,1.5000001,0.30360827,Poland
2021-01-19 00:00:00+00:00,-3.1013,5.4199996,0.303375,Poland
2021-01-20 00:00:00+00:00,1.9732834,1.72,0.31428334,Poland
2021-01-21 00:00:00+00:00,3.4561996,0.04,0.32493332,Poland
2021-01-22 00:00:00+00:00,5.2078667,0.04,0.33429998,Poland
2021-01-23 00:00:00+00:00,3.2341168,4.3,0.34534168,Poland
2021-01-24 00:00:00+00:00,1.0695333,3.9799995,0.34815833,Poland
2021-01-25 00:00:00+00:00,-0.2521333,3.2800002,0.34260833,Poland
2021-01-26 00:00:00+00:00,-0.5263,0.91999996,0.33646664,Poland
2021-01-27 00:00:00+00:00,-0.46046668,0.8,0.3314,Poland
2021-01-28 00:00:00+00:00,-0.8333834,2.24,0.327875,Poland
2021-01-29 00:00:00+00:00,-2.2396333,1.8,0.32604998,Poland
2021-01-30 00:00:00+00:00,-3.6675498,4.94,0.3236417,Poland
2021-01-31 00:00:00+00:00,-6.3733835,0.060000002,0.32119995,Poland
2021-02-01 00:00:00+00:00,-7.4358835,0.0,0.31894165,Poland
2021-02-02 00:00:00+00:00,-0.35463333,1.22,0.31716672,Poland
2021-02-03 00:00:00+00:00,2.97245,5.96,0.32331666,Poland
2021-02-04 00:00:00+00:00,-0.24671654,5.58,0.35043335,Poland
2021-02-05 00:00:00+00:00,-3.8737998,0.54,0.34620002,Poland
2021-02-06 00:00:00+00:00,-6.5337996,0.14,0.33909997,Poland
2021-02-07 00:00:00+00:00,-10.3508835,2.3999996,0.33394167,Poland
2021-02-08 00:00:00+00:00,-10.602966,9.800001,0.33001667,Poland
2021-02-09 00:00:00+00:00,-9.3013,1.34,0.32673335,Poland
2021-02-10 00:00:00+00:00,-10.562967,0.6,0.3239083,Poland
2021-02-11 00:00:00+00:00,-11.283384,0.73999995,0.3214584,Poland
2021-02-12 00:00:00+00:00,-10.899633,0.62000006,0.31932497,Poland
2021-02-13 00:00:00+00:00,-5.5579667,0.54,0.31736666,Poland
2021-02-14 00:00:00+00:00,-5.5021334,0.1,0.31559998,Poland
2021-02-15 00:00:00+00:00,-7.6233826,0.52000004,0.31397504,Poland
2021-02-16 00:00:00+00:00,-3.8188,1.06,0.31253338,Poland
2021-02-17 00:00:00+00:00,-0.06880007,5.06,0.31684166,Poland
2021-02-18 00:00:00+00:00,-2.7629669,0.14000002,0.33104163,Poland
2021-02-19 00:00:00+00:00,0.3649501,1.8799999,0.331775,Poland
2021-02-20 00:00:00+00:00,1.8524501,0.0,0.33518332,Poland
2021-02-21 00:00:00+00:00,2.8524501,0.0,0.33893332,Poland
2021-02-22 00:00:00+00:00,1.9653667,0.0,0.34060836,Poland
2021-02-23 00:00:00+00:00,4.008283,0.0,0.34280837,Poland
2021-02-24 00:00:00+00:00,7.50745,0.0,0.34752497,Poland
2021-02-25 00:00:00+00:00,8.184534,0.0,0.3483333,Poland
2021-02-26 00:00:00+00:00,6.3241167,1.6600001,0.34651667,Poland
2021-02-27 00:00:00+00:00,3.7828667,0.060000002,0.34335002,Poland
2021-02-28 00:00:00+00:00,3.1745334,0.02,0.33696666,Poland
2021-03-01 00:00:00+00:00,2.8632832,0.0,0.33235833,Poland
2021-03-02 00:00:00+00:00,3.3941169,0.0,0.32882503,Poland
2021-03-03 00:00:00+00:00,3.4399498,0.0,0.323725,Poland
2021-03-04 00:00:00+00:00,3.54245,0.76000005,0.31936663,Poland
2021-03-05 00:00:00+00:00,-0.3196333,1.0200001,0.31489164,Poland
2021-03-06 00:00:00+00:00,0.0841167,0.060000002,0.31256667,Poland
2021-03-07 00:00:00+00:00,1.5582832,1.0,0.30844995,Poland
2021-03-08 00:00:00+00:00,-0.8054668,0.8,0.3057416,Poland
2021-03-09 00:00:00+00:00,-2.1225502,0.0,0.30364162,Poland
2021-03-10 00:00:00+00:00,-1.4113,0.0,0.30189997,Poland
2021-03-11 00:00:00+00:00,1.3928668,4.32,0.30101666,Poland
2021-03-12 00:00:00+00:00,4.5266166,2.74,0.30822498,Poland
2021-03-13 00:00:00+00:00,5.6557837,3.4600003,0.3149833,Poland
2021-03-14 00:00:00+00:00,4.57495,1.32,0.31961668,Poland
2021-03-15 00:00:00+00:00,2.8649502,1.0400001,0.320975,Poland
2021-03-16 00:00:00+00:00,2.44495,3.44,0.32090834,Poland
2021-03-17 00:00:00+00:00,1.34995,1.02,0.3221,Poland
2021-03-18 00:00:00+00:00,-0.025049984,1.16,0.32036668,Poland
2021-03-19 00:00:00+00:00,-1.1775501,2.6,0.317675,Poland
2021-03-20 00:00:00+00:00,-2.5079665,0.22,0.31540835,Poland
2021-03-21 00:00:00+00:00,0.23328328,3.8,0.31387502,Poland
2021-03-22 00:00:00+00:00,1.4378667,0.32,0.31594998,Poland
2021-03-23 00:00:00+00:00,3.78745,0.22,0.313475,Poland
2021-03-24 00:00:00+00:00,4.385367,0.02,0.31021664,Poland
2021-03-25 00:00:00+00:00,6.602033,0.0,0.30816668,Poland
2021-03-26 00:00:00+00:00,7.820783,0.120000005,0.3012,Poland
2021-03-27 00:00:00+00:00,8.043699,1.52,0.29514998,Poland
2021-03-28 00:00:00+00:00,5.3512,0.46000004,0.29413334,Poland
2021-03-29 00:00:00+00:00,8.397867,3.8,0.29231665,Poland
2021-03-30 00:00:00+00:00,11.792451,0.3,0.29289165,Poland
2021-03-31 00:00:00+00:00,12.471617,0.0,0.28872496,Poland
2021-04-01 00:00:00+00:00,11.053284,0.72,0.283575,Poland
2021-04-02 00:00:00+00:00,5.345783,1.0,0.27737504,Poland
2021-04-03 00:00:00+00:00,3.5424504,4.14,0.27900833,Poland
2021-04-04 00:00:00+00:00,3.2349498,0.14000002,0.27902502,Poland
2021-04-05 00:00:00+00:00,4.2286997,4.54,0.27778333,Poland
2021-04-06 00:00:00+00:00,1.0566168,1.1200001,0.2807833,Poland
2021-04-07 00:00:00+00:00,1.3762,1.8400002,0.2824667,Poland
2021-04-08 00:00:00+00:00,2.4532833,2.22,0.28377503,Poland
2021-04-09 00:00:00+00:00,5.635783,0.0,0.283475,Poland
2021-04-10 00:00:00+00:00,7.6866164,0.45999995,0.27870002,Poland
2021-04-11 00:00:00+00:00,11.370367,0.0,0.27293333,Poland
2021-04-12 00:00:00+00:00,7.444117,3.5000005,0.26313335,Poland
2021-04-13 00:00:00+00:00,4.48495,1.22,0.26354167,Poland
2021-04-14 00:00:00+00:00,3.2245336,5.14,0.2635333,Poland
2021-04-15 00:00:00+00:00,2.53245,7.3599997,0.27001667,Poland
2021-04-16 00:00:00+00:00,4.3195333,5.1,0.28540832,Poland
2021-04-17 00:00:00+00:00,6.36495,2.6200004,0.29808334,Poland
2021-04-18 00:00:00+00:00,8.074533,2.68,0.30292502,Poland
2021-04-19 00:00:00+00:00,9.407033,1.74,0.30294162,Poland
2021-04-20 00:00:00+00:00,9.492033,0.72,0.3030083,Poland
2021-04-21 00:00:00+00:00,10.036616,0.64,0.29858333,Poland
2021-04-22 00:00:00+00:00,6.0062003,1.9399999,0.29421663,Poland
2021-04-23 00:00:00+00:00,4.9611998,1.9200001,0.29145,Poland
2021-04-24 00:00:00+00:00,5.3670335,0.28000003,0.287675,Poland
2021-04-25 00:00:00+00:00,4.000367,0.48000002,0.2796,Poland
2021-04-26 00:00:00+00:00,2.7520335,0.74,0.27241665,Poland
2021-04-27 00:00:00+00:00,4.1107836,0.060000002,0.2675833,Poland
2021-04-28 00:00:00+00:00,8.284533,0.0,0.25755835,Poland
2021-04-29 00:00:00+00:00,11.006201,1.5600001,0.24684164,Poland
2021-04-30 00:00:00+00:00,9.517866,0.34,0.241975,Poland
2021-05-01 00:00:00+00:00,8.320367,2.48,0.24029167,Poland
2021-05-02 00:00:00+00:00,6.7153664,30.34,0.28211668,Poland
2021-05-03 00:00:00+00:00,5.81495,2.04,0.32353333,Poland
2021-05-04 00:00:00+00:00,9.673285,0.98000014,0.317025,Poland
2021-05-05 00:00:00+00:00,10.25745,1.7,0.30745,Poland
2021-05-06 00:00:00+00:00,7.77995,1.5,0.29936665,Poland
2021-05-07 00:00:00+00:00,6.737033,5.24,0.300075,Poland
2021-05-08 00:00:00+00:00,6.809533,2.02,0.30401665,Poland
2021-05-09 00:00:00+00:00,12.7949505,0.0,0.299025,Poland
2021-05-10 00:00:00+00:00,17.324533,0.0,0.28495836,Poland
2021-05-11 00:00:00+00:00,19.627033,0.0,0.26554167,Poland
2021-05-12 00:00:00+00:00,18.208282,1.0400002,0.24589999,Poland
2021-05-13 00:00:00+00:00,14.842867,3.6800003,0.24669166,Poland
2021-05-14 00:00:00+00:00,13.0487,1.72,0.24663329,Poland
2021-05-15 00:00:00+00:00,13.407033,1.54,0.24349168,Poland
2021-05-16 00:00:00+00:00,12.932033,3.94,0.23958334,Poland
2021-05-17 00:00:00+00:00,13.401199,1.18,0.23617503,Poland
2021-05-18 00:00:00+00:00,12.669118,3.6,0.23335,Poland
2021-05-19 00:00:00+00:00,11.143283,3.8799999,0.23357502,Poland
2021-05-20 00:00:00+00:00,11.312033,0.34,0.2335917,Poland
2021-05-21 00:00:00+00:00,13.4462,0.44,0.23029165,Poland
2021-05-22 00:00:00+00:00,12.202451,5.8399997,0.22654167,Poland
2021-05-23 00:00:00+00:00,12.157451,1.02,0.22684169,Poland
2021-05-24 00:00:00+00:00,13.925367,0.28000003,0.22420001,Poland
2021-05-25 00:00:00+00:00,12.837033,4.94,0.22249167,Poland
2021-05-26 00:00:00+00:00,12.1112,2.26,0.223175,Poland
2021-05-27 00:00:00+00:00,12.553284,1.96,0.22300002,Poland
2021-05-28 00:00:00+00:00,11.731617,2.1000001,0.22237504,Poland
2021-05-29 00:00:00+00:00,10.7787,4.84,0.22314164,Poland
2021-05-30 00:00:00+00:00,11.471616,2.66,0.22696666,Poland
2021-05-31 00:00:00+00:00,12.524533,0.0,0.2249,Poland
2021-06-01 00:00:00+00:00,14.075366,3.04,0.21934167,Poland
2021-06-02 00:00:00+00:00,15.698283,0.6999999,0.21394166,Poland
2021-06-03 00:00:00+00:00,16.803284,0.0,0.20599163,Poland
2021-06-04 00:00:00+00:00,18.537867,0.4,0.19645001,Poland
2021-06-05 00:00:00+00:00,18.276617,0.9,0.19036666,Poland
2021-06-06 00:00:00+00:00,18.457867,0.02,0.18066667,Poland
2021-06-07 00:00:00+00:00,19.2287,0.0,0.174775,Poland
2021-06-08 00:00:00+00:00,19.864117,0.38000003,0.16556667,Poland
2021-06-09 00:00:00+00:00,19.0487,0.02,0.15986666,Poland
2021-06-10 00:00:00+00:00,18.7812,0.28000003,0.15777501,Poland
2021-06-11 00:00:00+00:00,18.8062,1.14,0.15467499,Poland
2021-06-12 00:00:00+00:00,17.31745,15.12,0.15606666,Poland
2021-06-13 00:00:00+00:00,14.080366,2.3799999,0.17690833,Poland
2021-06-14 00:00:00+00:00,16.055782,0.0,0.18432501,Poland
2021-06-15 00:00:00+00:00,18.697033,0.1,0.18067499,Poland
2021-06-16 00:00:00+00:00,18.937868,0.16,0.1760833,Poland
2021-06-17 00:00:00+00:00,22.1462,0.0,0.16828331,Poland
2021-06-18 00:00:00+00:00,24.122448,0.0,0.1636,Poland
2021-06-19 00:00:00+00:00,25.394953,0.02,0.16175,Poland
2021-06-20 00:00:00+00:00,25.755365,0.1,0.15924166,Poland
2021-06-21 00:00:00+00:00,25.813284,0.64,0.15640834,Poland
2021-06-22 00:00:00+00:00,22.670368,16.2,0.16079167,Poland
2021-06-23 00:00:00+00:00,20.502033,2.9,0.20529166,Poland
2021-06-24 00:00:00+00:00,20.860783,9.300001,0.22371666,Poland
2021-06-25 00:00:00+00:00,18.585367,3.8399997,0.23255834,Poland
2021-06-26 00:00:00+00:00,18.356617,2.08,0.2342,Poland
2021-06-27 00:00:00+00:00,18.984531,0.08,0.22929999,Poland
2021-06-28 00:00:00+00:00,20.468283,0.22,0.21914168,Poland
2021-06-29 00:00:00+00:00,22.451618,1.0799999,0.20853333,Poland
2021-06-30 00:00:00+00:00,20.76495,11.0599985,0.21277502,Poland
2021-07-01 00:00:00+00:00,18.973286,8.440001,0.21965,Poland
2021-07-02 00:00:00+00:00,17.652035,7.46,0.23131669,Poland
2021-07-03 00:00:00+00:00,17.936617,9.820002,0.24714167,Poland
2021-07-04 00:00:00+00:00,18.949533,5.1400003,0.25865,Poland
2021-07-05 00:00:00+00:00,19.941616,2.42,0.25569165,Poland
2021-07-06 00:00:00+00:00,22.289534,0.1,0.256775,Poland
2021-07-07 00:00:00+00:00,21.895367,2.4199998,0.245575,Poland
2021-07-08 00:00:00+00:00,20.722866,7.6,0.24236664,Poland
2021-07-09 00:00:00+00:00,21.682867,11.0,0.265225,Poland
2021-07-10 00:00:00+00:00,19.21745,0.52000004,0.27294165,Poland
2021-07-11 00:00:00+00:00,20.645367,1.9,0.263775,Poland
2021-07-12 00:00:00+00:00,21.601616,4.04,0.26175,Poland
2021-07-13 00:00:00+00:00,22.999533,0.78,0.26105836,Poland
2021-07-14 00:00:00+00:00,24.024118,2.78,0.25195006,Poland
2021-07-15 00:00:00+00:00,22.764534,0.8,0.25198337,Poland
2021-07-16 00:00:00+00:00,22.596615,6.2799997,0.25079998,Poland
2021-07-17 00:00:00+00:00,22.837034,9.08,0.27449167,Poland
2021-07-18 00:00:00+00:00,21.8387,0.76,0.27777505,Poland
2021-07-19 00:00:00+00:00,18.702034,1.0799999,0.26695833,Poland
2021-07-20 00:00:00+00:00,18.120365,0.14000002,0.25917503,Poland
2021-07-21 00:00:00+00:00,18.295366,0.54,0.251125,Poland
2021-07-22 00:00:00+00:00,18.6837,0.28000003,0.24481663,Poland
2021-07-23 00:00:00+00:00,19.4837,0.32,0.23808333,Poland
2021-07-24 00:00:00+00:00,20.8012,0.1,0.22861668,Poland
2021-07-25 00:00:00+00:00,22.082033,0.46000004,0.22109166,Poland
2021-07-26 00:00:00+00:00,21.877867,4.0199995,0.21554169,Poland
2021-07-27 00:00:00+00:00,22.404533,1.8400002,0.21374997,Poland
2021-07-28 00:00:00+00:00,22.290369,3.0400002,0.20827499,Poland
2021-07-29 00:00:00+00:00,20.788282,0.5,0.21109167,Poland
2021-07-30 00:00:00+00:00,20.416199,0.0,0.20702502,Poland
2021-07-31 00:00:00+00:00,20.8437,0.58000004,0.20235834,Poland
2021-08-01 00:00:00+00:00,17.877865,9.4,0.20094168,Poland
2021-08-02 00:00:00+00:00,17.309534,2.8400002,0.2126,Poland
2021-08-03 00:00:00+00:00,17.488285,1.02,0.21635833,Poland
2021-08-04 00:00:00+00:00,16.760366,5.3599997,0.21825834,Poland
2021-08-05 00:00:00+00:00,16.717033,6.54,0.22355,Poland
2021-08-06 00:00:00+00:00,16.232035,9.0,0.2538417,Poland
2021-08-07 00:00:00+00:00,18.864948,1.48,0.263425,Poland
2021-08-08 00:00:00+00:00,19.237034,6.7400002,0.27323332,Poland
2021-08-09 00:00:00+00:00,18.60495,2.14,0.27090833,Poland
2021-08-10 00:00:00+00:00,19.130367,4.12,0.26049167,Poland
2021-08-11 00:00:00+00:00,17.493282,1.1200001,0.26163334,Poland
2021-08-12 00:00:00+00:00,18.234951,0.1,0.25767502,Poland
2021-08-13 00:00:00+00:00,20.647867,0.0,0.25045833,Poland
2021-08-14 00:00:00+00:00,21.443285,0.04,0.23953333,Poland
2021-08-15 00:00:00+00:00,21.298283,0.02,0.22974166,Poland
2021-08-16 00:00:00+00:00,21.88995,0.78000003,0.2201083,Poland
2021-08-17 00:00:00+00:00,15.869951,1.9200001,0.22109167,Poland
2021-08-18 00:00:00+00:00,16.236616,0.32,0.22554998,Poland
2021-08-19 00:00:00+00:00,17.515783,0.74,0.22414994,Poland
2021-08-20 00:00:00+00:00,17.524532,4.8799996,0.224825,Poland
2021-08-21 00:00:00+00:00,16.997868,0.35999998,0.22579165,Poland
2021-08-22 00:00:00+00:00,17.965784,3.42,0.22411665,Poland
2021-08-23 00:00:00+00:00,16.2437,16.5,0.24131665,Poland
2021-08-24 00:00:00+00:00,14.519949,10.500001,0.29110834,Poland
2021-08-25 00:00:00+00:00,14.339533,1.24,0.29372498,Poland
2021-08-26 00:00:00+00:00,13.800366,8.92,0.29614168,Poland
2021-08-27 00:00:00+00:00,13.562868,3.6800003,0.3006,Poland
2021-08-28 00:00:00+00:00,13.947451,3.0000005,0.29991665,Poland
2021-08-29 00:00:00+00:00,14.0287,2.6200001,0.29490834,Poland
2021-08-30 00:00:00+00:00,14.329534,5.6,0.29371673,Poland
2021-08-31 00:00:00+00:00,14.3937,13.92,0.31954998,Poland
2021-09-01 00:00:00+00:00,14.887034,0.6,0.32345003,Poland
2021-09-02 00:00:00+00:00,14.371617,0.45999998,0.31244165,Poland
2021-09-03 00:00:00+00:00,15.182867,0.0,0.30134162,Poland
2021-09-04 00:00:00+00:00,13.704951,0.02,0.29069167,Poland
2021-09-05 00:00:00+00:00,12.9199505,0.0,0.2833667,Poland
2021-09-06 00:00:00+00:00,13.268283,0.0,0.27538332,Poland
2021-09-07 00:00:00+00:00,14.621201,0.02,0.26827496,Poland
2021-09-08 00:00:00+00:00,16.669533,0.0,0.25988334,Poland
2021-09-09 00:00:00+00:00,17.9837,0.0,0.25120836,Poland
2021-09-10 00:00:00+00:00,18.454117,0.0,0.24335833,Poland
2021-09-11 00:00:00+00:00,18.255783,1.8599999,0.23664169,Poland
2021-09-12 00:00:00+00:00,17.907867,1.36,0.23322499,Poland
2021-09-13 00:00:00+00:00,16.742867,0.52000004,0.23148334,Poland
2021-09-14 00:00:00+00:00,15.708284,0.0,0.23153332,Poland
2021-09-15 00:00:00+00:00,17.487865,1.0200001,0.23118332,Poland
2021-09-16 00:00:00+00:00,17.178284,5.38,0.23440003,Poland
2021-09-17 00:00:00+00:00,15.079534,6.38,0.24349165,Poland
2021-09-18 00:00:00+00:00,11.736616,5.6,0.26261666,Poland
2021-09-19 00:00:00+00:00,10.041616,1.4399999,0.2671167,Poland
2021-09-20 00:00:00+00:00,9.534117,0.18,0.26888332,Poland
2021-09-21 00:00:00+00:00,9.901617,2.28,0.26739168,Poland
2021-09-22 00:00:00+00:00,10.430367,2.7199998,0.27145833,Poland
2021-09-23 00:00:00+00:00,13.577451,2.86,0.27475834,Poland
2021-09-24 00:00:00+00:00,13.364118,1.6600001,0.2790667,Poland
2021-09-25 00:00:00+00:00,16.077032,0.56000006,0.27749163,Poland
2021-09-26 00:00:00+00:00,15.634532,0.0,0.27424997,Poland
2021-09-27 00:00:00+00:00,14.179532,0.02,0.27065006,Poland
2021-09-28 00:00:00+00:00,13.0087,0.36,0.268525,Poland
2021-09-29 00:00:00+00:00,12.389533,0.78000003,0.26685002,Poland
2021-09-30 00:00:00+00:00,11.0449505,2.44,0.266625,Poland
2021-10-01 00:00:00+00:00,10.625366,0.38,0.27370834,Poland
2021-10-02 00:00:00+00:00,12.982867,0.0,0.27041665,Poland
2021-10-03 00:00:00+00:00,14.166616,0.0,0.2648083,Poland
2021-10-04 00:00:00+00:00,14.672867,0.0,0.25899166,Poland
2021-10-05 00:00:00+00:00,15.8737,3.1200001,0.25306663,Poland
2021-10-06 00:00:00+00:00,13.681201,3.3399997,0.2528583,Poland
2021-10-07 00:00:00+00:00,11.136617,0.54,0.25476664,Poland
2021-10-08 00:00:00+00:00,7.8061996,0.0,0.25439167,Poland
2021-10-09 00:00:00+00:00,6.3966165,0.0,0.2522167,Poland
2021-10-10 00:00:00+00:00,5.760367,0.0,0.24920836,Poland
2021-10-11 00:00:00+00:00,6.4924498,0.2,0.24658331,Poland
2021-10-12 00:00:00+00:00,6.8103666,3.28,0.24559169,Poland
2021-10-13 00:00:00+00:00,5.4645333,1.9,0.25014168,Poland
2021-10-14 00:00:00+00:00,6.9603667,0.9,0.25482503,Poland
2021-10-15 00:00:00+00:00,10.37245,3.02,0.25649172,Poland
2021-10-16 00:00:00+00:00,7.77995,0.22,0.25973335,Poland
2021-10-17 00:00:00+00:00,8.250784,0.08,0.26193333,Poland
2021-10-18 00:00:00+00:00,8.999533,1.6200001,0.261375,Poland
2021-10-19 00:00:00+00:00,10.689949,0.7200001,0.261925,Poland
2021-10-20 00:00:00+00:00,15.099533,0.74,0.2620417,Poland
2021-10-21 00:00:00+00:00,13.168699,1.9,0.26512498,Poland
2021-10-22 00:00:00+00:00,7.615367,1.32,0.2677167,Poland
2021-10-23 00:00:00+00:00,6.0087004,1.3199999,0.269625,Poland
2021-10-24 00:00:00+00:00,5.23745,0.02,0.27090833,Poland
2021-10-25 00:00:00+00:00,5.6457834,0.0,0.26902503,Poland
2021-10-26 00:00:00+00:00,7.569117,0.3,0.265525,Poland
2021-10-27 00:00:00+00:00,9.494534,0.02,0.26340833,Poland
2021-10-28 00:00:00+00:00,9.398283,0.0,0.26046664,Poland
2021-10-29 00:00:00+00:00,8.880784,0.0,0.25678334,Poland
2021-10-30 00:00:00+00:00,10.479533,0.0,0.25199163,Poland
2021-10-31 00:00:00+00:00,11.18745,0.0,0.24685833,Poland
2021-11-01 00:00:00+00:00,9.5137005,0.56,0.24275002,Poland
2021-11-02 00:00:00+00:00,7.080783,6.8599997,0.24534166,Poland
2021-11-03 00:00:00+00:00,7.4957833,1.6199999,0.254675,Poland
2021-11-04 00:00:00+00:00,8.9412,5.86,0.26025832,Poland
2021-11-05 00:00:00+00:00,7.0837007,2.7399998,0.271025,Poland
2021-11-06 00:00:00+00:00,7.543283,0.26000005,0.27505,Poland
2021-11-07 00:00:00+00:00,6.4257827,2.7,0.27558333,Poland
2021-11-08 00:00:00+00:00,6.691617,2.38,0.276975,Poland
2021-11-09 00:00:00+00:00,4.2186995,0.48000002,0.28041667,Poland
2021-11-10 00:00:00+00:00,4.4520335,0.0,0.28129166,Poland
2021-11-11 00:00:00+00:00,4.3257837,0.0,0.27966666,Poland
2021-11-12 00:00:00+00:00,5.2416167,0.08,0.27734166,Poland
2021-11-13 00:00:00+00:00,4.6491165,0.9,0.276375,Poland
2021-11-14 00:00:00+00:00,4.283283,0.120000005,0.2749583,Poland
2021-11-15 00:00:00+00:00,4.630367,0.0,0.27408332,Poland
2021-11-16 00:00:00+00:00,4.627033,0.0,0.273125,Poland
2021-11-17 00:00:00+00:00,3.7620335,0.38000003,0.27374998,Poland
2021-11-18 00:00:00+00:00,6.312033,1.0600001,0.27373332,Poland
2021-11-19 00:00:00+00:00,9.276617,3.4799995,0.27761668,Poland
2021-11-20 00:00:00+00:00,9.3487,0.72,0.28058332,Poland
2021-11-21 00:00:00+00:00,6.881617,0.66,0.27998334,Poland
2021-11-22 00:00:00+00:00,3.19495,0.7200001,0.28012502,Poland
2021-11-23 00:00:00+00:00,2.2012,0.52000004,0.27961665,Poland
2021-11-24 00:00:00+00:00,4.75245,0.46000004,0.2793416,Poland
2021-11-25 00:00:00+00:00,2.06995,0.02,0.27887496,Poland
2021-11-26 00:00:00+00:00,2.36995,2.64,0.27766666,Poland
2021-11-27 00:00:00+00:00,1.2016166,2.48,0.28068334,Poland
2021-11-28 00:00:00+00:00,0.8857834,4.5,0.28245002,Poland
2021-11-29 00:00:00+00:00,0.66870004,3.1399999,0.28803334,Poland
2021-11-30 00:00:00+00:00,0.8887,5.3,0.2902333,Poland
2021-12-01 00:00:00+00:00,2.0424502,3.06,0.29643336,Poland
2021-12-02 00:00:00+00:00,2.7986999,0.56000006,0.3084416,Poland
2021-12-03 00:00:00+00:00,-0.6496333,0.24000001,0.30746666,Poland
2021-12-04 00:00:00+00:00,-0.12296665,0.74000007,0.304275,Poland
2021-12-05 00:00:00+00:00,-0.30171666,3.2999997,0.30115837,Poland
2021-12-06 00:00:00+00:00,-1.6487999,2.1,0.29952502,Poland
2021-12-07 00:00:00+00:00,-3.7008832,0.08,0.29738334,Poland
2021-12-08 00:00:00+00:00,-4.8375497,0.14000002,0.29533333,Poland
2021-12-09 00:00:00+00:00,-2.6396334,2.2200003,0.29330003,Poland
2021-12-10 00:00:00+00:00,-1.20005,2.22,0.29169166,Poland
2021-12-11 00:00:00+00:00,-2.0721335,0.0,0.29060003,Poland
2021-12-12 00:00:00+00:00,-1.6667168,0.04,0.2894583,Poland
2021-12-13 00:00:00+00:00,-0.030466652,0.48000002,0.288675,Poland
2021-12-14 00:00:00+00:00,1.3782833,0.34000003,0.28995833,Poland
2021-12-15 00:00:00+00:00,3.7516167,0.18,0.29326665,Poland
2021-12-16 00:00:00+00:00,5.4562006,0.98000014,0.29665,Poland
2021-12-17 00:00:00+00:00,2.9341168,0.5400001,0.2978583,Poland
2021-12-18 00:00:00+00:00,2.3770335,0.96000004,0.29684165,Poland
2021-12-19 00:00:00+00:00,3.4049497,2.42,0.29741666,Poland
2021-12-20 00:00:00+00:00,-1.0242167,1.1400001,0.29876667,Poland
2021-12-21 00:00:00+00:00,-3.6921334,0.8999999,0.29782504,Poland
2021-12-22 00:00:00+00:00,-3.9167168,0.28000003,0.29619998,Poland
2021-12-23 00:00:00+00:00,-3.1621332,1.96,0.29455,Poland
2021-12-24 00:00:00+00:00,0.20578349,7.5199995,0.29960003,Poland
2021-12-25 00:00:00+00:00,-6.4729667,0.14000002,0.30808336,Poland
2021-12-26 00:00:00+00:00,-8.886717,0.0,0.30574998,Poland
2021-12-27 00:00:00+00:00,-7.603801,0.0,0.30294997,Poland
2021-12-28 00:00:00+00:00,-3.3746333,0.56000006,0.30047494,Poland
2021-12-29 00:00:00+00:00,-0.47921672,0.3,0.29940835,Poland
2021-12-30 00:00:00+00:00,3.7166164,2.3,0.29985833,Poland
2021-12-31 00:00:00+00:00,9.353284,5.54,0.32156664,Poland
2020-01-01 00:00:00+00:00,-0.6737361,0.25000003,0.34768748,Romania
2020-01-02 00:00:00+00:00,-1.4285971,0.0,0.3461181,Romania
2020-01-03 00:00:00+00:00,0.27765277,0.0,0.34470138,Romania
2020-01-04 00:00:00+00:00,0.43425003,0.26666668,0.34324303,Romania
2020-01-05 00:00:00+00:00,-0.09804165,3.95,0.34252775,Romania
2020-01-06 00:00:00+00:00,-2.4664445,0.26666668,0.34203473,Romania
2020-01-07 00:00:00+00:00,-4.2595,0.0,0.34145832,Romania
2020-01-08 00:00:00+00:00,-3.8275554,0.0,0.34054163,Romania
2020-01-09 00:00:00+00:00,-1.9199166,0.28333333,0.33960417,Romania
2020-01-10 00:00:00+00:00,2.2356389,0.0,0.33868054,Romania
2020-01-11 00:00:00+00:00,2.0099444,0.033333335,0.33767363,Romania
2020-01-12 00:00:00+00:00,0.92556936,0.05,0.3380486,Romania
2020-01-13 00:00:00+00:00,-0.16713892,0.0,0.33809724,Romania
2020-01-14 00:00:00+00:00,-0.6216528,0.0,0.33755556,Romania
2020-01-15 00:00:00+00:00,-0.15568063,0.0,0.33699307,Romania
2020-01-16 00:00:00+00:00,-0.16436113,0.0,0.33632636,Romania
2020-01-17 00:00:00+00:00,-0.9397084,0.016666668,0.33565274,Romania
2020-01-18 00:00:00+00:00,-1.5122776,0.0,0.33471528,Romania
2020-01-19 00:00:00+00:00,-1.8213054,0.0,0.33409026,Romania
2020-01-20 00:00:00+00:00,-1.25325,0.0,0.33386812,Romania
2020-01-21 00:00:00+00:00,-0.55429155,0.0,0.33241668,Romania
2020-01-22 00:00:00+00:00,0.55056936,0.016666668,0.33131942,Romania
2020-01-23 00:00:00+00:00,-0.9449167,0.0,0.32984725,Romania
2020-01-24 00:00:00+00:00,-0.045611084,0.0,0.32906252,Romania
2020-01-25 00:00:00+00:00,1.8280001,0.06666667,0.3281944,Romania
2020-01-26 00:00:00+00:00,2.3533473,0.0,0.32731944,Romania
2020-01-27 00:00:00+00:00,2.4922361,3.1833334,0.32840973,Romania
2020-01-28 00:00:00+00:00,3.0894585,2.0166667,0.33354172,Romania
2020-01-29 00:00:00+00:00,2.5901527,3.1333334,0.34234723,Romania
2020-01-30 00:00:00+00:00,1.1359861,0.79999995,0.34279862,Romania
2020-01-31 00:00:00+00:00,3.3575141,0.7833333,0.3406042,Romania
2020-02-01 00:00:00+00:00,7.172792,0.05,0.3385694,Romania
2020-02-02 00:00:00+00:00,8.075223,2.1000001,0.33695138,Romania
2020-02-03 00:00:00+00:00,6.867931,5.35,0.3395556,Romania
2020-02-04 00:00:00+00:00,4.701611,9.916666,0.34504166,Romania
2020-02-05 00:00:00+00:00,1.4352916,9.183333,0.3595903,Romania
2020-02-06 00:00:00+00:00,-1.5365833,1.8833332,0.36234725,Romania
2020-02-07 00:00:00+00:00,-1.1174861,1.4333333,0.36053476,Romania
2020-02-08 00:00:00+00:00,-3.677903,0.0,0.3583889,Romania
2020-02-09 00:00:00+00:00,-0.07338895,0.0,0.35606945,Romania
2020-02-10 00:00:00+00:00,3.5616806,6.3333325,0.35681948,Romania
2020-02-11 00:00:00+00:00,3.5727918,2.333333,0.36879167,Romania
2020-02-12 00:00:00+00:00,2.1512642,0.68333334,0.36564586,Romania
2020-02-13 00:00:00+00:00,1.6700138,0.7166667,0.36288884,Romania
2020-02-14 00:00:00+00:00,3.4786942,1.4833331,0.36156943,Romania
2020-02-15 00:00:00+00:00,3.1700141,0.083333336,0.36030558,Romania
2020-02-16 00:00:00+00:00,2.5891113,0.016666668,0.35854164,Romania
2020-02-17 00:00:00+00:00,5.6109867,0.0,0.35547224,Romania
2020-02-18 00:00:00+00:00,6.388764,0.016666668,0.3524028,Romania
2020-02-19 00:00:00+00:00,4.345361,1.0333333,0.34955552,Romania
2020-02-20 00:00:00+00:00,3.1384165,1.0666667,0.34549305,Romania
2020-02-21 00:00:00+00:00,2.2394583,1.6999999,0.34248614,Romania
2020-02-22 00:00:00+00:00,2.4981387,0.2,0.3437431,Romania
2020-02-23 00:00:00+00:00,5.532861,0.25,0.34077084,Romania
2020-02-24 00:00:00+00:00,5.598139,2.2499998,0.33749306,Romania
2020-02-25 00:00:00+00:00,5.927653,0.083333336,0.33793056,Romania
2020-02-26 00:00:00+00:00,8.64675,1.5166668,0.33506945,Romania
2020-02-27 00:00:00+00:00,3.4578617,6.966667,0.3385278,Romania
2020-02-28 00:00:00+00:00,1.9613333,3.2833335,0.34050694,Romania
2020-02-29 00:00:00+00:00,2.507861,0.48333326,0.3430972,Romania
2020-03-01 00:00:00+00:00,5.633556,0.05,0.34131244,Romania
2020-03-02 00:00:00+00:00,8.046403,2.7666667,0.34175003,Romania
2020-03-03 00:00:00+00:00,11.052653,0.93333334,0.34278473,Romania
2020-03-04 00:00:00+00:00,9.3734865,8.516666,0.3533819,Romania
2020-03-05 00:00:00+00:00,4.9599442,4.1833334,0.3634375,Romania
2020-03-06 00:00:00+00:00,5.8116813,1.9666666,0.36243057,Romania
2020-03-07 00:00:00+00:00,7.791889,3.5833333,0.36329862,Romania
2020-03-08 00:00:00+00:00,5.9634166,6.016667,0.36533335,Romania
2020-03-09 00:00:00+00:00,6.4023056,2.6666667,0.3732222,Romania
2020-03-10 00:00:00+00:00,7.2651525,1.4666668,0.37408337,Romania
2020-03-11 00:00:00+00:00,7.6946673,0.55,0.3709028,Romania
2020-03-12 00:00:00+00:00,11.007514,0.0,0.36570144,Romania
2020-03-13 00:00:00+00:00,11.370014,0.6333334,0.3595486,Romania
2020-03-14 00:00:00+00:00,6.852652,0.6833334,0.35532638,Romania
2020-03-15 00:00:00+00:00,1.9960556,0.05,0.35028473,Romania
2020-03-16 00:00:00+00:00,1.9807777,0.0,0.34829858,Romania
2020-03-17 00:00:00+00:00,4.8675838,0.05,0.3436319,Romania
2020-03-18 00:00:00+00:00,5.248833,0.1,0.33834723,Romania
2020-03-19 00:00:00+00:00,7.5616813,0.0,0.3334653,Romania
2020-03-20 00:00:00+00:00,10.21168,0.016666668,0.32760417,Romania
2020-03-21 00:00:00+00:00,9.6703615,1.8666664,0.31912497,Romania
2020-03-22 00:00:00+00:00,2.2273057,3.283333,0.31765977,Romania
2020-03-23 00:00:00+00:00,-0.7358888,6.2000003,0.31897223,Romania
2020-03-24 00:00:00+00:00,-0.73033357,0.8499999,0.31963888,Romania
2020-03-25 00:00:00+00:00,0.9755695,0.18333334,0.3173264,Romania
2020-03-26 00:00:00+00:00,5.505083,0.0,0.3126389,Romania
2020-03-27 00:00:00+00:00,7.373139,0.0,0.3053333,Romania
2020-03-28 00:00:00+00:00,8.298139,0.0,0.30145136,Romania
2020-03-29 00:00:00+00:00,9.583903,0.116666675,0.29327777,Romania
2020-03-30 00:00:00+00:00,6.784597,0.93333334,0.29014584,Romania
2020-03-31 00:00:00+00:00,0.59952784,3.0666668,0.29019445,Romania
2020-04-01 00:00:00+00:00,0.8036943,0.083333336,0.2887639,Romania
2020-04-02 00:00:00+00:00,3.4477918,0.0,0.2857708,Romania
2020-04-03 00:00:00+00:00,6.074875,0.0,0.2824722,Romania
2020-04-04 00:00:00+00:00,7.8873754,0.0,0.2825972,Romania
2020-04-05 00:00:00+00:00,8.401611,0.0,0.27527085,Romania
2020-04-06 00:00:00+00:00,7.222791,0.0,0.2669097,Romania
2020-04-07 00:00:00+00:00,7.6085563,0.0,0.261125,Romania
2020-04-08 00:00:00+00:00,9.653,0.0,0.25359723,Romania
2020-04-09 00:00:00+00:00,11.856125,0.0,0.25252083,Romania
2020-04-10 00:00:00+00:00,12.557167,0.1,0.24934722,Romania
2020-04-11 00:00:00+00:00,9.853,0.0,0.2440625,Romania
2020-04-12 00:00:00+00:00,10.923833,0.0,0.24427778,Romania
2020-04-13 00:00:00+00:00,13.509944,0.016666668,0.240375,Romania
2020-04-14 00:00:00+00:00,8.035987,5.3333335,0.23481943,Romania
2020-04-15 00:00:00+00:00,5.592583,0.06666667,0.23888195,Romania
2020-04-16 00:00:00+00:00,10.350223,0.0,0.2397014,Romania
2020-04-17 00:00:00+00:00,13.938069,0.0,0.23276389,Romania
2020-04-18 00:00:00+00:00,13.564111,0.16666667,0.22498612,Romania
2020-04-19 00:00:00+00:00,12.777306,2.15,0.21947223,Romania
2020-04-20 00:00:00+00:00,9.078347,0.65000004,0.21775694,Romania
2020-04-21 00:00:00+00:00,8.1807785,0.0,0.21990974,Romania
2020-04-22 00:00:00+00:00,8.770014,0.0,0.21977085,Romania
2020-04-23 00:00:00+00:00,10.419319,0.0,0.21533333,Romania
2020-04-24 00:00:00+00:00,12.481819,0.0,0.21468751,Romania
2020-04-25 00:00:00+00:00,13.82175,0.48333335,0.20927083,Romania
2020-04-26 00:00:00+00:00,10.220708,0.1,0.20772223,Romania
2020-04-27 00:00:00+00:00,11.008555,0.0,0.2060069,Romania
2020-04-28 00:00:00+00:00,14.374875,0.0,0.20395835,Romania
2020-04-29 00:00:00+00:00,15.706471,2.8833332,0.20229162,Romania
2020-04-30 00:00:00+00:00,14.252999,5.4833336,0.20861806,Romania
2020-05-01 00:00:00+00:00,14.039111,4.7166667,0.21897222,Romania
2020-05-02 00:00:00+00:00,13.981125,3.2833335,0.22269444,Romania
2020-05-03 00:00:00+00:00,12.706124,6.3666673,0.23266669,Romania
2020-05-04 00:00:00+00:00,11.237027,3.2333329,0.25293055,Romania
2020-05-05 00:00:00+00:00,12.404736,2.0833335,0.25960413,Romania
2020-05-06 00:00:00+00:00,9.461333,4.2333336,0.2621875,Romania
2020-05-07 00:00:00+00:00,9.870013,3.3500001,0.26888886,Romania
2020-05-08 00:00:00+00:00,11.607861,0.016666668,0.26969445,Romania
2020-05-09 00:00:00+00:00,14.062722,0.15,0.26609722,Romania
2020-05-10 00:00:00+00:00,17.022444,0.033333335,0.2611736,Romania
2020-05-11 00:00:00+00:00,20.103346,0.116666675,0.25347918,Romania
2020-05-12 00:00:00+00:00,15.16064,1.7666668,0.24597917,Romania
2020-05-13 00:00:00+00:00,12.956819,0.083333336,0.24395831,Romania
2020-05-14 00:00:00+00:00,18.717236,1.1666666,0.2409514,Romania
2020-05-15 00:00:00+00:00,16.21307,0.48333335,0.24082637,Romania
2020-05-16 00:00:00+00:00,14.811681,0.25000003,0.23679863,Romania
2020-05-17 00:00:00+00:00,15.889806,3.2666664,0.23289584,Romania
2020-05-18 00:00:00+00:00,16.546751,0.1,0.23050696,Romania
2020-05-19 00:00:00+00:00,18.971403,0.6,0.2227708,Romania
2020-05-20 00:00:00+00:00,15.42175,10.833333,0.22386803,Romania
2020-05-21 00:00:00+00:00,11.856819,8.599999,0.25188193,Romania
2020-05-22 00:00:00+00:00,11.234249,2.2833335,0.27176386,Romania
2020-05-23 00:00:00+00:00,12.560638,0.33333334,0.27029166,Romania
2020-05-24 00:00:00+00:00,12.113069,5.8333335,0.26693055,Romania
2020-05-25 00:00:00+00:00,11.903,2.2666667,0.27222916,Romania
2020-05-26 00:00:00+00:00,11.556473,3.7333333,0.2794583,Romania
2020-05-27 00:00:00+00:00,11.662375,3.8666668,0.28638887,Romania
2020-05-28 00:00:00+00:00,12.527306,3.6500003,0.29235417,Romania
2020-05-29 00:00:00+00:00,12.50682,6.233333,0.2980208,Romania
2020-05-30 00:00:00+00:00,12.850917,2.7333333,0.30567363,Romania
2020-05-31 00:00:00+00:00,12.179736,2.6333332,0.30421528,Romania
2020-06-01 00:00:00+00:00,12.351958,2.5,0.30351385,Romania
2020-06-02 00:00:00+00:00,10.79918,5.683334,0.31145832,Romania
2020-06-03 00:00:00+00:00,12.223834,3.1833334,0.31489584,Romania
2020-06-04 00:00:00+00:00,15.996056,0.79999995,0.30815974,Romania
2020-06-05 00:00:00+00:00,19.591888,0.1,0.2993611,Romania
2020-06-06 00:00:00+00:00,20.599874,0.4333333,0.28845832,Romania
2020-06-07 00:00:00+00:00,20.186335,0.21666665,0.27830553,Romania
2020-06-08 00:00:00+00:00,19.922098,1.3333334,0.2672986,Romania
2020-06-09 00:00:00+00:00,20.075222,3.8166666,0.2594792,Romania
2020-06-10 00:00:00+00:00,19.820707,6.0166664,0.2567639,Romania
2020-06-11 00:00:00+00:00,19.342237,12.666668,0.26221532,Romania
2020-06-12 00:00:00+00:00,18.30161,15.150001,0.30713886,Romania
2020-06-13 00:00:00+00:00,19.56932,11.200001,0.31550694,Romania
2020-06-14 00:00:00+00:00,19.592932,15.900001,0.34245136,Romania
2020-06-15 00:00:00+00:00,18.020014,13.466667,0.37372223,Romania
2020-06-16 00:00:00+00:00,17.806473,9.116668,0.3765,Romania
2020-06-17 00:00:00+00:00,17.145708,11.283334,0.38195834,Romania
2020-06-18 00:00:00+00:00,17.435638,18.800001,0.39561108,Romania
2020-06-19 00:00:00+00:00,18.85682,6.6,0.3967639,Romania
2020-06-20 00:00:00+00:00,18.677652,5.0333333,0.38705555,Romania
2020-06-21 00:00:00+00:00,17.837029,12.333333,0.39124998,Romania
2020-06-22 00:00:00+00:00,18.387722,17.683332,0.40340972,Romania
2020-06-23 00:00:00+00:00,18.547792,9.900001,0.40591666,Romania
2020-06-24 00:00:00+00:00,19.106817,3.4333336,0.3963264,Romania
2020-06-25 00:00:00+00:00,19.935987,6.183333,0.38413194,Romania
2020-06-26 00:00:00+00:00,20.852654,0.56666666,0.37645137,Romania
2020-06-27 00:00:00+00:00,21.963417,0.0,0.3591667,Romania
2020-06-28 00:00:00+00:00,22.743279,0.2,0.3426875,Romania
2020-06-29 00:00:00+00:00,23.24675,1.5666666,0.3308681,Romania
2020-06-30 00:00:00+00:00,21.164806,1.5333333,0.32133338,Romania
2020-07-01 00:00:00+00:00,22.220709,0.0,0.31602082,Romania
2020-07-02 00:00:00+00:00,23.503695,0.75,0.30361113,Romania
2020-07-03 00:00:00+00:00,22.720709,6.816667,0.30086112,Romania
2020-07-04 00:00:00+00:00,21.046751,7.5333343,0.3106111,Romania
2020-07-05 00:00:00+00:00,21.612724,3.466667,0.31522915,Romania
2020-07-06 00:00:00+00:00,22.567583,0.84999996,0.3133264,Romania
2020-07-07 00:00:00+00:00,17.535986,9.433333,0.31405553,Romania
2020-07-08 00:00:00+00:00,16.763416,0.0,0.3312014,Romania
2020-07-09 00:00:00+00:00,19.476263,0.016666668,0.32433334,Romania
2020-07-10 00:00:00+00:00,21.906126,0.0,0.31400695,Romania
2020-07-11 00:00:00+00:00,22.545013,0.016666668,0.3044097,Romania
2020-07-12 00:00:00+00:00,17.456472,7.533333,0.29934028,Romania
2020-07-13 00:00:00+00:00,15.356471,1.9333334,0.2990972,Romania
2020-07-14 00:00:00+00:00,16.004389,0.1,0.29604858,Romania
2020-07-15 00:00:00+00:00,18.03425,0.33333334,0.29134718,Romania
2020-07-16 00:00:00+00:00,18.931124,3.0833333,0.28520837,Romania
2020-07-17 00:00:00+00:00,19.140152,2.9666665,0.28308335,Romania
2020-07-18 00:00:00+00:00,18.963764,4.633333,0.29201388,Romania
2020-07-19 00:00:00+00:00,18.44814,14.400001,0.31231248,Romania
2020-07-20 00:00:00+00:00,17.696402,7.4666667,0.3364792,Romania
2020-07-21 00:00:00+00:00,20.42314,0.75,0.33420828,Romania
2020-07-22 00:00:00+00:00,20.534945,3.9666665,0.329375,Romania
2020-07-23 00:00:00+00:00,20.065847,5.183334,0.33347222,Romania
2020-07-24 00:00:00+00:00,20.462029,2.6333334,0.3309931,Romania
2020-07-25 00:00:00+00:00,20.093626,5.516667,0.32709023,Romania
2020-07-26 00:00:00+00:00,20.4405,1.7833332,0.33319446,Romania
2020-07-27 00:00:00+00:00,21.273138,2.6666665,0.3351319,Romania
2020-07-28 00:00:00+00:00,21.919668,0.14999999,0.33318052,Romania
2020-07-29 00:00:00+00:00,23.814112,0.0,0.32415277,Romania
2020-07-30 00:00:00+00:00,24.564459,0.16666667,0.31241664,Romania
2020-07-31 00:00:00+00:00,23.368624,4.066667,0.30410415,Romania
2020-08-01 00:00:00+00:00,20.110292,1.4666666,0.3029722,Romania
2020-08-02 00:00:00+00:00,19.064804,0.016666668,0.29659724,Romania
2020-08-03 00:00:00+00:00,20.825916,0.0,0.29187497,Romania
2020-08-04 00:00:00+00:00,21.940153,0.016666668,0.28599998,Romania
2020-08-05 00:00:00+00:00,21.084944,1.9,0.28130555,Romania
2020-08-06 00:00:00+00:00,22.355776,0.0,0.28063193,Romania
2020-08-07 00:00:00+00:00,23.998487,0.0,0.2760625,Romania
2020-08-08 00:00:00+00:00,23.910294,0.28333333,0.27210414,Romania
2020-08-09 00:00:00+00:00,22.535986,0.11666667,0.26690277,Romania
2020-08-10 00:00:00+00:00,21.85578,1.5,0.2615625,Romania
2020-08-11 00:00:00+00:00,22.095016,1.4166666,0.25664583,Romania
2020-08-12 00:00:00+00:00,21.467237,2.283333,0.25271526,Romania
2020-08-13 00:00:00+00:00,20.547792,0.05,0.24946524,Romania
2020-08-14 00:00:00+00:00,21.368973,2.5166667,0.24585418,Romania
2020-08-15 00:00:00+00:00,19.806124,10.3,0.25526386,Romania
2020-08-16 00:00:00+00:00,19.326612,0.80000013,0.25375,Romania
2020-08-17 00:00:00+00:00,20.856125,0.116666675,0.25259027,Romania
2020-08-18 00:00:00+00:00,21.387375,2.0833333,0.25034726,Romania
2020-08-19 00:00:00+00:00,19.929043,13.45,0.26550695,Romania
2020-08-20 00:00:00+00:00,19.232164,5.0666666,0.27931944,Romania
2020-08-21 00:00:00+00:00,21.489458,0.06666667,0.2790278,Romania
2020-08-22 00:00:00+00:00,22.25057,0.0,0.27491668,Romania
2020-08-23 00:00:00+00:00,22.667582,0.05,0.27050692,Romania
2020-08-24 00:00:00+00:00,21.163763,4.85,0.2712361,Romania
2020-08-25 00:00:00+00:00,19.376959,8.183333,0.27805558,Romania
2020-08-26 00:00:00+00:00,19.364458,0.33333334,0.28197223,Romania
2020-08-27 00:00:00+00:00,20.495708,0.06666667,0.2779722,Romania
2020-08-28 00:00:00+00:00,20.199875,0.0,0.27312496,Romania
2020-08-29 00:00:00+00:00,22.722443,0.0,0.26876387,Romania
2020-08-30 00:00:00+00:00,23.414804,0.0,0.2645278,Romania
2020-08-31 00:00:00+00:00,24.107168,0.0,0.25793752,Romania
2020-09-01 00:00:00+00:00,21.315153,4.183333,0.2566875,Romania
2020-09-02 00:00:00+00:00,20.05161,0.0,0.25832638,Romania
2020-09-03 00:00:00+00:00,18.252653,7.5,0.25888887,Romania
2020-09-04 00:00:00+00:00,16.48911,5.816667,0.2786875,Romania
2020-09-05 00:00:00+00:00,18.175917,0.0,0.28655556,Romania
2020-09-06 00:00:00+00:00,19.499529,0.0,0.2826111,Romania
2020-09-07 00:00:00+00:00,20.93529,0.016666668,0.27650693,Romania
2020-09-08 00:00:00+00:00,17.578695,0.06666667,0.27120832,Romania
2020-09-09 00:00:00+00:00,18.141195,0.0,0.26722226,Romania
2020-09-10 00:00:00+00:00,19.538416,0.0,0.26314583,Romania
2020-09-11 00:00:00+00:00,19.057167,0.26666668,0.25946525,Romania
2020-09-12 00:00:00+00:00,20.134249,0.0,0.25595835,Romania
2020-09-13 00:00:00+00:00,20.623487,0.0,0.25312504,Romania
2020-09-14 00:00:00+00:00,20.821749,0.0,0.25074303,Romania
2020-09-15 00:00:00+00:00,20.327305,0.0,0.24735413,Romania
2020-09-16 00:00:00+00:00,20.482862,0.0,0.24542361,Romania
2020-09-17 00:00:00+00:00,20.274527,0.0,0.24397223,Romania
2020-09-18 00:00:00+00:00,15.385638,0.35000002,0.24144442,Romania
2020-09-19 00:00:00+00:00,13.88425,0.0,0.24104862,Romania
2020-09-20 00:00:00+00:00,14.824875,0.0,0.24215972,Romania
2020-09-21 00:00:00+00:00,15.978694,0.0,0.24208333,Romania
2020-09-22 00:00:00+00:00,16.910639,0.0,0.24192357,Romania
2020-09-23 00:00:00+00:00,17.225222,0.05,0.24220137,Romania
2020-09-24 00:00:00+00:00,18.250566,0.05,0.24086112,Romania
2020-09-25 00:00:00+00:00,19.390501,0.4,0.23952778,Romania
2020-09-26 00:00:00+00:00,17.178347,13.783333,0.24029167,Romania
2020-09-27 00:00:00+00:00,13.316541,2.1333332,0.26988193,Romania
2020-09-28 00:00:00+00:00,15.0894575,3.1000001,0.2780764,Romania
2020-09-29 00:00:00+00:00,13.647446,8.533334,0.29228473,Romania
2020-09-30 00:00:00+00:00,12.2797365,6.9,0.3205833,Romania
2020-10-01 00:00:00+00:00,11.86932,8.299999,0.33760417,Romania
2020-10-02 00:00:00+00:00,14.070014,0.13333334,0.33836803,Romania
2020-10-03 00:00:00+00:00,17.444666,0.0,0.33368054,Romania
2020-10-04 00:00:00+00:00,19.038069,0.55,0.32900694,Romania
2020-10-05 00:00:00+00:00,19.258207,3.9833336,0.32866666,Romania
2020-10-06 00:00:00+00:00,16.776958,5.883333,0.32836112,Romania
2020-10-07 00:00:00+00:00,15.979736,3.5500002,0.33178473,Romania
2020-10-08 00:00:00+00:00,14.202652,17.0,0.36350694,Romania
2020-10-09 00:00:00+00:00,13.376264,3.5999997,0.38452777,Romania
2020-10-10 00:00:00+00:00,13.3005705,0.7166667,0.38905558,Romania
2020-10-11 00:00:00+00:00,13.812721,0.18333334,0.3817639,Romania
2020-10-12 00:00:00+00:00,14.56932,3.5666666,0.37587497,Romania
2020-10-13 00:00:00+00:00,11.579735,14.55,0.40191665,Romania
2020-10-14 00:00:00+00:00,10.207167,0.083333336,0.40665278,Romania
2020-10-15 00:00:00+00:00,12.7821665,0.8333333,0.39675,Romania
2020-10-16 00:00:00+00:00,13.079736,1.9666667,0.39146528,Romania
2020-10-17 00:00:00+00:00,10.546403,4.483333,0.39856943,Romania
2020-10-18 00:00:00+00:00,7.8512635,1.3833333,0.39520833,Romania
2020-10-19 00:00:00+00:00,7.338764,0.0,0.39025,Romania
2020-10-20 00:00:00+00:00,7.099528,0.0,0.38296524,Romania
2020-10-21 00:00:00+00:00,9.253347,0.0,0.37640974,Romania
2020-10-22 00:00:00+00:00,11.658904,0.0,0.36951387,Romania
2020-10-23 00:00:00+00:00,12.2977915,0.0,0.36184025,Romania
2020-10-24 00:00:00+00:00,13.124181,2.2,0.35675693,Romania
2020-10-25 00:00:00+00:00,12.442584,4.95,0.35922912,Romania
2020-10-26 00:00:00+00:00,11.734596,2.6833334,0.37711802,Romania
2020-10-27 00:00:00+00:00,11.55543,0.033333335,0.37954172,Romania
2020-10-28 00:00:00+00:00,10.788764,0.05,0.37747917,Romania
2020-10-29 00:00:00+00:00,10.65925,2.266667,0.37534723,Romania
2020-10-30 00:00:00+00:00,8.37175,3.6666667,0.38170138,Romania
2020-10-31 00:00:00+00:00,6.914806,5.8500004,0.38971528,Romania
2020-11-01 00:00:00+00:00,6.428347,0.25,0.38906252,Romania
2020-11-02 00:00:00+00:00,7.4314723,1.5,0.3854514,Romania
2020-11-03 00:00:00+00:00,9.500569,2.3999999,0.38531947,Romania
2020-11-04 00:00:00+00:00,8.513763,0.48333335,0.38618055,Romania
2020-11-05 00:00:00+00:00,7.9262643,0.6666667,0.38509724,Romania
2020-11-06 00:00:00+00:00,7.443278,0.4666667,0.3829306,Romania
2020-11-07 00:00:00+00:00,6.9582086,0.016666668,0.37859723,Romania
2020-11-08 00:00:00+00:00,7.4273057,0.0,0.37495837,Romania
2020-11-09 00:00:00+00:00,6.3339024,0.15000002,0.37227777,Romania
2020-11-10 00:00:00+00:00,5.1908474,0.18333334,0.3709861,Romania
2020-11-11 00:00:00+00:00,4.84432,0.033333335,0.36986804,Romania
2020-11-12 00:00:00+00:00,5.0505695,0.016666668,0.36870143,Romania
2020-11-13 00:00:00+00:00,5.467236,0.7,0.3677847,Romania
2020-11-14 00:00:00+00:00,5.5720973,0.13333334,0.3671181,Romania
2020-11-15 00:00:00+00:00,4.7922363,0.0,0.36408332,Romania
2020-11-16 00:00:00+00:00,5.131125,0.0,0.36183333,Romania
2020-11-17 00:00:00+00:00,5.7366805,2.15,0.3612639,Romania
2020-11-18 00:00:00+00:00,5.7918887,1.1833333,0.36424303,Romania
2020-11-19 00:00:00+00:00,4.490847,0.0,0.36599997,Romania
2020-11-20 00:00:00+00:00,3.8026526,1.5666666,0.36590278,Romania
2020-11-21 00:00:00+00:00,1.5998751,2.9333334,0.3686181,Romania
2020-11-22 00:00:00+00:00,0.5366805,0.016666668,0.37106946,Romania
2020-11-23 00:00:00+00:00,2.4693196,0.0,0.36999997,Romania
2020-11-24 00:00:00+00:00,2.4693196,0.0,0.36678472,Romania
2020-11-25 00:00:00+00:00,1.5908474,0.0,0.36414587,Romania
2020-11-26 00:00:00+00:00,1.1679305,0.0,0.3621806,Romania
2020-11-27 00:00:00+00:00,0.98563886,0.0,0.36104167,Romania
2020-11-28 00:00:00+00:00,-0.39456952,0.50000006,0.36024997,Romania
2020-11-29 00:00:00+00:00,-0.0140139265,0.75,0.35920134,Romania
2020-11-30 00:00:00+00:00,-0.6108889,3.7,0.35940978,Romania
2020-12-01 00:00:00+00:00,-2.1338055,0.06666667,0.36127782,Romania
2020-12-02 00:00:00+00:00,-2.0480418,0.0,0.36081254,Romania
2020-12-03 00:00:00+00:00,0.15300007,0.0,0.36025,Romania
2020-12-04 00:00:00+00:00,5.252653,0.18333335,0.35929164,Romania
2020-12-05 00:00:00+00:00,6.748834,0.8833334,0.35849306,Romania
2020-12-06 00:00:00+00:00,3.3245277,0.6500001,0.3596042,Romania
2020-12-07 00:00:00+00:00,0.35508344,4.2166667,0.36061808,Romania
2020-12-08 00:00:00+00:00,-0.47234705,5.3333335,0.3668958,Romania
2020-12-09 00:00:00+00:00,0.56376404,2.9833333,0.37072918,Romania
2020-12-10 00:00:00+00:00,3.2193196,12.283334,0.38738194,Romania
2020-12-11 00:00:00+00:00,3.7727916,7.266667,0.39727783,Romania
2020-12-12 00:00:00+00:00,2.5675836,7.0499997,0.3991667,Romania
2020-12-13 00:00:00+00:00,2.4550831,1.0999999,0.39731944,Romania
2020-12-14 00:00:00+00:00,2.8557775,0.16666667,0.3924861,Romania
2020-12-15 00:00:00+00:00,2.2773056,0.0,0.38918054,Romania
2020-12-16 00:00:00+00:00,2.1446667,0.0,0.38719442,Romania
2020-12-17 00:00:00+00:00,1.5602914,0.0,0.38556945,Romania
2020-12-18 00:00:00+00:00,1.9262638,0.05,0.38342366,Romania
2020-12-19 00:00:00+00:00,1.9300833,0.0,0.38230553,Romania
2020-12-20 00:00:00+00:00,1.3526525,0.016666668,0.38092366,Romania
2020-12-21 00:00:00+00:00,0.5481389,0.0,0.37829164,Romania
2020-12-22 00:00:00+00:00,1.2057779,0.9666667,0.37645137,Romania
2020-12-23 00:00:00+00:00,4.3078613,3.783333,0.37702775,Romania
2020-12-24 00:00:00+00:00,6.0693192,1.6166667,0.38413194,Romania
2020-12-25 00:00:00+00:00,5.932861,7.0333333,0.39276388,Romania
2020-12-26 00:00:00+00:00,1.6214027,4.7166667,0.40530553,Romania
2020-12-27 00:00:00+00:00,0.93702775,3.2,0.40715277,Romania
2020-12-28 00:00:00+00:00,6.49432,4.433334,0.40870833,Romania
2020-12-29 00:00:00+00:00,6.8932776,1.0500001,0.4035903,Romania
2020-12-30 00:00:00+00:00,7.0026526,2.9166667,0.4017639,Romania
2020-12-31 00:00:00+00:00,6.1047363,5.4499993,0.4064653,Romania
2021-01-01 00:00:00+00:00,3.2488334,0.56666666,0.40578476,Romania
2021-01-02 00:00:00+00:00,3.0648057,0.0,0.3992708,Romania
2021-01-03 00:00:00+00:00,5.262375,2.05,0.3956319,Romania
2021-01-04 00:00:00+00:00,5.318972,5.15,0.39765975,Romania
2021-01-05 00:00:00+00:00,3.995014,10.0,0.4177847,Romania
2021-01-06 00:00:00+00:00,3.9154997,2.1666667,0.41348612,Romania
2021-01-07 00:00:00+00:00,3.0845973,4.2333336,0.4143333,Romania
2021-01-08 00:00:00+00:00,0.8370277,6.9500003,0.41026393,Romania
2021-01-09 00:00:00+00:00,-0.7237361,0.6833334,0.40824997,Romania
2021-01-10 00:00:00+00:00,-0.64109725,2.6499999,0.4023958,Romania
2021-01-11 00:00:00+00:00,-0.9959584,6.433333,0.39827085,Romania
2021-01-12 00:00:00+00:00,-0.24456947,2.45,0.3965694,Romania
2021-01-13 00:00:00+00:00,-0.8372777,1.1666665,0.3945695,Romania
2021-01-14 00:00:00+00:00,-2.6035972,2.1499999,0.3934375,Romania
2021-01-15 00:00:00+00:00,-3.8272083,1.5499998,0.3906319,Romania
2021-01-16 00:00:00+00:00,-7.3796387,0.7666667,0.38745832,Romania
2021-01-17 00:00:00+00:00,-8.434154,0.55,0.3850695,Romania
2021-01-18 00:00:00+00:00,-7.9817224,0.083333336,0.38304162,Romania
2021-01-19 00:00:00+00:00,-5.884153,0.53333336,0.3811597,Romania
2021-01-20 00:00:00+00:00,-0.5869305,0.53333336,0.37969446,Romania
2021-01-21 00:00:00+00:00,2.4405,0.0,0.37947223,Romania
2021-01-22 00:00:00+00:00,5.250917,0.033333335,0.38206252,Romania
2021-01-23 00:00:00+00:00,6.1425834,0.35,0.38359722,Romania
2021-01-24 00:00:00+00:00,5.142584,1.9333334,0.38497916,Romania
2021-01-25 00:00:00+00:00,2.260986,5.6333337,0.3943125,Romania
2021-01-26 00:00:00+00:00,0.003000021,4.483333,0.39525,Romania
2021-01-27 00:00:00+00:00,-1.733111,2.0333333,0.39356944,Romania
2021-01-28 00:00:00+00:00,-2.095611,0.33333334,0.39020833,Romania
2021-01-29 00:00:00+00:00,0.66098624,4.8500004,0.3895972,Romania
2021-01-30 00:00:00+00:00,3.6474445,0.68333334,0.39320835,Romania
2021-01-31 00:00:00+00:00,0.8158472,6.2000003,0.39618054,Romania
2021-02-01 00:00:00+00:00,-0.1685278,6.9,0.4049236,Romania
2021-02-02 00:00:00+00:00,1.6377224,0.05,0.40086114,Romania
2021-02-03 00:00:00+00:00,5.053347,0.06666667,0.3967917,Romania
2021-02-04 00:00:00+00:00,6.7293878,4.3666663,0.39913192,Romania
2021-02-05 00:00:00+00:00,4.6477914,1.1,0.39636108,Romania
2021-02-06 00:00:00+00:00,3.554042,2.9333332,0.39275697,Romania
2021-02-07 00:00:00+00:00,1.9773058,0.95,0.3894861,Romania
2021-02-08 00:00:00+00:00,3.762722,4.55,0.39170828,Romania
2021-02-09 00:00:00+00:00,6.14675,1.65,0.395625,Romania
2021-02-10 00:00:00+00:00,6.540848,2.0666666,0.39829862,Romania
2021-02-11 00:00:00+00:00,2.0286944,7.5,0.40169445,Romania
2021-02-12 00:00:00+00:00,-8.0171385,0.6833334,0.40150002,Romania
2021-02-13 00:00:00+00:00,-8.482069,0.0,0.3965486,Romania
2021-02-14 00:00:00+00:00,-4.928944,0.40000007,0.39297223,Romania
2021-02-15 00:00:00+00:00,-3.8258197,0.86666673,0.38990274,Romania
2021-02-16 00:00:00+00:00,-5.4508195,0.016666668,0.38710415,Romania
2021-02-17 00:00:00+00:00,-1.6969999,1.1833333,0.38465968,Romania
2021-02-18 00:00:00+00:00,0.06966672,1.1833333,0.3827639,Romania
2021-02-19 00:00:00+00:00,-2.0695696,0.06666667,0.38043058,Romania
2021-02-20 00:00:00+00:00,0.6318194,2.2,0.37999305,Romania
2021-02-21 00:00:00+00:00,1.6970972,0.0,0.37820837,Romania
2021-02-22 00:00:00+00:00,3.501611,0.0,0.37930557,Romania
2021-02-23 00:00:00+00:00,4.4220977,0.0,0.37927088,Romania
2021-02-24 00:00:00+00:00,4.9964027,0.0,0.3793681,Romania
2021-02-25 00:00:00+00:00,7.4057784,0.0,0.37805554,Romania
2021-02-26 00:00:00+00:00,8.686333,0.0,0.37436807,Romania
2021-02-27 00:00:00+00:00,5.4113336,2.6833334,0.36998615,Romania
2021-02-28 00:00:00+00:00,3.228,0.3166667,0.36727083,Romania
2021-03-01 00:00:00+00:00,2.6380694,1.5833331,0.3654375,Romania
2021-03-02 00:00:00+00:00,3.8582084,0.0,0.36311802,Romania
2021-03-03 00:00:00+00:00,4.8668885,0.0,0.3603681,Romania
2021-03-04 00:00:00+00:00,6.3200135,0.016666668,0.35427776,Romania
2021-03-05 00:00:00+00:00,5.629389,1.1666666,0.3505486,Romania
2021-03-06 00:00:00+00:00,0.17765282,1.8166666,0.3463056,Romania
2021-03-07 00:00:00+00:00,-0.28206944,0.2,0.34719443,Romania
2021-03-08 00:00:00+00:00,1.2901527,0.083333336,0.34688196,Romania
2021-03-09 00:00:00+00:00,-0.044222135,0.18333334,0.34568056,Romania
2021-03-10 00:00:00+00:00,-0.42686126,4.6333337,0.34450695,Romania
2021-03-11 00:00:00+00:00,-0.6233889,0.43333337,0.3433056,Romania
2021-03-12 00:00:00+00:00,2.0012639,1.3,0.3421528,Romania
2021-03-13 00:00:00+00:00,3.9460554,3.0166667,0.34446526,Romania
2021-03-14 00:00:00+00:00,6.266194,2.0000002,0.35013196,Romania
2021-03-15 00:00:00+00:00,5.031125,10.2,0.36397913,Romania
2021-03-16 00:00:00+00:00,3.1238334,12.899999,0.39484027,Romania
2021-03-17 00:00:00+00:00,2.0012639,7.1333337,0.4037986,Romania
2021-03-18 00:00:00+00:00,1.3186251,5.9,0.39944446,Romania
2021-03-19 00:00:00+00:00,-0.30324996,3.5833333,0.3972778,Romania
2021-03-20 00:00:00+00:00,0.08112494,0.9333332,0.39290977,Romania
2021-03-21 00:00:00+00:00,0.5915416,0.116666675,0.38717365,Romania
2021-03-22 00:00:00+00:00,0.55716664,2.4666667,0.3834236,Romania
2021-03-23 00:00:00+00:00,0.9620277,1.5166665,0.38009724,Romania
2021-03-24 00:00:00+00:00,-0.109152645,1.65,0.37756243,Romania
2021-03-25 00:00:00+00:00,1.4005696,0.06666667,0.37376392,Romania
2021-03-26 00:00:00+00:00,3.624875,0.0,0.36943746,Romania
2021-03-27 00:00:00+00:00,5.5283475,0.016666668,0.36671528,Romania
2021-03-28 00:00:00+00:00,6.198139,0.3166667,0.3628472,Romania
2021-03-29 00:00:00+00:00,5.4630694,0.0,0.36309028,Romania
2021-03-30 00:00:00+00:00,6.4405003,0.0,0.35884726,Romania
2021-03-31 00:00:00+00:00,7.446403,0.0,0.35633335,Romania
2021-04-01 00:00:00+00:00,10.16932,0.18333334,0.3459445,Romania
2021-04-02 00:00:00+00:00,9.876264,3.0833333,0.3375347,Romania
2021-04-03 00:00:00+00:00,5.209945,5.9833336,0.3392639,Romania
2021-04-04 00:00:00+00:00,3.9925833,4.6666665,0.34722224,Romania
2021-04-05 00:00:00+00:00,4.5561247,0.25000003,0.35143757,Romania
2021-04-06 00:00:00+00:00,5.293972,0.61666673,0.3486875,Romania
2021-04-07 00:00:00+00:00,1.5651526,4.7500005,0.34628472,Romania
2021-04-08 00:00:00+00:00,1.6866807,1.25,0.34456253,Romania
2021-04-09 00:00:00+00:00,3.2582083,0.38333336,0.34164587,Romania
2021-04-10 00:00:00+00:00,6.0582085,0.0,0.33348608,Romania
2021-04-11 00:00:00+00:00,7.5832086,0.033333335,0.32978475,Romania
2021-04-12 00:00:00+00:00,10.6259165,0.016666668,0.32426387,Romania
2021-04-13 00:00:00+00:00,10.3655,1.8666668,0.3169722,Romania
2021-04-14 00:00:00+00:00,4.6783466,9.966666,0.32325,Romania
2021-04-15 00:00:00+00:00,4.404389,1.9166666,0.33202776,Romania
2021-04-16 00:00:00+00:00,4.337028,0.7999999,0.33194444,Romania
2021-04-17 00:00:00+00:00,6.076611,0.26666668,0.33163196,Romania
2021-04-18 00:00:00+00:00,5.7189727,4.0333333,0.33487502,Romania
2021-04-19 00:00:00+00:00,7.118278,2.0666668,0.33824304,Romania
2021-04-20 00:00:00+00:00,7.2467504,4.15,0.34163892,Romania
2021-04-21 00:00:00+00:00,8.219319,3.6499999,0.34877077,Romania
2021-04-22 00:00:00+00:00,10.447792,0.53333336,0.34975696,Romania
2021-04-23 00:00:00+00:00,7.7304306,4.45,0.3468958,Romania
2021-04-24 00:00:00+00:00,7.545709,0.016666668,0.34388196,Romania
2021-04-25 00:00:00+00:00,9.118625,0.8333333,0.34005556,Romania
2021-04-26 00:00:00+00:00,7.803,1.1833334,0.33406246,Romania
2021-04-27 00:00:00+00:00,7.0405,3.9333327,0.3338195,Romania
2021-04-28 00:00:00+00:00,6.8957086,2.3000002,0.3372778,Romania
2021-04-29 00:00:00+00:00,11.193625,0.21666668,0.33903477,Romania
2021-04-30 00:00:00+00:00,14.759945,1.4499999,0.33361113,Romania
2021-05-01 00:00:00+00:00,17.390501,1.35,0.32900694,Romania
2021-05-02 00:00:00+00:00,18.064806,0.7833333,0.32686803,Romania
2021-05-03 00:00:00+00:00,12.466888,0.4666667,0.31834725,Romania
2021-05-04 00:00:00+00:00,10.928,0.033333335,0.31211805,Romania
2021-05-05 00:00:00+00:00,13.494667,0.6,0.30400693,Romania
2021-05-06 00:00:00+00:00,11.997098,0.6666667,0.30140975,Romania
2021-05-07 00:00:00+00:00,13.928348,1.75,0.29500696,Romania
2021-05-08 00:00:00+00:00,10.0766115,1.35,0.29240975,Romania
2021-05-09 00:00:00+00:00,10.538417,0.0,0.29177085,Romania
2021-05-10 00:00:00+00:00,13.714111,0.0,0.28796527,Romania
2021-05-11 00:00:00+00:00,14.833903,0.0,0.27960414,Romania
2021-05-12 00:00:00+00:00,15.322097,2.6666667,0.26920137,Romania
2021-05-13 00:00:00+00:00,12.738763,7.9,0.2706875,Romania
2021-05-14 00:00:00+00:00,13.185291,5.6666665,0.28298607,Romania
2021-05-15 00:00:00+00:00,14.983902,0.36666667,0.28679863,Romania
2021-05-16 00:00:00+00:00,14.039459,8.266667,0.29225,Romania
2021-05-17 00:00:00+00:00,14.608902,3.1166666,0.30193058,Romania
2021-05-18 00:00:00+00:00,12.700222,3.6833332,0.3075486,Romania
2021-05-19 00:00:00+00:00,13.572098,2.1333334,0.3058125,Romania
2021-05-20 00:00:00+00:00,11.133903,16.033335,0.31949303,Romania
2021-05-21 00:00:00+00:00,12.890152,0.95000005,0.3290903,Romania
2021-05-22 00:00:00+00:00,15.790153,0.06666667,0.32082638,Romania
2021-05-23 00:00:00+00:00,17.726263,0.95,0.31134722,Romania
2021-05-24 00:00:00+00:00,15.959945,1.0166665,0.30328473,Romania
2021-05-25 00:00:00+00:00,17.868277,1.3833333,0.29804167,Romania
2021-05-26 00:00:00+00:00,15.835986,3.4333332,0.29506946,Romania
2021-05-27 00:00:00+00:00,16.332167,7.7000003,0.29250002,Romania
2021-05-28 00:00:00+00:00,14.570709,14.599999,0.31367362,Romania
2021-05-29 00:00:00+00:00,14.902653,1.5833334,0.33709025,Romania
2021-05-30 00:00:00+00:00,13.135986,3.4833336,0.3344653,Romania
2021-05-31 00:00:00+00:00,11.333207,8.483334,0.33436108,Romania
2021-06-01 00:00:00+00:00,10.803,12.600001,0.35322222,Romania
2021-06-02 00:00:00+00:00,11.935638,2.7,0.36307636,Romania
2021-06-03 00:00:00+00:00,14.274875,1.6666666,0.36155558,Romania
2021-06-04 00:00:00+00:00,15.833901,0.16666667,0.35131946,Romania
2021-06-05 00:00:00+00:00,16.981474,0.61666673,0.33855557,Romania
2021-06-06 00:00:00+00:00,16.67557,2.0833333,0.32843748,Romania
2021-06-07 00:00:00+00:00,17.580084,0.7833333,0.32066667,Romania
2021-06-08 00:00:00+00:00,18.303001,2.2166667,0.31474307,Romania
2021-06-09 00:00:00+00:00,18.892584,2.5333333,0.3086875,Romania
2021-06-10 00:00:00+00:00,18.190498,1.4499999,0.30371526,Romania
2021-06-11 00:00:00+00:00,17.528694,3.0833333,0.30156246,Romania
2021-06-12 00:00:00+00:00,17.789806,3.5333335,0.30541667,Romania
2021-06-13 00:00:00+00:00,15.162723,11.733334,0.31785417,Romania
2021-06-14 00:00:00+00:00,13.666194,2.9333332,0.32651386,Romania
2021-06-15 00:00:00+00:00,16.413069,9.833333,0.33354864,Romania
2021-06-16 00:00:00+00:00,18.29814,8.383332,0.34436807,Romania
2021-06-17 00:00:00+00:00,19.493626,5.3166666,0.34272918,Romania
2021-06-18 00:00:00+00:00,19.686335,18.916666,0.34764585,Romania
2021-06-19 00:00:00+00:00,18.727999,14.8499975,0.34943748,Romania
2021-06-20 00:00:00+00:00,19.142584,6.4,0.34950003,Romania
2021-06-21 00:00:00+00:00,20.900568,2.8333333,0.34615278,Romania
2021-06-22 00:00:00+00:00,22.807861,1.85,0.33617362,Romania
2021-06-23 00:00:00+00:00,23.974876,2.4666665,0.32936808,Romania
2021-06-24 00:00:00+00:00,25.15786,1.3833333,0.32645836,Romania
2021-06-25 00:00:00+00:00,25.177652,0.1,0.31829166,Romania
2021-06-26 00:00:00+00:00,22.800919,2.6666665,0.30873612,Romania
2021-06-27 00:00:00+00:00,21.257862,3.9166667,0.30520138,Romania
2021-06-28 00:00:00+00:00,21.67418,3.0833333,0.29895836,Romania
2021-06-29 00:00:00+00:00,23.39154,0.8666666,0.29475695,Romania
2021-06-30 00:00:00+00:00,25.249182,0.14999999,0.29174998,Romania
2021-07-01 00:00:00+00:00,22.592234,2.0,0.28597224,Romania
2021-07-02 00:00:00+00:00,18.92904,11.466667,0.29109722,Romania
2021-07-03 00:00:00+00:00,17.982515,4.4666667,0.29697222,Romania
2021-07-04 00:00:00+00:00,19.335638,2.2833335,0.29265967,Romania
2021-07-05 00:00:00+00:00,20.588764,5.8999996,0.2899514,Romania
2021-07-06 00:00:00+00:00,22.465845,1.4333334,0.2875417,Romania
2021-07-07 00:00:00+00:00,23.557861,1.0,0.28446525,Romania
2021-07-08 00:00:00+00:00,23.741194,3.5833333,0.28440973,Romania
2021-07-09 00:00:00+00:00,24.116196,0.033333335,0.28157637,Romania
2021-07-10 00:00:00+00:00,23.018278,0.56666666,0.27406248,Romania
2021-07-11 00:00:00+00:00,22.881124,0.46666667,0.26993752,Romania
2021-07-12 00:00:00+00:00,23.332167,0.56666666,0.26568055,Romania
2021-07-13 00:00:00+00:00,24.517237,0.016666668,0.25981945,Romania
2021-07-14 00:00:00+00:00,25.47175,0.116666675,0.25439584,Romania
2021-07-15 00:00:00+00:00,24.877306,0.7833333,0.2490486,Romania
2021-07-16 00:00:00+00:00,23.888418,2.5333335,0.24776389,Romania
2021-07-17 00:00:00+00:00,24.160988,0.98333335,0.24965972,Romania
2021-07-18 00:00:00+00:00,24.906473,0.53333336,0.24526392,Romania
2021-07-19 00:00:00+00:00,23.353348,6.966667,0.24377777,Romania
2021-07-20 00:00:00+00:00,20.777308,17.91667,0.278125,Romania
2021-07-21 00:00:00+00:00,18.952654,3.8666668,0.2930764,Romania
2021-07-22 00:00:00+00:00,19.434599,0.28333333,0.29452083,Romania
2021-07-23 00:00:00+00:00,19.759598,0.3166667,0.28970835,Romania
2021-07-24 00:00:00+00:00,20.240152,0.15,0.28561112,Romania
2021-07-25 00:00:00+00:00,21.667236,0.2,0.28107637,Romania
2021-07-26 00:00:00+00:00,23.400223,0.0,0.27502084,Romania
2021-07-27 00:00:00+00:00,25.15161,0.63333327,0.26852775,Romania
2021-07-28 00:00:00+00:00,26.216196,0.4666667,0.26436803,Romania
2021-07-29 00:00:00+00:00,25.321054,0.33333334,0.26117364,Romania
2021-07-30 00:00:00+00:00,24.362375,0.26666668,0.25495136,Romania
2021-07-31 00:00:00+00:00,24.69293,0.44999996,0.24915975,Romania
2021-08-01 00:00:00+00:00,26.366194,0.033333335,0.24329865,Romania
2021-08-02 00:00:00+00:00,24.376959,0.8666666,0.24358334,Romania
2021-08-03 00:00:00+00:00,21.27036,3.6333332,0.24199305,Romania
2021-08-04 00:00:00+00:00,22.265848,1.6833334,0.24470834,Romania
2021-08-05 00:00:00+00:00,23.465155,1.75,0.24431247,Romania
2021-08-06 00:00:00+00:00,20.480083,1.7999998,0.245625,Romania
2021-08-07 00:00:00+00:00,20.82696,0.0,0.24434723,Romania
2021-08-08 00:00:00+00:00,22.957514,0.0,0.24069445,Romania
2021-08-09 00:00:00+00:00,24.089111,0.28333333,0.23647918,Romania
2021-08-10 00:00:00+00:00,22.963417,0.9166667,0.2332639,Romania
2021-08-11 00:00:00+00:00,23.298487,0.13333334,0.22829168,Romania
2021-08-12 00:00:00+00:00,21.550917,1.1,0.22654168,Romania
2021-08-13 00:00:00+00:00,20.894667,0.1,0.2259167,Romania
2021-08-14 00:00:00+00:00,21.894667,0.25,0.2267986,Romania
2021-08-15 00:00:00+00:00,23.373833,0.116666675,0.22393751,Romania
2021-08-16 00:00:00+00:00,25.255777,0.1,0.22152777,Romania
2021-08-17 00:00:00+00:00,23.999182,1.0833334,0.21888886,Romania
2021-08-18 00:00:00+00:00,17.946404,15.050002,0.22360416,Romania
2021-08-19 00:00:00+00:00,17.307167,0.63333327,0.24127781,Romania
2021-08-20 00:00:00+00:00,18.656473,0.0,0.24556945,Romania
2021-08-21 00:00:00+00:00,19.984945,0.2166667,0.24296528,Romania
2021-08-22 00:00:00+00:00,20.44675,1.1333333,0.2388611,Romania
2021-08-23 00:00:00+00:00,21.604044,0.33333334,0.23795836,Romania
2021-08-24 00:00:00+00:00,20.133207,3.3999999,0.2391042,Romania
2021-08-25 00:00:00+00:00,17.673834,8.266666,0.24610417,Romania
2021-08-26 00:00:00+00:00,16.41168,4.05,0.2663889,Romania
2021-08-27 00:00:00+00:00,16.522097,5.0166664,0.27502778,Romania
2021-08-28 00:00:00+00:00,16.272099,5.8999996,0.28511807,Romania
2021-08-29 00:00:00+00:00,16.598486,13.583335,0.33633336,Romania
2021-08-30 00:00:00+00:00,16.767584,1.5666667,0.33977082,Romania
2021-08-31 00:00:00+00:00,16.323832,0.96666664,0.334625,Romania
2021-09-01 00:00:00+00:00,15.34814,3.9000008,0.3318056,Romania
2021-09-02 00:00:00+00:00,14.728348,0.26666668,0.33005556,Romania
2021-09-03 00:00:00+00:00,14.616542,0.0,0.3238403,Romania
2021-09-04 00:00:00+00:00,16.120361,0.21666668,0.3176389,Romania
2021-09-05 00:00:00+00:00,15.1259165,1.2333335,0.3115139,Romania
2021-09-06 00:00:00+00:00,14.03321,0.033333335,0.30643752,Romania
2021-09-07 00:00:00+00:00,14.618973,0.0,0.3010625,Romania
2021-09-08 00:00:00+00:00,14.801265,0.0,0.29609725,Romania
2021-09-09 00:00:00+00:00,15.015153,0.0,0.29179856,Romania
2021-09-10 00:00:00+00:00,15.805778,0.0,0.28652084,Romania
2021-09-11 00:00:00+00:00,16.798487,0.0,0.28308335,Romania
2021-09-12 00:00:00+00:00,17.585638,0.0,0.27852082,Romania
2021-09-13 00:00:00+00:00,18.045013,0.0,0.27459025,Romania
2021-09-14 00:00:00+00:00,18.342585,3.9500005,0.27195835,Romania
2021-09-15 00:00:00+00:00,18.405777,0.28333333,0.26727778,Romania
2021-09-16 00:00:00+00:00,19.492235,0.016666668,0.26388887,Romania
2021-09-17 00:00:00+00:00,19.651611,2.7666667,0.26218054,Romania
2021-09-18 00:00:00+00:00,16.393278,1.8833333,0.26348612,Romania
2021-09-19 00:00:00+00:00,14.633209,0.23333333,0.2651875,Romania
2021-09-20 00:00:00+00:00,11.910987,7.466667,0.26749307,Romania
2021-09-21 00:00:00+00:00,10.410986,0.23333335,0.2755278,Romania
2021-09-22 00:00:00+00:00,9.133556,1.1833333,0.2820486,Romania
2021-09-23 00:00:00+00:00,9.100223,0.4666667,0.28752086,Romania
2021-09-24 00:00:00+00:00,12.236333,0.55,0.29081252,Romania
2021-09-25 00:00:00+00:00,14.162028,0.0,0.28715277,Romania
2021-09-26 00:00:00+00:00,16.530777,0.0,0.28285417,Romania
2021-09-27 00:00:00+00:00,15.979736,0.36666667,0.27938887,Romania
2021-09-28 00:00:00+00:00,12.719318,4.6166663,0.27909026,Romania
2021-09-29 00:00:00+00:00,12.127652,1.0333334,0.28419444,Romania
2021-09-30 00:00:00+00:00,11.3005705,0.18333335,0.28645143,Romania
2021-10-01 00:00:00+00:00,10.58911,0.11666667,0.2864028,Romania
2021-10-02 00:00:00+00:00,9.976264,0.0,0.2843472,Romania
2021-10-03 00:00:00+00:00,10.767932,0.0,0.2822986,Romania
2021-10-04 00:00:00+00:00,11.818625,0.0,0.27991664,Romania
2021-10-05 00:00:00+00:00,11.359944,0.0,0.27704856,Romania
2021-10-06 00:00:00+00:00,10.743625,0.05,0.27417362,Romania
2021-10-07 00:00:00+00:00,9.389111,0.3333333,0.27254862,Romania
2021-10-08 00:00:00+00:00,7.4915414,1.1166668,0.27065277,Romania
2021-10-09 00:00:00+00:00,6.7155004,2.8499997,0.26984027,Romania
2021-10-10 00:00:00+00:00,7.2908473,0.7666667,0.27059725,Romania
2021-10-11 00:00:00+00:00,8.348487,3.3166668,0.27168056,Romania
2021-10-12 00:00:00+00:00,8.269668,3.0833333,0.28146526,Romania
2021-10-13 00:00:00+00:00,7.4839025,3.1166668,0.28670833,Romania
2021-10-14 00:00:00+00:00,6.4262643,4.8833337,0.29641664,Romania
2021-10-15 00:00:00+00:00,7.2075143,2.9166667,0.30817363,Romania
2021-10-16 00:00:00+00:00,8.907514,5.266667,0.31915972,Romania
2021-10-17 00:00:00+00:00,8.158903,0.6166666,0.32947224,Romania
2021-10-18 00:00:00+00:00,8.13425,0.033333335,0.32964584,Romania
2021-10-19 00:00:00+00:00,8.063069,0.0,0.3255,Romania
2021-10-20 00:00:00+00:00,10.220362,0.0,0.32043752,Romania
2021-10-21 00:00:00+00:00,12.9540415,0.0,0.3155903,Romania
2021-10-22 00:00:00+00:00,13.3214035,0.8833334,0.30900696,Romania
2021-10-23 00:00:00+00:00,10.433904,1.1833333,0.30499303,Romania
2021-10-24 00:00:00+00:00,6.5196667,0.15,0.30202082,Romania
2021-10-25 00:00:00+00:00,4.6714025,0.0,0.2998819,Romania
2021-10-26 00:00:00+00:00,4.8845973,0.0,0.29586807,Romania
2021-10-27 00:00:00+00:00,5.524874,0.0,0.29339582,Romania
2021-10-28 00:00:00+00:00,6.071749,0.0,0.29045138,Romania
2021-10-29 00:00:00+00:00,7.248833,0.0,0.28751388,Romania
2021-10-30 00:00:00+00:00,7.951612,0.0,0.28379858,Romania
2021-10-31 00:00:00+00:00,6.7189727,0.0,0.28021526,Romania
2021-11-01 00:00:00+00:00,6.7394586,0.05,0.27670136,Romania
2021-11-02 00:00:00+00:00,7.035292,1.9166665,0.27609724,Romania
2021-11-03 00:00:00+00:00,9.397445,0.06666667,0.27495834,Romania
2021-11-04 00:00:00+00:00,14.060292,6.7499995,0.27421525,Romania
2021-11-05 00:00:00+00:00,13.677653,6.4666677,0.28799304,Romania
2021-11-06 00:00:00+00:00,9.353347,2.2166665,0.29343054,Romania
2021-11-07 00:00:00+00:00,9.776264,1.7833333,0.2928889,Romania
2021-11-08 00:00:00+00:00,9.29675,4.7833333,0.295375,Romania
2021-11-09 00:00:00+00:00,5.781819,7.700001,0.31066665,Romania
2021-11-10 00:00:00+00:00,2.9731388,0.0,0.32229862,Romania
2021-11-11 00:00:00+00:00,3.6936252,0.0,0.32206944,Romania
2021-11-12 00:00:00+00:00,4.6738334,0.0,0.3205833,Romania
2021-11-13 00:00:00+00:00,4.3644586,0.0,0.31922916,Romania
2021-11-14 00:00:00+00:00,5.2429304,0.05,0.31695834,Romania
2021-11-15 00:00:00+00:00,4.922791,0.5833333,0.31549308,Romania
2021-11-16 00:00:00+00:00,3.458556,0.21666668,0.31421527,Romania
2021-11-17 00:00:00+00:00,2.343625,0.116666675,0.3133472,Romania
2021-11-18 00:00:00+00:00,3.2922363,0.38333336,0.31165972,Romania
2021-11-19 00:00:00+00:00,4.9644585,0.91666675,0.31100693,Romania
2021-11-20 00:00:00+00:00,6.903,0.18333334,0.3100972,Romania
2021-11-21 00:00:00+00:00,5.850222,0.0,0.30841663,Romania
2021-11-22 00:00:00+00:00,5.8748755,0.81666666,0.30671525,Romania
2021-11-23 00:00:00+00:00,3.8137639,2.8,0.3077222,Romania
2021-11-24 00:00:00+00:00,1.1293889,0.06666667,0.31018755,Romania
2021-11-25 00:00:00+00:00,1.7179304,0.0,0.3099514,Romania
2021-11-26 00:00:00+00:00,4.4394584,3.216667,0.30943748,Romania
2021-11-27 00:00:00+00:00,6.8019586,0.55,0.31180558,Romania
2021-11-28 00:00:00+00:00,8.4540415,1.7999998,0.3140972,Romania
2021-11-29 00:00:00+00:00,5.301264,4.15,0.3236389,Romania
2021-11-30 00:00:00+00:00,1.2536944,0.7166667,0.32736114,Romania
2021-12-01 00:00:00+00:00,2.6519582,1.7500001,0.326375,Romania
2021-12-02 00:00:00+00:00,5.9571667,0.033333335,0.32463887,Romania
2021-12-03 00:00:00+00:00,4.271403,4.6166663,0.32735413,Romania
2021-12-04 00:00:00+00:00,-0.21748619,0.95,0.32929167,Romania
2021-12-05 00:00:00+00:00,1.912375,1.6833334,0.32877085,Romania
2021-12-06 00:00:00+00:00,3.4595973,3.3166673,0.33482638,Romania
2021-12-07 00:00:00+00:00,1.9898053,7.683333,0.33796525,Romania
2021-12-08 00:00:00+00:00,0.12452781,4.8500004,0.35168752,Romania
2021-12-09 00:00:00+00:00,1.6207085,0.68333334,0.3515903,Romania
2021-12-10 00:00:00+00:00,3.765153,3.2,0.35511804,Romania
2021-12-11 00:00:00+00:00,4.497097,4.733333,0.3593681,Romania
2021-12-12 00:00:00+00:00,4.2370276,20.033333,0.39099303,Romania
2021-12-13 00:00:00+00:00,1.7870277,0.8666666,0.39397916,Romania
2021-12-14 00:00:00+00:00,0.44848606,0.39999998,0.38562497,Romania
2021-12-15 00:00:00+00:00,0.79362506,0.16666667,0.379125,Romania
2021-12-16 00:00:00+00:00,1.9773054,1.4499999,0.37448612,Romania
2021-12-17 00:00:00+00:00,1.9675833,1.85,0.37315282,Romania
2021-12-18 00:00:00+00:00,0.31272218,0.7666667,0.3728125,Romania
2021-12-19 00:00:00+00:00,1.4193195,1.0166668,0.36969444,Romania
2021-12-20 00:00:00+00:00,0.044666648,1.4166665,0.36799994,Romania
2021-12-21 00:00:00+00:00,-4.0785975,0.93333334,0.36577085,Romania
2021-12-22 00:00:00+00:00,-5.079639,0.0,0.36308333,Romania
2021-12-23 00:00:00+00:00,-4.6758194,0.16666667,0.36077082,Romania
2021-12-24 00:00:00+00:00,1.3908473,2.6000001,0.35918748,Romania
2021-12-25 00:00:00+00:00,4.6332083,7.9499993,0.36854863,Romania
2021-12-26 00:00:00+00:00,-0.8615833,10.100001,0.3814514,Romania
2021-12-27 00:00:00+00:00,-1.606028,12.5,0.38510415,Romania
2021-12-28 00:00:00+00:00,-1.6518612,0.65000004,0.38477778,Romania
2021-12-29 00:00:00+00:00,-1.1101944,2.7666664,0.38190278,Romania
2021-12-30 00:00:00+00:00,0.51237476,0.116666675,0.38095143,Romania
2021-12-31 00:00:00+00:00,4.414806,1.0500001,0.38122916,Romania
2022-01-01 00:00:00+00:00,8.37075,0.0,0.28603125,Spain
2022-01-02 00:00:00+00:00,8.699395,0.0,0.28140628,Spain
2022-01-03 00:00:00+00:00,8.181167,0.0,0.27647915,Spain
2022-01-04 00:00:00+00:00,7.3519998,6.95,0.27423957,Spain
2022-01-05 00:00:00+00:00,3.6327293,6.0750003,0.2804167,Spain
2022-01-06 00:00:00+00:00,2.493146,1.5,0.28727084,Spain
2022-01-07 00:00:00+00:00,4.2113748,0.025,0.28927082,Spain
2022-01-08 00:00:00+00:00,3.5618958,0.0,0.2884375,Spain
2022-01-09 00:00:00+00:00,6.9723125,0.125,0.28594795,Spain
2022-01-10 00:00:00+00:00,9.191063,0.05,0.2827812,Spain
2022-01-11 00:00:00+00:00,8.179604,0.075,0.27977085,Spain
2022-01-12 00:00:00+00:00,5.6931458,0.0,0.27793753,Spain
2022-01-13 00:00:00+00:00,2.9186666,0.0,0.2747188,Spain
2022-01-14 00:00:00+00:00,2.0322082,0.0,0.26960415,Spain
2022-01-15 00:00:00+00:00,1.2634583,0.0,0.26685414,Spain
2022-01-16 00:00:00+00:00,1.6275209,0.0,0.26325,Spain
2022-01-17 00:00:00+00:00,2.6342916,0.0,0.26103124,Spain
2022-01-18 00:00:00+00:00,2.7613745,0.0,0.2579375,Spain
2022-01-19 00:00:00+00:00,2.7858539,0.0,0.2538854,Spain
2022-01-20 00:00:00+00:00,3.658771,0.2,0.24990623,Spain
2022-01-21 00:00:00+00:00,2.2155418,0.0,0.24839582,Spain
2022-01-22 00:00:00+00:00,2.2868958,0.0,0.24422918,Spain
2022-01-23 00:00:00+00:00,2.3118958,0.0,0.2426042,Spain
2022-01-24 00:00:00+00:00,2.6686668,0.0,0.2417917,Spain
2022-01-25 00:00:00+00:00,3.5639796,0.05,0.2392604,Spain
2022-01-26 00:00:00+00:00,3.5525208,0.175,0.23612496,Spain
2022-01-27 00:00:00+00:00,4.527,0.0,0.23470831,Spain
2022-01-28 00:00:00+00:00,5.291583,0.0,0.23060417,Spain
2022-01-29 00:00:00+00:00,5.173354,0.0,0.22571878,Spain
2022-01-30 00:00:00+00:00,6.188459,0.0,0.22340626,Spain
2022-01-31 00:00:00+00:00,5.4577293,0.075,0.22159377,Spain
2022-02-01 00:00:00+00:00,5.87075,0.32500002,0.21351041,Spain
2022-02-02 00:00:00+00:00,9.524396,0.0,0.20695832,Spain
2022-02-03 00:00:00+00:00,8.228562,0.0,0.2049479,Spain
2022-02-04 00:00:00+00:00,7.1822085,0.6,0.1990208,Spain
2022-02-05 00:00:00+00:00,6.5889792,0.375,0.19694792,Spain
2022-02-06 00:00:00+00:00,5.10825,0.025,0.1948958,Spain
2022-02-07 00:00:00+00:00,6.108771,0.0,0.1923125,Spain
2022-02-08 00:00:00+00:00,7.602,0.0,0.18722917,Spain
2022-02-09 00:00:00+00:00,6.8431463,0.0,0.18539582,Spain
2022-02-10 00:00:00+00:00,7.0290833,0.0,0.18593751,Spain
2022-02-11 00:00:00+00:00,8.247833,0.45,0.18587504,Spain
2022-02-12 00:00:00+00:00,7.7176247,0.075,0.18469791,Spain
2022-02-13 00:00:00+00:00,7.4228334,2.15,0.18117711,Spain
2022-02-14 00:00:00+00:00,6.078563,1.1,0.18247916,Spain
2022-02-15 00:00:00+00:00,5.441063,0.0,0.182625,Spain
2022-02-16 00:00:00+00:00,7.7478333,0.025,0.17998955,Spain
2022-02-17 00:00:00+00:00,9.47752,0.0,0.17672917,Spain
2022-02-18 00:00:00+00:00,9.453563,0.65,0.1748854,Spain
2022-02-19 00:00:00+00:00,6.862938,2.15,0.172625,Spain
2022-02-20 00:00:00+00:00,6.3842916,0.0,0.17009374,Spain
2022-02-21 00:00:00+00:00,8.085333,0.0,0.16352084,Spain
2022-02-22 00:00:00+00:00,8.520229,0.0,0.15562499,Spain
2022-02-23 00:00:00+00:00,9.559291,0.0,0.15290622,Spain
2022-02-24 00:00:00+00:00,9.2353325,0.25,0.15316668,Spain
2022-02-25 00:00:00+00:00,6.9577293,1.6250001,0.15024997,Spain
2022-02-26 00:00:00+00:00,6.454604,1.4,0.14849998,Spain
2022-02-27 00:00:00+00:00,8.207728,0.625,0.1446875,Spain
2022-02-28 00:00:00+00:00,8.804604,0.0,0.14333332,Spain
2022-03-01 00:00:00+00:00,9.887938,0.725,0.14175001,Spain
2022-03-02 00:00:00+00:00,8.828041,3.15,0.14177084,Spain
2022-03-03 00:00:00+00:00,6.707208,12.475,0.14432293,Spain
2022-03-04 00:00:00+00:00,5.7702293,2.85,0.15527084,Spain
2022-03-05 00:00:00+00:00,4.4915833,0.125,0.1643333,Spain
2022-03-06 00:00:00+00:00,4.4973125,0.7,0.16711459,Spain
2022-03-07 00:00:00+00:00,4.852,5.4500003,0.16997916,Spain
2022-03-08 00:00:00+00:00,5.9639792,2.1499999,0.17495832,Spain
2022-03-09 00:00:00+00:00,6.8780417,0.775,0.17967708,Spain
2022-03-10 00:00:00+00:00,8.536375,3.4500003,0.18219793,Spain
2022-03-11 00:00:00+00:00,8.03898,7.325,0.18561459,Spain
2022-03-12 00:00:00+00:00,7.2999163,1.975,0.19388539,Spain
2022-03-13 00:00:00+00:00,7.9728327,5.8,0.21055207,Spain
2022-03-14 00:00:00+00:00,7.460334,11.35,0.22756249,Spain
2022-03-15 00:00:00+00:00,11.949917,0.575,0.2434375,Spain
2022-03-16 00:00:00+00:00,10.578563,2.225,0.24606252,Spain
2022-03-17 00:00:00+00:00,8.118667,2.5,0.24809377,Spain
2022-03-18 00:00:00+00:00,7.7415833,0.125,0.25075,Spain
2022-03-19 00:00:00+00:00,8.302521,0.65000004,0.25151044,Spain
2022-03-20 00:00:00+00:00,9.021271,1.1750001,0.24971874,Spain
2022-03-21 00:00:00+00:00,8.916583,12.125001,0.26428127,Spain
2022-03-22 00:00:00+00:00,7.8499165,11.299999,0.294375,Spain
2022-03-23 00:00:00+00:00,7.175438,1.1750001,0.29703122,Spain
2022-03-24 00:00:00+00:00,7.585334,3.1749997,0.2953333,Spain
2022-03-25 00:00:00+00:00,8.797312,2.975,0.29790625,Spain
2022-03-26 00:00:00+00:00,8.928041,1.2500001,0.29868752,Spain
2022-03-27 00:00:00+00:00,9.261375,0.125,0.295125,Spain
2022-03-28 00:00:00+00:00,10.199396,0.1,0.28954166,Spain
2022-03-29 00:00:00+00:00,10.077,2.575,0.2799792,Spain
2022-03-30 00:00:00+00:00,8.402521,7.7000003,0.2852604,Spain
2022-03-31 00:00:00+00:00,6.7368956,1.5749999,0.28506255,Spain
2022-04-01 00:00:00+00:00,3.8452291,1.0,0.28480208,Spain
2022-04-02 00:00:00+00:00,2.7895,0.25,0.2818021,Spain
2022-04-03 00:00:00+00:00,2.9764793,0.47500002,0.27595833,Spain
2022-04-04 00:00:00+00:00,3.1280415,0.025,0.27011457,Spain
2022-04-05 00:00:00+00:00,4.748875,5.875,0.26465625,Spain
2022-04-06 00:00:00+00:00,7.6342916,0.22500002,0.26163542,Spain
2022-04-07 00:00:00+00:00,10.471792,0.0,0.2537604,Spain
2022-04-08 00:00:00+00:00,10.311375,0.725,0.24591666,Spain
2022-04-09 00:00:00+00:00,10.638979,0.75,0.23954165,Spain
2022-04-10 00:00:00+00:00,13.128563,0.57500005,0.2311146,Spain
2022-04-11 00:00:00+00:00,13.4712715,2.5250003,0.22245833,Spain
2022-04-12 00:00:00+00:00,10.128563,3.0,0.2171875,Spain
2022-04-13 00:00:00+00:00,10.791062,0.74999994,0.2173854,Spain
2022-04-14 00:00:00+00:00,12.538979,0.1,0.2158646,Spain
2022-04-15 00:00:00+00:00,14.453562,0.0,0.21009377,Spain
2022-04-16 00:00:00+00:00,15.873355,0.0,0.20092711,Spain
2022-04-17 00:00:00+00:00,15.5181465,0.0,0.19155207,Spain
2022-04-18 00:00:00+00:00,14.629083,0.4,0.18551044,Spain
2022-04-19 00:00:00+00:00,10.031688,7.375,0.18299998,Spain
2022-04-20 00:00:00+00:00,6.733771,7.225,0.18727084,Spain
2022-04-21 00:00:00+00:00,8.606688,0.125,0.19267708,Spain
2022-04-22 00:00:00+00:00,7.774396,17.325,0.19822918,Spain
2022-04-23 00:00:00+00:00,7.084292,7.0750003,0.23657292,Spain
2022-04-24 00:00:00+00:00,10.077521,0.075,0.24426039,Spain
2022-04-25 00:00:00+00:00,11.926999,0.0,0.23977083,Spain
2022-04-26 00:00:00+00:00,13.053562,3.1249998,0.23020835,Spain
2022-04-27 00:00:00+00:00,11.447313,6.4750004,0.2314479,Spain
2022-04-28 00:00:00+00:00,10.925959,5.8,0.24685413,Spain
2022-04-29 00:00:00+00:00,13.813459,0.0,0.25270835,Spain
2022-04-30 00:00:00+00:00,15.222833,0.075,0.24654166,Spain
2022-05-01 00:00:00+00:00,15.854604,0.025,0.23921873,Spain
2022-05-02 00:00:00+00:00,11.822833,4.2749996,0.23516667,Spain
2022-05-03 00:00:00+00:00,11.379084,3.9999995,0.2534063,Spain
2022-05-04 00:00:00+00:00,12.048875,0.97499985,0.25800002,Spain
2022-05-05 00:00:00+00:00,12.8895,0.0,0.2593541,Spain
2022-05-06 00:00:00+00:00,13.310855,0.0,0.25072914,Spain
2022-05-07 00:00:00+00:00,14.663458,0.0,0.24217707,Spain
2022-05-08 00:00:00+00:00,16.938978,0.0,0.23248956,Spain
2022-05-09 00:00:00+00:00,17.975437,0.0,0.22314584,Spain
2022-05-10 00:00:00+00:00,19.750439,0.0,0.21607292,Spain
2022-05-11 00:00:00+00:00,20.815022,0.0,0.21045834,Spain
2022-05-12 00:00:00+00:00,19.332207,0.625,0.20678124,Spain
2022-05-13 00:00:00+00:00,20.069708,0.0,0.20354167,Spain
2022-05-14 00:00:00+00:00,20.247833,0.3,0.20065627,Spain
2022-05-15 00:00:00+00:00,18.700958,0.15,0.19914584,Spain
2022-05-16 00:00:00+00:00,18.43273,0.0,0.19827083,Spain
2022-05-17 00:00:00+00:00,20.350437,0.025,0.19653127,Spain
2022-05-18 00:00:00+00:00,22.585333,0.0,0.19521873,Spain
2022-05-19 00:00:00+00:00,23.323875,0.0,0.19005208,Spain
2022-05-20 00:00:00+00:00,24.654604,0.075,0.18719794,Spain
2022-05-21 00:00:00+00:00,25.223879,0.0,0.18800002,Spain
2022-05-22 00:00:00+00:00,21.917625,0.59999996,0.18805212,Spain
2022-05-23 00:00:00+00:00,18.223354,0.0,0.18628125,Spain
2022-05-24 00:00:00+00:00,13.837938,1.8499999,0.18478128,Spain
2022-05-25 00:00:00+00:00,13.551478,0.0,0.18442708,Spain
2022-05-26 00:00:00+00:00,16.397833,0.0,0.18336457,Spain
2022-05-27 00:00:00+00:00,19.654604,0.0,0.17821875,Spain
2022-05-28 00:00:00+00:00,21.598354,0.05,0.17254166,Spain
2022-05-29 00:00:00+00:00,21.52752,0.025,0.17077084,Spain
2022-05-30 00:00:00+00:00,18.450958,0.6,0.17096876,Spain
2022-05-31 00:00:00+00:00,20.386375,0.0,0.17172916,Spain
2022-06-01 00:00:00+00:00,21.4895,0.125,0.17068753,Spain
2022-06-02 00:00:00+00:00,20.528563,0.90000004,0.17072916,Spain
2022-06-03 00:00:00+00:00,20.359291,0.5,0.16959377,Spain
2022-06-04 00:00:00+00:00,18.977522,0.8,0.16887501,Spain
2022-06-05 00:00:00+00:00,19.448875,0.0,0.16782294,Spain
2022-06-06 00:00:00+00:00,21.136375,0.0,0.16604169,Spain
2022-06-07 00:00:00+00:00,22.381687,0.05,0.16548958,Spain
2022-06-08 00:00:00+00:00,21.423355,0.3,0.1645,Spain
2022-06-09 00:00:00+00:00,22.17127,0.0,0.16348957,Spain
2022-06-10 00:00:00+00:00,25.027521,0.0,0.16090626,Spain
2022-06-11 00:00:00+00:00,25.730644,0.2,0.15854166,Spain
2022-06-12 00:00:00+00:00,26.148876,0.45000002,0.15657291,Spain
2022-06-13 00:00:00+00:00,26.831688,0.0,0.15546876,Spain
2022-06-14 00:00:00+00:00,28.762417,0.125,0.15490624,Spain
2022-06-15 00:00:00+00:00,29.085852,0.3,0.15220834,Spain
2022-06-16 00:00:00+00:00,28.323353,0.525,0.15376042,Spain
2022-06-17 00:00:00+00:00,29.577524,0.025,0.15480208,Spain
2022-06-18 00:00:00+00:00,29.022312,3.3000002,0.15573959,Spain
2022-06-19 00:00:00+00:00,22.200958,0.72499996,0.1553125,Spain
2022-06-20 00:00:00+00:00,20.380125,0.975,0.15664582,Spain
2022-06-21 00:00:00+00:00,18.643665,1.575,0.15827082,Spain
2022-06-22 00:00:00+00:00,17.769188,0.90000004,0.1585104,Spain
2022-06-23 00:00:00+00:00,17.708773,1.05,0.1589896,Spain
2022-06-24 00:00:00+00:00,18.542625,0.025,0.15918753,Spain
2022-06-25 00:00:00+00:00,18.44575,0.37500003,0.158875,Spain
2022-06-26 00:00:00+00:00,17.871273,0.525,0.15764584,Spain
2022-06-27 00:00:00+00:00,17.731167,0.1,0.15526043,Spain
2022-06-28 00:00:00+00:00,20.570751,0.0,0.1546146,Spain
2022-06-29 00:00:00+00:00,21.487415,0.0,0.15251043,Spain
2022-06-30 00:00:00+00:00,19.122313,0.0,0.15153123,Spain
2022-07-01 00:00:00+00:00,21.478043,0.0,0.15201043,Spain
2022-07-02 00:00:00+00:00,25.180124,0.25,0.15192708,Spain
2022-07-03 00:00:00+00:00,24.478563,0.075,0.15125,Spain
2022-07-04 00:00:00+00:00,23.310333,0.0,0.15031248,Spain
2022-07-05 00:00:00+00:00,23.93377,0.175,0.15052082,Spain
2022-07-06 00:00:00+00:00,21.693148,2.375,0.15140626,Spain
2022-07-07 00:00:00+00:00,21.687935,0.0,0.15466666,Spain
2022-07-08 00:00:00+00:00,23.227,0.0,0.15352084,Spain
2022-07-09 00:00:00+00:00,25.733252,0.0,0.1513646,Spain
2022-07-10 00:00:00+00:00,27.467104,0.0,0.15110415,Spain
2022-07-11 00:00:00+00:00,28.071272,0.075,0.15223956,Spain
2022-07-12 00:00:00+00:00,28.992107,0.0,0.15311459,Spain
2022-07-13 00:00:00+00:00,30.210854,0.0,0.15451041,Spain
2022-07-14 00:00:00+00:00,30.547314,0.0,0.15516667,Spain
2022-07-15 00:00:00+00:00,30.272314,0.05,0.15369792,Spain
2022-07-16 00:00:00+00:00,30.387938,0.175,0.15310417,Spain
2022-07-17 00:00:00+00:00,30.994186,0.0,0.15345836,Spain
2022-07-18 00:00:00+00:00,29.932209,0.0,0.15303126,Spain
2022-07-19 00:00:00+00:00,26.787937,0.0,0.15176041,Spain
2022-07-20 00:00:00+00:00,25.515022,0.0,0.15106249,Spain
2022-07-21 00:00:00+00:00,27.548355,0.0,0.14958335,Spain
2022-07-22 00:00:00+00:00,26.804605,0.0,0.1488021,Spain
2022-07-23 00:00:00+00:00,26.644709,0.0,0.14884374,Spain
2022-07-24 00:00:00+00:00,28.88221,0.0,0.14931248,Spain
2022-07-25 00:00:00+00:00,26.365541,0.0,0.14883332,Spain
2022-07-26 00:00:00+00:00,24.199394,0.0,0.14836457,Spain
2022-07-27 00:00:00+00:00,24.169186,0.0,0.14816666,Spain
2022-07-28 00:00:00+00:00,24.887417,0.0,0.1483125,Spain
2022-07-29 00:00:00+00:00,25.400436,0.0,0.14852083,Spain
2022-07-30 00:00:00+00:00,25.27752,0.125,0.14633335,Spain
2022-07-31 00:00:00+00:00,26.275438,0.0,0.14613539,Spain
2022-08-01 00:00:00+00:00,27.58273,0.0,0.14453122,Spain
2022-08-02 00:00:00+00:00,28.253042,0.25,0.1461354,Spain
2022-08-03 00:00:00+00:00,29.236376,0.0,0.1469479,Spain
2022-08-04 00:00:00+00:00,28.095749,0.0,0.1465,Spain
2022-08-05 00:00:00+00:00,25.750957,0.0,0.14620833,Spain
2022-08-06 00:00:00+00:00,26.31398,0.0,0.14664583,Spain
2022-08-07 00:00:00+00:00,27.059292,0.15,0.14629167,Spain
2022-08-08 00:00:00+00:00,27.226997,0.0,0.1467292,Spain
2022-08-09 00:00:00+00:00,27.407728,0.025,0.14584374,Spain
2022-08-10 00:00:00+00:00,28.16971,0.125,0.14466667,Spain
2022-08-11 00:00:00+00:00,27.769188,0.0,0.1445417,Spain
2022-08-12 00:00:00+00:00,28.454605,0.025,0.14387502,Spain
2022-08-13 00:00:00+00:00,25.760855,1.0749999,0.14312501,Spain
2022-08-14 00:00:00+00:00,23.396793,0.0,0.1432917,Spain
2022-08-15 00:00:00+00:00,22.731167,0.0,0.14375,Spain
2022-08-16 00:00:00+00:00,21.812418,0.27500004,0.14287502,Spain
2022-08-17 00:00:00+00:00,19.335854,0.45,0.14236459,Spain
2022-08-18 00:00:00+00:00,18.861897,0.0,0.14175001,Spain
2022-08-19 00:00:00+00:00,21.403563,0.0,0.14211461,Spain
2022-08-20 00:00:00+00:00,24.674915,0.0,0.14054169,Spain
2022-08-21 00:00:00+00:00,25.294706,0.0,0.14231253,Spain
2022-08-22 00:00:00+00:00,24.374395,0.0,0.1424271,Spain
2022-08-23 00:00:00+00:00,25.594707,0.0,0.14163543,Spain
2022-08-24 00:00:00+00:00,26.69002,0.025,0.14207293,Spain
2022-08-25 00:00:00+00:00,24.43898,0.27500004,0.14251041,Spain
2022-08-26 00:00:00+00:00,23.030647,0.17500001,0.14337501,Spain
2022-08-27 00:00:00+00:00,23.158249,0.0,0.14299999,Spain
2022-08-28 00:00:00+00:00,25.61398,0.05,0.14339583,Spain
2022-08-29 00:00:00+00:00,23.835854,1.6999999,0.14568749,Spain
2022-08-30 00:00:00+00:00,24.107727,0.55,0.14789581,Spain
2022-08-31 00:00:00+00:00,23.017105,0.0,0.14863545,Spain
2022-09-01 00:00:00+00:00,22.393665,0.025,0.14887501,Spain
2022-09-02 00:00:00+00:00,21.478563,0.0,0.14989582,Spain
2022-09-03 00:00:00+00:00,20.350958,0.0,0.1497396,Spain
2022-09-04 00:00:00+00:00,20.805124,0.0,0.15014583,Spain
2022-09-05 00:00:00+00:00,20.84679,0.0,0.15094793,Spain
2022-09-06 00:00:00+00:00,20.838978,0.0,0.15001038,Spain
2022-09-07 00:00:00+00:00,19.462938,0.125,0.1506979,Spain
2022-09-08 00:00:00+00:00,20.071793,0.725,0.15105207,Spain
2022-09-09 00:00:00+00:00,21.287416,0.0,0.14992708,Spain
2022-09-10 00:00:00+00:00,23.281166,0.0,0.14892706,Spain
2022-09-11 00:00:00+00:00,25.40721,0.0,0.14677083,Spain
2022-09-12 00:00:00+00:00,24.345228,1.0,0.14618748,Spain
2022-09-13 00:00:00+00:00,19.67752,7.1500006,0.1459375,Spain
2022-09-14 00:00:00+00:00,18.65356,1.575,0.1486875,Spain
2022-09-15 00:00:00+00:00,18.453562,2.9000006,0.14865625,Spain
2022-09-16 00:00:00+00:00,18.78377,0.075,0.14941667,Spain
2022-09-17 00:00:00+00:00,18.302,0.0,0.14664584,Spain
2022-09-18 00:00:00+00:00,19.568146,0.15,0.1438021,Spain
2022-09-19 00:00:00+00:00,20.475437,0.22500001,0.14275,Spain
2022-09-20 00:00:00+00:00,20.443666,0.17500001,0.14159375,Spain
2022-09-21 00:00:00+00:00,18.717104,0.1,0.14033331,Spain
2022-09-22 00:00:00+00:00,18.943665,0.025,0.14014581,Spain
2022-09-23 00:00:00+00:00,19.494707,0.275,0.13947916,Spain
2022-09-24 00:00:00+00:00,16.52075,0.57500005,0.13756251,Spain
2022-09-25 00:00:00+00:00,13.9853325,0.0,0.13683333,Spain
2022-09-26 00:00:00+00:00,13.959813,0.275,0.13625002,Spain
2022-09-27 00:00:00+00:00,15.121792,0.075,0.13700001,Spain
2022-09-28 00:00:00+00:00,15.55825,0.0,0.136125,Spain
2022-09-29 00:00:00+00:00,13.043667,2.525,0.13438542,Spain
2022-09-30 00:00:00+00:00,12.38325,0.05,0.13610417,Spain
2022-10-01 00:00:00+00:00,14.846272,0.0,0.13670832,Spain
2022-10-02 00:00:00+00:00,18.154602,0.0,0.13720834,Spain
2022-10-03 00:00:00+00:00,19.238459,0.075,0.13625,Spain
2022-10-04 00:00:00+00:00,19.585333,0.0,0.13714583,Spain
2022-10-05 00:00:00+00:00,18.626478,0.0,0.13689584,Spain
2022-10-06 00:00:00+00:00,17.876999,0.0,0.13540624,Spain
2022-10-07 00:00:00+00:00,17.683771,0.05,0.13561459,Spain
2022-10-08 00:00:00+00:00,17.15825,0.025,0.13737501,Spain
2022-10-09 00:00:00+00:00,16.947313,1.2,0.1389271,Spain
2022-10-10 00:00:00+00:00,15.448354,3.5249999,0.13911457,Spain
2022-10-11 00:00:00+00:00,15.242105,3.4499998,0.14202084,Spain
2022-10-12 00:00:00+00:00,15.504084,0.025,0.14496875,Spain
2022-10-13 00:00:00+00:00,15.903042,0.0,0.145875,Spain
2022-10-14 00:00:00+00:00,17.184292,0.0,0.14595836,Spain
2022-10-15 00:00:00+00:00,17.419188,0.0,0.14525002,Spain
2022-10-16 00:00:00+00:00,17.600437,0.425,0.14500001,Spain
2022-10-17 00:00:00+00:00,17.865543,2.975,0.14571878,Spain
2022-10-18 00:00:00+00:00,18.859291,0.0,0.16378126,Spain
2022-10-19 00:00:00+00:00,17.686375,6.95,0.1847396,Spain
2022-10-20 00:00:00+00:00,15.844708,5.2250004,0.1861771,Spain
2022-10-21 00:00:00+00:00,14.409291,6.9500003,0.19140625,Spain
2022-10-22 00:00:00+00:00,15.760854,5.2250004,0.1985625,Spain
2022-10-23 00:00:00+00:00,15.488457,3.025,0.2156354,Spain
2022-10-24 00:00:00+00:00,14.494187,0.3,0.2238125,Spain
2022-10-25 00:00:00+00:00,16.391062,1.7249999,0.22403128,Spain
2022-10-26 00:00:00+00:00,16.566586,1.875,0.22271878,Spain
2022-10-27 00:00:00+00:00,19.138458,0.0,0.2199271,Spain
2022-10-28 00:00:00+00:00,18.246792,0.1,0.21837497,Spain
2022-10-29 00:00:00+00:00,16.62179,1.4749999,0.21604167,Spain
2022-10-30 00:00:00+00:00,14.62752,1.1999999,0.21680206,Spain
2022-10-31 00:00:00+00:00,13.772312,3.275,0.21874999,Spain
2022-11-01 00:00:00+00:00,12.215021,0.17500001,0.23247914,Spain
2022-11-02 00:00:00+00:00,12.701479,0.0,0.23131248,Spain
2022-11-03 00:00:00+00:00,12.6275215,2.8999999,0.23006248,Spain
2022-11-04 00:00:00+00:00,9.71398,0.075,0.23112501,Spain
2022-11-05 00:00:00+00:00,9.137417,0.0,0.22937497,Spain
2022-11-06 00:00:00+00:00,10.559292,0.025,0.22583334,Spain
2022-11-07 00:00:00+00:00,11.067625,0.025,0.2228646,Spain
2022-11-08 00:00:00+00:00,12.16398,2.075,0.22062501,Spain
2022-11-09 00:00:00+00:00,11.217104,3.05,0.22111458,Spain
2022-11-10 00:00:00+00:00,9.897312,0.0,0.22329165,Spain
2022-11-11 00:00:00+00:00,10.015542,3.0249999,0.22435416,Spain
2022-11-12 00:00:00+00:00,12.18325,4.4500003,0.22519794,Spain
2022-11-13 00:00:00+00:00,11.505646,0.075,0.23623958,Spain
2022-11-14 00:00:00+00:00,11.154605,2.275,0.23648961,Spain
2022-11-15 00:00:00+00:00,12.21502,4.2,0.23909377,Spain
2022-11-16 00:00:00+00:00,11.482208,1.9249998,0.24877085,Spain
2022-11-17 00:00:00+00:00,12.667104,2.8,0.2534479,Spain
2022-11-18 00:00:00+00:00,7.7915835,3.0749998,0.26060417,Spain
2022-11-19 00:00:00+00:00,5.8717914,0.3,0.2624271,Spain
2022-11-20 00:00:00+00:00,8.822312,1.425,0.26197913,Spain
2022-11-21 00:00:00+00:00,9.434292,11.25,0.267375,Spain
2022-11-22 00:00:00+00:00,6.7415833,5.575,0.29115623,Spain
2022-11-23 00:00:00+00:00,11.083771,1.8,0.30079168,Spain
2022-11-24 00:00:00+00:00,9.316584,4.525,0.30547917,Spain
2022-11-25 00:00:00+00:00,8.143666,0.32500002,0.32053125,Spain
2022-11-26 00:00:00+00:00,7.012417,0.0,0.31695837,Spain
2022-11-27 00:00:00+00:00,6.9191875,1.1,0.31440622,Spain
2022-11-28 00:00:00+00:00,6.5874166,1.35,0.31988537,Spain
2022-11-29 00:00:00+00:00,6.554604,0.0,0.31964585,Spain
2022-11-30 00:00:00+00:00,5.785854,0.5,0.3150521,Spain
2022-12-01 00:00:00+00:00,5.5697083,0.225,0.3094479,Spain
2022-12-02 00:00:00+00:00,3.5441873,0.17500001,0.30318752,Spain
2022-12-03 00:00:00+00:00,2.4905417,0.59999996,0.2988541,Spain
2022-12-04 00:00:00+00:00,2.7202291,0.87500006,0.29646876,Spain
2022-12-05 00:00:00+00:00,5.893146,5.7250004,0.29660416,Spain
2022-12-06 00:00:00+00:00,7.812416,1.5999999,0.3047396,Spain
2022-12-07 00:00:00+00:00,7.6879377,0.37500003,0.30622914,Spain
2022-12-08 00:00:00+00:00,8.203563,11.475,0.3154375,Spain
2022-12-09 00:00:00+00:00,7.991583,9.174999,0.33541667,Spain
2022-12-10 00:00:00+00:00,6.1019998,1.8999999,0.34624997,Spain
2022-12-11 00:00:00+00:00,5.3259587,12.900001,0.36015624,Spain
2022-12-12 00:00:00+00:00,8.884291,12.175001,0.37454167,Spain
2022-12-13 00:00:00+00:00,11.116583,20.375002,0.39310417,Spain
2022-12-14 00:00:00+00:00,10.059813,6.674999,0.39993754,Spain
2022-12-15 00:00:00+00:00,7.8514795,4.2,0.40106246,Spain
2022-12-16 00:00:00+00:00,6.2733545,0.7,0.38463545,Spain
2022-12-17 00:00:00+00:00,5.5853333,0.74999994,0.37356248,Spain
2022-12-18 00:00:00+00:00,6.179604,0.25000003,0.36439586,Spain
2022-12-19 00:00:00+00:00,6.8441877,0.025,0.3560833,Spain
2022-12-20 00:00:00+00:00,8.72075,6.1000004,0.35230207,Spain
2022-12-21 00:00:00+00:00,9.685854,0.87500006,0.34937504,Spain
2022-12-22 00:00:00+00:00,10.551479,0.075,0.3475625,Spain
2022-12-23 00:00:00+00:00,9.373875,0.1,0.34101045,Spain
2022-12-24 00:00:00+00:00,8.991584,0.225,0.33686456,Spain
2022-12-25 00:00:00+00:00,9.400958,3.425,0.3331979,Spain
2022-12-26 00:00:00+00:00,8.985855,0.40000004,0.3346458,Spain
2022-12-27 00:00:00+00:00,8.009292,0.45000002,0.3309688,Spain
2022-12-28 00:00:00+00:00,7.4587708,0.125,0.32512498,Spain
2022-12-29 00:00:00+00:00,8.385853,4.075,0.32212496,Spain
2022-12-30 00:00:00+00:00,9.972311,0.7250001,0.3254375,Spain
2022-12-31 00:00:00+00:00,8.769709,0.0,0.32285416,Spain
2023-01-01 00:00:00+00:00,9.590541,5.0,0.31709376,Spain
2023-01-02 00:00:00+00:00,7.807208,1.05,0.31388542,Spain
2023-01-03 00:00:00+00:00,5.7738748,0.0,0.3143229,Spain
2023-01-04 00:00:00+00:00,4.5046043,0.0,0.31176043,Spain
2023-01-05 00:00:00+00:00,4.6884584,0.0,0.30761456,Spain
2023-01-06 00:00:00+00:00,3.0108542,0.0,0.30447915,Spain
2023-01-07 00:00:00+00:00,4.2723126,5.3250003,0.3025521,Spain
2023-01-08 00:00:00+00:00,9.145228,14.175,0.328,Spain
2023-01-09 00:00:00+00:00,7.362937,0.625,0.3363333,Spain
2023-01-10 00:00:00+00:00,5.8103333,0.05,0.3313333,Spain
2023-01-11 00:00:00+00:00,6.7962704,1.475,0.3301146,Spain
2023-01-12 00:00:00+00:00,4.730125,0.0,0.32926044,Spain
2023-01-13 00:00:00+00:00,5.153042,0.05,0.32620835,Spain
2023-01-14 00:00:00+00:00,5.724396,0.0,0.3227605,Spain
2023-01-15 00:00:00+00:00,4.8598127,1.25,0.3217292,Spain
2023-01-16 00:00:00+00:00,6.144708,3.775,0.32063544,Spain
2023-01-17 00:00:00+00:00,5.7947083,4.725,0.32558334,Spain
2023-01-18 00:00:00+00:00,1.8665831,1.4499999,0.33169794,Spain
2023-01-19 00:00:00+00:00,3.2650208,1.65,0.3302396,Spain
2023-01-20 00:00:00+00:00,6.5717916,1.35,0.32970837,Spain
2023-01-21 00:00:00+00:00,3.6540835,0.3,0.3286354,Spain
2023-01-22 00:00:00+00:00,0.7129375,0.0,0.32510412,Spain
2023-01-23 00:00:00+00:00,0.79210424,0.3,0.3218854,Spain
2023-01-24 00:00:00+00:00,0.6202292,0.025,0.31851035,Spain
2023-01-25 00:00:00+00:00,1.2681458,0.0,0.3151042,Spain
2023-01-26 00:00:00+00:00,2.506167,0.52500004,0.3096875,Spain
2023-01-27 00:00:00+00:00,1.886375,0.025,0.30308336,Spain
2023-01-28 00:00:00+00:00,1.5040834,0.0,0.29761457,Spain
2023-01-29 00:00:00+00:00,1.0306458,0.0,0.29538536,Spain
2023-01-30 00:00:00+00:00,1.5322083,0.0,0.29131252,Spain
2023-01-31 00:00:00+00:00,2.3806458,0.0,0.28833333,Spain
2023-02-01 00:00:00+00:00,3.7702293,0.0,0.28719792,Spain
2023-02-02 00:00:00+00:00,4.642104,0.0,0.28177086,Spain
2023-02-03 00:00:00+00:00,5.0842915,0.0,0.27590626,Spain
2023-02-04 00:00:00+00:00,6.130125,0.0,0.27020836,Spain
2023-02-05 00:00:00+00:00,5.778042,0.0,0.26428124,Spain
2023-02-06 00:00:00+00:00,3.9947083,0.25,0.2598854,Spain
2023-02-07 00:00:00+00:00,2.6598125,1.775,0.2601354,Spain
2023-02-08 00:00:00+00:00,4.097313,0.9,0.25883338,Spain
2023-02-09 00:00:00+00:00,3.696271,1.525,0.25734374,Spain
2023-02-10 00:00:00+00:00,2.7686667,0.0,0.255,Spain
2023-02-11 00:00:00+00:00,2.758771,0.0,0.25425002,Spain
2023-02-12 00:00:00+00:00,3.7952292,0.0,0.25120836,Spain
2023-02-13 00:00:00+00:00,5.0447083,0.0,0.24966669,Spain
2023-02-14 00:00:00+00:00,5.3358545,0.075,0.24659377,Spain
2023-02-15 00:00:00+00:00,6.2030416,0.125,0.24345832,Spain
2023-02-16 00:00:00+00:00,6.659292,0.0,0.24468753,Spain
2023-02-17 00:00:00+00:00,7.2941875,0.0,0.2424271,Spain
2023-02-18 00:00:00+00:00,8.208771,0.0,0.23640628,Spain
2023-02-19 00:00:00+00:00,10.129084,0.37500003,0.22691666,Spain
2023-02-20 00:00:00+00:00,11.057209,0.05,0.22355208,Spain
2023-02-21 00:00:00+00:00,9.663458,2.15,0.22004169,Spain
2023-02-22 00:00:00+00:00,8.347313,0.875,0.21416669,Spain
2023-02-23 00:00:00+00:00,4.4264793,7.425,0.2141875,Spain
2023-02-24 00:00:00+00:00,1.911375,0.075,0.22036459,Spain
2023-02-25 00:00:00+00:00,1.938979,1.5999999,0.22504166,Spain
2023-02-26 00:00:00+00:00,2.9145,0.1,0.22879165,Spain
2023-02-27 00:00:00+00:00,-0.24643746,0.37500003,0.22814581,Spain
2023-02-28 00:00:00+00:00,0.51814574,0.05,0.22833332,Spain
2023-03-01 00:00:00+00:00,0.3353334,0.25,0.22758332,Spain
2023-03-02 00:00:00+00:00,1.3915834,0.025,0.22667709,Spain
2023-03-03 00:00:00+00:00,3.2306461,0.0,0.2233854,Spain
2023-03-04 00:00:00+00:00,4.013979,0.0,0.22149998,Spain
2023-03-05 00:00:00+00:00,4.243666,2.375,0.21729168,Spain
2023-03-06 00:00:00+00:00,6.757729,1.1750001,0.21661457,Spain
2023-03-07 00:00:00+00:00,9.346792,0.77500004,0.21512498,Spain
2023-03-08 00:00:00+00:00,11.266583,1.675,0.21608335,Spain
2023-03-09 00:00:00+00:00,11.392103,5.975,0.21967708,Spain
2023-03-10 00:00:00+00:00,11.629083,0.0,0.22334372,Spain
2023-03-11 00:00:00+00:00,12.749395,0.025,0.22453123,Spain
2023-03-12 00:00:00+00:00,13.886375,0.0,0.22448958,Spain
2023-03-13 00:00:00+00:00,13.207209,0.0,0.21954168,Spain
2023-03-14 00:00:00+00:00,9.247313,0.0,0.21659374,Spain
2023-03-15 00:00:00+00:00,10.466063,0.0,0.21191667,Spain
2023-03-16 00:00:00+00:00,13.635854,0.1,0.20451042,Spain
2023-03-17 00:00:00+00:00,10.900437,1.35,0.2005417,Spain
2023-03-18 00:00:00+00:00,9.646791,1.325,0.20077083,Spain
2023-03-19 00:00:00+00:00,9.955126,0.025,0.19951041,Spain
2023-03-20 00:00:00+00:00,11.155125,0.0,0.19827083,Spain
2023-03-21 00:00:00+00:00,12.055125,0.0,0.19150001,Spain
2023-03-22 00:00:00+00:00,12.551479,0.0,0.188375,Spain
2023-03-23 00:00:00+00:00,13.849916,0.0,0.18692708,Spain
2023-03-24 00:00:00+00:00,12.506166,0.2,0.18418752,Spain
2023-03-25 00:00:00+00:00,11.878563,0.0,0.18162501,Spain
2023-03-26 00:00:00+00:00,12.355125,0.025,0.17874998,Spain
2023-03-27 00:00:00+00:00,10.151999,0.0,0.17493749,Spain
2023-03-28 00:00:00+00:00,13.546271,0.0,0.17447916,Spain
2023-03-29 00:00:00+00:00,16.135855,0.0,0.17557292,Spain
2023-03-30 00:00:00+00:00,15.391062,0.05,0.17351043,Spain
2023-03-31 00:00:00+00:00,14.157209,0.0,0.17239583,Spain
2023-04-01 00:00:00+00:00,11.052,1.05,0.16964583,Spain
2023-04-02 00:00:00+00:00,9.124396,0.15,0.16791669,Spain
2023-04-03 00:00:00+00:00,9.213979,0.0,0.16726041,Spain
2023-04-04 00:00:00+00:00,10.643666,0.0,0.16407293,Spain
2023-04-05 00:00:00+00:00,11.024395,0.0,0.16070831,Spain
2023-04-06 00:00:00+00:00,13.325438,0.0,0.15657292,Spain
2023-04-07 00:00:00+00:00,14.357729,0.0,0.15639585,Spain
2023-04-08 00:00:00+00:00,16.24575,0.0,0.15679167,Spain
2023-04-09 00:00:00+00:00,16.746271,0.0,0.15684375,Spain
2023-04-10 00:00:00+00:00,16.73325,0.0,0.15526044,Spain
2023-04-11 00:00:00+00:00,16.279083,0.0,0.15303126,Spain
2023-04-12 00:00:00+00:00,12.238979,1.275,0.15204166,Spain
2023-04-13 00:00:00+00:00,9.300438,0.05,0.15164584,Spain
2023-04-14 00:00:00+00:00,11.759812,0.45000002,0.1502604,Spain
2023-04-15 00:00:00+00:00,12.871271,0.1,0.1458021,Spain
2023-04-16 00:00:00+00:00,13.373354,0.075,0.14555211,Spain
2023-04-17 00:00:00+00:00,13.754083,0.0,0.14428127,Spain
2023-04-18 00:00:00+00:00,13.379084,0.0,0.1426667,Spain
2023-04-19 00:00:00+00:00,15.257729,0.0,0.14253126,Spain
2023-04-20 00:00:00+00:00,16.998875,0.0,0.14165628,Spain
2023-04-21 00:00:00+00:00,16.69679,1.325,0.14093752,Spain
2023-04-22 00:00:00+00:00,13.255646,5.425,0.14212498,Spain
2023-04-23 00:00:00+00:00,14.323355,0.2,0.14761461,Spain
2023-04-24 00:00:00+00:00,15.726479,0.0,0.14803123,Spain
2023-04-25 00:00:00+00:00,17.942104,0.0,0.14510417,Spain
2023-04-26 00:00:00+00:00,19.235855,0.0,0.14390624,Spain
2023-04-27 00:00:00+00:00,21.344189,0.0,0.14414585,Spain
2023-04-28 00:00:00+00:00,22.16346,0.0,0.14265625,Spain
2023-04-29 00:00:00+00:00,18.313457,1.25,0.14229168,Spain
2023-04-30 00:00:00+00:00,16.74575,0.0,0.14491665,Spain
2023-05-01 00:00:00+00:00,16.57179,0.0,0.14670834,Spain
2023-05-02 00:00:00+00:00,19.425959,0.0,0.147125,Spain
2023-05-03 00:00:00+00:00,20.6895,0.1,0.14628127,Spain
2023-05-04 00:00:00+00:00,17.544708,0.0,0.14564586,Spain
2023-05-05 00:00:00+00:00,18.02075,0.0,0.14841667,Spain
2023-05-06 00:00:00+00:00,17.973875,1.525,0.14765623,Spain
2023-05-07 00:00:00+00:00,17.525436,0.0,0.14691667,Spain
2023-05-08 00:00:00+00:00,18.798355,0.0,0.14712499,Spain
2023-05-09 00:00:00+00:00,18.38221,0.2,0.14889583,Spain
2023-05-10 00:00:00+00:00,14.978562,0.0,0.14758334,Spain
2023-05-11 00:00:00+00:00,13.746792,0.05,0.14540623,Spain
2023-05-12 00:00:00+00:00,11.67075,1.525,0.1453854,Spain
2023-05-13 00:00:00+00:00,12.0634575,0.65,0.1451667,Spain
2023-05-14 00:00:00+00:00,13.132209,0.2,0.15073961,Spain
2023-05-15 00:00:00+00:00,12.894188,0.125,0.15170833,Spain
2023-05-16 00:00:00+00:00,12.535334,0.0,0.15019792,Spain
2023-05-17 00:00:00+00:00,13.372833,0.0,0.14840625,Spain
2023-05-18 00:00:00+00:00,12.523875,2.0500002,0.14844792,Spain
2023-05-19 00:00:00+00:00,12.4228325,0.1,0.15206249,Spain
2023-05-20 00:00:00+00:00,12.868668,0.3,0.15105212,Spain
2023-05-21 00:00:00+00:00,14.405125,0.35000002,0.15380208,Spain
2023-05-22 00:00:00+00:00,15.334812,1.625,0.15433335,Spain
2023-05-23 00:00:00+00:00,15.01502,5.175,0.15946876,Spain
2023-05-24 00:00:00+00:00,15.681687,2.0,0.16375001,Spain
2023-05-25 00:00:00+00:00,15.1395,6.05,0.16802081,Spain
2023-05-26 00:00:00+00:00,14.436895,12.25,0.19429167,Spain
2023-05-27 00:00:00+00:00,15.9400215,9.35,0.2249375,Spain
2023-05-28 00:00:00+00:00,16.06554,3.875,0.239125,Spain
2023-05-29 00:00:00+00:00,16.28273,2.45,0.24141668,Spain
2023-05-30 00:00:00+00:00,16.450958,3.825,0.2398021,Spain
2023-05-31 00:00:00+00:00,16.548355,2.775,0.237625,Spain
2023-06-01 00:00:00+00:00,15.440541,11.675,0.24252084,Spain
2023-06-02 00:00:00+00:00,16.079605,1.6750001,0.26012498,Spain
2023-06-03 00:00:00+00:00,16.699917,2.0,0.26254165,Spain
2023-06-04 00:00:00+00:00,17.05148,4.325,0.26504168,Spain
2023-06-05 00:00:00+00:00,18.112938,3.1499999,0.26503122,Spain
2023-06-06 00:00:00+00:00,19.624918,0.7499999,0.26253125,Spain
2023-06-07 00:00:00+00:00,17.610332,5.35,0.2578542,Spain
2023-06-08 00:00:00+00:00,17.434292,11.375,0.26659375,Spain
2023-06-09 00:00:00+00:00,17.848354,4.375,0.28138545,Spain
2023-06-10 00:00:00+00:00,18.384293,1.8249999,0.28358328,Spain
2023-06-11 00:00:00+00:00,18.53221,6.2750006,0.27522916,Spain
2023-06-12 00:00:00+00:00,18.101479,5.0,0.27642706,Spain
2023-06-13 00:00:00+00:00,17.077,4.2250004,0.28202084,Spain
2023-06-14 00:00:00+00:00,18.2645,0.0,0.2792604,Spain
2023-06-15 00:00:00+00:00,20.580126,0.0,0.27152085,Spain
2023-06-16 00:00:00+00:00,22.460854,0.0,0.26117706,Spain
2023-06-17 00:00:00+00:00,23.348356,2.9750001,0.25170833,Spain
2023-06-18 00:00:00+00:00,21.10825,1.9,0.24658331,Spain
2023-06-19 00:00:00+00:00,19.622833,6.425,0.24204169,Spain
2023-06-20 00:00:00+00:00,19.756168,3.9750004,0.23971875,Spain
2023-06-21 00:00:00+00:00,18.827,4.175,0.23995832,Spain
2023-06-22 00:00:00+00:00,20.036373,1.0000001,0.24213544,Spain
2023-06-23 00:00:00+00:00,22.771791,0.0,0.23778126,Spain
2023-06-24 00:00:00+00:00,24.802002,0.0,0.22866666,Spain
2023-06-25 00:00:00+00:00,26.153563,0.375,0.21905209,Spain
2023-06-26 00:00:00+00:00,24.419708,0.1,0.21184376,Spain
2023-06-27 00:00:00+00:00,24.098875,0.15,0.20240624,Spain
2023-06-28 00:00:00+00:00,24.479082,0.025,0.19403127,Spain
2023-06-29 00:00:00+00:00,22.917103,0.25,0.19059373,Spain
2023-06-30 00:00:00+00:00,19.925957,0.0,0.187875,Spain
2023-07-01 00:00:00+00:00,22.079084,0.0,0.18441668,Spain
2023-07-02 00:00:00+00:00,23.85877,0.15,0.17976043,Spain
2023-07-03 00:00:00+00:00,24.775438,0.0,0.17735417,Spain
2023-07-04 00:00:00+00:00,23.984812,0.075,0.17726043,Spain
2023-07-05 00:00:00+00:00,23.275959,0.0,0.17386457,Spain
2023-07-06 00:00:00+00:00,23.202522,6.9500003,0.1745,Spain
2023-07-07 00:00:00+00:00,24.203043,0.2,0.1710521,Spain
2023-07-08 00:00:00+00:00,23.849916,0.0,0.17162499,Spain
2023-07-09 00:00:00+00:00,24.79575,0.0,0.16834375,Spain
2023-07-10 00:00:00+00:00,26.875439,0.0,0.16563542,Spain
2023-07-11 00:00:00+00:00,28.455645,0.0,0.16479167,Spain
2023-07-12 00:00:00+00:00,24.662418,0.0,0.16522914,Spain
2023-07-13 00:00:00+00:00,25.061375,0.0,0.1648333,Spain
2023-07-14 00:00:00+00:00,26.950958,0.0,0.1636875,Spain
2023-07-15 00:00:00+00:00,23.670229,0.0,0.16199999,Spain
2023-07-16 00:00:00+00:00,23.131687,0.0,0.16153124,Spain
2023-07-17 00:00:00+00:00,26.508772,0.0,0.161,Spain
2023-07-18 00:00:00+00:00,29.518147,0.0,0.16136459,Spain
2023-07-19 00:00:00+00:00,26.623875,0.0,0.16032292,Spain
2023-07-20 00:00:00+00:00,25.023874,0.025,0.15952082,Spain
2023-07-21 00:00:00+00:00,22.486374,0.0,0.15953127,Spain
2023-07-22 00:00:00+00:00,23.781689,0.0,0.15854168,Spain
2023-07-23 00:00:00+00:00,26.077,0.0,0.1575729,Spain
2023-07-24 00:00:00+00:00,22.84679,0.0,0.15658331,Spain
2023-07-25 00:00:00+00:00,20.780643,0.0,0.15683332,Spain
2023-07-26 00:00:00+00:00,22.887938,0.0,0.15621875,Spain
2023-07-27 00:00:00+00:00,24.797832,0.1,0.1563125,Spain
2023-07-28 00:00:00+00:00,24.629082,0.0,0.15583336,Spain
2023-07-29 00:00:00+00:00,25.44575,0.0,0.15592709,Spain
2023-07-30 00:00:00+00:00,25.392626,0.0,0.15578125,Spain
2023-07-31 00:00:00+00:00,26.004082,0.0,0.15490629,Spain
2023-08-01 00:00:00+00:00,25.273355,0.0,0.154625,Spain
2023-08-02 00:00:00+00:00,25.139502,0.0,0.15399998,Spain
2023-08-03 00:00:00+00:00,21.29575,0.0,0.15365624,Spain
2023-08-04 00:00:00+00:00,19.163979,0.0,0.153375,Spain
2023-08-05 00:00:00+00:00,21.591583,0.0,0.153,Spain
2023-08-06 00:00:00+00:00,23.054604,0.0,0.15192708,Spain
2023-08-07 00:00:00+00:00,23.846794,0.0,0.15176044,Spain
2023-08-08 00:00:00+00:00,27.468668,0.025,0.15138546,Spain
2023-08-09 00:00:00+00:00,29.899395,0.075,0.15253127,Spain
2023-08-10 00:00:00+00:00,27.638458,0.0,0.15037502,Spain
2023-08-11 00:00:00+00:00,28.024918,0.0,0.14988542,Spain
2023-08-12 00:00:00+00:00,27.546268,0.0,0.15050003,Spain
2023-08-13 00:00:00+00:00,26.721792,0.0,0.15125002,Spain
2023-08-14 00:00:00+00:00,26.346272,0.05,0.14998958,Spain
2023-08-15 00:00:00+00:00,25.293146,0.0,0.14960416,Spain
2023-08-16 00:00:00+00:00,25.594189,0.0,0.149625,Spain
2023-08-17 00:00:00+00:00,25.859291,0.0,0.1500104,Spain
2023-08-18 00:00:00+00:00,26.432209,0.0,0.14905208,Spain
2023-08-19 00:00:00+00:00,27.261375,0.0,0.14862499,Spain
2023-08-20 00:00:00+00:00,28.511375,0.0,0.14862499,Spain
2023-08-21 00:00:00+00:00,29.532207,0.0,0.14809376,Spain
2023-08-22 00:00:00+00:00,30.273355,0.0,0.14774999,Spain
2023-08-23 00:00:00+00:00,30.666584,0.0,0.1475,Spain
2023-08-24 00:00:00+00:00,30.531168,0.0,0.14740625,Spain
2023-08-25 00:00:00+00:00,26.798874,0.0,0.1473125,Spain
2023-08-26 00:00:00+00:00,22.619709,0.90000004,0.14825001,Spain
2023-08-27 00:00:00+00:00,17.362938,0.05,0.14651044,Spain
2023-08-28 00:00:00+00:00,18.585854,0.0,0.14668752,Spain
2023-08-29 00:00:00+00:00,19.062937,0.075,0.14650004,Spain
2023-08-30 00:00:00+00:00,19.197832,0.0,0.148625,Spain
2023-08-31 00:00:00+00:00,21.188457,0.0,0.14910418,Spain
2023-09-01 00:00:00+00:00,22.721272,0.57500005,0.15037501,Spain
2023-09-02 00:00:00+00:00,18.342104,15.049999,0.15260418,Spain
2023-09-03 00:00:00+00:00,18.203041,25.7,0.1710625,Spain
2023-09-04 00:00:00+00:00,19.327,11.150001,0.25019795,Spain
2023-09-05 00:00:00+00:00,20.191061,0.075,0.2575,Spain
2023-09-06 00:00:00+00:00,21.078041,0.1,0.25028124,Spain
2023-09-07 00:00:00+00:00,21.835854,0.17500001,0.24351041,Spain
2023-09-08 00:00:00+00:00,21.879084,2.65,0.23975001,Spain
2023-09-09 00:00:00+00:00,20.977,2.3,0.23259374,Spain
2023-09-10 00:00:00+00:00,20.951477,5.2500005,0.23078126,Spain
2023-09-11 00:00:00+00:00,19.521791,5.45,0.22485416,Spain
2023-09-12 00:00:00+00:00,18.230646,3.0749998,0.22011456,Spain
2023-09-13 00:00:00+00:00,18.903042,1.075,0.21696873,Spain
2023-09-14 00:00:00+00:00,19.742624,1.15,0.21332291,Spain
2023-09-15 00:00:00+00:00,18.9145,7.0500007,0.21070836,Spain
2023-09-16 00:00:00+00:00,18.334812,4.4750004,0.21087497,Spain
2023-09-17 00:00:00+00:00,17.292625,2.3499997,0.21443748,Spain
2023-09-18 00:00:00+00:00,16.10252,0.575,0.21899997,Spain
2023-09-19 00:00:00+00:00,17.186375,0.3,0.2186979,Spain
2023-09-20 00:00:00+00:00,17.371271,0.025,0.21520832,Spain
2023-09-21 00:00:00+00:00,15.100958,6.625,0.21177086,Spain
2023-09-22 00:00:00+00:00,13.548355,0.1,0.21204168,Spain
2023-09-23 00:00:00+00:00,14.486375,0.0,0.20959377,Spain
2023-09-24 00:00:00+00:00,17.301477,0.0,0.20317711,Spain
2023-09-25 00:00:00+00:00,19.337936,0.0,0.19803129,Spain
2023-09-26 00:00:00+00:00,19.62075,0.0,0.19132292,Spain
2023-09-27 00:00:00+00:00,20.278042,0.0,0.18521877,Spain
2023-09-28 00:00:00+00:00,20.628563,0.0,0.1820417,Spain
2023-09-29 00:00:00+00:00,21.98325,0.0,0.1792396,Spain
2023-09-30 00:00:00+00:00,22.450958,0.0,0.176875,Spain
2023-10-01 00:00:00+00:00,22.860853,0.0,0.17817709,Spain
2023-10-02 00:00:00+00:00,22.277521,0.0,0.17902085,Spain
2023-10-03 00:00:00+00:00,20.709291,0.0,0.17858332,Spain
2023-10-04 00:00:00+00:00,20.463459,0.0,0.17708331,Spain
2023-10-05 00:00:00+00:00,21.490541,0.0,0.17765623,Spain
2023-10-06 00:00:00+00:00,21.734812,0.0,0.17831251,Spain
2023-10-07 00:00:00+00:00,21.579084,0.0,0.17928126,Spain
2023-10-08 00:00:00+00:00,21.076479,0.0,0.18022916,Spain
2023-10-09 00:00:00+00:00,20.563457,0.0,0.17948958,Spain
2023-10-10 00:00:00+00:00,19.519188,0.0,0.17911458,Spain
2023-10-11 00:00:00+00:00,18.987415,0.0,0.1790625,Spain
2023-10-12 00:00:00+00:00,19.259811,0.0,0.1801146,Spain
2023-10-13 00:00:00+00:00,19.144188,0.77500004,0.1795,Spain
2023-10-14 00:00:00+00:00,16.259811,3.225,0.17930208,Spain
2023-10-15 00:00:00+00:00,15.460334,2.175,0.18072915,Spain
2023-10-16 00:00:00+00:00,15.916063,1.9750001,0.18269792,Spain
2023-10-17 00:00:00+00:00,17.546272,4.5499997,0.18671875,Spain
2023-10-18 00:00:00+00:00,16.874916,5.5249996,0.19432293,Spain
2023-10-19 00:00:00+00:00,13.927521,33.625,0.22559375,Spain
2023-10-20 00:00:00+00:00,11.45252,2.3749998,0.26950002,Spain
2023-10-21 00:00:00+00:00,9.997834,0.0,0.26860416,Spain
2023-10-22 00:00:00+00:00,11.009293,9.0,0.2675833,Spain
2023-10-23 00:00:00+00:00,11.474396,6.05,0.2981771,Spain
2023-10-24 00:00:00+00:00,10.359812,3.1,0.30463544,Spain
2023-10-25 00:00:00+00:00,13.636374,1.675,0.30080205,Spain
2023-10-26 00:00:00+00:00,14.524916,6.375,0.30591667,Spain
2023-10-27 00:00:00+00:00,11.186376,0.825,0.31552082,Spain
2023-10-28 00:00:00+00:00,12.558771,2.5749998,0.3108229,Spain
2023-10-29 00:00:00+00:00,12.792104,4.9750004,0.31440622,Spain
2023-10-30 00:00:00+00:00,11.033249,9.625,0.32819793,Spain
2023-10-31 00:00:00+00:00,9.19002,0.05,0.32302085,Spain
2023-11-01 00:00:00+00:00,11.335855,1.5000001,0.32003123,Spain
2023-11-02 00:00:00+00:00,10.958771,11.275001,0.33100003,Spain
2023-11-03 00:00:00+00:00,8.792624,1.725,0.32928127,Spain
2023-11-04 00:00:00+00:00,10.956166,3.35,0.32640627,Spain
2023-11-05 00:00:00+00:00,9.423876,0.375,0.3237188,Spain
2023-11-06 00:00:00+00:00,7.061896,0.175,0.32,Spain
2023-11-07 00:00:00+00:00,5.684292,1.3749999,0.31579164,Spain
2023-11-08 00:00:00+00:00,7.5238748,3.75,0.31257296,Spain
2023-11-09 00:00:00+00:00,9.535854,1.8499999,0.3169167,Spain
2023-11-10 00:00:00+00:00,9.878041,1.3,0.3143958,Spain
2023-11-11 00:00:00+00:00,12.754604,1.2750001,0.3153958,Spain
2023-11-12 00:00:00+00:00,13.47752,0.275,0.31329167,Spain
2023-11-13 00:00:00+00:00,13.292625,0.0,0.30856246,Spain
2023-11-14 00:00:00+00:00,12.637417,0.075,0.30484372,Spain
2023-11-15 00:00:00+00:00,12.674396,0.22500002,0.2993333,Spain
2023-11-16 00:00:00+00:00,13.147312,0.25,0.29559374,Spain
2023-11-17 00:00:00+00:00,11.630126,0.3,0.29167712,Spain
2023-11-18 00:00:00+00:00,11.1259575,0.0,0.28745836,Spain
2023-11-19 00:00:00+00:00,11.030125,0.0,0.28239584,Spain
2023-11-20 00:00:00+00:00,10.854083,0.075,0.27742708,Spain
2023-11-21 00:00:00+00:00,7.866584,0.025,0.27353126,Spain
2023-11-22 00:00:00+00:00,7.623354,0.30000004,0.27061456,Spain
2023-11-23 00:00:00+00:00,6.4540834,0.0,0.2679271,Spain
2023-11-24 00:00:00+00:00,7.5707498,0.0,0.26185417,Spain
2023-11-25 00:00:00+00:00,8.20252,0.0,0.25724998,Spain
2023-11-26 00:00:00+00:00,6.9035625,0.0,0.25433332,Spain
2023-11-27 00:00:00+00:00,7.875437,0.125,0.25098962,Spain
2023-11-28 00:00:00+00:00,9.701479,2.5249999,0.25059375,Spain
2023-11-29 00:00:00+00:00,11.028563,1.1500001,0.2515417,Spain
2023-11-30 00:00:00+00:00,11.386375,17.375,0.2632396,Spain
2023-12-01 00:00:00+00:00,6.5978336,10.5,0.2974167,Spain
2023-12-02 00:00:00+00:00,4.7931457,0.25,0.30348957,Spain
2023-12-03 00:00:00+00:00,3.9353333,0.275,0.30321875,Spain
2023-12-04 00:00:00+00:00,6.3728333,3.85,0.30391663,Spain
2023-12-05 00:00:00+00:00,4.885854,0.17500001,0.30429173,Spain
2023-12-06 00:00:00+00:00,4.8582497,0.125,0.30295837,Spain
2023-12-07 00:00:00+00:00,6.152521,10.35,0.30834377,Spain
2023-12-08 00:00:00+00:00,6.8702297,0.6750001,0.32481247,Spain
2023-12-09 00:00:00+00:00,8.809292,0.05,0.32123956,Spain
2023-12-10 00:00:00+00:00,10.531688,0.0,0.3171875,Spain
2023-12-11 00:00:00+00:00,9.718145,0.05,0.31339583,Spain
2023-12-12 00:00:00+00:00,10.386375,2.675,0.31256253,Spain
2023-12-13 00:00:00+00:00,7.810854,0.45000002,0.3175,Spain
2023-12-14 00:00:00+00:00,5.5785627,0.075,0.31410414,Spain
2023-12-15 00:00:00+00:00,6.524396,0.025,0.3102396,Spain
2023-12-16 00:00:00+00:00,5.4311666,0.0,0.30526042,Spain
2023-12-17 00:00:00+00:00,3.74575,0.0,0.303,Spain
2023-12-18 00:00:00+00:00,3.323875,0.0,0.30168748,Spain
2023-12-19 00:00:00+00:00,2.7957501,0.0,0.3002813,Spain
2023-12-20 00:00:00+00:00,5.061375,0.82500005,0.29809377,Spain
2023-12-21 00:00:00+00:00,5.656167,0.025,0.29553124,Spain
2023-12-22 00:00:00+00:00,5.855646,0.0,0.29269797,Spain
2023-12-23 00:00:00+00:00,4.9749165,0.0,0.28676045,Spain
2023-12-24 00:00:00+00:00,4.235854,0.0,0.28211454,Spain
2023-12-25 00:00:00+00:00,3.8259587,0.0,0.28159374,Spain
2023-12-26 00:00:00+00:00,2.97075,0.0,0.28294787,Spain
2023-12-27 00:00:00+00:00,2.636375,0.0,0.2830104,Spain
2023-12-28 00:00:00+00:00,4.08325,1.05,0.28313538,Spain
2023-12-29 00:00:00+00:00,5.950437,0.375,0.28448963,Spain
2023-12-30 00:00:00+00:00,6.030125,0.1,0.28219795,Spain
2023-12-31 00:00:00+00:00,6.2681465,0.35000002,0.28017712,Spain
2022-01-01 00:00:00+00:00,9.692291,0.0,0.377375,France
2022-01-02 00:00:00+00:00,11.307916,1.0,0.37090278,France
2022-01-03 00:00:00+00:00,10.710347,9.283334,0.3747847,France
2022-01-04 00:00:00+00:00,8.573542,12.516667,0.39717364,France
2022-01-05 00:00:00+00:00,2.252014,0.4333333,0.39482638,France
2022-01-06 00:00:00+00:00,2.2440279,0.25,0.3855556,France
2022-01-07 00:00:00+00:00,4.896111,7.1666665,0.38378474,France
2022-01-08 00:00:00+00:00,6.2172914,14.516667,0.39649308,France
2022-01-09 00:00:00+00:00,5.161389,5.0833335,0.40368056,France
2022-01-10 00:00:00+00:00,4.0402083,1.5333333,0.39644444,France
2022-01-11 00:00:00+00:00,2.0006251,0.033333335,0.38510418,France
2022-01-12 00:00:00+00:00,1.6360416,0.0,0.37653473,France
2022-01-13 00:00:00+00:00,1.6398611,0.0,0.36963192,France
2022-01-14 00:00:00+00:00,0.6322222,0.0,0.36340973,France
2022-01-15 00:00:00+00:00,0.25201395,0.0,0.3604722,France
2022-01-16 00:00:00+00:00,1.2606944,1.0333333,0.3572986,France
2022-01-17 00:00:00+00:00,2.7860415,0.033333335,0.35577083,France
2022-01-18 00:00:00+00:00,3.9218056,0.033333335,0.35485414,France
2022-01-19 00:00:00+00:00,3.5367362,1.3000001,0.35278472,France
2022-01-20 00:00:00+00:00,3.4957638,0.9166667,0.3542153,France
2022-01-21 00:00:00+00:00,2.1013193,0.15000002,0.3535833,France
2022-01-22 00:00:00+00:00,2.4742362,0.016666668,0.35215273,France
2022-01-23 00:00:00+00:00,3.2777083,0.016666668,0.34828472,France
2022-01-24 00:00:00+00:00,1.733264,0.0,0.34753466,France
2022-01-25 00:00:00+00:00,0.488125,0.0,0.34397218,France
2022-01-26 00:00:00+00:00,0.7971528,0.033333335,0.34329167,France
2022-01-27 00:00:00+00:00,2.094722,0.44999996,0.34201387,France
2022-01-28 00:00:00+00:00,3.8981943,0.033333335,0.34200692,France
2022-01-29 00:00:00+00:00,6.3374305,0.7333334,0.34085414,France
2022-01-30 00:00:00+00:00,6.104444,0.5166667,0.34171525,France
2022-01-31 00:00:00+00:00,5.8426385,1.8166666,0.34418747,France
2022-02-01 00:00:00+00:00,5.6749306,0.86666673,0.34424305,France
2022-02-02 00:00:00+00:00,8.351319,0.53333336,0.34489584,France
2022-02-03 00:00:00+00:00,6.224236,0.13333334,0.3472847,France
2022-02-04 00:00:00+00:00,6.799583,1.2166667,0.34797224,France
2022-02-05 00:00:00+00:00,4.177708,0.13333334,0.34854165,France
2022-02-06 00:00:00+00:00,7.845417,7.7333336,0.35195836,France
2022-02-07 00:00:00+00:00,6.3603473,0.55,0.3629305,France
2022-02-08 00:00:00+00:00,6.3506255,0.28333336,0.3602917,France
2022-02-09 00:00:00+00:00,6.2881255,0.0,0.35836807,France
2022-02-10 00:00:00+00:00,6.583958,2.216667,0.3564167,France
2022-02-11 00:00:00+00:00,3.439514,0.14999999,0.35910416,France
2022-02-12 00:00:00+00:00,2.4579167,0.0,0.3546597,France
2022-02-13 00:00:00+00:00,6.6006255,1.5666667,0.3509028,France
2022-02-14 00:00:00+00:00,8.048888,3.55,0.35019448,France
2022-02-15 00:00:00+00:00,6.744028,4.6,0.35730556,France
2022-02-16 00:00:00+00:00,11.231528,8.866667,0.38038194,France
2022-02-17 00:00:00+00:00,10.788472,1.933333,0.38296533,France
2022-02-18 00:00:00+00:00,9.31,2.5666666,0.37738892,France
2022-02-19 00:00:00+00:00,6.025625,0.61666673,0.37516665,France
2022-02-20 00:00:00+00:00,9.524236,2.5666668,0.37195137,France
2022-02-21 00:00:00+00:00,7.5888195,3.9166667,0.3751042,France
2022-02-22 00:00:00+00:00,7.7075706,1.2833333,0.37261805,France
2022-02-23 00:00:00+00:00,7.7332635,0.26666668,0.3696736,France
2022-02-24 00:00:00+00:00,6.973194,1.8833333,0.36571527,France
2022-02-25 00:00:00+00:00,4.186736,0.29999998,0.36393058,France
2022-02-26 00:00:00+00:00,3.9606946,0.0,0.356625,France
2022-02-27 00:00:00+00:00,5.093681,0.0,0.34952083,France
2022-02-28 00:00:00+00:00,5.656181,0.06666667,0.34009722,France
2022-03-01 00:00:00+00:00,6.7839584,0.116666675,0.34024307,France
2022-03-02 00:00:00+00:00,7.5811806,1.4166666,0.3335278,France
2022-03-03 00:00:00+00:00,8.419723,3.3,0.3320208,France
2022-03-04 00:00:00+00:00,6.843333,0.65,0.33175695,France
2022-03-05 00:00:00+00:00,5.2214584,0.2,0.3317639,France
2022-03-06 00:00:00+00:00,4.170069,0.3166667,0.32795832,France
2022-03-07 00:00:00+00:00,2.725278,0.0,0.3258125,France
2022-03-08 00:00:00+00:00,5.4853473,0.5,0.31986114,France
2022-03-09 00:00:00+00:00,7.804792,0.35,0.32196525,France
2022-03-10 00:00:00+00:00,9.142986,1.0500001,0.31857637,France
2022-03-11 00:00:00+00:00,9.776667,5.233333,0.31544444,France
2022-03-12 00:00:00+00:00,8.780139,2.15,0.3199861,France
2022-03-13 00:00:00+00:00,8.332916,7.4666667,0.32929862,France
2022-03-14 00:00:00+00:00,8.753057,0.4,0.33898613,France
2022-03-15 00:00:00+00:00,10.957222,3.8500001,0.33937502,France
2022-03-16 00:00:00+00:00,11.911736,0.3,0.34179863,France
2022-03-17 00:00:00+00:00,8.5836115,0.55,0.33923614,France
2022-03-18 00:00:00+00:00,8.674236,0.0,0.33547914,France
2022-03-19 00:00:00+00:00,9.983264,0.0,0.3286597,France
2022-03-20 00:00:00+00:00,8.348194,1.9166665,0.32129863,France
2022-03-21 00:00:00+00:00,11.079446,0.0,0.31570137,France
2022-03-22 00:00:00+00:00,10.67007,0.0,0.30760416,France
2022-03-23 00:00:00+00:00,10.081528,0.033333335,0.29938892,France
2022-03-24 00:00:00+00:00,10.9117365,0.0,0.29067364,France
2022-03-25 00:00:00+00:00,11.526668,0.0,0.28429165,France
2022-03-26 00:00:00+00:00,12.273889,0.0,0.27035418,France
2022-03-27 00:00:00+00:00,12.541596,0.0,0.26054168,France
2022-03-28 00:00:00+00:00,12.940557,0.033333335,0.25116667,France
2022-03-29 00:00:00+00:00,12.007569,2.95,0.24078475,France
2022-03-30 00:00:00+00:00,9.739514,1.2333335,0.23825,France
2022-03-31 00:00:00+00:00,5.812083,2.9999998,0.24072222,France
2022-04-01 00:00:00+00:00,2.8086112,1.6333333,0.24119444,France
2022-04-02 00:00:00+00:00,2.936389,0.3166667,0.24153471,France
2022-04-03 00:00:00+00:00,2.8290975,0.0,0.24340971,France
2022-04-04 00:00:00+00:00,4.630139,0.45000005,0.24251388,France
2022-04-05 00:00:00+00:00,9.443334,0.9833334,0.24181251,France
2022-04-06 00:00:00+00:00,9.973889,2.6000001,0.24283338,France
2022-04-07 00:00:00+00:00,10.862083,12.2,0.25706944,France
2022-04-08 00:00:00+00:00,8.273194,16.900002,0.29677084,France
2022-04-09 00:00:00+00:00,5.367639,0.9166667,0.32960418,France
2022-04-10 00:00:00+00:00,7.359653,0.016666668,0.3244375,France
2022-04-11 00:00:00+00:00,12.497848,0.05,0.31478474,France
2022-04-12 00:00:00+00:00,13.536042,2.1666665,0.30615973,France
2022-04-13 00:00:00+00:00,12.955833,3.5500004,0.3029305,France
2022-04-14 00:00:00+00:00,13.842639,0.18333334,0.29854164,France
2022-04-15 00:00:00+00:00,14.306876,0.016666668,0.29036108,France
2022-04-16 00:00:00+00:00,13.158264,0.0,0.28084028,France
2022-04-17 00:00:00+00:00,12.566945,0.0,0.26961806,France
2022-04-18 00:00:00+00:00,12.13639,0.06666667,0.2592778,France
2022-04-19 00:00:00+00:00,11.4975,0.38333333,0.2524514,France
2022-04-20 00:00:00+00:00,12.360348,0.65000004,0.24788195,France
2022-04-21 00:00:00+00:00,12.7725,0.06666667,0.2437361,France
2022-04-22 00:00:00+00:00,13.275626,0.083333336,0.23666668,France
2022-04-23 00:00:00+00:00,13.725625,1.3166667,0.23585415,France
2022-04-24 00:00:00+00:00,12.66,5.066667,0.23952083,France
2022-04-25 00:00:00+00:00,11.344376,3.1000004,0.24318056,France
2022-04-26 00:00:00+00:00,10.656876,0.083333336,0.2426042,France
2022-04-27 00:00:00+00:00,12.32389,0.35,0.2407986,France
2022-04-28 00:00:00+00:00,14.284654,0.0,0.23602776,France
2022-04-29 00:00:00+00:00,13.392638,0.50000006,0.2310764,France
2022-04-30 00:00:00+00:00,11.738126,0.033333335,0.22588891,France
2022-05-01 00:00:00+00:00,11.639514,0.1,0.22446531,France
2022-05-02 00:00:00+00:00,13.21,0.65,0.22009026,France
2022-05-03 00:00:00+00:00,13.763473,0.06666667,0.21541667,France
2022-05-04 00:00:00+00:00,12.913125,0.79999995,0.21070139,France
2022-05-05 00:00:00+00:00,12.96625,0.6166667,0.20809723,France
2022-05-06 00:00:00+00:00,14.232917,0.11666667,0.20556252,France
2022-05-07 00:00:00+00:00,14.855487,0.5833333,0.20138194,France
2022-05-08 00:00:00+00:00,15.8492365,0.23333335,0.1964236,France
2022-05-09 00:00:00+00:00,17.720068,0.0,0.19335417,France
2022-05-10 00:00:00+00:00,18.782223,0.033333335,0.18586111,France
2022-05-11 00:00:00+00:00,18.03882,0.116666675,0.18030554,France
2022-05-12 00:00:00+00:00,15.798543,0.33333334,0.17711109,France
2022-05-13 00:00:00+00:00,15.362431,0.016666668,0.17609721,France
2022-05-14 00:00:00+00:00,17.273542,0.0,0.17215972,France
2022-05-15 00:00:00+00:00,20.643682,3.2,0.16888194,France
2022-05-16 00:00:00+00:00,19.053057,0.95,0.16878474,France
2022-05-17 00:00:00+00:00,21.127363,0.41666666,0.16777778,France
2022-05-18 00:00:00+00:00,21.638124,0.33333334,0.15855555,France
2022-05-19 00:00:00+00:00,20.853403,4.4333334,0.15569444,France
2022-05-20 00:00:00+00:00,18.79368,12.916667,0.16071527,France
2022-05-21 00:00:00+00:00,17.757223,0.0,0.1611736,France
2022-05-22 00:00:00+00:00,19.422153,4.9500003,0.16004167,France
2022-05-23 00:00:00+00:00,16.600624,12.500001,0.17117362,France
2022-05-24 00:00:00+00:00,13.286041,3.2666671,0.18027084,France
2022-05-25 00:00:00+00:00,14.095764,0.06666667,0.18661113,France
2022-05-26 00:00:00+00:00,15.778403,0.16666667,0.1880625,France
2022-05-27 00:00:00+00:00,15.620418,0.23333335,0.18921526,France
2022-05-28 00:00:00+00:00,14.729098,0.033333335,0.18815975,France
2022-05-29 00:00:00+00:00,12.640208,0.083333336,0.1844861,France
2022-05-30 00:00:00+00:00,13.300972,0.06666667,0.18218057,France
2022-05-31 00:00:00+00:00,15.114861,0.0,0.17863889,France
2022-06-01 00:00:00+00:00,15.835,0.083333336,0.17415972,France
2022-06-02 00:00:00+00:00,18.479792,0.51666665,0.16829167,France
2022-06-03 00:00:00+00:00,19.701319,2.3,0.16539581,France
2022-06-04 00:00:00+00:00,20.644722,3.4333334,0.16477084,France
2022-06-05 00:00:00+00:00,17.762777,5.85,0.1893125,France
2022-06-06 00:00:00+00:00,16.288473,2.8999999,0.19940974,France
2022-06-07 00:00:00+00:00,16.522501,2.5666668,0.20163192,France
2022-06-08 00:00:00+00:00,16.243334,14.833335,0.21534723,France
2022-06-09 00:00:00+00:00,15.797153,0.45000002,0.22765277,France
2022-06-10 00:00:00+00:00,17.788126,0.06666667,0.22652777,France
2022-06-11 00:00:00+00:00,19.536041,0.3,0.22038193,France
2022-06-12 00:00:00+00:00,18.40479,0.26666668,0.21123612,France
2022-06-13 00:00:00+00:00,17.191599,0.0,0.20258331,France
2022-06-14 00:00:00+00:00,19.81347,0.0,0.19343054,France
2022-06-15 00:00:00+00:00,22.894373,0.033333335,0.18400002,France
2022-06-16 00:00:00+00:00,22.972847,0.0,0.17465973,France
2022-06-17 00:00:00+00:00,25.506182,0.0,0.17184722,France
2022-06-18 00:00:00+00:00,28.158958,0.0,0.16824304,France
2022-06-19 00:00:00+00:00,22.76486,6.5833335,0.17065279,France
2022-06-20 00:00:00+00:00,20.19264,4.233333,0.17860414,France
2022-06-21 00:00:00+00:00,19.926666,3.4000003,0.18434721,France
2022-06-22 00:00:00+00:00,20.185694,3.2666664,0.18958332,France
2022-06-23 00:00:00+00:00,20.039862,4.15,0.20419443,France
2022-06-24 00:00:00+00:00,18.554098,2.7666667,0.22905554,France
2022-06-25 00:00:00+00:00,16.767986,7.1666665,0.24499305,France
2022-06-26 00:00:00+00:00,16.012083,1.7499999,0.26327083,France
2022-06-27 00:00:00+00:00,16.016598,1.2166667,0.26876387,France
2022-06-28 00:00:00+00:00,17.295765,0.016666668,0.26377085,France
2022-06-29 00:00:00+00:00,18.111391,0.36666667,0.25270137,France
2022-06-30 00:00:00+00:00,14.81243,10.683333,0.24958332,France
2022-07-01 00:00:00+00:00,15.239861,0.23333335,0.25204167,France
2022-07-02 00:00:00+00:00,18.18882,0.0,0.24394445,France
2022-07-03 00:00:00+00:00,17.920765,0.0,0.23093748,France
2022-07-04 00:00:00+00:00,18.274584,0.016666668,0.2198264,France
2022-07-05 00:00:00+00:00,18.543333,0.0,0.20906949,France
2022-07-06 00:00:00+00:00,18.666945,0.033333335,0.2002847,France
2022-07-07 00:00:00+00:00,18.785002,0.11666667,0.19570138,France
2022-07-08 00:00:00+00:00,19.270071,0.0,0.1934861,France
2022-07-09 00:00:00+00:00,21.256874,0.0,0.1873125,France
2022-07-10 00:00:00+00:00,20.644375,0.0,0.18168749,France
2022-07-11 00:00:00+00:00,22.74264,0.05,0.1775903,France
2022-07-12 00:00:00+00:00,24.414515,0.0,0.17422222,France
2022-07-13 00:00:00+00:00,25.62632,0.0,0.16999304,France
2022-07-14 00:00:00+00:00,24.24507,0.0,0.1681389,France
2022-07-15 00:00:00+00:00,21.51764,0.0,0.16487502,France
2022-07-16 00:00:00+00:00,21.995071,0.0,0.16297221,France
2022-07-17 00:00:00+00:00,24.16625,0.0,0.1604375,France
2022-07-18 00:00:00+00:00,28.380487,0.0,0.15740277,France
2022-07-19 00:00:00+00:00,27.941252,0.35000002,0.15409027,France
2022-07-20 00:00:00+00:00,21.119722,7.4499993,0.16638888,France
2022-07-21 00:00:00+00:00,20.741251,0.45000002,0.1884514,France
2022-07-22 00:00:00+00:00,20.27111,5.3333335,0.1934514,France
2022-07-23 00:00:00+00:00,20.72146,0.2,0.1988125,France
2022-07-24 00:00:00+00:00,23.308266,0.0,0.19388886,France
2022-07-25 00:00:00+00:00,21.12736,0.7666667,0.18532638,France
2022-07-26 00:00:00+00:00,19.000626,0.21666668,0.18479861,France
2022-07-27 00:00:00+00:00,19.312777,0.0,0.18099307,France
2022-07-28 00:00:00+00:00,20.54368,0.033333335,0.17845835,France
2022-07-29 00:00:00+00:00,21.280834,0.18333334,0.17552082,France
2022-07-30 00:00:00+00:00,21.82875,0.033333335,0.16963194,France
2022-07-31 00:00:00+00:00,22.118334,0.23333335,0.16836804,France
2022-08-01 00:00:00+00:00,21.370071,0.73333335,0.16740972,France
2022-08-02 00:00:00+00:00,23.32493,0.0,0.16629164,France
2022-08-03 00:00:00+00:00,26.075624,0.016666668,0.1625486,France
2022-08-04 00:00:00+00:00,24.442291,0.96666664,0.16055556,France
2022-08-05 00:00:00+00:00,21.132917,2.5333333,0.16045834,France
2022-08-06 00:00:00+00:00,19.473192,0.0,0.15838192,France
2022-08-07 00:00:00+00:00,20.694029,0.0,0.15563196,France
2022-08-08 00:00:00+00:00,22.281876,0.0,0.15175696,France
2022-08-09 00:00:00+00:00,24.100279,0.0,0.14874305,France
2022-08-10 00:00:00+00:00,25.80514,0.0,0.14808333,France
2022-08-11 00:00:00+00:00,26.142988,0.0,0.14810418,France
2022-08-12 00:00:00+00:00,26.389166,0.0,0.1491389,France
2022-08-13 00:00:00+00:00,25.51625,0.1,0.1481111,France
2022-08-14 00:00:00+00:00,21.834305,6.033333,0.1494236,France
2022-08-15 00:00:00+00:00,20.64021,3.6166666,0.15904166,France
2022-08-16 00:00:00+00:00,20.621805,4.266667,0.16808335,France
2022-08-17 00:00:00+00:00,19.718681,3.7499998,0.17796528,France
2022-08-18 00:00:00+00:00,19.957224,0.8333333,0.18505555,France
2022-08-19 00:00:00+00:00,19.643682,4.283334,0.18604863,France
2022-08-20 00:00:00+00:00,19.240904,0.28333333,0.18677084,France
2022-08-21 00:00:00+00:00,18.86521,0.8833334,0.18424998,France
2022-08-22 00:00:00+00:00,20.433958,0.7666667,0.18268748,France
2022-08-23 00:00:00+00:00,21.77736,0.23333335,0.18093748,France
2022-08-24 00:00:00+00:00,24.357569,0.0,0.17703474,France
2022-08-25 00:00:00+00:00,23.420416,0.8333333,0.17065276,France
2022-08-26 00:00:00+00:00,20.644375,1.1999999,0.1677361,France
2022-08-27 00:00:00+00:00,19.873888,0.016666668,0.16747917,France
2022-08-28 00:00:00+00:00,20.870764,0.06666667,0.16347222,France
2022-08-29 00:00:00+00:00,22.904097,0.0,0.15934722,France
2022-08-30 00:00:00+00:00,21.938475,1.1500001,0.15656944,France
2022-08-31 00:00:00+00:00,21.502708,0.8166666,0.15636806,France
2022-09-01 00:00:00+00:00,21.281874,0.3666667,0.15430555,France
2022-09-02 00:00:00+00:00,19.637777,3.8999999,0.15575695,France
2022-09-03 00:00:00+00:00,19.348194,2.5,0.15909722,France
2022-09-04 00:00:00+00:00,21.16382,0.05,0.16034722,France
2022-09-05 00:00:00+00:00,22.29611,2.5666666,0.15788196,France
2022-09-06 00:00:00+00:00,20.885695,3.6999998,0.15780556,France
2022-09-07 00:00:00+00:00,18.242987,5.1,0.16160417,France
2022-09-08 00:00:00+00:00,17.24854,6.5333333,0.16843057,France
2022-09-09 00:00:00+00:00,16.707918,4.5,0.18674307,France
2022-09-10 00:00:00+00:00,16.772154,1.2166666,0.20741667,France
2022-09-11 00:00:00+00:00,17.779444,0.083333336,0.21163194,France
2022-09-12 00:00:00+00:00,21.07007,0.0,0.2073264,France
2022-09-13 00:00:00+00:00,22.424583,1.6833334,0.20252778,France
2022-09-14 00:00:00+00:00,20.040209,10.166667,0.20824306,France
2022-09-15 00:00:00+00:00,17.86278,1.2666667,0.23034723,France
2022-09-16 00:00:00+00:00,14.471458,0.083333336,0.23081249,France
2022-09-17 00:00:00+00:00,12.269375,0.1,0.2301736,France
2022-09-18 00:00:00+00:00,12.299931,0.033333335,0.22772916,France
2022-09-19 00:00:00+00:00,12.882222,0.016666668,0.22306943,France
2022-09-20 00:00:00+00:00,12.828751,0.06666667,0.21870834,France
2022-09-21 00:00:00+00:00,13.649932,0.0,0.21511112,France
2022-09-22 00:00:00+00:00,13.865209,0.0,0.21056943,France
2022-09-23 00:00:00+00:00,14.408264,0.8166666,0.20742364,France
2022-09-24 00:00:00+00:00,13.698194,2.4833333,0.20613198,France
2022-09-25 00:00:00+00:00,12.82389,0.8333333,0.20563887,France
2022-09-26 00:00:00+00:00,11.765556,7.7833333,0.20768054,France
2022-09-27 00:00:00+00:00,12.0238905,7.4,0.21884722,France
2022-09-28 00:00:00+00:00,11.807223,7.9166665,0.24213193,France
2022-09-29 00:00:00+00:00,10.235694,1.2166667,0.2551736,France
2022-09-30 00:00:00+00:00,11.262778,1.4,0.2565625,France
2022-10-01 00:00:00+00:00,15.536041,9.383334,0.27429864,France
2022-10-02 00:00:00+00:00,15.225278,7.75,0.2962847,France
2022-10-03 00:00:00+00:00,13.227361,0.18333335,0.3002986,France
2022-10-04 00:00:00+00:00,13.753056,0.06666667,0.29406944,France
2022-10-05 00:00:00+00:00,15.986043,0.53333336,0.28811803,France
2022-10-06 00:00:00+00:00,13.610001,0.21666668,0.28245834,France
2022-10-07 00:00:00+00:00,12.474236,0.0,0.2775,France
2022-10-08 00:00:00+00:00,12.097153,0.13333334,0.27308333,France
2022-10-09 00:00:00+00:00,12.612431,0.0,0.26694444,France
2022-10-10 00:00:00+00:00,14.55757,3.3166666,0.26211116,France
2022-10-11 00:00:00+00:00,13.207917,0.74999994,0.25925002,France
2022-10-12 00:00:00+00:00,12.508613,0.0,0.25720835,France
2022-10-13 00:00:00+00:00,13.960694,4.5833335,0.25589582,France
2022-10-14 00:00:00+00:00,15.469029,8.816667,0.26738888,France
2022-10-15 00:00:00+00:00,15.9301405,7.2333336,0.3010694,France
2022-10-16 00:00:00+00:00,17.144375,1.5666666,0.32300693,France
2022-10-17 00:00:00+00:00,17.058264,6.116667,0.3250625,France
2022-10-18 00:00:00+00:00,17.244028,2.1833334,0.34953475,France
2022-10-19 00:00:00+00:00,17.852362,0.76666665,0.34613886,France
2022-10-20 00:00:00+00:00,17.095764,6.183333,0.34551385,France
2022-10-21 00:00:00+00:00,16.73882,3.6333334,0.35295138,France
2022-10-22 00:00:00+00:00,16.065208,1.1666666,0.35068056,France
2022-10-23 00:00:00+00:00,17.817291,3.8333333,0.3473958,France
2022-10-24 00:00:00+00:00,15.504792,5.0,0.3495556,France
2022-10-25 00:00:00+00:00,15.152015,0.95,0.34570143,France
2022-10-26 00:00:00+00:00,16.65236,0.06666667,0.34075692,France
2022-10-27 00:00:00+00:00,18.527014,0.33333334,0.3378125,France
2022-10-28 00:00:00+00:00,18.519377,0.18333334,0.33608332,France
2022-10-29 00:00:00+00:00,18.140211,0.116666675,0.33356944,France
2022-10-30 00:00:00+00:00,14.893334,3.0000002,0.33413193,France
2022-10-31 00:00:00+00:00,15.267292,4.25,0.33143058,France
2022-11-01 00:00:00+00:00,13.71868,2.6166666,0.32858333,France
2022-11-02 00:00:00+00:00,12.419375,0.23333333,0.32697222,France
2022-11-03 00:00:00+00:00,11.945416,8.266667,0.33058333,France
2022-11-04 00:00:00+00:00,9.444375,4.866667,0.34730554,France
2022-11-05 00:00:00+00:00,8.329097,0.8500001,0.35147223,France
2022-11-06 00:00:00+00:00,10.636389,4.666667,0.35402775,France
2022-11-07 00:00:00+00:00,12.916596,1.3,0.35636106,France
2022-11-08 00:00:00+00:00,13.71,3.533333,0.34933332,France
2022-11-09 00:00:00+00:00,11.827708,1.2666667,0.3570486,France
2022-11-10 00:00:00+00:00,9.231875,0.016666668,0.3530556,France
2022-11-11 00:00:00+00:00,9.696111,0.0,0.34735417,France
2022-11-12 00:00:00+00:00,11.231181,0.0,0.3424097,France
2022-11-13 00:00:00+00:00,9.973195,0.0,0.33745837,France
2022-11-14 00:00:00+00:00,9.5054865,2.1166666,0.33386102,France
2022-11-15 00:00:00+00:00,11.273889,7.5500007,0.33961806,France
2022-11-16 00:00:00+00:00,11.193681,8.166667,0.35894445,France
2022-11-17 00:00:00+00:00,11.020763,8.633333,0.37651393,France
2022-11-18 00:00:00+00:00,8.065557,1.2833334,0.37738192,France
2022-11-19 00:00:00+00:00,5.843681,0.38333333,0.36752084,France
2022-11-20 00:00:00+00:00,7.0829167,4.6,0.3637569,France
2022-11-21 00:00:00+00:00,7.5641665,5.5833335,0.36919442,France
2022-11-22 00:00:00+00:00,7.6322227,2.45,0.37424305,France
2022-11-23 00:00:00+00:00,8.927709,4.5,0.37485418,France
2022-11-24 00:00:00+00:00,9.695417,2.8,0.37573612,France
2022-11-25 00:00:00+00:00,8.388125,1.0333333,0.37539577,France
2022-11-26 00:00:00+00:00,6.427361,0.016666668,0.36858332,France
2022-11-27 00:00:00+00:00,8.294027,7.9500003,0.3685,France
2022-11-28 00:00:00+00:00,7.9815273,4.8333335,0.38082638,France
2022-11-29 00:00:00+00:00,6.10618,0.21666668,0.37740278,France
2022-11-30 00:00:00+00:00,5.720764,0.05,0.37076387,France
2022-12-01 00:00:00+00:00,5.233264,0.15,0.36708334,France
2022-12-02 00:00:00+00:00,3.8402088,1.4666667,0.36320832,France
2022-12-03 00:00:00+00:00,3.2218056,1.3166666,0.3637708,France
2022-12-04 00:00:00+00:00,3.2308333,3.3666668,0.3621458,France
2022-12-05 00:00:00+00:00,3.424236,1.3666668,0.36522916,France
2022-12-06 00:00:00+00:00,3.1700695,0.0,0.36270833,France
2022-12-07 00:00:00+00:00,2.5815277,0.033333335,0.3585625,France
2022-12-08 00:00:00+00:00,1.4888195,0.083333336,0.3557361,France
2022-12-09 00:00:00+00:00,0.046458323,0.39999998,0.35503474,France
2022-12-10 00:00:00+00:00,-0.694514,0.11666667,0.35229167,France
2022-12-11 00:00:00+00:00,-1.4965972,0.55,0.35005555,France
2022-12-12 00:00:00+00:00,-1.6545833,1.4499999,0.34775695,France
2022-12-13 00:00:00+00:00,-0.93479174,0.31666666,0.34771526,France
2022-12-14 00:00:00+00:00,1.2433335,5.933333,0.35250697,France
2022-12-15 00:00:00+00:00,0.19541661,0.28333333,0.35708332,France
2022-12-16 00:00:00+00:00,-0.8938194,0.0,0.35483333,France
2022-12-17 00:00:00+00:00,-2.8410416,0.0,0.3518264,France
2022-12-18 00:00:00+00:00,0.9874305,2.3166668,0.35002777,France
2022-12-19 00:00:00+00:00,8.578055,2.8,0.36121532,France
2022-12-20 00:00:00+00:00,11.086041,12.166667,0.3719653,France
2022-12-21 00:00:00+00:00,10.464861,8.3,0.38627777,France
2022-12-22 00:00:00+00:00,11.697499,12.75,0.39484027,France
2022-12-23 00:00:00+00:00,12.246806,14.000001,0.4067986,France
2022-12-24 00:00:00+00:00,10.401668,2.6666667,0.39719447,France
2022-12-25 00:00:00+00:00,11.127014,4.5666666,0.39520836,France
2022-12-26 00:00:00+00:00,9.018681,3.8166666,0.39282635,France
2022-12-27 00:00:00+00:00,5.9280553,0.35,0.38969445,France
2022-12-28 00:00:00+00:00,9.787083,3.4333332,0.3840417,France
2022-12-29 00:00:00+00:00,9.358264,2.3166668,0.38805556,France
2022-12-30 00:00:00+00:00,10.543334,9.0,0.39212504,France
2022-12-31 00:00:00+00:00,14.830833,1.9333334,0.3959167,France
2023-01-01 00:00:00+00:00,13.278403,4.1166663,0.38763192,France
2023-01-02 00:00:00+00:00,9.73014,7.433334,0.39498606,France
2023-01-03 00:00:00+00:00,7.435695,1.4833335,0.39003477,France
2023-01-04 00:00:00+00:00,10.905139,4.1499996,0.38825002,France
2023-01-05 00:00:00+00:00,11.041249,1.4499999,0.3901181,France
2023-01-06 00:00:00+00:00,10.199237,0.4,0.38531253,France
2023-01-07 00:00:00+00:00,9.0471525,5.133333,0.3819653,France
2023-01-08 00:00:00+00:00,8.674236,13.7,0.39335418,France
2023-01-09 00:00:00+00:00,6.539167,2.6000001,0.39597917,France
2023-01-10 00:00:00+00:00,7.46625,3.8,0.39211807,France
2023-01-11 00:00:00+00:00,9.84993,5.9833336,0.39736804,France
2023-01-12 00:00:00+00:00,10.269375,4.15,0.3912917,France
2023-01-13 00:00:00+00:00,8.991945,3.6666667,0.39357638,France
2023-01-14 00:00:00+00:00,9.999583,10.933334,0.39375004,France
2023-01-15 00:00:00+00:00,6.6110415,7.4,0.40369442,France
2023-01-16 00:00:00+00:00,5.013819,9.866667,0.40529862,France
2023-01-17 00:00:00+00:00,2.159653,6.316667,0.4000347,France
2023-01-18 00:00:00+00:00,0.7565277,1.5666666,0.39129862,France
2023-01-19 00:00:00+00:00,0.9235416,2.6833334,0.38275,France
2023-01-20 00:00:00+00:00,0.8263194,0.98333335,0.3778472,France
2023-01-21 00:00:00+00:00,0.46694446,0.65,0.37220836,France
2023-01-22 00:00:00+00:00,-0.4195139,0.033333335,0.36808336,France
2023-01-23 00:00:00+00:00,1.1415974,0.0,0.363493,France
2023-01-24 00:00:00+00:00,2.186736,0.0,0.3586111,France
2023-01-25 00:00:00+00:00,1.81,0.0,0.356375,France
2023-01-26 00:00:00+00:00,1.7648611,1.6166667,0.35591665,France
2023-01-27 00:00:00+00:00,3.6874304,0.4999999,0.35506248,France
2023-01-28 00:00:00+00:00,2.2311807,0.06666667,0.35128474,France
2023-01-29 00:00:00+00:00,0.36972222,0.0,0.34744444,France
2023-01-30 00:00:00+00:00,3.683264,0.8666666,0.34594443,France
2023-01-31 00:00:00+00:00,4.8902082,0.38333333,0.34513196,France
2023-02-01 00:00:00+00:00,6.039167,0.35000002,0.34428474,France
2023-02-02 00:00:00+00:00,6.496111,0.35,0.34317362,France
2023-02-03 00:00:00+00:00,6.8902087,0.23333336,0.34420833,France
2023-02-04 00:00:00+00:00,7.6624303,0.21666665,0.34334722,France
2023-02-05 00:00:00+00:00,6.4777083,0.4,0.343125,France
2023-02-06 00:00:00+00:00,3.3888195,0.0,0.34115282,France
2023-02-07 00:00:00+00:00,2.0936806,0.0,0.33975697,France
2023-02-08 00:00:00+00:00,0.96624994,0.0,0.3382361,France
2023-02-09 00:00:00+00:00,0.38291672,0.0,0.3365347,France
2023-02-10 00:00:00+00:00,2.2134721,0.05,0.33537498,France
2023-02-11 00:00:00+00:00,3.250625,0.0,0.33331946,France
2023-02-12 00:00:00+00:00,4.8308334,0.0,0.3332153,France
2023-02-13 00:00:00+00:00,4.662778,0.0,0.33326387,France
2023-02-14 00:00:00+00:00,4.6450696,0.0,0.33225694,France
2023-02-15 00:00:00+00:00,5.6204166,0.0,0.33040974,France
2023-02-16 00:00:00+00:00,7.4034038,0.7166667,0.33062494,France
2023-02-17 00:00:00+00:00,10.760695,1.3166667,0.32722226,France
2023-02-18 00:00:00+00:00,10.077361,0.9166667,0.32847917,France
2023-02-19 00:00:00+00:00,8.439513,0.2666667,0.32929865,France
2023-02-20 00:00:00+00:00,6.890208,0.016666668,0.32766673,France
2023-02-21 00:00:00+00:00,7.497153,0.033333335,0.32463884,France
2023-02-22 00:00:00+00:00,8.230487,2.533333,0.32519445,France
2023-02-23 00:00:00+00:00,6.898195,6.7666664,0.3354583,France
2023-02-24 00:00:00+00:00,6.7023606,2.1333332,0.3419653,France
2023-02-25 00:00:00+00:00,4.8610415,0.38333336,0.34369442,France
2023-02-26 00:00:00+00:00,1.867639,0.0,0.3414375,France
2023-02-27 00:00:00+00:00,1.6277083,0.0,0.3369236,France
2023-02-28 00:00:00+00:00,0.9367361,0.016666668,0.33300003,France
2023-03-01 00:00:00+00:00,1.6582638,0.0,0.32982635,France
2023-03-02 00:00:00+00:00,2.5485418,0.0,0.32459027,France
2023-03-03 00:00:00+00:00,3.5395138,0.0,0.32131943,France
2023-03-04 00:00:00+00:00,3.0829165,0.1,0.31801388,France
2023-03-05 00:00:00+00:00,3.6787498,0.1,0.3162292,France
2023-03-06 00:00:00+00:00,3.4322224,0.5833333,0.31518748,France
2023-03-07 00:00:00+00:00,4.550625,2.25,0.3132847,France
2023-03-08 00:00:00+00:00,9.503056,21.416666,0.3360903,France
2023-03-09 00:00:00+00:00,10.899932,7.383333,0.37061808,France
2023-03-10 00:00:00+00:00,7.5461106,10.766666,0.3831736,France
2023-03-11 00:00:00+00:00,6.2079167,4.766667,0.38769445,France
2023-03-12 00:00:00+00:00,10.586041,3.3666666,0.38186803,France
2023-03-13 00:00:00+00:00,12.532917,6.2000003,0.3829653,France
2023-03-14 00:00:00+00:00,8.001666,5.0166664,0.3868611,France
2023-03-15 00:00:00+00:00,6.2138195,0.35000002,0.3794305,France
2023-03-16 00:00:00+00:00,10.054097,0.083333336,0.37099305,France
2023-03-17 00:00:00+00:00,11.222153,2.4,0.36296526,France
2023-03-18 00:00:00+00:00,10.660694,5.3166666,0.36600694,France
2023-03-19 00:00:00+00:00,8.597501,2.5833337,0.36922917,France
2023-03-20 00:00:00+00:00,7.8464584,0.016666668,0.36764583,France
2023-03-21 00:00:00+00:00,10.123542,0.8,0.36318052,France
2023-03-22 00:00:00+00:00,11.018333,2.75,0.36011112,France
2023-03-23 00:00:00+00:00,12.57146,6.0,0.36177778,France
2023-03-24 00:00:00+00:00,11.545764,7.0833335,0.37659034,France
2023-03-25 00:00:00+00:00,10.056527,3.8500001,0.3818194,France
2023-03-26 00:00:00+00:00,8.700625,8.650001,0.3885764,France
2023-03-27 00:00:00+00:00,6.1002774,0.66666675,0.38547918,France
2023-03-28 00:00:00+00:00,7.0551395,0.35000002,0.3731389,France
2023-03-29 00:00:00+00:00,13.260348,1.4499999,0.36417362,France
2023-03-30 00:00:00+00:00,13.129791,7.15,0.36097917,France
2023-03-31 00:00:00+00:00,11.083959,9.216667,0.3751875,France
2023-04-01 00:00:00+00:00,9.301666,10.633334,0.392375,France
2023-04-02 00:00:00+00:00,8.075625,2.0999997,0.3893889,France
2023-04-03 00:00:00+00:00,6.68743,0.0,0.3802847,France
2023-04-04 00:00:00+00:00,5.3280554,0.0,0.37001386,France
2023-04-05 00:00:00+00:00,6.234306,0.0,0.35922912,France
2023-04-06 00:00:00+00:00,8.285695,2.5166667,0.35561803,France
2023-04-07 00:00:00+00:00,8.354792,1.1,0.3557569,France
2023-04-08 00:00:00+00:00,8.770069,0.0,0.35087502,France
2023-04-09 00:00:00+00:00,10.881528,0.0,0.34311804,France
2023-04-10 00:00:00+00:00,11.273541,3.0,0.33629164,France
2023-04-11 00:00:00+00:00,10.194722,4.5499997,0.34177777,France
2023-04-12 00:00:00+00:00,9.480139,11.0666685,0.36264583,France
2023-04-13 00:00:00+00:00,7.7214584,4.616667,0.3731111,France
2023-04-14 00:00:00+00:00,8.120764,6.233333,0.37463892,France
2023-04-15 00:00:00+00:00,9.359305,4.016667,0.37979862,France
2023-04-16 00:00:00+00:00,8.565208,0.16666667,0.3729583,France
2023-04-17 00:00:00+00:00,9.4225,0.4,0.3634583,France
2023-04-18 00:00:00+00:00,10.388473,0.56666666,0.35408333,France
2023-04-19 00:00:00+00:00,12.069375,0.11666667,0.34418058,France
2023-04-20 00:00:00+00:00,9.119375,2.6166666,0.33663884,France
2023-04-21 00:00:00+00:00,9.098889,1.2666667,0.33251387,France
2023-04-22 00:00:00+00:00,11.594376,4.5333333,0.33117363,France
2023-04-23 00:00:00+00:00,11.136391,7.4666667,0.3381389,France
2023-04-24 00:00:00+00:00,9.762431,4.2166667,0.3543681,France
2023-04-25 00:00:00+00:00,8.833959,1.4,0.3588333,France
2023-04-26 00:00:00+00:00,10.0679865,0.41666666,0.35333332,France
2023-04-27 00:00:00+00:00,12.735,4.183333,0.3461597,France
2023-04-28 00:00:00+00:00,15.48014,5.116667,0.34941664,France
2023-04-29 00:00:00+00:00,13.309653,2.4166667,0.34647918,France
2023-04-30 00:00:00+00:00,12.816597,2.1000001,0.34340975,France
2023-05-01 00:00:00+00:00,12.299931,1.1833334,0.3427708,France
2023-05-02 00:00:00+00:00,12.401668,0.033333335,0.33831942,France
2023-05-03 00:00:00+00:00,14.09507,0.0,0.3282778,France
2023-05-04 00:00:00+00:00,16.117292,0.9999998,0.31696525,France
2023-05-05 00:00:00+00:00,14.100625,1.8833333,0.3100764,France
2023-05-06 00:00:00+00:00,15.344375,3.5,0.31038195,France
2023-05-07 00:00:00+00:00,14.7738905,4.6666665,0.32099998,France
2023-05-08 00:00:00+00:00,14.325625,0.81666666,0.32270837,France
2023-05-09 00:00:00+00:00,13.793334,15.300002,0.3364861,France
2023-05-10 00:00:00+00:00,12.034653,8.8,0.35977778,France
2023-05-11 00:00:00+00:00,11.566597,3.4166667,0.36665282,France
2023-05-12 00:00:00+00:00,12.032916,2.6,0.3636042,France
2023-05-13 00:00:00+00:00,13.726666,2.3166666,0.3586875,France
2023-05-14 00:00:00+00:00,13.922153,0.59999996,0.35484028,France
2023-05-15 00:00:00+00:00,12.272499,2.0666666,0.34672916,France
2023-05-16 00:00:00+00:00,10.989166,0.0,0.34120834,France
2023-05-17 00:00:00+00:00,11.409653,0.06666667,0.33176386,France
2023-05-18 00:00:00+00:00,12.047153,0.016666668,0.3216736,France
2023-05-19 00:00:00+00:00,13.495763,0.0,0.31114584,France
2023-05-20 00:00:00+00:00,15.029445,0.23333335,0.3000208,France
2023-05-21 00:00:00+00:00,16.45896,2.1333332,0.29242364,France
2023-05-22 00:00:00+00:00,16.538473,1.7499999,0.28979862,France
2023-05-23 00:00:00+00:00,14.797501,0.21666668,0.28457642,France
2023-05-24 00:00:00+00:00,13.642986,0.0,0.2792014,France
2023-05-25 00:00:00+00:00,14.858612,0.016666668,0.26859725,France
2023-05-26 00:00:00+00:00,16.874582,0.016666668,0.25716668,France
2023-05-27 00:00:00+00:00,18.4475,0.0,0.24561803,France
2023-05-28 00:00:00+00:00,19.41868,0.016666668,0.23535414,France
2023-05-29 00:00:00+00:00,18.985348,0.0,0.22279863,France
2023-05-30 00:00:00+00:00,18.0475,0.0,0.21474302,France
2023-05-31 00:00:00+00:00,19.149931,0.0,0.20788193,France
2023-06-01 00:00:00+00:00,19.79125,0.0,0.20089583,France
2023-06-02 00:00:00+00:00,17.428057,0.56666666,0.19705556,France
2023-06-03 00:00:00+00:00,18.529444,0.0,0.19261111,France
2023-06-04 00:00:00+00:00,19.79785,0.116666675,0.18945833,France
2023-06-05 00:00:00+00:00,19.804445,0.0,0.18552083,France
2023-06-06 00:00:00+00:00,19.997501,0.05,0.18411803,France
2023-06-07 00:00:00+00:00,21.248194,0.0,0.18200694,France
2023-06-08 00:00:00+00:00,21.937082,0.033333335,0.17932637,France
2023-06-09 00:00:00+00:00,22.098541,3.3333337,0.17975003,France
2023-06-10 00:00:00+00:00,21.623892,3.7500002,0.17942363,France
2023-06-11 00:00:00+00:00,21.401667,1.65,0.17827778,France
2023-06-12 00:00:00+00:00,21.35375,0.6666667,0.17609029,France
2023-06-13 00:00:00+00:00,21.823542,0.75,0.17595834,France
2023-06-14 00:00:00+00:00,21.795763,0.0,0.17709027,France
2023-06-15 00:00:00+00:00,21.119028,0.18333334,0.17474306,France
2023-06-16 00:00:00+00:00,21.16382,0.0,0.16867362,France
2023-06-17 00:00:00+00:00,22.689165,1.35,0.17139582,France
2023-06-18 00:00:00+00:00,21.379446,11.733334,0.17747916,France
2023-06-19 00:00:00+00:00,19.980139,8.150001,0.18575697,France
2023-06-20 00:00:00+00:00,20.782919,5.2666664,0.2014236,France
2023-06-21 00:00:00+00:00,20.936388,4.133333,0.21152778,France
2023-06-22 00:00:00+00:00,19.648542,12.75,0.22922222,France
2023-06-23 00:00:00+00:00,19.908611,0.033333335,0.23948611,France
2023-06-24 00:00:00+00:00,21.887085,0.0,0.2305278,France
2023-06-25 00:00:00+00:00,23.594376,0.0,0.21874307,France
2023-06-26 00:00:00+00:00,19.700972,0.0,0.20773609,France
2023-06-27 00:00:00+00:00,18.690557,0.0,0.21948612,France
2023-06-28 00:00:00+00:00,19.900278,0.16666667,0.23023611,France
2023-06-29 00:00:00+00:00,20.028404,3.9166667,0.22437501,France
2023-06-30 00:00:00+00:00,17.836737,0.75,0.22087501,France
2023-07-01 00:00:00+00:00,18.55514,3.4166667,0.21976388,France
2023-07-02 00:00:00+00:00,17.607222,0.23333335,0.2192014,France
2023-07-03 00:00:00+00:00,18.022152,1.8333334,0.21551389,France
2023-07-04 00:00:00+00:00,18.011042,6.65,0.21242361,France
2023-07-05 00:00:00+00:00,16.778055,1.0500001,0.21386804,France
2023-07-06 00:00:00+00:00,18.263474,0.0,0.21270138,France
2023-07-07 00:00:00+00:00,22.367987,0.95,0.20531945,France
2023-07-08 00:00:00+00:00,24.140902,0.45000002,0.1982014,France
2023-07-09 00:00:00+00:00,22.189514,3.6500003,0.19290972,France
2023-07-10 00:00:00+00:00,21.799238,0.0,0.18993749,France
2023-07-11 00:00:00+00:00,22.29854,3.6833332,0.18652777,France
2023-07-12 00:00:00+00:00,19.639168,0.48333335,0.17940973,France
2023-07-13 00:00:00+00:00,18.743334,0.18333334,0.17941667,France
2023-07-14 00:00:00+00:00,21.600626,0.4333333,0.17990972,France
2023-07-15 00:00:00+00:00,20.350279,6.65,0.17750694,France
2023-07-16 00:00:00+00:00,18.646805,0.41666666,0.18443055,France
2023-07-17 00:00:00+00:00,18.608263,0.116666675,0.18411808,France
2023-07-18 00:00:00+00:00,20.604445,4.933334,0.18514584,France
2023-07-19 00:00:00+00:00,19.39889,0.06666667,0.17952083,France
2023-07-20 00:00:00+00:00,19.067291,0.1,0.1783403,France
2023-07-21 00:00:00+00:00,18.290903,1.1833333,0.1782986,France
2023-07-22 00:00:00+00:00,18.385347,0.0,0.1796875,France
2023-07-23 00:00:00+00:00,19.6225,3.6333332,0.17900692,France
2023-07-24 00:00:00+00:00,19.070417,9.55,0.18655556,France
2023-07-25 00:00:00+00:00,16.253403,6.9833336,0.20324999,France
2023-07-26 00:00:00+00:00,17.310349,1.3166667,0.21869443,France
2023-07-27 00:00:00+00:00,19.056875,7.183333,0.22674306,France
2023-07-28 00:00:00+00:00,19.622154,12.083335,0.2471736,France
2023-07-29 00:00:00+00:00,19.296806,8.7,0.2702986,France
2023-07-30 00:00:00+00:00,17.79646,0.6666667,0.27409026,France
2023-07-31 00:00:00+00:00,18.687777,8.133333,0.27300695,France
2023-08-01 00:00:00+00:00,18.32875,6.8500004,0.29772916,France
2023-08-02 00:00:00+00:00,18.788818,14.833335,0.3132083,France
2023-08-03 00:00:00+00:00,16.381876,10.216666,0.3166389,France
2023-08-04 00:00:00+00:00,16.56243,3.25,0.32664585,France
2023-08-05 00:00:00+00:00,15.516945,7.6000004,0.32174996,France
2023-08-06 00:00:00+00:00,15.412431,2.3166666,0.324125,France
2023-08-07 00:00:00+00:00,15.778403,0.36666667,0.31237498,France
2023-08-08 00:00:00+00:00,17.371458,0.18333334,0.30167362,France
2023-08-09 00:00:00+00:00,19.12111,0.38333333,0.2904167,France
2023-08-10 00:00:00+00:00,20.799238,0.18333334,0.27839586,France
2023-08-11 00:00:00+00:00,21.140905,4.016667,0.26706943,France
2023-08-12 00:00:00+00:00,20.099585,5.0833335,0.27115276,France
2023-08-13 00:00:00+00:00,19.205486,0.16666667,0.26911804,France
2023-08-14 00:00:00+00:00,20.277014,3.6999998,0.2629514,France
2023-08-15 00:00:00+00:00,20.057222,2.8833332,0.26197913,France
2023-08-16 00:00:00+00:00,20.582222,2.75,0.25772917,France
2023-08-17 00:00:00+00:00,22.03257,2.45,0.25700006,France
2023-08-18 00:00:00+00:00,24.20896,2.65,0.25236806,France
2023-08-19 00:00:00+00:00,23.180834,0.16666667,0.2452708,France
2023-08-20 00:00:00+00:00,23.18014,0.0,0.23815973,France
2023-08-21 00:00:00+00:00,23.21972,0.0,0.22772916,France
2023-08-22 00:00:00+00:00,23.737429,0.0,0.21606945,France
2023-08-23 00:00:00+00:00,25.226667,0.06666667,0.20768054,France
2023-08-24 00:00:00+00:00,24.170418,4.3,0.20795836,France
2023-08-25 00:00:00+00:00,20.203403,4.8833337,0.2128611,France
2023-08-26 00:00:00+00:00,17.335348,0.7666667,0.21463196,France
2023-08-27 00:00:00+00:00,16.319723,1.0666666,0.21589583,France
2023-08-28 00:00:00+00:00,16.070417,1.25,0.21584724,France
2023-08-29 00:00:00+00:00,15.829792,0.33333334,0.21397917,France
2023-08-30 00:00:00+00:00,15.557223,0.5166667,0.21465278,France
2023-08-31 00:00:00+00:00,16.153751,4.4833336,0.21702082,France
2023-09-01 00:00:00+00:00,19.097847,6.8000007,0.22340275,France
2023-09-02 00:00:00+00:00,20.906181,4.7833333,0.22843055,France
2023-09-03 00:00:00+00:00,22.945765,0.0,0.22414583,France
2023-09-04 00:00:00+00:00,23.962431,0.0,0.21761806,France
2023-09-05 00:00:00+00:00,24.52389,0.0,0.21120138,France
2023-09-06 00:00:00+00:00,24.18361,0.033333335,0.20381254,France
2023-09-07 00:00:00+00:00,24.420069,0.0,0.19601387,France
2023-09-08 00:00:00+00:00,24.806528,0.0,0.19121528,France
2023-09-09 00:00:00+00:00,25.299582,0.0,0.18696529,France
2023-09-10 00:00:00+00:00,24.719376,0.0,0.18316667,France
2023-09-11 00:00:00+00:00,22.190557,2.3999999,0.18331943,France
2023-09-12 00:00:00+00:00,19.627363,7.8333335,0.18252778,France
2023-09-13 00:00:00+00:00,18.584305,0.5166667,0.18261807,France
2023-09-14 00:00:00+00:00,18.787432,0.033333335,0.18398611,France
2023-09-15 00:00:00+00:00,20.239515,0.033333335,0.18231945,France
2023-09-16 00:00:00+00:00,20.503405,2.2500002,0.1810139,France
2023-09-17 00:00:00+00:00,21.308958,5.866667,0.18177778,France
2023-09-18 00:00:00+00:00,19.042292,2.4,0.19545834,France
2023-09-19 00:00:00+00:00,17.215902,0.6,0.20897917,France
2023-09-20 00:00:00+00:00,19.275972,2.75,0.2128125,France
2023-09-21 00:00:00+00:00,16.420416,15.650001,0.23846526,France
2023-09-22 00:00:00+00:00,13.514168,5.566666,0.27039585,France
2023-09-23 00:00:00+00:00,12.986735,0.28333333,0.2761111,France
2023-09-24 00:00:00+00:00,14.116944,0.0,0.2735069,France
2023-09-25 00:00:00+00:00,16.466597,0.083333336,0.26805556,France
2023-09-26 00:00:00+00:00,17.589167,0.0,0.26245835,France
2023-09-27 00:00:00+00:00,18.620764,0.28333333,0.25762498,France
2023-09-28 00:00:00+00:00,18.705833,0.11666667,0.25435418,France
2023-09-29 00:00:00+00:00,17.966944,0.45000002,0.2521875,France
2023-09-30 00:00:00+00:00,15.761043,0.05,0.25087497,France
2023-10-01 00:00:00+00:00,18.27111,0.0,0.24683332,France
2023-10-02 00:00:00+00:00,20.134653,0.0,0.24006253,France
2023-10-03 00:00:00+00:00,17.465904,3.2166665,0.23641665,France
2023-10-04 00:00:00+00:00,13.102361,0.05,0.23678471,France
2023-10-05 00:00:00+00:00,13.207916,0.033333335,0.23586112,France
2023-10-06 00:00:00+00:00,13.785001,0.0,0.23445837,France
2023-10-07 00:00:00+00:00,15.359654,0.0,0.2302986,France
2023-10-08 00:00:00+00:00,17.260695,0.0,0.22522222,France
2023-10-09 00:00:00+00:00,17.450277,0.0,0.21934724,France
2023-10-10 00:00:00+00:00,17.154097,0.0,0.21286802,France
2023-10-11 00:00:00+00:00,17.731874,0.0,0.20843752,France
2023-10-12 00:00:00+00:00,18.524237,1.4333333,0.21086806,France
2023-10-13 00:00:00+00:00,20.361042,1.4666666,0.21222918,France
2023-10-14 00:00:00+00:00,13.345418,2.0833333,0.2142639,France
2023-10-15 00:00:00+00:00,9.985001,0.06666667,0.21793057,France
2023-10-16 00:00:00+00:00,9.492986,0.0,0.22125,France
2023-10-17 00:00:00+00:00,13.588819,0.06666667,0.22202082,France
2023-10-18 00:00:00+00:00,16.268333,8.1,0.22415972,France
2023-10-19 00:00:00+00:00,16.357224,10.266666,0.23888195,France
2023-10-20 00:00:00+00:00,14.436737,13.116668,0.27997223,France
2023-10-21 00:00:00+00:00,12.672153,5.133333,0.31584722,France
2023-10-22 00:00:00+00:00,12.071111,1.6166668,0.32598612,France
2023-10-23 00:00:00+00:00,11.266251,9.183333,0.33211803,France
2023-10-24 00:00:00+00:00,12.291945,5.7833333,0.34789586,France
2023-10-25 00:00:00+00:00,13.111736,14.133334,0.36987498,France
2023-10-26 00:00:00+00:00,12.900973,10.45,0.37436113,France
2023-10-27 00:00:00+00:00,11.591598,11.400001,0.38548613,France
2023-10-28 00:00:00+00:00,12.722153,11.233334,0.38443053,France
2023-10-29 00:00:00+00:00,13.097847,10.700001,0.39261112,France
2023-10-30 00:00:00+00:00,11.737778,9.849999,0.3863472,France
2023-10-31 00:00:00+00:00,11.690903,3.1666667,0.38030556,France
2023-11-01 00:00:00+00:00,12.127014,9.933333,0.38097224,France
2023-11-02 00:00:00+00:00,10.789514,8.566667,0.38847223,France
2023-11-03 00:00:00+00:00,8.294028,2.2500002,0.38022915,France
2023-11-04 00:00:00+00:00,10.578055,13.850001,0.38499305,France
2023-11-05 00:00:00+00:00,10.811389,5.5,0.3920556,France
2023-11-06 00:00:00+00:00,9.390208,4.6666665,0.38451388,France
2023-11-07 00:00:00+00:00,8.421458,2.35,0.38113192,France
2023-11-08 00:00:00+00:00,9.699584,4.2833333,0.37518755,France
2023-11-09 00:00:00+00:00,9.7294445,11.233334,0.3863611,France
2023-11-10 00:00:00+00:00,8.589515,4.2166667,0.38965976,France
2023-11-11 00:00:00+00:00,7.2374306,5.9666667,0.3849236,France
2023-11-12 00:00:00+00:00,10.39993,5.4833336,0.38791665,France
2023-11-13 00:00:00+00:00,14.229444,10.283333,0.39377776,France
2023-11-14 00:00:00+00:00,12.049236,7.1666665,0.3938056,France
2023-11-15 00:00:00+00:00,10.150278,1.15,0.3881528,France
2023-11-16 00:00:00+00:00,9.934653,8.333333,0.3909028,France
2023-11-17 00:00:00+00:00,7.9318748,1.4166666,0.39075002,France
2023-11-18 00:00:00+00:00,10.889861,6.25,0.3880972,France
2023-11-19 00:00:00+00:00,13.003057,1.5666666,0.38852084,France
2023-11-20 00:00:00+00:00,10.314166,3.5666666,0.38106945,France
2023-11-21 00:00:00+00:00,9.24125,1.1,0.38011113,France
2023-11-22 00:00:00+00:00,6.758611,0.21666668,0.3747222,France
2023-11-23 00:00:00+00:00,8.255139,0.13333334,0.36859027,France
2023-11-24 00:00:00+00:00,8.400278,0.90000004,0.364493,France
2023-11-25 00:00:00+00:00,3.6450694,0.55,0.3621528,France
2023-11-26 00:00:00+00:00,2.798889,0.33333334,0.3586528,France
2023-11-27 00:00:00+00:00,6.200278,11.049999,0.3698472,France
2023-11-28 00:00:00+00:00,4.4572225,0.9166667,0.3843889,France
2023-11-29 00:00:00+00:00,3.55375,3.0166664,0.37802777,France
2023-11-30 00:00:00+00:00,4.388819,2.4,0.37768748,France
2023-12-01 00:00:00+00:00,2.7478476,0.1,0.3755,France
2023-12-02 00:00:00+00:00,-0.78583336,0.0,0.36986807,France
2023-12-03 00:00:00+00:00,1.2780554,1.1666666,0.36595833,France
2023-12-04 00:00:00+00:00,6.4718056,8.25,0.37146524,France
2023-12-05 00:00:00+00:00,6.142986,4.9500003,0.3833264,France
2023-12-06 00:00:00+00:00,3.9186804,0.45000002,0.3812847,France
2023-12-07 00:00:00+00:00,4.890556,7.683334,0.38,France
2023-12-08 00:00:00+00:00,7.814514,3.0,0.39440975,France
2023-12-09 00:00:00+00:00,9.644723,19.8,0.4017986,France
2023-12-10 00:00:00+00:00,10.286736,5.5166664,0.39969444,France
2023-12-11 00:00:00+00:00,11.394375,10.266665,0.4007014,France
2023-12-12 00:00:00+00:00,10.674931,9.866667,0.40000698,France
2023-12-13 00:00:00+00:00,7.894375,5.2666664,0.40122917,France
2023-12-14 00:00:00+00:00,6.6047916,1.4000001,0.39439583,France
2023-12-15 00:00:00+00:00,6.4409027,0.3166667,0.38648614,France
2023-12-16 00:00:00+00:00,4.8155556,0.0,0.3783542,France
2023-12-17 00:00:00+00:00,3.4450693,0.0,0.37139586,France
2023-12-18 00:00:00+00:00,2.6263192,0.0,0.3657361,France
2023-12-19 00:00:00+00:00,5.868681,6.0833335,0.3631042,France
2023-12-20 00:00:00+00:00,7.1280556,1.1333333,0.37755558,France
2023-12-21 00:00:00+00:00,9.994374,2.283333,0.37695837,France
2023-12-22 00:00:00+00:00,9.456181,1.4666666,0.37622222,France
2023-12-23 00:00:00+00:00,8.941597,0.6000001,0.37309727,France
2023-12-24 00:00:00+00:00,9.76382,1.0333333,0.37108335,France
2023-12-25 00:00:00+00:00,10.065208,1.0833334,0.37045833,France
2023-12-26 00:00:00+00:00,9.046111,0.48333335,0.36818054,France
2023-12-27 00:00:00+00:00,8.347153,1.0333334,0.36481246,France
2023-12-28 00:00:00+00:00,9.401668,3.1666667,0.36487496,France
2023-12-29 00:00:00+00:00,9.435348,1.0333334,0.3663125,France
2023-12-30 00:00:00+00:00,8.905833,0.66666675,0.36578473,France
2023-12-31 00:00:00+00:00,8.493333,5.9166665,0.3708125,France
2022-01-01 00:00:00+00:00,9.697208,0.4,0.35349998,Germany
2022-01-02 00:00:00+00:00,9.412486,2.3999999,0.35095835,Germany
2022-01-03 00:00:00+00:00,8.032971,6.816667,0.35566664,Germany
2022-01-04 00:00:00+00:00,6.358667,10.2,0.36458334,Germany
2022-01-05 00:00:00+00:00,2.1756806,3.8833332,0.36888194,Germany
2022-01-06 00:00:00+00:00,0.5767222,0.4,0.36040974,Germany
2022-01-07 00:00:00+00:00,0.84720826,2.6499999,0.35374305,Germany
2022-01-08 00:00:00+00:00,0.8301945,2.3833332,0.34938195,Germany
2022-01-09 00:00:00+00:00,2.0465138,6.1166663,0.35148612,Germany
2022-01-10 00:00:00+00:00,0.90068054,0.06666667,0.35188195,Germany
2022-01-11 00:00:00+00:00,0.23852777,0.0,0.34686112,Germany
2022-01-12 00:00:00+00:00,0.54581946,0.16666669,0.3430139,Germany
2022-01-13 00:00:00+00:00,1.3860974,0.0,0.3386389,Germany
2022-01-14 00:00:00+00:00,2.145472,0.033333335,0.3344028,Germany
2022-01-15 00:00:00+00:00,1.3430415,0.033333335,0.33155552,Germany
2022-01-16 00:00:00+00:00,1.7732501,0.4333333,0.32943752,Germany
2022-01-17 00:00:00+00:00,3.6350555,0.91666675,0.32717356,Germany
2022-01-18 00:00:00+00:00,3.624986,0.33333334,0.32631943,Germany
2022-01-19 00:00:00+00:00,2.2777636,0.70000005,0.32345137,Germany
2022-01-20 00:00:00+00:00,0.9808889,2.4166667,0.3220903,Germany
2022-01-21 00:00:00+00:00,0.7003333,1.9,0.32245138,Germany
2022-01-22 00:00:00+00:00,3.184014,2.2833335,0.32511112,Germany
2022-01-23 00:00:00+00:00,3.7104027,0.28333333,0.32743055,Germany
2022-01-24 00:00:00+00:00,2.4746387,0.0,0.3288611,Germany
2022-01-25 00:00:00+00:00,1.4475554,0.05,0.32788885,Germany
2022-01-26 00:00:00+00:00,1.140611,0.21666665,0.32549304,Germany
2022-01-27 00:00:00+00:00,2.7583196,1.8166666,0.32513887,Germany
2022-01-28 00:00:00+00:00,3.2395694,1.0166668,0.32636803,Germany
2022-01-29 00:00:00+00:00,5.3006806,2.6833334,0.32617363,Germany
2022-01-30 00:00:00+00:00,3.7593613,0.7333334,0.32559723,Germany
2022-01-31 00:00:00+00:00,2.0992918,6.6,0.32528472,Germany
2022-02-01 00:00:00+00:00,2.8492918,5.183333,0.3322014,Germany
2022-02-02 00:00:00+00:00,4.5180416,2.2666664,0.3385764,Germany
2022-02-03 00:00:00+00:00,5.5506806,1.4999999,0.33918056,Germany
2022-02-04 00:00:00+00:00,5.280889,2.6499999,0.33856252,Germany
2022-02-05 00:00:00+00:00,3.0760279,1.3833333,0.34130558,Germany
2022-02-06 00:00:00+00:00,4.4899163,18.316668,0.35771528,Germany
2022-02-07 00:00:00+00:00,2.7055416,2.65,0.370257,Germany
2022-02-08 00:00:00+00:00,5.7996387,1.0833334,0.36077777,Germany
2022-02-09 00:00:00+00:00,6.8687363,0.8333333,0.35400692,Germany
2022-02-10 00:00:00+00:00,5.201028,2.283333,0.35058334,Germany
2022-02-11 00:00:00+00:00,2.1149168,2.283333,0.353368,Germany
2022-02-12 00:00:00+00:00,0.67880553,0.0,0.34953472,Germany
2022-02-13 00:00:00+00:00,3.3482497,0.0,0.3428264,Germany
2022-02-14 00:00:00+00:00,6.8739448,0.65,0.3399097,Germany
2022-02-15 00:00:00+00:00,5.363528,2.3333333,0.3350208,Germany
2022-02-16 00:00:00+00:00,7.9982505,11.333333,0.34398612,Germany
2022-02-17 00:00:00+00:00,7.4767222,5.566666,0.3621389,Germany
2022-02-18 00:00:00+00:00,7.2399163,3.9833333,0.35908332,Germany
2022-02-19 00:00:00+00:00,4.340611,3.1000001,0.35985413,Germany
2022-02-20 00:00:00+00:00,6.0972085,10.183333,0.36008334,Germany
2022-02-21 00:00:00+00:00,4.5020695,8.033334,0.37363192,Germany
2022-02-22 00:00:00+00:00,5.066653,2.9666665,0.36677778,Germany
2022-02-23 00:00:00+00:00,5.5562363,0.38333336,0.36229166,Germany
2022-02-24 00:00:00+00:00,6.0420003,2.5666666,0.35268053,Germany
2022-02-25 00:00:00+00:00,2.4815834,2.2666667,0.3507986,Germany
2022-02-26 00:00:00+00:00,2.186792,0.116666675,0.34440276,Germany
2022-02-27 00:00:00+00:00,1.8020695,0.0,0.33796528,Germany
2022-02-28 00:00:00+00:00,1.7135277,0.0,0.33234718,Germany
2022-03-01 00:00:00+00:00,1.6492916,0.0,0.32745832,Germany
2022-03-02 00:00:00+00:00,2.001375,0.0,0.323125,Germany
2022-03-03 00:00:00+00:00,1.41075,0.0,0.3182014,Germany
2022-03-04 00:00:00+00:00,0.9270695,0.0,0.3161389,Germany
2022-03-05 00:00:00+00:00,0.9235973,0.016666668,0.31588888,Germany
2022-03-06 00:00:00+00:00,0.25276387,0.0,0.31340277,Germany
2022-03-07 00:00:00+00:00,0.1850556,0.0,0.3108819,Germany
2022-03-08 00:00:00+00:00,1.9968611,0.0,0.30854857,Germany
2022-03-09 00:00:00+00:00,3.4176943,0.0,0.3092361,Germany
2022-03-10 00:00:00+00:00,4.582625,0.0,0.3074375,Germany
2022-03-11 00:00:00+00:00,3.7610972,0.0,0.30600694,Germany
2022-03-12 00:00:00+00:00,5.1819305,0.2,0.30075696,Germany
2022-03-13 00:00:00+00:00,6.067347,0.0,0.29668054,Germany
2022-03-14 00:00:00+00:00,6.566653,3.6666667,0.29470834,Germany
2022-03-15 00:00:00+00:00,6.253458,3.8000002,0.29749307,Germany
2022-03-16 00:00:00+00:00,6.6388745,0.48333335,0.30265972,Germany
2022-03-17 00:00:00+00:00,6.8729024,1.5833334,0.30359027,Germany
2022-03-18 00:00:00+00:00,6.0784583,0.016666668,0.30256948,Germany
2022-03-19 00:00:00+00:00,5.4142222,0.28333336,0.29849997,Germany
2022-03-20 00:00:00+00:00,6.2895694,0.8333333,0.29397917,Germany
2022-03-21 00:00:00+00:00,7.0892224,0.016666668,0.29147223,Germany
2022-03-22 00:00:00+00:00,7.7909584,0.0,0.2894861,Germany
2022-03-23 00:00:00+00:00,8.078805,0.0,0.28480554,Germany
2022-03-24 00:00:00+00:00,8.195819,0.0,0.28044447,Germany
2022-03-25 00:00:00+00:00,8.394431,0.0,0.27263194,Germany
2022-03-26 00:00:00+00:00,8.468737,0.016666668,0.26474306,Germany
2022-03-27 00:00:00+00:00,8.750333,0.0,0.26174307,Germany
2022-03-28 00:00:00+00:00,8.807972,0.083333336,0.26049307,Germany
2022-03-29 00:00:00+00:00,8.38193,0.41666666,0.25410414,Germany
2022-03-30 00:00:00+00:00,6.2166533,1.65,0.24825692,Germany
2022-03-31 00:00:00+00:00,4.293389,4.383333,0.24861802,Germany
2022-04-01 00:00:00+00:00,1.3378334,8.999999,0.25761807,Germany
2022-04-02 00:00:00+00:00,0.6149165,3.3500001,0.26384723,Germany
2022-04-03 00:00:00+00:00,0.81387514,0.45000002,0.2649861,Germany
2022-04-04 00:00:00+00:00,2.7756805,5.883333,0.26532638,Germany
2022-04-05 00:00:00+00:00,6.6159587,5.1166663,0.2766111,Germany
2022-04-06 00:00:00+00:00,8.974292,2.1666665,0.2862708,Germany
2022-04-07 00:00:00+00:00,8.799639,9.566667,0.29636112,Germany
2022-04-08 00:00:00+00:00,5.480194,8.216666,0.3113264,Germany
2022-04-09 00:00:00+00:00,4.0159583,4.233333,0.32518056,Germany
2022-04-10 00:00:00+00:00,3.9239445,1.0,0.32561803,Germany
2022-04-11 00:00:00+00:00,6.2604027,0.033333335,0.32344446,Germany
2022-04-12 00:00:00+00:00,10.837833,0.0,0.31772915,Germany
2022-04-13 00:00:00+00:00,13.082626,0.7166667,0.30851385,Germany
2022-04-14 00:00:00+00:00,12.434709,3.3166666,0.30476388,Germany
2022-04-15 00:00:00+00:00,9.684014,0.38333336,0.30389586,Germany
2022-04-16 00:00:00+00:00,7.3312364,0.1,0.3020903,Germany
2022-04-17 00:00:00+00:00,7.676375,0.0,0.29532638,Germany
2022-04-18 00:00:00+00:00,8.956931,0.0,0.2848472,Germany
2022-04-19 00:00:00+00:00,8.934709,0.0,0.27298608,Germany
2022-04-20 00:00:00+00:00,8.427417,0.033333335,0.26248613,Germany
2022-04-21 00:00:00+00:00,9.315264,0.1,0.25175,Germany
2022-04-22 00:00:00+00:00,10.196166,0.18333334,0.24606948,Germany
2022-04-23 00:00:00+00:00,10.932625,0.0,0.24337505,Germany
2022-04-24 00:00:00+00:00,9.292694,4.6,0.23890974,Germany
2022-04-25 00:00:00+00:00,8.662487,4.383333,0.23938888,Germany
2022-04-26 00:00:00+00:00,8.535403,3.45,0.242625,Germany
2022-04-27 00:00:00+00:00,9.172555,0.23333335,0.24688192,Germany
2022-04-28 00:00:00+00:00,9.863528,0.0,0.24424304,Germany
2022-04-29 00:00:00+00:00,10.491305,0.2,0.24056947,Germany
2022-04-30 00:00:00+00:00,9.586098,0.76666665,0.23631947,Germany
2022-05-01 00:00:00+00:00,10.161792,0.11666667,0.23507641,Germany
2022-05-02 00:00:00+00:00,11.512833,0.73333335,0.23244442,Germany
2022-05-03 00:00:00+00:00,11.039917,0.5,0.23038195,Germany
2022-05-04 00:00:00+00:00,11.303805,0.5833333,0.22518057,Germany
2022-05-05 00:00:00+00:00,12.251374,1.0500001,0.22138889,Germany
2022-05-06 00:00:00+00:00,13.278459,0.84999985,0.22412501,Germany
2022-05-07 00:00:00+00:00,14.087833,1.2666668,0.22048609,Germany
2022-05-08 00:00:00+00:00,12.726723,0.83333343,0.21786804,Germany
2022-05-09 00:00:00+00:00,14.873596,0.3,0.21385415,Germany
2022-05-10 00:00:00+00:00,18.078112,0.18333334,0.20734721,Germany
2022-05-11 00:00:00+00:00,19.217695,0.8166668,0.20102775,Germany
2022-05-12 00:00:00+00:00,16.41179,0.96666664,0.19633333,Germany
2022-05-13 00:00:00+00:00,14.485402,1.3499999,0.19594443,Germany
2022-05-14 00:00:00+00:00,15.123597,0.0,0.19554861,Germany
2022-05-15 00:00:00+00:00,16.444084,0.0,0.1902986,Germany
2022-05-16 00:00:00+00:00,17.720125,2.716667,0.18430555,Germany
2022-05-17 00:00:00+00:00,17.470125,1.5999999,0.19234025,Germany
2022-05-18 00:00:00+00:00,20.194778,0.033333335,0.19139582,Germany
2022-05-19 00:00:00+00:00,20.920126,1.1833333,0.18627779,Germany
2022-05-20 00:00:00+00:00,18.625334,6.0,0.18583335,Germany
2022-05-21 00:00:00+00:00,14.583667,0.90000004,0.18938196,Germany
2022-05-22 00:00:00+00:00,15.255889,0.36666667,0.19086808,Germany
2022-05-23 00:00:00+00:00,17.46214,2.9666665,0.18918054,Germany
2022-05-24 00:00:00+00:00,14.84825,2.8999999,0.19750695,Germany
2022-05-25 00:00:00+00:00,14.577418,1.1666666,0.20431943,Germany
2022-05-26 00:00:00+00:00,15.615264,1.0166668,0.20404862,Germany
2022-05-27 00:00:00+00:00,13.741305,1.8333331,0.2024514,Germany
2022-05-28 00:00:00+00:00,11.427765,1.8499999,0.20258336,Germany
2022-05-29 00:00:00+00:00,9.964569,4.4999995,0.20240277,Germany
2022-05-30 00:00:00+00:00,10.640958,0.6333334,0.20401388,Germany
2022-05-31 00:00:00+00:00,12.745471,1.8666668,0.20386808,Germany
2022-06-01 00:00:00+00:00,13.225333,3.6833332,0.20353472,Germany
2022-06-02 00:00:00+00:00,13.796861,0.2,0.20595832,Germany
2022-06-03 00:00:00+00:00,16.997557,3.45,0.20131946,Germany
2022-06-04 00:00:00+00:00,17.80693,0.083333336,0.19861805,Germany
2022-06-05 00:00:00+00:00,18.15346,5.3833337,0.19577082,Germany
2022-06-06 00:00:00+00:00,17.59686,2.1833332,0.2042014,Germany
2022-06-07 00:00:00+00:00,16.251375,3.2,0.20900695,Germany
2022-06-08 00:00:00+00:00,16.542349,3.1499999,0.20954861,Germany
2022-06-09 00:00:00+00:00,15.565959,4.0833335,0.21668749,Germany
2022-06-10 00:00:00+00:00,16.866999,0.2,0.21508332,Germany
2022-06-11 00:00:00+00:00,18.939222,0.3166667,0.21041667,Germany
2022-06-12 00:00:00+00:00,18.71353,0.7833333,0.20168056,Germany
2022-06-13 00:00:00+00:00,15.514569,5.7000003,0.20266668,Germany
2022-06-14 00:00:00+00:00,15.522903,0.06666667,0.19687499,Germany
2022-06-15 00:00:00+00:00,18.868734,0.0,0.18924999,Germany
2022-06-16 00:00:00+00:00,18.80311,1.3833333,0.18153472,Germany
2022-06-17 00:00:00+00:00,20.112833,0.0,0.17659031,Germany
2022-06-18 00:00:00+00:00,24.54096,0.116666675,0.17292361,Germany
2022-06-19 00:00:00+00:00,21.154846,2.8833332,0.1686111,Germany
2022-06-20 00:00:00+00:00,16.602762,5.266667,0.16830553,Germany
2022-06-21 00:00:00+00:00,17.138529,0.11666667,0.17104165,Germany
2022-06-22 00:00:00+00:00,19.174988,0.4666666,0.16760416,Germany
2022-06-23 00:00:00+00:00,22.839224,1.5500001,0.16398612,Germany
2022-06-24 00:00:00+00:00,20.974985,7.2000003,0.16100694,Germany
2022-06-25 00:00:00+00:00,21.017694,1.15,0.16547917,Germany
2022-06-26 00:00:00+00:00,21.364569,1.85,0.16480556,Germany
2022-06-27 00:00:00+00:00,19.906584,6.733333,0.17669444,Germany
2022-06-28 00:00:00+00:00,18.708666,0.6666667,0.18515277,Germany
2022-06-29 00:00:00+00:00,20.510405,0.53333336,0.18815279,Germany
2022-06-30 00:00:00+00:00,21.946167,0.9666667,0.18751389,Germany
2022-07-01 00:00:00+00:00,16.32707,8.083333,0.19682638,Germany
2022-07-02 00:00:00+00:00,18.64061,0.0,0.20655556,Germany
2022-07-03 00:00:00+00:00,20.871515,0.16666667,0.19965969,Germany
2022-07-04 00:00:00+00:00,19.072208,1.3833333,0.19234721,Germany
2022-07-05 00:00:00+00:00,18.613527,0.116666675,0.19011803,Germany
2022-07-06 00:00:00+00:00,16.738874,0.41666666,0.1853264,Germany
2022-07-07 00:00:00+00:00,15.888874,6.65,0.18764584,Germany
2022-07-08 00:00:00+00:00,16.281584,0.6333334,0.19198608,Germany
2022-07-09 00:00:00+00:00,17.210403,1.0333334,0.18990277,Germany
2022-07-10 00:00:00+00:00,15.355541,0.58333343,0.1878889,Germany
2022-07-11 00:00:00+00:00,16.651722,0.38333336,0.18735416,Germany
2022-07-12 00:00:00+00:00,19.456583,0.0,0.18536806,Germany
2022-07-13 00:00:00+00:00,22.501722,0.3166667,0.17943056,Germany
2022-07-14 00:00:00+00:00,19.583319,0.083333336,0.17223613,Germany
2022-07-15 00:00:00+00:00,16.956236,0.38333333,0.16823609,Germany
2022-07-16 00:00:00+00:00,17.325682,1.2833334,0.16719447,Germany
2022-07-17 00:00:00+00:00,18.317,0.0,0.1653125,Germany
2022-07-18 00:00:00+00:00,22.58818,0.0,0.16325693,Germany
2022-07-19 00:00:00+00:00,26.230888,0.0,0.15936805,Germany
2022-07-20 00:00:00+00:00,27.393389,0.76666665,0.15468054,Germany
2022-07-21 00:00:00+00:00,21.174639,8.733334,0.15836804,Germany
2022-07-22 00:00:00+00:00,20.022207,0.4333333,0.16272919,Germany
2022-07-23 00:00:00+00:00,19.476723,0.8166666,0.16175,Germany
2022-07-24 00:00:00+00:00,22.430542,0.0,0.15815972,Germany
2022-07-25 00:00:00+00:00,24.424292,1.6833334,0.15161805,Germany
2022-07-26 00:00:00+00:00,18.931581,1.2166667,0.15027082,Germany
2022-07-27 00:00:00+00:00,17.076721,0.16666667,0.1518264,Germany
2022-07-28 00:00:00+00:00,18.202415,0.25,0.15268056,Germany
2022-07-29 00:00:00+00:00,20.394777,0.6,0.15004861,Germany
2022-07-30 00:00:00+00:00,19.836096,0.8333333,0.14866666,Germany
2022-07-31 00:00:00+00:00,20.691652,1.4833335,0.14684723,Germany
2022-08-01 00:00:00+00:00,19.727764,1.5,0.14588194,Germany
2022-08-02 00:00:00+00:00,20.727068,0.3666667,0.1506736,Germany
2022-08-03 00:00:00+00:00,24.714914,0.0,0.14805555,Germany
2022-08-04 00:00:00+00:00,26.47429,0.15,0.14249998,Germany
2022-08-05 00:00:00+00:00,20.751375,4.0333333,0.14217363,Germany
2022-08-06 00:00:00+00:00,16.974987,0.13333334,0.14868055,Germany
2022-08-07 00:00:00+00:00,18.245125,0.0,0.15130554,Germany
2022-08-08 00:00:00+00:00,19.22186,0.0,0.15118055,Germany
2022-08-09 00:00:00+00:00,20.536444,0.0,0.14884724,Germany
2022-08-10 00:00:00+00:00,21.613874,0.0,0.14827777,Germany
2022-08-11 00:00:00+00:00,22.49582,0.0,0.14814582,Germany
2022-08-12 00:00:00+00:00,22.487833,0.0,0.14724305,Germany
2022-08-13 00:00:00+00:00,23.037832,0.016666668,0.14931251,Germany
2022-08-14 00:00:00+00:00,24.366999,0.0,0.14750694,Germany
2022-08-15 00:00:00+00:00,22.677763,1.1833333,0.14529862,Germany
2022-08-16 00:00:00+00:00,22.395819,0.3166667,0.1452014,Germany
2022-08-17 00:00:00+00:00,22.8854,0.75,0.14794445,Germany
2022-08-18 00:00:00+00:00,21.213873,3.9666665,0.14904165,Germany
2022-08-19 00:00:00+00:00,19.712486,18.666666,0.17054166,Germany
2022-08-20 00:00:00+00:00,19.168388,5.4833336,0.19202779,Germany
2022-08-21 00:00:00+00:00,19.000334,0.083333336,0.19602777,Germany
2022-08-22 00:00:00+00:00,19.746862,0.05,0.19222222,Germany
2022-08-23 00:00:00+00:00,21.071165,0.016666668,0.18577778,Germany
2022-08-24 00:00:00+00:00,22.215958,0.06666667,0.17986806,Germany
2022-08-25 00:00:00+00:00,23.059359,0.06666667,0.17693055,Germany
2022-08-26 00:00:00+00:00,21.37429,3.95,0.17639585,Germany
2022-08-27 00:00:00+00:00,18.474985,4.6,0.18017362,Germany
2022-08-28 00:00:00+00:00,17.741652,1.8000002,0.18620832,Germany
2022-08-29 00:00:00+00:00,17.69547,0.05,0.18696527,Germany
2022-08-30 00:00:00+00:00,18.618387,0.23333335,0.18564586,Germany
2022-08-31 00:00:00+00:00,17.493387,0.3166667,0.18627083,Germany
2022-09-01 00:00:00+00:00,16.961096,0.033333335,0.19194444,Germany
2022-09-02 00:00:00+00:00,17.362486,0.0,0.1916389,Germany
2022-09-03 00:00:00+00:00,17.21596,2.7,0.19045836,Germany
2022-09-04 00:00:00+00:00,18.898249,0.21666665,0.19036113,Germany
2022-09-05 00:00:00+00:00,20.44825,0.0,0.18863194,Germany
2022-09-06 00:00:00+00:00,19.841305,0.8333333,0.18526389,Germany
2022-09-07 00:00:00+00:00,19.214571,2.25,0.18276389,Germany
2022-09-08 00:00:00+00:00,16.508667,12.183334,0.19940276,Germany
2022-09-09 00:00:00+00:00,15.895125,4.6,0.23697917,Germany
2022-09-10 00:00:00+00:00,14.977764,9.516667,0.25317362,Germany
2022-09-11 00:00:00+00:00,15.0958185,1.7833333,0.26244447,Germany
2022-09-12 00:00:00+00:00,15.927417,0.21666665,0.26147223,Germany
2022-09-13 00:00:00+00:00,17.351723,2.9166663,0.25959027,Germany
2022-09-14 00:00:00+00:00,16.173944,6.9166665,0.26834723,Germany
2022-09-15 00:00:00+00:00,14.164917,5.65,0.29081252,Germany
2022-09-16 00:00:00+00:00,11.827416,4.5833335,0.28957638,Germany
2022-09-17 00:00:00+00:00,10.302417,4.9,0.2907708,Germany
2022-09-18 00:00:00+00:00,9.706237,9.583333,0.3037639,Germany
2022-09-19 00:00:00+00:00,10.452069,2.6666667,0.31528476,Germany
2022-09-20 00:00:00+00:00,10.074638,1.3333334,0.31651387,Germany
2022-09-21 00:00:00+00:00,10.130889,0.06666667,0.31087497,Germany
2022-09-22 00:00:00+00:00,10.551375,0.0,0.3013472,Germany
2022-09-23 00:00:00+00:00,11.65693,0.016666668,0.2962153,Germany
2022-09-24 00:00:00+00:00,12.008667,4.0,0.29711807,Germany
2022-09-25 00:00:00+00:00,11.665611,2.3166666,0.29994443,Germany
2022-09-26 00:00:00+00:00,10.826028,4.8333335,0.3008403,Germany
2022-09-27 00:00:00+00:00,9.220124,8.95,0.31329164,Germany
2022-09-28 00:00:00+00:00,8.349292,5.9500003,0.3269653,Germany
2022-09-29 00:00:00+00:00,8.483319,1.5166668,0.3235,Germany
2022-09-30 00:00:00+00:00,9.627418,0.1,0.3169028,Germany
2022-10-01 00:00:00+00:00,11.005542,7.783333,0.31951392,Germany
2022-10-02 00:00:00+00:00,12.067,8.583333,0.33481252,Germany
2022-10-03 00:00:00+00:00,11.142346,0.28333333,0.3309931,Germany
2022-10-04 00:00:00+00:00,11.46075,0.0,0.32063195,Germany
2022-10-05 00:00:00+00:00,14.311791,0.05,0.31290972,Germany
2022-10-06 00:00:00+00:00,13.202764,0.11666667,0.3065,Germany
2022-10-07 00:00:00+00:00,11.722903,0.0,0.2999653,Germany
2022-10-08 00:00:00+00:00,11.33332,1.0333334,0.29586807,Germany
2022-10-09 00:00:00+00:00,9.799639,0.0,0.29176387,Germany
2022-10-10 00:00:00+00:00,11.83332,0.6333334,0.28850695,Germany
2022-10-11 00:00:00+00:00,10.490611,0.2,0.28579167,Germany
2022-10-12 00:00:00+00:00,10.014916,0.016666668,0.28418055,Germany
2022-10-13 00:00:00+00:00,11.485055,1.2833333,0.28219447,Germany
2022-10-14 00:00:00+00:00,12.955541,3.2333333,0.28388885,Germany
2022-10-15 00:00:00+00:00,14.346166,2.6833336,0.29493058,Germany
2022-10-16 00:00:00+00:00,15.029153,0.26666668,0.2960833,Germany
2022-10-17 00:00:00+00:00,16.12568,2.0166667,0.29470137,Germany
2022-10-18 00:00:00+00:00,13.97464,2.216667,0.30127084,Germany
2022-10-19 00:00:00+00:00,10.718736,0.033333335,0.30566666,Germany
2022-10-20 00:00:00+00:00,10.822209,2.6166666,0.30375692,Germany
2022-10-21 00:00:00+00:00,13.274292,3.0666666,0.30910417,Germany
2022-10-22 00:00:00+00:00,13.47325,2.0,0.31916663,Germany
2022-10-23 00:00:00+00:00,14.0333185,2.1666667,0.31795833,Germany
2022-10-24 00:00:00+00:00,14.827418,2.5333335,0.32060415,Germany
2022-10-25 00:00:00+00:00,12.422555,1.0333333,0.32000002,Germany
2022-10-26 00:00:00+00:00,13.426375,0.65000004,0.3173889,Germany
2022-10-27 00:00:00+00:00,14.452069,0.51666665,0.3149097,Germany
2022-10-28 00:00:00+00:00,16.792002,0.016666668,0.31080553,Germany
2022-10-29 00:00:00+00:00,15.828111,0.05,0.30629864,Germany
2022-10-30 00:00:00+00:00,15.150333,0.0,0.30281946,Germany
2022-10-31 00:00:00+00:00,13.403111,0.083333336,0.30134025,Germany
2022-11-01 00:00:00+00:00,13.03575,0.7833333,0.29930553,Germany
2022-11-02 00:00:00+00:00,10.455543,0.6,0.29608333,Germany
2022-11-03 00:00:00+00:00,10.017348,1.4166666,0.29412496,Germany
2022-11-04 00:00:00+00:00,8.624639,2.6000001,0.29711804,Germany
2022-11-05 00:00:00+00:00,7.2173467,0.88333327,0.3017639,Germany
2022-11-06 00:00:00+00:00,7.82325,0.7833333,0.3024514,Germany
2022-11-07 00:00:00+00:00,10.641653,0.35,0.3024236,Germany
2022-11-08 00:00:00+00:00,11.092347,0.05,0.30081943,Germany
2022-11-09 00:00:00+00:00,11.719779,2.7666664,0.30263197,Germany
2022-11-10 00:00:00+00:00,9.89825,0.41666666,0.30667365,Germany
2022-11-11 00:00:00+00:00,8.151722,0.0,0.3040139,Germany
2022-11-12 00:00:00+00:00,6.715611,0.0,0.3009236,Germany
2022-11-13 00:00:00+00:00,6.769083,0.0,0.298125,Germany
2022-11-14 00:00:00+00:00,6.3965135,1.2833333,0.2953819,Germany
2022-11-15 00:00:00+00:00,9.103111,1.6666665,0.29295138,Germany
2022-11-16 00:00:00+00:00,7.8204727,6.25,0.29727086,Germany
2022-11-17 00:00:00+00:00,6.808319,6.8999996,0.3148403,Germany
2022-11-18 00:00:00+00:00,4.251028,3.3999996,0.33162498,Germany
2022-11-19 00:00:00+00:00,0.88852787,3.5333335,0.33530557,Germany
2022-11-20 00:00:00+00:00,1.3006805,3.0833333,0.33309025,Germany
2022-11-21 00:00:00+00:00,2.1190834,1.7666665,0.33446527,Germany
2022-11-22 00:00:00+00:00,3.7624862,1.3833332,0.33006245,Germany
2022-11-23 00:00:00+00:00,5.3048472,2.5666668,0.32683334,Germany
2022-11-24 00:00:00+00:00,5.485403,1.7333335,0.3280486,Germany
2022-11-25 00:00:00+00:00,5.3690834,2.1833334,0.32793748,Germany
2022-11-26 00:00:00+00:00,5.1076255,0.23333335,0.32870832,Germany
2022-11-27 00:00:00+00:00,3.8034585,1.3333334,0.32719442,Germany
2022-11-28 00:00:00+00:00,4.519778,3.8166666,0.3323125,Germany
2022-11-29 00:00:00+00:00,5.0242915,2.3333333,0.3352014,Germany
2022-11-30 00:00:00+00:00,3.8079722,0.56666666,0.33476388,Germany
2022-12-01 00:00:00+00:00,2.4492915,0.28333333,0.3322083,Germany
2022-12-02 00:00:00+00:00,1.2145694,1.8833332,0.330368,Germany
2022-12-03 00:00:00+00:00,-0.18369447,0.06666667,0.3283403,Germany
2022-12-04 00:00:00+00:00,0.98158336,0.3166667,0.32500002,Germany
2022-12-05 00:00:00+00:00,1.5288056,5.5166664,0.32387504,Germany
2022-12-06 00:00:00+00:00,2.046861,1.2833334,0.32885417,Germany
2022-12-07 00:00:00+00:00,1.6867918,1.1500001,0.330868,Germany
2022-12-08 00:00:00+00:00,0.6742918,1.9166666,0.33001387,Germany
2022-12-09 00:00:00+00:00,-0.808,0.5833334,0.32817358,Germany
2022-12-10 00:00:00+00:00,-1.4986249,0.70000005,0.32531944,Germany
2022-12-11 00:00:00+00:00,-2.0524445,0.5166667,0.32256946,Germany
2022-12-12 00:00:00+00:00,-3.0670278,0.23333333,0.31995833,Germany
2022-12-13 00:00:00+00:00,-4.6236253,0.0,0.3177153,Germany
2022-12-14 00:00:00+00:00,-4.221889,2.4166667,0.31584027,Germany
2022-12-15 00:00:00+00:00,-4.1548753,1.05,0.3144861,Germany
2022-12-16 00:00:00+00:00,-3.8281386,0.90000004,0.31304166,Germany
2022-12-17 00:00:00+00:00,-5.3343887,0.0,0.31160417,Germany
2022-12-18 00:00:00+00:00,-4.4277916,0.36666667,0.31009027,Germany
2022-12-19 00:00:00+00:00,2.0735972,4.0333333,0.31138197,Germany
2022-12-20 00:00:00+00:00,5.9003334,4.9,0.32127777,Germany
2022-12-21 00:00:00+00:00,6.163528,5.7166667,0.3381875,Germany
2022-12-22 00:00:00+00:00,7.1239448,5.6666665,0.35150695,Germany
2022-12-23 00:00:00+00:00,7.4149165,12.116666,0.36348614,Germany
2022-12-24 00:00:00+00:00,7.003111,3.333333,0.3710417,Germany
2022-12-25 00:00:00+00:00,7.3027635,6.933333,0.367375,Germany
2022-12-26 00:00:00+00:00,7.7461667,3.2,0.36605558,Germany
2022-12-27 00:00:00+00:00,3.4413054,0.26666668,0.3591597,Germany
2022-12-28 00:00:00+00:00,6.082625,3.6666667,0.35313883,Germany
2022-12-29 00:00:00+00:00,8.889222,2.6166666,0.35411108,Germany
2022-12-30 00:00:00+00:00,7.1499863,3.533333,0.35383332,Germany
2022-12-31 00:00:00+00:00,13.186097,7.700001,0.36514583,Germany
2023-01-01 00:00:00+00:00,12.376723,1.1666666,0.36215973,Germany
2023-01-02 00:00:00+00:00,9.9760275,2.866666,0.35787502,Germany
2023-01-03 00:00:00+00:00,5.637833,0.15,0.35336113,Germany
2023-01-04 00:00:00+00:00,7.9263744,8.9,0.35581252,Germany
2023-01-05 00:00:00+00:00,8.247556,1.7833333,0.36037502,Germany
2023-01-06 00:00:00+00:00,8.156583,1.5333333,0.356375,Germany
2023-01-07 00:00:00+00:00,7.184014,0.25,0.3517778,Germany
2023-01-08 00:00:00+00:00,6.8138747,2.516667,0.34773612,Germany
2023-01-09 00:00:00+00:00,5.3805423,5.2499995,0.35566673,Germany
2023-01-10 00:00:00+00:00,4.2822776,1.8666668,0.3541111,Germany
2023-01-11 00:00:00+00:00,7.2558885,6.1,0.35670137,Germany
2023-01-12 00:00:00+00:00,7.70832,9.666667,0.37117362,Germany
2023-01-13 00:00:00+00:00,7.276375,4.2833333,0.37573612,Germany
2023-01-14 00:00:00+00:00,6.7916527,8.916667,0.37062502,Germany
2023-01-15 00:00:00+00:00,5.48957,3.9833333,0.37900695,Germany
2023-01-16 00:00:00+00:00,3.245125,2.45,0.37089586,Germany
2023-01-17 00:00:00+00:00,0.88331944,1.3333334,0.36525694,Germany
2023-01-18 00:00:00+00:00,-1.0600834,0.95000005,0.3575903,Germany
2023-01-19 00:00:00+00:00,-0.5420278,1.8666667,0.35092363,Germany
2023-01-20 00:00:00+00:00,-1.2093889,0.98333335,0.34715974,Germany
2023-01-21 00:00:00+00:00,-1.0309167,1.4166666,0.34231248,Germany
2023-01-22 00:00:00+00:00,0.112138785,1.65,0.33955553,Germany
2023-01-23 00:00:00+00:00,0.5996389,0.033333335,0.33735415,Germany
2023-01-24 00:00:00+00:00,0.36179164,0.0,0.3326736,Germany
2023-01-25 00:00:00+00:00,-0.6357778,0.0,0.3303472,Germany
2023-01-26 00:00:00+00:00,-0.6698055,1.4333333,0.3279861,Germany
2023-01-27 00:00:00+00:00,0.7614444,1.4333333,0.327625,Germany
2023-01-28 00:00:00+00:00,-0.7461944,0.116666675,0.3266111,Germany
2023-01-29 00:00:00+00:00,-0.38230562,0.083333336,0.32518747,Germany
2023-01-30 00:00:00+00:00,2.7975557,3.1166668,0.32488889,Germany
2023-01-31 00:00:00+00:00,3.0732498,2.7166665,0.32735416,Germany
2023-02-01 00:00:00+00:00,3.8864448,5.233333,0.33397222,Germany
2023-02-02 00:00:00+00:00,4.357625,10.066667,0.35078475,Germany
2023-02-03 00:00:00+00:00,6.1024165,5.133333,0.36170137,Germany
2023-02-04 00:00:00+00:00,2.8610973,0.8166666,0.3564584,Germany
2023-02-05 00:00:00+00:00,0.8940833,3.0166664,0.35133335,Germany
2023-02-06 00:00:00+00:00,-0.15174998,0.33333334,0.3497431,Germany
2023-02-07 00:00:00+00:00,-2.0770972,0.0,0.34543753,Germany
2023-02-08 00:00:00+00:00,-1.9152917,0.0,0.34149304,Germany
2023-02-09 00:00:00+00:00,-1.2350832,0.0,0.33759722,Germany
2023-02-10 00:00:00+00:00,1.4152638,0.0,0.33497223,Germany
2023-02-11 00:00:00+00:00,4.459014,0.083333336,0.33137497,Germany
2023-02-12 00:00:00+00:00,5.421167,0.14999999,0.328625,Germany
2023-02-13 00:00:00+00:00,3.9385278,0.0,0.32764584,Germany
2023-02-14 00:00:00+00:00,2.7479026,0.0,0.32477084,Germany
2023-02-15 00:00:00+00:00,2.8847084,0.0,0.3209028,Germany
2023-02-16 00:00:00+00:00,5.1538053,0.83333343,0.31625697,Germany
2023-02-17 00:00:00+00:00,8.995125,2.3,0.31824306,Germany
2023-02-18 00:00:00+00:00,8.186791,4.5499997,0.32522917,Germany
2023-02-19 00:00:00+00:00,6.3913054,3.7,0.33781946,Germany
2023-02-20 00:00:00+00:00,6.8538055,1.4333334,0.33424306,Germany
2023-02-21 00:00:00+00:00,7.563875,1.2833333,0.3343403,Germany
2023-02-22 00:00:00+00:00,7.313528,0.51666665,0.33071527,Germany
2023-02-23 00:00:00+00:00,6.667694,2.483333,0.32968053,Germany
2023-02-24 00:00:00+00:00,3.8329723,4.733333,0.33438194,Germany
2023-02-25 00:00:00+00:00,1.4860973,2.5666666,0.3422153,Germany
2023-02-26 00:00:00+00:00,-1.1527916,0.45000005,0.3404583,Germany
2023-02-27 00:00:00+00:00,-0.50244445,0.0,0.336875,Germany
2023-02-28 00:00:00+00:00,-0.079180546,0.0,0.3332292,Germany
2023-03-01 00:00:00+00:00,0.687139,0.0,0.3289861,Germany
2023-03-02 00:00:00+00:00,1.7913057,0.0,0.32552782,Germany
2023-03-03 00:00:00+00:00,1.3176943,0.0,0.31988886,Germany
2023-03-04 00:00:00+00:00,2.4461668,0.71666664,0.3175347,Germany
2023-03-05 00:00:00+00:00,1.9249862,1.4666667,0.31562498,Germany
2023-03-06 00:00:00+00:00,1.5972084,1.6666666,0.31345138,Germany
2023-03-07 00:00:00+00:00,2.3395693,4.483333,0.31539583,Germany
2023-03-08 00:00:00+00:00,2.2965138,7.683333,0.31960416,Germany
2023-03-09 00:00:00+00:00,4.7906113,9.866668,0.34000692,Germany
2023-03-10 00:00:00+00:00,4.814569,11.849999,0.35341668,Germany
2023-03-11 00:00:00+00:00,0.67325,0.91666657,0.35025695,Germany
2023-03-12 00:00:00+00:00,3.2680418,1.5333334,0.3455764,Germany
2023-03-13 00:00:00+00:00,11.13436,3.6499999,0.3512222,Germany
2023-03-14 00:00:00+00:00,6.8211665,5.816667,0.3570417,Germany
2023-03-15 00:00:00+00:00,2.1767223,1.8166666,0.35706946,Germany
2023-03-16 00:00:00+00:00,3.937486,0.083333336,0.35008332,Germany
2023-03-17 00:00:00+00:00,8.722903,1.3666667,0.34537503,Germany
2023-03-18 00:00:00+00:00,10.698597,0.93333334,0.34001386,Germany
2023-03-19 00:00:00+00:00,9.61318,3.5833333,0.33865282,Germany
2023-03-20 00:00:00+00:00,7.861444,0.95000005,0.33696523,Germany
2023-03-21 00:00:00+00:00,9.052417,1.8333334,0.3354583,Germany
2023-03-22 00:00:00+00:00,10.654847,1.6500001,0.3340764,Germany
2023-03-23 00:00:00+00:00,11.516652,4.0333333,0.33670834,Germany
2023-03-24 00:00:00+00:00,11.198944,4.45,0.3408889,Germany
2023-03-25 00:00:00+00:00,8.200681,2.4666667,0.3421389,Germany
2023-03-26 00:00:00+00:00,6.397556,5.116667,0.35368752,Germany
2023-03-27 00:00:00+00:00,2.6899166,3.25,0.35680556,Germany
2023-03-28 00:00:00+00:00,3.0680418,0.65000004,0.34828472,Germany
2023-03-29 00:00:00+00:00,7.96075,0.96666664,0.34301388,Germany
2023-03-30 00:00:00+00:00,11.427417,4.683333,0.3458611,Germany
2023-03-31 00:00:00+00:00,9.84825,8.349999,0.3555347,Germany
2023-04-01 00:00:00+00:00,7.5003333,6.8333325,0.3671458,Germany
2023-04-02 00:00:00+00:00,4.6260276,2.6666667,0.3672917,Germany
2023-04-03 00:00:00+00:00,2.2694304,0.0,0.35687497,Germany
2023-04-04 00:00:00+00:00,1.4819307,0.0,0.3471528,Germany
2023-04-05 00:00:00+00:00,2.8767223,0.033333335,0.3385903,Germany
2023-04-06 00:00:00+00:00,4.984361,1.0833334,0.33190277,Germany
2023-04-07 00:00:00+00:00,5.930542,4.4666667,0.33144447,Germany
2023-04-08 00:00:00+00:00,6.0367913,0.56666666,0.33088887,Germany
2023-04-09 00:00:00+00:00,7.2090135,0.0,0.32609722,Germany
2023-04-10 00:00:00+00:00,9.6166525,1.3333334,0.32106945,Germany
2023-04-11 00:00:00+00:00,8.260056,4.5666666,0.3211875,Germany
2023-04-12 00:00:00+00:00,7.8246384,7.2999997,0.3324375,Germany
2023-04-13 00:00:00+00:00,7.1117916,1.7833334,0.34193054,Germany
2023-04-14 00:00:00+00:00,6.882278,2.3999999,0.34318748,Germany
2023-04-15 00:00:00+00:00,7.116999,4.0499997,0.34203473,Germany
2023-04-16 00:00:00+00:00,7.957625,3.75,0.3466319,Germany
2023-04-17 00:00:00+00:00,8.34825,0.90000004,0.3500278,Germany
2023-04-18 00:00:00+00:00,7.957972,0.16666667,0.34575,Germany
2023-04-19 00:00:00+00:00,7.770472,1.5833334,0.33898607,Germany
2023-04-20 00:00:00+00:00,7.0926948,3.5166667,0.33569443,Germany
2023-04-21 00:00:00+00:00,11.259361,2.8333333,0.3377222,Germany
2023-04-22 00:00:00+00:00,14.013875,1.25,0.32881254,Germany
2023-04-23 00:00:00+00:00,12.537833,4.866667,0.3232778,Germany
2023-04-24 00:00:00+00:00,9.342,3.75,0.32998613,Germany
2023-04-25 00:00:00+00:00,6.4597077,2.2166667,0.33151388,Germany
2023-04-26 00:00:00+00:00,5.511097,0.56666666,0.32970133,Germany
2023-04-27 00:00:00+00:00,7.651722,0.083333336,0.3239653,Germany
2023-04-28 00:00:00+00:00,10.961098,8.599999,0.32741666,Germany
2023-04-29 00:00:00+00:00,10.853111,0.9333334,0.33472916,Germany
2023-04-30 00:00:00+00:00,9.867694,0.0,0.3309514,Germany
2023-05-01 00:00:00+00:00,10.645473,2.4000006,0.32463196,Germany
2023-05-02 00:00:00+00:00,9.289569,1.65,0.3210972,Germany
2023-05-03 00:00:00+00:00,8.921861,0.016666668,0.31956944,Germany
2023-05-04 00:00:00+00:00,12.128457,0.0,0.31081942,Germany
2023-05-05 00:00:00+00:00,13.81943,6.5333333,0.30206943,Germany
2023-05-06 00:00:00+00:00,12.750682,2.883334,0.31488195,Germany
2023-05-07 00:00:00+00:00,13.763181,2.3166668,0.313125,Germany
2023-05-08 00:00:00+00:00,13.313529,1.5500001,0.31413892,Germany
2023-05-09 00:00:00+00:00,14.480195,6.9833336,0.31104168,Germany
2023-05-10 00:00:00+00:00,13.063874,8.599999,0.3280625,Germany
2023-05-11 00:00:00+00:00,12.2572775,8.1,0.3367778,Germany
2023-05-12 00:00:00+00:00,13.774639,1.7499999,0.33715972,Germany
2023-05-13 00:00:00+00:00,13.680195,0.53333336,0.32559028,Germany
2023-05-14 00:00:00+00:00,13.512486,0.7833333,0.31702778,Germany
2023-05-15 00:00:00+00:00,13.286098,1.6166668,0.31122223,Germany
2023-05-16 00:00:00+00:00,10.4447775,4.1166663,0.3078472,Germany
2023-05-17 00:00:00+00:00,9.162486,0.23333335,0.30488193,Germany
2023-05-18 00:00:00+00:00,10.004848,0.0,0.2996042,Germany
2023-05-19 00:00:00+00:00,12.360057,0.016666668,0.28841668,Germany
2023-05-20 00:00:00+00:00,14.425681,0.1,0.279875,Germany
2023-05-21 00:00:00+00:00,17.837486,2.4,0.27305555,Germany
2023-05-22 00:00:00+00:00,18.713528,3.3833332,0.2630764,Germany
2023-05-23 00:00:00+00:00,13.889222,3.416667,0.26274306,Germany
2023-05-24 00:00:00+00:00,10.83332,0.48333338,0.2638472,Germany
2023-05-25 00:00:00+00:00,12.806236,0.033333335,0.26388893,Germany
2023-05-26 00:00:00+00:00,12.901722,0.016666668,0.2573056,Germany
2023-05-27 00:00:00+00:00,14.367348,0.0,0.24968751,Germany
2023-05-28 00:00:00+00:00,15.965958,0.0,0.23815279,Germany
2023-05-29 00:00:00+00:00,14.7989435,0.0,0.22856252,Germany
2023-05-30 00:00:00+00:00,14.549987,0.016666668,0.22043751,Germany
2023-05-31 00:00:00+00:00,16.445124,0.0,0.21392359,Germany
2023-06-01 00:00:00+00:00,15.295474,0.0,0.20504166,Germany
2023-06-02 00:00:00+00:00,14.25311,0.15,0.2004792,Germany
2023-06-03 00:00:00+00:00,14.948598,0.0,0.19795835,Germany
2023-06-04 00:00:00+00:00,16.186096,0.0,0.19025,Germany
2023-06-05 00:00:00+00:00,17.433668,0.3333333,0.18459721,Germany
2023-06-06 00:00:00+00:00,17.606237,0.13333334,0.18105556,Germany
2023-06-07 00:00:00+00:00,17.856583,1.4499999,0.18020141,Germany
2023-06-08 00:00:00+00:00,18.808321,2.6666665,0.1742361,Germany
2023-06-09 00:00:00+00:00,19.96804,0.033333335,0.17427778,Germany
2023-06-10 00:00:00+00:00,20.634361,0.21666668,0.16997917,Germany
2023-06-11 00:00:00+00:00,21.335402,0.0,0.16444443,Germany
2023-06-12 00:00:00+00:00,20.740957,0.0,0.16566667,Germany
2023-06-13 00:00:00+00:00,19.15554,0.0,0.16251388,Germany
2023-06-14 00:00:00+00:00,18.226028,0.0,0.16151391,Germany
2023-06-15 00:00:00+00:00,18.397554,0.41666666,0.16368748,Germany
2023-06-16 00:00:00+00:00,17.820473,3.0,0.16515972,Germany
2023-06-17 00:00:00+00:00,19.172556,1.1999999,0.16765279,Germany
2023-06-18 00:00:00+00:00,21.532972,1.0833334,0.16727777,Germany
2023-06-19 00:00:00+00:00,22.590263,0.45000002,0.16568054,Germany
2023-06-20 00:00:00+00:00,22.683668,6.4500003,0.16545834,Germany
2023-06-21 00:00:00+00:00,22.039917,1.2833333,0.16897917,Germany
2023-06-22 00:00:00+00:00,21.679153,16.516666,0.17516667,Germany
2023-06-23 00:00:00+00:00,18.174639,7.633333,0.23718055,Germany
2023-06-24 00:00:00+00:00,19.891653,0.06666667,0.2424861,Germany
2023-06-25 00:00:00+00:00,22.049639,0.13333334,0.23284721,Germany
2023-06-26 00:00:00+00:00,21.00554,1.6666666,0.22272916,Germany
2023-06-27 00:00:00+00:00,17.379152,1.8333331,0.21879168,Germany
2023-06-28 00:00:00+00:00,17.487139,0.5,0.21865971,Germany
2023-06-29 00:00:00+00:00,19.826029,1.9333333,0.21568055,Germany
2023-06-30 00:00:00+00:00,18.030195,5.2166667,0.2159236,Germany
2023-07-01 00:00:00+00:00,17.697208,4.0833335,0.22072916,Germany
2023-07-02 00:00:00+00:00,17.314917,0.9666667,0.22482635,Germany
2023-07-03 00:00:00+00:00,16.915958,0.41666666,0.22306247,Germany
2023-07-04 00:00:00+00:00,17.7545,1.2,0.21969445,Germany
2023-07-05 00:00:00+00:00,17.022554,3.9499998,0.22263195,Germany
2023-07-06 00:00:00+00:00,17.273945,0.26666668,0.2298264,Germany
2023-07-07 00:00:00+00:00,20.204153,0.0,0.22259724,Germany
2023-07-08 00:00:00+00:00,23.03714,0.16666667,0.21107638,Germany
2023-07-09 00:00:00+00:00,25.112139,0.016666668,0.20559026,Germany
2023-07-10 00:00:00+00:00,22.152418,2.55,0.20428473,Germany
2023-07-11 00:00:00+00:00,24.038528,0.36666667,0.20037498,Germany
2023-07-12 00:00:00+00:00,20.862488,6.4,0.20211111,Germany
2023-07-13 00:00:00+00:00,18.42568,1.1999999,0.20097221,Germany
2023-07-14 00:00:00+00:00,20.19825,0.1,0.20514584,Germany
2023-07-15 00:00:00+00:00,23.885056,4.666667,0.20243056,Germany
2023-07-16 00:00:00+00:00,20.267345,3.716667,0.20557638,Germany
2023-07-17 00:00:00+00:00,19.30589,1.1833334,0.20710416,Germany
2023-07-18 00:00:00+00:00,19.056236,0.4666667,0.20818754,Germany
2023-07-19 00:00:00+00:00,18.798944,4.0499997,0.2042986,Germany
2023-07-20 00:00:00+00:00,17.645124,0.66666675,0.20525695,Germany
2023-07-21 00:00:00+00:00,16.97429,1.8333334,0.2047153,Germany
2023-07-22 00:00:00+00:00,17.169777,1.9000001,0.20706253,Germany
2023-07-23 00:00:00+00:00,18.891653,4.6333337,0.20775001,Germany
2023-07-24 00:00:00+00:00,18.706236,7.183333,0.21470834,Germany
2023-07-25 00:00:00+00:00,15.523944,5.6000004,0.23407638,Germany
2023-07-26 00:00:00+00:00,14.431583,5.816667,0.24740277,Germany
2023-07-27 00:00:00+00:00,15.728806,10.716667,0.25949305,Germany
2023-07-28 00:00:00+00:00,18.577417,5.9166665,0.28150693,Germany
2023-07-29 00:00:00+00:00,18.839222,4.3166666,0.28839585,Germany
2023-07-30 00:00:00+00:00,17.62047,4.05,0.29468057,Germany
2023-07-31 00:00:00+00:00,17.387486,12.383334,0.30163196,Germany
2023-08-01 00:00:00+00:00,16.930542,12.000001,0.33446527,Germany
2023-08-02 00:00:00+00:00,17.369429,12.983333,0.3406736,Germany
2023-08-03 00:00:00+00:00,17.488527,6.35,0.34586808,Germany
2023-08-04 00:00:00+00:00,16.401026,3.2333329,0.3373611,Germany
2023-08-05 00:00:00+00:00,16.193388,3.05,0.32691666,Germany
2023-08-06 00:00:00+00:00,14.694083,14.533334,0.3335139,Germany
2023-08-07 00:00:00+00:00,13.810056,4.7,0.3477639,Germany
2023-08-08 00:00:00+00:00,14.956584,3.45,0.33613193,Germany
2023-08-09 00:00:00+00:00,15.410056,3.9333332,0.3353542,Germany
2023-08-10 00:00:00+00:00,15.896514,0.033333335,0.3347361,Germany
2023-08-11 00:00:00+00:00,19.899292,1.0,0.32026386,Germany
2023-08-12 00:00:00+00:00,20.399292,5.5500007,0.31244445,Germany
2023-08-13 00:00:00+00:00,19.822557,0.86666673,0.31143752,Germany
2023-08-14 00:00:00+00:00,21.600332,0.7333333,0.3036111,Germany
2023-08-15 00:00:00+00:00,22.134361,6.333334,0.29733333,Germany
2023-08-16 00:00:00+00:00,20.423944,3.783333,0.2992014,Germany
2023-08-17 00:00:00+00:00,19.422209,5.816666,0.30431247,Germany
2023-08-18 00:00:00+00:00,21.862833,0.8999999,0.30427778,Germany
2023-08-19 00:00:00+00:00,23.828112,2.8166666,0.29646528,Germany
2023-08-20 00:00:00+00:00,22.693735,0.2,0.2909028,Germany
2023-08-21 00:00:00+00:00,21.919777,0.033333335,0.28020832,Germany
2023-08-22 00:00:00+00:00,21.629501,0.15,0.2681667,Germany
2023-08-23 00:00:00+00:00,20.644777,1.3,0.25904167,Germany
2023-08-24 00:00:00+00:00,21.55346,2.3666666,0.25161108,Germany
2023-08-25 00:00:00+00:00,21.087833,4.5833335,0.25519446,Germany
2023-08-26 00:00:00+00:00,18.189917,8.716666,0.2710764,Germany
2023-08-27 00:00:00+00:00,16.043388,6.3500004,0.28108332,Germany
2023-08-28 00:00:00+00:00,14.603111,4.4,0.29717362,Germany
2023-08-29 00:00:00+00:00,14.194084,5.75,0.29924306,Germany
2023-08-30 00:00:00+00:00,14.6295,2.4499998,0.2950833,Germany
2023-08-31 00:00:00+00:00,14.097207,4.483333,0.29581943,Germany
2023-09-01 00:00:00+00:00,15.516652,4.3333335,0.29599306,Germany
2023-09-02 00:00:00+00:00,17.174639,0.23333335,0.29474306,Germany
2023-09-03 00:00:00+00:00,17.201721,0.0,0.28980556,Germany
2023-09-04 00:00:00+00:00,17.947556,0.0,0.2837014,Germany
2023-09-05 00:00:00+00:00,20.078459,0.0,0.2745625,Germany
2023-09-06 00:00:00+00:00,20.395124,0.0,0.26522222,Germany
2023-09-07 00:00:00+00:00,20.710749,0.0,0.25609028,Germany
2023-09-08 00:00:00+00:00,21.036444,0.0,0.24787502,Germany
2023-09-09 00:00:00+00:00,21.316652,0.0,0.24020833,Germany
2023-09-10 00:00:00+00:00,21.558668,0.0,0.2342153,Germany
2023-09-11 00:00:00+00:00,22.204847,0.71666664,0.2298889,Germany
2023-09-12 00:00:00+00:00,20.424986,7.716667,0.23202781,Germany
2023-09-13 00:00:00+00:00,17.138527,4.883333,0.25034025,Germany
2023-09-14 00:00:00+00:00,14.894429,0.2666667,0.25450692,Germany
2023-09-15 00:00:00+00:00,16.406584,0.0,0.2534444,Germany
2023-09-16 00:00:00+00:00,18.709707,0.06666667,0.2514861,Germany
2023-09-17 00:00:00+00:00,20.124987,2.0000002,0.2512847,Germany
2023-09-18 00:00:00+00:00,19.45207,1.5166668,0.24984027,Germany
2023-09-19 00:00:00+00:00,16.795471,0.18333334,0.25059023,Germany
2023-09-20 00:00:00+00:00,18.372904,0.016666668,0.24952084,Germany
2023-09-21 00:00:00+00:00,18.989569,3.8166666,0.24751388,Germany
2023-09-22 00:00:00+00:00,14.686443,3.8166673,0.25162503,Germany
2023-09-23 00:00:00+00:00,12.866305,0.9833333,0.25719446,Germany
2023-09-24 00:00:00+00:00,13.123944,0.033333335,0.25911808,Germany
2023-09-25 00:00:00+00:00,14.249638,0.0,0.25838196,Germany
2023-09-26 00:00:00+00:00,15.483319,0.0,0.2559097,Germany
2023-09-27 00:00:00+00:00,17.056932,0.0,0.25237498,Germany
2023-09-28 00:00:00+00:00,18.315264,0.2,0.2497639,Germany
2023-09-29 00:00:00+00:00,17.709015,1.85,0.24801391,Germany
2023-09-30 00:00:00+00:00,14.611445,0.15,0.24568057,Germany
2023-10-01 00:00:00+00:00,15.602764,0.0,0.24604861,Germany
2023-10-02 00:00:00+00:00,17.991652,0.0,0.24426389,Germany
2023-10-03 00:00:00+00:00,16.712833,3.25,0.24260415,Germany
2023-10-04 00:00:00+00:00,13.32568,0.26666668,0.24361801,Germany
2023-10-05 00:00:00+00:00,12.651722,1.2499999,0.2447014,Germany
2023-10-06 00:00:00+00:00,13.58332,0.8666666,0.24580556,Germany
2023-10-07 00:00:00+00:00,15.25693,4.266667,0.25034028,Germany
2023-10-08 00:00:00+00:00,14.216306,1.0166667,0.26074997,Germany
2023-10-09 00:00:00+00:00,15.072556,1.6499997,0.26548615,Germany
2023-10-10 00:00:00+00:00,16.287485,0.55,0.26790968,Germany
2023-10-11 00:00:00+00:00,17.866306,2.8500001,0.26566663,Germany
2023-10-12 00:00:00+00:00,15.69582,5.4166665,0.27295834,Germany
2023-10-13 00:00:00+00:00,18.5795,5.0333333,0.2783889,Germany
2023-10-14 00:00:00+00:00,12.921514,8.016666,0.2884514,Germany
2023-10-15 00:00:00+00:00,7.124986,2.7166665,0.28829166,Germany
2023-10-16 00:00:00+00:00,6.3534584,0.3166667,0.28460416,Germany
2023-10-17 00:00:00+00:00,6.207972,0.0,0.28186113,Germany
2023-10-18 00:00:00+00:00,7.6395698,2.0166667,0.28022918,Germany
2023-10-19 00:00:00+00:00,11.161793,6.116667,0.28483334,Germany
2023-10-20 00:00:00+00:00,10.339569,11.283334,0.3035625,Germany
2023-10-21 00:00:00+00:00,12.222209,2.9333332,0.3212361,Germany
2023-10-22 00:00:00+00:00,11.586792,0.81666666,0.31945834,Germany
2023-10-23 00:00:00+00:00,10.448251,1.0666667,0.31704858,Germany
2023-10-24 00:00:00+00:00,11.099639,5.65,0.3174514,Germany
2023-10-25 00:00:00+00:00,10.353111,7.2833333,0.32633334,Germany
2023-10-26 00:00:00+00:00,9.986793,2.8,0.33796525,Germany
2023-10-27 00:00:00+00:00,9.456931,7.7666664,0.34970832,Germany
2023-10-28 00:00:00+00:00,10.0124855,3.9000003,0.35396528,Germany
2023-10-29 00:00:00+00:00,12.4795,4.2833333,0.35783336,Germany
2023-10-30 00:00:00+00:00,12.33089,7.083334,0.35743752,Germany
2023-10-31 00:00:00+00:00,9.945472,4.0,0.36324307,Germany
2023-11-01 00:00:00+00:00,10.72325,2.9166667,0.36132643,Germany
2023-11-02 00:00:00+00:00,10.03193,3.8,0.35542366,Germany
2023-11-03 00:00:00+00:00,7.921514,0.38333336,0.3505764,Germany
2023-11-04 00:00:00+00:00,7.9100556,3.4666665,0.34320137,Germany
2023-11-05 00:00:00+00:00,9.128806,5.1,0.34986806,Germany
2023-11-06 00:00:00+00:00,9.113528,1.5166668,0.3495833,Germany
2023-11-07 00:00:00+00:00,7.9253335,0.45000002,0.3429514,Germany
2023-11-08 00:00:00+00:00,7.6972084,2.95,0.33854863,Germany
2023-11-09 00:00:00+00:00,7.979847,3.8333333,0.34266672,Germany
2023-11-10 00:00:00+00:00,6.8152637,3.1666667,0.34590277,Germany
2023-11-11 00:00:00+00:00,5.4350553,4.0333333,0.3493611,Germany
2023-11-12 00:00:00+00:00,4.954847,2.8500001,0.34733334,Germany
2023-11-13 00:00:00+00:00,8.298598,14.866666,0.3609375,Germany
2023-11-14 00:00:00+00:00,9.979153,7.183333,0.36624995,Germany
2023-11-15 00:00:00+00:00,8.135056,2.6833334,0.36797222,Germany
2023-11-16 00:00:00+00:00,6.1676946,3.8499997,0.3627361,Germany
2023-11-17 00:00:00+00:00,3.9072778,3.3500001,0.36330557,Germany
2023-11-18 00:00:00+00:00,4.468042,5.3999996,0.35730553,Germany
2023-11-19 00:00:00+00:00,9.738528,8.316667,0.37186113,Germany
2023-11-20 00:00:00+00:00,8.805541,6.383333,0.370875,Germany
2023-11-21 00:00:00+00:00,5.741306,1.5,0.36789584,Germany
2023-11-22 00:00:00+00:00,1.5937362,0.3166667,0.36079863,Germany
2023-11-23 00:00:00+00:00,6.5010276,2.6833332,0.35242364,Germany
2023-11-24 00:00:00+00:00,3.7649167,7.2833333,0.3560625,Germany
2023-11-25 00:00:00+00:00,1.3621391,3.3333333,0.35906246,Germany
2023-11-26 00:00:00+00:00,0.9690833,2.5666668,0.3561875,Germany
2023-11-27 00:00:00+00:00,1.6569308,11.599999,0.3615278,Germany
2023-11-28 00:00:00+00:00,-0.6045278,3.55,0.36834028,Germany
2023-11-29 00:00:00+00:00,-0.5041805,2.1666667,0.36,Germany
2023-11-30 00:00:00+00:00,-1.258,2.1666665,0.3526111,Germany
2023-12-01 00:00:00+00:00,-2.3246667,4.5166664,0.34833333,Germany
2023-12-02 00:00:00+00:00,-2.718764,2.5833337,0.3447361,Germany
2023-12-03 00:00:00+00:00,-2.9711943,0.8833334,0.34110418,Germany
2023-12-04 00:00:00+00:00,-2.3541806,2.3500001,0.33839583,Germany
2023-12-05 00:00:00+00:00,1.3472085,5.233333,0.34013888,Germany
2023-12-06 00:00:00+00:00,0.6881805,2.6,0.3482083,Germany
2023-12-07 00:00:00+00:00,-0.44168058,0.0,0.3459861,Germany
2023-12-08 00:00:00+00:00,1.3687361,3.1000001,0.34306252,Germany
2023-12-09 00:00:00+00:00,4.5024166,6.8333335,0.34745836,Germany
2023-12-10 00:00:00+00:00,6.7774167,6.0,0.36263886,Germany
2023-12-11 00:00:00+00:00,7.591306,4.183333,0.3749028,Germany
2023-12-12 00:00:00+00:00,6.4590144,5.433333,0.37159726,Germany
2023-12-13 00:00:00+00:00,5.530542,4.566666,0.37299308,Germany
2023-12-14 00:00:00+00:00,3.4812362,1.6333332,0.36917362,Germany
2023-12-15 00:00:00+00:00,3.9267223,0.56666666,0.3626944,Germany
2023-12-16 00:00:00+00:00,4.7583194,0.05,0.35500693,Germany
2023-12-17 00:00:00+00:00,5.2388754,0.1,0.3492569,Germany
2023-12-18 00:00:00+00:00,4.3329725,0.4,0.34396532,Germany
2023-12-19 00:00:00+00:00,4.7940836,8.616666,0.34668753,Germany
2023-12-20 00:00:00+00:00,4.8069305,7.0499997,0.36359724,Germany
2023-12-21 00:00:00+00:00,6.5506806,14.150001,0.37600002,Germany
2023-12-22 00:00:00+00:00,4.5215135,11.183333,0.3867153,Germany
2023-12-23 00:00:00+00:00,5.039917,8.033334,0.38466668,Germany
2023-12-24 00:00:00+00:00,8.025333,7.633333,0.38366672,Germany
2023-12-25 00:00:00+00:00,8.676723,3.7666664,0.38108337,Germany
2023-12-26 00:00:00+00:00,7.120819,3.8333333,0.37702775,Germany
2023-12-27 00:00:00+00:00,4.9663053,0.6333333,0.3644167,Germany
2023-12-28 00:00:00+00:00,8.290264,0.56666666,0.35471526,Germany
2023-12-29 00:00:00+00:00,8.272555,4.6166663,0.34852085,Germany
2023-12-30 00:00:00+00:00,6.2836666,0.41666666,0.3492222,Germany
2023-12-31 00:00:00+00:00,5.812486,1.9833335,0.34322226,Germany
2022-01-01 00:00:00+00:00,7.556617,2.1399999,0.34003332,Poland
2022-01-02 00:00:00+00:00,7.140783,1.9399999,0.33801666,Poland
2022-01-03 00:00:00+00:00,6.71995,2.3799999,0.34176666,Poland
2022-01-04 00:00:00+00:00,5.256617,4.18,0.34257498,Poland
2022-01-05 00:00:00+00:00,2.9874501,2.6200001,0.346325,Poland
2022-01-06 00:00:00+00:00,-0.41796666,1.4599999,0.34167498,Poland
2022-01-07 00:00:00+00:00,-1.9871333,0.120000005,0.33485,Poland
2022-01-08 00:00:00+00:00,-1.3183833,0.91999996,0.32910833,Poland
2022-01-09 00:00:00+00:00,-1.8388001,0.16,0.32458332,Poland
2022-01-10 00:00:00+00:00,-2.4446332,0.2,0.32098332,Poland
2022-01-11 00:00:00+00:00,-3.9871335,0.04,0.31808335,Poland
2022-01-12 00:00:00+00:00,-2.7908835,0.060000002,0.31539166,Poland
2022-01-13 00:00:00+00:00,1.7045333,0.14,0.31347498,Poland
2022-01-14 00:00:00+00:00,3.10245,1.0,0.31588334,Poland
2022-01-15 00:00:00+00:00,-0.45796672,0.0,0.31550008,Poland
2022-01-16 00:00:00+00:00,-0.2788,0.52000004,0.31368333,Poland
2022-01-17 00:00:00+00:00,1.3153667,3.98,0.31493336,Poland
2022-01-18 00:00:00+00:00,-0.48671666,0.0,0.31881666,Poland
2022-01-19 00:00:00+00:00,1.26245,0.0,0.31731665,Poland
2022-01-20 00:00:00+00:00,-0.39213336,3.56,0.31494167,Poland
2022-01-21 00:00:00+00:00,-1.66005,1.96,0.31249994,Poland
2022-01-22 00:00:00+00:00,-1.8533833,1.5799999,0.31009167,Poland
2022-01-23 00:00:00+00:00,-0.8625499,0.2,0.30781668,Poland
2022-01-24 00:00:00+00:00,-0.30046684,0.42000002,0.30684996,Poland
2022-01-25 00:00:00+00:00,1.8087,1.4200001,0.30870834,Poland
2022-01-26 00:00:00+00:00,1.5799501,2.26,0.31475002,Poland
2022-01-27 00:00:00+00:00,1.90995,3.1599998,0.32093334,Poland
2022-01-28 00:00:00+00:00,1.5966165,3.4599998,0.326375,Poland
2022-01-29 00:00:00+00:00,1.7041166,5.2400002,0.327125,Poland
2022-01-30 00:00:00+00:00,2.8878665,4.08,0.33526665,Poland
2022-01-31 00:00:00+00:00,-0.10338334,0.5400001,0.33195835,Poland
2022-02-01 00:00:00+00:00,-0.34338325,6.18,0.32674167,Poland
2022-02-02 00:00:00+00:00,1.40245,5.0199995,0.3294584,Poland
2022-02-03 00:00:00+00:00,1.0891167,2.1,0.33203334,Poland
2022-02-04 00:00:00+00:00,3.77245,1.4,0.33618328,Poland
2022-02-05 00:00:00+00:00,2.6662002,2.34,0.3398667,Poland
2022-02-06 00:00:00+00:00,3.4082832,6.1,0.33937502,Poland
2022-02-07 00:00:00+00:00,2.1766167,2.9999998,0.34583333,Poland
2022-02-08 00:00:00+00:00,3.3516166,2.7,0.34155,Poland
2022-02-09 00:00:00+00:00,6.4045334,0.7800001,0.3433583,Poland
2022-02-10 00:00:00+00:00,6.410783,2.3799999,0.34165004,Poland
2022-02-11 00:00:00+00:00,2.3516166,5.58,0.34173337,Poland
2022-02-12 00:00:00+00:00,-0.55671674,0.52,0.34170836,Poland
2022-02-13 00:00:00+00:00,0.70245004,0.0,0.33618334,Poland
2022-02-14 00:00:00+00:00,2.5195334,0.0,0.33020833,Poland
2022-02-15 00:00:00+00:00,3.9557834,0.48000002,0.32450002,Poland
2022-02-16 00:00:00+00:00,5.646617,2.24,0.32159168,Poland
2022-02-17 00:00:00+00:00,6.5053663,10.860001,0.337475,Poland
2022-02-18 00:00:00+00:00,5.1403666,3.1399999,0.34335,Poland
2022-02-19 00:00:00+00:00,5.0845327,1.3,0.34440833,Poland
2022-02-20 00:00:00+00:00,3.84245,3.72,0.34015834,Poland
2022-02-21 00:00:00+00:00,5.5466166,6.0199995,0.352375,Poland
2022-02-22 00:00:00+00:00,3.0928667,1.26,0.351075,Poland
2022-02-23 00:00:00+00:00,3.669117,3.5199997,0.34959164,Poland
2022-02-24 00:00:00+00:00,4.08245,0.060000002,0.34725833,Poland
2022-02-25 00:00:00+00:00,3.374534,0.5400001,0.34016666,Poland
2022-02-26 00:00:00+00:00,1.6349499,0.6399999,0.33381662,Poland
2022-02-27 00:00:00+00:00,0.14286669,0.1,0.32846665,Poland
2022-02-28 00:00:00+00:00,-1.2963002,0.0,0.3237416,Poland
2022-03-01 00:00:00+00:00,-1.0604666,0.0,0.32021666,Poland
2022-03-02 00:00:00+00:00,-0.7250499,0.0,0.31745,Poland
2022-03-03 00:00:00+00:00,-0.080466606,0.060000002,0.315,Poland
2022-03-04 00:00:00+00:00,0.50245005,1.1400001,0.31301668,Poland
2022-03-05 00:00:00+00:00,-0.7467167,0.18,0.31078333,Poland
2022-03-06 00:00:00+00:00,-1.1387999,0.08,0.30843332,Poland
2022-03-07 00:00:00+00:00,0.23120001,0.28,0.3056417,Poland
2022-03-08 00:00:00+00:00,0.6420334,0.14000002,0.30120832,Poland
2022-03-09 00:00:00+00:00,1.6091168,0.6,0.29844165,Poland
2022-03-10 00:00:00+00:00,-1.0717167,0.0,0.29415834,Poland
2022-03-11 00:00:00+00:00,-1.6854668,0.0,0.29098335,Poland
2022-03-12 00:00:00+00:00,0.6795333,0.0,0.289475,Poland
2022-03-13 00:00:00+00:00,2.6253667,0.0,0.2866083,Poland
2022-03-14 00:00:00+00:00,3.83495,0.02,0.28038335,Poland
2022-03-15 00:00:00+00:00,5.7007837,0.34,0.27448335,Poland
2022-03-16 00:00:00+00:00,6.0887003,0.76000005,0.269925,Poland
2022-03-17 00:00:00+00:00,4.564533,0.0,0.26631665,Poland
2022-03-18 00:00:00+00:00,2.4716167,0.0,0.26254997,Poland
2022-03-19 00:00:00+00:00,2.75245,0.04,0.26288334,Poland
2022-03-20 00:00:00+00:00,3.0566168,0.0,0.25715,Poland
2022-03-21 00:00:00+00:00,4.4737,0.0,0.24920003,Poland
2022-03-22 00:00:00+00:00,6.4095335,0.0,0.23998335,Poland
2022-03-23 00:00:00+00:00,7.654116,0.0,0.23310828,Poland
2022-03-24 00:00:00+00:00,5.746617,0.0,0.230625,Poland
2022-03-25 00:00:00+00:00,6.854533,0.0,0.22344999,Poland
2022-03-26 00:00:00+00:00,7.571616,0.14000002,0.21446666,Poland
2022-03-27 00:00:00+00:00,5.052867,0.0,0.21199998,Poland
2022-03-28 00:00:00+00:00,9.459534,0.02,0.20512497,Poland
2022-03-29 00:00:00+00:00,6.114533,0.35999998,0.206175,Poland
2022-03-30 00:00:00+00:00,4.14245,3.0400002,0.20559165,Poland
2022-03-31 00:00:00+00:00,1.7216167,3.36,0.20624168,Poland
2022-04-01 00:00:00+00:00,1.2995334,5.3799996,0.20701666,Poland
2022-04-02 00:00:00+00:00,1.41995,2.5400002,0.20675,Poland
2022-04-03 00:00:00+00:00,0.33328328,0.04,0.20690832,Poland
2022-04-04 00:00:00+00:00,2.9687,2.74,0.20680836,Poland
2022-04-05 00:00:00+00:00,4.5545335,4.8599997,0.21385834,Poland
2022-04-06 00:00:00+00:00,8.082033,4.2,0.22833335,Poland
2022-04-07 00:00:00+00:00,11.177033,3.8200002,0.23447499,Poland
2022-04-08 00:00:00+00:00,7.103284,2.58,0.23844166,Poland
2022-04-09 00:00:00+00:00,4.6849504,2.3400002,0.24771667,Poland
2022-04-10 00:00:00+00:00,3.4549499,1.82,0.25284165,Poland
2022-04-11 00:00:00+00:00,3.5245335,0.94000006,0.2543917,Poland
2022-04-12 00:00:00+00:00,5.715367,0.0,0.2519917,Poland
2022-04-13 00:00:00+00:00,8.819533,0.0,0.24660003,Poland
2022-04-14 00:00:00+00:00,11.887449,0.56000006,0.24008337,Poland
2022-04-15 00:00:00+00:00,9.009116,3.7399998,0.23745,Poland
2022-04-16 00:00:00+00:00,5.1224504,0.38000003,0.23732503,Poland
2022-04-17 00:00:00+00:00,5.340783,0.14000002,0.23601666,Poland
2022-04-18 00:00:00+00:00,5.6495333,0.34,0.23073336,Poland
2022-04-19 00:00:00+00:00,5.5011997,1.22,0.22530833,Poland
2022-04-20 00:00:00+00:00,5.9507833,5.82,0.22704168,Poland
2022-04-21 00:00:00+00:00,8.579117,1.4400002,0.23233335,Poland
2022-04-22 00:00:00+00:00,8.815367,0.77999985,0.23540834,Poland
2022-04-23 00:00:00+00:00,8.52995,0.2,0.23450832,Poland
2022-04-24 00:00:00+00:00,9.302033,6.4800005,0.23250833,Poland
2022-04-25 00:00:00+00:00,8.293283,2.1,0.24735835,Poland
2022-04-26 00:00:00+00:00,8.333284,0.36000004,0.25070003,Poland
2022-04-27 00:00:00+00:00,9.58245,0.32,0.24743333,Poland
2022-04-28 00:00:00+00:00,9.614117,0.32000002,0.23984997,Poland
2022-04-29 00:00:00+00:00,9.927034,0.08,0.22981668,Poland
2022-04-30 00:00:00+00:00,10.830784,0.060000002,0.22244167,Poland
2022-05-01 00:00:00+00:00,11.716617,0.02,0.21428335,Poland
2022-05-02 00:00:00+00:00,11.7757845,0.02,0.20485835,Poland
2022-05-03 00:00:00+00:00,11.884117,0.04,0.19673334,Poland
2022-05-04 00:00:00+00:00,12.0137005,0.04,0.18621667,Poland
2022-05-05 00:00:00+00:00,13.600368,2.46,0.179025,Poland
2022-05-06 00:00:00+00:00,13.243283,0.98,0.17730832,Poland
2022-05-07 00:00:00+00:00,14.033282,0.28,0.17475002,Poland
2022-05-08 00:00:00+00:00,13.838283,0.98,0.17320001,Poland
2022-05-09 00:00:00+00:00,12.456616,0.0,0.17162499,Poland
2022-05-10 00:00:00+00:00,14.5866165,0.0,0.16533332,Poland
2022-05-11 00:00:00+00:00,19.230783,0.02,0.15836665,Poland
2022-05-12 00:00:00+00:00,17.794117,3.3799999,0.15439168,Poland
2022-05-13 00:00:00+00:00,14.954535,0.22,0.15722498,Poland
2022-05-14 00:00:00+00:00,14.010785,0.04,0.15913334,Poland
2022-05-15 00:00:00+00:00,13.5362,0.0,0.16060834,Poland
2022-05-16 00:00:00+00:00,14.663699,0.14,0.15678333,Poland
2022-05-17 00:00:00+00:00,13.402451,0.93999994,0.15531667,Poland
2022-05-18 00:00:00+00:00,11.771617,0.0,0.159525,Poland
2022-05-19 00:00:00+00:00,17.342869,0.0,0.15626666,Poland
2022-05-20 00:00:00+00:00,20.372034,3.4600003,0.15204999,Poland
2022-05-21 00:00:00+00:00,15.335785,5.32,0.15448335,Poland
2022-05-22 00:00:00+00:00,12.404532,0.76,0.15994169,Poland
2022-05-23 00:00:00+00:00,13.699533,0.1,0.16089998,Poland
2022-05-24 00:00:00+00:00,16.06995,5.46,0.15876666,Poland
2022-05-25 00:00:00+00:00,14.5537,6.78,0.16194168,Poland
2022-05-26 00:00:00+00:00,15.445783,0.28000003,0.1677833,Poland
2022-05-27 00:00:00+00:00,13.182867,6.12,0.17334166,Poland
2022-05-28 00:00:00+00:00,10.43495,5.5,0.18435001,Poland
2022-05-29 00:00:00+00:00,11.534117,0.75999993,0.19395837,Poland
2022-05-30 00:00:00+00:00,11.478283,2.0400002,0.19728336,Poland
2022-05-31 00:00:00+00:00,13.2662,1.1600001,0.199725,Poland
2022-06-01 00:00:00+00:00,14.670367,5.78,0.2053,Poland
2022-06-02 00:00:00+00:00,13.600367,2.58,0.20748337,Poland
2022-06-03 00:00:00+00:00,16.26745,0.0,0.20240831,Poland
2022-06-04 00:00:00+00:00,17.521618,1.6,0.19342498,Poland
2022-06-05 00:00:00+00:00,17.759117,0.1,0.1867,Poland
2022-06-06 00:00:00+00:00,18.587032,2.86,0.17825,Poland
2022-06-07 00:00:00+00:00,18.549534,5.5600004,0.17821667,Poland
2022-06-08 00:00:00+00:00,18.357868,3.04,0.17958334,Poland
2022-06-09 00:00:00+00:00,18.6562,6.7,0.183875,Poland
2022-06-10 00:00:00+00:00,18.31995,2.1399999,0.19559999,Poland
2022-06-11 00:00:00+00:00,18.48995,0.0,0.19346666,Poland
2022-06-12 00:00:00+00:00,19.92745,0.16000001,0.18613335,Poland
2022-06-13 00:00:00+00:00,16.078701,11.96,0.18564168,Poland
2022-06-14 00:00:00+00:00,13.949951,0.45999998,0.193075,Poland
2022-06-15 00:00:00+00:00,15.821617,0.2,0.19131665,Poland
2022-06-16 00:00:00+00:00,17.9887,0.78000003,0.18505,Poland
2022-06-17 00:00:00+00:00,17.631618,0.24000001,0.17928332,Poland
2022-06-18 00:00:00+00:00,21.938702,0.0,0.17305833,Poland
2022-06-19 00:00:00+00:00,25.338284,0.0,0.16390833,Poland
2022-06-20 00:00:00+00:00,18.104534,6.5800004,0.16589168,Poland
2022-06-21 00:00:00+00:00,14.593283,2.72,0.19256666,Poland
2022-06-22 00:00:00+00:00,17.48245,0.0,0.19595,Poland
2022-06-23 00:00:00+00:00,19.97245,0.0,0.18565,Poland
2022-06-24 00:00:00+00:00,22.227451,0.9,0.17410834,Poland
2022-06-25 00:00:00+00:00,23.019535,0.5400001,0.16793332,Poland
2022-06-26 00:00:00+00:00,24.330784,0.04,0.16420834,Poland
2022-06-27 00:00:00+00:00,25.612865,0.0,0.1581,Poland
2022-06-28 00:00:00+00:00,23.111616,1.76,0.15429166,Poland
2022-06-29 00:00:00+00:00,21.767448,1.8599999,0.15905002,Poland
2022-06-30 00:00:00+00:00,24.000366,4.32,0.17163335,Poland
2022-07-01 00:00:00+00:00,24.361616,5.44,0.19758335,Poland
2022-07-02 00:00:00+00:00,19.100367,3.1799998,0.20323333,Poland
2022-07-03 00:00:00+00:00,19.596619,0.120000005,0.19899997,Poland
2022-07-04 00:00:00+00:00,21.356617,1.0,0.19253333,Poland
2022-07-05 00:00:00+00:00,19.8962,5.0800004,0.18491668,Poland
2022-07-06 00:00:00+00:00,17.123285,6.9,0.19209167,Poland
2022-07-07 00:00:00+00:00,16.459118,1.1,0.19270837,Poland
2022-07-08 00:00:00+00:00,17.075785,1.5400001,0.19195834,Poland
2022-07-09 00:00:00+00:00,16.276201,2.04,0.19329168,Poland
2022-07-10 00:00:00+00:00,14.520366,2.7399998,0.19231665,Poland
2022-07-11 00:00:00+00:00,14.847865,5.8,0.195175,Poland
2022-07-12 00:00:00+00:00,17.01245,4.8,0.19543333,Poland
2022-07-13 00:00:00+00:00,20.625784,1.28,0.19915834,Poland
2022-07-14 00:00:00+00:00,19.755367,1.24,0.19175835,Poland
2022-07-15 00:00:00+00:00,16.232868,0.78000003,0.18679997,Poland
2022-07-16 00:00:00+00:00,14.993283,4.18,0.18684165,Poland
2022-07-17 00:00:00+00:00,15.774118,0.36000004,0.18836668,Poland
2022-07-18 00:00:00+00:00,18.662867,0.120000005,0.182875,Poland
2022-07-19 00:00:00+00:00,22.650784,0.16000001,0.17657499,Poland
2022-07-20 00:00:00+00:00,24.681616,0.0,0.16399167,Poland
2022-07-21 00:00:00+00:00,25.608282,0.0,0.15653335,Poland
2022-07-22 00:00:00+00:00,24.188284,0.42000002,0.15080002,Poland
2022-07-23 00:00:00+00:00,21.91995,2.96,0.14898333,Poland
2022-07-24 00:00:00+00:00,19.482033,0.94000006,0.15029168,Poland
2022-07-25 00:00:00+00:00,22.586617,0.0,0.14613333,Poland
2022-07-26 00:00:00+00:00,21.10995,2.1399999,0.13979165,Poland
2022-07-27 00:00:00+00:00,17.588701,0.34,0.14420001,Poland
2022-07-28 00:00:00+00:00,17.559534,0.16000001,0.14695,Poland
2022-07-29 00:00:00+00:00,19.711617,1.0,0.14358334,Poland
2022-07-30 00:00:00+00:00,18.3512,15.879999,0.158025,Poland
2022-07-31 00:00:00+00:00,17.842867,10.5599985,0.20909998,Poland
2022-08-01 00:00:00+00:00,19.252869,0.82,0.20929165,Poland
2022-08-02 00:00:00+00:00,20.06745,0.38000003,0.20459163,Poland
2022-08-03 00:00:00+00:00,22.480783,0.0,0.19551666,Poland
2022-08-04 00:00:00+00:00,24.162035,0.0,0.1836,Poland
2022-08-05 00:00:00+00:00,25.429949,0.08,0.172325,Poland
2022-08-06 00:00:00+00:00,18.885366,4.56,0.16735001,Poland
2022-08-07 00:00:00+00:00,17.055367,0.0,0.16666667,Poland
2022-08-08 00:00:00+00:00,18.168283,0.060000002,0.16479166,Poland
2022-08-09 00:00:00+00:00,18.917448,0.16,0.16107503,Poland
2022-08-10 00:00:00+00:00,18.998285,0.04,0.15639165,Poland
2022-08-11 00:00:00+00:00,19.45245,1.5799999,0.15355,Poland
2022-08-12 00:00:00+00:00,20.514118,3.6799998,0.15863334,Poland
2022-08-13 00:00:00+00:00,21.65745,4.28,0.17599165,Poland
2022-08-14 00:00:00+00:00,21.690784,4.0,0.18894169,Poland
2022-08-15 00:00:00+00:00,22.024532,3.7600002,0.18704998,Poland
2022-08-16 00:00:00+00:00,22.654951,0.84,0.20107503,Poland
2022-08-17 00:00:00+00:00,23.470366,0.52000004,0.21107502,Poland
2022-08-18 00:00:00+00:00,24.584118,0.02,0.20134166,Poland
2022-08-19 00:00:00+00:00,24.759953,0.5,0.19418332,Poland
2022-08-20 00:00:00+00:00,21.636616,15.820002,0.19315001,Poland
2022-08-21 00:00:00+00:00,19.03495,14.26,0.27045834,Poland
2022-08-22 00:00:00+00:00,18.256199,7.1200004,0.3146,Poland
2022-08-23 00:00:00+00:00,19.982868,11.620001,0.32142502,Poland
2022-08-24 00:00:00+00:00,21.419117,1.2,0.31405833,Poland
2022-08-25 00:00:00+00:00,21.805367,1.0200001,0.29931667,Poland
2022-08-26 00:00:00+00:00,22.755785,0.71999997,0.28645,Poland
2022-08-27 00:00:00+00:00,21.64245,1.12,0.27398333,Poland
2022-08-28 00:00:00+00:00,20.380367,8.44,0.27820835,Poland
2022-08-29 00:00:00+00:00,17.971617,1.8399998,0.27841666,Poland
2022-08-30 00:00:00+00:00,17.029533,0.52000004,0.27355832,Poland
2022-08-31 00:00:00+00:00,15.905783,0.54,0.2674417,Poland
2022-09-01 00:00:00+00:00,14.079117,0.2,0.26235,Poland
2022-09-02 00:00:00+00:00,13.676618,0.02,0.2565083,Poland
2022-09-03 00:00:00+00:00,14.3782835,0.0,0.2528333,Poland
2022-09-04 00:00:00+00:00,15.3212,0.0,0.24763331,Poland
2022-09-05 00:00:00+00:00,14.96745,0.02,0.240525,Poland
2022-09-06 00:00:00+00:00,14.293283,0.32000002,0.2351,Poland
2022-09-07 00:00:00+00:00,14.827866,0.17999999,0.2332,Poland
2022-09-08 00:00:00+00:00,16.424534,8.0199995,0.23095,Poland
2022-09-09 00:00:00+00:00,15.390783,4.1400003,0.23886666,Poland
2022-09-10 00:00:00+00:00,14.153284,12.780001,0.25927502,Poland
2022-09-11 00:00:00+00:00,13.151199,6.6200004,0.27854165,Poland
2022-09-12 00:00:00+00:00,13.007032,0.5400001,0.28453332,Poland
2022-09-13 00:00:00+00:00,14.369951,1.0,0.27955002,Poland
2022-09-14 00:00:00+00:00,15.282867,4.68,0.27797502,Poland
2022-09-15 00:00:00+00:00,14.538284,5.14,0.282875,Poland
2022-09-16 00:00:00+00:00,12.584116,0.84000003,0.2812333,Poland
2022-09-17 00:00:00+00:00,11.11995,1.0400001,0.28002498,Poland
2022-09-18 00:00:00+00:00,9.660784,3.8199997,0.28665,Poland
2022-09-19 00:00:00+00:00,9.085783,4.4000006,0.29595003,Poland
2022-09-20 00:00:00+00:00,9.909117,2.3799999,0.30789167,Poland
2022-09-21 00:00:00+00:00,9.929534,2.06,0.30385834,Poland
2022-09-22 00:00:00+00:00,9.4437,0.08,0.2991833,Poland
2022-09-23 00:00:00+00:00,9.422033,0.26000005,0.2945,Poland
2022-09-24 00:00:00+00:00,10.8412,0.1,0.28901666,Poland
2022-09-25 00:00:00+00:00,10.906617,1.1600001,0.28558335,Poland
2022-09-26 00:00:00+00:00,11.029117,1.36,0.28142497,Poland
2022-09-27 00:00:00+00:00,10.78245,4.5600004,0.28662497,Poland
2022-09-28 00:00:00+00:00,9.423699,6.88,0.30314165,Poland
2022-09-29 00:00:00+00:00,8.63745,0.6,0.30979997,Poland
2022-09-30 00:00:00+00:00,8.94245,4.82,0.30796665,Poland
2022-10-01 00:00:00+00:00,10.660784,4.0800004,0.30709165,Poland
2022-10-02 00:00:00+00:00,11.046199,2.86,0.30880833,Poland
2022-10-03 00:00:00+00:00,10.573283,1.76,0.30618328,Poland
2022-10-04 00:00:00+00:00,10.860784,0.52000004,0.30350834,Poland
2022-10-05 00:00:00+00:00,12.730368,0.0,0.29897496,Poland
2022-10-06 00:00:00+00:00,13.072451,0.18,0.29462504,Poland
2022-10-07 00:00:00+00:00,11.262033,0.0,0.28869167,Poland
2022-10-08 00:00:00+00:00,13.324118,0.74,0.28318334,Poland
2022-10-09 00:00:00+00:00,9.449949,0.16,0.27980834,Poland
2022-10-10 00:00:00+00:00,10.056616,0.0,0.275625,Poland
2022-10-11 00:00:00+00:00,10.094534,0.26000002,0.27049166,Poland
2022-10-12 00:00:00+00:00,8.71745,0.02,0.26784167,Poland
2022-10-13 00:00:00+00:00,9.400367,0.0,0.26246667,Poland
2022-10-14 00:00:00+00:00,10.716617,0.26000002,0.25753334,Poland
2022-10-15 00:00:00+00:00,12.804117,1.5200001,0.25609165,Poland
2022-10-16 00:00:00+00:00,14.590367,0.6,0.256225,Poland
2022-10-17 00:00:00+00:00,15.2428665,0.0,0.25338334,Poland
2022-10-18 00:00:00+00:00,13.982867,4.38,0.24943335,Poland
2022-10-19 00:00:00+00:00,9.3012,1.58,0.25433335,Poland
2022-10-20 00:00:00+00:00,6.41745,0.0,0.2566,Poland
2022-10-21 00:00:00+00:00,8.164949,2.54,0.25905,Poland
2022-10-22 00:00:00+00:00,11.150366,2.86,0.26481667,Poland
2022-10-23 00:00:00+00:00,12.1812,0.4,0.27233332,Poland
2022-10-24 00:00:00+00:00,13.497452,1.32,0.27499163,Poland
2022-10-25 00:00:00+00:00,12.439951,1.64,0.27935,Poland
2022-10-26 00:00:00+00:00,10.625784,0.0,0.28480834,Poland
2022-10-27 00:00:00+00:00,11.349533,0.0,0.28218332,Poland
2022-10-28 00:00:00+00:00,13.733284,0.04,0.27885,Poland
2022-10-29 00:00:00+00:00,14.403284,0.1,0.2763167,Poland
2022-10-30 00:00:00+00:00,12.95995,0.58,0.27520832,Poland
2022-10-31 00:00:00+00:00,11.604533,0.02,0.2756417,Poland
2022-11-01 00:00:00+00:00,11.337866,0.04,0.27505,Poland
2022-11-02 00:00:00+00:00,10.634534,0.2,0.27440006,Poland
2022-11-03 00:00:00+00:00,8.1812,0.08,0.27225,Poland
2022-11-04 00:00:00+00:00,9.141617,6.1800003,0.2709917,Poland
2022-11-05 00:00:00+00:00,7.7716155,4.24,0.29121667,Poland
2022-11-06 00:00:00+00:00,5.9416165,0.28000003,0.2983,Poland
2022-11-07 00:00:00+00:00,7.7653666,0.0,0.297025,Poland
2022-11-08 00:00:00+00:00,9.2262,0.0,0.29343337,Poland
2022-11-09 00:00:00+00:00,9.170783,0.34,0.2891083,Poland
2022-11-10 00:00:00+00:00,9.094117,1.0600001,0.28754997,Poland
2022-11-11 00:00:00+00:00,8.9612,0.0,0.28665835,Poland
2022-11-12 00:00:00+00:00,8.4112,0.08,0.285675,Poland
2022-11-13 00:00:00+00:00,7.9645333,0.3,0.28540835,Poland
2022-11-14 00:00:00+00:00,6.76995,0.0,0.2858667,Poland
2022-11-15 00:00:00+00:00,5.5241165,0.0,0.28517503,Poland
2022-11-16 00:00:00+00:00,4.01995,4.42,0.28576666,Poland
2022-11-17 00:00:00+00:00,0.7132834,0.8999999,0.2918,Poland
2022-11-18 00:00:00+00:00,-1.8596332,0.3,0.29145837,Poland
2022-11-19 00:00:00+00:00,-3.5958831,1.56,0.28962502,Poland
2022-11-20 00:00:00+00:00,-2.6071334,1.1200001,0.28764167,Poland
2022-11-21 00:00:00+00:00,-1.3583834,0.44,0.28589162,Poland
2022-11-22 00:00:00+00:00,0.2612,0.0,0.28451666,Poland
2022-11-23 00:00:00+00:00,0.7607834,0.8,0.28425834,Poland
2022-11-24 00:00:00+00:00,0.29661673,1.68,0.2840667,Poland
2022-11-25 00:00:00+00:00,1.4541167,0.42,0.2837,Poland
2022-11-26 00:00:00+00:00,2.0503669,1.24,0.28364998,Poland
2022-11-27 00:00:00+00:00,2.0412002,0.17999999,0.28492498,Poland
2022-11-28 00:00:00+00:00,1.6916168,0.04,0.2852083,Poland
2022-11-29 00:00:00+00:00,1.2437,0.02,0.28564999,Poland
2022-11-30 00:00:00+00:00,0.086200014,0.0,0.28520834,Poland
2022-12-01 00:00:00+00:00,0.062866665,0.0,0.28455,Poland
2022-12-02 00:00:00+00:00,-1.7763001,0.08,0.28366667,Poland
2022-12-03 00:00:00+00:00,-1.1333833,1.4399999,0.2821917,Poland
2022-12-04 00:00:00+00:00,1.0362,0.3,0.28170833,Poland
2022-12-05 00:00:00+00:00,1.1941168,0.4,0.28158337,Poland
2022-12-06 00:00:00+00:00,1.4670333,3.3199997,0.28242502,Poland
2022-12-07 00:00:00+00:00,0.89120007,3.1399999,0.287975,Poland
2022-12-08 00:00:00+00:00,0.47786674,0.9,0.29137498,Poland
2022-12-09 00:00:00+00:00,0.118283354,1.1200001,0.29190832,Poland
2022-12-10 00:00:00+00:00,-0.8892166,1.46,0.29150835,Poland
2022-12-11 00:00:00+00:00,-2.7838,5.920001,0.29055002,Poland
2022-12-12 00:00:00+00:00,-1.7146333,3.4199996,0.28925002,Poland
2022-12-13 00:00:00+00:00,-3.8150496,0.08,0.287875,Poland
2022-12-14 00:00:00+00:00,-6.5113,0.93999994,0.28655,Poland
2022-12-15 00:00:00+00:00,-5.4488,0.54,0.28530002,Poland
2022-12-16 00:00:00+00:00,-4.8567166,3.5200005,0.28450003,Poland
2022-12-17 00:00:00+00:00,-4.8567166,1.3800001,0.28361672,Poland
2022-12-18 00:00:00+00:00,-6.2896338,0.0,0.2826167,Poland
2022-12-19 00:00:00+00:00,-3.6533833,1.68,0.2818166,Poland
2022-12-20 00:00:00+00:00,1.8953667,1.4399999,0.2828583,Poland
2022-12-21 00:00:00+00:00,2.7703667,2.6200001,0.28841665,Poland
2022-12-22 00:00:00+00:00,4.488283,3.8200002,0.301825,Poland
2022-12-23 00:00:00+00:00,4.7478666,2.8799996,0.31846666,Poland
2022-12-24 00:00:00+00:00,3.6295333,4.46,0.33091667,Poland
2022-12-25 00:00:00+00:00,3.8307831,1.1400001,0.33010834,Poland
2022-12-26 00:00:00+00:00,7.1391172,5.5800004,0.33525,Poland
2022-12-27 00:00:00+00:00,3.17995,1.9999998,0.3394,Poland
2022-12-28 00:00:00+00:00,3.211617,0.48000002,0.33360833,Poland
2022-12-29 00:00:00+00:00,6.6166167,0.9799999,0.3290167,Poland
2022-12-30 00:00:00+00:00,5.385783,0.24000001,0.32475835,Poland
2022-12-31 00:00:00+00:00,10.420366,0.68,0.32030836,Poland
2023-01-01 00:00:00+00:00,12.636617,0.0,0.31900007,Poland
2023-01-02 00:00:00+00:00,10.039533,0.7200001,0.31421667,Poland
2023-01-03 00:00:00+00:00,5.7482824,0.14,0.30872503,Poland
2023-01-04 00:00:00+00:00,4.0437,4.4800005,0.30633333,Poland
2023-01-05 00:00:00+00:00,6.2053666,6.4800005,0.32040834,Poland
2023-01-06 00:00:00+00:00,2.5436997,3.7599998,0.32672498,Poland
2023-01-07 00:00:00+00:00,4.228283,0.1,0.32594165,Poland
2023-01-08 00:00:00+00:00,3.7199502,0.17999999,0.32430837,Poland
2023-01-09 00:00:00+00:00,4.1462,1.8399999,0.32394165,Poland
2023-01-10 00:00:00+00:00,3.23245,1.3800001,0.32643333,Poland
2023-01-11 00:00:00+00:00,3.6774502,1.9599998,0.32427502,Poland
2023-01-12 00:00:00+00:00,5.92245,0.5,0.3251584,Poland
2023-01-13 00:00:00+00:00,6.7716165,3.0799997,0.32618335,Poland
2023-01-14 00:00:00+00:00,5.3962,0.44,0.3281667,Poland
2023-01-15 00:00:00+00:00,5.32495,5.84,0.33034998,Poland
2023-01-16 00:00:00+00:00,2.5357833,1.22,0.33774164,Poland
2023-01-17 00:00:00+00:00,2.0970333,1.6600001,0.3355167,Poland
2023-01-18 00:00:00+00:00,0.85745,5.5600004,0.33528334,Poland
2023-01-19 00:00:00+00:00,-0.32129994,3.2599998,0.33297503,Poland
2023-01-20 00:00:00+00:00,-0.5463,0.68,0.32888332,Poland
2023-01-21 00:00:00+00:00,-0.099216625,9.940001,0.3258167,Poland
2023-01-22 00:00:00+00:00,0.37203333,1.3,0.325625,Poland
2023-01-23 00:00:00+00:00,0.44370002,0.0,0.32576665,Poland
2023-01-24 00:00:00+00:00,0.4091167,0.0,0.32449165,Poland
2023-01-25 00:00:00+00:00,-0.1792166,0.02,0.32339996,Poland
2023-01-26 00:00:00+00:00,-0.25713336,0.78000003,0.32105,Poland
2023-01-27 00:00:00+00:00,-0.5954667,0.68,0.31937498,Poland
2023-01-28 00:00:00+00:00,-1.4658834,0.1,0.31728333,Poland
2023-01-29 00:00:00+00:00,-0.96046656,0.22,0.31435004,Poland
2023-01-30 00:00:00+00:00,0.84036666,4.5999994,0.31226668,Poland
2023-01-31 00:00:00+00:00,1.7487001,2.7599998,0.3130333,Poland
2023-02-01 00:00:00+00:00,2.3553667,4.8599997,0.318775,Poland
2023-02-02 00:00:00+00:00,1.5087,4.22,0.32495,Poland
2023-02-03 00:00:00+00:00,0.7062,11.42,0.33461666,Poland
2023-02-04 00:00:00+00:00,-2.1654668,2.02,0.34295002,Poland
2023-02-05 00:00:00+00:00,-4.4504666,0.04,0.33605838,Poland
2023-02-06 00:00:00+00:00,-3.5212998,0.04,0.33075,Poland
2023-02-07 00:00:00+00:00,-3.2442164,0.34000006,0.32664168,Poland
2023-02-08 00:00:00+00:00,-2.7688,0.0,0.32325,Poland
2023-02-09 00:00:00+00:00,-2.6121335,0.0,0.32027498,Poland
2023-02-10 00:00:00+00:00,0.13953331,0.1,0.31784996,Poland
2023-02-11 00:00:00+00:00,3.0820334,1.38,0.31858334,Poland
2023-02-12 00:00:00+00:00,2.5128667,0.08,0.32195002,Poland
2023-02-13 00:00:00+00:00,4.5341167,0.3,0.32095006,Poland
2023-02-14 00:00:00+00:00,2.82495,0.0,0.32090834,Poland
2023-02-15 00:00:00+00:00,1.6537001,0.0,0.32085833,Poland
2023-02-16 00:00:00+00:00,2.4187,0.120000005,0.31854996,Poland
2023-02-17 00:00:00+00:00,6.0345335,7.88,0.32131666,Poland
2023-02-18 00:00:00+00:00,5.5616164,4.0,0.34010834,Poland
2023-02-19 00:00:00+00:00,2.7095332,3.6800003,0.34980002,Poland
2023-02-20 00:00:00+00:00,4.9307833,3.1799998,0.34465832,Poland
2023-02-21 00:00:00+00:00,6.3357835,3.4599998,0.34689167,Poland
2023-02-22 00:00:00+00:00,2.4382834,0.14,0.34179166,Poland
2023-02-23 00:00:00+00:00,3.0616164,0.58000004,0.33511665,Poland
2023-02-24 00:00:00+00:00,4.5357833,3.2399998,0.33536667,Poland
2023-02-25 00:00:00+00:00,1.4932833,5.48,0.33919168,Poland
2023-02-26 00:00:00+00:00,-0.65921664,0.7800001,0.3404417,Poland
2023-02-27 00:00:00+00:00,-1.1900501,0.18,0.33510834,Poland
2023-02-28 00:00:00+00:00,-1.7300498,0.0,0.3298417,Poland
2023-03-01 00:00:00+00:00,-0.5600499,0.0,0.32674995,Poland
2023-03-02 00:00:00+00:00,0.5116166,0.0,0.32389998,Poland
2023-03-03 00:00:00+00:00,0.04495008,0.0,0.32153332,Poland
2023-03-04 00:00:00+00:00,0.6716167,0.86,0.31878334,Poland
2023-03-05 00:00:00+00:00,-1.0996333,2.12,0.31810004,Poland
2023-03-06 00:00:00+00:00,-0.7233833,1.82,0.3161417,Poland
2023-03-07 00:00:00+00:00,1.1128666,2.42,0.313525,Poland
2023-03-08 00:00:00+00:00,1.1295334,3.1600003,0.31409162,Poland
2023-03-09 00:00:00+00:00,0.77286667,4.1800003,0.32074997,Poland
2023-03-10 00:00:00+00:00,4.8728666,5.96,0.3260833,Poland
2023-03-11 00:00:00+00:00,1.2803667,5.28,0.342925,Poland
2023-03-12 00:00:00+00:00,1.0982834,0.82,0.34068334,Poland
2023-03-13 00:00:00+00:00,7.2453666,3.12,0.33876663,Poland
2023-03-14 00:00:00+00:00,9.408701,3.0,0.34157497,Poland
2023-03-15 00:00:00+00:00,2.249117,0.45999998,0.34341666,Poland
2023-03-16 00:00:00+00:00,1.2228667,0.46000004,0.34007502,Poland
2023-03-17 00:00:00+00:00,3.7482834,0.0,0.33329168,Poland
2023-03-18 00:00:00+00:00,6.1137,0.0,0.32642502,Poland
2023-03-19 00:00:00+00:00,7.3237,0.26,0.31448334,Poland
2023-03-20 00:00:00+00:00,8.630366,1.7400001,0.30504996,Poland
2023-03-21 00:00:00+00:00,7.5762,0.96000004,0.30511668,Poland
2023-03-22 00:00:00+00:00,9.547033,1.0799999,0.30690837,Poland
2023-03-23 00:00:00+00:00,11.787034,0.72,0.30608338,Poland
2023-03-24 00:00:00+00:00,12.062034,3.7,0.3065917,Poland
2023-03-25 00:00:00+00:00,9.0328665,2.3,0.3072583,Poland
2023-03-26 00:00:00+00:00,6.7686996,2.44,0.31357497,Poland
2023-03-27 00:00:00+00:00,1.6912,3.8799999,0.31965834,Poland
2023-03-28 00:00:00+00:00,-0.34004992,1.2799999,0.3213666,Poland
2023-03-29 00:00:00+00:00,2.7332835,0.0,0.3177,Poland
2023-03-30 00:00:00+00:00,8.349534,3.0400002,0.31216666,Poland
2023-03-31 00:00:00+00:00,9.6737,2.9,0.31343335,Poland
2023-04-01 00:00:00+00:00,7.793283,7.5399995,0.331,Poland
2023-04-02 00:00:00+00:00,3.3628666,2.48,0.3413,Poland
2023-04-03 00:00:00+00:00,1.0116167,0.52,0.337475,Poland
2023-04-04 00:00:00+00:00,0.045366626,0.04,0.33020833,Poland
2023-04-05 00:00:00+00:00,0.5895333,0.22,0.32369167,Poland
2023-04-06 00:00:00+00:00,2.0757835,2.1999998,0.31908336,Poland
2023-04-07 00:00:00+00:00,5.5116167,3.6200001,0.32273334,Poland
2023-04-08 00:00:00+00:00,6.0716166,0.34,0.3252917,Poland
2023-04-09 00:00:00+00:00,7.318283,1.56,0.32541665,Poland
2023-04-10 00:00:00+00:00,8.681617,0.2,0.32278332,Poland
2023-04-11 00:00:00+00:00,8.339951,3.9399998,0.32241666,Poland
2023-04-12 00:00:00+00:00,7.8536997,0.9399999,0.32344162,Poland
2023-04-13 00:00:00+00:00,8.562867,3.44,0.31906664,Poland
2023-04-14 00:00:00+00:00,9.882867,3.4,0.32096663,Poland
2023-04-15 00:00:00+00:00,8.864117,4.62,0.32609165,Poland
2023-04-16 00:00:00+00:00,8.33745,2.2999997,0.327825,Poland
2023-04-17 00:00:00+00:00,8.810783,0.8,0.32513332,Poland
2023-04-18 00:00:00+00:00,9.7724495,1.9799998,0.3281,Poland
2023-04-19 00:00:00+00:00,6.9862,6.9800005,0.3353417,Poland
2023-04-20 00:00:00+00:00,10.350782,0.16,0.3344083,Poland
2023-04-21 00:00:00+00:00,11.312034,0.0,0.32424998,Poland
2023-04-22 00:00:00+00:00,11.7037,0.0,0.31259167,Poland
2023-04-23 00:00:00+00:00,13.7653675,0.96000004,0.3024667,Poland
2023-04-24 00:00:00+00:00,13.272451,3.72,0.29738337,Poland
2023-04-25 00:00:00+00:00,8.641199,3.3400002,0.30508336,Poland
2023-04-26 00:00:00+00:00,5.715367,1.24,0.30644995,Poland
2023-04-27 00:00:00+00:00,5.390783,0.6,0.30287498,Poland
2023-04-28 00:00:00+00:00,8.537867,0.02,0.29574165,Poland
2023-04-29 00:00:00+00:00,10.920366,2.78,0.2916333,Poland
2023-04-30 00:00:00+00:00,8.652867,0.22,0.29244167,Poland
2023-05-01 00:00:00+00:00,9.8687,0.0,0.28525832,Poland
2023-05-02 00:00:00+00:00,12.17745,1.22,0.27590832,Poland
2023-05-03 00:00:00+00:00,8.828701,0.38,0.269675,Poland
2023-05-04 00:00:00+00:00,10.158701,0.0,0.261975,Poland
2023-05-05 00:00:00+00:00,11.079535,0.18,0.25358337,Poland
2023-05-06 00:00:00+00:00,8.73995,8.559999,0.24932499,Poland
2023-05-07 00:00:00+00:00,7.7987,0.7799999,0.26445836,Poland
2023-05-08 00:00:00+00:00,8.342867,0.0,0.26508334,Poland
2023-05-09 00:00:00+00:00,10.473284,0.0,0.25653332,Poland
2023-05-10 00:00:00+00:00,12.57245,0.0,0.24405833,Poland
2023-05-11 00:00:00+00:00,13.376616,0.02,0.23239164,Poland
2023-05-12 00:00:00+00:00,13.8862,0.0,0.21866667,Poland
2023-05-13 00:00:00+00:00,14.050784,0.14000002,0.20820832,Poland
2023-05-14 00:00:00+00:00,15.016617,0.59999996,0.19830835,Poland
2023-05-15 00:00:00+00:00,12.832033,12.54,0.1958417,Poland
2023-05-16 00:00:00+00:00,13.337451,2.44,0.20559165,Poland
2023-05-17 00:00:00+00:00,11.047867,5.62,0.21720836,Poland
2023-05-18 00:00:00+00:00,9.990367,2.3400006,0.23822503,Poland
2023-05-19 00:00:00+00:00,11.338284,0.67999995,0.23893332,Poland
2023-05-20 00:00:00+00:00,15.613284,0.120000005,0.23664999,Poland
2023-05-21 00:00:00+00:00,17.494118,0.3,0.22889164,Poland
2023-05-22 00:00:00+00:00,16.789951,0.0,0.21759167,Poland
2023-05-23 00:00:00+00:00,16.775784,2.1799998,0.20995834,Poland
2023-05-24 00:00:00+00:00,14.92745,2.48,0.20991667,Poland
2023-05-25 00:00:00+00:00,15.274115,2.2599998,0.20983335,Poland
2023-05-26 00:00:00+00:00,14.4841175,0.16,0.20464163,Poland
2023-05-27 00:00:00+00:00,12.812451,0.0,0.19805834,Poland
2023-05-28 00:00:00+00:00,14.116617,0.0,0.189575,Poland
2023-05-29 00:00:00+00:00,15.649533,0.0,0.18004167,Poland
2023-05-30 00:00:00+00:00,15.230367,0.0,0.17424165,Poland
2023-05-31 00:00:00+00:00,16.032452,0.0,0.16663334,Poland
2023-06-01 00:00:00+00:00,17.424534,0.0,0.16021667,Poland
2023-06-02 00:00:00+00:00,13.064951,0.16,0.15778334,Poland
2023-06-03 00:00:00+00:00,11.807867,0.0,0.16141668,Poland
2023-06-04 00:00:00+00:00,14.94245,0.0,0.15650001,Poland
2023-06-05 00:00:00+00:00,17.323284,0.08,0.15381667,Poland
2023-06-06 00:00:00+00:00,18.9987,1.04,0.15379167,Poland
2023-06-07 00:00:00+00:00,20.189533,0.16,0.15343335,Poland
2023-06-08 00:00:00+00:00,20.3337,0.24000004,0.153175,Poland
2023-06-09 00:00:00+00:00,20.512867,1.9399999,0.15198335,Poland
2023-06-10 00:00:00+00:00,19.7337,1.34,0.152675,Poland
2023-06-11 00:00:00+00:00,18.081615,0.08,0.15245834,Poland
2023-06-12 00:00:00+00:00,16.735367,0.0,0.15198334,Poland
2023-06-13 00:00:00+00:00,13.913284,0.88,0.15303335,Poland
2023-06-14 00:00:00+00:00,14.9287,2.48,0.15364167,Poland
2023-06-15 00:00:00+00:00,15.740366,3.5400002,0.15741666,Poland
2023-06-16 00:00:00+00:00,16.50745,6.0,0.16498335,Poland
2023-06-17 00:00:00+00:00,17.026617,3.4599998,0.18995,Poland
2023-06-18 00:00:00+00:00,17.50495,5.76,0.19099998,Poland
2023-06-19 00:00:00+00:00,20.140366,0.2,0.18758331,Poland
2023-06-20 00:00:00+00:00,22.847866,1.1600001,0.18261667,Poland
2023-06-21 00:00:00+00:00,23.21495,4.44,0.17788333,Poland
2023-06-22 00:00:00+00:00,22.42995,0.98,0.17540835,Poland
2023-06-23 00:00:00+00:00,20.187033,19.34,0.18161668,Poland
2023-06-24 00:00:00+00:00,18.805784,0.85999995,0.20775834,Poland
2023-06-25 00:00:00+00:00,19.400784,0.44,0.20656665,Poland
2023-06-26 00:00:00+00:00,20.958698,3.58,0.19725001,Poland
2023-06-27 00:00:00+00:00,16.904533,5.38,0.19052501,Poland
2023-06-28 00:00:00+00:00,16.073284,2.56,0.19155836,Poland
2023-06-29 00:00:00+00:00,18.96495,0.14000002,0.19335833,Poland
2023-06-30 00:00:00+00:00,19.83495,3.3799999,0.19049999,Poland
2023-07-01 00:00:00+00:00,19.107035,2.64,0.19324999,Poland
2023-07-02 00:00:00+00:00,18.848701,3.5400002,0.20018335,Poland
2023-07-03 00:00:00+00:00,18.432867,0.16,0.19663334,Poland
2023-07-04 00:00:00+00:00,19.341198,0.1,0.18970832,Poland
2023-07-05 00:00:00+00:00,20.658283,2.08,0.18381667,Poland
2023-07-06 00:00:00+00:00,19.074116,0.56,0.18093331,Poland
2023-07-07 00:00:00+00:00,19.707449,0.02,0.1753917,Poland
2023-07-08 00:00:00+00:00,21.448284,0.0,0.16625832,Poland
2023-07-09 00:00:00+00:00,21.829948,0.0,0.15893334,Poland
2023-07-10 00:00:00+00:00,22.226618,0.98,0.15650834,Poland
2023-07-11 00:00:00+00:00,20.864534,1.6200001,0.15567502,Poland
2023-07-12 00:00:00+00:00,22.298702,1.34,0.15254167,Poland
2023-07-13 00:00:00+00:00,20.281618,5.46,0.15639167,Poland
2023-07-14 00:00:00+00:00,19.741617,0.18,0.15895,Poland
2023-07-15 00:00:00+00:00,24.080364,0.0,0.152125,Poland
2023-07-16 00:00:00+00:00,24.970367,0.4,0.14295834,Poland
2023-07-17 00:00:00+00:00,23.250366,2.3,0.13952501,Poland
2023-07-18 00:00:00+00:00,19.659115,0.28000003,0.14495833,Poland
2023-07-19 00:00:00+00:00,19.7712,1.36,0.15005831,Poland
2023-07-20 00:00:00+00:00,17.294535,4.2599998,0.15184166,Poland
2023-07-21 00:00:00+00:00,17.947033,6.56,0.15771666,Poland
2023-07-22 00:00:00+00:00,17.668283,2.0199997,0.16023335,Poland
2023-07-23 00:00:00+00:00,20.237865,0.060000002,0.16462502,Poland
2023-07-24 00:00:00+00:00,22.267035,3.08,0.16144165,Poland
2023-07-25 00:00:00+00:00,19.518702,5.3599997,0.15675834,Poland
2023-07-26 00:00:00+00:00,15.813284,10.440001,0.16447501,Poland
2023-07-27 00:00:00+00:00,16.606617,2.0399997,0.18125835,Poland
2023-07-28 00:00:00+00:00,17.6512,7.7599998,0.18367502,Poland
2023-07-29 00:00:00+00:00,19.637867,5.52,0.19084999,Poland
2023-07-30 00:00:00+00:00,19.747866,2.08,0.19869998,Poland
2023-07-31 00:00:00+00:00,18.57745,0.4,0.20261666,Poland
2023-08-01 00:00:00+00:00,18.410784,6.2599998,0.20463333,Poland
2023-08-02 00:00:00+00:00,19.092031,2.3799999,0.21495,Poland
2023-08-03 00:00:00+00:00,20.508284,1.68,0.21399164,Poland
2023-08-04 00:00:00+00:00,19.6237,1.0,0.21124165,Poland
2023-08-05 00:00:00+00:00,18.1362,14.1,0.21159999,Poland
2023-08-06 00:00:00+00:00,17.737034,21.52,0.28098333,Poland
2023-08-07 00:00:00+00:00,15.4487,2.86,0.31839162,Poland
2023-08-08 00:00:00+00:00,15.136617,2.26,0.30977502,Poland
2023-08-09 00:00:00+00:00,14.748285,5.18,0.30535,Poland
2023-08-10 00:00:00+00:00,15.634117,0.45999998,0.3001167,Poland
2023-08-11 00:00:00+00:00,17.051199,0.04,0.287525,Poland
2023-08-12 00:00:00+00:00,20.174118,0.0,0.26978332,Poland
2023-08-13 00:00:00+00:00,21.736618,0.26000002,0.25371665,Poland
2023-08-14 00:00:00+00:00,23.3537,2.4,0.24063332,Poland
2023-08-15 00:00:00+00:00,25.311617,0.0,0.22555001,Poland
2023-08-16 00:00:00+00:00,24.1987,1.64,0.21206665,Poland
2023-08-17 00:00:00+00:00,22.927868,2.04,0.20396669,Poland
2023-08-18 00:00:00+00:00,23.263699,0.62,0.2009083,Poland
2023-08-19 00:00:00+00:00,23.872034,0.94000006,0.20501666,Poland
2023-08-20 00:00:00+00:00,24.290783,0.2,0.199075,Poland
2023-08-21 00:00:00+00:00,22.292034,0.68,0.19387498,Poland
2023-08-22 00:00:00+00:00,20.641617,1.6800001,0.191775,Poland
2023-08-23 00:00:00+00:00,20.120365,0.58,0.18983333,Poland
2023-08-24 00:00:00+00:00,20.617868,0.0,0.1882917,Poland
2023-08-25 00:00:00+00:00,22.4137,2.02,0.187625,Poland
2023-08-26 00:00:00+00:00,22.8662,1.1600001,0.18374166,Poland
2023-08-27 00:00:00+00:00,20.214533,5.44,0.1822,Poland
2023-08-28 00:00:00+00:00,17.610367,6.6799994,0.190775,Poland
2023-08-29 00:00:00+00:00,17.743282,7.2400007,0.21785001,Poland
2023-08-30 00:00:00+00:00,16.229952,2.84,0.23395833,Poland
2023-08-31 00:00:00+00:00,15.624118,2.8200002,0.24432501,Poland
2023-09-01 00:00:00+00:00,15.663701,1.64,0.24482504,Poland
2023-09-02 00:00:00+00:00,16.930368,0.93999994,0.24290001,Poland
2023-09-03 00:00:00+00:00,16.392033,3.1599998,0.24054162,Poland
2023-09-04 00:00:00+00:00,16.759533,0.02,0.23884168,Poland
2023-09-05 00:00:00+00:00,18.530783,0.0,0.23270002,Poland
2023-09-06 00:00:00+00:00,18.902033,0.0,0.2252667,Poland
2023-09-07 00:00:00+00:00,19.3512,0.02,0.2179,Poland
2023-09-08 00:00:00+00:00,19.744116,0.0,0.21033332,Poland
2023-09-09 00:00:00+00:00,19.824533,0.0,0.20309165,Poland
2023-09-10 00:00:00+00:00,20.44495,0.0,0.19658335,Poland
2023-09-11 00:00:00+00:00,20.8512,0.0,0.19305833,Poland
2023-09-12 00:00:00+00:00,21.603283,0.1,0.19066666,Poland
2023-09-13 00:00:00+00:00,20.655783,8.1,0.19462499,Poland
2023-09-14 00:00:00+00:00,17.33495,0.28000003,0.18938336,Poland
2023-09-15 00:00:00+00:00,15.643283,0.02,0.19019167,Poland
2023-09-16 00:00:00+00:00,17.02245,0.0,0.18855833,Poland
2023-09-17 00:00:00+00:00,19.263699,0.120000005,0.18471667,Poland
2023-09-18 00:00:00+00:00,21.009117,4.999999,0.181675,Poland
2023-09-19 00:00:00+00:00,18.160784,4.9800005,0.18394168,Poland
2023-09-20 00:00:00+00:00,17.464117,0.0,0.18886667,Poland
2023-09-21 00:00:00+00:00,19.943283,0.0,0.18865833,Poland
2023-09-22 00:00:00+00:00,18.974949,2.6200001,0.18590833,Poland
2023-09-23 00:00:00+00:00,15.987452,1.8399999,0.189125,Poland
2023-09-24 00:00:00+00:00,13.9720335,1.04,0.19503334,Poland
2023-09-25 00:00:00+00:00,15.912033,0.0,0.20127499,Poland
2023-09-26 00:00:00+00:00,17.929533,0.0,0.20283332,Poland
2023-09-27 00:00:00+00:00,19.098284,0.0,0.20046666,Poland
2023-09-28 00:00:00+00:00,18.727867,0.0,0.1962667,Poland
2023-09-29 00:00:00+00:00,18.835781,0.48000002,0.19303331,Poland
2023-09-30 00:00:00+00:00,15.799118,1.5,0.19271666,Poland
2023-10-01 00:00:00+00:00,13.997867,0.060000002,0.193925,Poland
2023-10-02 00:00:00+00:00,16.221199,0.0,0.19353333,Poland
2023-10-03 00:00:00+00:00,18.6987,5.66,0.19130002,Poland
2023-10-04 00:00:00+00:00,13.340367,0.74,0.19228333,Poland
2023-10-05 00:00:00+00:00,12.772034,1.3,0.19724998,Poland
2023-10-06 00:00:00+00:00,13.179117,1.5799999,0.19820832,Poland
2023-10-07 00:00:00+00:00,14.712034,5.16,0.20097502,Poland
2023-10-08 00:00:00+00:00,9.2362,1.8799999,0.20592499,Poland
2023-10-09 00:00:00+00:00,7.0170336,2.94,0.21921666,Poland
2023-10-10 00:00:00+00:00,8.950784,0.32000002,0.22862498,Poland
2023-10-11 00:00:00+00:00,16.300785,0.4,0.23076662,Poland
2023-10-12 00:00:00+00:00,14.9320345,3.2,0.23075,Poland
2023-10-13 00:00:00+00:00,15.128702,0.28,0.23195,Poland
2023-10-14 00:00:00+00:00,15.791618,1.8,0.23161666,Poland
2023-10-15 00:00:00+00:00,8.037033,0.28,0.23344998,Poland
2023-10-16 00:00:00+00:00,6.4578667,1.0999999,0.2362167,Poland
2023-10-17 00:00:00+00:00,5.7953663,0.060000002,0.23695834,Poland
2023-10-18 00:00:00+00:00,6.1712,0.02,0.23635833,Poland
2023-10-19 00:00:00+00:00,6.424533,2.76,0.23625001,Poland
2023-10-20 00:00:00+00:00,7.6832833,6.4199996,0.24275,Poland
2023-10-21 00:00:00+00:00,11.732866,3.2400002,0.26025832,Poland
2023-10-22 00:00:00+00:00,11.510783,10.38,0.284575,Poland
2023-10-23 00:00:00+00:00,10.565367,0.24000001,0.30795,Poland
2023-10-24 00:00:00+00:00,10.714951,3.3799999,0.30283332,Poland
2023-10-25 00:00:00+00:00,10.3862,6.660001,0.315625,Poland
2023-10-26 00:00:00+00:00,9.880783,3.9999995,0.32090837,Poland
2023-10-27 00:00:00+00:00,8.371201,7.8000007,0.32578334,Poland
2023-10-28 00:00:00+00:00,8.075783,1.8799999,0.3345583,Poland
2023-10-29 00:00:00+00:00,11.030784,1.68,0.327475,Poland
2023-10-30 00:00:00+00:00,12.779533,0.08,0.32107502,Poland
2023-10-31 00:00:00+00:00,12.782034,3.08,0.31686667,Poland
2023-11-01 00:00:00+00:00,8.886617,0.24000001,0.3166917,Poland
2023-11-02 00:00:00+00:00,10.622867,0.45999998,0.31101665,Poland
2023-11-03 00:00:00+00:00,10.258284,20.08,0.32748336,Poland
2023-11-04 00:00:00+00:00,8.019951,6.5,0.351,Poland
2023-11-05 00:00:00+00:00,8.897867,2.42,0.33865833,Poland
2023-11-06 00:00:00+00:00,9.396616,1.6599998,0.33531666,Poland
2023-11-07 00:00:00+00:00,8.235784,0.44000006,0.32864168,Poland
2023-11-08 00:00:00+00:00,6.639533,0.62,0.32119167,Poland
2023-11-09 00:00:00+00:00,7.125783,0.04,0.31612498,Poland
2023-11-10 00:00:00+00:00,7.7082834,0.4,0.31069165,Poland
2023-11-11 00:00:00+00:00,5.3341165,2.1599998,0.30695832,Poland
2023-11-12 00:00:00+00:00,4.71745,0.76000005,0.3069667,Poland
2023-11-13 00:00:00+00:00,4.658283,3.52,0.3052167,Poland
2023-11-14 00:00:00+00:00,8.45995,6.3199997,0.31385833,Poland
2023-11-15 00:00:00+00:00,6.6216164,2.7,0.32949167,Poland
2023-11-16 00:00:00+00:00,3.8395333,1.8399999,0.3315,Poland
2023-11-17 00:00:00+00:00,2.5095334,3.4,0.33043334,Poland
2023-11-18 00:00:00+00:00,1.5128667,2.44,0.33052498,Poland
2023-11-19 00:00:00+00:00,2.0412,5.5800004,0.32999164,Poland
2023-11-20 00:00:00+00:00,4.5066166,9.120001,0.34495002,Poland
2023-11-21 00:00:00+00:00,0.8516167,3.5,0.35113332,Poland
2023-11-22 00:00:00+00:00,-2.9213002,0.28000003,0.34185833,Poland
2023-11-23 00:00:00+00:00,3.7320335,5.2599998,0.33633333,Poland
2023-11-24 00:00:00+00:00,2.3166165,4.2,0.34915,Poland
2023-11-25 00:00:00+00:00,-0.52213335,2.1200001,0.34343332,Poland
2023-11-26 00:00:00+00:00,-1.8467166,0.32000002,0.33615002,Poland
2023-11-27 00:00:00+00:00,-1.4921334,1.04,0.33056667,Poland
2023-11-28 00:00:00+00:00,-3.4962997,3.2599998,0.3261667,Poland
2023-11-29 00:00:00+00:00,-3.7300498,0.4,0.32265,Poland
2023-11-30 00:00:00+00:00,-3.1388001,0.32000002,0.31959167,Poland
2023-12-01 00:00:00+00:00,-4.2550497,0.5200001,0.31699997,Poland
2023-12-02 00:00:00+00:00,-3.0279667,5.44,0.31461668,Poland
2023-12-03 00:00:00+00:00,-2.5458832,2.44,0.3125667,Poland
2023-12-04 00:00:00+00:00,-4.8738,0.2,0.31069165,Poland
2023-12-05 00:00:00+00:00,-4.980467,0.0,0.30904165,Poland
2023-12-06 00:00:00+00:00,-2.9125502,0.66,0.30743337,Poland
2023-12-07 00:00:00+00:00,-1.6812999,1.0400001,0.30602497,Poland
2023-12-08 00:00:00+00:00,-3.19255,0.22,0.30484164,Poland
2023-12-09 00:00:00+00:00,-0.8833833,0.7800001,0.303825,Poland
2023-12-10 00:00:00+00:00,1.07495,2.08,0.30479166,Poland
2023-12-11 00:00:00+00:00,3.9966164,7.66,0.3196583,Poland
2023-12-12 00:00:00+00:00,2.8487,2.18,0.34557498,Poland
2023-12-13 00:00:00+00:00,2.2995334,2.52,0.34736666,Poland
2023-12-14 00:00:00+00:00,1.1582835,1.1200001,0.34664997,Poland
2023-12-15 00:00:00+00:00,0.6253667,0.4,0.34251663,Poland
2023-12-16 00:00:00+00:00,4.3228664,0.16,0.33754167,Poland
2023-12-17 00:00:00+00:00,6.229533,0.87999994,0.33470002,Poland
2023-12-18 00:00:00+00:00,5.945367,1.54,0.33493334,Poland
2023-12-19 00:00:00+00:00,5.9191165,6.1799994,0.33757502,Poland
2023-12-20 00:00:00+00:00,4.425367,8.4800005,0.35455,Poland
2023-12-21 00:00:00+00:00,4.46995,11.719999,0.36634168,Poland
2023-12-22 00:00:00+00:00,1.6549499,3.5400002,0.36929998,Poland
2023-12-23 00:00:00+00:00,0.095783316,2.7199998,0.35546666,Poland
2023-12-24 00:00:00+00:00,2.9112,7.7599998,0.35484165,Poland
2023-12-25 00:00:00+00:00,7.7162004,5.4199996,0.36731666,Poland
2023-12-26 00:00:00+00:00,6.934533,4.64,0.367925,Poland
2023-12-27 00:00:00+00:00,2.4020333,0.76000005,0.35969168,Poland
2023-12-28 00:00:00+00:00,4.780783,0.45999998,0.35045832,Poland
2023-12-29 00:00:00+00:00,6.814533,1.58,0.3437667,Poland
2023-12-30 00:00:00+00:00,5.3607836,5.0,0.3451417,Poland
2023-12-31 00:00:00+00:00,2.7941165,0.04,0.340525,Poland
2022-01-01 00:00:00+00:00,6.682514,0.6666667,0.39148614,Romania
2022-01-02 00:00:00+00:00,5.1898055,0.033333335,0.39269444,Romania
2022-01-03 00:00:00+00:00,6.7436256,0.28333336,0.3884097,Romania
2022-01-04 00:00:00+00:00,6.117583,0.116666675,0.38152084,Romania
2022-01-05 00:00:00+00:00,8.14675,0.0,0.37773612,Romania
2022-01-06 00:00:00+00:00,4.1693196,1.8166665,0.37586108,Romania
2022-01-07 00:00:00+00:00,-0.49595845,0.1,0.37450004,Romania
2022-01-08 00:00:00+00:00,0.12938888,4.85,0.3723472,Romania
2022-01-09 00:00:00+00:00,1.3845972,1.5333333,0.3718681,Romania
2022-01-10 00:00:00+00:00,-0.14283328,1.0666667,0.37211108,Romania
2022-01-11 00:00:00+00:00,-2.6303334,1.25,0.37282637,Romania
2022-01-12 00:00:00+00:00,-5.296653,0.33333334,0.37140274,Romania
2022-01-13 00:00:00+00:00,-4.3022084,0.0,0.36953473,Romania
2022-01-14 00:00:00+00:00,0.009249975,0.016666668,0.36771527,Romania
2022-01-15 00:00:00+00:00,-0.62477785,0.016666668,0.36579165,Romania
2022-01-16 00:00:00+00:00,-1.4810277,0.0,0.3640208,Romania
2022-01-17 00:00:00+00:00,0.20994444,3.45,0.3625208,Romania
2022-01-18 00:00:00+00:00,-1.733111,0.38333336,0.36138192,Romania
2022-01-19 00:00:00+00:00,-2.8112361,0.0,0.35922918,Romania
2022-01-20 00:00:00+00:00,-0.772,1.0,0.35790977,Romania
2022-01-21 00:00:00+00:00,-2.7459583,0.74999994,0.35664585,Romania
2022-01-22 00:00:00+00:00,-3.9938748,0.6,0.35543057,Romania
2022-01-23 00:00:00+00:00,-5.0997777,1.4,0.35419443,Romania
2022-01-24 00:00:00+00:00,-6.7990837,0.33333337,0.35311112,Romania
2022-01-25 00:00:00+00:00,-6.3855414,0.6166666,0.3521528,Romania
2022-01-26 00:00:00+00:00,-2.3476944,1.0,0.35132644,Romania
2022-01-27 00:00:00+00:00,-0.7824166,0.18333334,0.35045838,Romania
2022-01-28 00:00:00+00:00,1.0384167,1.1333333,0.34958336,Romania
2022-01-29 00:00:00+00:00,-0.94283324,0.55,0.34891665,Romania
2022-01-30 00:00:00+00:00,0.6484862,1.9499999,0.34796524,Romania
2022-01-31 00:00:00+00:00,0.4068193,0.083333336,0.3472847,Romania
2022-02-01 00:00:00+00:00,-0.64005554,0.16666667,0.34631944,Romania
2022-02-02 00:00:00+00:00,-0.2560278,1.35,0.34577778,Romania
2022-02-03 00:00:00+00:00,-0.41956946,0.41666666,0.34535417,Romania
2022-02-04 00:00:00+00:00,-0.17165278,0.033333335,0.3439583,Romania
2022-02-05 00:00:00+00:00,2.2540417,0.55,0.34322914,Romania
2022-02-06 00:00:00+00:00,1.7245277,0.0,0.34148607,Romania
2022-02-07 00:00:00+00:00,3.0557778,6.633333,0.3448125,Romania
2022-02-08 00:00:00+00:00,1.0818194,0.2,0.34939584,Romania
2022-02-09 00:00:00+00:00,3.157861,0.36666667,0.3477153,Romania
2022-02-10 00:00:00+00:00,4.645361,0.0,0.34574306,Romania
2022-02-11 00:00:00+00:00,4.891889,0.31666666,0.34247914,Romania
2022-02-12 00:00:00+00:00,2.2668889,0.7166667,0.34026393,Romania
2022-02-13 00:00:00+00:00,-0.21470833,0.0,0.33911803,Romania
2022-02-14 00:00:00+00:00,0.32973614,0.016666668,0.3382847,Romania
2022-02-15 00:00:00+00:00,3.2238333,0.016666668,0.33701387,Romania
2022-02-16 00:00:00+00:00,5.208903,0.75,0.33550695,Romania
2022-02-17 00:00:00+00:00,6.204736,1.65,0.3302917,Romania
2022-02-18 00:00:00+00:00,4.405778,0.7166667,0.33000687,Romania
2022-02-19 00:00:00+00:00,6.1283474,0.63333327,0.32910416,Romania
2022-02-20 00:00:00+00:00,4.148833,1.5166668,0.3269097,Romania
2022-02-21 00:00:00+00:00,5.212028,1.0,0.3259583,Romania
2022-02-22 00:00:00+00:00,4.67175,2.1666667,0.33017364,Romania
2022-02-23 00:00:00+00:00,3.2495277,1.6500001,0.33091667,Romania
2022-02-24 00:00:00+00:00,2.0589027,0.2,0.33137503,Romania
2022-02-25 00:00:00+00:00,2.877653,0.0,0.3305764,Romania
2022-02-26 00:00:00+00:00,2.660639,0.8,0.32795835,Romania
2022-02-27 00:00:00+00:00,2.387375,0.4,0.32625,Romania
2022-02-28 00:00:00+00:00,0.19779164,3.216667,0.32361808,Romania
2022-03-01 00:00:00+00:00,-0.5268612,1.8833333,0.32304862,Romania
2022-03-02 00:00:00+00:00,-0.14387496,1.2999998,0.3227708,Romania
2022-03-03 00:00:00+00:00,0.8245279,0.38333336,0.32160413,Romania
2022-03-04 00:00:00+00:00,0.58772224,1.2833334,0.32070136,Romania
2022-03-05 00:00:00+00:00,-0.4706111,0.36666664,0.31974998,Romania
2022-03-06 00:00:00+00:00,-0.92512494,0.74999994,0.31944445,Romania
2022-03-07 00:00:00+00:00,-0.89387506,2.6999998,0.31918058,Romania
2022-03-08 00:00:00+00:00,-1.6900555,1.2666667,0.31890282,Romania
2022-03-09 00:00:00+00:00,-2.662625,0.45000002,0.31856942,Romania
2022-03-10 00:00:00+00:00,-2.9039443,2.5666664,0.31693748,Romania
2022-03-11 00:00:00+00:00,-4.501514,0.38333336,0.31641665,Romania
2022-03-12 00:00:00+00:00,-2.5730417,0.0,0.316125,Romania
2022-03-13 00:00:00+00:00,-0.2546389,0.8666668,0.3155139,Romania
2022-03-14 00:00:00+00:00,0.6498751,0.05,0.3152292,Romania
2022-03-15 00:00:00+00:00,2.910986,0.0,0.31519446,Romania
2022-03-16 00:00:00+00:00,3.1644585,4.616667,0.31627777,Romania
2022-03-17 00:00:00+00:00,0.26549995,0.8333333,0.32039583,Romania
2022-03-18 00:00:00+00:00,-0.49283347,0.083333336,0.32131252,Romania
2022-03-19 00:00:00+00:00,-0.89456946,0.1,0.31996527,Romania
2022-03-20 00:00:00+00:00,0.43112496,0.0,0.3174583,Romania
2022-03-21 00:00:00+00:00,2.9182777,0.0,0.31675,Romania
2022-03-22 00:00:00+00:00,5.9474444,0.0,0.3124097,Romania
2022-03-23 00:00:00+00:00,6.387722,0.0,0.3101736,Romania
2022-03-24 00:00:00+00:00,7.774181,0.0,0.30525002,Romania
2022-03-25 00:00:00+00:00,4.8752217,1.0666666,0.30133334,Romania
2022-03-26 00:00:00+00:00,7.582167,0.05,0.2971875,Romania
2022-03-27 00:00:00+00:00,7.253,0.033333335,0.2898611,Romania
2022-03-28 00:00:00+00:00,7.399181,0.0,0.2857083,Romania
2022-03-29 00:00:00+00:00,10.975568,0.0,0.284125,Romania
2022-03-30 00:00:00+00:00,12.011681,0.0,0.27963886,Romania
2022-03-31 00:00:00+00:00,12.563764,2.1666667,0.27647915,Romania
2022-04-01 00:00:00+00:00,12.964458,4.9166665,0.2769861,Romania
2022-04-02 00:00:00+00:00,8.003695,7.983333,0.29622918,Romania
2022-04-03 00:00:00+00:00,3.2290413,3.8,0.3059514,Romania
2022-04-04 00:00:00+00:00,2.0984862,0.4,0.30620137,Romania
2022-04-05 00:00:00+00:00,5.706125,0.0,0.30465278,Romania
2022-04-06 00:00:00+00:00,10.308903,0.033333335,0.29988888,Romania
2022-04-07 00:00:00+00:00,9.297444,2.1833332,0.29387498,Romania
2022-04-08 00:00:00+00:00,11.66307,0.06666667,0.29447225,Romania
2022-04-09 00:00:00+00:00,13.139458,1.75,0.29173613,Romania
2022-04-10 00:00:00+00:00,5.2905,9.533334,0.30227083,Romania
2022-04-11 00:00:00+00:00,4.859945,0.8,0.3099375,Romania
2022-04-12 00:00:00+00:00,5.399181,0.23333335,0.30818057,Romania
2022-04-13 00:00:00+00:00,8.045361,0.0,0.30151388,Romania
2022-04-14 00:00:00+00:00,10.5661955,0.0,0.2941111,Romania
2022-04-15 00:00:00+00:00,12.967236,0.0,0.28438196,Romania
2022-04-16 00:00:00+00:00,10.241195,5.1,0.2775625,Romania
2022-04-17 00:00:00+00:00,4.626264,3.9166667,0.28023615,Romania
2022-04-18 00:00:00+00:00,3.8800833,0.48333335,0.2828889,Romania
2022-04-19 00:00:00+00:00,4.3064723,1.0166665,0.279368,Romania
2022-04-20 00:00:00+00:00,5.787722,0.73333335,0.2751597,Romania
2022-04-21 00:00:00+00:00,7.924528,0.0,0.27224305,Romania
2022-04-22 00:00:00+00:00,11.155777,3.0666666,0.27279857,Romania
2022-04-23 00:00:00+00:00,11.307167,5.7000003,0.27724308,Romania
2022-04-24 00:00:00+00:00,14.165847,1.0500001,0.27799997,Romania
2022-04-25 00:00:00+00:00,13.434944,4.183334,0.2780764,Romania
2022-04-26 00:00:00+00:00,13.265847,0.65000004,0.27871528,Romania
2022-04-27 00:00:00+00:00,12.6519575,5.7666664,0.27310416,Romania
2022-04-28 00:00:00+00:00,10.26307,17.016666,0.30475697,Romania
2022-04-29 00:00:00+00:00,10.466541,2.2666667,0.34236804,Romania
2022-04-30 00:00:00+00:00,10.922444,0.6333333,0.34193054,Romania
2022-05-01 00:00:00+00:00,12.12036,0.05,0.33538195,Romania
2022-05-02 00:00:00+00:00,12.36793,0.083333336,0.32651386,Romania
2022-05-03 00:00:00+00:00,12.146056,0.7833333,0.31761804,Romania
2022-05-04 00:00:00+00:00,12.565152,1.9000001,0.3134792,Romania
2022-05-05 00:00:00+00:00,13.0818205,0.05,0.3098403,Romania
2022-05-06 00:00:00+00:00,13.718277,0.0,0.30070138,Romania
2022-05-07 00:00:00+00:00,13.723487,0.0,0.29319444,Romania
2022-05-08 00:00:00+00:00,13.867583,0.53333336,0.2866875,Romania
2022-05-09 00:00:00+00:00,14.549527,1.5166668,0.28113893,Romania
2022-05-10 00:00:00+00:00,13.427651,4.5499997,0.2772083,Romania
2022-05-11 00:00:00+00:00,15.609597,0.3166667,0.2766389,Romania
2022-05-12 00:00:00+00:00,18.824526,0.0,0.27052778,Romania
2022-05-13 00:00:00+00:00,19.85196,1.4666667,0.26127777,Romania
2022-05-14 00:00:00+00:00,18.112375,1.3833333,0.2525347,Romania
2022-05-15 00:00:00+00:00,17.325222,0.116666675,0.24815975,Romania
2022-05-16 00:00:00+00:00,18.07418,0.083333336,0.24397917,Romania
2022-05-17 00:00:00+00:00,18.151262,3.9833333,0.24052083,Romania
2022-05-18 00:00:00+00:00,12.213764,4.45,0.25472918,Romania
2022-05-19 00:00:00+00:00,13.922444,0.033333335,0.2564167,Romania
2022-05-20 00:00:00+00:00,17.799528,0.0,0.2525972,Romania
2022-05-21 00:00:00+00:00,20.749182,0.1,0.24817361,Romania
2022-05-22 00:00:00+00:00,17.279043,0.23333333,0.24273612,Romania
2022-05-23 00:00:00+00:00,14.586333,2.3833334,0.24093056,Romania
2022-05-24 00:00:00+00:00,15.18911,2.75,0.2423889,Romania
2022-05-25 00:00:00+00:00,19.192236,0.38333336,0.24343055,Romania
2022-05-26 00:00:00+00:00,18.015846,6.7333336,0.24018753,Romania
2022-05-27 00:00:00+00:00,19.207167,0.083333336,0.23945832,Romania
2022-05-28 00:00:00+00:00,16.407166,8.616667,0.23945832,Romania
2022-05-29 00:00:00+00:00,14.698834,9.85,0.2577708,Romania
2022-05-30 00:00:00+00:00,16.662722,3.8833332,0.27005556,Romania
2022-05-31 00:00:00+00:00,18.01307,3.7666667,0.27426386,Romania
2022-06-01 00:00:00+00:00,19.530432,0.93333334,0.27959722,Romania
2022-06-02 00:00:00+00:00,21.247099,0.56666666,0.27444446,Romania
2022-06-03 00:00:00+00:00,20.842583,1.3166666,0.26625693,Romania
2022-06-04 00:00:00+00:00,20.946056,3.2166665,0.26061806,Romania
2022-06-05 00:00:00+00:00,20.26203,4.0333333,0.25719446,Romania
2022-06-06 00:00:00+00:00,18.449528,1.9999996,0.2604375,Romania
2022-06-07 00:00:00+00:00,19.518278,0.18333334,0.2583611,Romania
2022-06-08 00:00:00+00:00,19.72696,0.95000005,0.25329164,Romania
2022-06-09 00:00:00+00:00,19.463764,2.2333333,0.24809025,Romania
2022-06-10 00:00:00+00:00,19.038416,6.1999993,0.2480486,Romania
2022-06-11 00:00:00+00:00,18.747097,13.283333,0.25470138,Romania
2022-06-12 00:00:00+00:00,20.002306,6.766667,0.28114584,Romania
2022-06-13 00:00:00+00:00,21.047445,0.7833333,0.28947225,Romania
2022-06-14 00:00:00+00:00,18.702307,2.6833332,0.28491667,Romania
2022-06-15 00:00:00+00:00,17.235292,0.6666667,0.2800486,Romania
2022-06-16 00:00:00+00:00,19.053001,0.25000003,0.27445138,Romania
2022-06-17 00:00:00+00:00,19.225222,3.3666668,0.26852778,Romania
2022-06-18 00:00:00+00:00,18.421751,0.4,0.26268753,Romania
2022-06-19 00:00:00+00:00,20.520014,0.0,0.25634027,Romania
2022-06-20 00:00:00+00:00,22.457512,0.2,0.24850695,Romania
2022-06-21 00:00:00+00:00,22.349182,0.31666663,0.2399236,Romania
2022-06-22 00:00:00+00:00,18.844667,0.0,0.23346527,Romania
2022-06-23 00:00:00+00:00,19.053001,4.6333346,0.22984721,Romania
2022-06-24 00:00:00+00:00,20.882513,0.26666668,0.22776389,Romania
2022-06-25 00:00:00+00:00,21.768974,0.53333336,0.22447915,Romania
2022-06-26 00:00:00+00:00,20.228695,6.65,0.22335418,Romania
2022-06-27 00:00:00+00:00,22.124182,0.81666666,0.2225139,Romania
2022-06-28 00:00:00+00:00,23.800919,2.9333334,0.22395831,Romania
2022-06-29 00:00:00+00:00,24.670362,0.16666667,0.2262361,Romania
2022-06-30 00:00:00+00:00,25.641195,0.39999998,0.22341669,Romania
2022-07-01 00:00:00+00:00,25.40196,1.2666667,0.22341664,Romania
2022-07-02 00:00:00+00:00,24.832514,1.1833334,0.2217778,Romania
2022-07-03 00:00:00+00:00,24.081472,2.2,0.22346528,Romania
2022-07-04 00:00:00+00:00,24.529388,1.4500002,0.222,Romania
2022-07-05 00:00:00+00:00,25.228003,4.2,0.22110416,Romania
2022-07-06 00:00:00+00:00,21.707863,3.4499998,0.21987502,Romania
2022-07-07 00:00:00+00:00,19.057167,2.55,0.23597914,Romania
2022-07-08 00:00:00+00:00,19.883904,1.2833333,0.2452153,Romania
2022-07-09 00:00:00+00:00,19.672445,4.366667,0.24580556,Romania
2022-07-10 00:00:00+00:00,18.05161,2.7333333,0.24903472,Romania
2022-07-11 00:00:00+00:00,16.70682,1.5166668,0.2469167,Romania
2022-07-12 00:00:00+00:00,17.188417,0.43333337,0.24511804,Romania
2022-07-13 00:00:00+00:00,18.61064,0.116666675,0.24402086,Romania
2022-07-14 00:00:00+00:00,22.311682,0.0,0.2374792,Romania
2022-07-15 00:00:00+00:00,23.635986,0.68333334,0.23100694,Romania
2022-07-16 00:00:00+00:00,21.511335,1.4333334,0.22629166,Romania
2022-07-17 00:00:00+00:00,19.701263,0.083333336,0.22670834,Romania
2022-07-18 00:00:00+00:00,19.293974,0.0,0.22286804,Romania
2022-07-19 00:00:00+00:00,21.115847,0.0,0.21871527,Romania
2022-07-20 00:00:00+00:00,23.542236,0.0,0.214875,Romania
2022-07-21 00:00:00+00:00,23.948137,0.033333335,0.2130347,Romania
2022-07-22 00:00:00+00:00,25.219667,0.0,0.20931946,Romania
2022-07-23 00:00:00+00:00,26.620707,0.28333333,0.20679164,Romania
2022-07-24 00:00:00+00:00,24.513763,4.766667,0.20690279,Romania
2022-07-25 00:00:00+00:00,23.043625,0.26666668,0.20586802,Romania
2022-07-26 00:00:00+00:00,24.697447,0.0,0.20155556,Romania
2022-07-27 00:00:00+00:00,23.279737,1.4499998,0.19852082,Romania
2022-07-28 00:00:00+00:00,22.235292,5.2333336,0.19995832,Romania
2022-07-29 00:00:00+00:00,22.752653,3.8166666,0.20191665,Romania
2022-07-30 00:00:00+00:00,22.320015,7.25,0.211875,Romania
2022-07-31 00:00:00+00:00,19.366888,14.75,0.23531944,Romania
2022-08-01 00:00:00+00:00,18.805431,4.5666666,0.25695136,Romania
2022-08-02 00:00:00+00:00,20.706821,0.90000004,0.26570836,Romania
2022-08-03 00:00:00+00:00,21.892237,0.083333336,0.25965974,Romania
2022-08-04 00:00:00+00:00,22.47175,0.35000002,0.2516875,Romania
2022-08-05 00:00:00+00:00,23.497444,0.43333337,0.24575001,Romania
2022-08-06 00:00:00+00:00,24.208902,0.36666667,0.23925002,Romania
2022-08-07 00:00:00+00:00,23.428347,1.1333333,0.23355556,Romania
2022-08-08 00:00:00+00:00,22.479736,1.8833333,0.23206948,Romania
2022-08-09 00:00:00+00:00,21.786333,3.0,0.23186807,Romania
2022-08-10 00:00:00+00:00,18.748486,2.2166667,0.2366597,Romania
2022-08-11 00:00:00+00:00,19.355083,0.36666667,0.24129862,Romania
2022-08-12 00:00:00+00:00,20.398485,0.8833334,0.24013889,Romania
2022-08-13 00:00:00+00:00,20.864458,2.2833333,0.23789586,Romania
2022-08-14 00:00:00+00:00,20.620707,7.0833335,0.24161805,Romania
2022-08-15 00:00:00+00:00,20.52314,6.7833333,0.24955554,Romania
2022-08-16 00:00:00+00:00,21.651611,1.1166667,0.25920138,Romania
2022-08-17 00:00:00+00:00,22.561335,1.5500001,0.26490974,Romania
2022-08-18 00:00:00+00:00,23.552307,0.48333332,0.2665,Romania
2022-08-19 00:00:00+00:00,24.741194,0.033333335,0.26127082,Romania
2022-08-20 00:00:00+00:00,23.208208,1.0,0.2572153,Romania
2022-08-21 00:00:00+00:00,20.976612,5.5500007,0.2718889,Romania
2022-08-22 00:00:00+00:00,19.736681,7.6666675,0.29847917,Romania
2022-08-23 00:00:00+00:00,20.233904,7.8833337,0.30611804,Romania
2022-08-24 00:00:00+00:00,21.50717,0.5,0.3086528,Romania
2022-08-25 00:00:00+00:00,22.53807,0.0,0.30483335,Romania
2022-08-26 00:00:00+00:00,22.38668,0.0,0.2962778,Romania
2022-08-27 00:00:00+00:00,22.31411,0.11666667,0.28711805,Romania
2022-08-28 00:00:00+00:00,23.120361,0.016666668,0.27815276,Romania
2022-08-29 00:00:00+00:00,22.76203,0.2,0.27378476,Romania
2022-08-30 00:00:00+00:00,21.370707,5.083334,0.2694861,Romania
2022-08-31 00:00:00+00:00,19.885984,4.183333,0.26724306,Romania
2022-09-01 00:00:00+00:00,17.99397,3.3333333,0.2779514,Romania
2022-09-02 00:00:00+00:00,15.324181,14.616666,0.3043125,Romania
2022-09-03 00:00:00+00:00,13.564458,9.35,0.34159723,Romania
2022-09-04 00:00:00+00:00,15.068973,0.5833333,0.34913194,Romania
2022-09-05 00:00:00+00:00,15.858555,1.0166667,0.34340975,Romania
2022-09-06 00:00:00+00:00,16.085638,0.53333336,0.33724308,Romania
2022-09-07 00:00:00+00:00,16.842237,1.0,0.33175,Romania
2022-09-08 00:00:00+00:00,19.191889,0.15,0.3237639,Romania
2022-09-09 00:00:00+00:00,19.143972,1.9166666,0.3231875,Romania
2022-09-10 00:00:00+00:00,18.634598,9.75,0.32909724,Romania
2022-09-11 00:00:00+00:00,16.455084,1.3166667,0.32825696,Romania
2022-09-12 00:00:00+00:00,14.488418,1.1166667,0.3257986,Romania
2022-09-13 00:00:00+00:00,13.254041,0.3,0.32445833,Romania
2022-09-14 00:00:00+00:00,17.072443,0.73333335,0.32003474,Romania
2022-09-15 00:00:00+00:00,20.108553,6.2333336,0.31888193,Romania
2022-09-16 00:00:00+00:00,18.707167,7.6,0.3345486,Romania
2022-09-17 00:00:00+00:00,15.21307,7.7833333,0.34536803,Romania
2022-09-18 00:00:00+00:00,11.922096,5.8833337,0.35999998,Romania
2022-09-19 00:00:00+00:00,10.832515,3.9166667,0.3558611,Romania
2022-09-20 00:00:00+00:00,9.780431,2.7833335,0.3550764,Romania
2022-09-21 00:00:00+00:00,9.59432,4.516667,0.34927082,Romania
2022-09-22 00:00:00+00:00,9.250569,3.4666665,0.3480833,Romania
2022-09-23 00:00:00+00:00,8.757167,0.55,0.35037503,Romania
2022-09-24 00:00:00+00:00,10.085292,0.0,0.34780553,Romania
2022-09-25 00:00:00+00:00,12.891889,0.016666668,0.34422222,Romania
2022-09-26 00:00:00+00:00,15.509598,4.233333,0.34134722,Romania
2022-09-27 00:00:00+00:00,14.8839035,3.7833335,0.35202777,Romania
2022-09-28 00:00:00+00:00,14.410291,0.5166667,0.3529861,Romania
2022-09-29 00:00:00+00:00,15.95543,3.75,0.34970832,Romania
2022-09-30 00:00:00+00:00,17.143625,0.06666667,0.3405,Romania
2022-10-01 00:00:00+00:00,18.378695,3.2333333,0.33699307,Romania
2022-10-02 00:00:00+00:00,14.083903,1.4499998,0.3374723,Romania
2022-10-03 00:00:00+00:00,11.676265,3.0500002,0.3367639,Romania
2022-10-04 00:00:00+00:00,10.301612,0.84999996,0.3328472,Romania
2022-10-05 00:00:00+00:00,10.766194,0.0,0.33,Romania
2022-10-06 00:00:00+00:00,12.382861,0.0,0.3246458,Romania
2022-10-07 00:00:00+00:00,13.500568,0.48333335,0.31908336,Romania
2022-10-08 00:00:00+00:00,13.528,0.0,0.3143472,Romania
2022-10-09 00:00:00+00:00,13.379388,0.16666667,0.3101111,Romania
2022-10-10 00:00:00+00:00,11.262722,0.3166667,0.30639586,Romania
2022-10-11 00:00:00+00:00,12.096402,0.18333334,0.30369446,Romania
2022-10-12 00:00:00+00:00,12.419666,1.3166667,0.2985139,Romania
2022-10-13 00:00:00+00:00,11.512722,2.2000003,0.2985347,Romania
2022-10-14 00:00:00+00:00,10.832862,0.8333333,0.30061805,Romania
2022-10-15 00:00:00+00:00,10.191889,0.0,0.3004097,Romania
2022-10-16 00:00:00+00:00,9.458209,0.0,0.29945138,Romania
2022-10-17 00:00:00+00:00,10.331125,0.0,0.2968264,Romania
2022-10-18 00:00:00+00:00,11.198833,0.0,0.2941458,Romania
2022-10-19 00:00:00+00:00,11.505778,0.8166666,0.29125693,Romania
2022-10-20 00:00:00+00:00,7.7363334,0.26666668,0.28846526,Romania
2022-10-21 00:00:00+00:00,7.155084,0.0,0.28593755,Romania
2022-10-22 00:00:00+00:00,13.106819,2.7,0.28435418,Romania
2022-10-23 00:00:00+00:00,12.7665415,2.6166668,0.28499308,Romania
2022-10-24 00:00:00+00:00,13.674874,0.31666666,0.28676394,Romania
2022-10-25 00:00:00+00:00,14.625569,0.38333336,0.2860625,Romania
2022-10-26 00:00:00+00:00,13.052653,0.05,0.28569445,Romania
2022-10-27 00:00:00+00:00,12.113763,0.0,0.28305557,Romania
2022-10-28 00:00:00+00:00,11.053346,0.0,0.28075,Romania
2022-10-29 00:00:00+00:00,11.91064,0.0,0.2787986,Romania
2022-10-30 00:00:00+00:00,12.908904,0.15000002,0.276875,Romania
2022-10-31 00:00:00+00:00,12.948833,0.0,0.2746597,Romania
2022-11-01 00:00:00+00:00,12.7040415,0.0,0.27201387,Romania
2022-11-02 00:00:00+00:00,12.37939,0.0,0.27008334,Romania
2022-11-03 00:00:00+00:00,10.158209,0.0,0.26853475,Romania
2022-11-04 00:00:00+00:00,10.741542,0.033333335,0.26763195,Romania
2022-11-05 00:00:00+00:00,11.902653,1.4833332,0.2669583,Romania
2022-11-06 00:00:00+00:00,10.951959,0.6666667,0.2677153,Romania
2022-11-07 00:00:00+00:00,9.70057,1.0166665,0.2690139,Romania
2022-11-08 00:00:00+00:00,9.272445,0.2,0.26917362,Romania
2022-11-09 00:00:00+00:00,8.371057,0.0,0.26990277,Romania
2022-11-10 00:00:00+00:00,9.338764,0.5333333,0.27072915,Romania
2022-11-11 00:00:00+00:00,8.245014,3.0,0.27414584,Romania
2022-11-12 00:00:00+00:00,7.2040424,0.0,0.27813888,Romania
2022-11-13 00:00:00+00:00,7.1877227,0.0,0.27973613,Romania
2022-11-14 00:00:00+00:00,6.4828606,0.016666668,0.28167364,Romania
2022-11-15 00:00:00+00:00,6.059944,0.16666669,0.28571528,Romania
2022-11-16 00:00:00+00:00,7.481125,2.8166668,0.29422224,Romania
2022-11-17 00:00:00+00:00,6.5825143,8.633334,0.31724998,Romania
2022-11-18 00:00:00+00:00,6.5814724,8.866667,0.33639586,Romania
2022-11-19 00:00:00+00:00,6.3245277,5.333333,0.35040975,Romania
2022-11-20 00:00:00+00:00,4.6609864,11.283333,0.36843053,Romania
2022-11-21 00:00:00+00:00,3.2960558,9.016667,0.37881252,Romania
2022-11-22 00:00:00+00:00,2.7422361,1.9166666,0.37352085,Romania
2022-11-23 00:00:00+00:00,5.467236,6.066666,0.3747847,Romania
2022-11-24 00:00:00+00:00,4.1134167,5.433333,0.38522223,Romania
2022-11-25 00:00:00+00:00,2.535639,1.0,0.38251388,Romania
2022-11-26 00:00:00+00:00,2.229736,0.033333335,0.37633336,Romania
2022-11-27 00:00:00+00:00,2.3884168,0.90000004,0.37308335,Romania
2022-11-28 00:00:00+00:00,1.3786945,1.4,0.37085417,Romania
2022-11-29 00:00:00+00:00,1.4196666,0.35,0.36814585,Romania
2022-11-30 00:00:00+00:00,1.760986,0.4333334,0.36521527,Romania
2022-12-01 00:00:00+00:00,0.29397216,1.8333334,0.36321524,Romania
2022-12-02 00:00:00+00:00,1.0988332,0.4,0.3620347,Romania
2022-12-03 00:00:00+00:00,1.3491806,0.0,0.3614097,Romania
2022-12-04 00:00:00+00:00,1.195361,0.13333334,0.36023614,Romania
2022-12-05 00:00:00+00:00,1.6915416,0.48333335,0.35895142,Romania
2022-12-06 00:00:00+00:00,2.7380695,1.6333333,0.35920134,Romania
2022-12-07 00:00:00+00:00,3.1491802,2.05,0.36068058,Romania
2022-12-08 00:00:00+00:00,3.493972,3.5833333,0.36486804,Romania
2022-12-09 00:00:00+00:00,6.2637634,1.5,0.37420833,Romania
2022-12-10 00:00:00+00:00,9.1286955,2.6833334,0.3770764,Romania
2022-12-11 00:00:00+00:00,6.097097,11.133334,0.3888333,Romania
2022-12-12 00:00:00+00:00,0.5762639,1.6999999,0.38982642,Romania
2022-12-13 00:00:00+00:00,-2.6685276,0.55,0.386875,Romania
2022-12-14 00:00:00+00:00,-1.3122778,1.0333334,0.38259026,Romania
2022-12-15 00:00:00+00:00,3.2415416,2.95,0.38265967,Romania
2022-12-16 00:00:00+00:00,6.766889,5.9500003,0.38726386,Romania
2022-12-17 00:00:00+00:00,5.59918,5.9,0.39513195,Romania
2022-12-18 00:00:00+00:00,-0.37199995,0.2,0.39029166,Romania
2022-12-19 00:00:00+00:00,-3.1216526,0.28333336,0.3846736,Romania
2022-12-20 00:00:00+00:00,-1.173736,0.0,0.3804514,Romania
2022-12-21 00:00:00+00:00,1.6401528,0.05,0.3770764,Romania
2022-12-22 00:00:00+00:00,2.0998747,0.11666667,0.3749583,Romania
2022-12-23 00:00:00+00:00,3.0217497,0.9833333,0.3728125,Romania
2022-12-24 00:00:00+00:00,3.9738333,3.3166666,0.37559032,Romania
2022-12-25 00:00:00+00:00,3.9946663,0.06666667,0.37859026,Romania
2022-12-26 00:00:00+00:00,4.211681,0.41666666,0.37654862,Romania
2022-12-27 00:00:00+00:00,5.623486,2.3999999,0.37599304,Romania
2022-12-28 00:00:00+00:00,0.82279164,0.0,0.37711802,Romania
2022-12-29 00:00:00+00:00,2.7446668,0.2,0.374625,Romania
2022-12-30 00:00:00+00:00,4.8332086,0.5833333,0.37276387,Romania
2022-12-31 00:00:00+00:00,6.580084,0.0,0.37108335,Romania
2023-01-01 00:00:00+00:00,8.915848,0.0,0.36779165,Romania
2023-01-02 00:00:00+00:00,8.862375,0.0,0.36470833,Romania
2023-01-03 00:00:00+00:00,7.6918893,0.33333334,0.36176386,Romania
2023-01-04 00:00:00+00:00,4.8491807,2.3166668,0.35984027,Romania
2023-01-05 00:00:00+00:00,5.5939727,1.1666667,0.3601875,Romania
2023-01-06 00:00:00+00:00,4.3536944,0.25,0.3591597,Romania
2023-01-07 00:00:00+00:00,3.5026524,0.46666667,0.35700694,Romania
2023-01-08 00:00:00+00:00,3.510639,0.0,0.35565278,Romania
2023-01-09 00:00:00+00:00,4.4950137,1.2,0.35408333,Romania
2023-01-10 00:00:00+00:00,5.124181,10.099999,0.36397222,Romania
2023-01-11 00:00:00+00:00,2.8488338,5.5833335,0.3913472,Romania
2023-01-12 00:00:00+00:00,1.5155001,3.5333335,0.3894236,Romania
2023-01-13 00:00:00+00:00,2.3113334,0.116666675,0.3889375,Romania
2023-01-14 00:00:00+00:00,2.0623748,0.083333336,0.38564587,Romania
2023-01-15 00:00:00+00:00,2.1880696,0.033333335,0.38326392,Romania
2023-01-16 00:00:00+00:00,3.5453613,3.75,0.38097915,Romania
2023-01-17 00:00:00+00:00,6.204736,2.1166666,0.3865486,Romania
2023-01-18 00:00:00+00:00,9.220361,9.733333,0.39220142,Romania
2023-01-19 00:00:00+00:00,8.674181,4.933334,0.39261803,Romania
2023-01-20 00:00:00+00:00,5.2266116,13.533333,0.39163888,Romania
2023-01-21 00:00:00+00:00,3.7773056,1.7833334,0.39177087,Romania
2023-01-22 00:00:00+00:00,5.0467505,4.683333,0.39547226,Romania
2023-01-23 00:00:00+00:00,3.268625,0.23333335,0.39093754,Romania
2023-01-24 00:00:00+00:00,0.28529176,0.65,0.38865277,Romania
2023-01-25 00:00:00+00:00,-1.3435277,0.6166666,0.38636813,Romania
2023-01-26 00:00:00+00:00,-0.6421388,1.4833335,0.3836389,Romania
2023-01-27 00:00:00+00:00,-0.71679157,12.049999,0.38112497,Romania
2023-01-28 00:00:00+00:00,-1.1463053,7.683334,0.38185415,Romania
2023-01-29 00:00:00+00:00,-1.6206112,1.0166668,0.38144445,Romania
2023-01-30 00:00:00+00:00,-2.8254726,0.33333334,0.3793055,Romania
2023-01-31 00:00:00+00:00,-0.95776385,1.3166666,0.37777773,Romania
2023-02-01 00:00:00+00:00,-0.1022084,2.9333332,0.37609026,Romania
2023-02-02 00:00:00+00:00,-0.028597066,2.95,0.37565276,Romania
2023-02-03 00:00:00+00:00,-0.6004722,3.8500001,0.37543753,Romania
2023-02-04 00:00:00+00:00,-1.008111,6.65,0.37732637,Romania
2023-02-05 00:00:00+00:00,-5.251861,0.7666667,0.3795208,Romania
2023-02-06 00:00:00+00:00,-5.0508194,1.2333331,0.3772986,Romania
2023-02-07 00:00:00+00:00,-5.2733884,1.4333334,0.37535417,Romania
2023-02-08 00:00:00+00:00,-6.321305,0.38333336,0.37367365,Romania
2023-02-09 00:00:00+00:00,-8.416097,0.0,0.37207642,Romania
2023-02-10 00:00:00+00:00,-7.2001247,0.0,0.37063888,Romania
2023-02-11 00:00:00+00:00,-4.509847,0.083333336,0.36936113,Romania
2023-02-12 00:00:00+00:00,-0.82443047,0.55,0.36831248,Romania
2023-02-13 00:00:00+00:00,-1.1084583,0.0,0.36906946,Romania
2023-02-14 00:00:00+00:00,1.1276528,0.016666668,0.3705486,Romania
2023-02-15 00:00:00+00:00,0.5995279,0.0,0.37334028,Romania
2023-02-16 00:00:00+00:00,1.417236,0.0,0.37437496,Romania
2023-02-17 00:00:00+00:00,3.9814723,0.48333335,0.3747778,Romania
2023-02-18 00:00:00+00:00,7.2144585,3.55,0.38300002,Romania
2023-02-19 00:00:00+00:00,7.599875,2.95,0.38725004,Romania
2023-02-20 00:00:00+00:00,4.2252226,0.9833333,0.39024305,Romania
2023-02-21 00:00:00+00:00,8.0009165,0.25,0.38520136,Romania
2023-02-22 00:00:00+00:00,5.477653,0.033333335,0.38379863,Romania
2023-02-23 00:00:00+00:00,3.3394585,0.06666667,0.37891662,Romania
2023-02-24 00:00:00+00:00,5.0352917,3.2,0.37653473,Romania
2023-02-25 00:00:00+00:00,6.4429307,6.483333,0.3830903,Romania
2023-02-26 00:00:00+00:00,3.9450138,12.033334,0.39322218,Romania
2023-02-27 00:00:00+00:00,1.1196667,6.433334,0.39856252,Romania
2023-02-28 00:00:00+00:00,1.3714027,0.35000002,0.39664578,Romania
2023-03-01 00:00:00+00:00,2.4922361,0.033333335,0.39400694,Romania
2023-03-02 00:00:00+00:00,1.6950139,0.0,0.3902847,Romania
2023-03-03 00:00:00+00:00,3.2220974,0.38333336,0.38529167,Romania
2023-03-04 00:00:00+00:00,3.7825139,0.15000002,0.38211116,Romania
2023-03-05 00:00:00+00:00,2.2356389,0.3166667,0.37857637,Romania
2023-03-06 00:00:00+00:00,3.2898057,1.3666667,0.37446526,Romania
2023-03-07 00:00:00+00:00,5.0009165,0.6,0.37432644,Romania
2023-03-08 00:00:00+00:00,7.8616805,0.38333336,0.37252775,Romania
2023-03-09 00:00:00+00:00,9.638763,2.4999998,0.36678472,Romania
2023-03-10 00:00:00+00:00,9.789111,3.0,0.36494446,Romania
2023-03-11 00:00:00+00:00,7.2345977,3.0333335,0.3650278,Romania
2023-03-12 00:00:00+00:00,2.2332084,0.016666668,0.362125,Romania
2023-03-13 00:00:00+00:00,4.0505695,0.0,0.36056247,Romania
2023-03-14 00:00:00+00:00,7.4734864,0.0,0.35636806,Romania
2023-03-15 00:00:00+00:00,5.7057776,1.7166666,0.3538889,Romania
2023-03-16 00:00:00+00:00,2.8155,1.8833333,0.3548542,Romania
2023-03-17 00:00:00+00:00,2.7998753,0.28333333,0.3539861,Romania
2023-03-18 00:00:00+00:00,3.3078613,0.11666667,0.3508542,Romania
2023-03-19 00:00:00+00:00,5.391889,0.0,0.34800693,Romania
2023-03-20 00:00:00+00:00,7.7127223,0.0,0.34571528,Romania
2023-03-21 00:00:00+00:00,8.301264,2.233333,0.34479865,Romania
2023-03-22 00:00:00+00:00,7.7766113,1.6666669,0.3462292,Romania
2023-03-23 00:00:00+00:00,9.521402,0.0,0.34690976,Romania
2023-03-24 00:00:00+00:00,12.120014,0.0,0.33847222,Romania
2023-03-25 00:00:00+00:00,12.05682,0.4,0.33097222,Romania
2023-03-26 00:00:00+00:00,8.916195,1.0833334,0.32799998,Romania
2023-03-27 00:00:00+00:00,7.9495277,7.0499997,0.32686806,Romania
2023-03-28 00:00:00+00:00,2.8328612,2.5833333,0.3355972,Romania
2023-03-29 00:00:00+00:00,0.22244437,0.38333336,0.33490285,Romania
2023-03-30 00:00:00+00:00,4.3460555,0.23333333,0.33413196,Romania
2023-03-31 00:00:00+00:00,8.160292,5.9833336,0.34049308,Romania
2023-04-01 00:00:00+00:00,8.933556,6.733333,0.34534028,Romania
2023-04-02 00:00:00+00:00,8.9516115,7.5499997,0.3551458,Romania
2023-04-03 00:00:00+00:00,6.809597,3.05,0.36347923,Romania
2023-04-04 00:00:00+00:00,1.493625,17.133333,0.3759236,Romania
2023-04-05 00:00:00+00:00,1.7738334,3.55,0.37973607,Romania
2023-04-06 00:00:00+00:00,2.1332083,4.9833336,0.3751875,Romania
2023-04-07 00:00:00+00:00,2.0790417,1.9833332,0.3745,Romania
2023-04-08 00:00:00+00:00,3.801958,0.56666666,0.37608328,Romania
2023-04-09 00:00:00+00:00,5.764111,0.48333335,0.37759027,Romania
2023-04-10 00:00:00+00:00,7.295362,0.35,0.37448612,Romania
2023-04-11 00:00:00+00:00,7.6321664,7.2333336,0.3753333,Romania
2023-04-12 00:00:00+00:00,7.5019584,3.1333334,0.38151392,Romania
2023-04-13 00:00:00+00:00,9.746403,0.14999999,0.38175,Romania
2023-04-14 00:00:00+00:00,10.622792,2.6000001,0.37694445,Romania
2023-04-15 00:00:00+00:00,9.908903,2.2333333,0.37936807,Romania
2023-04-16 00:00:00+00:00,10.422097,7.5500007,0.38065276,Romania
2023-04-17 00:00:00+00:00,9.278,5.683333,0.38929164,Romania
2023-04-18 00:00:00+00:00,8.950222,1.6833334,0.3873889,Romania
2023-04-19 00:00:00+00:00,9.151611,2.95,0.38777778,Romania
2023-04-20 00:00:00+00:00,9.711333,1.8333334,0.39199996,Romania
2023-04-21 00:00:00+00:00,9.935639,0.43333337,0.38465282,Romania
2023-04-22 00:00:00+00:00,10.279387,1.0833334,0.37615278,Romania
2023-04-23 00:00:00+00:00,10.88425,2.0166667,0.36692357,Romania
2023-04-24 00:00:00+00:00,11.244319,3.5666668,0.36129168,Romania
2023-04-25 00:00:00+00:00,10.23668,11.783333,0.3733264,Romania
2023-04-26 00:00:00+00:00,8.348139,3.9166667,0.3970139,Romania
2023-04-27 00:00:00+00:00,7.1332088,0.16666669,0.3977014,Romania
2023-04-28 00:00:00+00:00,7.7057776,0.016666668,0.387625,Romania
2023-04-29 00:00:00+00:00,9.007167,0.18333334,0.37404168,Romania
2023-04-30 00:00:00+00:00,10.683903,0.93333334,0.36379865,Romania
2023-05-01 00:00:00+00:00,11.9644575,0.13333334,0.35179165,Romania
2023-05-02 00:00:00+00:00,13.604736,0.0,0.34056246,Romania
2023-05-03 00:00:00+00:00,13.120708,0.18333334,0.32815978,Romania
2023-05-04 00:00:00+00:00,11.089111,2.3999999,0.32351387,Romania
2023-05-05 00:00:00+00:00,12.745361,0.8333333,0.32458332,Romania
2023-05-06 00:00:00+00:00,13.876957,0.06666667,0.3208542,Romania
2023-05-07 00:00:00+00:00,13.404041,4.3500004,0.31343752,Romania
2023-05-08 00:00:00+00:00,9.380777,6.766667,0.32060418,Romania
2023-05-09 00:00:00+00:00,8.598834,1.5833334,0.3294375,Romania
2023-05-10 00:00:00+00:00,9.601958,0.3166667,0.32734725,Romania
2023-05-11 00:00:00+00:00,10.671402,0.81666666,0.32092363,Romania
2023-05-12 00:00:00+00:00,10.185291,1.4833335,0.31543747,Romania
2023-05-13 00:00:00+00:00,11.168278,0.6166667,0.31452772,Romania
2023-05-14 00:00:00+00:00,13.289805,0.4,0.31155556,Romania
2023-05-15 00:00:00+00:00,15.301265,1.4833332,0.30681947,Romania
2023-05-16 00:00:00+00:00,16.608902,0.45000002,0.3054097,Romania
2023-05-17 00:00:00+00:00,15.867583,5.5166664,0.3032361,Romania
2023-05-18 00:00:00+00:00,15.162028,3.25,0.30997223,Romania
2023-05-19 00:00:00+00:00,16.083208,3.1333332,0.30756947,Romania
2023-05-20 00:00:00+00:00,17.04814,3.0166667,0.30393052,Romania
2023-05-21 00:00:00+00:00,17.112375,3.0333335,0.30382642,Romania
2023-05-22 00:00:00+00:00,16.023487,0.8833334,0.30073613,Romania
2023-05-23 00:00:00+00:00,16.773834,0.78333336,0.29589584,Romania
2023-05-24 00:00:00+00:00,17.321749,1.933333,0.2907361,Romania
2023-05-25 00:00:00+00:00,17.883556,1.7333332,0.28649303,Romania
2023-05-26 00:00:00+00:00,17.77036,3.3166666,0.28690973,Romania
2023-05-27 00:00:00+00:00,16.98182,8.533334,0.29582638,Romania
2023-05-28 00:00:00+00:00,16.453693,4.7999997,0.32056943,Romania
2023-05-29 00:00:00+00:00,16.858902,3.1833332,0.32725,Romania
2023-05-30 00:00:00+00:00,17.688417,0.90000004,0.31883332,Romania
2023-05-31 00:00:00+00:00,17.880777,1.7500001,0.3143264,Romania
2023-06-01 00:00:00+00:00,17.958208,1.0500001,0.31529167,Romania
2023-06-02 00:00:00+00:00,18.414804,0.73333335,0.30979165,Romania
2023-06-03 00:00:00+00:00,16.177307,3.4833336,0.3089514,Romania
2023-06-04 00:00:00+00:00,15.793625,0.18333334,0.30756944,Romania
2023-06-05 00:00:00+00:00,17.337029,0.45000002,0.29832637,Romania
2023-06-06 00:00:00+00:00,17.834597,1.4833332,0.29059723,Romania
2023-06-07 00:00:00+00:00,17.246056,1.1833334,0.2867847,Romania
2023-06-08 00:00:00+00:00,18.502653,2.0333333,0.2830139,Romania
2023-06-09 00:00:00+00:00,18.898485,5.1666665,0.28486803,Romania
2023-06-10 00:00:00+00:00,19.454388,1.2166667,0.28109026,Romania
2023-06-11 00:00:00+00:00,17.949875,10.733334,0.28918055,Romania
2023-06-12 00:00:00+00:00,14.935638,5.9166665,0.3110278,Romania
2023-06-13 00:00:00+00:00,14.6884165,1.9333334,0.3214722,Romania
2023-06-14 00:00:00+00:00,16.940847,0.2,0.31883332,Romania
2023-06-15 00:00:00+00:00,18.343279,7.616667,0.31482637,Romania
2023-06-16 00:00:00+00:00,18.750916,5.65,0.32206252,Romania
2023-06-17 00:00:00+00:00,18.374525,6.983333,0.329875,Romania
2023-06-18 00:00:00+00:00,19.039457,3.5166667,0.3329375,Romania
2023-06-19 00:00:00+00:00,18.722792,2.4333332,0.33606946,Romania
2023-06-20 00:00:00+00:00,20.005777,0.65000004,0.3275486,Romania
2023-06-21 00:00:00+00:00,21.426613,0.28333336,0.3166736,Romania
2023-06-22 00:00:00+00:00,21.74675,2.1333332,0.30881944,Romania
2023-06-23 00:00:00+00:00,24.014807,3.6333332,0.29954165,Romania
2023-06-24 00:00:00+00:00,22.517586,5.4166665,0.29415974,Romania
2023-06-25 00:00:00+00:00,19.609945,10.900001,0.2989861,Romania
2023-06-26 00:00:00+00:00,19.658209,1.1166667,0.30909723,Romania
2023-06-27 00:00:00+00:00,20.472792,0.95,0.30105558,Romania
2023-06-28 00:00:00+00:00,15.619319,7.5333333,0.29522914,Romania
2023-06-29 00:00:00+00:00,16.988764,0.6,0.29618058,Romania
2023-06-30 00:00:00+00:00,19.469667,0.05,0.29036805,Romania
2023-07-01 00:00:00+00:00,21.376265,0.21666668,0.28143054,Romania
2023-07-02 00:00:00+00:00,21.000917,5.816667,0.27611804,Romania
2023-07-03 00:00:00+00:00,21.048834,2.7666667,0.27209723,Romania
2023-07-04 00:00:00+00:00,22.162722,2.1333334,0.26841667,Romania
2023-07-05 00:00:00+00:00,22.096403,2.3999999,0.26611808,Romania
2023-07-06 00:00:00+00:00,22.656473,3.5833333,0.26316667,Romania
2023-07-07 00:00:00+00:00,20.71029,3.95,0.26179862,Romania
2023-07-08 00:00:00+00:00,19.23182,1.3833333,0.26275,Romania
2023-07-09 00:00:00+00:00,20.92314,0.016666668,0.2605625,Romania
2023-07-10 00:00:00+00:00,21.911333,1.6000003,0.25560418,Romania
2023-07-11 00:00:00+00:00,21.847445,2.3,0.2555139,Romania
2023-07-12 00:00:00+00:00,23.021402,4.35,0.25718054,Romania
2023-07-13 00:00:00+00:00,25.071054,5.816667,0.2524861,Romania
2023-07-14 00:00:00+00:00,22.57071,1.6999998,0.25263888,Romania
2023-07-15 00:00:00+00:00,22.97696,0.23333335,0.24991666,Romania
2023-07-16 00:00:00+00:00,24.90682,0.0,0.24338885,Romania
2023-07-17 00:00:00+00:00,26.082863,0.18333334,0.23618752,Romania
2023-07-18 00:00:00+00:00,24.914804,1.1,0.22963887,Romania
2023-07-19 00:00:00+00:00,24.31307,1.0166668,0.2254722,Romania
2023-07-20 00:00:00+00:00,23.095015,1.75,0.22422223,Romania
2023-07-21 00:00:00+00:00,23.14154,1.5166665,0.2221181,Romania
2023-07-22 00:00:00+00:00,22.736334,2.6,0.22240277,Romania
2023-07-23 00:00:00+00:00,20.620708,6.333334,0.23595832,Romania
2023-07-24 00:00:00+00:00,23.263763,0.083333336,0.24187498,Romania
2023-07-25 00:00:00+00:00,25.421751,3.55,0.24045835,Romania
2023-07-26 00:00:00+00:00,22.397444,4.1,0.24332638,Romania
2023-07-27 00:00:00+00:00,16.765501,12.25,0.25343058,Romania
2023-07-28 00:00:00+00:00,18.802305,0.0,0.25652084,Romania
2023-07-29 00:00:00+00:00,21.565153,0.43333337,0.2518889,Romania
2023-07-30 00:00:00+00:00,22.218971,3.1499999,0.2506111,Romania
2023-07-31 00:00:00+00:00,19.299181,10.466667,0.2614583,Romania
2023-08-01 00:00:00+00:00,20.960985,0.96666664,0.27335414,Romania
2023-08-02 00:00:00+00:00,20.763763,4.0,0.27184027,Romania
2023-08-03 00:00:00+00:00,23.474874,0.05,0.27000692,Romania
2023-08-04 00:00:00+00:00,26.103697,0.23333333,0.2618264,Romania
2023-08-05 00:00:00+00:00,24.98668,2.2833333,0.25432637,Romania
2023-08-06 00:00:00+00:00,20.335638,14.850001,0.26586807,Romania
2023-08-07 00:00:00+00:00,18.103693,4.4,0.2983125,Romania
2023-08-08 00:00:00+00:00,15.962375,2.1666667,0.3018333,Romania
2023-08-09 00:00:00+00:00,17.684944,0.0,0.30375,Romania
2023-08-10 00:00:00+00:00,18.125223,0.9666667,0.29879168,Romania
2023-08-11 00:00:00+00:00,18.519667,0.68333334,0.29863888,Romania
2023-08-12 00:00:00+00:00,18.836334,0.05,0.2920625,Romania
2023-08-13 00:00:00+00:00,20.03911,0.0,0.28425,Romania
2023-08-14 00:00:00+00:00,21.745361,0.016666668,0.2762986,Romania
2023-08-15 00:00:00+00:00,21.751959,3.4833333,0.27156943,Romania
2023-08-16 00:00:00+00:00,22.443972,1.3166667,0.27005556,Romania
2023-08-17 00:00:00+00:00,23.171751,0.033333335,0.27080557,Romania
2023-08-18 00:00:00+00:00,23.715849,0.26666668,0.26604167,Romania
2023-08-19 00:00:00+00:00,23.92939,0.033333335,0.26065972,Romania
2023-08-20 00:00:00+00:00,24.290154,0.53333336,0.25488195,Romania
2023-08-21 00:00:00+00:00,25.235985,0.1,0.24927776,Romania
2023-08-22 00:00:00+00:00,25.359596,0.2,0.24522223,Romania
2023-08-23 00:00:00+00:00,24.7155,0.7833333,0.240875,Romania
2023-08-24 00:00:00+00:00,22.96168,5.2333336,0.24086805,Romania
2023-08-25 00:00:00+00:00,23.448141,0.18333334,0.24528474,Romania
2023-08-26 00:00:00+00:00,25.035986,0.0,0.24407637,Romania
2023-08-27 00:00:00+00:00,25.526611,0.0,0.24195834,Romania
2023-08-28 00:00:00+00:00,25.893623,0.0,0.24006252,Romania
2023-08-29 00:00:00+00:00,24.284597,6.7666664,0.23897918,Romania
2023-08-30 00:00:00+00:00,19.78911,6.133333,0.26164582,Romania
2023-08-31 00:00:00+00:00,19.02175,5.5166664,0.29172918,Romania
2023-09-01 00:00:00+00:00,19.13668,0.15,0.28889582,Romania
2023-09-02 00:00:00+00:00,19.95439,0.13333334,0.28459027,Romania
2023-09-03 00:00:00+00:00,18.826958,6.2166667,0.28059724,Romania
2023-09-04 00:00:00+00:00,16.593279,6.533333,0.29236805,Romania
2023-09-05 00:00:00+00:00,17.914804,0.05,0.3018472,Romania
2023-09-06 00:00:00+00:00,18.055777,0.0,0.29972222,Romania
2023-09-07 00:00:00+00:00,18.529043,0.033333335,0.2960486,Romania
2023-09-08 00:00:00+00:00,18.520708,0.0,0.29063886,Romania
2023-09-09 00:00:00+00:00,18.647099,0.0,0.2843472,Romania
2023-09-10 00:00:00+00:00,18.34432,0.0,0.27888197,Romania
2023-09-11 00:00:00+00:00,18.216194,0.0,0.27546528,Romania
2023-09-12 00:00:00+00:00,19.52175,0.016666668,0.271632,Romania
2023-09-13 00:00:00+00:00,20.587027,0.016666668,0.2669375,Romania
2023-09-14 00:00:00+00:00,20.611681,1.9833332,0.27055553,Romania
2023-09-15 00:00:00+00:00,17.572443,6.7666664,0.28147915,Romania
2023-09-16 00:00:00+00:00,17.31307,1.8166666,0.29397914,Romania
2023-09-17 00:00:00+00:00,17.869318,0.3,0.29583332,Romania
2023-09-18 00:00:00+00:00,17.528345,0.0,0.29233333,Romania
2023-09-19 00:00:00+00:00,17.20057,2.6000001,0.29025695,Romania
2023-09-20 00:00:00+00:00,17.449528,1.2166666,0.28900003,Romania
2023-09-21 00:00:00+00:00,18.05647,2.5166667,0.2879028,Romania
2023-09-22 00:00:00+00:00,19.76064,0.3,0.28578475,Romania
2023-09-23 00:00:00+00:00,21.288763,0.8,0.28250694,Romania
2023-09-24 00:00:00+00:00,19.192583,5.4166665,0.2894792,Romania
2023-09-25 00:00:00+00:00,18.988417,0.4666667,0.2957569,Romania
2023-09-26 00:00:00+00:00,18.406471,0.0,0.29493055,Romania
2023-09-27 00:00:00+00:00,17.848833,0.0,0.29300693,Romania
2023-09-28 00:00:00+00:00,17.595362,0.0,0.29029855,Romania
2023-09-29 00:00:00+00:00,17.67939,0.0,0.28820142,Romania
2023-09-30 00:00:00+00:00,17.336332,0.05,0.28572917,Romania
2023-10-01 00:00:00+00:00,16.257166,0.44999996,0.2823403,Romania
2023-10-02 00:00:00+00:00,13.813764,0.13333334,0.27831253,Romania
2023-10-03 00:00:00+00:00,14.0155,0.0,0.27559724,Romania
2023-10-04 00:00:00+00:00,16.36411,0.2,0.2743264,Romania
2023-10-05 00:00:00+00:00,14.947097,0.13333334,0.27221528,Romania
2023-10-06 00:00:00+00:00,13.5582075,0.0,0.26844445,Romania
2023-10-07 00:00:00+00:00,14.174873,0.0,0.2651806,Romania
2023-10-08 00:00:00+00:00,13.6964035,1.8833333,0.26199308,Romania
2023-10-09 00:00:00+00:00,9.303348,0.05,0.2640486,Romania
2023-10-10 00:00:00+00:00,10.066543,0.36666667,0.2661875,Romania
2023-10-11 00:00:00+00:00,10.63182,0.0,0.26637504,Romania
2023-10-12 00:00:00+00:00,14.183556,0.0,0.26438195,Romania
2023-10-13 00:00:00+00:00,14.980431,0.55,0.2639861,Romania
2023-10-14 00:00:00+00:00,16.083208,0.0,0.26370835,Romania
2023-10-15 00:00:00+00:00,13.832168,4.85,0.26225,Romania
2023-10-16 00:00:00+00:00,7.659945,1.2333332,0.27026385,Romania
2023-10-17 00:00:00+00:00,6.6839027,0.0,0.27540275,Romania
2023-10-18 00:00:00+00:00,7.909945,0.1,0.2765,Romania
2023-10-19 00:00:00+00:00,11.084945,0.55,0.27691665,Romania
2023-10-20 00:00:00+00:00,17.299181,0.2,0.276875,Romania
2023-10-21 00:00:00+00:00,20.8155,0.033333335,0.27524304,Romania
2023-10-22 00:00:00+00:00,17.59154,0.21666668,0.27090976,Romania
2023-10-23 00:00:00+00:00,15.151958,0.0,0.2667014,Romania
2023-10-24 00:00:00+00:00,15.079736,0.21666665,0.26318052,Romania
2023-10-25 00:00:00+00:00,16.024529,2.3666666,0.26209027,Romania
2023-10-26 00:00:00+00:00,15.170013,1.5166664,0.26138195,Romania
2023-10-27 00:00:00+00:00,15.142932,3.0,0.26255554,Romania
2023-10-28 00:00:00+00:00,13.507862,0.0,0.26636806,Romania
2023-10-29 00:00:00+00:00,13.309597,0.0,0.26470834,Romania
2023-10-30 00:00:00+00:00,14.322792,0.0,0.2632639,Romania
2023-10-31 00:00:00+00:00,15.410985,1.7166667,0.25984028,Romania
2023-11-01 00:00:00+00:00,11.315154,1.9833332,0.26037505,Romania
2023-11-02 00:00:00+00:00,10.090847,0.06666667,0.265,Romania
2023-11-03 00:00:00+00:00,12.706471,1.9666667,0.26597223,Romania
2023-11-04 00:00:00+00:00,11.566543,8.533333,0.2772778,Romania
2023-11-05 00:00:00+00:00,11.120361,5.033334,0.295,Romania
2023-11-06 00:00:00+00:00,11.2509165,0.9833333,0.30463195,Romania
2023-11-07 00:00:00+00:00,10.921403,1.0666667,0.3034167,Romania
2023-11-08 00:00:00+00:00,10.035292,3.6500003,0.30837503,Romania
2023-11-09 00:00:00+00:00,6.6602917,0.0,0.30840972,Romania
2023-11-10 00:00:00+00:00,7.8863335,0.41666666,0.3062014,Romania
2023-11-11 00:00:00+00:00,8.876958,7.8333325,0.31050694,Romania
2023-11-12 00:00:00+00:00,5.497792,2.95,0.32378474,Romania
2023-11-13 00:00:00+00:00,4.9550834,0.016666668,0.3235139,Romania
2023-11-14 00:00:00+00:00,9.206125,1.4666667,0.321125,Romania
2023-11-15 00:00:00+00:00,8.894319,7.65,0.3360486,Romania
2023-11-16 00:00:00+00:00,6.3984857,0.35000002,0.33586803,Romania
2023-11-17 00:00:00+00:00,5.899875,7.0499997,0.3370347,Romania
2023-11-18 00:00:00+00:00,2.5884166,19.700003,0.3544236,Romania
2023-11-19 00:00:00+00:00,0.7384167,0.3166667,0.36583337,Romania
2023-11-20 00:00:00+00:00,3.8970976,0.21666668,0.3656527,Romania
2023-11-21 00:00:00+00:00,5.985986,1.5166668,0.36559722,Romania
2023-11-22 00:00:00+00:00,4.5658474,2.0166667,0.36694443,Romania
2023-11-23 00:00:00+00:00,2.0300834,0.25000003,0.36786807,Romania
2023-11-24 00:00:00+00:00,3.7575138,1.1999999,0.36618748,Romania
2023-11-25 00:00:00+00:00,1.9609861,7.366667,0.37161112,Romania
2023-11-26 00:00:00+00:00,-1.5598472,5.766667,0.37767363,Romania
2023-11-27 00:00:00+00:00,-1.228597,0.44999996,0.37541673,Romania
2023-11-28 00:00:00+00:00,1.9668889,6.9166665,0.37688193,Romania
2023-11-29 00:00:00+00:00,0.9460554,0.5833333,0.38784727,Romania
2023-11-30 00:00:00+00:00,1.110639,1.3333334,0.38270137,Romania
2023-12-01 00:00:00+00:00,8.187375,2.1333334,0.38326392,Romania
2023-12-02 00:00:00+00:00,10.107513,2.4166667,0.38084027,Romania
2023-12-03 00:00:00+00:00,3.0450141,1.1166667,0.37790275,Romania
2023-12-04 00:00:00+00:00,-2.050125,0.78333324,0.37442362,Romania
2023-12-05 00:00:00+00:00,-0.21366675,0.05,0.37161803,Romania
2023-12-06 00:00:00+00:00,1.1936249,3.2166665,0.3695972,Romania
2023-12-07 00:00:00+00:00,-0.5671388,5.75,0.37210417,Romania
2023-12-08 00:00:00+00:00,-0.95359725,0.15,0.3734028,Romania
2023-12-09 00:00:00+00:00,-1.9615835,0.0,0.3712014,Romania
2023-12-10 00:00:00+00:00,-1.2032499,0.8333333,0.36974302,Romania
2023-12-11 00:00:00+00:00,0.5182778,0.56666666,0.3683125,Romania
2023-12-12 00:00:00+00:00,2.7002223,1.1,0.36862496,Romania
2023-12-13 00:00:00+00:00,4.1988335,8.816667,0.37468052,Romania
2023-12-14 00:00:00+00:00,5.485639,5.0,0.3804792,Romania
2023-12-15 00:00:00+00:00,2.4856389,1.2,0.37900698,Romania
2023-12-16 00:00:00+00:00,0.2533472,0.13333334,0.3766111,Romania
2023-12-17 00:00:00+00:00,0.78286105,0.083333336,0.37356946,Romania
2023-12-18 00:00:00+00:00,2.8915417,0.0,0.37085423,Romania
2023-12-19 00:00:00+00:00,3.4696665,0.0,0.36740974,Romania
2023-12-20 00:00:00+00:00,4.0964026,0.0,0.36398605,Romania
2023-12-21 00:00:00+00:00,2.0262637,0.15,0.36149308,Romania
2023-12-22 00:00:00+00:00,2.6974442,4.3500004,0.3610555,Romania
2023-12-23 00:00:00+00:00,0.41862503,7.0,0.36225,Romania
2023-12-24 00:00:00+00:00,2.231472,2.1333334,0.3643819,Romania
2023-12-25 00:00:00+00:00,7.3845973,0.18333334,0.3658403,Romania
2023-12-26 00:00:00+00:00,8.050223,0.0,0.36180556,Romania
2023-12-27 00:00:00+00:00,5.260986,0.21666668,0.35302088,Romania
2023-12-28 00:00:00+00:00,4.1943192,0.0,0.34770834,Romania
2023-12-29 00:00:00+00:00,3.9658477,0.016666668,0.34464583,Romania
2023-12-30 00:00:00+00:00,4.224528,0.0,0.34204862,Romania
2023-12-31 00:00:00+00:00,4.032514,0.0,0.33887503,Romania
2024-01-01 00:00:00+00:00,4.7848125,0.025,0.27740625,Spain
2024-01-02 00:00:00+00:00,5.790021,1.4,0.27314585,Spain
2024-01-03 00:00:00+00:00,8.747312,3.125,0.27855211,Spain
2024-01-04 00:00:00+00:00,7.1879373,3.3249998,0.2839896,Spain
2024-01-05 00:00:00+00:00,4.530646,1.35,0.3023646,Spain
2024-01-06 00:00:00+00:00,3.4046042,0.025,0.31006247,Spain
2024-01-07 00:00:00+00:00,2.5155416,0.95,0.3108229,Spain
2024-01-08 00:00:00+00:00,2.0723126,0.375,0.30977082,Spain
2024-01-09 00:00:00+00:00,3.5504375,0.725,0.3091771,Spain
2024-01-10 00:00:00+00:00,4.199396,4.55,0.31231248,Spain
2024-01-11 00:00:00+00:00,2.2212708,0.65,0.32180208,Spain
2024-01-12 00:00:00+00:00,2.0342917,0.0,0.32149994,Spain
2024-01-13 00:00:00+00:00,4.077,0.1,0.3187083,Spain
2024-01-14 00:00:00+00:00,7.7066875,2.525,0.32366666,Spain
2024-01-15 00:00:00+00:00,9.571792,7.15,0.33428127,Spain
2024-01-16 00:00:00+00:00,10.607208,4.5249996,0.3441354,Spain
2024-01-17 00:00:00+00:00,10.180124,7.2749996,0.35361457,Spain
2024-01-18 00:00:00+00:00,9.188978,1.85,0.3538125,Spain
2024-01-19 00:00:00+00:00,4.8280416,13.575001,0.3614583,Spain
2024-01-20 00:00:00+00:00,1.8035624,0.20000002,0.35840625,Spain
2024-01-21 00:00:00+00:00,2.7624168,0.0,0.3531458,Spain
2024-01-22 00:00:00+00:00,6.111896,0.0,0.34929168,Spain
2024-01-23 00:00:00+00:00,9.188979,0.0,0.34261462,Spain
2024-01-24 00:00:00+00:00,9.881167,0.0,0.33690625,Spain
2024-01-25 00:00:00+00:00,10.157208,0.0,0.33111456,Spain
2024-01-26 00:00:00+00:00,10.23898,0.0,0.32708335,Spain
2024-01-27 00:00:00+00:00,9.567625,0.0,0.32240626,Spain
2024-01-28 00:00:00+00:00,8.659812,0.0,0.317625,Spain
2024-01-29 00:00:00+00:00,8.630125,0.0,0.3120104,Spain
2024-01-30 00:00:00+00:00,7.4186664,0.0,0.30941668,Spain
2024-01-31 00:00:00+00:00,7.1285625,0.0,0.30694795,Spain
2024-02-01 00:00:00+00:00,8.181167,0.0,0.30240625,Spain
2024-02-02 00:00:00+00:00,8.363978,0.0,0.29678124,Spain
2024-02-03 00:00:00+00:00,7.4223123,0.0,0.292875,Spain
2024-02-04 00:00:00+00:00,8.104604,0.0,0.28714585,Spain
2024-02-05 00:00:00+00:00,7.8134575,0.0,0.28178126,Spain
2024-02-06 00:00:00+00:00,7.949396,0.0,0.2762604,Spain
2024-02-07 00:00:00+00:00,7.079083,0.175,0.27058333,Spain
2024-02-08 00:00:00+00:00,8.511375,3.225,0.2679271,Spain
2024-02-09 00:00:00+00:00,8.411375,15.8,0.28272915,Spain
2024-02-10 00:00:00+00:00,5.6879373,3.3000002,0.30121872,Spain
2024-02-11 00:00:00+00:00,4.8452296,1.75,0.30433333,Spain
2024-02-12 00:00:00+00:00,9.135854,3.7750006,0.31609374,Spain
2024-02-13 00:00:00+00:00,9.60825,0.275,0.31712496,Spain
2024-02-14 00:00:00+00:00,11.543667,0.225,0.31117707,Spain
2024-02-15 00:00:00+00:00,11.585855,5.5249996,0.30885416,Spain
2024-02-16 00:00:00+00:00,8.758771,1.4749999,0.31863543,Spain
2024-02-17 00:00:00+00:00,7.4535623,0.0,0.31680208,Spain
2024-02-18 00:00:00+00:00,9.107729,0.0,0.30997917,Spain
2024-02-19 00:00:00+00:00,10.177521,0.05,0.30253127,Spain
2024-02-20 00:00:00+00:00,9.106688,0.0,0.29318747,Spain
2024-02-21 00:00:00+00:00,9.865022,0.0,0.28647912,Spain
2024-02-22 00:00:00+00:00,9.530645,4.55,0.2854896,Spain
2024-02-23 00:00:00+00:00,5.0889797,0.6750001,0.2843229,Spain
2024-02-24 00:00:00+00:00,4.9103336,1.3750001,0.28308335,Spain
2024-02-25 00:00:00+00:00,8.260854,6.2,0.28684375,Spain
2024-02-26 00:00:00+00:00,6.2014794,5.9,0.29611456,Spain
2024-02-27 00:00:00+00:00,4.2322083,0.45,0.30371872,Spain
2024-02-28 00:00:00+00:00,5.6311665,0.2,0.3040625,Spain
2024-02-29 00:00:00+00:00,6.3629375,1.9,0.3004896,Spain
2024-03-01 00:00:00+00:00,5.481687,1.075,0.29658335,Spain
2024-03-02 00:00:00+00:00,5.3587713,10.45,0.29640624,Spain
2024-03-03 00:00:00+00:00,3.736896,0.65000004,0.30922917,Spain
2024-03-04 00:00:00+00:00,6.8608546,1.6249999,0.31204164,Spain
2024-03-05 00:00:00+00:00,5.7816877,0.0,0.3105833,Spain
2024-03-06 00:00:00+00:00,6.427,0.0,0.3067708,Spain
2024-03-07 00:00:00+00:00,6.8462715,6.025,0.30169788,Spain
2024-03-08 00:00:00+00:00,5.2754374,8.225,0.3095,Spain
2024-03-09 00:00:00+00:00,4.7223125,13.799999,0.3385208,Spain
2024-03-10 00:00:00+00:00,5.859292,3.15,0.34581247,Spain
2024-03-11 00:00:00+00:00,6.6389794,0.17500001,0.3413125,Spain
2024-03-12 00:00:00+00:00,7.83325,0.0,0.3292396,Spain
2024-03-13 00:00:00+00:00,9.892104,0.0,0.31930208,Spain
2024-03-14 00:00:00+00:00,10.556168,1.25,0.30651042,Spain
2024-03-15 00:00:00+00:00,11.256166,0.2,0.29485416,Spain
2024-03-16 00:00:00+00:00,11.688978,0.0,0.28762496,Spain
2024-03-17 00:00:00+00:00,13.862417,0.0,0.27772915,Spain
2024-03-18 00:00:00+00:00,14.580125,0.0,0.26946878,Spain
2024-03-19 00:00:00+00:00,15.352001,0.0,0.26418748,Spain
2024-03-20 00:00:00+00:00,14.488459,1.675,0.2561875,Spain
2024-03-21 00:00:00+00:00,14.8395,0.35,0.2516042,Spain
2024-03-22 00:00:00+00:00,16.799917,0.05,0.24596873,Spain
2024-03-23 00:00:00+00:00,14.504604,0.075,0.24383333,Spain
2024-03-24 00:00:00+00:00,12.456688,0.1,0.23962495,Spain
2024-03-25 00:00:00+00:00,9.428041,11.675001,0.23979166,Spain
2024-03-26 00:00:00+00:00,4.918146,6.9249997,0.25914583,Spain
2024-03-27 00:00:00+00:00,7.6160626,6.5749993,0.27608335,Spain
2024-03-28 00:00:00+00:00,9.345749,11.150001,0.30120835,Spain
2024-03-29 00:00:00+00:00,8.052,8.849999,0.31797916,Spain
2024-03-30 00:00:00+00:00,6.2790833,8.475,0.32510418,Spain
2024-03-31 00:00:00+00:00,5.7421036,9.2,0.34166667,Spain
2024-04-01 00:00:00+00:00,6.792625,1.125,0.3405625,Spain
2024-04-02 00:00:00+00:00,8.052521,1.2749999,0.33409372,Spain
2024-04-03 00:00:00+00:00,10.644709,0.1,0.32816663,Spain
2024-04-04 00:00:00+00:00,12.6895,0.0,0.31794792,Spain
2024-04-05 00:00:00+00:00,15.691584,0.0,0.3056875,Spain
2024-04-06 00:00:00+00:00,17.155647,0.25,0.2965625,Spain
2024-04-07 00:00:00+00:00,15.64575,1.725,0.28699997,Spain
2024-04-08 00:00:00+00:00,11.763979,2.9,0.28104168,Spain
2024-04-09 00:00:00+00:00,7.9837713,0.0,0.2768229,Spain
2024-04-10 00:00:00+00:00,10.522833,0.0,0.27103126,Spain
2024-04-11 00:00:00+00:00,14.0962715,0.0,0.26163542,Spain
2024-04-12 00:00:00+00:00,16.362417,0.0,0.25133333,Spain
2024-04-13 00:00:00+00:00,18.232208,0.0,0.2438646,Spain
2024-04-14 00:00:00+00:00,18.844707,0.0,0.23569793,Spain
2024-04-15 00:00:00+00:00,16.555126,0.075,0.22483331,Spain
2024-04-16 00:00:00+00:00,13.924916,0.0,0.21835418,Spain
2024-04-17 00:00:00+00:00,11.936896,0.0,0.21285419,Spain
2024-04-18 00:00:00+00:00,11.892103,0.025,0.20882294,Spain
2024-04-19 00:00:00+00:00,12.849396,0.025,0.20476043,Spain
2024-04-20 00:00:00+00:00,14.575958,0.025,0.198125,Spain
2024-04-21 00:00:00+00:00,13.291584,0.0,0.1941875,Spain
2024-04-22 00:00:00+00:00,9.481168,0.0,0.18678124,Spain
2024-04-23 00:00:00+00:00,7.7618957,0.175,0.18503127,Spain
2024-04-24 00:00:00+00:00,9.498875,0.0,0.18318748,Spain
2024-04-25 00:00:00+00:00,10.973875,0.25,0.17967708,Spain
2024-04-26 00:00:00+00:00,11.029604,1.975,0.17793748,Spain
2024-04-27 00:00:00+00:00,9.797833,7.55,0.17933331,Spain
2024-04-28 00:00:00+00:00,9.403042,1.0250001,0.18495832,Spain
2024-04-29 00:00:00+00:00,9.906689,3.45,0.1868229,Spain
2024-04-30 00:00:00+00:00,11.071791,1.25,0.18599999,Spain
2024-05-01 00:00:00+00:00,8.024917,2.625,0.18617706,Spain
2024-05-02 00:00:00+00:00,8.485854,0.57500005,0.18692708,Spain
2024-05-03 00:00:00+00:00,10.966583,0.0,0.18578124,Spain
2024-05-04 00:00:00+00:00,14.73325,0.125,0.18341663,Spain
2024-05-05 00:00:00+00:00,14.43273,5.35,0.1796771,Spain
2024-05-06 00:00:00+00:00,12.515021,0.3,0.18205209,Spain
2024-05-07 00:00:00+00:00,12.791584,0.0,0.18278126,Spain
2024-05-08 00:00:00+00:00,14.438979,0.0,0.17821877,Spain
2024-05-09 00:00:00+00:00,17.347834,0.0,0.17347915,Spain
2024-05-10 00:00:00+00:00,19.273876,0.0,0.17028126,Spain
2024-05-11 00:00:00+00:00,18.764502,1.4,0.16797918,Spain
2024-05-12 00:00:00+00:00,18.530125,0.025,0.16722918,Spain
2024-05-13 00:00:00+00:00,17.828564,8.125,0.16547917,Spain
2024-05-14 00:00:00+00:00,12.849396,3.6750002,0.17827085,Spain
2024-05-15 00:00:00+00:00,11.206167,0.45000005,0.18496875,Spain
2024-05-16 00:00:00+00:00,11.393667,1.425,0.18663543,Spain
2024-05-17 00:00:00+00:00,12.660854,3.1,0.18807295,Spain
2024-05-18 00:00:00+00:00,12.587416,2.15,0.19354165,Spain
2024-05-19 00:00:00+00:00,12.437938,2.225,0.1982396,Spain
2024-05-20 00:00:00+00:00,12.657208,0.625,0.20290624,Spain
2024-05-21 00:00:00+00:00,12.768145,1.9,0.20474999,Spain
2024-05-22 00:00:00+00:00,13.593145,0.425,0.2051146,Spain
2024-05-23 00:00:00+00:00,14.384811,0.0,0.20375003,Spain
2024-05-24 00:00:00+00:00,16.568146,0.05,0.19943751,Spain
2024-05-25 00:00:00+00:00,19.004084,0.0,0.19380206,Spain
2024-05-26 00:00:00+00:00,19.062939,0.025,0.18885416,Spain
2024-05-27 00:00:00+00:00,18.275438,0.0,0.1858229,Spain
2024-05-28 00:00:00+00:00,20.075958,0.0,0.18194793,Spain
2024-05-29 00:00:00+00:00,22.478563,0.0,0.17851043,Spain
2024-05-30 00:00:00+00:00,21.611376,0.1,0.17507294,Spain
2024-05-31 00:00:00+00:00,17.905125,0.0,0.17241666,Spain
2024-06-01 00:00:00+00:00,16.876478,0.05,0.170625,Spain
2024-06-02 00:00:00+00:00,17.40252,0.125,0.16940627,Spain
2024-06-03 00:00:00+00:00,18.462938,5.425,0.16841665,Spain
2024-06-04 00:00:00+00:00,20.967625,0.0,0.16635416,Spain
2024-06-05 00:00:00+00:00,23.519709,0.0,0.16510415,Spain
2024-06-06 00:00:00+00:00,24.7145,0.2,0.1648854,Spain
2024-06-07 00:00:00+00:00,24.719187,0.77500004,0.16284373,Spain
2024-06-08 00:00:00+00:00,19.795229,7.2500005,0.162875,Spain
2024-06-09 00:00:00+00:00,16.937416,2.9,0.17472918,Spain
2024-06-10 00:00:00+00:00,15.625958,7.575,0.19509375,Spain
2024-06-11 00:00:00+00:00,15.271792,0.075,0.20955208,Spain
2024-06-12 00:00:00+00:00,15.049916,2.525,0.20736457,Spain
2024-06-13 00:00:00+00:00,17.260853,0.0,0.20592709,Spain
2024-06-14 00:00:00+00:00,20.494186,0.0,0.19930209,Spain
2024-06-15 00:00:00+00:00,18.09575,0.0,0.19339587,Spain
2024-06-16 00:00:00+00:00,19.68429,0.0,0.18722919,Spain
2024-06-17 00:00:00+00:00,21.348354,0.05,0.18301043,Spain
2024-06-18 00:00:00+00:00,19.820229,3.9000006,0.18003125,Spain
2024-06-19 00:00:00+00:00,17.292625,1.1,0.18097919,Spain
2024-06-20 00:00:00+00:00,15.421791,5.8500004,0.18252084,Spain
2024-06-21 00:00:00+00:00,17.833248,0.0,0.1853646,Spain
2024-06-22 00:00:00+00:00,19.386375,0.0,0.1825,Spain
2024-06-23 00:00:00+00:00,20.536896,0.0,0.17956252,Spain
2024-06-24 00:00:00+00:00,21.998354,0.0,0.17602085,Spain
2024-06-25 00:00:00+00:00,24.210854,0.175,0.17165627,Spain
2024-06-26 00:00:00+00:00,23.823874,1.0,0.17038542,Spain
2024-06-27 00:00:00+00:00,24.460855,0.1,0.17234376,Spain
2024-06-28 00:00:00+00:00,21.780643,3.575,0.16983335,Spain
2024-06-29 00:00:00+00:00,18.353561,7.575,0.17603126,Spain
2024-06-30 00:00:00+00:00,18.93273,1.175,0.19387498,Spain
2024-07-01 00:00:00+00:00,19.234291,0.225,0.19256252,Spain
2024-07-02 00:00:00+00:00,20.017103,0.0,0.18740627,Spain
2024-07-03 00:00:00+00:00,22.237938,0.0,0.18310419,Spain
2024-07-04 00:00:00+00:00,24.734812,0.0,0.17742711,Spain
2024-07-05 00:00:00+00:00,26.285854,0.025,0.17347917,Spain
2024-07-06 00:00:00+00:00,21.825438,0.1,0.17144792,Spain
2024-07-07 00:00:00+00:00,20.519709,0.05,0.17121874,Spain
2024-07-08 00:00:00+00:00,23.364502,0.0,0.17066668,Spain
2024-07-09 00:00:00+00:00,23.43273,0.6,0.16920835,Spain
2024-07-10 00:00:00+00:00,25.0645,0.025,0.16734375,Spain
2024-07-11 00:00:00+00:00,26.22075,0.15,0.16541667,Spain
2024-07-12 00:00:00+00:00,22.824917,0.0,0.1632396,Spain
2024-07-13 00:00:00+00:00,22.824917,0.0,0.16230209,Spain
2024-07-14 00:00:00+00:00,24.533249,0.0,0.16156249,Spain
2024-07-15 00:00:00+00:00,23.396791,0.375,0.16055208,Spain
2024-07-16 00:00:00+00:00,22.368668,0.0,0.1598125,Spain
2024-07-17 00:00:00+00:00,25.140541,0.0,0.1589375,Spain
2024-07-18 00:00:00+00:00,27.490545,0.0,0.15768752,Spain
2024-07-19 00:00:00+00:00,28.231167,0.0,0.15660417,Spain
2024-07-20 00:00:00+00:00,26.368149,0.275,0.15496875,Spain
2024-07-21 00:00:00+00:00,21.913456,0.0,0.15473957,Spain
2024-07-22 00:00:00+00:00,23.761896,0.0,0.15430209,Spain
2024-07-23 00:00:00+00:00,28.166584,0.0,0.15234376,Spain
2024-07-24 00:00:00+00:00,28.803562,0.0,0.15154167,Spain
2024-07-25 00:00:00+00:00,28.067104,0.0,0.15059376,Spain
2024-07-26 00:00:00+00:00,27.348354,0.05,0.1498542,Spain
2024-07-27 00:00:00+00:00,27.798876,0.0,0.14926043,Spain
2024-07-28 00:00:00+00:00,28.806688,0.0,0.14878128,Spain
2024-07-29 00:00:00+00:00,28.571793,0.4,0.14826041,Spain
2024-07-30 00:00:00+00:00,29.31971,0.275,0.14798957,Spain
2024-07-31 00:00:00+00:00,28.730646,0.0,0.14736457,Spain
2024-08-01 00:00:00+00:00,27.675438,0.0,0.1470521,Spain
2024-08-02 00:00:00+00:00,24.625437,0.17500001,0.14675,Spain
2024-08-03 00:00:00+00:00,25.227001,0.0,0.14654164,Spain
2024-08-04 00:00:00+00:00,27.1369,0.0,0.14624998,Spain
2024-08-05 00:00:00+00:00,28.01971,0.0,0.14605208,Spain
2024-08-06 00:00:00+00:00,27.05148,0.125,0.14564584,Spain
2024-08-07 00:00:00+00:00,26.666065,0.0,0.14541668,Spain
2024-08-08 00:00:00+00:00,27.547832,0.0,0.14503127,Spain
2024-08-09 00:00:00+00:00,28.491585,0.0,0.14484379,Spain
2024-08-10 00:00:00+00:00,29.838978,0.0,0.14456251,Spain
2024-08-11 00:00:00+00:00,30.14627,0.0,0.14450002,Spain
2024-08-12 00:00:00+00:00,27.653042,0.45,0.14444794,Spain
2024-08-13 00:00:00+00:00,23.029083,2.4249997,0.14438544,Spain
2024-08-14 00:00:00+00:00,21.285854,0.425,0.14773962,Spain
2024-08-15 00:00:00+00:00,20.529604,0.0,0.15259379,Spain
2024-08-16 00:00:00+00:00,22.947311,0.0,0.1521667,Spain
2024-08-17 00:00:00+00:00,25.312937,0.0,0.15094793,Spain
2024-08-18 00:00:00+00:00,24.431686,0.0,0.15005212,Spain
2024-08-19 00:00:00+00:00,23.936377,0.0,0.14973961,Spain
2024-08-20 00:00:00+00:00,25.032207,0.0,0.1494896,Spain
2024-08-21 00:00:00+00:00,24.728561,0.05,0.14905208,Spain
2024-08-22 00:00:00+00:00,25.818666,0.025,0.14897916,Spain
2024-08-23 00:00:00+00:00,25.694187,0.025,0.14894792,Spain
2024-08-24 00:00:00+00:00,25.482208,0.2,0.14878125,Spain
2024-08-25 00:00:00+00:00,21.95252,1.275,0.14911456,Spain
2024-08-26 00:00:00+00:00,22.477522,0.3,0.15002081,Spain
2024-08-27 00:00:00+00:00,24.809814,0.025,0.1505104,Spain
2024-08-28 00:00:00+00:00,25.494709,0.325,0.15096873,Spain
2024-08-29 00:00:00+00:00,22.556686,1.975,0.15073958,Spain
2024-08-30 00:00:00+00:00,21.672312,2.575,0.15169793,Spain
2024-08-31 00:00:00+00:00,21.469187,5.15,0.15645833,Spain
2024-09-01 00:00:00+00:00,21.956167,4.4750004,0.16366667,Spain
2024-09-02 00:00:00+00:00,21.994709,6.7250004,0.16380209,Spain
2024-09-03 00:00:00+00:00,20.233772,0.45000002,0.19970834,Spain
2024-09-04 00:00:00+00:00,18.430124,3.6499999,0.19945835,Spain
2024-09-05 00:00:00+00:00,17.380646,0.15,0.19685417,Spain
2024-09-06 00:00:00+00:00,17.221272,0.35000002,0.19484374,Spain
2024-09-07 00:00:00+00:00,17.856165,0.075,0.193875,Spain
2024-09-08 00:00:00+00:00,17.77023,0.0,0.19066668,Spain
2024-09-09 00:00:00+00:00,18.597313,0.0,0.1869896,Spain
2024-09-10 00:00:00+00:00,19.229084,0.0,0.18211459,Spain
2024-09-11 00:00:00+00:00,18.512938,0.0,0.17930208,Spain
2024-09-12 00:00:00+00:00,18.081688,0.025,0.17663544,Spain
2024-09-13 00:00:00+00:00,15.424917,0.0,0.17509376,Spain
2024-09-14 00:00:00+00:00,16.680647,0.0,0.17302084,Spain
2024-09-15 00:00:00+00:00,19.099396,0.0,0.16955207,Spain
2024-09-16 00:00:00+00:00,18.718666,0.0,0.16658334,Spain
2024-09-17 00:00:00+00:00,17.330647,0.0,0.16427082,Spain
2024-09-18 00:00:00+00:00,17.350958,3.325,0.16218749,Spain
2024-09-19 00:00:00+00:00,16.87648,3.75,0.16102086,Spain
2024-09-20 00:00:00+00:00,16.69627,2.825,0.1624375,Spain
2024-09-21 00:00:00+00:00,16.364502,5.975,0.17094792,Spain
2024-09-22 00:00:00+00:00,16.078564,1.0999999,0.18801042,Spain
2024-09-23 00:00:00+00:00,15.633771,0.025,0.19169791,Spain
2024-09-24 00:00:00+00:00,15.290021,0.275,0.19004165,Spain
2024-09-25 00:00:00+00:00,17.056686,0.22500001,0.18739583,Spain
2024-09-26 00:00:00+00:00,18.048353,2.7500002,0.18685415,Spain
2024-09-27 00:00:00+00:00,13.430645,0.15,0.18608332,Spain
2024-09-28 00:00:00+00:00,12.19627,0.0,0.18363544,Spain
2024-09-29 00:00:00+00:00,14.924917,0.0,0.1813125,Spain
2024-09-30 00:00:00+00:00,17.654083,0.0,0.17795834,Spain
2024-10-01 00:00:00+00:00,18.22179,0.15,0.17434376,Spain
2024-10-02 00:00:00+00:00,17.604603,9.575,0.17247918,Spain
2024-10-03 00:00:00+00:00,15.430125,0.475,0.18507294,Spain
2024-10-04 00:00:00+00:00,14.976479,0.0,0.18645832,Spain
2024-10-05 00:00:00+00:00,16.27023,0.65,0.18508331,Spain
2024-10-06 00:00:00+00:00,17.552,6.9500003,0.1865521,Spain
2024-10-07 00:00:00+00:00,16.104603,10.500001,0.20756252,Spain
2024-10-08 00:00:00+00:00,13.909812,1.85,0.21348959,Spain
2024-10-09 00:00:00+00:00,15.240023,5.075,0.22193749,Spain
2024-10-10 00:00:00+00:00,12.383771,0.15,0.23177087,Spain
2024-10-11 00:00:00+00:00,12.98325,0.275,0.23096874,Spain
2024-10-12 00:00:00+00:00,14.883771,7.55,0.24365626,Spain
2024-10-13 00:00:00+00:00,16.293667,0.20000002,0.2668646,Spain
2024-10-14 00:00:00+00:00,16.980125,3.575,0.26806247,Spain
2024-10-15 00:00:00+00:00,15.591582,10.6,0.28779167,Spain
2024-10-16 00:00:00+00:00,15.932209,12.750001,0.3121771,Spain
2024-10-17 00:00:00+00:00,11.641064,10.475001,0.32543752,Spain
2024-10-18 00:00:00+00:00,11.075438,0.17500001,0.325,Spain
2024-10-19 00:00:00+00:00,13.837937,0.62500006,0.3181979,Spain
2024-10-20 00:00:00+00:00,14.571791,0.0,0.31024998,Spain
2024-10-21 00:00:00+00:00,14.914499,0.0,0.3014271,Spain
2024-10-22 00:00:00+00:00,14.321271,0.125,0.29585415,Spain
2024-10-23 00:00:00+00:00,13.468667,0.1,0.29022914,Spain
2024-10-24 00:00:00+00:00,14.112416,1.3999999,0.28394794,Spain
2024-10-25 00:00:00+00:00,12.235334,7.7000003,0.2919271,Spain
2024-10-26 00:00:00+00:00,7.7384586,4.425,0.3091875,Spain
2024-10-27 00:00:00+00:00,7.3983545,3.275,0.31358334,Spain
2024-10-28 00:00:00+00:00,11.237416,3.6749997,0.3223229,Spain
2024-10-29 00:00:00+00:00,12.755125,6.5750003,0.32472917,Spain
2024-10-30 00:00:00+00:00,13.030645,16.124998,0.3566771,Spain
2024-10-31 00:00:00+00:00,13.251479,1.0249999,0.3520729,Spain
2024-11-01 00:00:00+00:00,13.256167,2.7499998,0.3455417,Spain
2024-11-02 00:00:00+00:00,12.560333,3.225,0.3363855,Spain
2024-11-03 00:00:00+00:00,12.792104,0.52500004,0.33150005,Spain
2024-11-04 00:00:00+00:00,12.81398,0.9499999,0.32496876,Spain
2024-11-05 00:00:00+00:00,13.155646,0.7250001,0.31800002,Spain
2024-11-06 00:00:00+00:00,13.048875,0.0,0.31233332,Spain
2024-11-07 00:00:00+00:00,12.559813,0.0,0.30635417,Spain
2024-11-08 00:00:00+00:00,11.696793,0.075,0.301625,Spain
2024-11-09 00:00:00+00:00,11.710854,0.3,0.2972083,Spain
2024-11-10 00:00:00+00:00,11.529604,1.0999999,0.29331252,Spain
2024-11-11 00:00:00+00:00,10.731167,0.0,0.2905729,Spain
2024-11-12 00:00:00+00:00,7.985854,0.125,0.30826044,Spain
2024-11-13 00:00:00+00:00,6.0931463,2.775,0.33273962,Spain
2024-11-14 00:00:00+00:00,10.834814,1.3749999,0.34292713,Spain
2024-11-15 00:00:00+00:00,10.857208,1.2749999,0.34372917,Spain
2024-11-16 00:00:00+00:00,10.292105,0.1,0.3398646,Spain
2024-11-17 00:00:00+00:00,10.625438,0.425,0.3389583,Spain
2024-11-18 00:00:00+00:00,10.413459,0.5,0.3368646,Spain
2024-11-19 00:00:00+00:00,9.829083,0.025,0.33825,Spain
2024-11-20 00:00:00+00:00,10.115541,0.0,0.3354479,Spain
2024-11-21 00:00:00+00:00,10.69575,0.475,0.32646877,Spain
2024-11-22 00:00:00+00:00,8.029083,3.1000001,0.32533336,Spain
2024-11-23 00:00:00+00:00,9.142625,0.125,0.32051045,Spain
2024-11-24 00:00:00+00:00,11.830646,0.375,0.3178854,Spain
2024-11-25 00:00:00+00:00,11.27075,7.2749996,0.31852084,Spain
2024-11-26 00:00:00+00:00,6.5936666,0.0,0.32527083,Spain
2024-11-27 00:00:00+00:00,6.655646,0.0,0.32183334,Spain
2024-11-28 00:00:00+00:00,6.530125,0.0,0.3145729,Spain
2024-11-29 00:00:00+00:00,8.505646,0.0,0.3135625,Spain
2024-11-30 00:00:00+00:00,9.82075,0.0,0.3108958,Spain
2024-12-01 00:00:00+00:00,9.655125,1.05,0.31303126,Spain
2024-12-02 00:00:00+00:00,9.437417,4.4,0.32027084,Spain
2024-12-03 00:00:00+00:00,8.810333,1.1750001,0.31171873,Spain
2024-12-04 00:00:00+00:00,8.079604,1.5,0.30993754,Spain
2024-12-05 00:00:00+00:00,8.525958,0.0,0.30606255,Spain
2024-12-06 00:00:00+00:00,10.524917,0.025,0.30282286,Spain
2024-12-07 00:00:00+00:00,8.362417,0.20000002,0.29995835,Spain
2024-12-08 00:00:00+00:00,4.99575,0.7249999,0.296875,Spain
2024-12-09 00:00:00+00:00,3.728042,0.62499994,0.29491663,Spain
2024-12-10 00:00:00+00:00,3.098875,0.075,0.29205206,Spain
2024-12-11 00:00:00+00:00,2.5598123,0.22500002,0.29418755,Spain
2024-12-12 00:00:00+00:00,3.5462708,0.625,0.29440624,Spain
2024-12-13 00:00:00+00:00,3.7342918,2.2499998,0.29192704,Spain
2024-12-14 00:00:00+00:00,2.8671043,0.0,0.29454163,Spain
2024-12-15 00:00:00+00:00,3.192625,0.025,0.29182294,Spain
2024-12-16 00:00:00+00:00,3.008771,0.0,0.28539586,Spain
2024-12-17 00:00:00+00:00,3.049917,0.0,0.27987498,Spain
2024-12-18 00:00:00+00:00,7.2618957,0.025,0.2831771,Spain
2024-12-19 00:00:00+00:00,7.9707494,1.8249999,0.28713542,Spain
2024-12-20 00:00:00+00:00,3.857208,0.075,0.2867188,Spain
2024-12-21 00:00:00+00:00,3.622833,0.0,0.28800002,Spain
2024-12-22 00:00:00+00:00,5.7316875,0.0,0.2841667,Spain
2024-12-23 00:00:00+00:00,5.244188,0.825,0.27771872,Spain
2024-12-24 00:00:00+00:00,5.634292,0.0,0.27424997,Spain
2024-12-25 00:00:00+00:00,7.937417,0.0,0.2678021,Spain
2024-12-26 00:00:00+00:00,5.6780415,0.0,0.26620835,Spain
2024-12-27 00:00:00+00:00,4.724917,0.0,0.2658646,Spain
2024-12-28 00:00:00+00:00,3.6915832,0.0,0.26807296,Spain
2024-12-29 00:00:00+00:00,2.7504377,0.0,0.27365625,Spain
2024-12-30 00:00:00+00:00,1.5322084,0.0,0.27820837,Spain
2024-12-31 00:00:00+00:00,1.2733542,0.0,0.28168756,Spain
2024-01-01 00:00:00+00:00,7.7204165,5.5499997,0.37227777,France
2024-01-02 00:00:00+00:00,10.241944,20.833334,0.39595136,France
2024-01-03 00:00:00+00:00,9.660001,6.383333,0.3981389,France
2024-01-04 00:00:00+00:00,8.771806,2.3833332,0.3940903,France
2024-01-05 00:00:00+00:00,6.2075696,0.21666668,0.38727084,France
2024-01-06 00:00:00+00:00,4.1909027,1.15,0.38045835,France
2024-01-07 00:00:00+00:00,2.5294445,0.083333336,0.37600002,France
2024-01-08 00:00:00+00:00,-0.7646528,0.1,0.3707986,France
2024-01-09 00:00:00+00:00,-1.9670833,0.44999993,0.3655903,France
2024-01-10 00:00:00+00:00,-1.736875,0.06666667,0.36125,France
2024-01-11 00:00:00+00:00,-0.28513888,0.016666668,0.3575486,France
2024-01-12 00:00:00+00:00,-0.10111118,0.0,0.35449305,France
2024-01-13 00:00:00+00:00,-0.88722223,0.0,0.35190275,France
2024-01-14 00:00:00+00:00,-0.75770813,0.31666666,0.3504375,France
2024-01-15 00:00:00+00:00,0.29333344,0.9333334,0.35037503,France
2024-01-16 00:00:00+00:00,-0.6900001,1.6166667,0.3505,France
2024-01-17 00:00:00+00:00,6.120069,19.066668,0.37586805,France
2024-01-18 00:00:00+00:00,1.8954166,4.3333335,0.39284027,France
2024-01-19 00:00:00+00:00,-1.5292362,0.0,0.38522223,France
2024-01-20 00:00:00+00:00,-2.107361,0.0,0.3783264,France
2024-01-21 00:00:00+00:00,4.696111,0.6,0.37350002,France
2024-01-22 00:00:00+00:00,9.409653,8.900001,0.37863886,France
2024-01-23 00:00:00+00:00,8.75236,1.2666667,0.38228476,France
2024-01-24 00:00:00+00:00,11.637082,2.1333334,0.38019446,France
2024-01-25 00:00:00+00:00,10.183265,0.6833334,0.37713197,France
2024-01-26 00:00:00+00:00,8.411388,1.9666667,0.3764306,France
2024-01-27 00:00:00+00:00,4.1023607,0.0,0.37655553,France
2024-01-28 00:00:00+00:00,6.7527084,0.0,0.3702847,France
2024-01-29 00:00:00+00:00,8.533611,0.0,0.3647153,France
2024-01-30 00:00:00+00:00,8.884305,0.116666675,0.36085418,France
2024-01-31 00:00:00+00:00,7.1742363,0.11666667,0.35725,France
2024-02-01 00:00:00+00:00,8.425626,1.9,0.35668752,France
2024-02-02 00:00:00+00:00,7.1659026,0.016666668,0.35777774,France
2024-02-03 00:00:00+00:00,8.112431,0.4,0.3562639,France
2024-02-04 00:00:00+00:00,8.31,0.16666669,0.35538888,France
2024-02-05 00:00:00+00:00,7.308611,0.11666667,0.3545625,France
2024-02-06 00:00:00+00:00,8.898194,0.21666668,0.35353473,France
2024-02-07 00:00:00+00:00,10.149931,15.466667,0.36734724,France
2024-02-08 00:00:00+00:00,11.384999,10.200001,0.3916875,France
2024-02-09 00:00:00+00:00,11.124931,6.383333,0.39270136,France
2024-02-10 00:00:00+00:00,8.5225,9.616668,0.39384723,France
2024-02-11 00:00:00+00:00,7.867639,3.2,0.39610413,France
2024-02-12 00:00:00+00:00,6.285347,2.7,0.3926667,France
2024-02-13 00:00:00+00:00,6.6863894,0.6333334,0.38536108,France
2024-02-14 00:00:00+00:00,11.355834,0.7166667,0.38072917,France
2024-02-15 00:00:00+00:00,12.851318,1.4,0.3772986,France
2024-02-16 00:00:00+00:00,11.307221,2.2,0.37402776,France
2024-02-17 00:00:00+00:00,8.22875,0.016666668,0.37049305,France
2024-02-18 00:00:00+00:00,8.542292,4.0333333,0.3664167,France
2024-02-19 00:00:00+00:00,9.408958,1.0666666,0.3728403,France
2024-02-20 00:00:00+00:00,8.145069,0.16666667,0.37229168,France
2024-02-21 00:00:00+00:00,8.746458,10.266666,0.37322226,France
2024-02-22 00:00:00+00:00,9.913471,22.633333,0.40506253,France
2024-02-23 00:00:00+00:00,5.2915974,4.4166665,0.39794445,France
2024-02-24 00:00:00+00:00,4.880833,4.0166664,0.39267364,France
2024-02-25 00:00:00+00:00,7.158264,9.35,0.3949722,France
2024-02-26 00:00:00+00:00,7.5929856,5.85,0.40406942,France
2024-02-27 00:00:00+00:00,6.1200695,0.2,0.39690974,France
2024-02-28 00:00:00+00:00,5.65375,0.15,0.38460413,France
2024-02-29 00:00:00+00:00,8.24611,3.0166667,0.37779865,France
2024-03-01 00:00:00+00:00,7.520764,6.683334,0.37987497,France
2024-03-02 00:00:00+00:00,7.41,8.75,0.38885418,France
2024-03-03 00:00:00+00:00,5.554792,4.933333,0.39524308,France
2024-03-04 00:00:00+00:00,5.325278,1.6666666,0.3877431,France
2024-03-05 00:00:00+00:00,6.024931,2.75,0.3839722,France
2024-03-06 00:00:00+00:00,5.310694,0.68333334,0.37702084,France
2024-03-07 00:00:00+00:00,7.1006246,0.016666668,0.37063888,France
2024-03-08 00:00:00+00:00,8.018682,2.5833337,0.36454165,France
2024-03-09 00:00:00+00:00,8.37875,8.483334,0.36737502,France
2024-03-10 00:00:00+00:00,7.198889,7.816667,0.38281944,France
2024-03-11 00:00:00+00:00,7.573889,3.3999999,0.38238195,France
2024-03-12 00:00:00+00:00,8.734305,4.65,0.38356945,France
2024-03-13 00:00:00+00:00,10.579792,0.43333337,0.38375697,France
2024-03-14 00:00:00+00:00,11.630138,0.51666665,0.37498614,France
2024-03-15 00:00:00+00:00,12.176319,7.6666665,0.37238196,France
2024-03-16 00:00:00+00:00,11.159306,1.75,0.3783542,France
2024-03-17 00:00:00+00:00,11.539514,4.7999997,0.3775208,France
2024-03-18 00:00:00+00:00,11.660694,3.45,0.38543054,France
2024-03-19 00:00:00+00:00,10.994723,0.116666675,0.38027778,France
2024-03-20 00:00:00+00:00,12.403056,0.98333335,0.37220836,France
2024-03-21 00:00:00+00:00,12.493333,0.18333334,0.36829165,France
2024-03-22 00:00:00+00:00,11.887778,0.7333333,0.36117363,France
2024-03-23 00:00:00+00:00,7.322153,5.2333336,0.35836112,France
2024-03-24 00:00:00+00:00,6.904097,1.4333334,0.36071527,France
2024-03-25 00:00:00+00:00,7.810694,0.16666667,0.35724306,France
2024-03-26 00:00:00+00:00,8.743333,8.400001,0.3603125,France
2024-03-27 00:00:00+00:00,7.871111,4.5666666,0.37186804,France
2024-03-28 00:00:00+00:00,8.658611,5.3,0.37570834,France
2024-03-29 00:00:00+00:00,10.012431,10.966666,0.38380554,France
2024-03-30 00:00:00+00:00,9.016597,3.6500003,0.39352083,France
2024-03-31 00:00:00+00:00,10.001666,5.2833333,0.3883611,France
2024-04-01 00:00:00+00:00,9.2971525,6.2000003,0.39025,France
2024-04-02 00:00:00+00:00,10.299236,3.95,0.38560414,France
2024-04-03 00:00:00+00:00,11.882916,7.183333,0.3929514,France
2024-04-04 00:00:00+00:00,13.674236,7.450001,0.39681944,France
2024-04-05 00:00:00+00:00,15.650624,1.8833332,0.38825002,France
2024-04-06 00:00:00+00:00,17.858263,0.78333336,0.37563196,France
2024-04-07 00:00:00+00:00,15.177013,3.3333333,0.3724028,France
2024-04-08 00:00:00+00:00,14.047501,5.683333,0.37055555,France
2024-04-09 00:00:00+00:00,9.480834,2.6000001,0.37166664,France
2024-04-10 00:00:00+00:00,9.17007,0.116666675,0.36561808,France
2024-04-11 00:00:00+00:00,12.025624,0.16666667,0.35837504,France
2024-04-12 00:00:00+00:00,14.525971,0.0,0.35155556,France
2024-04-13 00:00:00+00:00,16.44264,0.0,0.34329167,France
2024-04-14 00:00:00+00:00,14.252014,1.1,0.33361804,France
2024-04-15 00:00:00+00:00,10.083263,3.7166665,0.3283264,France
2024-04-16 00:00:00+00:00,8.421458,2.6166668,0.32808334,France
2024-04-17 00:00:00+00:00,7.2124305,2.75,0.3325625,France
2024-04-18 00:00:00+00:00,7.1454167,1.0666666,0.3354583,France
2024-04-19 00:00:00+00:00,8.663819,2.6000001,0.3347014,France
2024-04-20 00:00:00+00:00,7.4336114,0.41666666,0.33619443,France
2024-04-21 00:00:00+00:00,6.820764,0.9166667,0.33034027,France
2024-04-22 00:00:00+00:00,6.1429863,0.56666666,0.324125,France
2024-04-23 00:00:00+00:00,6.26,0.33333334,0.31912497,France
2024-04-24 00:00:00+00:00,6.8603477,1.75,0.31540278,France
2024-04-25 00:00:00+00:00,7.7440276,0.8833334,0.31244436,France
2024-04-26 00:00:00+00:00,9.7725,2.7333333,0.30759722,France
2024-04-27 00:00:00+00:00,11.606875,11.216667,0.31730556,France
2024-04-28 00:00:00+00:00,11.245418,2.2333333,0.33699307,France
2024-04-29 00:00:00+00:00,11.3725,2.3500001,0.33531246,France
2024-04-30 00:00:00+00:00,13.637082,2.9833333,0.33172914,France
2024-05-01 00:00:00+00:00,13.569028,7.9166665,0.34117362,France
2024-05-02 00:00:00+00:00,11.142639,5.8000007,0.35816666,France
2024-05-03 00:00:00+00:00,10.752361,4.1333337,0.36322916,France
2024-05-04 00:00:00+00:00,10.62632,14.750001,0.37518057,France
2024-05-05 00:00:00+00:00,13.0225,6.4500003,0.38355556,France
2024-05-06 00:00:00+00:00,12.369721,5.7333336,0.37961808,France
2024-05-07 00:00:00+00:00,12.958959,1.9,0.37261114,France
2024-05-08 00:00:00+00:00,13.07632,0.11666667,0.36191666,France
2024-05-09 00:00:00+00:00,14.055488,0.016666668,0.35074306,France
2024-05-10 00:00:00+00:00,16.628403,0.0,0.33792362,France
2024-05-11 00:00:00+00:00,18.367987,0.0,0.3245972,France
2024-05-12 00:00:00+00:00,17.28882,2.05,0.3125625,France
2024-05-13 00:00:00+00:00,16.445765,3.166667,0.30951393,France
2024-05-14 00:00:00+00:00,14.445416,8.333334,0.32194448,France
2024-05-15 00:00:00+00:00,13.471806,4.983333,0.33588195,France
2024-05-16 00:00:00+00:00,13.007569,3.5999997,0.341125,France
2024-05-17 00:00:00+00:00,13.382916,4.45,0.34698614,France
2024-05-18 00:00:00+00:00,13.741946,4.883333,0.35347918,France
2024-05-19 00:00:00+00:00,14.568681,2.5166667,0.3592778,France
2024-05-20 00:00:00+00:00,14.702015,10.099999,0.36372223,France
2024-05-21 00:00:00+00:00,14.351666,5.7833333,0.37421528,France
2024-05-22 00:00:00+00:00,13.990903,3.1499999,0.37309027,France
2024-05-23 00:00:00+00:00,13.505833,2.8,0.36615276,France
2024-05-24 00:00:00+00:00,13.590209,2.5666666,0.36147916,France
2024-05-25 00:00:00+00:00,14.841251,0.7,0.3533542,France
2024-05-26 00:00:00+00:00,15.781181,1.0,0.344125,France
2024-05-27 00:00:00+00:00,13.381875,0.95000005,0.33636108,France
2024-05-28 00:00:00+00:00,13.84611,2.9166667,0.33209026,France
2024-05-29 00:00:00+00:00,14.805486,9.316667,0.34119448,France
2024-05-30 00:00:00+00:00,13.704098,5.0499997,0.36077777,France
2024-05-31 00:00:00+00:00,13.263125,2.9833329,0.36338195,France
2024-06-01 00:00:00+00:00,13.656876,1.2833334,0.36077777,France
2024-06-02 00:00:00+00:00,14.445764,0.2,0.35590276,France
2024-06-03 00:00:00+00:00,14.866944,0.06666667,0.34802082,France
2024-06-04 00:00:00+00:00,16.018335,0.16666667,0.33595142,France
2024-06-05 00:00:00+00:00,15.548889,0.8833334,0.32461807,France
2024-06-06 00:00:00+00:00,15.103055,0.41666666,0.3129236,France
2024-06-07 00:00:00+00:00,15.289863,0.0,0.30027083,France
2024-06-08 00:00:00+00:00,15.646111,0.48333332,0.28894442,France
2024-06-09 00:00:00+00:00,15.023194,0.06666667,0.28213194,France
2024-06-10 00:00:00+00:00,12.990209,1.9666667,0.27325,France
2024-06-11 00:00:00+00:00,12.434306,1.2833333,0.26756248,France
2024-06-12 00:00:00+00:00,12.609653,0.43333337,0.2601458,France
2024-06-13 00:00:00+00:00,14.013821,0.73333335,0.25168055,France
2024-06-14 00:00:00+00:00,15.976319,4.9499993,0.24688888,France
2024-06-15 00:00:00+00:00,14.342639,1.8000001,0.24913196,France
2024-06-16 00:00:00+00:00,15.014514,13.55,0.26193056,France
2024-06-17 00:00:00+00:00,17.598196,3.0333335,0.2857639,France
2024-06-18 00:00:00+00:00,18.80132,14.933333,0.3187361,France
2024-06-19 00:00:00+00:00,18.037779,11.283334,0.34314585,France
2024-06-20 00:00:00+00:00,18.097153,4.65,0.35343054,France
2024-06-21 00:00:00+00:00,17.100279,6.0500007,0.36628473,France
2024-06-22 00:00:00+00:00,15.817638,5.3166666,0.36970833,France
2024-06-23 00:00:00+00:00,16.827013,0.083333336,0.35952082,France
2024-06-24 00:00:00+00:00,19.783613,0.0,0.34411803,France
2024-06-25 00:00:00+00:00,22.257917,0.0,0.32734725,France
2024-06-26 00:00:00+00:00,23.295418,0.05,0.31056944,France
2024-06-27 00:00:00+00:00,21.937082,0.43333337,0.29293054,France
2024-06-28 00:00:00+00:00,18.365557,0.88333327,0.28117365,France
2024-06-29 00:00:00+00:00,19.34993,13.033334,0.2754375,France
2024-06-30 00:00:00+00:00,17.731874,4.183333,0.3013611,France
2024-07-01 00:00:00+00:00,16.56764,0.4,0.3044236,France
2024-07-02 00:00:00+00:00,15.3884735,2.6666667,0.30207637,France
2024-07-03 00:00:00+00:00,15.293681,1.4166666,0.3016111,France
2024-07-04 00:00:00+00:00,16.871113,1.5666667,0.29756942,France
2024-07-05 00:00:00+00:00,17.4225,0.1,0.28924304,France
2024-07-06 00:00:00+00:00,16.62875,0.41666666,0.27936804,France
2024-07-07 00:00:00+00:00,15.199931,0.26666668,0.27302778,France
2024-07-08 00:00:00+00:00,17.817291,0.45000002,0.2641597,France
2024-07-09 00:00:00+00:00,20.977709,6.8000007,0.26396528,France
2024-07-10 00:00:00+00:00,19.83986,1.15,0.26472914,France
2024-07-11 00:00:00+00:00,19.246458,3.3999999,0.26097915,France
2024-07-12 00:00:00+00:00,16.46486,5.15,0.26518056,France
2024-07-13 00:00:00+00:00,15.790902,0.73333335,0.27001384,France
2024-07-14 00:00:00+00:00,17.216946,0.45000002,0.266875,France
2024-07-15 00:00:00+00:00,19.592987,4.9166665,0.2625972,France
2024-07-16 00:00:00+00:00,17.981527,2.1166666,0.26620832,France
2024-07-17 00:00:00+00:00,18.991251,0.083333336,0.26327085,France
2024-07-18 00:00:00+00:00,22.081877,0.0,0.25485414,France
2024-07-19 00:00:00+00:00,23.199236,0.13333334,0.24415278,France
2024-07-20 00:00:00+00:00,22.545418,3.716667,0.23225002,France
2024-07-21 00:00:00+00:00,20.065556,6.233333,0.22989583,France
2024-07-22 00:00:00+00:00,18.573542,0.25,0.23153467,France
2024-07-23 00:00:00+00:00,19.345766,2.483333,0.23170139,France
2024-07-24 00:00:00+00:00,18.696806,0.016666668,0.23127083,France
2024-07-25 00:00:00+00:00,20.181528,1.0500001,0.22731943,France
2024-07-26 00:00:00+00:00,20.661737,5.75,0.22770832,France
2024-07-27 00:00:00+00:00,19.250626,5.133333,0.23772223,France
2024-07-28 00:00:00+00:00,20.213472,0.016666668,0.24540973,France
2024-07-29 00:00:00+00:00,24.134306,0.0,0.23900002,France
2024-07-30 00:00:00+00:00,26.01764,1.9333334,0.22904165,France
2024-07-31 00:00:00+00:00,25.467987,3.4666665,0.22294444,France
2024-08-01 00:00:00+00:00,23.28361,4.866667,0.22236806,France
2024-08-02 00:00:00+00:00,21.26486,0.45000002,0.21743746,France
2024-08-03 00:00:00+00:00,19.565557,0.8833334,0.2160278,France
2024-08-04 00:00:00+00:00,19.780834,0.56666666,0.21538192,France
2024-08-05 00:00:00+00:00,20.389862,0.0,0.21164584,France
2024-08-06 00:00:00+00:00,21.553404,0.26666668,0.20556249,France
2024-08-07 00:00:00+00:00,19.298542,1.7999998,0.20263888,France
2024-08-08 00:00:00+00:00,19.872849,0.18333334,0.20154862,France
2024-08-09 00:00:00+00:00,21.039167,0.13333334,0.198,France
2024-08-10 00:00:00+00:00,21.865555,0.0,0.19447221,France
2024-08-11 00:00:00+00:00,25.479446,0.0,0.18718751,France
2024-08-12 00:00:00+00:00,26.30271,0.0,0.1834514,France
2024-08-13 00:00:00+00:00,22.39646,0.93333334,0.18360418,France
2024-08-14 00:00:00+00:00,20.451666,4.6,0.18545835,France
2024-08-15 00:00:00+00:00,20.132223,0.13333334,0.18760417,France
2024-08-16 00:00:00+00:00,19.853403,1.0666666,0.18710417,France
2024-08-17 00:00:00+00:00,19.428751,10.816667,0.19450694,France
2024-08-18 00:00:00+00:00,17.592987,3.8000002,0.2180903,France
2024-08-19 00:00:00+00:00,17.422848,0.0,0.2223611,France
2024-08-20 00:00:00+00:00,18.248543,6.85,0.22415276,France
2024-08-21 00:00:00+00:00,15.919375,0.0,0.23590279,France
2024-08-22 00:00:00+00:00,17.501667,0.0,0.23414586,France
2024-08-23 00:00:00+00:00,19.51278,0.90000004,0.2315486,France
2024-08-24 00:00:00+00:00,20.412432,4.633333,0.23089586,France
2024-08-25 00:00:00+00:00,15.866252,0.06666667,0.24050695,France
2024-08-26 00:00:00+00:00,16.70028,0.0,0.23828472,France
2024-08-27 00:00:00+00:00,19.23639,0.0,0.23295833,France
2024-08-28 00:00:00+00:00,21.579445,0.0,0.22315973,France
2024-08-29 00:00:00+00:00,20.385,1.7666668,0.21730559,France
2024-08-30 00:00:00+00:00,19.914167,4.2999997,0.2174514,France
2024-08-31 00:00:00+00:00,21.673195,2.3666666,0.2198125,France
2024-09-01 00:00:00+00:00,22.299583,1.9166666,0.22602779,France
2024-09-02 00:00:00+00:00,20.096113,2.0333333,0.22872917,France
2024-09-03 00:00:00+00:00,18.560694,2.35,0.2294097,France
2024-09-04 00:00:00+00:00,17.724236,1.4166666,0.2314653,France
2024-09-05 00:00:00+00:00,16.442293,9.016666,0.24998611,France
2024-09-06 00:00:00+00:00,16.336042,3.1000001,0.26564583,France
2024-09-07 00:00:00+00:00,17.886389,10.25,0.2872014,France
2024-09-08 00:00:00+00:00,16.421804,2.1666667,0.30350694,France
2024-09-09 00:00:00+00:00,16.338472,2.8499997,0.30586112,France
2024-09-10 00:00:00+00:00,14.742986,1.1999999,0.30463198,France
2024-09-11 00:00:00+00:00,13.693681,4.816667,0.3079653,France
2024-09-12 00:00:00+00:00,11.13882,0.9166667,0.3104792,France
2024-09-13 00:00:00+00:00,11.05757,0.35000002,0.3068611,France
2024-09-14 00:00:00+00:00,11.60757,0.033333335,0.30090973,France
2024-09-15 00:00:00+00:00,12.203751,0.0,0.29396528,France
2024-09-16 00:00:00+00:00,14.074237,0.116666675,0.28602085,France
2024-09-17 00:00:00+00:00,16.266945,0.033333335,0.2806736,France
2024-09-18 00:00:00+00:00,17.556181,0.016666668,0.27673614,France
2024-09-19 00:00:00+00:00,17.787085,0.06666667,0.27100003,France
2024-09-20 00:00:00+00:00,17.115902,2.45,0.26542363,France
2024-09-21 00:00:00+00:00,17.727362,4.366667,0.2606528,France
2024-09-22 00:00:00+00:00,16.789515,8.25,0.268375,France
2024-09-23 00:00:00+00:00,14.915208,5.0000005,0.28346524,France
2024-09-24 00:00:00+00:00,14.659653,6.883333,0.30128473,France
2024-09-25 00:00:00+00:00,15.001667,22.316668,0.32540277,France
2024-09-26 00:00:00+00:00,15.836043,14.283333,0.38478473,France
2024-09-27 00:00:00+00:00,12.393333,8.566667,0.37931252,France
2024-09-28 00:00:00+00:00,10.590556,0.86666673,0.37301388,France
2024-09-29 00:00:00+00:00,10.3231945,0.65,0.36045834,France
2024-09-30 00:00:00+00:00,14.717639,3.3166666,0.35891667,France
2024-10-01 00:00:00+00:00,13.016598,8.716666,0.36220136,France
2024-10-02 00:00:00+00:00,12.250626,1.5833334,0.36640278,France
2024-10-03 00:00:00+00:00,11.270416,0.18333334,0.35905552,France
2024-10-04 00:00:00+00:00,10.046111,0.0,0.35079166,France
2024-10-05 00:00:00+00:00,10.952014,0.4333333,0.34314585,France
2024-10-06 00:00:00+00:00,13.955139,5.7833333,0.34405553,France
2024-10-07 00:00:00+00:00,15.757569,7.3500004,0.35056248,France
2024-10-08 00:00:00+00:00,15.366944,3.7500002,0.35831943,France
2024-10-09 00:00:00+00:00,15.062431,35.233334,0.38631943,France
2024-10-10 00:00:00+00:00,12.441597,5.3666663,0.3970486,France
2024-10-11 00:00:00+00:00,10.324237,0.36666667,0.38465276,France
2024-10-12 00:00:00+00:00,12.877708,3.6166666,0.37649998,France
2024-10-13 00:00:00+00:00,12.85514,0.15,0.3714167,France
2024-10-14 00:00:00+00:00,15.066598,1.75,0.36622223,France
2024-10-15 00:00:00+00:00,16.765903,4.3333335,0.36511806,France
2024-10-16 00:00:00+00:00,18.832222,4.2833333,0.3642014,France
2024-10-17 00:00:00+00:00,16.119028,6.0,0.36920834,France
2024-10-18 00:00:00+00:00,13.927709,3.8666666,0.38575003,France
2024-10-19 00:00:00+00:00,13.636041,4.9666667,0.38629863,France
2024-10-20 00:00:00+00:00,15.158264,1.0000001,0.3789028,France
2024-10-21 00:00:00+00:00,15.986042,6.2666664,0.37715974,France
2024-10-22 00:00:00+00:00,11.733611,0.23333333,0.37315276,France
2024-10-23 00:00:00+00:00,11.012778,0.0,0.36523607,France
2024-10-24 00:00:00+00:00,13.322499,0.05,0.35943747,France
2024-10-25 00:00:00+00:00,14.714515,6.066667,0.3591042,France
2024-10-26 00:00:00+00:00,14.022847,2.4666667,0.364875,France
2024-10-27 00:00:00+00:00,14.046805,0.25,0.36281943,France
2024-10-28 00:00:00+00:00,12.485348,0.033333335,0.3581736,France
2024-10-29 00:00:00+00:00,12.263125,0.083333336,0.3541875,France
2024-10-30 00:00:00+00:00,13.141597,0.033333335,0.3517778,France
2024-10-31 00:00:00+00:00,11.911388,0.0,0.3486736,France
2024-11-01 00:00:00+00:00,11.662431,0.083333336,0.34840283,France
2024-11-02 00:00:00+00:00,11.283958,0.033333335,0.34658337,France
2024-11-03 00:00:00+00:00,10.295764,0.0,0.34585416,France
2024-11-04 00:00:00+00:00,10.267639,0.0,0.3452361,France
2024-11-05 00:00:00+00:00,11.40236,0.51666665,0.3433889,France
2024-11-06 00:00:00+00:00,11.771459,0.05,0.34318057,France
2024-11-07 00:00:00+00:00,11.012778,0.0,0.34344444,France
2024-11-08 00:00:00+00:00,10.374583,0.0,0.341625,France
2024-11-09 00:00:00+00:00,11.042987,0.23333333,0.34456253,France
2024-11-10 00:00:00+00:00,10.708959,0.1,0.34699306,France
2024-11-11 00:00:00+00:00,9.395069,0.45000002,0.3460625,France
2024-11-12 00:00:00+00:00,8.10375,2.383333,0.34052777,France
2024-11-13 00:00:00+00:00,6.76,0.016666668,0.33504167,France
2024-11-14 00:00:00+00:00,7.2919445,0.033333335,0.33204862,France
2024-11-15 00:00:00+00:00,7.26625,0.0,0.33199304,France
2024-11-16 00:00:00+00:00,5.1915975,0.0,0.33822227,France
2024-11-17 00:00:00+00:00,6.1863894,1.6,0.33840278,France
2024-11-18 00:00:00+00:00,8.631528,7.9666657,0.34400693,France
2024-11-19 00:00:00+00:00,10.055139,20.500002,0.3618958,France
2024-11-20 00:00:00+00:00,4.3110414,0.53333336,0.38103473,France
2024-11-21 00:00:00+00:00,2.029097,9.066667,0.37981248,France
2024-11-22 00:00:00+00:00,1.5266666,1.2666667,0.37634027,France
2024-11-23 00:00:00+00:00,6.388819,1.0500001,0.36163196,France
2024-11-24 00:00:00+00:00,14.961738,1.0166667,0.35910416,France
2024-11-25 00:00:00+00:00,12.509652,11.05,0.36590973,France
2024-11-26 00:00:00+00:00,8.446805,1.6166667,0.37318754,France
2024-11-27 00:00:00+00:00,10.429791,4.8166666,0.37204167,France
2024-11-28 00:00:00+00:00,7.497153,1.3333334,0.37480557,France
2024-11-29 00:00:00+00:00,5.279444,0.033333335,0.37125692,France
2024-11-30 00:00:00+00:00,4.5877776,0.0,0.36860415,France
2024-12-01 00:00:00+00:00,7.5770135,0.18333334,0.3619583,France
2024-12-02 00:00:00+00:00,9.5523615,1.8333334,0.35917363,France
2024-12-03 00:00:00+00:00,5.253403,0.14999999,0.35953474,France
2024-12-04 00:00:00+00:00,3.7613888,0.083333336,0.35447916,France
2024-12-05 00:00:00+00:00,7.664167,9.333333,0.35815275,France
2024-12-06 00:00:00+00:00,8.933264,1.65,0.37826392,France
2024-12-07 00:00:00+00:00,8.421458,9.95,0.38486108,France
2024-12-08 00:00:00+00:00,6.5725,5.266667,0.3911667,France
2024-12-09 00:00:00+00:00,5.3016667,0.3,0.38602778,France
2024-12-10 00:00:00+00:00,4.8922915,0.05,0.37884724,France
2024-12-11 00:00:00+00:00,3.998889,0.116666675,0.37370136,France
2024-12-12 00:00:00+00:00,2.158611,0.0,0.3666875,France
2024-12-13 00:00:00+00:00,1.8301388,0.16666667,0.36400697,France
2024-12-14 00:00:00+00:00,2.3506248,0.48333335,0.360368,France
2024-12-15 00:00:00+00:00,5.4485416,0.3166667,0.357882,France
2024-12-16 00:00:00+00:00,7.6089587,0.06666667,0.35944447,France
2024-12-17 00:00:00+00:00,6.3270135,0.016666668,0.35549307,France
2024-12-18 00:00:00+00:00,10.42875,2.6166666,0.34972224,France
2024-12-19 00:00:00+00:00,8.035,8.583334,0.36827078,France
2024-12-20 00:00:00+00:00,4.3832636,0.45000002,0.3747222,France
2024-12-21 00:00:00+00:00,8.139861,4.233333,0.3759861,France
2024-12-22 00:00:00+00:00,6.754097,9.916667,0.39216664,France
2024-12-23 00:00:00+00:00,5.570763,0.7333333,0.38494447,France
2024-12-24 00:00:00+00:00,6.957569,0.9000001,0.3780764,France
2024-12-25 00:00:00+00:00,8.311043,0.18333334,0.37634718,France
2024-12-26 00:00:00+00:00,5.843333,0.0,0.36959028,France
2024-12-27 00:00:00+00:00,1.5700693,0.0,0.3635,France
2024-12-28 00:00:00+00:00,0.88013905,0.0,0.3605139,France
2024-12-29 00:00:00+00:00,2.1301389,0.116666675,0.35881948,France
2024-12-30 00:00:00+00:00,2.535,0.016666668,0.35825002,France
2024-12-31 00:00:00+00:00,2.4561806,0.05,0.35643747,France
2024-01-01 00:00:00+00:00,5.363875,1.1333333,0.33886114,Germany
2024-01-02 00:00:00+00:00,6.7753334,17.683334,0.35340974,Germany
2024-01-03 00:00:00+00:00,8.074292,7.7833333,0.37795833,Germany
2024-01-04 00:00:00+00:00,4.7225556,3.8833332,0.37520137,Germany
2024-01-05 00:00:00+00:00,3.789917,4.133333,0.36896527,Germany
2024-01-06 00:00:00+00:00,1.7097083,3.6500003,0.36417362,Germany
2024-01-07 00:00:00+00:00,-1.1302222,1.75,0.36001387,Germany
2024-01-08 00:00:00+00:00,-4.143764,0.016666668,0.35295832,Germany
2024-01-09 00:00:00+00:00,-5.446194,0.0,0.34665278,Germany
2024-01-10 00:00:00+00:00,-5.222931,0.0,0.34171534,Germany
2024-01-11 00:00:00+00:00,-3.6916802,0.0,0.33768055,Germany
2024-01-12 00:00:00+00:00,-1.5875138,0.016666668,0.3343403,Germany
2024-01-13 00:00:00+00:00,-0.028138796,0.7833333,0.33202085,Germany
2024-01-14 00:00:00+00:00,-0.1996667,1.6666666,0.3341736,Germany
2024-01-15 00:00:00+00:00,-0.66494435,2.75,0.33354163,Germany
2024-01-16 00:00:00+00:00,-2.1191113,0.53333336,0.33135417,Germany
2024-01-17 00:00:00+00:00,-1.203486,6.8500004,0.3315486,Germany
2024-01-18 00:00:00+00:00,-0.99098605,3.5166664,0.33966663,Germany
2024-01-19 00:00:00+00:00,-1.8336943,0.51666665,0.3390347,Germany
2024-01-20 00:00:00+00:00,-2.3270974,0.0,0.33585417,Germany
2024-01-21 00:00:00+00:00,0.5517222,0.3,0.3328611,Germany
2024-01-22 00:00:00+00:00,6.188875,6.2333336,0.33865276,Germany
2024-01-23 00:00:00+00:00,5.2475553,4.0333333,0.35124305,Germany
2024-01-24 00:00:00+00:00,8.54825,4.1,0.3562292,Germany
2024-01-25 00:00:00+00:00,5.7593613,0.43333337,0.35487506,Germany
2024-01-26 00:00:00+00:00,6.433666,4.6,0.35307643,Germany
2024-01-27 00:00:00+00:00,2.361097,0.0,0.3543333,Germany
2024-01-28 00:00:00+00:00,2.601375,0.0,0.34895137,Germany
2024-01-29 00:00:00+00:00,4.574639,0.0,0.34350693,Germany
2024-01-30 00:00:00+00:00,5.741653,0.2,0.33923614,Germany
2024-01-31 00:00:00+00:00,4.963875,0.13333334,0.33588192,Germany
2024-02-01 00:00:00+00:00,5.4485974,3.3,0.33514586,Germany
2024-02-02 00:00:00+00:00,5.5235977,0.6000001,0.33593747,Germany
2024-02-03 00:00:00+00:00,7.765264,1.5999999,0.3353819,Germany
2024-02-04 00:00:00+00:00,7.460056,4.683333,0.33767357,Germany
2024-02-05 00:00:00+00:00,7.7895694,3.2000005,0.34474304,Germany
2024-02-06 00:00:00+00:00,7.4857497,4.366667,0.34319445,Germany
2024-02-07 00:00:00+00:00,4.8444304,9.916667,0.35709032,Germany
2024-02-08 00:00:00+00:00,4.7090135,6.1666665,0.36522225,Germany
2024-02-09 00:00:00+00:00,7.5940833,7.4,0.37339583,Germany
2024-02-10 00:00:00+00:00,8.27568,2.95,0.37113193,Germany
2024-02-11 00:00:00+00:00,6.8149166,3.4666665,0.364625,Germany
2024-02-12 00:00:00+00:00,5.5881805,2.2666667,0.36406946,Germany
2024-02-13 00:00:00+00:00,4.4975553,0.116666675,0.35830557,Germany
2024-02-14 00:00:00+00:00,7.786097,3.7166665,0.35549998,Germany
2024-02-15 00:00:00+00:00,10.718041,2.0,0.35845137,Germany
2024-02-16 00:00:00+00:00,10.782279,3.0500002,0.35725692,Germany
2024-02-17 00:00:00+00:00,8.08193,1.2833334,0.3571875,Germany
2024-02-18 00:00:00+00:00,7.358667,5.866667,0.35336113,Germany
2024-02-19 00:00:00+00:00,7.5878334,4.316666,0.36377084,Germany
2024-02-20 00:00:00+00:00,6.7426944,1.3833333,0.36125696,Germany
2024-02-21 00:00:00+00:00,7.7565837,2.5,0.3551389,Germany
2024-02-22 00:00:00+00:00,9.1045,9.366666,0.3627361,Germany
2024-02-23 00:00:00+00:00,5.080889,1.8333334,0.36778474,Germany
2024-02-24 00:00:00+00:00,3.990264,1.4833332,0.35977086,Germany
2024-02-25 00:00:00+00:00,4.5663056,1.05,0.35395142,Germany
2024-02-26 00:00:00+00:00,4.871861,2.4000003,0.35114583,Germany
2024-02-27 00:00:00+00:00,4.1756806,0.23333335,0.34511113,Germany
2024-02-28 00:00:00+00:00,3.7777636,0.033333335,0.34066665,Germany
2024-02-29 00:00:00+00:00,5.2895694,0.0,0.33559728,Germany
2024-03-01 00:00:00+00:00,6.4381804,0.21666665,0.33130553,Germany
2024-03-02 00:00:00+00:00,8.253805,0.45000002,0.32736805,Germany
2024-03-03 00:00:00+00:00,8.760056,0.1,0.3244583,Germany
2024-03-04 00:00:00+00:00,7.3572783,0.21666665,0.32140276,Germany
2024-03-05 00:00:00+00:00,5.8371387,2.1666667,0.31934032,Germany
2024-03-06 00:00:00+00:00,5.1284585,3.6833332,0.3277361,Germany
2024-03-07 00:00:00+00:00,3.8812358,0.083333336,0.3295903,Germany
2024-03-08 00:00:00+00:00,3.7117918,0.0,0.32563892,Germany
2024-03-09 00:00:00+00:00,5.765611,0.23333335,0.32135415,Germany
2024-03-10 00:00:00+00:00,8.220471,0.9166667,0.317875,Germany
2024-03-11 00:00:00+00:00,7.535403,4.616667,0.32462502,Germany
2024-03-12 00:00:00+00:00,6.6100554,1.9833332,0.32591668,Germany
2024-03-13 00:00:00+00:00,8.176028,2.6999998,0.329618,Germany
2024-03-14 00:00:00+00:00,10.721515,0.06666667,0.3267986,Germany
2024-03-15 00:00:00+00:00,11.342,2.45,0.3225903,Germany
2024-03-16 00:00:00+00:00,8.262834,1.9666667,0.32470137,Germany
2024-03-17 00:00:00+00:00,6.5718613,0.06666667,0.32604864,Germany
2024-03-18 00:00:00+00:00,6.970819,2.2666667,0.32302085,Germany
2024-03-19 00:00:00+00:00,8.353111,0.56666666,0.32431945,Germany
2024-03-20 00:00:00+00:00,10.311097,0.26666668,0.32118052,Germany
2024-03-21 00:00:00+00:00,9.393042,2.0,0.31881943,Germany
2024-03-22 00:00:00+00:00,9.809013,2.3,0.3191875,Germany
2024-03-23 00:00:00+00:00,6.077764,4.7999997,0.3266597,Germany
2024-03-24 00:00:00+00:00,4.309361,4.7166667,0.33135414,Germany
2024-03-25 00:00:00+00:00,5.394778,0.73333335,0.3333889,Germany
2024-03-26 00:00:00+00:00,7.3388753,0.81666666,0.32954165,Germany
2024-03-27 00:00:00+00:00,9.17707,3.5500002,0.32496527,Germany
2024-03-28 00:00:00+00:00,7.1499863,3.8333333,0.33181944,Germany
2024-03-29 00:00:00+00:00,9.369779,3.466667,0.33570835,Germany
2024-03-30 00:00:00+00:00,12.951721,2.4666667,0.33610415,Germany
2024-03-31 00:00:00+00:00,11.369431,1.3666667,0.33336112,Germany
2024-04-01 00:00:00+00:00,9.448598,7.1499996,0.3394375,Germany
2024-04-02 00:00:00+00:00,9.026722,1.6999999,0.3447778,Germany
2024-04-03 00:00:00+00:00,8.965611,4.7333336,0.34293747,Germany
2024-04-04 00:00:00+00:00,10.763528,8.816667,0.3562847,Germany
2024-04-05 00:00:00+00:00,13.8822775,2.9166667,0.35990277,Germany
2024-04-06 00:00:00+00:00,16.92186,0.0,0.3518125,Germany
2024-04-07 00:00:00+00:00,16.873251,0.9833333,0.3403889,Germany
2024-04-08 00:00:00+00:00,16.745472,1.5,0.33518752,Germany
2024-04-09 00:00:00+00:00,12.940612,2.6666667,0.32944444,Germany
2024-04-10 00:00:00+00:00,9.345125,0.53333336,0.32722914,Germany
2024-04-11 00:00:00+00:00,10.968389,0.35000002,0.32374308,Germany
2024-04-12 00:00:00+00:00,13.806237,0.15,0.31808338,Germany
2024-04-13 00:00:00+00:00,15.988528,0.05,0.31206945,Germany
2024-04-14 00:00:00+00:00,13.81179,0.116666675,0.3069514,Germany
2024-04-15 00:00:00+00:00,9.545472,5.716667,0.30416667,Germany
2024-04-16 00:00:00+00:00,5.936792,5.0166664,0.31786805,Germany
2024-04-17 00:00:00+00:00,5.105541,3.9833333,0.32961807,Germany
2024-04-18 00:00:00+00:00,5.4874864,1.6166668,0.33522916,Germany
2024-04-19 00:00:00+00:00,5.392,10.683334,0.3420417,Germany
2024-04-20 00:00:00+00:00,4.944778,3.55,0.35302773,Germany
2024-04-21 00:00:00+00:00,3.6742916,2.833333,0.35147917,Germany
2024-04-22 00:00:00+00:00,3.378111,0.78333336,0.3462778,Germany
2024-04-23 00:00:00+00:00,4.132278,0.78333336,0.34025696,Germany
2024-04-24 00:00:00+00:00,4.3847084,3.2333333,0.33587494,Germany
2024-04-25 00:00:00+00:00,4.9336667,1.9166666,0.33486804,Germany
2024-04-26 00:00:00+00:00,7.6013756,1.9666666,0.3337778,Germany
2024-04-27 00:00:00+00:00,11.670819,0.73333335,0.33013192,Germany
2024-04-28 00:00:00+00:00,13.880542,0.46666667,0.32140276,Germany
2024-04-29 00:00:00+00:00,13.745819,0.16666667,0.3136458,Germany
2024-04-30 00:00:00+00:00,16.874292,0.116666675,0.30384725,Germany
2024-05-01 00:00:00+00:00,18.176722,0.05,0.29450694,Germany
2024-05-02 00:00:00+00:00,17.270472,4.383333,0.28363886,Germany
2024-05-03 00:00:00+00:00,13.073944,4.0499997,0.2924653,Germany
2024-05-04 00:00:00+00:00,12.738875,4.3166666,0.28927082,Germany
2024-05-05 00:00:00+00:00,12.934013,3.2166665,0.293875,Germany
2024-05-06 00:00:00+00:00,13.009707,5.7333336,0.29936805,Germany
2024-05-07 00:00:00+00:00,12.119431,1.35,0.30472916,Germany
2024-05-08 00:00:00+00:00,11.573598,0.8999999,0.30230558,Germany
2024-05-09 00:00:00+00:00,12.960751,0.033333335,0.29583332,Germany
2024-05-10 00:00:00+00:00,14.68193,0.05,0.28809723,Germany
2024-05-11 00:00:00+00:00,15.030194,0.06666667,0.28022918,Germany
2024-05-12 00:00:00+00:00,16.029154,0.016666668,0.27177778,Germany
2024-05-13 00:00:00+00:00,17.053457,0.46666667,0.26119444,Germany
2024-05-14 00:00:00+00:00,18.204153,0.016666668,0.2502222,Germany
2024-05-15 00:00:00+00:00,17.704153,1.2166666,0.23930557,Germany
2024-05-16 00:00:00+00:00,16.960054,4.85,0.23679166,Germany
2024-05-17 00:00:00+00:00,15.529153,4.9,0.2502986,Germany
2024-05-18 00:00:00+00:00,15.08332,2.0333333,0.2606597,Germany
2024-05-19 00:00:00+00:00,14.642695,4.7000003,0.26243055,Germany
2024-05-20 00:00:00+00:00,16.054848,1.0500001,0.26379168,Germany
2024-05-21 00:00:00+00:00,16.665958,7.15,0.26299998,Germany
2024-05-22 00:00:00+00:00,15.728111,8.716666,0.28531942,Germany
2024-05-23 00:00:00+00:00,15.415264,2.8500001,0.29782638,Germany
2024-05-24 00:00:00+00:00,14.982278,6.683334,0.3029375,Germany
2024-05-25 00:00:00+00:00,15.452069,2.2166665,0.3169236,Germany
2024-05-26 00:00:00+00:00,17.070818,0.45000002,0.31506252,Germany
2024-05-27 00:00:00+00:00,16.189917,6.0166664,0.3077986,Germany
2024-05-28 00:00:00+00:00,14.140958,3.3833332,0.31859723,Germany
2024-05-29 00:00:00+00:00,14.800334,8.366667,0.3317361,Germany
2024-05-30 00:00:00+00:00,14.790958,9.716667,0.34438887,Germany
2024-05-31 00:00:00+00:00,14.443737,10.650001,0.35361806,Germany
2024-06-01 00:00:00+00:00,15.953458,17.383333,0.3586736,Germany
2024-06-02 00:00:00+00:00,15.421514,3.8333333,0.35282645,Germany
2024-06-03 00:00:00+00:00,13.823597,2.0333335,0.3448472,Germany
2024-06-04 00:00:00+00:00,15.309014,0.5833333,0.33535412,Germany
2024-06-05 00:00:00+00:00,15.081584,2.6666667,0.32659724,Germany
2024-06-06 00:00:00+00:00,14.385403,1.3666668,0.31841668,Germany
2024-06-07 00:00:00+00:00,14.944083,0.8166666,0.3074583,Germany
2024-06-08 00:00:00+00:00,16.033667,2.1999998,0.29506946,Germany
2024-06-09 00:00:00+00:00,14.508666,2.3166666,0.28840974,Germany
2024-06-10 00:00:00+00:00,12.94061,4.433334,0.28940973,Germany
2024-06-11 00:00:00+00:00,11.437486,5.133333,0.2926806,Germany
2024-06-12 00:00:00+00:00,11.801028,1.1333333,0.29393753,Germany
2024-06-13 00:00:00+00:00,12.625333,0.16666667,0.28777084,Germany
2024-06-14 00:00:00+00:00,15.057625,1.75,0.27988192,Germany
2024-06-15 00:00:00+00:00,15.308666,6.1,0.27718055,Germany
2024-06-16 00:00:00+00:00,15.845126,3.9499998,0.2746667,Germany
2024-06-17 00:00:00+00:00,16.86457,2.9666665,0.27529863,Germany
2024-06-18 00:00:00+00:00,18.407625,7.4833336,0.28248608,Germany
2024-06-19 00:00:00+00:00,17.063528,4.0499997,0.2997986,Germany
2024-06-20 00:00:00+00:00,17.628805,1.8666667,0.29652774,Germany
2024-06-21 00:00:00+00:00,19.444778,10.233333,0.3067361,Germany
2024-06-22 00:00:00+00:00,16.790611,1.0666667,0.3194583,Germany
2024-06-23 00:00:00+00:00,17.167347,0.6666667,0.31775,Germany
2024-06-24 00:00:00+00:00,18.935402,0.0,0.30771527,Germany
2024-06-25 00:00:00+00:00,20.864916,0.0,0.29424307,Germany
2024-06-26 00:00:00+00:00,21.92707,2.3666668,0.28057638,Germany
2024-06-27 00:00:00+00:00,22.747208,2.2333333,0.27614585,Germany
2024-06-28 00:00:00+00:00,20.198597,1.85,0.27090275,Germany
2024-06-29 00:00:00+00:00,21.70207,1.0666667,0.2618542,Germany
2024-06-30 00:00:00+00:00,18.696512,13.366668,0.27245834,Germany
2024-07-01 00:00:00+00:00,15.545819,10.75,0.30025,Germany
2024-07-02 00:00:00+00:00,14.155889,3.3,0.30302778,Germany
2024-07-03 00:00:00+00:00,13.362485,5.3833327,0.30746529,Germany
2024-07-04 00:00:00+00:00,14.942348,3.3,0.31190974,Germany
2024-07-05 00:00:00+00:00,15.953113,0.4333333,0.31058335,Germany
2024-07-06 00:00:00+00:00,18.743736,2.9333332,0.30361113,Germany
2024-07-07 00:00:00+00:00,15.729154,0.88333327,0.303243,Germany
2024-07-08 00:00:00+00:00,17.753805,0.4666667,0.29606247,Germany
2024-07-09 00:00:00+00:00,22.751373,0.0,0.28560415,Germany
2024-07-10 00:00:00+00:00,21.460058,6.133333,0.27536806,Germany
2024-07-11 00:00:00+00:00,20.100334,6.1333327,0.2767639,Germany
2024-07-12 00:00:00+00:00,18.657972,14.033336,0.28102776,Germany
2024-07-13 00:00:00+00:00,15.936791,1.5666666,0.30049303,Germany
2024-07-14 00:00:00+00:00,17.783667,0.3,0.29476386,Germany
2024-07-15 00:00:00+00:00,20.779501,1.65,0.2849861,Germany
2024-07-16 00:00:00+00:00,19.701723,3.9333332,0.27910417,Germany
2024-07-17 00:00:00+00:00,18.422903,1.2166667,0.27868056,Germany
2024-07-18 00:00:00+00:00,19.91596,0.0,0.27318057,Germany
2024-07-19 00:00:00+00:00,21.992348,0.0,0.26458332,Germany
2024-07-20 00:00:00+00:00,23.03714,0.116666675,0.2546389,Germany
2024-07-21 00:00:00+00:00,22.558668,6.0333333,0.2465,Germany
2024-07-22 00:00:00+00:00,19.670126,3.0500002,0.25376388,Germany
2024-07-23 00:00:00+00:00,19.061445,6.75,0.25545833,Germany
2024-07-24 00:00:00+00:00,17.386791,0.53333336,0.26436108,Germany
2024-07-25 00:00:00+00:00,18.297209,0.0,0.26008335,Germany
2024-07-26 00:00:00+00:00,19.632277,4.4666667,0.25772914,Germany
2024-07-27 00:00:00+00:00,19.609013,8.983334,0.26608333,Germany
2024-07-28 00:00:00+00:00,18.319778,3.7499998,0.28790274,Germany
2024-07-29 00:00:00+00:00,18.761444,0.0,0.2859514,Germany
2024-07-30 00:00:00+00:00,21.42186,0.0,0.27368054,Germany
2024-07-31 00:00:00+00:00,21.871513,0.14999999,0.26174304,Germany
2024-08-01 00:00:00+00:00,20.47568,13.5,0.26488888,Germany
2024-08-02 00:00:00+00:00,19.177069,1.1666666,0.2819861,Germany
2024-08-03 00:00:00+00:00,19.33818,3.9666665,0.28099307,Germany
2024-08-04 00:00:00+00:00,18.41075,4.316667,0.28609028,Germany
2024-08-05 00:00:00+00:00,18.797903,0.083333336,0.28418753,Germany
2024-08-06 00:00:00+00:00,21.222208,0.0,0.27691665,Germany
2024-08-07 00:00:00+00:00,20.47707,3.1999998,0.26845834,Germany
2024-08-08 00:00:00+00:00,18.656584,1.0166665,0.26588193,Germany
2024-08-09 00:00:00+00:00,19.907625,1.75,0.26227775,Germany
2024-08-10 00:00:00+00:00,20.403807,0.23333335,0.25835416,Germany
2024-08-11 00:00:00+00:00,20.973251,0.033333335,0.25025693,Germany
2024-08-12 00:00:00+00:00,22.336443,0.0,0.2408611,Germany
2024-08-13 00:00:00+00:00,24.371513,0.59999996,0.23084027,Germany
2024-08-14 00:00:00+00:00,22.344084,7.616667,0.23039584,Germany
2024-08-15 00:00:00+00:00,21.70485,1.0500001,0.23655558,Germany
2024-08-16 00:00:00+00:00,21.620125,0.7999999,0.23336111,Germany
2024-08-17 00:00:00+00:00,20.297207,3.9833333,0.24022917,Germany
2024-08-18 00:00:00+00:00,18.270819,11.549999,0.26422915,Germany
2024-08-19 00:00:00+00:00,17.235403,3.6666672,0.2768334,Germany
2024-08-20 00:00:00+00:00,19.285751,0.95,0.27370834,Germany
2024-08-21 00:00:00+00:00,16.960403,3.1666667,0.2724097,Germany
2024-08-22 00:00:00+00:00,17.524637,0.0,0.26877084,Germany
2024-08-23 00:00:00+00:00,20.289223,0.3,0.26289582,Germany
2024-08-24 00:00:00+00:00,23.044432,2.4166667,0.25709027,Germany
2024-08-25 00:00:00+00:00,17.230194,2.2,0.25788888,Germany
2024-08-26 00:00:00+00:00,16.55832,0.0,0.2604514,Germany
2024-08-27 00:00:00+00:00,18.722555,0.0,0.2561736,Germany
2024-08-28 00:00:00+00:00,21.522558,0.0,0.24955554,Germany
2024-08-29 00:00:00+00:00,23.576376,0.28333333,0.24129169,Germany
2024-08-30 00:00:00+00:00,20.001375,7.816667,0.23825002,Germany
2024-08-31 00:00:00+00:00,19.70693,4.35,0.24337499,Germany
2024-09-01 00:00:00+00:00,21.121513,1.8666667,0.23422219,Germany
2024-09-02 00:00:00+00:00,20.851376,0.3166667,0.23158331,Germany
2024-09-03 00:00:00+00:00,21.468735,2.2166667,0.23351389,Germany
2024-09-04 00:00:00+00:00,20.821861,5.8000007,0.23545139,Germany
2024-09-05 00:00:00+00:00,22.862833,0.116666675,0.239125,Germany
2024-09-06 00:00:00+00:00,21.169432,0.56666666,0.23840976,Germany
2024-09-07 00:00:00+00:00,21.395472,0.0,0.23727083,Germany
2024-09-08 00:00:00+00:00,20.429499,7.15,0.23688197,Germany
2024-09-09 00:00:00+00:00,16.13193,6.7166667,0.25802776,Germany
2024-09-10 00:00:00+00:00,14.9795,2.1166668,0.27111804,Germany
2024-09-11 00:00:00+00:00,12.340959,9.750001,0.28399998,Germany
2024-09-12 00:00:00+00:00,9.726375,1.6833334,0.29389584,Germany
2024-09-13 00:00:00+00:00,10.253806,2.5666666,0.2928611,Germany
2024-09-14 00:00:00+00:00,10.638528,2.9166667,0.2951597,Germany
2024-09-15 00:00:00+00:00,11.880542,0.5166667,0.2908194,Germany
2024-09-16 00:00:00+00:00,13.467694,5.566667,0.29532638,Germany
2024-09-17 00:00:00+00:00,15.444083,0.8333333,0.30056944,Germany
2024-09-18 00:00:00+00:00,16.679848,0.016666668,0.29638198,Germany
2024-09-19 00:00:00+00:00,16.693388,0.7166667,0.29183334,Germany
2024-09-20 00:00:00+00:00,16.350334,0.0,0.28817362,Germany
2024-09-21 00:00:00+00:00,16.032625,0.0,0.28314584,Germany
2024-09-22 00:00:00+00:00,16.200333,0.0,0.27699998,Germany
2024-09-23 00:00:00+00:00,16.078112,7.6666665,0.27477083,Germany
2024-09-24 00:00:00+00:00,14.388875,6.5499997,0.28659722,Germany
2024-09-25 00:00:00+00:00,14.318736,4.6666665,0.29610416,Germany
2024-09-26 00:00:00+00:00,15.195473,13.8,0.32124305,Germany
2024-09-27 00:00:00+00:00,13.5593605,3.4499998,0.33304167,Germany
2024-09-28 00:00:00+00:00,10.251027,1.4333334,0.33465973,Germany
2024-09-29 00:00:00+00:00,9.132972,0.0,0.32982638,Germany
2024-09-30 00:00:00+00:00,11.116305,4.866667,0.32577774,Germany
2024-10-01 00:00:00+00:00,11.997902,9.1,0.34379864,Germany
2024-10-02 00:00:00+00:00,10.404153,7.516667,0.3517778,Germany
2024-10-03 00:00:00+00:00,9.338875,0.7833333,0.34309724,Germany
2024-10-04 00:00:00+00:00,9.330194,1.0833331,0.3354514,Germany
2024-10-05 00:00:00+00:00,8.548596,0.5166667,0.33227083,Germany
2024-10-06 00:00:00+00:00,9.486792,0.7,0.3275,Germany
2024-10-07 00:00:00+00:00,13.600334,2.2666667,0.32502776,Germany
2024-10-08 00:00:00+00:00,14.934361,5.7000003,0.33051386,Germany
2024-10-09 00:00:00+00:00,14.44443,12.400001,0.34368053,Germany
2024-10-10 00:00:00+00:00,12.478111,12.150001,0.3780764,Germany
2024-10-11 00:00:00+00:00,8.606931,1.0333333,0.36600003,Germany
2024-10-12 00:00:00+00:00,8.963181,1.6333332,0.35476387,Germany
2024-10-13 00:00:00+00:00,9.540264,4.5833335,0.35746527,Germany
2024-10-14 00:00:00+00:00,8.614917,2.4833333,0.35010412,Germany
2024-10-15 00:00:00+00:00,9.244082,0.1,0.34679165,Germany
2024-10-16 00:00:00+00:00,11.803458,0.06666667,0.33834028,Germany
2024-10-17 00:00:00+00:00,13.884361,1.4500002,0.3325278,Germany
2024-10-18 00:00:00+00:00,13.26075,1.25,0.3278125,Germany
2024-10-19 00:00:00+00:00,13.441653,3.4333334,0.33545136,Germany
2024-10-20 00:00:00+00:00,13.535403,0.18333334,0.33390972,Germany
2024-10-21 00:00:00+00:00,14.249639,1.9666667,0.33008334,Germany
2024-10-22 00:00:00+00:00,12.382626,2.4999998,0.33223608,Germany
2024-10-23 00:00:00+00:00,10.055194,1.6500001,0.33453473,Germany
2024-10-24 00:00:00+00:00,10.359014,0.033333335,0.33332637,Germany
2024-10-25 00:00:00+00:00,11.759014,0.0,0.32913193,Germany
2024-10-26 00:00:00+00:00,11.644084,0.0,0.32569444,Germany
2024-10-27 00:00:00+00:00,11.777417,0.36666667,0.32438192,Germany
2024-10-28 00:00:00+00:00,11.969779,1.3000001,0.32328472,Germany
2024-10-29 00:00:00+00:00,11.93575,1.1333333,0.32485417,Germany
2024-10-30 00:00:00+00:00,11.17464,0.65000004,0.32504162,Germany
2024-10-31 00:00:00+00:00,10.156236,0.016666668,0.3216736,Germany
2024-11-01 00:00:00+00:00,9.849986,0.28333333,0.3172847,Germany
2024-11-02 00:00:00+00:00,8.003459,0.05,0.315375,Germany
2024-11-03 00:00:00+00:00,6.1548476,0.0,0.31177086,Germany
2024-11-04 00:00:00+00:00,6.671513,0.0,0.3099583,Germany
2024-11-05 00:00:00+00:00,6.254501,0.0,0.3079722,Germany
2024-11-06 00:00:00+00:00,6.2242913,0.0,0.30702084,Germany
2024-11-07 00:00:00+00:00,5.9784584,0.0,0.3074514,Germany
2024-11-08 00:00:00+00:00,5.090958,0.0,0.3080764,Germany
2024-11-09 00:00:00+00:00,5.5649166,0.0,0.30839583,Germany
2024-11-10 00:00:00+00:00,5.092,0.13333334,0.31014585,Germany
2024-11-11 00:00:00+00:00,5.961445,3.4666665,0.3122847,Germany
2024-11-12 00:00:00+00:00,5.2735972,1.1333332,0.30496523,Germany
2024-11-13 00:00:00+00:00,4.822555,1.3666668,0.2939792,Germany
2024-11-14 00:00:00+00:00,6.5881805,1.0500001,0.2975,Germany
2024-11-15 00:00:00+00:00,6.1062355,0.13333334,0.29640278,Germany
2024-11-16 00:00:00+00:00,5.072903,0.48333332,0.2940347,Germany
2024-11-17 00:00:00+00:00,5.062139,4.9500003,0.28938195,Germany
2024-11-18 00:00:00+00:00,4.106236,4.0,0.29661804,Germany
2024-11-19 00:00:00+00:00,4.7350554,15.266666,0.3153889,Germany
2024-11-20 00:00:00+00:00,1.2402638,5.7999997,0.33478475,Germany
2024-11-21 00:00:00+00:00,0.007972191,1.9833335,0.32826388,Germany
2024-11-22 00:00:00+00:00,0.050680477,2.6333332,0.3195069,Germany
2024-11-23 00:00:00+00:00,1.9124861,2.0166667,0.31679168,Germany
2024-11-24 00:00:00+00:00,9.956584,3.5833333,0.32693055,Germany
2024-11-25 00:00:00+00:00,11.186791,1.75,0.32162502,Germany
2024-11-26 00:00:00+00:00,7.4468613,2.4166667,0.31784722,Germany
2024-11-27 00:00:00+00:00,6.3795,4.5,0.3196111,Germany
2024-11-28 00:00:00+00:00,5.305889,3.5166664,0.3334166,Germany
2024-11-29 00:00:00+00:00,2.3492916,0.0,0.33736113,Germany
2024-11-30 00:00:00+00:00,0.9784584,0.0,0.33165282,Germany
2024-12-01 00:00:00+00:00,0.71630555,0.0,0.32747915,Germany
2024-12-02 00:00:00+00:00,5.1645694,1.9166666,0.32407638,Germany
2024-12-03 00:00:00+00:00,4.5996385,1.5500001,0.3296667,Germany
2024-12-04 00:00:00+00:00,2.2742918,1.0666666,0.33234027,Germany
2024-12-05 00:00:00+00:00,2.493389,3.25,0.32779163,Germany
2024-12-06 00:00:00+00:00,5.4051948,11.266667,0.3502361,Germany
2024-12-07 00:00:00+00:00,4.786097,5.566666,0.35490277,Germany
2024-12-08 00:00:00+00:00,3.9169998,1.2666667,0.3499514,Germany
2024-12-09 00:00:00+00:00,3.4926941,2.25,0.3449653,Germany
2024-12-10 00:00:00+00:00,3.193736,0.6666667,0.34279862,Germany
2024-12-11 00:00:00+00:00,1.7017223,0.0,0.3377153,Germany
2024-12-12 00:00:00+00:00,1.0631806,0.083333336,0.33342358,Germany
2024-12-13 00:00:00+00:00,-0.41598606,0.0,0.32809722,Germany
2024-12-14 00:00:00+00:00,0.7399166,0.96666676,0.324375,Germany
2024-12-15 00:00:00+00:00,4.36075,2.5,0.32570833,Germany
2024-12-16 00:00:00+00:00,8.102416,0.93333346,0.32647222,Germany
2024-12-17 00:00:00+00:00,6.6197777,0.3666667,0.3232569,Germany
2024-12-18 00:00:00+00:00,8.187487,2.55,0.3229097,Germany
2024-12-19 00:00:00+00:00,8.153806,6.933333,0.32658333,Germany
2024-12-20 00:00:00+00:00,2.924639,1.0,0.33645138,Germany
2024-12-21 00:00:00+00:00,4.9038057,2.6999998,0.33474305,Germany
2024-12-22 00:00:00+00:00,3.6635277,6.4,0.34082642,Germany
2024-12-23 00:00:00+00:00,2.1538055,2.6833334,0.34699306,Germany
2024-12-24 00:00:00+00:00,2.3551943,0.7166667,0.3450972,Germany
2024-12-25 00:00:00+00:00,3.7364447,0.28333333,0.34215972,Germany
2024-12-26 00:00:00+00:00,3.4100554,0.016666668,0.3404653,Germany
2024-12-27 00:00:00+00:00,1.2555417,0.0,0.34160414,Germany
2024-12-28 00:00:00+00:00,-0.5489722,0.0,0.340125,Germany
2024-12-29 00:00:00+00:00,-0.4514028,0.0,0.33649996,Germany
2024-12-30 00:00:00+00:00,0.9263751,0.083333336,0.33288887,Germany
2024-12-31 00:00:00+00:00,1.0173472,0.0,0.3287222,Germany
2024-01-01 00:00:00+00:00,3.5141168,5.3599997,0.338225,Poland
2024-01-02 00:00:00+00:00,3.61995,3.5200005,0.34515834,Poland
2024-01-03 00:00:00+00:00,5.3666162,9.72,0.36217505,Poland
2024-01-04 00:00:00+00:00,3.7687001,4.2,0.36845,Poland
2024-01-05 00:00:00+00:00,-1.2425499,1.58,0.36277503,Poland
2024-01-06 00:00:00+00:00,-2.0513,1.12,0.35418335,Poland
2024-01-07 00:00:00+00:00,-7.7017164,0.5400001,0.34729165,Poland
2024-01-08 00:00:00+00:00,-10.9983835,0.0,0.34130836,Poland
2024-01-09 00:00:00+00:00,-9.625051,0.0,0.3363083,Poland
2024-01-10 00:00:00+00:00,-6.1367164,0.0,0.33206668,Poland
2024-01-11 00:00:00+00:00,-2.7446332,0.7799999,0.32839167,Poland
2024-01-12 00:00:00+00:00,-2.8979664,0.58000004,0.3254333,Poland
2024-01-13 00:00:00+00:00,-0.17088333,2.06,0.32310838,Poland
2024-01-14 00:00:00+00:00,0.67536664,3.9399993,0.32204172,Poland
2024-01-15 00:00:00+00:00,-0.4113,3.6800003,0.32143337,Poland
2024-01-16 00:00:00+00:00,-4.77005,1.0999999,0.31979996,Poland
2024-01-17 00:00:00+00:00,-3.6654668,1.08,0.3180167,Poland
2024-01-18 00:00:00+00:00,-1.4375501,3.14,0.31818333,Poland
2024-01-19 00:00:00+00:00,-3.4908834,0.1,0.31919995,Poland
2024-01-20 00:00:00+00:00,-1.1383832,2.0800002,0.31811666,Poland
2024-01-21 00:00:00+00:00,-2.2292166,0.0,0.31705835,Poland
2024-01-22 00:00:00+00:00,2.166617,1.1600001,0.31775004,Poland
2024-01-23 00:00:00+00:00,3.0507836,0.44,0.33585,Poland
2024-01-24 00:00:00+00:00,5.2082834,9.98,0.35398334,Poland
2024-01-25 00:00:00+00:00,3.856617,2.26,0.36389998,Poland
2024-01-26 00:00:00+00:00,2.6549501,3.9599998,0.35511667,Poland
2024-01-27 00:00:00+00:00,2.75245,2.56,0.353275,Poland
2024-01-28 00:00:00+00:00,2.2562,0.08,0.34995002,Poland
2024-01-29 00:00:00+00:00,1.3566166,0.0,0.34445837,Poland
2024-01-30 00:00:00+00:00,2.4087,0.02,0.33895832,Poland
2024-01-31 00:00:00+00:00,3.9224503,0.22,0.3343833,Poland
2024-02-01 00:00:00+00:00,3.3482833,1.9200001,0.33126667,Poland
2024-02-02 00:00:00+00:00,3.587867,1.68,0.32939172,Poland
2024-02-03 00:00:00+00:00,7.320783,1.9800001,0.32918334,Poland
2024-02-04 00:00:00+00:00,5.7066164,3.7399998,0.329,Poland
2024-02-05 00:00:00+00:00,6.3162,10.74,0.34306666,Poland
2024-02-06 00:00:00+00:00,7.3420334,4.8200006,0.35470003,Poland
2024-02-07 00:00:00+00:00,4.0561996,6.12,0.35902503,Poland
2024-02-08 00:00:00+00:00,0.6028667,2.1799998,0.35551667,Poland
2024-02-09 00:00:00+00:00,2.3441167,5.9,0.35478336,Poland
2024-02-10 00:00:00+00:00,5.6836996,2.66,0.35591665,Poland
2024-02-11 00:00:00+00:00,7.0874496,5.08,0.35760832,Poland
2024-02-12 00:00:00+00:00,6.7716155,3.52,0.36215833,Poland
2024-02-13 00:00:00+00:00,3.7862,0.34000003,0.35863334,Poland
2024-02-14 00:00:00+00:00,3.8970337,0.5,0.35132504,Poland
2024-02-15 00:00:00+00:00,7.1491175,0.5,0.34550834,Poland
2024-02-16 00:00:00+00:00,8.20995,0.24000001,0.34023333,Poland
2024-02-17 00:00:00+00:00,7.3062005,4.4399996,0.34167498,Poland
2024-02-18 00:00:00+00:00,3.1553667,0.02,0.34214166,Poland
2024-02-19 00:00:00+00:00,4.2028666,5.12,0.3409,Poland
2024-02-20 00:00:00+00:00,5.6107836,3.4599998,0.34869164,Poland
2024-02-21 00:00:00+00:00,5.840783,2.08,0.35022503,Poland
2024-02-22 00:00:00+00:00,7.07995,2.76,0.349025,Poland
2024-02-23 00:00:00+00:00,7.8657827,3.92,0.3489417,Poland
2024-02-24 00:00:00+00:00,6.3045335,5.0799994,0.35479164,Poland
2024-02-25 00:00:00+00:00,5.794117,0.54,0.3484667,Poland
2024-02-26 00:00:00+00:00,6.9291167,2.2199998,0.34384164,Poland
2024-02-27 00:00:00+00:00,7.6174498,1.7400001,0.34148335,Poland
2024-02-28 00:00:00+00:00,6.09495,2.52,0.33923334,Poland
2024-02-29 00:00:00+00:00,6.5124497,0.08,0.33716673,Poland
2024-03-01 00:00:00+00:00,9.3887005,0.82,0.33215004,Poland
2024-03-02 00:00:00+00:00,8.813283,0.16,0.32744166,Poland
2024-03-03 00:00:00+00:00,8.250366,0.7,0.3234333,Poland
2024-03-04 00:00:00+00:00,5.8170333,3.0,0.3198667,Poland
2024-03-05 00:00:00+00:00,4.2874503,1.78,0.32460833,Poland
2024-03-06 00:00:00+00:00,3.6632836,0.54,0.32420832,Poland
2024-03-07 00:00:00+00:00,1.3791167,0.08,0.32191667,Poland
2024-03-08 00:00:00+00:00,1.0041167,0.0,0.31839168,Poland
2024-03-09 00:00:00+00:00,3.665783,0.0,0.31496662,Poland
2024-03-10 00:00:00+00:00,6.937033,1.52,0.31093332,Poland
2024-03-11 00:00:00+00:00,6.912867,2.24,0.3103667,Poland
2024-03-12 00:00:00+00:00,6.0441165,1.3,0.31323332,Poland
2024-03-13 00:00:00+00:00,6.1162,0.28,0.31314167,Poland
2024-03-14 00:00:00+00:00,7.04245,0.1,0.3112084,Poland
2024-03-15 00:00:00+00:00,8.80245,0.44,0.30924162,Poland
2024-03-16 00:00:00+00:00,9.269533,2.8,0.30654165,Poland
2024-03-17 00:00:00+00:00,3.347033,0.7800001,0.30575833,Poland
2024-03-18 00:00:00+00:00,0.8003667,1.04,0.3039167,Poland
2024-03-19 00:00:00+00:00,2.0386999,0.02,0.30308327,Poland
2024-03-20 00:00:00+00:00,4.2478666,0.14000002,0.30219167,Poland
2024-03-21 00:00:00+00:00,6.799533,1.64,0.29980004,Poland
2024-03-22 00:00:00+00:00,8.252033,2.26,0.30106667,Poland
2024-03-23 00:00:00+00:00,7.6141157,5.5600004,0.30473334,Poland
2024-03-24 00:00:00+00:00,4.11245,1.3199999,0.31330836,Poland
2024-03-25 00:00:00+00:00,3.72995,3.3200002,0.31308335,Poland
2024-03-26 00:00:00+00:00,6.3682833,0.0,0.31260833,Poland
2024-03-27 00:00:00+00:00,10.962033,0.0,0.30851668,Poland
2024-03-28 00:00:00+00:00,10.975782,0.91999996,0.30406666,Poland
2024-03-29 00:00:00+00:00,10.948283,0.56,0.29927498,Poland
2024-03-30 00:00:00+00:00,15.124951,0.0,0.29000834,Poland
2024-03-31 00:00:00+00:00,16.004536,0.0,0.2764,Poland
2024-04-01 00:00:00+00:00,15.510783,2.46,0.26807502,Poland
2024-04-02 00:00:00+00:00,10.714534,4.3599997,0.27129996,Poland
2024-04-03 00:00:00+00:00,8.010366,1.8800001,0.2775833,Poland
2024-04-04 00:00:00+00:00,9.314951,2.8600001,0.28089997,Poland
2024-04-05 00:00:00+00:00,12.801199,3.5200005,0.28968334,Poland
2024-04-06 00:00:00+00:00,14.129534,0.88,0.29294997,Poland
2024-04-07 00:00:00+00:00,16.605785,0.0,0.2873333,Poland
2024-04-08 00:00:00+00:00,18.095785,0.0,0.28124171,Poland
2024-04-09 00:00:00+00:00,18.4737,0.08,0.27204165,Poland
2024-04-10 00:00:00+00:00,12.253701,1.0,0.26333335,Poland
2024-04-11 00:00:00+00:00,11.15745,0.0,0.25910002,Poland
2024-04-12 00:00:00+00:00,13.659117,0.14000002,0.2549333,Poland
2024-04-13 00:00:00+00:00,15.1924515,0.24000001,0.2520833,Poland
2024-04-14 00:00:00+00:00,14.123283,1.22,0.24559167,Poland
2024-04-15 00:00:00+00:00,9.034117,3.48,0.24135001,Poland
2024-04-16 00:00:00+00:00,7.3491163,5.8000007,0.24527499,Poland
2024-04-17 00:00:00+00:00,5.3241167,1.2400001,0.24851665,Poland
2024-04-18 00:00:00+00:00,4.245784,1.32,0.25118336,Poland
2024-04-19 00:00:00+00:00,5.2757835,3.5399997,0.25308332,Poland
2024-04-20 00:00:00+00:00,4.0803666,5.2799997,0.261625,Poland
2024-04-21 00:00:00+00:00,3.2678666,0.060000002,0.27099997,Poland
2024-04-22 00:00:00+00:00,2.7282834,0.16000001,0.2734667,Poland
2024-04-23 00:00:00+00:00,4.0070333,0.1,0.27318332,Poland
2024-04-24 00:00:00+00:00,5.80495,1.68,0.27100834,Poland
2024-04-25 00:00:00+00:00,5.559533,3.04,0.27248332,Poland
2024-04-26 00:00:00+00:00,7.9911995,0.060000002,0.27179164,Poland
2024-04-27 00:00:00+00:00,11.928284,0.48000002,0.26578337,Poland
2024-04-28 00:00:00+00:00,15.021617,0.02,0.25644165,Poland
2024-04-29 00:00:00+00:00,17.2412,0.0,0.24281669,Poland
2024-04-30 00:00:00+00:00,18.470367,0.0,0.22920832,Poland
2024-05-01 00:00:00+00:00,18.135782,0.0,0.21425834,Poland
2024-05-02 00:00:00+00:00,18.077868,0.02,0.20156667,Poland
2024-05-03 00:00:00+00:00,18.255367,0.4,0.1903667,Poland
2024-05-04 00:00:00+00:00,17.844532,0.04,0.18178332,Poland
2024-05-05 00:00:00+00:00,17.643284,1.2,0.17688335,Poland
2024-05-06 00:00:00+00:00,14.718701,2.0800002,0.17719999,Poland
2024-05-07 00:00:00+00:00,11.472867,0.14,0.17906666,Poland
2024-05-08 00:00:00+00:00,10.8337,0.0,0.179775,Poland
2024-05-09 00:00:00+00:00,11.627867,0.0,0.17306665,Poland
2024-05-10 00:00:00+00:00,12.8262005,0.42000008,0.16809997,Poland
2024-05-11 00:00:00+00:00,12.090367,0.8,0.166025,Poland
2024-05-12 00:00:00+00:00,11.721617,0.0,0.16248335,Poland
2024-05-13 00:00:00+00:00,13.796201,0.0,0.1549,Poland
2024-05-14 00:00:00+00:00,15.7612,0.0,0.15036666,Poland
2024-05-15 00:00:00+00:00,15.9841175,0.0,0.14626667,Poland
2024-05-16 00:00:00+00:00,16.585783,0.0,0.14420834,Poland
2024-05-17 00:00:00+00:00,16.369951,0.060000002,0.14250001,Poland
2024-05-18 00:00:00+00:00,16.400366,0.56000006,0.14101666,Poland
2024-05-19 00:00:00+00:00,16.71745,5.16,0.14092502,Poland
2024-05-20 00:00:00+00:00,17.070366,2.6999998,0.14190832,Poland
2024-05-21 00:00:00+00:00,19.407034,0.120000005,0.14320832,Poland
2024-05-22 00:00:00+00:00,19.740368,1.24,0.14171666,Poland
2024-05-23 00:00:00+00:00,17.647034,3.4,0.14907499,Poland
2024-05-24 00:00:00+00:00,18.644533,2.44,0.15733333,Poland
2024-05-25 00:00:00+00:00,18.89245,1.58,0.16118333,Poland
2024-05-26 00:00:00+00:00,19.789532,1.9600003,0.162575,Poland
2024-05-27 00:00:00+00:00,20.341618,0.1,0.15975833,Poland
2024-05-28 00:00:00+00:00,19.064533,2.7,0.15661666,Poland
2024-05-29 00:00:00+00:00,17.730366,1.24,0.15671666,Poland
2024-05-30 00:00:00+00:00,18.735367,0.93999994,0.15814167,Poland
2024-05-31 00:00:00+00:00,18.715784,1.1800001,0.16282502,Poland
2024-06-01 00:00:00+00:00,17.938702,7.9,0.16745,Poland
2024-06-02 00:00:00+00:00,17.216616,11.780001,0.18504998,Poland
2024-06-03 00:00:00+00:00,17.067867,1.52,0.20306668,Poland
2024-06-04 00:00:00+00:00,16.062033,2.54,0.21061666,Poland
2024-06-05 00:00:00+00:00,17.776617,0.82000005,0.21147498,Poland
2024-06-06 00:00:00+00:00,17.1787,1.6599998,0.20758331,Poland
2024-06-07 00:00:00+00:00,16.215368,3.5800004,0.20524995,Poland
2024-06-08 00:00:00+00:00,17.633286,0.1,0.20024998,Poland
2024-06-09 00:00:00+00:00,17.244534,0.44,0.19365,Poland
2024-06-10 00:00:00+00:00,16.938282,2.2399998,0.18835834,Poland
2024-06-11 00:00:00+00:00,15.387034,0.1,0.184975,Poland
2024-06-12 00:00:00+00:00,14.040784,0.52000004,0.18376668,Poland
2024-06-13 00:00:00+00:00,13.0712,4.26,0.18099168,Poland
2024-06-14 00:00:00+00:00,14.774951,0.02,0.18564168,Poland
2024-06-15 00:00:00+00:00,18.472034,4.1400003,0.18240833,Poland
2024-06-16 00:00:00+00:00,18.054117,3.3600001,0.17935002,Poland
2024-06-17 00:00:00+00:00,19.825785,0.9200001,0.1744,Poland
2024-06-18 00:00:00+00:00,21.74995,1.2600001,0.17009167,Poland
2024-06-19 00:00:00+00:00,20.336618,8.88,0.1667,Poland
2024-06-20 00:00:00+00:00,17.010784,1.02,0.16864169,Poland
2024-06-21 00:00:00+00:00,21.230783,2.56,0.164775,Poland
2024-06-22 00:00:00+00:00,20.070782,7.1399994,0.17035834,Poland
2024-06-23 00:00:00+00:00,18.1787,0.24000001,0.17221668,Poland
2024-06-24 00:00:00+00:00,17.899118,0.22,0.17145833,Poland
2024-06-25 00:00:00+00:00,19.7862,0.1,0.16858332,Poland
2024-06-26 00:00:00+00:00,22.995367,0.47999996,0.16262498,Poland
2024-06-27 00:00:00+00:00,24.190784,1.24,0.15542501,Poland
2024-06-28 00:00:00+00:00,23.813284,7.9200006,0.1541,Poland
2024-06-29 00:00:00+00:00,23.130783,0.04,0.14774169,Poland
2024-06-30 00:00:00+00:00,25.842869,1.08,0.14213333,Poland
2024-07-01 00:00:00+00:00,19.442867,6.18,0.14923334,Poland
2024-07-02 00:00:00+00:00,16.220783,3.3200002,0.15623334,Poland
2024-07-03 00:00:00+00:00,16.1787,0.32,0.1607,Poland
2024-07-04 00:00:00+00:00,16.486616,2.8600001,0.16318332,Poland
2024-07-05 00:00:00+00:00,17.107449,0.4,0.16446666,Poland
2024-07-06 00:00:00+00:00,22.574533,0.35999998,0.1600667,Poland
2024-07-07 00:00:00+00:00,19.948284,6.4,0.156075,Poland
2024-07-08 00:00:00+00:00,20.374119,0.30000004,0.15927498,Poland
2024-07-09 00:00:00+00:00,23.466202,0.36,0.15415834,Poland
2024-07-10 00:00:00+00:00,25.946615,2.72,0.143925,Poland
2024-07-11 00:00:00+00:00,23.2612,9.6,0.14996667,Poland
2024-07-12 00:00:00+00:00,23.114534,6.9399996,0.158925,Poland
2024-07-13 00:00:00+00:00,21.435783,4.0000005,0.20490834,Poland
2024-07-14 00:00:00+00:00,20.208284,6.7,0.21100834,Poland
2024-07-15 00:00:00+00:00,22.8537,0.120000005,0.21382502,Poland
2024-07-16 00:00:00+00:00,24.24995,2.82,0.207425,Poland
2024-07-17 00:00:00+00:00,21.727451,0.6,0.21085832,Poland
2024-07-18 00:00:00+00:00,20.424534,2.5,0.20956667,Poland
2024-07-19 00:00:00+00:00,20.82745,0.0,0.19979998,Poland
2024-07-20 00:00:00+00:00,21.713284,0.0,0.19020833,Poland
2024-07-21 00:00:00+00:00,23.283283,0.02,0.18306665,Poland
2024-07-22 00:00:00+00:00,22.900784,5.6,0.17629167,Poland
2024-07-23 00:00:00+00:00,20.700785,1.08,0.17495836,Poland
2024-07-24 00:00:00+00:00,19.042866,5.3799996,0.17600831,Poland
2024-07-25 00:00:00+00:00,18.06745,1.8799999,0.18030833,Poland
2024-07-26 00:00:00+00:00,19.42162,0.4,0.17981665,Poland
2024-07-27 00:00:00+00:00,21.625368,3.06,0.1767,Poland
2024-07-28 00:00:00+00:00,18.825367,9.74,0.18701665,Poland
2024-07-29 00:00:00+00:00,17.958702,0.16,0.20256667,Poland
2024-07-30 00:00:00+00:00,18.952868,0.0,0.19905832,Poland
2024-07-31 00:00:00+00:00,20.656616,0.0,0.18994167,Poland
2024-08-01 00:00:00+00:00,20.909534,0.28000003,0.18176666,Poland
2024-08-02 00:00:00+00:00,18.75745,8.620001,0.18208332,Poland
2024-08-03 00:00:00+00:00,18.490782,2.1,0.21881668,Poland
2024-08-04 00:00:00+00:00,19.007866,3.3,0.21694997,Poland
2024-08-05 00:00:00+00:00,16.910366,3.86,0.21700001,Poland
2024-08-06 00:00:00+00:00,18.0862,0.32,0.21564169,Poland
2024-08-07 00:00:00+00:00,20.339115,0.42000002,0.21034996,Poland
2024-08-08 00:00:00+00:00,20.0612,5.04,0.20630002,Poland
2024-08-09 00:00:00+00:00,19.7687,1.08,0.20425832,Poland
2024-08-10 00:00:00+00:00,20.42745,0.24000001,0.20345001,Poland
2024-08-11 00:00:00+00:00,19.403284,0.28000003,0.19948335,Poland
2024-08-12 00:00:00+00:00,18.590784,0.04,0.19450834,Poland
2024-08-13 00:00:00+00:00,19.248285,0.0,0.18641666,Poland
2024-08-14 00:00:00+00:00,21.454117,0.0,0.17706665,Poland
2024-08-15 00:00:00+00:00,23.16745,0.1,0.16999999,Poland
2024-08-16 00:00:00+00:00,23.93745,0.44,0.16486669,Poland
2024-08-17 00:00:00+00:00,23.862034,5.2400002,0.15925002,Poland
2024-08-18 00:00:00+00:00,23.36745,7.34,0.156975,Poland
2024-08-19 00:00:00+00:00,20.5087,8.46,0.17096667,Poland
2024-08-20 00:00:00+00:00,20.068285,2.94,0.17176667,Poland
2024-08-21 00:00:00+00:00,19.431616,4.68,0.18309164,Poland
2024-08-22 00:00:00+00:00,16.449116,0.04,0.20819168,Poland
2024-08-23 00:00:00+00:00,20.058285,0.16,0.21004167,Poland
2024-08-24 00:00:00+00:00,23.087452,0.0,0.20500831,Poland
2024-08-25 00:00:00+00:00,22.5487,0.34,0.19770831,Poland
2024-08-26 00:00:00+00:00,18.648283,0.44,0.19569163,Poland
2024-08-27 00:00:00+00:00,19.567032,0.060000002,0.19317505,Poland
2024-08-28 00:00:00+00:00,22.160366,0.060000002,0.18904997,Poland
2024-08-29 00:00:00+00:00,24.505785,0.35999998,0.18306665,Poland
2024-08-30 00:00:00+00:00,24.461615,0.1,0.17900833,Poland
2024-08-31 00:00:00+00:00,19.7262,0.6,0.17873338,Poland
2024-09-01 00:00:00+00:00,18.231201,0.14000002,0.1791,Poland
2024-09-02 00:00:00+00:00,20.294535,0.0,0.17652498,Poland
2024-09-03 00:00:00+00:00,23.71037,0.120000005,0.1708,Poland
2024-09-04 00:00:00+00:00,23.840366,0.16,0.16435,Poland
2024-09-05 00:00:00+00:00,23.0212,0.08,0.16062501,Poland
2024-09-06 00:00:00+00:00,22.407866,0.0,0.15904167,Poland
2024-09-07 00:00:00+00:00,23.154535,0.0,0.15827498,Poland
2024-09-08 00:00:00+00:00,23.489948,0.04,0.15782502,Poland
2024-09-09 00:00:00+00:00,19.706615,9.24,0.15728334,Poland
2024-09-10 00:00:00+00:00,16.094116,5.18,0.1658,Poland
2024-09-11 00:00:00+00:00,15.717035,0.34,0.17525002,Poland
2024-09-12 00:00:00+00:00,12.7362,9.22,0.18916667,Poland
2024-09-13 00:00:00+00:00,13.021199,15.339999,0.22956665,Poland
2024-09-14 00:00:00+00:00,15.291201,11.160001,0.258725,Poland
2024-09-15 00:00:00+00:00,15.777451,17.960001,0.28395835,Poland
2024-09-16 00:00:00+00:00,18.30495,1.22,0.29120833,Poland
2024-09-17 00:00:00+00:00,18.2337,0.0,0.282775,Poland
2024-09-18 00:00:00+00:00,17.875366,0.18,0.27279168,Poland
2024-09-19 00:00:00+00:00,16.464117,0.0,0.26334167,Poland
2024-09-20 00:00:00+00:00,15.272867,0.0,0.25733334,Poland
2024-09-21 00:00:00+00:00,15.219116,0.0,0.24935834,Poland
2024-09-22 00:00:00+00:00,15.670784,0.0,0.24175835,Poland
2024-09-23 00:00:00+00:00,16.082449,0.0,0.23562498,Poland
2024-09-24 00:00:00+00:00,16.589535,1.4,0.23130837,Poland
2024-09-25 00:00:00+00:00,16.152449,0.2,0.22804165,Poland
2024-09-26 00:00:00+00:00,16.752865,2.2800002,0.22655001,Poland
2024-09-27 00:00:00+00:00,17.31745,4.0,0.22613335,Poland
2024-09-28 00:00:00+00:00,13.277449,0.56000006,0.22705002,Poland
2024-09-29 00:00:00+00:00,9.243283,0.04,0.22899167,Poland
2024-09-30 00:00:00+00:00,8.792867,0.02,0.23166668,Poland
2024-10-01 00:00:00+00:00,9.027451,0.9,0.23221667,Poland
2024-10-02 00:00:00+00:00,10.0466175,6.44,0.23579998,Poland
2024-10-03 00:00:00+00:00,10.05995,4.1800003,0.24989998,Poland
2024-10-04 00:00:00+00:00,9.9237,1.24,0.26040834,Poland
2024-10-05 00:00:00+00:00,9.0953665,3.7599998,0.26638332,Poland
2024-10-06 00:00:00+00:00,8.983699,2.6999996,0.2784,Poland
2024-10-07 00:00:00+00:00,10.353283,0.08,0.28594166,Poland
2024-10-08 00:00:00+00:00,14.09245,0.02,0.2813167,Poland
2024-10-09 00:00:00+00:00,15.119533,2.0800002,0.2782417,Poland
2024-10-10 00:00:00+00:00,15.554533,0.64,0.27576664,Poland
2024-10-11 00:00:00+00:00,9.50495,2.0400002,0.27480835,Poland
2024-10-12 00:00:00+00:00,7.8420334,0.02,0.27414998,Poland
2024-10-13 00:00:00+00:00,9.356616,7.9,0.27510834,Poland
2024-10-14 00:00:00+00:00,9.1578665,1.0799998,0.29726666,Poland
2024-10-15 00:00:00+00:00,7.78245,0.38000003,0.295725,Poland
2024-10-16 00:00:00+00:00,7.1624503,0.0,0.29306665,Poland
2024-10-17 00:00:00+00:00,9.008284,0.0,0.28715,Poland
2024-10-18 00:00:00+00:00,10.44495,0.0,0.27895,Poland
2024-10-19 00:00:00+00:00,9.852034,0.120000005,0.27286667,Poland
2024-10-20 00:00:00+00:00,8.940367,0.0,0.26743335,Poland
2024-10-21 00:00:00+00:00,10.968283,0.14,0.2641,Poland
2024-10-22 00:00:00+00:00,12.015783,0.02,0.25928336,Poland
2024-10-23 00:00:00+00:00,9.344533,0.0,0.25575832,Poland
2024-10-24 00:00:00+00:00,7.6578665,0.0,0.25365,Poland
2024-10-25 00:00:00+00:00,9.016617,0.0,0.25245833,Poland
2024-10-26 00:00:00+00:00,9.724117,0.22,0.25126666,Poland
2024-10-27 00:00:00+00:00,10.577033,0.0,0.24839163,Poland
2024-10-28 00:00:00+00:00,11.206617,0.85999995,0.24666667,Poland
2024-10-29 00:00:00+00:00,11.858283,1.1400001,0.24545833,Poland
2024-10-30 00:00:00+00:00,12.093701,0.70000005,0.24598332,Poland
2024-10-31 00:00:00+00:00,10.299116,0.14000002,0.24660838,Poland
2024-11-01 00:00:00+00:00,11.01995,0.48000002,0.24685831,Poland
2024-11-02 00:00:00+00:00,6.3561997,0.66,0.24598332,Poland
2024-11-03 00:00:00+00:00,3.9378667,0.04,0.24553327,Poland
2024-11-04 00:00:00+00:00,6.4041166,0.32000002,0.24442498,Poland
2024-11-05 00:00:00+00:00,3.5707831,0.0,0.24351664,Poland
2024-11-06 00:00:00+00:00,3.2136998,0.0,0.24200001,Poland
2024-11-07 00:00:00+00:00,3.8395336,0.04,0.24077499,Poland
2024-11-08 00:00:00+00:00,4.400367,0.0,0.24045002,Poland
2024-11-09 00:00:00+00:00,3.22745,0.0,0.24160834,Poland
2024-11-10 00:00:00+00:00,1.6107833,0.0,0.244475,Poland
2024-11-11 00:00:00+00:00,1.0824499,0.0,0.24538335,Poland
2024-11-12 00:00:00+00:00,1.4170333,0.04,0.26322502,Poland
2024-11-13 00:00:00+00:00,1.3262,0.78,0.28569165,Poland
2024-11-14 00:00:00+00:00,3.60245,1.1200001,0.2869083,Poland
2024-11-15 00:00:00+00:00,5.3428664,0.18,0.28885832,Poland
2024-11-16 00:00:00+00:00,5.839117,0.2,0.29128334,Poland
2024-11-17 00:00:00+00:00,4.306617,2.8999999,0.29166666,Poland
2024-11-18 00:00:00+00:00,3.1957834,1.6800001,0.29667503,Poland
2024-11-19 00:00:00+00:00,4.4161997,6.4199996,0.29861668,Poland
2024-11-20 00:00:00+00:00,2.3924499,6.0200005,0.31548333,Poland
2024-11-21 00:00:00+00:00,0.49411663,0.78,0.3142833,Poland
2024-11-22 00:00:00+00:00,-0.62588334,0.76000005,0.30741662,Poland
2024-11-23 00:00:00+00:00,0.47245002,0.18,0.30359167,Poland
2024-11-24 00:00:00+00:00,4.058284,2.4599998,0.30214164,Poland
2024-11-25 00:00:00+00:00,7.6436996,0.0,0.30470836,Poland
2024-11-26 00:00:00+00:00,5.2257833,2.58,0.30564168,Poland
2024-11-27 00:00:00+00:00,4.144533,0.38000003,0.30926666,Poland
2024-11-28 00:00:00+00:00,4.93745,7.5800004,0.3138333,Poland
2024-11-29 00:00:00+00:00,4.1791167,1.6199996,0.3236083,Poland
2024-11-30 00:00:00+00:00,2.5553665,0.060000002,0.32153335,Poland
2024-12-01 00:00:00+00:00,0.5657834,0.0,0.31532502,Poland
2024-12-02 00:00:00+00:00,1.7445333,0.08,0.31189165,Poland
2024-12-03 00:00:00+00:00,3.082867,4.56,0.31299168,Poland
2024-12-04 00:00:00+00:00,2.94245,1.96,0.32189164,Poland
2024-12-05 00:00:00+00:00,1.3741167,0.84000003,0.3207,Poland
2024-12-06 00:00:00+00:00,1.4837,2.2599998,0.3195667,Poland
2024-12-07 00:00:00+00:00,2.5441167,0.4,0.31575835,Poland
2024-12-08 00:00:00+00:00,2.18745,2.6200001,0.31359166,Poland
2024-12-09 00:00:00+00:00,1.9620333,2.3400002,0.32196668,Poland
2024-12-10 00:00:00+00:00,0.68495,0.1,0.32287496,Poland
2024-12-11 00:00:00+00:00,0.7141167,0.16,0.3168834,Poland
2024-12-12 00:00:00+00:00,0.8166167,0.1,0.31644163,Poland
2024-12-13 00:00:00+00:00,-0.91796666,0.02,0.31436664,Poland
2024-12-14 00:00:00+00:00,-0.8171333,0.38000003,0.31195837,Poland
2024-12-15 00:00:00+00:00,2.5991166,3.16,0.311675,Poland
2024-12-16 00:00:00+00:00,7.802034,6.8199997,0.32070833,Poland
2024-12-17 00:00:00+00:00,7.415366,2.06,0.32825002,Poland
2024-12-18 00:00:00+00:00,7.1807837,0.7,0.32189164,Poland
2024-12-19 00:00:00+00:00,8.769951,1.1600001,0.31434998,Poland
2024-12-20 00:00:00+00:00,4.2395334,1.42,0.30866662,Poland
2024-12-21 00:00:00+00:00,2.6682832,0.16000001,0.30876666,Poland
2024-12-22 00:00:00+00:00,3.9678664,2.6399999,0.30879164,Poland
2024-12-23 00:00:00+00:00,1.8062003,0.73999995,0.31046668,Poland
2024-12-24 00:00:00+00:00,2.1132834,0.36,0.30831665,Poland
2024-12-25 00:00:00+00:00,0.86578333,0.0,0.30535,Poland
2024-12-26 00:00:00+00:00,0.34828344,0.0,0.30606663,Poland
2024-12-27 00:00:00+00:00,1.2741168,0.120000005,0.30744165,Poland
2024-12-28 00:00:00+00:00,1.2920334,0.0,0.30847502,Poland
2024-12-29 00:00:00+00:00,0.4845334,0.04,0.30844992,Poland
2024-12-30 00:00:00+00:00,0.8370334,0.02,0.3085083,Poland
2024-12-31 00:00:00+00:00,1.4712,0.0,0.31045,Poland
2024-01-01 00:00:00+00:00,4.5880694,1.0666667,0.33766672,Romania
2024-01-02 00:00:00+00:00,3.4717503,0.3166667,0.33506945,Romania
2024-01-03 00:00:00+00:00,5.1168895,4.7833333,0.3379167,Romania
2024-01-04 00:00:00+00:00,6.172445,2.5833333,0.3429236,Romania
2024-01-05 00:00:00+00:00,5.0019584,0.033333335,0.34054163,Romania
2024-01-06 00:00:00+00:00,6.857515,0.23333333,0.33568743,Romania
2024-01-07 00:00:00+00:00,3.9134166,8.3,0.33656943,Romania
2024-01-08 00:00:00+00:00,-3.9709585,4.983333,0.34316668,Romania
2024-01-09 00:00:00+00:00,-6.861583,1.0333334,0.3436389,Romania
2024-01-10 00:00:00+00:00,-5.4660974,0.0,0.34231248,Romania
2024-01-11 00:00:00+00:00,-4.2119303,0.35,0.34090972,Romania
2024-01-12 00:00:00+00:00,-4.3643613,1.1666666,0.33968055,Romania
2024-01-13 00:00:00+00:00,-3.3869305,0.116666675,0.3383889,Romania
2024-01-14 00:00:00+00:00,-2.5011666,0.016666668,0.33718058,Romania
2024-01-15 00:00:00+00:00,0.29848608,2.8,0.33654165,Romania
2024-01-16 00:00:00+00:00,-0.7570695,0.7833333,0.33699998,Romania
2024-01-17 00:00:00+00:00,0.28772232,1.9499999,0.33681247,Romania
2024-01-18 00:00:00+00:00,6.359945,6.6000004,0.3439236,Romania
2024-01-19 00:00:00+00:00,3.1363335,9.150001,0.35710418,Romania
2024-01-20 00:00:00+00:00,-2.3258193,2.6166666,0.36047912,Romania
2024-01-21 00:00:00+00:00,-2.8841527,0.0,0.3580972,Romania
2024-01-22 00:00:00+00:00,-3.1657498,0.0,0.35570833,Romania
2024-01-23 00:00:00+00:00,-1.4435278,0.4,0.35353473,Romania
2024-01-24 00:00:00+00:00,0.15195833,1.0,0.35152778,Romania
2024-01-25 00:00:00+00:00,3.3752222,1.0833334,0.35049996,Romania
2024-01-26 00:00:00+00:00,1.2130693,0.5,0.3504444,Romania
2024-01-27 00:00:00+00:00,1.0599445,4.2000003,0.3516111,Romania
2024-01-28 00:00:00+00:00,0.18181954,1.3833333,0.3521111,Romania
2024-01-29 00:00:00+00:00,-1.3230418,0.21666668,0.35130548,Romania
2024-01-30 00:00:00+00:00,-1.6299859,0.0,0.34952775,Romania
2024-01-31 00:00:00+00:00,-0.40220833,0.0,0.3479097,Romania
2024-02-01 00:00:00+00:00,1.0429305,0.5166667,0.3465486,Romania
2024-02-02 00:00:00+00:00,1.3964027,0.33333334,0.34593055,Romania
2024-02-03 00:00:00+00:00,3.2776527,0.1,0.34515283,Romania
2024-02-04 00:00:00+00:00,5.8977914,1.1,0.34365276,Romania
2024-02-05 00:00:00+00:00,7.6231384,3.3500001,0.34895834,Romania
2024-02-06 00:00:00+00:00,8.615848,0.0,0.34381256,Romania
2024-02-07 00:00:00+00:00,7.701958,0.15,0.3334514,Romania
2024-02-08 00:00:00+00:00,6.96932,0.21666668,0.3303195,Romania
2024-02-09 00:00:00+00:00,9.164111,0.083333336,0.32833338,Romania
2024-02-10 00:00:00+00:00,10.402306,0.23333335,0.32254162,Romania
2024-02-11 00:00:00+00:00,11.392583,0.7,0.31649998,Romania
2024-02-12 00:00:00+00:00,8.942237,6.2166667,0.31412497,Romania
2024-02-13 00:00:00+00:00,6.0019584,7.566666,0.32977778,Romania
2024-02-14 00:00:00+00:00,3.745361,0.56666666,0.33960417,Romania
2024-02-15 00:00:00+00:00,3.2835553,0.0,0.33877078,Romania
2024-02-16 00:00:00+00:00,3.7790415,0.033333335,0.33650693,Romania
2024-02-17 00:00:00+00:00,4.04293,0.0,0.33573613,Romania
2024-02-18 00:00:00+00:00,4.666889,0.7166667,0.33432636,Romania
2024-02-19 00:00:00+00:00,2.5387638,0.41666672,0.33271527,Romania
2024-02-20 00:00:00+00:00,4.0012636,0.48333335,0.3312014,Romania
2024-02-21 00:00:00+00:00,3.8120277,1.5,0.32934025,Romania
2024-02-22 00:00:00+00:00,5.329736,0.033333335,0.3261736,Romania
2024-02-23 00:00:00+00:00,8.333209,0.083333336,0.32017362,Romania
2024-02-24 00:00:00+00:00,10.29675,0.8500001,0.31539583,Romania
2024-02-25 00:00:00+00:00,9.923834,1.05,0.3139653,Romania
2024-02-26 00:00:00+00:00,9.0894575,0.033333335,0.31291667,Romania
2024-02-27 00:00:00+00:00,8.106125,0.0,0.31158334,Romania
2024-02-28 00:00:00+00:00,7.501264,0.0,0.30641666,Romania
2024-02-29 00:00:00+00:00,7.84675,0.0,0.30533332,Romania
2024-03-01 00:00:00+00:00,8.118625,0.5166667,0.30677775,Romania
2024-03-02 00:00:00+00:00,7.063417,1.2166666,0.30621526,Romania
2024-03-03 00:00:00+00:00,6.1363335,1.2666667,0.30305552,Romania
2024-03-04 00:00:00+00:00,6.938764,0.0,0.29978472,Romania
2024-03-05 00:00:00+00:00,6.4599442,0.1,0.2963611,Romania
2024-03-06 00:00:00+00:00,5.5408473,2.2666667,0.29434723,Romania
2024-03-07 00:00:00+00:00,3.8741808,4.566666,0.30254862,Romania
2024-03-08 00:00:00+00:00,2.8884165,0.26666668,0.30729863,Romania
2024-03-09 00:00:00+00:00,4.069667,0.0,0.30714583,Romania
2024-03-10 00:00:00+00:00,6.863069,0.56666666,0.30492362,Romania
2024-03-11 00:00:00+00:00,8.085639,2.3,0.30278474,Romania
2024-03-12 00:00:00+00:00,6.807167,13.016666,0.30994442,Romania
2024-03-13 00:00:00+00:00,5.543972,5.75,0.32524303,Romania
2024-03-14 00:00:00+00:00,3.9571667,2.8833332,0.3360833,Romania
2024-03-15 00:00:00+00:00,4.5707088,1.05,0.3451042,Romania
2024-03-16 00:00:00+00:00,6.2547364,0.31666666,0.3451111,Romania
2024-03-17 00:00:00+00:00,7.326612,2.7333333,0.3447778,Romania
2024-03-18 00:00:00+00:00,4.422792,2.1499999,0.34768748,Romania
2024-03-19 00:00:00+00:00,2.0974443,3.6166668,0.34825,Romania
2024-03-20 00:00:00+00:00,3.5714028,0.6166667,0.3465625,Romania
2024-03-21 00:00:00+00:00,4.3318195,1.5,0.34424305,Romania
2024-03-22 00:00:00+00:00,5.873834,0.083333336,0.34337497,Romania
2024-03-23 00:00:00+00:00,8.89293,0.0,0.33862498,Romania
2024-03-24 00:00:00+00:00,7.810986,3.0666666,0.33265972,Romania
2024-03-25 00:00:00+00:00,4.358208,4.9666667,0.33888194,Romania
2024-03-26 00:00:00+00:00,6.789458,0.0,0.34022224,Romania
2024-03-27 00:00:00+00:00,8.890847,0.06666667,0.33621526,Romania
2024-03-28 00:00:00+00:00,11.685292,2.8,0.3323542,Romania
2024-03-29 00:00:00+00:00,13.064805,0.36666667,0.32927775,Romania
2024-03-30 00:00:00+00:00,15.747792,0.0,0.3205,Romania
2024-03-31 00:00:00+00:00,17.822098,0.0,0.31118748,Romania
2024-04-01 00:00:00+00:00,18.987375,0.0,0.29931948,Romania
2024-04-02 00:00:00+00:00,13.225917,3.5,0.29300693,Romania
2024-04-03 00:00:00+00:00,11.33425,0.26666668,0.2900278,Romania
2024-04-04 00:00:00+00:00,11.560638,0.5833334,0.28603473,Romania
2024-04-05 00:00:00+00:00,12.56411,0.5833333,0.28152084,Romania
2024-04-06 00:00:00+00:00,13.559249,0.73333335,0.27679166,Romania
2024-04-07 00:00:00+00:00,14.017236,1.2500001,0.2736944,Romania
2024-04-08 00:00:00+00:00,14.821403,0.0,0.26806942,Romania
2024-04-09 00:00:00+00:00,15.6964035,0.0,0.26165277,Romania
2024-04-10 00:00:00+00:00,16.092237,0.0,0.25510415,Romania
2024-04-11 00:00:00+00:00,15.812375,0.0,0.24981248,Romania
2024-04-12 00:00:00+00:00,15.486333,0.0,0.24545139,Romania
2024-04-13 00:00:00+00:00,15.83807,0.1,0.24197914,Romania
2024-04-14 00:00:00+00:00,17.796402,0.0,0.23750694,Romania
2024-04-15 00:00:00+00:00,20.109598,0.0,0.23663193,Romania
2024-04-16 00:00:00+00:00,17.517582,3.8,0.23609722,Romania
2024-04-17 00:00:00+00:00,8.932861,17.216667,0.24127084,Romania
2024-04-18 00:00:00+00:00,6.0582085,10.166667,0.26565972,Romania
2024-04-19 00:00:00+00:00,6.416195,2.6666665,0.2878819,Romania
2024-04-20 00:00:00+00:00,7.466542,1.3333334,0.293875,Romania
2024-04-21 00:00:00+00:00,9.262375,2.2,0.29415277,Romania
2024-04-22 00:00:00+00:00,6.9405003,6.7999997,0.29929167,Romania
2024-04-23 00:00:00+00:00,8.255084,7.7666664,0.30790278,Romania
2024-04-24 00:00:00+00:00,11.317237,2.5333333,0.32239583,Romania
2024-04-25 00:00:00+00:00,9.882861,6.933333,0.32789585,Romania
2024-04-26 00:00:00+00:00,9.714111,3.2166665,0.34088194,Romania
2024-04-27 00:00:00+00:00,11.666889,0.53333336,0.3392153,Romania
2024-04-28 00:00:00+00:00,13.861679,0.0,0.33297917,Romania
2024-04-29 00:00:00+00:00,14.894666,0.11666667,0.32506943,Romania
2024-04-30 00:00:00+00:00,14.407513,0.06666667,0.31522918,Romania
2024-05-01 00:00:00+00:00,14.470014,0.0,0.30793056,Romania
2024-05-02 00:00:00+00:00,15.300221,0.13333334,0.29954863,Romania
2024-05-03 00:00:00+00:00,15.013069,0.9666665,0.29309723,Romania
2024-05-04 00:00:00+00:00,14.255778,4.9166665,0.29079166,Romania
2024-05-05 00:00:00+00:00,14.808208,1.4666667,0.28852084,Romania
2024-05-06 00:00:00+00:00,16.57696,0.48333335,0.28300694,Romania
2024-05-07 00:00:00+00:00,17.174873,3.8666668,0.27936807,Romania
2024-05-08 00:00:00+00:00,13.449181,5.3333335,0.2847361,Romania
2024-05-09 00:00:00+00:00,12.170708,2.1166666,0.29956946,Romania
2024-05-10 00:00:00+00:00,13.203,0.26666668,0.30101386,Romania
2024-05-11 00:00:00+00:00,13.985639,0.4666667,0.29872915,Romania
2024-05-12 00:00:00+00:00,12.05543,2.6166666,0.29945835,Romania
2024-05-13 00:00:00+00:00,11.067584,0.1,0.3020278,Romania
2024-05-14 00:00:00+00:00,11.938764,1.5666667,0.29667363,Romania
2024-05-15 00:00:00+00:00,11.849874,0.083333336,0.29102087,Romania
2024-05-16 00:00:00+00:00,12.95925,0.016666668,0.28414583,Romania
2024-05-17 00:00:00+00:00,13.191194,2.1499999,0.27818054,Romania
2024-05-18 00:00:00+00:00,14.430083,1.9333334,0.28531942,Romania
2024-05-19 00:00:00+00:00,15.687724,0.65000004,0.28353474,Romania
2024-05-20 00:00:00+00:00,16.242235,0.33333334,0.27900693,Romania
2024-05-21 00:00:00+00:00,17.927652,1.4666666,0.2750903,Romania
2024-05-22 00:00:00+00:00,16.903694,2.95,0.27086112,Romania
2024-05-23 00:00:00+00:00,16.743624,4.0333333,0.27765277,Romania
2024-05-24 00:00:00+00:00,18.254389,0.11666667,0.2780278,Romania
2024-05-25 00:00:00+00:00,17.993624,1.25,0.27568057,Romania
2024-05-26 00:00:00+00:00,17.830084,0.0,0.2735972,Romania
2024-05-27 00:00:00+00:00,15.709598,1.3333334,0.26733336,Romania
2024-05-28 00:00:00+00:00,15.201263,6.333334,0.2672014,Romania
2024-05-29 00:00:00+00:00,14.866887,7.933334,0.27711108,Romania
2024-05-30 00:00:00+00:00,16.105778,5.8500004,0.30665973,Romania
2024-05-31 00:00:00+00:00,19.023138,1.1,0.3076528,Romania
2024-06-01 00:00:00+00:00,20.906473,1.3666667,0.3023403,Romania
2024-06-02 00:00:00+00:00,20.553696,0.016666668,0.2955972,Romania
2024-06-03 00:00:00+00:00,20.290848,9.383334,0.29173613,Romania
2024-06-04 00:00:00+00:00,19.129042,3.4166667,0.2915347,Romania
2024-06-05 00:00:00+00:00,19.41932,0.38333333,0.28708333,Romania
2024-06-06 00:00:00+00:00,20.28425,0.55,0.27906945,Romania
2024-06-07 00:00:00+00:00,21.983557,0.13333334,0.27084026,Romania
2024-06-08 00:00:00+00:00,21.89189,2.2333333,0.26331943,Romania
2024-06-09 00:00:00+00:00,22.368628,4.5333333,0.26249304,Romania
2024-06-10 00:00:00+00:00,23.278349,2.0333335,0.26060417,Romania
2024-06-11 00:00:00+00:00,21.86654,3.666667,0.2658403,Romania
2024-06-12 00:00:00+00:00,20.073486,3.3999999,0.269125,Romania
2024-06-13 00:00:00+00:00,18.929735,7.2000003,0.28071526,Romania
2024-06-14 00:00:00+00:00,16.98564,10.883334,0.31760418,Romania
2024-06-15 00:00:00+00:00,17.914457,0.016666668,0.32740277,Romania
2024-06-16 00:00:00+00:00,19.790152,0.13333334,0.31910416,Romania
2024-06-17 00:00:00+00:00,21.456123,0.33333334,0.30649307,Romania
2024-06-18 00:00:00+00:00,22.391542,1.2500001,0.296375,Romania
2024-06-19 00:00:00+00:00,24.801264,0.06666667,0.28675,Romania
2024-06-20 00:00:00+00:00,24.116196,0.28333333,0.2773958,Romania
2024-06-21 00:00:00+00:00,23.352652,0.0,0.27,Romania
2024-06-22 00:00:00+00:00,24.799875,0.96666664,0.26153475,Romania
2024-06-23 00:00:00+00:00,23.672792,2.1833334,0.26028475,Romania
2024-06-24 00:00:00+00:00,22.581125,1.8833332,0.26163885,Romania
2024-06-25 00:00:00+00:00,21.654388,0.45000002,0.2580972,Romania
2024-06-26 00:00:00+00:00,22.330778,5.1,0.25695136,Romania
2024-06-27 00:00:00+00:00,22.370016,2.05,0.25149304,Romania
2024-06-28 00:00:00+00:00,22.73529,3.2333333,0.25081944,Romania
2024-06-29 00:00:00+00:00,23.639112,0.33333334,0.2500972,Romania
2024-06-30 00:00:00+00:00,25.213415,0.0,0.24550001,Romania
2024-07-01 00:00:00+00:00,25.5346,0.116666675,0.24016666,Romania
2024-07-02 00:00:00+00:00,21.971403,13.733334,0.24679862,Romania
2024-07-03 00:00:00+00:00,17.14189,15.033334,0.29478475,Romania
2024-07-04 00:00:00+00:00,17.633207,4.1833334,0.33128473,Romania
2024-07-05 00:00:00+00:00,20.117584,0.0,0.32939583,Romania
2024-07-06 00:00:00+00:00,22.207514,0.0,0.31563196,Romania
2024-07-07 00:00:00+00:00,24.095015,0.0,0.30088198,Romania
2024-07-08 00:00:00+00:00,25.26932,0.083333336,0.2865486,Romania
2024-07-09 00:00:00+00:00,25.50057,0.033333335,0.27360415,Romania
2024-07-10 00:00:00+00:00,26.056473,0.35,0.2637014,Romania
2024-07-11 00:00:00+00:00,26.481127,0.1,0.25543752,Romania
2024-07-12 00:00:00+00:00,27.584946,0.016666668,0.25063887,Romania
2024-07-13 00:00:00+00:00,28.169321,0.0,0.24804859,Romania
2024-07-14 00:00:00+00:00,28.158905,0.06666667,0.24338196,Romania
2024-07-15 00:00:00+00:00,28.16168,0.14999999,0.24006246,Romania
2024-07-16 00:00:00+00:00,28.583208,0.0,0.23639584,Romania
2024-07-17 00:00:00+00:00,28.159597,0.31666666,0.23450692,Romania
2024-07-18 00:00:00+00:00,26.423834,1.35,0.238625,Romania
2024-07-19 00:00:00+00:00,25.40925,0.7166667,0.23856246,Romania
2024-07-20 00:00:00+00:00,24.322098,1.5666667,0.23747222,Romania
2024-07-21 00:00:00+00:00,22.179735,9.1,0.24659723,Romania
2024-07-22 00:00:00+00:00,22.475222,0.7666667,0.27980557,Romania
2024-07-23 00:00:00+00:00,23.446054,0.36666667,0.28036115,Romania
2024-07-24 00:00:00+00:00,21.932516,5.4166665,0.27579167,Romania
2024-07-25 00:00:00+00:00,20.02522,4.8833337,0.28209028,Romania
2024-07-26 00:00:00+00:00,19.849874,1.4000001,0.28618056,Romania
2024-07-27 00:00:00+00:00,21.708557,0.1,0.28197917,Romania
2024-07-28 00:00:00+00:00,24.718626,0.0,0.27197224,Romania
2024-07-29 00:00:00+00:00,21.58425,0.26666668,0.26184726,Romania
2024-07-30 00:00:00+00:00,20.452654,0.0,0.25427082,Romania
2024-07-31 00:00:00+00:00,21.015154,0.0,0.24850695,Romania
2024-08-01 00:00:00+00:00,23.445015,0.0,0.2429583,Romania
2024-08-02 00:00:00+00:00,24.537722,0.5333333,0.2378264,Romania
2024-08-03 00:00:00+00:00,22.86307,2.9333332,0.23307638,Romania
2024-08-04 00:00:00+00:00,19.694319,3.8666668,0.23384027,Romania
2024-08-05 00:00:00+00:00,20.897099,1.6166667,0.23565972,Romania
2024-08-06 00:00:00+00:00,18.34015,8.366667,0.24570139,Romania
2024-08-07 00:00:00+00:00,20.255083,0.59999996,0.25875694,Romania
2024-08-08 00:00:00+00:00,22.450224,0.033333335,0.25567362,Romania
2024-08-09 00:00:00+00:00,22.134947,2.6499999,0.25057638,Romania
2024-08-10 00:00:00+00:00,22.533903,0.5166667,0.24886803,Romania
2024-08-11 00:00:00+00:00,23.650915,0.016666668,0.24329858,Romania
2024-08-12 00:00:00+00:00,24.30439,0.11666667,0.23815972,Romania
2024-08-13 00:00:00+00:00,25.343626,0.016666668,0.23343752,Romania
2024-08-14 00:00:00+00:00,24.756472,0.1,0.22752778,Romania
2024-08-15 00:00:00+00:00,25.460295,0.1,0.22213192,Romania
2024-08-16 00:00:00+00:00,25.505777,0.18333332,0.21956944,Romania
2024-08-17 00:00:00+00:00,25.092932,0.5833333,0.22077776,Romania
2024-08-18 00:00:00+00:00,24.548834,1.4666667,0.22237499,Romania
2024-08-19 00:00:00+00:00,25.040848,0.0,0.22176386,Romania
2024-08-20 00:00:00+00:00,24.926264,0.016666668,0.21947221,Romania
2024-08-21 00:00:00+00:00,24.542236,0.36666667,0.21665274,Romania
2024-08-22 00:00:00+00:00,22.857862,0.033333335,0.21421526,Romania
2024-08-23 00:00:00+00:00,22.60578,0.1,0.21222913,Romania
2024-08-24 00:00:00+00:00,23.993277,0.0,0.21160413,Romania
2024-08-25 00:00:00+00:00,24.908556,0.0,0.20917358,Romania
2024-08-26 00:00:00+00:00,25.686333,1.7166666,0.20831943,Romania
2024-08-27 00:00:00+00:00,23.104734,3.25,0.21294443,Romania
2024-08-28 00:00:00+00:00,22.661333,3.0166667,0.21876387,Romania
2024-08-29 00:00:00+00:00,21.796057,4.233333,0.21831942,Romania
2024-08-30 00:00:00+00:00,22.406122,2.8999999,0.2243333,Romania
2024-08-31 00:00:00+00:00,23.050917,0.016666668,0.22803472,Romania
2024-09-01 00:00:00+00:00,22.825224,0.68333334,0.22713195,Romania
2024-09-02 00:00:00+00:00,23.009598,0.016666668,0.22503471,Romania
2024-09-03 00:00:00+00:00,24.126959,0.0,0.22064584,Romania
2024-09-04 00:00:00+00:00,22.017931,0.06666667,0.21927083,Romania
2024-09-05 00:00:00+00:00,20.955431,0.71666664,0.21884722,Romania
2024-09-06 00:00:00+00:00,20.138765,2.3333333,0.21882637,Romania
2024-09-07 00:00:00+00:00,20.493973,0.05,0.21729858,Romania
2024-09-08 00:00:00+00:00,19.294668,0.0,0.2146597,Romania
2024-09-09 00:00:00+00:00,19.177305,1.25,0.21202774,Romania
2024-09-10 00:00:00+00:00,18.44675,5.016667,0.21045138,Romania
2024-09-11 00:00:00+00:00,17.166542,14.666667,0.23020834,Romania
2024-09-12 00:00:00+00:00,17.89779,7.466667,0.2677847,Romania
2024-09-13 00:00:00+00:00,18.223833,2.4833333,0.27783334,Romania
2024-09-14 00:00:00+00:00,14.079043,12.5,0.29999307,Romania
2024-09-15 00:00:00+00:00,12.377999,12.100001,0.3309514,Romania
2024-09-16 00:00:00+00:00,12.7380705,3.8166668,0.35293755,Romania
2024-09-17 00:00:00+00:00,14.557513,2.8166666,0.35375693,Romania
2024-09-18 00:00:00+00:00,15.70543,0.3166667,0.3471111,Romania
2024-09-19 00:00:00+00:00,14.548139,2.1333332,0.34030557,Romania
2024-09-20 00:00:00+00:00,14.365153,0.0,0.33404168,Romania
2024-09-21 00:00:00+00:00,15.341194,0.0,0.32556945,Romania
2024-09-22 00:00:00+00:00,15.92939,0.0,0.31625697,Romania
2024-09-23 00:00:00+00:00,16.392931,0.0,0.30868748,Romania
2024-09-24 00:00:00+00:00,17.424528,0.1,0.30073607,Romania
2024-09-25 00:00:00+00:00,17.433208,0.11666667,0.29383332,Romania
2024-09-26 00:00:00+00:00,18.648832,0.033333335,0.28661114,Romania
2024-09-27 00:00:00+00:00,20.316542,0.0,0.27896526,Romania
2024-09-28 00:00:00+00:00,19.401262,4.7666664,0.2728472,Romania
2024-09-29 00:00:00+00:00,12.691543,23.016668,0.2795625,Romania
2024-09-30 00:00:00+00:00,8.9464035,12.433334,0.34913194,Romania
2024-10-01 00:00:00+00:00,9.242236,3.716667,0.3618125,Romania
2024-10-02 00:00:00+00:00,11.315152,0.0,0.35252082,Romania
2024-10-03 00:00:00+00:00,14.521749,0.5833333,0.3450764,Romania
2024-10-04 00:00:00+00:00,16.719667,3.8999999,0.34843054,Romania
2024-10-05 00:00:00+00:00,15.549876,7.75,0.3535625,Romania
2024-10-06 00:00:00+00:00,13.561681,2.8166666,0.3677847,Romania
2024-10-07 00:00:00+00:00,11.934597,2.15,0.375257,Romania
2024-10-08 00:00:00+00:00,13.77175,0.0,0.3666875,Romania
2024-10-09 00:00:00+00:00,15.162028,0.76666665,0.35735413,Romania
2024-10-10 00:00:00+00:00,16.543974,0.0,0.34861112,Romania
2024-10-11 00:00:00+00:00,15.8734865,2.6666667,0.34227777,Romania
2024-10-12 00:00:00+00:00,11.101265,2.3833334,0.34136808,Romania
2024-10-13 00:00:00+00:00,11.182167,0.033333335,0.34152082,Romania
2024-10-14 00:00:00+00:00,11.400917,0.083333336,0.33759722,Romania
2024-10-15 00:00:00+00:00,10.057861,0.8833334,0.3321111,Romania
2024-10-16 00:00:00+00:00,8.544319,0.2,0.32863888,Romania
2024-10-17 00:00:00+00:00,7.0345974,0.033333335,0.32570836,Romania
2024-10-18 00:00:00+00:00,6.204042,0.0,0.3221319,Romania
2024-10-19 00:00:00+00:00,5.6637635,0.0,0.31819442,Romania
2024-10-20 00:00:00+00:00,5.320361,0.0,0.31403476,Romania
2024-10-21 00:00:00+00:00,6.514112,0.0,0.31055558,Romania
2024-10-22 00:00:00+00:00,8.11793,0.0,0.3095347,Romania
2024-10-23 00:00:00+00:00,9.552305,0.0,0.30965272,Romania
2024-10-24 00:00:00+00:00,8.4852915,0.0,0.306625,Romania
2024-10-25 00:00:00+00:00,8.08425,0.0,0.30224305,Romania
2024-10-26 00:00:00+00:00,8.818973,0.0,0.29873613,Romania
2024-10-27 00:00:00+00:00,11.058556,0.0,0.2947153,Romania
2024-10-28 00:00:00+00:00,12.425223,0.0,0.29098615,Romania
2024-10-29 00:00:00+00:00,10.611681,0.1,0.28822222,Romania
2024-10-30 00:00:00+00:00,10.311681,0.0,0.28449997,Romania
2024-10-31 00:00:00+00:00,10.7589035,0.06666667,0.2812431,Romania
2024-11-01 00:00:00+00:00,10.749528,0.0,0.2765625,Romania
2024-11-02 00:00:00+00:00,10.303348,0.35,0.2730486,Romania
2024-11-03 00:00:00+00:00,4.8512635,0.05,0.27178475,Romania
2024-11-04 00:00:00+00:00,5.4328613,0.0,0.27100003,Romania
2024-11-05 00:00:00+00:00,2.5620277,0.0,0.26858333,Romania
2024-11-06 00:00:00+00:00,3.799528,0.0,0.26602083,Romania
2024-11-07 00:00:00+00:00,4.9002223,0.0,0.26365972,Romania
2024-11-08 00:00:00+00:00,5.137375,0.0,0.26154163,Romania
2024-11-09 00:00:00+00:00,2.9064722,0.35000002,0.26051387,Romania
2024-11-10 00:00:00+00:00,2.5630693,4.166667,0.26116666,Romania
2024-11-11 00:00:00+00:00,2.1807778,1.7166666,0.26659027,Romania
2024-11-12 00:00:00+00:00,1.4509166,2.8333333,0.29649308,Romania
2024-11-13 00:00:00+00:00,2.2387638,0.41666666,0.32982635,Romania
2024-11-14 00:00:00+00:00,1.831472,0.0,0.33385417,Romania
2024-11-15 00:00:00+00:00,1.9405001,0.033333335,0.3361111,Romania
2024-11-16 00:00:00+00:00,1.9523054,0.0,0.33493054,Romania
2024-11-17 00:00:00+00:00,2.3755693,0.0,0.33274305,Romania
2024-11-18 00:00:00+00:00,2.1821668,0.0,0.33114582,Romania
2024-11-19 00:00:00+00:00,4.542583,0.28333333,0.33327782,Romania
2024-11-20 00:00:00+00:00,7.134945,8.083333,0.33594444,Romania
2024-11-21 00:00:00+00:00,0.4446667,9.216666,0.35082638,Romania
2024-11-22 00:00:00+00:00,2.418625,14.500001,0.36235416,Romania
2024-11-23 00:00:00+00:00,-0.16991663,0.96666646,0.37535414,Romania
2024-11-24 00:00:00+00:00,0.47834727,0.05,0.37261108,Romania
2024-11-25 00:00:00+00:00,1.7245278,0.0,0.3707222,Romania
2024-11-26 00:00:00+00:00,1.7634168,0.033333335,0.36811113,Romania
2024-11-27 00:00:00+00:00,2.959944,0.41666666,0.36563194,Romania
2024-11-28 00:00:00+00:00,4.092583,2.8500001,0.36693752,Romania
2024-11-29 00:00:00+00:00,3.364111,9.016667,0.3777986,Romania
2024-11-30 00:00:00+00:00,3.3571665,1.9333333,0.38665974,Romania
2024-12-01 00:00:00+00:00,3.1193197,0.15,0.38504162,Romania
2024-12-02 00:00:00+00:00,1.5700136,0.05,0.3838264,Romania
2024-12-03 00:00:00+00:00,1.4734861,0.0,0.38158333,Romania
2024-12-04 00:00:00+00:00,1.5144583,0.06666667,0.38006946,Romania
2024-12-05 00:00:00+00:00,1.0043889,0.78333336,0.37838888,Romania
2024-12-06 00:00:00+00:00,1.8477917,3.5833333,0.3707986,Romania
2024-12-07 00:00:00+00:00,3.0776527,7.733333,0.37979862,Romania
2024-12-08 00:00:00+00:00,3.2884166,4.183334,0.39952782,Romania
2024-12-09 00:00:00+00:00,3.8130693,13.599999,0.4169375,Romania
2024-12-10 00:00:00+00:00,2.174528,1.4499998,0.41730556,Romania
2024-12-11 00:00:00+00:00,1.5665417,1.2,0.41103473,Romania
2024-12-12 00:00:00+00:00,1.0866805,0.13333334,0.40520832,Romania
2024-12-13 00:00:00+00:00,-0.15325004,0.21666668,0.39913893,Romania
2024-12-14 00:00:00+00:00,0.45161104,1.6333333,0.3938333,Romania
2024-12-15 00:00:00+00:00,1.567236,0.6833332,0.39245832,Romania
2024-12-16 00:00:00+00:00,3.118972,0.35,0.3893611,Romania
2024-12-17 00:00:00+00:00,6.185639,0.033333335,0.38585415,Romania
2024-12-18 00:00:00+00:00,4.360986,0.0,0.3835764,Romania
2024-12-19 00:00:00+00:00,4.326611,0.0,0.38186803,Romania
2024-12-20 00:00:00+00:00,4.568625,2.0,0.38754165,Romania
2024-12-21 00:00:00+00:00,2.143625,2.2499998,0.39653468,Romania
2024-12-22 00:00:00+00:00,-0.015750011,0.033333335,0.39440283,Romania
2024-12-23 00:00:00+00:00,0.023833394,1.5333334,0.39028475,Romania
2024-12-24 00:00:00+00:00,2.1856391,11.366668,0.3959583,Romania
2024-12-25 00:00:00+00:00,2.2255695,2.7333336,0.40609026,Romania
2024-12-26 00:00:00+00:00,0.5977918,0.1,0.3998958,Romania
2024-12-27 00:00:00+00:00,0.37556946,2.65,0.39204863,Romania
2024-12-28 00:00:00+00:00,0.07383338,0.13333334,0.38889584,Romania
2024-12-29 00:00:00+00:00,0.05577777,0.0,0.3851528,Romania
2024-12-30 00:00:00+00:00,0.5644583,0.0,0.3867778,Romania
2024-12-31 00:00:00+00:00,0.85612506,0.0,0.38443747,Romania
