date,temperature_2m_mean,precipitation_sum,soil_moisture_28_to_100cm_mean,name
2021-01-01 00:00:00+00:00,24.035728,32.725,0.45901045,Sabah
2021-01-02 00:00:00+00:00,24.553959,18.625,0.45439586,Sabah
2021-01-03 00:00:00+00:00,24.806044,23.15,0.45617712,Sabah
2021-01-04 00:00:00+00:00,24.749271,22.625004,0.4583333,Sabah
2021-01-05 00:00:00+00:00,24.707085,5.8250003,0.4585625,Sabah
2021-01-06 00:00:00+00:00,23.800835,20.625002,0.46183336,Sabah
2021-01-07 00:00:00+00:00,24.831564,11.725,0.46475002,Sabah
2021-01-08 00:00:00+00:00,25.350315,12.05,0.45881242,Sabah
2021-01-09 00:00:00+00:00,25.34406,14.950001,0.45510417,Sabah
2021-01-10 00:00:00+00:00,25.537292,10.875,0.45415628,Sabah
2021-01-11 00:00:00+00:00,24.333124,72.5,0.46103126,Sabah
2021-01-12 00:00:00+00:00,24.260208,35.649998,0.4563854,Sabah
2021-01-13 00:00:00+00:00,24.477917,24.050001,0.4598125,Sabah
2021-01-14 00:00:00+00:00,24.286251,57.300003,0.46226043,Sabah
2021-01-15 00:00:00+00:00,24.573229,17.5,0.4528021,Sabah
2021-01-16 00:00:00+00:00,24.586771,27.824999,0.45193747,Sabah
2021-01-17 00:00:00+00:00,22.57948,27.65,0.46298957,Sabah
2021-01-18 00:00:00+00:00,24.723228,5.625,0.45322913,Sabah
2021-01-19 00:00:00+00:00,24.383644,18.775002,0.44959378,Sabah
2021-01-20 00:00:00+00:00,24.78104,18.150002,0.4464583,Sabah
2021-01-21 00:00:00+00:00,24.209688,7.5250006,0.45014584,Sabah
2021-01-22 00:00:00+00:00,25.13,5.925,0.44730204,Sabah
2021-01-23 00:00:00+00:00,24.539896,16.7,0.44542712,Sabah
2021-01-24 00:00:00+00:00,25.336771,5.95,0.44429168,Sabah
2021-01-25 00:00:00+00:00,25.448229,4.6,0.4420625,Sabah
2021-01-26 00:00:00+00:00,25.60448,2.5000002,0.4385833,Sabah
2021-01-27 00:00:00+00:00,25.764894,1.9250001,0.43371874,Sabah
2021-01-28 00:00:00+00:00,25.345627,1.8750001,0.42915627,Sabah
2021-01-29 00:00:00+00:00,24.712812,15.224999,0.42644784,Sabah
2021-01-30 00:00:00+00:00,24.061253,22.474997,0.42910418,Sabah
2021-01-31 00:00:00+00:00,23.99771,12.350001,0.43653128,Sabah
2021-02-01 00:00:00+00:00,24.565937,8.349999,0.43954164,Sabah
2021-02-02 00:00:00+00:00,24.501877,12.775,0.44316667,Sabah
2021-02-03 00:00:00+00:00,24.76073,12.275,0.44719788,Sabah
2021-02-04 00:00:00+00:00,24.94719,7.1999993,0.44904166,Sabah
2021-02-05 00:00:00+00:00,23.996147,14.450001,0.4522604,Sabah
2021-02-06 00:00:00+00:00,24.636772,13.125,0.45452085,Sabah
2021-02-07 00:00:00+00:00,25.640936,1.775,0.45330212,Sabah
2021-02-08 00:00:00+00:00,25.38052,7.6499996,0.44980207,Sabah
2021-02-09 00:00:00+00:00,25.307083,10.125,0.4465834,Sabah
2021-02-10 00:00:00+00:00,25.233126,31.85,0.44697917,Sabah
2021-02-11 00:00:00+00:00,24.70396,13.000001,0.44046873,Sabah
2021-02-12 00:00:00+00:00,25.962292,5.9,0.43708336,Sabah
2021-02-13 00:00:00+00:00,24.331562,26.275002,0.4386771,Sabah
2021-02-14 00:00:00+00:00,24.283648,13.4,0.44237503,Sabah
2021-02-15 00:00:00+00:00,25.147709,0.77500004,0.44287503,Sabah
2021-02-16 00:00:00+00:00,25.518541,0.225,0.44018748,Sabah
2021-02-17 00:00:00+00:00,25.526875,4.2749996,0.4375,Sabah
2021-02-18 00:00:00+00:00,25.527395,1.275,0.4348542,Sabah
2021-02-19 00:00:00+00:00,25.409166,2.15,0.4312604,Sabah
2021-02-20 00:00:00+00:00,24.47479,1.6499999,0.428875,Sabah
2021-02-21 00:00:00+00:00,25.31229,0.6,0.4262812,Sabah
2021-02-22 00:00:00+00:00,25.351875,0.65000004,0.4232604,Sabah
2021-02-23 00:00:00+00:00,26.108126,0.3,0.41978127,Sabah
2021-02-24 00:00:00+00:00,25.795103,5.9500003,0.41633335,Sabah
2021-02-25 00:00:00+00:00,25.803959,3.475,0.41203123,Sabah
2021-02-26 00:00:00+00:00,25.331041,14.025,0.4087084,Sabah
2021-02-27 00:00:00+00:00,25.293541,10.525,0.4101771,Sabah
2021-02-28 00:00:00+00:00,25.319063,10.375,0.4121771,Sabah
2021-03-01 00:00:00+00:00,25.697706,7.625,0.41227078,Sabah
2021-03-02 00:00:00+00:00,25.335728,10.974999,0.41295835,Sabah
2021-03-03 00:00:00+00:00,25.508125,4.65,0.41308337,Sabah
2021-03-04 00:00:00+00:00,25.677395,3.4499998,0.4120729,Sabah
2021-03-05 00:00:00+00:00,25.412811,2.725,0.41133332,Sabah
2021-03-06 00:00:00+00:00,25.98,0.5500001,0.40963548,Sabah
2021-03-07 00:00:00+00:00,25.246145,2.3249998,0.4077083,Sabah
2021-03-08 00:00:00+00:00,24.872189,2.7499995,0.40597916,Sabah
2021-03-09 00:00:00+00:00,25.79458,0.82500005,0.40421885,Sabah
2021-03-10 00:00:00+00:00,25.467499,5.9749994,0.40241665,Sabah
2021-03-11 00:00:00+00:00,24.939896,3.0749996,0.40092707,Sabah
2021-03-12 00:00:00+00:00,24.866978,6.6,0.40018752,Sabah
2021-03-13 00:00:00+00:00,25.148228,9.7,0.39953125,Sabah
2021-03-14 00:00:00+00:00,25.135208,9.45,0.4020208,Sabah
2021-03-15 00:00:00+00:00,25.921146,5.55,0.40380207,Sabah
2021-03-16 00:00:00+00:00,25.583645,9.924999,0.40454167,Sabah
2021-03-17 00:00:00+00:00,26.042498,6.45,0.4048229,Sabah
2021-03-18 00:00:00+00:00,25.594063,11.000001,0.4060104,Sabah
2021-03-19 00:00:00+00:00,26.251875,2.9,0.40679166,Sabah
2021-03-20 00:00:00+00:00,26.454481,1.7750001,0.40573955,Sabah
2021-03-21 00:00:00+00:00,25.824272,16.05,0.4058854,Sabah
2021-03-22 00:00:00+00:00,25.197706,10.0,0.40935415,Sabah
2021-03-23 00:00:00+00:00,24.737812,17.0,0.41507286,Sabah
2021-03-24 00:00:00+00:00,25.416979,14.650001,0.4178438,Sabah
2021-03-25 00:00:00+00:00,24.314896,27.675003,0.43017706,Sabah
2021-03-26 00:00:00+00:00,26.000834,4.125,0.43775,Sabah
2021-03-27 00:00:00+00:00,25.69927,3.325,0.43795836,Sabah
2021-03-28 00:00:00+00:00,26.162292,4.0250006,0.4376771,Sabah
2021-03-29 00:00:00+00:00,26.161251,3.8,0.43678126,Sabah
2021-03-30 00:00:00+00:00,26.570107,1.275,0.43509373,Sabah
2021-03-31 00:00:00+00:00,26.196146,4.875,0.43340626,Sabah
2021-04-01 00:00:00+00:00,25.920103,11.900002,0.43289587,Sabah
2021-04-02 00:00:00+00:00,25.265417,9.700001,0.4344479,Sabah
2021-04-03 00:00:00+00:00,25.997707,9.85,0.43563545,Sabah
2021-04-04 00:00:00+00:00,26.284687,5.125,0.43563542,Sabah
2021-04-05 00:00:00+00:00,25.971668,6.725001,0.43461463,Sabah
2021-04-06 00:00:00+00:00,25.907604,1.325,0.4336354,Sabah
2021-04-07 00:00:00+00:00,25.946146,7.6000004,0.43227085,Sabah
2021-04-08 00:00:00+00:00,24.988855,16.675001,0.43415624,Sabah
2021-04-09 00:00:00+00:00,24.86073,10.450001,0.43802088,Sabah
2021-04-10 00:00:00+00:00,25.545628,7.05,0.44037497,Sabah
2021-04-11 00:00:00+00:00,25.289375,16.475,0.44055212,Sabah
2021-04-12 00:00:00+00:00,25.630001,9.5,0.4416979,Sabah
2021-04-13 00:00:00+00:00,25.821667,5.85,0.44231248,Sabah
2021-04-14 00:00:00+00:00,26.091978,3.9,0.44179162,Sabah
2021-04-15 00:00:00+00:00,25.773228,1.825,0.44272912,Sabah
2021-04-16 00:00:00+00:00,25.750834,8.8,0.44246873,Sabah
2021-04-17 00:00:00+00:00,26.412292,2.375,0.4416041,Sabah
2021-04-18 00:00:00+00:00,26.455,0.6750001,0.4394271,Sabah
2021-04-19 00:00:00+00:00,25.695105,1.3,0.43624997,Sabah
2021-04-20 00:00:00+00:00,26.82948,0.05,0.4330208,Sabah
2021-04-21 00:00:00+00:00,26.764374,1.3499999,0.42936456,Sabah
2021-04-22 00:00:00+00:00,26.485207,2.825,0.42626038,Sabah
2021-04-23 00:00:00+00:00,26.125834,5.075,0.42277086,Sabah
2021-04-24 00:00:00+00:00,25.576353,14.849999,0.42130208,Sabah
2021-04-25 00:00:00+00:00,25.371145,15.825001,0.4207917,Sabah
2021-04-26 00:00:00+00:00,25.424793,14.1,0.4220625,Sabah
2021-04-27 00:00:00+00:00,25.219582,12.925,0.42405203,Sabah
2021-04-28 00:00:00+00:00,25.279999,14.450001,0.42665622,Sabah
2021-04-29 00:00:00+00:00,25.348228,7.7000003,0.4296458,Sabah
2021-04-30 00:00:00+00:00,26.223228,5.425,0.43172917,Sabah
2021-05-01 00:00:00+00:00,26.134687,8.25,0.43068746,Sabah
2021-05-02 00:00:00+00:00,25.627918,10.224999,0.43119794,Sabah
2021-05-03 00:00:00+00:00,25.277916,16.975,0.43421876,Sabah
2021-05-04 00:00:00+00:00,25.839895,11.375,0.43682298,Sabah
2021-05-05 00:00:00+00:00,25.78521,18.45,0.4411771,Sabah
2021-05-06 00:00:00+00:00,25.672709,10.125,0.44738543,Sabah
2021-05-07 00:00:00+00:00,25.09198,23.549997,0.45309377,Sabah
2021-05-08 00:00:00+00:00,25.32375,3.325,0.4541667,Sabah
2021-05-09 00:00:00+00:00,25.275833,13.0,0.4556042,Sabah
2021-05-10 00:00:00+00:00,25.928959,8.35,0.45575,Sabah
2021-05-11 00:00:00+00:00,25.69875,11.525,0.45165625,Sabah
2021-05-12 00:00:00+00:00,26.059166,15.725,0.44869787,Sabah
2021-05-13 00:00:00+00:00,25.900833,17.575,0.45195836,Sabah
2021-05-14 00:00:00+00:00,26.09927,14.65,0.45429167,Sabah
2021-05-15 00:00:00+00:00,25.827917,16.45,0.4558854,Sabah
2021-05-16 00:00:00+00:00,26.359688,9.625001,0.45465618,Sabah
2021-05-17 00:00:00+00:00,26.09823,13.625,0.45556247,Sabah
2021-05-18 00:00:00+00:00,25.882605,12.275,0.45558336,Sabah
2021-05-19 00:00:00+00:00,25.212814,34.75,0.458875,Sabah
2021-05-20 00:00:00+00:00,25.285728,6.2749996,0.45990625,Sabah
2021-05-21 00:00:00+00:00,25.283127,9.7,0.45880204,Sabah
2021-05-22 00:00:00+00:00,25.934687,14.05,0.45766667,Sabah
2021-05-23 00:00:00+00:00,25.354479,14.724999,0.46077088,Sabah
2021-05-24 00:00:00+00:00,26.074791,9.9,0.46186462,Sabah
2021-05-25 00:00:00+00:00,25.723751,7.4249997,0.4597292,Sabah
2021-05-26 00:00:00+00:00,26.340416,3.45,0.45667708,Sabah
2021-05-27 00:00:00+00:00,26.654478,4.5,0.4523021,Sabah
2021-05-28 00:00:00+00:00,26.426876,8.474999,0.44883332,Sabah
2021-05-29 00:00:00+00:00,26.53104,7.6749997,0.4476458,Sabah
2021-05-30 00:00:00+00:00,26.196148,11.525,0.44762498,Sabah
2021-05-31 00:00:00+00:00,26.126875,19.849998,0.45028126,Sabah
2021-06-01 00:00:00+00:00,25.595627,7.325,0.4532917,Sabah
2021-06-02 00:00:00+00:00,26.444063,4.45,0.45339584,Sabah
2021-06-03 00:00:00+00:00,26.732605,1.9000002,0.45346874,Sabah
2021-06-04 00:00:00+00:00,27.097187,1.3000001,0.45062494,Sabah
2021-06-05 00:00:00+00:00,27.090937,1.875,0.4466979,Sabah
2021-06-06 00:00:00+00:00,25.864374,11.875,0.44389582,Sabah
2021-06-07 00:00:00+00:00,25.672709,10.1,0.44075,Sabah
2021-06-08 00:00:00+00:00,25.41646,14.100001,0.44300002,Sabah
2021-06-09 00:00:00+00:00,25.442501,3.85,0.44748962,Sabah
2021-06-10 00:00:00+00:00,25.784687,7.5750003,0.44701037,Sabah
2021-06-11 00:00:00+00:00,25.71906,13.800001,0.44805208,Sabah
2021-06-12 00:00:00+00:00,25.523232,24.275,0.4502396,Sabah
2021-06-13 00:00:00+00:00,24.109688,25.425,0.45700005,Sabah
2021-06-14 00:00:00+00:00,25.37271,4.1500006,0.4564479,Sabah
2021-06-15 00:00:00+00:00,25.651354,11.85,0.45447913,Sabah
2021-06-16 00:00:00+00:00,25.669582,10.700001,0.452198,Sabah
2021-06-17 00:00:00+00:00,25.907082,4.225,0.45005214,Sabah
2021-06-18 00:00:00+00:00,25.164898,8.35,0.44933337,Sabah
2021-06-19 00:00:00+00:00,25.593544,3.8249998,0.44905213,Sabah
2021-06-20 00:00:00+00:00,25.637812,11.05,0.44752082,Sabah
2021-06-21 00:00:00+00:00,25.103436,9.075,0.44827083,Sabah
2021-06-22 00:00:00+00:00,25.250834,12.95,0.44940633,Sabah
2021-06-23 00:00:00+00:00,25.793543,5.35,0.44882292,Sabah
2021-06-24 00:00:00+00:00,25.758125,7.1,0.4466563,Sabah
2021-06-25 00:00:00+00:00,25.675835,6.2250004,0.44427085,Sabah
2021-06-26 00:00:00+00:00,25.82427,9.625,0.4425208,Sabah
2021-06-27 00:00:00+00:00,25.226875,13.975,0.44068754,Sabah
2021-06-28 00:00:00+00:00,24.702394,7.325,0.44054165,Sabah
2021-06-29 00:00:00+00:00,25.428438,8.049999,0.43900004,Sabah
2021-06-30 00:00:00+00:00,25.57948,5.525,0.43745837,Sabah
2021-07-01 00:00:00+00:00,25.033646,15.425,0.4386562,Sabah
2021-07-02 00:00:00+00:00,25.015419,7.1,0.4407604,Sabah
2021-07-03 00:00:00+00:00,25.282082,3.375,0.4429375,Sabah
2021-07-04 00:00:00+00:00,25.542498,21.35,0.44234377,Sabah
2021-07-05 00:00:00+00:00,25.578436,25.0,0.44591668,Sabah
2021-07-06 00:00:00+00:00,24.624792,9.975,0.45077085,Sabah
2021-07-07 00:00:00+00:00,25.180521,15.250001,0.45453128,Sabah
2021-07-08 00:00:00+00:00,24.954998,18.449999,0.45902085,Sabah
2021-07-09 00:00:00+00:00,24.651875,17.575,0.46360412,Sabah
2021-07-10 00:00:00+00:00,25.729479,5.625001,0.46161455,Sabah
2021-07-11 00:00:00+00:00,25.914375,6.025,0.45990625,Sabah
2021-07-12 00:00:00+00:00,25.731041,5.775,0.45738545,Sabah
2021-07-13 00:00:00+00:00,25.397709,12.500002,0.4551667,Sabah
2021-07-14 00:00:00+00:00,25.387293,25.25,0.45622918,Sabah
2021-07-15 00:00:00+00:00,25.644062,0.79999995,0.46280208,Sabah
2021-07-16 00:00:00+00:00,25.583126,0.2,0.46010417,Sabah
2021-07-17 00:00:00+00:00,26.39198,4.1499996,0.45640624,Sabah
2021-07-18 00:00:00+00:00,26.801355,2.55,0.4515208,Sabah
2021-07-19 00:00:00+00:00,25.968023,0.35000002,0.44705206,Sabah
2021-07-20 00:00:00+00:00,26.81073,0.8,0.443,Sabah
2021-07-21 00:00:00+00:00,27.158646,0.075,0.43908337,Sabah
2021-07-22 00:00:00+00:00,27.357082,0.22500002,0.43497917,Sabah
2021-07-23 00:00:00+00:00,27.547707,0.05,0.43110415,Sabah
2021-07-24 00:00:00+00:00,27.636774,0.6,0.42640626,Sabah
2021-07-25 00:00:00+00:00,27.722187,1.6750001,0.42165625,Sabah
2021-07-26 00:00:00+00:00,27.028439,4.825,0.41731244,Sabah
2021-07-27 00:00:00+00:00,27.41021,0.45000002,0.41247916,Sabah
2021-07-28 00:00:00+00:00,27.232603,3.1499999,0.40894797,Sabah
2021-07-29 00:00:00+00:00,26.940418,12.325,0.40608335,Sabah
2021-07-30 00:00:00+00:00,26.955002,3.5249999,0.40377083,Sabah
2021-07-31 00:00:00+00:00,26.91229,4.7250004,0.402,Sabah
2021-08-01 00:00:00+00:00,26.528437,13.375,0.39924997,Sabah
2021-08-02 00:00:00+00:00,26.697708,9.0,0.396698,Sabah
2021-08-03 00:00:00+00:00,26.99823,3.6000001,0.3948333,Sabah
2021-08-04 00:00:00+00:00,27.021667,4.0750003,0.39269793,Sabah
2021-08-05 00:00:00+00:00,26.713854,6.275,0.3915104,Sabah
2021-08-06 00:00:00+00:00,26.757605,1.775,0.3914792,Sabah
2021-08-07 00:00:00+00:00,26.71073,11.775,0.38948962,Sabah
2021-08-08 00:00:00+00:00,26.059689,0.5,0.38796878,Sabah
2021-08-09 00:00:00+00:00,26.674793,8.55,0.38558337,Sabah
2021-08-10 00:00:00+00:00,25.650833,2.0,0.38312504,Sabah
2021-08-11 00:00:00+00:00,25.58052,12.625,0.38333336,Sabah
2021-08-12 00:00:00+00:00,25.98677,5.625,0.38355204,Sabah
2021-08-13 00:00:00+00:00,25.498749,10.875,0.3851354,Sabah
2021-08-14 00:00:00+00:00,25.120106,16.9,0.3887396,Sabah
2021-08-15 00:00:00+00:00,24.913334,17.5,0.39337504,Sabah
2021-08-16 00:00:00+00:00,25.17948,8.925,0.39791664,Sabah
2021-08-17 00:00:00+00:00,25.237814,11.775001,0.4024271,Sabah
2021-08-18 00:00:00+00:00,26.051353,2.9499998,0.40523958,Sabah
2021-08-19 00:00:00+00:00,25.631042,10.3,0.40615624,Sabah
2021-08-20 00:00:00+00:00,25.500313,8.75,0.40796873,Sabah
2021-08-21 00:00:00+00:00,24.816978,25.474998,0.4119792,Sabah
2021-08-22 00:00:00+00:00,24.959164,18.0,0.42116666,Sabah
2021-08-23 00:00:00+00:00,24.69198,9.025001,0.42416668,Sabah
2021-08-24 00:00:00+00:00,24.978437,14.950001,0.42645836,Sabah
2021-08-25 00:00:00+00:00,24.939373,11.450001,0.4301771,Sabah
2021-08-26 00:00:00+00:00,25.163334,11.575001,0.43500006,Sabah
2021-08-27 00:00:00+00:00,25.072708,8.150001,0.4409479,Sabah
2021-08-28 00:00:00+00:00,25.092499,17.775002,0.44302082,Sabah
2021-08-29 00:00:00+00:00,24.504478,6.325,0.44674996,Sabah
2021-08-30 00:00:00+00:00,25.495626,11.875001,0.44561455,Sabah
2021-08-31 00:00:00+00:00,25.195625,11.7,0.4491354,Sabah
2021-09-01 00:00:00+00:00,25.01802,19.15,0.45066667,Sabah
2021-09-02 00:00:00+00:00,25.446144,10.65,0.45037505,Sabah
2021-09-03 00:00:00+00:00,24.931562,19.775,0.45279163,Sabah
2021-09-04 00:00:00+00:00,24.505001,6.65,0.45641667,Sabah
2021-09-05 00:00:00+00:00,25.469063,12.975,0.45597914,Sabah
2021-09-06 00:00:00+00:00,24.997189,13.0,0.45710415,Sabah
2021-09-07 00:00:00+00:00,25.67948,16.050001,0.4573021,Sabah
2021-09-08 00:00:00+00:00,25.139894,5.3499994,0.4598542,Sabah
2021-09-09 00:00:00+00:00,25.707603,2.1000001,0.45821875,Sabah
2021-09-10 00:00:00+00:00,26.352396,8.075,0.45471883,Sabah
2021-09-11 00:00:00+00:00,25.494583,14.8,0.45192713,Sabah
2021-09-12 00:00:00+00:00,25.493021,10.175,0.45012498,Sabah
2021-09-13 00:00:00+00:00,24.556044,5.3,0.44979167,Sabah
2021-09-14 00:00:00+00:00,25.596666,6.0999994,0.44914588,Sabah
2021-09-15 00:00:00+00:00,25.208126,14.174999,0.45029163,Sabah
2021-09-16 00:00:00+00:00,24.124268,6.75,0.45212504,Sabah
2021-09-17 00:00:00+00:00,25.451357,0.225,0.4505104,Sabah
2021-09-18 00:00:00+00:00,25.820103,17.525002,0.44824994,Sabah
2021-09-19 00:00:00+00:00,25.924791,16.225,0.44831246,Sabah
2021-09-20 00:00:00+00:00,24.59927,31.074999,0.4554167,Sabah
2021-09-21 00:00:00+00:00,24.257082,13.175,0.46102086,Sabah
2021-09-22 00:00:00+00:00,25.152397,9.775,0.46114582,Sabah
2021-09-23 00:00:00+00:00,25.314896,11.35,0.45998955,Sabah
2021-09-24 00:00:00+00:00,25.851357,6.875,0.4588333,Sabah
2021-09-25 00:00:00+00:00,25.189896,17.525,0.45738542,Sabah
2021-09-26 00:00:00+00:00,25.465416,7.9,0.45598966,Sabah
2021-09-27 00:00:00+00:00,26.136251,4.6,0.45293754,Sabah
2021-09-28 00:00:00+00:00,26.377918,9.700001,0.44996879,Sabah
2021-09-29 00:00:00+00:00,26.094063,8.150001,0.44855213,Sabah
2021-09-30 00:00:00+00:00,26.16073,8.599999,0.44904166,Sabah
2021-10-01 00:00:00+00:00,25.711771,15.2,0.45002082,Sabah
2021-10-02 00:00:00+00:00,25.546667,13.65,0.45250002,Sabah
2021-10-03 00:00:00+00:00,25.371147,8.325001,0.4530937,Sabah
2021-10-04 00:00:00+00:00,24.959686,10.25,0.45240626,Sabah
2021-10-05 00:00:00+00:00,25.863853,2.7749999,0.4506146,Sabah
2021-10-06 00:00:00+00:00,25.730522,14.475,0.44781256,Sabah
2021-10-07 00:00:00+00:00,26.246666,3.85,0.44428128,Sabah
2021-10-08 00:00:00+00:00,25.846666,8.825,0.4421875,Sabah
2021-10-09 00:00:00+00:00,27.007084,0.52500004,0.44059372,Sabah
2021-10-10 00:00:00+00:00,26.754478,2.15,0.43764585,Sabah
2021-10-11 00:00:00+00:00,27.424273,0.32500002,0.43411455,Sabah
2021-10-12 00:00:00+00:00,27.520626,0.3,0.43488538,Sabah
2021-10-13 00:00:00+00:00,27.17427,3.1,0.43540627,Sabah
2021-10-14 00:00:00+00:00,26.561771,7.6499996,0.43227082,Sabah
2021-10-15 00:00:00+00:00,26.163334,6.925,0.42819795,Sabah
2021-10-16 00:00:00+00:00,26.342499,13.200001,0.42378125,Sabah
2021-10-17 00:00:00+00:00,26.083126,3.1750002,0.4238854,Sabah
2021-10-18 00:00:00+00:00,26.097187,10.025001,0.42575002,Sabah
2021-10-19 00:00:00+00:00,24.836771,20.075,0.43327084,Sabah
2021-10-20 00:00:00+00:00,24.845625,12.1,0.44241667,Sabah
2021-10-21 00:00:00+00:00,24.755001,17.475002,0.4493021,Sabah
2021-10-22 00:00:00+00:00,24.91021,38.574997,0.4581354,Sabah
2021-10-23 00:00:00+00:00,23.47479,12.975001,0.46360418,Sabah
2021-10-24 00:00:00+00:00,25.558645,6.625,0.4576875,Sabah
2021-10-25 00:00:00+00:00,25.650833,17.625,0.4535729,Sabah
2021-10-26 00:00:00+00:00,25.148228,9.075001,0.45155215,Sabah
2021-10-27 00:00:00+00:00,25.808125,17.975,0.44905207,Sabah
2021-10-28 00:00:00+00:00,25.294062,7.1,0.4469583,Sabah
2021-10-29 00:00:00+00:00,25.780521,4.8,0.44512498,Sabah
2021-10-30 00:00:00+00:00,25.851357,8.2,0.4428021,Sabah
2021-10-31 00:00:00+00:00,24.934166,14.000001,0.44267708,Sabah
2021-11-01 00:00:00+00:00,24.860727,13.85,0.44229165,Sabah
2021-11-02 00:00:00+00:00,24.949795,15.874999,0.4442812,Sabah
2021-11-03 00:00:00+00:00,25.314375,11.975,0.44594795,Sabah
2021-11-04 00:00:00+00:00,25.251877,14.125,0.44867712,Sabah
2021-11-05 00:00:00+00:00,25.403957,9.75,0.44908333,Sabah
2021-11-06 00:00:00+00:00,25.38469,8.675,0.45024994,Sabah
2021-11-07 00:00:00+00:00,25.855522,14.674999,0.4510208,Sabah
2021-11-08 00:00:00+00:00,24.997189,14.650001,0.45177087,Sabah
2021-11-09 00:00:00+00:00,24.03677,31.175001,0.46051043,Sabah
2021-11-10 00:00:00+00:00,25.808645,1.7750001,0.4643333,Sabah
2021-11-11 00:00:00+00:00,25.447708,21.175001,0.46183336,Sabah
2021-11-12 00:00:00+00:00,24.491457,18.725,0.4646355,Sabah
2021-11-13 00:00:00+00:00,24.557083,10.375,0.4661458,Sabah
2021-11-14 00:00:00+00:00,25.250313,14.875,0.46465623,Sabah
2021-11-15 00:00:00+00:00,24.927397,11.050001,0.4639688,Sabah
2021-11-16 00:00:00+00:00,24.188852,21.525002,0.46671873,Sabah
2021-11-17 00:00:00+00:00,24.244583,6.35,0.4657292,Sabah
2021-11-18 00:00:00+00:00,25.826874,5.25,0.4619688,Sabah
2021-11-19 00:00:00+00:00,26.406044,2.225,0.4567916,Sabah
2021-11-20 00:00:00+00:00,25.4675,8.700001,0.452875,Sabah
2021-11-21 00:00:00+00:00,25.21125,9.575001,0.45174995,Sabah
2021-11-22 00:00:00+00:00,25.789896,12.575,0.44906253,Sabah
2021-11-23 00:00:00+00:00,25.28104,15.25,0.4489271,Sabah
2021-11-24 00:00:00+00:00,25.116457,12.275001,0.45142707,Sabah
2021-11-25 00:00:00+00:00,25.020105,12.150001,0.45073956,Sabah
2021-11-26 00:00:00+00:00,24.855518,7.6,0.45254165,Sabah
2021-11-27 00:00:00+00:00,25.658646,6.7999997,0.45221877,Sabah
2021-11-28 00:00:00+00:00,25.001354,23.825,0.451125,Sabah
2021-11-29 00:00:00+00:00,24.784164,16.475,0.45349994,Sabah
2021-11-30 00:00:00+00:00,24.882603,5.4,0.45552084,Sabah
2021-12-01 00:00:00+00:00,25.989899,13.875,0.45312506,Sabah
2021-12-02 00:00:00+00:00,25.34198,4.675,0.45041662,Sabah
2021-12-03 00:00:00+00:00,25.140938,8.725,0.4478125,Sabah
2021-12-04 00:00:00+00:00,25.149271,15.375002,0.44763544,Sabah
2021-12-05 00:00:00+00:00,25.061249,20.825,0.448875,Sabah
2021-12-06 00:00:00+00:00,24.445103,16.025002,0.45426047,Sabah
2021-12-07 00:00:00+00:00,25.146147,0.3,0.45736456,Sabah
2021-12-08 00:00:00+00:00,26.358124,2.175,0.45403123,Sabah
2021-12-09 00:00:00+00:00,24.614376,12.375001,0.45202088,Sabah
2021-12-10 00:00:00+00:00,24.389894,29.575,0.45790625,Sabah
2021-12-11 00:00:00+00:00,24.105522,16.5,0.45596877,Sabah
2021-12-12 00:00:00+00:00,24.847187,4.5,0.45396882,Sabah
2021-12-13 00:00:00+00:00,25.670626,8.2,0.44618753,Sabah
2021-12-14 00:00:00+00:00,25.895626,4.2,0.43928126,Sabah
2021-12-15 00:00:00+00:00,25.845102,2.675,0.4336354,Sabah
2021-12-16 00:00:00+00:00,26.565418,0.52500004,0.42847916,Sabah
2021-12-17 00:00:00+00:00,26.496664,1.3499999,0.42305213,Sabah
2021-12-18 00:00:00+00:00,26.102919,14.150001,0.41895837,Sabah
2021-12-19 00:00:00+00:00,25.319584,11.650001,0.41718748,Sabah
2021-12-20 00:00:00+00:00,26.11073,1.475,0.41797918,Sabah
2021-12-21 00:00:00+00:00,25.788855,1.775,0.41703126,Sabah
2021-12-22 00:00:00+00:00,25.057604,7.9749994,0.4155729,Sabah
2021-12-23 00:00:00+00:00,24.853958,7.625,0.41442704,Sabah
2021-12-24 00:00:00+00:00,24.89302,7.325001,0.41365626,Sabah
2021-12-25 00:00:00+00:00,25.608126,3.75,0.41200003,Sabah
2021-12-26 00:00:00+00:00,25.278957,5.725,0.41133332,Sabah
2021-12-27 00:00:00+00:00,24.139374,16.075,0.4122604,Sabah
2021-12-28 00:00:00+00:00,24.014374,14.950001,0.41587496,Sabah
2021-12-29 00:00:00+00:00,24.349792,11.224999,0.42001042,Sabah
2021-12-30 00:00:00+00:00,24.476355,9.150001,0.42259374,Sabah
2021-12-31 00:00:00+00:00,24.189896,23.175,0.42684376,Sabah
2022-01-01 00:00:00+00:00,23.353436,37.574997,0.44395834,Sabah
2022-01-02 00:00:00+00:00,23.418541,19.050003,0.45379165,Sabah
2022-01-03 00:00:00+00:00,23.812813,17.475002,0.4592604,Sabah
2022-01-04 00:00:00+00:00,24.081041,15.0,0.4580417,Sabah
2022-01-05 00:00:00+00:00,24.834167,6.2749996,0.45825,Sabah
2022-01-06 00:00:00+00:00,24.484688,9.55,0.45856258,Sabah
2022-01-07 00:00:00+00:00,24.705,11.325,0.45747915,Sabah
2022-01-08 00:00:00+00:00,24.733126,5.9,0.45397913,Sabah
2022-01-09 00:00:00+00:00,25.295624,1.5749999,0.44873962,Sabah
2022-01-10 00:00:00+00:00,25.779999,0.6,0.44285417,Sabah
2022-01-11 00:00:00+00:00,25.69302,1.1,0.4374063,Sabah
2022-01-12 00:00:00+00:00,25.190937,4.05,0.43263543,Sabah
2022-01-13 00:00:00+00:00,24.801353,2.975,0.4286667,Sabah
2022-01-14 00:00:00+00:00,24.700832,6.7,0.4255938,Sabah
2022-01-15 00:00:00+00:00,24.905521,5.2499995,0.4240625,Sabah
2022-01-16 00:00:00+00:00,24.74406,8.8,0.4227917,Sabah
2022-01-17 00:00:00+00:00,23.732082,18.2,0.4276458,Sabah
2022-01-18 00:00:00+00:00,24.133125,6.475,0.43338543,Sabah
2022-01-19 00:00:00+00:00,24.328438,9.9000025,0.43737495,Sabah
2022-01-20 00:00:00+00:00,23.476873,37.524998,0.4491042,Sabah
2022-01-21 00:00:00+00:00,23.275314,20.975,0.45609373,Sabah
2022-01-22 00:00:00+00:00,24.825832,3.3000002,0.4558334,Sabah
2022-01-23 00:00:00+00:00,25.588333,2.7,0.45388544,Sabah
2022-01-24 00:00:00+00:00,25.897186,3.35,0.45071873,Sabah
2022-01-25 00:00:00+00:00,25.426876,9.150001,0.44713545,Sabah
2022-01-26 00:00:00+00:00,24.647709,12.475,0.4467083,Sabah
2022-01-27 00:00:00+00:00,25.001875,16.325,0.44641668,Sabah
2022-01-28 00:00:00+00:00,24.800312,3.125,0.4455833,Sabah
2022-01-29 00:00:00+00:00,25.195107,1.95,0.4439167,Sabah
2022-01-30 00:00:00+00:00,25.422188,3.175,0.44097915,Sabah
2022-01-31 00:00:00+00:00,25.63104,0.575,0.43749994,Sabah
2022-02-01 00:00:00+00:00,25.038853,3.0749998,0.43405205,Sabah
2022-02-02 00:00:00+00:00,25.029478,3.7749999,0.43054163,Sabah
2022-02-03 00:00:00+00:00,25.659166,0.75000006,0.4273646,Sabah
2022-02-04 00:00:00+00:00,24.43677,13.125001,0.42495835,Sabah
2022-02-05 00:00:00+00:00,24.50396,17.6,0.4235938,Sabah
2022-02-06 00:00:00+00:00,24.527916,11.525,0.42781243,Sabah
2022-02-07 00:00:00+00:00,25.657082,2.475,0.42756245,Sabah
2022-02-08 00:00:00+00:00,24.301353,21.449999,0.4301146,Sabah
2022-02-09 00:00:00+00:00,24.614374,10.799999,0.43446875,Sabah
2022-02-10 00:00:00+00:00,24.496145,15.574999,0.43985415,Sabah
2022-02-11 00:00:00+00:00,24.399792,9.35,0.44498956,Sabah
2022-02-12 00:00:00+00:00,24.11177,42.625,0.4482292,Sabah
2022-02-13 00:00:00+00:00,24.38677,5.7749996,0.4501042,Sabah
2022-02-14 00:00:00+00:00,25.091978,3.9500003,0.44103125,Sabah
2022-02-15 00:00:00+00:00,25.559689,2.325,0.43701047,Sabah
2022-02-16 00:00:00+00:00,25.314898,4.8,0.43265623,Sabah
2022-02-17 00:00:00+00:00,25.705002,0.2,0.4282604,Sabah
2022-02-18 00:00:00+00:00,25.81073,1.0,0.42409372,Sabah
2022-02-19 00:00:00+00:00,25.083124,15.875,0.4209479,Sabah
2022-02-20 00:00:00+00:00,23.269062,28.8,0.42462498,Sabah
2022-02-21 00:00:00+00:00,23.702917,8.225,0.42963538,Sabah
2022-02-22 00:00:00+00:00,24.42271,1.475,0.44190627,Sabah
2022-02-23 00:00:00+00:00,25.396147,0.6,0.44131255,Sabah
2022-02-24 00:00:00+00:00,25.908125,0.9000001,0.43867713,Sabah
2022-02-25 00:00:00+00:00,24.381561,6.7250004,0.43598962,Sabah
2022-02-26 00:00:00+00:00,25.32375,3.5249999,0.43451038,Sabah
2022-02-27 00:00:00+00:00,24.26177,18.375002,0.43498957,Sabah
2022-02-28 00:00:00+00:00,24.321669,12.675,0.43843752,Sabah
2022-03-01 00:00:00+00:00,24.765415,7.325,0.44264585,Sabah
2022-03-02 00:00:00+00:00,23.991457,17.2,0.44842708,Sabah
2022-03-03 00:00:00+00:00,25.738335,4.3,0.4510312,Sabah
2022-03-04 00:00:00+00:00,25.034687,6.55,0.45062503,Sabah
2022-03-05 00:00:00+00:00,24.791458,7.4999995,0.44946876,Sabah
2022-03-06 00:00:00+00:00,25.506561,8.6,0.4481979,Sabah
2022-03-07 00:00:00+00:00,25.406563,9.775,0.44840625,Sabah
2022-03-08 00:00:00+00:00,25.493542,5.3250003,0.44663545,Sabah
2022-03-09 00:00:00+00:00,23.671669,36.925,0.45690632,Sabah
2022-03-10 00:00:00+00:00,25.924269,3.1749997,0.45795828,Sabah
2022-03-11 00:00:00+00:00,25.33625,9.575,0.45531252,Sabah
2022-03-12 00:00:00+00:00,25.288334,9.1,0.455,Sabah
2022-03-13 00:00:00+00:00,25.15448,10.049999,0.45576042,Sabah
2022-03-14 00:00:00+00:00,25.933125,7.099999,0.45419788,Sabah
2022-03-15 00:00:00+00:00,25.586771,9.25,0.45278117,Sabah
2022-03-16 00:00:00+00:00,25.640938,13.599999,0.45287496,Sabah
2022-03-17 00:00:00+00:00,25.382086,15.174999,0.45216665,Sabah
2022-03-18 00:00:00+00:00,25.107605,12.475,0.45933324,Sabah
2022-03-19 00:00:00+00:00,24.783125,20.55,0.46528125,Sabah
2022-03-20 00:00:00+00:00,24.723751,30.050001,0.46768755,Sabah
2022-03-21 00:00:00+00:00,24.467499,7.125,0.46742707,Sabah
2022-03-22 00:00:00+00:00,24.87271,12.825001,0.4644687,Sabah
2022-03-23 00:00:00+00:00,25.59198,2.3249998,0.4626667,Sabah
2022-03-24 00:00:00+00:00,25.986773,2.4750001,0.45879167,Sabah
2022-03-25 00:00:00+00:00,26.233124,1.375,0.454,Sabah
2022-03-26 00:00:00+00:00,26.557606,0.975,0.44916666,Sabah
2022-03-27 00:00:00+00:00,24.942501,8.750001,0.44433337,Sabah
2022-03-28 00:00:00+00:00,24.51073,8.925,0.44105205,Sabah
2022-03-29 00:00:00+00:00,25.177916,17.175,0.4394896,Sabah
2022-03-30 00:00:00+00:00,25.401876,1.825,0.43965626,Sabah
2022-03-31 00:00:00+00:00,25.89875,4.35,0.43831253,Sabah
2022-04-01 00:00:00+00:00,26.012814,7.15,0.43651044,Sabah
2022-04-02 00:00:00+00:00,25.274794,8.549999,0.4357291,Sabah
2022-04-03 00:00:00+00:00,24.351353,15.7,0.43866667,Sabah
2022-04-04 00:00:00+00:00,24.831043,18.300001,0.44205207,Sabah
2022-04-05 00:00:00+00:00,24.810728,19.900002,0.44564584,Sabah
2022-04-06 00:00:00+00:00,24.662292,9.025,0.45024997,Sabah
2022-04-07 00:00:00+00:00,25.016457,16.300001,0.45572913,Sabah
2022-04-08 00:00:00+00:00,25.516457,5.9,0.4587187,Sabah
2022-04-09 00:00:00+00:00,25.28,12.800001,0.45962495,Sabah
2022-04-10 00:00:00+00:00,26.115938,1.275,0.459625,Sabah
2022-04-11 00:00:00+00:00,26.059166,1.0250001,0.45661452,Sabah
2022-04-12 00:00:00+00:00,26.343021,5.3250003,0.45309377,Sabah
2022-04-13 00:00:00+00:00,25.732082,1.6500001,0.44943756,Sabah
2022-04-14 00:00:00+00:00,25.762291,1.8750001,0.44544792,Sabah
2022-04-15 00:00:00+00:00,26.300312,1.75,0.4412812,Sabah
2022-04-16 00:00:00+00:00,25.718021,2.275,0.4373854,Sabah
2022-04-17 00:00:00+00:00,26.382605,2.075,0.4333541,Sabah
2022-04-18 00:00:00+00:00,26.995104,1.1,0.4288542,Sabah
2022-04-19 00:00:00+00:00,25.370104,22.250002,0.42583334,Sabah
2022-04-20 00:00:00+00:00,24.948229,9.525,0.42484376,Sabah
2022-04-21 00:00:00+00:00,25.540417,7.625,0.42511463,Sabah
2022-04-22 00:00:00+00:00,25.441978,11.225,0.42650002,Sabah
2022-04-23 00:00:00+00:00,25.743021,7.55,0.42723966,Sabah
2022-04-24 00:00:00+00:00,25.920101,6.825,0.42731255,Sabah
2022-04-25 00:00:00+00:00,25.565418,14.725,0.4271146,Sabah
2022-04-26 00:00:00+00:00,25.956562,13.050001,0.42853123,Sabah
2022-04-27 00:00:00+00:00,24.457083,35.55,0.4372292,Sabah
2022-04-28 00:00:00+00:00,25.427397,5.25,0.4493333,Sabah
2022-04-29 00:00:00+00:00,25.919064,4.0499997,0.4496875,Sabah
2022-04-30 00:00:00+00:00,25.62271,12.325001,0.4484896,Sabah
2022-05-01 00:00:00+00:00,26.321146,4.625,0.44822922,Sabah
2022-05-02 00:00:00+00:00,26.099792,10.400001,0.4478125,Sabah
2022-05-03 00:00:00+00:00,26.890415,1.725,0.4482395,Sabah
2022-05-04 00:00:00+00:00,26.044064,14.3,0.44818747,Sabah
2022-05-05 00:00:00+00:00,25.045105,15.125001,0.4538229,Sabah
2022-05-06 00:00:00+00:00,25.844582,15.0,0.45796874,Sabah
2022-05-07 00:00:00+00:00,26.041979,5.75,0.4580417,Sabah
2022-05-08 00:00:00+00:00,25.762814,19.25,0.45901042,Sabah
2022-05-09 00:00:00+00:00,25.11073,28.375,0.46746874,Sabah
2022-05-10 00:00:00+00:00,24.936773,15.849999,0.46831253,Sabah
2022-05-11 00:00:00+00:00,26.204477,15.475,0.4671146,Sabah
2022-05-12 00:00:00+00:00,25.069584,25.15,0.4663542,Sabah
2022-05-13 00:00:00+00:00,25.265936,15.825,0.46395835,Sabah
2022-05-14 00:00:00+00:00,25.689375,16.525,0.46317708,Sabah
2022-05-15 00:00:00+00:00,25.475834,25.3,0.46259382,Sabah
2022-05-16 00:00:00+00:00,25.87948,18.900002,0.4594167,Sabah
2022-05-17 00:00:00+00:00,25.034166,18.45,0.458625,Sabah
2022-05-18 00:00:00+00:00,25.227394,14.5,0.45813546,Sabah
2022-05-19 00:00:00+00:00,25.772709,12.775001,0.45596877,Sabah
2022-05-20 00:00:00+00:00,24.968542,21.375,0.4550625,Sabah
2022-05-21 00:00:00+00:00,25.23,23.000002,0.4530729,Sabah
2022-05-22 00:00:00+00:00,24.945625,13.224999,0.4536667,Sabah
2022-05-23 00:00:00+00:00,24.862293,18.900002,0.45795828,Sabah
2022-05-24 00:00:00+00:00,25.787292,5.55,0.45865625,Sabah
2022-05-25 00:00:00+00:00,25.847187,11.675,0.4563125,Sabah
2022-05-26 00:00:00+00:00,25.277918,11.15,0.4544167,Sabah
2022-05-27 00:00:00+00:00,24.115936,17.475,0.45880213,Sabah
2022-05-28 00:00:00+00:00,25.571667,8.7,0.45768753,Sabah
2022-05-29 00:00:00+00:00,25.854479,2.9,0.45378125,Sabah
2022-05-30 00:00:00+00:00,26.400831,1.6,0.44904172,Sabah
2022-05-31 00:00:00+00:00,26.046146,8.125,0.44444793,Sabah
2022-06-01 00:00:00+00:00,26.178436,3.3,0.43928126,Sabah
2022-06-02 00:00:00+00:00,25.733644,5.325,0.43509376,Sabah
2022-06-03 00:00:00+00:00,25.43729,8.425,0.43232292,Sabah
2022-06-04 00:00:00+00:00,25.500313,4.475,0.42831248,Sabah
2022-06-05 00:00:00+00:00,25.572187,3.8,0.42468745,Sabah
2022-06-06 00:00:00+00:00,25.571146,8.3,0.4215,Sabah
2022-06-07 00:00:00+00:00,25.351355,13.8,0.41834372,Sabah
2022-06-08 00:00:00+00:00,26.011772,3.6,0.41506258,Sabah
2022-06-09 00:00:00+00:00,25.63729,19.900002,0.4126354,Sabah
2022-06-10 00:00:00+00:00,24.115417,14.05,0.41219792,Sabah
2022-06-11 00:00:00+00:00,25.566978,3.65,0.41153127,Sabah
2022-06-12 00:00:00+00:00,26.025833,3.025,0.40920836,Sabah
2022-06-13 00:00:00+00:00,25.555521,7.0000005,0.40753123,Sabah
2022-06-14 00:00:00+00:00,24.743021,8.35,0.4071979,Sabah
2022-06-15 00:00:00+00:00,24.839897,10.6,0.40676042,Sabah
2022-06-16 00:00:00+00:00,24.701355,14.725,0.4085,Sabah
2022-06-17 00:00:00+00:00,25.34094,6.675,0.41129166,Sabah
2022-06-18 00:00:00+00:00,24.883127,20.075,0.4131146,Sabah
2022-06-19 00:00:00+00:00,25.050833,8.65,0.4142292,Sabah
2022-06-20 00:00:00+00:00,25.098751,10.025,0.41483328,Sabah
2022-06-21 00:00:00+00:00,24.220627,20.925,0.4165833,Sabah
2022-06-22 00:00:00+00:00,24.803438,15.275001,0.41944793,Sabah
2022-06-23 00:00:00+00:00,25.302917,7.65,0.42260417,Sabah
2022-06-24 00:00:00+00:00,25.247189,13.05,0.42554164,Sabah
2022-06-25 00:00:00+00:00,25.415937,1.775,0.42742705,Sabah
2022-06-26 00:00:00+00:00,25.953438,8.225,0.42592713,Sabah
2022-06-27 00:00:00+00:00,25.102917,10.65,0.42434373,Sabah
2022-06-28 00:00:00+00:00,25.561771,8.650001,0.42401046,Sabah
2022-06-29 00:00:00+00:00,25.78521,9.099999,0.42433333,Sabah
2022-06-30 00:00:00+00:00,25.732084,4.4,0.4256666,Sabah
2022-07-01 00:00:00+00:00,26.148228,7.625,0.42690626,Sabah
2022-07-02 00:00:00+00:00,26.045105,8.375,0.4268542,Sabah
2022-07-03 00:00:00+00:00,25.731045,18.025,0.4284896,Sabah
2022-07-04 00:00:00+00:00,24.97427,9.0,0.43012503,Sabah
2022-07-05 00:00:00+00:00,24.783646,20.300001,0.43245837,Sabah
2022-07-06 00:00:00+00:00,25.021666,20.025,0.4350834,Sabah
2022-07-07 00:00:00+00:00,25.58625,5.4999995,0.43545833,Sabah
2022-07-08 00:00:00+00:00,24.825314,13.124999,0.4351146,Sabah
2022-07-09 00:00:00+00:00,24.90552,20.675001,0.4355,Sabah
2022-07-10 00:00:00+00:00,25.840416,19.05,0.43829164,Sabah
2022-07-11 00:00:00+00:00,25.911774,1.6250001,0.434125,Sabah
2022-07-12 00:00:00+00:00,25.518543,19.575,0.4316666,Sabah
2022-07-13 00:00:00+00:00,24.931042,16.400002,0.4312187,Sabah
2022-07-14 00:00:00+00:00,24.61073,5.525,0.43251047,Sabah
2022-07-15 00:00:00+00:00,24.472187,29.975,0.43554166,Sabah
2022-07-16 00:00:00+00:00,25.434166,23.9,0.43842706,Sabah
2022-07-17 00:00:00+00:00,25.152914,7.425,0.44410416,Sabah
2022-07-18 00:00:00+00:00,25.043541,3.8000002,0.44609374,Sabah
2022-07-19 00:00:00+00:00,25.196146,11.150001,0.4453125,Sabah
2022-07-20 00:00:00+00:00,25.261251,14.325001,0.4444166,Sabah
2022-07-21 00:00:00+00:00,26.103436,4.4,0.44303128,Sabah
2022-07-22 00:00:00+00:00,25.09927,11.924999,0.44265622,Sabah
2022-07-23 00:00:00+00:00,25.466457,10.65,0.44212502,Sabah
2022-07-24 00:00:00+00:00,25.56073,7.45,0.4395104,Sabah
2022-07-25 00:00:00+00:00,25.584686,4.125,0.43840623,Sabah
2022-07-26 00:00:00+00:00,25.151356,20.125,0.44270837,Sabah
2022-07-27 00:00:00+00:00,25.06073,21.050001,0.44229168,Sabah
2022-07-28 00:00:00+00:00,25.27948,19.125,0.44487497,Sabah
2022-07-29 00:00:00+00:00,25.774792,8.275,0.4455833,Sabah
2022-07-30 00:00:00+00:00,25.56177,9.375,0.44397914,Sabah
2022-07-31 00:00:00+00:00,24.521666,17.750002,0.44603124,Sabah
2022-08-01 00:00:00+00:00,24.979479,11.925,0.4492291,Sabah
2022-08-02 00:00:00+00:00,25.331562,8.275001,0.44997916,Sabah
2022-08-03 00:00:00+00:00,25.230518,20.8,0.45121878,Sabah
2022-08-04 00:00:00+00:00,25.217499,12.25,0.45143753,Sabah
2022-08-05 00:00:00+00:00,24.73573,18.0,0.45310423,Sabah
2022-08-06 00:00:00+00:00,24.43677,10.225,0.4587605,Sabah
2022-08-07 00:00:00+00:00,24.762291,6.924999,0.45927083,Sabah
2022-08-08 00:00:00+00:00,25.438334,19.25,0.45710415,Sabah
2022-08-09 00:00:00+00:00,25.646667,8.3,0.4559167,Sabah
2022-08-10 00:00:00+00:00,25.45917,11.775001,0.45584372,Sabah
2022-08-11 00:00:00+00:00,25.803436,4.375,0.4554688,Sabah
2022-08-12 00:00:00+00:00,26.094063,3.975,0.45392713,Sabah
2022-08-13 00:00:00+00:00,26.255001,6.300001,0.45174998,Sabah
2022-08-14 00:00:00+00:00,25.269062,12.700001,0.44986457,Sabah
2022-08-15 00:00:00+00:00,25.324791,25.45,0.44847918,Sabah
2022-08-16 00:00:00+00:00,24.956562,24.225,0.44990626,Sabah
2022-08-17 00:00:00+00:00,25.380001,10.525,0.4515313,Sabah
2022-08-18 00:00:00+00:00,24.676876,20.825,0.45128125,Sabah
2022-08-19 00:00:00+00:00,25.357605,8.775,0.4495104,Sabah
2022-08-20 00:00:00+00:00,25.640938,8.0,0.4475729,Sabah
2022-08-21 00:00:00+00:00,25.63521,9.7,0.4449063,Sabah
2022-08-22 00:00:00+00:00,25.656563,11.075001,0.44243753,Sabah
2022-08-23 00:00:00+00:00,25.544062,14.975,0.44180217,Sabah
2022-08-24 00:00:00+00:00,24.70552,18.050001,0.44129163,Sabah
2022-08-25 00:00:00+00:00,24.739895,17.825,0.44385415,Sabah
2022-08-26 00:00:00+00:00,24.2925,19.400002,0.44898963,Sabah
2022-08-27 00:00:00+00:00,25.1675,5.6249995,0.4510105,Sabah
2022-08-28 00:00:00+00:00,25.086248,7.125,0.45214584,Sabah
2022-08-29 00:00:00+00:00,25.602396,3.4250002,0.45183334,Sabah
2022-08-30 00:00:00+00:00,24.714895,13.05,0.45276046,Sabah
2022-08-31 00:00:00+00:00,24.558125,14.225,0.4530521,Sabah
2022-09-01 00:00:00+00:00,25.070625,12.525,0.45022914,Sabah
2022-09-02 00:00:00+00:00,25.387291,11.35,0.4471876,Sabah
2022-09-03 00:00:00+00:00,25.305523,11.049999,0.44489577,Sabah
2022-09-04 00:00:00+00:00,25.068018,31.199997,0.44679165,Sabah
2022-09-05 00:00:00+00:00,23.856041,28.274998,0.44897914,Sabah
2022-09-06 00:00:00+00:00,24.509167,2.725,0.45324993,Sabah
2022-09-07 00:00:00+00:00,25.09198,15.55,0.4534375,Sabah
2022-09-08 00:00:00+00:00,25.294584,20.199999,0.45331246,Sabah
2022-09-09 00:00:00+00:00,25.002916,12.850001,0.45183328,Sabah
2022-09-10 00:00:00+00:00,24.934168,21.0,0.4504896,Sabah
2022-09-11 00:00:00+00:00,24.603436,10.975,0.4498021,Sabah
2022-09-12 00:00:00+00:00,25.40656,3.85,0.44841662,Sabah
2022-09-13 00:00:00+00:00,25.56177,4.75,0.4459375,Sabah
2022-09-14 00:00:00+00:00,25.271147,15.724999,0.4450937,Sabah
2022-09-15 00:00:00+00:00,24.826353,13.9,0.44551045,Sabah
2022-09-16 00:00:00+00:00,25.96177,1.1500001,0.44591665,Sabah
2022-09-17 00:00:00+00:00,25.14875,15.375002,0.44458333,Sabah
2022-09-18 00:00:00+00:00,25.602919,9.300001,0.4433021,Sabah
2022-09-19 00:00:00+00:00,25.371145,10.35,0.4427604,Sabah
2022-09-20 00:00:00+00:00,25.180521,12.675,0.4406146,Sabah
2022-09-21 00:00:00+00:00,24.347708,14.225,0.44030207,Sabah
2022-09-22 00:00:00+00:00,25.213333,6.9750004,0.44001043,Sabah
2022-09-23 00:00:00+00:00,26.065416,4.975,0.43939576,Sabah
2022-09-24 00:00:00+00:00,25.514894,18.150002,0.43877083,Sabah
2022-09-25 00:00:00+00:00,25.47271,2.4999998,0.43844795,Sabah
2022-09-26 00:00:00+00:00,25.514896,15.325001,0.43697917,Sabah
2022-09-27 00:00:00+00:00,25.714893,4.275,0.43696874,Sabah
2022-09-28 00:00:00+00:00,25.475313,16.275002,0.43726036,Sabah
2022-09-29 00:00:00+00:00,25.626354,13.4,0.43749997,Sabah
2022-09-30 00:00:00+00:00,25.355522,2.3999999,0.43738538,Sabah
2022-10-01 00:00:00+00:00,25.497189,5.0,0.43798953,Sabah
2022-10-02 00:00:00+00:00,24.827917,23.625,0.44062498,Sabah
2022-10-03 00:00:00+00:00,24.813854,18.225,0.4413125,Sabah
2022-10-04 00:00:00+00:00,24.920624,11.675,0.44337505,Sabah
2022-10-05 00:00:00+00:00,25.561249,4.425,0.4430521,Sabah
2022-10-06 00:00:00+00:00,24.952915,20.075,0.4434271,Sabah
2022-10-07 00:00:00+00:00,24.743542,20.075,0.44708335,Sabah
2022-10-08 00:00:00+00:00,24.935207,23.825,0.4503021,Sabah
2022-10-09 00:00:00+00:00,24.462292,15.2,0.45169795,Sabah
2022-10-10 00:00:00+00:00,25.624271,2.8999999,0.4520417,Sabah
2022-10-11 00:00:00+00:00,25.593021,7.575,0.45052084,Sabah
2022-10-12 00:00:00+00:00,25.24302,9.075,0.44836456,Sabah
2022-10-13 00:00:00+00:00,25.457605,23.725,0.44646877,Sabah
2022-10-14 00:00:00+00:00,25.376356,7.7999997,0.4444375,Sabah
2022-10-15 00:00:00+00:00,25.83625,23.349998,0.44273964,Sabah
2022-10-16 00:00:00+00:00,25.585207,6.5,0.4419062,Sabah
2022-10-17 00:00:00+00:00,24.993021,20.375002,0.4439583,Sabah
2022-10-18 00:00:00+00:00,25.138334,29.55,0.44597918,Sabah
2022-10-19 00:00:00+00:00,24.321669,15.450001,0.45089588,Sabah
2022-10-20 00:00:00+00:00,24.833124,20.75,0.4575625,Sabah
2022-10-21 00:00:00+00:00,24.682602,21.800001,0.45960414,Sabah
2022-10-22 00:00:00+00:00,24.978958,23.8,0.46289593,Sabah
2022-10-23 00:00:00+00:00,24.674269,23.425003,0.4659896,Sabah
2022-10-24 00:00:00+00:00,24.796144,22.175001,0.46745837,Sabah
2022-10-25 00:00:00+00:00,25.259167,13.375,0.4655208,Sabah
2022-10-26 00:00:00+00:00,25.187813,11.475,0.4640209,Sabah
2022-10-27 00:00:00+00:00,24.83729,17.600002,0.46308333,Sabah
2022-10-28 00:00:00+00:00,25.038855,11.450001,0.46195838,Sabah
2022-10-29 00:00:00+00:00,25.884686,15.200001,0.46156245,Sabah
2022-10-30 00:00:00+00:00,26.257084,22.975,0.4615625,Sabah
2022-10-31 00:00:00+00:00,25.290417,34.975,0.4627292,Sabah
2022-11-01 00:00:00+00:00,25.001354,7.75,0.46056253,Sabah
2022-11-02 00:00:00+00:00,24.66698,18.625,0.45665628,Sabah
2022-11-03 00:00:00+00:00,25.427917,6.5499997,0.45282298,Sabah
2022-11-04 00:00:00+00:00,25.409689,16.15,0.44915628,Sabah
2022-11-05 00:00:00+00:00,24.831041,13.200001,0.44871873,Sabah
2022-11-06 00:00:00+00:00,25.35656,8.275001,0.44836456,Sabah
2022-11-07 00:00:00+00:00,24.95448,10.5,0.44585416,Sabah
2022-11-08 00:00:00+00:00,25.062292,11.950001,0.44472918,Sabah
2022-11-09 00:00:00+00:00,25.124792,9.174999,0.4428437,Sabah
2022-11-10 00:00:00+00:00,25.508125,7.975001,0.440375,Sabah
2022-11-11 00:00:00+00:00,25.072706,10.825,0.4388125,Sabah
2022-11-12 00:00:00+00:00,25.295624,20.0,0.44097918,Sabah
2022-11-13 00:00:00+00:00,25.387812,8.0,0.44190618,Sabah
2022-11-14 00:00:00+00:00,24.546146,21.775,0.4430208,Sabah
2022-11-15 00:00:00+00:00,25.26177,9.575,0.44194794,Sabah
2022-11-16 00:00:00+00:00,25.172188,8.625,0.4396042,Sabah
2022-11-17 00:00:00+00:00,24.908125,8.35,0.43930215,Sabah
2022-11-18 00:00:00+00:00,25.197186,25.325,0.43836454,Sabah
2022-11-19 00:00:00+00:00,24.866457,8.575,0.4406771,Sabah
2022-11-20 00:00:00+00:00,25.470102,30.974997,0.44542706,Sabah
2022-11-21 00:00:00+00:00,24.925833,18.050001,0.44893745,Sabah
2022-11-22 00:00:00+00:00,24.638855,11.875,0.45115626,Sabah
2022-11-23 00:00:00+00:00,25.195625,12.725,0.45125002,Sabah
2022-11-24 00:00:00+00:00,24.598227,18.85,0.45222917,Sabah
2022-11-25 00:00:00+00:00,25.00969,14.05,0.45327085,Sabah
2022-11-26 00:00:00+00:00,24.772188,5.425,0.4531354,Sabah
2022-11-27 00:00:00+00:00,24.523748,11.825002,0.45551044,Sabah
2022-11-28 00:00:00+00:00,25.905521,1.8,0.45612493,Sabah
2022-11-29 00:00:00+00:00,25.333126,7.0750003,0.45439592,Sabah
2022-11-30 00:00:00+00:00,25.013332,21.149998,0.45464584,Sabah
2022-12-01 00:00:00+00:00,24.656563,16.425,0.45756254,Sabah
2022-12-02 00:00:00+00:00,24.50552,16.375,0.4584375,Sabah
2022-12-03 00:00:00+00:00,25.375835,3.0,0.45660412,Sabah
2022-12-04 00:00:00+00:00,26.095627,4.225,0.45381248,Sabah
2022-12-05 00:00:00+00:00,24.606564,16.65,0.4519375,Sabah
2022-12-06 00:00:00+00:00,24.500313,7.35,0.45245838,Sabah
2022-12-07 00:00:00+00:00,24.596146,19.225,0.455625,Sabah
2022-12-08 00:00:00+00:00,24.94354,6.5249996,0.45437497,Sabah
2022-12-09 00:00:00+00:00,25.281563,6.7249994,0.45194787,Sabah
2022-12-10 00:00:00+00:00,25.083124,10.025,0.44925004,Sabah
2022-12-11 00:00:00+00:00,25.459166,3.8000002,0.4476875,Sabah
2022-12-12 00:00:00+00:00,25.3175,7.65,0.44623962,Sabah
2022-12-13 00:00:00+00:00,25.362814,4.2,0.44546872,Sabah
2022-12-14 00:00:00+00:00,25.06958,4.3,0.44404167,Sabah
2022-12-15 00:00:00+00:00,24.46073,13.5,0.4437292,Sabah
2022-12-16 00:00:00+00:00,25.609688,3.625,0.44408333,Sabah
2022-12-17 00:00:00+00:00,24.655521,10.05,0.44523954,Sabah
2022-12-18 00:00:00+00:00,24.801353,10.475,0.44614583,Sabah
2022-12-19 00:00:00+00:00,24.709688,10.6,0.4483333,Sabah
2022-12-20 00:00:00+00:00,24.840937,7.6749997,0.44941667,Sabah
2022-12-21 00:00:00+00:00,25.421146,8.475,0.4490625,Sabah
2022-12-22 00:00:00+00:00,25.276354,21.025002,0.4500208,Sabah
2022-12-23 00:00:00+00:00,24.15604,36.35,0.46016666,Sabah
2022-12-24 00:00:00+00:00,24.038855,18.749998,0.46412504,Sabah
2022-12-25 00:00:00+00:00,24.718021,13.225002,0.462125,Sabah
2022-12-26 00:00:00+00:00,24.686253,10.125,0.45945835,Sabah
2022-12-27 00:00:00+00:00,25.020624,2.1750002,0.45560417,Sabah
2022-12-28 00:00:00+00:00,24.722708,2.1249998,0.4505938,Sabah
2022-12-29 00:00:00+00:00,25.241455,3.9499998,0.44663548,Sabah
2022-12-30 00:00:00+00:00,25.144062,13.000001,0.44386458,Sabah
2022-12-31 00:00:00+00:00,25.11177,2.5749998,0.44213545,Sabah
2023-01-01 00:00:00+00:00,26.197708,2.275,0.437375,Sabah
2023-01-02 00:00:00+00:00,25.146667,6.9999995,0.43403122,Sabah
2023-01-03 00:00:00+00:00,23.997707,7.9500003,0.43282288,Sabah
2023-01-04 00:00:00+00:00,25.624792,9.25,0.43270832,Sabah
2023-01-05 00:00:00+00:00,25.558647,6.3499994,0.43316662,Sabah
2023-01-06 00:00:00+00:00,25.427917,11.4,0.43531254,Sabah
2023-01-07 00:00:00+00:00,24.584167,13.275001,0.43621877,Sabah
2023-01-08 00:00:00+00:00,24.551876,7.425,0.44193748,Sabah
2023-01-09 00:00:00+00:00,24.68,3.5750003,0.445625,Sabah
2023-01-10 00:00:00+00:00,24.991459,6.475,0.44490626,Sabah
2023-01-11 00:00:00+00:00,25.043541,3.5,0.44405207,Sabah
2023-01-12 00:00:00+00:00,25.112291,9.200001,0.44204164,Sabah
2023-01-13 00:00:00+00:00,25.95552,1.0500001,0.43988538,Sabah
2023-01-14 00:00:00+00:00,25.796146,0.95000005,0.43699998,Sabah
2023-01-15 00:00:00+00:00,26.37948,0.375,0.43297917,Sabah
2023-01-16 00:00:00+00:00,25.743021,2.425,0.42839587,Sabah
2023-01-17 00:00:00+00:00,25.646667,3.325,0.42453125,Sabah
2023-01-18 00:00:00+00:00,25.115417,6.9,0.42136455,Sabah
2023-01-19 00:00:00+00:00,24.58469,8.599999,0.4208021,Sabah
2023-01-20 00:00:00+00:00,24.763855,4.75,0.4216771,Sabah
2023-01-21 00:00:00+00:00,24.078959,12.1,0.4222083,Sabah
2023-01-22 00:00:00+00:00,24.505,14.525001,0.42480206,Sabah
2023-01-23 00:00:00+00:00,24.147707,24.750002,0.43123958,Sabah
2023-01-24 00:00:00+00:00,23.897709,26.075,0.4394062,Sabah
2023-01-25 00:00:00+00:00,23.684166,28.0,0.45565626,Sabah
2023-01-26 00:00:00+00:00,25.171146,5.3,0.4593854,Sabah
2023-01-27 00:00:00+00:00,24.755,10.849999,0.4592084,Sabah
2023-01-28 00:00:00+00:00,24.93156,17.825,0.46105206,Sabah
2023-01-29 00:00:00+00:00,24.652395,10.125,0.45980212,Sabah
2023-01-30 00:00:00+00:00,24.883125,11.525001,0.45695826,Sabah
2023-01-31 00:00:00+00:00,24.672188,14.300001,0.4556771,Sabah
2023-02-01 00:00:00+00:00,24.172188,26.8,0.45742708,Sabah
2023-02-02 00:00:00+00:00,25.1175,13.275001,0.45608333,Sabah
2023-02-03 00:00:00+00:00,24.689898,6.6749997,0.45351034,Sabah
2023-02-04 00:00:00+00:00,25.037811,4.075,0.4499479,Sabah
2023-02-05 00:00:00+00:00,25.859167,1.2,0.44520834,Sabah
2023-02-06 00:00:00+00:00,25.638336,1.7750001,0.44080207,Sabah
2023-02-07 00:00:00+00:00,25.407084,5.1000004,0.4370209,Sabah
2023-02-08 00:00:00+00:00,23.70552,11.875001,0.4334479,Sabah
2023-02-09 00:00:00+00:00,25.395105,2.175,0.4298125,Sabah
2023-02-10 00:00:00+00:00,24.802914,11.225,0.42803127,Sabah
2023-02-11 00:00:00+00:00,25.834688,1.45,0.42684376,Sabah
2023-02-12 00:00:00+00:00,25.93625,1.0,0.42414588,Sabah
2023-02-13 00:00:00+00:00,25.63052,1.1,0.4208854,Sabah
2023-02-14 00:00:00+00:00,25.56125,0.40000004,0.41767707,Sabah
2023-02-15 00:00:00+00:00,24.813854,22.45,0.41544792,Sabah
2023-02-16 00:00:00+00:00,23.733124,18.35,0.4176042,Sabah
2023-02-17 00:00:00+00:00,24.630001,3.85,0.4203646,Sabah
2023-02-18 00:00:00+00:00,25.506042,5.2749996,0.4219584,Sabah
2023-02-19 00:00:00+00:00,25.411251,14.325001,0.4221875,Sabah
2023-02-20 00:00:00+00:00,24.923748,6.025,0.42723954,Sabah
2023-02-21 00:00:00+00:00,25.904999,0.25,0.4285521,Sabah
2023-02-22 00:00:00+00:00,25.540937,1.4,0.42703125,Sabah
2023-02-23 00:00:00+00:00,26.041979,1.0500001,0.42540628,Sabah
2023-02-24 00:00:00+00:00,25.535208,14.0,0.42353123,Sabah
2023-02-25 00:00:00+00:00,24.860207,10.075001,0.42175,Sabah
2023-02-26 00:00:00+00:00,24.109167,13.65,0.4276458,Sabah
2023-02-27 00:00:00+00:00,24.718021,15.4,0.43425,Sabah
2023-02-28 00:00:00+00:00,24.860209,4.2749996,0.44531253,Sabah
2023-03-01 00:00:00+00:00,25.251354,4.375,0.44651037,Sabah
2023-03-02 00:00:00+00:00,24.616459,9.750001,0.44539586,Sabah
2023-03-03 00:00:00+00:00,25.162292,4.4750004,0.44870842,Sabah
2023-03-04 00:00:00+00:00,25.173231,6.65,0.44794792,Sabah
2023-03-05 00:00:00+00:00,24.968021,11.175,0.44676048,Sabah
2023-03-06 00:00:00+00:00,25.007605,5.225,0.4459792,Sabah
2023-03-07 00:00:00+00:00,24.896147,7.85,0.4459375,Sabah
2023-03-08 00:00:00+00:00,25.6175,4.05,0.4445625,Sabah
2023-03-09 00:00:00+00:00,25.931562,1.8999999,0.4424271,Sabah
2023-03-10 00:00:00+00:00,25.533646,2.1499999,0.43959376,Sabah
2023-03-11 00:00:00+00:00,25.638855,0.57500005,0.4362291,Sabah
2023-03-12 00:00:00+00:00,25.6175,0.05,0.43260416,Sabah
2023-03-13 00:00:00+00:00,25.326355,0.25,0.4289375,Sabah
2023-03-14 00:00:00+00:00,25.628437,0.725,0.42513543,Sabah
2023-03-15 00:00:00+00:00,25.81125,3.55,0.42136458,Sabah
2023-03-16 00:00:00+00:00,25.899792,4.8499994,0.41922915,Sabah
2023-03-17 00:00:00+00:00,25.987291,6.0250006,0.4166354,Sabah
2023-03-18 00:00:00+00:00,25.43521,8.700001,0.41358334,Sabah
2023-03-19 00:00:00+00:00,26.314377,2.025,0.41070837,Sabah
2023-03-20 00:00:00+00:00,25.84927,4.3499994,0.40814584,Sabah
2023-03-21 00:00:00+00:00,25.227396,15.225,0.40775,Sabah
2023-03-22 00:00:00+00:00,25.46906,1.025,0.40708327,Sabah
2023-03-23 00:00:00+00:00,26.343021,2.625,0.40540624,Sabah
2023-03-24 00:00:00+00:00,25.813335,15.025001,0.403875,Sabah
2023-03-25 00:00:00+00:00,25.624792,13.800001,0.40308335,Sabah
2023-03-26 00:00:00+00:00,25.451355,15.650002,0.40519786,Sabah
2023-03-27 00:00:00+00:00,25.701878,1.725,0.40779173,Sabah
2023-03-28 00:00:00+00:00,25.40604,13.000001,0.40791667,Sabah
2023-03-29 00:00:00+00:00,25.177395,11.2,0.4093125,Sabah
2023-03-30 00:00:00+00:00,24.755522,21.35,0.41429168,Sabah
2023-03-31 00:00:00+00:00,24.872189,29.5,0.41980213,Sabah
2023-04-01 00:00:00+00:00,24.861252,21.55,0.43101043,Sabah
2023-04-02 00:00:00+00:00,24.95552,15.800001,0.4356875,Sabah
2023-04-03 00:00:00+00:00,25.340416,8.799999,0.43804166,Sabah
2023-04-04 00:00:00+00:00,24.92427,9.650001,0.4399792,Sabah
2023-04-05 00:00:00+00:00,25.585207,6.375,0.44048953,Sabah
2023-04-06 00:00:00+00:00,25.70552,5.05,0.43899998,Sabah
2023-04-07 00:00:00+00:00,25.374271,5.425,0.43826044,Sabah
2023-04-08 00:00:00+00:00,25.952915,0.65000004,0.4372604,Sabah
2023-04-09 00:00:00+00:00,26.246147,1.775,0.43423957,Sabah
2023-04-10 00:00:00+00:00,25.507605,6.2,0.43110415,Sabah
2023-04-11 00:00:00+00:00,26.150314,2.0749998,0.42820832,Sabah
2023-04-12 00:00:00+00:00,26.000832,6.15,0.42443746,Sabah
2023-04-13 00:00:00+00:00,26.271667,8.075001,0.42059377,Sabah
2023-04-14 00:00:00+00:00,26.060728,3.8,0.41781253,Sabah
2023-04-15 00:00:00+00:00,26.014898,5.525,0.41541666,Sabah
2023-04-16 00:00:00+00:00,25.285208,18.974998,0.4146042,Sabah
2023-04-17 00:00:00+00:00,25.47271,10.85,0.41619793,Sabah
2023-04-18 00:00:00+00:00,26.214375,3.375,0.4171875,Sabah
2023-04-19 00:00:00+00:00,26.78,1.125,0.4155833,Sabah
2023-04-20 00:00:00+00:00,26.859167,0.6,0.41283336,Sabah
2023-04-21 00:00:00+00:00,26.825314,1.75,0.40976042,Sabah
2023-04-22 00:00:00+00:00,26.92323,0.62500006,0.40588546,Sabah
2023-04-23 00:00:00+00:00,27.253435,0.6,0.40151048,Sabah
2023-04-24 00:00:00+00:00,26.901875,4.225,0.39925,Sabah
2023-04-25 00:00:00+00:00,26.75448,3.3000002,0.3961875,Sabah
2023-04-26 00:00:00+00:00,26.471668,8.275,0.39466667,Sabah
2023-04-27 00:00:00+00:00,26.31021,3.4499998,0.39350003,Sabah
2023-04-28 00:00:00+00:00,27.228958,1.4,0.39077085,Sabah
2023-04-29 00:00:00+00:00,26.237293,10.275,0.38874996,Sabah
2023-04-30 00:00:00+00:00,25.647188,9.35,0.38820836,Sabah
2023-05-01 00:00:00+00:00,26.74875,2.6999998,0.3877396,Sabah
2023-05-02 00:00:00+00:00,26.287811,9.85,0.38695827,Sabah
2023-05-03 00:00:00+00:00,26.715416,16.075,0.38642704,Sabah
2023-05-04 00:00:00+00:00,26.271667,3.675,0.3867708,Sabah
2023-05-05 00:00:00+00:00,25.741978,24.800001,0.38966662,Sabah
2023-05-06 00:00:00+00:00,26.088856,7.9,0.39369792,Sabah
2023-05-07 00:00:00+00:00,26.256561,12.375,0.3977083,Sabah
2023-05-08 00:00:00+00:00,26.41021,8.225,0.40255213,Sabah
2023-05-09 00:00:00+00:00,26.733646,5.0499997,0.4053333,Sabah
2023-05-10 00:00:00+00:00,26.722187,0.95,0.40460408,Sabah
2023-05-11 00:00:00+00:00,27.218542,0.95000005,0.40318745,Sabah
2023-05-12 00:00:00+00:00,27.507086,0.725,0.40091667,Sabah
2023-05-13 00:00:00+00:00,27.105522,3.85,0.39859372,Sabah
2023-05-14 00:00:00+00:00,26.281565,23.275,0.39698958,Sabah
2023-05-15 00:00:00+00:00,26.231043,10.325001,0.39715627,Sabah
2023-05-16 00:00:00+00:00,26.607605,7.4750004,0.39676046,Sabah
2023-05-17 00:00:00+00:00,26.455,7.5,0.39584377,Sabah
2023-05-18 00:00:00+00:00,25.883125,14.1,0.39677083,Sabah
2023-05-19 00:00:00+00:00,26.121668,9.225,0.39818746,Sabah
2023-05-20 00:00:00+00:00,25.287292,13.1,0.4011979,Sabah
2023-05-21 00:00:00+00:00,25.833124,9.1,0.40665624,Sabah
2023-05-22 00:00:00+00:00,25.996147,8.0,0.40847918,Sabah
2023-05-23 00:00:00+00:00,25.426357,18.475,0.4103854,Sabah
2023-05-24 00:00:00+00:00,25.457083,22.825,0.41396877,Sabah
2023-05-25 00:00:00+00:00,25.199791,18.724998,0.42004168,Sabah
2023-05-26 00:00:00+00:00,25.162815,20.225,0.42402083,Sabah
2023-05-27 00:00:00+00:00,25.971668,10.700001,0.42534378,Sabah
2023-05-28 00:00:00+00:00,26.428957,3.75,0.4252917,Sabah
2023-05-29 00:00:00+00:00,26.36177,11.075001,0.4241875,Sabah
2023-05-30 00:00:00+00:00,26.465939,6.0999994,0.42258334,Sabah
2023-05-31 00:00:00+00:00,27.32375,0.95000005,0.42106253,Sabah
2023-06-01 00:00:00+00:00,27.231564,10.700001,0.4197188,Sabah
2023-06-02 00:00:00+00:00,27.213333,9.974999,0.41843754,Sabah
2023-06-03 00:00:00+00:00,26.516459,11.025001,0.42028123,Sabah
2023-06-04 00:00:00+00:00,26.228437,8.825,0.42346877,Sabah
2023-06-05 00:00:00+00:00,26.02948,9.8,0.42710415,Sabah
2023-06-06 00:00:00+00:00,25.771147,14.675001,0.4285417,Sabah
2023-06-07 00:00:00+00:00,25.58729,21.65,0.42767704,Sabah
2023-06-08 00:00:00+00:00,26.318542,3.625,0.42595834,Sabah
2023-06-09 00:00:00+00:00,25.741978,17.450003,0.4250729,Sabah
2023-06-10 00:00:00+00:00,25.940414,3.175,0.42502087,Sabah
2023-06-11 00:00:00+00:00,25.978436,16.650002,0.42666662,Sabah
2023-06-12 00:00:00+00:00,26.70708,4.1250005,0.42585412,Sabah
2023-06-13 00:00:00+00:00,26.577917,5.325,0.4241042,Sabah
2023-06-14 00:00:00+00:00,25.838854,14.125,0.42237496,Sabah
2023-06-15 00:00:00+00:00,24.68521,2.9,0.4238125,Sabah
2023-06-16 00:00:00+00:00,26.169582,12.400002,0.42336458,Sabah
2023-06-17 00:00:00+00:00,25.426353,14.525001,0.42379168,Sabah
2023-06-18 00:00:00+00:00,25.148748,20.05,0.42913544,Sabah
2023-06-19 00:00:00+00:00,25.33,19.400002,0.43658334,Sabah
2023-06-20 00:00:00+00:00,24.719063,15.225001,0.4401667,Sabah
2023-06-21 00:00:00+00:00,25.033123,7.3250003,0.44145834,Sabah
2023-06-22 00:00:00+00:00,24.870106,5.4999995,0.44217712,Sabah
2023-06-23 00:00:00+00:00,25.962812,6.6499996,0.4416771,Sabah
2023-06-24 00:00:00+00:00,25.195625,8.65,0.44094792,Sabah
2023-06-25 00:00:00+00:00,25.222185,12.300001,0.4415834,Sabah
2023-06-26 00:00:00+00:00,25.618021,6.9750004,0.44213545,Sabah
2023-06-27 00:00:00+00:00,26.124792,10.224999,0.44191664,Sabah
2023-06-28 00:00:00+00:00,26.096146,6.45,0.44337505,Sabah
2023-06-29 00:00:00+00:00,25.471666,10.150001,0.44259375,Sabah
2023-06-30 00:00:00+00:00,26.105522,7.7,0.44049996,Sabah
2023-07-01 00:00:00+00:00,25.897707,17.8,0.43828124,Sabah
2023-07-02 00:00:00+00:00,26.02219,11.900001,0.43710417,Sabah
2023-07-03 00:00:00+00:00,24.654999,43.725,0.44819793,Sabah
2023-07-04 00:00:00+00:00,23.975313,4.85,0.45538542,Sabah
2023-07-05 00:00:00+00:00,26.074793,1.2,0.45305204,Sabah
2023-07-06 00:00:00+00:00,25.424793,10.0,0.45023966,Sabah
2023-07-07 00:00:00+00:00,25.363855,11.675,0.44885415,Sabah
2023-07-08 00:00:00+00:00,25.239897,25.825,0.45022923,Sabah
2023-07-09 00:00:00+00:00,25.057602,2.3999999,0.45268753,Sabah
2023-07-10 00:00:00+00:00,25.566978,3.25,0.4518542,Sabah
2023-07-11 00:00:00+00:00,26.173227,13.375,0.44897914,Sabah
2023-07-12 00:00:00+00:00,25.326876,15.025002,0.44775006,Sabah
2023-07-13 00:00:00+00:00,25.659687,18.95,0.44842714,Sabah
2023-07-14 00:00:00+00:00,26.057083,5.65,0.44710416,Sabah
2023-07-15 00:00:00+00:00,26.68677,3.15,0.44578123,Sabah
2023-07-16 00:00:00+00:00,26.649792,0.6,0.44373953,Sabah
2023-07-17 00:00:00+00:00,26.873749,2.8999999,0.4412708,Sabah
2023-07-18 00:00:00+00:00,25.895103,10.475001,0.4386145,Sabah
2023-07-19 00:00:00+00:00,25.747707,9.575,0.43730214,Sabah
2023-07-20 00:00:00+00:00,25.494583,23.0,0.43903124,Sabah
2023-07-21 00:00:00+00:00,25.24875,16.375,0.4436459,Sabah
2023-07-22 00:00:00+00:00,25.752918,6.15,0.44641668,Sabah
2023-07-23 00:00:00+00:00,25.422188,10.25,0.44635412,Sabah
2023-07-24 00:00:00+00:00,26.264374,0.85,0.445198,Sabah
2023-07-25 00:00:00+00:00,26.920103,0.85,0.44390625,Sabah
2023-07-26 00:00:00+00:00,27.269062,1.2750001,0.4412291,Sabah
2023-07-27 00:00:00+00:00,27.54927,3.3000002,0.43802086,Sabah
2023-07-28 00:00:00+00:00,27.031042,0.95,0.43481252,Sabah
2023-07-29 00:00:00+00:00,26.975834,0.175,0.43140617,Sabah
2023-07-30 00:00:00+00:00,26.904999,1.85,0.427375,Sabah
2023-07-31 00:00:00+00:00,26.975313,1.225,0.42334372,Sabah
2023-08-01 00:00:00+00:00,27.155,1.45,0.41967702,Sabah
2023-08-02 00:00:00+00:00,26.672709,4.15,0.41550002,Sabah
2023-08-03 00:00:00+00:00,27.013336,0.17500001,0.41165623,Sabah
2023-08-04 00:00:00+00:00,26.957603,2.625,0.40809372,Sabah
2023-08-05 00:00:00+00:00,27.082085,6.0,0.40421873,Sabah
2023-08-06 00:00:00+00:00,26.711252,5.35,0.40186453,Sabah
2023-08-07 00:00:00+00:00,26.199791,4.25,0.4000104,Sabah
2023-08-08 00:00:00+00:00,27.12896,4.225,0.39694792,Sabah
2023-08-09 00:00:00+00:00,26.423752,1.3,0.39273956,Sabah
2023-08-10 00:00:00+00:00,27.03104,4.225,0.38977087,Sabah
2023-08-11 00:00:00+00:00,25.85344,11.000001,0.3861771,Sabah
2023-08-12 00:00:00+00:00,26.180523,1.5,0.38227084,Sabah
2023-08-13 00:00:00+00:00,25.83573,13.575,0.38025004,Sabah
2023-08-14 00:00:00+00:00,25.808647,10.1,0.3786667,Sabah
2023-08-15 00:00:00+00:00,25.655523,19.975,0.3777812,Sabah
2023-08-16 00:00:00+00:00,24.90031,16.925,0.3807292,Sabah
2023-08-17 00:00:00+00:00,24.851875,23.525002,0.3829896,Sabah
2023-08-18 00:00:00+00:00,25.515419,11.750001,0.3839792,Sabah
2023-08-19 00:00:00+00:00,25.981565,6.05,0.38513544,Sabah
2023-08-20 00:00:00+00:00,25.222187,15.4,0.38652086,Sabah
2023-08-21 00:00:00+00:00,26.259169,3.4,0.3863021,Sabah
2023-08-22 00:00:00+00:00,25.008125,23.300001,0.38686454,Sabah
2023-08-23 00:00:00+00:00,25.857084,9.474999,0.38643745,Sabah
2023-08-24 00:00:00+00:00,26.015417,12.474999,0.385625,Sabah
2023-08-25 00:00:00+00:00,26.055521,12.125,0.38361454,Sabah
2023-08-26 00:00:00+00:00,26.069063,14.125,0.38317704,Sabah
2023-08-27 00:00:00+00:00,26.256563,7.8999996,0.38201043,Sabah
2023-08-28 00:00:00+00:00,26.933647,8.800001,0.38155207,Sabah
2023-08-29 00:00:00+00:00,26.656563,5.275,0.38038537,Sabah
2023-08-30 00:00:00+00:00,26.31125,11.325,0.37943748,Sabah
2023-08-31 00:00:00+00:00,27.09927,3.3750002,0.3783542,Sabah
2023-09-01 00:00:00+00:00,26.412292,13.175001,0.37883332,Sabah
2023-09-02 00:00:00+00:00,26.321667,13.525,0.38271874,Sabah
2023-09-03 00:00:00+00:00,26.80448,2.2749999,0.38503125,Sabah
2023-09-04 00:00:00+00:00,26.635208,3.2,0.38564587,Sabah
2023-09-05 00:00:00+00:00,26.095104,6.325,0.38483328,Sabah
2023-09-06 00:00:00+00:00,26.389894,13.175001,0.3843542,Sabah
2023-09-07 00:00:00+00:00,24.94146,13.125,0.38531253,Sabah
2023-09-08 00:00:00+00:00,26.282606,17.2,0.38591665,Sabah
2023-09-09 00:00:00+00:00,25.763855,10.6,0.39291668,Sabah
2023-09-10 00:00:00+00:00,25.776875,9.925,0.39790624,Sabah
2023-09-11 00:00:00+00:00,24.895624,21.025002,0.40221876,Sabah
2023-09-12 00:00:00+00:00,25.53729,5.4249997,0.4047604,Sabah
2023-09-13 00:00:00+00:00,25.423752,12.575,0.40856248,Sabah
2023-09-14 00:00:00+00:00,24.710207,15.650001,0.41343752,Sabah
2023-09-15 00:00:00+00:00,25.53677,8.275001,0.41319793,Sabah
2023-09-16 00:00:00+00:00,25.502914,14.825001,0.4149688,Sabah
2023-09-17 00:00:00+00:00,25.56698,16.75,0.4174375,Sabah
2023-09-18 00:00:00+00:00,24.677917,22.100002,0.4258854,Sabah
2023-09-19 00:00:00+00:00,25.179482,19.425001,0.42928123,Sabah
2023-09-20 00:00:00+00:00,25.504478,7.775,0.431125,Sabah
2023-09-21 00:00:00+00:00,25.396667,29.099998,0.4314896,Sabah
2023-09-22 00:00:00+00:00,25.268543,13.425,0.43151045,Sabah
2023-09-23 00:00:00+00:00,25.200314,19.025,0.43198964,Sabah
2023-09-24 00:00:00+00:00,25.780003,10.025,0.4301146,Sabah
2023-09-25 00:00:00+00:00,25.633125,10.725,0.42843747,Sabah
2023-09-26 00:00:00+00:00,25.289373,15.800001,0.4307396,Sabah
2023-09-27 00:00:00+00:00,25.333126,11.4,0.43361458,Sabah
2023-09-28 00:00:00+00:00,25.344585,15.075001,0.43280202,Sabah
2023-09-29 00:00:00+00:00,25.593021,21.400002,0.43152082,Sabah
2023-09-30 00:00:00+00:00,25.974792,16.9,0.427375,Sabah
2023-10-01 00:00:00+00:00,26.216978,15.475,0.42360416,Sabah
2023-10-02 00:00:00+00:00,25.489376,9.7,0.4199167,Sabah
2023-10-03 00:00:00+00:00,25.655003,10.675,0.41788545,Sabah
2023-10-04 00:00:00+00:00,25.994064,6.525,0.41664577,Sabah
2023-10-05 00:00:00+00:00,26.714895,3.9000003,0.4151146,Sabah
2023-10-06 00:00:00+00:00,26.907082,1.5,0.41265625,Sabah
2023-10-07 00:00:00+00:00,26.130001,10.1,0.40966666,Sabah
2023-10-08 00:00:00+00:00,26.582603,2.85,0.40698957,Sabah
2023-10-09 00:00:00+00:00,25.835209,12.075001,0.40429166,Sabah
2023-10-10 00:00:00+00:00,24.919584,15.675,0.40205204,Sabah
2023-10-11 00:00:00+00:00,25.77427,19.275002,0.40244788,Sabah
2023-10-12 00:00:00+00:00,25.510206,19.600002,0.40310416,Sabah
2023-10-13 00:00:00+00:00,25.258646,17.425001,0.40377083,Sabah
2023-10-14 00:00:00+00:00,25.359688,13.700001,0.4049063,Sabah
2023-10-15 00:00:00+00:00,25.753439,26.300001,0.40515625,Sabah
2023-10-16 00:00:00+00:00,24.795624,25.5,0.40725,Sabah
2023-10-17 00:00:00+00:00,26.304482,5.925,0.41030204,Sabah
2023-10-18 00:00:00+00:00,26.181562,3.9249997,0.41028124,Sabah
2023-10-19 00:00:00+00:00,25.223751,13.75,0.41165623,Sabah
2023-10-20 00:00:00+00:00,25.660728,4.875,0.41321877,Sabah
2023-10-21 00:00:00+00:00,26.008125,8.8,0.41315624,Sabah
2023-10-22 00:00:00+00:00,25.928438,9.9,0.41193748,Sabah
2023-10-23 00:00:00+00:00,26.282604,10.924999,0.4103333,Sabah
2023-10-24 00:00:00+00:00,25.394583,9.900001,0.4111458,Sabah
2023-10-25 00:00:00+00:00,26.052395,7.4750004,0.41036466,Sabah
2023-10-26 00:00:00+00:00,24.79927,21.925001,0.4120729,Sabah
2023-10-27 00:00:00+00:00,25.453434,11.325,0.41525,Sabah
2023-10-28 00:00:00+00:00,25.999794,1.3749999,0.41523957,Sabah
2023-10-29 00:00:00+00:00,26.214376,2.975,0.4139375,Sabah
2023-10-30 00:00:00+00:00,26.040417,5.5750003,0.4120208,Sabah
2023-10-31 00:00:00+00:00,25.811249,2.6999998,0.4097396,Sabah
2023-11-01 00:00:00+00:00,26.426353,2.425,0.4073542,Sabah
2023-11-02 00:00:00+00:00,26.93104,3.8000002,0.40510413,Sabah
2023-11-03 00:00:00+00:00,26.31021,3.6750002,0.40320837,Sabah
2023-11-04 00:00:00+00:00,26.004478,18.225002,0.40053123,Sabah
2023-11-05 00:00:00+00:00,25.274271,5.2,0.39975,Sabah
2023-11-06 00:00:00+00:00,26.099274,14.175001,0.39805204,Sabah
2023-11-07 00:00:00+00:00,26.32323,7.0249996,0.39546877,Sabah
2023-11-08 00:00:00+00:00,25.353958,13.350001,0.39640626,Sabah
2023-11-09 00:00:00+00:00,25.47896,14.450001,0.4013854,Sabah
2023-11-10 00:00:00+00:00,25.67427,10.125,0.4025416,Sabah
2023-11-11 00:00:00+00:00,25.127918,12.0,0.40634376,Sabah
2023-11-12 00:00:00+00:00,25.765938,1.85,0.41016668,Sabah
2023-11-13 00:00:00+00:00,25.640419,11.225,0.41080207,Sabah
2023-11-14 00:00:00+00:00,26.50448,3.8000002,0.41133335,Sabah
2023-11-15 00:00:00+00:00,26.797188,2.975,0.4099583,Sabah
2023-11-16 00:00:00+00:00,25.249792,20.1,0.41108334,Sabah
2023-11-17 00:00:00+00:00,25.169064,11.075001,0.42172915,Sabah
2023-11-18 00:00:00+00:00,25.57948,14.15,0.42784375,Sabah
2023-11-19 00:00:00+00:00,24.932604,18.225,0.4325208,Sabah
2023-11-20 00:00:00+00:00,25.513334,7.75,0.434375,Sabah
2023-11-21 00:00:00+00:00,25.556042,19.75,0.44279164,Sabah
2023-11-22 00:00:00+00:00,25.370625,15.8,0.44208336,Sabah
2023-11-23 00:00:00+00:00,25.055521,27.175,0.4443229,Sabah
2023-11-24 00:00:00+00:00,24.999792,18.100002,0.4483125,Sabah
2023-11-25 00:00:00+00:00,25.247707,11.35,0.44751042,Sabah
2023-11-26 00:00:00+00:00,25.335209,7.65,0.44548956,Sabah
2023-11-27 00:00:00+00:00,25.639896,6.35,0.44465628,Sabah
2023-11-28 00:00:00+00:00,25.751873,7.125,0.44297916,Sabah
2023-11-29 00:00:00+00:00,26.208126,3.875,0.44225,Sabah
2023-11-30 00:00:00+00:00,25.276875,12.05,0.44409382,Sabah
2023-12-01 00:00:00+00:00,24.576876,12.1,0.45095837,Sabah
2023-12-02 00:00:00+00:00,25.424791,21.3,0.4525209,Sabah
2023-12-03 00:00:00+00:00,25.865417,6.5499997,0.4513229,Sabah
2023-12-04 00:00:00+00:00,25.163332,15.85,0.45200002,Sabah
2023-12-05 00:00:00+00:00,25.60448,7.325,0.45319796,Sabah
2023-12-06 00:00:00+00:00,25.81073,9.175,0.45170826,Sabah
2023-12-07 00:00:00+00:00,25.569584,11.1,0.45146877,Sabah
2023-12-08 00:00:00+00:00,24.843544,16.65,0.45288548,Sabah
2023-12-09 00:00:00+00:00,25.750832,8.2,0.453625,Sabah
2023-12-10 00:00:00+00:00,25.743542,5.9,0.450375,Sabah
2023-12-11 00:00:00+00:00,25.847187,3.775,0.44625,Sabah
2023-12-12 00:00:00+00:00,26.138855,3.0,0.44246873,Sabah
2023-12-13 00:00:00+00:00,26.671667,3.15,0.43813542,Sabah
2023-12-14 00:00:00+00:00,25.108644,7.625001,0.43489584,Sabah
2023-12-15 00:00:00+00:00,25.59875,7.75,0.43247917,Sabah
2023-12-16 00:00:00+00:00,26.451355,1.0000001,0.4297917,Sabah
2023-12-17 00:00:00+00:00,26.332085,1.6500001,0.426375,Sabah
2023-12-18 00:00:00+00:00,26.083126,7.9999995,0.42367706,Sabah
2023-12-19 00:00:00+00:00,24.904478,10.000001,0.4214167,Sabah
2023-12-20 00:00:00+00:00,26.021667,13.975001,0.42158338,Sabah
2023-12-21 00:00:00+00:00,25.855,5.5250006,0.42794794,Sabah
2023-12-22 00:00:00+00:00,25.440937,5.075,0.4303333,Sabah
2023-12-23 00:00:00+00:00,25.76177,3.1499996,0.42921874,Sabah
2023-12-24 00:00:00+00:00,25.753958,3.025,0.42709374,Sabah
2023-12-25 00:00:00+00:00,24.906038,8.9,0.42651033,Sabah
2023-12-26 00:00:00+00:00,25.198751,5.9500003,0.42526042,Sabah
2023-12-27 00:00:00+00:00,25.806044,9.1,0.42415625,Sabah
2023-12-28 00:00:00+00:00,26.50396,1.6750001,0.4232083,Sabah
2023-12-29 00:00:00+00:00,26.240936,3.475,0.42162502,Sabah
2023-12-30 00:00:00+00:00,26.77792,5.3500004,0.4194375,Sabah
2023-12-31 00:00:00+00:00,25.835732,7.625,0.41789585,Sabah
2024-01-01 00:00:00+00:00,26.881561,1.4250001,0.41575003,Sabah
2024-01-02 00:00:00+00:00,26.657604,2.4499998,0.41389588,Sabah
2024-01-03 00:00:00+00:00,26.022709,4.7000003,0.41305205,Sabah
2024-01-04 00:00:00+00:00,26.045624,6.325,0.41413543,Sabah
2024-01-05 00:00:00+00:00,25.909687,4.975,0.41468754,Sabah
2024-01-06 00:00:00+00:00,26.743021,1.175,0.41365623,Sabah
2024-01-07 00:00:00+00:00,24.95083,26.349998,0.413677,Sabah
2024-01-08 00:00:00+00:00,26.244583,5.525,0.41296878,Sabah
2024-01-09 00:00:00+00:00,25.912811,4.425,0.41127092,Sabah
2024-01-10 00:00:00+00:00,26.713333,1.1500001,0.4098646,Sabah
2024-01-11 00:00:00+00:00,26.715416,3.35,0.40812495,Sabah
2024-01-12 00:00:00+00:00,25.933645,5.775,0.40692708,Sabah
2024-01-13 00:00:00+00:00,25.16177,10.75,0.4083021,Sabah
2024-01-14 00:00:00+00:00,25.065937,11.2,0.4108438,Sabah
2024-01-15 00:00:00+00:00,24.882605,12.775002,0.41562495,Sabah
2024-01-16 00:00:00+00:00,25.44875,6.2250004,0.4207604,Sabah
2024-01-17 00:00:00+00:00,25.732603,4.625,0.42234367,Sabah
2024-01-18 00:00:00+00:00,26.005001,4.9749994,0.4214687,Sabah
2024-01-19 00:00:00+00:00,24.519583,18.675,0.42355207,Sabah
2024-01-20 00:00:00+00:00,25.403439,5.475,0.42453122,Sabah
2024-01-21 00:00:00+00:00,26.284687,1.2250001,0.4239583,Sabah
2024-01-22 00:00:00+00:00,26.43,0.40000004,0.42226037,Sabah
2024-01-23 00:00:00+00:00,26.281042,4.2,0.41997916,Sabah
2024-01-24 00:00:00+00:00,25.238335,5.475,0.4177709,Sabah
2024-01-25 00:00:00+00:00,26.186249,1.475,0.41531253,Sabah
2024-01-26 00:00:00+00:00,25.97427,2.7499998,0.4132396,Sabah
2024-01-27 00:00:00+00:00,25.389894,1.9999999,0.41077083,Sabah
2024-01-28 00:00:00+00:00,25.306562,1.075,0.40769798,Sabah
2024-01-29 00:00:00+00:00,25.84198,2.4999998,0.4053958,Sabah
2024-01-30 00:00:00+00:00,26.034168,4.975,0.40322912,Sabah
2024-01-31 00:00:00+00:00,25.733646,4.275,0.40171874,Sabah
2024-02-01 00:00:00+00:00,25.545626,9.975,0.40125,Sabah
2024-02-02 00:00:00+00:00,24.749794,9.4,0.402,Sabah
2024-02-03 00:00:00+00:00,24.238853,18.175003,0.40709376,Sabah
2024-02-04 00:00:00+00:00,25.933128,3.8749998,0.40941668,Sabah
2024-02-05 00:00:00+00:00,25.325832,8.700001,0.40978128,Sabah
2024-02-06 00:00:00+00:00,24.88469,15.200001,0.41039583,Sabah
2024-02-07 00:00:00+00:00,25.208126,7.1249995,0.41098955,Sabah
2024-02-08 00:00:00+00:00,25.564896,5.75,0.41089582,Sabah
2024-02-09 00:00:00+00:00,26.051353,2.6499996,0.41089585,Sabah
2024-02-10 00:00:00+00:00,25.389376,11.975001,0.41096872,Sabah
2024-02-11 00:00:00+00:00,25.816458,3.925,0.41064584,Sabah
2024-02-12 00:00:00+00:00,26.002918,1.45,0.4100625,Sabah
2024-02-13 00:00:00+00:00,25.764896,1.35,0.40885416,Sabah
2024-02-14 00:00:00+00:00,26.184687,0.82500005,0.40751046,Sabah
2024-02-15 00:00:00+00:00,25.548748,0.95000005,0.40575007,Sabah
2024-02-16 00:00:00+00:00,26.069063,0.47500002,0.40378118,Sabah
2024-02-17 00:00:00+00:00,25.70552,1.85,0.40120834,Sabah
2024-02-18 00:00:00+00:00,26.133125,1.1,0.39818752,Sabah
2024-02-19 00:00:00+00:00,25.977917,7.5750003,0.39572924,Sabah
2024-02-20 00:00:00+00:00,25.978958,1.55,0.3935104,Sabah
2024-02-21 00:00:00+00:00,26.474792,0.375,0.39119795,Sabah
2024-02-22 00:00:00+00:00,26.741459,1.175,0.3896771,Sabah
2024-02-23 00:00:00+00:00,26.655521,2.125,0.388125,Sabah
2024-02-24 00:00:00+00:00,25.864897,6.7500005,0.38611454,Sabah
2024-02-25 00:00:00+00:00,25.934689,4.0,0.38449997,Sabah
2024-02-26 00:00:00+00:00,25.864897,2.425,0.3836042,Sabah
2024-02-27 00:00:00+00:00,26.599274,1.475,0.3820104,Sabah
2024-02-28 00:00:00+00:00,26.679482,1.1500001,0.38080204,Sabah
2024-02-29 00:00:00+00:00,26.449272,5.1500006,0.3791875,Sabah
2024-03-01 00:00:00+00:00,25.68781,18.65,0.3784896,Sabah
2024-03-02 00:00:00+00:00,26.070103,4.675,0.3790208,Sabah
2024-03-03 00:00:00+00:00,26.134167,1.8249999,0.3798021,Sabah
2024-03-04 00:00:00+00:00,25.743021,4.225,0.37947914,Sabah
2024-03-05 00:00:00+00:00,26.483646,6.5,0.37966672,Sabah
2024-03-06 00:00:00+00:00,26.756563,3.4250002,0.37875,Sabah
2024-03-07 00:00:00+00:00,27.139896,0.225,0.37677085,Sabah
2024-03-08 00:00:00+00:00,26.781042,0.9000001,0.37457293,Sabah
2024-03-09 00:00:00+00:00,26.57271,0.65000004,0.37277082,Sabah
2024-03-10 00:00:00+00:00,26.41646,3.4999998,0.37066668,Sabah
2024-03-11 00:00:00+00:00,25.995106,2.0249999,0.36899996,Sabah
2024-03-12 00:00:00+00:00,26.251354,0.17500001,0.36732292,Sabah
2024-03-13 00:00:00+00:00,26.72323,1.95,0.36513546,Sabah
2024-03-14 00:00:00+00:00,26.271666,8.875,0.36297914,Sabah
2024-03-15 00:00:00+00:00,26.461771,4.8250003,0.361,Sabah
2024-03-16 00:00:00+00:00,26.207085,1.35,0.35907286,Sabah
2024-03-17 00:00:00+00:00,26.651876,0.425,0.35745832,Sabah
2024-03-18 00:00:00+00:00,26.49771,0.40000004,0.3555625,Sabah
2024-03-19 00:00:00+00:00,26.563854,0.3,0.3540104,Sabah
2024-03-20 00:00:00+00:00,26.332605,0.17500001,0.35340628,Sabah
2024-03-21 00:00:00+00:00,26.824268,1.4,0.3525625,Sabah
2024-03-22 00:00:00+00:00,26.823229,3.1,0.35065624,Sabah
2024-03-23 00:00:00+00:00,26.05448,9.075001,0.34965628,Sabah
2024-03-24 00:00:00+00:00,26.678959,1.4250001,0.34941664,Sabah
2024-03-25 00:00:00+00:00,26.648228,2.075,0.3486771,Sabah
2024-03-26 00:00:00+00:00,27.05448,2.7,0.34744784,Sabah
2024-03-27 00:00:00+00:00,26.68677,5.125,0.34562504,Sabah
2024-03-28 00:00:00+00:00,26.294584,9.2,0.34365627,Sabah
2024-03-29 00:00:00+00:00,26.282606,10.599999,0.34422916,Sabah
2024-03-30 00:00:00+00:00,26.371145,7.5750003,0.3441562,Sabah
2024-03-31 00:00:00+00:00,27.088333,1.9749999,0.34233338,Sabah
2024-04-01 00:00:00+00:00,26.862812,4.225,0.33895835,Sabah
2024-04-02 00:00:00+00:00,26.607082,2.3999999,0.33671874,Sabah
2024-04-03 00:00:00+00:00,26.88573,1.875,0.33545834,Sabah
2024-04-04 00:00:00+00:00,27.27323,0.425,0.33530203,Sabah
2024-04-05 00:00:00+00:00,26.946148,1.575,0.33536452,Sabah
2024-04-06 00:00:00+00:00,25.627396,37.375,0.3362604,Sabah
2024-04-07 00:00:00+00:00,24.794582,21.275002,0.33980206,Sabah
2024-04-08 00:00:00+00:00,26.463856,2.0,0.34529173,Sabah
2024-04-09 00:00:00+00:00,26.681562,1.0250001,0.3466146,Sabah
2024-04-10 00:00:00+00:00,26.831562,1.5,0.34686458,Sabah
2024-04-11 00:00:00+00:00,26.142502,2.7,0.34708333,Sabah
2024-04-12 00:00:00+00:00,26.294064,2.7,0.3465417,Sabah
2024-04-13 00:00:00+00:00,26.545626,1.975,0.34594792,Sabah
2024-04-14 00:00:00+00:00,26.91073,1.5,0.34553128,Sabah
2024-04-15 00:00:00+00:00,27.296146,0.75,0.34435418,Sabah
2024-04-16 00:00:00+00:00,27.393541,1.25,0.3429479,Sabah
2024-04-17 00:00:00+00:00,27.16698,5.85,0.34130204,Sabah
2024-04-18 00:00:00+00:00,25.857603,21.55,0.34076035,Sabah
2024-04-19 00:00:00+00:00,26.76802,4.075,0.33958334,Sabah
2024-04-20 00:00:00+00:00,27.008125,5.075,0.33816668,Sabah
2024-04-21 00:00:00+00:00,26.407604,12.400001,0.3380938,Sabah
2024-04-22 00:00:00+00:00,26.810207,14.700001,0.33748963,Sabah
2024-04-23 00:00:00+00:00,26.845104,11.825,0.33645836,Sabah
2024-04-24 00:00:00+00:00,26.14302,9.2,0.33713543,Sabah
2024-04-25 00:00:00+00:00,27.276875,2.5,0.33912504,Sabah
2024-04-26 00:00:00+00:00,27.108126,6.525,0.33921874,Sabah
2024-04-27 00:00:00+00:00,26.819063,10.825,0.33977085,Sabah
2024-04-28 00:00:00+00:00,27.01073,5.475,0.3407396,Sabah
2024-04-29 00:00:00+00:00,26.705,3.5750003,0.34105206,Sabah
2024-04-30 00:00:00+00:00,27.474792,6.325,0.34071875,Sabah
2024-05-01 00:00:00+00:00,26.852398,8.05,0.34040627,Sabah
2024-05-02 00:00:00+00:00,26.455,19.3,0.33904165,Sabah
2024-05-03 00:00:00+00:00,26.683647,10.5,0.33951035,Sabah
2024-05-04 00:00:00+00:00,26.553438,7.925,0.34100002,Sabah
2024-05-05 00:00:00+00:00,25.770103,14.000001,0.34397918,Sabah
2024-05-06 00:00:00+00:00,27.0425,1.7499999,0.34503123,Sabah
2024-05-07 00:00:00+00:00,27.346144,2.75,0.3452187,Sabah
2024-05-08 00:00:00+00:00,26.818542,11.025,0.34521872,Sabah
2024-05-09 00:00:00+00:00,27.302395,3.475,0.34482288,Sabah
2024-05-10 00:00:00+00:00,28.095625,0.75000006,0.3452708,Sabah
2024-05-11 00:00:00+00:00,27.58677,4.075,0.34479165,Sabah
2024-05-12 00:00:00+00:00,27.70396,1.5749999,0.34440625,Sabah
2024-05-13 00:00:00+00:00,27.77896,6.8750005,0.34365624,Sabah
2024-05-14 00:00:00+00:00,27.675312,6.0250006,0.3432083,Sabah
2024-05-15 00:00:00+00:00,27.020624,9.525001,0.3428333,Sabah
2024-05-16 00:00:00+00:00,27.526354,4.975,0.34280205,Sabah
2024-05-17 00:00:00+00:00,27.286772,9.8,0.34262496,Sabah
2024-05-18 00:00:00+00:00,26.872705,15.0,0.34262496,Sabah
2024-05-19 00:00:00+00:00,27.251873,4.3250003,0.34153128,Sabah
2024-05-20 00:00:00+00:00,27.456043,2.3999999,0.3396458,Sabah
2024-05-21 00:00:00+00:00,27.175835,7.875,0.33852085,Sabah
2024-05-22 00:00:00+00:00,27.838331,3.125,0.3380208,Sabah
2024-05-23 00:00:00+00:00,27.620106,5.3999996,0.33770835,Sabah
2024-05-24 00:00:00+00:00,27.00969,9.875,0.33782294,Sabah
2024-05-25 00:00:00+00:00,27.245104,14.525001,0.33813542,Sabah
2024-05-26 00:00:00+00:00,26.29823,18.8,0.3400416,Sabah
2024-05-27 00:00:00+00:00,26.405521,13.750001,0.343,Sabah
2024-05-28 00:00:00+00:00,26.081043,30.275,0.34695834,Sabah
2024-05-29 00:00:00+00:00,26.299793,13.525,0.3504792,Sabah
2024-05-30 00:00:00+00:00,26.896666,12.150001,0.35158333,Sabah
2024-05-31 00:00:00+00:00,27.079998,11.750001,0.3519792,Sabah
2024-06-01 00:00:00+00:00,26.255,23.725,0.35316664,Sabah
2024-06-02 00:00:00+00:00,25.027395,24.525,0.36394793,Sabah
2024-06-03 00:00:00+00:00,26.15448,19.25,0.36998957,Sabah
2024-06-04 00:00:00+00:00,25.549273,17.925,0.37605205,Sabah
2024-06-05 00:00:00+00:00,26.171665,19.050001,0.37948957,Sabah
2024-06-06 00:00:00+00:00,25.166458,21.95,0.38290626,Sabah
2024-06-07 00:00:00+00:00,26.083645,7.275,0.38596874,Sabah
2024-06-08 00:00:00+00:00,25.891459,12.650001,0.38907292,Sabah
2024-06-09 00:00:00+00:00,26.46125,1.7249999,0.39270833,Sabah
2024-06-10 00:00:00+00:00,26.43,6.8500004,0.39335418,Sabah
2024-06-11 00:00:00+00:00,26.04771,10.325001,0.3949896,Sabah
2024-06-12 00:00:00+00:00,26.362812,5.5499997,0.39544797,Sabah
2024-06-13 00:00:00+00:00,25.947187,10.65,0.3959063,Sabah
2024-06-14 00:00:00+00:00,25.363335,5.6749997,0.39669794,Sabah
2024-06-15 00:00:00+00:00,26.706562,1.3000001,0.3964896,Sabah
2024-06-16 00:00:00+00:00,25.723751,11.35,0.39650002,Sabah
2024-06-17 00:00:00+00:00,25.802917,16.225,0.39740628,Sabah
2024-06-18 00:00:00+00:00,25.86229,19.85,0.3988542,Sabah
2024-06-19 00:00:00+00:00,25.403439,9.825,0.4004792,Sabah
2024-06-20 00:00:00+00:00,25.37323,5.025,0.4026771,Sabah
2024-06-21 00:00:00+00:00,25.681042,12.049999,0.40295833,Sabah
2024-06-22 00:00:00+00:00,25.566458,11.675,0.4024271,Sabah
2024-06-23 00:00:00+00:00,24.602394,23.875,0.4079896,Sabah
2024-06-24 00:00:00+00:00,26.043543,1.6999999,0.41381252,Sabah
2024-06-25 00:00:00+00:00,25.249792,19.725,0.4163958,Sabah
2024-06-26 00:00:00+00:00,25.2175,18.05,0.42084375,Sabah
2024-06-27 00:00:00+00:00,25.78052,7.25,0.42527086,Sabah
2024-06-28 00:00:00+00:00,25.184689,8.5,0.42541668,Sabah
2024-06-29 00:00:00+00:00,25.975832,9.349999,0.42615622,Sabah
2024-06-30 00:00:00+00:00,24.550833,14.400002,0.42872915,Sabah
2024-07-01 00:00:00+00:00,24.945625,14.975,0.4345625,Sabah
2024-07-02 00:00:00+00:00,24.777397,16.95,0.44009376,Sabah
2024-07-03 00:00:00+00:00,24.348228,12.35,0.44142705,Sabah
2024-07-04 00:00:00+00:00,25.736248,7.1000004,0.4403333,Sabah
2024-07-05 00:00:00+00:00,25.127396,14.650001,0.4394791,Sabah
2024-07-06 00:00:00+00:00,25.66073,7.2250004,0.43957293,Sabah
2024-07-07 00:00:00+00:00,26.353956,3.775,0.44301042,Sabah
2024-07-08 00:00:00+00:00,25.608124,13.600001,0.44480205,Sabah
2024-07-09 00:00:00+00:00,24.749792,8.225,0.44628128,Sabah
2024-07-10 00:00:00+00:00,25.137814,13.150001,0.44634375,Sabah
2024-07-11 00:00:00+00:00,24.301357,9.725,0.44783336,Sabah
2024-07-12 00:00:00+00:00,24.332085,16.625,0.44800004,Sabah
2024-07-13 00:00:00+00:00,25.09198,4.1,0.45035416,Sabah
2024-07-14 00:00:00+00:00,26.63625,0.70000005,0.4476562,Sabah
2024-07-15 00:00:00+00:00,25.452396,7.0250006,0.44502082,Sabah
2024-07-16 00:00:00+00:00,25.899792,22.499998,0.44280207,Sabah
2024-07-17 00:00:00+00:00,25.602394,6.5750003,0.44117707,Sabah
2024-07-18 00:00:00+00:00,25.381042,9.725,0.44417715,Sabah
2024-07-19 00:00:00+00:00,25.820625,2.6,0.44545835,Sabah
2024-07-20 00:00:00+00:00,26.61125,5.8500004,0.44271877,Sabah
2024-07-21 00:00:00+00:00,27.161768,1.9749999,0.43945828,Sabah
2024-07-22 00:00:00+00:00,25.965416,1.15,0.43780214,Sabah
2024-07-23 00:00:00+00:00,26.234688,1.65,0.4358542,Sabah
2024-07-24 00:00:00+00:00,26.514374,0.95000005,0.43296874,Sabah
2024-07-25 00:00:00+00:00,27.139374,0.625,0.42961454,Sabah
2024-07-26 00:00:00+00:00,27.194061,0.95000005,0.42590618,Sabah
2024-07-27 00:00:00+00:00,26.195103,8.0,0.42319787,Sabah
2024-07-28 00:00:00+00:00,26.455,4.275,0.42067707,Sabah
2024-07-29 00:00:00+00:00,26.33,1.3999999,0.41862506,Sabah
2024-07-30 00:00:00+00:00,25.990417,6.075,0.41705206,Sabah
2024-07-31 00:00:00+00:00,26.01646,6.2,0.41547918,Sabah
2024-08-01 00:00:00+00:00,25.717499,14.6,0.41528124,Sabah
2024-08-02 00:00:00+00:00,25.054478,15.824999,0.4176042,Sabah
2024-08-03 00:00:00+00:00,24.26802,7.0750003,0.42003125,Sabah
2024-08-04 00:00:00+00:00,25.852396,4.85,0.4222083,Sabah
2024-08-05 00:00:00+00:00,24.905521,12.975,0.42610416,Sabah
2024-08-06 00:00:00+00:00,25.762291,13.4,0.4259792,Sabah
2024-08-07 00:00:00+00:00,25.961773,1.9250001,0.42367718,Sabah
2024-08-08 00:00:00+00:00,24.85552,12.075001,0.42252085,Sabah
2024-08-09 00:00:00+00:00,25.970102,8.400001,0.4225625,Sabah
2024-08-10 00:00:00+00:00,26.550833,3.7749999,0.4210521,Sabah
2024-08-11 00:00:00+00:00,26.52323,2.3,0.41848958,Sabah
2024-08-12 00:00:00+00:00,26.05448,5.9,0.41558334,Sabah
2024-08-13 00:00:00+00:00,25.146667,23.05,0.41408336,Sabah
2024-08-14 00:00:00+00:00,25.868542,2.6999998,0.4127604,Sabah
2024-08-15 00:00:00+00:00,26.28521,2.725,0.41138545,Sabah
2024-08-16 00:00:00+00:00,26.522186,2.125,0.41020837,Sabah
2024-08-17 00:00:00+00:00,25.889896,11.025001,0.40927082,Sabah
2024-08-18 00:00:00+00:00,26.365936,1.6500001,0.40846878,Sabah
2024-08-19 00:00:00+00:00,26.366459,4.125,0.4074479,Sabah
2024-08-20 00:00:00+00:00,25.497187,11.5,0.40782294,Sabah
2024-08-21 00:00:00+00:00,24.881042,7.025,0.40901038,Sabah
2024-08-22 00:00:00+00:00,25.452396,10.925001,0.41048956,Sabah
2024-08-23 00:00:00+00:00,25.184689,6.875,0.411,Sabah
2024-08-24 00:00:00+00:00,25.706562,13.275001,0.411875,Sabah
2024-08-25 00:00:00+00:00,25.858646,34.024998,0.41927084,Sabah
2024-08-26 00:00:00+00:00,25.312292,6.8250003,0.42778122,Sabah
2024-08-27 00:00:00+00:00,25.049791,15.3,0.42946872,Sabah
2024-08-28 00:00:00+00:00,26.15604,3.125,0.43090627,Sabah
2024-08-29 00:00:00+00:00,26.08,6.075,0.43101043,Sabah
2024-08-30 00:00:00+00:00,25.000313,5.025,0.4317812,Sabah
2024-08-31 00:00:00+00:00,25.509686,3.6500003,0.43191665,Sabah
2024-09-01 00:00:00+00:00,26.08677,2.3,0.43223956,Sabah
2024-09-02 00:00:00+00:00,27.306562,5.55,0.43214583,Sabah
2024-09-03 00:00:00+00:00,25.927917,1.4000001,0.431,Sabah
2024-09-04 00:00:00+00:00,26.719585,7.15,0.4283541,Sabah
2024-09-05 00:00:00+00:00,27.180521,0.15,0.42636466,Sabah
2024-09-06 00:00:00+00:00,27.098228,2.45,0.42414582,Sabah
2024-09-07 00:00:00+00:00,26.909689,1.175,0.42159373,Sabah
2024-09-08 00:00:00+00:00,26.690414,1.15,0.41914576,Sabah
2024-09-09 00:00:00+00:00,26.533646,3.6249998,0.41667712,Sabah
2024-09-10 00:00:00+00:00,26.259687,8.475,0.41437507,Sabah
2024-09-11 00:00:00+00:00,26.41646,7.0499997,0.41220835,Sabah
2024-09-12 00:00:00+00:00,25.966461,2.3999999,0.41185412,Sabah
2024-09-13 00:00:00+00:00,26.347187,1.25,0.41113544,Sabah
2024-09-14 00:00:00+00:00,26.935205,0.1,0.41020837,Sabah
2024-09-15 00:00:00+00:00,27.213333,0.125,0.40852088,Sabah
2024-09-16 00:00:00+00:00,27.084167,0.725,0.40727085,Sabah
2024-09-17 00:00:00+00:00,26.748749,4.6,0.40591666,Sabah
2024-09-18 00:00:00+00:00,27.224272,2.275,0.40432286,Sabah
2024-09-19 00:00:00+00:00,27.062292,0.79999995,0.40248957,Sabah
2024-09-20 00:00:00+00:00,25.916979,19.300001,0.39969793,Sabah
2024-09-21 00:00:00+00:00,24.977917,7.7,0.40052086,Sabah
2024-09-22 00:00:00+00:00,25.76646,5.5499997,0.4017604,Sabah
2024-09-23 00:00:00+00:00,26.744583,3.7000003,0.40221876,Sabah
2024-09-24 00:00:00+00:00,26.448229,7.175,0.40183336,Sabah
2024-09-25 00:00:00+00:00,25.294584,7.3,0.40339583,Sabah
2024-09-26 00:00:00+00:00,25.793541,0.8,0.4042501,Sabah
2024-09-27 00:00:00+00:00,25.709686,6.225,0.40308335,Sabah
2024-09-28 00:00:00+00:00,26.782606,0.65000004,0.40182287,Sabah
2024-09-29 00:00:00+00:00,26.700834,2.5249999,0.40029168,Sabah
2024-09-30 00:00:00+00:00,26.00552,12.275001,0.3982917,Sabah
2024-10-01 00:00:00+00:00,25.538334,24.100002,0.3963021,Sabah
2024-10-02 00:00:00+00:00,26.19719,8.950001,0.39603126,Sabah
2024-10-03 00:00:00+00:00,25.37948,6.45,0.39798957,Sabah
2024-10-04 00:00:00+00:00,25.324791,4.775,0.40091664,Sabah
2024-10-05 00:00:00+00:00,25.859165,4.375,0.40189585,Sabah
2024-10-06 00:00:00+00:00,25.557085,8.375,0.4041667,Sabah
2024-10-07 00:00:00+00:00,25.45604,17.05,0.4079167,Sabah
2024-10-08 00:00:00+00:00,25.794064,10.125,0.41214582,Sabah
2024-10-09 00:00:00+00:00,26.243542,4.45,0.4133125,Sabah
2024-10-10 00:00:00+00:00,26.572708,1.8500001,0.41334373,Sabah
2024-10-11 00:00:00+00:00,26.809687,1.9749999,0.41190624,Sabah
2024-10-12 00:00:00+00:00,25.792501,10.5,0.41092712,Sabah
2024-10-13 00:00:00+00:00,26.132607,2.775,0.41105214,Sabah
2024-10-14 00:00:00+00:00,26.386772,5.5499997,0.41111463,Sabah
2024-10-15 00:00:00+00:00,25.946667,13.850001,0.41205212,Sabah
2024-10-16 00:00:00+00:00,25.296667,11.225,0.4218333,Sabah
2024-10-17 00:00:00+00:00,25.12323,18.725002,0.42932293,Sabah
2024-10-18 00:00:00+00:00,25.104477,17.625,0.43911457,Sabah
2024-10-19 00:00:00+00:00,25.313334,10.075001,0.44903123,Sabah
2024-10-20 00:00:00+00:00,25.255524,7.175,0.44855213,Sabah
2024-10-21 00:00:00+00:00,25.731041,5.6500006,0.44698954,Sabah
2024-10-22 00:00:00+00:00,26.404999,2.0749998,0.44397914,Sabah
2024-10-23 00:00:00+00:00,27.4675,0.025,0.43991664,Sabah
2024-10-24 00:00:00+00:00,27.80917,0.075,0.4355312,Sabah
2024-10-25 00:00:00+00:00,27.547709,0.3,0.43195832,Sabah
2024-10-26 00:00:00+00:00,26.547188,10.375,0.42801037,Sabah
2024-10-27 00:00:00+00:00,26.425314,1.9250001,0.42455205,Sabah
2024-10-28 00:00:00+00:00,27.040417,1.55,0.42273954,Sabah
2024-10-29 00:00:00+00:00,26.812292,2.675,0.42043748,Sabah
2024-10-30 00:00:00+00:00,26.023748,7.725,0.41601044,Sabah
2024-10-31 00:00:00+00:00,25.748753,8.45,0.4126563,Sabah
2024-11-01 00:00:00+00:00,26.18,5.4750004,0.41093755,Sabah
2024-11-02 00:00:00+00:00,26.13625,2.675,0.40927082,Sabah
2024-11-03 00:00:00+00:00,25.445105,9.325001,0.4085625,Sabah
2024-11-04 00:00:00+00:00,25.053436,6.05,0.40878123,Sabah
2024-11-05 00:00:00+00:00,24.975313,20.125,0.4099479,Sabah
2024-11-06 00:00:00+00:00,25.86698,9.625001,0.4101459,Sabah
2024-11-07 00:00:00+00:00,25.25448,7.4500003,0.4129479,Sabah
2024-11-08 00:00:00+00:00,26.10344,7.2750006,0.41340622,Sabah
2024-11-09 00:00:00+00:00,26.022186,2.125,0.4126875,Sabah
2024-11-10 00:00:00+00:00,26.458126,1.225,0.41195834,Sabah
2024-11-11 00:00:00+00:00,26.22323,2.125,0.4107917,Sabah
2024-11-12 00:00:00+00:00,26.196667,3.625,0.37985417,Sabah
2024-11-13 00:00:00+00:00,26.451355,1.5,0.3437083,Sabah
2024-11-14 00:00:00+00:00,26.815935,1.525,0.3450208,Sabah
2024-11-15 00:00:00+00:00,26.344063,5.0,0.34514585,Sabah
2024-11-16 00:00:00+00:00,26.487293,4.85,0.345875,Sabah
2024-11-17 00:00:00+00:00,26.269062,6.5,0.34627083,Sabah
2024-11-18 00:00:00+00:00,26.000313,18.1,0.34837505,Sabah
2024-11-19 00:00:00+00:00,24.959166,13.275,0.34837496,Sabah
2024-11-20 00:00:00+00:00,25.447708,12.150001,0.34939584,Sabah
2024-11-21 00:00:00+00:00,25.91021,3.575,0.34747913,Sabah
2024-11-22 00:00:00+00:00,26.61229,6.625,0.346,Sabah
2024-11-23 00:00:00+00:00,25.83052,6.3,0.3475312,Sabah
2024-11-24 00:00:00+00:00,25.33,10.425,0.35179165,Sabah
2024-11-25 00:00:00+00:00,24.61125,35.475,0.35932294,Sabah
2024-11-26 00:00:00+00:00,24.170103,13.750001,0.37248957,Sabah
2024-11-27 00:00:00+00:00,24.73521,27.1,0.3800729,Sabah
2024-11-28 00:00:00+00:00,25.046146,23.350002,0.38701046,Sabah
2024-11-29 00:00:00+00:00,24.921667,23.0,0.39106256,Sabah
2024-11-30 00:00:00+00:00,25.34979,4.025,0.39269796,Sabah
2024-12-01 00:00:00+00:00,25.94875,0.55,0.3902291,Sabah
2024-12-02 00:00:00+00:00,26.716978,1.725,0.3864375,Sabah
2024-12-03 00:00:00+00:00,26.534689,6.375,0.38271877,Sabah
2024-12-04 00:00:00+00:00,25.935207,17.725,0.3788125,Sabah
2024-12-05 00:00:00+00:00,25.805,2.0,0.37387496,Sabah
2024-12-06 00:00:00+00:00,26.209166,1.975,0.3717083,Sabah
2024-12-07 00:00:00+00:00,25.277916,14.275002,0.37108332,Sabah
2024-12-08 00:00:00+00:00,24.57948,22.85,0.3766875,Sabah
2024-12-09 00:00:00+00:00,25.710732,12.825001,0.3853646,Sabah
2024-12-10 00:00:00+00:00,26.041977,11.25,0.38638544,Sabah
2024-12-11 00:00:00+00:00,24.95656,26.574999,0.38884374,Sabah
2024-12-12 00:00:00+00:00,25.231562,20.150002,0.3894479,Sabah
2024-12-13 00:00:00+00:00,24.975311,27.625002,0.3875834,Sabah
2024-12-14 00:00:00+00:00,25.236773,8.125001,0.38896874,Sabah
2024-12-15 00:00:00+00:00,26.580519,0.8000001,0.38684374,Sabah
2024-12-16 00:00:00+00:00,26.001356,5.0,0.38497922,Sabah
2024-12-17 00:00:00+00:00,25.208126,13.050001,0.3836354,Sabah
2024-12-18 00:00:00+00:00,25.462814,21.15,0.38067707,Sabah
2024-12-19 00:00:00+00:00,25.465937,7.925,0.37955207,Sabah
2024-12-20 00:00:00+00:00,25.06281,24.300001,0.38382292,Sabah
2024-12-21 00:00:00+00:00,25.012814,33.875004,0.38664585,Sabah
2024-12-22 00:00:00+00:00,25.393541,5.15,0.38576043,Sabah
2024-12-23 00:00:00+00:00,26.649794,0.6,0.38483337,Sabah
2024-12-24 00:00:00+00:00,26.190416,6.225,0.38281253,Sabah
2024-12-25 00:00:00+00:00,25.725834,11.575,0.38055202,Sabah
2024-12-26 00:00:00+00:00,24.613852,7.5499997,0.37930208,Sabah
2024-12-27 00:00:00+00:00,25.402397,7.55,0.37798953,Sabah
2024-12-28 00:00:00+00:00,25.839375,2.925,0.3778437,Sabah
2024-12-29 00:00:00+00:00,25.328957,10.150001,0.37732288,Sabah
2024-12-30 00:00:00+00:00,25.638855,25.650002,0.37934378,Sabah
2024-12-31 00:00:00+00:00,25.19719,3.8500001,0.38192707,Sabah
2021-01-01 00:00:00+00:00,24.94069,2.2749999,0.4416041,Sarawak
2021-01-02 00:00:00+00:00,25.1485,24.300001,0.44116667,Sarawak
2021-01-03 00:00:00+00:00,24.349022,11.85,0.4509896,Sarawak
2021-01-04 00:00:00+00:00,25.13496,17.1,0.45435417,Sarawak
2021-01-05 00:00:00+00:00,24.695375,10.724999,0.45791668,Sarawak
2021-01-06 00:00:00+00:00,25.133919,7.675,0.45918748,Sarawak
2021-01-07 00:00:00+00:00,24.666729,24.675001,0.46148956,Sarawak
2021-01-08 00:00:00+00:00,25.006315,14.175001,0.47158337,Sarawak
2021-01-09 00:00:00+00:00,24.879229,11.875,0.48336455,Sarawak
2021-01-10 00:00:00+00:00,25.127146,49.300003,0.48700005,Sarawak
2021-01-11 00:00:00+00:00,24.332355,15.2,0.48520827,Sarawak
2021-01-12 00:00:00+00:00,24.637043,14.975,0.4824375,Sarawak
2021-01-13 00:00:00+00:00,24.919853,32.4,0.48235416,Sarawak
2021-01-14 00:00:00+00:00,24.02923,13.775001,0.4898854,Sarawak
2021-01-15 00:00:00+00:00,24.220896,13.125,0.4859271,Sarawak
2021-01-16 00:00:00+00:00,23.846418,10.825001,0.48482296,Sarawak
2021-01-17 00:00:00+00:00,23.720898,4.875,0.48303127,Sarawak
2021-01-18 00:00:00+00:00,24.333916,10.8,0.47710422,Sarawak
2021-01-19 00:00:00+00:00,23.902668,14.450001,0.47570837,Sarawak
2021-01-20 00:00:00+00:00,23.812042,26.499998,0.48066664,Sarawak
2021-01-21 00:00:00+00:00,24.194334,4.9500003,0.4733333,Sarawak
2021-01-22 00:00:00+00:00,24.899021,4.200001,0.45954168,Sarawak
2021-01-23 00:00:00+00:00,24.238083,7.7249994,0.4527083,Sarawak
2021-01-24 00:00:00+00:00,24.756832,0.85,0.44759372,Sarawak
2021-01-25 00:00:00+00:00,25.599022,3.475,0.44175002,Sarawak
2021-01-26 00:00:00+00:00,24.308916,10.525,0.4366042,Sarawak
2021-01-27 00:00:00+00:00,24.238085,9.724999,0.43443745,Sarawak
2021-01-28 00:00:00+00:00,24.021416,11.474999,0.43579167,Sarawak
2021-01-29 00:00:00+00:00,24.587564,10.85,0.44133335,Sarawak
2021-01-30 00:00:00+00:00,24.611523,17.000002,0.44617707,Sarawak
2021-01-31 00:00:00+00:00,24.69225,14.650002,0.44700006,Sarawak
2021-02-01 00:00:00+00:00,23.89173,17.95,0.45381254,Sarawak
2021-02-02 00:00:00+00:00,24.55996,5.95,0.4559167,Sarawak
2021-02-03 00:00:00+00:00,24.269335,14.800001,0.4567709,Sarawak
2021-02-04 00:00:00+00:00,24.071936,12.8,0.46202087,Sarawak
2021-02-05 00:00:00+00:00,24.785479,5.6000004,0.46476042,Sarawak
2021-02-06 00:00:00+00:00,24.688602,20.500002,0.46370834,Sarawak
2021-02-07 00:00:00+00:00,24.12975,17.100002,0.46839583,Sarawak
2021-02-08 00:00:00+00:00,24.05996,8.5,0.47001034,Sarawak
2021-02-09 00:00:00+00:00,25.415688,4.1,0.46840623,Sarawak
2021-02-10 00:00:00+00:00,25.763084,1.4000001,0.4658125,Sarawak
2021-02-11 00:00:00+00:00,25.631834,2.325,0.46197915,Sarawak
2021-02-12 00:00:00+00:00,25.415167,5.7000003,0.45758334,Sarawak
2021-02-13 00:00:00+00:00,23.842249,8.5,0.4565313,Sarawak
2021-02-14 00:00:00+00:00,24.250063,2.3,0.45540625,Sarawak
2021-02-15 00:00:00+00:00,24.394331,1.5,0.45171875,Sarawak
2021-02-16 00:00:00+00:00,25.452147,1.0500001,0.44803128,Sarawak
2021-02-17 00:00:00+00:00,24.551105,6.7500005,0.4439062,Sarawak
2021-02-18 00:00:00+00:00,23.762043,14.25,0.4413229,Sarawak
2021-02-19 00:00:00+00:00,24.228188,3.75,0.44286463,Sarawak
2021-02-20 00:00:00+00:00,24.811,1.2,0.44135416,Sarawak
2021-02-21 00:00:00+00:00,24.30423,0.975,0.43871877,Sarawak
2021-02-22 00:00:00+00:00,24.578188,1.225,0.43534377,Sarawak
2021-02-23 00:00:00+00:00,24.659956,0.675,0.43180212,Sarawak
2021-02-24 00:00:00+00:00,24.777666,1.2,0.42795834,Sarawak
2021-02-25 00:00:00+00:00,24.871937,0.275,0.42377084,Sarawak
2021-02-26 00:00:00+00:00,25.057352,1.95,0.42042705,Sarawak
2021-02-27 00:00:00+00:00,25.201628,11.999999,0.41696876,Sarawak
2021-02-28 00:00:00+00:00,24.940168,14.575,0.41442707,Sarawak
2021-03-01 00:00:00+00:00,25.134958,4.725,0.41118753,Sarawak
2021-03-02 00:00:00+00:00,26.005272,0.70000005,0.4073854,Sarawak
2021-03-03 00:00:00+00:00,25.725063,10.150001,0.40428123,Sarawak
2021-03-04 00:00:00+00:00,24.969334,11.575001,0.40183333,Sarawak
2021-03-05 00:00:00+00:00,25.103188,8.275,0.40055206,Sarawak
2021-03-06 00:00:00+00:00,25.479229,9.2,0.39903122,Sarawak
2021-03-07 00:00:00+00:00,25.319332,6.4,0.39803126,Sarawak
2021-03-08 00:00:00+00:00,24.587042,12.525001,0.39905205,Sarawak
2021-03-09 00:00:00+00:00,23.674541,16.550001,0.40040624,Sarawak
2021-03-10 00:00:00+00:00,24.706837,18.225002,0.40206245,Sarawak
2021-03-11 00:00:00+00:00,24.914646,5.175,0.40430206,Sarawak
2021-03-12 00:00:00+00:00,24.95475,12.675001,0.40603122,Sarawak
2021-03-13 00:00:00+00:00,23.836,4.1249995,0.40933335,Sarawak
2021-03-14 00:00:00+00:00,25.049543,5.675,0.41188535,Sarawak
2021-03-15 00:00:00+00:00,25.563082,3.975,0.4120208,Sarawak
2021-03-16 00:00:00+00:00,25.69225,3.7249997,0.4112813,Sarawak
2021-03-17 00:00:00+00:00,25.136522,9.05,0.41052082,Sarawak
2021-03-18 00:00:00+00:00,24.634438,16.400002,0.41109368,Sarawak
2021-03-19 00:00:00+00:00,25.595896,3.85,0.41219792,Sarawak
2021-03-20 00:00:00+00:00,25.055271,14.850001,0.41273957,Sarawak
2021-03-21 00:00:00+00:00,25.050583,13.675,0.41340625,Sarawak
2021-03-22 00:00:00+00:00,24.751625,21.175001,0.41707292,Sarawak
2021-03-23 00:00:00+00:00,24.833397,23.350002,0.43096873,Sarawak
2021-03-24 00:00:00+00:00,25.260479,21.075,0.44100004,Sarawak
2021-03-25 00:00:00+00:00,24.571417,29.974998,0.45584372,Sarawak
2021-03-26 00:00:00+00:00,25.13079,10.3,0.4619479,Sarawak
2021-03-27 00:00:00+00:00,24.747458,4.7,0.46344793,Sarawak
2021-03-28 00:00:00+00:00,25.56569,1.325,0.46202084,Sarawak
2021-03-29 00:00:00+00:00,25.366209,7.775,0.45978123,Sarawak
2021-03-30 00:00:00+00:00,25.682877,2.25,0.45774996,Sarawak
2021-03-31 00:00:00+00:00,25.84121,1.075,0.45478117,Sarawak
2021-04-01 00:00:00+00:00,26.54277,0.425,0.45139593,Sarawak
2021-04-02 00:00:00+00:00,26.343811,0.65000004,0.44744796,Sarawak
2021-04-03 00:00:00+00:00,26.045898,2.475,0.4438125,Sarawak
2021-04-04 00:00:00+00:00,26.530792,17.525,0.44130203,Sarawak
2021-04-05 00:00:00+00:00,24.74746,10.400002,0.44928125,Sarawak
2021-04-06 00:00:00+00:00,26.125584,1.55,0.45094794,Sarawak
2021-04-07 00:00:00+00:00,24.77506,24.400002,0.4528021,Sarawak
2021-04-08 00:00:00+00:00,25.374022,4.05,0.4571249,Sarawak
2021-04-09 00:00:00+00:00,25.965689,0.90000004,0.45497924,Sarawak
2021-04-10 00:00:00+00:00,26.246416,2.9249997,0.45200002,Sarawak
2021-04-11 00:00:00+00:00,24.81829,8.525,0.4504167,Sarawak
2021-04-12 00:00:00+00:00,25.614124,2.7250001,0.44826043,Sarawak
2021-04-13 00:00:00+00:00,25.79277,4.45,0.44667703,Sarawak
2021-04-14 00:00:00+00:00,25.581831,4.025,0.44391665,Sarawak
2021-04-15 00:00:00+00:00,25.62194,3.1499999,0.4408021,Sarawak
2021-04-16 00:00:00+00:00,25.946938,3.625,0.43878126,Sarawak
2021-04-17 00:00:00+00:00,25.220894,11.35,0.43781254,Sarawak
2021-04-18 00:00:00+00:00,24.466728,4.7749996,0.43701038,Sarawak
2021-04-19 00:00:00+00:00,25.756834,1.925,0.4353541,Sarawak
2021-04-20 00:00:00+00:00,25.55475,1.275,0.43253118,Sarawak
2021-04-21 00:00:00+00:00,26.381313,0.25,0.429625,Sarawak
2021-04-22 00:00:00+00:00,26.426107,0.9250001,0.42666665,Sarawak
2021-04-23 00:00:00+00:00,26.695375,1.075,0.42362502,Sarawak
2021-04-24 00:00:00+00:00,26.740686,2.6,0.42024997,Sarawak
2021-04-25 00:00:00+00:00,26.356833,3.625,0.41799998,Sarawak
2021-04-26 00:00:00+00:00,26.541729,5.0,0.41530207,Sarawak
2021-04-27 00:00:00+00:00,25.678188,11.800001,0.41338542,Sarawak
2021-04-28 00:00:00+00:00,25.599543,7.6,0.41189587,Sarawak
2021-04-29 00:00:00+00:00,25.875584,16.7,0.40995833,Sarawak
2021-04-30 00:00:00+00:00,24.963083,12.625,0.408875,Sarawak
2021-05-01 00:00:00+00:00,25.699543,6.825,0.40934375,Sarawak
2021-05-02 00:00:00+00:00,25.939648,7.3,0.40828124,Sarawak
2021-05-03 00:00:00+00:00,26.049541,5.1749997,0.40744793,Sarawak
2021-05-04 00:00:00+00:00,26.321938,24.975,0.40688542,Sarawak
2021-05-05 00:00:00+00:00,25.42975,41.000004,0.41707295,Sarawak
2021-05-06 00:00:00+00:00,24.906834,57.149998,0.43997917,Sarawak
2021-05-07 00:00:00+00:00,24.313086,12.7,0.4587396,Sarawak
2021-05-08 00:00:00+00:00,25.98548,2.575,0.45946878,Sarawak
2021-05-09 00:00:00+00:00,24.781315,8.6,0.46058333,Sarawak
2021-05-10 00:00:00+00:00,26.307354,0.7,0.46133327,Sarawak
2021-05-11 00:00:00+00:00,27.108397,3.4499998,0.46274996,Sarawak
2021-05-12 00:00:00+00:00,26.849543,4.275,0.46238548,Sarawak
2021-05-13 00:00:00+00:00,26.957876,2.5249999,0.45862502,Sarawak
2021-05-14 00:00:00+00:00,26.459436,10.625,0.45580205,Sarawak
2021-05-15 00:00:00+00:00,25.561522,6.0,0.45405206,Sarawak
2021-05-16 00:00:00+00:00,26.040688,9.225,0.45218748,Sarawak
2021-05-17 00:00:00+00:00,25.811,11.025001,0.4554063,Sarawak
2021-05-18 00:00:00+00:00,25.281834,23.275002,0.4642396,Sarawak
2021-05-19 00:00:00+00:00,24.476627,31.775002,0.47673953,Sarawak
2021-05-20 00:00:00+00:00,25.559437,6.0000005,0.48408332,Sarawak
2021-05-21 00:00:00+00:00,26.092772,3.875,0.4818125,Sarawak
2021-05-22 00:00:00+00:00,26.609436,13.050001,0.47758338,Sarawak
2021-05-23 00:00:00+00:00,24.763084,10.675,0.4816562,Sarawak
2021-05-24 00:00:00+00:00,27.10475,0.425,0.47899997,Sarawak
2021-05-25 00:00:00+00:00,27.161518,0.1,0.47478124,Sarawak
2021-05-26 00:00:00+00:00,27.054228,0.35000002,0.47028115,Sarawak
2021-05-27 00:00:00+00:00,27.456833,2.6,0.4662917,Sarawak
2021-05-28 00:00:00+00:00,25.477667,20.800001,0.46371874,Sarawak
2021-05-29 00:00:00+00:00,25.188604,12.225,0.46110415,Sarawak
2021-05-30 00:00:00+00:00,26.575583,0.725,0.45795834,Sarawak
2021-05-31 00:00:00+00:00,26.747458,2.225,0.45372912,Sarawak
2021-06-01 00:00:00+00:00,26.715687,2.25,0.45154163,Sarawak
2021-06-02 00:00:00+00:00,27.303709,1.9999998,0.44874996,Sarawak
2021-06-03 00:00:00+00:00,27.556835,2.05,0.44654173,Sarawak
2021-06-04 00:00:00+00:00,26.87871,7.6499996,0.4435,Sarawak
2021-06-05 00:00:00+00:00,26.04277,9.175,0.4404375,Sarawak
2021-06-06 00:00:00+00:00,24.583395,12.25,0.43877083,Sarawak
2021-06-07 00:00:00+00:00,26.84798,5.675,0.43640622,Sarawak
2021-06-08 00:00:00+00:00,25.34173,7.1249995,0.4341354,Sarawak
2021-06-09 00:00:00+00:00,26.520897,1.875,0.43211457,Sarawak
2021-06-10 00:00:00+00:00,26.061522,5.925,0.4294167,Sarawak
2021-06-11 00:00:00+00:00,24.432877,21.825,0.4295208,Sarawak
2021-06-12 00:00:00+00:00,26.227667,1.5500001,0.42954174,Sarawak
2021-06-13 00:00:00+00:00,26.106834,0.375,0.42846867,Sarawak
2021-06-14 00:00:00+00:00,27.375584,0.67499995,0.4260313,Sarawak
2021-06-15 00:00:00+00:00,26.726103,5.25,0.42335415,Sarawak
2021-06-16 00:00:00+00:00,25.80631,18.25,0.42087504,Sarawak
2021-06-17 00:00:00+00:00,25.507355,5.7,0.41922915,Sarawak
2021-06-18 00:00:00+00:00,24.94954,8.325,0.4170105,Sarawak
2021-06-19 00:00:00+00:00,25.492771,10.900001,0.41458333,Sarawak
2021-06-20 00:00:00+00:00,25.064644,1.35,0.4138229,Sarawak
2021-06-21 00:00:00+00:00,26.192772,0.875,0.41266668,Sarawak
2021-06-22 00:00:00+00:00,26.838083,0.97499996,0.4109792,Sarawak
2021-06-23 00:00:00+00:00,26.10475,10.825001,0.40952083,Sarawak
2021-06-24 00:00:00+00:00,25.066208,3.525,0.40869793,Sarawak
2021-06-25 00:00:00+00:00,26.571938,2.8,0.407552,Sarawak
2021-06-26 00:00:00+00:00,25.971416,12.625,0.40703124,Sarawak
2021-06-27 00:00:00+00:00,24.469336,33.725,0.41550004,Sarawak
2021-06-28 00:00:00+00:00,25.200064,8.475,0.42009372,Sarawak
2021-06-29 00:00:00+00:00,24.993813,7.6750007,0.42314583,Sarawak
2021-06-30 00:00:00+00:00,25.832354,9.075,0.42466664,Sarawak
2021-07-01 00:00:00+00:00,24.482353,11.725,0.4260208,Sarawak
2021-07-02 00:00:00+00:00,24.969334,0.075,0.4275937,Sarawak
2021-07-03 00:00:00+00:00,26.09277,1.05,0.42719787,Sarawak
2021-07-04 00:00:00+00:00,26.25319,3.5,0.42599994,Sarawak
2021-07-05 00:00:00+00:00,26.529228,6.7250004,0.4235625,Sarawak
2021-07-06 00:00:00+00:00,26.068289,6.1000004,0.42115623,Sarawak
2021-07-07 00:00:00+00:00,24.919333,28.000002,0.42283332,Sarawak
2021-07-08 00:00:00+00:00,25.375586,0.675,0.42420828,Sarawak
2021-07-09 00:00:00+00:00,26.085999,4.625,0.42388535,Sarawak
2021-07-10 00:00:00+00:00,25.784962,13.475,0.4230104,Sarawak
2021-07-11 00:00:00+00:00,25.562042,21.275002,0.42413542,Sarawak
2021-07-12 00:00:00+00:00,24.596937,22.425,0.43890625,Sarawak
2021-07-13 00:00:00+00:00,25.15527,30.974998,0.44753122,Sarawak
2021-07-14 00:00:00+00:00,23.597458,20.300001,0.46097913,Sarawak
2021-07-15 00:00:00+00:00,25.239126,0.25,0.46112508,Sarawak
2021-07-16 00:00:00+00:00,25.84121,1.3000001,0.45885417,Sarawak
2021-07-17 00:00:00+00:00,26.389126,0.875,0.45618752,Sarawak
2021-07-18 00:00:00+00:00,26.897459,0.25,0.4528646,Sarawak
2021-07-19 00:00:00+00:00,26.85371,3.5,0.44960415,Sarawak
2021-07-20 00:00:00+00:00,26.39173,2.4,0.44614577,Sarawak
2021-07-21 00:00:00+00:00,27.051105,2.225,0.44198963,Sarawak
2021-07-22 00:00:00+00:00,26.794855,0.0,0.43831247,Sarawak
2021-07-23 00:00:00+00:00,27.519852,0.125,0.43444794,Sarawak
2021-07-24 00:00:00+00:00,27.49329,1.225,0.4314688,Sarawak
2021-07-25 00:00:00+00:00,27.783916,1.2,0.42851034,Sarawak
2021-07-26 00:00:00+00:00,27.36725,1.6000001,0.4252188,Sarawak
2021-07-27 00:00:00+00:00,27.288082,1.325,0.42233336,Sarawak
2021-07-28 00:00:00+00:00,27.922457,0.25,0.4185625,Sarawak
2021-07-29 00:00:00+00:00,27.388083,4.75,0.41366667,Sarawak
2021-07-30 00:00:00+00:00,26.486,0.425,0.40997916,Sarawak
2021-07-31 00:00:00+00:00,27.532354,0.1,0.4078542,Sarawak
2021-08-01 00:00:00+00:00,26.773502,7.05,0.40619797,Sarawak
2021-08-02 00:00:00+00:00,25.55944,1.55,0.40329164,Sarawak
2021-08-03 00:00:00+00:00,26.452145,0.425,0.39986452,Sarawak
2021-08-04 00:00:00+00:00,27.338083,1.4000001,0.39656252,Sarawak
2021-08-05 00:00:00+00:00,26.650063,1.4000001,0.39361462,Sarawak
2021-08-06 00:00:00+00:00,28.149542,3.075,0.3912708,Sarawak
2021-08-07 00:00:00+00:00,27.388083,2.3,0.38876033,Sarawak
2021-08-08 00:00:00+00:00,25.928707,9.025001,0.38729173,Sarawak
2021-08-09 00:00:00+00:00,27.007353,5.175,0.38413543,Sarawak
2021-08-10 00:00:00+00:00,25.471416,11.725001,0.37977085,Sarawak
2021-08-11 00:00:00+00:00,26.130793,17.825,0.37713543,Sarawak
2021-08-12 00:00:00+00:00,24.871416,29.675,0.3779896,Sarawak
2021-08-13 00:00:00+00:00,24.64902,21.874998,0.38688537,Sarawak
2021-08-14 00:00:00+00:00,25.301626,11.425,0.39098954,Sarawak
2021-08-15 00:00:00+00:00,24.624542,11.425001,0.39680207,Sarawak
2021-08-16 00:00:00+00:00,24.783396,16.075,0.41402087,Sarawak
2021-08-17 00:00:00+00:00,25.020374,19.900002,0.42427084,Sarawak
2021-08-18 00:00:00+00:00,24.416208,7.525,0.43969792,Sarawak
2021-08-19 00:00:00+00:00,24.15371,26.125,0.44981247,Sarawak
2021-08-20 00:00:00+00:00,24.558395,13.85,0.4578542,Sarawak
2021-08-21 00:00:00+00:00,24.419333,22.05,0.46431252,Sarawak
2021-08-22 00:00:00+00:00,24.565687,13.450001,0.47178125,Sarawak
2021-08-23 00:00:00+00:00,24.695894,7.575001,0.47434372,Sarawak
2021-08-24 00:00:00+00:00,25.058916,3.7999997,0.47505212,Sarawak
2021-08-25 00:00:00+00:00,24.769854,30.5,0.4774375,Sarawak
2021-08-26 00:00:00+00:00,23.560478,7.8749995,0.48352087,Sarawak
2021-08-27 00:00:00+00:00,26.130272,1.875,0.48036462,Sarawak
2021-08-28 00:00:00+00:00,24.927666,12.35,0.47836456,Sarawak
2021-08-29 00:00:00+00:00,25.331312,12.75,0.47611457,Sarawak
2021-08-30 00:00:00+00:00,24.848503,16.300001,0.4761458,Sarawak
2021-08-31 00:00:00+00:00,25.208397,17.5,0.47875005,Sarawak
2021-09-01 00:00:00+00:00,24.63027,24.425001,0.48439583,Sarawak
2021-09-02 00:00:00+00:00,24.085999,20.45,0.48916668,Sarawak
2021-09-03 00:00:00+00:00,23.276104,8.125,0.4813854,Sarawak
2021-09-04 00:00:00+00:00,24.303707,1.3000001,0.475125,Sarawak
2021-09-05 00:00:00+00:00,26.015167,0.0,0.46788543,Sarawak
2021-09-06 00:00:00+00:00,26.01673,4.7,0.46134374,Sarawak
2021-09-07 00:00:00+00:00,25.770376,11.75,0.45660415,Sarawak
2021-09-08 00:00:00+00:00,24.338083,3.4499998,0.4526146,Sarawak
2021-09-09 00:00:00+00:00,25.381313,1.7249999,0.44787496,Sarawak
2021-09-10 00:00:00+00:00,26.050062,10.175,0.44429168,Sarawak
2021-09-11 00:00:00+00:00,25.981312,0.45000002,0.4421146,Sarawak
2021-09-12 00:00:00+00:00,26.407875,1.175,0.43826038,Sarawak
2021-09-13 00:00:00+00:00,26.519855,16.8,0.4345104,Sarawak
2021-09-14 00:00:00+00:00,24.651627,21.6,0.43364578,Sarawak
2021-09-15 00:00:00+00:00,22.566729,13.450001,0.44751045,Sarawak
2021-09-16 00:00:00+00:00,25.671938,0.0,0.44902083,Sarawak
2021-09-17 00:00:00+00:00,26.121416,4.85,0.44670832,Sarawak
2021-09-18 00:00:00+00:00,25.87454,7.6000004,0.4441771,Sarawak
2021-09-19 00:00:00+00:00,25.783396,18.474998,0.4423229,Sarawak
2021-09-20 00:00:00+00:00,24.378708,25.400002,0.44796878,Sarawak
2021-09-21 00:00:00+00:00,24.555271,4.65,0.45545828,Sarawak
2021-09-22 00:00:00+00:00,26.413084,1.125,0.4559999,Sarawak
2021-09-23 00:00:00+00:00,26.107353,4.025,0.4539583,Sarawak
2021-09-24 00:00:00+00:00,26.365168,1.775,0.45122916,Sarawak
2021-09-25 00:00:00+00:00,26.566729,1.325,0.44832295,Sarawak
2021-09-26 00:00:00+00:00,26.03548,14.0,0.44626042,Sarawak
2021-09-27 00:00:00+00:00,25.194334,10.724999,0.44662493,Sarawak
2021-09-28 00:00:00+00:00,25.616209,10.95,0.44694793,Sarawak
2021-09-29 00:00:00+00:00,25.421417,12.55,0.44721875,Sarawak
2021-09-30 00:00:00+00:00,25.794853,16.350002,0.448375,Sarawak
2021-10-01 00:00:00+00:00,24.727667,44.975,0.45797917,Sarawak
2021-10-02 00:00:00+00:00,24.364647,9.075001,0.4805625,Sarawak
2021-10-03 00:00:00+00:00,25.007877,5.075,0.4779479,Sarawak
2021-10-04 00:00:00+00:00,25.584959,14.299999,0.47502086,Sarawak
2021-10-05 00:00:00+00:00,26.179232,3.075,0.47291672,Sarawak
2021-10-06 00:00:00+00:00,25.931835,0.55,0.4709375,Sarawak
2021-10-07 00:00:00+00:00,27.66048,0.15,0.46657288,Sarawak
2021-10-08 00:00:00+00:00,27.553709,1.3,0.4621146,Sarawak
2021-10-09 00:00:00+00:00,28.017248,0.70000005,0.45862502,Sarawak
2021-10-10 00:00:00+00:00,27.047457,1.125,0.4549271,Sarawak
2021-10-11 00:00:00+00:00,27.102146,1.575,0.45110416,Sarawak
2021-10-12 00:00:00+00:00,27.897459,0.075,0.44920835,Sarawak
2021-10-13 00:00:00+00:00,28.06777,2.0749998,0.44675,Sarawak
2021-10-14 00:00:00+00:00,27.324541,3.15,0.44283333,Sarawak
2021-10-15 00:00:00+00:00,26.92923,3.425,0.43898952,Sarawak
2021-10-16 00:00:00+00:00,26.084957,12.35,0.4356875,Sarawak
2021-10-17 00:00:00+00:00,25.303188,13.125001,0.43300003,Sarawak
2021-10-18 00:00:00+00:00,25.812042,7.4999995,0.4309792,Sarawak
2021-10-19 00:00:00+00:00,24.434437,48.75,0.43519792,Sarawak
2021-10-20 00:00:00+00:00,24.966728,8.474999,0.44759375,Sarawak
2021-10-21 00:00:00+00:00,24.727146,19.250002,0.45410416,Sarawak
2021-10-22 00:00:00+00:00,24.582354,11.200001,0.45967713,Sarawak
2021-10-23 00:00:00+00:00,24.81152,7.2999997,0.46280214,Sarawak
2021-10-24 00:00:00+00:00,25.587563,5.225,0.46385413,Sarawak
2021-10-25 00:00:00+00:00,25.815166,8.475,0.46314585,Sarawak
2021-10-26 00:00:00+00:00,25.482355,4.625,0.4650417,Sarawak
2021-10-27 00:00:00+00:00,26.119335,13.825001,0.4659687,Sarawak
2021-10-28 00:00:00+00:00,23.993813,35.25,0.4727083,Sarawak
2021-10-29 00:00:00+00:00,24.896416,12.475002,0.47962502,Sarawak
2021-10-30 00:00:00+00:00,25.799543,19.15,0.47855213,Sarawak
2021-10-31 00:00:00+00:00,25.504751,8.725,0.47805202,Sarawak
2021-11-01 00:00:00+00:00,25.333395,6.05,0.47719795,Sarawak
2021-11-02 00:00:00+00:00,25.1735,24.150002,0.477625,Sarawak
2021-11-03 00:00:00+00:00,25.163082,26.625,0.47905207,Sarawak
2021-11-04 00:00:00+00:00,24.516731,5.85,0.4893646,Sarawak
2021-11-05 00:00:00+00:00,25.843292,2.1999998,0.48632288,Sarawak
2021-11-06 00:00:00+00:00,25.919334,19.4,0.4812292,Sarawak
2021-11-07 00:00:00+00:00,24.733395,10.475,0.47809374,Sarawak
2021-11-08 00:00:00+00:00,25.493294,8.7,0.47314584,Sarawak
2021-11-09 00:00:00+00:00,25.337564,23.224998,0.4742188,Sarawak
2021-11-10 00:00:00+00:00,25.410479,23.5,0.48588544,Sarawak
2021-11-11 00:00:00+00:00,25.7485,17.625,0.4863854,Sarawak
2021-11-12 00:00:00+00:00,24.81569,7.9,0.48310417,Sarawak
2021-11-13 00:00:00+00:00,24.703188,4.775,0.4788854,Sarawak
2021-11-14 00:00:00+00:00,25.939123,5.75,0.47382295,Sarawak
2021-11-15 00:00:00+00:00,25.180792,7.5250006,0.4687708,Sarawak
2021-11-16 00:00:00+00:00,25.583916,4.4249997,0.46427083,Sarawak
2021-11-17 00:00:00+00:00,26.061522,0.65000004,0.45998958,Sarawak
2021-11-18 00:00:00+00:00,25.890165,5.925,0.455177,Sarawak
2021-11-19 00:00:00+00:00,25.207874,8.1,0.45089588,Sarawak
2021-11-20 00:00:00+00:00,26.414124,9.3,0.44713548,Sarawak
2021-11-21 00:00:00+00:00,25.852146,11.825001,0.444125,Sarawak
2021-11-22 00:00:00+00:00,26.02246,11.025,0.44329166,Sarawak
2021-11-23 00:00:00+00:00,24.72246,18.3,0.44339582,Sarawak
2021-11-24 00:00:00+00:00,24.739126,26.750002,0.45087495,Sarawak
2021-11-25 00:00:00+00:00,24.922459,12.075001,0.46249998,Sarawak
2021-11-26 00:00:00+00:00,25.47975,10.900001,0.46817714,Sarawak
2021-11-27 00:00:00+00:00,26.003187,3.3500001,0.4682604,Sarawak
2021-11-28 00:00:00+00:00,25.00579,6.725,0.46713543,Sarawak
2021-11-29 00:00:00+00:00,25.797459,4.225,0.4667188,Sarawak
2021-11-30 00:00:00+00:00,25.713604,0.275,0.46463537,Sarawak
2021-12-01 00:00:00+00:00,26.18131,1.675,0.46128124,Sarawak
2021-12-02 00:00:00+00:00,26.006311,5.225,0.45787495,Sarawak
2021-12-03 00:00:00+00:00,24.936522,13.125,0.45506254,Sarawak
2021-12-04 00:00:00+00:00,24.599022,2.975,0.45470828,Sarawak
2021-12-05 00:00:00+00:00,24.319334,26.075,0.45765623,Sarawak
2021-12-06 00:00:00+00:00,24.051624,10.725,0.47864586,Sarawak
2021-12-07 00:00:00+00:00,25.038084,10.525,0.4846355,Sarawak
2021-12-08 00:00:00+00:00,25.438086,10.575001,0.48086458,Sarawak
2021-12-09 00:00:00+00:00,24.80996,17.400002,0.47936457,Sarawak
2021-12-10 00:00:00+00:00,24.557354,26.55,0.4818229,Sarawak
2021-12-11 00:00:00+00:00,24.49277,10.975001,0.48845834,Sarawak
2021-12-12 00:00:00+00:00,24.393812,16.125,0.49155208,Sarawak
2021-12-13 00:00:00+00:00,24.495373,20.45,0.48983333,Sarawak
2021-12-14 00:00:00+00:00,25.546938,14.925,0.4829271,Sarawak
2021-12-15 00:00:00+00:00,26.06048,17.349998,0.47142705,Sarawak
2021-12-16 00:00:00+00:00,25.131832,10.925,0.46615624,Sarawak
2021-12-17 00:00:00+00:00,25.219334,12.749999,0.46344793,Sarawak
2021-12-18 00:00:00+00:00,24.574543,16.525002,0.4605313,Sarawak
2021-12-19 00:00:00+00:00,24.945374,7.6000004,0.4603438,Sarawak
2021-12-20 00:00:00+00:00,25.182354,3.875,0.45781255,Sarawak
2021-12-21 00:00:00+00:00,26.443813,0.25,0.45338544,Sarawak
2021-12-22 00:00:00+00:00,25.834436,9.2,0.44936457,Sarawak
2021-12-23 00:00:00+00:00,25.519333,1.125,0.44753122,Sarawak
2021-12-24 00:00:00+00:00,25.224018,8.775001,0.4447708,Sarawak
2021-12-25 00:00:00+00:00,25.587563,4.875,0.44227085,Sarawak
2021-12-26 00:00:00+00:00,26.050583,3.125,0.4386771,Sarawak
2021-12-27 00:00:00+00:00,25.116207,9.125,0.43522915,Sarawak
2021-12-28 00:00:00+00:00,25.169853,3.225,0.43195832,Sarawak
2021-12-29 00:00:00+00:00,25.385479,8.200001,0.4288125,Sarawak
2021-12-30 00:00:00+00:00,25.329227,12.375001,0.42535412,Sarawak
2021-12-31 00:00:00+00:00,25.290165,9.525001,0.42433336,Sarawak
2022-01-01 00:00:00+00:00,24.829227,25.224998,0.4243854,Sarawak
2022-01-02 00:00:00+00:00,24.445896,2.1,0.4268854,Sarawak
2022-01-03 00:00:00+00:00,25.028189,5.5500007,0.4271146,Sarawak
2022-01-04 00:00:00+00:00,24.752666,15.200001,0.4281354,Sarawak
2022-01-05 00:00:00+00:00,24.905792,14.200001,0.4324896,Sarawak
2022-01-06 00:00:00+00:00,24.912043,12.950001,0.43590623,Sarawak
2022-01-07 00:00:00+00:00,24.295376,15.500002,0.44029167,Sarawak
2022-01-08 00:00:00+00:00,24.81152,7.0,0.4489687,Sarawak
2022-01-09 00:00:00+00:00,25.27871,4.35,0.44934374,Sarawak
2022-01-10 00:00:00+00:00,25.684437,2.8999999,0.44727087,Sarawak
2022-01-11 00:00:00+00:00,24.988602,7.475,0.44533333,Sarawak
2022-01-12 00:00:00+00:00,24.172459,15.35,0.44400004,Sarawak
2022-01-13 00:00:00+00:00,23.615166,27.050001,0.4487396,Sarawak
2022-01-14 00:00:00+00:00,23.519852,14.75,0.45829165,Sarawak
2022-01-15 00:00:00+00:00,24.647457,7.1499996,0.4617083,Sarawak
2022-01-16 00:00:00+00:00,25.020895,6.625,0.46054164,Sarawak
2022-01-17 00:00:00+00:00,24.120893,13.325001,0.46070838,Sarawak
2022-01-18 00:00:00+00:00,24.481833,4.75,0.46284375,Sarawak
2022-01-19 00:00:00+00:00,24.605791,8.800001,0.46328124,Sarawak
2022-01-20 00:00:00+00:00,23.34329,20.450003,0.46651044,Sarawak
2022-01-21 00:00:00+00:00,23.658916,12.9,0.4733542,Sarawak
2022-01-22 00:00:00+00:00,24.96204,6.2,0.47402084,Sarawak
2022-01-23 00:00:00+00:00,25.045376,12.099999,0.4708854,Sarawak
2022-01-24 00:00:00+00:00,23.92923,14.025001,0.4726979,Sarawak
2022-01-25 00:00:00+00:00,24.57246,6.6499996,0.4790625,Sarawak
2022-01-26 00:00:00+00:00,23.770374,28.675001,0.48755208,Sarawak
2022-01-27 00:00:00+00:00,24.145897,4.2749996,0.48890626,Sarawak
2022-01-28 00:00:00+00:00,24.74225,3.8000002,0.48408338,Sarawak
2022-01-29 00:00:00+00:00,25.950062,0.3,0.47767705,Sarawak
2022-01-30 00:00:00+00:00,24.814644,8.25,0.47199994,Sarawak
2022-01-31 00:00:00+00:00,25.375065,9.75,0.4663125,Sarawak
2022-02-01 00:00:00+00:00,24.945374,1.1,0.46536458,Sarawak
2022-02-02 00:00:00+00:00,25.75371,1.85,0.45956248,Sarawak
2022-02-03 00:00:00+00:00,25.251625,8.45,0.45392704,Sarawak
2022-02-04 00:00:00+00:00,25.072456,4.3749995,0.4499063,Sarawak
2022-02-05 00:00:00+00:00,25.76725,3.525,0.44572923,Sarawak
2022-02-06 00:00:00+00:00,25.172459,32.875,0.44561455,Sarawak
2022-02-07 00:00:00+00:00,24.924541,16.55,0.4542708,Sarawak
2022-02-08 00:00:00+00:00,25.004753,12.425,0.4628021,Sarawak
2022-02-09 00:00:00+00:00,24.947458,14.675001,0.4666042,Sarawak
2022-02-10 00:00:00+00:00,24.788605,40.225002,0.471375,Sarawak
2022-02-11 00:00:00+00:00,24.291729,22.925001,0.48668748,Sarawak
2022-02-12 00:00:00+00:00,24.650581,10.675,0.4892916,Sarawak
2022-02-13 00:00:00+00:00,25.289646,10.45,0.47923958,Sarawak
2022-02-14 00:00:00+00:00,24.887562,27.95,0.4759479,Sarawak
2022-02-15 00:00:00+00:00,24.208918,4.575,0.4711979,Sarawak
2022-02-16 00:00:00+00:00,25.345894,3.0,0.4653229,Sarawak
2022-02-17 00:00:00+00:00,26.208397,3.2250001,0.4568125,Sarawak
2022-02-18 00:00:00+00:00,25.896418,1.4000001,0.44845834,Sarawak
2022-02-19 00:00:00+00:00,25.10423,15.875,0.44265628,Sarawak
2022-02-20 00:00:00+00:00,24.23756,3.5749998,0.44214585,Sarawak
2022-02-21 00:00:00+00:00,25.037045,3.3,0.43872923,Sarawak
2022-02-22 00:00:00+00:00,25.205273,5.35,0.4348333,Sarawak
2022-02-23 00:00:00+00:00,24.616207,26.575,0.43386453,Sarawak
2022-02-24 00:00:00+00:00,24.84902,14.45,0.44137502,Sarawak
2022-02-25 00:00:00+00:00,25.401625,5.9,0.43992704,Sarawak
2022-02-26 00:00:00+00:00,25.927668,6.325,0.4378958,Sarawak
2022-02-27 00:00:00+00:00,25.67402,1.6000001,0.4379271,Sarawak
2022-02-28 00:00:00+00:00,25.80996,4.825,0.43645835,Sarawak
2022-03-01 00:00:00+00:00,25.912563,1.9999999,0.4332292,Sarawak
2022-03-02 00:00:00+00:00,25.490166,7.8499994,0.43003127,Sarawak
2022-03-03 00:00:00+00:00,25.816208,3.1749997,0.42710412,Sarawak
2022-03-04 00:00:00+00:00,25.176624,40.024998,0.42648956,Sarawak
2022-03-05 00:00:00+00:00,24.428188,18.4,0.4481667,Sarawak
2022-03-06 00:00:00+00:00,25.286,20.475,0.45215622,Sarawak
2022-03-07 00:00:00+00:00,25.013603,0.25,0.45834377,Sarawak
2022-03-08 00:00:00+00:00,25.80996,3.3249998,0.45717713,Sarawak
2022-03-09 00:00:00+00:00,24.83652,3.375,0.45504177,Sarawak
2022-03-10 00:00:00+00:00,25.764124,1.175,0.45205197,Sarawak
2022-03-11 00:00:00+00:00,25.791729,7.175,0.44948962,Sarawak
2022-03-12 00:00:00+00:00,25.352665,6.1749997,0.4487292,Sarawak
2022-03-13 00:00:00+00:00,26.869854,1.4499999,0.44448963,Sarawak
2022-03-14 00:00:00+00:00,25.66569,28.225,0.44153124,Sarawak
2022-03-15 00:00:00+00:00,23.950584,16.725,0.45325,Sarawak
2022-03-16 00:00:00+00:00,25.746418,3.8000002,0.4540417,Sarawak
2022-03-17 00:00:00+00:00,26.046938,6.825,0.4525833,Sarawak
2022-03-18 00:00:00+00:00,24.530273,23.55,0.4560625,Sarawak
2022-03-19 00:00:00+00:00,24.914125,8.5,0.46221873,Sarawak
2022-03-20 00:00:00+00:00,25.543291,2.725,0.46522915,Sarawak
2022-03-21 00:00:00+00:00,25.04277,8.3,0.46583334,Sarawak
2022-03-22 00:00:00+00:00,25.332876,3.575,0.4654687,Sarawak
2022-03-23 00:00:00+00:00,26.370377,0.05,0.46338543,Sarawak
2022-03-24 00:00:00+00:00,26.103708,4.675,0.46041667,Sarawak
2022-03-25 00:00:00+00:00,25.702147,17.95,0.4573229,Sarawak
2022-03-26 00:00:00+00:00,25.852146,1.0500001,0.45452076,Sarawak
2022-03-27 00:00:00+00:00,25.002666,6.925,0.4525937,Sarawak
2022-03-28 00:00:00+00:00,25.98027,0.675,0.45002085,Sarawak
2022-03-29 00:00:00+00:00,26.195896,2.975,0.44654164,Sarawak
2022-03-30 00:00:00+00:00,26.27298,9.250001,0.4428333,Sarawak
2022-03-31 00:00:00+00:00,25.338604,20.75,0.43907288,Sarawak
2022-04-01 00:00:00+00:00,24.70423,8.45,0.43919787,Sarawak
2022-04-02 00:00:00+00:00,26.351105,0.45000002,0.43806255,Sarawak
2022-04-03 00:00:00+00:00,26.191208,2.4250002,0.43576044,Sarawak
2022-04-04 00:00:00+00:00,25.219854,9.725,0.43411458,Sarawak
2022-04-05 00:00:00+00:00,24.5735,8.849999,0.43601042,Sarawak
2022-04-06 00:00:00+00:00,24.420376,9.5,0.43481255,Sarawak
2022-04-07 00:00:00+00:00,24.139126,20.225,0.4390416,Sarawak
2022-04-08 00:00:00+00:00,24.176626,18.025002,0.44398955,Sarawak
2022-04-09 00:00:00+00:00,23.849545,14.175,0.45867705,Sarawak
2022-04-10 00:00:00+00:00,25.614647,0.95000005,0.46040624,Sarawak
2022-04-11 00:00:00+00:00,25.525583,3.6,0.45885414,Sarawak
2022-04-12 00:00:00+00:00,25.478188,5.1749997,0.45683336,Sarawak
2022-04-13 00:00:00+00:00,25.38652,4.0,0.45506248,Sarawak
2022-04-14 00:00:00+00:00,26.181833,1.5,0.45329165,Sarawak
2022-04-15 00:00:00+00:00,26.339645,1.5250001,0.4513437,Sarawak
2022-04-16 00:00:00+00:00,25.944334,5.6749997,0.44965625,Sarawak
2022-04-17 00:00:00+00:00,26.66725,0.70000005,0.44707292,Sarawak
2022-04-18 00:00:00+00:00,27.040167,6.3,0.44391662,Sarawak
2022-04-19 00:00:00+00:00,25.040165,13.850001,0.4428854,Sarawak
2022-04-20 00:00:00+00:00,26.418812,2.4999998,0.44087496,Sarawak
2022-04-21 00:00:00+00:00,26.037563,8.325,0.4391979,Sarawak
2022-04-22 00:00:00+00:00,26.37871,6.125,0.43782294,Sarawak
2022-04-23 00:00:00+00:00,26.153708,11.300001,0.43610418,Sarawak
2022-04-24 00:00:00+00:00,25.843813,13.975,0.43387508,Sarawak
2022-04-25 00:00:00+00:00,24.90475,5.9249997,0.4385625,Sarawak
2022-04-26 00:00:00+00:00,26.413605,2.4999998,0.4393333,Sarawak
2022-04-27 00:00:00+00:00,24.550064,9.125,0.44103128,Sarawak
2022-04-28 00:00:00+00:00,26.793812,0.59999996,0.43784377,Sarawak
2022-04-29 00:00:00+00:00,26.080791,19.525,0.43576044,Sarawak
2022-04-30 00:00:00+00:00,25.180271,5.425,0.43782285,Sarawak
2022-05-01 00:00:00+00:00,26.882353,3.175,0.4374271,Sarawak
2022-05-02 00:00:00+00:00,26.088606,8.15,0.43623957,Sarawak
2022-05-03 00:00:00+00:00,26.536,2.225,0.4353229,Sarawak
2022-05-04 00:00:00+00:00,26.207354,3.8999999,0.4346042,Sarawak
2022-05-05 00:00:00+00:00,26.29225,2.475,0.43417716,Sarawak
2022-05-06 00:00:00+00:00,26.615688,7.575,0.4332604,Sarawak
2022-05-07 00:00:00+00:00,25.769335,10.225,0.43301046,Sarawak
2022-05-08 00:00:00+00:00,25.820375,18.925,0.4336667,Sarawak
2022-05-09 00:00:00+00:00,24.486,15.299999,0.4471354,Sarawak
2022-05-10 00:00:00+00:00,26.258396,0.15,0.45108327,Sarawak
2022-05-11 00:00:00+00:00,27.121937,9.175,0.45035413,Sarawak
2022-05-12 00:00:00+00:00,25.534437,7.975,0.4494688,Sarawak
2022-05-13 00:00:00+00:00,25.643293,12.875,0.45378128,Sarawak
2022-05-14 00:00:00+00:00,27.045376,0.22500001,0.45740622,Sarawak
2022-05-15 00:00:00+00:00,25.952147,18.775,0.45742714,Sarawak
2022-05-16 00:00:00+00:00,25.420372,10.8,0.46135417,Sarawak
2022-05-17 00:00:00+00:00,25.36777,7.45,0.46514583,Sarawak
2022-05-18 00:00:00+00:00,26.796415,5.0,0.4676354,Sarawak
2022-05-19 00:00:00+00:00,26.609959,10.150001,0.46638533,Sarawak
2022-05-20 00:00:00+00:00,25.038603,5.475,0.4676771,Sarawak
2022-05-21 00:00:00+00:00,25.820374,5.425,0.46667704,Sarawak
2022-05-22 00:00:00+00:00,26.152668,3.725,0.4659792,Sarawak
2022-05-23 00:00:00+00:00,27.203707,1.2249999,0.46585417,Sarawak
2022-05-24 00:00:00+00:00,27.931833,1.1499999,0.46296883,Sarawak
2022-05-25 00:00:00+00:00,27.01829,4.75,0.46034372,Sarawak
2022-05-26 00:00:00+00:00,24.84902,14.650001,0.45936462,Sarawak
2022-05-27 00:00:00+00:00,24.765686,5.9,0.45893747,Sarawak
2022-05-28 00:00:00+00:00,26.959957,0.425,0.4568438,Sarawak
2022-05-29 00:00:00+00:00,26.724545,1.5500001,0.45420828,Sarawak
2022-05-30 00:00:00+00:00,26.82402,3.1000001,0.4510938,Sarawak
2022-05-31 00:00:00+00:00,27.46829,0.375,0.44793752,Sarawak
2022-06-01 00:00:00+00:00,26.033916,19.100002,0.44430208,Sarawak
2022-06-02 00:00:00+00:00,24.695896,5.025,0.44201037,Sarawak
2022-06-03 00:00:00+00:00,25.099022,5.25,0.44085413,Sarawak
2022-06-04 00:00:00+00:00,25.196938,17.15,0.4411041,Sarawak
2022-06-05 00:00:00+00:00,25.128185,30.324997,0.440625,Sarawak
2022-06-06 00:00:00+00:00,24.502148,20.300001,0.44315627,Sarawak
2022-06-07 00:00:00+00:00,25.496416,7.9249997,0.44216672,Sarawak
2022-06-08 00:00:00+00:00,25.507355,14.6,0.444375,Sarawak
2022-06-09 00:00:00+00:00,24.506313,29.6,0.44936454,Sarawak
2022-06-10 00:00:00+00:00,24.993813,20.649998,0.4509896,Sarawak
2022-06-11 00:00:00+00:00,24.476625,19.75,0.4611354,Sarawak
2022-06-12 00:00:00+00:00,24.707354,20.7,0.46158338,Sarawak
2022-06-13 00:00:00+00:00,23.62975,19.0,0.46844795,Sarawak
2022-06-14 00:00:00+00:00,25.620895,6.0750003,0.46238536,Sarawak
2022-06-15 00:00:00+00:00,25.058918,18.275002,0.46039584,Sarawak
2022-06-16 00:00:00+00:00,24.458395,32.25,0.45897913,Sarawak
2022-06-17 00:00:00+00:00,24.118813,43.325,0.46608332,Sarawak
2022-06-18 00:00:00+00:00,24.356834,8.25,0.4748854,Sarawak
2022-06-19 00:00:00+00:00,24.777145,12.300001,0.47366673,Sarawak
2022-06-20 00:00:00+00:00,23.992249,17.15,0.47440633,Sarawak
2022-06-21 00:00:00+00:00,25.1735,19.975,0.47228125,Sarawak
2022-06-22 00:00:00+00:00,24.588081,29.875002,0.47321874,Sarawak
2022-06-23 00:00:00+00:00,24.93652,30.350002,0.47756246,Sarawak
2022-06-24 00:00:00+00:00,24.333397,15.725001,0.4806458,Sarawak
2022-06-25 00:00:00+00:00,24.630793,17.650002,0.47813544,Sarawak
2022-06-26 00:00:00+00:00,24.801104,11.875001,0.4763021,Sarawak
2022-06-27 00:00:00+00:00,24.797459,5.0000005,0.4723542,Sarawak
2022-06-28 00:00:00+00:00,25.369333,3.925,0.46804166,Sarawak
2022-06-29 00:00:00+00:00,25.457354,8.75,0.4639479,Sarawak
2022-06-30 00:00:00+00:00,25.824017,10.775,0.4601354,Sarawak
2022-07-01 00:00:00+00:00,26.682356,0.3,0.45627084,Sarawak
2022-07-02 00:00:00+00:00,27.266209,0.90000004,0.4519375,Sarawak
2022-07-03 00:00:00+00:00,27.480793,0.1,0.446875,Sarawak
2022-07-04 00:00:00+00:00,26.395374,2.3999999,0.4430104,Sarawak
2022-07-05 00:00:00+00:00,25.62923,18.45,0.43969792,Sarawak
2022-07-06 00:00:00+00:00,25.219854,5.95,0.4378334,Sarawak
2022-07-07 00:00:00+00:00,26.640167,5.2000003,0.43556255,Sarawak
2022-07-08 00:00:00+00:00,24.835999,16.750002,0.43338543,Sarawak
2022-07-09 00:00:00+00:00,25.070375,2.275,0.43077087,Sarawak
2022-07-10 00:00:00+00:00,25.304228,5.925,0.42955208,Sarawak
2022-07-11 00:00:00+00:00,24.957355,2.2749999,0.4291771,Sarawak
2022-07-12 00:00:00+00:00,25.104752,11.2,0.4278021,Sarawak
2022-07-13 00:00:00+00:00,24.84694,12.700001,0.42636457,Sarawak
2022-07-14 00:00:00+00:00,25.240686,2.3,0.42457289,Sarawak
2022-07-15 00:00:00+00:00,26.59954,0.125,0.42219794,Sarawak
2022-07-16 00:00:00+00:00,27.037561,2.125,0.4190417,Sarawak
2022-07-17 00:00:00+00:00,26.2985,0.075,0.41642708,Sarawak
2022-07-18 00:00:00+00:00,26.580791,0.025,0.41364583,Sarawak
2022-07-19 00:00:00+00:00,27.128185,2.7500002,0.4103855,Sarawak
2022-07-20 00:00:00+00:00,26.977146,2.875,0.40791667,Sarawak
2022-07-21 00:00:00+00:00,26.144331,7.575,0.40628117,Sarawak
2022-07-22 00:00:00+00:00,24.715168,19.825,0.40578127,Sarawak
2022-07-23 00:00:00+00:00,25.495377,18.75,0.40319788,Sarawak
2022-07-24 00:00:00+00:00,24.705791,14.150001,0.40281248,Sarawak
2022-07-25 00:00:00+00:00,24.226105,37.975,0.40781248,Sarawak
2022-07-26 00:00:00+00:00,24.471416,21.900002,0.41382295,Sarawak
2022-07-27 00:00:00+00:00,24.528187,6.25,0.4214479,Sarawak
2022-07-28 00:00:00+00:00,26.25371,0.275,0.42174995,Sarawak
2022-07-29 00:00:00+00:00,26.30475,4.2,0.42064574,Sarawak
2022-07-30 00:00:00+00:00,24.823502,13.475,0.41945833,Sarawak
2022-07-31 00:00:00+00:00,25.246937,2.9499998,0.41779166,Sarawak
2022-08-01 00:00:00+00:00,25.603706,11.025001,0.4160729,Sarawak
2022-08-02 00:00:00+00:00,25.352146,25.325,0.41561463,Sarawak
2022-08-03 00:00:00+00:00,25.095373,30.625,0.42372918,Sarawak
2022-08-04 00:00:00+00:00,23.889124,41.575,0.4409271,Sarawak
2022-08-05 00:00:00+00:00,23.163084,29.249998,0.4662188,Sarawak
2022-08-06 00:00:00+00:00,24.614124,2.225,0.47172913,Sarawak
2022-08-07 00:00:00+00:00,25.513083,7.9000006,0.4699792,Sarawak
2022-08-08 00:00:00+00:00,26.309958,5.225,0.46686453,Sarawak
2022-08-09 00:00:00+00:00,25.414127,11.725,0.46446878,Sarawak
2022-08-10 00:00:00+00:00,25.451626,8.650001,0.46197912,Sarawak
2022-08-11 00:00:00+00:00,26.29225,22.65,0.45960423,Sarawak
2022-08-12 00:00:00+00:00,25.5985,12.400001,0.4583958,Sarawak
2022-08-13 00:00:00+00:00,24.837563,19.4,0.45658326,Sarawak
2022-08-14 00:00:00+00:00,25.422457,0.75,0.45503122,Sarawak
2022-08-15 00:00:00+00:00,24.970896,17.625,0.45305207,Sarawak
2022-08-16 00:00:00+00:00,25.44277,20.85,0.45108336,Sarawak
2022-08-17 00:00:00+00:00,25.134438,24.925001,0.45354164,Sarawak
2022-08-18 00:00:00+00:00,25.100061,9.5,0.45118746,Sarawak
2022-08-19 00:00:00+00:00,25.474018,5.3500004,0.45040622,Sarawak
2022-08-20 00:00:00+00:00,25.200064,34.425,0.45140624,Sarawak
2022-08-21 00:00:00+00:00,24.66725,8.099999,0.45716658,Sarawak
2022-08-22 00:00:00+00:00,24.713085,16.524998,0.4585521,Sarawak
2022-08-23 00:00:00+00:00,25.239647,8.0,0.4621875,Sarawak
2022-08-24 00:00:00+00:00,25.239645,14.550001,0.46227086,Sarawak
2022-08-25 00:00:00+00:00,24.775583,21.849998,0.4646042,Sarawak
2022-08-26 00:00:00+00:00,24.824543,22.75,0.4686458,Sarawak
2022-08-27 00:00:00+00:00,24.42923,30.175001,0.4783125,Sarawak
2022-08-28 00:00:00+00:00,24.40371,20.9,0.47594795,Sarawak
2022-08-29 00:00:00+00:00,24.818295,13.8,0.469375,Sarawak
2022-08-30 00:00:00+00:00,24.639647,22.599998,0.47375,Sarawak
2022-08-31 00:00:00+00:00,23.722458,13.400001,0.4802917,Sarawak
2022-09-01 00:00:00+00:00,26.150583,4.225,0.475375,Sarawak
2022-09-02 00:00:00+00:00,25.284958,14.625,0.46933332,Sarawak
2022-09-03 00:00:00+00:00,24.29798,30.749998,0.47072917,Sarawak
2022-09-04 00:00:00+00:00,24.938602,3.8,0.47168753,Sarawak
2022-09-05 00:00:00+00:00,24.858917,4.7,0.46879166,Sarawak
2022-09-06 00:00:00+00:00,24.256313,1.125,0.46526036,Sarawak
2022-09-07 00:00:00+00:00,25.989645,10.574999,0.46031252,Sarawak
2022-09-08 00:00:00+00:00,24.025063,35.425003,0.45988536,Sarawak
2022-09-09 00:00:00+00:00,23.201626,33.55,0.47432292,Sarawak
2022-09-10 00:00:00+00:00,25.087563,6.0,0.47540623,Sarawak
2022-09-11 00:00:00+00:00,24.534958,6.0499997,0.47198954,Sarawak
2022-09-12 00:00:00+00:00,24.596416,22.1,0.47043747,Sarawak
2022-09-13 00:00:00+00:00,24.427145,29.724998,0.47662503,Sarawak
2022-09-14 00:00:00+00:00,24.593813,5.05,0.4816979,Sarawak
2022-09-15 00:00:00+00:00,24.810478,11.700001,0.477802,Sarawak
2022-09-16 00:00:00+00:00,25.09798,9.15,0.47258335,Sarawak
2022-09-17 00:00:00+00:00,25.178707,6.9750004,0.4672708,Sarawak
2022-09-18 00:00:00+00:00,25.440687,17.325,0.46257287,Sarawak
2022-09-19 00:00:00+00:00,23.817772,22.824999,0.46067703,Sarawak
2022-09-20 00:00:00+00:00,25.06152,3.55,0.45790628,Sarawak
2022-09-21 00:00:00+00:00,25.337563,0.65,0.45505208,Sarawak
2022-09-22 00:00:00+00:00,25.75527,7.6749997,0.45057288,Sarawak
2022-09-23 00:00:00+00:00,24.899021,8.425,0.44840625,Sarawak
2022-09-24 00:00:00+00:00,25.476105,9.35,0.4455313,Sarawak
2022-09-25 00:00:00+00:00,25.142773,15.475,0.44229162,Sarawak
2022-09-26 00:00:00+00:00,24.685478,10.950001,0.44387498,Sarawak
2022-09-27 00:00:00+00:00,25.851624,0.775,0.44350007,Sarawak
2022-09-28 00:00:00+00:00,25.918291,14.925,0.44214582,Sarawak
2022-09-29 00:00:00+00:00,25.633396,7.7250004,0.44333336,Sarawak
2022-09-30 00:00:00+00:00,26.648499,2.325,0.44178125,Sarawak
2022-10-01 00:00:00+00:00,26.11829,12.875,0.43856254,Sarawak
2022-10-02 00:00:00+00:00,24.051624,25.149998,0.4403229,Sarawak
2022-10-03 00:00:00+00:00,24.609436,28.3,0.44882292,Sarawak
2022-10-04 00:00:00+00:00,24.620375,26.525,0.46528125,Sarawak
2022-10-05 00:00:00+00:00,24.463081,23.95,0.48385423,Sarawak
2022-10-06 00:00:00+00:00,24.62402,30.1,0.48786455,Sarawak
2022-10-07 00:00:00+00:00,24.484957,56.125,0.4794584,Sarawak
2022-10-08 00:00:00+00:00,24.018814,35.225002,0.48579168,Sarawak
2022-10-09 00:00:00+00:00,23.607874,23.625002,0.4796875,Sarawak
2022-10-10 00:00:00+00:00,25.138083,4.825,0.47016665,Sarawak
2022-10-11 00:00:00+00:00,24.275585,13.750001,0.46785417,Sarawak
2022-10-12 00:00:00+00:00,24.819332,3.825,0.4660312,Sarawak
2022-10-13 00:00:00+00:00,24.876625,9.175,0.4615417,Sarawak
2022-10-14 00:00:00+00:00,25.40475,2.075,0.4557709,Sarawak
2022-10-15 00:00:00+00:00,25.232876,10.575001,0.45071876,Sarawak
2022-10-16 00:00:00+00:00,25.394335,16.35,0.4491667,Sarawak
2022-10-17 00:00:00+00:00,24.539124,16.425,0.45284373,Sarawak
2022-10-18 00:00:00+00:00,24.157356,17.175001,0.45431253,Sarawak
2022-10-19 00:00:00+00:00,24.81777,2.55,0.4547187,Sarawak
2022-10-20 00:00:00+00:00,26.06048,6.45,0.45251045,Sarawak
2022-10-21 00:00:00+00:00,25.060478,18.4,0.45002085,Sarawak
2022-10-22 00:00:00+00:00,25.15371,16.375,0.4472708,Sarawak
2022-10-23 00:00:00+00:00,24.772459,29.949999,0.45047915,Sarawak
2022-10-24 00:00:00+00:00,24.727146,18.025002,0.46096876,Sarawak
2022-10-25 00:00:00+00:00,24.884958,21.6,0.46651047,Sarawak
2022-10-26 00:00:00+00:00,25.087042,40.100002,0.47956255,Sarawak
2022-10-27 00:00:00+00:00,24.357355,12.150001,0.48522922,Sarawak
2022-10-28 00:00:00+00:00,24.383919,18.95,0.48377082,Sarawak
2022-10-29 00:00:00+00:00,26.12402,9.625,0.47869787,Sarawak
2022-10-30 00:00:00+00:00,25.646416,12.975,0.4761042,Sarawak
2022-10-31 00:00:00+00:00,25.13079,20.65,0.47359377,Sarawak
2022-11-01 00:00:00+00:00,24.088083,18.400002,0.48526043,Sarawak
2022-11-02 00:00:00+00:00,24.709438,18.225,0.48641664,Sarawak
2022-11-03 00:00:00+00:00,25.402145,10.575001,0.48381245,Sarawak
2022-11-04 00:00:00+00:00,24.756313,20.725002,0.48276043,Sarawak
2022-11-05 00:00:00+00:00,24.334959,10.15,0.4815729,Sarawak
2022-11-06 00:00:00+00:00,24.094334,16.65,0.476375,Sarawak
2022-11-07 00:00:00+00:00,24.857876,18.225,0.47348958,Sarawak
2022-11-08 00:00:00+00:00,24.663605,25.500002,0.47530207,Sarawak
2022-11-09 00:00:00+00:00,24.839125,18.95,0.47366667,Sarawak
2022-11-10 00:00:00+00:00,24.97298,17.675,0.47721875,Sarawak
2022-11-11 00:00:00+00:00,24.775581,14.050001,0.4737084,Sarawak
2022-11-12 00:00:00+00:00,24.476103,12.100001,0.47058338,Sarawak
2022-11-13 00:00:00+00:00,25.391209,25.449999,0.465,Sarawak
2022-11-14 00:00:00+00:00,24.656313,14.425001,0.4634687,Sarawak
2022-11-15 00:00:00+00:00,24.332355,19.2,0.46586454,Sarawak
2022-11-16 00:00:00+00:00,24.992249,21.6,0.46890625,Sarawak
2022-11-17 00:00:00+00:00,24.89225,24.25,0.4640833,Sarawak
2022-11-18 00:00:00+00:00,23.800062,18.65,0.46891662,Sarawak
2022-11-19 00:00:00+00:00,24.74069,4.95,0.47101048,Sarawak
2022-11-20 00:00:00+00:00,26.152145,5.7250004,0.46889582,Sarawak
2022-11-21 00:00:00+00:00,25.990166,5.2749996,0.4650416,Sarawak
2022-11-22 00:00:00+00:00,25.878712,16.699999,0.4600313,Sarawak
2022-11-23 00:00:00+00:00,25.276625,22.124998,0.45630205,Sarawak
2022-11-24 00:00:00+00:00,25.201105,1.4000001,0.45131245,Sarawak
2022-11-25 00:00:00+00:00,25.362041,10.950001,0.4476458,Sarawak
2022-11-26 00:00:00+00:00,25.113083,11.875,0.44474998,Sarawak
2022-11-27 00:00:00+00:00,24.539124,8.7,0.44289583,Sarawak
2022-11-28 00:00:00+00:00,24.603188,16.45,0.4412291,Sarawak
2022-11-29 00:00:00+00:00,24.310478,18.275002,0.4389271,Sarawak
2022-11-30 00:00:00+00:00,24.665688,27.85,0.44058332,Sarawak
2022-12-01 00:00:00+00:00,24.0485,15.425,0.4463438,Sarawak
2022-12-02 00:00:00+00:00,25.10527,17.825,0.44631255,Sarawak
2022-12-03 00:00:00+00:00,24.927666,27.275002,0.45623958,Sarawak
2022-12-04 00:00:00+00:00,24.73027,6.325,0.4631458,Sarawak
2022-12-05 00:00:00+00:00,24.9735,8.675,0.4606146,Sarawak
2022-12-06 00:00:00+00:00,24.50996,12.575002,0.45902082,Sarawak
2022-12-07 00:00:00+00:00,24.635998,32.300003,0.4585416,Sarawak
2022-12-08 00:00:00+00:00,24.212563,25.150002,0.47139585,Sarawak
2022-12-09 00:00:00+00:00,24.24798,25.425,0.47404164,Sarawak
2022-12-10 00:00:00+00:00,24.183918,23.025,0.47219792,Sarawak
2022-12-11 00:00:00+00:00,24.728708,17.325,0.47111458,Sarawak
2022-12-12 00:00:00+00:00,23.189646,42.949997,0.48693743,Sarawak
2022-12-13 00:00:00+00:00,24.495895,10.0,0.4815833,Sarawak
2022-12-14 00:00:00+00:00,24.304228,19.45,0.47616667,Sarawak
2022-12-15 00:00:00+00:00,23.831312,28.15,0.47552088,Sarawak
2022-12-16 00:00:00+00:00,23.756313,9.025,0.47511455,Sarawak
2022-12-17 00:00:00+00:00,24.260479,19.075,0.4694687,Sarawak
2022-12-18 00:00:00+00:00,24.523499,15.225001,0.46278122,Sarawak
2022-12-19 00:00:00+00:00,24.764126,9.825,0.45549998,Sarawak
2022-12-20 00:00:00+00:00,25.415686,8.6,0.44871876,Sarawak
2022-12-21 00:00:00+00:00,24.546415,22.6,0.4449375,Sarawak
2022-12-22 00:00:00+00:00,24.056313,21.300003,0.43974996,Sarawak
2022-12-23 00:00:00+00:00,22.958916,19.65,0.45709372,Sarawak
2022-12-24 00:00:00+00:00,23.522459,4.5249996,0.46090624,Sarawak
2022-12-25 00:00:00+00:00,23.769333,20.525,0.4597708,Sarawak
2022-12-26 00:00:00+00:00,23.521938,3.7499998,0.46087503,Sarawak
2022-12-27 00:00:00+00:00,24.563604,0.57500005,0.45840627,Sarawak
2022-12-28 00:00:00+00:00,24.55527,1.225,0.45412502,Sarawak
2022-12-29 00:00:00+00:00,24.794334,1.0,0.44930214,Sarawak
2022-12-30 00:00:00+00:00,25.042252,2.0750003,0.4444792,Sarawak
2022-12-31 00:00:00+00:00,24.045895,7.925,0.44030213,Sarawak
2023-01-01 00:00:00+00:00,25.147457,6.325,0.4370104,Sarawak
2023-01-02 00:00:00+00:00,24.089645,21.375,0.4369375,Sarawak
2023-01-03 00:00:00+00:00,23.102667,15.675003,0.4452812,Sarawak
2023-01-04 00:00:00+00:00,24.108397,3.3,0.44933325,Sarawak
2023-01-05 00:00:00+00:00,24.672459,7.275,0.4491146,Sarawak
2023-01-06 00:00:00+00:00,24.562042,13.475,0.44824994,Sarawak
2023-01-07 00:00:00+00:00,24.797457,13.000001,0.44720826,Sarawak
2023-01-08 00:00:00+00:00,24.051624,14.275,0.4450729,Sarawak
2023-01-09 00:00:00+00:00,24.69225,11.375,0.4429167,Sarawak
2023-01-10 00:00:00+00:00,24.807356,1.5500001,0.44026044,Sarawak
2023-01-11 00:00:00+00:00,24.968811,6.3749995,0.4371563,Sarawak
2023-01-12 00:00:00+00:00,25.221416,2.375,0.43402088,Sarawak
2023-01-13 00:00:00+00:00,25.668812,0.65000004,0.43037504,Sarawak
2023-01-14 00:00:00+00:00,25.027145,0.90000004,0.42667708,Sarawak
2023-01-15 00:00:00+00:00,25.325584,0.9250001,0.42305213,Sarawak
2023-01-16 00:00:00+00:00,25.138603,1.8499999,0.41977084,Sarawak
2023-01-17 00:00:00+00:00,25.615168,1.4,0.41640624,Sarawak
2023-01-18 00:00:00+00:00,24.806831,8.349999,0.41296872,Sarawak
2023-01-19 00:00:00+00:00,24.619854,26.75,0.4103958,Sarawak
2023-01-20 00:00:00+00:00,24.784958,8.450001,0.40923956,Sarawak
2023-01-21 00:00:00+00:00,24.611523,14.8,0.41302085,Sarawak
2023-01-22 00:00:00+00:00,24.162563,19.5,0.4203542,Sarawak
2023-01-23 00:00:00+00:00,24.583916,24.425,0.42233333,Sarawak
2023-01-24 00:00:00+00:00,23.513083,22.95,0.43034372,Sarawak
2023-01-25 00:00:00+00:00,24.487564,15.350002,0.4421875,Sarawak
2023-01-26 00:00:00+00:00,24.278187,31.025002,0.45335418,Sarawak
2023-01-27 00:00:00+00:00,24.355793,27.900002,0.4669479,Sarawak
2023-01-28 00:00:00+00:00,24.182356,10.299999,0.47279167,Sarawak
2023-01-29 00:00:00+00:00,24.493292,74.8,0.48210412,Sarawak
2023-01-30 00:00:00+00:00,24.494333,22.350002,0.48686463,Sarawak
2023-01-31 00:00:00+00:00,24.530792,13.975,0.4849687,Sarawak
2023-02-01 00:00:00+00:00,24.53652,4.25,0.4770729,Sarawak
2023-02-02 00:00:00+00:00,24.906315,26.875,0.47362497,Sarawak
2023-02-03 00:00:00+00:00,24.203188,27.300001,0.48030204,Sarawak
2023-02-04 00:00:00+00:00,24.140688,27.150002,0.48091668,Sarawak
2023-02-05 00:00:00+00:00,25.203186,19.7,0.48092705,Sarawak
2023-02-06 00:00:00+00:00,24.351105,20.125,0.47483334,Sarawak
2023-02-07 00:00:00+00:00,24.450583,6.2,0.47669795,Sarawak
2023-02-08 00:00:00+00:00,25.041208,9.0,0.4734167,Sarawak
2023-02-09 00:00:00+00:00,25.176104,14.924999,0.46814582,Sarawak
2023-02-10 00:00:00+00:00,24.840168,14.675,0.4643958,Sarawak
2023-02-11 00:00:00+00:00,25.040167,6.975,0.4604271,Sarawak
2023-02-12 00:00:00+00:00,24.076103,32.45,0.4641562,Sarawak
2023-02-13 00:00:00+00:00,23.546938,15.374999,0.47945833,Sarawak
2023-02-14 00:00:00+00:00,24.411522,6.15,0.4789167,Sarawak
2023-02-15 00:00:00+00:00,24.204748,8.475,0.47591668,Sarawak
2023-02-16 00:00:00+00:00,24.988605,6.525001,0.47117704,Sarawak
2023-02-17 00:00:00+00:00,24.692251,11.725,0.46684372,Sarawak
2023-02-18 00:00:00+00:00,24.912563,8.025001,0.46286458,Sarawak
2023-02-19 00:00:00+00:00,24.81725,5.8,0.4599896,Sarawak
2023-02-20 00:00:00+00:00,25.034958,2.775,0.45565623,Sarawak
2023-02-21 00:00:00+00:00,25.312563,2.4,0.45091665,Sarawak
2023-02-22 00:00:00+00:00,25.449541,1.7,0.44603124,Sarawak
2023-02-23 00:00:00+00:00,25.045376,9.8,0.44119787,Sarawak
2023-02-24 00:00:00+00:00,24.439125,18.425,0.43775007,Sarawak
2023-02-25 00:00:00+00:00,23.890167,30.200003,0.4419479,Sarawak
2023-02-26 00:00:00+00:00,24.200064,20.125002,0.44496873,Sarawak
2023-02-27 00:00:00+00:00,24.64069,9.6,0.4534062,Sarawak
2023-02-28 00:00:00+00:00,24.463083,44.875,0.46402082,Sarawak
2023-03-01 00:00:00+00:00,24.812042,4.85,0.4809271,Sarawak
2023-03-02 00:00:00+00:00,25.806835,2.025,0.47837505,Sarawak
2023-03-03 00:00:00+00:00,24.54798,14.500001,0.47401047,Sarawak
2023-03-04 00:00:00+00:00,24.35527,16.150002,0.4764791,Sarawak
2023-03-05 00:00:00+00:00,24.458395,9.799999,0.47524998,Sarawak
2023-03-06 00:00:00+00:00,24.556833,26.8,0.4732188,Sarawak
2023-03-07 00:00:00+00:00,24.653189,7.05,0.4798958,Sarawak
2023-03-08 00:00:00+00:00,24.490688,10.775001,0.4756979,Sarawak
2023-03-09 00:00:00+00:00,24.913084,16.025,0.46966666,Sarawak
2023-03-10 00:00:00+00:00,24.358917,18.8,0.46687502,Sarawak
2023-03-11 00:00:00+00:00,24.632875,13.350002,0.46162498,Sarawak
2023-03-12 00:00:00+00:00,24.856312,3.4750001,0.4572187,Sarawak
2023-03-13 00:00:00+00:00,24.513603,0.275,0.45169792,Sarawak
2023-03-14 00:00:00+00:00,25.306313,1.15,0.4460833,Sarawak
2023-03-15 00:00:00+00:00,25.701103,9.2,0.4408229,Sarawak
2023-03-16 00:00:00+00:00,24.595896,11.150001,0.43727085,Sarawak
2023-03-17 00:00:00+00:00,25.30006,10.050001,0.43465626,Sarawak
2023-03-18 00:00:00+00:00,24.555271,12.475,0.43410417,Sarawak
2023-03-19 00:00:00+00:00,25.306313,17.675,0.4330938,Sarawak
2023-03-20 00:00:00+00:00,24.101624,12.424999,0.43689585,Sarawak
2023-03-21 00:00:00+00:00,25.308395,6.1,0.44017708,Sarawak
2023-03-22 00:00:00+00:00,25.272459,7.8750005,0.44001043,Sarawak
2023-03-23 00:00:00+00:00,25.344856,12.700001,0.43910414,Sarawak
2023-03-24 00:00:00+00:00,24.67871,18.125002,0.44043753,Sarawak
2023-03-25 00:00:00+00:00,24.30475,18.475,0.44219795,Sarawak
2023-03-26 00:00:00+00:00,24.75475,15.950002,0.4435729,Sarawak
2023-03-27 00:00:00+00:00,25.561,4.975,0.44246873,Sarawak
2023-03-28 00:00:00+00:00,25.319855,2.6,0.4407813,Sarawak
2023-03-29 00:00:00+00:00,24.98548,15.975,0.43894795,Sarawak
2023-03-30 00:00:00+00:00,24.352146,18.65,0.44810417,Sarawak
2023-03-31 00:00:00+00:00,24.40475,17.2,0.45769793,Sarawak
2023-04-01 00:00:00+00:00,24.780792,3.675,0.45943746,Sarawak
2023-04-02 00:00:00+00:00,24.615688,13.125001,0.4589167,Sarawak
2023-04-03 00:00:00+00:00,24.534437,10.724999,0.46362504,Sarawak
2023-04-04 00:00:00+00:00,25.520895,3.1500003,0.46311456,Sarawak
2023-04-05 00:00:00+00:00,25.01152,20.400002,0.46138546,Sarawak
2023-04-06 00:00:00+00:00,24.04902,21.2,0.45868748,Sarawak
2023-04-07 00:00:00+00:00,24.888084,4.2999997,0.4588437,Sarawak
2023-04-08 00:00:00+00:00,24.847979,5.5499997,0.4575729,Sarawak
2023-04-09 00:00:00+00:00,25.665167,3.1999998,0.455125,Sarawak
2023-04-10 00:00:00+00:00,25.693811,2.325,0.4514375,Sarawak
2023-04-11 00:00:00+00:00,26.331312,0.52500004,0.44695827,Sarawak
2023-04-12 00:00:00+00:00,26.275063,1.6999999,0.4422396,Sarawak
2023-04-13 00:00:00+00:00,26.503187,1.6000001,0.43780205,Sarawak
2023-04-14 00:00:00+00:00,26.468811,2.3500001,0.43394792,Sarawak
2023-04-15 00:00:00+00:00,26.555271,1.725,0.4301146,Sarawak
2023-04-16 00:00:00+00:00,25.972458,4.5249996,0.42533332,Sarawak
2023-04-17 00:00:00+00:00,26.385479,3.425,0.42040622,Sarawak
2023-04-18 00:00:00+00:00,26.870895,9.075,0.4164062,Sarawak
2023-04-19 00:00:00+00:00,25.249542,5.3750005,0.4128959,Sarawak
2023-04-20 00:00:00+00:00,25.49381,9.45,0.40994787,Sarawak
2023-04-21 00:00:00+00:00,26.389126,7.275,0.4059688,Sarawak
2023-04-22 00:00:00+00:00,26.69329,4.6,0.40180212,Sarawak
2023-04-23 00:00:00+00:00,26.030273,5.2749996,0.39815623,Sarawak
2023-04-24 00:00:00+00:00,24.910479,7.7,0.3955625,Sarawak
2023-04-25 00:00:00+00:00,26.272978,5.45,0.39312503,Sarawak
2023-04-26 00:00:00+00:00,25.352146,10.25,0.3913229,Sarawak
2023-04-27 00:00:00+00:00,25.745375,5.7250004,0.39040628,Sarawak
2023-04-28 00:00:00+00:00,25.54902,10.700001,0.3895521,Sarawak
2023-04-29 00:00:00+00:00,25.790165,14.924999,0.38809374,Sarawak
2023-04-30 00:00:00+00:00,25.158396,11.475,0.3880104,Sarawak
2023-05-01 00:00:00+00:00,26.469334,8.800001,0.38579172,Sarawak
2023-05-02 00:00:00+00:00,25.907354,8.325,0.38453126,Sarawak
2023-05-03 00:00:00+00:00,25.557875,8.7,0.38390625,Sarawak
2023-05-04 00:00:00+00:00,26.371416,6.425,0.38388538,Sarawak
2023-05-05 00:00:00+00:00,26.088083,9.900001,0.38296878,Sarawak
2023-05-06 00:00:00+00:00,26.303188,7.5500007,0.381948,Sarawak
2023-05-07 00:00:00+00:00,25.697456,21.775,0.38158333,Sarawak
2023-05-08 00:00:00+00:00,25.76517,1.35,0.38194788,Sarawak
2023-05-09 00:00:00+00:00,26.0735,2.425,0.38151038,Sarawak
2023-05-10 00:00:00+00:00,27.057356,0.075,0.38073957,Sarawak
2023-05-11 00:00:00+00:00,27.629751,1.3000001,0.3793958,Sarawak
2023-05-12 00:00:00+00:00,27.350063,32.800003,0.37814584,Sarawak
2023-05-13 00:00:00+00:00,24.521416,24.9,0.38021877,Sarawak
2023-05-14 00:00:00+00:00,26.032354,0.25,0.38251042,Sarawak
2023-05-15 00:00:00+00:00,26.513605,2.925,0.3819062,Sarawak
2023-05-16 00:00:00+00:00,26.086523,6.925,0.38100004,Sarawak
2023-05-17 00:00:00+00:00,26.606314,1.025,0.37905213,Sarawak
2023-05-18 00:00:00+00:00,26.701624,1.7249999,0.37625003,Sarawak
2023-05-19 00:00:00+00:00,26.504229,2.7749999,0.37321874,Sarawak
2023-05-20 00:00:00+00:00,26.15996,11.575,0.3713229,Sarawak
2023-05-21 00:00:00+00:00,26.634956,3.6999998,0.36911458,Sarawak
2023-05-22 00:00:00+00:00,25.591728,8.95,0.3681667,Sarawak
2023-05-23 00:00:00+00:00,25.839127,5.65,0.36797917,Sarawak
2023-05-24 00:00:00+00:00,26.340166,9.6,0.3674479,Sarawak
2023-05-25 00:00:00+00:00,26.23027,6.2749996,0.36700004,Sarawak
2023-05-26 00:00:00+00:00,26.33027,7.75,0.3655521,Sarawak
2023-05-27 00:00:00+00:00,26.501627,4.8,0.36376044,Sarawak
2023-05-28 00:00:00+00:00,27.150581,2.175,0.3621354,Sarawak
2023-05-29 00:00:00+00:00,26.901104,8.15,0.36066666,Sarawak
2023-05-30 00:00:00+00:00,25.838085,2.5,0.35996875,Sarawak
2023-05-31 00:00:00+00:00,27.2985,2.4750001,0.35827082,Sarawak
2023-06-01 00:00:00+00:00,27.077665,1.6500001,0.35637504,Sarawak
2023-06-02 00:00:00+00:00,27.615686,2.3,0.35479164,Sarawak
2023-06-03 00:00:00+00:00,26.884956,3.2,0.3535729,Sarawak
2023-06-04 00:00:00+00:00,26.275585,10.625,0.35231254,Sarawak
2023-06-05 00:00:00+00:00,24.622458,10.425,0.35137504,Sarawak
2023-06-06 00:00:00+00:00,26.576105,0.45,0.3504271,Sarawak
2023-06-07 00:00:00+00:00,27.095375,1.4000001,0.34861457,Sarawak
2023-06-08 00:00:00+00:00,26.569336,2.1499999,0.3470729,Sarawak
2023-06-09 00:00:00+00:00,25.678707,11.224999,0.34676042,Sarawak
2023-06-10 00:00:00+00:00,26.567251,0.17500001,0.34534377,Sarawak
2023-06-11 00:00:00+00:00,27.679228,0.425,0.34296873,Sarawak
2023-06-12 00:00:00+00:00,27.151625,0.22500001,0.34199998,Sarawak
2023-06-13 00:00:00+00:00,26.821415,6.6000004,0.3415625,Sarawak
2023-06-14 00:00:00+00:00,25.176104,12.175001,0.34129167,Sarawak
2023-06-15 00:00:00+00:00,26.594334,1.575,0.34023952,Sarawak
2023-06-16 00:00:00+00:00,25.805794,9.275001,0.338125,Sarawak
2023-06-17 00:00:00+00:00,24.563602,2.4250002,0.33710414,Sarawak
2023-06-18 00:00:00+00:00,26.782356,4.8500004,0.33689588,Sarawak
2023-06-19 00:00:00+00:00,25.441206,2.225,0.3356458,Sarawak
2023-06-20 00:00:00+00:00,26.282356,1.4,0.33426043,Sarawak
2023-06-21 00:00:00+00:00,25.841728,4.05,0.3327396,Sarawak
2023-06-22 00:00:00+00:00,26.6485,0.35000002,0.33112496,Sarawak
2023-06-23 00:00:00+00:00,27.46673,0.25,0.32934377,Sarawak
2023-06-24 00:00:00+00:00,26.276104,3.4499998,0.32767713,Sarawak
2023-06-25 00:00:00+00:00,26.405272,1.4,0.32599998,Sarawak
2023-06-26 00:00:00+00:00,26.891727,1.15,0.32370836,Sarawak
2023-06-27 00:00:00+00:00,26.626106,6.3,0.329625,Sarawak
2023-06-28 00:00:00+00:00,27.617771,1.5250001,0.33566672,Sarawak
2023-06-29 00:00:00+00:00,26.103188,6.5249996,0.33508334,Sarawak
2023-06-30 00:00:00+00:00,26.08548,10.325,0.33527082,Sarawak
2023-07-01 00:00:00+00:00,25.788605,6.325,0.33591667,Sarawak
2023-07-02 00:00:00+00:00,25.000584,23.875002,0.33582288,Sarawak
2023-07-03 00:00:00+00:00,23.936522,5.3,0.3430209,Sarawak
2023-07-04 00:00:00+00:00,25.627146,0.075,0.34755212,Sarawak
2023-07-05 00:00:00+00:00,26.72923,0.5,0.34765625,Sarawak
2023-07-06 00:00:00+00:00,25.519333,33.0,0.34932292,Sarawak
2023-07-07 00:00:00+00:00,25.15944,10.174999,0.36085415,Sarawak
2023-07-08 00:00:00+00:00,25.072458,2.5,0.3704896,Sarawak
2023-07-09 00:00:00+00:00,25.863087,7.0500007,0.3736667,Sarawak
2023-07-10 00:00:00+00:00,25.274023,13.175,0.3764896,Sarawak
2023-07-11 00:00:00+00:00,24.697979,18.225,0.38177082,Sarawak
2023-07-12 00:00:00+00:00,24.772457,11.174999,0.38907287,Sarawak
2023-07-13 00:00:00+00:00,25.075584,9.4,0.39157295,Sarawak
2023-07-14 00:00:00+00:00,26.465166,2.225,0.39179167,Sarawak
2023-07-15 00:00:00+00:00,25.4985,5.7750006,0.39240623,Sarawak
2023-07-16 00:00:00+00:00,27.000063,0.025,0.39171872,Sarawak
2023-07-17 00:00:00+00:00,27.931313,0.025,0.3902708,Sarawak
2023-07-18 00:00:00+00:00,26.834959,2.725,0.3887083,Sarawak
2023-07-19 00:00:00+00:00,26.663603,4.25,0.38590622,Sarawak
2023-07-20 00:00:00+00:00,25.020374,9.025,0.38161463,Sarawak
2023-07-21 00:00:00+00:00,24.551102,9.875,0.38170832,Sarawak
2023-07-22 00:00:00+00:00,26.241207,2.3500001,0.3798959,Sarawak
2023-07-23 00:00:00+00:00,26.330791,3.5,0.37810418,Sarawak
2023-07-24 00:00:00+00:00,25.83548,5.95,0.37717706,Sarawak
2023-07-25 00:00:00+00:00,27.175064,0.05,0.37602085,Sarawak
2023-07-26 00:00:00+00:00,27.678707,0.075,0.3750313,Sarawak
2023-07-27 00:00:00+00:00,28.12923,0.075,0.37353122,Sarawak
2023-07-28 00:00:00+00:00,28.230793,0.0,0.3720208,Sarawak
2023-07-29 00:00:00+00:00,28.171938,0.0,0.37169793,Sarawak
2023-07-30 00:00:00+00:00,27.744854,0.125,0.3700625,Sarawak
2023-07-31 00:00:00+00:00,27.229227,1.15,0.36822915,Sarawak
2023-08-01 00:00:00+00:00,27.667772,2.6,0.3663958,Sarawak
2023-08-02 00:00:00+00:00,25.556313,14.55,0.36477083,Sarawak
2023-08-03 00:00:00+00:00,25.794333,2.75,0.3661354,Sarawak
2023-08-04 00:00:00+00:00,27.994335,2.975,0.36734372,Sarawak
2023-08-05 00:00:00+00:00,26.277145,8.15,0.36566663,Sarawak
2023-08-06 00:00:00+00:00,25.866207,8.2,0.36321872,Sarawak
2023-08-07 00:00:00+00:00,25.416729,5.65,0.36232287,Sarawak
2023-08-08 00:00:00+00:00,26.939125,0.90000004,0.3610521,Sarawak
2023-08-09 00:00:00+00:00,26.652145,0.6,0.35972917,Sarawak
2023-08-10 00:00:00+00:00,26.978188,1.25,0.35842714,Sarawak
2023-08-11 00:00:00+00:00,25.957354,10.525,0.35775003,Sarawak
2023-08-12 00:00:00+00:00,26.429752,5.2250004,0.35698956,Sarawak
2023-08-13 00:00:00+00:00,26.322456,3.3,0.35607287,Sarawak
2023-08-14 00:00:00+00:00,26.28652,13.775001,0.35438547,Sarawak
2023-08-15 00:00:00+00:00,24.801624,15.075001,0.35418755,Sarawak
2023-08-16 00:00:00+00:00,25.62819,2.975,0.35351038,Sarawak
2023-08-17 00:00:00+00:00,25.414646,9.675,0.3529375,Sarawak
2023-08-18 00:00:00+00:00,25.076103,8.35,0.3523125,Sarawak
2023-08-19 00:00:00+00:00,25.870373,3.05,0.35179168,Sarawak
2023-08-20 00:00:00+00:00,26.184958,14.425001,0.35144788,Sarawak
2023-08-21 00:00:00+00:00,25.373499,10.6,0.35090625,Sarawak
2023-08-22 00:00:00+00:00,26.146418,6.2500005,0.3501771,Sarawak
2023-08-23 00:00:00+00:00,25.291208,7.6000004,0.34990627,Sarawak
2023-08-24 00:00:00+00:00,26.132875,18.775,0.3486041,Sarawak
2023-08-25 00:00:00+00:00,24.881311,7.125,0.3481562,Sarawak
2023-08-26 00:00:00+00:00,25.68652,1.225,0.34841663,Sarawak
2023-08-27 00:00:00+00:00,25.903708,4.225,0.34841666,Sarawak
2023-08-28 00:00:00+00:00,27.255272,0.6,0.3483854,Sarawak
2023-08-29 00:00:00+00:00,27.15579,10.2,0.3478438,Sarawak
2023-08-30 00:00:00+00:00,26.368294,4.5499997,0.3478334,Sarawak
2023-08-31 00:00:00+00:00,27.090166,14.925001,0.34694788,Sarawak
2023-09-01 00:00:00+00:00,26.158394,8.625,0.3458124,Sarawak
2023-09-02 00:00:00+00:00,26.488081,3.9250004,0.3448333,Sarawak
2023-09-03 00:00:00+00:00,26.643295,1.8,0.3440729,Sarawak
2023-09-04 00:00:00+00:00,27.75579,3.0500002,0.3430312,Sarawak
2023-09-05 00:00:00+00:00,26.550583,7.2999997,0.34239578,Sarawak
2023-09-06 00:00:00+00:00,25.006313,28.825,0.34261456,Sarawak
2023-09-07 00:00:00+00:00,24.829227,17.725,0.3447396,Sarawak
2023-09-08 00:00:00+00:00,26.165165,6.925,0.3478021,Sarawak
2023-09-09 00:00:00+00:00,25.859438,8.625001,0.34930205,Sarawak
2023-09-10 00:00:00+00:00,25.339123,22.5,0.3517604,Sarawak
2023-09-11 00:00:00+00:00,24.6735,29.899998,0.37343752,Sarawak
2023-09-12 00:00:00+00:00,25.264647,9.475,0.38184378,Sarawak
2023-09-13 00:00:00+00:00,26.339645,1.9499999,0.38536462,Sarawak
2023-09-14 00:00:00+00:00,25.69173,3.7250001,0.3862604,Sarawak
2023-09-15 00:00:00+00:00,26.817772,1.8,0.38548964,Sarawak
2023-09-16 00:00:00+00:00,26.694855,3.5249996,0.38427085,Sarawak
2023-09-17 00:00:00+00:00,26.252666,2.725,0.38293752,Sarawak
2023-09-18 00:00:00+00:00,24.146416,18.6,0.38616663,Sarawak
2023-09-19 00:00:00+00:00,25.729748,11.175001,0.38862497,Sarawak
2023-09-20 00:00:00+00:00,25.52975,11.350001,0.38767713,Sarawak
2023-09-21 00:00:00+00:00,24.256832,44.025,0.39302084,Sarawak
2023-09-22 00:00:00+00:00,24.37871,19.749996,0.39938545,Sarawak
2023-09-23 00:00:00+00:00,25.406311,2.45,0.40318745,Sarawak
2023-09-24 00:00:00+00:00,26.21621,5.9749994,0.4029584,Sarawak
2023-09-25 00:00:00+00:00,26.91933,6.2250004,0.40190625,Sarawak
2023-09-26 00:00:00+00:00,24.745897,17.325,0.40244788,Sarawak
2023-09-27 00:00:00+00:00,26.26048,6.8,0.40097922,Sarawak
2023-09-28 00:00:00+00:00,26.07246,19.600002,0.40035415,Sarawak
2023-09-29 00:00:00+00:00,25.491207,21.45,0.39977086,Sarawak
2023-09-30 00:00:00+00:00,24.769331,30.575,0.40215623,Sarawak
2023-10-01 00:00:00+00:00,24.85996,4.4249997,0.3996875,Sarawak
2023-10-02 00:00:00+00:00,26.969854,2.0249999,0.3991146,Sarawak
2023-10-03 00:00:00+00:00,26.291729,10.625,0.39815623,Sarawak
2023-10-04 00:00:00+00:00,26.63496,13.65,0.39673954,Sarawak
2023-10-05 00:00:00+00:00,25.994335,10.65,0.39617705,Sarawak
2023-10-06 00:00:00+00:00,25.675583,9.1,0.39865625,Sarawak
2023-10-07 00:00:00+00:00,24.972979,17.175001,0.40241668,Sarawak
2023-10-08 00:00:00+00:00,25.441729,25.425,0.40817708,Sarawak
2023-10-09 00:00:00+00:00,25.629229,13.075,0.4043854,Sarawak
2023-10-10 00:00:00+00:00,24.970896,14.225,0.40457296,Sarawak
2023-10-11 00:00:00+00:00,25.448502,9.675,0.4047708,Sarawak
2023-10-12 00:00:00+00:00,25.833916,8.675,0.40531248,Sarawak
2023-10-13 00:00:00+00:00,25.251625,19.949999,0.405625,Sarawak
2023-10-14 00:00:00+00:00,25.26673,11.500001,0.40441665,Sarawak
2023-10-15 00:00:00+00:00,25.482876,20.574999,0.4053958,Sarawak
2023-10-16 00:00:00+00:00,26.057875,12.6,0.40435413,Sarawak
2023-10-17 00:00:00+00:00,27.266209,10.049999,0.40331247,Sarawak
2023-10-18 00:00:00+00:00,25.774021,13.05,0.40337497,Sarawak
2023-10-19 00:00:00+00:00,24.731312,13.65,0.40913543,Sarawak
2023-10-20 00:00:00+00:00,25.326626,6.5,0.40965626,Sarawak
2023-10-21 00:00:00+00:00,24.777666,21.475,0.4123958,Sarawak
2023-10-22 00:00:00+00:00,25.700583,1.5500001,0.4166771,Sarawak
2023-10-23 00:00:00+00:00,25.395897,8.8,0.4189792,Sarawak
2023-10-24 00:00:00+00:00,24.496937,14.075001,0.42513546,Sarawak
2023-10-25 00:00:00+00:00,25.545895,15.5,0.42494798,Sarawak
2023-10-26 00:00:00+00:00,24.46777,14.925001,0.43191665,Sarawak
2023-10-27 00:00:00+00:00,25.25423,6.75,0.4334583,Sarawak
2023-10-28 00:00:00+00:00,25.786518,8.525001,0.43245843,Sarawak
2023-10-29 00:00:00+00:00,25.052666,13.775001,0.43393752,Sarawak
2023-10-30 00:00:00+00:00,25.118292,4.575,0.4394583,Sarawak
2023-10-31 00:00:00+00:00,25.59225,5.375,0.43934375,Sarawak
2023-11-01 00:00:00+00:00,25.519855,9.575,0.43850002,Sarawak
2023-11-02 00:00:00+00:00,24.990166,31.600002,0.43963546,Sarawak
2023-11-03 00:00:00+00:00,24.557354,13.475,0.44154164,Sarawak
2023-11-04 00:00:00+00:00,25.114645,13.825001,0.44141662,Sarawak
2023-11-05 00:00:00+00:00,25.171417,18.175001,0.44093752,Sarawak
2023-11-06 00:00:00+00:00,24.94329,15.799999,0.44073966,Sarawak
2023-11-07 00:00:00+00:00,25.94329,2.6999998,0.43887502,Sarawak
2023-11-08 00:00:00+00:00,25.96048,17.525,0.4399062,Sarawak
2023-11-09 00:00:00+00:00,25.163082,6.6000004,0.44034377,Sarawak
2023-11-10 00:00:00+00:00,25.65892,14.225,0.43930206,Sarawak
2023-11-11 00:00:00+00:00,25.446417,7.225,0.4416355,Sarawak
2023-11-12 00:00:00+00:00,26.827145,0.52500004,0.44048965,Sarawak
2023-11-13 00:00:00+00:00,25.572977,6.0,0.43918753,Sarawak
2023-11-14 00:00:00+00:00,26.886522,2.375,0.4375417,Sarawak
2023-11-15 00:00:00+00:00,26.109959,15.800001,0.43489578,Sarawak
2023-11-16 00:00:00+00:00,26.14954,3.8000002,0.43485415,Sarawak
2023-11-17 00:00:00+00:00,25.661522,12.575,0.43441665,Sarawak
2023-11-18 00:00:00+00:00,25.826628,26.225,0.43754172,Sarawak
2023-11-19 00:00:00+00:00,25.45475,11.125001,0.44678122,Sarawak
2023-11-20 00:00:00+00:00,26.672459,1.95,0.449375,Sarawak
2023-11-21 00:00:00+00:00,25.92142,9.525,0.4498125,Sarawak
2023-11-22 00:00:00+00:00,24.827145,41.025,0.45856246,Sarawak
2023-11-23 00:00:00+00:00,24.870895,5.9249997,0.47376043,Sarawak
2023-11-24 00:00:00+00:00,25.897457,8.375,0.47290614,Sarawak
2023-11-25 00:00:00+00:00,26.038605,7.975,0.4707917,Sarawak
2023-11-26 00:00:00+00:00,24.633396,46.100002,0.47800004,Sarawak
2023-11-27 00:00:00+00:00,25.790688,9.7,0.48147914,Sarawak
2023-11-28 00:00:00+00:00,25.42923,4.2749996,0.48002088,Sarawak
2023-11-29 00:00:00+00:00,26.657875,5.6499996,0.4758646,Sarawak
2023-11-30 00:00:00+00:00,25.816729,18.95,0.47220826,Sarawak
2023-12-01 00:00:00+00:00,25.182877,27.525002,0.47267705,Sarawak
2023-12-02 00:00:00+00:00,25.70527,6.2,0.47560418,Sarawak
2023-12-03 00:00:00+00:00,25.902664,6.075,0.47480202,Sarawak
2023-12-04 00:00:00+00:00,24.851105,22.550001,0.47607294,Sarawak
2023-12-05 00:00:00+00:00,24.854229,4.2,0.48046878,Sarawak
2023-12-06 00:00:00+00:00,25.838085,9.075,0.47830206,Sarawak
2023-12-07 00:00:00+00:00,26.022459,2.85,0.47509372,Sarawak
2023-12-08 00:00:00+00:00,25.134956,13.975,0.47518754,Sarawak
2023-12-09 00:00:00+00:00,26.088083,10.825001,0.47133332,Sarawak
2023-12-10 00:00:00+00:00,25.634954,7.250001,0.4707708,Sarawak
2023-12-11 00:00:00+00:00,25.482353,8.775,0.46978122,Sarawak
2023-12-12 00:00:00+00:00,26.474022,5.2,0.467125,Sarawak
2023-12-13 00:00:00+00:00,25.896418,6.6250005,0.46609378,Sarawak
2023-12-14 00:00:00+00:00,25.970894,5.425,0.465625,Sarawak
2023-12-15 00:00:00+00:00,25.604229,9.05,0.46644792,Sarawak
2023-12-16 00:00:00+00:00,25.876102,11.150001,0.46560422,Sarawak
2023-12-17 00:00:00+00:00,25.7485,6.5,0.4647396,Sarawak
2023-12-18 00:00:00+00:00,25.71829,12.150002,0.4638646,Sarawak
2023-12-19 00:00:00+00:00,24.911001,6.425,0.4641771,Sarawak
2023-12-20 00:00:00+00:00,26.506834,0.5,0.46360415,Sarawak
2023-12-21 00:00:00+00:00,26.903185,8.275,0.46131253,Sarawak
2023-12-22 00:00:00+00:00,25.712042,17.725002,0.46107292,Sarawak
2023-12-23 00:00:00+00:00,26.103708,6.275,0.46148956,Sarawak
2023-12-24 00:00:00+00:00,25.043293,18.425003,0.4638958,Sarawak
2023-12-25 00:00:00+00:00,25.51308,4.4750004,0.46536455,Sarawak
2023-12-26 00:00:00+00:00,25.936522,6.9500003,0.4639271,Sarawak
2023-12-27 00:00:00+00:00,25.808395,14.900001,0.46409377,Sarawak
2023-12-28 00:00:00+00:00,26.039124,4.9,0.46315625,Sarawak
2023-12-29 00:00:00+00:00,25.867771,8.8,0.46339583,Sarawak
2023-12-30 00:00:00+00:00,25.691729,6.1500006,0.46479166,Sarawak
2023-12-31 00:00:00+00:00,25.141731,21.325,0.46968758,Sarawak
2024-01-01 00:00:00+00:00,25.971416,11.25,0.4753749,Sarawak
2024-01-02 00:00:00+00:00,24.994333,13.35,0.4773333,Sarawak
2024-01-03 00:00:00+00:00,26.388084,2.6499999,0.48130208,Sarawak
2024-01-04 00:00:00+00:00,25.682875,26.25,0.4821875,Sarawak
2024-01-05 00:00:00+00:00,25.867771,5.65,0.48669797,Sarawak
2024-01-06 00:00:00+00:00,26.045895,13.7,0.48356244,Sarawak
2024-01-07 00:00:00+00:00,24.931313,33.9,0.48580208,Sarawak
2024-01-08 00:00:00+00:00,25.854752,4.7249994,0.48647916,Sarawak
2024-01-09 00:00:00+00:00,26.220896,3.85,0.48324996,Sarawak
2024-01-10 00:00:00+00:00,25.38079,9.175,0.4800104,Sarawak
2024-01-11 00:00:00+00:00,25.222979,21.0,0.47808337,Sarawak
2024-01-12 00:00:00+00:00,25.306309,20.650002,0.47880203,Sarawak
2024-01-13 00:00:00+00:00,24.622978,27.524998,0.4843855,Sarawak
2024-01-14 00:00:00+00:00,24.983397,25.400002,0.48689583,Sarawak
2024-01-15 00:00:00+00:00,25.397457,5.3,0.4855625,Sarawak
2024-01-16 00:00:00+00:00,25.061,23.925001,0.48293746,Sarawak
2024-01-17 00:00:00+00:00,25.802145,10.375,0.48285416,Sarawak
2024-01-18 00:00:00+00:00,24.940687,21.800001,0.48167706,Sarawak
2024-01-19 00:00:00+00:00,25.625063,12.500001,0.4815521,Sarawak
2024-01-20 00:00:00+00:00,24.981833,7.5,0.47791672,Sarawak
2024-01-21 00:00:00+00:00,24.97298,6.875,0.46582296,Sarawak
2024-01-22 00:00:00+00:00,26.46569,6.9750004,0.46046877,Sarawak
2024-01-23 00:00:00+00:00,25.114124,12.700001,0.45891672,Sarawak
2024-01-24 00:00:00+00:00,25.636522,3.0749998,0.45652086,Sarawak
2024-01-25 00:00:00+00:00,26.096416,1.5500001,0.45334375,Sarawak
2024-01-26 00:00:00+00:00,26.099022,1.55,0.44945836,Sarawak
2024-01-27 00:00:00+00:00,25.696417,5.55,0.44546872,Sarawak
2024-01-28 00:00:00+00:00,25.624542,5.9750004,0.4423334,Sarawak
2024-01-29 00:00:00+00:00,26.022457,2.525,0.43987495,Sarawak
2024-01-30 00:00:00+00:00,25.476625,26.425,0.4388438,Sarawak
2024-01-31 00:00:00+00:00,25.081312,17.275002,0.43337503,Sarawak
2024-02-01 00:00:00+00:00,24.676105,14.9,0.42944786,Sarawak
2024-02-02 00:00:00+00:00,24.928709,12.7,0.4280625,Sarawak
2024-02-03 00:00:00+00:00,25.76152,3.1249998,0.42658332,Sarawak
2024-02-04 00:00:00+00:00,24.833916,15.600002,0.42816663,Sarawak
2024-02-05 00:00:00+00:00,25.524542,2.975,0.42862502,Sarawak
2024-02-06 00:00:00+00:00,25.556831,11.550001,0.42768747,Sarawak
2024-02-07 00:00:00+00:00,25.268291,7.9,0.42705202,Sarawak
2024-02-08 00:00:00+00:00,25.955793,1.35,0.42491663,Sarawak
2024-02-09 00:00:00+00:00,26.054749,4.275,0.42270833,Sarawak
2024-02-10 00:00:00+00:00,26.458916,3.9250002,0.4207188,Sarawak
2024-02-11 00:00:00+00:00,25.215687,16.050001,0.4194063,Sarawak
2024-02-12 00:00:00+00:00,25.703709,14.175001,0.42008337,Sarawak
2024-02-13 00:00:00+00:00,25.821938,7.1,0.42396876,Sarawak
2024-02-14 00:00:00+00:00,26.751102,0.92499995,0.4259584,Sarawak
2024-02-15 00:00:00+00:00,26.10944,7.375,0.42501044,Sarawak
2024-02-16 00:00:00+00:00,25.595375,5.3500004,0.42412502,Sarawak
2024-02-17 00:00:00+00:00,26.256834,4.1,0.42278126,Sarawak
2024-02-18 00:00:00+00:00,26.041729,8.425,0.4210416,Sarawak
2024-02-19 00:00:00+00:00,26.368294,3.425,0.41929165,Sarawak
2024-02-20 00:00:00+00:00,26.444855,3.375,0.4173333,Sarawak
2024-02-21 00:00:00+00:00,25.417772,14.025,0.41734368,Sarawak
2024-02-22 00:00:00+00:00,25.329748,16.35,0.41590622,Sarawak
2024-02-23 00:00:00+00:00,25.916729,7.65,0.41281253,Sarawak
2024-02-24 00:00:00+00:00,25.972458,14.9,0.41105214,Sarawak
2024-02-25 00:00:00+00:00,25.459957,12.925,0.40905207,Sarawak
2024-02-26 00:00:00+00:00,25.563602,3.2749999,0.40885413,Sarawak
2024-02-27 00:00:00+00:00,26.200584,4.8499994,0.4095521,Sarawak
2024-02-28 00:00:00+00:00,26.536,5.7250004,0.4085938,Sarawak
2024-02-29 00:00:00+00:00,25.381311,18.625,0.4103229,Sarawak
2024-03-01 00:00:00+00:00,25.075584,35.625004,0.41745833,Sarawak
2024-03-02 00:00:00+00:00,24.944855,34.274994,0.43595836,Sarawak
2024-03-03 00:00:00+00:00,25.646418,10.550001,0.43501043,Sarawak
2024-03-04 00:00:00+00:00,25.799541,24.2,0.43680215,Sarawak
2024-03-05 00:00:00+00:00,25.152668,19.275002,0.44714582,Sarawak
2024-03-06 00:00:00+00:00,25.771938,13.175001,0.45191664,Sarawak
2024-03-07 00:00:00+00:00,26.656834,7.275,0.45144796,Sarawak
2024-03-08 00:00:00+00:00,25.425064,18.724998,0.4543333,Sarawak
2024-03-09 00:00:00+00:00,26.020895,5.65,0.4515104,Sarawak
2024-03-10 00:00:00+00:00,25.89954,4.975,0.4505521,Sarawak
2024-03-11 00:00:00+00:00,26.486,7.7,0.44794792,Sarawak
2024-03-12 00:00:00+00:00,25.955791,4.6,0.44702083,Sarawak
2024-03-13 00:00:00+00:00,25.834438,1.25,0.44532293,Sarawak
2024-03-14 00:00:00+00:00,26.374022,6.325,0.44396874,Sarawak
2024-03-15 00:00:00+00:00,24.902668,25.199999,0.44922918,Sarawak
2024-03-16 00:00:00+00:00,25.216728,15.400001,0.4522708,Sarawak
2024-03-17 00:00:00+00:00,24.87819,19.725,0.45762503,Sarawak
2024-03-18 00:00:00+00:00,26.015686,10.1,0.45634374,Sarawak
2024-03-19 00:00:00+00:00,25.06152,19.25,0.45578128,Sarawak
2024-03-20 00:00:00+00:00,26.383396,5.1,0.4539792,Sarawak
2024-03-21 00:00:00+00:00,25.84798,5.7,0.45281246,Sarawak
2024-03-22 00:00:00+00:00,26.785479,1.4250001,0.45087498,Sarawak
2024-03-23 00:00:00+00:00,25.631313,17.25,0.44943747,Sarawak
2024-03-24 00:00:00+00:00,25.975584,13.65,0.45092708,Sarawak
2024-03-25 00:00:00+00:00,27.002146,1.2750001,0.44907293,Sarawak
2024-03-26 00:00:00+00:00,26.801102,5.075,0.44664577,Sarawak
2024-03-27 00:00:00+00:00,25.260479,16.35,0.45112497,Sarawak
2024-03-28 00:00:00+00:00,25.175583,19.349998,0.46005207,Sarawak
2024-03-29 00:00:00+00:00,27.06829,2.825,0.45858338,Sarawak
2024-03-30 00:00:00+00:00,26.531311,9.325,0.4568021,Sarawak
2024-03-31 00:00:00+00:00,25.77298,8.775,0.4556563,Sarawak
2024-04-01 00:00:00+00:00,26.088606,11.674999,0.4535416,Sarawak
2024-04-02 00:00:00+00:00,25.35475,19.5,0.4549167,Sarawak
2024-04-03 00:00:00+00:00,26.71621,9.45,0.44815627,Sarawak
2024-04-04 00:00:00+00:00,25.938084,5.375,0.44587496,Sarawak
2024-04-05 00:00:00+00:00,26.068813,22.35,0.44518745,Sarawak
2024-04-06 00:00:00+00:00,25.244856,21.650002,0.4419063,Sarawak
2024-04-07 00:00:00+00:00,25.765167,14.200002,0.44075,Sarawak
2024-04-08 00:00:00+00:00,26.34746,13.175,0.43881246,Sarawak
2024-04-09 00:00:00+00:00,26.281311,11.2,0.43764588,Sarawak
2024-04-10 00:00:00+00:00,25.605793,12.525001,0.43756253,Sarawak
2024-04-11 00:00:00+00:00,26.011518,7.6,0.44154164,Sarawak
2024-04-12 00:00:00+00:00,26.643812,15.425001,0.4398542,Sarawak
2024-04-13 00:00:00+00:00,25.14069,22.449999,0.4436458,Sarawak
2024-04-14 00:00:00+00:00,26.677147,6.0249996,0.43898952,Sarawak
2024-04-15 00:00:00+00:00,26.446417,6.0750003,0.43885416,Sarawak
2024-04-16 00:00:00+00:00,26.7235,14.325001,0.43529165,Sarawak
2024-04-17 00:00:00+00:00,25.916206,11.25,0.43473953,Sarawak
2024-04-18 00:00:00+00:00,26.01777,10.525,0.43622917,Sarawak
2024-04-19 00:00:00+00:00,26.782877,4.4,0.43404168,Sarawak
2024-04-20 00:00:00+00:00,26.393293,8.5,0.43302083,Sarawak
2024-04-21 00:00:00+00:00,25.722458,24.775,0.43090624,Sarawak
2024-04-22 00:00:00+00:00,26.062042,9.675,0.42804158,Sarawak
2024-04-23 00:00:00+00:00,26.40423,15.35,0.4261146,Sarawak
2024-04-24 00:00:00+00:00,25.756311,22.375,0.42802083,Sarawak
2024-04-25 00:00:00+00:00,27.236523,18.175001,0.42852086,Sarawak
2024-04-26 00:00:00+00:00,26.68548,2.8999999,0.43591666,Sarawak
2024-04-27 00:00:00+00:00,27.322979,14.775001,0.43734375,Sarawak
2024-04-28 00:00:00+00:00,25.908398,30.024998,0.44018748,Sarawak
2024-04-29 00:00:00+00:00,25.126104,35.925,0.46403134,Sarawak
2024-04-30 00:00:00+00:00,27.516209,2.425,0.46254164,Sarawak
2024-05-01 00:00:00+00:00,25.986519,32.875,0.46195835,Sarawak
2024-05-02 00:00:00+00:00,25.39069,13.075,0.4710417,Sarawak
2024-05-03 00:00:00+00:00,26.38027,12.725,0.46778125,Sarawak
2024-05-04 00:00:00+00:00,26.129751,21.1,0.46583337,Sarawak
2024-05-05 00:00:00+00:00,24.787563,20.1,0.48533335,Sarawak
2024-05-06 00:00:00+00:00,27.20475,5.325,0.48185414,Sarawak
2024-05-07 00:00:00+00:00,25.818813,11.625001,0.47758335,Sarawak
2024-05-08 00:00:00+00:00,25.443811,18.900002,0.47483334,Sarawak
2024-05-09 00:00:00+00:00,26.58548,12.800001,0.47092718,Sarawak
2024-05-10 00:00:00+00:00,26.687563,26.775002,0.46851042,Sarawak
2024-05-11 00:00:00+00:00,25.00371,9.075,0.47220835,Sarawak
2024-05-12 00:00:00+00:00,27.211,4.075,0.4679792,Sarawak
2024-05-13 00:00:00+00:00,25.666208,18.45,0.46559373,Sarawak
2024-05-14 00:00:00+00:00,25.99954,18.425003,0.46308333,Sarawak
2024-05-15 00:00:00+00:00,26.87402,4.6,0.45834374,Sarawak
2024-05-16 00:00:00+00:00,26.420897,12.7,0.45651042,Sarawak
2024-05-17 00:00:00+00:00,25.953709,17.725,0.45575,Sarawak
2024-05-18 00:00:00+00:00,25.929749,12.35,0.45492715,Sarawak
2024-05-19 00:00:00+00:00,26.833916,7.15,0.4553021,Sarawak
2024-05-20 00:00:00+00:00,26.441208,15.95,0.45446873,Sarawak
2024-05-21 00:00:00+00:00,26.477667,16.5,0.4527708,Sarawak
2024-05-22 00:00:00+00:00,25.689648,26.550001,0.4576667,Sarawak
2024-05-23 00:00:00+00:00,26.22246,16.125,0.45453125,Sarawak
2024-05-24 00:00:00+00:00,25.808395,12.3,0.45460418,Sarawak
2024-05-25 00:00:00+00:00,26.404228,11.6,0.45427087,Sarawak
2024-05-26 00:00:00+00:00,26.432354,8.6,0.4562396,Sarawak
2024-05-27 00:00:00+00:00,26.587563,1.075,0.45580208,Sarawak
2024-05-28 00:00:00+00:00,26.32975,46.7,0.45944792,Sarawak
2024-05-29 00:00:00+00:00,25.704231,6.75,0.45976037,Sarawak
2024-05-30 00:00:00+00:00,26.809958,12.8,0.45868754,Sarawak
2024-05-31 00:00:00+00:00,26.997978,24.8,0.45926037,Sarawak
2024-06-01 00:00:00+00:00,25.436523,28.450003,0.47180212,Sarawak
2024-06-02 00:00:00+00:00,24.713602,41.300003,0.47291672,Sarawak
2024-06-03 00:00:00+00:00,25.26673,8.55,0.4720521,Sarawak
2024-06-04 00:00:00+00:00,25.817251,8.5,0.46315625,Sarawak
2024-06-05 00:00:00+00:00,26.445896,16.525,0.45808327,Sarawak
2024-06-06 00:00:00+00:00,25.049541,32.1,0.46497917,Sarawak
2024-06-07 00:00:00+00:00,25.530792,9.225,0.46108335,Sarawak
2024-06-08 00:00:00+00:00,26.833918,0.075,0.45480207,Sarawak
2024-06-09 00:00:00+00:00,27.595375,0.025,0.44829166,Sarawak
2024-06-10 00:00:00+00:00,26.454231,6.925,0.44221872,Sarawak
2024-06-11 00:00:00+00:00,26.651104,2.875,0.4373542,Sarawak
2024-06-12 00:00:00+00:00,26.993813,1.4,0.4324063,Sarawak
2024-06-13 00:00:00+00:00,25.149017,9.475,0.42781252,Sarawak
2024-06-14 00:00:00+00:00,26.203188,0.55,0.4233125,Sarawak
2024-06-15 00:00:00+00:00,26.869335,7.5750003,0.4185625,Sarawak
2024-06-16 00:00:00+00:00,26.496939,2.325,0.41462505,Sarawak
2024-06-17 00:00:00+00:00,25.407354,8.05,0.4119792,Sarawak
2024-06-18 00:00:00+00:00,25.672977,4.675,0.41096878,Sarawak
2024-06-19 00:00:00+00:00,26.144333,5.0750003,0.40965623,Sarawak
2024-06-20 00:00:00+00:00,25.908396,6.575001,0.40809378,Sarawak
2024-06-21 00:00:00+00:00,26.031311,9.325001,0.40646875,Sarawak
2024-06-22 00:00:00+00:00,25.668293,46.324997,0.40735418,Sarawak
2024-06-23 00:00:00+00:00,24.844332,8.075001,0.42352086,Sarawak
2024-06-24 00:00:00+00:00,25.902666,0.15,0.4249792,Sarawak
2024-06-25 00:00:00+00:00,26.700064,1.6499999,0.42361456,Sarawak
2024-06-26 00:00:00+00:00,26.350063,8.05,0.4219792,Sarawak
2024-06-27 00:00:00+00:00,25.925583,4.55,0.42006248,Sarawak
2024-06-28 00:00:00+00:00,26.416208,22.475,0.4180833,Sarawak
2024-06-29 00:00:00+00:00,25.115168,15.674999,0.420625,Sarawak
2024-06-30 00:00:00+00:00,24.428186,32.75,0.43689585,Sarawak
2024-07-01 00:00:00+00:00,24.053188,23.25,0.4467396,Sarawak
2024-07-02 00:00:00+00:00,23.875584,4.975,0.45597917,Sarawak
2024-07-03 00:00:00+00:00,26.395372,1.5999999,0.45438543,Sarawak
2024-07-04 00:00:00+00:00,25.752146,12.775001,0.45255205,Sarawak
2024-07-05 00:00:00+00:00,24.907875,5.85,0.45459378,Sarawak
2024-07-06 00:00:00+00:00,25.322979,18.65,0.45757288,Sarawak
2024-07-07 00:00:00+00:00,26.029228,1.7750001,0.45921877,Sarawak
2024-07-08 00:00:00+00:00,26.530272,3.1499999,0.4563855,Sarawak
2024-07-09 00:00:00+00:00,25.145897,31.249998,0.45911458,Sarawak
2024-07-10 00:00:00+00:00,25.551624,2.85,0.4610104,Sarawak
2024-07-11 00:00:00+00:00,24.766209,10.150001,0.46027085,Sarawak
2024-07-12 00:00:00+00:00,24.60527,6.3749995,0.45926037,Sarawak
2024-07-13 00:00:00+00:00,25.363085,0.3,0.45806244,Sarawak
2024-07-14 00:00:00+00:00,27.194332,0.87500006,0.4549583,Sarawak
2024-07-15 00:00:00+00:00,26.470375,0.025,0.4514688,Sarawak
2024-07-16 00:00:00+00:00,26.982874,1.3249999,0.44757295,Sarawak
2024-07-17 00:00:00+00:00,27.246935,2.7499998,0.44408333,Sarawak
2024-07-18 00:00:00+00:00,26.212044,9.0,0.4409479,Sarawak
2024-07-19 00:00:00+00:00,27.011,3.6,0.43756247,Sarawak
2024-07-20 00:00:00+00:00,26.92923,0.0,0.4338854,Sarawak
2024-07-21 00:00:00+00:00,27.564125,1.9499999,0.42976043,Sarawak
2024-07-22 00:00:00+00:00,26.73652,0.3,0.4259792,Sarawak
2024-07-23 00:00:00+00:00,26.820374,0.5,0.42306247,Sarawak
2024-07-24 00:00:00+00:00,27.54225,0.05,0.41997916,Sarawak
2024-07-25 00:00:00+00:00,27.593811,0.15,0.41623956,Sarawak
2024-07-26 00:00:00+00:00,28.104229,0.0,0.41167706,Sarawak
2024-07-27 00:00:00+00:00,28.156834,0.025,0.40739584,Sarawak
2024-07-28 00:00:00+00:00,27.60475,3.8500001,0.40333334,Sarawak
2024-07-29 00:00:00+00:00,27.155272,3.4250002,0.40028125,Sarawak
2024-07-30 00:00:00+00:00,26.417768,7.125,0.3975209,Sarawak
2024-07-31 00:00:00+00:00,26.902666,0.90000004,0.394625,Sarawak
2024-08-01 00:00:00+00:00,26.461,13.6,0.3923854,Sarawak
2024-08-02 00:00:00+00:00,23.805271,15.5,0.3905833,Sarawak
2024-08-03 00:00:00+00:00,25.84121,0.125,0.38745838,Sarawak
2024-08-04 00:00:00+00:00,26.337563,16.65,0.3845625,Sarawak
2024-08-05 00:00:00+00:00,24.251625,4.725,0.38330206,Sarawak
2024-08-06 00:00:00+00:00,26.345375,3.4249997,0.38030207,Sarawak
2024-08-07 00:00:00+00:00,25.093288,17.075,0.37798953,Sarawak
2024-08-08 00:00:00+00:00,25.339645,6.0,0.37647918,Sarawak
2024-08-09 00:00:00+00:00,26.033918,4.875,0.37535417,Sarawak
2024-08-10 00:00:00+00:00,25.644335,25.474998,0.37536454,Sarawak
2024-08-11 00:00:00+00:00,24.450062,29.975,0.38619792,Sarawak
2024-08-12 00:00:00+00:00,25.16673,1.3,0.40718752,Sarawak
2024-08-13 00:00:00+00:00,26.765167,1.575,0.41034377,Sarawak
2024-08-14 00:00:00+00:00,26.131832,12.25,0.4107083,Sarawak
2024-08-15 00:00:00+00:00,24.941729,37.625,0.41436458,Sarawak
2024-08-16 00:00:00+00:00,25.16152,7.8500004,0.41445827,Sarawak
2024-08-17 00:00:00+00:00,25.816729,7.75,0.4149479,Sarawak
2024-08-18 00:00:00+00:00,26.15371,17.45,0.4144062,Sarawak
2024-08-19 00:00:00+00:00,25.252146,20.625002,0.4177917,Sarawak
2024-08-20 00:00:00+00:00,25.104748,23.7,0.43134373,Sarawak
2024-08-21 00:00:00+00:00,24.55996,17.325,0.45049998,Sarawak
2024-08-22 00:00:00+00:00,24.089127,18.85,0.46753126,Sarawak
2024-08-23 00:00:00+00:00,24.840689,6.15,0.47083336,Sarawak
2024-08-24 00:00:00+00:00,24.98548,18.300001,0.46899998,Sarawak
2024-08-25 00:00:00+00:00,24.020897,14.25,0.4725625,Sarawak
2024-08-26 00:00:00+00:00,24.828709,10.775001,0.46911454,Sarawak
2024-08-27 00:00:00+00:00,24.681833,3.6499999,0.46569794,Sarawak
2024-08-28 00:00:00+00:00,25.193811,13.950002,0.46220833,Sarawak
2024-08-29 00:00:00+00:00,24.772457,0.75,0.46080208,Sarawak
2024-08-30 00:00:00+00:00,26.563602,0.025,0.45871875,Sarawak
2024-08-31 00:00:00+00:00,25.88496,11.799999,0.45637503,Sarawak
2024-09-01 00:00:00+00:00,25.51725,1.7250001,0.45428124,Sarawak
2024-09-02 00:00:00+00:00,26.898499,0.525,0.45155212,Sarawak
2024-09-03 00:00:00+00:00,26.73652,12.925001,0.4485208,Sarawak
2024-09-04 00:00:00+00:00,26.137564,0.425,0.4467917,Sarawak
2024-09-05 00:00:00+00:00,27.01308,0.0,0.4441042,Sarawak
2024-09-06 00:00:00+00:00,27.75475,0.025,0.4409896,Sarawak
2024-09-07 00:00:00+00:00,27.271936,8.125,0.43771875,Sarawak
2024-09-08 00:00:00+00:00,27.119333,8.175,0.43443754,Sarawak
2024-09-09 00:00:00+00:00,24.98756,14.45,0.4318958,Sarawak
2024-09-10 00:00:00+00:00,26.3485,14.45,0.42966664,Sarawak
2024-09-11 00:00:00+00:00,25.021936,6.5249996,0.4350416,Sarawak
2024-09-12 00:00:00+00:00,26.707874,0.125,0.43341666,Sarawak
2024-09-13 00:00:00+00:00,26.029747,4.575001,0.4309271,Sarawak
2024-09-14 00:00:00+00:00,27.289125,0.125,0.42869794,Sarawak
2024-09-15 00:00:00+00:00,27.184437,0.0,0.4255104,Sarawak
2024-09-16 00:00:00+00:00,27.81256,0.05,0.4226979,Sarawak
2024-09-17 00:00:00+00:00,27.803188,0.2,0.42003128,Sarawak
2024-09-18 00:00:00+00:00,26.869335,0.4,0.41786462,Sarawak
2024-09-19 00:00:00+00:00,28.006315,0.0,0.41489583,Sarawak
2024-09-20 00:00:00+00:00,28.700584,5.65,0.41188544,Sarawak
2024-09-21 00:00:00+00:00,26.074541,4.1749997,0.40847915,Sarawak
2024-09-22 00:00:00+00:00,26.770895,8.225,0.4045937,Sarawak
2024-09-23 00:00:00+00:00,25.813604,2.775,0.40368748,Sarawak
2024-09-24 00:00:00+00:00,26.92923,1.5,0.40307292,Sarawak
2024-09-25 00:00:00+00:00,24.324541,27.2,0.3997604,Sarawak
2024-09-26 00:00:00+00:00,26.320894,7.125,0.39718747,Sarawak
2024-09-27 00:00:00+00:00,25.082874,2.0,0.3988437,Sarawak
2024-09-28 00:00:00+00:00,27.116209,3.05,0.39840627,Sarawak
2024-09-29 00:00:00+00:00,25.334438,12.4,0.3975417,Sarawak
2024-09-30 00:00:00+00:00,25.358397,8.75,0.39895838,Sarawak
2024-10-01 00:00:00+00:00,26.114647,18.375,0.40045834,Sarawak
2024-10-02 00:00:00+00:00,24.908916,7.75,0.4131875,Sarawak
2024-10-03 00:00:00+00:00,25.705273,5.5999994,0.41714582,Sarawak
2024-10-04 00:00:00+00:00,24.089125,26.1,0.42557293,Sarawak
2024-10-05 00:00:00+00:00,24.988087,14.874999,0.429,Sarawak
2024-10-06 00:00:00+00:00,24.748499,13.75,0.43431252,Sarawak
2024-10-07 00:00:00+00:00,24.853708,14.35,0.44921875,Sarawak
2024-10-08 00:00:00+00:00,26.214645,1.7,0.45397913,Sarawak
2024-10-09 00:00:00+00:00,26.224543,6.95,0.45347917,Sarawak
2024-10-10 00:00:00+00:00,25.625584,25.275,0.45344797,Sarawak
2024-10-11 00:00:00+00:00,24.390686,27.875,0.46490622,Sarawak
2024-10-12 00:00:00+00:00,26.077147,1.45,0.46318752,Sarawak
2024-10-13 00:00:00+00:00,26.064125,10.775001,0.46109372,Sarawak
2024-10-14 00:00:00+00:00,25.44902,7.1750007,0.46054167,Sarawak
2024-10-15 00:00:00+00:00,24.780792,5.05,0.46189582,Sarawak
2024-10-16 00:00:00+00:00,25.85215,6.7,0.4599375,Sarawak
2024-10-17 00:00:00+00:00,23.85527,8.8,0.46534377,Sarawak
2024-10-18 00:00:00+00:00,25.711,3.9250002,0.4655416,Sarawak
2024-10-19 00:00:00+00:00,24.130793,0.8000001,0.46427086,Sarawak
2024-10-20 00:00:00+00:00,25.440168,4.8999996,0.46281248,Sarawak
2024-10-21 00:00:00+00:00,25.128708,0.5,0.46138546,Sarawak
2024-10-22 00:00:00+00:00,26.689644,0.15,0.45926043,Sarawak
2024-10-23 00:00:00+00:00,27.43704,1.025,0.4559791,Sarawak
2024-10-24 00:00:00+00:00,26.959957,1.15,0.4527917,Sarawak
2024-10-25 00:00:00+00:00,27.363604,0.47500002,0.44952083,Sarawak
2024-10-26 00:00:00+00:00,27.062563,0.15,0.44633332,Sarawak
2024-10-27 00:00:00+00:00,27.525583,0.05,0.44281244,Sarawak
2024-10-28 00:00:00+00:00,27.863083,0.82500005,0.43924996,Sarawak
2024-10-29 00:00:00+00:00,26.345375,3.725,0.43665633,Sarawak
2024-10-30 00:00:00+00:00,26.103188,16.35,0.43357292,Sarawak
2024-10-31 00:00:00+00:00,24.681831,13.425,0.4319167,Sarawak
2024-11-01 00:00:00+00:00,26.207355,0.5,0.42904165,Sarawak
2024-11-02 00:00:00+00:00,26.914125,2.15,0.42427084,Sarawak
2024-11-03 00:00:00+00:00,25.647978,4.65,0.42142707,Sarawak
2024-11-04 00:00:00+00:00,25.740686,3.9499998,0.41891664,Sarawak
2024-11-05 00:00:00+00:00,25.590689,12.225,0.41633338,Sarawak
2024-11-06 00:00:00+00:00,25.105793,13.875001,0.41521877,Sarawak
2024-11-07 00:00:00+00:00,25.300062,8.125,0.4143437,Sarawak
2024-11-08 00:00:00+00:00,25.983395,15.025,0.41308329,Sarawak
2024-11-09 00:00:00+00:00,24.185478,11.550001,0.42161453,Sarawak
2024-11-10 00:00:00+00:00,26.3735,1.2499999,0.42096874,Sarawak
2024-11-11 00:00:00+00:00,26.082354,8.349999,0.4204375,Sarawak
2024-11-12 00:00:00+00:00,25.614647,12.450001,0.4103021,Sarawak
2024-11-13 00:00:00+00:00,25.356312,11.975,0.39878124,Sarawak
2024-11-14 00:00:00+00:00,25.904228,12.65,0.3983541,Sarawak
2024-11-15 00:00:00+00:00,25.87923,11.625,0.39702082,Sarawak
2024-11-16 00:00:00+00:00,25.53652,6.45,0.3968333,Sarawak
2024-11-17 00:00:00+00:00,25.786,12.775001,0.39572915,Sarawak
2024-11-18 00:00:00+00:00,26.001629,14.950001,0.39495832,Sarawak
2024-11-19 00:00:00+00:00,25.520895,16.425,0.3977292,Sarawak
2024-11-20 00:00:00+00:00,25.832355,4.6,0.4029791,Sarawak
2024-11-21 00:00:00+00:00,26.667252,7.8,0.4033646,Sarawak
2024-11-22 00:00:00+00:00,25.28444,23.275,0.40595835,Sarawak
2024-11-23 00:00:00+00:00,25.3735,6.1000004,0.40985417,Sarawak
2024-11-24 00:00:00+00:00,25.714125,19.25,0.4119167,Sarawak
2024-11-25 00:00:00+00:00,25.121937,24.975002,0.42659378,Sarawak
2024-11-26 00:00:00+00:00,25.774542,8.325,0.43313545,Sarawak
2024-11-27 00:00:00+00:00,25.415167,12.475,0.43787497,Sarawak
2024-11-28 00:00:00+00:00,24.445894,24.875,0.4451146,Sarawak
2024-11-29 00:00:00+00:00,25.66048,9.075,0.44533336,Sarawak
2024-11-30 00:00:00+00:00,24.929749,10.5,0.4528437,Sarawak
2024-12-01 00:00:00+00:00,26.339647,5.4,0.4538542,Sarawak
2024-12-02 00:00:00+00:00,26.658396,2.75,0.45245838,Sarawak
2024-12-03 00:00:00+00:00,25.833918,18.725,0.45001036,Sarawak
2024-12-04 00:00:00+00:00,25.307875,25.75,0.45504168,Sarawak
2024-12-05 00:00:00+00:00,24.11829,24.300001,0.47085416,Sarawak
2024-12-06 00:00:00+00:00,25.627666,4.4,0.4730521,Sarawak
2024-12-07 00:00:00+00:00,26.6485,1.9749999,0.47008342,Sarawak
2024-12-08 00:00:00+00:00,26.462563,5.3500004,0.4676041,Sarawak
2024-12-09 00:00:00+00:00,25.662561,12.900001,0.46565628,Sarawak
2024-12-10 00:00:00+00:00,26.367249,23.575,0.469552,Sarawak
2024-12-11 00:00:00+00:00,25.650583,20.7,0.4715625,Sarawak
2024-12-12 00:00:00+00:00,25.415165,31.125,0.47269788,Sarawak
2024-12-13 00:00:00+00:00,25.852146,5.65,0.47486463,Sarawak
2024-12-14 00:00:00+00:00,25.345894,9.250001,0.4744687,Sarawak
2024-12-15 00:00:00+00:00,26.150585,4.35,0.47510415,Sarawak
2024-12-16 00:00:00+00:00,25.742771,13.600001,0.47417712,Sarawak
2024-12-17 00:00:00+00:00,25.054749,23.175,0.48594794,Sarawak
2024-12-18 00:00:00+00:00,25.214127,24.375,0.48545823,Sarawak
2024-12-19 00:00:00+00:00,25.051105,18.6,0.48639587,Sarawak
2024-12-20 00:00:00+00:00,24.421938,30.500002,0.49296877,Sarawak
2024-12-21 00:00:00+00:00,24.006313,46.8,0.49680206,Sarawak
2024-12-22 00:00:00+00:00,24.46048,8.775,0.4678021,Sarawak
2024-12-23 00:00:00+00:00,25.972979,2.0,0.45100003,Sarawak
2024-12-24 00:00:00+00:00,25.989645,1.575,0.4440521,Sarawak
2024-12-25 00:00:00+00:00,25.75319,5.2,0.43760416,Sarawak
2024-12-26 00:00:00+00:00,25.244333,11.375,0.43330204,Sarawak
2024-12-27 00:00:00+00:00,24.608917,14.575001,0.43758333,Sarawak
2024-12-28 00:00:00+00:00,25.309439,6.6000004,0.43671873,Sarawak
2024-12-29 00:00:00+00:00,26.10371,3.1999998,0.4346355,Sarawak
2024-12-30 00:00:00+00:00,26.396416,5.275,0.4305729,Sarawak
2024-12-31 00:00:00+00:00,25.946938,5.7,0.42619792,Sarawak
2021-01-01 00:00:00+00:00,24.29347,15.966667,0.44511107,Johor
2021-01-02 00:00:00+00:00,23.47889,69.333336,0.4586389,Johor
2021-01-03 00:00:00+00:00,23.63722,23.966665,0.4942083,Johor
2021-01-04 00:00:00+00:00,24.167084,3.8999996,0.50762504,Johor
2021-01-05 00:00:00+00:00,25.445555,4.566666,0.5020695,Johor
2021-01-06 00:00:00+00:00,24.77472,7.066667,0.49695826,Johor
2021-01-07 00:00:00+00:00,24.517082,4.5999994,0.4940972,Johor
2021-01-08 00:00:00+00:00,24.868471,8.400001,0.49304166,Johor
2021-01-09 00:00:00+00:00,24.533056,25.233332,0.4942778,Johor
2021-01-10 00:00:00+00:00,23.90111,34.199997,0.4966805,Johor
2021-01-11 00:00:00+00:00,24.501806,7.8666654,0.48880553,Johor
2021-01-12 00:00:00+00:00,24.28028,9.200001,0.48243055,Johor
2021-01-13 00:00:00+00:00,24.096945,2.6333334,0.47400007,Johor
2021-01-14 00:00:00+00:00,24.619165,0.0,0.46665278,Johor
2021-01-15 00:00:00+00:00,24.885138,1.3333334,0.45943055,Johor
2021-01-16 00:00:00+00:00,25.770554,1.2333333,0.4534861,Johor
2021-01-17 00:00:00+00:00,25.34625,0.9666667,0.44791666,Johor
2021-01-18 00:00:00+00:00,24.71639,0.0,0.44205558,Johor
2021-01-19 00:00:00+00:00,24.75389,0.0,0.4368473,Johor
2021-01-20 00:00:00+00:00,25.013609,0.43333337,0.43219447,Johor
2021-01-21 00:00:00+00:00,25.371252,1.3333334,0.42745832,Johor
2021-01-22 00:00:00+00:00,25.276804,4.2,0.42495832,Johor
2021-01-23 00:00:00+00:00,24.954582,1.1999999,0.42205557,Johor
2021-01-24 00:00:00+00:00,25.710138,0.6,0.4192222,Johor
2021-01-25 00:00:00+00:00,25.69,1.0666667,0.4151111,Johor
2021-01-26 00:00:00+00:00,25.510832,0.0,0.41138884,Johor
2021-01-27 00:00:00+00:00,25.544167,0.6666667,0.40883327,Johor
2021-01-28 00:00:00+00:00,24.992777,4.8666673,0.4064028,Johor
2021-01-29 00:00:00+00:00,25.383749,0.1,0.40306947,Johor
2021-01-30 00:00:00+00:00,25.104584,1.3333331,0.400125,Johor
2021-01-31 00:00:00+00:00,25.32611,1.3333333,0.3972222,Johor
2021-02-01 00:00:00+00:00,25.308054,1.5,0.39505562,Johor
2021-02-02 00:00:00+00:00,25.479584,0.30000004,0.39290282,Johor
2021-02-03 00:00:00+00:00,25.562223,0.2,0.39050004,Johor
2021-02-04 00:00:00+00:00,25.117086,0.0,0.3873055,Johor
2021-02-05 00:00:00+00:00,25.797638,0.93333334,0.38334724,Johor
2021-02-06 00:00:00+00:00,26.076803,0.0,0.37969446,Johor
2021-02-07 00:00:00+00:00,26.586527,0.16666667,0.37490276,Johor
2021-02-08 00:00:00+00:00,26.48375,0.76666665,0.3712361,Johor
2021-02-09 00:00:00+00:00,26.828886,0.16666667,0.3684444,Johor
2021-02-10 00:00:00+00:00,26.45736,2.6999998,0.36529168,Johor
2021-02-11 00:00:00+00:00,26.475412,9.033334,0.36275002,Johor
2021-02-12 00:00:00+00:00,26.188612,3.1000001,0.36118057,Johor
2021-02-13 00:00:00+00:00,26.30736,1.5,0.35931945,Johor
2021-02-14 00:00:00+00:00,25.926111,1.2,0.35687494,Johor
2021-02-15 00:00:00+00:00,25.783056,0.0,0.3539861,Johor
2021-02-16 00:00:00+00:00,25.599724,0.0,0.3512222,Johor
2021-02-17 00:00:00+00:00,25.610832,0.0,0.34759724,Johor
2021-02-18 00:00:00+00:00,26.006666,0.0,0.34409723,Johor
2021-02-19 00:00:00+00:00,25.955276,0.0,0.3426528,Johor
2021-02-20 00:00:00+00:00,25.866388,0.6000001,0.34205547,Johor
2021-02-21 00:00:00+00:00,26.06639,0.7,0.33902776,Johor
2021-02-22 00:00:00+00:00,26.091387,0.0,0.33504155,Johor
2021-02-23 00:00:00+00:00,26.604584,0.033333335,0.33155552,Johor
2021-02-24 00:00:00+00:00,26.273333,1.8333334,0.327625,Johor
2021-02-25 00:00:00+00:00,27.084448,0.33333334,0.32395837,Johor
2021-02-26 00:00:00+00:00,27.558058,0.4333333,0.32263884,Johor
2021-02-27 00:00:00+00:00,27.753891,0.53333336,0.31972227,Johor
2021-02-28 00:00:00+00:00,27.278193,3.6666667,0.31752774,Johor
2021-03-01 00:00:00+00:00,27.417084,0.59999996,0.3163472,Johor
2021-03-02 00:00:00+00:00,27.46639,0.0,0.3154167,Johor
2021-03-03 00:00:00+00:00,27.868471,0.1,0.31316665,Johor
2021-03-04 00:00:00+00:00,27.460142,2.466667,0.30980554,Johor
2021-03-05 00:00:00+00:00,27.733057,0.53333336,0.30791667,Johor
2021-03-06 00:00:00+00:00,27.367777,6.5,0.3055694,Johor
2021-03-07 00:00:00+00:00,25.202501,9.333333,0.30473605,Johor
2021-03-08 00:00:00+00:00,26.837225,0.1,0.30291668,Johor
2021-03-09 00:00:00+00:00,26.730972,0.033333335,0.2986805,Johor
2021-03-10 00:00:00+00:00,27.674723,0.0,0.2944862,Johor
2021-03-11 00:00:00+00:00,27.262915,1.2666668,0.29094443,Johor
2021-03-12 00:00:00+00:00,25.39347,10.666667,0.28856942,Johor
2021-03-13 00:00:00+00:00,26.145555,7.433333,0.2856528,Johor
2021-03-14 00:00:00+00:00,26.52611,2.7666664,0.2826667,Johor
2021-03-15 00:00:00+00:00,26.899027,3.4666665,0.28008333,Johor
2021-03-16 00:00:00+00:00,26.3775,13.799999,0.27843058,Johor
2021-03-17 00:00:00+00:00,26.5525,3.6333332,0.27690282,Johor
2021-03-18 00:00:00+00:00,26.543472,7.6,0.2750278,Johor
2021-03-19 00:00:00+00:00,26.986526,1.5333333,0.2712639,Johor
2021-03-20 00:00:00+00:00,26.725412,10.2,0.2686945,Johor
2021-03-21 00:00:00+00:00,27.276114,3.1333332,0.26977775,Johor
2021-03-22 00:00:00+00:00,27.101112,8.033333,0.2698194,Johor
2021-03-23 00:00:00+00:00,25.43653,23.6,0.26755556,Johor
2021-03-24 00:00:00+00:00,25.21778,21.000002,0.26790276,Johor
2021-03-25 00:00:00+00:00,25.04139,10.233334,0.27476385,Johor
2021-03-26 00:00:00+00:00,26.381668,6.7666664,0.2801945,Johor
2021-03-27 00:00:00+00:00,25.656668,8.2,0.28440276,Johor
2021-03-28 00:00:00+00:00,26.50389,12.133334,0.29044446,Johor
2021-03-29 00:00:00+00:00,25.331665,18.033335,0.297375,Johor
2021-03-30 00:00:00+00:00,26.528196,9.3,0.30193055,Johor
2021-03-31 00:00:00+00:00,27.511528,0.23333335,0.3082222,Johor
2021-04-01 00:00:00+00:00,27.633057,0.06666667,0.30954167,Johor
2021-04-02 00:00:00+00:00,26.909445,8.166667,0.3100417,Johor
2021-04-03 00:00:00+00:00,26.32403,18.533333,0.31144443,Johor
2021-04-04 00:00:00+00:00,25.987915,13.166668,0.31468058,Johor
2021-04-05 00:00:00+00:00,25.96847,11.7,0.3170972,Johor
2021-04-06 00:00:00+00:00,26.678888,3.1000001,0.32116666,Johor
2021-04-07 00:00:00+00:00,26.432358,11.533333,0.32209727,Johor
2021-04-08 00:00:00+00:00,26.057364,10.5,0.3224861,Johor
2021-04-09 00:00:00+00:00,25.996943,8.099999,0.32361105,Johor
2021-04-10 00:00:00+00:00,26.680277,2.5666666,0.32401383,Johor
2021-04-11 00:00:00+00:00,26.581667,2.9666665,0.3244722,Johor
2021-04-12 00:00:00+00:00,26.374723,4.0666666,0.32441667,Johor
2021-04-13 00:00:00+00:00,26.644861,9.0,0.3245972,Johor
2021-04-14 00:00:00+00:00,25.89972,11.833333,0.3258472,Johor
2021-04-15 00:00:00+00:00,25.783056,12.0,0.3296666,Johor
2021-04-16 00:00:00+00:00,26.29972,5.933334,0.33629164,Johor
2021-04-17 00:00:00+00:00,25.31153,16.7,0.35451388,Johor
2021-04-18 00:00:00+00:00,26.254585,4.6,0.3709167,Johor
2021-04-19 00:00:00+00:00,25.917778,5.066667,0.37249994,Johor
2021-04-20 00:00:00+00:00,26.943474,2.533333,0.37249994,Johor
2021-04-21 00:00:00+00:00,26.260138,10.366666,0.37163886,Johor
2021-04-22 00:00:00+00:00,25.364304,21.933334,0.3733333,Johor
2021-04-23 00:00:00+00:00,26.525415,2.5666668,0.3759167,Johor
2021-04-24 00:00:00+00:00,24.958748,8.466667,0.3792361,Johor
2021-04-25 00:00:00+00:00,27.29,3.0333335,0.3785417,Johor
2021-04-26 00:00:00+00:00,25.941385,15.266666,0.3794028,Johor
2021-04-27 00:00:00+00:00,25.69139,24.466665,0.38629165,Johor
2021-04-28 00:00:00+00:00,26.156664,7.7999997,0.3913611,Johor
2021-04-29 00:00:00+00:00,26.364304,13.666667,0.39454165,Johor
2021-04-30 00:00:00+00:00,25.35111,19.0,0.40730557,Johor
2021-05-01 00:00:00+00:00,26.133749,8.233334,0.4124306,Johor
2021-05-02 00:00:00+00:00,26.986526,2.5333333,0.41334715,Johor
2021-05-03 00:00:00+00:00,26.377497,8.466667,0.41302776,Johor
2021-05-04 00:00:00+00:00,26.321253,5.866667,0.41280556,Johor
2021-05-05 00:00:00+00:00,25.949028,17.700003,0.4149444,Johor
2021-05-06 00:00:00+00:00,25.887222,28.933334,0.42458335,Johor
2021-05-07 00:00:00+00:00,26.022638,5.233333,0.42994443,Johor
2021-05-08 00:00:00+00:00,25.909445,17.966665,0.4384861,Johor
2021-05-09 00:00:00+00:00,26.255972,6.1666665,0.4399583,Johor
2021-05-10 00:00:00+00:00,27.575415,1.1999999,0.44056943,Johor
2021-05-11 00:00:00+00:00,26.657358,16.533335,0.4327222,Johor
2021-05-12 00:00:00+00:00,25.665695,17.366667,0.43547216,Johor
2021-05-13 00:00:00+00:00,26.672638,13.766666,0.44569448,Johor
2021-05-14 00:00:00+00:00,26.53097,12.200001,0.4492917,Johor
2021-05-15 00:00:00+00:00,26.235138,35.8,0.45408335,Johor
2021-05-16 00:00:00+00:00,26.501108,18.700003,0.45277783,Johor
2021-05-17 00:00:00+00:00,25.75528,23.333336,0.45530558,Johor
2021-05-18 00:00:00+00:00,25.706663,20.133333,0.4638472,Johor
2021-05-19 00:00:00+00:00,25.937914,3.466667,0.46631947,Johor
2021-05-20 00:00:00+00:00,26.890696,8.466666,0.46505556,Johor
2021-05-21 00:00:00+00:00,26.248335,20.6,0.46518052,Johor
2021-05-22 00:00:00+00:00,26.203194,0.70000005,0.46656933,Johor
2021-05-23 00:00:00+00:00,27.439306,0.56666666,0.4648056,Johor
2021-05-24 00:00:00+00:00,27.231668,4.5,0.4623889,Johor
2021-05-25 00:00:00+00:00,27.13236,6.6999993,0.45975003,Johor
2021-05-26 00:00:00+00:00,27.203888,6.2000003,0.45750007,Johor
2021-05-27 00:00:00+00:00,26.601112,14.900001,0.45586112,Johor
2021-05-28 00:00:00+00:00,26.84903,13.799999,0.45568058,Johor
2021-05-29 00:00:00+00:00,26.324722,6.6,0.45702776,Johor
2021-05-30 00:00:00+00:00,27.176804,6.4666667,0.4565278,Johor
2021-05-31 00:00:00+00:00,26.619165,11.866666,0.45636114,Johor
2021-06-01 00:00:00+00:00,26.92611,9.099999,0.4564167,Johor
2021-06-02 00:00:00+00:00,26.568472,12.700001,0.45680556,Johor
2021-06-03 00:00:00+00:00,26.79625,8.933333,0.45800003,Johor
2021-06-04 00:00:00+00:00,26.782362,10.966667,0.45840278,Johor
2021-06-05 00:00:00+00:00,26.54,4.233333,0.45826384,Johor
2021-06-06 00:00:00+00:00,27.646942,0.6333334,0.45693055,Johor
2021-06-07 00:00:00+00:00,26.59625,2.5333333,0.45583332,Johor
2021-06-08 00:00:00+00:00,26.647638,11.533333,0.45448604,Johor
2021-06-09 00:00:00+00:00,26.39208,13.133334,0.4532639,Johor
2021-06-10 00:00:00+00:00,26.587915,9.833334,0.45554164,Johor
2021-06-11 00:00:00+00:00,26.34764,1.5333333,0.45762494,Johor
2021-06-12 00:00:00+00:00,26.399725,11.833333,0.45706943,Johor
2021-06-13 00:00:00+00:00,26.326805,6.3333335,0.46390274,Johor
2021-06-14 00:00:00+00:00,26.253195,11.533333,0.46770838,Johor
2021-06-15 00:00:00+00:00,25.626808,24.900002,0.47261116,Johor
2021-06-16 00:00:00+00:00,26.235138,6.133333,0.4726944,Johor
2021-06-17 00:00:00+00:00,26.480972,9.566667,0.47137508,Johor
2021-06-18 00:00:00+00:00,25.091387,10.166666,0.47230554,Johor
2021-06-19 00:00:00+00:00,26.212915,1.0,0.46984735,Johor
2021-06-20 00:00:00+00:00,25.782358,11.366668,0.46870837,Johor
2021-06-21 00:00:00+00:00,26.542084,2.1333334,0.46900007,Johor
2021-06-22 00:00:00+00:00,26.45875,7.4666667,0.4679167,Johor
2021-06-23 00:00:00+00:00,26.267778,1.3,0.4652777,Johor
2021-06-24 00:00:00+00:00,25.964304,9.599999,0.46168053,Johor
2021-06-25 00:00:00+00:00,25.62889,16.633333,0.45945826,Johor
2021-06-26 00:00:00+00:00,25.939306,6.1666665,0.4590694,Johor
2021-06-27 00:00:00+00:00,25.718473,5.933333,0.45925,Johor
2021-06-28 00:00:00+00:00,26.572638,8.599999,0.45730552,Johor
2021-06-29 00:00:00+00:00,24.965002,23.6,0.45661107,Johor
2021-06-30 00:00:00+00:00,26.176804,0.8666666,0.4559722,Johor
2021-07-01 00:00:00+00:00,25.849024,6.0333343,0.45606938,Johor
2021-07-02 00:00:00+00:00,25.999025,6.9,0.4553472,Johor
2021-07-03 00:00:00+00:00,25.81778,9.833333,0.4534583,Johor
2021-07-04 00:00:00+00:00,25.610138,3.6000001,0.45161104,Johor
2021-07-05 00:00:00+00:00,25.755972,15.3,0.45181942,Johor
2021-07-06 00:00:00+00:00,26.190002,5.7999997,0.45363888,Johor
2021-07-07 00:00:00+00:00,25.96778,14.166668,0.45497227,Johor
2021-07-08 00:00:00+00:00,26.54625,13.766667,0.45784715,Johor
2021-07-09 00:00:00+00:00,26.306665,16.766668,0.45937505,Johor
2021-07-10 00:00:00+00:00,25.52125,8.533334,0.4614861,Johor
2021-07-11 00:00:00+00:00,25.089304,20.866669,0.4670972,Johor
2021-07-12 00:00:00+00:00,25.56639,14.399999,0.4803194,Johor
2021-07-13 00:00:00+00:00,23.758057,15.933333,0.48319444,Johor
2021-07-14 00:00:00+00:00,24.573334,1.9333333,0.47980556,Johor
2021-07-15 00:00:00+00:00,26.578196,0.0,0.47676387,Johor
2021-07-16 00:00:00+00:00,26.726112,2.0666666,0.47119442,Johor
2021-07-17 00:00:00+00:00,26.999723,1.2666665,0.46522215,Johor
2021-07-18 00:00:00+00:00,26.60389,2.9333334,0.46051392,Johor
2021-07-19 00:00:00+00:00,26.300415,5.3,0.45547226,Johor
2021-07-20 00:00:00+00:00,27.165,0.53333336,0.4504861,Johor
2021-07-21 00:00:00+00:00,27.39833,2.6333334,0.4474583,Johor
2021-07-22 00:00:00+00:00,27.172638,3.3333333,0.44402766,Johor
2021-07-23 00:00:00+00:00,26.610138,5.933333,0.43968055,Johor
2021-07-24 00:00:00+00:00,27.06639,1.4,0.4357917,Johor
2021-07-25 00:00:00+00:00,27.442083,0.4,0.43145835,Johor
2021-07-26 00:00:00+00:00,26.724722,5.3333335,0.4275556,Johor
2021-07-27 00:00:00+00:00,26.933748,4.1999993,0.42372227,Johor
2021-07-28 00:00:00+00:00,27.253195,1.4333334,0.41904166,Johor
2021-07-29 00:00:00+00:00,27.35875,0.16666667,0.41544446,Johor
2021-07-30 00:00:00+00:00,27.102499,7.4666667,0.41244444,Johor
2021-07-31 00:00:00+00:00,26.371943,7.0333333,0.4097222,Johor
2021-08-01 00:00:00+00:00,26.361525,4.233333,0.40641665,Johor
2021-08-02 00:00:00+00:00,26.746943,11.666667,0.40208337,Johor
2021-08-03 00:00:00+00:00,26.601107,9.833333,0.39845833,Johor
2021-08-04 00:00:00+00:00,26.262915,2.6333332,0.39680555,Johor
2021-08-05 00:00:00+00:00,27.206665,0.33333334,0.39422217,Johor
2021-08-06 00:00:00+00:00,26.400415,7.933333,0.39162496,Johor
2021-08-07 00:00:00+00:00,26.594862,13.333333,0.39029172,Johor
2021-08-08 00:00:00+00:00,25.49347,10.400001,0.3904306,Johor
2021-08-09 00:00:00+00:00,26.849024,5.233333,0.39191666,Johor
2021-08-10 00:00:00+00:00,26.44486,11.333333,0.39202777,Johor
2021-08-11 00:00:00+00:00,26.270555,13.2,0.3917222,Johor
2021-08-12 00:00:00+00:00,26.117777,7.9666667,0.3919444,Johor
2021-08-13 00:00:00+00:00,25.912224,8.633334,0.39379165,Johor
2021-08-14 00:00:00+00:00,25.897638,15.966667,0.39770833,Johor
2021-08-15 00:00:00+00:00,25.806665,16.733332,0.4049861,Johor
2021-08-16 00:00:00+00:00,25.74278,9.666667,0.41279173,Johor
2021-08-17 00:00:00+00:00,24.750418,8.866668,0.41962504,Johor
2021-08-18 00:00:00+00:00,24.433748,21.533335,0.42565274,Johor
2021-08-19 00:00:00+00:00,24.555971,7.2000003,0.44936112,Johor
2021-08-20 00:00:00+00:00,24.361526,16.933336,0.45443055,Johor
2021-08-21 00:00:00+00:00,25.412916,4.3999996,0.45575,Johor
2021-08-22 00:00:00+00:00,24.760138,11.966667,0.45924997,Johor
2021-08-23 00:00:00+00:00,25.934443,7.866667,0.46055546,Johor
2021-08-24 00:00:00+00:00,25.07125,8.799999,0.46269444,Johor
2021-08-25 00:00:00+00:00,25.301805,0.4,0.46495834,Johor
2021-08-26 00:00:00+00:00,25.726805,5.5333333,0.46520838,Johor
2021-08-27 00:00:00+00:00,26.153193,5.433334,0.4643611,Johor
2021-08-28 00:00:00+00:00,26.31986,9.400001,0.46365282,Johor
2021-08-29 00:00:00+00:00,25.508749,7.966667,0.4648333,Johor
2021-08-30 00:00:00+00:00,25.580278,5.7333336,0.4677221,Johor
2021-08-31 00:00:00+00:00,25.964308,11.5,0.47091675,Johor
2021-09-01 00:00:00+00:00,25.615694,11.733334,0.47608337,Johor
2021-09-02 00:00:00+00:00,24.15597,12.433334,0.48456952,Johor
2021-09-03 00:00:00+00:00,25.47264,5.0333333,0.48401394,Johor
2021-09-04 00:00:00+00:00,25.655275,6.2333336,0.4841806,Johor
2021-09-05 00:00:00+00:00,26.046946,5.4,0.4839584,Johor
2021-09-06 00:00:00+00:00,26.124723,12.0,0.482,Johor
2021-09-07 00:00:00+00:00,26.144165,6.1,0.48016664,Johor
2021-09-08 00:00:00+00:00,25.878885,0.76666665,0.4776528,Johor
2021-09-09 00:00:00+00:00,26.32264,4.9666667,0.47387496,Johor
2021-09-10 00:00:00+00:00,25.54139,2.333333,0.47025,Johor
2021-09-11 00:00:00+00:00,26.66986,3.9333334,0.4683194,Johor
2021-09-12 00:00:00+00:00,26.629583,10.0,0.46784723,Johor
2021-09-13 00:00:00+00:00,24.912222,9.066667,0.47297224,Johor
2021-09-14 00:00:00+00:00,26.135832,1.7666668,0.47484717,Johor
2021-09-15 00:00:00+00:00,25.979582,7.366667,0.47431943,Johor
2021-09-16 00:00:00+00:00,26.401804,3.1333332,0.47329172,Johor
2021-09-17 00:00:00+00:00,26.892778,0.9333334,0.47062504,Johor
2021-09-18 00:00:00+00:00,26.29069,9.233334,0.4676944,Johor
2021-09-19 00:00:00+00:00,25.0525,25.166666,0.4677638,Johor
2021-09-20 00:00:00+00:00,26.651808,3.2333333,0.4655,Johor
2021-09-21 00:00:00+00:00,26.196249,8.733334,0.46456945,Johor
2021-09-22 00:00:00+00:00,26.859444,5.6666665,0.46326387,Johor
2021-09-23 00:00:00+00:00,26.370558,7.366667,0.46281955,Johor
2021-09-24 00:00:00+00:00,26.664307,6.933333,0.4619305,Johor
2021-09-25 00:00:00+00:00,26.621946,9.633332,0.46045837,Johor
2021-09-26 00:00:00+00:00,26.192085,16.866669,0.46277776,Johor
2021-09-27 00:00:00+00:00,25.70875,25.666666,0.4744722,Johor
2021-09-28 00:00:00+00:00,25.824722,9.900001,0.48258328,Johor
2021-09-29 00:00:00+00:00,26.078194,24.300001,0.4900278,Johor
2021-09-30 00:00:00+00:00,24.974028,7.7999997,0.50476384,Johor
2021-10-01 00:00:00+00:00,25.3775,16.033333,0.5042084,Johor
2021-10-02 00:00:00+00:00,24.706665,2.1999998,0.5015278,Johor
2021-10-03 00:00:00+00:00,26.574028,0.6666667,0.49913886,Johor
2021-10-04 00:00:00+00:00,26.883057,3.0333335,0.4971389,Johor
2021-10-05 00:00:00+00:00,26.390692,2.8666668,0.4937084,Johor
2021-10-06 00:00:00+00:00,26.90597,1.0,0.48940274,Johor
2021-10-07 00:00:00+00:00,27.042084,3.5333335,0.48619437,Johor
2021-10-08 00:00:00+00:00,27.397638,0.6,0.48268053,Johor
2021-10-09 00:00:00+00:00,27.28097,2.966667,0.47727776,Johor
2021-10-10 00:00:00+00:00,26.73722,10.5,0.47297227,Johor
2021-10-11 00:00:00+00:00,27.174026,0.06666667,0.46883333,Johor
2021-10-12 00:00:00+00:00,27.303194,4.133333,0.45402774,Johor
2021-10-13 00:00:00+00:00,27.298334,4.1666665,0.43911108,Johor
2021-10-14 00:00:00+00:00,27.297638,5.566666,0.43547225,Johor
2021-10-15 00:00:00+00:00,27.478193,0.33333334,0.43090272,Johor
2021-10-16 00:00:00+00:00,27.401114,3.4333332,0.42773613,Johor
2021-10-17 00:00:00+00:00,25.742083,8.1,0.42622223,Johor
2021-10-18 00:00:00+00:00,25.76014,15.400002,0.42451382,Johor
2021-10-19 00:00:00+00:00,26.282362,8.8,0.4238889,Johor
2021-10-20 00:00:00+00:00,24.356665,34.2,0.4288055,Johor
2021-10-21 00:00:00+00:00,25.76361,6.966667,0.4309444,Johor
2021-10-22 00:00:00+00:00,25.04625,11.533334,0.43363893,Johor
2021-10-23 00:00:00+00:00,25.549028,12.233334,0.43705556,Johor
2021-10-24 00:00:00+00:00,25.49764,22.266668,0.43898615,Johor
2021-10-25 00:00:00+00:00,25.537226,11.166667,0.4410417,Johor
2021-10-26 00:00:00+00:00,26.12264,10.3,0.44116667,Johor
2021-10-27 00:00:00+00:00,26.545553,4.5333333,0.43920836,Johor
2021-10-28 00:00:00+00:00,26.13653,5.1666665,0.43781933,Johor
2021-10-29 00:00:00+00:00,26.332361,7.8333335,0.43822217,Johor
2021-10-30 00:00:00+00:00,25.758749,5.5,0.4393611,Johor
2021-10-31 00:00:00+00:00,25.525415,23.400002,0.44749996,Johor
2021-11-01 00:00:00+00:00,25.174028,9.9,0.4524723,Johor
2021-11-02 00:00:00+00:00,25.106667,20.500002,0.4543611,Johor
2021-11-03 00:00:00+00:00,25.095552,14.933334,0.46119443,Johor
2021-11-04 00:00:00+00:00,25.400415,17.866667,0.46845832,Johor
2021-11-05 00:00:00+00:00,25.069862,20.800001,0.47286108,Johor
2021-11-06 00:00:00+00:00,26.361526,8.9,0.4769028,Johor
2021-11-07 00:00:00+00:00,25.798332,21.9,0.4836389,Johor
2021-11-08 00:00:00+00:00,26.164305,7.9666667,0.48386112,Johor
2021-11-09 00:00:00+00:00,26.07889,10.2,0.48097217,Johor
2021-11-10 00:00:00+00:00,24.978195,20.9,0.48306945,Johor
2021-11-11 00:00:00+00:00,25.829582,6.4,0.4867778,Johor
2021-11-12 00:00:00+00:00,25.765,9.000001,0.48380557,Johor
2021-11-13 00:00:00+00:00,26.344164,3.3333333,0.47929165,Johor
2021-11-14 00:00:00+00:00,26.35736,4.9666667,0.4743751,Johor
2021-11-15 00:00:00+00:00,26.324026,1.2666668,0.46920833,Johor
2021-11-16 00:00:00+00:00,25.991388,10.900001,0.46555564,Johor
2021-11-17 00:00:00+00:00,25.649721,12.566666,0.46444443,Johor
2021-11-18 00:00:00+00:00,25.616388,7.4999995,0.46595836,Johor
2021-11-19 00:00:00+00:00,26.076807,14.966667,0.46005556,Johor
2021-11-20 00:00:00+00:00,25.844168,10.900001,0.4588611,Johor
2021-11-21 00:00:00+00:00,25.655275,14.966667,0.45845827,Johor
2021-11-22 00:00:00+00:00,25.930975,14.233334,0.46066666,Johor
2021-11-23 00:00:00+00:00,25.433054,15.000001,0.46329165,Johor
2021-11-24 00:00:00+00:00,24.631666,16.766666,0.47708336,Johor
2021-11-25 00:00:00+00:00,25.81014,6.2333336,0.48255554,Johor
2021-11-26 00:00:00+00:00,25.49972,1.3333334,0.48019442,Johor
2021-11-27 00:00:00+00:00,25.529585,10.866668,0.47781935,Johor
2021-11-28 00:00:00+00:00,25.969168,8.466666,0.47497222,Johor
2021-11-29 00:00:00+00:00,26.811525,0.033333335,0.47052774,Johor
2021-11-30 00:00:00+00:00,27.420555,1.5666666,0.4662083,Johor
2021-12-01 00:00:00+00:00,27.014303,12.7,0.46238887,Johor
2021-12-02 00:00:00+00:00,24.862917,16.399998,0.4610972,Johor
2021-12-03 00:00:00+00:00,25.334444,1.6666666,0.45969447,Johor
2021-12-04 00:00:00+00:00,25.740694,1.1666667,0.45784724,Johor
2021-12-05 00:00:00+00:00,25.204582,6.7666664,0.45477772,Johor
2021-12-06 00:00:00+00:00,26.031664,0.7,0.450875,Johor
2021-12-07 00:00:00+00:00,26.519165,1.0333334,0.44701388,Johor
2021-12-08 00:00:00+00:00,26.10597,1.1333333,0.44362497,Johor
2021-12-09 00:00:00+00:00,26.762222,0.23333335,0.43934724,Johor
2021-12-10 00:00:00+00:00,25.399027,10.000001,0.43647218,Johor
2021-12-11 00:00:00+00:00,25.651808,12.533334,0.43490288,Johor
2021-12-12 00:00:00+00:00,25.293472,6.766667,0.4326667,Johor
2021-12-13 00:00:00+00:00,26.044165,2.8333333,0.43018055,Johor
2021-12-14 00:00:00+00:00,26.36014,4.133333,0.42670834,Johor
2021-12-15 00:00:00+00:00,25.641388,8.400001,0.42411104,Johor
2021-12-16 00:00:00+00:00,26.143473,16.766666,0.4211389,Johor
2021-12-17 00:00:00+00:00,24.925415,21.833334,0.42062506,Johor
2021-12-18 00:00:00+00:00,25.226807,30.799997,0.428625,Johor
2021-12-19 00:00:00+00:00,24.913612,4.866667,0.43758336,Johor
2021-12-20 00:00:00+00:00,26.237915,0.36666667,0.43988883,Johor
2021-12-21 00:00:00+00:00,26.337915,7.4666667,0.4398333,Johor
2021-12-22 00:00:00+00:00,25.173332,7.566667,0.4399445,Johor
2021-12-23 00:00:00+00:00,24.820555,10.166667,0.4399167,Johor
2021-12-24 00:00:00+00:00,25.393473,6.900001,0.4392916,Johor
2021-12-25 00:00:00+00:00,25.950417,2.3333333,0.4385973,Johor
2021-12-26 00:00:00+00:00,25.98236,2.5,0.43816662,Johor
2021-12-27 00:00:00+00:00,26.304583,0.3,0.43644443,Johor
2021-12-28 00:00:00+00:00,26.310137,0.13333334,0.43423614,Johor
2021-12-29 00:00:00+00:00,26.109446,2.0999997,0.4321667,Johor
2021-12-30 00:00:00+00:00,25.417084,6.6666665,0.43047228,Johor
2021-12-31 00:00:00+00:00,24.12403,19.166668,0.43005562,Johor
2022-01-01 00:00:00+00:00,23.919863,31.266668,0.42975008,Johor
2022-01-02 00:00:00+00:00,23.510138,44.466663,0.45548606,Johor
2022-01-03 00:00:00+00:00,24.532362,12.333333,0.47966668,Johor
2022-01-04 00:00:00+00:00,25.03375,10.099999,0.48537496,Johor
2022-01-05 00:00:00+00:00,25.712914,2.833333,0.48587498,Johor
2022-01-06 00:00:00+00:00,26.104584,0.4333333,0.48509717,Johor
2022-01-07 00:00:00+00:00,25.818472,4.2000003,0.48238888,Johor
2022-01-08 00:00:00+00:00,25.558752,2.5666666,0.47943053,Johor
2022-01-09 00:00:00+00:00,25.917086,1.0333334,0.4764305,Johor
2022-01-10 00:00:00+00:00,25.75528,1.9333334,0.4720833,Johor
2022-01-11 00:00:00+00:00,25.826805,0.13333334,0.46645832,Johor
2022-01-12 00:00:00+00:00,25.610832,0.16666667,0.46186116,Johor
2022-01-13 00:00:00+00:00,25.574028,0.0,0.45795834,Johor
2022-01-14 00:00:00+00:00,25.483751,0.13333334,0.45402774,Johor
2022-01-15 00:00:00+00:00,25.865694,0.13333334,0.44987503,Johor
2022-01-16 00:00:00+00:00,26.106667,0.4666667,0.44495836,Johor
2022-01-17 00:00:00+00:00,26.145554,1.5,0.44024995,Johor
2022-01-18 00:00:00+00:00,26.212915,0.4333333,0.43263888,Johor
2022-01-19 00:00:00+00:00,25.464304,4.733333,0.42704162,Johor
2022-01-20 00:00:00+00:00,25.852503,1.2333335,0.4231805,Johor
2022-01-21 00:00:00+00:00,26.29972,0.2,0.41844442,Johor
2022-01-22 00:00:00+00:00,26.042084,0.06666667,0.41355553,Johor
2022-01-23 00:00:00+00:00,26.420557,1.1666666,0.40869442,Johor
2022-01-24 00:00:00+00:00,26.540695,0.9666667,0.40484726,Johor
2022-01-25 00:00:00+00:00,26.394165,0.70000005,0.4009861,Johor
2022-01-26 00:00:00+00:00,26.773333,0.16666667,0.39704165,Johor
2022-01-27 00:00:00+00:00,26.272638,0.0,0.39261118,Johor
2022-01-28 00:00:00+00:00,26.821945,0.3,0.38848612,Johor
2022-01-29 00:00:00+00:00,26.937918,0.46666667,0.38326386,Johor
2022-01-30 00:00:00+00:00,26.77611,2.1666667,0.37838888,Johor
2022-01-31 00:00:00+00:00,27.095556,0.8,0.37301388,Johor
2022-02-01 00:00:00+00:00,26.889305,0.16666667,0.3667917,Johor
2022-02-02 00:00:00+00:00,27.325415,1.0666666,0.3621805,Johor
2022-02-03 00:00:00+00:00,26.578196,2.3999999,0.358125,Johor
2022-02-04 00:00:00+00:00,27.090693,0.90000004,0.35370827,Johor
2022-02-05 00:00:00+00:00,25.592081,14.533333,0.34870827,Johor
2022-02-06 00:00:00+00:00,25.807364,3.3999999,0.3452916,Johor
2022-02-07 00:00:00+00:00,25.537222,8.3,0.34398612,Johor
2022-02-08 00:00:00+00:00,24.786528,14.533334,0.3425,Johor
2022-02-09 00:00:00+00:00,24.5025,16.300001,0.3415,Johor
2022-02-10 00:00:00+00:00,23.024027,29.166666,0.34180558,Johor
2022-02-11 00:00:00+00:00,24.118475,2.0,0.34163892,Johor
2022-02-12 00:00:00+00:00,25.444162,1.2666667,0.3411806,Johor
2022-02-13 00:00:00+00:00,25.86986,0.8333333,0.34093055,Johor
2022-02-14 00:00:00+00:00,25.712915,5.866667,0.34083328,Johor
2022-02-15 00:00:00+00:00,25.862223,2.3666666,0.3398055,Johor
2022-02-16 00:00:00+00:00,26.320555,0.90000004,0.33905554,Johor
2022-02-17 00:00:00+00:00,26.38375,0.50000006,0.33868054,Johor
2022-02-18 00:00:00+00:00,26.578888,2.0666666,0.33783337,Johor
2022-02-19 00:00:00+00:00,26.542778,5.566667,0.33638892,Johor
2022-02-20 00:00:00+00:00,25.721945,5.2666664,0.33488885,Johor
2022-02-21 00:00:00+00:00,26.549028,0.73333335,0.3334861,Johor
2022-02-22 00:00:00+00:00,26.485138,0.2,0.33149993,Johor
2022-02-23 00:00:00+00:00,25.110138,14.7,0.3308889,Johor
2022-02-24 00:00:00+00:00,23.997637,17.500002,0.33251393,Johor
2022-02-25 00:00:00+00:00,25.150415,3.3999999,0.33523607,Johor
2022-02-26 00:00:00+00:00,25.514303,3.8999996,0.33616662,Johor
2022-02-27 00:00:00+00:00,25.425415,7.066666,0.33722213,Johor
2022-02-28 00:00:00+00:00,25.73236,9.033334,0.3378611,Johor
2022-03-01 00:00:00+00:00,25.936525,1.3666667,0.337875,Johor
2022-03-02 00:00:00+00:00,26.069862,4.1,0.33725,Johor
2022-03-03 00:00:00+00:00,26.052498,7.7333336,0.33626387,Johor
2022-03-04 00:00:00+00:00,25.63861,3.0666666,0.33618054,Johor
2022-03-05 00:00:00+00:00,25.369164,10.133332,0.33676386,Johor
2022-03-06 00:00:00+00:00,25.918472,1.2,0.3381528,Johor
2022-03-07 00:00:00+00:00,25.33861,9.466667,0.33926392,Johor
2022-03-08 00:00:00+00:00,26.174028,4.5,0.3413472,Johor
2022-03-09 00:00:00+00:00,26.204584,5.3333335,0.3422083,Johor
2022-03-10 00:00:00+00:00,26.292778,1.9666667,0.34205547,Johor
2022-03-11 00:00:00+00:00,26.080276,3.1666667,0.3412361,Johor
2022-03-12 00:00:00+00:00,26.189302,1.1999999,0.33979166,Johor
2022-03-13 00:00:00+00:00,27.097641,1.9,0.3378611,Johor
2022-03-14 00:00:00+00:00,26.4525,9.2,0.33613887,Johor
2022-03-15 00:00:00+00:00,25.873335,16.233335,0.33580554,Johor
2022-03-16 00:00:00+00:00,26.375418,2.7333336,0.33654165,Johor
2022-03-17 00:00:00+00:00,25.739305,17.1,0.33862495,Johor
2022-03-18 00:00:00+00:00,26.529587,3.7666667,0.34287497,Johor
2022-03-19 00:00:00+00:00,27.60389,2.7666667,0.34362495,Johor
2022-03-20 00:00:00+00:00,26.732359,6.8000007,0.34369445,Johor
2022-03-21 00:00:00+00:00,27.039305,0.23333333,0.3432223,Johor
2022-03-22 00:00:00+00:00,26.805277,2.3999999,0.34241673,Johor
2022-03-23 00:00:00+00:00,26.396942,10.0,0.34223613,Johor
2022-03-24 00:00:00+00:00,27.28861,1.1666666,0.34165275,Johor
2022-03-25 00:00:00+00:00,27.230972,1.1666666,0.34075,Johor
2022-03-26 00:00:00+00:00,26.43722,4.7666664,0.3388611,Johor
2022-03-27 00:00:00+00:00,26.744165,2.0666668,0.33609724,Johor
2022-03-28 00:00:00+00:00,26.59139,4.0666666,0.33356944,Johor
2022-03-29 00:00:00+00:00,26.622637,2.3000002,0.33101383,Johor
2022-03-30 00:00:00+00:00,26.592081,10.733334,0.32937503,Johor
2022-03-31 00:00:00+00:00,26.017778,10.099999,0.32752776,Johor
2022-04-01 00:00:00+00:00,26.205278,9.900001,0.32483336,Johor
2022-04-02 00:00:00+00:00,26.288614,5.433334,0.3232362,Johor
2022-04-03 00:00:00+00:00,25.256666,12.433334,0.3224862,Johor
2022-04-04 00:00:00+00:00,25.861525,7.6000004,0.32159722,Johor
2022-04-05 00:00:00+00:00,25.765694,2.3999999,0.32075,Johor
2022-04-06 00:00:00+00:00,25.741388,9.833333,0.3196111,Johor
2022-04-07 00:00:00+00:00,25.08097,10.633334,0.31977773,Johor
2022-04-08 00:00:00+00:00,26.050417,2.3666666,0.32184723,Johor
2022-04-09 00:00:00+00:00,25.611526,1.7000002,0.32347226,Johor
2022-04-10 00:00:00+00:00,25.951805,8.7,0.3270278,Johor
2022-04-11 00:00:00+00:00,25.546942,11.8,0.33200005,Johor
2022-04-12 00:00:00+00:00,26.706665,6.2999997,0.33431947,Johor
2022-04-13 00:00:00+00:00,26.331665,12.400001,0.33601388,Johor
2022-04-14 00:00:00+00:00,26.733055,6.933334,0.33848608,Johor
2022-04-15 00:00:00+00:00,26.36986,7.866667,0.3405833,Johor
2022-04-16 00:00:00+00:00,26.95389,3.5333335,0.34340277,Johor
2022-04-17 00:00:00+00:00,25.908056,6.3999996,0.34712496,Johor
2022-04-18 00:00:00+00:00,26.31639,3.8666668,0.35116664,Johor
2022-04-19 00:00:00+00:00,26.296944,5.433333,0.35194445,Johor
2022-04-20 00:00:00+00:00,26.114998,9.8,0.3519583,Johor
2022-04-21 00:00:00+00:00,26.454584,2.3333335,0.35230553,Johor
2022-04-22 00:00:00+00:00,27.040695,2.3999999,0.35229158,Johor
2022-04-23 00:00:00+00:00,26.664307,7.5,0.35109723,Johor
2022-04-24 00:00:00+00:00,26.514305,3.1666667,0.35086107,Johor
2022-04-25 00:00:00+00:00,26.331667,10.366666,0.35291663,Johor
2022-04-26 00:00:00+00:00,26.73722,5.933333,0.35515276,Johor
2022-04-27 00:00:00+00:00,26.415,10.433333,0.3574445,Johor
2022-04-28 00:00:00+00:00,26.533056,6.5,0.3608611,Johor
2022-04-29 00:00:00+00:00,26.772636,5.9666667,0.36345828,Johor
2022-04-30 00:00:00+00:00,26.262222,7.9666667,0.36651388,Johor
2022-05-01 00:00:00+00:00,26.76986,11.533333,0.36890277,Johor
2022-05-02 00:00:00+00:00,26.749025,14.666667,0.37068057,Johor
2022-05-03 00:00:00+00:00,26.523333,4.6,0.37316665,Johor
2022-05-04 00:00:00+00:00,27.115,1.7666668,0.37358335,Johor
2022-05-05 00:00:00+00:00,27.360138,5.1,0.37402776,Johor
2022-05-06 00:00:00+00:00,27.121946,9.500001,0.37399998,Johor
2022-05-07 00:00:00+00:00,26.994165,5.633333,0.37372229,Johor
2022-05-08 00:00:00+00:00,26.899725,2.0666666,0.37413892,Johor
2022-05-09 00:00:00+00:00,27.248335,8.7,0.37437502,Johor
2022-05-10 00:00:00+00:00,27.147642,13.0,0.37727776,Johor
2022-05-11 00:00:00+00:00,27.287918,1.6,0.37880555,Johor
2022-05-12 00:00:00+00:00,27.196945,7.9,0.37870827,Johor
2022-05-13 00:00:00+00:00,27.376806,5.2333336,0.37838888,Johor
2022-05-14 00:00:00+00:00,26.97264,13.966667,0.37829164,Johor
2022-05-15 00:00:00+00:00,26.961525,12.599999,0.37836108,Johor
2022-05-16 00:00:00+00:00,25.639303,12.233334,0.38283333,Johor
2022-05-17 00:00:00+00:00,27.199026,0.23333333,0.3888195,Johor
2022-05-18 00:00:00+00:00,27.66986,1.1000001,0.3890555,Johor
2022-05-19 00:00:00+00:00,26.202501,4.1,0.38943055,Johor
2022-05-20 00:00:00+00:00,26.75736,8.6,0.39047217,Johor
2022-05-21 00:00:00+00:00,26.810835,5.866667,0.3914722,Johor
2022-05-22 00:00:00+00:00,27.235138,5.0666666,0.39231944,Johor
2022-05-23 00:00:00+00:00,26.808054,8.966666,0.39169446,Johor
2022-05-24 00:00:00+00:00,26.44555,9.533333,0.39137504,Johor
2022-05-25 00:00:00+00:00,25.04625,13.0666685,0.3943889,Johor
2022-05-26 00:00:00+00:00,27.123335,0.06666667,0.39548603,Johor
2022-05-27 00:00:00+00:00,27.605972,0.033333335,0.39474997,Johor
2022-05-28 00:00:00+00:00,26.967081,1.6,0.39341673,Johor
2022-05-29 00:00:00+00:00,27.777502,0.0,0.39134726,Johor
2022-05-30 00:00:00+00:00,27.900415,1.7333332,0.38945827,Johor
2022-05-31 00:00:00+00:00,27.196249,6.5333333,0.387875,Johor
2022-06-01 00:00:00+00:00,26.549026,9.766666,0.38651383,Johor
2022-06-02 00:00:00+00:00,26.621252,6.1666665,0.38511118,Johor
2022-06-03 00:00:00+00:00,26.582361,7.266667,0.3837639,Johor
2022-06-04 00:00:00+00:00,26.546946,7.1666675,0.38241664,Johor
2022-06-05 00:00:00+00:00,25.504583,11.633334,0.38255557,Johor
2022-06-06 00:00:00+00:00,26.269167,5.233333,0.38398615,Johor
2022-06-07 00:00:00+00:00,25.680971,11.0,0.3847222,Johor
2022-06-08 00:00:00+00:00,25.551111,12.933333,0.38686118,Johor
2022-06-09 00:00:00+00:00,25.584442,4.6,0.3868611,Johor
2022-06-10 00:00:00+00:00,26.35111,15.0666685,0.38736108,Johor
2022-06-11 00:00:00+00:00,24.738607,18.366667,0.3945833,Johor
2022-06-12 00:00:00+00:00,25.561525,6.8333335,0.39680555,Johor
2022-06-13 00:00:00+00:00,25.397636,11.833333,0.3982222,Johor
2022-06-14 00:00:00+00:00,26.030275,11.466667,0.40172222,Johor
2022-06-15 00:00:00+00:00,24.879585,17.800001,0.40509725,Johor
2022-06-16 00:00:00+00:00,25.310835,8.833333,0.41233334,Johor
2022-06-17 00:00:00+00:00,25.451805,12.733335,0.4159861,Johor
2022-06-18 00:00:00+00:00,25.369165,7.766668,0.41545835,Johor
2022-06-19 00:00:00+00:00,25.64833,14.7,0.41420832,Johor
2022-06-20 00:00:00+00:00,25.230278,4.6,0.4138055,Johor
2022-06-21 00:00:00+00:00,25.615698,10.633334,0.41352782,Johor
2022-06-22 00:00:00+00:00,25.51639,4.7999997,0.41558337,Johor
2022-06-23 00:00:00+00:00,25.193472,18.866667,0.42040274,Johor
2022-06-24 00:00:00+00:00,25.402498,10.433334,0.4242361,Johor
2022-06-25 00:00:00+00:00,25.704584,2.7,0.42488885,Johor
2022-06-26 00:00:00+00:00,26.249723,3.5666668,0.4228194,Johor
2022-06-27 00:00:00+00:00,26.276804,11.0,0.4224306,Johor
2022-06-28 00:00:00+00:00,25.949028,9.433333,0.4248612,Johor
2022-06-29 00:00:00+00:00,27.00736,7.633333,0.42569438,Johor
2022-06-30 00:00:00+00:00,26.364998,0.26666668,0.42440274,Johor
2022-07-01 00:00:00+00:00,27.02125,0.13333334,0.42290282,Johor
2022-07-02 00:00:00+00:00,26.962225,0.86666673,0.42038894,Johor
2022-07-03 00:00:00+00:00,27.039307,0.3,0.41794443,Johor
2022-07-04 00:00:00+00:00,27.214304,3.466667,0.41609725,Johor
2022-07-05 00:00:00+00:00,26.562223,7.966667,0.41481948,Johor
2022-07-06 00:00:00+00:00,25.78375,5.600001,0.41331956,Johor
2022-07-07 00:00:00+00:00,26.908056,4.9,0.41112494,Johor
2022-07-08 00:00:00+00:00,27.140692,0.1,0.40738884,Johor
2022-07-09 00:00:00+00:00,27.516388,1.2333332,0.40543056,Johor
2022-07-10 00:00:00+00:00,26.446253,4.1666665,0.40386114,Johor
2022-07-11 00:00:00+00:00,26.683054,7.2666664,0.40168056,Johor
2022-07-12 00:00:00+00:00,26.289999,1.3666668,0.3992361,Johor
2022-07-13 00:00:00+00:00,26.934446,0.6,0.39768052,Johor
2022-07-14 00:00:00+00:00,26.19972,4.233333,0.39606944,Johor
2022-07-15 00:00:00+00:00,26.774721,1.1666666,0.3945972,Johor
2022-07-16 00:00:00+00:00,27.659445,1.1999999,0.39301383,Johor
2022-07-17 00:00:00+00:00,27.806665,2.0666668,0.3905555,Johor
2022-07-18 00:00:00+00:00,27.634447,2.0666668,0.3876666,Johor
2022-07-19 00:00:00+00:00,26.873337,5.9,0.38502786,Johor
2022-07-20 00:00:00+00:00,25.429586,8.166667,0.38297215,Johor
2022-07-21 00:00:00+00:00,26.237915,3.5,0.38186106,Johor
2022-07-22 00:00:00+00:00,25.67125,7.533333,0.38068056,Johor
2022-07-23 00:00:00+00:00,26.512917,5.6666665,0.37936112,Johor
2022-07-24 00:00:00+00:00,26.099028,11.599999,0.37855554,Johor
2022-07-25 00:00:00+00:00,26.1275,6.6000004,0.38163888,Johor
2022-07-26 00:00:00+00:00,25.87889,2.2333333,0.3864167,Johor
2022-07-27 00:00:00+00:00,26.671944,7.7666664,0.38697228,Johor
2022-07-28 00:00:00+00:00,26.015,11.466667,0.38679168,Johor
2022-07-29 00:00:00+00:00,25.589304,21.6,0.3898194,Johor
2022-07-30 00:00:00+00:00,26.674723,6.2000003,0.39097223,Johor
2022-07-31 00:00:00+00:00,25.868471,12.766667,0.39345834,Johor
2022-08-01 00:00:00+00:00,26.250418,13.0,0.39747217,Johor
2022-08-02 00:00:00+00:00,25.306665,10.566666,0.40091667,Johor
2022-08-03 00:00:00+00:00,24.894167,12.333333,0.4074861,Johor
2022-08-04 00:00:00+00:00,25.485832,2.5666666,0.40988883,Johor
2022-08-05 00:00:00+00:00,25.453194,0.5666667,0.41077778,Johor
2022-08-06 00:00:00+00:00,26.66361,1.6999999,0.4109166,Johor
2022-08-07 00:00:00+00:00,26.525415,3.6999998,0.4100277,Johor
2022-08-08 00:00:00+00:00,26.332361,7.366667,0.40831935,Johor
2022-08-09 00:00:00+00:00,26.922638,0.73333335,0.40612495,Johor
2022-08-10 00:00:00+00:00,26.6275,4.3333335,0.40440276,Johor
2022-08-11 00:00:00+00:00,27.615692,1.0666667,0.40244445,Johor
2022-08-12 00:00:00+00:00,26.897638,8.799999,0.40126392,Johor
2022-08-13 00:00:00+00:00,26.355972,2.6333334,0.39983335,Johor
2022-08-14 00:00:00+00:00,26.03583,7.2666664,0.39804164,Johor
2022-08-15 00:00:00+00:00,26.190695,12.0,0.39729163,Johor
2022-08-16 00:00:00+00:00,26.547638,7.2999997,0.39562508,Johor
2022-08-17 00:00:00+00:00,26.324722,5.1,0.39473614,Johor
2022-08-18 00:00:00+00:00,25.628191,12.8,0.39483333,Johor
2022-08-19 00:00:00+00:00,26.705276,4.7333336,0.39344445,Johor
2022-08-20 00:00:00+00:00,25.36847,27.766668,0.39880553,Johor
2022-08-21 00:00:00+00:00,25.945557,3.4333334,0.4068472,Johor
2022-08-22 00:00:00+00:00,26.009443,6.633333,0.40818048,Johor
2022-08-23 00:00:00+00:00,25.442083,12.3,0.4082917,Johor
2022-08-24 00:00:00+00:00,26.173334,22.166666,0.40933326,Johor
2022-08-25 00:00:00+00:00,25.589996,22.666666,0.41215277,Johor
2022-08-26 00:00:00+00:00,24.496248,9.900001,0.41677776,Johor
2022-08-27 00:00:00+00:00,25.453888,8.333333,0.41898608,Johor
2022-08-28 00:00:00+00:00,25.059446,13.8,0.42099997,Johor
2022-08-29 00:00:00+00:00,24.925415,13.233334,0.42456946,Johor
2022-08-30 00:00:00+00:00,25.8025,3.3,0.42375,Johor
2022-08-31 00:00:00+00:00,26.287918,4.0333333,0.4238056,Johor
2022-09-01 00:00:00+00:00,25.739305,12.833335,0.4223055,Johor
2022-09-02 00:00:00+00:00,25.659445,10.3,0.42354164,Johor
2022-09-03 00:00:00+00:00,26.165693,7.8999996,0.42966667,Johor
2022-09-04 00:00:00+00:00,26.5775,4.4333334,0.43016663,Johor
2022-09-05 00:00:00+00:00,26.099028,9.366667,0.43076393,Johor
2022-09-06 00:00:00+00:00,26.161528,10.566668,0.43047222,Johor
2022-09-07 00:00:00+00:00,25.017778,13.433334,0.43233335,Johor
2022-09-08 00:00:00+00:00,26.274027,3.9333334,0.4323611,Johor
2022-09-09 00:00:00+00:00,25.361526,14.900001,0.43490276,Johor
2022-09-10 00:00:00+00:00,25.86986,1.2666668,0.4351528,Johor
2022-09-11 00:00:00+00:00,25.069166,17.1,0.4338055,Johor
2022-09-12 00:00:00+00:00,26.126808,6.866667,0.434361,Johor
2022-09-13 00:00:00+00:00,25.776114,12.700001,0.4343195,Johor
2022-09-14 00:00:00+00:00,25.821945,0.16666667,0.43179166,Johor
2022-09-15 00:00:00+00:00,26.22125,1.4,0.4281944,Johor
2022-09-16 00:00:00+00:00,25.971945,4.433333,0.4239861,Johor
2022-09-17 00:00:00+00:00,25.781668,14.099999,0.42286107,Johor
2022-09-18 00:00:00+00:00,24.799026,13.5,0.42599997,Johor
2022-09-19 00:00:00+00:00,26.183752,1.9000001,0.42493054,Johor
2022-09-20 00:00:00+00:00,25.717775,3.0666666,0.42323604,Johor
2022-09-21 00:00:00+00:00,26.317774,3.5,0.42080548,Johor
2022-09-22 00:00:00+00:00,25.082361,5.1333327,0.42127776,Johor
2022-09-23 00:00:00+00:00,26.460138,4.0,0.4213334,Johor
2022-09-24 00:00:00+00:00,25.965693,11.0,0.41997227,Johor
2022-09-25 00:00:00+00:00,25.49694,2.0333335,0.42008337,Johor
2022-09-26 00:00:00+00:00,26.183054,4.066667,0.41873613,Johor
2022-09-27 00:00:00+00:00,26.317083,4.3333335,0.41561112,Johor
2022-09-28 00:00:00+00:00,26.56778,8.133332,0.4137639,Johor
2022-09-29 00:00:00+00:00,26.428198,9.7,0.41529167,Johor
2022-09-30 00:00:00+00:00,26.365,10.966667,0.4165001,Johor
2022-10-01 00:00:00+00:00,25.909445,24.133333,0.41798615,Johor
2022-10-02 00:00:00+00:00,25.578194,1.4666667,0.4235834,Johor
2022-10-03 00:00:00+00:00,25.56708,16.9,0.42502785,Johor
2022-10-04 00:00:00+00:00,25.623331,15.3,0.42824998,Johor
2022-10-05 00:00:00+00:00,24.926111,12.633332,0.43358335,Johor
2022-10-06 00:00:00+00:00,25.615692,5.566667,0.43293056,Johor
2022-10-07 00:00:00+00:00,24.710135,19.166666,0.43387505,Johor
2022-10-08 00:00:00+00:00,25.449722,8.733333,0.43405557,Johor
2022-10-09 00:00:00+00:00,26.04625,2.8666668,0.4312917,Johor
2022-10-10 00:00:00+00:00,25.314306,1.4666667,0.42901385,Johor
2022-10-11 00:00:00+00:00,25.859442,10.633333,0.42722216,Johor
2022-10-12 00:00:00+00:00,25.042084,0.8666666,0.4307222,Johor
2022-10-13 00:00:00+00:00,25.893473,3.7333333,0.43098614,Johor
2022-10-14 00:00:00+00:00,26.25875,6.366667,0.43177775,Johor
2022-10-15 00:00:00+00:00,26.171944,3.7666664,0.43094444,Johor
2022-10-16 00:00:00+00:00,26.282358,3.8999999,0.4275694,Johor
2022-10-17 00:00:00+00:00,26.291388,3.5333335,0.42534718,Johor
2022-10-18 00:00:00+00:00,26.424026,9.333333,0.4238473,Johor
2022-10-19 00:00:00+00:00,26.848333,3.8999996,0.42230567,Johor
2022-10-20 00:00:00+00:00,26.94486,8.1,0.41868058,Johor
2022-10-21 00:00:00+00:00,26.144167,17.1,0.41619444,Johor
2022-10-22 00:00:00+00:00,25.62472,21.5,0.42113888,Johor
2022-10-23 00:00:00+00:00,25.559446,8.266667,0.42444447,Johor
2022-10-24 00:00:00+00:00,25.490692,16.366667,0.4264722,Johor
2022-10-25 00:00:00+00:00,25.283056,20.300001,0.4301528,Johor
2022-10-26 00:00:00+00:00,25.212225,7.7666664,0.43426386,Johor
2022-10-27 00:00:00+00:00,25.849722,5.4,0.4338055,Johor
2022-10-28 00:00:00+00:00,25.781668,14.700001,0.43156937,Johor
2022-10-29 00:00:00+00:00,25.604584,8.2,0.42927775,Johor
2022-10-30 00:00:00+00:00,25.985138,25.066666,0.431,Johor
2022-10-31 00:00:00+00:00,25.962221,1.8333334,0.4353472,Johor
2022-11-01 00:00:00+00:00,26.080973,13.233335,0.43674996,Johor
2022-11-02 00:00:00+00:00,24.973333,10.633333,0.43725002,Johor
2022-11-03 00:00:00+00:00,25.682364,11.766666,0.43709722,Johor
2022-11-04 00:00:00+00:00,25.924723,19.8,0.43834722,Johor
2022-11-05 00:00:00+00:00,25.172636,2.4666667,0.43983328,Johor
2022-11-06 00:00:00+00:00,25.402502,11.700001,0.43948606,Johor
2022-11-07 00:00:00+00:00,25.540695,6.9,0.43758342,Johor
2022-11-08 00:00:00+00:00,24.868471,19.066668,0.4367222,Johor
2022-11-09 00:00:00+00:00,25.008749,14.3,0.43663886,Johor
2022-11-10 00:00:00+00:00,25.006666,12.500001,0.43898603,Johor
2022-11-11 00:00:00+00:00,24.930975,13.133334,0.44311103,Johor
2022-11-12 00:00:00+00:00,25.29,9.666667,0.4480139,Johor
2022-11-13 00:00:00+00:00,25.45736,14.700001,0.45038888,Johor
2022-11-14 00:00:00+00:00,25.584444,18.6,0.44984725,Johor
2022-11-15 00:00:00+00:00,25.87403,1.0666667,0.44681942,Johor
2022-11-16 00:00:00+00:00,25.801111,23.699999,0.44390282,Johor
2022-11-17 00:00:00+00:00,26.041388,0.9666667,0.44329175,Johor
2022-11-18 00:00:00+00:00,25.894861,14.366668,0.4406666,Johor
2022-11-19 00:00:00+00:00,24.942778,3.9999998,0.438875,Johor
2022-11-20 00:00:00+00:00,26.408056,4.3333335,0.4359167,Johor
2022-11-21 00:00:00+00:00,26.89,1.5333333,0.43197218,Johor
2022-11-22 00:00:00+00:00,26.95111,0.36666667,0.42795834,Johor
2022-11-23 00:00:00+00:00,26.223333,0.6333334,0.4246389,Johor
2022-11-24 00:00:00+00:00,26.615692,8.666667,0.42062497,Johor
2022-11-25 00:00:00+00:00,26.078196,2.3333333,0.41762498,Johor
2022-11-26 00:00:00+00:00,26.289305,4.1666665,0.41547227,Johor
2022-11-27 00:00:00+00:00,25.238611,16.8,0.4147639,Johor
2022-11-28 00:00:00+00:00,25.569162,7.2999997,0.41493058,Johor
2022-11-29 00:00:00+00:00,25.642776,15.266667,0.41537508,Johor
2022-11-30 00:00:00+00:00,25.464998,9.033334,0.4135139,Johor
2022-12-01 00:00:00+00:00,25.401808,17.533333,0.41381943,Johor
2022-12-02 00:00:00+00:00,24.86222,14.166669,0.41486117,Johor
2022-12-03 00:00:00+00:00,25.877497,2.6333334,0.42041674,Johor
2022-12-04 00:00:00+00:00,25.620558,9.833334,0.4228333,Johor
2022-12-05 00:00:00+00:00,25.459442,7.933334,0.42647222,Johor
2022-12-06 00:00:00+00:00,25.325417,10.266667,0.43373606,Johor
2022-12-07 00:00:00+00:00,25.446943,6.7000003,0.4378194,Johor
2022-12-08 00:00:00+00:00,25.121248,23.266668,0.44215274,Johor
2022-12-09 00:00:00+00:00,24.755278,14.866668,0.44868064,Johor
2022-12-10 00:00:00+00:00,24.99,22.933334,0.45020834,Johor
2022-12-11 00:00:00+00:00,24.378195,25.5,0.45615277,Johor
2022-12-12 00:00:00+00:00,25.152502,5.433333,0.46165276,Johor
2022-12-13 00:00:00+00:00,24.565002,14.933333,0.46725,Johor
2022-12-14 00:00:00+00:00,24.783747,17.966665,0.47368053,Johor
2022-12-15 00:00:00+00:00,24.713614,4.933333,0.4732639,Johor
2022-12-16 00:00:00+00:00,25.36986,7.6000004,0.4688333,Johor
2022-12-17 00:00:00+00:00,25.26361,5.166667,0.46616673,Johor
2022-12-18 00:00:00+00:00,25.088614,23.6,0.46556947,Johor
2022-12-19 00:00:00+00:00,24.71222,1.5333334,0.46363893,Johor
2022-12-20 00:00:00+00:00,24.961527,6.700001,0.46026385,Johor
2022-12-21 00:00:00+00:00,24.782362,7.700001,0.4555972,Johor
2022-12-22 00:00:00+00:00,24.313608,26.366667,0.45638892,Johor
2022-12-23 00:00:00+00:00,24.779585,9.0,0.45733333,Johor
2022-12-24 00:00:00+00:00,25.374723,0.7666667,0.45456946,Johor
2022-12-25 00:00:00+00:00,25.786524,0.16666667,0.45062503,Johor
2022-12-26 00:00:00+00:00,25.453196,0.16666667,0.44693056,Johor
2022-12-27 00:00:00+00:00,25.760832,0.7,0.44266665,Johor
2022-12-28 00:00:00+00:00,25.10389,1.3333335,0.43858337,Johor
2022-12-29 00:00:00+00:00,24.814302,2.7333333,0.43549994,Johor
2022-12-30 00:00:00+00:00,25.403196,3.1666667,0.43190274,Johor
2022-12-31 00:00:00+00:00,25.819166,0.4666667,0.42808333,Johor
2023-01-01 00:00:00+00:00,25.550415,0.1,0.42400002,Johor
2023-01-02 00:00:00+00:00,25.955276,0.033333335,0.41954163,Johor
2023-01-03 00:00:00+00:00,25.317083,6.8000007,0.41519442,Johor
2023-01-04 00:00:00+00:00,25.130972,2.4333332,0.41147223,Johor
2023-01-05 00:00:00+00:00,25.792778,1.0666667,0.40819442,Johor
2023-01-06 00:00:00+00:00,25.69139,12.166667,0.40427777,Johor
2023-01-07 00:00:00+00:00,25.173334,11.833333,0.40052775,Johor
2023-01-08 00:00:00+00:00,25.267082,2.6000001,0.39655557,Johor
2023-01-09 00:00:00+00:00,25.230278,12.7,0.3932083,Johor
2023-01-10 00:00:00+00:00,25.428886,7.6333337,0.39174998,Johor
2023-01-11 00:00:00+00:00,25.001108,11.233334,0.39016673,Johor
2023-01-12 00:00:00+00:00,25.31153,10.599999,0.38944447,Johor
2023-01-13 00:00:00+00:00,25.339304,3.5666666,0.390875,Johor
2023-01-14 00:00:00+00:00,25.564302,5.9999995,0.3905556,Johor
2023-01-15 00:00:00+00:00,25.205276,8.133333,0.38933337,Johor
2023-01-16 00:00:00+00:00,25.164305,8.633333,0.38893056,Johor
2023-01-17 00:00:00+00:00,25.737915,0.5,0.3873472,Johor
2023-01-18 00:00:00+00:00,25.261526,2.7333333,0.38554168,Johor
2023-01-19 00:00:00+00:00,25.292778,2.7333329,0.38433334,Johor
2023-01-20 00:00:00+00:00,25.0025,5.9666657,0.3836944,Johor
2023-01-21 00:00:00+00:00,24.681665,12.433334,0.38498607,Johor
2023-01-22 00:00:00+00:00,24.812223,5.299999,0.38629165,Johor
2023-01-23 00:00:00+00:00,24.688612,10.700001,0.38836113,Johor
2023-01-24 00:00:00+00:00,23.630278,39.633335,0.40808335,Johor
2023-01-25 00:00:00+00:00,23.360832,31.6,0.44215277,Johor
2023-01-26 00:00:00+00:00,24.62472,2.0333333,0.44309726,Johor
2023-01-27 00:00:00+00:00,25.129583,0.9666667,0.44147226,Johor
2023-01-28 00:00:00+00:00,24.001108,21.566666,0.44191667,Johor
2023-01-29 00:00:00+00:00,23.851807,3.6999996,0.42566672,Johor
2023-01-30 00:00:00+00:00,24.194168,6.3333335,0.42295834,Johor
2023-01-31 00:00:00+00:00,23.900415,8.733335,0.42433324,Johor
2023-02-01 00:00:00+00:00,25.220556,1.2666668,0.4249028,Johor
2023-02-02 00:00:00+00:00,25.367777,8.366666,0.42325,Johor
2023-02-03 00:00:00+00:00,25.242777,9.1,0.42083344,Johor
2023-02-04 00:00:00+00:00,24.912222,5.7999997,0.41888878,Johor
2023-02-05 00:00:00+00:00,24.901804,8.599999,0.4178889,Johor
2023-02-06 00:00:00+00:00,24.654581,1.3666667,0.41765276,Johor
2023-02-07 00:00:00+00:00,25.737915,0.53333336,0.41622213,Johor
2023-02-08 00:00:00+00:00,25.805277,2.8999999,0.41376388,Johor
2023-02-09 00:00:00+00:00,26.167082,1.0,0.4110972,Johor
2023-02-10 00:00:00+00:00,25.774725,8.933333,0.40879163,Johor
2023-02-11 00:00:00+00:00,25.161528,5.3333335,0.4065278,Johor
2023-02-12 00:00:00+00:00,25.095556,13.566666,0.4051944,Johor
2023-02-13 00:00:00+00:00,25.490694,11.0,0.40440285,Johor
2023-02-14 00:00:00+00:00,25.22125,16.633333,0.4031528,Johor
2023-02-15 00:00:00+00:00,25.3025,3.4333334,0.40204167,Johor
2023-02-16 00:00:00+00:00,25.334442,0.13333334,0.3997639,Johor
2023-02-17 00:00:00+00:00,25.430277,2.5666666,0.3979722,Johor
2023-02-18 00:00:00+00:00,26.06708,0.6333334,0.39565286,Johor
2023-02-19 00:00:00+00:00,26.062223,2.8,0.3935417,Johor
2023-02-20 00:00:00+00:00,25.863611,1.4,0.3914722,Johor
2023-02-21 00:00:00+00:00,25.967081,0.9666667,0.38915274,Johor
2023-02-22 00:00:00+00:00,25.983055,0.4666667,0.38725004,Johor
2023-02-23 00:00:00+00:00,26.321249,0.2,0.38472214,Johor
2023-02-24 00:00:00+00:00,26.201109,0.59999996,0.38155553,Johor
2023-02-25 00:00:00+00:00,26.064302,0.3,0.37858334,Johor
2023-02-26 00:00:00+00:00,25.550417,2.5,0.3752639,Johor
2023-02-27 00:00:00+00:00,25.516388,5.5,0.37294444,Johor
2023-02-28 00:00:00+00:00,24.165695,51.5,0.37365273,Johor
2023-03-01 00:00:00+00:00,22.793472,66.23333,0.4240694,Johor
2023-03-02 00:00:00+00:00,24.137222,32.366665,0.44284725,Johor
2023-03-03 00:00:00+00:00,23.70389,19.700003,0.4521806,Johor
2023-03-04 00:00:00+00:00,23.430277,19.466665,0.45868063,Johor
2023-03-05 00:00:00+00:00,24.010832,6.2333336,0.46138886,Johor
2023-03-06 00:00:00+00:00,25.017084,0.5,0.45823607,Johor
2023-03-07 00:00:00+00:00,25.261526,2.9333332,0.4524028,Johor
2023-03-08 00:00:00+00:00,25.394167,3.2666667,0.44618055,Johor
2023-03-09 00:00:00+00:00,25.527496,6.133333,0.44131938,Johor
2023-03-10 00:00:00+00:00,25.439306,6.9,0.4365972,Johor
2023-03-11 00:00:00+00:00,25.34625,11.633334,0.4339167,Johor
2023-03-12 00:00:00+00:00,25.910141,2.3333333,0.43137494,Johor
2023-03-13 00:00:00+00:00,25.4525,0.06666667,0.42704165,Johor
2023-03-14 00:00:00+00:00,25.194166,0.73333335,0.42288888,Johor
2023-03-15 00:00:00+00:00,25.51014,0.16666667,0.41870832,Johor
2023-03-16 00:00:00+00:00,26.18514,0.26666668,0.41437507,Johor
2023-03-17 00:00:00+00:00,26.203196,1.4666667,0.41059723,Johor
2023-03-18 00:00:00+00:00,26.279581,2.1666667,0.4070278,Johor
2023-03-19 00:00:00+00:00,26.57611,2.8000002,0.40240273,Johor
2023-03-20 00:00:00+00:00,26.016388,3.2333333,0.39705554,Johor
2023-03-21 00:00:00+00:00,25.576803,4.8333335,0.3930416,Johor
2023-03-22 00:00:00+00:00,26.77542,2.7,0.39084724,Johor
2023-03-23 00:00:00+00:00,26.379583,6.2333336,0.3888472,Johor
2023-03-24 00:00:00+00:00,26.08861,11.0,0.38651383,Johor
2023-03-25 00:00:00+00:00,25.13861,16.166666,0.3845277,Johor
2023-03-26 00:00:00+00:00,26.830276,2.2,0.38340273,Johor
2023-03-27 00:00:00+00:00,25.882362,3.5333335,0.38287494,Johor
2023-03-28 00:00:00+00:00,26.730972,2.7333333,0.3816111,Johor
2023-03-29 00:00:00+00:00,26.801111,1.3333334,0.3799722,Johor
2023-03-30 00:00:00+00:00,25.985832,3.7,0.377625,Johor
2023-03-31 00:00:00+00:00,26.152496,7.266667,0.3756945,Johor
2023-04-01 00:00:00+00:00,25.998335,10.266667,0.37425002,Johor
2023-04-02 00:00:00+00:00,26.115694,15.033334,0.3742361,Johor
2023-04-03 00:00:00+00:00,25.149027,7.7000003,0.37891665,Johor
2023-04-04 00:00:00+00:00,26.670555,4.433333,0.3776667,Johor
2023-04-05 00:00:00+00:00,25.82472,4.2,0.3772916,Johor
2023-04-06 00:00:00+00:00,26.112915,12.766667,0.37723613,Johor
2023-04-07 00:00:00+00:00,25.061525,18.0,0.37708333,Johor
2023-04-08 00:00:00+00:00,26.358057,2.0666666,0.3760139,Johor
2023-04-09 00:00:00+00:00,26.56153,1.9666667,0.37426385,Johor
2023-04-10 00:00:00+00:00,26.533752,1.9666668,0.37241662,Johor
2023-04-11 00:00:00+00:00,27.389307,0.1,0.37006947,Johor
2023-04-12 00:00:00+00:00,27.426111,3.2,0.36787495,Johor
2023-04-13 00:00:00+00:00,27.45736,3.3999999,0.3655834,Johor
2023-04-14 00:00:00+00:00,27.348335,2.4666665,0.36312506,Johor
2023-04-15 00:00:00+00:00,27.147638,6.5,0.36093047,Johor
2023-04-16 00:00:00+00:00,27.20597,11.733333,0.35876384,Johor
2023-04-17 00:00:00+00:00,27.095556,4.8333335,0.35730556,Johor
2023-04-18 00:00:00+00:00,27.524725,15.900001,0.35544446,Johor
2023-04-19 00:00:00+00:00,26.870554,7.2333336,0.35329172,Johor
2023-04-20 00:00:00+00:00,26.376806,2.8999999,0.35234725,Johor
2023-04-21 00:00:00+00:00,27.062918,5.7333336,0.35119447,Johor
2023-04-22 00:00:00+00:00,27.221945,9.233334,0.3505,Johor
2023-04-23 00:00:00+00:00,27.167084,11.233335,0.34895834,Johor
2023-04-24 00:00:00+00:00,27.36014,6.5,0.34779167,Johor
2023-04-25 00:00:00+00:00,26.495554,4.0333333,0.346375,Johor
2023-04-26 00:00:00+00:00,26.799723,3.8666668,0.345,Johor
2023-04-27 00:00:00+00:00,26.957361,4.633333,0.34376392,Johor
2023-04-28 00:00:00+00:00,26.58861,3.2666667,0.34344447,Johor
2023-04-29 00:00:00+00:00,26.643469,7.9666667,0.34294447,Johor
2023-04-30 00:00:00+00:00,26.759443,9.6,0.34288886,Johor
2023-05-01 00:00:00+00:00,27.23375,5.7666664,0.3434306,Johor
2023-05-02 00:00:00+00:00,27.361528,6.366667,0.34377778,Johor
2023-05-03 00:00:00+00:00,27.154587,11.066667,0.34438893,Johor
2023-05-04 00:00:00+00:00,26.93097,15.366666,0.34477782,Johor
2023-05-05 00:00:00+00:00,26.886528,8.700001,0.34511113,Johor
2023-05-06 00:00:00+00:00,27.074028,20.5,0.34487495,Johor
2023-05-07 00:00:00+00:00,27.319166,0.13333334,0.34477773,Johor
2023-05-08 00:00:00+00:00,27.981667,1.2666668,0.3440139,Johor
2023-05-09 00:00:00+00:00,27.93653,0.0,0.3425,Johor
2023-05-10 00:00:00+00:00,28.3275,1.6,0.34113887,Johor
2023-05-11 00:00:00+00:00,27.587915,6.733332,0.340125,Johor
2023-05-12 00:00:00+00:00,27.785835,2.5333333,0.33902773,Johor
2023-05-13 00:00:00+00:00,28.334444,1.1,0.3373889,Johor
2023-05-14 00:00:00+00:00,27.99764,3.3666668,0.3361528,Johor
2023-05-15 00:00:00+00:00,27.651108,4.5333333,0.33569443,Johor
2023-05-16 00:00:00+00:00,27.52889,7.0333333,0.33491668,Johor
2023-05-17 00:00:00+00:00,26.948334,12.333333,0.3338611,Johor
2023-05-18 00:00:00+00:00,26.969168,6.6666665,0.33284727,Johor
2023-05-19 00:00:00+00:00,26.506666,10.233334,0.33380556,Johor
2023-05-20 00:00:00+00:00,26.99764,7.2666664,0.33559725,Johor
2023-05-21 00:00:00+00:00,26.411528,9.166667,0.33533335,Johor
2023-05-22 00:00:00+00:00,27.301804,7.433333,0.33530554,Johor
2023-05-23 00:00:00+00:00,27.348333,1.4333334,0.33455554,Johor
2023-05-24 00:00:00+00:00,28.092775,1.3000001,0.33302784,Johor
2023-05-25 00:00:00+00:00,27.32611,4.566666,0.33166668,Johor
2023-05-26 00:00:00+00:00,26.853195,4.4666667,0.33091667,Johor
2023-05-27 00:00:00+00:00,27.13236,3.8333333,0.329625,Johor
2023-05-28 00:00:00+00:00,27.517082,3.1333332,0.3295,Johor
2023-05-29 00:00:00+00:00,28.135834,0.13333334,0.32938886,Johor
2023-05-30 00:00:00+00:00,28.102499,5.2999997,0.32836112,Johor
2023-05-31 00:00:00+00:00,28.047638,6.4666667,0.32730553,Johor
2023-06-01 00:00:00+00:00,26.067778,20.333334,0.32966664,Johor
2023-06-02 00:00:00+00:00,28.087915,0.9666667,0.32725,Johor
2023-06-03 00:00:00+00:00,27.574028,11.733334,0.3271389,Johor
2023-06-04 00:00:00+00:00,26.563608,6.9666667,0.32806945,Johor
2023-06-05 00:00:00+00:00,27.526108,3.8666666,0.32912505,Johor
2023-06-06 00:00:00+00:00,27.015,3.3999999,0.32933334,Johor
2023-06-07 00:00:00+00:00,27.016388,1.9333334,0.3293889,Johor
2023-06-08 00:00:00+00:00,27.080276,4.2999997,0.3290417,Johor
2023-06-09 00:00:00+00:00,26.715693,8.033334,0.329625,Johor
2023-06-10 00:00:00+00:00,27.238611,1.1,0.3294722,Johor
2023-06-11 00:00:00+00:00,27.274721,16.566668,0.32990274,Johor
2023-06-12 00:00:00+00:00,26.758749,3.9333332,0.3307083,Johor
2023-06-13 00:00:00+00:00,27.28861,10.966666,0.33150002,Johor
2023-06-14 00:00:00+00:00,26.49903,6.433333,0.33151388,Johor
2023-06-15 00:00:00+00:00,27.059446,3.7666667,0.3312916,Johor
2023-06-16 00:00:00+00:00,27.69486,1.0,0.33027777,Johor
2023-06-17 00:00:00+00:00,27.788607,7.4666667,0.3293611,Johor
2023-06-18 00:00:00+00:00,26.60111,7.6666665,0.32905555,Johor
2023-06-19 00:00:00+00:00,27.59764,0.4333333,0.32916662,Johor
2023-06-20 00:00:00+00:00,27.784445,0.26666668,0.32863888,Johor
2023-06-21 00:00:00+00:00,27.606667,2.3999999,0.327875,Johor
2023-06-22 00:00:00+00:00,27.523333,5.6000004,0.32519448,Johor
2023-06-23 00:00:00+00:00,26.693472,8.599999,0.3230833,Johor
2023-06-24 00:00:00+00:00,26.203196,11.666667,0.3219861,Johor
2023-06-25 00:00:00+00:00,27.034445,5.866667,0.3209444,Johor
2023-06-26 00:00:00+00:00,26.85111,1.1666666,0.3202639,Johor
2023-06-27 00:00:00+00:00,27.27056,3.9333334,0.31731948,Johor
2023-06-28 00:00:00+00:00,26.653196,2.8666666,0.31319448,Johor
2023-06-29 00:00:00+00:00,27.026804,7.466667,0.3122361,Johor
2023-06-30 00:00:00+00:00,26.396942,17.166666,0.3119028,Johor
2023-07-01 00:00:00+00:00,27.135138,0.90000004,0.3122778,Johor
2023-07-02 00:00:00+00:00,27.171944,2.3999999,0.31250003,Johor
2023-07-03 00:00:00+00:00,26.420555,8.533334,0.31262502,Johor
2023-07-04 00:00:00+00:00,26.835138,8.7,0.31266665,Johor
2023-07-05 00:00:00+00:00,26.437918,6.3333335,0.31184724,Johor
2023-07-06 00:00:00+00:00,25.474028,4.9,0.3115556,Johor
2023-07-07 00:00:00+00:00,26.39833,6.0,0.31176388,Johor
2023-07-08 00:00:00+00:00,26.571249,7.733334,0.31305555,Johor
2023-07-09 00:00:00+00:00,25.954582,11.566667,0.3171111,Johor
2023-07-10 00:00:00+00:00,26.04139,16.833334,0.31955555,Johor
2023-07-11 00:00:00+00:00,25.241388,3.8999999,0.32265276,Johor
2023-07-12 00:00:00+00:00,26.270554,7.333334,0.3253333,Johor
2023-07-13 00:00:00+00:00,26.571943,10.733335,0.3258889,Johor
2023-07-14 00:00:00+00:00,25.66014,13.966666,0.32897225,Johor
2023-07-15 00:00:00+00:00,26.748331,1.1,0.32987502,Johor
2023-07-16 00:00:00+00:00,27.337221,0.30000004,0.33027777,Johor
2023-07-17 00:00:00+00:00,26.599718,1.5666667,0.3300556,Johor
2023-07-18 00:00:00+00:00,25.808748,9.8,0.32950002,Johor
2023-07-19 00:00:00+00:00,25.689306,7.2000003,0.32925,Johor
2023-07-20 00:00:00+00:00,24.996943,29.633331,0.3324305,Johor
2023-07-21 00:00:00+00:00,26.417778,4.0333333,0.33084723,Johor
2023-07-22 00:00:00+00:00,26.82264,3.1333332,0.33080557,Johor
2023-07-23 00:00:00+00:00,26.626806,8.566667,0.33047226,Johor
2023-07-24 00:00:00+00:00,27.672638,0.06666667,0.32954168,Johor
2023-07-25 00:00:00+00:00,27.878195,0.36666667,0.3280833,Johor
2023-07-26 00:00:00+00:00,27.542778,4.6333337,0.32691666,Johor
2023-07-27 00:00:00+00:00,27.49486,2.3333333,0.32566667,Johor
2023-07-28 00:00:00+00:00,27.824028,1.0,0.32429168,Johor
2023-07-29 00:00:00+00:00,27.170557,2.1666667,0.32298607,Johor
2023-07-30 00:00:00+00:00,28.009443,0.7,0.3222361,Johor
2023-07-31 00:00:00+00:00,27.592081,2.0333335,0.32140276,Johor
2023-08-01 00:00:00+00:00,27.287222,7.5333333,0.32065278,Johor
2023-08-02 00:00:00+00:00,27.828194,4.6,0.3195694,Johor
2023-08-03 00:00:00+00:00,25.985138,3.6666667,0.32031947,Johor
2023-08-04 00:00:00+00:00,26.53583,15.300002,0.32031944,Johor
2023-08-05 00:00:00+00:00,26.54764,8.8,0.3192222,Johor
2023-08-06 00:00:00+00:00,27.33792,0.33333334,0.3180139,Johor
2023-08-07 00:00:00+00:00,27.518473,2.6666667,0.31654167,Johor
2023-08-08 00:00:00+00:00,26.358055,9.599999,0.31536108,Johor
2023-08-09 00:00:00+00:00,26.69,14.133334,0.3130694,Johor
2023-08-10 00:00:00+00:00,26.45736,8.033334,0.30963886,Johor
2023-08-11 00:00:00+00:00,26.91361,6.566666,0.3084444,Johor
2023-08-12 00:00:00+00:00,26.212915,12.033334,0.3078889,Johor
2023-08-13 00:00:00+00:00,26.387918,13.100001,0.3068889,Johor
2023-08-14 00:00:00+00:00,25.51014,14.433334,0.30713892,Johor
2023-08-15 00:00:00+00:00,25.972641,18.733335,0.30880558,Johor
2023-08-16 00:00:00+00:00,25.900415,16.366667,0.31086105,Johor
2023-08-17 00:00:00+00:00,25.550417,15.5666685,0.3154167,Johor
2023-08-18 00:00:00+00:00,25.88514,8.266666,0.3217778,Johor
2023-08-19 00:00:00+00:00,25.892084,9.633332,0.32708332,Johor
2023-08-20 00:00:00+00:00,26.167778,11.5,0.33181944,Johor
2023-08-21 00:00:00+00:00,24.903193,17.233334,0.3375417,Johor
2023-08-22 00:00:00+00:00,26.329582,2.033333,0.33705556,Johor
2023-08-23 00:00:00+00:00,26.678192,1.7333335,0.3374722,Johor
2023-08-24 00:00:00+00:00,26.884445,5.3,0.33687496,Johor
2023-08-25 00:00:00+00:00,26.265001,15.366668,0.33737493,Johor
2023-08-26 00:00:00+00:00,25.809443,13.2,0.33854166,Johor
2023-08-27 00:00:00+00:00,26.782362,4.7333336,0.33886114,Johor
2023-08-28 00:00:00+00:00,26.313612,9.166667,0.33979166,Johor
2023-08-29 00:00:00+00:00,26.021944,11.266666,0.34173608,Johor
2023-08-30 00:00:00+00:00,26.89903,4.733333,0.3423889,Johor
2023-08-31 00:00:00+00:00,26.531668,3.6000001,0.34263894,Johor
2023-09-01 00:00:00+00:00,26.835138,1.3000001,0.3429306,Johor
2023-09-02 00:00:00+00:00,27.39625,0.26666668,0.34230557,Johor
2023-09-03 00:00:00+00:00,27.667776,0.9333334,0.3413473,Johor
2023-09-04 00:00:00+00:00,26.686525,13.066667,0.34050003,Johor
2023-09-05 00:00:00+00:00,25.935831,14.666669,0.34005558,Johor
2023-09-06 00:00:00+00:00,25.024027,22.433334,0.34469447,Johor
2023-09-07 00:00:00+00:00,26.506668,2.8,0.3505139,Johor
2023-09-08 00:00:00+00:00,25.65597,28.900002,0.35363886,Johor
2023-09-09 00:00:00+00:00,25.785833,9.500001,0.35384724,Johor
2023-09-10 00:00:00+00:00,25.986526,7.1666675,0.356625,Johor
2023-09-11 00:00:00+00:00,26.574026,5.1,0.35990277,Johor
2023-09-12 00:00:00+00:00,27.184443,1.4333334,0.36191675,Johor
2023-09-13 00:00:00+00:00,27.103888,0.6666667,0.36193058,Johor
2023-09-14 00:00:00+00:00,27.364304,0.53333336,0.36059728,Johor
2023-09-15 00:00:00+00:00,27.206665,2.2666667,0.3592917,Johor
2023-09-16 00:00:00+00:00,27.25528,9.233335,0.3578056,Johor
2023-09-17 00:00:00+00:00,26.518473,5.0333333,0.35509726,Johor
2023-09-18 00:00:00+00:00,26.326807,4.4666667,0.3545277,Johor
2023-09-19 00:00:00+00:00,25.905973,19.833334,0.35566667,Johor
2023-09-20 00:00:00+00:00,25.35736,18.300001,0.35791662,Johor
2023-09-21 00:00:00+00:00,25.886526,19.633335,0.3598194,Johor
2023-09-22 00:00:00+00:00,25.62472,13.8,0.36169446,Johor
2023-09-23 00:00:00+00:00,25.71778,17.0,0.36493054,Johor
2023-09-24 00:00:00+00:00,25.883057,4.0,0.36531946,Johor
2023-09-25 00:00:00+00:00,26.849722,2.2333333,0.36556938,Johor
2023-09-26 00:00:00+00:00,27.069166,1.2666667,0.36512494,Johor
2023-09-27 00:00:00+00:00,27.446943,0.26666668,0.36384723,Johor
2023-09-28 00:00:00+00:00,27.560831,2.4,0.3624861,Johor
2023-09-29 00:00:00+00:00,27.600418,6.1666665,0.36086106,Johor
2023-09-30 00:00:00+00:00,26.735138,3.2,0.359625,Johor
2023-10-01 00:00:00+00:00,27.026804,9.433333,0.35756946,Johor
2023-10-02 00:00:00+00:00,27.290003,4.5,0.3545972,Johor
2023-10-03 00:00:00+00:00,26.223333,20.3,0.3525556,Johor
2023-10-04 00:00:00+00:00,27.75528,0.23333333,0.3510416,Johor
2023-10-05 00:00:00+00:00,27.849028,2.8999999,0.34874997,Johor
2023-10-06 00:00:00+00:00,27.437918,7.7666664,0.346625,Johor
2023-10-07 00:00:00+00:00,27.74486,1.0333333,0.34351385,Johor
2023-10-08 00:00:00+00:00,28.128195,3.0666666,0.34068057,Johor
2023-10-09 00:00:00+00:00,27.562918,5.566667,0.33686116,Johor
2023-10-10 00:00:00+00:00,26.810835,18.999998,0.33427778,Johor
2023-10-11 00:00:00+00:00,27.062918,9.5,0.33193058,Johor
2023-10-12 00:00:00+00:00,28.251112,0.8999999,0.32870835,Johor
2023-10-13 00:00:00+00:00,28.476112,0.7666667,0.32637498,Johor
2023-10-14 00:00:00+00:00,28.645554,0.9666667,0.3243472,Johor
2023-10-15 00:00:00+00:00,27.840002,9.3,0.32170832,Johor
2023-10-16 00:00:00+00:00,27.828192,0.43333337,0.31856945,Johor
2023-10-17 00:00:00+00:00,28.871943,3.0,0.31705552,Johor
2023-10-18 00:00:00+00:00,26.939997,7.866667,0.31644437,Johor
2023-10-19 00:00:00+00:00,26.868471,16.066668,0.31565276,Johor
2023-10-20 00:00:00+00:00,25.699722,19.800003,0.3141944,Johor
2023-10-21 00:00:00+00:00,26.10528,19.033333,0.3137222,Johor
2023-10-22 00:00:00+00:00,26.22264,10.099999,0.315375,Johor
2023-10-23 00:00:00+00:00,26.001806,4.3333335,0.31856942,Johor
2023-10-24 00:00:00+00:00,25.914999,18.033333,0.32094443,Johor
2023-10-25 00:00:00+00:00,25.953888,12.333333,0.32520828,Johor
2023-10-26 00:00:00+00:00,26.310831,3.3,0.32759723,Johor
2023-10-27 00:00:00+00:00,26.65111,11.400002,0.32856944,Johor
2023-10-28 00:00:00+00:00,25.721941,7.7666664,0.33041662,Johor
2023-10-29 00:00:00+00:00,25.734444,9.633334,0.33436108,Johor
2023-10-30 00:00:00+00:00,26.071945,10.533334,0.33712506,Johor
2023-10-31 00:00:00+00:00,26.056665,8.833333,0.33906946,Johor
2023-11-01 00:00:00+00:00,25.788612,16.5,0.34161115,Johor
2023-11-02 00:00:00+00:00,26.314997,13.366666,0.3471667,Johor
2023-11-03 00:00:00+00:00,26.38236,12.966667,0.35225,Johor
2023-11-04 00:00:00+00:00,26.721941,7.433333,0.35477778,Johor
2023-11-05 00:00:00+00:00,26.117083,18.96667,0.35805556,Johor
2023-11-06 00:00:00+00:00,26.364304,12.033334,0.3605,Johor
2023-11-07 00:00:00+00:00,25.898333,22.966667,0.36426386,Johor
2023-11-08 00:00:00+00:00,26.467081,3.0333335,0.36731943,Johor
2023-11-09 00:00:00+00:00,26.305277,9.833333,0.37095833,Johor
2023-11-10 00:00:00+00:00,26.3775,5.233334,0.37573615,Johor
2023-11-11 00:00:00+00:00,26.856668,7.2999997,0.37637505,Johor
2023-11-12 00:00:00+00:00,26.60736,5.4,0.37581953,Johor
2023-11-13 00:00:00+00:00,26.633749,11.233334,0.37536108,Johor
2023-11-14 00:00:00+00:00,25.594168,20.933334,0.3769305,Johor
2023-11-15 00:00:00+00:00,26.437914,7.2000003,0.37768054,Johor
2023-11-16 00:00:00+00:00,26.41569,14.233334,0.38100004,Johor
2023-11-17 00:00:00+00:00,26.194168,11.466667,0.38416663,Johor
2023-11-18 00:00:00+00:00,26.27333,7.133333,0.38508335,Johor
2023-11-19 00:00:00+00:00,25.63375,6.566666,0.38487497,Johor
2023-11-20 00:00:00+00:00,26.126806,9.166667,0.3901528,Johor
2023-11-21 00:00:00+00:00,25.61986,23.666666,0.3937916,Johor
2023-11-22 00:00:00+00:00,25.777498,23.433334,0.40233335,Johor
2023-11-23 00:00:00+00:00,25.524721,33.2,0.41595832,Johor
2023-11-24 00:00:00+00:00,25.924026,1.2,0.43044436,Johor
2023-11-25 00:00:00+00:00,25.508749,11.433333,0.4316111,Johor
2023-11-26 00:00:00+00:00,25.708748,19.900002,0.43748608,Johor
2023-11-27 00:00:00+00:00,25.537918,1.2,0.43962494,Johor
2023-11-28 00:00:00+00:00,25.755278,5.7333336,0.43858337,Johor
2023-11-29 00:00:00+00:00,25.906664,14.133334,0.43933344,Johor
2023-11-30 00:00:00+00:00,25.997637,15.966668,0.43751392,Johor
2023-12-01 00:00:00+00:00,24.896944,8.666667,0.44031954,Johor
2023-12-02 00:00:00+00:00,25.987915,7.4666667,0.44254175,Johor
2023-12-03 00:00:00+00:00,25.876806,11.933334,0.44312498,Johor
2023-12-04 00:00:00+00:00,26.365,6.5333333,0.44433334,Johor
2023-12-05 00:00:00+00:00,26.0775,11.866668,0.44386113,Johor
2023-12-06 00:00:00+00:00,25.410833,10.166666,0.44323608,Johor
2023-12-07 00:00:00+00:00,25.334444,14.133334,0.4449583,Johor
2023-12-08 00:00:00+00:00,26.63236,1.8333334,0.44363883,Johor
2023-12-09 00:00:00+00:00,25.826803,7.7000003,0.4416251,Johor
2023-12-10 00:00:00+00:00,26.496943,1.0333333,0.4383889,Johor
2023-12-11 00:00:00+00:00,25.814997,12.233334,0.43591666,Johor
2023-12-12 00:00:00+00:00,25.067083,20.833334,0.43798614,Johor
2023-12-13 00:00:00+00:00,25.787916,9.566667,0.44138888,Johor
2023-12-14 00:00:00+00:00,25.539999,15.5,0.44304165,Johor
2023-12-15 00:00:00+00:00,25.922638,15.233334,0.44173613,Johor
2023-12-16 00:00:00+00:00,26.167084,3.8666668,0.4395833,Johor
2023-12-17 00:00:00+00:00,25.95111,7.966667,0.43891665,Johor
2023-12-18 00:00:00+00:00,25.849722,9.933334,0.4384166,Johor
2023-12-19 00:00:00+00:00,25.931665,7.0000005,0.43688884,Johor
2023-12-20 00:00:00+00:00,26.151808,5.333333,0.43604168,Johor
2023-12-21 00:00:00+00:00,25.861526,19.3,0.43748614,Johor
2023-12-22 00:00:00+00:00,26.395554,2.0666666,0.43577775,Johor
2023-12-23 00:00:00+00:00,25.723333,16.033335,0.4370972,Johor
2023-12-24 00:00:00+00:00,25.426804,15.866666,0.44862506,Johor
2023-12-25 00:00:00+00:00,25.610138,4.8333335,0.4470277,Johor
2023-12-26 00:00:00+00:00,24.887917,16.133333,0.4472361,Johor
2023-12-27 00:00:00+00:00,25.442774,11.033333,0.44987503,Johor
2023-12-28 00:00:00+00:00,26.001112,10.2,0.44438887,Johor
2023-12-29 00:00:00+00:00,25.899027,14.833335,0.44138876,Johor
2023-12-30 00:00:00+00:00,25.79486,11.133334,0.43747225,Johor
2023-12-31 00:00:00+00:00,25.757362,4.0666666,0.43777767,Johor
2024-01-01 00:00:00+00:00,26.002497,7.7666664,0.4390277,Johor
2024-01-02 00:00:00+00:00,26.02889,9.400002,0.44069442,Johor
2024-01-03 00:00:00+00:00,26.05111,7.7999997,0.43924996,Johor
2024-01-04 00:00:00+00:00,25.214304,6.566666,0.44174996,Johor
2024-01-05 00:00:00+00:00,25.484446,7.6666675,0.44194436,Johor
2024-01-06 00:00:00+00:00,25.094164,20.766668,0.4423889,Johor
2024-01-07 00:00:00+00:00,24.235138,15.066667,0.44712505,Johor
2024-01-08 00:00:00+00:00,25.740694,9.533334,0.4485972,Johor
2024-01-09 00:00:00+00:00,25.090696,21.866669,0.44974995,Johor
2024-01-10 00:00:00+00:00,25.315,8.633334,0.45562497,Johor
2024-01-11 00:00:00+00:00,26.000418,4.9333334,0.45000002,Johor
2024-01-12 00:00:00+00:00,25.130972,8.666669,0.4491667,Johor
2024-01-13 00:00:00+00:00,25.979584,3.8666666,0.44758335,Johor
2024-01-14 00:00:00+00:00,26.043472,1.6,0.4427916,Johor
2024-01-15 00:00:00+00:00,25.454582,21.566671,0.43890277,Johor
2024-01-16 00:00:00+00:00,25.207361,15.633334,0.43577778,Johor
2024-01-17 00:00:00+00:00,25.279581,8.500001,0.43338892,Johor
2024-01-18 00:00:00+00:00,25.685831,5.8000007,0.43162498,Johor
2024-01-19 00:00:00+00:00,25.420555,10.700001,0.4346111,Johor
2024-01-20 00:00:00+00:00,24.123331,19.366667,0.44770828,Johor
2024-01-21 00:00:00+00:00,25.439302,4.233333,0.45297217,Johor
2024-01-22 00:00:00+00:00,25.606667,9.799999,0.45133328,Johor
2024-01-23 00:00:00+00:00,25.649721,8.066667,0.44809723,Johor
2024-01-24 00:00:00+00:00,25.095556,25.333334,0.4450694,Johor
2024-01-25 00:00:00+00:00,24.970556,17.400002,0.44208336,Johor
2024-01-26 00:00:00+00:00,25.753191,9.200001,0.44069442,Johor
2024-01-27 00:00:00+00:00,26.044863,3.6333332,0.4369583,Johor
2024-01-28 00:00:00+00:00,25.678888,3.7333333,0.43384722,Johor
2024-01-29 00:00:00+00:00,25.821943,1.9666667,0.4305,Johor
2024-01-30 00:00:00+00:00,26.008057,2.1000001,0.4270556,Johor
2024-01-31 00:00:00+00:00,26.337221,2.5333333,0.42362508,Johor
2024-02-01 00:00:00+00:00,26.158056,5.066666,0.41954163,Johor
2024-02-02 00:00:00+00:00,26.445555,4.3333335,0.41622224,Johor
2024-02-03 00:00:00+00:00,26.281668,3.8000002,0.41283333,Johor
2024-02-04 00:00:00+00:00,26.801805,0.3666667,0.40951386,Johor
2024-02-05 00:00:00+00:00,26.678192,0.8333333,0.40581945,Johor
2024-02-06 00:00:00+00:00,27.096945,1.9333334,0.40101388,Johor
2024-02-07 00:00:00+00:00,26.644165,5.133333,0.3962222,Johor
2024-02-08 00:00:00+00:00,27.101805,1.6666666,0.3916805,Johor
2024-02-09 00:00:00+00:00,26.576109,2.9333334,0.38765287,Johor
2024-02-10 00:00:00+00:00,26.204584,2.9333334,0.38377777,Johor
2024-02-11 00:00:00+00:00,26.59139,3.0,0.3810139,Johor
2024-02-12 00:00:00+00:00,26.155973,5.266667,0.3784722,Johor
2024-02-13 00:00:00+00:00,26.530273,5.6333327,0.37640283,Johor
2024-02-14 00:00:00+00:00,26.936525,2.9333332,0.3737222,Johor
2024-02-15 00:00:00+00:00,26.709444,6.066667,0.3716806,Johor
2024-02-16 00:00:00+00:00,26.46639,2.6333334,0.36904165,Johor
2024-02-17 00:00:00+00:00,26.687914,1.2666668,0.36512497,Johor
2024-02-18 00:00:00+00:00,27.215002,2.8999999,0.3626111,Johor
2024-02-19 00:00:00+00:00,27.023333,7.2999997,0.35841665,Johor
2024-02-20 00:00:00+00:00,27.264305,1.4666667,0.3535556,Johor
2024-02-21 00:00:00+00:00,26.759443,3.6666663,0.34672225,Johor
2024-02-22 00:00:00+00:00,27.194168,2.8333333,0.33979166,Johor
2024-02-23 00:00:00+00:00,27.218473,4.5,0.33498612,Johor
2024-02-24 00:00:00+00:00,27.530275,0.6000001,0.33129168,Johor
2024-02-25 00:00:00+00:00,27.679583,2.9666665,0.3282361,Johor
2024-02-26 00:00:00+00:00,27.890694,0.96666676,0.32544443,Johor
2024-02-27 00:00:00+00:00,27.181665,0.53333336,0.3234723,Johor
2024-02-28 00:00:00+00:00,28.076807,0.0,0.32154164,Johor
2024-02-29 00:00:00+00:00,28.551805,0.16666667,0.3201389,Johor
2024-03-01 00:00:00+00:00,27.230972,6.1999993,0.3181528,Johor
2024-03-02 00:00:00+00:00,26.68722,12.133334,0.31612504,Johor
2024-03-03 00:00:00+00:00,26.01986,19.16667,0.31551388,Johor
2024-03-04 00:00:00+00:00,26.841387,4.9,0.31475,Johor
2024-03-05 00:00:00+00:00,25.964998,13.900001,0.31359717,Johor
2024-03-06 00:00:00+00:00,26.69625,13.100001,0.31447223,Johor
2024-03-07 00:00:00+00:00,27.096945,14.900001,0.31519446,Johor
2024-03-08 00:00:00+00:00,26.152498,11.466667,0.3164861,Johor
2024-03-09 00:00:00+00:00,27.483055,0.33333337,0.317625,Johor
2024-03-10 00:00:00+00:00,26.757362,6.6,0.3182222,Johor
2024-03-11 00:00:00+00:00,27.559446,0.2,0.31777775,Johor
2024-03-12 00:00:00+00:00,27.662918,0.46666667,0.31633332,Johor
2024-03-13 00:00:00+00:00,27.785135,0.3,0.3148333,Johor
2024-03-14 00:00:00+00:00,28.055971,0.16666667,0.31343055,Johor
2024-03-15 00:00:00+00:00,27.887917,0.6666667,0.31258336,Johor
2024-03-16 00:00:00+00:00,28.3275,0.7666667,0.31170833,Johor
2024-03-17 00:00:00+00:00,28.501806,1.1666666,0.31051388,Johor
2024-03-18 00:00:00+00:00,28.461527,1.1666666,0.30920836,Johor
2024-03-19 00:00:00+00:00,28.82611,0.90000004,0.3075972,Johor
2024-03-20 00:00:00+00:00,27.467085,7.566667,0.3067778,Johor
2024-03-21 00:00:00+00:00,27.507362,3.0666666,0.30599996,Johor
2024-03-22 00:00:00+00:00,28.28097,0.6,0.30504167,Johor
2024-03-23 00:00:00+00:00,28.392778,1.4333334,0.30376387,Johor
2024-03-24 00:00:00+00:00,29.119165,0.43333337,0.30215278,Johor
2024-03-25 00:00:00+00:00,29.026804,2.3333333,0.30037495,Johor
2024-03-26 00:00:00+00:00,28.890696,1.4333334,0.2984722,Johor
2024-03-27 00:00:00+00:00,29.199028,3.2333336,0.29669443,Johor
2024-03-28 00:00:00+00:00,28.759445,2.8999999,0.29580554,Johor
2024-03-29 00:00:00+00:00,29.505972,1.1,0.2960417,Johor
2024-03-30 00:00:00+00:00,28.01986,15.233334,0.29509726,Johor
2024-03-31 00:00:00+00:00,28.49486,5.4,0.29368055,Johor
2024-04-01 00:00:00+00:00,27.553192,19.233335,0.29244444,Johor
2024-04-02 00:00:00+00:00,28.089308,5.3999996,0.28980556,Johor
2024-04-03 00:00:00+00:00,27.640696,6.8999996,0.28825003,Johor
2024-04-04 00:00:00+00:00,28.056665,4.3999996,0.2884444,Johor
2024-04-05 00:00:00+00:00,28.322638,1.4000001,0.28802776,Johor
2024-04-06 00:00:00+00:00,28.960836,0.53333336,0.28751382,Johor
2024-04-07 00:00:00+00:00,29.294863,3.5333335,0.28640273,Johor
2024-04-08 00:00:00+00:00,28.173334,8.333333,0.28555554,Johor
2024-04-09 00:00:00+00:00,27.969862,12.3,0.28459716,Johor
2024-04-10 00:00:00+00:00,26.71847,10.000001,0.28405556,Johor
2024-04-11 00:00:00+00:00,27.83375,1.9,0.28355554,Johor
2024-04-12 00:00:00+00:00,26.144167,7.4,0.2840555,Johor
2024-04-13 00:00:00+00:00,27.408052,10.0,0.2843611,Johor
2024-04-14 00:00:00+00:00,26.412224,20.700003,0.28401387,Johor
2024-04-15 00:00:00+00:00,27.380974,6.566666,0.28400004,Johor
2024-04-16 00:00:00+00:00,26.792084,15.100001,0.28419447,Johor
2024-04-17 00:00:00+00:00,26.649027,15.033333,0.28570834,Johor
2024-04-18 00:00:00+00:00,26.535135,15.399999,0.2883333,Johor
2024-04-19 00:00:00+00:00,26.778193,19.4,0.28902775,Johor
2024-04-20 00:00:00+00:00,26.256668,9.866668,0.293375,Johor
2024-04-21 00:00:00+00:00,26.825415,18.533333,0.2979028,Johor
2024-04-22 00:00:00+00:00,27.051107,9.0,0.29901388,Johor
2024-04-23 00:00:00+00:00,27.48375,9.533334,0.29948607,Johor
2024-04-24 00:00:00+00:00,27.901804,5.933333,0.30063888,Johor
2024-04-25 00:00:00+00:00,27.19278,25.766665,0.30352774,Johor
2024-04-26 00:00:00+00:00,27.44486,7.3333335,0.30651382,Johor
2024-04-27 00:00:00+00:00,27.396944,7.066667,0.3074583,Johor
2024-04-28 00:00:00+00:00,27.746252,3.8333333,0.30779162,Johor
2024-04-29 00:00:00+00:00,28.690695,0.4333333,0.30841663,Johor
2024-04-30 00:00:00+00:00,27.753195,10.000001,0.30773613,Johor
2024-05-01 00:00:00+00:00,27.38236,12.233333,0.3080834,Johor
2024-05-02 00:00:00+00:00,27.55458,10.666666,0.3093334,Johor
2024-05-03 00:00:00+00:00,26.977499,30.766668,0.3127361,Johor
2024-05-04 00:00:00+00:00,25.35875,43.933334,0.33173612,Johor
2024-05-05 00:00:00+00:00,27.939997,1.0333333,0.32797217,Johor
2024-05-06 00:00:00+00:00,27.937918,3.5333335,0.3290694,Johor
2024-05-07 00:00:00+00:00,26.73861,8.599999,0.33033332,Johor
2024-05-08 00:00:00+00:00,26.596945,8.366666,0.3319305,Johor
2024-05-09 00:00:00+00:00,28.1775,1.1666667,0.33295834,Johor
2024-05-10 00:00:00+00:00,27.636528,4.766667,0.33297223,Johor
2024-05-11 00:00:00+00:00,27.99556,4.7999997,0.33275,Johor
2024-05-12 00:00:00+00:00,27.033747,16.766668,0.3334444,Johor
2024-05-13 00:00:00+00:00,27.380972,19.133333,0.3353889,Johor
2024-05-14 00:00:00+00:00,27.398333,9.933333,0.33561108,Johor
2024-05-15 00:00:00+00:00,27.442778,5.8333335,0.33520833,Johor
2024-05-16 00:00:00+00:00,26.469858,15.866668,0.33691666,Johor
2024-05-17 00:00:00+00:00,27.79486,0.46666667,0.33972225,Johor
2024-05-18 00:00:00+00:00,27.057364,16.83333,0.34256947,Johor
2024-05-19 00:00:00+00:00,27.13028,19.066668,0.3485278,Johor
2024-05-20 00:00:00+00:00,26.98722,5.2999997,0.35493055,Johor
2024-05-21 00:00:00+00:00,27.101807,12.333333,0.36027774,Johor
2024-05-22 00:00:00+00:00,26.787918,29.433332,0.3681666,Johor
2024-05-23 00:00:00+00:00,26.935831,26.666666,0.37365282,Johor
2024-05-24 00:00:00+00:00,27.01847,4.5,0.37858334,Johor
2024-05-25 00:00:00+00:00,26.808054,17.6,0.37993053,Johor
2024-05-26 00:00:00+00:00,27.312223,7.633333,0.38345838,Johor
2024-05-27 00:00:00+00:00,27.989305,7.2666664,0.38526383,Johor
2024-05-28 00:00:00+00:00,27.011528,20.866667,0.3889722,Johor
2024-05-29 00:00:00+00:00,27.49972,19.366667,0.39330554,Johor
2024-05-30 00:00:00+00:00,27.454584,2.3,0.3983333,Johor
2024-05-31 00:00:00+00:00,26.901804,17.7,0.40309718,Johor
2024-06-01 00:00:00+00:00,25.95597,11.866666,0.4083333,Johor
2024-06-02 00:00:00+00:00,26.41083,8.666667,0.4091666,Johor
2024-06-03 00:00:00+00:00,26.278887,9.433333,0.41556942,Johor
2024-06-04 00:00:00+00:00,26.735834,14.833335,0.41938886,Johor
2024-06-05 00:00:00+00:00,27.793474,9.166667,0.4196111,Johor
2024-06-06 00:00:00+00:00,26.618471,18.166666,0.42159715,Johor
2024-06-07 00:00:00+00:00,27.422638,12.0666685,0.42202774,Johor
2024-06-08 00:00:00+00:00,26.336525,13.833333,0.42688882,Johor
2024-06-09 00:00:00+00:00,27.172638,4.2999997,0.4294722,Johor
2024-06-10 00:00:00+00:00,27.379583,5.933334,0.4280001,Johor
2024-06-11 00:00:00+00:00,27.713614,1.5333333,0.42519447,Johor
2024-06-12 00:00:00+00:00,27.135138,9.166667,0.42215285,Johor
2024-06-13 00:00:00+00:00,27.378891,9.9,0.42073607,Johor
2024-06-14 00:00:00+00:00,26.640694,11.0,0.41816673,Johor
2024-06-15 00:00:00+00:00,26.98097,6.2999997,0.41686106,Johor
2024-06-16 00:00:00+00:00,26.871946,1.9,0.4154445,Johor
2024-06-17 00:00:00+00:00,26.406664,4.6666665,0.41420832,Johor
2024-06-18 00:00:00+00:00,26.931665,7.766668,0.41315278,Johor
2024-06-19 00:00:00+00:00,26.904585,4.133333,0.41216668,Johor
2024-06-20 00:00:00+00:00,27.079584,5.7999997,0.41175,Johor
2024-06-21 00:00:00+00:00,25.56153,10.099999,0.41130558,Johor
2024-06-22 00:00:00+00:00,24.670555,3.9666665,0.41179165,Johor
2024-06-23 00:00:00+00:00,27.030975,2.0666666,0.4120555,Johor
2024-06-24 00:00:00+00:00,27.424028,1.4,0.41177776,Johor
2024-06-25 00:00:00+00:00,27.858055,0.53333336,0.4100695,Johor
2024-06-26 00:00:00+00:00,26.99,5.3666673,0.4075278,Johor
2024-06-27 00:00:00+00:00,26.79,7.2333336,0.40640283,Johor
2024-06-28 00:00:00+00:00,26.953888,9.333333,0.40658334,Johor
2024-06-29 00:00:00+00:00,26.779581,4.2333336,0.40508333,Johor
2024-06-30 00:00:00+00:00,25.073334,14.900001,0.40559724,Johor
2024-07-01 00:00:00+00:00,26.364304,0.36666667,0.4050139,Johor
2024-07-02 00:00:00+00:00,26.932364,2.3666666,0.40508342,Johor
2024-07-03 00:00:00+00:00,27.493471,5.1000004,0.40425,Johor
2024-07-04 00:00:00+00:00,27.385834,0.23333333,0.40320835,Johor
2024-07-05 00:00:00+00:00,26.753195,7.7666664,0.40184712,Johor
2024-07-06 00:00:00+00:00,26.637915,16.466667,0.4013333,Johor
2024-07-07 00:00:00+00:00,26.055277,9.266667,0.40136108,Johor
2024-07-08 00:00:00+00:00,25.640001,12.166668,0.40740275,Johor
2024-07-09 00:00:00+00:00,26.096945,3.7000005,0.41248608,Johor
2024-07-10 00:00:00+00:00,26.073332,6.8333335,0.41533336,Johor
2024-07-11 00:00:00+00:00,27.172638,1.9000001,0.41772223,Johor
2024-07-12 00:00:00+00:00,25.765,12.233335,0.41758332,Johor
2024-07-13 00:00:00+00:00,26.86986,3.0999997,0.4169861,Johor
2024-07-14 00:00:00+00:00,25.958054,4.2999997,0.4155971,Johor
2024-07-15 00:00:00+00:00,27.001806,0.7333334,0.41440272,Johor
2024-07-16 00:00:00+00:00,27.076113,0.43333337,0.413125,Johor
2024-07-17 00:00:00+00:00,27.444862,0.6,0.41102776,Johor
2024-07-18 00:00:00+00:00,27.728888,0.30000004,0.40862492,Johor
2024-07-19 00:00:00+00:00,27.591387,0.6666667,0.40658328,Johor
2024-07-20 00:00:00+00:00,27.919168,0.6000001,0.40466666,Johor
2024-07-21 00:00:00+00:00,27.671944,2.0,0.40194443,Johor
2024-07-22 00:00:00+00:00,27.577501,2.7666664,0.3999305,Johor
2024-07-23 00:00:00+00:00,28.019861,1.0333334,0.39794445,Johor
2024-07-24 00:00:00+00:00,27.996943,0.53333336,0.39519444,Johor
2024-07-25 00:00:00+00:00,27.848335,0.4333333,0.39316663,Johor
2024-07-26 00:00:00+00:00,27.98722,0.59999996,0.39113888,Johor
2024-07-27 00:00:00+00:00,28.154581,0.13333334,0.38891664,Johor
2024-07-28 00:00:00+00:00,28.146944,0.43333337,0.38694438,Johor
2024-07-29 00:00:00+00:00,26.93236,5.5333343,0.385,Johor
2024-07-30 00:00:00+00:00,27.47264,4.366667,0.38304165,Johor
2024-07-31 00:00:00+00:00,25.543472,11.099999,0.3815694,Johor
2024-08-01 00:00:00+00:00,27.416388,0.8333333,0.37986103,Johor
2024-08-02 00:00:00+00:00,27.012222,3.9000003,0.37779167,Johor
2024-08-03 00:00:00+00:00,26.446945,19.733335,0.37544444,Johor
2024-08-04 00:00:00+00:00,26.03028,8.400001,0.3744166,Johor
2024-08-05 00:00:00+00:00,25.967081,12.133334,0.37566665,Johor
2024-08-06 00:00:00+00:00,26.719168,0.9666667,0.37549996,Johor
2024-08-07 00:00:00+00:00,26.180277,17.733335,0.3749999,Johor
2024-08-08 00:00:00+00:00,27.501112,1.8666667,0.37481943,Johor
2024-08-09 00:00:00+00:00,25.94555,5.566667,0.37391666,Johor
2024-08-10 00:00:00+00:00,26.512915,11.266666,0.37515274,Johor
2024-08-11 00:00:00+00:00,25.856667,11.099999,0.37947223,Johor
2024-08-12 00:00:00+00:00,26.621943,6.2333336,0.38291666,Johor
2024-08-13 00:00:00+00:00,26.72889,9.8,0.38422218,Johor
2024-08-14 00:00:00+00:00,25.746246,17.366667,0.387875,Johor
2024-08-15 00:00:00+00:00,26.526804,9.8,0.3917222,Johor
2024-08-16 00:00:00+00:00,26.13861,7.933333,0.3944027,Johor
2024-08-17 00:00:00+00:00,26.155975,8.933333,0.39993057,Johor
2024-08-18 00:00:00+00:00,26.721945,2.7333333,0.40425003,Johor
2024-08-19 00:00:00+00:00,26.25736,16.333334,0.40633333,Johor
2024-08-20 00:00:00+00:00,25.212915,12.766666,0.40943062,Johor
2024-08-21 00:00:00+00:00,26.016388,1.2333335,0.40913892,Johor
2024-08-22 00:00:00+00:00,26.599028,7.1999993,0.40868047,Johor
2024-08-23 00:00:00+00:00,25.875414,12.933333,0.4074861,Johor
2024-08-24 00:00:00+00:00,25.793472,1.6,0.40815282,Johor
2024-08-25 00:00:00+00:00,25.17125,14.533333,0.41159716,Johor
2024-08-26 00:00:00+00:00,26.002497,4.233333,0.4111944,Johor
2024-08-27 00:00:00+00:00,25.815,10.366668,0.4112917,Johor
2024-08-28 00:00:00+00:00,26.480972,0.7333333,0.4113194,Johor
2024-08-29 00:00:00+00:00,26.744165,0.06666667,0.41034725,Johor
2024-08-30 00:00:00+00:00,27.219164,0.33333334,0.4087778,Johor
2024-08-31 00:00:00+00:00,26.437918,5.433333,0.40719447,Johor
2024-09-01 00:00:00+00:00,27.217081,4.1,0.4063333,Johor
2024-09-02 00:00:00+00:00,26.865692,7.566667,0.40425006,Johor
2024-09-03 00:00:00+00:00,26.40875,1.8333331,0.40194443,Johor
2024-09-04 00:00:00+00:00,26.40389,2.0333335,0.40033332,Johor
2024-09-05 00:00:00+00:00,27.366388,1.3333334,0.39936113,Johor
2024-09-06 00:00:00+00:00,27.043474,8.233334,0.39780554,Johor
2024-09-07 00:00:00+00:00,26.996946,6.1666665,0.39651385,Johor
2024-09-08 00:00:00+00:00,26.437918,8.433333,0.3958055,Johor
2024-09-09 00:00:00+00:00,26.176111,29.1,0.39923605,Johor
2024-09-10 00:00:00+00:00,26.236526,0.6000001,0.40879166,Johor
2024-09-11 00:00:00+00:00,27.110138,12.566667,0.40962496,Johor
2024-09-12 00:00:00+00:00,26.037218,10.766667,0.41495836,Johor
2024-09-13 00:00:00+00:00,26.70597,0.5,0.41586113,Johor
2024-09-14 00:00:00+00:00,26.594862,1.6999999,0.41516665,Johor
2024-09-15 00:00:00+00:00,26.02889,15.466667,0.41481945,Johor
2024-09-16 00:00:00+00:00,27.219858,2.5,0.41499993,Johor
2024-09-17 00:00:00+00:00,26.127502,8.8,0.41416672,Johor
2024-09-18 00:00:00+00:00,26.934446,0.6666667,0.4122778,Johor
2024-09-19 00:00:00+00:00,27.464304,1.4000001,0.41002777,Johor
2024-09-20 00:00:00+00:00,27.490694,6.3333335,0.40797222,Johor
2024-09-21 00:00:00+00:00,27.236526,0.23333335,0.4064722,Johor
2024-09-22 00:00:00+00:00,28.042084,0.53333336,0.40479162,Johor
2024-09-23 00:00:00+00:00,26.905275,5.8333335,0.4034444,Johor
2024-09-24 00:00:00+00:00,26.518473,9.833333,0.40266666,Johor
2024-09-25 00:00:00+00:00,25.593473,26.400002,0.40488887,Johor
2024-09-26 00:00:00+00:00,25.035833,5.233334,0.4059166,Johor
2024-09-27 00:00:00+00:00,26.830276,0.76666665,0.40583333,Johor
2024-09-28 00:00:00+00:00,26.42958,11.666667,0.4055555,Johor
2024-09-29 00:00:00+00:00,26.224722,8.3,0.4086944,Johor
2024-09-30 00:00:00+00:00,26.156668,3.033333,0.41281942,Johor
2024-10-01 00:00:00+00:00,26.521944,4.5,0.41365275,Johor
2024-10-02 00:00:00+00:00,26.665,9.2,0.41331938,Johor
2024-10-03 00:00:00+00:00,26.14208,11.3,0.41373608,Johor
2024-10-04 00:00:00+00:00,25.744165,26.233332,0.41799998,Johor
2024-10-05 00:00:00+00:00,25.824722,15.066667,0.42134717,Johor
2024-10-06 00:00:00+00:00,25.35111,4.5,0.42273608,Johor
2024-10-07 00:00:00+00:00,27.004583,0.59999996,0.42311108,Johor
2024-10-08 00:00:00+00:00,25.844862,9.333333,0.42565277,Johor
2024-10-09 00:00:00+00:00,26.299026,11.333333,0.43036112,Johor
2024-10-10 00:00:00+00:00,26.005972,15.166667,0.43072224,Johor
2024-10-11 00:00:00+00:00,26.267778,10.266666,0.4291667,Johor
2024-10-12 00:00:00+00:00,25.566385,20.9,0.43115273,Johor
2024-10-13 00:00:00+00:00,26.21639,12.566667,0.43811107,Johor
2024-10-14 00:00:00+00:00,25.849722,8.099999,0.44015276,Johor
2024-10-15 00:00:00+00:00,26.235834,2.8333333,0.43823615,Johor
2024-10-16 00:00:00+00:00,26.83375,1.0333334,0.4368056,Johor
2024-10-17 00:00:00+00:00,26.373331,9.3,0.43490282,Johor
2024-10-18 00:00:00+00:00,26.637917,4.9666667,0.43348607,Johor
2024-10-19 00:00:00+00:00,26.277502,14.833333,0.4338056,Johor
2024-10-20 00:00:00+00:00,26.745554,1.1666666,0.43326387,Johor
2024-10-21 00:00:00+00:00,27.637917,0.033333335,0.43065277,Johor
2024-10-22 00:00:00+00:00,27.517778,0.5,0.42706946,Johor
2024-10-23 00:00:00+00:00,27.805275,0.73333335,0.42433336,Johor
2024-10-24 00:00:00+00:00,26.773333,5.933333,0.42218056,Johor
2024-10-25 00:00:00+00:00,27.094862,4.9666667,0.42070827,Johor
2024-10-26 00:00:00+00:00,27.690002,0.33333334,0.41934726,Johor
2024-10-27 00:00:00+00:00,27.942778,0.33333334,0.41556942,Johor
2024-10-28 00:00:00+00:00,27.969168,1.6333333,0.41227782,Johor
2024-10-29 00:00:00+00:00,28.042776,3.4666665,0.40727782,Johor
2024-10-30 00:00:00+00:00,28.110832,3.0666666,0.4019862,Johor
2024-10-31 00:00:00+00:00,27.578196,6.566667,0.39806947,Johor
2024-11-01 00:00:00+00:00,27.470556,11.8,0.39636108,Johor
2024-11-02 00:00:00+00:00,26.355278,8.1,0.39933324,Johor
2024-11-03 00:00:00+00:00,26.892082,7.6,0.40009713,Johor
2024-11-04 00:00:00+00:00,26.378195,4.933334,0.39949992,Johor
2024-11-05 00:00:00+00:00,26.450415,3.3999999,0.39766657,Johor
2024-11-06 00:00:00+00:00,25.686525,15.100001,0.3983055,Johor
2024-11-07 00:00:00+00:00,25.830276,20.4,0.40209714,Johor
2024-11-08 00:00:00+00:00,26.454582,0.5,0.40573606,Johor
2024-11-09 00:00:00+00:00,26.455278,7.433333,0.40445828,Johor
2024-11-10 00:00:00+00:00,26.084444,7.966667,0.4061111,Johor
2024-11-11 00:00:00+00:00,25.789307,10.666667,0.40779164,Johor
2024-11-12 00:00:00+00:00,26.135834,4.8333335,0.37490273,Johor
2024-11-13 00:00:00+00:00,26.028887,5.3999996,0.33541667,Johor
2024-11-14 00:00:00+00:00,26.157358,4.7999997,0.33523616,Johor
2024-11-15 00:00:00+00:00,25.924026,10.5,0.33745834,Johor
2024-11-16 00:00:00+00:00,25.342081,20.466667,0.34311107,Johor
2024-11-17 00:00:00+00:00,25.662918,6.1666665,0.34854162,Johor
2024-11-18 00:00:00+00:00,25.064306,23.766668,0.35523614,Johor
2024-11-19 00:00:00+00:00,24.397638,21.766668,0.3751528,Johor
2024-11-20 00:00:00+00:00,25.046946,7.4,0.38833335,Johor
2024-11-21 00:00:00+00:00,25.522638,20.166668,0.39268056,Johor
2024-11-22 00:00:00+00:00,24.985832,23.633333,0.39680552,Johor
2024-11-23 00:00:00+00:00,25.538607,17.433334,0.39887503,Johor
2024-11-24 00:00:00+00:00,25.854584,10.233334,0.3998333,Johor
2024-11-25 00:00:00+00:00,25.951803,5.866667,0.40193057,Johor
2024-11-26 00:00:00+00:00,25.758055,22.1,0.40625003,Johor
2024-11-27 00:00:00+00:00,24.584444,25.76667,0.41590276,Johor
2024-11-28 00:00:00+00:00,24.817778,27.833334,0.42188895,Johor
2024-11-29 00:00:00+00:00,24.085138,16.633333,0.45027778,Johor
2024-11-30 00:00:00+00:00,26.29486,2.3,0.4449166,Johor
2024-12-01 00:00:00+00:00,25.594168,15.700002,0.4405,Johor
2024-12-02 00:00:00+00:00,25.335833,21.933332,0.4391528,Johor
2024-12-03 00:00:00+00:00,25.30181,16.766666,0.44301388,Johor
2024-12-04 00:00:00+00:00,26.403193,1.5,0.43972227,Johor
2024-12-05 00:00:00+00:00,27.103888,0.30000004,0.435375,Johor
2024-12-06 00:00:00+00:00,27.40528,0.83333343,0.42790273,Johor
2024-12-07 00:00:00+00:00,27.22889,3.1333334,0.4227778,Johor
2024-12-08 00:00:00+00:00,26.237223,12.066666,0.42580554,Johor
2024-12-09 00:00:00+00:00,24.812225,19.6,0.4317917,Johor
2024-12-10 00:00:00+00:00,25.045553,4.266667,0.4342083,Johor
2024-12-11 00:00:00+00:00,26.469164,4.766667,0.43586108,Johor
2024-12-12 00:00:00+00:00,26.032362,7.8333335,0.43580556,Johor
2024-12-13 00:00:00+00:00,25.80111,7.700001,0.43569446,Johor
2024-12-14 00:00:00+00:00,26.367777,6.3333335,0.4353889,Johor
2024-12-15 00:00:00+00:00,26.554583,6.7999997,0.43540278,Johor
2024-12-16 00:00:00+00:00,25.478888,19.1,0.43493056,Johor
2024-12-17 00:00:00+00:00,25.53028,10.000001,0.4342778,Johor
2024-12-18 00:00:00+00:00,24.790695,21.633337,0.43295828,Johor
2024-12-19 00:00:00+00:00,25.491388,4.866667,0.43268058,Johor
2024-12-20 00:00:00+00:00,25.399027,7.133333,0.43306947,Johor
2024-12-21 00:00:00+00:00,25.183752,15.566667,0.43393055,Johor
2024-12-22 00:00:00+00:00,26.369165,1.6333332,0.43123615,Johor
2024-12-23 00:00:00+00:00,25.562918,16.1,0.42955554,Johor
2024-12-24 00:00:00+00:00,25.267082,16.800001,0.4280556,Johor
2024-12-25 00:00:00+00:00,25.235834,4.0,0.42416668,Johor
2024-12-26 00:00:00+00:00,26.248331,2.6333334,0.42225003,Johor
2024-12-27 00:00:00+00:00,26.079584,4.3333335,0.42163894,Johor
2024-12-28 00:00:00+00:00,26.508749,1.9666668,0.42156947,Johor
2024-12-29 00:00:00+00:00,25.555975,14.8,0.42080554,Johor
2024-12-30 00:00:00+00:00,24.871943,7.066667,0.42012498,Johor
2024-12-31 00:00:00+00:00,25.58861,6.7000003,0.41901383,Johor
2021-01-01 00:00:00+00:00,24.66986,6.4666657,0.47486115,Pahang
2021-01-02 00:00:00+00:00,24.028887,50.7,0.4802778,Pahang
2021-01-03 00:00:00+00:00,23.167776,36.166668,0.50712496,Pahang
2021-01-04 00:00:00+00:00,24.06778,6.1,0.5111806,Pahang
2021-01-05 00:00:00+00:00,25.283056,19.966667,0.50459725,Pahang
2021-01-06 00:00:00+00:00,24.145555,20.333336,0.48587504,Pahang
2021-01-07 00:00:00+00:00,24.904585,7.933334,0.4785695,Pahang
2021-01-08 00:00:00+00:00,24.809443,10.3,0.47797212,Pahang
2021-01-09 00:00:00+00:00,24.473333,10.366666,0.47684726,Pahang
2021-01-10 00:00:00+00:00,24.467085,4.4,0.47433332,Pahang
2021-01-11 00:00:00+00:00,24.545557,1.3333335,0.47076395,Pahang
2021-01-12 00:00:00+00:00,24.520554,0.7666667,0.46716666,Pahang
2021-01-13 00:00:00+00:00,24.503891,0.5,0.46336114,Pahang
2021-01-14 00:00:00+00:00,24.736526,0.43333337,0.45965275,Pahang
2021-01-15 00:00:00+00:00,24.494165,1.0000001,0.456,Pahang
2021-01-16 00:00:00+00:00,25.733055,0.9000001,0.45261112,Pahang
2021-01-17 00:00:00+00:00,25.274027,1.0333333,0.44990274,Pahang
2021-01-18 00:00:00+00:00,24.243471,0.43333337,0.44598612,Pahang
2021-01-19 00:00:00+00:00,24.54,0.06666667,0.44276384,Pahang
2021-01-20 00:00:00+00:00,25.234442,0.16666667,0.43881944,Pahang
2021-01-21 00:00:00+00:00,25.427498,1.3000001,0.43500003,Pahang
2021-01-22 00:00:00+00:00,25.26361,15.366666,0.43118057,Pahang
2021-01-23 00:00:00+00:00,23.968475,2.8999996,0.4293611,Pahang
2021-01-24 00:00:00+00:00,25.365,2.6333334,0.4280556,Pahang
2021-01-25 00:00:00+00:00,25.303192,0.6333333,0.42456946,Pahang
2021-01-26 00:00:00+00:00,25.480276,0.06666667,0.42056942,Pahang
2021-01-27 00:00:00+00:00,25.036528,5.2999997,0.41912496,Pahang
2021-01-28 00:00:00+00:00,24.63236,3.8333333,0.41669452,Pahang
2021-01-29 00:00:00+00:00,24.792082,0.4,0.4152361,Pahang
2021-01-30 00:00:00+00:00,24.960138,0.23333335,0.41247216,Pahang
2021-01-31 00:00:00+00:00,24.928194,3.1666667,0.40977776,Pahang
2021-02-01 00:00:00+00:00,24.85111,5.1666665,0.40827775,Pahang
2021-02-02 00:00:00+00:00,25.384445,0.86666673,0.40655553,Pahang
2021-02-03 00:00:00+00:00,25.32611,0.16666667,0.40313888,Pahang
2021-02-04 00:00:00+00:00,24.694862,0.033333335,0.399375,Pahang
2021-02-05 00:00:00+00:00,25.285835,2.3,0.3947223,Pahang
2021-02-06 00:00:00+00:00,25.633057,1.1666667,0.39288887,Pahang
2021-02-07 00:00:00+00:00,26.477499,0.26666668,0.3875278,Pahang
2021-02-08 00:00:00+00:00,26.103195,1.9,0.38548613,Pahang
2021-02-09 00:00:00+00:00,26.642776,0.16666667,0.3822639,Pahang
2021-02-10 00:00:00+00:00,26.140694,8.466667,0.38068065,Pahang
2021-02-11 00:00:00+00:00,26.45111,6.1666665,0.37677774,Pahang
2021-02-12 00:00:00+00:00,25.515,9.366668,0.37315273,Pahang
2021-02-13 00:00:00+00:00,26.12889,5.566667,0.37138888,Pahang
2021-02-14 00:00:00+00:00,25.69486,2.2333333,0.3686528,Pahang
2021-02-15 00:00:00+00:00,25.920555,0.0,0.36486116,Pahang
2021-02-16 00:00:00+00:00,25.454584,0.0,0.3625556,Pahang
2021-02-17 00:00:00+00:00,25.214304,0.0,0.35873613,Pahang
2021-02-18 00:00:00+00:00,25.234446,0.0,0.35611114,Pahang
2021-02-19 00:00:00+00:00,25.110138,0.2,0.35448614,Pahang
2021-02-20 00:00:00+00:00,25.337221,1.1333333,0.353375,Pahang
2021-02-21 00:00:00+00:00,25.62264,0.7,0.35133338,Pahang
2021-02-22 00:00:00+00:00,25.792084,0.0,0.3480972,Pahang
2021-02-23 00:00:00+00:00,26.071943,0.0,0.34404168,Pahang
2021-02-24 00:00:00+00:00,26.63236,0.3,0.33887506,Pahang
2021-02-25 00:00:00+00:00,27.492086,0.26666668,0.33456945,Pahang
2021-02-26 00:00:00+00:00,27.955276,0.033333335,0.3313611,Pahang
2021-02-27 00:00:00+00:00,28.062918,0.26666668,0.3273611,Pahang
2021-02-28 00:00:00+00:00,27.750418,2.1666667,0.32525006,Pahang
2021-03-01 00:00:00+00:00,27.744165,0.4,0.32377777,Pahang
2021-03-02 00:00:00+00:00,27.631666,0.0,0.32269442,Pahang
2021-03-03 00:00:00+00:00,27.999723,0.6333334,0.32068062,Pahang
2021-03-04 00:00:00+00:00,27.210833,2.4666667,0.31755558,Pahang
2021-03-05 00:00:00+00:00,27.696249,1.7333335,0.31626388,Pahang
2021-03-06 00:00:00+00:00,27.227499,8.066667,0.31363893,Pahang
2021-03-07 00:00:00+00:00,25.946945,11.733334,0.31154168,Pahang
2021-03-08 00:00:00+00:00,26.919863,0.33333334,0.3075695,Pahang
2021-03-09 00:00:00+00:00,26.615692,0.5,0.3038472,Pahang
2021-03-10 00:00:00+00:00,27.540695,0.6666667,0.29838896,Pahang
2021-03-11 00:00:00+00:00,27.04625,2.1000001,0.293625,Pahang
2021-03-12 00:00:00+00:00,24.859442,12.0,0.2899861,Pahang
2021-03-13 00:00:00+00:00,26.194168,4.9,0.2872222,Pahang
2021-03-14 00:00:00+00:00,26.774721,1.1,0.28565273,Pahang
2021-03-15 00:00:00+00:00,27.049026,1.5,0.28309724,Pahang
2021-03-16 00:00:00+00:00,26.884443,3.533333,0.28024998,Pahang
2021-03-17 00:00:00+00:00,27.605278,1.6,0.27840278,Pahang
2021-03-18 00:00:00+00:00,27.80458,1.0666666,0.2745,Pahang
2021-03-19 00:00:00+00:00,28.492777,0.70000005,0.26822224,Pahang
2021-03-20 00:00:00+00:00,28.46292,1.9999999,0.26138887,Pahang
2021-03-21 00:00:00+00:00,28.761526,0.8333333,0.25844446,Pahang
2021-03-22 00:00:00+00:00,28.910833,2.2,0.25397226,Pahang
2021-03-23 00:00:00+00:00,25.646944,32.133335,0.24955554,Pahang
2021-03-24 00:00:00+00:00,24.699722,24.533335,0.2482361,Pahang
2021-03-25 00:00:00+00:00,25.058752,19.500002,0.24873608,Pahang
2021-03-26 00:00:00+00:00,26.006666,4.866667,0.24991669,Pahang
2021-03-27 00:00:00+00:00,25.790695,8.266666,0.2523333,Pahang
2021-03-28 00:00:00+00:00,26.717775,3.8666668,0.2574445,Pahang
2021-03-29 00:00:00+00:00,26.49764,6.6333337,0.2609861,Pahang
2021-03-30 00:00:00+00:00,26.90875,17.0,0.26236108,Pahang
2021-03-31 00:00:00+00:00,27.292084,1.1333333,0.26519442,Pahang
2021-04-01 00:00:00+00:00,27.634445,1.0,0.26734722,Pahang
2021-04-02 00:00:00+00:00,27.09625,13.133331,0.26986107,Pahang
2021-04-03 00:00:00+00:00,26.750418,16.666668,0.27122223,Pahang
2021-04-04 00:00:00+00:00,26.512918,15.933334,0.2766111,Pahang
2021-04-05 00:00:00+00:00,26.06153,9.666667,0.27911112,Pahang
2021-04-06 00:00:00+00:00,26.746943,15.133334,0.28162503,Pahang
2021-04-07 00:00:00+00:00,26.475412,22.766668,0.2852083,Pahang
2021-04-08 00:00:00+00:00,26.318474,4.6,0.28795835,Pahang
2021-04-09 00:00:00+00:00,27.187918,0.6666667,0.28973618,Pahang
2021-04-10 00:00:00+00:00,27.025415,3.1666667,0.29054168,Pahang
2021-04-11 00:00:00+00:00,26.639305,5.366667,0.291375,Pahang
2021-04-12 00:00:00+00:00,26.78514,2.5,0.291375,Pahang
2021-04-13 00:00:00+00:00,26.545555,9.233334,0.2911667,Pahang
2021-04-14 00:00:00+00:00,26.145555,12.733335,0.2915139,Pahang
2021-04-15 00:00:00+00:00,26.021248,19.400002,0.291875,Pahang
2021-04-16 00:00:00+00:00,26.984444,3.2,0.29366663,Pahang
2021-04-17 00:00:00+00:00,26.187223,2.1666667,0.29527783,Pahang
2021-04-18 00:00:00+00:00,26.793472,5.1666665,0.29626393,Pahang
2021-04-19 00:00:00+00:00,26.367777,9.733334,0.29688892,Pahang
2021-04-20 00:00:00+00:00,27.028193,7.266668,0.2976806,Pahang
2021-04-21 00:00:00+00:00,26.419863,11.900001,0.2979028,Pahang
2021-04-22 00:00:00+00:00,26.164307,18.800001,0.29820833,Pahang
2021-04-23 00:00:00+00:00,26.818474,5.2333336,0.2993333,Pahang
2021-04-24 00:00:00+00:00,26.836527,0.73333335,0.29959717,Pahang
2021-04-25 00:00:00+00:00,26.992777,13.666667,0.2997639,Pahang
2021-04-26 00:00:00+00:00,26.28097,16.233334,0.299625,Pahang
2021-04-27 00:00:00+00:00,26.104582,21.4,0.30048612,Pahang
2021-04-28 00:00:00+00:00,26.157358,11.0666685,0.30019444,Pahang
2021-04-29 00:00:00+00:00,26.307364,8.1,0.30205557,Pahang
2021-04-30 00:00:00+00:00,25.974028,12.600001,0.30468056,Pahang
2021-05-01 00:00:00+00:00,26.194862,10.333333,0.30738893,Pahang
2021-05-02 00:00:00+00:00,26.966387,2.3,0.30974996,Pahang
2021-05-03 00:00:00+00:00,26.43722,9.0,0.3113611,Pahang
2021-05-04 00:00:00+00:00,25.961527,6.6,0.3129861,Pahang
2021-05-05 00:00:00+00:00,26.16361,10.0666685,0.31562498,Pahang
2021-05-06 00:00:00+00:00,26.085138,7.900001,0.3185555,Pahang
2021-05-07 00:00:00+00:00,26.090693,5.8333325,0.32018057,Pahang
2021-05-08 00:00:00+00:00,26.3525,7.6999993,0.32075006,Pahang
2021-05-09 00:00:00+00:00,26.665693,9.400001,0.32109722,Pahang
2021-05-10 00:00:00+00:00,27.598333,8.133334,0.3214444,Pahang
2021-05-11 00:00:00+00:00,26.741386,16.233332,0.32977775,Pahang
2021-05-12 00:00:00+00:00,26.34139,14.5,0.34333333,Pahang
2021-05-13 00:00:00+00:00,27.18514,28.233332,0.34952775,Pahang
2021-05-14 00:00:00+00:00,27.121943,10.533334,0.35904166,Pahang
2021-05-15 00:00:00+00:00,27.19,7.1666665,0.3655834,Pahang
2021-05-16 00:00:00+00:00,26.731667,15.533334,0.3705417,Pahang
2021-05-17 00:00:00+00:00,26.620554,10.566667,0.37543058,Pahang
2021-05-18 00:00:00+00:00,26.358057,8.833333,0.3818889,Pahang
2021-05-19 00:00:00+00:00,26.245558,6.0333343,0.38663885,Pahang
2021-05-20 00:00:00+00:00,26.87889,0.6,0.38858333,Pahang
2021-05-21 00:00:00+00:00,26.535835,10.8,0.3907639,Pahang
2021-05-22 00:00:00+00:00,27.34139,1.5666667,0.39306942,Pahang
2021-05-23 00:00:00+00:00,27.90805,0.6666667,0.39247218,Pahang
2021-05-24 00:00:00+00:00,27.385832,3.5666666,0.39143053,Pahang
2021-05-25 00:00:00+00:00,27.336527,5.633333,0.39036116,Pahang
2021-05-26 00:00:00+00:00,26.721252,9.766666,0.38911116,Pahang
2021-05-27 00:00:00+00:00,26.596247,20.833334,0.38956943,Pahang
2021-05-28 00:00:00+00:00,27.034441,7.9666667,0.3973333,Pahang
2021-05-29 00:00:00+00:00,26.765694,7.0666656,0.39823616,Pahang
2021-05-30 00:00:00+00:00,27.362915,5.566667,0.39800003,Pahang
2021-05-31 00:00:00+00:00,27.108055,6.1,0.3981528,Pahang
2021-06-01 00:00:00+00:00,27.101807,7.0333333,0.3987361,Pahang
2021-06-02 00:00:00+00:00,27.18236,4.5,0.3957778,Pahang
2021-06-03 00:00:00+00:00,27.63236,2.8666668,0.39166668,Pahang
2021-06-04 00:00:00+00:00,27.051111,14.100001,0.3919027,Pahang
2021-06-05 00:00:00+00:00,26.699722,4.4,0.392875,Pahang
2021-06-06 00:00:00+00:00,27.711525,1.2333333,0.39087498,Pahang
2021-06-07 00:00:00+00:00,27.484446,1.3000001,0.38951385,Pahang
2021-06-08 00:00:00+00:00,27.330276,4.6666665,0.38916668,Pahang
2021-06-09 00:00:00+00:00,26.70875,12.866668,0.38881943,Pahang
2021-06-10 00:00:00+00:00,26.431665,10.533334,0.38747224,Pahang
2021-06-11 00:00:00+00:00,26.84347,0.16666667,0.3865694,Pahang
2021-06-12 00:00:00+00:00,26.903193,3.7666664,0.38509718,Pahang
2021-06-13 00:00:00+00:00,26.606667,7.366667,0.38411114,Pahang
2021-06-14 00:00:00+00:00,26.985834,3.2333333,0.38366666,Pahang
2021-06-15 00:00:00+00:00,26.312918,13.033334,0.38306943,Pahang
2021-06-16 00:00:00+00:00,26.088614,5.9666667,0.38244447,Pahang
2021-06-17 00:00:00+00:00,26.41014,10.7,0.38227773,Pahang
2021-06-18 00:00:00+00:00,26.074722,7.066666,0.3825972,Pahang
2021-06-19 00:00:00+00:00,26.514303,2.5,0.38248608,Pahang
2021-06-20 00:00:00+00:00,26.272638,4.6666665,0.3819166,Pahang
2021-06-21 00:00:00+00:00,27.02611,2.2666667,0.38041666,Pahang
2021-06-22 00:00:00+00:00,27.233055,1.4,0.37844443,Pahang
2021-06-23 00:00:00+00:00,27.319862,1.5,0.37622228,Pahang
2021-06-24 00:00:00+00:00,26.440697,11.433333,0.3749167,Pahang
2021-06-25 00:00:00+00:00,26.384445,8.900001,0.37340274,Pahang
2021-06-26 00:00:00+00:00,26.31222,5.9,0.37279165,Pahang
2021-06-27 00:00:00+00:00,26.64347,5.0666666,0.37227774,Pahang
2021-06-28 00:00:00+00:00,26.7025,10.299999,0.37086108,Pahang
2021-06-29 00:00:00+00:00,25.966387,8.9,0.3690139,Pahang
2021-06-30 00:00:00+00:00,26.780275,4.1000004,0.36783338,Pahang
2021-07-01 00:00:00+00:00,26.595552,15.100001,0.36722222,Pahang
2021-07-02 00:00:00+00:00,27.01222,3.5333335,0.36588892,Pahang
2021-07-03 00:00:00+00:00,26.204582,27.366663,0.36651388,Pahang
2021-07-04 00:00:00+00:00,26.647638,0.70000005,0.36611113,Pahang
2021-07-05 00:00:00+00:00,26.76153,8.466666,0.36634722,Pahang
2021-07-06 00:00:00+00:00,27.001802,1.3000001,0.36572218,Pahang
2021-07-07 00:00:00+00:00,26.855972,4.7000003,0.36488888,Pahang
2021-07-08 00:00:00+00:00,26.917776,8.033334,0.36241665,Pahang
2021-07-09 00:00:00+00:00,26.32611,16.800001,0.36130548,Pahang
2021-07-10 00:00:00+00:00,25.730278,15.166668,0.361375,Pahang
2021-07-11 00:00:00+00:00,25.773333,18.233335,0.361375,Pahang
2021-07-12 00:00:00+00:00,26.051805,17.3,0.3611389,Pahang
2021-07-13 00:00:00+00:00,24.564306,11.133334,0.3617917,Pahang
2021-07-14 00:00:00+00:00,24.88375,0.7333334,0.36391664,Pahang
2021-07-15 00:00:00+00:00,26.629583,0.7666667,0.3642778,Pahang
2021-07-16 00:00:00+00:00,27.262222,0.13333334,0.3637638,Pahang
2021-07-17 00:00:00+00:00,27.566391,0.13333334,0.3633194,Pahang
2021-07-18 00:00:00+00:00,27.555277,0.5,0.3615278,Pahang
2021-07-19 00:00:00+00:00,27.190695,1.1,0.36019444,Pahang
2021-07-20 00:00:00+00:00,28.028193,0.0,0.35768056,Pahang
2021-07-21 00:00:00+00:00,28.134445,1.7333335,0.35559726,Pahang
2021-07-22 00:00:00+00:00,27.985832,6.066667,0.3537223,Pahang
2021-07-23 00:00:00+00:00,27.613611,4.566666,0.35216674,Pahang
2021-07-24 00:00:00+00:00,28.459444,0.13333334,0.34961113,Pahang
2021-07-25 00:00:00+00:00,27.791388,5.8666663,0.34656945,Pahang
2021-07-26 00:00:00+00:00,27.604584,4.233333,0.34493062,Pahang
2021-07-27 00:00:00+00:00,27.969168,1.2666667,0.3439722,Pahang
2021-07-28 00:00:00+00:00,28.956667,0.33333334,0.34241667,Pahang
2021-07-29 00:00:00+00:00,27.987223,2.3999999,0.3406528,Pahang
2021-07-30 00:00:00+00:00,27.783752,4.233333,0.33744442,Pahang
2021-07-31 00:00:00+00:00,27.403887,7.9,0.33481953,Pahang
2021-08-01 00:00:00+00:00,27.644167,5.433333,0.3338472,Pahang
2021-08-02 00:00:00+00:00,27.969164,4.5333333,0.33198616,Pahang
2021-08-03 00:00:00+00:00,27.3775,9.3,0.32906947,Pahang
2021-08-04 00:00:00+00:00,27.62472,1.9333334,0.3270972,Pahang
2021-08-05 00:00:00+00:00,27.796944,1.3000001,0.32426396,Pahang
2021-08-06 00:00:00+00:00,27.266388,5.6666665,0.32186106,Pahang
2021-08-07 00:00:00+00:00,27.200417,15.600001,0.32074997,Pahang
2021-08-08 00:00:00+00:00,26.20597,7.6666675,0.32011104,Pahang
2021-08-09 00:00:00+00:00,27.189306,6.0333333,0.31973612,Pahang
2021-08-10 00:00:00+00:00,27.201807,6.5333333,0.31956944,Pahang
2021-08-11 00:00:00+00:00,26.828196,5.1,0.31986114,Pahang
2021-08-12 00:00:00+00:00,27.291388,1.8666667,0.31893054,Pahang
2021-08-13 00:00:00+00:00,27.017776,8.500001,0.31759718,Pahang
2021-08-14 00:00:00+00:00,26.56014,6.6666665,0.31590274,Pahang
2021-08-15 00:00:00+00:00,25.96083,20.566668,0.31462494,Pahang
2021-08-16 00:00:00+00:00,25.734444,6.8333335,0.3150277,Pahang
2021-08-17 00:00:00+00:00,24.892084,9.233334,0.31588888,Pahang
2021-08-18 00:00:00+00:00,25.144861,7.066667,0.31719446,Pahang
2021-08-19 00:00:00+00:00,25.506666,10.900001,0.3190556,Pahang
2021-08-20 00:00:00+00:00,24.842085,10.433333,0.32583335,Pahang
2021-08-21 00:00:00+00:00,26.130278,5.1333337,0.3298473,Pahang
2021-08-22 00:00:00+00:00,25.8025,2.2333333,0.3309861,Pahang
2021-08-23 00:00:00+00:00,26.891388,0.53333336,0.33183327,Pahang
2021-08-24 00:00:00+00:00,26.080276,3.6333332,0.33241662,Pahang
2021-08-25 00:00:00+00:00,25.99,7.633333,0.33329165,Pahang
2021-08-26 00:00:00+00:00,26.605278,2.7666664,0.33352777,Pahang
2021-08-27 00:00:00+00:00,26.868471,5.433334,0.33377776,Pahang
2021-08-28 00:00:00+00:00,26.575415,18.733335,0.3338611,Pahang
2021-08-29 00:00:00+00:00,25.13028,6.866667,0.33469442,Pahang
2021-08-30 00:00:00+00:00,26.485834,8.866666,0.33586106,Pahang
2021-08-31 00:00:00+00:00,26.08861,8.166667,0.3361667,Pahang
2021-09-01 00:00:00+00:00,26.137222,2.5666668,0.33723614,Pahang
2021-09-02 00:00:00+00:00,24.331665,11.400002,0.3384861,Pahang
2021-09-03 00:00:00+00:00,26.096945,2.1333332,0.34037504,Pahang
2021-09-04 00:00:00+00:00,26.289307,5.466667,0.34133336,Pahang
2021-09-05 00:00:00+00:00,26.655973,2.7666664,0.34106943,Pahang
2021-09-06 00:00:00+00:00,26.446249,4.3666663,0.34059718,Pahang
2021-09-07 00:00:00+00:00,26.80736,4.4,0.34073612,Pahang
2021-09-08 00:00:00+00:00,27.46222,0.16666667,0.34052777,Pahang
2021-09-09 00:00:00+00:00,27.537218,0.4666667,0.33831945,Pahang
2021-09-10 00:00:00+00:00,26.842775,0.06666667,0.33612502,Pahang
2021-09-11 00:00:00+00:00,27.422638,9.633334,0.3347361,Pahang
2021-09-12 00:00:00+00:00,26.960833,28.066666,0.3366666,Pahang
2021-09-13 00:00:00+00:00,25.831665,2.5333333,0.33445835,Pahang
2021-09-14 00:00:00+00:00,26.428888,4.6333337,0.3345972,Pahang
2021-09-15 00:00:00+00:00,26.139305,4.833333,0.33404163,Pahang
2021-09-16 00:00:00+00:00,26.63514,9.900001,0.3335972,Pahang
2021-09-17 00:00:00+00:00,26.826805,4.8666663,0.33311108,Pahang
2021-09-18 00:00:00+00:00,26.484444,16.233332,0.33247218,Pahang
2021-09-19 00:00:00+00:00,26.08653,11.266667,0.33491668,Pahang
2021-09-20 00:00:00+00:00,27.008749,0.2,0.33779165,Pahang
2021-09-21 00:00:00+00:00,26.865692,6.1,0.33895826,Pahang
2021-09-22 00:00:00+00:00,26.86708,4.3666663,0.3391389,Pahang
2021-09-23 00:00:00+00:00,27.49903,0.26666668,0.3395973,Pahang
2021-09-24 00:00:00+00:00,27.028887,9.633333,0.3397362,Pahang
2021-09-25 00:00:00+00:00,26.994165,9.833333,0.3398056,Pahang
2021-09-26 00:00:00+00:00,25.9775,23.566666,0.34125003,Pahang
2021-09-27 00:00:00+00:00,25.93514,23.666664,0.3477639,Pahang
2021-09-28 00:00:00+00:00,25.975418,17.199999,0.3534722,Pahang
2021-09-29 00:00:00+00:00,26.152502,9.599999,0.36977777,Pahang
2021-09-30 00:00:00+00:00,26.07889,2.033333,0.37744442,Pahang
2021-10-01 00:00:00+00:00,26.362915,4.2000003,0.3828611,Pahang
2021-10-02 00:00:00+00:00,25.630278,0.4666667,0.3845972,Pahang
2021-10-03 00:00:00+00:00,27.127502,2.6333332,0.38520834,Pahang
2021-10-04 00:00:00+00:00,27.06014,10.733334,0.38687503,Pahang
2021-10-05 00:00:00+00:00,26.795555,3.7666667,0.38663897,Pahang
2021-10-06 00:00:00+00:00,27.66847,0.06666667,0.38406947,Pahang
2021-10-07 00:00:00+00:00,27.559446,1.0,0.38140273,Pahang
2021-10-08 00:00:00+00:00,28.305277,0.26666668,0.37895834,Pahang
2021-10-09 00:00:00+00:00,28.64,0.7,0.3749167,Pahang
2021-10-10 00:00:00+00:00,27.583055,5.633333,0.37304172,Pahang
2021-10-11 00:00:00+00:00,28.55597,0.033333335,0.36976388,Pahang
2021-10-12 00:00:00+00:00,29.037222,0.1,0.37068048,Pahang
2021-10-13 00:00:00+00:00,29.063608,0.43333337,0.3721389,Pahang
2021-10-14 00:00:00+00:00,29.406664,1.5333334,0.37034717,Pahang
2021-10-15 00:00:00+00:00,29.551804,0.56666666,0.36590278,Pahang
2021-10-16 00:00:00+00:00,27.830278,3.4333332,0.36306942,Pahang
2021-10-17 00:00:00+00:00,26.228195,18.666666,0.36218056,Pahang
2021-10-18 00:00:00+00:00,26.787222,11.966667,0.3601389,Pahang
2021-10-19 00:00:00+00:00,26.581667,12.333333,0.35815278,Pahang
2021-10-20 00:00:00+00:00,24.519861,27.96667,0.3568333,Pahang
2021-10-21 00:00:00+00:00,25.93653,20.400002,0.3570694,Pahang
2021-10-22 00:00:00+00:00,25.989305,4.8333335,0.35743058,Pahang
2021-10-23 00:00:00+00:00,25.785833,10.233335,0.35733333,Pahang
2021-10-24 00:00:00+00:00,25.890001,16.4,0.35802782,Pahang
2021-10-25 00:00:00+00:00,25.70111,13.400001,0.3621805,Pahang
2021-10-26 00:00:00+00:00,26.28028,27.333334,0.36534727,Pahang
2021-10-27 00:00:00+00:00,26.558748,6.866667,0.36633334,Pahang
2021-10-28 00:00:00+00:00,26.167776,15.166665,0.36713895,Pahang
2021-10-29 00:00:00+00:00,26.665693,2.4333332,0.3691806,Pahang
2021-10-30 00:00:00+00:00,25.751108,13.8,0.37051383,Pahang
2021-10-31 00:00:00+00:00,26.385834,6.7000003,0.37177786,Pahang
2021-11-01 00:00:00+00:00,25.69139,9.599999,0.3724861,Pahang
2021-11-02 00:00:00+00:00,25.246248,18.766668,0.37326387,Pahang
2021-11-03 00:00:00+00:00,25.189306,6.9666667,0.3779584,Pahang
2021-11-04 00:00:00+00:00,25.78028,18.433332,0.38104168,Pahang
2021-11-05 00:00:00+00:00,25.178194,18.000002,0.38670835,Pahang
2021-11-06 00:00:00+00:00,26.10111,19.666666,0.39491665,Pahang
2021-11-07 00:00:00+00:00,25.832361,21.46667,0.39945832,Pahang
2021-11-08 00:00:00+00:00,26.13375,5.9,0.4094305,Pahang
2021-11-09 00:00:00+00:00,26.006666,8.6,0.4150556,Pahang
2021-11-10 00:00:00+00:00,25.508749,8.133334,0.42026386,Pahang
2021-11-11 00:00:00+00:00,26.115694,2.3666666,0.42706946,Pahang
2021-11-12 00:00:00+00:00,26.017082,10.066667,0.42824996,Pahang
2021-11-13 00:00:00+00:00,26.276804,16.966667,0.42926386,Pahang
2021-11-14 00:00:00+00:00,26.339304,2.3666668,0.43094453,Pahang
2021-11-15 00:00:00+00:00,26.933054,3.0,0.42938885,Pahang
2021-11-16 00:00:00+00:00,25.946943,24.866669,0.42969444,Pahang
2021-11-17 00:00:00+00:00,25.392776,21.833334,0.4293194,Pahang
2021-11-18 00:00:00+00:00,25.617083,9.733334,0.4308194,Pahang
2021-11-19 00:00:00+00:00,25.804583,30.233335,0.43152782,Pahang
2021-11-20 00:00:00+00:00,25.901804,27.833334,0.43915275,Pahang
2021-11-21 00:00:00+00:00,25.82264,17.0,0.44936118,Pahang
2021-11-22 00:00:00+00:00,25.917776,15.133334,0.46240273,Pahang
2021-11-23 00:00:00+00:00,25.369864,19.333336,0.4708333,Pahang
2021-11-24 00:00:00+00:00,24.831665,7.6333337,0.48304167,Pahang
2021-11-25 00:00:00+00:00,25.60389,14.600002,0.48883334,Pahang
2021-11-26 00:00:00+00:00,24.735834,4.633333,0.48705557,Pahang
2021-11-27 00:00:00+00:00,25.41014,8.266667,0.4839306,Pahang
2021-11-28 00:00:00+00:00,25.526114,13.900002,0.47977778,Pahang
2021-11-29 00:00:00+00:00,26.36222,0.1,0.47600007,Pahang
2021-11-30 00:00:00+00:00,26.735834,3.5,0.4721527,Pahang
2021-12-01 00:00:00+00:00,25.98514,7.633333,0.4674166,Pahang
2021-12-02 00:00:00+00:00,24.765,17.533335,0.4661111,Pahang
2021-12-03 00:00:00+00:00,24.540693,2.8999999,0.46648613,Pahang
2021-12-04 00:00:00+00:00,25.651804,2.7,0.46562496,Pahang
2021-12-05 00:00:00+00:00,25.25736,7.4666657,0.46319437,Pahang
2021-12-06 00:00:00+00:00,25.49,0.033333335,0.46020833,Pahang
2021-12-07 00:00:00+00:00,25.82889,0.9333334,0.4567778,Pahang
2021-12-08 00:00:00+00:00,26.06222,0.7333334,0.4548055,Pahang
2021-12-09 00:00:00+00:00,26.547638,0.53333336,0.45265278,Pahang
2021-12-10 00:00:00+00:00,25.473333,7.466667,0.4509722,Pahang
2021-12-11 00:00:00+00:00,25.680971,5.1333337,0.44865277,Pahang
2021-12-12 00:00:00+00:00,26.008745,1.0333334,0.44497216,Pahang
2021-12-13 00:00:00+00:00,25.749723,5.1666665,0.44290277,Pahang
2021-12-14 00:00:00+00:00,26.481668,0.9000001,0.4409167,Pahang
2021-12-15 00:00:00+00:00,25.804583,10.533334,0.44076398,Pahang
2021-12-16 00:00:00+00:00,25.328196,63.3,0.44587505,Pahang
2021-12-17 00:00:00+00:00,24.65528,53.5,0.4842222,Pahang
2021-12-18 00:00:00+00:00,24.786528,157.73334,0.4928889,Pahang
2021-12-19 00:00:00+00:00,23.901808,8.766667,0.49106947,Pahang
2021-12-20 00:00:00+00:00,26.129583,0.53333336,0.48322222,Pahang
2021-12-21 00:00:00+00:00,26.315695,6.6666665,0.47518054,Pahang
2021-12-22 00:00:00+00:00,24.89139,10.866666,0.46897224,Pahang
2021-12-23 00:00:00+00:00,25.199026,6.3666663,0.46431944,Pahang
2021-12-24 00:00:00+00:00,25.610834,3.533333,0.46113887,Pahang
2021-12-25 00:00:00+00:00,25.64833,3.2333333,0.45843053,Pahang
2021-12-26 00:00:00+00:00,25.709444,2.7333333,0.45452783,Pahang
2021-12-27 00:00:00+00:00,26.106667,0.033333335,0.45019445,Pahang
2021-12-28 00:00:00+00:00,26.295555,0.23333335,0.44523618,Pahang
2021-12-29 00:00:00+00:00,26.309443,2.5666668,0.44084725,Pahang
2021-12-30 00:00:00+00:00,24.62889,23.200003,0.43726388,Pahang
2021-12-31 00:00:00+00:00,23.854582,38.833332,0.43531942,Pahang
2022-01-01 00:00:00+00:00,23.842085,17.1,0.4470695,Pahang
2022-01-02 00:00:00+00:00,23.730972,35.03333,0.4670417,Pahang
2022-01-03 00:00:00+00:00,24.580973,8.233333,0.48600003,Pahang
2022-01-04 00:00:00+00:00,25.191385,10.6,0.4852222,Pahang
2022-01-05 00:00:00+00:00,25.74,2.0333333,0.482375,Pahang
2022-01-06 00:00:00+00:00,25.937918,0.7,0.47868052,Pahang
2022-01-07 00:00:00+00:00,25.79486,3.2333333,0.4752916,Pahang
2022-01-08 00:00:00+00:00,25.120558,6.933334,0.47209725,Pahang
2022-01-09 00:00:00+00:00,25.68236,2.6333334,0.46768054,Pahang
2022-01-10 00:00:00+00:00,25.745554,0.2,0.46294442,Pahang
2022-01-11 00:00:00+00:00,25.484444,0.13333334,0.45831943,Pahang
2022-01-12 00:00:00+00:00,25.254583,0.16666667,0.45287502,Pahang
2022-01-13 00:00:00+00:00,25.24486,0.2,0.44690275,Pahang
2022-01-14 00:00:00+00:00,25.291388,0.0,0.44166663,Pahang
2022-01-15 00:00:00+00:00,25.55736,0.29999998,0.43684718,Pahang
2022-01-16 00:00:00+00:00,25.897638,0.86666673,0.4339166,Pahang
2022-01-17 00:00:00+00:00,25.892776,2.5666668,0.42977774,Pahang
2022-01-18 00:00:00+00:00,26.024027,0.26666668,0.42554167,Pahang
2022-01-19 00:00:00+00:00,25.883057,1.1,0.42029166,Pahang
2022-01-20 00:00:00+00:00,25.99764,0.6,0.41587493,Pahang
2022-01-21 00:00:00+00:00,26.233055,0.86666673,0.41216668,Pahang
2022-01-22 00:00:00+00:00,25.81639,0.0,0.40902779,Pahang
2022-01-23 00:00:00+00:00,26.340693,1.4000001,0.4052361,Pahang
2022-01-24 00:00:00+00:00,25.98375,6.366667,0.40141666,Pahang
2022-01-25 00:00:00+00:00,26.46083,0.16666667,0.39640275,Pahang
2022-01-26 00:00:00+00:00,26.28097,4.5,0.3932639,Pahang
2022-01-27 00:00:00+00:00,26.28028,0.2,0.3900278,Pahang
2022-01-28 00:00:00+00:00,26.506668,0.4,0.3857778,Pahang
2022-01-29 00:00:00+00:00,26.9775,0.033333335,0.38144445,Pahang
2022-01-30 00:00:00+00:00,27.110138,0.29999998,0.3773333,Pahang
2022-01-31 00:00:00+00:00,27.196943,0.06666667,0.37327775,Pahang
2022-02-01 00:00:00+00:00,27.144167,0.4666667,0.36787498,Pahang
2022-02-02 00:00:00+00:00,27.032358,0.9333334,0.3628056,Pahang
2022-02-03 00:00:00+00:00,26.46083,2.5333333,0.35847223,Pahang
2022-02-04 00:00:00+00:00,26.822638,1.1666666,0.3525416,Pahang
2022-02-05 00:00:00+00:00,25.442083,9.466666,0.344125,Pahang
2022-02-06 00:00:00+00:00,25.988611,4.5666666,0.33783326,Pahang
2022-02-07 00:00:00+00:00,25.046944,10.233334,0.33449998,Pahang
2022-02-08 00:00:00+00:00,24.564302,17.2,0.33297226,Pahang
2022-02-09 00:00:00+00:00,24.328194,13.766666,0.33230552,Pahang
2022-02-10 00:00:00+00:00,23.840693,18.666666,0.33205554,Pahang
2022-02-11 00:00:00+00:00,23.658056,8.966667,0.3329028,Pahang
2022-02-12 00:00:00+00:00,24.89972,2.8666668,0.3335973,Pahang
2022-02-13 00:00:00+00:00,25.305277,7.833334,0.3337084,Pahang
2022-02-14 00:00:00+00:00,25.280973,11.233334,0.3347917,Pahang
2022-02-15 00:00:00+00:00,25.804583,3.3333333,0.33574998,Pahang
2022-02-16 00:00:00+00:00,25.8025,8.3,0.33627772,Pahang
2022-02-17 00:00:00+00:00,25.103195,0.6333334,0.33723605,Pahang
2022-02-18 00:00:00+00:00,26.450415,3.7666667,0.33773613,Pahang
2022-02-19 00:00:00+00:00,26.617086,2.3666668,0.33684722,Pahang
2022-02-20 00:00:00+00:00,25.498331,6.566666,0.3356111,Pahang
2022-02-21 00:00:00+00:00,26.46222,0.29999998,0.3345972,Pahang
2022-02-22 00:00:00+00:00,25.978888,6.1666665,0.33333334,Pahang
2022-02-23 00:00:00+00:00,24.968475,15.533334,0.3329028,Pahang
2022-02-24 00:00:00+00:00,23.801804,35.133335,0.3335,Pahang
2022-02-25 00:00:00+00:00,23.91153,12.600001,0.33672225,Pahang
2022-02-26 00:00:00+00:00,24.813608,24.133331,0.34212497,Pahang
2022-02-27 00:00:00+00:00,24.447641,7.2666664,0.35297218,Pahang
2022-02-28 00:00:00+00:00,24.92611,10.766666,0.35980555,Pahang
2022-03-01 00:00:00+00:00,25.404585,1.5,0.3631666,Pahang
2022-03-02 00:00:00+00:00,25.735834,3.6333332,0.36537495,Pahang
2022-03-03 00:00:00+00:00,25.951805,7.1,0.36581936,Pahang
2022-03-04 00:00:00+00:00,25.067083,8.133334,0.3675556,Pahang
2022-03-05 00:00:00+00:00,25.12403,9.266666,0.37138882,Pahang
2022-03-06 00:00:00+00:00,25.525414,7.1666665,0.37855557,Pahang
2022-03-07 00:00:00+00:00,25.305971,12.466667,0.38616672,Pahang
2022-03-08 00:00:00+00:00,25.828888,5.6666665,0.39480558,Pahang
2022-03-09 00:00:00+00:00,25.866388,4.4,0.39897224,Pahang
2022-03-10 00:00:00+00:00,26.502502,0.6666667,0.40205553,Pahang
2022-03-11 00:00:00+00:00,26.09278,1.9333334,0.4019027,Pahang
2022-03-12 00:00:00+00:00,26.587915,0.7,0.4013194,Pahang
2022-03-13 00:00:00+00:00,26.730278,5.066666,0.40023613,Pahang
2022-03-14 00:00:00+00:00,26.383055,6.366667,0.39794445,Pahang
2022-03-15 00:00:00+00:00,25.798334,10.533334,0.40156952,Pahang
2022-03-16 00:00:00+00:00,26.537222,2.0666666,0.4025,Pahang
2022-03-17 00:00:00+00:00,25.879583,8.400001,0.40376386,Pahang
2022-03-18 00:00:00+00:00,26.771948,2.6333334,0.40376386,Pahang
2022-03-19 00:00:00+00:00,27.48375,1.0999999,0.40281942,Pahang
2022-03-20 00:00:00+00:00,26.16014,17.366667,0.40243053,Pahang
2022-03-21 00:00:00+00:00,26.720556,12.566667,0.40122223,Pahang
2022-03-22 00:00:00+00:00,26.129583,8.666667,0.4002917,Pahang
2022-03-23 00:00:00+00:00,25.994165,9.400001,0.40040278,Pahang
2022-03-24 00:00:00+00:00,27.132362,4.133333,0.4004166,Pahang
2022-03-25 00:00:00+00:00,26.478195,4.6333327,0.3993472,Pahang
2022-03-26 00:00:00+00:00,25.91361,10.166667,0.3974583,Pahang
2022-03-27 00:00:00+00:00,26.590693,8.433333,0.39626393,Pahang
2022-03-28 00:00:00+00:00,26.494165,7.1000004,0.39544442,Pahang
2022-03-29 00:00:00+00:00,26.960833,2.5333333,0.39315274,Pahang
2022-03-30 00:00:00+00:00,26.975418,20.333334,0.39109722,Pahang
2022-03-31 00:00:00+00:00,26.128197,7.9,0.390375,Pahang
2022-04-01 00:00:00+00:00,26.037224,14.800002,0.38977778,Pahang
2022-04-02 00:00:00+00:00,26.059443,22.933334,0.39147222,Pahang
2022-04-03 00:00:00+00:00,25.028193,19.333334,0.39941666,Pahang
2022-04-04 00:00:00+00:00,25.754585,16.266666,0.4020833,Pahang
2022-04-05 00:00:00+00:00,25.275415,7.8666673,0.40325,Pahang
2022-04-06 00:00:00+00:00,25.860834,9.3,0.40429163,Pahang
2022-04-07 00:00:00+00:00,25.282358,14.666668,0.4084445,Pahang
2022-04-08 00:00:00+00:00,25.72264,12.666667,0.41519442,Pahang
2022-04-09 00:00:00+00:00,25.388605,15.7,0.42337492,Pahang
2022-04-10 00:00:00+00:00,26.183058,10.733334,0.42819443,Pahang
2022-04-11 00:00:00+00:00,25.619165,6.6,0.42995834,Pahang
2022-04-12 00:00:00+00:00,26.80111,1.0666667,0.42854166,Pahang
2022-04-13 00:00:00+00:00,26.062918,10.766667,0.42643055,Pahang
2022-04-14 00:00:00+00:00,26.526804,6.0,0.42595828,Pahang
2022-04-15 00:00:00+00:00,26.270555,11.033333,0.42520833,Pahang
2022-04-16 00:00:00+00:00,26.65042,10.466666,0.42504168,Pahang
2022-04-17 00:00:00+00:00,26.188614,11.0,0.42340276,Pahang
2022-04-18 00:00:00+00:00,26.705969,1.9666667,0.42316666,Pahang
2022-04-19 00:00:00+00:00,25.990692,9.066667,0.42280558,Pahang
2022-04-20 00:00:00+00:00,25.970556,6.0333333,0.422125,Pahang
2022-04-21 00:00:00+00:00,27.00875,0.9666667,0.42202783,Pahang
2022-04-22 00:00:00+00:00,26.801804,3.2666664,0.42297223,Pahang
2022-04-23 00:00:00+00:00,26.647638,6.1000004,0.4251667,Pahang
2022-04-24 00:00:00+00:00,26.371946,6.200001,0.42555562,Pahang
2022-04-25 00:00:00+00:00,26.197638,12.833333,0.42494443,Pahang
2022-04-26 00:00:00+00:00,27.28514,0.33333334,0.4243611,Pahang
2022-04-27 00:00:00+00:00,26.758055,9.2,0.42404166,Pahang
2022-04-28 00:00:00+00:00,26.825417,7.3000007,0.4270555,Pahang
2022-04-29 00:00:00+00:00,27.065695,6.7666664,0.42377782,Pahang
2022-04-30 00:00:00+00:00,26.658056,7.6333337,0.42100003,Pahang
2022-05-01 00:00:00+00:00,26.43722,7.3000007,0.42147228,Pahang
2022-05-02 00:00:00+00:00,26.528193,14.8,0.42280555,Pahang
2022-05-03 00:00:00+00:00,26.962221,4.733333,0.42586103,Pahang
2022-05-04 00:00:00+00:00,27.110834,5.2999997,0.42608336,Pahang
2022-05-05 00:00:00+00:00,26.842085,7.0,0.42576393,Pahang
2022-05-06 00:00:00+00:00,26.865,17.366667,0.4254167,Pahang
2022-05-07 00:00:00+00:00,26.323334,10.466667,0.42602775,Pahang
2022-05-08 00:00:00+00:00,26.537918,9.333333,0.43116665,Pahang
2022-05-09 00:00:00+00:00,26.274027,9.233334,0.43401387,Pahang
2022-05-10 00:00:00+00:00,26.712225,14.200001,0.4350973,Pahang
2022-05-11 00:00:00+00:00,27.243471,0.3666667,0.43533337,Pahang
2022-05-12 00:00:00+00:00,26.844862,8.400001,0.43411112,Pahang
2022-05-13 00:00:00+00:00,27.492777,1.3666667,0.43638882,Pahang
2022-05-14 00:00:00+00:00,26.722635,14.600001,0.43565276,Pahang
2022-05-15 00:00:00+00:00,26.97819,14.166667,0.43472221,Pahang
2022-05-16 00:00:00+00:00,25.97889,10.200001,0.43598607,Pahang
2022-05-17 00:00:00+00:00,27.481668,1.3333334,0.4396111,Pahang
2022-05-18 00:00:00+00:00,27.348333,5.1666675,0.44026396,Pahang
2022-05-19 00:00:00+00:00,26.655275,3.3999999,0.44145834,Pahang
2022-05-20 00:00:00+00:00,28.012915,2.0666666,0.44065282,Pahang
2022-05-21 00:00:00+00:00,27.875418,0.26666668,0.4390556,Pahang
2022-05-22 00:00:00+00:00,27.93722,8.133333,0.43591666,Pahang
2022-05-23 00:00:00+00:00,27.351805,8.733333,0.43336114,Pahang
2022-05-24 00:00:00+00:00,27.10111,16.800001,0.4310278,Pahang
2022-05-25 00:00:00+00:00,25.66986,12.466667,0.42952776,Pahang
2022-05-26 00:00:00+00:00,27.36222,0.0,0.42887497,Pahang
2022-05-27 00:00:00+00:00,27.879585,0.23333335,0.42715278,Pahang
2022-05-28 00:00:00+00:00,27.53514,1.3333333,0.42565274,Pahang
2022-05-29 00:00:00+00:00,28.07055,0.0,0.42394447,Pahang
2022-05-30 00:00:00+00:00,27.641388,0.90000004,0.4211944,Pahang
2022-05-31 00:00:00+00:00,27.547636,13.900002,0.41856942,Pahang
2022-06-01 00:00:00+00:00,26.255972,11.366668,0.4181666,Pahang
2022-06-02 00:00:00+00:00,26.278196,9.333333,0.41933337,Pahang
2022-06-03 00:00:00+00:00,26.480972,4.433333,0.41897216,Pahang
2022-06-04 00:00:00+00:00,26.787916,4.6333337,0.41781947,Pahang
2022-06-05 00:00:00+00:00,26.206667,9.766666,0.4159722,Pahang
2022-06-06 00:00:00+00:00,26.568472,8.433333,0.41388884,Pahang
2022-06-07 00:00:00+00:00,26.162916,16.166666,0.4122778,Pahang
2022-06-08 00:00:00+00:00,26.019165,9.9,0.41302773,Pahang
2022-06-09 00:00:00+00:00,25.92125,8.466667,0.41281947,Pahang
2022-06-10 00:00:00+00:00,26.88236,6.0000005,0.41213885,Pahang
2022-06-11 00:00:00+00:00,24.777498,16.300001,0.41418064,Pahang
2022-06-12 00:00:00+00:00,26.253885,3.8333333,0.41295826,Pahang
2022-06-13 00:00:00+00:00,25.877497,8.099999,0.4117777,Pahang
2022-06-14 00:00:00+00:00,26.72125,7.833334,0.41122225,Pahang
2022-06-15 00:00:00+00:00,25.440695,15.533336,0.41073617,Pahang
2022-06-16 00:00:00+00:00,26.17264,10.666667,0.40898606,Pahang
2022-06-17 00:00:00+00:00,25.41639,12.866666,0.4072361,Pahang
2022-06-18 00:00:00+00:00,25.651808,7.3333335,0.40579164,Pahang
2022-06-19 00:00:00+00:00,26.103193,7.1,0.40459725,Pahang
2022-06-20 00:00:00+00:00,26.302498,3.1000001,0.4037362,Pahang
2022-06-21 00:00:00+00:00,26.488611,0.8,0.40311113,Pahang
2022-06-22 00:00:00+00:00,26.214304,3.6333332,0.4011806,Pahang
2022-06-23 00:00:00+00:00,26.219862,5.7999997,0.39904165,Pahang
2022-06-24 00:00:00+00:00,25.835138,16.666666,0.39754173,Pahang
2022-06-25 00:00:00+00:00,25.794167,11.733334,0.39659724,Pahang
2022-06-26 00:00:00+00:00,26.533058,11.233334,0.39534727,Pahang
2022-06-27 00:00:00+00:00,26.491388,7.3333335,0.39608335,Pahang
2022-06-28 00:00:00+00:00,26.065,6.0,0.39675,Pahang
2022-06-29 00:00:00+00:00,26.491392,10.566667,0.3985139,Pahang
2022-06-30 00:00:00+00:00,27.32611,0.26666668,0.3981528,Pahang
2022-07-01 00:00:00+00:00,27.619165,0.033333335,0.39661112,Pahang
2022-07-02 00:00:00+00:00,27.977499,0.96666664,0.39508334,Pahang
2022-07-03 00:00:00+00:00,28.29,0.70000005,0.39244446,Pahang
2022-07-04 00:00:00+00:00,27.828196,1.3666667,0.38919437,Pahang
2022-07-05 00:00:00+00:00,27.851112,1.1666669,0.38655558,Pahang
2022-07-06 00:00:00+00:00,25.942083,7.2000003,0.38519454,Pahang
2022-07-07 00:00:00+00:00,27.705973,1.8666667,0.38368058,Pahang
2022-07-08 00:00:00+00:00,28.571945,0.13333334,0.3811667,Pahang
2022-07-09 00:00:00+00:00,28.964304,0.033333335,0.37855557,Pahang
2022-07-10 00:00:00+00:00,28.215696,0.06666667,0.37524998,Pahang
2022-07-11 00:00:00+00:00,27.480972,1.0333333,0.37266672,Pahang
2022-07-12 00:00:00+00:00,26.915695,4.4666667,0.3709444,Pahang
2022-07-13 00:00:00+00:00,27.795557,0.033333335,0.36952782,Pahang
2022-07-14 00:00:00+00:00,27.506668,2.1000001,0.36701393,Pahang
2022-07-15 00:00:00+00:00,28.234446,0.8666666,0.36584714,Pahang
2022-07-16 00:00:00+00:00,28.58375,0.5,0.36236107,Pahang
2022-07-17 00:00:00+00:00,28.351112,5.6,0.3588055,Pahang
2022-07-18 00:00:00+00:00,27.771942,12.5,0.3549167,Pahang
2022-07-19 00:00:00+00:00,27.038607,12.333333,0.3507639,Pahang
2022-07-20 00:00:00+00:00,26.403196,5.0000005,0.34898615,Pahang
2022-07-21 00:00:00+00:00,26.735138,5.1333337,0.34793055,Pahang
2022-07-22 00:00:00+00:00,26.730276,5.2999997,0.34568056,Pahang
2022-07-23 00:00:00+00:00,27.108055,2.0,0.3424166,Pahang
2022-07-24 00:00:00+00:00,26.676805,9.833333,0.3378611,Pahang
2022-07-25 00:00:00+00:00,26.22125,16.6,0.33466664,Pahang
2022-07-26 00:00:00+00:00,26.839998,2.8999999,0.33422223,Pahang
2022-07-27 00:00:00+00:00,26.424719,8.2,0.33316666,Pahang
2022-07-28 00:00:00+00:00,26.094862,7.833334,0.33197227,Pahang
2022-07-29 00:00:00+00:00,26.201807,9.833333,0.33191672,Pahang
2022-07-30 00:00:00+00:00,27.064306,5.8666663,0.33119443,Pahang
2022-07-31 00:00:00+00:00,26.42125,9.233333,0.3304306,Pahang
2022-08-01 00:00:00+00:00,27.267778,14.300002,0.33127782,Pahang
2022-08-02 00:00:00+00:00,25.93722,13.466666,0.3322083,Pahang
2022-08-03 00:00:00+00:00,26.121946,13.400002,0.33227777,Pahang
2022-08-04 00:00:00+00:00,25.473333,3.9666665,0.33345827,Pahang
2022-08-05 00:00:00+00:00,26.023333,11.133334,0.3345138,Pahang
2022-08-06 00:00:00+00:00,27.105974,0.46666667,0.33390275,Pahang
2022-08-07 00:00:00+00:00,27.683748,0.76666665,0.33333328,Pahang
2022-08-08 00:00:00+00:00,27.237915,4.866667,0.3326945,Pahang
2022-08-09 00:00:00+00:00,27.484446,4.1333327,0.3320834,Pahang
2022-08-10 00:00:00+00:00,27.562918,7.366667,0.33155563,Pahang
2022-08-11 00:00:00+00:00,28.895554,0.6666667,0.33065274,Pahang
2022-08-12 00:00:00+00:00,27.00736,18.166666,0.32908332,Pahang
2022-08-13 00:00:00+00:00,27.36986,5.6333337,0.3286806,Pahang
2022-08-14 00:00:00+00:00,26.239305,13.766667,0.33162498,Pahang
2022-08-15 00:00:00+00:00,27.06778,9.733334,0.3321806,Pahang
2022-08-16 00:00:00+00:00,27.354584,5.6333337,0.33244452,Pahang
2022-08-17 00:00:00+00:00,26.57611,4.7666664,0.33194447,Pahang
2022-08-18 00:00:00+00:00,26.879583,2.4333334,0.33051386,Pahang
2022-08-19 00:00:00+00:00,28.062223,1.6666666,0.32884726,Pahang
2022-08-20 00:00:00+00:00,25.906668,28.400002,0.32920834,Pahang
2022-08-21 00:00:00+00:00,26.686525,4.1333337,0.32980555,Pahang
2022-08-22 00:00:00+00:00,26.609444,16.533335,0.32976395,Pahang
2022-08-23 00:00:00+00:00,25.392778,13.033333,0.33156943,Pahang
2022-08-24 00:00:00+00:00,27.090002,0.73333335,0.33180556,Pahang
2022-08-25 00:00:00+00:00,26.328194,8.5,0.33138886,Pahang
2022-08-26 00:00:00+00:00,24.884445,7.9666667,0.33183333,Pahang
2022-08-27 00:00:00+00:00,26.243471,2.5333335,0.3325555,Pahang
2022-08-28 00:00:00+00:00,25.548332,16.400002,0.33233336,Pahang
2022-08-29 00:00:00+00:00,25.413612,11.133332,0.33168063,Pahang
2022-08-30 00:00:00+00:00,26.130972,1.2333335,0.33288887,Pahang
2022-08-31 00:00:00+00:00,26.29625,15.433334,0.33388886,Pahang
2022-09-01 00:00:00+00:00,25.90597,10.566667,0.3345972,Pahang
2022-09-02 00:00:00+00:00,26.286528,21.133333,0.33490276,Pahang
2022-09-03 00:00:00+00:00,26.809443,7.033333,0.3338611,Pahang
2022-09-04 00:00:00+00:00,27.771944,2.1333334,0.33365276,Pahang
2022-09-05 00:00:00+00:00,26.829584,1.1999999,0.33174995,Pahang
2022-09-06 00:00:00+00:00,26.409441,16.633333,0.3294722,Pahang
2022-09-07 00:00:00+00:00,25.47611,9.166667,0.32906947,Pahang
2022-09-08 00:00:00+00:00,26.824722,2.5333335,0.32858333,Pahang
2022-09-09 00:00:00+00:00,25.798332,12.966667,0.3283333,Pahang
2022-09-10 00:00:00+00:00,26.052498,4.6333337,0.32873616,Pahang
2022-09-11 00:00:00+00:00,25.355972,18.366667,0.32945836,Pahang
2022-09-12 00:00:00+00:00,26.34347,8.633333,0.32868055,Pahang
2022-09-13 00:00:00+00:00,26.22264,6.866667,0.32649997,Pahang
2022-09-14 00:00:00+00:00,26.228888,2.3999999,0.32645836,Pahang
2022-09-15 00:00:00+00:00,27.104584,5.4666667,0.3272222,Pahang
2022-09-16 00:00:00+00:00,26.94278,3.9666665,0.32666668,Pahang
2022-09-17 00:00:00+00:00,26.937225,8.733334,0.32568058,Pahang
2022-09-18 00:00:00+00:00,26.249723,4.2999997,0.3239306,Pahang
2022-09-19 00:00:00+00:00,25.94555,23.566666,0.32309726,Pahang
2022-09-20 00:00:00+00:00,26.524721,4.6,0.32205555,Pahang
2022-09-21 00:00:00+00:00,26.933752,19.300001,0.3223611,Pahang
2022-09-22 00:00:00+00:00,26.744165,3.1000001,0.32791668,Pahang
2022-09-23 00:00:00+00:00,26.883749,3.1999998,0.328125,Pahang
2022-09-24 00:00:00+00:00,27.711527,3.0,0.32733333,Pahang
2022-09-25 00:00:00+00:00,27.803192,0.16666667,0.32681945,Pahang
2022-09-26 00:00:00+00:00,27.944168,1.9,0.326125,Pahang
2022-09-27 00:00:00+00:00,28.24903,1.1,0.32448614,Pahang
2022-09-28 00:00:00+00:00,28.294165,4.7333336,0.32212496,Pahang
2022-09-29 00:00:00+00:00,27.91361,6.2333336,0.31901392,Pahang
2022-09-30 00:00:00+00:00,27.022638,18.366667,0.3157778,Pahang
2022-10-01 00:00:00+00:00,26.534445,15.0666685,0.31562504,Pahang
2022-10-02 00:00:00+00:00,25.526804,2.0,0.3185417,Pahang
2022-10-03 00:00:00+00:00,25.730974,10.166667,0.3199167,Pahang
2022-10-04 00:00:00+00:00,25.730972,19.666666,0.32127777,Pahang
2022-10-05 00:00:00+00:00,25.751806,6.766667,0.32397225,Pahang
2022-10-06 00:00:00+00:00,26.022638,7.1333337,0.32638893,Pahang
2022-10-07 00:00:00+00:00,25.27472,28.633337,0.33061114,Pahang
2022-10-08 00:00:00+00:00,25.571945,12.100001,0.33308333,Pahang
2022-10-09 00:00:00+00:00,25.554583,1.4000001,0.33644447,Pahang
2022-10-10 00:00:00+00:00,26.28097,4.1,0.3381389,Pahang
2022-10-11 00:00:00+00:00,26.071249,32.399998,0.34029165,Pahang
2022-10-12 00:00:00+00:00,25.703888,2.0666666,0.3396944,Pahang
2022-10-13 00:00:00+00:00,25.992083,6.6000004,0.3431388,Pahang
2022-10-14 00:00:00+00:00,26.149721,14.5,0.34452775,Pahang
2022-10-15 00:00:00+00:00,26.149027,17.6,0.34541667,Pahang
2022-10-16 00:00:00+00:00,26.518473,8.5666685,0.3459861,Pahang
2022-10-17 00:00:00+00:00,26.46639,5.3333335,0.34613883,Pahang
2022-10-18 00:00:00+00:00,27.042084,0.9333334,0.3674445,Pahang
2022-10-19 00:00:00+00:00,25.898333,22.266665,0.39256942,Pahang
2022-10-20 00:00:00+00:00,26.126806,7.233333,0.38969448,Pahang
2022-10-21 00:00:00+00:00,25.63861,18.366667,0.38844445,Pahang
2022-10-22 00:00:00+00:00,26.001112,7.0,0.3964583,Pahang
2022-10-23 00:00:00+00:00,25.821945,2.533333,0.39912507,Pahang
2022-10-24 00:00:00+00:00,25.930971,9.433333,0.39822224,Pahang
2022-10-25 00:00:00+00:00,26.039307,33.66666,0.40047228,Pahang
2022-10-26 00:00:00+00:00,25.671944,11.599999,0.4026667,Pahang
2022-10-27 00:00:00+00:00,26.10111,21.699999,0.40533337,Pahang
2022-10-28 00:00:00+00:00,25.64625,18.533335,0.41020834,Pahang
2022-10-29 00:00:00+00:00,25.5525,13.666667,0.41652775,Pahang
2022-10-30 00:00:00+00:00,25.875414,27.366667,0.4185139,Pahang
2022-10-31 00:00:00+00:00,25.777502,10.0,0.421,Pahang
2022-11-01 00:00:00+00:00,25.829584,20.5,0.4225278,Pahang
2022-11-02 00:00:00+00:00,25.065,19.433334,0.42726395,Pahang
2022-11-03 00:00:00+00:00,25.359446,16.566668,0.43127775,Pahang
2022-11-04 00:00:00+00:00,25.47611,26.766665,0.4349444,Pahang
2022-11-05 00:00:00+00:00,25.467775,2.3666668,0.43466672,Pahang
2022-11-06 00:00:00+00:00,25.149725,8.566667,0.4323611,Pahang
2022-11-07 00:00:00+00:00,25.3275,12.400001,0.43533334,Pahang
2022-11-08 00:00:00+00:00,24.94486,11.599999,0.43500003,Pahang
2022-11-09 00:00:00+00:00,25.780275,11.266667,0.4340694,Pahang
2022-11-10 00:00:00+00:00,24.598333,21.233332,0.43591663,Pahang
2022-11-11 00:00:00+00:00,24.777502,18.866669,0.44237494,Pahang
2022-11-12 00:00:00+00:00,25.208055,9.866668,0.44644442,Pahang
2022-11-13 00:00:00+00:00,25.453888,19.566668,0.45027778,Pahang
2022-11-14 00:00:00+00:00,25.446945,21.633333,0.4532778,Pahang
2022-11-15 00:00:00+00:00,25.680275,8.799999,0.45355558,Pahang
2022-11-16 00:00:00+00:00,25.656668,34.56667,0.45620832,Pahang
2022-11-17 00:00:00+00:00,25.792778,8.033333,0.45734724,Pahang
2022-11-18 00:00:00+00:00,25.612223,8.366668,0.45676395,Pahang
2022-11-19 00:00:00+00:00,25.576113,16.266666,0.45618048,Pahang
2022-11-20 00:00:00+00:00,26.492777,2.2666667,0.4544722,Pahang
2022-11-21 00:00:00+00:00,26.49486,4.9666667,0.45259726,Pahang
2022-11-22 00:00:00+00:00,26.99,0.53333336,0.44975004,Pahang
2022-11-23 00:00:00+00:00,27.203888,1.3,0.44670832,Pahang
2022-11-24 00:00:00+00:00,26.412222,7.833334,0.44358334,Pahang
2022-11-25 00:00:00+00:00,25.814306,0.9333334,0.4406666,Pahang
2022-11-26 00:00:00+00:00,25.690695,18.4,0.43850005,Pahang
2022-11-27 00:00:00+00:00,25.049026,16.333334,0.4371667,Pahang
2022-11-28 00:00:00+00:00,25.669167,11.133334,0.43415275,Pahang
2022-11-29 00:00:00+00:00,25.46569,12.366668,0.43350002,Pahang
2022-11-30 00:00:00+00:00,25.379585,10.800002,0.43388894,Pahang
2022-12-01 00:00:00+00:00,25.332361,7.366667,0.4383889,Pahang
2022-12-02 00:00:00+00:00,24.920557,21.66667,0.44152775,Pahang
2022-12-03 00:00:00+00:00,25.438614,13.900001,0.44616663,Pahang
2022-12-04 00:00:00+00:00,25.04486,15.133334,0.45012507,Pahang
2022-12-05 00:00:00+00:00,25.430975,12.900001,0.4520556,Pahang
2022-12-06 00:00:00+00:00,25.49764,10.866668,0.45427772,Pahang
2022-12-07 00:00:00+00:00,25.689306,6.633333,0.45431945,Pahang
2022-12-08 00:00:00+00:00,24.896942,38.666668,0.46029165,Pahang
2022-12-09 00:00:00+00:00,24.63236,12.500001,0.48081943,Pahang
2022-12-10 00:00:00+00:00,24.130278,33.9,0.49444446,Pahang
2022-12-11 00:00:00+00:00,24.478888,23.433334,0.48479167,Pahang
2022-12-12 00:00:00+00:00,24.641388,17.199999,0.49012503,Pahang
2022-12-13 00:00:00+00:00,24.15597,38.599995,0.49631944,Pahang
2022-12-14 00:00:00+00:00,24.5525,26.000002,0.49744442,Pahang
2022-12-15 00:00:00+00:00,24.330278,7.2000003,0.5034999,Pahang
2022-12-16 00:00:00+00:00,24.877497,14.166667,0.50387496,Pahang
2022-12-17 00:00:00+00:00,24.45111,22.066666,0.5023333,Pahang
2022-12-18 00:00:00+00:00,24.359444,30.0,0.5059583,Pahang
2022-12-19 00:00:00+00:00,24.135834,7.433334,0.5032361,Pahang
2022-12-20 00:00:00+00:00,23.811525,27.633331,0.49830556,Pahang
2022-12-21 00:00:00+00:00,24.22611,14.166667,0.49288893,Pahang
2022-12-22 00:00:00+00:00,24.474028,17.5,0.48993054,Pahang
2022-12-23 00:00:00+00:00,24.824028,6.133333,0.48977783,Pahang
2022-12-24 00:00:00+00:00,25.219168,0.90000004,0.4822917,Pahang
2022-12-25 00:00:00+00:00,25.334444,0.6666667,0.47481942,Pahang
2022-12-26 00:00:00+00:00,24.669167,0.29999998,0.46866664,Pahang
2022-12-27 00:00:00+00:00,25.320557,2.166667,0.4630556,Pahang
2022-12-28 00:00:00+00:00,25.343475,1.4,0.45805553,Pahang
2022-12-29 00:00:00+00:00,24.712221,2.8,0.4525417,Pahang
2022-12-30 00:00:00+00:00,25.679583,0.3,0.44797227,Pahang
2022-12-31 00:00:00+00:00,25.608055,0.9333334,0.44500002,Pahang
2023-01-01 00:00:00+00:00,25.790695,0.0,0.43879166,Pahang
2023-01-02 00:00:00+00:00,25.584444,0.0,0.43386117,Pahang
2023-01-03 00:00:00+00:00,25.418472,3.7666664,0.43170834,Pahang
2023-01-04 00:00:00+00:00,25.22125,2.3666666,0.429389,Pahang
2023-01-05 00:00:00+00:00,25.86708,0.6666667,0.42402777,Pahang
2023-01-06 00:00:00+00:00,25.295555,11.0666685,0.41915274,Pahang
2023-01-07 00:00:00+00:00,24.90875,12.633334,0.41529167,Pahang
2023-01-08 00:00:00+00:00,24.894165,15.166669,0.41183338,Pahang
2023-01-09 00:00:00+00:00,25.060835,14.133334,0.41026393,Pahang
2023-01-10 00:00:00+00:00,25.144165,18.366667,0.40890276,Pahang
2023-01-11 00:00:00+00:00,24.98375,12.799999,0.40834725,Pahang
2023-01-12 00:00:00+00:00,24.867777,16.566668,0.4100833,Pahang
2023-01-13 00:00:00+00:00,25.955276,4.5333333,0.41036114,Pahang
2023-01-14 00:00:00+00:00,25.528193,8.633334,0.41023612,Pahang
2023-01-15 00:00:00+00:00,25.257362,9.433333,0.4093611,Pahang
2023-01-16 00:00:00+00:00,25.428888,2.3666668,0.40830562,Pahang
2023-01-17 00:00:00+00:00,25.244165,0.9666667,0.4069027,Pahang
2023-01-18 00:00:00+00:00,24.908056,6.3666673,0.40520826,Pahang
2023-01-19 00:00:00+00:00,25.169168,7.8999996,0.40361118,Pahang
2023-01-20 00:00:00+00:00,25.420555,7.733333,0.40187502,Pahang
2023-01-21 00:00:00+00:00,23.58375,27.566666,0.40220836,Pahang
2023-01-22 00:00:00+00:00,24.151804,13.100001,0.40929163,Pahang
2023-01-23 00:00:00+00:00,25.065002,13.266665,0.4122639,Pahang
2023-01-24 00:00:00+00:00,24.361526,16.266665,0.41769445,Pahang
2023-01-25 00:00:00+00:00,23.710142,5.1666665,0.42379165,Pahang
2023-01-26 00:00:00+00:00,24.565695,1.2333335,0.42576393,Pahang
2023-01-27 00:00:00+00:00,24.558748,18.733332,0.4276805,Pahang
2023-01-28 00:00:00+00:00,24.203196,8.666667,0.43138885,Pahang
2023-01-29 00:00:00+00:00,23.839998,3.4666662,0.43911108,Pahang
2023-01-30 00:00:00+00:00,24.101805,3.3666668,0.442125,Pahang
2023-01-31 00:00:00+00:00,23.920557,13.633334,0.44280562,Pahang
2023-02-01 00:00:00+00:00,24.93722,1.4333334,0.4447361,Pahang
2023-02-02 00:00:00+00:00,24.712915,10.466666,0.44437504,Pahang
2023-02-03 00:00:00+00:00,24.672638,14.466667,0.44625,Pahang
2023-02-04 00:00:00+00:00,24.89625,4.833334,0.4505833,Pahang
2023-02-05 00:00:00+00:00,24.592081,23.166666,0.45575,Pahang
2023-02-06 00:00:00+00:00,23.5025,33.13333,0.47616664,Pahang
2023-02-07 00:00:00+00:00,25.519861,1.8000001,0.4841111,Pahang
2023-02-08 00:00:00+00:00,25.148333,9.599999,0.48252776,Pahang
2023-02-09 00:00:00+00:00,25.918472,0.7,0.47945833,Pahang
2023-02-10 00:00:00+00:00,25.81153,5.7333336,0.4753751,Pahang
2023-02-11 00:00:00+00:00,24.750414,9.566667,0.47095823,Pahang
2023-02-12 00:00:00+00:00,25.162916,6.2000003,0.46825004,Pahang
2023-02-13 00:00:00+00:00,25.381666,5.8666673,0.46640268,Pahang
2023-02-14 00:00:00+00:00,25.268473,13.666667,0.4640139,Pahang
2023-02-15 00:00:00+00:00,25.192774,2.8333333,0.46315274,Pahang
2023-02-16 00:00:00+00:00,25.45111,0.56666666,0.46083334,Pahang
2023-02-17 00:00:00+00:00,25.037222,3.1000001,0.45794448,Pahang
2023-02-18 00:00:00+00:00,25.585833,3.5666666,0.45470834,Pahang
2023-02-19 00:00:00+00:00,25.795555,2.9000003,0.45225003,Pahang
2023-02-20 00:00:00+00:00,25.506666,1.7333332,0.44965282,Pahang
2023-02-21 00:00:00+00:00,25.328888,3.7,0.4461805,Pahang
2023-02-22 00:00:00+00:00,25.430971,4.2333336,0.44291675,Pahang
2023-02-23 00:00:00+00:00,25.815695,1.3000001,0.43981946,Pahang
2023-02-24 00:00:00+00:00,25.594862,0.70000005,0.4362361,Pahang
2023-02-25 00:00:00+00:00,25.514303,0.9333334,0.43284726,Pahang
2023-02-26 00:00:00+00:00,25.460833,0.8333333,0.42997226,Pahang
2023-02-27 00:00:00+00:00,25.548332,0.59999996,0.42680553,Pahang
2023-02-28 00:00:00+00:00,24.230972,36.5,0.42538893,Pahang
2023-03-01 00:00:00+00:00,22.892778,45.8,0.44958338,Pahang
2023-03-02 00:00:00+00:00,24.06222,16.433334,0.46875,Pahang
2023-03-03 00:00:00+00:00,23.940695,22.900002,0.48424995,Pahang
2023-03-04 00:00:00+00:00,23.762917,3.9333334,0.49173614,Pahang
2023-03-05 00:00:00+00:00,23.547638,1.9000001,0.49172214,Pahang
2023-03-06 00:00:00+00:00,24.912918,0.23333335,0.4885277,Pahang
2023-03-07 00:00:00+00:00,25.122637,1.1666666,0.48490283,Pahang
2023-03-08 00:00:00+00:00,25.295555,1.9333333,0.48131943,Pahang
2023-03-09 00:00:00+00:00,25.359442,3.2,0.47833335,Pahang
2023-03-10 00:00:00+00:00,24.788612,14.366666,0.47602773,Pahang
2023-03-11 00:00:00+00:00,25.250418,13.5666685,0.47256947,Pahang
2023-03-12 00:00:00+00:00,25.572638,3.1666667,0.46840277,Pahang
2023-03-13 00:00:00+00:00,25.02542,0.70000005,0.4641111,Pahang
2023-03-14 00:00:00+00:00,25.086527,0.36666667,0.45998612,Pahang
2023-03-15 00:00:00+00:00,25.220556,0.0,0.45555553,Pahang
2023-03-16 00:00:00+00:00,25.727499,0.6666667,0.45162496,Pahang
2023-03-17 00:00:00+00:00,25.918472,1.2,0.44711113,Pahang
2023-03-18 00:00:00+00:00,26.051111,2.1666667,0.44230556,Pahang
2023-03-19 00:00:00+00:00,26.565,2.466667,0.43809733,Pahang
2023-03-20 00:00:00+00:00,26.207361,4.4666667,0.4338611,Pahang
2023-03-21 00:00:00+00:00,26.631666,1.4000001,0.4304861,Pahang
2023-03-22 00:00:00+00:00,26.836527,3.8333333,0.42625,Pahang
2023-03-23 00:00:00+00:00,26.262917,11.733335,0.42313886,Pahang
2023-03-24 00:00:00+00:00,26.130972,6.466667,0.4200417,Pahang
2023-03-25 00:00:00+00:00,24.917778,20.066668,0.4173472,Pahang
2023-03-26 00:00:00+00:00,26.615694,9.3,0.4150277,Pahang
2023-03-27 00:00:00+00:00,25.942083,3.9999993,0.41334724,Pahang
2023-03-28 00:00:00+00:00,26.82611,0.9333334,0.4106389,Pahang
2023-03-29 00:00:00+00:00,26.563612,2.4333332,0.40734717,Pahang
2023-03-30 00:00:00+00:00,26.481667,2.4666665,0.40502778,Pahang
2023-03-31 00:00:00+00:00,26.736526,1.8333331,0.40209725,Pahang
2023-04-01 00:00:00+00:00,26.624723,12.533333,0.39920834,Pahang
2023-04-02 00:00:00+00:00,25.903196,42.966663,0.39755556,Pahang
2023-04-03 00:00:00+00:00,25.339304,3.5,0.39761117,Pahang
2023-04-04 00:00:00+00:00,26.810831,8.4,0.39716673,Pahang
2023-04-05 00:00:00+00:00,25.366386,9.200001,0.40333328,Pahang
2023-04-06 00:00:00+00:00,25.969864,10.299999,0.40659723,Pahang
2023-04-07 00:00:00+00:00,25.376112,5.566667,0.40736112,Pahang
2023-04-08 00:00:00+00:00,26.165,5.233333,0.40697226,Pahang
2023-04-09 00:00:00+00:00,26.756666,0.29999998,0.4053611,Pahang
2023-04-10 00:00:00+00:00,26.67611,0.73333335,0.40327784,Pahang
2023-04-11 00:00:00+00:00,27.578888,0.033333335,0.39979157,Pahang
2023-04-12 00:00:00+00:00,27.926107,3.3000002,0.3969306,Pahang
2023-04-13 00:00:00+00:00,28.017776,1.7333332,0.39398608,Pahang
2023-04-14 00:00:00+00:00,28.569168,2.2666667,0.39040276,Pahang
2023-04-15 00:00:00+00:00,28.464304,0.8,0.3871806,Pahang
2023-04-16 00:00:00+00:00,27.785833,12.233334,0.38363886,Pahang
2023-04-17 00:00:00+00:00,28.19139,2.7,0.3797222,Pahang
2023-04-18 00:00:00+00:00,28.1775,9.766667,0.37694442,Pahang
2023-04-19 00:00:00+00:00,27.081665,12.600001,0.3746806,Pahang
2023-04-20 00:00:00+00:00,27.667776,0.56666666,0.37329173,Pahang
2023-04-21 00:00:00+00:00,27.369164,9.0,0.37162498,Pahang
2023-04-22 00:00:00+00:00,27.57055,7.233333,0.3689027,Pahang
2023-04-23 00:00:00+00:00,27.693474,2.6666667,0.3650833,Pahang
2023-04-24 00:00:00+00:00,27.200417,6.933334,0.36241665,Pahang
2023-04-25 00:00:00+00:00,26.446249,6.7999997,0.36136115,Pahang
2023-04-26 00:00:00+00:00,27.079584,4.6000004,0.35983333,Pahang
2023-04-27 00:00:00+00:00,26.609444,8.233334,0.35880557,Pahang
2023-04-28 00:00:00+00:00,26.378195,16.199999,0.35768056,Pahang
2023-04-29 00:00:00+00:00,27.030973,9.100001,0.35647222,Pahang
2023-04-30 00:00:00+00:00,26.380974,11.733334,0.35580555,Pahang
2023-05-01 00:00:00+00:00,26.974028,3.2666664,0.35599998,Pahang
2023-05-02 00:00:00+00:00,26.812223,6.966667,0.3565,Pahang
2023-05-03 00:00:00+00:00,26.680277,7.433334,0.35731947,Pahang
2023-05-04 00:00:00+00:00,27.192085,7.2333336,0.3577361,Pahang
2023-05-05 00:00:00+00:00,27.084444,8.533334,0.35851386,Pahang
2023-05-06 00:00:00+00:00,27.32472,9.266667,0.35848615,Pahang
2023-05-07 00:00:00+00:00,27.777502,2.1666667,0.35781947,Pahang
2023-05-08 00:00:00+00:00,28.120552,6.5333333,0.35668054,Pahang
2023-05-09 00:00:00+00:00,28.931665,0.33333334,0.35486114,Pahang
2023-05-10 00:00:00+00:00,28.62889,2.0,0.35297218,Pahang
2023-05-11 00:00:00+00:00,27.99903,2.466667,0.351375,Pahang
2023-05-12 00:00:00+00:00,28.437223,1.6,0.34994444,Pahang
2023-05-13 00:00:00+00:00,28.919863,3.8,0.34752783,Pahang
2023-05-14 00:00:00+00:00,27.203194,3.3666668,0.34598604,Pahang
2023-05-15 00:00:00+00:00,27.710836,7.866667,0.3444722,Pahang
2023-05-16 00:00:00+00:00,26.933058,10.3,0.34372225,Pahang
2023-05-17 00:00:00+00:00,27.251112,8.833333,0.34316668,Pahang
2023-05-18 00:00:00+00:00,27.019165,12.866666,0.3420972,Pahang
2023-05-19 00:00:00+00:00,26.894861,7.2666664,0.3413889,Pahang
2023-05-20 00:00:00+00:00,27.742086,9.433333,0.34048605,Pahang
2023-05-21 00:00:00+00:00,27.12264,1.1666666,0.3398889,Pahang
2023-05-22 00:00:00+00:00,28.262917,0.2,0.3389306,Pahang
2023-05-23 00:00:00+00:00,28.594858,0.0,0.33762503,Pahang
2023-05-24 00:00:00+00:00,28.71361,1.4000001,0.33515272,Pahang
2023-05-25 00:00:00+00:00,27.90389,13.600001,0.3325555,Pahang
2023-05-26 00:00:00+00:00,27.605972,4.333333,0.33193052,Pahang
2023-05-27 00:00:00+00:00,28.370554,0.7666667,0.33104166,Pahang
2023-05-28 00:00:00+00:00,28.753891,1.2333333,0.32973608,Pahang
2023-05-29 00:00:00+00:00,29.463608,0.06666667,0.3282083,Pahang
2023-05-30 00:00:00+00:00,29.341387,2.6000001,0.3265694,Pahang
2023-05-31 00:00:00+00:00,29.847641,0.46666667,0.32448617,Pahang
2023-06-01 00:00:00+00:00,28.395555,4.7999997,0.3218472,Pahang
2023-06-02 00:00:00+00:00,30.166388,0.53333336,0.31868055,Pahang
2023-06-03 00:00:00+00:00,28.854578,9.266666,0.3147778,Pahang
2023-06-04 00:00:00+00:00,28.098335,0.9333334,0.31231934,Pahang
2023-06-05 00:00:00+00:00,27.573334,7.3000007,0.31066668,Pahang
2023-06-06 00:00:00+00:00,28.017778,0.033333335,0.3093472,Pahang
2023-06-07 00:00:00+00:00,27.589998,1.5999999,0.30836108,Pahang
2023-06-08 00:00:00+00:00,27.282364,9.133332,0.30755556,Pahang
2023-06-09 00:00:00+00:00,27.41153,13.2,0.30576387,Pahang
2023-06-10 00:00:00+00:00,27.592085,3.5333335,0.3043333,Pahang
2023-06-11 00:00:00+00:00,27.07264,13.833335,0.30366665,Pahang
2023-06-12 00:00:00+00:00,27.649721,3.7,0.30362496,Pahang
2023-06-13 00:00:00+00:00,27.878197,10.033334,0.30262494,Pahang
2023-06-14 00:00:00+00:00,27.62403,0.1,0.30166662,Pahang
2023-06-15 00:00:00+00:00,27.824026,1.5333333,0.3009583,Pahang
2023-06-16 00:00:00+00:00,28.585833,0.33333334,0.29922232,Pahang
2023-06-17 00:00:00+00:00,28.094862,8.066667,0.29637495,Pahang
2023-06-18 00:00:00+00:00,26.875418,4.3333335,0.29543054,Pahang
2023-06-19 00:00:00+00:00,27.961527,0.56666666,0.29634723,Pahang
2023-06-20 00:00:00+00:00,28.480974,2.2333333,0.29611114,Pahang
2023-06-21 00:00:00+00:00,27.039307,9.2,0.2951806,Pahang
2023-06-22 00:00:00+00:00,26.731667,19.266668,0.29444444,Pahang
2023-06-23 00:00:00+00:00,26.970556,11.933334,0.29324996,Pahang
2023-06-24 00:00:00+00:00,26.581667,5.9666667,0.29427776,Pahang
2023-06-25 00:00:00+00:00,26.901114,10.133333,0.29668054,Pahang
2023-06-26 00:00:00+00:00,27.056665,3.1666667,0.29672226,Pahang
2023-06-27 00:00:00+00:00,27.629583,12.633334,0.29833332,Pahang
2023-06-28 00:00:00+00:00,27.62889,2.8666666,0.2996667,Pahang
2023-06-29 00:00:00+00:00,28.087915,0.93333334,0.29899997,Pahang
2023-06-30 00:00:00+00:00,27.696945,4.5,0.29754162,Pahang
2023-07-01 00:00:00+00:00,27.853888,0.4,0.2964583,Pahang
2023-07-02 00:00:00+00:00,27.208746,8.133333,0.2963333,Pahang
2023-07-03 00:00:00+00:00,27.626806,5.433333,0.296,Pahang
2023-07-04 00:00:00+00:00,27.211527,10.299999,0.29536113,Pahang
2023-07-05 00:00:00+00:00,26.785833,6.3333335,0.29466674,Pahang
2023-07-06 00:00:00+00:00,27.050417,0.8,0.29386112,Pahang
2023-07-07 00:00:00+00:00,26.660135,16.9,0.29391664,Pahang
2023-07-08 00:00:00+00:00,26.934443,12.733334,0.29408333,Pahang
2023-07-09 00:00:00+00:00,27.080278,2.6000001,0.2947361,Pahang
2023-07-10 00:00:00+00:00,27.256668,14.733334,0.29666662,Pahang
2023-07-11 00:00:00+00:00,26.14972,10.7,0.29744437,Pahang
2023-07-12 00:00:00+00:00,26.540695,5.8333335,0.29829165,Pahang
2023-07-13 00:00:00+00:00,26.876802,7.766668,0.29927775,Pahang
2023-07-14 00:00:00+00:00,27.027498,4.0,0.30027774,Pahang
2023-07-15 00:00:00+00:00,28.07264,0.033333335,0.3009583,Pahang
2023-07-16 00:00:00+00:00,28.570557,0.0,0.30091664,Pahang
2023-07-17 00:00:00+00:00,28.546247,2.9333334,0.30055556,Pahang
2023-07-18 00:00:00+00:00,27.705973,1.1333333,0.30011106,Pahang
2023-07-19 00:00:00+00:00,26.675415,8.433333,0.29999995,Pahang
2023-07-20 00:00:00+00:00,26.226805,5.4666667,0.30024993,Pahang
2023-07-21 00:00:00+00:00,27.014307,1.9666666,0.30033335,Pahang
2023-07-22 00:00:00+00:00,27.371943,4.2666664,0.29970828,Pahang
2023-07-23 00:00:00+00:00,26.929583,6.8333335,0.29916665,Pahang
2023-07-24 00:00:00+00:00,28.694168,3.1666667,0.29809716,Pahang
2023-07-25 00:00:00+00:00,29.769861,1.7666668,0.29712498,Pahang
2023-07-26 00:00:00+00:00,28.404585,3.6333332,0.2959167,Pahang
2023-07-27 00:00:00+00:00,28.751808,0.50000006,0.29441667,Pahang
2023-07-28 00:00:00+00:00,29.68236,1.3000001,0.29284725,Pahang
2023-07-29 00:00:00+00:00,28.56153,5.5333333,0.29230556,Pahang
2023-07-30 00:00:00+00:00,28.562223,7.3333325,0.2924861,Pahang
2023-07-31 00:00:00+00:00,28.984444,0.76666665,0.2918472,Pahang
2023-08-01 00:00:00+00:00,28.645554,2.6666667,0.29134727,Pahang
2023-08-02 00:00:00+00:00,28.003195,16.833334,0.2894861,Pahang
2023-08-03 00:00:00+00:00,27.39,4.233333,0.2886667,Pahang
2023-08-04 00:00:00+00:00,27.057364,10.766667,0.289,Pahang
2023-08-05 00:00:00+00:00,26.765,14.233333,0.2887639,Pahang
2023-08-06 00:00:00+00:00,28.140696,0.6333334,0.2884167,Pahang
2023-08-07 00:00:00+00:00,28.383057,3.4000003,0.28811112,Pahang
2023-08-08 00:00:00+00:00,27.18514,10.066667,0.28673604,Pahang
2023-08-09 00:00:00+00:00,27.259445,15.900002,0.2857083,Pahang
2023-08-10 00:00:00+00:00,26.79139,7.1333337,0.28433335,Pahang
2023-08-11 00:00:00+00:00,27.243471,5.7666664,0.28323618,Pahang
2023-08-12 00:00:00+00:00,26.619165,4.8333335,0.28261113,Pahang
2023-08-13 00:00:00+00:00,27.3525,15.0,0.28205553,Pahang
2023-08-14 00:00:00+00:00,25.642776,7.1000004,0.28173614,Pahang
2023-08-15 00:00:00+00:00,26.090696,3.6333332,0.28184727,Pahang
2023-08-16 00:00:00+00:00,25.865,15.0,0.2816667,Pahang
2023-08-17 00:00:00+00:00,25.815695,17.133333,0.28194448,Pahang
2023-08-18 00:00:00+00:00,25.82264,7.1000004,0.2829028,Pahang
2023-08-19 00:00:00+00:00,26.69139,7.2000003,0.28280556,Pahang
2023-08-20 00:00:00+00:00,27.754583,3.4666665,0.28266677,Pahang
2023-08-21 00:00:00+00:00,26.74,7.133333,0.28280562,Pahang
2023-08-22 00:00:00+00:00,27.096941,5.333333,0.28300005,Pahang
2023-08-23 00:00:00+00:00,28.142776,3.2333336,0.28254175,Pahang
2023-08-24 00:00:00+00:00,28.38514,3.4333334,0.28172228,Pahang
2023-08-25 00:00:00+00:00,26.56639,14.666667,0.28150007,Pahang
2023-08-26 00:00:00+00:00,26.413612,14.3,0.28126392,Pahang
2023-08-27 00:00:00+00:00,27.140692,10.1,0.28084725,Pahang
2023-08-28 00:00:00+00:00,27.389303,3.1666663,0.28119445,Pahang
2023-08-29 00:00:00+00:00,26.996946,17.999998,0.28083333,Pahang
2023-08-30 00:00:00+00:00,27.791388,8.200001,0.2805972,Pahang
2023-08-31 00:00:00+00:00,26.569862,17.233334,0.2805417,Pahang
2023-09-01 00:00:00+00:00,26.833054,11.366666,0.28066668,Pahang
2023-09-02 00:00:00+00:00,28.031664,7.2666664,0.28084722,Pahang
2023-09-03 00:00:00+00:00,28.355972,1.2333333,0.28056943,Pahang
2023-09-04 00:00:00+00:00,26.967081,13.933334,0.28050002,Pahang
2023-09-05 00:00:00+00:00,26.382362,41.2,0.28045833,Pahang
2023-09-06 00:00:00+00:00,25.767082,19.833332,0.28684723,Pahang
2023-09-07 00:00:00+00:00,25.920555,10.766666,0.29209724,Pahang
2023-09-08 00:00:00+00:00,26.024721,10.5,0.29508334,Pahang
2023-09-09 00:00:00+00:00,26.317083,2.6333332,0.2971805,Pahang
2023-09-10 00:00:00+00:00,26.556664,3.6333332,0.29848608,Pahang
2023-09-11 00:00:00+00:00,26.269165,18.900002,0.2986111,Pahang
2023-09-12 00:00:00+00:00,27.498331,3.033333,0.29895833,Pahang
2023-09-13 00:00:00+00:00,27.714308,8.833333,0.29938883,Pahang
2023-09-14 00:00:00+00:00,28.0775,0.6333334,0.29891667,Pahang
2023-09-15 00:00:00+00:00,28.328196,0.8333333,0.29706946,Pahang
2023-09-16 00:00:00+00:00,27.29,12.3,0.29537505,Pahang
2023-09-17 00:00:00+00:00,26.693472,4.4333334,0.29494444,Pahang
2023-09-18 00:00:00+00:00,27.189306,8.866668,0.29458332,Pahang
2023-09-19 00:00:00+00:00,25.610832,20.733335,0.2947222,Pahang
2023-09-20 00:00:00+00:00,25.82264,20.433332,0.29627773,Pahang
2023-09-21 00:00:00+00:00,26.089304,9.833333,0.29787502,Pahang
2023-09-22 00:00:00+00:00,26.476805,1.4000001,0.29890275,Pahang
2023-09-23 00:00:00+00:00,26.424723,7.433333,0.29959717,Pahang
2023-09-24 00:00:00+00:00,26.55111,9.066667,0.2994722,Pahang
2023-09-25 00:00:00+00:00,26.587915,2.9666665,0.29956946,Pahang
2023-09-26 00:00:00+00:00,26.27125,16.066668,0.29940277,Pahang
2023-09-27 00:00:00+00:00,27.79972,1.2666668,0.2988889,Pahang
2023-09-28 00:00:00+00:00,28.301805,2.8666668,0.29827774,Pahang
2023-09-29 00:00:00+00:00,27.598333,16.666668,0.29723608,Pahang
2023-09-30 00:00:00+00:00,27.037222,5.6666665,0.29674998,Pahang
2023-10-01 00:00:00+00:00,27.426805,14.533333,0.29695836,Pahang
2023-10-02 00:00:00+00:00,26.712221,8.433333,0.29730552,Pahang
2023-10-03 00:00:00+00:00,26.419168,14.700001,0.2972916,Pahang
2023-10-04 00:00:00+00:00,27.679586,8.133334,0.29711106,Pahang
2023-10-05 00:00:00+00:00,26.914999,16.466665,0.29808334,Pahang
2023-10-06 00:00:00+00:00,26.971247,10.9333315,0.29404166,Pahang
2023-10-07 00:00:00+00:00,28.337914,1.2666667,0.2934306,Pahang
2023-10-08 00:00:00+00:00,28.504583,3.7666664,0.29277775,Pahang
2023-10-09 00:00:00+00:00,27.684443,2.8666666,0.29144442,Pahang
2023-10-10 00:00:00+00:00,27.13861,6.133333,0.2887639,Pahang
2023-10-11 00:00:00+00:00,26.680277,12.266667,0.2883334,Pahang
2023-10-12 00:00:00+00:00,27.676111,4.0,0.28754172,Pahang
2023-10-13 00:00:00+00:00,27.88722,8.900001,0.28593057,Pahang
2023-10-14 00:00:00+00:00,28.617083,1.6,0.28352776,Pahang
2023-10-15 00:00:00+00:00,26.860138,24.1,0.28133333,Pahang
2023-10-16 00:00:00+00:00,26.147642,23.366669,0.27940276,Pahang
2023-10-17 00:00:00+00:00,28.774725,4.6000004,0.2786111,Pahang
2023-10-18 00:00:00+00:00,27.074026,8.233334,0.27856943,Pahang
2023-10-19 00:00:00+00:00,26.76986,15.5666685,0.27754167,Pahang
2023-10-20 00:00:00+00:00,25.534445,23.266668,0.27599993,Pahang
2023-10-21 00:00:00+00:00,25.829584,15.599999,0.27511108,Pahang
2023-10-22 00:00:00+00:00,26.00875,8.566667,0.27473608,Pahang
2023-10-23 00:00:00+00:00,25.723333,23.300003,0.27479166,Pahang
2023-10-24 00:00:00+00:00,26.10736,10.066667,0.27404165,Pahang
2023-10-25 00:00:00+00:00,26.166388,11.7,0.27405554,Pahang
2023-10-26 00:00:00+00:00,25.560831,20.233334,0.27466664,Pahang
2023-10-27 00:00:00+00:00,26.272638,8.666667,0.27440277,Pahang
2023-10-28 00:00:00+00:00,25.567083,14.666665,0.2752083,Pahang
2023-10-29 00:00:00+00:00,25.772638,14.633335,0.27465275,Pahang
2023-10-30 00:00:00+00:00,25.871948,10.433333,0.27438888,Pahang
2023-10-31 00:00:00+00:00,26.333748,10.766667,0.27369443,Pahang
2023-11-01 00:00:00+00:00,26.158752,10.266666,0.2734444,Pahang
2023-11-02 00:00:00+00:00,26.45875,6.033333,0.27355552,Pahang
2023-11-03 00:00:00+00:00,25.81222,21.6,0.27312496,Pahang
2023-11-04 00:00:00+00:00,26.596945,6.066667,0.27244443,Pahang
2023-11-05 00:00:00+00:00,26.142776,12.366666,0.27169445,Pahang
2023-11-06 00:00:00+00:00,26.680971,13.966667,0.27063888,Pahang
2023-11-07 00:00:00+00:00,26.340002,20.6,0.26986113,Pahang
2023-11-08 00:00:00+00:00,27.014307,11.966667,0.26951388,Pahang
2023-11-09 00:00:00+00:00,26.792778,5.0333333,0.26987496,Pahang
2023-11-10 00:00:00+00:00,26.552498,8.6,0.27105558,Pahang
2023-11-11 00:00:00+00:00,26.567778,25.966665,0.27177775,Pahang
2023-11-12 00:00:00+00:00,26.365,10.366668,0.2712639,Pahang
2023-11-13 00:00:00+00:00,26.64208,11.233333,0.27209726,Pahang
2023-11-14 00:00:00+00:00,26.537916,12.5,0.27423608,Pahang
2023-11-15 00:00:00+00:00,26.219862,14.099999,0.2752222,Pahang
2023-11-16 00:00:00+00:00,26.448334,7.1000004,0.27488887,Pahang
2023-11-17 00:00:00+00:00,26.025415,16.566668,0.27633336,Pahang
2023-11-18 00:00:00+00:00,25.535835,6.8666663,0.2772639,Pahang
2023-11-19 00:00:00+00:00,25.762222,7.5,0.27880552,Pahang
2023-11-20 00:00:00+00:00,25.580278,25.700003,0.28013888,Pahang
2023-11-21 00:00:00+00:00,25.169167,38.199997,0.28656945,Pahang
2023-11-22 00:00:00+00:00,25.592081,35.5,0.29641667,Pahang
2023-11-23 00:00:00+00:00,25.60736,15.733334,0.30823612,Pahang
2023-11-24 00:00:00+00:00,25.309443,4.8666663,0.32636115,Pahang
2023-11-25 00:00:00+00:00,24.905973,9.033334,0.33388892,Pahang
2023-11-26 00:00:00+00:00,25.65597,38.066666,0.34609723,Pahang
2023-11-27 00:00:00+00:00,25.430975,7.8666663,0.3510972,Pahang
2023-11-28 00:00:00+00:00,25.205973,8.733334,0.3587917,Pahang
2023-11-29 00:00:00+00:00,25.663612,7.4666667,0.36140275,Pahang
2023-11-30 00:00:00+00:00,26.242777,8.866666,0.362125,Pahang
2023-12-01 00:00:00+00:00,25.183748,15.200001,0.3663055,Pahang
2023-12-02 00:00:00+00:00,25.569862,7.3333335,0.3785139,Pahang
2023-12-03 00:00:00+00:00,25.180277,15.966666,0.38662502,Pahang
2023-12-04 00:00:00+00:00,26.103195,7.8000007,0.39522228,Pahang
2023-12-05 00:00:00+00:00,25.740692,14.066667,0.39775,Pahang
2023-12-06 00:00:00+00:00,25.765696,5.8666663,0.3978195,Pahang
2023-12-07 00:00:00+00:00,25.241388,11.599999,0.39909723,Pahang
2023-12-08 00:00:00+00:00,26.54625,1.6666666,0.3992361,Pahang
2023-12-09 00:00:00+00:00,25.661528,13.333333,0.40170836,Pahang
2023-12-10 00:00:00+00:00,27.039999,0.26666668,0.40306947,Pahang
2023-12-11 00:00:00+00:00,25.604584,15.333333,0.40241668,Pahang
2023-12-12 00:00:00+00:00,24.976112,25.233335,0.40538886,Pahang
2023-12-13 00:00:00+00:00,25.56014,21.766668,0.41204166,Pahang
2023-12-14 00:00:00+00:00,24.949722,23.866669,0.42569447,Pahang
2023-12-15 00:00:00+00:00,25.266388,18.566668,0.42850003,Pahang
2023-12-16 00:00:00+00:00,25.59625,7.3999996,0.4315833,Pahang
2023-12-17 00:00:00+00:00,25.517776,11.7,0.43725,Pahang
2023-12-18 00:00:00+00:00,25.772638,11.066667,0.441625,Pahang
2023-12-19 00:00:00+00:00,25.583748,9.033334,0.44618055,Pahang
2023-12-20 00:00:00+00:00,26.148333,6.1666665,0.44849995,Pahang
2023-12-21 00:00:00+00:00,26.196249,5.8333335,0.4484861,Pahang
2023-12-22 00:00:00+00:00,26.610832,1.2666667,0.44793066,Pahang
2023-12-23 00:00:00+00:00,25.403193,33.8,0.44979167,Pahang
2023-12-24 00:00:00+00:00,24.864305,27.4,0.46969447,Pahang
2023-12-25 00:00:00+00:00,24.865694,23.1,0.4735972,Pahang
2023-12-26 00:00:00+00:00,24.472641,18.333336,0.4774861,Pahang
2023-12-27 00:00:00+00:00,25.512917,5.3666663,0.47751394,Pahang
2023-12-28 00:00:00+00:00,25.63514,16.833334,0.47815278,Pahang
2023-12-29 00:00:00+00:00,25.49764,17.966667,0.4785417,Pahang
2023-12-30 00:00:00+00:00,25.519165,14.366666,0.47890273,Pahang
2023-12-31 00:00:00+00:00,25.754585,6.033333,0.47659722,Pahang
2024-01-01 00:00:00+00:00,26.536528,1.3666667,0.47376397,Pahang
2024-01-02 00:00:00+00:00,26.12264,4.8000007,0.47106943,Pahang
2024-01-03 00:00:00+00:00,26.778196,1.3333334,0.46794438,Pahang
2024-01-04 00:00:00+00:00,25.579582,8.433333,0.4650139,Pahang
2024-01-05 00:00:00+00:00,25.86222,11.2,0.4632639,Pahang
2024-01-06 00:00:00+00:00,24.933748,17.633333,0.46437502,Pahang
2024-01-07 00:00:00+00:00,24.40528,15.333333,0.47480556,Pahang
2024-01-08 00:00:00+00:00,25.832361,6.1333327,0.48190275,Pahang
2024-01-09 00:00:00+00:00,25.193472,16.066668,0.49086103,Pahang
2024-01-10 00:00:00+00:00,26.081667,2.7333333,0.49255562,Pahang
2024-01-11 00:00:00+00:00,26.087915,3.833333,0.4912223,Pahang
2024-01-12 00:00:00+00:00,26.095556,0.7666667,0.48833334,Pahang
2024-01-13 00:00:00+00:00,26.251114,0.6333334,0.48519444,Pahang
2024-01-14 00:00:00+00:00,26.519165,0.033333335,0.48134723,Pahang
2024-01-15 00:00:00+00:00,25.265696,20.300001,0.47897223,Pahang
2024-01-16 00:00:00+00:00,25.144861,10.2,0.47780553,Pahang
2024-01-17 00:00:00+00:00,24.771944,22.633331,0.47861114,Pahang
2024-01-18 00:00:00+00:00,25.642776,11.733334,0.47691655,Pahang
2024-01-19 00:00:00+00:00,26.244864,5.766667,0.47598615,Pahang
2024-01-20 00:00:00+00:00,24.67125,15.900001,0.47456947,Pahang
2024-01-21 00:00:00+00:00,24.766388,11.900001,0.47620833,Pahang
2024-01-22 00:00:00+00:00,25.117777,26.666666,0.4809583,Pahang
2024-01-23 00:00:00+00:00,24.687223,26.066666,0.48898602,Pahang
2024-01-24 00:00:00+00:00,24.880972,15.333333,0.48751393,Pahang
2024-01-25 00:00:00+00:00,24.400415,26.966667,0.49230552,Pahang
2024-01-26 00:00:00+00:00,25.08097,8.8,0.49244443,Pahang
2024-01-27 00:00:00+00:00,25.743471,2.3999999,0.4898194,Pahang
2024-01-28 00:00:00+00:00,25.509445,2.1,0.4859167,Pahang
2024-01-29 00:00:00+00:00,25.28861,5.0666666,0.48383328,Pahang
2024-01-30 00:00:00+00:00,25.365,4.5333333,0.47981945,Pahang
2024-01-31 00:00:00+00:00,25.738611,4.1,0.47743058,Pahang
2024-02-01 00:00:00+00:00,25.626806,11.5,0.47501394,Pahang
2024-02-02 00:00:00+00:00,25.970556,10.633334,0.47279164,Pahang
2024-02-03 00:00:00+00:00,26.571945,0.70000005,0.47262502,Pahang
2024-02-04 00:00:00+00:00,26.544167,0.13333334,0.4695278,Pahang
2024-02-05 00:00:00+00:00,26.699028,0.13333334,0.46550003,Pahang
2024-02-06 00:00:00+00:00,27.055971,1.3000001,0.46130553,Pahang
2024-02-07 00:00:00+00:00,26.760834,4.7999997,0.45681942,Pahang
2024-02-08 00:00:00+00:00,26.765,5.0000005,0.4510833,Pahang
2024-02-09 00:00:00+00:00,26.50736,0.0,0.44562504,Pahang
2024-02-10 00:00:00+00:00,25.744164,4.1,0.4417361,Pahang
2024-02-11 00:00:00+00:00,26.218473,1.5333333,0.43798614,Pahang
2024-02-12 00:00:00+00:00,26.515,1.4333334,0.4333056,Pahang
2024-02-13 00:00:00+00:00,26.528193,2.5333335,0.4304583,Pahang
2024-02-14 00:00:00+00:00,26.77125,2.6333334,0.42673612,Pahang
2024-02-15 00:00:00+00:00,26.799723,1.3333334,0.42005554,Pahang
2024-02-16 00:00:00+00:00,26.828196,1.0333334,0.4137361,Pahang
2024-02-17 00:00:00+00:00,26.693472,0.3666667,0.40849996,Pahang
2024-02-18 00:00:00+00:00,26.822638,5.7666664,0.40451396,Pahang
2024-02-19 00:00:00+00:00,26.839304,8.366666,0.39972225,Pahang
2024-02-20 00:00:00+00:00,27.242777,3.6000001,0.39177784,Pahang
2024-02-21 00:00:00+00:00,27.094168,2.8333333,0.38545835,Pahang
2024-02-22 00:00:00+00:00,27.510138,1.4,0.3801806,Pahang
2024-02-23 00:00:00+00:00,27.485144,1.1333333,0.3719583,Pahang
2024-02-24 00:00:00+00:00,27.633057,0.43333337,0.3643472,Pahang
2024-02-25 00:00:00+00:00,27.737917,0.7666667,0.35644436,Pahang
2024-02-26 00:00:00+00:00,27.717081,1.8666667,0.35015282,Pahang
2024-02-27 00:00:00+00:00,27.818472,1.1,0.3456111,Pahang
2024-02-28 00:00:00+00:00,27.993475,0.0,0.34134722,Pahang
2024-02-29 00:00:00+00:00,28.469862,0.33333334,0.33745834,Pahang
2024-03-01 00:00:00+00:00,26.164999,20.5,0.33411106,Pahang
2024-03-02 00:00:00+00:00,26.285141,12.3,0.33143058,Pahang
2024-03-03 00:00:00+00:00,25.759445,13.033333,0.33018053,Pahang
2024-03-04 00:00:00+00:00,27.08861,3.3666666,0.32838896,Pahang
2024-03-05 00:00:00+00:00,25.91361,16.566666,0.32373616,Pahang
2024-03-06 00:00:00+00:00,27.354582,10.3,0.31944445,Pahang
2024-03-07 00:00:00+00:00,27.339998,11.166667,0.3162917,Pahang
2024-03-08 00:00:00+00:00,26.934443,4.966667,0.3157917,Pahang
2024-03-09 00:00:00+00:00,26.865694,7.8000007,0.3160139,Pahang
2024-03-10 00:00:00+00:00,27.2525,0.7666667,0.31247225,Pahang
2024-03-11 00:00:00+00:00,27.72889,0.13333334,0.30655554,Pahang
2024-03-12 00:00:00+00:00,27.704584,0.5,0.30169448,Pahang
2024-03-13 00:00:00+00:00,27.95597,0.2,0.29791668,Pahang
2024-03-14 00:00:00+00:00,28.262917,0.13333334,0.2950417,Pahang
2024-03-15 00:00:00+00:00,28.3025,0.36666667,0.29363886,Pahang
2024-03-16 00:00:00+00:00,28.79625,0.5,0.29279163,Pahang
2024-03-17 00:00:00+00:00,28.633749,1.2333335,0.2920417,Pahang
2024-03-18 00:00:00+00:00,28.98236,1.5333333,0.29048613,Pahang
2024-03-19 00:00:00+00:00,29.23792,1.6,0.2891667,Pahang
2024-03-20 00:00:00+00:00,27.342081,7.0333333,0.28838885,Pahang
2024-03-21 00:00:00+00:00,27.066385,12.900001,0.28762498,Pahang
2024-03-22 00:00:00+00:00,28.73236,0.96666664,0.28751385,Pahang
2024-03-23 00:00:00+00:00,29.103195,0.26666668,0.28687495,Pahang
2024-03-24 00:00:00+00:00,29.678888,0.53333336,0.28590277,Pahang
2024-03-25 00:00:00+00:00,29.455276,4.7000003,0.28433326,Pahang
2024-03-26 00:00:00+00:00,29.622637,0.93333334,0.28345832,Pahang
2024-03-27 00:00:00+00:00,29.906668,2.3,0.28222218,Pahang
2024-03-28 00:00:00+00:00,29.730278,2.5333333,0.28126386,Pahang
2024-03-29 00:00:00+00:00,29.193472,8.233334,0.28108332,Pahang
2024-03-30 00:00:00+00:00,28.60111,10.599999,0.28027776,Pahang
2024-03-31 00:00:00+00:00,27.70597,14.400002,0.2792361,Pahang
2024-04-01 00:00:00+00:00,28.203886,12.466666,0.27827775,Pahang
2024-04-02 00:00:00+00:00,29.209448,2.1333334,0.2776527,Pahang
2024-04-03 00:00:00+00:00,28.396942,12.733334,0.27799997,Pahang
2024-04-04 00:00:00+00:00,27.846945,55.600002,0.2806528,Pahang
2024-04-05 00:00:00+00:00,29.59833,0.13333334,0.27616665,Pahang
2024-04-06 00:00:00+00:00,29.67611,0.033333335,0.27656946,Pahang
2024-04-07 00:00:00+00:00,30.301805,0.90000004,0.27636114,Pahang
2024-04-08 00:00:00+00:00,29.003885,16.066668,0.2760278,Pahang
2024-04-09 00:00:00+00:00,26.932358,22.966667,0.27690274,Pahang
2024-04-10 00:00:00+00:00,26.810837,6.9,0.27699995,Pahang
2024-04-11 00:00:00+00:00,28.537224,1.0000001,0.27737498,Pahang
2024-04-12 00:00:00+00:00,28.581663,1.7666668,0.27751386,Pahang
2024-04-13 00:00:00+00:00,28.011526,5.7666664,0.27723607,Pahang
2024-04-14 00:00:00+00:00,26.567778,22.166666,0.27737495,Pahang
2024-04-15 00:00:00+00:00,28.170555,4.3333335,0.2779166,Pahang
2024-04-16 00:00:00+00:00,27.85389,7.8333325,0.27799997,Pahang
2024-04-17 00:00:00+00:00,27.20111,4.5666666,0.27799997,Pahang
2024-04-18 00:00:00+00:00,26.111526,18.566666,0.27826384,Pahang
2024-04-19 00:00:00+00:00,27.637917,11.400001,0.2781805,Pahang
2024-04-20 00:00:00+00:00,26.842081,24.033335,0.27802777,Pahang
2024-04-21 00:00:00+00:00,27.469858,11.833333,0.2793194,Pahang
2024-04-22 00:00:00+00:00,27.980974,6.366667,0.2804583,Pahang
2024-04-23 00:00:00+00:00,28.226112,9.366667,0.2814583,Pahang
2024-04-24 00:00:00+00:00,28.52056,3.2666667,0.28249994,Pahang
2024-04-25 00:00:00+00:00,27.210138,9.400002,0.28266668,Pahang
2024-04-26 00:00:00+00:00,27.437918,11.766666,0.28244445,Pahang
2024-04-27 00:00:00+00:00,27.834442,9.966667,0.28274998,Pahang
2024-04-28 00:00:00+00:00,27.644167,8.266666,0.28298607,Pahang
2024-04-29 00:00:00+00:00,28.987223,9.033333,0.283,Pahang
2024-04-30 00:00:00+00:00,27.685835,13.100001,0.28330556,Pahang
2024-05-01 00:00:00+00:00,26.766388,47.866665,0.28522223,Pahang
2024-05-02 00:00:00+00:00,27.888613,9.966667,0.28318056,Pahang
2024-05-03 00:00:00+00:00,27.437225,27.466667,0.28287503,Pahang
2024-05-04 00:00:00+00:00,27.312918,4.2666664,0.282375,Pahang
2024-05-05 00:00:00+00:00,28.38861,12.266667,0.28245834,Pahang
2024-05-06 00:00:00+00:00,28.771944,2.4999998,0.28240272,Pahang
2024-05-07 00:00:00+00:00,27.611532,19.966665,0.28258333,Pahang
2024-05-08 00:00:00+00:00,28.870554,1.1,0.28331944,Pahang
2024-05-09 00:00:00+00:00,28.715693,4.3333335,0.28391662,Pahang
2024-05-10 00:00:00+00:00,27.58097,14.0,0.28502777,Pahang
2024-05-11 00:00:00+00:00,27.496248,14.733334,0.28570834,Pahang
2024-05-12 00:00:00+00:00,27.516388,20.566666,0.28734717,Pahang
2024-05-13 00:00:00+00:00,27.624723,12.366668,0.28854164,Pahang
2024-05-14 00:00:00+00:00,27.254583,21.2,0.28963885,Pahang
2024-05-15 00:00:00+00:00,28.099722,5.7333336,0.29127774,Pahang
2024-05-16 00:00:00+00:00,25.9525,27.9,0.29518053,Pahang
2024-05-17 00:00:00+00:00,27.520554,8.466667,0.29648608,Pahang
2024-05-18 00:00:00+00:00,27.58653,8.7,0.29815271,Pahang
2024-05-19 00:00:00+00:00,28.175415,10.366667,0.2987638,Pahang
2024-05-20 00:00:00+00:00,27.668472,8.566667,0.29918054,Pahang
2024-05-21 00:00:00+00:00,26.826109,12.599999,0.29995826,Pahang
2024-05-22 00:00:00+00:00,27.090002,6.0333333,0.30068052,Pahang
2024-05-23 00:00:00+00:00,27.705278,22.5,0.3017639,Pahang
2024-05-24 00:00:00+00:00,26.915697,18.7,0.30338886,Pahang
2024-05-25 00:00:00+00:00,26.883749,25.766668,0.30656943,Pahang
2024-05-26 00:00:00+00:00,27.449026,8.633334,0.3077083,Pahang
2024-05-27 00:00:00+00:00,27.4275,20.6,0.30956948,Pahang
2024-05-28 00:00:00+00:00,27.958054,11.766667,0.30933324,Pahang
2024-05-29 00:00:00+00:00,27.608055,11.866666,0.3090694,Pahang
2024-05-30 00:00:00+00:00,27.67264,10.133333,0.30805552,Pahang
2024-05-31 00:00:00+00:00,27.509445,13.133334,0.30683327,Pahang
2024-06-01 00:00:00+00:00,26.797638,10.933334,0.30633327,Pahang
2024-06-02 00:00:00+00:00,26.351807,33.899998,0.3093194,Pahang
2024-06-03 00:00:00+00:00,26.579582,13.233333,0.30722216,Pahang
2024-06-04 00:00:00+00:00,26.716385,26.533335,0.30816665,Pahang
2024-06-05 00:00:00+00:00,27.809443,36.333332,0.30930552,Pahang
2024-06-06 00:00:00+00:00,26.64139,25.400002,0.30965284,Pahang
2024-06-07 00:00:00+00:00,27.820555,11.866668,0.31187502,Pahang
2024-06-08 00:00:00+00:00,26.574028,12.3,0.31344447,Pahang
2024-06-09 00:00:00+00:00,27.785833,0.033333335,0.31573614,Pahang
2024-06-10 00:00:00+00:00,28.036528,0.26666668,0.31647226,Pahang
2024-06-11 00:00:00+00:00,28.094862,5.566667,0.31604168,Pahang
2024-06-12 00:00:00+00:00,26.996248,5.933333,0.31598613,Pahang
2024-06-13 00:00:00+00:00,27.731667,11.133334,0.31715286,Pahang
2024-06-14 00:00:00+00:00,26.71778,11.333333,0.31875002,Pahang
2024-06-15 00:00:00+00:00,27.17472,11.533333,0.3201528,Pahang
2024-06-16 00:00:00+00:00,26.78097,9.433333,0.32079163,Pahang
2024-06-17 00:00:00+00:00,27.142776,0.76666665,0.3211111,Pahang
2024-06-18 00:00:00+00:00,27.562914,0.90000004,0.32070836,Pahang
2024-06-19 00:00:00+00:00,27.31222,1.1,0.31986114,Pahang
2024-06-20 00:00:00+00:00,27.65389,0.8333333,0.3187361,Pahang
2024-06-21 00:00:00+00:00,26.608053,4.8666663,0.31769446,Pahang
2024-06-22 00:00:00+00:00,24.624723,1.3666667,0.31702784,Pahang
2024-06-23 00:00:00+00:00,27.429586,0.0,0.31643057,Pahang
2024-06-24 00:00:00+00:00,28.286524,0.1,0.3158611,Pahang
2024-06-25 00:00:00+00:00,28.193468,9.533334,0.31472215,Pahang
2024-06-26 00:00:00+00:00,26.937918,15.666667,0.31358328,Pahang
2024-06-27 00:00:00+00:00,27.453196,0.29999998,0.31274995,Pahang
2024-06-28 00:00:00+00:00,26.912916,5.5333333,0.31233332,Pahang
2024-06-29 00:00:00+00:00,27.680971,0.29999998,0.31248605,Pahang
2024-06-30 00:00:00+00:00,26.717775,0.36666667,0.3125416,Pahang
2024-07-01 00:00:00+00:00,26.056665,6.066667,0.31286106,Pahang
2024-07-02 00:00:00+00:00,28.125418,0.2,0.31224993,Pahang
2024-07-03 00:00:00+00:00,28.76986,0.0,0.31147215,Pahang
2024-07-04 00:00:00+00:00,28.235138,0.0,0.3106805,Pahang
2024-07-05 00:00:00+00:00,28.340696,1.0666667,0.31026384,Pahang
2024-07-06 00:00:00+00:00,27.211527,14.433334,0.30945835,Pahang
2024-07-07 00:00:00+00:00,26.90875,10.466666,0.30836114,Pahang
2024-07-08 00:00:00+00:00,26.161528,9.166666,0.30804166,Pahang
2024-07-09 00:00:00+00:00,26.515696,4.8000007,0.30766663,Pahang
2024-07-10 00:00:00+00:00,27.006666,0.2,0.30744442,Pahang
2024-07-11 00:00:00+00:00,27.453192,6.433333,0.30677772,Pahang
2024-07-12 00:00:00+00:00,25.18028,3.5999997,0.30633333,Pahang
2024-07-13 00:00:00+00:00,27.937918,0.16666667,0.30605558,Pahang
2024-07-14 00:00:00+00:00,26.958055,2.8999999,0.30540276,Pahang
2024-07-15 00:00:00+00:00,28.215696,0.36666667,0.30508325,Pahang
2024-07-16 00:00:00+00:00,28.514307,0.4333333,0.30455545,Pahang
2024-07-17 00:00:00+00:00,28.07611,5.566666,0.30462494,Pahang
2024-07-18 00:00:00+00:00,28.930277,0.4,0.30424997,Pahang
2024-07-19 00:00:00+00:00,27.800417,1.6333333,0.30388886,Pahang
2024-07-20 00:00:00+00:00,29.139303,0.13333334,0.3039722,Pahang
2024-07-21 00:00:00+00:00,28.085836,4.6000004,0.30343053,Pahang
2024-07-22 00:00:00+00:00,29.180971,0.29999998,0.30324993,Pahang
2024-07-23 00:00:00+00:00,30.08097,0.16666667,0.30306935,Pahang
2024-07-24 00:00:00+00:00,30.272636,0.2,0.3027222,Pahang
2024-07-25 00:00:00+00:00,30.346947,0.13333334,0.302375,Pahang
2024-07-26 00:00:00+00:00,30.117086,0.16666667,0.30294442,Pahang
2024-07-27 00:00:00+00:00,29.930275,0.16666667,0.30441666,Pahang
2024-07-28 00:00:00+00:00,29.168472,7.433334,0.30513883,Pahang
2024-07-29 00:00:00+00:00,27.52889,3.3333333,0.30494437,Pahang
2024-07-30 00:00:00+00:00,27.45875,6.7999997,0.30472216,Pahang
2024-07-31 00:00:00+00:00,26.989998,6.1999993,0.30436108,Pahang
2024-08-01 00:00:00+00:00,28.354584,3.5999997,0.30361113,Pahang
2024-08-02 00:00:00+00:00,27.365,5.933334,0.30326387,Pahang
2024-08-03 00:00:00+00:00,26.919168,11.7,0.30251387,Pahang
2024-08-04 00:00:00+00:00,26.522636,6.933334,0.3018472,Pahang
2024-08-05 00:00:00+00:00,26.483055,8.933333,0.30151388,Pahang
2024-08-06 00:00:00+00:00,27.387917,2.0666666,0.30127773,Pahang
2024-08-07 00:00:00+00:00,26.662918,15.8,0.30102777,Pahang
2024-08-08 00:00:00+00:00,27.615694,0.23333333,0.30065274,Pahang
2024-08-09 00:00:00+00:00,26.998335,4.4666667,0.29963887,Pahang
2024-08-10 00:00:00+00:00,27.451807,2.5333335,0.2986249,Pahang
2024-08-11 00:00:00+00:00,25.775415,18.033335,0.2986805,Pahang
2024-08-12 00:00:00+00:00,27.602503,2.0333333,0.29895833,Pahang
2024-08-13 00:00:00+00:00,27.43722,4.766667,0.29925,Pahang
2024-08-14 00:00:00+00:00,26.826803,5.1333337,0.29913887,Pahang
2024-08-15 00:00:00+00:00,27.35736,4.5333333,0.29844436,Pahang
2024-08-16 00:00:00+00:00,26.565697,15.133334,0.2980416,Pahang
2024-08-17 00:00:00+00:00,26.793472,12.766667,0.29818046,Pahang
2024-08-18 00:00:00+00:00,27.60111,1.5999999,0.2978055,Pahang
2024-08-19 00:00:00+00:00,26.730974,15.933334,0.2970555,Pahang
2024-08-20 00:00:00+00:00,25.644167,10.366667,0.29743055,Pahang
2024-08-21 00:00:00+00:00,26.464304,0.4666667,0.2995972,Pahang
2024-08-22 00:00:00+00:00,27.074028,3.6666663,0.30056944,Pahang
2024-08-23 00:00:00+00:00,26.315,24.199997,0.30234718,Pahang
2024-08-24 00:00:00+00:00,26.943474,1.9333334,0.30518052,Pahang
2024-08-25 00:00:00+00:00,26.034445,5.2,0.30647224,Pahang
2024-08-26 00:00:00+00:00,26.209442,4.4333334,0.30661115,Pahang
2024-08-27 00:00:00+00:00,26.299026,12.5,0.30654168,Pahang
2024-08-28 00:00:00+00:00,26.571945,1.3333334,0.30641663,Pahang
2024-08-29 00:00:00+00:00,27.32472,0.4,0.30631945,Pahang
2024-08-30 00:00:00+00:00,27.987917,0.13333334,0.30613884,Pahang
2024-08-31 00:00:00+00:00,27.25389,3.5666666,0.30527776,Pahang
2024-09-01 00:00:00+00:00,28.642776,0.2,0.3039722,Pahang
2024-09-02 00:00:00+00:00,28.433752,6.8000007,0.30298603,Pahang
2024-09-03 00:00:00+00:00,27.887915,1.8666667,0.30179164,Pahang
2024-09-04 00:00:00+00:00,27.720556,5.933333,0.30058333,Pahang
2024-09-05 00:00:00+00:00,28.162222,1.6666665,0.30009714,Pahang
2024-09-06 00:00:00+00:00,28.19694,5.866667,0.2995833,Pahang
2024-09-07 00:00:00+00:00,27.194862,22.566668,0.30024996,Pahang
2024-09-08 00:00:00+00:00,26.939306,6.066666,0.3006111,Pahang
2024-09-09 00:00:00+00:00,26.969862,12.299999,0.3009583,Pahang
2024-09-10 00:00:00+00:00,27.08306,0.8333333,0.30066666,Pahang
2024-09-11 00:00:00+00:00,27.573332,4.133333,0.3010139,Pahang
2024-09-12 00:00:00+00:00,26.868471,5.933333,0.30026385,Pahang
2024-09-13 00:00:00+00:00,27.146942,1.0000001,0.29927775,Pahang
2024-09-14 00:00:00+00:00,27.753191,0.33333334,0.29916665,Pahang
2024-09-15 00:00:00+00:00,26.61222,4.6666665,0.29880556,Pahang
2024-09-16 00:00:00+00:00,27.566391,2.1999998,0.2980694,Pahang
2024-09-17 00:00:00+00:00,26.778193,8.333333,0.29731944,Pahang
2024-09-18 00:00:00+00:00,27.603193,2.1666667,0.29599997,Pahang
2024-09-19 00:00:00+00:00,29.115692,0.36666667,0.29493052,Pahang
2024-09-20 00:00:00+00:00,29.539305,1.8666668,0.29334715,Pahang
2024-09-21 00:00:00+00:00,28.152498,1.4666667,0.2925694,Pahang
2024-09-22 00:00:00+00:00,29.111528,0.8333333,0.29226387,Pahang
2024-09-23 00:00:00+00:00,27.427498,18.400002,0.2915417,Pahang
2024-09-24 00:00:00+00:00,26.880972,8.766667,0.2904444,Pahang
2024-09-25 00:00:00+00:00,25.69139,26.566666,0.28959718,Pahang
2024-09-26 00:00:00+00:00,25.78305,7.1666665,0.2897916,Pahang
2024-09-27 00:00:00+00:00,26.178194,3.1000001,0.2908194,Pahang
2024-09-28 00:00:00+00:00,27.20875,4.133333,0.29079163,Pahang
2024-09-29 00:00:00+00:00,27.354582,1.3666668,0.28990278,Pahang
2024-09-30 00:00:00+00:00,26.870558,5.933334,0.2880973,Pahang
2024-10-01 00:00:00+00:00,27.70111,1.6999999,0.2862083,Pahang
2024-10-02 00:00:00+00:00,27.491388,7.9,0.2852639,Pahang
2024-10-03 00:00:00+00:00,26.844168,14.466667,0.28391668,Pahang
2024-10-04 00:00:00+00:00,26.272638,31.4,0.28291667,Pahang
2024-10-05 00:00:00+00:00,25.552498,26.166666,0.2824584,Pahang
2024-10-06 00:00:00+00:00,25.821945,3.5333328,0.28234723,Pahang
2024-10-07 00:00:00+00:00,27.424723,9.833333,0.2820556,Pahang
2024-10-08 00:00:00+00:00,26.985832,0.46666667,0.28177777,Pahang
2024-10-09 00:00:00+00:00,27.299026,2.8333333,0.28152776,Pahang
2024-10-10 00:00:00+00:00,26.462915,30.133333,0.28131947,Pahang
2024-10-11 00:00:00+00:00,26.461527,29.566666,0.2826389,Pahang
2024-10-12 00:00:00+00:00,25.539307,25.1,0.2840139,Pahang
2024-10-13 00:00:00+00:00,26.63861,20.166666,0.2915139,Pahang
2024-10-14 00:00:00+00:00,27.246248,2.1000001,0.29565278,Pahang
2024-10-15 00:00:00+00:00,26.031668,17.033335,0.29854164,Pahang
2024-10-16 00:00:00+00:00,27.160135,3.0333335,0.30156946,Pahang
2024-10-17 00:00:00+00:00,26.818472,7.0,0.3026111,Pahang
2024-10-18 00:00:00+00:00,26.90389,0.23333335,0.30318055,Pahang
2024-10-19 00:00:00+00:00,26.260138,12.5,0.30376387,Pahang
2024-10-20 00:00:00+00:00,26.923332,0.1,0.30436102,Pahang
2024-10-21 00:00:00+00:00,28.443472,0.033333335,0.30449998,Pahang
2024-10-22 00:00:00+00:00,28.240698,1.5666666,0.30381942,Pahang
2024-10-23 00:00:00+00:00,28.344858,0.43333337,0.30226395,Pahang
2024-10-24 00:00:00+00:00,27.54069,5.6666665,0.29962504,Pahang
2024-10-25 00:00:00+00:00,27.549026,6.400001,0.29834732,Pahang
2024-10-26 00:00:00+00:00,28.68722,0.53333336,0.29790282,Pahang
2024-10-27 00:00:00+00:00,28.915695,1.5,0.29615274,Pahang
2024-10-28 00:00:00+00:00,29.656668,0.43333337,0.29293045,Pahang
2024-10-29 00:00:00+00:00,28.095556,9.333333,0.29094443,Pahang
2024-10-30 00:00:00+00:00,28.744165,3.3333333,0.28944442,Pahang
2024-10-31 00:00:00+00:00,28.475416,3.2666667,0.28819445,Pahang
2024-11-01 00:00:00+00:00,28.467775,14.400001,0.28738892,Pahang
2024-11-02 00:00:00+00:00,26.591387,4.2000003,0.29147223,Pahang
2024-11-03 00:00:00+00:00,26.915,19.0,0.293625,Pahang
2024-11-04 00:00:00+00:00,26.17958,19.5,0.29851392,Pahang
2024-11-05 00:00:00+00:00,26.175415,20.46667,0.30197224,Pahang
2024-11-06 00:00:00+00:00,26.0525,14.566667,0.30363888,Pahang
2024-11-07 00:00:00+00:00,26.346947,22.166666,0.30426383,Pahang
2024-11-08 00:00:00+00:00,26.171946,9.466667,0.30847213,Pahang
2024-11-09 00:00:00+00:00,26.017778,14.000001,0.31176388,Pahang
2024-11-10 00:00:00+00:00,26.169168,16.333336,0.3150833,Pahang
2024-11-11 00:00:00+00:00,25.883057,11.400001,0.31615278,Pahang
2024-11-12 00:00:00+00:00,26.167778,1.6666666,0.34152782,Pahang
2024-11-13 00:00:00+00:00,26.274721,6.5,0.36863896,Pahang
2024-11-14 00:00:00+00:00,26.499031,9.099999,0.36726394,Pahang
2024-11-15 00:00:00+00:00,26.239305,18.199999,0.36544445,Pahang
2024-11-16 00:00:00+00:00,25.498335,12.7,0.36351392,Pahang
2024-11-17 00:00:00+00:00,25.19139,18.566668,0.36770836,Pahang
2024-11-18 00:00:00+00:00,24.837221,32.2,0.37555555,Pahang
2024-11-19 00:00:00+00:00,24.021944,57.633327,0.3974445,Pahang
2024-11-20 00:00:00+00:00,24.813612,26.966665,0.4172361,Pahang
2024-11-21 00:00:00+00:00,24.699722,29.033335,0.42890278,Pahang
2024-11-22 00:00:00+00:00,24.392776,17.700003,0.43594444,Pahang
2024-11-23 00:00:00+00:00,24.891388,17.199999,0.44266668,Pahang
2024-11-24 00:00:00+00:00,25.39,14.200001,0.44887504,Pahang
2024-11-25 00:00:00+00:00,24.881668,21.166666,0.45441666,Pahang
2024-11-26 00:00:00+00:00,25.10875,28.533335,0.4594861,Pahang
2024-11-27 00:00:00+00:00,24.262915,32.5,0.47543058,Pahang
2024-11-28 00:00:00+00:00,24.32403,36.233334,0.488875,Pahang
2024-11-29 00:00:00+00:00,24.174026,27.0,0.49619445,Pahang
2024-11-30 00:00:00+00:00,25.449722,21.933334,0.49574995,Pahang
2024-12-01 00:00:00+00:00,25.051804,9.666667,0.49476385,Pahang
2024-12-02 00:00:00+00:00,25.060137,21.000002,0.49180546,Pahang
2024-12-03 00:00:00+00:00,25.38236,12.933333,0.48905554,Pahang
2024-12-04 00:00:00+00:00,25.467085,12.600002,0.48519447,Pahang
2024-12-05 00:00:00+00:00,25.758057,12.066667,0.48098603,Pahang
2024-12-06 00:00:00+00:00,26.636526,5.233333,0.477,Pahang
2024-12-07 00:00:00+00:00,26.662916,6.133333,0.4724444,Pahang
2024-12-08 00:00:00+00:00,25.753195,17.333334,0.46783337,Pahang
2024-12-09 00:00:00+00:00,24.194862,41.866665,0.47101387,Pahang
2024-12-10 00:00:00+00:00,24.289305,11.733334,0.48627773,Pahang
2024-12-11 00:00:00+00:00,26.48722,0.36666667,0.48845837,Pahang
2024-12-12 00:00:00+00:00,26.017776,11.100001,0.48583326,Pahang
2024-12-13 00:00:00+00:00,25.137915,10.700001,0.4837223,Pahang
2024-12-14 00:00:00+00:00,25.735138,12.633334,0.4846666,Pahang
2024-12-15 00:00:00+00:00,25.980972,12.066667,0.48170832,Pahang
2024-12-16 00:00:00+00:00,25.189302,14.400002,0.48268056,Pahang
2024-12-17 00:00:00+00:00,24.833055,14.2,0.48330554,Pahang
2024-12-18 00:00:00+00:00,24.51361,19.666668,0.48858336,Pahang
2024-12-19 00:00:00+00:00,25.269861,8.066667,0.49286112,Pahang
2024-12-20 00:00:00+00:00,25.09139,17.200003,0.4943334,Pahang
2024-12-21 00:00:00+00:00,24.621248,13.066667,0.4958056,Pahang
2024-12-22 00:00:00+00:00,25.515001,4.1,0.49294445,Pahang
2024-12-23 00:00:00+00:00,25.301115,7.9,0.4892223,Pahang
2024-12-24 00:00:00+00:00,25.092081,11.466667,0.4873334,Pahang
2024-12-25 00:00:00+00:00,24.69625,4.5333333,0.48841667,Pahang
2024-12-26 00:00:00+00:00,26.386528,1.1,0.4867222,Pahang
2024-12-27 00:00:00+00:00,25.649721,4.1666665,0.4840695,Pahang
2024-12-28 00:00:00+00:00,25.689306,5.4666667,0.48111117,Pahang
2024-12-29 00:00:00+00:00,24.965696,31.699999,0.48045835,Pahang
2024-12-30 00:00:00+00:00,24.594168,8.000001,0.4830556,Pahang
2024-12-31 00:00:00+00:00,25.475418,5.6666665,0.48309723,Pahang
2021-01-01 00:00:00+00:00,25.539665,8.850001,0.46168754,Parak
2021-01-02 00:00:00+00:00,25.185501,15.65,0.46570826,Parak
2021-01-03 00:00:00+00:00,23.568832,97.75,0.50147915,Parak
2021-01-04 00:00:00+00:00,24.88446,2.8999999,0.49877083,Parak
2021-01-05 00:00:00+00:00,25.814665,45.999996,0.50516665,Parak
2021-01-06 00:00:00+00:00,25.023003,12.400001,0.50558335,Parak
2021-01-07 00:00:00+00:00,25.604248,9.0,0.49462503,Parak
2021-01-08 00:00:00+00:00,25.257374,15.599999,0.48700005,Parak
2021-01-09 00:00:00+00:00,25.465706,15.050001,0.4918125,Parak
2021-01-10 00:00:00+00:00,25.524038,13.15,0.49158335,Parak
2021-01-11 00:00:00+00:00,25.556332,4.3999996,0.48808336,Parak
2021-01-12 00:00:00+00:00,25.54071,6.750001,0.48612502,Parak
2021-01-13 00:00:00+00:00,25.765707,1.1000001,0.4828542,Parak
2021-01-14 00:00:00+00:00,25.660503,7.3,0.47783333,Parak
2021-01-15 00:00:00+00:00,25.909454,6.3,0.47749996,Parak
2021-01-16 00:00:00+00:00,26.446957,7.7500005,0.47497913,Parak
2021-01-17 00:00:00+00:00,25.561543,2.9,0.4723751,Parak
2021-01-18 00:00:00+00:00,25.968834,0.5,0.4676666,Parak
2021-01-19 00:00:00+00:00,25.690706,0.70000005,0.46308333,Parak
2021-01-20 00:00:00+00:00,25.634457,2.0,0.45843756,Parak
2021-01-21 00:00:00+00:00,25.600082,3.45,0.45420837,Parak
2021-01-22 00:00:00+00:00,25.575083,12.95,0.45110416,Parak
2021-01-23 00:00:00+00:00,24.841751,2.8499997,0.44952086,Parak
2021-01-24 00:00:00+00:00,26.29071,3.1000001,0.44656253,Parak
2021-01-25 00:00:00+00:00,25.544876,12.450001,0.44339576,Parak
2021-01-26 00:00:00+00:00,25.967789,3.55,0.4411875,Parak
2021-01-27 00:00:00+00:00,25.784458,26.349998,0.44087493,Parak
2021-01-28 00:00:00+00:00,25.70425,3.0,0.43624997,Parak
2021-01-29 00:00:00+00:00,25.714668,0.25,0.43416673,Parak
2021-01-30 00:00:00+00:00,25.85633,1.25,0.4316249,Parak
2021-01-31 00:00:00+00:00,25.841747,1.45,0.4292292,Parak
2021-02-01 00:00:00+00:00,25.859459,8.45,0.4262917,Parak
2021-02-02 00:00:00+00:00,25.906334,4.5,0.42366663,Parak
2021-02-03 00:00:00+00:00,25.902164,2.3000002,0.42095837,Parak
2021-02-04 00:00:00+00:00,25.936543,0.0,0.41887498,Parak
2021-02-05 00:00:00+00:00,26.318832,0.0,0.41604173,Parak
2021-02-06 00:00:00+00:00,26.927168,2.5500002,0.41354162,Parak
2021-02-07 00:00:00+00:00,27.077164,0.65000004,0.41106248,Parak
2021-02-08 00:00:00+00:00,27.175083,1.0,0.40810418,Parak
2021-02-09 00:00:00+00:00,27.18654,2.7,0.40600002,Parak
2021-02-10 00:00:00+00:00,26.883415,6.8999996,0.40447915,Parak
2021-02-11 00:00:00+00:00,26.065708,5.3999996,0.4025417,Parak
2021-02-12 00:00:00+00:00,26.249043,5.95,0.40062508,Parak
2021-02-13 00:00:00+00:00,26.510502,3.05,0.39762497,Parak
2021-02-14 00:00:00+00:00,27.071959,0.2,0.3944791,Parak
2021-02-15 00:00:00+00:00,27.267788,0.1,0.3921667,Parak
2021-02-16 00:00:00+00:00,26.782375,1.3000001,0.38860422,Parak
2021-02-17 00:00:00+00:00,26.229248,0.50000006,0.38635415,Parak
2021-02-18 00:00:00+00:00,26.400082,0.0,0.38475,Parak
2021-02-19 00:00:00+00:00,26.434456,0.05,0.38310415,Parak
2021-02-20 00:00:00+00:00,26.618832,0.15,0.37933332,Parak
2021-02-21 00:00:00+00:00,27.10529,0.3,0.37512496,Parak
2021-02-22 00:00:00+00:00,26.895916,0.15,0.3704167,Parak
2021-02-23 00:00:00+00:00,27.186543,0.05,0.36647916,Parak
2021-02-24 00:00:00+00:00,27.585497,0.0,0.3624166,Parak
2021-02-25 00:00:00+00:00,27.392792,0.0,0.35660416,Parak
2021-02-26 00:00:00+00:00,26.987583,0.2,0.35185418,Parak
2021-02-27 00:00:00+00:00,27.348003,0.0,0.34789586,Parak
2021-02-28 00:00:00+00:00,27.893833,0.90000004,0.34506243,Parak
2021-03-01 00:00:00+00:00,28.28446,0.55,0.3425625,Parak
2021-03-02 00:00:00+00:00,27.653208,9.450001,0.34097922,Parak
2021-03-03 00:00:00+00:00,26.311539,1.7,0.33952075,Parak
2021-03-04 00:00:00+00:00,27.238626,5.0499997,0.3376041,Parak
2021-03-05 00:00:00+00:00,27.130293,8.25,0.33716667,Parak
2021-03-06 00:00:00+00:00,26.51154,5.5999994,0.33625,Parak
2021-03-07 00:00:00+00:00,25.623001,9.950001,0.33531246,Parak
2021-03-08 00:00:00+00:00,26.750084,1.0,0.3342916,Parak
2021-03-09 00:00:00+00:00,27.154247,2.55,0.3321041,Parak
2021-03-10 00:00:00+00:00,27.447998,0.35000002,0.32743752,Parak
2021-03-11 00:00:00+00:00,26.798,6.2000003,0.32387513,Parak
2021-03-12 00:00:00+00:00,25.469875,21.050001,0.31941664,Parak
2021-03-13 00:00:00+00:00,26.31675,5.5000005,0.31593752,Parak
2021-03-14 00:00:00+00:00,26.620914,3.4499998,0.3138125,Parak
2021-03-15 00:00:00+00:00,26.779251,2.9500003,0.31252086,Parak
2021-03-16 00:00:00+00:00,26.010502,7.200001,0.3117917,Parak
2021-03-17 00:00:00+00:00,26.240707,2.05,0.3164792,Parak
2021-03-18 00:00:00+00:00,26.740707,7.25,0.31725,Parak
2021-03-19 00:00:00+00:00,26.138626,6.3500004,0.31762505,Parak
2021-03-20 00:00:00+00:00,26.561539,5.65,0.31877083,Parak
2021-03-21 00:00:00+00:00,26.841751,5.3500004,0.32006246,Parak
2021-03-22 00:00:00+00:00,26.907372,9.150001,0.32118756,Parak
2021-03-23 00:00:00+00:00,26.11779,24.25,0.32383335,Parak
2021-03-24 00:00:00+00:00,24.969875,23.150002,0.33422914,Parak
2021-03-25 00:00:00+00:00,26.172998,12.0,0.34810418,Parak
2021-03-26 00:00:00+00:00,25.723,22.650002,0.36345834,Parak
2021-03-27 00:00:00+00:00,26.519876,5.05,0.3754791,Parak
2021-03-28 00:00:00+00:00,26.963625,3.6499999,0.37910414,Parak
2021-03-29 00:00:00+00:00,26.260498,3.25,0.38022918,Parak
2021-03-30 00:00:00+00:00,27.696957,0.2,0.3807083,Parak
2021-03-31 00:00:00+00:00,27.349041,5.0,0.3800417,Parak
2021-04-01 00:00:00+00:00,28.201124,0.05,0.3783125,Parak
2021-04-02 00:00:00+00:00,27.982376,5.2,0.37645835,Parak
2021-04-03 00:00:00+00:00,27.752163,20.25,0.37412494,Parak
2021-04-04 00:00:00+00:00,26.79383,6.25,0.3730625,Parak
2021-04-05 00:00:00+00:00,27.096958,8.65,0.3734584,Parak
2021-04-06 00:00:00+00:00,26.589668,5.95,0.37370837,Parak
2021-04-07 00:00:00+00:00,26.025085,12.550002,0.37714583,Parak
2021-04-08 00:00:00+00:00,26.37196,12.35,0.38197917,Parak
2021-04-09 00:00:00+00:00,26.897999,2.25,0.38381255,Parak
2021-04-10 00:00:00+00:00,26.478209,25.45,0.38500005,Parak
2021-04-11 00:00:00+00:00,26.39904,21.850002,0.38643754,Parak
2021-04-12 00:00:00+00:00,26.164663,12.65,0.40654168,Parak
2021-04-13 00:00:00+00:00,26.49279,13.749999,0.41225004,Parak
2021-04-14 00:00:00+00:00,26.482374,6.95,0.41485417,Parak
2021-04-15 00:00:00+00:00,26.015709,14.8,0.4185834,Parak
2021-04-16 00:00:00+00:00,26.058414,7.600001,0.42904168,Parak
2021-04-17 00:00:00+00:00,26.262579,4.3499994,0.43122923,Parak
2021-04-18 00:00:00+00:00,26.474037,11.25,0.43189585,Parak
2021-04-19 00:00:00+00:00,26.340706,7.9000006,0.4321667,Parak
2021-04-20 00:00:00+00:00,26.72196,6.95,0.43262494,Parak
2021-04-21 00:00:00+00:00,26.971958,12.450001,0.4335417,Parak
2021-04-22 00:00:00+00:00,25.765705,18.0,0.43385416,Parak
2021-04-23 00:00:00+00:00,26.366749,7.7499995,0.44199997,Parak
2021-04-24 00:00:00+00:00,26.224041,9.6,0.44479162,Parak
2021-04-25 00:00:00+00:00,26.988628,4.35,0.44729155,Parak
2021-04-26 00:00:00+00:00,26.40008,18.550001,0.4462291,Parak
2021-04-27 00:00:00+00:00,26.157375,2.65,0.45612505,Parak
2021-04-28 00:00:00+00:00,26.490707,6.25,0.45906258,Parak
2021-04-29 00:00:00+00:00,26.39904,7.250001,0.46041667,Parak
2021-04-30 00:00:00+00:00,26.179253,22.0,0.46368754,Parak
2021-05-01 00:00:00+00:00,26.49487,26.45,0.4710833,Parak
2021-05-02 00:00:00+00:00,26.109457,14.950002,0.47033343,Parak
2021-05-03 00:00:00+00:00,26.88133,9.7,0.47714582,Parak
2021-05-04 00:00:00+00:00,26.209457,16.95,0.48416662,Parak
2021-05-05 00:00:00+00:00,26.343834,15.599998,0.49147916,Parak
2021-05-06 00:00:00+00:00,25.945915,12.150001,0.49675,Parak
2021-05-07 00:00:00+00:00,27.01675,8.450001,0.49433345,Parak
2021-05-08 00:00:00+00:00,26.538624,9.55,0.49266666,Parak
2021-05-09 00:00:00+00:00,26.76675,8.6,0.49218747,Parak
2021-05-10 00:00:00+00:00,27.045916,5.6499996,0.48868752,Parak
2021-05-11 00:00:00+00:00,26.496956,12.800001,0.49237502,Parak
2021-05-12 00:00:00+00:00,26.257374,20.650002,0.49785423,Parak
2021-05-13 00:00:00+00:00,26.950085,20.100002,0.4978958,Parak
2021-05-14 00:00:00+00:00,26.813623,8.9,0.50545835,Parak
2021-05-15 00:00:00+00:00,26.890709,18.25,0.50466675,Parak
2021-05-16 00:00:00+00:00,26.893833,14.85,0.5002291,Parak
2021-05-17 00:00:00+00:00,26.377167,11.700001,0.4998334,Parak
2021-05-18 00:00:00+00:00,26.388626,12.25,0.4960209,Parak
2021-05-19 00:00:00+00:00,26.715706,15.799999,0.49374998,Parak
2021-05-20 00:00:00+00:00,26.625084,0.5,0.49006245,Parak
2021-05-21 00:00:00+00:00,26.612583,3.8000002,0.4860416,Parak
2021-05-22 00:00:00+00:00,27.145916,0.0,0.4832499,Parak
2021-05-23 00:00:00+00:00,28.368832,0.45000005,0.48179168,Parak
2021-05-24 00:00:00+00:00,28.040709,0.2,0.48056236,Parak
2021-05-25 00:00:00+00:00,28.046959,2.8499997,0.47737497,Parak
2021-05-26 00:00:00+00:00,27.242788,16.0,0.47564584,Parak
2021-05-27 00:00:00+00:00,26.0355,10.25,0.47645843,Parak
2021-05-28 00:00:00+00:00,27.595917,3.2999997,0.47460416,Parak
2021-05-29 00:00:00+00:00,28.12925,1.5,0.47204173,Parak
2021-05-30 00:00:00+00:00,27.725082,5.5999994,0.46943748,Parak
2021-05-31 00:00:00+00:00,27.681332,7.5,0.4684375,Parak
2021-06-01 00:00:00+00:00,27.31258,10.65,0.4677291,Parak
2021-06-02 00:00:00+00:00,27.048004,10.950001,0.46527082,Parak
2021-06-03 00:00:00+00:00,27.046959,7.65,0.46397913,Parak
2021-06-04 00:00:00+00:00,27.03133,26.749998,0.46425,Parak
2021-06-05 00:00:00+00:00,26.300083,4.55,0.4646874,Parak
2021-06-06 00:00:00+00:00,27.174042,0.4,0.46462497,Parak
2021-06-07 00:00:00+00:00,27.594875,1.0,0.46337497,Parak
2021-06-08 00:00:00+00:00,27.802166,5.5,0.46174994,Parak
2021-06-09 00:00:00+00:00,26.763622,9.4,0.4596458,Parak
2021-06-10 00:00:00+00:00,25.61362,11.000002,0.4584167,Parak
2021-06-11 00:00:00+00:00,27.010502,0.05,0.4571042,Parak
2021-06-12 00:00:00+00:00,27.153206,4.5,0.45481253,Parak
2021-06-13 00:00:00+00:00,26.990707,7.25,0.45277086,Parak
2021-06-14 00:00:00+00:00,26.701126,5.5,0.44981253,Parak
2021-06-15 00:00:00+00:00,26.31675,9.25,0.4473334,Parak
2021-06-16 00:00:00+00:00,27.339664,0.85,0.44437498,Parak
2021-06-17 00:00:00+00:00,27.001125,2.0,0.44112504,Parak
2021-06-18 00:00:00+00:00,26.404251,5.3500013,0.4391042,Parak
2021-06-19 00:00:00+00:00,27.098,0.9500001,0.43789575,Parak
2021-06-20 00:00:00+00:00,25.99696,5.3500004,0.43681255,Parak
2021-06-21 00:00:00+00:00,26.176123,3.9500003,0.4347291,Parak
2021-06-22 00:00:00+00:00,27.194878,9.45,0.43158334,Parak
2021-06-23 00:00:00+00:00,26.599043,2.65,0.42920834,Parak
2021-06-24 00:00:00+00:00,27.229252,1.45,0.42704165,Parak
2021-06-25 00:00:00+00:00,26.23133,10.399999,0.4259792,Parak
2021-06-26 00:00:00+00:00,27.21154,0.15,0.42431253,Parak
2021-06-27 00:00:00+00:00,27.025082,9.8,0.42343742,Parak
2021-06-28 00:00:00+00:00,26.526125,10.15,0.42193747,Parak
2021-06-29 00:00:00+00:00,25.0855,10.15,0.42150003,Parak
2021-06-30 00:00:00+00:00,26.708416,0.3,0.4226666,Parak
2021-07-01 00:00:00+00:00,27.07196,5.2,0.42170832,Parak
2021-07-02 00:00:00+00:00,26.579247,3.6,0.4208958,Parak
2021-07-03 00:00:00+00:00,26.303207,14.900001,0.42060414,Parak
2021-07-04 00:00:00+00:00,26.718834,11.500001,0.42158327,Parak
2021-07-05 00:00:00+00:00,25.679249,16.550001,0.42547917,Parak
2021-07-06 00:00:00+00:00,25.295918,10.85,0.4385833,Parak
2021-07-07 00:00:00+00:00,26.764668,2.4499998,0.44295835,Parak
2021-07-08 00:00:00+00:00,26.683414,6.3499994,0.441625,Parak
2021-07-09 00:00:00+00:00,25.958416,18.75,0.44214582,Parak
2021-07-10 00:00:00+00:00,25.671955,20.6,0.4419583,Parak
2021-07-11 00:00:00+00:00,25.244871,15.55,0.4614792,Parak
2021-07-12 00:00:00+00:00,26.267792,12.449999,0.48377088,Parak
2021-07-13 00:00:00+00:00,25.34071,18.35,0.48775002,Parak
2021-07-14 00:00:00+00:00,26.276125,1.4000001,0.48464593,Parak
2021-07-15 00:00:00+00:00,27.287582,0.05,0.48395824,Parak
2021-07-16 00:00:00+00:00,27.583414,0.45,0.48366666,Parak
2021-07-17 00:00:00+00:00,27.695915,0.0,0.482375,Parak
2021-07-18 00:00:00+00:00,27.56675,0.1,0.4790625,Parak
2021-07-19 00:00:00+00:00,27.37821,0.45000002,0.4754166,Parak
2021-07-20 00:00:00+00:00,27.88758,0.1,0.4711042,Parak
2021-07-21 00:00:00+00:00,28.167791,2.1,0.4694999,Parak
2021-07-22 00:00:00+00:00,28.080292,1.25,0.46616662,Parak
2021-07-23 00:00:00+00:00,27.979248,1.6000001,0.46362495,Parak
2021-07-24 00:00:00+00:00,27.737581,0.70000005,0.46229166,Parak
2021-07-25 00:00:00+00:00,27.946959,1.7,0.45875007,Parak
2021-07-26 00:00:00+00:00,27.353209,0.85,0.45475006,Parak
2021-07-27 00:00:00+00:00,27.1855,2.1999998,0.45177084,Parak
2021-07-28 00:00:00+00:00,27.927168,0.2,0.44729167,Parak
2021-07-29 00:00:00+00:00,27.161541,2.75,0.44266665,Parak
2021-07-30 00:00:00+00:00,26.836544,3.65,0.43962502,Parak
2021-07-31 00:00:00+00:00,27.586544,5.8,0.43629164,Parak
2021-08-01 00:00:00+00:00,26.944874,1.8000002,0.43399996,Parak
2021-08-02 00:00:00+00:00,27.658413,3.9,0.43197912,Parak
2021-08-03 00:00:00+00:00,27.568832,9.05,0.42822918,Parak
2021-08-04 00:00:00+00:00,27.426126,1.85,0.42512494,Parak
2021-08-05 00:00:00+00:00,27.923,0.5,0.42168748,Parak
2021-08-06 00:00:00+00:00,28.007374,0.2,0.41837493,Parak
2021-08-07 00:00:00+00:00,27.433418,9.55,0.41564578,Parak
2021-08-08 00:00:00+00:00,26.297998,18.400002,0.4139791,Parak
2021-08-09 00:00:00+00:00,26.37821,16.550001,0.4121875,Parak
2021-08-10 00:00:00+00:00,26.13967,23.850002,0.4124583,Parak
2021-08-11 00:00:00+00:00,26.301125,7.15,0.41587502,Parak
2021-08-12 00:00:00+00:00,27.189663,2.05,0.41664585,Parak
2021-08-13 00:00:00+00:00,26.638622,8.4,0.41633332,Parak
2021-08-14 00:00:00+00:00,26.190708,19.899998,0.41697925,Parak
2021-08-15 00:00:00+00:00,26.193832,22.250004,0.4185416,Parak
2021-08-16 00:00:00+00:00,25.189667,13.950002,0.42243746,Parak
2021-08-17 00:00:00+00:00,25.408415,29.999996,0.43062496,Parak
2021-08-18 00:00:00+00:00,24.694874,58.500004,0.45345837,Parak
2021-08-19 00:00:00+00:00,24.343834,17.000002,0.4758333,Parak
2021-08-20 00:00:00+00:00,24.904247,16.899998,0.47983336,Parak
2021-08-21 00:00:00+00:00,26.114666,16.6,0.4824583,Parak
2021-08-22 00:00:00+00:00,25.158417,0.8,0.48441672,Parak
2021-08-23 00:00:00+00:00,26.000084,1.25,0.48285413,Parak
2021-08-24 00:00:00+00:00,25.119873,9.1,0.4807291,Parak
2021-08-25 00:00:00+00:00,26.447998,1.55,0.48004162,Parak
2021-08-26 00:00:00+00:00,26.341751,2.5499997,0.47891665,Parak
2021-08-27 00:00:00+00:00,26.289667,8.1,0.47779173,Parak
2021-08-28 00:00:00+00:00,26.808418,2.1499999,0.47520834,Parak
2021-08-29 00:00:00+00:00,26.424044,1.5499998,0.47345835,Parak
2021-08-30 00:00:00+00:00,26.614666,14.500001,0.47214586,Parak
2021-08-31 00:00:00+00:00,25.755291,15.299999,0.47347915,Parak
2021-09-01 00:00:00+00:00,25.935505,6.5999994,0.47525,Parak
2021-09-02 00:00:00+00:00,25.521961,12.800001,0.4774791,Parak
2021-09-03 00:00:00+00:00,25.414669,0.90000004,0.47662508,Parak
2021-09-04 00:00:00+00:00,26.029251,0.05,0.4745624,Parak
2021-09-05 00:00:00+00:00,26.81675,1.1,0.47145838,Parak
2021-09-06 00:00:00+00:00,26.714666,3.4,0.4687708,Parak
2021-09-07 00:00:00+00:00,26.852169,1.6500001,0.4667084,Parak
2021-09-08 00:00:00+00:00,25.882374,13.100001,0.4649583,Parak
2021-09-09 00:00:00+00:00,26.573002,1.25,0.4631874,Parak
2021-09-10 00:00:00+00:00,27.542793,0.75,0.46039575,Parak
2021-09-11 00:00:00+00:00,26.848,11.65,0.4584375,Parak
2021-09-12 00:00:00+00:00,25.694878,19.65,0.45816663,Parak
2021-09-13 00:00:00+00:00,25.342793,13.299999,0.46931246,Parak
2021-09-14 00:00:00+00:00,27.137585,0.25,0.46841675,Parak
2021-09-15 00:00:00+00:00,27.005291,2.65,0.46650004,Parak
2021-09-16 00:00:00+00:00,26.92717,13.8,0.46562505,Parak
2021-09-17 00:00:00+00:00,26.157373,7.7,0.46625006,Parak
2021-09-18 00:00:00+00:00,26.02092,13.050001,0.4648124,Parak
2021-09-19 00:00:00+00:00,25.560501,34.7,0.4721458,Parak
2021-09-20 00:00:00+00:00,25.968834,1.3500001,0.4796875,Parak
2021-09-21 00:00:00+00:00,26.596956,13.95,0.47904173,Parak
2021-09-22 00:00:00+00:00,26.39175,4.15,0.47881252,Parak
2021-09-23 00:00:00+00:00,26.874043,0.05,0.4786458,Parak
2021-09-24 00:00:00+00:00,27.069878,4.4,0.47674996,Parak
2021-09-25 00:00:00+00:00,27.31258,1.1999999,0.47435415,Parak
2021-09-26 00:00:00+00:00,26.396957,32.75,0.47268745,Parak
2021-09-27 00:00:00+00:00,26.46571,15.9,0.4851667,Parak
2021-09-28 00:00:00+00:00,26.201122,63.95,0.49756253,Parak
2021-09-29 00:00:00+00:00,25.64279,11.450001,0.51133335,Parak
2021-09-30 00:00:00+00:00,26.970915,5.2499995,0.5067916,Parak
2021-10-01 00:00:00+00:00,26.693832,4.2999997,0.5018542,Parak
2021-10-02 00:00:00+00:00,26.67612,0.0,0.4966874,Parak
2021-10-03 00:00:00+00:00,27.44487,0.6,0.49083328,Parak
2021-10-04 00:00:00+00:00,27.078203,3.7000003,0.48658335,Parak
2021-10-05 00:00:00+00:00,25.720917,5.1499996,0.4830625,Parak
2021-10-06 00:00:00+00:00,25.868832,11.900001,0.47885412,Parak
2021-10-07 00:00:00+00:00,25.95633,10.75,0.4764583,Parak
2021-10-08 00:00:00+00:00,27.159458,0.4,0.47356248,Parak
2021-10-09 00:00:00+00:00,27.719872,0.15,0.47033337,Parak
2021-10-10 00:00:00+00:00,27.892788,0.15,0.46656257,Parak
2021-10-11 00:00:00+00:00,27.47925,0.0,0.4624375,Parak
2021-10-12 00:00:00+00:00,28.285501,0.0,0.45558333,Parak
2021-10-13 00:00:00+00:00,28.22404,0.15,0.44841665,Parak
2021-10-14 00:00:00+00:00,28.317791,0.0,0.44449997,Parak
2021-10-15 00:00:00+00:00,28.438622,0.05,0.4395833,Parak
2021-10-16 00:00:00+00:00,27.526123,3.4,0.43533328,Parak
2021-10-17 00:00:00+00:00,26.635502,15.35,0.43154162,Parak
2021-10-18 00:00:00+00:00,27.407372,6.25,0.42764574,Parak
2021-10-19 00:00:00+00:00,26.09383,15.549999,0.42472923,Parak
2021-10-20 00:00:00+00:00,25.096958,55.1,0.42410415,Parak
2021-10-21 00:00:00+00:00,26.246956,0.75000006,0.4189791,Parak
2021-10-22 00:00:00+00:00,25.8605,18.2,0.41787505,Parak
2021-10-23 00:00:00+00:00,25.805286,8.950001,0.4177708,Parak
2021-10-24 00:00:00+00:00,25.859459,10.75,0.41870832,Parak
2021-10-25 00:00:00+00:00,25.854252,16.7,0.41937506,Parak
2021-10-26 00:00:00+00:00,26.295914,22.6,0.42139584,Parak
2021-10-27 00:00:00+00:00,26.03029,11.700001,0.4279999,Parak
2021-10-28 00:00:00+00:00,26.746958,13.3,0.4281875,Parak
2021-10-29 00:00:00+00:00,26.617792,14.800001,0.42779166,Parak
2021-10-30 00:00:00+00:00,25.578205,32.4,0.43668747,Parak
2021-10-31 00:00:00+00:00,26.004248,1.4,0.44312495,Parak
2021-11-01 00:00:00+00:00,26.751125,18.2,0.44735414,Parak
2021-11-02 00:00:00+00:00,25.845919,9.150001,0.45389578,Parak
2021-11-03 00:00:00+00:00,25.267792,18.150002,0.45681247,Parak
2021-11-04 00:00:00+00:00,25.9105,18.150002,0.4584583,Parak
2021-11-05 00:00:00+00:00,25.927166,12.050001,0.46118748,Parak
2021-11-06 00:00:00+00:00,25.744875,35.0,0.4666666,Parak
2021-11-07 00:00:00+00:00,26.315704,8.85,0.4720834,Parak
2021-11-08 00:00:00+00:00,26.453207,7.6499996,0.47439575,Parak
2021-11-09 00:00:00+00:00,26.286541,9.85,0.47408327,Parak
2021-11-10 00:00:00+00:00,25.780293,2.35,0.47525004,Parak
2021-11-11 00:00:00+00:00,25.882372,2.85,0.47468752,Parak
2021-11-12 00:00:00+00:00,24.739666,12.65,0.4777708,Parak
2021-11-13 00:00:00+00:00,25.234455,9.549999,0.4836459,Parak
2021-11-14 00:00:00+00:00,26.094875,7.05,0.485,Parak
2021-11-15 00:00:00+00:00,27.021957,6.1000004,0.48314583,Parak
2021-11-16 00:00:00+00:00,26.241749,14.1,0.48093742,Parak
2021-11-17 00:00:00+00:00,25.102165,13.700001,0.485875,Parak
2021-11-18 00:00:00+00:00,25.057377,2.8500004,0.49145836,Parak
2021-11-19 00:00:00+00:00,26.284456,21.599998,0.49168757,Parak
2021-11-20 00:00:00+00:00,26.049042,39.049995,0.50231254,Parak
2021-11-21 00:00:00+00:00,25.920916,19.199999,0.5089375,Parak
2021-11-22 00:00:00+00:00,26.068832,2.35,0.5072292,Parak
2021-11-23 00:00:00+00:00,26.195915,10.450001,0.50362504,Parak
2021-11-24 00:00:00+00:00,26.00633,9.199999,0.49974993,Parak
2021-11-25 00:00:00+00:00,25.578205,9.0,0.49583343,Parak
2021-11-26 00:00:00+00:00,25.893831,0.1,0.4922499,Parak
2021-11-27 00:00:00+00:00,25.751123,17.6,0.49077088,Parak
2021-11-28 00:00:00+00:00,25.156334,16.099998,0.49066663,Parak
2021-11-29 00:00:00+00:00,24.535498,28.400003,0.49852085,Parak
2021-11-30 00:00:00+00:00,25.661543,7.5,0.50212497,Parak
2021-12-01 00:00:00+00:00,26.420916,23.5,0.49995834,Parak
2021-12-02 00:00:00+00:00,25.570917,10.25,0.4982916,Parak
2021-12-03 00:00:00+00:00,25.643831,2.6,0.49564582,Parak
2021-12-04 00:00:00+00:00,26.363625,2.85,0.49164584,Parak
2021-12-05 00:00:00+00:00,25.590706,7.2500005,0.48964584,Parak
2021-12-06 00:00:00+00:00,26.033413,0.1,0.4880625,Parak
2021-12-07 00:00:00+00:00,26.188625,0.9,0.4865625,Parak
2021-12-08 00:00:00+00:00,26.606333,4.15,0.48402083,Parak
2021-12-09 00:00:00+00:00,25.861542,9.049999,0.48039573,Parak
2021-12-10 00:00:00+00:00,25.360498,11.5,0.47633344,Parak
2021-12-11 00:00:00+00:00,26.320919,5.7,0.47283328,Parak
2021-12-12 00:00:00+00:00,25.712582,17.85,0.46858335,Parak
2021-12-13 00:00:00+00:00,25.398003,30.750002,0.46943748,Parak
2021-12-14 00:00:00+00:00,26.193836,13.75,0.47543746,Parak
2021-12-15 00:00:00+00:00,26.29279,3.35,0.4805001,Parak
2021-12-16 00:00:00+00:00,25.560501,24.1,0.48514584,Parak
2021-12-17 00:00:00+00:00,24.608414,82.2,0.5063542,Parak
2021-12-18 00:00:00+00:00,24.412582,76.549995,0.51491666,Parak
2021-12-19 00:00:00+00:00,24.257378,10.349999,0.495875,Parak
2021-12-20 00:00:00+00:00,26.686543,0.3,0.48589587,Parak
2021-12-21 00:00:00+00:00,26.019876,22.900002,0.47854173,Parak
2021-12-22 00:00:00+00:00,25.373001,3.25,0.48431247,Parak
2021-12-23 00:00:00+00:00,25.620918,2.0,0.4798333,Parak
2021-12-24 00:00:00+00:00,26.634459,0.1,0.4737708,Parak
2021-12-25 00:00:00+00:00,26.45425,0.65000004,0.46749997,Parak
2021-12-26 00:00:00+00:00,26.24279,0.8,0.46156245,Parak
2021-12-27 00:00:00+00:00,26.40633,0.8,0.45597917,Parak
2021-12-28 00:00:00+00:00,26.432373,0.1,0.45185414,Parak
2021-12-29 00:00:00+00:00,26.733414,1.1,0.4466666,Parak
2021-12-30 00:00:00+00:00,26.27821,19.95,0.44233334,Parak
2021-12-31 00:00:00+00:00,24.737583,33.149998,0.44081256,Parak
2022-01-01 00:00:00+00:00,24.510498,23.5,0.44785425,Parak
2022-01-02 00:00:00+00:00,24.487583,35.649998,0.46266666,Parak
2022-01-03 00:00:00+00:00,25.207375,7.15,0.4680001,Parak
2022-01-04 00:00:00+00:00,25.435501,26.699999,0.47381243,Parak
2022-01-05 00:00:00+00:00,25.58446,2.45,0.48443753,Parak
2022-01-06 00:00:00+00:00,26.589666,3.95,0.4833334,Parak
2022-01-07 00:00:00+00:00,26.42508,0.70000005,0.48029163,Parak
2022-01-08 00:00:00+00:00,25.838627,14.199999,0.474625,Parak
2022-01-09 00:00:00+00:00,25.330292,7.1000004,0.47075003,Parak
2022-01-10 00:00:00+00:00,25.45425,2.6499999,0.47012496,Parak
2022-01-11 00:00:00+00:00,25.911541,0.0,0.46758336,Parak
2022-01-12 00:00:00+00:00,26.585499,0.55,0.46477085,Parak
2022-01-13 00:00:00+00:00,26.041748,0.0,0.46220836,Parak
2022-01-14 00:00:00+00:00,26.134459,0.0,0.458125,Parak
2022-01-15 00:00:00+00:00,26.427166,0.0,0.45393753,Parak
2022-01-16 00:00:00+00:00,26.66883,0.50000006,0.44829166,Parak
2022-01-17 00:00:00+00:00,26.032375,7.0499997,0.44208336,Parak
2022-01-18 00:00:00+00:00,25.308416,2.0,0.43700004,Parak
2022-01-19 00:00:00+00:00,25.90321,0.65,0.4328959,Parak
2022-01-20 00:00:00+00:00,26.377167,1.6,0.42854166,Parak
2022-01-21 00:00:00+00:00,26.669872,7.0,0.4259584,Parak
2022-01-22 00:00:00+00:00,26.424038,1.3500001,0.42229164,Parak
2022-01-23 00:00:00+00:00,25.982374,8.400001,0.41925,Parak
2022-01-24 00:00:00+00:00,25.467793,10.0,0.41577074,Parak
2022-01-25 00:00:00+00:00,25.87196,1.85,0.41272914,Parak
2022-01-26 00:00:00+00:00,26.289665,0.35000002,0.41,Parak
2022-01-27 00:00:00+00:00,26.355293,1.4000001,0.40708333,Parak
2022-01-28 00:00:00+00:00,26.81258,1.4999999,0.40402085,Parak
2022-01-29 00:00:00+00:00,26.926126,2.7000003,0.40097916,Parak
2022-01-30 00:00:00+00:00,27.20008,2.7,0.39783335,Parak
2022-01-31 00:00:00+00:00,27.09071,0.9500001,0.3948542,Parak
2022-02-01 00:00:00+00:00,26.817791,1.8,0.3921042,Parak
2022-02-02 00:00:00+00:00,26.099041,7.2,0.3891667,Parak
2022-02-03 00:00:00+00:00,25.956337,6.35,0.38781255,Parak
2022-02-04 00:00:00+00:00,25.838623,6.3,0.3859583,Parak
2022-02-05 00:00:00+00:00,25.497997,8.15,0.38370842,Parak
2022-02-06 00:00:00+00:00,25.718834,13.95,0.38106245,Parak
2022-02-07 00:00:00+00:00,25.47925,8.25,0.37983334,Parak
2022-02-08 00:00:00+00:00,25.962585,13.500001,0.3780625,Parak
2022-02-09 00:00:00+00:00,25.294872,10.300001,0.37687495,Parak
2022-02-10 00:00:00+00:00,24.585499,2.85,0.37670833,Parak
2022-02-11 00:00:00+00:00,24.498001,5.3500004,0.3776042,Parak
2022-02-12 00:00:00+00:00,25.727165,2.25,0.3779167,Parak
2022-02-13 00:00:00+00:00,26.277168,1.85,0.3774792,Parak
2022-02-14 00:00:00+00:00,26.150084,29.500002,0.37679172,Parak
2022-02-15 00:00:00+00:00,26.407372,8.400001,0.3782292,Parak
2022-02-16 00:00:00+00:00,27.374039,0.3,0.3841042,Parak
2022-02-17 00:00:00+00:00,26.163624,0.0,0.38433334,Parak
2022-02-18 00:00:00+00:00,27.744873,0.9,0.38318753,Parak
2022-02-19 00:00:00+00:00,27.852167,0.2,0.3805834,Parak
2022-02-20 00:00:00+00:00,26.228209,7.75,0.37902093,Parak
2022-02-21 00:00:00+00:00,26.789665,8.35,0.37847918,Parak
2022-02-22 00:00:00+00:00,26.402164,18.4,0.37708336,Parak
2022-02-23 00:00:00+00:00,25.974041,6.35,0.3764375,Parak
2022-02-24 00:00:00+00:00,25.007374,19.500002,0.38391668,Parak
2022-02-25 00:00:00+00:00,25.015709,16.100002,0.38956255,Parak
2022-02-26 00:00:00+00:00,24.983418,16.4,0.39218745,Parak
2022-02-27 00:00:00+00:00,24.728209,4.45,0.40131247,Parak
2022-02-28 00:00:00+00:00,25.676125,14.800002,0.40483332,Parak
2022-03-01 00:00:00+00:00,26.077164,3.05,0.4051667,Parak
2022-03-02 00:00:00+00:00,26.467793,5.45,0.4043125,Parak
2022-03-03 00:00:00+00:00,26.15425,9.750001,0.40458333,Parak
2022-03-04 00:00:00+00:00,25.412582,25.2,0.40574995,Parak
2022-03-05 00:00:00+00:00,25.356335,5.1499996,0.40775007,Parak
2022-03-06 00:00:00+00:00,25.365707,6.2,0.40920842,Parak
2022-03-07 00:00:00+00:00,25.356335,14.85,0.41129166,Parak
2022-03-08 00:00:00+00:00,25.828205,3.2499998,0.41487503,Parak
2022-03-09 00:00:00+00:00,26.094875,13.950001,0.41731238,Parak
2022-03-10 00:00:00+00:00,26.322998,5.0999994,0.41877085,Parak
2022-03-11 00:00:00+00:00,26.224041,2.45,0.42160416,Parak
2022-03-12 00:00:00+00:00,27.50529,0.5500001,0.42095828,Parak
2022-03-13 00:00:00+00:00,26.421955,16.6,0.42012504,Parak
2022-03-14 00:00:00+00:00,26.254246,20.65,0.42008328,Parak
2022-03-15 00:00:00+00:00,26.116749,14.2,0.42345828,Parak
2022-03-16 00:00:00+00:00,26.070919,9.799999,0.42522913,Parak
2022-03-17 00:00:00+00:00,25.907375,26.25,0.43547922,Parak
2022-03-18 00:00:00+00:00,27.325083,2.1000001,0.44052085,Parak
2022-03-19 00:00:00+00:00,27.957378,0.45,0.43916655,Parak
2022-03-20 00:00:00+00:00,27.730293,7.7999997,0.43654177,Parak
2022-03-21 00:00:00+00:00,26.751125,6.25,0.43345827,Parak
2022-03-22 00:00:00+00:00,27.485502,4.25,0.43174994,Parak
2022-03-23 00:00:00+00:00,26.354252,9.7,0.43008327,Parak
2022-03-24 00:00:00+00:00,26.782375,8.75,0.42841667,Parak
2022-03-25 00:00:00+00:00,26.833416,3.6,0.42702076,Parak
2022-03-26 00:00:00+00:00,26.484459,7.6000004,0.42647916,Parak
2022-03-27 00:00:00+00:00,26.56675,4.2999997,0.42466664,Parak
2022-03-28 00:00:00+00:00,26.904247,7.85,0.42293757,Parak
2022-03-29 00:00:00+00:00,26.562582,3.85,0.42141664,Parak
2022-03-30 00:00:00+00:00,26.591751,15.1,0.42008334,Parak
2022-03-31 00:00:00+00:00,25.55946,10.650001,0.4217708,Parak
2022-04-01 00:00:00+00:00,26.314665,3.1999998,0.42295837,Parak
2022-04-02 00:00:00+00:00,25.901123,12.55,0.42216676,Parak
2022-04-03 00:00:00+00:00,25.005291,13.950001,0.42275,Parak
2022-04-04 00:00:00+00:00,25.933418,5.6500006,0.42368752,Parak
2022-04-05 00:00:00+00:00,25.54279,11.300001,0.4270417,Parak
2022-04-06 00:00:00+00:00,25.727165,9.950001,0.4310625,Parak
2022-04-07 00:00:00+00:00,25.562584,13.750002,0.43452078,Parak
2022-04-08 00:00:00+00:00,26.050083,12.800001,0.43814576,Parak
2022-04-09 00:00:00+00:00,25.627167,8.45,0.44345838,Parak
2022-04-10 00:00:00+00:00,26.805288,4.5,0.446375,Parak
2022-04-11 00:00:00+00:00,26.163624,7.1000004,0.4461875,Parak
2022-04-12 00:00:00+00:00,26.5605,10.7,0.44595832,Parak
2022-04-13 00:00:00+00:00,26.389668,3.7999997,0.44637495,Parak
2022-04-14 00:00:00+00:00,26.135502,19.7,0.44804168,Parak
2022-04-15 00:00:00+00:00,26.436543,9.550001,0.44979167,Parak
2022-04-16 00:00:00+00:00,26.828209,5.8,0.45012504,Parak
2022-04-17 00:00:00+00:00,26.451126,9.85,0.4494583,Parak
2022-04-18 00:00:00+00:00,25.958416,10.9,0.44966662,Parak
2022-04-19 00:00:00+00:00,26.267792,23.550003,0.45260417,Parak
2022-04-20 00:00:00+00:00,25.828207,9.5,0.4544375,Parak
2022-04-21 00:00:00+00:00,27.23758,8.75,0.45370835,Parak
2022-04-22 00:00:00+00:00,26.540707,16.6,0.4529583,Parak
2022-04-23 00:00:00+00:00,26.871956,3.9,0.45245832,Parak
2022-04-24 00:00:00+00:00,26.928205,5.8999996,0.45197916,Parak
2022-04-25 00:00:00+00:00,26.794874,10.500001,0.4511251,Parak
2022-04-26 00:00:00+00:00,26.699043,7.55,0.45027083,Parak
2022-04-27 00:00:00+00:00,27.252167,14.300001,0.44797924,Parak
2022-04-28 00:00:00+00:00,26.900082,4.75,0.4469167,Parak
2022-04-29 00:00:00+00:00,26.695917,6.2,0.44662508,Parak
2022-04-30 00:00:00+00:00,27.457375,3.8999999,0.44570833,Parak
2022-05-01 00:00:00+00:00,26.446957,11.5,0.4445,Parak
2022-05-02 00:00:00+00:00,26.307377,19.95,0.4437709,Parak
2022-05-03 00:00:00+00:00,26.158417,4.3999996,0.44479167,Parak
2022-05-04 00:00:00+00:00,27.141748,6.6000004,0.44345832,Parak
2022-05-05 00:00:00+00:00,27.745918,6.3500004,0.4395001,Parak
2022-05-06 00:00:00+00:00,28.043835,8.9,0.43645835,Parak
2022-05-07 00:00:00+00:00,28.438622,0.15,0.432625,Parak
2022-05-08 00:00:00+00:00,28.50008,0.3,0.43083334,Parak
2022-05-09 00:00:00+00:00,27.659462,4.7,0.428375,Parak
2022-05-10 00:00:00+00:00,28.480293,7.25,0.42564583,Parak
2022-05-11 00:00:00+00:00,27.005291,5.8999996,0.42470837,Parak
2022-05-12 00:00:00+00:00,27.485498,4.2999997,0.42245835,Parak
2022-05-13 00:00:00+00:00,27.337585,8.150001,0.42047924,Parak
2022-05-14 00:00:00+00:00,28.225079,12.35,0.41812503,Parak
2022-05-15 00:00:00+00:00,27.043835,22.05,0.41756243,Parak
2022-05-16 00:00:00+00:00,25.486542,18.05,0.43010414,Parak
2022-05-17 00:00:00+00:00,27.244873,0.1,0.43941665,Parak
2022-05-18 00:00:00+00:00,28.081333,1.15,0.43906254,Parak
2022-05-19 00:00:00+00:00,28.319874,0.0,0.43710423,Parak
2022-05-20 00:00:00+00:00,27.895916,0.1,0.43387496,Parak
2022-05-21 00:00:00+00:00,27.702168,0.15,0.43033338,Parak
2022-05-22 00:00:00+00:00,27.791752,2.15,0.42791662,Parak
2022-05-23 00:00:00+00:00,27.966747,1.85,0.42604172,Parak
2022-05-24 00:00:00+00:00,27.740707,2.65,0.42312503,Parak
2022-05-25 00:00:00+00:00,25.350086,14.6,0.4209375,Parak
2022-05-26 00:00:00+00:00,27.517794,0.2,0.41993755,Parak
2022-05-27 00:00:00+00:00,27.788624,0.4,0.41706252,Parak
2022-05-28 00:00:00+00:00,27.373001,0.95000005,0.41414583,Parak
2022-05-29 00:00:00+00:00,27.436539,3.55,0.41102093,Parak
2022-05-30 00:00:00+00:00,27.4355,2.45,0.4078541,Parak
2022-05-31 00:00:00+00:00,27.371956,8.9,0.40450007,Parak
2022-06-01 00:00:00+00:00,26.505291,25.599998,0.40031248,Parak
2022-06-02 00:00:00+00:00,26.658415,11.049999,0.3964584,Parak
2022-06-03 00:00:00+00:00,27.057377,7.6499996,0.39447922,Parak
2022-06-04 00:00:00+00:00,26.845913,11.75,0.39352083,Parak
2022-06-05 00:00:00+00:00,26.553207,9.55,0.39364585,Parak
2022-06-06 00:00:00+00:00,26.452164,8.150001,0.3918959,Parak
2022-06-07 00:00:00+00:00,26.082378,8.75,0.3910625,Parak
2022-06-08 00:00:00+00:00,26.77092,3.0500002,0.3906458,Parak
2022-06-09 00:00:00+00:00,26.744871,18.5,0.39075,Parak
2022-06-10 00:00:00+00:00,25.940708,9.25,0.40472922,Parak
2022-06-11 00:00:00+00:00,25.238625,30.600002,0.4192917,Parak
2022-06-12 00:00:00+00:00,25.868832,5.85,0.42964584,Parak
2022-06-13 00:00:00+00:00,26.728203,5.3,0.43072918,Parak
2022-06-14 00:00:00+00:00,26.118834,18.45,0.43029165,Parak
2022-06-15 00:00:00+00:00,26.466747,12.650001,0.4306875,Parak
2022-06-16 00:00:00+00:00,27.164665,10.0,0.43225002,Parak
2022-06-17 00:00:00+00:00,25.627163,10.35,0.435875,Parak
2022-06-18 00:00:00+00:00,25.961538,8.8,0.43691656,Parak
2022-06-19 00:00:00+00:00,25.550083,6.6500006,0.443,Parak
2022-06-20 00:00:00+00:00,25.858414,6.5999994,0.44527084,Parak
2022-06-21 00:00:00+00:00,25.662579,12.15,0.44541666,Parak
2022-06-22 00:00:00+00:00,26.43029,6.15,0.44583333,Parak
2022-06-23 00:00:00+00:00,25.350082,22.1,0.44747913,Parak
2022-06-24 00:00:00+00:00,25.486542,3.3999996,0.45245838,Parak
2022-06-25 00:00:00+00:00,27.105293,5.7499995,0.4555,Parak
2022-06-26 00:00:00+00:00,26.806332,6.2,0.4551875,Parak
2022-06-27 00:00:00+00:00,27.22925,2.6,0.45372915,Parak
2022-06-28 00:00:00+00:00,26.088623,11.0,0.45406255,Parak
2022-06-29 00:00:00+00:00,26.489666,3.8499997,0.45527083,Parak
2022-06-30 00:00:00+00:00,27.277166,0.6,0.45479167,Parak
2022-07-01 00:00:00+00:00,27.494873,0.05,0.45270836,Parak
2022-07-02 00:00:00+00:00,27.806332,2.55,0.44914573,Parak
2022-07-03 00:00:00+00:00,27.904251,0.05,0.4454583,Parak
2022-07-04 00:00:00+00:00,27.199041,8.4,0.44185418,Parak
2022-07-05 00:00:00+00:00,27.419872,0.0,0.43956256,Parak
2022-07-06 00:00:00+00:00,27.04279,3.1000001,0.43716663,Parak
2022-07-07 00:00:00+00:00,28.044876,2.8999999,0.43429163,Parak
2022-07-08 00:00:00+00:00,28.027168,0.0,0.4316042,Parak
2022-07-09 00:00:00+00:00,28.450083,0.0,0.4296667,Parak
2022-07-10 00:00:00+00:00,27.669872,1.6999998,0.42743748,Parak
2022-07-11 00:00:00+00:00,26.8355,6.8,0.42364588,Parak
2022-07-12 00:00:00+00:00,26.061539,8.599999,0.42089584,Parak
2022-07-13 00:00:00+00:00,26.828209,1.7,0.41825005,Parak
2022-07-14 00:00:00+00:00,27.530293,0.95000005,0.41572917,Parak
2022-07-15 00:00:00+00:00,27.927166,0.0,0.4128749,Parak
2022-07-16 00:00:00+00:00,28.160501,0.70000005,0.40954167,Parak
2022-07-17 00:00:00+00:00,28.421959,0.9500001,0.4047708,Parak
2022-07-18 00:00:00+00:00,28.717789,0.6,0.40087503,Parak
2022-07-19 00:00:00+00:00,26.390709,6.9999995,0.3985833,Parak
2022-07-20 00:00:00+00:00,27.431335,2.45,0.39622915,Parak
2022-07-21 00:00:00+00:00,27.794874,0.0,0.39320832,Parak
2022-07-22 00:00:00+00:00,27.28654,10.55,0.39060414,Parak
2022-07-23 00:00:00+00:00,26.43654,11.700001,0.3882084,Parak
2022-07-24 00:00:00+00:00,25.853207,20.050003,0.38677078,Parak
2022-07-25 00:00:00+00:00,25.716751,8.150001,0.3883958,Parak
2022-07-26 00:00:00+00:00,27.036541,4.95,0.3897917,Parak
2022-07-27 00:00:00+00:00,26.65321,7.4,0.38964584,Parak
2022-07-28 00:00:00+00:00,27.320915,5.15,0.389625,Parak
2022-07-29 00:00:00+00:00,26.858418,15.300001,0.38914585,Parak
2022-07-30 00:00:00+00:00,26.069874,15.05,0.38987496,Parak
2022-07-31 00:00:00+00:00,26.939667,5.8999996,0.39004162,Parak
2022-08-01 00:00:00+00:00,26.463623,10.5,0.38972917,Parak
2022-08-02 00:00:00+00:00,26.932377,4.7,0.39000005,Parak
2022-08-03 00:00:00+00:00,25.904247,6.9000006,0.3905417,Parak
2022-08-04 00:00:00+00:00,25.970917,0.6,0.39024994,Parak
2022-08-05 00:00:00+00:00,27.108418,0.90000004,0.38918746,Parak
2022-08-06 00:00:00+00:00,26.77404,0.0,0.3881875,Parak
2022-08-07 00:00:00+00:00,27.203209,1.25,0.38656247,Parak
2022-08-08 00:00:00+00:00,27.834457,0.0,0.3841458,Parak
2022-08-09 00:00:00+00:00,27.506332,0.1,0.38147926,Parak
2022-08-10 00:00:00+00:00,27.277164,1.25,0.3799792,Parak
2022-08-11 00:00:00+00:00,28.039667,1.0500001,0.37793756,Parak
2022-08-12 00:00:00+00:00,27.513622,6.4500003,0.37550002,Parak
2022-08-13 00:00:00+00:00,27.090706,3.15,0.37277085,Parak
2022-08-14 00:00:00+00:00,26.52404,23.150002,0.3697292,Parak
2022-08-15 00:00:00+00:00,27.229248,4.0499997,0.36762503,Parak
2022-08-16 00:00:00+00:00,26.959457,1.5,0.36591667,Parak
2022-08-17 00:00:00+00:00,27.364666,16.25,0.36410424,Parak
2022-08-18 00:00:00+00:00,26.282375,2.4999998,0.36270833,Parak
2022-08-19 00:00:00+00:00,27.433416,0.65,0.3613749,Parak
2022-08-20 00:00:00+00:00,26.554256,19.099998,0.3599792,Parak
2022-08-21 00:00:00+00:00,25.802166,16.400002,0.36010426,Parak
2022-08-22 00:00:00+00:00,27.394875,6.4,0.3595,Parak
2022-08-23 00:00:00+00:00,25.49279,6.2,0.35945827,Parak
2022-08-24 00:00:00+00:00,26.493832,7.3500004,0.35875,Parak
2022-08-25 00:00:00+00:00,27.072998,9.2,0.35793748,Parak
2022-08-26 00:00:00+00:00,27.123001,1.5000001,0.35649997,Parak
2022-08-27 00:00:00+00:00,26.502169,9.700001,0.35441673,Parak
2022-08-28 00:00:00+00:00,25.70008,11.949999,0.35318744,Parak
2022-08-29 00:00:00+00:00,26.285496,23.900002,0.35339582,Parak
2022-08-30 00:00:00+00:00,26.599041,6.4500003,0.3525417,Parak
2022-08-31 00:00:00+00:00,27.225082,4.2,0.3510834,Parak
2022-09-01 00:00:00+00:00,25.411541,24.2,0.35037494,Parak
2022-09-02 00:00:00+00:00,25.515709,15.550001,0.35166663,Parak
2022-09-03 00:00:00+00:00,26.29383,16.85,0.35400006,Parak
2022-09-04 00:00:00+00:00,26.947998,0.3,0.356,Parak
2022-09-05 00:00:00+00:00,27.234459,0.0,0.35720837,Parak
2022-09-06 00:00:00+00:00,26.787582,2.5499997,0.35720837,Parak
2022-09-07 00:00:00+00:00,25.893831,10.8,0.35702085,Parak
2022-09-08 00:00:00+00:00,26.882374,0.25,0.35647917,Parak
2022-09-09 00:00:00+00:00,26.760502,5.6000004,0.35552078,Parak
2022-09-10 00:00:00+00:00,27.2355,1.0,0.3549167,Parak
2022-09-11 00:00:00+00:00,25.808414,6.8499994,0.35343748,Parak
2022-09-12 00:00:00+00:00,26.775082,1.55,0.35229167,Parak
2022-09-13 00:00:00+00:00,26.434456,9.15,0.35035414,Parak
2022-09-14 00:00:00+00:00,26.480293,7.45,0.34839576,Parak
2022-09-15 00:00:00+00:00,25.942791,4.35,0.3467083,Parak
2022-09-16 00:00:00+00:00,26.174042,4.3,0.34579167,Parak
2022-09-17 00:00:00+00:00,26.45633,10.5,0.34447923,Parak
2022-09-18 00:00:00+00:00,25.414667,15.05,0.3443333,Parak
2022-09-19 00:00:00+00:00,26.999043,6.2500005,0.34281254,Parak
2022-09-20 00:00:00+00:00,26.115711,3.9,0.34035414,Parak
2022-09-21 00:00:00+00:00,26.069874,10.900001,0.3385417,Parak
2022-09-22 00:00:00+00:00,25.802166,2.0500002,0.3376251,Parak
2022-09-23 00:00:00+00:00,25.88133,5.4,0.33725005,Parak
2022-09-24 00:00:00+00:00,26.457375,3.5500002,0.33687496,Parak
2022-09-25 00:00:00+00:00,26.269875,9.850001,0.336,Parak
2022-09-26 00:00:00+00:00,27.432373,9.75,0.3351875,Parak
2022-09-27 00:00:00+00:00,26.169874,14.4,0.3361458,Parak
2022-09-28 00:00:00+00:00,26.534454,2.35,0.34062493,Parak
2022-09-29 00:00:00+00:00,27.344875,1.2,0.3405625,Parak
2022-09-30 00:00:00+00:00,26.587585,5.5500007,0.3394792,Parak
2022-10-01 00:00:00+00:00,26.618835,5.65,0.34104162,Parak
2022-10-02 00:00:00+00:00,27.224041,1.7,0.34089577,Parak
2022-10-03 00:00:00+00:00,26.501127,8.35,0.34114578,Parak
2022-10-04 00:00:00+00:00,26.16675,21.400002,0.34233335,Parak
2022-10-05 00:00:00+00:00,26.1105,21.7,0.34954166,Parak
2022-10-06 00:00:00+00:00,27.041748,3.35,0.3484167,Parak
2022-10-07 00:00:00+00:00,26.020916,17.45,0.34822917,Parak
2022-10-08 00:00:00+00:00,26.005291,3.9,0.34962502,Parak
2022-10-09 00:00:00+00:00,25.411541,2.4500003,0.35204166,Parak
2022-10-10 00:00:00+00:00,26.643833,3.1999998,0.35220832,Parak
2022-10-11 00:00:00+00:00,26.283413,13.05,0.35308325,Parak
2022-10-12 00:00:00+00:00,26.128208,1.75,0.35306248,Parak
2022-10-13 00:00:00+00:00,25.691748,10.85,0.3530208,Parak
2022-10-14 00:00:00+00:00,25.588623,6.05,0.35302085,Parak
2022-10-15 00:00:00+00:00,24.908417,22.3,0.35470834,Parak
2022-10-16 00:00:00+00:00,25.5355,2.7,0.3636875,Parak
2022-10-17 00:00:00+00:00,26.975082,1.3,0.36745837,Parak
2022-10-18 00:00:00+00:00,26.88654,2.35,0.3976041,Parak
2022-10-19 00:00:00+00:00,26.391747,12.35,0.42666662,Parak
2022-10-20 00:00:00+00:00,27.448002,4.0,0.4252708,Parak
2022-10-21 00:00:00+00:00,26.712582,26.15,0.42456254,Parak
2022-10-22 00:00:00+00:00,26.628208,4.3999996,0.4248125,Parak
2022-10-23 00:00:00+00:00,26.343834,4.45,0.4265625,Parak
2022-10-24 00:00:00+00:00,26.299038,3.6,0.42758334,Parak
2022-10-25 00:00:00+00:00,25.635498,18.0,0.4339375,Parak
2022-10-26 00:00:00+00:00,25.337584,16.45,0.44824997,Parak
2022-10-27 00:00:00+00:00,25.327168,14.950001,0.45727083,Parak
2022-10-28 00:00:00+00:00,25.621956,14.950001,0.46720833,Parak
2022-10-29 00:00:00+00:00,25.65425,18.35,0.47137496,Parak
2022-10-30 00:00:00+00:00,25.977165,21.7,0.47199994,Parak
2022-10-31 00:00:00+00:00,25.407375,6.35,0.48641664,Parak
2022-11-01 00:00:00+00:00,25.896954,18.1,0.48704168,Parak
2022-11-02 00:00:00+00:00,25.359459,7.75,0.48827094,Parak
2022-11-03 00:00:00+00:00,25.676125,14.850001,0.48987496,Parak
2022-11-04 00:00:00+00:00,25.215706,19.250002,0.49839592,Parak
2022-11-05 00:00:00+00:00,25.860498,10.650001,0.5026667,Parak
2022-11-06 00:00:00+00:00,25.85633,12.3,0.50347924,Parak
2022-11-07 00:00:00+00:00,25.982376,6.5499997,0.500125,Parak
2022-11-08 00:00:00+00:00,25.563625,15.0,0.49552083,Parak
2022-11-09 00:00:00+00:00,25.861542,8.05,0.49472913,Parak
2022-11-10 00:00:00+00:00,25.137585,13.1,0.4957708,Parak
2022-11-11 00:00:00+00:00,25.08654,11.150001,0.49902093,Parak
2022-11-12 00:00:00+00:00,25.048,27.300003,0.5050001,Parak
2022-11-13 00:00:00+00:00,25.517792,37.6,0.5067708,Parak
2022-11-14 00:00:00+00:00,25.464666,22.8,0.5078958,Parak
2022-11-15 00:00:00+00:00,26.013622,6.7999997,0.50972915,Parak
2022-11-16 00:00:00+00:00,26.145914,26.699999,0.50958335,Parak
2022-11-17 00:00:00+00:00,25.55529,16.45,0.5065,Parak
2022-11-18 00:00:00+00:00,25.503208,10.25,0.50283337,Parak
2022-11-19 00:00:00+00:00,25.54279,18.2,0.50045836,Parak
2022-11-20 00:00:00+00:00,26.002167,16.7,0.50175,Parak
2022-11-21 00:00:00+00:00,26.175083,3.6999996,0.5026667,Parak
2022-11-22 00:00:00+00:00,25.510498,14.500001,0.5014584,Parak
2022-11-23 00:00:00+00:00,25.693832,9.750001,0.49881244,Parak
2022-11-24 00:00:00+00:00,25.619873,11.3,0.49700004,Parak
2022-11-25 00:00:00+00:00,25.685497,1.8000001,0.4957918,Parak
2022-11-26 00:00:00+00:00,25.819874,26.650002,0.49197918,Parak
2022-11-27 00:00:00+00:00,25.815708,7.8499994,0.48785424,Parak
2022-11-28 00:00:00+00:00,25.971958,10.750001,0.48499998,Parak
2022-11-29 00:00:00+00:00,25.16883,17.3,0.4816249,Parak
2022-11-30 00:00:00+00:00,25.407372,9.2,0.480875,Parak
2022-12-01 00:00:00+00:00,25.643833,5.9000006,0.48216674,Parak
2022-12-02 00:00:00+00:00,25.233418,18.450003,0.481875,Parak
2022-12-03 00:00:00+00:00,24.76154,11.050001,0.4833541,Parak
2022-12-04 00:00:00+00:00,25.13237,18.5,0.48970836,Parak
2022-12-05 00:00:00+00:00,25.686539,16.0,0.4941042,Parak
2022-12-06 00:00:00+00:00,25.75321,19.500002,0.4995834,Parak
2022-12-07 00:00:00+00:00,25.905293,7.75,0.49704173,Parak
2022-12-08 00:00:00+00:00,25.282375,35.05,0.499625,Parak
2022-12-09 00:00:00+00:00,24.26675,19.0,0.5097083,Parak
2022-12-10 00:00:00+00:00,24.57404,22.650002,0.5151042,Parak
2022-12-11 00:00:00+00:00,24.93446,25.250002,0.5145625,Parak
2022-12-12 00:00:00+00:00,24.700083,27.6,0.51425,Parak
2022-12-13 00:00:00+00:00,25.07404,25.05,0.50412506,Parak
2022-12-14 00:00:00+00:00,25.310497,21.500002,0.4969375,Parak
2022-12-15 00:00:00+00:00,25.77404,4.55,0.49385417,Parak
2022-12-16 00:00:00+00:00,25.470913,17.550001,0.48866665,Parak
2022-12-17 00:00:00+00:00,25.501125,55.55,0.49033332,Parak
2022-12-18 00:00:00+00:00,24.700085,7.5999994,0.5048542,Parak
2022-12-19 00:00:00+00:00,24.539669,2.7,0.5035417,Parak
2022-12-20 00:00:00+00:00,25.014668,9.099999,0.49766672,Parak
2022-12-21 00:00:00+00:00,25.319874,11.35,0.49154162,Parak
2022-12-22 00:00:00+00:00,24.896957,19.400002,0.48877078,Parak
2022-12-23 00:00:00+00:00,25.723,4.05,0.4846667,Parak
2022-12-24 00:00:00+00:00,26.127167,2.4,0.47902086,Parak
2022-12-25 00:00:00+00:00,25.61362,3.25,0.4732708,Parak
2022-12-26 00:00:00+00:00,25.699041,0.0,0.46697915,Parak
2022-12-27 00:00:00+00:00,25.44383,3.1999998,0.46010414,Parak
2022-12-28 00:00:00+00:00,25.849041,0.85,0.45535415,Parak
2022-12-29 00:00:00+00:00,25.664667,0.6,0.44870836,Parak
2022-12-30 00:00:00+00:00,25.912582,0.0,0.44208327,Parak
2022-12-31 00:00:00+00:00,25.459457,0.3,0.4360208,Parak
2023-01-01 00:00:00+00:00,26.076126,0.0,0.43056256,Parak
2023-01-02 00:00:00+00:00,26.4355,0.55,0.42587507,Parak
2023-01-03 00:00:00+00:00,25.66154,6.9,0.42193753,Parak
2023-01-04 00:00:00+00:00,25.467789,11.700001,0.41858327,Parak
2023-01-05 00:00:00+00:00,25.85633,1.25,0.41545832,Parak
2023-01-06 00:00:00+00:00,25.584457,5.75,0.412625,Parak
2023-01-07 00:00:00+00:00,25.057373,15.050001,0.41087502,Parak
2023-01-08 00:00:00+00:00,24.853207,9.85,0.4067501,Parak
2023-01-09 00:00:00+00:00,25.46571,11.6,0.40462494,Parak
2023-01-10 00:00:00+00:00,24.962582,20.550001,0.4038542,Parak
2023-01-11 00:00:00+00:00,25.027168,4.85,0.40362507,Parak
2023-01-12 00:00:00+00:00,25.66258,12.550001,0.40420836,Parak
2023-01-13 00:00:00+00:00,25.720917,5.8499994,0.40395838,Parak
2023-01-14 00:00:00+00:00,25.744873,7.6000004,0.40410417,Parak
2023-01-15 00:00:00+00:00,25.425083,3.2499998,0.40447918,Parak
2023-01-16 00:00:00+00:00,25.817787,0.90000004,0.4041875,Parak
2023-01-17 00:00:00+00:00,25.307377,0.0,0.4018333,Parak
2023-01-18 00:00:00+00:00,25.820915,1.1500001,0.39895833,Parak
2023-01-19 00:00:00+00:00,25.891747,2.8999999,0.39675003,Parak
2023-01-20 00:00:00+00:00,25.089664,15.5,0.39458334,Parak
2023-01-21 00:00:00+00:00,24.433416,24.7,0.39431247,Parak
2023-01-22 00:00:00+00:00,24.467793,17.15,0.40535417,Parak
2023-01-23 00:00:00+00:00,24.812584,22.55,0.41481254,Parak
2023-01-24 00:00:00+00:00,24.281334,23.500002,0.42752084,Parak
2023-01-25 00:00:00+00:00,24.673,9.55,0.4317708,Parak
2023-01-26 00:00:00+00:00,25.941746,0.35,0.43310416,Parak
2023-01-27 00:00:00+00:00,25.513624,6.7,0.43304166,Parak
2023-01-28 00:00:00+00:00,25.280293,4.1,0.43333328,Parak
2023-01-29 00:00:00+00:00,26.103209,0.4,0.43389583,Parak
2023-01-30 00:00:00+00:00,25.227165,9.0,0.43439585,Parak
2023-01-31 00:00:00+00:00,25.37196,8.2,0.4361458,Parak
2023-02-01 00:00:00+00:00,25.409456,6.8499994,0.4366875,Parak
2023-02-02 00:00:00+00:00,25.54383,5.35,0.4364999,Parak
2023-02-03 00:00:00+00:00,25.233416,12.1,0.43777084,Parak
2023-02-04 00:00:00+00:00,25.907375,4.3999996,0.43860424,Parak
2023-02-05 00:00:00+00:00,25.408415,37.85,0.44191664,Parak
2023-02-06 00:00:00+00:00,24.518835,4.2999997,0.45095837,Parak
2023-02-07 00:00:00+00:00,25.718834,0.75000006,0.45679164,Parak
2023-02-08 00:00:00+00:00,25.902166,1.9000001,0.4567291,Parak
2023-02-09 00:00:00+00:00,26.019875,14.900002,0.45618743,Parak
2023-02-10 00:00:00+00:00,25.750084,7.6499996,0.45322913,Parak
2023-02-11 00:00:00+00:00,25.31154,7.95,0.4527084,Parak
2023-02-12 00:00:00+00:00,25.256332,9.6,0.45185414,Parak
2023-02-13 00:00:00+00:00,25.66779,5.0499997,0.45087498,Parak
2023-02-14 00:00:00+00:00,25.56675,15.05,0.45037502,Parak
2023-02-15 00:00:00+00:00,25.782375,0.35000002,0.45256245,Parak
2023-02-16 00:00:00+00:00,26.294878,0.90000004,0.45283332,Parak
2023-02-17 00:00:00+00:00,26.133415,7.3500004,0.45177078,Parak
2023-02-18 00:00:00+00:00,25.800083,9.65,0.45112497,Parak
2023-02-19 00:00:00+00:00,25.41779,13.95,0.45143744,Parak
2023-02-20 00:00:00+00:00,25.207375,7.25,0.45285413,Parak
2023-02-21 00:00:00+00:00,25.623001,2.4499998,0.4532292,Parak
2023-02-22 00:00:00+00:00,25.839664,4.05,0.45075,Parak
2023-02-23 00:00:00+00:00,25.966751,3.15,0.44885424,Parak
2023-02-24 00:00:00+00:00,25.984457,5.8,0.44768757,Parak
2023-02-25 00:00:00+00:00,25.424044,3.4,0.44591665,Parak
2023-02-26 00:00:00+00:00,26.005291,0.6,0.44304162,Parak
2023-02-27 00:00:00+00:00,25.83029,3.35,0.43904173,Parak
2023-02-28 00:00:00+00:00,25.500084,8.300001,0.43581253,Parak
2023-03-01 00:00:00+00:00,23.897999,16.05,0.44162506,Parak
2023-03-02 00:00:00+00:00,24.956333,8.200001,0.44741666,Parak
2023-03-03 00:00:00+00:00,24.238626,11.8,0.45245838,Parak
2023-03-04 00:00:00+00:00,25.41571,4.3999996,0.45385414,Parak
2023-03-05 00:00:00+00:00,25.359457,2.7,0.45252085,Parak
2023-03-06 00:00:00+00:00,25.46779,0.75000006,0.44975,Parak
2023-03-07 00:00:00+00:00,26.196957,0.0,0.4468541,Parak
2023-03-08 00:00:00+00:00,26.475082,1.3,0.44335413,Parak
2023-03-09 00:00:00+00:00,26.26675,10.95,0.43952087,Parak
2023-03-10 00:00:00+00:00,26.069878,20.150002,0.43729162,Parak
2023-03-11 00:00:00+00:00,25.608414,15.5,0.4359166,Parak
2023-03-12 00:00:00+00:00,25.990711,8.15,0.43395832,Parak
2023-03-13 00:00:00+00:00,26.177166,1.8999999,0.43218747,Parak
2023-03-14 00:00:00+00:00,26.329247,2.1999998,0.4288333,Parak
2023-03-15 00:00:00+00:00,26.810501,0.6,0.42625004,Parak
2023-03-16 00:00:00+00:00,26.407375,2.0,0.42310417,Parak
2023-03-17 00:00:00+00:00,26.940706,0.35,0.41966665,Parak
2023-03-18 00:00:00+00:00,26.86154,6.75,0.41720834,Parak
2023-03-19 00:00:00+00:00,27.360498,2.45,0.41418743,Parak
2023-03-20 00:00:00+00:00,26.364668,5.1,0.41058332,Parak
2023-03-21 00:00:00+00:00,26.194874,6.75,0.40914583,Parak
2023-03-22 00:00:00+00:00,27.094875,8.05,0.40593755,Parak
2023-03-23 00:00:00+00:00,26.474041,5.1,0.4022292,Parak
2023-03-24 00:00:00+00:00,26.272999,16.55,0.3983125,Parak
2023-03-25 00:00:00+00:00,25.30529,8.1,0.39656255,Parak
2023-03-26 00:00:00+00:00,26.844875,25.6,0.3941875,Parak
2023-03-27 00:00:00+00:00,26.87925,0.8000001,0.39149997,Parak
2023-03-28 00:00:00+00:00,26.52821,1.8499999,0.39077085,Parak
2023-03-29 00:00:00+00:00,26.400084,2.2,0.38993752,Parak
2023-03-30 00:00:00+00:00,26.693832,1.95,0.38985407,Parak
2023-03-31 00:00:00+00:00,26.904251,2.0,0.38979164,Parak
2023-04-01 00:00:00+00:00,27.0355,10.5,0.38902086,Parak
2023-04-02 00:00:00+00:00,25.90946,9.150002,0.3868333,Parak
2023-04-03 00:00:00+00:00,25.659458,6.8000007,0.38535416,Parak
2023-04-04 00:00:00+00:00,26.724041,7.0,0.3856041,Parak
2023-04-05 00:00:00+00:00,25.88446,9.5,0.38627082,Parak
2023-04-06 00:00:00+00:00,26.359459,4.65,0.38645834,Parak
2023-04-07 00:00:00+00:00,25.82821,8.950001,0.38545838,Parak
2023-04-08 00:00:00+00:00,26.240711,2.1499999,0.38483334,Parak
2023-04-09 00:00:00+00:00,26.4105,2.6499996,0.38475,Parak
2023-04-10 00:00:00+00:00,27.027164,1.95,0.38325,Parak
2023-04-11 00:00:00+00:00,27.637585,0.90000004,0.38216665,Parak
2023-04-12 00:00:00+00:00,27.226122,2.75,0.38177082,Parak
2023-04-13 00:00:00+00:00,27.674042,1.4000001,0.3807709,Parak
2023-04-14 00:00:00+00:00,27.8105,2.7,0.37906253,Parak
2023-04-15 00:00:00+00:00,27.893833,2.8000002,0.3766667,Parak
2023-04-16 00:00:00+00:00,27.677166,3.0,0.37460423,Parak
2023-04-17 00:00:00+00:00,27.647999,3.6,0.37181252,Parak
2023-04-18 00:00:00+00:00,26.576122,13.35,0.37106252,Parak
2023-04-19 00:00:00+00:00,26.861538,17.45,0.36918753,Parak
2023-04-20 00:00:00+00:00,26.64175,7.45,0.36764586,Parak
2023-04-21 00:00:00+00:00,27.026121,6.8500004,0.3662083,Parak
2023-04-22 00:00:00+00:00,26.545916,12.699999,0.36458328,Parak
2023-04-23 00:00:00+00:00,26.586542,22.75,0.3629375,Parak
2023-04-24 00:00:00+00:00,26.763624,3.6,0.36635423,Parak
2023-04-25 00:00:00+00:00,26.219875,17.05,0.3684166,Parak
2023-04-26 00:00:00+00:00,26.771957,36.6,0.37179163,Parak
2023-04-27 00:00:00+00:00,26.392792,27.25,0.381625,Parak
2023-04-28 00:00:00+00:00,26.218834,15.900001,0.38224998,Parak
2023-04-29 00:00:00+00:00,26.642794,6.4500003,0.38256255,Parak
2023-04-30 00:00:00+00:00,26.876122,10.700001,0.38216668,Parak
2023-05-01 00:00:00+00:00,26.802166,10.650001,0.3828333,Parak
2023-05-02 00:00:00+00:00,26.6605,16.150002,0.38433328,Parak
2023-05-03 00:00:00+00:00,26.75425,14.15,0.3857083,Parak
2023-05-04 00:00:00+00:00,27.100082,20.000002,0.386375,Parak
2023-05-05 00:00:00+00:00,26.789667,17.350002,0.38695842,Parak
2023-05-06 00:00:00+00:00,26.147999,30.5,0.38935417,Parak
2023-05-07 00:00:00+00:00,26.618834,8.0,0.39864582,Parak
2023-05-08 00:00:00+00:00,28.465706,0.65000004,0.40356255,Parak
2023-05-09 00:00:00+00:00,28.60529,0.25,0.40252095,Parak
2023-05-10 00:00:00+00:00,28.784454,0.3,0.4011042,Parak
2023-05-11 00:00:00+00:00,28.56258,1.35,0.3987292,Parak
2023-05-12 00:00:00+00:00,27.83446,5.6000004,0.3964583,Parak
2023-05-13 00:00:00+00:00,27.983414,4.75,0.39454168,Parak
2023-05-14 00:00:00+00:00,27.181335,4.1499996,0.39293754,Parak
2023-05-15 00:00:00+00:00,26.65946,11.65,0.39152086,Parak
2023-05-16 00:00:00+00:00,27.018831,13.8,0.390625,Parak
2023-05-17 00:00:00+00:00,26.916748,16.0,0.3889584,Parak
2023-05-18 00:00:00+00:00,26.582375,13.0,0.38864583,Parak
2023-05-19 00:00:00+00:00,27.060497,2.6000001,0.3889375,Parak
2023-05-20 00:00:00+00:00,27.259457,8.55,0.38945836,Parak
2023-05-21 00:00:00+00:00,25.767792,5.1499996,0.39066675,Parak
2023-05-22 00:00:00+00:00,26.656334,8.95,0.39143747,Parak
2023-05-23 00:00:00+00:00,27.77925,1.15,0.39170825,Parak
2023-05-24 00:00:00+00:00,27.532375,6.7500005,0.39075005,Parak
2023-05-25 00:00:00+00:00,26.744873,10.95,0.39035416,Parak
2023-05-26 00:00:00+00:00,26.51675,16.9,0.3904584,Parak
2023-05-27 00:00:00+00:00,26.717789,5.55,0.3898542,Parak
2023-05-28 00:00:00+00:00,26.861542,12.549999,0.38924995,Parak
2023-05-29 00:00:00+00:00,27.244875,2.6,0.38866663,Parak
2023-05-30 00:00:00+00:00,28.41362,0.6,0.38708335,Parak
2023-05-31 00:00:00+00:00,28.215708,1.05,0.38554165,Parak
2023-06-01 00:00:00+00:00,27.34279,13.5,0.3838125,Parak
2023-06-02 00:00:00+00:00,27.188625,4.5,0.38143748,Parak
2023-06-03 00:00:00+00:00,27.058414,14.150002,0.38075003,Parak
2023-06-04 00:00:00+00:00,26.942793,0.25,0.37964582,Parak
2023-06-05 00:00:00+00:00,27.721958,24.7,0.37872913,Parak
2023-06-06 00:00:00+00:00,27.88133,0.3,0.37849998,Parak
2023-06-07 00:00:00+00:00,27.607376,0.85,0.37818748,Parak
2023-06-08 00:00:00+00:00,27.720913,2.0,0.3773333,Parak
2023-06-09 00:00:00+00:00,28.141748,0.35,0.37566662,Parak
2023-06-10 00:00:00+00:00,27.755293,6.5499997,0.37262496,Parak
2023-06-11 00:00:00+00:00,28.259457,2.05,0.37010416,Parak
2023-06-12 00:00:00+00:00,27.693834,2.05,0.36774996,Parak
2023-06-13 00:00:00+00:00,28.085497,2.4,0.36624998,Parak
2023-06-14 00:00:00+00:00,27.292793,0.05,0.36489588,Parak
2023-06-15 00:00:00+00:00,28.325087,0.25,0.36316666,Parak
2023-06-16 00:00:00+00:00,28.52404,3.3,0.36179167,Parak
2023-06-17 00:00:00+00:00,27.956333,11.9,0.3602708,Parak
2023-06-18 00:00:00+00:00,26.810501,0.15,0.35885414,Parak
2023-06-19 00:00:00+00:00,28.134457,0.0,0.35577077,Parak
2023-06-20 00:00:00+00:00,28.540707,1.4,0.35306248,Parak
2023-06-21 00:00:00+00:00,27.60529,1.5,0.35152084,Parak
2023-06-22 00:00:00+00:00,27.049042,8.7,0.3500834,Parak
2023-06-23 00:00:00+00:00,26.20008,22.05,0.3492084,Parak
2023-06-24 00:00:00+00:00,26.971958,11.6,0.3488751,Parak
2023-06-25 00:00:00+00:00,26.76154,9.549999,0.34875,Parak
2023-06-26 00:00:00+00:00,26.365707,4.2500005,0.34837496,Parak
2023-06-27 00:00:00+00:00,26.135498,15.600001,0.34766662,Parak
2023-06-28 00:00:00+00:00,26.627167,6.4000006,0.3481875,Parak
2023-06-29 00:00:00+00:00,26.09071,7.75,0.35068753,Parak
2023-06-30 00:00:00+00:00,26.033417,36.6,0.36170834,Parak
2023-07-01 00:00:00+00:00,26.260502,4.8499994,0.40237498,Parak
2023-07-02 00:00:00+00:00,27.68654,0.0,0.40504164,Parak
2023-07-03 00:00:00+00:00,28.135502,0.70000005,0.40422916,Parak
2023-07-04 00:00:00+00:00,26.757376,6.75,0.4028542,Parak
2023-07-05 00:00:00+00:00,26.400084,4.2,0.40137506,Parak
2023-07-06 00:00:00+00:00,26.635498,4.1,0.39943752,Parak
2023-07-07 00:00:00+00:00,26.831333,12.450001,0.39791662,Parak
2023-07-08 00:00:00+00:00,26.57925,13.7,0.396375,Parak
2023-07-09 00:00:00+00:00,26.549042,0.2,0.39587498,Parak
2023-07-10 00:00:00+00:00,26.666752,13.1,0.394875,Parak
2023-07-11 00:00:00+00:00,26.567791,7.35,0.3956667,Parak
2023-07-12 00:00:00+00:00,26.32196,12.1,0.39714587,Parak
2023-07-13 00:00:00+00:00,26.514668,7.95,0.39766663,Parak
2023-07-14 00:00:00+00:00,26.311539,13.5,0.39764583,Parak
2023-07-15 00:00:00+00:00,27.34071,0.45,0.39681256,Parak
2023-07-16 00:00:00+00:00,27.98029,0.25,0.3955,Parak
2023-07-17 00:00:00+00:00,28.10008,0.4,0.39354157,Parak
2023-07-18 00:00:00+00:00,27.092793,11.6,0.39254168,Parak
2023-07-19 00:00:00+00:00,25.702164,8.5,0.39189586,Parak
2023-07-20 00:00:00+00:00,26.4105,2.3,0.3905417,Parak
2023-07-21 00:00:00+00:00,27.607374,1.5,0.38854152,Parak
2023-07-22 00:00:00+00:00,26.851124,2.05,0.38662505,Parak
2023-07-23 00:00:00+00:00,27.072998,10.4,0.38433325,Parak
2023-07-24 00:00:00+00:00,28.053207,2.85,0.38133335,Parak
2023-07-25 00:00:00+00:00,28.414665,0.75000006,0.37875003,Parak
2023-07-26 00:00:00+00:00,28.358414,1.55,0.3761875,Parak
2023-07-27 00:00:00+00:00,28.087582,0.70000005,0.37258333,Parak
2023-07-28 00:00:00+00:00,27.93133,0.55,0.36929163,Parak
2023-07-29 00:00:00+00:00,27.756329,2.25,0.36764583,Parak
2023-07-30 00:00:00+00:00,27.925083,16.3,0.36635414,Parak
2023-07-31 00:00:00+00:00,27.188622,6.6999993,0.365125,Parak
2023-08-01 00:00:00+00:00,27.854252,4.9500003,0.36225003,Parak
2023-08-02 00:00:00+00:00,28.796959,4.5499997,0.35914585,Parak
2023-08-03 00:00:00+00:00,27.244877,7.25,0.35699996,Parak
2023-08-04 00:00:00+00:00,28.050083,1.1,0.35393754,Parak
2023-08-05 00:00:00+00:00,27.205292,6.7,0.35125,Parak
2023-08-06 00:00:00+00:00,27.049042,8.05,0.34691668,Parak
2023-08-07 00:00:00+00:00,27.04279,8.900001,0.34293753,Parak
2023-08-08 00:00:00+00:00,26.275085,5.700001,0.34112495,Parak
2023-08-09 00:00:00+00:00,26.585499,19.150002,0.3380417,Parak
2023-08-10 00:00:00+00:00,26.078209,7.25,0.3366459,Parak
2023-08-11 00:00:00+00:00,26.970913,11.1,0.33560422,Parak
2023-08-12 00:00:00+00:00,27.270918,2.05,0.33329165,Parak
2023-08-13 00:00:00+00:00,26.765705,13.550001,0.3316458,Parak
2023-08-14 00:00:00+00:00,25.442791,13.150001,0.33124995,Parak
2023-08-15 00:00:00+00:00,26.743835,10.35,0.33112502,Parak
2023-08-16 00:00:00+00:00,26.599041,36.949997,0.33112505,Parak
2023-08-17 00:00:00+00:00,25.940708,5.049999,0.33060414,Parak
2023-08-18 00:00:00+00:00,27.050083,0.35000002,0.32927084,Parak
2023-08-19 00:00:00+00:00,27.506336,1.75,0.3290625,Parak
2023-08-20 00:00:00+00:00,26.595917,3.6999998,0.3294583,Parak
2023-08-21 00:00:00+00:00,26.08654,12.799999,0.32850003,Parak
2023-08-22 00:00:00+00:00,27.032372,2.55,0.3270833,Parak
2023-08-23 00:00:00+00:00,26.418833,7.6499996,0.32599998,Parak
2023-08-24 00:00:00+00:00,26.5355,4.95,0.32493752,Parak
2023-08-25 00:00:00+00:00,26.54175,18.65,0.3228125,Parak
2023-08-26 00:00:00+00:00,25.901123,11.75,0.3217917,Parak
2023-08-27 00:00:00+00:00,27.65633,0.70000005,0.32212502,Parak
2023-08-28 00:00:00+00:00,27.191746,8.849999,0.3217917,Parak
2023-08-29 00:00:00+00:00,26.452166,14.8,0.32129171,Parak
2023-08-30 00:00:00+00:00,27.660498,0.8500001,0.32191664,Parak
2023-08-31 00:00:00+00:00,26.107372,15.8,0.32274988,Parak
2023-09-01 00:00:00+00:00,26.292791,18.7,0.32224992,Parak
2023-09-02 00:00:00+00:00,26.877167,6.4,0.32149994,Parak
2023-09-03 00:00:00+00:00,27.734455,10.95,0.32131243,Parak
2023-09-04 00:00:00+00:00,26.132374,18.45,0.32247913,Parak
2023-09-05 00:00:00+00:00,26.102163,24.7,0.32710418,Parak
2023-09-06 00:00:00+00:00,26.362583,4.5,0.3313125,Parak
2023-09-07 00:00:00+00:00,27.127167,0.55,0.33410418,Parak
2023-09-08 00:00:00+00:00,26.146954,8.150001,0.3354375,Parak
2023-09-09 00:00:00+00:00,26.189667,2.3999999,0.3360833,Parak
2023-09-10 00:00:00+00:00,25.911541,10.0,0.33756244,Parak
2023-09-11 00:00:00+00:00,26.267792,7.2000003,0.33912504,Parak
2023-09-12 00:00:00+00:00,27.562584,1.25,0.3389999,Parak
2023-09-13 00:00:00+00:00,28.273,0.15,0.33910418,Parak
2023-09-14 00:00:00+00:00,28.434456,0.4,0.33700004,Parak
2023-09-15 00:00:00+00:00,26.92196,6.15,0.33416674,Parak
2023-09-16 00:00:00+00:00,27.215712,4.6,0.33366668,Parak
2023-09-17 00:00:00+00:00,26.801126,11.9,0.33481252,Parak
2023-09-18 00:00:00+00:00,27.581333,3.1,0.33468753,Parak
2023-09-19 00:00:00+00:00,26.300083,15.35,0.3316875,Parak
2023-09-20 00:00:00+00:00,25.508415,30.9,0.3288125,Parak
2023-09-21 00:00:00+00:00,24.940708,15.950001,0.32987496,Parak
2023-09-22 00:00:00+00:00,25.822998,6.95,0.33585423,Parak
2023-09-23 00:00:00+00:00,25.665707,18.5,0.34149998,Parak
2023-09-24 00:00:00+00:00,25.743832,5.35,0.35052082,Parak
2023-09-25 00:00:00+00:00,25.03654,20.25,0.36043748,Parak
2023-09-26 00:00:00+00:00,26.56571,3.9499998,0.36422914,Parak
2023-09-27 00:00:00+00:00,27.493832,1.6,0.36545837,Parak
2023-09-28 00:00:00+00:00,27.88654,0.05,0.36570835,Parak
2023-09-29 00:00:00+00:00,27.162582,11.15,0.36295825,Parak
2023-09-30 00:00:00+00:00,27.18654,1.0,0.36212504,Parak
2023-10-01 00:00:00+00:00,27.268837,8.95,0.36149997,Parak
2023-10-02 00:00:00+00:00,26.789665,6.7,0.3621042,Parak
2023-10-03 00:00:00+00:00,26.926125,5.4500003,0.35949993,Parak
2023-10-04 00:00:00+00:00,26.357374,16.150002,0.35814583,Parak
2023-10-05 00:00:00+00:00,26.765709,4.9500003,0.3573959,Parak
2023-10-06 00:00:00+00:00,26.24279,7.75,0.3559375,Parak
2023-10-07 00:00:00+00:00,26.469875,5.6000004,0.35475004,Parak
2023-10-08 00:00:00+00:00,26.953207,2.95,0.3545,Parak
2023-10-09 00:00:00+00:00,26.781332,9.800001,0.35400003,Parak
2023-10-10 00:00:00+00:00,25.992794,27.1,0.35387495,Parak
2023-10-11 00:00:00+00:00,25.933414,14.500002,0.3536875,Parak
2023-10-12 00:00:00+00:00,26.109459,6.0,0.35618746,Parak
2023-10-13 00:00:00+00:00,26.400084,18.800001,0.35710412,Parak
2023-10-14 00:00:00+00:00,25.651127,29.450003,0.35679162,Parak
2023-10-15 00:00:00+00:00,26.201122,14.45,0.365125,Parak
2023-10-16 00:00:00+00:00,25.317791,34.600002,0.367125,Parak
2023-10-17 00:00:00+00:00,26.446957,1.25,0.37191665,Parak
2023-10-18 00:00:00+00:00,26.79279,12.650001,0.37693757,Parak
2023-10-19 00:00:00+00:00,26.05529,12.65,0.3795833,Parak
2023-10-20 00:00:00+00:00,25.041748,33.35,0.38297915,Parak
2023-10-21 00:00:00+00:00,25.985498,6.5500007,0.38116658,Parak
2023-10-22 00:00:00+00:00,25.293835,20.5,0.38327083,Parak
2023-10-23 00:00:00+00:00,26.166752,19.300003,0.38318753,Parak
2023-10-24 00:00:00+00:00,25.593834,14.950001,0.3832709,Parak
2023-10-25 00:00:00+00:00,25.87404,8.3,0.383625,Parak
2023-10-26 00:00:00+00:00,25.636541,4.85,0.38679162,Parak
2023-10-27 00:00:00+00:00,25.89904,16.6,0.388125,Parak
2023-10-28 00:00:00+00:00,25.414665,14.6,0.389125,Parak
2023-10-29 00:00:00+00:00,25.088627,15.800001,0.38993752,Parak
2023-10-30 00:00:00+00:00,25.777166,8.2,0.390625,Parak
2023-10-31 00:00:00+00:00,26.500084,4.75,0.39402083,Parak
2023-11-01 00:00:00+00:00,25.429249,12.950003,0.39675003,Parak
2023-11-02 00:00:00+00:00,25.767788,11.749999,0.39797914,Parak
2023-11-03 00:00:00+00:00,25.861538,6.500001,0.39964586,Parak
2023-11-04 00:00:00+00:00,25.846958,18.9,0.39981246,Parak
2023-11-05 00:00:00+00:00,25.930288,7.5499997,0.39862502,Parak
2023-11-06 00:00:00+00:00,26.229248,7.4,0.40074998,Parak
2023-11-07 00:00:00+00:00,26.249043,13.85,0.40237498,Parak
2023-11-08 00:00:00+00:00,26.313623,9.550001,0.40391672,Parak
2023-11-09 00:00:00+00:00,25.763626,4.4,0.4036458,Parak
2023-11-10 00:00:00+00:00,26.772995,7.9,0.4049584,Parak
2023-11-11 00:00:00+00:00,26.174038,5.25,0.4080208,Parak
2023-11-12 00:00:00+00:00,27.227165,2.15,0.41033337,Parak
2023-11-13 00:00:00+00:00,26.067791,12.85,0.41039583,Parak
2023-11-14 00:00:00+00:00,26.034458,7.3500004,0.41189587,Parak
2023-11-15 00:00:00+00:00,26.220917,11.25,0.4140625,Parak
2023-11-16 00:00:00+00:00,26.98029,0.8,0.41439587,Parak
2023-11-17 00:00:00+00:00,26.387585,5.7999997,0.41591668,Parak
2023-11-18 00:00:00+00:00,26.467793,8.900001,0.41772908,Parak
2023-11-19 00:00:00+00:00,25.959457,8.150001,0.41860422,Parak
2023-11-20 00:00:00+00:00,26.113626,14.4,0.42075002,Parak
2023-11-21 00:00:00+00:00,25.730293,16.900002,0.42416668,Parak
2023-11-22 00:00:00+00:00,25.95008,23.400002,0.42672914,Parak
2023-11-23 00:00:00+00:00,26.055294,20.35,0.43427083,Parak
2023-11-24 00:00:00+00:00,25.832375,6.0,0.4407708,Parak
2023-11-25 00:00:00+00:00,25.556334,12.45,0.44643748,Parak
2023-11-26 00:00:00+00:00,25.709457,6.35,0.45004165,Parak
2023-11-27 00:00:00+00:00,26.21571,6.0999994,0.45243752,Parak
2023-11-28 00:00:00+00:00,25.970917,10.150001,0.45277077,Parak
2023-11-29 00:00:00+00:00,26.067791,23.4,0.45360422,Parak
2023-11-30 00:00:00+00:00,25.999039,16.95,0.45170838,Parak
2023-12-01 00:00:00+00:00,26.000084,11.700001,0.45447922,Parak
2023-12-02 00:00:00+00:00,25.680294,12.200001,0.46247923,Parak
2023-12-03 00:00:00+00:00,25.703209,20.649998,0.4687708,Parak
2023-12-04 00:00:00+00:00,26.862583,12.35,0.47185415,Parak
2023-12-05 00:00:00+00:00,26.026123,17.050001,0.469375,Parak
2023-12-06 00:00:00+00:00,26.00425,28.849998,0.4692708,Parak
2023-12-07 00:00:00+00:00,25.828209,20.150002,0.4800417,Parak
2023-12-08 00:00:00+00:00,26.74279,5.45,0.48162505,Parak
2023-12-09 00:00:00+00:00,26.516747,13.349999,0.48572916,Parak
2023-12-10 00:00:00+00:00,26.599041,12.450001,0.4839375,Parak
2023-12-11 00:00:00+00:00,26.006332,20.45,0.49139586,Parak
2023-12-12 00:00:00+00:00,25.548,17.55,0.4974167,Parak
2023-12-13 00:00:00+00:00,26.139666,23.0,0.50333333,Parak
2023-12-14 00:00:00+00:00,25.653206,12.000001,0.5075834,Parak
2023-12-15 00:00:00+00:00,25.554249,17.5,0.5070417,Parak
2023-12-16 00:00:00+00:00,25.553207,18.949999,0.5066667,Parak
2023-12-17 00:00:00+00:00,25.806335,11.200001,0.5047709,Parak
2023-12-18 00:00:00+00:00,25.979252,15.6,0.50604165,Parak
2023-12-19 00:00:00+00:00,25.59383,12.700001,0.50210416,Parak
2023-12-20 00:00:00+00:00,26.165707,11.0,0.49918744,Parak
2023-12-21 00:00:00+00:00,26.028206,13.35,0.49541664,Parak
2023-12-22 00:00:00+00:00,26.657373,3.7499998,0.49216664,Parak
2023-12-23 00:00:00+00:00,26.039667,44.249996,0.49599996,Parak
2023-12-24 00:00:00+00:00,25.58758,35.149998,0.5158124,Parak
2023-12-25 00:00:00+00:00,25.790707,19.4,0.5141667,Parak
2023-12-26 00:00:00+00:00,25.415709,15.2,0.5123126,Parak
2023-12-27 00:00:00+00:00,26.009457,15.75,0.5129584,Parak
2023-12-28 00:00:00+00:00,25.809456,12.95,0.50943756,Parak
2023-12-29 00:00:00+00:00,25.457375,29.900002,0.5075,Parak
2023-12-30 00:00:00+00:00,25.688625,21.550001,0.50406253,Parak
2023-12-31 00:00:00+00:00,26.12196,9.6,0.5038333,Parak
2024-01-01 00:00:00+00:00,26.530293,3.3999999,0.5032292,Parak
2024-01-02 00:00:00+00:00,26.639668,5.45,0.5005834,Parak
2024-01-03 00:00:00+00:00,26.315706,10.5,0.49845827,Parak
2024-01-04 00:00:00+00:00,26.63966,2.6,0.4952917,Parak
2024-01-05 00:00:00+00:00,26.582375,8.35,0.49277073,Parak
2024-01-06 00:00:00+00:00,25.649044,28.050003,0.49079162,Parak
2024-01-07 00:00:00+00:00,25.727165,7.600001,0.49379167,Parak
2024-01-08 00:00:00+00:00,25.929249,19.15,0.4974375,Parak
2024-01-09 00:00:00+00:00,25.364666,22.999996,0.5014167,Parak
2024-01-10 00:00:00+00:00,26.282375,3.2,0.50118744,Parak
2024-01-11 00:00:00+00:00,26.207378,6.75,0.49787498,Parak
2024-01-12 00:00:00+00:00,26.988623,0.65,0.49495846,Parak
2024-01-13 00:00:00+00:00,27.424042,1.1,0.4920625,Parak
2024-01-14 00:00:00+00:00,27.048,1.1,0.48741668,Parak
2024-01-15 00:00:00+00:00,26.177166,13.550001,0.48245826,Parak
2024-01-16 00:00:00+00:00,25.771957,17.550001,0.47941658,Parak
2024-01-17 00:00:00+00:00,25.564663,12.85,0.47868755,Parak
2024-01-18 00:00:00+00:00,25.664667,10.2,0.48058334,Parak
2024-01-19 00:00:00+00:00,26.256332,7.3500004,0.48266664,Parak
2024-01-20 00:00:00+00:00,26.65529,1.6500001,0.48064584,Parak
2024-01-21 00:00:00+00:00,26.238625,14.200001,0.47787502,Parak
2024-01-22 00:00:00+00:00,25.559456,28.9,0.47775,Parak
2024-01-23 00:00:00+00:00,25.29904,21.0,0.47787502,Parak
2024-01-24 00:00:00+00:00,25.41779,17.8,0.4772501,Parak
2024-01-25 00:00:00+00:00,25.515707,17.15,0.47831255,Parak
2024-01-26 00:00:00+00:00,25.49383,17.85,0.4831042,Parak
2024-01-27 00:00:00+00:00,25.984457,17.2,0.49137497,Parak
2024-01-28 00:00:00+00:00,26.526123,3.3000002,0.4882084,Parak
2024-01-29 00:00:00+00:00,26.099041,7.2499995,0.4855417,Parak
2024-01-30 00:00:00+00:00,25.95633,3.0499997,0.48279166,Parak
2024-01-31 00:00:00+00:00,26.576126,2.3999999,0.47954178,Parak
2024-02-01 00:00:00+00:00,26.193834,8.65,0.4762292,Parak
2024-02-02 00:00:00+00:00,25.638624,13.750001,0.4735834,Parak
2024-02-03 00:00:00+00:00,25.465706,10.25,0.47131252,Parak
2024-02-04 00:00:00+00:00,26.56675,5.65,0.46983337,Parak
2024-02-05 00:00:00+00:00,27.232376,1.55,0.46624994,Parak
2024-02-06 00:00:00+00:00,26.901127,2.4499998,0.4623749,Parak
2024-02-07 00:00:00+00:00,26.792793,18.35,0.45914584,Parak
2024-02-08 00:00:00+00:00,26.098,20.75,0.4578333,Parak
2024-02-09 00:00:00+00:00,27.059456,3.9999998,0.4559375,Parak
2024-02-10 00:00:00+00:00,26.602165,1.7,0.45189583,Parak
2024-02-11 00:00:00+00:00,26.73133,0.1,0.44979164,Parak
2024-02-12 00:00:00+00:00,26.923,0.3,0.44662496,Parak
2024-02-13 00:00:00+00:00,27.228209,1.9499999,0.4425,Parak
2024-02-14 00:00:00+00:00,26.510498,5.25,0.4389375,Parak
2024-02-15 00:00:00+00:00,26.526127,22.5,0.43558332,Parak
2024-02-16 00:00:00+00:00,26.868835,3.5500002,0.4307708,Parak
2024-02-17 00:00:00+00:00,26.75008,2.6,0.42639577,Parak
2024-02-18 00:00:00+00:00,26.524044,12.700001,0.42420828,Parak
2024-02-19 00:00:00+00:00,26.462584,27.200003,0.42222917,Parak
2024-02-20 00:00:00+00:00,25.945915,15.35,0.4192083,Parak
2024-02-21 00:00:00+00:00,26.666752,17.45,0.4169792,Parak
2024-02-22 00:00:00+00:00,26.96779,3.6499996,0.41464585,Parak
2024-02-23 00:00:00+00:00,27.059456,9.3,0.41260406,Parak
2024-02-24 00:00:00+00:00,26.89175,7.7999997,0.4101249,Parak
2024-02-25 00:00:00+00:00,27.13654,1.3,0.40708333,Parak
2024-02-26 00:00:00+00:00,26.939669,3.75,0.40472913,Parak
2024-02-27 00:00:00+00:00,27.54279,1.7499999,0.40241662,Parak
2024-02-28 00:00:00+00:00,27.514664,1.4500002,0.39910418,Parak
2024-02-29 00:00:00+00:00,27.911541,0.0,0.39549997,Parak
2024-03-01 00:00:00+00:00,27.051125,17.599998,0.39322913,Parak
2024-03-02 00:00:00+00:00,26.615707,24.45,0.39222914,Parak
2024-03-03 00:00:00+00:00,26.382378,8.900001,0.39102077,Parak
2024-03-04 00:00:00+00:00,26.953205,6.9,0.38941664,Parak
2024-03-05 00:00:00+00:00,26.438622,42.4,0.3902291,Parak
2024-03-06 00:00:00+00:00,27.37196,13.45,0.38564587,Parak
2024-03-07 00:00:00+00:00,26.288624,28.999998,0.38487506,Parak
2024-03-08 00:00:00+00:00,26.415707,3.6999998,0.38783336,Parak
2024-03-09 00:00:00+00:00,26.627167,18.6,0.38987505,Parak
2024-03-10 00:00:00+00:00,27.125082,1.1500001,0.3909375,Parak
2024-03-11 00:00:00+00:00,27.521957,0.0,0.38977075,Parak
2024-03-12 00:00:00+00:00,27.28133,7.0,0.38862503,Parak
2024-03-13 00:00:00+00:00,27.823002,0.3,0.38645834,Parak
2024-03-14 00:00:00+00:00,27.459457,4.450001,0.38475,Parak
2024-03-15 00:00:00+00:00,27.687582,0.0,0.3825,Parak
2024-03-16 00:00:00+00:00,27.415707,1.05,0.38027078,Parak
2024-03-17 00:00:00+00:00,27.223003,5.05,0.37781253,Parak
2024-03-18 00:00:00+00:00,28.089664,0.70000005,0.37525,Parak
2024-03-19 00:00:00+00:00,28.463625,3.1000001,0.37297916,Parak
2024-03-20 00:00:00+00:00,26.588621,6.65,0.37185413,Parak
2024-03-21 00:00:00+00:00,26.968834,4.4499993,0.3709584,Parak
2024-03-22 00:00:00+00:00,27.686543,7.850001,0.36847913,Parak
2024-03-23 00:00:00+00:00,27.406334,16.0,0.36570826,Parak
2024-03-24 00:00:00+00:00,27.727167,5.8499994,0.362125,Parak
2024-03-25 00:00:00+00:00,27.453209,7.85,0.35989594,Parak
2024-03-26 00:00:00+00:00,26.46675,27.0,0.35852087,Parak
2024-03-27 00:00:00+00:00,27.304247,5.95,0.35852084,Parak
2024-03-28 00:00:00+00:00,27.421959,9.25,0.36060417,Parak
2024-03-29 00:00:00+00:00,26.788628,15.850001,0.36170837,Parak
2024-03-30 00:00:00+00:00,26.276125,23.45,0.36249992,Parak
2024-03-31 00:00:00+00:00,26.81675,13.200001,0.3655833,Parak
2024-04-01 00:00:00+00:00,26.755287,8.7,0.36781242,Parak
2024-04-02 00:00:00+00:00,27.545914,3.15,0.3670417,Parak
2024-04-03 00:00:00+00:00,26.892792,23.75,0.36700004,Parak
2024-04-04 00:00:00+00:00,27.526121,9.05,0.36743748,Parak
2024-04-05 00:00:00+00:00,28.094873,2.75,0.36714578,Parak
2024-04-06 00:00:00+00:00,28.395916,2.15,0.36712497,Parak
2024-04-07 00:00:00+00:00,27.780289,2.9,0.36604166,Parak
2024-04-08 00:00:00+00:00,26.808418,29.249996,0.36506248,Parak
2024-04-09 00:00:00+00:00,26.827168,13.500001,0.36610413,Parak
2024-04-10 00:00:00+00:00,26.596958,4.9,0.37014586,Parak
2024-04-11 00:00:00+00:00,27.771957,0.0,0.37125003,Parak
2024-04-12 00:00:00+00:00,27.292791,7.7000003,0.37133336,Parak
2024-04-13 00:00:00+00:00,27.30529,8.950001,0.37058342,Parak
2024-04-14 00:00:00+00:00,27.168835,12.9,0.3702708,Parak
2024-04-15 00:00:00+00:00,27.162582,15.200003,0.36947915,Parak
2024-04-16 00:00:00+00:00,26.639668,18.900003,0.3695,Parak
2024-04-17 00:00:00+00:00,26.82925,15.5,0.37147915,Parak
2024-04-18 00:00:00+00:00,27.097998,10.300001,0.37256247,Parak
2024-04-19 00:00:00+00:00,27.341751,15.500001,0.374,Parak
2024-04-20 00:00:00+00:00,27.301125,11.15,0.37956256,Parak
2024-04-21 00:00:00+00:00,27.501125,13.5,0.38285416,Parak
2024-04-22 00:00:00+00:00,26.994873,22.5,0.38333338,Parak
2024-04-23 00:00:00+00:00,26.900085,9.499999,0.38304162,Parak
2024-04-24 00:00:00+00:00,27.203209,11.299999,0.38262498,Parak
2024-04-25 00:00:00+00:00,26.31779,24.150002,0.38552085,Parak
2024-04-26 00:00:00+00:00,26.770916,9.3,0.38606247,Parak
2024-04-27 00:00:00+00:00,26.81675,9.4,0.3886458,Parak
2024-04-28 00:00:00+00:00,27.259459,15.050001,0.39035422,Parak
2024-04-29 00:00:00+00:00,27.783415,5.2,0.39045838,Parak
2024-04-30 00:00:00+00:00,26.994873,20.349998,0.3919583,Parak
2024-05-01 00:00:00+00:00,26.804249,22.099998,0.39199996,Parak
2024-05-02 00:00:00+00:00,27.045916,21.600002,0.39068753,Parak
2024-05-03 00:00:00+00:00,26.907375,45.25,0.39445835,Parak
2024-05-04 00:00:00+00:00,27.339664,1.1500001,0.3914375,Parak
2024-05-05 00:00:00+00:00,27.050083,9.1,0.39112502,Parak
2024-05-06 00:00:00+00:00,26.972996,22.050003,0.3919167,Parak
2024-05-07 00:00:00+00:00,27.025084,4.8499994,0.39287502,Parak
2024-05-08 00:00:00+00:00,27.008415,3.15,0.3925208,Parak
2024-05-09 00:00:00+00:00,27.768833,6.6,0.39197922,Parak
2024-05-10 00:00:00+00:00,26.770916,34.5,0.3922708,Parak
2024-05-11 00:00:00+00:00,26.30529,60.0,0.39895836,Parak
2024-05-12 00:00:00+00:00,26.671959,23.150002,0.39904165,Parak
2024-05-13 00:00:00+00:00,27.711542,17.05,0.40212497,Parak
2024-05-14 00:00:00+00:00,26.744875,32.75,0.40662497,Parak
2024-05-15 00:00:00+00:00,26.905289,15.15,0.41708338,Parak
2024-05-16 00:00:00+00:00,26.463623,16.3,0.42060417,Parak
2024-05-17 00:00:00+00:00,27.522999,12.650001,0.4225833,Parak
2024-05-18 00:00:00+00:00,27.81675,8.65,0.42452082,Parak
2024-05-19 00:00:00+00:00,27.917791,18.65,0.42389587,Parak
2024-05-20 00:00:00+00:00,27.081333,13.250001,0.42302084,Parak
2024-05-21 00:00:00+00:00,27.13029,10.8,0.42962492,Parak
2024-05-22 00:00:00+00:00,26.945915,79.399994,0.44472918,Parak
2024-05-23 00:00:00+00:00,28.315708,0.3,0.4342083,Parak
2024-05-24 00:00:00+00:00,28.071957,1.05,0.42997918,Parak
2024-05-25 00:00:00+00:00,27.362583,14.850001,0.42856252,Parak
2024-05-26 00:00:00+00:00,27.536543,7.05,0.42727083,Parak
2024-05-27 00:00:00+00:00,27.11779,9.900001,0.4260834,Parak
2024-05-28 00:00:00+00:00,27.357376,12.4,0.42672917,Parak
2024-05-29 00:00:00+00:00,26.966747,10.900001,0.42404163,Parak
2024-05-30 00:00:00+00:00,27.83133,18.75,0.42083338,Parak
2024-05-31 00:00:00+00:00,27.064667,19.850002,0.42072913,Parak
2024-06-01 00:00:00+00:00,27.116747,9.35,0.4215834,Parak
2024-06-02 00:00:00+00:00,26.431332,21.600002,0.42412496,Parak
2024-06-03 00:00:00+00:00,26.858418,14.95,0.42345828,Parak
2024-06-04 00:00:00+00:00,27.650085,8.0,0.42254162,Parak
2024-06-05 00:00:00+00:00,27.966751,3.0499997,0.42062497,Parak
2024-06-06 00:00:00+00:00,27.252167,23.650003,0.42145842,Parak
2024-06-07 00:00:00+00:00,27.564667,1.3500001,0.42077082,Parak
2024-06-08 00:00:00+00:00,28.09071,0.35000002,0.41914588,Parak
2024-06-09 00:00:00+00:00,27.651123,1.3000001,0.41697913,Parak
2024-06-10 00:00:00+00:00,27.885498,1.1,0.41554162,Parak
2024-06-11 00:00:00+00:00,28.307373,0.9,0.41310418,Parak
2024-06-12 00:00:00+00:00,27.363625,11.450001,0.41043758,Parak
2024-06-13 00:00:00+00:00,28.211542,0.75,0.40874997,Parak
2024-06-14 00:00:00+00:00,28.201126,6.9000006,0.4073334,Parak
2024-06-15 00:00:00+00:00,27.381334,12.9,0.40412498,Parak
2024-06-16 00:00:00+00:00,25.788624,17.350002,0.40135416,Parak
2024-06-17 00:00:00+00:00,26.467789,4.5499997,0.4012708,Parak
2024-06-18 00:00:00+00:00,27.489666,0.25,0.40220827,Parak
2024-06-19 00:00:00+00:00,26.589664,12.25,0.40191662,Parak
2024-06-20 00:00:00+00:00,26.38446,10.6,0.40260416,Parak
2024-06-21 00:00:00+00:00,25.515705,22.75,0.41704166,Parak
2024-06-22 00:00:00+00:00,25.628208,0.05,0.42479157,Parak
2024-06-23 00:00:00+00:00,26.814665,0.0,0.42531252,Parak
2024-06-24 00:00:00+00:00,27.404247,0.15,0.4244166,Parak
2024-06-25 00:00:00+00:00,28.405293,1.9,0.42279166,Parak
2024-06-26 00:00:00+00:00,27.726124,5.6500006,0.42125005,Parak
2024-06-27 00:00:00+00:00,27.744875,7.3000007,0.41914576,Parak
2024-06-28 00:00:00+00:00,26.571959,14.149999,0.41704172,Parak
2024-06-29 00:00:00+00:00,27.46779,0.9,0.41352093,Parak
2024-06-30 00:00:00+00:00,26.883415,3.35,0.41033334,Parak
2024-07-01 00:00:00+00:00,27.348,0.05,0.40810424,Parak
2024-07-02 00:00:00+00:00,27.394875,0.0,0.40602082,Parak
2024-07-03 00:00:00+00:00,27.822998,0.35000002,0.40331247,Parak
2024-07-04 00:00:00+00:00,26.043833,4.2,0.4020416,Parak
2024-07-05 00:00:00+00:00,26.876125,4.3500004,0.39983332,Parak
2024-07-06 00:00:00+00:00,27.632378,0.2,0.39616662,Parak
2024-07-07 00:00:00+00:00,27.46779,5.8999996,0.39172924,Parak
2024-07-08 00:00:00+00:00,26.352165,5.1500006,0.38835418,Parak
2024-07-09 00:00:00+00:00,26.373001,20.25,0.3847708,Parak
2024-07-10 00:00:00+00:00,25.771961,3.75,0.38341668,Parak
2024-07-11 00:00:00+00:00,27.159458,5.2,0.38052076,Parak
2024-07-12 00:00:00+00:00,25.667793,6.1000004,0.3792292,Parak
2024-07-13 00:00:00+00:00,27.776125,0.0,0.3772292,Parak
2024-07-14 00:00:00+00:00,27.783417,0.2,0.37362498,Parak
2024-07-15 00:00:00+00:00,27.706333,0.70000005,0.37093753,Parak
2024-07-16 00:00:00+00:00,28.127163,0.2,0.36837503,Parak
2024-07-17 00:00:00+00:00,27.935497,0.9000001,0.3664583,Parak
2024-07-18 00:00:00+00:00,28.757372,0.15,0.36443746,Parak
2024-07-19 00:00:00+00:00,28.087585,0.0,0.36287498,Parak
2024-07-20 00:00:00+00:00,29.059456,0.0,0.36287498,Parak
2024-07-21 00:00:00+00:00,28.79383,0.1,0.36212498,Parak
2024-07-22 00:00:00+00:00,28.990704,0.40000004,0.36118752,Parak
2024-07-23 00:00:00+00:00,29.318832,0.0,0.3585208,Parak
2024-07-24 00:00:00+00:00,29.352161,0.0,0.355375,Parak
2024-07-25 00:00:00+00:00,29.388622,0.0,0.35366666,Parak
2024-07-26 00:00:00+00:00,29.447998,0.55,0.35360408,Parak
2024-07-27 00:00:00+00:00,30.157377,0.1,0.35427076,Parak
2024-07-28 00:00:00+00:00,29.809456,0.55,0.35227084,Parak
2024-07-29 00:00:00+00:00,28.164663,0.1,0.34960413,Parak
2024-07-30 00:00:00+00:00,28.495914,10.75,0.34793746,Parak
2024-07-31 00:00:00+00:00,27.416748,4.75,0.3448959,Parak
2024-08-01 00:00:00+00:00,28.431332,4.7,0.3425209,Parak
2024-08-02 00:00:00+00:00,28.559456,2.25,0.34027082,Parak
2024-08-03 00:00:00+00:00,27.249043,15.0,0.33620828,Parak
2024-08-04 00:00:00+00:00,26.28654,7.15,0.33172908,Parak
2024-08-05 00:00:00+00:00,26.880291,25.75,0.32833332,Parak
2024-08-06 00:00:00+00:00,26.166748,9.85,0.32508326,Parak
2024-08-07 00:00:00+00:00,26.18654,25.0,0.32379162,Parak
2024-08-08 00:00:00+00:00,27.576126,1.5,0.32264584,Parak
2024-08-09 00:00:00+00:00,26.326122,18.199999,0.3210833,Parak
2024-08-10 00:00:00+00:00,26.307373,45.300003,0.319125,Parak
2024-08-11 00:00:00+00:00,25.35633,23.400002,0.3206875,Parak
2024-08-12 00:00:00+00:00,26.833416,1.15,0.32337493,Parak
2024-08-13 00:00:00+00:00,27.468832,3.9499996,0.32508335,Parak
2024-08-14 00:00:00+00:00,26.313622,17.149998,0.32818747,Parak
2024-08-15 00:00:00+00:00,26.41779,23.4,0.33339584,Parak
2024-08-16 00:00:00+00:00,26.315706,11.8,0.33410424,Parak
2024-08-17 00:00:00+00:00,26.383417,13.150001,0.3353958,Parak
2024-08-18 00:00:00+00:00,26.07925,29.899998,0.34514582,Parak
2024-08-19 00:00:00+00:00,25.643831,63.950005,0.3568125,Parak
2024-08-20 00:00:00+00:00,24.94071,26.0,0.38260415,Parak
2024-08-21 00:00:00+00:00,26.701122,0.05,0.39200002,Parak
2024-08-22 00:00:00+00:00,26.909454,11.799999,0.39266658,Parak
2024-08-23 00:00:00+00:00,25.682375,12.75,0.3934375,Parak
2024-08-24 00:00:00+00:00,26.103207,12.9,0.3993125,Parak
2024-08-25 00:00:00+00:00,25.13133,28.4,0.40502083,Parak
2024-08-26 00:00:00+00:00,25.603207,5.7000003,0.41377088,Parak
2024-08-27 00:00:00+00:00,25.132374,71.1,0.42787498,Parak
2024-08-28 00:00:00+00:00,26.313625,0.45000002,0.43327087,Parak
2024-08-29 00:00:00+00:00,27.182375,0.2,0.43375003,Parak
2024-08-30 00:00:00+00:00,27.476124,0.35000002,0.43343753,Parak
2024-08-31 00:00:00+00:00,26.710497,0.65,0.4326458,Parak
2024-09-01 00:00:00+00:00,27.664665,0.15,0.43141663,Parak
2024-09-02 00:00:00+00:00,28.06675,5.7500005,0.42947927,Parak
2024-09-03 00:00:00+00:00,27.26883,2.3500001,0.4266458,Parak
2024-09-04 00:00:00+00:00,26.96675,7.0000005,0.42339587,Parak
2024-09-05 00:00:00+00:00,27.416752,2.35,0.41889584,Parak
2024-09-06 00:00:00+00:00,27.507376,3.3,0.4149999,Parak
2024-09-07 00:00:00+00:00,26.867792,12.5,0.41129175,Parak
2024-09-08 00:00:00+00:00,26.612583,8.55,0.4100625,Parak
2024-09-09 00:00:00+00:00,26.422997,27.800003,0.40920833,Parak
2024-09-10 00:00:00+00:00,27.224041,1.6000001,0.40764588,Parak
2024-09-11 00:00:00+00:00,27.209457,10.3,0.4059791,Parak
2024-09-12 00:00:00+00:00,26.669878,15.550001,0.40320835,Parak
2024-09-13 00:00:00+00:00,26.502167,4.85,0.40049997,Parak
2024-09-14 00:00:00+00:00,26.76258,9.949999,0.39979166,Parak
2024-09-15 00:00:00+00:00,26.486538,6.7999997,0.3992709,Parak
2024-09-16 00:00:00+00:00,26.118832,12.249999,0.3974166,Parak
2024-09-17 00:00:00+00:00,24.842789,62.6,0.40591663,Parak
2024-09-18 00:00:00+00:00,25.829247,8.800001,0.40454167,Parak
2024-09-19 00:00:00+00:00,27.500084,5.5000005,0.40714586,Parak
2024-09-20 00:00:00+00:00,26.987583,7.45,0.40775,Parak
2024-09-21 00:00:00+00:00,26.658417,3.4999998,0.40941665,Parak
2024-09-22 00:00:00+00:00,27.669874,0.0,0.40899998,Parak
2024-09-23 00:00:00+00:00,27.109457,31.6,0.4087292,Parak
2024-09-24 00:00:00+00:00,26.387587,19.249996,0.41831243,Parak
2024-09-25 00:00:00+00:00,26.489668,11.999999,0.4137292,Parak
2024-09-26 00:00:00+00:00,26.239666,1.45,0.41354164,Parak
2024-09-27 00:00:00+00:00,26.845917,18.6,0.41612494,Parak
2024-09-28 00:00:00+00:00,26.190706,43.449997,0.42622918,Parak
2024-09-29 00:00:00+00:00,25.973,7.7,0.43510416,Parak
2024-09-30 00:00:00+00:00,25.555292,38.4,0.43943745,Parak
2024-10-01 00:00:00+00:00,25.994873,6.7,0.44033337,Parak
2024-10-02 00:00:00+00:00,26.704247,40.050003,0.43968752,Parak
2024-10-03 00:00:00+00:00,25.591751,36.75,0.4446875,Parak
2024-10-04 00:00:00+00:00,25.961544,25.599998,0.44410414,Parak
2024-10-05 00:00:00+00:00,25.36779,22.45,0.4445209,Parak
2024-10-06 00:00:00+00:00,25.911545,10.6,0.44464582,Parak
2024-10-07 00:00:00+00:00,26.857376,10.3,0.44504172,Parak
2024-10-08 00:00:00+00:00,26.473,6.8499994,0.44714582,Parak
2024-10-09 00:00:00+00:00,26.537582,8.750001,0.44295824,Parak
2024-10-10 00:00:00+00:00,26.01883,26.55,0.4391042,Parak
2024-10-11 00:00:00+00:00,25.699041,12.8,0.43987492,Parak
2024-10-12 00:00:00+00:00,25.546957,21.95,0.44187504,Parak
2024-10-13 00:00:00+00:00,26.1605,27.8,0.44568747,Parak
2024-10-14 00:00:00+00:00,26.715708,8.95,0.4434792,Parak
2024-10-15 00:00:00+00:00,25.344875,23.300003,0.44433334,Parak
2024-10-16 00:00:00+00:00,26.768833,8.4,0.4447917,Parak
2024-10-17 00:00:00+00:00,26.142792,13.700001,0.4410833,Parak
2024-10-18 00:00:00+00:00,25.401123,4.25,0.4398958,Parak
2024-10-19 00:00:00+00:00,27.017788,16.699999,0.43550003,Parak
2024-10-20 00:00:00+00:00,27.547997,0.55,0.4323125,Parak
2024-10-21 00:00:00+00:00,27.585503,0.05,0.4291458,Parak
2024-10-22 00:00:00+00:00,27.844873,0.0,0.42362502,Parak
2024-10-23 00:00:00+00:00,28.150084,0.0,0.41864586,Parak
2024-10-24 00:00:00+00:00,27.617792,6.3999996,0.41662502,Parak
2024-10-25 00:00:00+00:00,26.091751,7.000001,0.4157083,Parak
2024-10-26 00:00:00+00:00,25.752167,19.500002,0.4175,Parak
2024-10-27 00:00:00+00:00,26.189667,3.5500002,0.42249992,Parak
2024-10-28 00:00:00+00:00,26.018831,16.5,0.42677087,Parak
2024-10-29 00:00:00+00:00,26.03133,8.599999,0.4291249,Parak
2024-10-30 00:00:00+00:00,26.679249,7.1499996,0.4291457,Parak
2024-10-31 00:00:00+00:00,26.916752,5.25,0.42810416,Parak
2024-11-01 00:00:00+00:00,26.652168,10.450001,0.427,Parak
2024-11-02 00:00:00+00:00,26.112583,9.55,0.42410415,Parak
2024-11-03 00:00:00+00:00,26.056332,11.900001,0.42014587,Parak
2024-11-04 00:00:00+00:00,25.564667,7.6000004,0.41658327,Parak
2024-11-05 00:00:00+00:00,25.680292,12.35,0.42004168,Parak
2024-11-06 00:00:00+00:00,26.017792,6.7,0.4220208,Parak
2024-11-07 00:00:00+00:00,26.53029,23.65,0.42331252,Parak
2024-11-08 00:00:00+00:00,26.126122,4.6499996,0.4277709,Parak
2024-11-09 00:00:00+00:00,25.895916,13.4,0.43168756,Parak
2024-11-10 00:00:00+00:00,26.029247,20.2,0.43774998,Parak
2024-11-11 00:00:00+00:00,26.317795,12.950001,0.43575,Parak
2024-11-12 00:00:00+00:00,26.431332,10.55,0.42800003,Parak
2024-11-13 00:00:00+00:00,26.239666,17.05,0.41695833,Parak
2024-11-14 00:00:00+00:00,25.868832,31.75,0.41766667,Parak
2024-11-15 00:00:00+00:00,25.834457,15.300001,0.41818744,Parak
2024-11-16 00:00:00+00:00,25.911541,13.35,0.42085418,Parak
2024-11-17 00:00:00+00:00,25.508415,14.450001,0.43768746,Parak
2024-11-18 00:00:00+00:00,26.038624,18.35,0.44908333,Parak
2024-11-19 00:00:00+00:00,25.568832,29.100006,0.4572083,Parak
2024-11-20 00:00:00+00:00,26.303207,17.35,0.46839577,Parak
2024-11-21 00:00:00+00:00,25.326122,36.7,0.48114586,Parak
2024-11-22 00:00:00+00:00,24.932375,45.149998,0.49185416,Parak
2024-11-23 00:00:00+00:00,25.518833,25.35,0.48695832,Parak
2024-11-24 00:00:00+00:00,25.701126,29.099998,0.4978125,Parak
2024-11-25 00:00:00+00:00,25.984459,22.600002,0.50268745,Parak
2024-11-26 00:00:00+00:00,25.328209,23.95,0.5124792,Parak
2024-11-27 00:00:00+00:00,24.436543,37.399998,0.5155417,Parak
2024-11-28 00:00:00+00:00,25.223,10.15,0.51175004,Parak
2024-11-29 00:00:00+00:00,24.926126,17.000004,0.50943744,Parak
2024-11-30 00:00:00+00:00,25.693832,36.5,0.50925,Parak
2024-12-01 00:00:00+00:00,25.816751,9.75,0.5020625,Parak
2024-12-02 00:00:00+00:00,25.510498,22.400002,0.49925,Parak
2024-12-03 00:00:00+00:00,25.611544,21.700003,0.5,Parak
2024-12-04 00:00:00+00:00,25.283417,18.2,0.5016458,Parak
2024-12-05 00:00:00+00:00,25.460499,28.5,0.50181246,Parak
2024-12-06 00:00:00+00:00,27.387585,0.75000006,0.4982916,Parak
2024-12-07 00:00:00+00:00,27.054249,9.05,0.49395838,Parak
2024-12-08 00:00:00+00:00,26.69175,10.400001,0.48866656,Parak
2024-12-09 00:00:00+00:00,24.849041,46.200005,0.48535413,Parak
2024-12-10 00:00:00+00:00,24.834457,9.549999,0.50487494,Parak
2024-12-11 00:00:00+00:00,26.291748,2.6000001,0.5030625,Parak
2024-12-12 00:00:00+00:00,26.726124,1.6500001,0.49914587,Parak
2024-12-13 00:00:00+00:00,25.628208,12.75,0.4987083,Parak
2024-12-14 00:00:00+00:00,25.532375,13.05,0.5018126,Parak
2024-12-15 00:00:00+00:00,27.182373,4.15,0.49912503,Parak
2024-12-16 00:00:00+00:00,26.41675,12.6,0.4906457,Parak
2024-12-17 00:00:00+00:00,25.945915,16.2,0.4840833,Parak
2024-12-18 00:00:00+00:00,26.212585,12.849999,0.48827085,Parak
2024-12-19 00:00:00+00:00,25.761543,18.55,0.48693746,Parak
2024-12-20 00:00:00+00:00,25.275085,16.4,0.49318743,Parak
2024-12-21 00:00:00+00:00,25.571957,17.45,0.49785414,Parak
2024-12-22 00:00:00+00:00,25.727165,42.499996,0.5014791,Parak
2024-12-23 00:00:00+00:00,25.296955,13.25,0.49847925,Parak
2024-12-24 00:00:00+00:00,25.43029,17.900002,0.49739575,Parak
2024-12-25 00:00:00+00:00,26.263622,0.1,0.49579164,Parak
2024-12-26 00:00:00+00:00,26.395912,2.1,0.49383333,Parak
2024-12-27 00:00:00+00:00,26.763626,0.55,0.48841667,Parak
2024-12-28 00:00:00+00:00,26.252165,11.35,0.48333338,Parak
2024-12-29 00:00:00+00:00,25.635498,5.8,0.48162496,Parak
2024-12-30 00:00:00+00:00,25.469875,27.1,0.4782292,Parak
2024-12-31 00:00:00+00:00,25.584455,8.6,0.4768541,Parak
