date,temperature_2m_mean,precipitation_sum,soil_moisture_7_to_28cm_mean,name
2020-01-01 00:00:00+00:00,2.0789666,1.4800001,0.35412496,Rostov
2020-01-02 00:00:00+00:00,-0.34895,0.1,0.3537417,Rostov
2020-01-03 00:00:00+00:00,-0.98186666,0.08,0.35305834,Rostov
2020-01-04 00:00:00+00:00,-0.37895006,0.0,0.35209996,Rostov
2020-01-05 00:00:00+00:00,-0.099783376,0.66,0.35120827,Rostov
2020-01-06 00:00:00+00:00,0.80855,2.16,0.35146666,Rostov
2020-01-07 00:00:00+00:00,-0.23853333,4.8599997,0.35371664,Rostov
2020-01-08 00:00:00+00:00,-1.2247832,6.600001,0.35367507,Rostov
2020-01-09 00:00:00+00:00,-2.4672835,1.1999999,0.35301664,Rostov
2020-01-10 00:00:00+00:00,-1.3889499,0.66,0.35205,Rostov
2020-01-11 00:00:00+00:00,0.5968834,5.0199995,0.35133335,Rostov
2020-01-12 00:00:00+00:00,0.9468833,2.2599998,0.37126666,Rostov
2020-01-13 00:00:00+00:00,-0.16270003,0.0,0.37926668,Rostov
2020-01-14 00:00:00+00:00,1.6560501,0.56000006,0.3795833,Rostov
2020-01-15 00:00:00+00:00,0.33646664,0.26000002,0.3807083,Rostov
2020-01-16 00:00:00+00:00,-0.43936664,0.0,0.379775,Rostov
2020-01-17 00:00:00+00:00,-0.4718667,0.02,0.37780833,Rostov
2020-01-18 00:00:00+00:00,-0.058949996,0.26000005,0.376125,Rostov
2020-01-19 00:00:00+00:00,-0.43936664,0.0,0.3736,Rostov
2020-01-20 00:00:00+00:00,-1.4660332,0.0,0.37142503,Rostov
2020-01-21 00:00:00+00:00,-0.79978335,0.02,0.36947504,Rostov
2020-01-22 00:00:00+00:00,1.48105,3.9800003,0.36775,Rostov
2020-01-23 00:00:00+00:00,-0.40645003,1.9599998,0.3702584,Rostov
2020-01-24 00:00:00+00:00,-2.8472834,0.32000002,0.37130833,Rostov
2020-01-25 00:00:00+00:00,2.7585502,0.9799999,0.3705417,Rostov
2020-01-26 00:00:00+00:00,1.3518834,0.14000002,0.36992505,Rostov
2020-01-27 00:00:00+00:00,0.5668833,0.0,0.36901665,Rostov
2020-01-28 00:00:00+00:00,2.38605,0.060000002,0.3674667,Rostov
2020-01-29 00:00:00+00:00,3.615633,3.5400002,0.36806667,Rostov
2020-01-30 00:00:00+00:00,3.42855,3.08,0.376375,Rostov
2020-01-31 00:00:00+00:00,1.1056334,0.82,0.381675,Rostov
2020-02-01 00:00:00+00:00,1.8423,2.22,0.3831917,Rostov
2020-02-02 00:00:00+00:00,4.963967,1.9200001,0.38611668,Rostov
2020-02-03 00:00:00+00:00,6.853967,12.46,0.39805835,Rostov
2020-02-04 00:00:00+00:00,2.5064666,0.5,0.41997495,Rostov
2020-02-05 00:00:00+00:00,0.77938336,14.859999,0.4169166,Rostov
2020-02-06 00:00:00+00:00,1.1118834,15.440001,0.42035,Rostov
2020-02-07 00:00:00+00:00,-2.2006166,1.0200001,0.41986665,Rostov
2020-02-08 00:00:00+00:00,-8.91895,0.24000001,0.41447502,Rostov
2020-02-09 00:00:00+00:00,-12.159783,0.0,0.40940827,Rostov
2020-02-10 00:00:00+00:00,-11.304784,0.0,0.40503335,Rostov
2020-02-11 00:00:00+00:00,-5.121867,0.04,0.40119165,Rostov
2020-02-12 00:00:00+00:00,-1.3564498,5.8599997,0.39789167,Rostov
2020-02-13 00:00:00+00:00,0.7402166,1.0600001,0.39554995,Rostov
2020-02-14 00:00:00+00:00,-0.62728345,0.0,0.39466673,Rostov
2020-02-15 00:00:00+00:00,-2.640617,0.0,0.3940667,Rostov
2020-02-16 00:00:00+00:00,-3.2006168,0.0,0.3928333,Rostov
2020-02-17 00:00:00+00:00,-1.08145,0.0,0.39128333,Rostov
2020-02-18 00:00:00+00:00,0.37563345,0.0,0.3907417,Rostov
2020-02-19 00:00:00+00:00,0.8293834,1.04,0.39339995,Rostov
2020-02-20 00:00:00+00:00,1.6414667,0.73999995,0.39930835,Rostov
2020-02-21 00:00:00+00:00,0.99354994,4.3399997,0.40281668,Rostov
2020-02-22 00:00:00+00:00,1.5285499,6.1400003,0.4054083,Rostov
2020-02-23 00:00:00+00:00,1.7152169,2.76,0.409575,Rostov
2020-02-24 00:00:00+00:00,3.6239667,14.820002,0.43018335,Rostov
2020-02-25 00:00:00+00:00,2.0081334,1.9800001,0.45253333,Rostov
2020-02-26 00:00:00+00:00,3.9773,0.02,0.44286665,Rostov
2020-02-27 00:00:00+00:00,8.704384,0.0,0.43193334,Rostov
2020-02-28 00:00:00+00:00,6.4010496,1.2,0.4233583,Rostov
2020-02-29 00:00:00+00:00,2.3652167,0.3,0.41757497,Rostov
2020-03-01 00:00:00+00:00,1.91355,0.22,0.4117917,Rostov
2020-03-02 00:00:00+00:00,3.1193833,0.0,0.40631667,Rostov
2020-03-03 00:00:00+00:00,5.3614664,0.91999996,0.40132505,Rostov
2020-03-04 00:00:00+00:00,9.3398,0.0,0.39154172,Rostov
2020-03-05 00:00:00+00:00,9.597715,0.0,0.38050836,Rostov
2020-03-06 00:00:00+00:00,8.733967,0.04,0.37376672,Rostov
2020-03-07 00:00:00+00:00,9.192301,0.02,0.36756676,Rostov
2020-03-08 00:00:00+00:00,9.7173,0.0,0.36182505,Rostov
2020-03-09 00:00:00+00:00,10.6023,0.0,0.35290837,Rostov
2020-03-10 00:00:00+00:00,7.52855,0.0,0.34759998,Rostov
2020-03-11 00:00:00+00:00,10.4272995,0.28000003,0.3440916,Rostov
2020-03-12 00:00:00+00:00,8.663134,2.06,0.34287497,Rostov
2020-03-13 00:00:00+00:00,9.363134,0.0,0.33958334,Rostov
2020-03-14 00:00:00+00:00,7.8027167,0.08,0.33687496,Rostov
2020-03-15 00:00:00+00:00,2.446467,0.0,0.33255002,Rostov
2020-03-16 00:00:00+00:00,-0.7889499,0.0,0.33232498,Rostov
2020-03-17 00:00:00+00:00,0.89021665,0.0,0.33291665,Rostov
2020-03-18 00:00:00+00:00,2.6585498,0.14000002,0.3316416,Rostov
2020-03-19 00:00:00+00:00,4.396883,0.060000002,0.33092496,Rostov
2020-03-20 00:00:00+00:00,5.89105,0.28,0.32544163,Rostov
2020-03-21 00:00:00+00:00,6.3239665,0.04,0.32259166,Rostov
2020-03-22 00:00:00+00:00,7.5885496,3.4999995,0.31763333,Rostov
2020-03-23 00:00:00+00:00,3.12355,0.2,0.31926668,Rostov
2020-03-24 00:00:00+00:00,0.17438333,0.02,0.32125,Rostov
2020-03-25 00:00:00+00:00,4.1748,0.0,0.32033336,Rostov
2020-03-26 00:00:00+00:00,6.8743834,0.04,0.31665832,Rostov
2020-03-27 00:00:00+00:00,9.521883,0.0,0.30955833,Rostov
2020-03-28 00:00:00+00:00,10.520217,0.0,0.30056667,Rostov
2020-03-29 00:00:00+00:00,10.935634,0.0,0.29230002,Rostov
2020-03-30 00:00:00+00:00,10.763967,0.4,0.28775832,Rostov
2020-03-31 00:00:00+00:00,10.45355,0.38,0.28794163,Rostov
2020-04-01 00:00:00+00:00,2.3731332,0.02,0.28755838,Rostov
2020-04-02 00:00:00+00:00,3.3443828,0.0,0.28695002,Rostov
2020-04-03 00:00:00+00:00,5.49855,0.0,0.28413332,Rostov
2020-04-04 00:00:00+00:00,8.067716,0.0,0.28006667,Rostov
2020-04-05 00:00:00+00:00,8.328966,0.0,0.27693334,Rostov
2020-04-06 00:00:00+00:00,4.3460503,0.0,0.276925,Rostov
2020-04-07 00:00:00+00:00,3.2427166,0.0,0.2731583,Rostov
2020-04-08 00:00:00+00:00,5.738133,0.0,0.26395833,Rostov
2020-04-09 00:00:00+00:00,9.199384,0.0,0.255,Rostov
2020-04-10 00:00:00+00:00,9.953549,0.0,0.25020003,Rostov
2020-04-11 00:00:00+00:00,7.9727163,2.8799999,0.24945,Rostov
2020-04-12 00:00:00+00:00,5.5922995,0.38000003,0.25549167,Rostov
2020-04-13 00:00:00+00:00,7.6468835,0.0,0.25704166,Rostov
2020-04-14 00:00:00+00:00,10.757299,0.0,0.24924168,Rostov
2020-04-15 00:00:00+00:00,8.403967,3.7,0.24735002,Rostov
2020-04-16 00:00:00+00:00,7.886467,0.18,0.24934164,Rostov
2020-04-17 00:00:00+00:00,12.000633,0.060000002,0.25047502,Rostov
2020-04-18 00:00:00+00:00,10.819799,0.7,0.24785833,Rostov
2020-04-19 00:00:00+00:00,10.62855,1.1800001,0.24246664,Rostov
2020-04-20 00:00:00+00:00,7.509383,10.92,0.24071667,Rostov
2020-04-21 00:00:00+00:00,6.9006333,0.45999998,0.24969165,Rostov
2020-04-22 00:00:00+00:00,7.7660494,0.16,0.25531667,Rostov
2020-04-23 00:00:00+00:00,7.72855,0.0,0.25325,Rostov
2020-04-24 00:00:00+00:00,11.676466,0.2,0.24921665,Rostov
2020-04-25 00:00:00+00:00,12.866882,0.0,0.24385834,Rostov
2020-04-26 00:00:00+00:00,12.768133,0.3,0.24042499,Rostov
2020-04-27 00:00:00+00:00,10.168134,0.26000002,0.23886666,Rostov
2020-04-28 00:00:00+00:00,10.316883,0.060000002,0.24091668,Rostov
2020-04-29 00:00:00+00:00,12.99355,0.0,0.23915832,Rostov
2020-04-30 00:00:00+00:00,15.876883,0.0,0.23182502,Rostov
2020-05-01 00:00:00+00:00,16.679384,0.060000002,0.22654168,Rostov
2020-05-02 00:00:00+00:00,17.8698,1.1800001,0.2243917,Rostov
2020-05-03 00:00:00+00:00,15.787717,4.18,0.22415836,Rostov
2020-05-04 00:00:00+00:00,17.248966,3.5400002,0.22689168,Rostov
2020-05-05 00:00:00+00:00,16.907719,5.46,0.22936666,Rostov
2020-05-06 00:00:00+00:00,16.150217,1.0800002,0.24030833,Rostov
2020-05-07 00:00:00+00:00,15.724383,0.52,0.24629168,Rostov
2020-05-08 00:00:00+00:00,13.896883,1.28,0.249175,Rostov
2020-05-09 00:00:00+00:00,11.82855,3.6,0.25172502,Rostov
2020-05-10 00:00:00+00:00,12.50855,1.5000001,0.253475,Rostov
2020-05-11 00:00:00+00:00,16.2023,0.4,0.25320834,Rostov
2020-05-12 00:00:00+00:00,18.089382,0.16,0.25010833,Rostov
2020-05-13 00:00:00+00:00,13.813967,0.65999997,0.24649997,Rostov
2020-05-14 00:00:00+00:00,12.9173,0.2,0.24732499,Rostov
2020-05-15 00:00:00+00:00,16.856466,1.38,0.24441668,Rostov
2020-05-16 00:00:00+00:00,11.920217,8.5,0.2484,Rostov
2020-05-17 00:00:00+00:00,14.152301,0.44,0.25794166,Rostov
2020-05-18 00:00:00+00:00,13.983966,3.56,0.26335,Rostov
2020-05-19 00:00:00+00:00,13.985217,0.68,0.2684583,Rostov
2020-05-20 00:00:00+00:00,16.740633,4.66,0.26940003,Rostov
2020-05-21 00:00:00+00:00,14.425633,4.4,0.27552503,Rostov
2020-05-22 00:00:00+00:00,12.99355,9.740001,0.29129165,Rostov
2020-05-23 00:00:00+00:00,11.4585495,3.8400006,0.31763333,Rostov
2020-05-24 00:00:00+00:00,11.829801,0.18,0.32015,Rostov
2020-05-25 00:00:00+00:00,13.7918825,7.0199995,0.31516665,Rostov
2020-05-26 00:00:00+00:00,13.8523,2.94,0.32458335,Rostov
2020-05-27 00:00:00+00:00,17.222717,0.0,0.32828328,Rostov
2020-05-28 00:00:00+00:00,21.0623,0.02,0.31987497,Rostov
2020-05-29 00:00:00+00:00,22.511047,5.0800004,0.30644166,Rostov
2020-05-30 00:00:00+00:00,16.9948,4.4199996,0.31149995,Rostov
2020-05-31 00:00:00+00:00,16.879383,0.8,0.3105417,Rostov
2020-06-01 00:00:00+00:00,17.508133,2.6999998,0.30749172,Rostov
2020-06-02 00:00:00+00:00,18.119385,2.8399997,0.3057583,Rostov
2020-06-03 00:00:00+00:00,17.397299,11.440001,0.32045835,Rostov
2020-06-04 00:00:00+00:00,17.715633,4.3199997,0.328225,Rostov
2020-06-05 00:00:00+00:00,17.439383,0.68,0.32620838,Rostov
2020-06-06 00:00:00+00:00,20.201466,0.02,0.31989163,Rostov
2020-06-07 00:00:00+00:00,22.491049,0.0,0.3078,Rostov
2020-06-08 00:00:00+00:00,23.86855,0.0,0.29536667,Rostov
2020-06-09 00:00:00+00:00,25.516466,0.0,0.28365,Rostov
2020-06-10 00:00:00+00:00,26.52438,0.0,0.272675,Rostov
2020-06-11 00:00:00+00:00,27.62355,0.0,0.26424167,Rostov
2020-06-12 00:00:00+00:00,27.85938,0.060000002,0.25713336,Rostov
2020-06-13 00:00:00+00:00,24.938969,1.06,0.25025,Rostov
2020-06-14 00:00:00+00:00,25.930216,2.16,0.24439165,Rostov
2020-06-15 00:00:00+00:00,25.485218,0.120000005,0.24960001,Rostov
2020-06-16 00:00:00+00:00,26.0573,0.02,0.24604163,Rostov
2020-06-17 00:00:00+00:00,25.679804,0.16,0.24298334,Rostov
2020-06-18 00:00:00+00:00,25.261469,0.120000005,0.23865835,Rostov
2020-06-19 00:00:00+00:00,26.241882,0.14000002,0.23529999,Rostov
2020-06-20 00:00:00+00:00,26.610218,0.14000002,0.23303333,Rostov
2020-06-21 00:00:00+00:00,26.631886,0.42,0.22871669,Rostov
2020-06-22 00:00:00+00:00,25.230215,0.36,0.22734168,Rostov
2020-06-23 00:00:00+00:00,26.085636,0.64,0.22375831,Rostov
2020-06-24 00:00:00+00:00,25.673965,0.04,0.2229,Rostov
2020-06-25 00:00:00+00:00,22.561466,0.0,0.22330001,Rostov
2020-06-26 00:00:00+00:00,21.700216,0.060000002,0.22462502,Rostov
2020-06-27 00:00:00+00:00,23.624384,0.0,0.21686669,Rostov
2020-06-28 00:00:00+00:00,25.343966,0.0,0.21305001,Rostov
2020-06-29 00:00:00+00:00,24.511883,4.0,0.21360834,Rostov
2020-06-30 00:00:00+00:00,23.341467,2.7,0.21196663,Rostov
2020-07-01 00:00:00+00:00,25.920218,0.0,0.2030417,Rostov
2020-07-02 00:00:00+00:00,27.318134,1.0199999,0.19975834,Rostov
2020-07-03 00:00:00+00:00,27.803549,0.0,0.19901666,Rostov
2020-07-04 00:00:00+00:00,28.249798,0.0,0.19764167,Rostov
2020-07-05 00:00:00+00:00,28.473969,0.0,0.19758335,Rostov
2020-07-06 00:00:00+00:00,30.327717,0.0,0.19635832,Rostov
2020-07-07 00:00:00+00:00,32.181465,0.0,0.19751666,Rostov
2020-07-08 00:00:00+00:00,29.638968,0.36,0.19401667,Rostov
2020-07-09 00:00:00+00:00,24.186052,3.1,0.19311666,Rostov
2020-07-10 00:00:00+00:00,23.763552,0.0,0.19658335,Rostov
2020-07-11 00:00:00+00:00,25.00105,0.0,0.19479164,Rostov
2020-07-12 00:00:00+00:00,29.175217,0.0,0.19199163,Rostov
2020-07-13 00:00:00+00:00,28.396465,1.22,0.19109163,Rostov
2020-07-14 00:00:00+00:00,23.571466,3.0399997,0.19162498,Rostov
2020-07-15 00:00:00+00:00,21.5698,0.0,0.19622497,Rostov
2020-07-16 00:00:00+00:00,23.783966,0.0,0.19860001,Rostov
2020-07-17 00:00:00+00:00,22.26855,14.340001,0.20186667,Rostov
2020-07-18 00:00:00+00:00,22.6448,1.26,0.21022502,Rostov
2020-07-19 00:00:00+00:00,24.259382,0.04,0.21325001,Rostov
2020-07-20 00:00:00+00:00,25.502716,0.1,0.21416667,Rostov
2020-07-21 00:00:00+00:00,24.060635,0.6,0.21424165,Rostov
2020-07-22 00:00:00+00:00,24.538551,0.04,0.21453336,Rostov
2020-07-23 00:00:00+00:00,22.4948,0.0,0.214125,Rostov
2020-07-24 00:00:00+00:00,22.207716,0.0,0.21615835,Rostov
2020-07-25 00:00:00+00:00,24.331469,0.0,0.215475,Rostov
2020-07-26 00:00:00+00:00,27.220633,0.0,0.21209998,Rostov
2020-07-27 00:00:00+00:00,27.1023,0.0,0.20926663,Rostov
2020-07-28 00:00:00+00:00,27.663132,1.4,0.20865834,Rostov
2020-07-29 00:00:00+00:00,25.938549,0.060000002,0.20730832,Rostov
2020-07-30 00:00:00+00:00,27.252716,0.0,0.20588335,Rostov
2020-07-31 00:00:00+00:00,26.615635,0.62,0.2042,Rostov
2020-08-01 00:00:00+00:00,20.388966,15.360001,0.212975,Rostov
2020-08-02 00:00:00+00:00,20.282717,0.060000002,0.22492501,Rostov
2020-08-03 00:00:00+00:00,20.818134,0.02,0.22676666,Rostov
2020-08-04 00:00:00+00:00,21.915632,0.0,0.22518334,Rostov
2020-08-05 00:00:00+00:00,23.708965,0.0,0.22308333,Rostov
2020-08-06 00:00:00+00:00,27.481052,0.0,0.21785831,Rostov
2020-08-07 00:00:00+00:00,28.55105,0.0,0.21348333,Rostov
2020-08-08 00:00:00+00:00,26.613132,0.0,0.21106668,Rostov
2020-08-09 00:00:00+00:00,24.205633,0.0,0.20959167,Rostov
2020-08-10 00:00:00+00:00,24.213964,0.0,0.20845833,Rostov
2020-08-11 00:00:00+00:00,24.810217,0.0,0.20562501,Rostov
2020-08-12 00:00:00+00:00,24.736883,0.56,0.20597498,Rostov
2020-08-13 00:00:00+00:00,21.182718,1.2199999,0.20618334,Rostov
2020-08-14 00:00:00+00:00,19.073969,0.0,0.21,Rostov
2020-08-15 00:00:00+00:00,17.82605,0.0,0.21133335,Rostov
2020-08-16 00:00:00+00:00,18.23855,0.0,0.21259168,Rostov
2020-08-17 00:00:00+00:00,21.6348,0.0,0.21114998,Rostov
2020-08-18 00:00:00+00:00,24.291466,0.0,0.21007498,Rostov
2020-08-19 00:00:00+00:00,25.45855,0.0,0.20650001,Rostov
2020-08-20 00:00:00+00:00,26.334803,0.0,0.20397496,Rostov
2020-08-21 00:00:00+00:00,24.29855,0.0,0.20436664,Rostov
2020-08-22 00:00:00+00:00,21.73605,0.2,0.203625,Rostov
2020-08-23 00:00:00+00:00,20.129383,0.0,0.20389166,Rostov
2020-08-24 00:00:00+00:00,20.914383,0.0,0.20275,Rostov
2020-08-25 00:00:00+00:00,22.873549,0.0,0.20154166,Rostov
2020-08-26 00:00:00+00:00,23.115633,0.0,0.200375,Rostov
2020-08-27 00:00:00+00:00,24.554384,0.0,0.199025,Rostov
2020-08-28 00:00:00+00:00,23.0723,0.67999995,0.19826666,Rostov
2020-08-29 00:00:00+00:00,22.0848,0.0,0.19700003,Rostov
2020-08-30 00:00:00+00:00,23.043966,0.0,0.1960583,Rostov
2020-08-31 00:00:00+00:00,24.694384,0.0,0.196825,Rostov
2020-09-01 00:00:00+00:00,25.960217,0.0,0.19682498,Rostov
2020-09-02 00:00:00+00:00,26.84105,0.0,0.19593331,Rostov
2020-09-03 00:00:00+00:00,26.445215,0.0,0.19451666,Rostov
2020-09-04 00:00:00+00:00,23.937716,0.0,0.19461669,Rostov
2020-09-05 00:00:00+00:00,23.323967,0.0,0.19384998,Rostov
2020-09-06 00:00:00+00:00,22.466885,0.24000001,0.19229165,Rostov
2020-09-07 00:00:00+00:00,23.151882,0.04,0.19111665,Rostov
2020-09-08 00:00:00+00:00,23.2223,0.0,0.191775,Rostov
2020-09-09 00:00:00+00:00,19.776882,0.0,0.19109166,Rostov
2020-09-10 00:00:00+00:00,19.8498,0.0,0.18917498,Rostov
2020-09-11 00:00:00+00:00,22.695217,0.0,0.188925,Rostov
2020-09-12 00:00:00+00:00,20.605217,0.0,0.18922499,Rostov
2020-09-13 00:00:00+00:00,18.950634,0.0,0.18807499,Rostov
2020-09-14 00:00:00+00:00,20.47605,0.0,0.18736668,Rostov
2020-09-15 00:00:00+00:00,19.5548,0.0,0.18677497,Rostov
2020-09-16 00:00:00+00:00,18.403967,0.0,0.18656667,Rostov
2020-09-17 00:00:00+00:00,17.742716,0.0,0.18629166,Rostov
2020-09-18 00:00:00+00:00,18.83355,0.14,0.18608335,Rostov
2020-09-19 00:00:00+00:00,13.5298,0.02,0.18557504,Rostov
2020-09-20 00:00:00+00:00,14.666049,0.0,0.18339168,Rostov
2020-09-21 00:00:00+00:00,13.202301,0.0,0.18515001,Rostov
2020-09-22 00:00:00+00:00,15.31105,0.0,0.188475,Rostov
2020-09-23 00:00:00+00:00,17.415632,0.0,0.189225,Rostov
2020-09-24 00:00:00+00:00,18.429798,0.0,0.19075,Rostov
2020-09-25 00:00:00+00:00,19.723133,0.0,0.19021669,Rostov
2020-09-26 00:00:00+00:00,20.554798,0.02,0.18979171,Rostov
2020-09-27 00:00:00+00:00,18.460217,0.04,0.18938334,Rostov
2020-09-28 00:00:00+00:00,16.813135,0.6,0.18880002,Rostov
2020-09-29 00:00:00+00:00,17.3023,0.0,0.18907504,Rostov
2020-09-30 00:00:00+00:00,17.768967,0.060000002,0.19075835,Rostov
2020-10-01 00:00:00+00:00,17.47355,0.93999994,0.191475,Rostov
2020-10-02 00:00:00+00:00,17.327717,1.0400001,0.19166668,Rostov
2020-10-03 00:00:00+00:00,16.371052,0.02,0.1926167,Rostov
2020-10-04 00:00:00+00:00,16.287298,0.060000002,0.19298336,Rostov
2020-10-05 00:00:00+00:00,16.117716,0.0,0.19289166,Rostov
2020-10-06 00:00:00+00:00,15.501883,0.0,0.19099168,Rostov
2020-10-07 00:00:00+00:00,15.23855,0.0,0.19013336,Rostov
2020-10-08 00:00:00+00:00,14.384801,0.0,0.18973337,Rostov
2020-10-09 00:00:00+00:00,15.43855,0.0,0.18828335,Rostov
2020-10-10 00:00:00+00:00,15.512716,0.0,0.18732505,Rostov
2020-10-11 00:00:00+00:00,15.353968,0.060000002,0.18720001,Rostov
2020-10-12 00:00:00+00:00,16.008133,0.02,0.1885,Rostov
2020-10-13 00:00:00+00:00,16.197716,0.0,0.18789998,Rostov
2020-10-14 00:00:00+00:00,16.30105,0.0,0.185625,Rostov
2020-10-15 00:00:00+00:00,16.666468,0.0,0.18609168,Rostov
2020-10-16 00:00:00+00:00,16.905634,0.0,0.18510005,Rostov
2020-10-17 00:00:00+00:00,18.185217,0.0,0.18691666,Rostov
2020-10-18 00:00:00+00:00,17.281467,1.3,0.18619168,Rostov
2020-10-19 00:00:00+00:00,13.328966,9.68,0.18806665,Rostov
2020-10-20 00:00:00+00:00,9.468134,0.08,0.2052,Rostov
2020-10-21 00:00:00+00:00,7.9898005,0.0,0.2119333,Rostov
2020-10-22 00:00:00+00:00,10.046884,0.18,0.21491663,Rostov
2020-10-23 00:00:00+00:00,13.621466,0.0,0.21605834,Rostov
2020-10-24 00:00:00+00:00,14.5448,0.55999994,0.21579167,Rostov
2020-10-25 00:00:00+00:00,13.74605,0.4,0.214825,Rostov
2020-10-26 00:00:00+00:00,10.16855,0.0,0.21484168,Rostov
2020-10-27 00:00:00+00:00,9.640216,0.28000003,0.21845002,Rostov
2020-10-28 00:00:00+00:00,9.571882,0.14000002,0.21870835,Rostov
2020-10-29 00:00:00+00:00,11.863549,0.78000003,0.22051668,Rostov
2020-10-30 00:00:00+00:00,13.508966,3.4599998,0.22211666,Rostov
2020-10-31 00:00:00+00:00,13.096049,8.039999,0.23249166,Rostov
2020-11-01 00:00:00+00:00,12.7189665,3.92,0.25351667,Rostov
2020-11-02 00:00:00+00:00,11.86355,2.1399999,0.2716,Rostov
2020-11-03 00:00:00+00:00,11.056467,1.4200001,0.2809833,Rostov
2020-11-04 00:00:00+00:00,9.757299,0.04,0.28488332,Rostov
2020-11-05 00:00:00+00:00,7.7248,0.0,0.28674164,Rostov
2020-11-06 00:00:00+00:00,7.660633,0.2,0.28810832,Rostov
2020-11-07 00:00:00+00:00,7.705217,0.66,0.28896666,Rostov
2020-11-08 00:00:00+00:00,7.9627166,0.060000002,0.28918332,Rostov
2020-11-09 00:00:00+00:00,8.592717,0.16,0.28941667,Rostov
2020-11-10 00:00:00+00:00,5.6581335,0.0,0.28869167,Rostov
2020-11-11 00:00:00+00:00,3.0993834,0.0,0.28805837,Rostov
2020-11-12 00:00:00+00:00,0.76646674,0.0,0.28655,Rostov
2020-11-13 00:00:00+00:00,-0.5685333,0.0,0.28604165,Rostov
2020-11-14 00:00:00+00:00,-0.20186667,0.0,0.2855583,Rostov
2020-11-15 00:00:00+00:00,-0.35061663,0.74,0.285075,Rostov
2020-11-16 00:00:00+00:00,-1.2481167,16.060001,0.28510827,Rostov
2020-11-17 00:00:00+00:00,-1.9535334,12.08,0.2879166,Rostov
2020-11-18 00:00:00+00:00,-4.0602,2.8199997,0.288925,Rostov
2020-11-19 00:00:00+00:00,-4.6597834,0.0,0.28905,Rostov
2020-11-20 00:00:00+00:00,-1.9481167,1.22,0.28923333,Rostov
2020-11-21 00:00:00+00:00,-2.3472834,3.4800003,0.28906667,Rostov
2020-11-22 00:00:00+00:00,-2.0710332,1.8,0.288975,Rostov
2020-11-23 00:00:00+00:00,-0.35144997,0.16,0.288725,Rostov
2020-11-24 00:00:00+00:00,1.9289669,3.3200002,0.2905833,Rostov
2020-11-25 00:00:00+00:00,1.7018833,2.3400002,0.30002502,Rostov
2020-11-26 00:00:00+00:00,-0.4439501,0.3,0.30838332,Rostov
2020-11-27 00:00:00+00:00,-0.58269995,0.0,0.3121,Rostov
2020-11-28 00:00:00+00:00,1.4643834,0.1,0.31430835,Rostov
2020-11-29 00:00:00+00:00,4.305217,0.68,0.327475,Rostov
2020-11-30 00:00:00+00:00,1.8756332,0.24000001,0.34495,Rostov
2020-12-01 00:00:00+00:00,-1.7235333,0.0,0.3474167,Rostov
2020-12-02 00:00:00+00:00,-3.168533,0.120000005,0.3467,Rostov
2020-12-03 00:00:00+00:00,-4.145617,0.04,0.345425,Rostov
2020-12-04 00:00:00+00:00,-3.9106166,0.0,0.3437667,Rostov
2020-12-05 00:00:00+00:00,-5.648534,0.0,0.34218335,Rostov
2020-12-06 00:00:00+00:00,-7.9672837,0.0,0.34060836,Rostov
2020-12-07 00:00:00+00:00,-7.82895,0.0,0.33896667,Rostov
2020-12-08 00:00:00+00:00,-6.1860332,0.0,0.337375,Rostov
2020-12-09 00:00:00+00:00,-4.92395,0.0,0.33578333,Rostov
2020-12-10 00:00:00+00:00,-4.2731166,0.0,0.334275,Rostov
2020-12-11 00:00:00+00:00,-3.364367,0.08,0.33295834,Rostov
2020-12-12 00:00:00+00:00,-0.71603334,1.3999999,0.33157498,Rostov
2020-12-13 00:00:00+00:00,-1.3793666,0.76000005,0.33049998,Rostov
2020-12-14 00:00:00+00:00,-0.5777,0.71999997,0.32920834,Rostov
2020-12-15 00:00:00+00:00,-0.18478331,0.8,0.3284417,Rostov
2020-12-16 00:00:00+00:00,-1.5656166,3.1999996,0.32780832,Rostov
2020-12-17 00:00:00+00:00,-2.1197832,0.0,0.32745007,Rostov
2020-12-18 00:00:00+00:00,-1.2939498,0.0,0.3268667,Rostov
2020-12-19 00:00:00+00:00,-1.7097833,0.76000005,0.32615003,Rostov
2020-12-20 00:00:00+00:00,-2.0893664,1.9599998,0.32577497,Rostov
2020-12-21 00:00:00+00:00,-3.1197834,2.7599998,0.32503328,Rostov
2020-12-22 00:00:00+00:00,-5.8514504,0.17999999,0.32431662,Rostov
2020-12-23 00:00:00+00:00,-4.91895,1.3599999,0.32372496,Rostov
2020-12-24 00:00:00+00:00,-8.297701,0.0,0.32279167,Rostov
2020-12-25 00:00:00+00:00,-6.8456163,2.06,0.32201672,Rostov
2020-12-26 00:00:00+00:00,0.8864667,8.300001,0.3260417,Rostov
2020-12-27 00:00:00+00:00,-0.6427001,4.9799995,0.35225835,Rostov
2020-12-28 00:00:00+00:00,-3.2472835,0.0,0.35856667,Rostov
2020-12-29 00:00:00+00:00,-1.6043667,0.24000001,0.35865837,Rostov
2020-12-30 00:00:00+00:00,-1.0747833,0.0,0.35809165,Rostov
2020-12-31 00:00:00+00:00,0.2448,0.28000003,0.35718328,Rostov
2021-01-01 00:00:00+00:00,0.45063335,0.0,0.35724166,Rostov
2021-01-02 00:00:00+00:00,1.5764667,0.34,0.35958332,Rostov
2021-01-03 00:00:00+00:00,0.6193833,0.0,0.36363333,Rostov
2021-01-04 00:00:00+00:00,-0.22603336,0.18000002,0.364525,Rostov
2021-01-05 00:00:00+00:00,-0.6197834,0.04,0.36384165,Rostov
2021-01-06 00:00:00+00:00,0.65938336,1.0,0.3625583,Rostov
2021-01-07 00:00:00+00:00,2.6622999,1.36,0.362075,Rostov
2021-01-08 00:00:00+00:00,4.169383,5.7,0.37052497,Rostov
2021-01-09 00:00:00+00:00,4.28355,10.280001,0.3978083,Rostov
2021-01-10 00:00:00+00:00,-0.4068667,1.5600001,0.4054833,Rostov
2021-01-11 00:00:00+00:00,-1.6518666,0.060000002,0.4005333,Rostov
2021-01-12 00:00:00+00:00,-2.37895,1.54,0.3956167,Rostov
2021-01-13 00:00:00+00:00,0.8793834,12.66,0.39994997,Rostov
2021-01-14 00:00:00+00:00,-0.8560333,1.5800002,0.41525835,Rostov
2021-01-15 00:00:00+00:00,-3.6802,7.0800004,0.41168332,Rostov
2021-01-16 00:00:00+00:00,-7.7493668,0.18,0.4063,Rostov
2021-01-17 00:00:00+00:00,-10.121034,6.0199995,0.401325,Rostov
2021-01-18 00:00:00+00:00,-9.488116,3.6599998,0.3969417,Rostov
2021-01-19 00:00:00+00:00,-14.074367,0.32,0.39303333,Rostov
2021-01-20 00:00:00+00:00,-18.758116,0.0,0.3894917,Rostov
2021-01-21 00:00:00+00:00,-16.878948,0.0,0.38627496,Rostov
2021-01-22 00:00:00+00:00,0.4268833,0.0,0.38507503,Rostov
2021-01-23 00:00:00+00:00,1.1677167,0.17999999,0.39203337,Rostov
2021-01-24 00:00:00+00:00,0.78813344,0.8,0.40198332,Rostov
2021-01-25 00:00:00+00:00,0.83480006,0.1,0.40394172,Rostov
2021-01-26 00:00:00+00:00,2.1473,0.74,0.40678334,Rostov
2021-01-27 00:00:00+00:00,1.7118833,0.42000002,0.40920836,Rostov
2021-01-28 00:00:00+00:00,1.6777166,2.6,0.40998334,Rostov
2021-01-29 00:00:00+00:00,1.3577167,0.44,0.41134167,Rostov
2021-01-30 00:00:00+00:00,2.4368834,1.0999999,0.4096083,Rostov
2021-01-31 00:00:00+00:00,3.1518834,1.1800001,0.40818334,Rostov
2021-02-01 00:00:00+00:00,5.2723,0.42000002,0.40666667,Rostov
2021-02-02 00:00:00+00:00,6.5631332,0.4,0.40448338,Rostov
2021-02-03 00:00:00+00:00,7.254383,1.0400001,0.4034167,Rostov
2021-02-04 00:00:00+00:00,7.9772997,1.5400001,0.40460005,Rostov
2021-02-05 00:00:00+00:00,3.3093834,2.94,0.40903336,Rostov
2021-02-06 00:00:00+00:00,-4.4068666,0.32,0.40900832,Rostov
2021-02-07 00:00:00+00:00,-6.7514505,0.0,0.40625834,Rostov
2021-02-08 00:00:00+00:00,-7.429366,5.2400002,0.40274996,Rostov
2021-02-09 00:00:00+00:00,-2.7252,4.12,0.40026665,Rostov
2021-02-10 00:00:00+00:00,2.1389668,2.56,0.4104,Rostov
2021-02-11 00:00:00+00:00,5.4039664,1.02,0.42033333,Rostov
2021-02-12 00:00:00+00:00,5.32105,0.82,0.42204165,Rostov
2021-02-13 00:00:00+00:00,-4.6614504,0.32,0.4181834,Rostov
2021-02-14 00:00:00+00:00,-6.5743666,0.3,0.4137,Rostov
2021-02-15 00:00:00+00:00,-7.301033,1.04,0.409475,Rostov
2021-02-16 00:00:00+00:00,-7.6356173,1.7,0.40567502,Rostov
2021-02-17 00:00:00+00:00,-9.098534,0.060000002,0.40224996,Rostov
2021-02-18 00:00:00+00:00,-9.446867,0.0,0.39913335,Rostov
2021-02-19 00:00:00+00:00,-8.329367,0.0,0.39629164,Rostov
2021-02-20 00:00:00+00:00,-6.3652,0.0,0.39364994,Rostov
2021-02-21 00:00:00+00:00,-2.9039502,0.98000014,0.39130002,Rostov
2021-02-22 00:00:00+00:00,0.29938334,4.98,0.38957503,Rostov
2021-02-23 00:00:00+00:00,-11.666868,1.1200001,0.39145833,Rostov
2021-02-24 00:00:00+00:00,-14.445616,0.0,0.39090002,Rostov
2021-02-25 00:00:00+00:00,-7.54645,0.14000002,0.38880005,Rostov
2021-02-26 00:00:00+00:00,2.2377167,0.85999995,0.388075,Rostov
2021-02-27 00:00:00+00:00,3.8489666,2.3400002,0.39650837,Rostov
2021-02-28 00:00:00+00:00,2.099383,0.91999996,0.40846664,Rostov
2021-03-01 00:00:00+00:00,0.44355005,1.1200001,0.40864164,Rostov
2021-03-02 00:00:00+00:00,1.2935501,2.04,0.40699172,Rostov
2021-03-03 00:00:00+00:00,0.7681333,3.6,0.40475002,Rostov
2021-03-04 00:00:00+00:00,1.9952167,0.0,0.40316662,Rostov
2021-03-05 00:00:00+00:00,4.159383,1.3799999,0.40128335,Rostov
2021-03-06 00:00:00+00:00,1.93105,5.8199997,0.40116662,Rostov
2021-03-07 00:00:00+00:00,-1.6568667,0.02,0.403625,Rostov
2021-03-08 00:00:00+00:00,1.1098,0.42000002,0.40267506,Rostov
2021-03-09 00:00:00+00:00,-0.29311663,1.3399999,0.4007083,Rostov
2021-03-10 00:00:00+00:00,-4.2656164,0.0,0.3985583,Rostov
2021-03-11 00:00:00+00:00,-7.344784,0.0,0.39646664,Rostov
2021-03-12 00:00:00+00:00,-7.0618668,0.0,0.39446667,Rostov
2021-03-13 00:00:00+00:00,-2.7906165,0.48000002,0.392625,Rostov
2021-03-14 00:00:00+00:00,1.0835501,0.08,0.39083326,Rostov
2021-03-15 00:00:00+00:00,2.7818832,0.08,0.3889,Rostov
2021-03-16 00:00:00+00:00,3.5031333,0.56,0.38680834,Rostov
2021-03-17 00:00:00+00:00,3.6502166,2.6,0.385325,Rostov
2021-03-18 00:00:00+00:00,2.49355,10.16,0.39379996,Rostov
2021-03-19 00:00:00+00:00,3.3152168,3.2199998,0.41260833,Rostov
2021-03-20 00:00:00+00:00,2.0289667,2.5400002,0.41771668,Rostov
2021-03-21 00:00:00+00:00,1.1218834,0.96000004,0.41990003,Rostov
2021-03-22 00:00:00+00:00,1.9989666,1.0200001,0.41643333,Rostov
2021-03-23 00:00:00+00:00,2.5689666,7.88,0.41591668,Rostov
2021-03-24 00:00:00+00:00,1.5214666,15.259999,0.424375,Rostov
2021-03-25 00:00:00+00:00,1.3818833,13.94,0.43902498,Rostov
2021-03-26 00:00:00+00:00,1.5314666,4.5800004,0.44545832,Rostov
2021-03-27 00:00:00+00:00,4.0239663,0.02,0.4461167,Rostov
2021-03-28 00:00:00+00:00,4.382716,1.3799999,0.44795838,Rostov
2021-03-29 00:00:00+00:00,4.0456333,1.28,0.44189173,Rostov
2021-03-30 00:00:00+00:00,3.5131333,2.74,0.437275,Rostov
2021-03-31 00:00:00+00:00,5.273967,0.02,0.43439168,Rostov
2021-04-01 00:00:00+00:00,7.263133,0.0,0.42426667,Rostov
2021-04-02 00:00:00+00:00,7.9960504,0.02,0.411625,Rostov
2021-04-03 00:00:00+00:00,9.111467,0.6,0.40095,Rostov
2021-04-04 00:00:00+00:00,6.5547996,5.3199997,0.39586666,Rostov
2021-04-05 00:00:00+00:00,5.2752166,14.280001,0.41449994,Rostov
2021-04-06 00:00:00+00:00,6.6672997,0.56000006,0.43420833,Rostov
2021-04-07 00:00:00+00:00,10.550633,3.02,0.42695832,Rostov
2021-04-08 00:00:00+00:00,9.850634,2.04,0.4205667,Rostov
2021-04-09 00:00:00+00:00,5.80105,3.5600002,0.4195667,Rostov
2021-04-10 00:00:00+00:00,7.541883,0.42,0.42167503,Rostov
2021-04-11 00:00:00+00:00,10.090633,0.34,0.41655836,Rostov
2021-04-12 00:00:00+00:00,12.241883,1.72,0.4107917,Rostov
2021-04-13 00:00:00+00:00,12.383551,2.16,0.40865833,Rostov
2021-04-14 00:00:00+00:00,11.566466,0.94000006,0.40237492,Rostov
2021-04-15 00:00:00+00:00,12.029384,0.0,0.395675,Rostov
2021-04-16 00:00:00+00:00,11.897301,3.2,0.38615838,Rostov
2021-04-17 00:00:00+00:00,10.7948,3.6799996,0.3907,Rostov
2021-04-18 00:00:00+00:00,10.508966,1.1,0.39150828,Rostov
2021-04-19 00:00:00+00:00,11.991049,2.5400002,0.39053333,Rostov
2021-04-20 00:00:00+00:00,12.933133,11.54,0.40303335,Rostov
2021-04-21 00:00:00+00:00,11.635633,1.14,0.41097498,Rostov
2021-04-22 00:00:00+00:00,11.811884,2.6799998,0.40536672,Rostov
2021-04-23 00:00:00+00:00,12.199384,2.48,0.4033583,Rostov
2021-04-24 00:00:00+00:00,10.489384,2.3,0.4016667,Rostov
2021-04-25 00:00:00+00:00,8.454383,1.7,0.3963583,Rostov
2021-04-26 00:00:00+00:00,7.3868837,4.8,0.39715832,Rostov
2021-04-27 00:00:00+00:00,8.475634,0.5,0.39877504,Rostov
2021-04-28 00:00:00+00:00,9.08855,1.8799999,0.39334166,Rostov
2021-04-29 00:00:00+00:00,10.937717,0.14,0.3878333,Rostov
2021-04-30 00:00:00+00:00,13.73855,1.64,0.37822503,Rostov
2021-05-01 00:00:00+00:00,15.74355,1.86,0.37179166,Rostov
2021-05-02 00:00:00+00:00,17.415216,0.3,0.3605917,Rostov
2021-05-03 00:00:00+00:00,19.701466,0.32,0.348575,Rostov
2021-05-04 00:00:00+00:00,13.111882,1.34,0.340775,Rostov
2021-05-05 00:00:00+00:00,11.691884,0.0,0.336425,Rostov
2021-05-06 00:00:00+00:00,14.425634,0.0,0.32898334,Rostov
2021-05-07 00:00:00+00:00,14.880633,0.84,0.31822497,Rostov
2021-05-08 00:00:00+00:00,17.503967,0.02,0.30707496,Rostov
2021-05-09 00:00:00+00:00,10.933966,6.7200003,0.30241665,Rostov
2021-05-10 00:00:00+00:00,8.286051,9.679999,0.3089,Rostov
2021-05-11 00:00:00+00:00,8.50855,20.48,0.35877502,Rostov
2021-05-12 00:00:00+00:00,12.710216,2.5399997,0.38946667,Rostov
2021-05-13 00:00:00+00:00,17.314383,0.0,0.38456666,Rostov
2021-05-14 00:00:00+00:00,20.560633,0.0,0.37397498,Rostov
2021-05-15 00:00:00+00:00,21.3973,0.0,0.36204165,Rostov
2021-05-16 00:00:00+00:00,22.700216,0.0,0.3526917,Rostov
2021-05-17 00:00:00+00:00,22.309383,1.9,0.338,Rostov
2021-05-18 00:00:00+00:00,16.960217,5.7799997,0.33123332,Rostov
2021-05-19 00:00:00+00:00,15.251883,13.9,0.33971664,Rostov
2021-05-20 00:00:00+00:00,17.318966,0.66,0.353475,Rostov
2021-05-21 00:00:00+00:00,20.435217,0.02,0.34845,Rostov
2021-05-22 00:00:00+00:00,19.8498,1.3399999,0.34288332,Rostov
2021-05-23 00:00:00+00:00,20.900215,0.82,0.3384083,Rostov
2021-05-24 00:00:00+00:00,19.363964,3.92,0.33315,Rostov
2021-05-25 00:00:00+00:00,18.688549,1.3799999,0.33987498,Rostov
2021-05-26 00:00:00+00:00,19.1148,0.02,0.33585003,Rostov
2021-05-27 00:00:00+00:00,20.676884,0.02,0.32755834,Rostov
2021-05-28 00:00:00+00:00,21.771465,0.04,0.31779164,Rostov
2021-05-29 00:00:00+00:00,22.91105,0.8,0.30617496,Rostov
2021-05-30 00:00:00+00:00,19.223967,4.9800005,0.30031663,Rostov
2021-05-31 00:00:00+00:00,19.687717,0.060000002,0.3000083,Rostov
2021-06-01 00:00:00+00:00,19.3648,5.86,0.2994,Rostov
2021-06-02 00:00:00+00:00,17.717299,23.54,0.34180003,Rostov
2021-06-03 00:00:00+00:00,16.27855,3.28,0.3687417,Rostov
2021-06-04 00:00:00+00:00,15.571051,6.6,0.38161668,Rostov
2021-06-05 00:00:00+00:00,15.368132,5.24,0.39178336,Rostov
2021-06-06 00:00:00+00:00,17.175632,1.78,0.38976666,Rostov
2021-06-07 00:00:00+00:00,16.851883,2.5,0.38429165,Rostov
2021-06-08 00:00:00+00:00,17.33355,4.8,0.38250834,Rostov
2021-06-09 00:00:00+00:00,18.3373,3.1799998,0.38373333,Rostov
2021-06-10 00:00:00+00:00,18.876469,3.04,0.3799,Rostov
2021-06-11 00:00:00+00:00,19.734383,1.5,0.37084168,Rostov
2021-06-12 00:00:00+00:00,20.702717,2.08,0.3610917,Rostov
2021-06-13 00:00:00+00:00,20.491467,1.96,0.35169166,Rostov
2021-06-14 00:00:00+00:00,21.720217,0.2,0.34299165,Rostov
2021-06-15 00:00:00+00:00,22.231884,2.44,0.33423334,Rostov
2021-06-16 00:00:00+00:00,24.2648,1.64,0.32557502,Rostov
2021-06-17 00:00:00+00:00,23.225216,13.539999,0.3289,Rostov
2021-06-18 00:00:00+00:00,23.35105,6.4800005,0.34314165,Rostov
2021-06-19 00:00:00+00:00,24.762714,0.0,0.33337498,Rostov
2021-06-20 00:00:00+00:00,26.124802,0.0,0.3242417,Rostov
2021-06-21 00:00:00+00:00,26.670633,0.0,0.31593332,Rostov
2021-06-22 00:00:00+00:00,27.927301,0.0,0.30625832,Rostov
2021-06-23 00:00:00+00:00,28.58022,0.0,0.29829997,Rostov
2021-06-24 00:00:00+00:00,27.746466,0.0,0.289975,Rostov
2021-06-25 00:00:00+00:00,27.514801,0.0,0.28315833,Rostov
2021-06-26 00:00:00+00:00,28.529383,0.0,0.27456668,Rostov
2021-06-27 00:00:00+00:00,25.98605,1.1800001,0.2684917,Rostov
2021-06-28 00:00:00+00:00,25.6498,1.04,0.2587083,Rostov
2021-06-29 00:00:00+00:00,24.938549,0.24000001,0.25350836,Rostov
2021-06-30 00:00:00+00:00,23.719799,0.3,0.25051668,Rostov
2021-07-01 00:00:00+00:00,24.717716,0.16,0.2459083,Rostov
2021-07-02 00:00:00+00:00,26.240635,0.26,0.23978338,Rostov
2021-07-03 00:00:00+00:00,28.341053,0.16000001,0.23275831,Rostov
2021-07-04 00:00:00+00:00,28.238968,0.33999997,0.23533332,Rostov
2021-07-05 00:00:00+00:00,24.540218,5.28,0.23691663,Rostov
2021-07-06 00:00:00+00:00,22.6173,5.38,0.23969164,Rostov
2021-07-07 00:00:00+00:00,23.797298,0.7,0.24174997,Rostov
2021-07-08 00:00:00+00:00,23.702717,0.0,0.23986664,Rostov
2021-07-09 00:00:00+00:00,25.120218,0.1,0.23567498,Rostov
2021-07-10 00:00:00+00:00,26.965631,0.0,0.23220833,Rostov
2021-07-11 00:00:00+00:00,28.044384,0.0,0.22775002,Rostov
2021-07-12 00:00:00+00:00,27.553553,0.08,0.223025,Rostov
2021-07-13 00:00:00+00:00,25.571466,0.0,0.2208,Rostov
2021-07-14 00:00:00+00:00,26.530634,0.0,0.21836667,Rostov
2021-07-15 00:00:00+00:00,28.062717,0.0,0.21781667,Rostov
2021-07-16 00:00:00+00:00,28.769382,0.02,0.21714167,Rostov
2021-07-17 00:00:00+00:00,28.809383,0.08,0.21355,Rostov
2021-07-18 00:00:00+00:00,30.178549,0.0,0.20927498,Rostov
2021-07-19 00:00:00+00:00,31.202297,0.0,0.20696668,Rostov
2021-07-20 00:00:00+00:00,31.56438,0.0,0.20541668,Rostov
2021-07-21 00:00:00+00:00,30.902716,0.08,0.20439167,Rostov
2021-07-22 00:00:00+00:00,24.97105,8.48,0.20379166,Rostov
2021-07-23 00:00:00+00:00,22.809383,2.98,0.20910832,Rostov
2021-07-24 00:00:00+00:00,23.324799,0.0,0.21972501,Rostov
2021-07-25 00:00:00+00:00,25.060633,0.0,0.22323331,Rostov
2021-07-26 00:00:00+00:00,26.783966,0.0,0.2190083,Rostov
2021-07-27 00:00:00+00:00,24.813549,0.0,0.21594167,Rostov
2021-07-28 00:00:00+00:00,25.102299,0.0,0.21729167,Rostov
2021-07-29 00:00:00+00:00,26.666468,0.0,0.21660002,Rostov
2021-07-30 00:00:00+00:00,26.923965,0.54,0.21269166,Rostov
2021-07-31 00:00:00+00:00,26.948132,1.0600001,0.20856667,Rostov
2021-08-01 00:00:00+00:00,28.237717,0.0,0.20530832,Rostov
2021-08-02 00:00:00+00:00,29.006464,0.0,0.20295003,Rostov
2021-08-03 00:00:00+00:00,29.723969,0.060000002,0.20319167,Rostov
2021-08-04 00:00:00+00:00,27.018967,0.060000002,0.20196664,Rostov
2021-08-05 00:00:00+00:00,27.40063,0.060000002,0.20248334,Rostov
2021-08-06 00:00:00+00:00,29.301884,0.0,0.20204997,Rostov
2021-08-07 00:00:00+00:00,30.41105,0.0,0.20099168,Rostov
2021-08-08 00:00:00+00:00,28.28355,1.3799999,0.19909166,Rostov
2021-08-09 00:00:00+00:00,28.663967,0.04,0.19735,Rostov
2021-08-10 00:00:00+00:00,28.31522,0.22,0.19847503,Rostov
2021-08-11 00:00:00+00:00,27.460632,0.6,0.20016666,Rostov
2021-08-12 00:00:00+00:00,26.660633,2.52,0.20213333,Rostov
2021-08-13 00:00:00+00:00,24.997719,4.2599998,0.20549166,Rostov
2021-08-14 00:00:00+00:00,23.533966,2.8600001,0.22014168,Rostov
2021-08-15 00:00:00+00:00,22.8323,2.08,0.23230834,Rostov
2021-08-16 00:00:00+00:00,23.180218,4.24,0.24215832,Rostov
2021-08-17 00:00:00+00:00,24.952717,0.060000002,0.24354999,Rostov
2021-08-18 00:00:00+00:00,26.508966,0.0,0.2405417,Rostov
2021-08-19 00:00:00+00:00,26.826883,0.17999999,0.23644169,Rostov
2021-08-20 00:00:00+00:00,24.343967,3.7400002,0.2317667,Rostov
2021-08-21 00:00:00+00:00,22.881886,1.26,0.23464999,Rostov
2021-08-22 00:00:00+00:00,23.840633,2.56,0.23402503,Rostov
2021-08-23 00:00:00+00:00,22.236465,5.2799997,0.23319165,Rostov
2021-08-24 00:00:00+00:00,21.3248,0.0,0.23407502,Rostov
2021-08-25 00:00:00+00:00,21.354801,0.0,0.2337167,Rostov
2021-08-26 00:00:00+00:00,22.9873,0.53999996,0.23111665,Rostov
2021-08-27 00:00:00+00:00,24.554384,0.52000004,0.22706667,Rostov
2021-08-28 00:00:00+00:00,25.376049,0.91999996,0.223925,Rostov
2021-08-29 00:00:00+00:00,25.757717,0.0,0.22132501,Rostov
2021-08-30 00:00:00+00:00,25.271465,0.0,0.21903333,Rostov
2021-08-31 00:00:00+00:00,24.574383,1.76,0.21860835,Rostov
2021-09-01 00:00:00+00:00,23.5248,1.7,0.21793334,Rostov
2021-09-02 00:00:00+00:00,19.073965,9.56,0.22405,Rostov
2021-09-03 00:00:00+00:00,14.7073,3.8200002,0.23139998,Rostov
2021-09-04 00:00:00+00:00,15.983133,0.36,0.24152501,Rostov
2021-09-05 00:00:00+00:00,14.728968,0.52,0.24658331,Rostov
2021-09-06 00:00:00+00:00,13.56855,0.0,0.24955001,Rostov
2021-09-07 00:00:00+00:00,13.537717,0.1,0.2515667,Rostov
2021-09-08 00:00:00+00:00,14.5898,0.0,0.25044996,Rostov
2021-09-09 00:00:00+00:00,15.623965,0.0,0.24932499,Rostov
2021-09-10 00:00:00+00:00,17.400217,0.0,0.24629168,Rostov
2021-09-11 00:00:00+00:00,18.995632,0.0,0.24180003,Rostov
2021-09-12 00:00:00+00:00,18.972717,0.08,0.23856664,Rostov
2021-09-13 00:00:00+00:00,18.830217,0.0,0.23776665,Rostov
2021-09-14 00:00:00+00:00,20.0248,0.18,0.23509164,Rostov
2021-09-15 00:00:00+00:00,19.123133,0.0,0.23348331,Rostov
2021-09-16 00:00:00+00:00,15.583133,0.0,0.23367503,Rostov
2021-09-17 00:00:00+00:00,14.439801,0.0,0.23413336,Rostov
2021-09-18 00:00:00+00:00,16.272717,0.0,0.23270833,Rostov
2021-09-19 00:00:00+00:00,17.74605,9.64,0.23159166,Rostov
2021-09-20 00:00:00+00:00,17.290634,5.3599997,0.24179998,Rostov
2021-09-21 00:00:00+00:00,14.733133,4.9800005,0.25532502,Rostov
2021-09-22 00:00:00+00:00,12.465216,0.17999999,0.2714167,Rostov
2021-09-23 00:00:00+00:00,11.749384,1.1800001,0.28004998,Rostov
2021-09-24 00:00:00+00:00,11.758133,2.02,0.2863,Rostov
2021-09-25 00:00:00+00:00,11.807301,4.96,0.29503334,Rostov
2021-09-26 00:00:00+00:00,13.358549,2.6200001,0.30463335,Rostov
2021-09-27 00:00:00+00:00,11.480633,0.02,0.30889162,Rostov
2021-09-28 00:00:00+00:00,10.778549,1.3,0.31129166,Rostov
2021-09-29 00:00:00+00:00,9.8647995,0.060000002,0.31416667,Rostov
2021-09-30 00:00:00+00:00,8.092716,0.0,0.31721666,Rostov
2021-10-01 00:00:00+00:00,8.2348,0.0,0.3183667,Rostov
2021-10-02 00:00:00+00:00,9.928133,0.0,0.31717503,Rostov
2021-10-03 00:00:00+00:00,10.318132,0.0,0.3149333,Rostov
2021-10-04 00:00:00+00:00,10.05105,0.26000002,0.31247503,Rostov
2021-10-05 00:00:00+00:00,10.400217,0.46000004,0.3107,Rostov
2021-10-06 00:00:00+00:00,6.973967,0.0,0.30850834,Rostov
2021-10-07 00:00:00+00:00,6.6523004,0.0,0.30563337,Rostov
2021-10-08 00:00:00+00:00,6.753549,0.0,0.30177504,Rostov
2021-10-09 00:00:00+00:00,7.9922996,0.0,0.29832497,Rostov
2021-10-10 00:00:00+00:00,9.12605,0.0,0.29440004,Rostov
2021-10-11 00:00:00+00:00,10.2748,0.0,0.290825,Rostov
2021-10-12 00:00:00+00:00,12.630633,0.060000002,0.2881,Rostov
2021-10-13 00:00:00+00:00,14.228132,1.36,0.28465003,Rostov
2021-10-14 00:00:00+00:00,12.803549,0.79999995,0.28316668,Rostov
2021-10-15 00:00:00+00:00,10.510633,0.0,0.28280002,Rostov
2021-10-16 00:00:00+00:00,12.101049,0.82,0.28153333,Rostov
2021-10-17 00:00:00+00:00,12.11605,2.46,0.27936664,Rostov
2021-10-18 00:00:00+00:00,11.065216,0.0,0.2750917,Rostov
2021-10-19 00:00:00+00:00,7.132716,1.5,0.27542502,Rostov
2021-10-20 00:00:00+00:00,4.6898,0.14,0.27498332,Rostov
2021-10-21 00:00:00+00:00,8.5398,0.0,0.27474165,Rostov
2021-10-22 00:00:00+00:00,12.3039665,0.0,0.2708,Rostov
2021-10-23 00:00:00+00:00,12.748549,0.56000006,0.26739165,Rostov
2021-10-24 00:00:00+00:00,8.982717,3.2,0.26586664,Rostov
2021-10-25 00:00:00+00:00,3.9356332,0.1,0.26779997,Rostov
2021-10-26 00:00:00+00:00,0.7939667,0.0,0.27099997,Rostov
2021-10-27 00:00:00+00:00,1.7998002,0.0,0.27089164,Rostov
2021-10-28 00:00:00+00:00,3.80355,0.18,0.27026668,Rostov
2021-10-29 00:00:00+00:00,7.4935503,0.24000001,0.267875,Rostov
2021-10-30 00:00:00+00:00,7.4085503,0.0,0.26424164,Rostov
2021-10-31 00:00:00+00:00,6.730217,0.0,0.26315835,Rostov
2021-11-01 00:00:00+00:00,9.053133,0.02,0.26309165,Rostov
2021-11-02 00:00:00+00:00,10.268133,7.56,0.26368332,Rostov
2021-11-03 00:00:00+00:00,10.271466,3.12,0.2652,Rostov
2021-11-04 00:00:00+00:00,10.806467,2.3799999,0.27300832,Rostov
2021-11-05 00:00:00+00:00,10.460632,0.0,0.27779168,Rostov
2021-11-06 00:00:00+00:00,9.2273,0.08,0.2806417,Rostov
2021-11-07 00:00:00+00:00,7.180217,0.28,0.2829,Rostov
2021-11-08 00:00:00+00:00,9.052717,2.9,0.28362495,Rostov
2021-11-09 00:00:00+00:00,8.1477165,10.240001,0.29498333,Rostov
2021-11-10 00:00:00+00:00,1.3506333,0.9,0.31515837,Rostov
2021-11-11 00:00:00+00:00,-1.6210333,0.0,0.32388335,Rostov
2021-11-12 00:00:00+00:00,2.8368835,0.0,0.32729173,Rostov
2021-11-13 00:00:00+00:00,3.9456334,0.0,0.32771665,Rostov
2021-11-14 00:00:00+00:00,1.8081334,0.0,0.32689995,Rostov
2021-11-15 00:00:00+00:00,1.1256332,0.1,0.32666668,Rostov
2021-11-16 00:00:00+00:00,-1.9714501,0.0,0.32617503,Rostov
2021-11-17 00:00:00+00:00,-3.1972835,0.0,0.32609168,Rostov
2021-11-18 00:00:00+00:00,-1.0206165,0.0,0.325625,Rostov
2021-11-19 00:00:00+00:00,0.9448,0.52000004,0.325275,Rostov
2021-11-20 00:00:00+00:00,4.756883,3.78,0.32494998,Rostov
2021-11-21 00:00:00+00:00,5.81355,0.08,0.32642502,Rostov
2021-11-22 00:00:00+00:00,8.191883,0.28000003,0.32748336,Rostov
2021-11-23 00:00:00+00:00,4.6898,7.9800005,0.330675,Rostov
2021-11-24 00:00:00+00:00,-2.1760333,0.7200001,0.34256667,Rostov
2021-11-25 00:00:00+00:00,-3.6260333,0.0,0.34651664,Rostov
2021-11-26 00:00:00+00:00,-0.30644986,0.0,0.34769168,Rostov
2021-11-27 00:00:00+00:00,2.8852167,1.6,0.348275,Rostov
2021-11-28 00:00:00+00:00,6.9564667,7.1800003,0.35276666,Rostov
2021-11-29 00:00:00+00:00,10.5106325,6.8,0.36306667,Rostov
2021-11-30 00:00:00+00:00,8.783967,11.059999,0.3802,Rostov
2021-12-01 00:00:00+00:00,2.44105,6.24,0.40117502,Rostov
2021-12-02 00:00:00+00:00,2.1097999,0.02,0.4013167,Rostov
2021-12-03 00:00:00+00:00,5.5447993,0.0,0.40198332,Rostov
2021-12-04 00:00:00+00:00,5.7648,5.8599997,0.40577498,Rostov
2021-12-05 00:00:00+00:00,3.4927166,7.1,0.41173333,Rostov
2021-12-06 00:00:00+00:00,3.3018837,0.08,0.4116417,Rostov
2021-12-07 00:00:00+00:00,5.415217,0.32,0.40915003,Rostov
2021-12-08 00:00:00+00:00,6.2714667,0.16000001,0.4109583,Rostov
2021-12-09 00:00:00+00:00,6.3389673,0.24000001,0.40880832,Rostov
2021-12-10 00:00:00+00:00,4.486883,0.08,0.40611663,Rostov
2021-12-11 00:00:00+00:00,0.4593834,0.0,0.4031083,Rostov
2021-12-12 00:00:00+00:00,-1.7572832,0.0,0.40039167,Rostov
2021-12-13 00:00:00+00:00,-1.1351999,0.0,0.39611664,Rostov
2021-12-14 00:00:00+00:00,2.28355,0.04,0.39314166,Rostov
2021-12-15 00:00:00+00:00,2.3881335,0.32000005,0.39049166,Rostov
2021-12-16 00:00:00+00:00,1.8823001,0.02,0.389275,Rostov
2021-12-17 00:00:00+00:00,2.1506333,4.48,0.38875833,Rostov
2021-12-18 00:00:00+00:00,1.4193834,0.48000002,0.39134166,Rostov
2021-12-19 00:00:00+00:00,0.78396666,1.5,0.39114168,Rostov
2021-12-20 00:00:00+00:00,1.7577168,6.56,0.39670837,Rostov
2021-12-21 00:00:00+00:00,-1.3585334,1.12,0.40200838,Rostov
2021-12-22 00:00:00+00:00,-8.25145,1.4199998,0.40109167,Rostov
2021-12-23 00:00:00+00:00,-11.00395,0.02,0.3984,Rostov
2021-12-24 00:00:00+00:00,-9.836866,0.36,0.3954583,Rostov
2021-12-25 00:00:00+00:00,-0.13311669,6.8599997,0.39446667,Rostov
2021-12-26 00:00:00+00:00,0.7289666,12.019999,0.4104417,Rostov
2021-12-27 00:00:00+00:00,-5.5572834,6.7,0.42034164,Rostov
2021-12-28 00:00:00+00:00,-5.66895,9.7,0.41763335,Rostov
2021-12-29 00:00:00+00:00,-0.3622832,4.3399997,0.42065835,Rostov
2021-12-30 00:00:00+00:00,-0.83186674,0.45999998,0.42625833,Rostov
2021-12-31 00:00:00+00:00,-2.0110335,3.1399999,0.42458335,Rostov
2020-01-01 00:00:00+00:00,-0.25343752,1.325,0.34364587,Belgorod
2020-01-02 00:00:00+00:00,-2.0076041,0.45000005,0.34178123,Belgorod
2020-01-03 00:00:00+00:00,-0.63,0.025,0.3398854,Belgorod
2020-01-04 00:00:00+00:00,-0.010729164,0.725,0.33784378,Belgorod
2020-01-05 00:00:00+00:00,-0.27166668,2.25,0.33624998,Belgorod
2020-01-06 00:00:00+00:00,-1.8378125,0.0,0.33460414,Belgorod
2020-01-07 00:00:00+00:00,-3.533125,0.0,0.33289587,Belgorod
2020-01-08 00:00:00+00:00,-5.078958,0.0,0.33120835,Belgorod
2020-01-09 00:00:00+00:00,-2.69875,1.7750001,0.32967705,Belgorod
2020-01-10 00:00:00+00:00,-0.86229163,0.05,0.32823956,Belgorod
2020-01-11 00:00:00+00:00,0.22260416,6.7999997,0.32778126,Belgorod
2020-01-12 00:00:00+00:00,-2.1690626,0.1,0.3310209,Belgorod
2020-01-13 00:00:00+00:00,0.07052082,0.025,0.33150002,Belgorod
2020-01-14 00:00:00+00:00,0.6434375,1.075,0.3316667,Belgorod
2020-01-15 00:00:00+00:00,0.18406248,0.0,0.33239582,Belgorod
2020-01-16 00:00:00+00:00,-0.03833335,0.0,0.33227083,Belgorod
2020-01-17 00:00:00+00:00,0.46635422,0.0,0.33275002,Belgorod
2020-01-18 00:00:00+00:00,0.0132291615,0.0,0.33293745,Belgorod
2020-01-19 00:00:00+00:00,-1.0258334,0.0,0.3326771,Belgorod
2020-01-20 00:00:00+00:00,-1.5128124,0.0,0.3320104,Belgorod
2020-01-21 00:00:00+00:00,0.20072915,0.22500001,0.33092707,Belgorod
2020-01-22 00:00:00+00:00,1.4262499,4.225,0.33158332,Belgorod
2020-01-23 00:00:00+00:00,-2.9659376,0.9250001,0.33617708,Belgorod
2020-01-24 00:00:00+00:00,-2.673229,0.625,0.33645833,Belgorod
2020-01-25 00:00:00+00:00,0.8189583,1.5,0.33597916,Belgorod
2020-01-26 00:00:00+00:00,0.66375005,0.0,0.33669788,Belgorod
2020-01-27 00:00:00+00:00,0.60385424,0.22500001,0.33635414,Belgorod
2020-01-28 00:00:00+00:00,0.0934375,0.9250001,0.3359375,Belgorod
2020-01-29 00:00:00+00:00,1.3772917,3.4749997,0.33709374,Belgorod
2020-01-30 00:00:00+00:00,1.7429167,12.200001,0.3486146,Belgorod
2020-01-31 00:00:00+00:00,0.9762499,1.0250001,0.35504168,Belgorod
2020-02-01 00:00:00+00:00,0.64135414,2.3,0.3566146,Belgorod
2020-02-02 00:00:00+00:00,3.3778124,5.575,0.36959374,Belgorod
2020-02-03 00:00:00+00:00,2.22,0.90000004,0.39430204,Belgorod
2020-02-04 00:00:00+00:00,0.15958335,0.1,0.3870625,Belgorod
2020-02-05 00:00:00+00:00,-1.1872917,1.4499999,0.37901044,Belgorod
2020-02-06 00:00:00+00:00,-3.4732292,0.625,0.37303126,Belgorod
2020-02-07 00:00:00+00:00,-6.493021,1.2,0.3682708,Belgorod
2020-02-08 00:00:00+00:00,-8.668542,0.075,0.3643125,Belgorod
2020-02-09 00:00:00+00:00,-8.918542,0.0,0.36085418,Belgorod
2020-02-10 00:00:00+00:00,-6.7966666,0.0,0.357875,Belgorod
2020-02-11 00:00:00+00:00,-0.82791674,5.6749997,0.35519785,Belgorod
2020-02-12 00:00:00+00:00,-2.5086458,8.375,0.35288545,Belgorod
2020-02-13 00:00:00+00:00,-0.92531264,2.625,0.3510104,Belgorod
2020-02-14 00:00:00+00:00,-1.0685416,0.05,0.35007292,Belgorod
2020-02-15 00:00:00+00:00,-1.8070834,0.65000004,0.35008335,Belgorod
2020-02-16 00:00:00+00:00,-0.34510422,0.525,0.35043752,Belgorod
2020-02-17 00:00:00+00:00,0.15697919,0.0,0.35140628,Belgorod
2020-02-18 00:00:00+00:00,1.8101041,0.925,0.3516146,Belgorod
2020-02-19 00:00:00+00:00,2.0345833,0.40000004,0.3619896,Belgorod
2020-02-20 00:00:00+00:00,0.7080209,0.0,0.36391664,Belgorod
2020-02-21 00:00:00+00:00,0.37885413,0.0,0.36379167,Belgorod
2020-02-22 00:00:00+00:00,0.17312494,0.27500004,0.36254162,Belgorod
2020-02-23 00:00:00+00:00,0.94656247,3.9249997,0.3614062,Belgorod
2020-02-24 00:00:00+00:00,0.78354156,19.4,0.3676875,Belgorod
2020-02-25 00:00:00+00:00,-1.5523958,0.725,0.3752604,Belgorod
2020-02-26 00:00:00+00:00,2.6845832,0.175,0.37897915,Belgorod
2020-02-27 00:00:00+00:00,5.2309375,3.1,0.40202084,Belgorod
2020-02-28 00:00:00+00:00,1.8512499,10.0,0.41652083,Belgorod
2020-02-29 00:00:00+00:00,-0.121145844,0.1,0.4065417,Belgorod
2020-03-01 00:00:00+00:00,1.5054166,0.0,0.3975104,Belgorod
2020-03-02 00:00:00+00:00,3.666875,0.0,0.39165622,Belgorod
2020-03-03 00:00:00+00:00,4.1741667,1.875,0.38919792,Belgorod
2020-03-04 00:00:00+00:00,6.596042,0.0,0.38753128,Belgorod
2020-03-05 00:00:00+00:00,9.25177,0.0,0.38270834,Belgorod
2020-03-06 00:00:00+00:00,8.208542,0.0,0.37887502,Belgorod
2020-03-07 00:00:00+00:00,8.422083,1.7,0.37687498,Belgorod
2020-03-08 00:00:00+00:00,9.992916,1.8999999,0.3749792,Belgorod
2020-03-09 00:00:00+00:00,11.08302,0.175,0.3736667,Belgorod
2020-03-10 00:00:00+00:00,10.667397,0.0,0.3738125,Belgorod
2020-03-11 00:00:00+00:00,8.675729,2.3000002,0.3708021,Belgorod
2020-03-12 00:00:00+00:00,7.506979,3.05,0.37248957,Belgorod
2020-03-13 00:00:00+00:00,8.959063,1.0500001,0.36912498,Belgorod
2020-03-14 00:00:00+00:00,4.494479,3.975,0.3677292,Belgorod
2020-03-15 00:00:00+00:00,-1.8815625,0.5,0.36606255,Belgorod
2020-03-16 00:00:00+00:00,-1.3883333,0.0,0.3654375,Belgorod
2020-03-17 00:00:00+00:00,0.4590625,0.0,0.3630938,Belgorod
2020-03-18 00:00:00+00:00,2.0772915,0.0,0.36070833,Belgorod
2020-03-19 00:00:00+00:00,6.1814585,0.0,0.35744792,Belgorod
2020-03-20 00:00:00+00:00,5.9970827,0.0,0.35562497,Belgorod
2020-03-21 00:00:00+00:00,3.8996873,3.425,0.3461458,Belgorod
2020-03-22 00:00:00+00:00,0.18093751,3.65,0.34505206,Belgorod
2020-03-23 00:00:00+00:00,-2.3878126,0.0,0.34577084,Belgorod
2020-03-24 00:00:00+00:00,-1.5388544,0.0,0.3452916,Belgorod
2020-03-25 00:00:00+00:00,0.3408333,0.0,0.34423956,Belgorod
2020-03-26 00:00:00+00:00,3.1450002,0.0,0.34323958,Belgorod
2020-03-27 00:00:00+00:00,6.855938,0.0,0.33822912,Belgorod
2020-03-28 00:00:00+00:00,8.698125,0.0,0.32936457,Belgorod
2020-03-29 00:00:00+00:00,9.359062,0.0,0.31909376,Belgorod
2020-03-30 00:00:00+00:00,10.169478,0.0,0.3166458,Belgorod
2020-03-31 00:00:00+00:00,1.6231251,0.0,0.30993748,Belgorod
2020-04-01 00:00:00+00:00,-0.073750034,0.025,0.3101458,Belgorod
2020-04-02 00:00:00+00:00,3.3595834,0.0,0.30546877,Belgorod
2020-04-03 00:00:00+00:00,6.3965626,0.0,0.29050002,Belgorod
2020-04-04 00:00:00+00:00,7.041354,0.0,0.27362502,Belgorod
2020-04-05 00:00:00+00:00,4.565833,0.3,0.2605521,Belgorod
2020-04-06 00:00:00+00:00,4.358021,0.0,0.25892708,Belgorod
2020-04-07 00:00:00+00:00,5.1486454,0.0,0.25789586,Belgorod
2020-04-08 00:00:00+00:00,9.7179165,0.15,0.25331253,Belgorod
2020-04-09 00:00:00+00:00,9.810104,0.0,0.24342705,Belgorod
2020-04-10 00:00:00+00:00,10.116875,1.6750001,0.23301041,Belgorod
2020-04-11 00:00:00+00:00,5.6538544,0.475,0.23344791,Belgorod
2020-04-12 00:00:00+00:00,4.6502085,0.0,0.23393746,Belgorod
2020-04-13 00:00:00+00:00,9.222083,0.0,0.23324999,Belgorod
2020-04-14 00:00:00+00:00,10.101251,4.475,0.22844791,Belgorod
2020-04-15 00:00:00+00:00,4.3679166,4.825,0.23471874,Belgorod
2020-04-16 00:00:00+00:00,7.47052,1.25,0.24255209,Belgorod
2020-04-17 00:00:00+00:00,6.949687,0.275,0.24479167,Belgorod
2020-04-18 00:00:00+00:00,5.2194786,0.25,0.245375,Belgorod
2020-04-19 00:00:00+00:00,5.743958,0.25,0.245375,Belgorod
2020-04-20 00:00:00+00:00,5.161667,2.05,0.24885418,Belgorod
2020-04-21 00:00:00+00:00,5.978854,0.65000004,0.24753124,Belgorod
2020-04-22 00:00:00+00:00,5.923125,0.2,0.24759375,Belgorod
2020-04-23 00:00:00+00:00,7.2804165,0.0,0.24314582,Belgorod
2020-04-24 00:00:00+00:00,12.297604,0.1,0.23411456,Belgorod
2020-04-25 00:00:00+00:00,13.611147,0.4,0.22153123,Belgorod
2020-04-26 00:00:00+00:00,11.272084,4.0499997,0.21803124,Belgorod
2020-04-27 00:00:00+00:00,7.1668744,3.7749996,0.21937501,Belgorod
2020-04-28 00:00:00+00:00,9.011145,0.0,0.22141664,Belgorod
2020-04-29 00:00:00+00:00,14.136665,0.0,0.22040628,Belgorod
2020-04-30 00:00:00+00:00,14.859584,0.0,0.21628125,Belgorod
2020-05-01 00:00:00+00:00,15.443439,1.9749999,0.21269792,Belgorod
2020-05-02 00:00:00+00:00,15.950209,0.4,0.21405208,Belgorod
2020-05-03 00:00:00+00:00,15.687708,4.4249997,0.21243748,Belgorod
2020-05-04 00:00:00+00:00,15.666354,3.725,0.21530208,Belgorod
2020-05-05 00:00:00+00:00,15.928333,5.7999997,0.22403124,Belgorod
2020-05-06 00:00:00+00:00,14.597082,4.825,0.24457294,Belgorod
2020-05-07 00:00:00+00:00,13.308542,0.17500001,0.25438538,Belgorod
2020-05-08 00:00:00+00:00,10.074166,6.2,0.26225,Belgorod
2020-05-09 00:00:00+00:00,10.086145,3.1750002,0.27514583,Belgorod
2020-05-10 00:00:00+00:00,11.034062,5.0249996,0.28768748,Belgorod
2020-05-11 00:00:00+00:00,15.081459,0.0,0.29524997,Belgorod
2020-05-12 00:00:00+00:00,16.522083,6.4249997,0.2896875,Belgorod
2020-05-13 00:00:00+00:00,8.143437,0.375,0.28941667,Belgorod
2020-05-14 00:00:00+00:00,11.156979,1.9000001,0.28911453,Belgorod
2020-05-15 00:00:00+00:00,10.578855,0.42500004,0.28733334,Belgorod
2020-05-16 00:00:00+00:00,10.655937,1.275,0.28439575,Belgorod
2020-05-17 00:00:00+00:00,13.499167,1.125,0.28146875,Belgorod
2020-05-18 00:00:00+00:00,11.959584,5.6249995,0.2764479,Belgorod
2020-05-19 00:00:00+00:00,10.414271,0.625,0.27644792,Belgorod
2020-05-20 00:00:00+00:00,11.759063,9.825001,0.28507292,Belgorod
2020-05-21 00:00:00+00:00,9.346562,0.025,0.2924063,Belgorod
2020-05-22 00:00:00+00:00,8.560103,1.925,0.29113546,Belgorod
2020-05-23 00:00:00+00:00,8.424167,1.2,0.28878123,Belgorod
2020-05-24 00:00:00+00:00,9.693957,1.175,0.28505206,Belgorod
2020-05-25 00:00:00+00:00,13.250209,0.15,0.27978122,Belgorod
2020-05-26 00:00:00+00:00,11.539792,8.25,0.27882296,Belgorod
2020-05-27 00:00:00+00:00,13.564271,0.37500003,0.28722918,Belgorod
2020-05-28 00:00:00+00:00,16.40021,8.950001,0.29961455,Belgorod
2020-05-29 00:00:00+00:00,20.003332,5.6000004,0.30852085,Belgorod
2020-05-30 00:00:00+00:00,16.050209,8.15,0.31818748,Belgorod
2020-05-31 00:00:00+00:00,14.587187,4.375,0.32274997,Belgorod
2020-06-01 00:00:00+00:00,14.485624,8.0,0.3353021,Belgorod
2020-06-02 00:00:00+00:00,14.7283325,3.15,0.34577084,Belgorod
2020-06-03 00:00:00+00:00,14.405937,2.225,0.34206247,Belgorod
2020-06-04 00:00:00+00:00,15.084583,2.025,0.34089583,Belgorod
2020-06-05 00:00:00+00:00,15.862188,7.5499997,0.33916667,Belgorod
2020-06-06 00:00:00+00:00,19.852814,0.375,0.34603128,Belgorod
2020-06-07 00:00:00+00:00,21.503334,0.0,0.3305312,Belgorod
2020-06-08 00:00:00+00:00,22.746561,0.0,0.3136146,Belgorod
2020-06-09 00:00:00+00:00,24.184584,0.025,0.29536456,Belgorod
2020-06-10 00:00:00+00:00,24.677813,0.0,0.2780521,Belgorod
2020-06-11 00:00:00+00:00,25.521042,0.0,0.26510417,Belgorod
2020-06-12 00:00:00+00:00,26.500208,0.0,0.25310415,Belgorod
2020-06-13 00:00:00+00:00,25.342915,0.025,0.24670832,Belgorod
2020-06-14 00:00:00+00:00,23.84604,0.65,0.24494791,Belgorod
2020-06-15 00:00:00+00:00,23.299686,0.125,0.24234374,Belgorod
2020-06-16 00:00:00+00:00,23.23875,0.0,0.24291661,Belgorod
2020-06-17 00:00:00+00:00,23.912188,0.0,0.23918745,Belgorod
2020-06-18 00:00:00+00:00,24.48198,0.0,0.23157293,Belgorod
2020-06-19 00:00:00+00:00,25.085625,0.15,0.22515625,Belgorod
2020-06-20 00:00:00+00:00,24.944479,0.05,0.2293125,Belgorod
2020-06-21 00:00:00+00:00,24.951252,0.375,0.23067708,Belgorod
2020-06-22 00:00:00+00:00,22.748127,3.9750004,0.23170835,Belgorod
2020-06-23 00:00:00+00:00,22.193436,2.175,0.23547918,Belgorod
2020-06-24 00:00:00+00:00,19.068958,0.0,0.23659372,Belgorod
2020-06-25 00:00:00+00:00,19.401772,0.0,0.23718752,Belgorod
2020-06-26 00:00:00+00:00,21.099165,0.17500001,0.22963543,Belgorod
2020-06-27 00:00:00+00:00,21.084583,0.0,0.221875,Belgorod
2020-06-28 00:00:00+00:00,23.49448,1.1,0.21492709,Belgorod
2020-06-29 00:00:00+00:00,21.005938,6.4500003,0.21045834,Belgorod
2020-06-30 00:00:00+00:00,21.892914,0.775,0.20904168,Belgorod
2020-07-01 00:00:00+00:00,21.571043,2.6750002,0.21191666,Belgorod
2020-07-02 00:00:00+00:00,22.694479,0.0,0.21482293,Belgorod
2020-07-03 00:00:00+00:00,24.963749,0.0,0.21183333,Belgorod
2020-07-04 00:00:00+00:00,26.710104,0.3,0.20757289,Belgorod
2020-07-05 00:00:00+00:00,26.44552,0.0,0.20372915,Belgorod
2020-07-06 00:00:00+00:00,26.555937,0.0,0.20098957,Belgorod
2020-07-07 00:00:00+00:00,27.625208,0.05,0.20188542,Belgorod
2020-07-08 00:00:00+00:00,23.04292,3.875,0.19690627,Belgorod
2020-07-09 00:00:00+00:00,18.443958,0.125,0.1995521,Belgorod
2020-07-10 00:00:00+00:00,18.934582,0.0,0.20044792,Belgorod
2020-07-11 00:00:00+00:00,20.837708,0.0,0.19357294,Belgorod
2020-07-12 00:00:00+00:00,23.303333,0.0,0.18515624,Belgorod
2020-07-13 00:00:00+00:00,23.022604,8.174999,0.18682292,Belgorod
2020-07-14 00:00:00+00:00,18.143436,36.925,0.27066666,Belgorod
2020-07-15 00:00:00+00:00,16.65125,2.1,0.3049479,Belgorod
2020-07-16 00:00:00+00:00,17.734583,0.025,0.29777086,Belgorod
2020-07-17 00:00:00+00:00,18.911667,0.57500005,0.28795832,Belgorod
2020-07-18 00:00:00+00:00,19.533022,0.5749999,0.27710414,Belgorod
2020-07-19 00:00:00+00:00,19.520523,0.025,0.26969793,Belgorod
2020-07-20 00:00:00+00:00,20.27521,0.0,0.25869793,Belgorod
2020-07-21 00:00:00+00:00,21.059061,0.075,0.24797916,Belgorod
2020-07-22 00:00:00+00:00,19.756977,0.9750001,0.24001041,Belgorod
2020-07-23 00:00:00+00:00,17.50698,0.0,0.2355729,Belgorod
2020-07-24 00:00:00+00:00,17.577812,0.0,0.23230211,Belgorod
2020-07-25 00:00:00+00:00,19.224688,0.0,0.22834371,Belgorod
2020-07-26 00:00:00+00:00,21.97,0.0,0.22477081,Belgorod
2020-07-27 00:00:00+00:00,23.643436,0.0,0.21908331,Belgorod
2020-07-28 00:00:00+00:00,23.935104,0.0,0.21505207,Belgorod
2020-07-29 00:00:00+00:00,25.747604,0.0,0.2093125,Belgorod
2020-07-30 00:00:00+00:00,22.977814,3.9499998,0.20739584,Belgorod
2020-07-31 00:00:00+00:00,20.504375,5.525,0.20567706,Belgorod
2020-08-01 00:00:00+00:00,17.462708,0.6,0.20853126,Belgorod
2020-08-02 00:00:00+00:00,17.061146,0.77500004,0.21048959,Belgorod
2020-08-03 00:00:00+00:00,18.140312,0.05,0.21035416,Belgorod
2020-08-04 00:00:00+00:00,19.68354,0.0,0.21109375,Belgorod
2020-08-05 00:00:00+00:00,21.471561,0.0,0.20656246,Belgorod
2020-08-06 00:00:00+00:00,24.03146,0.0,0.19828124,Belgorod
2020-08-07 00:00:00+00:00,24.292915,0.025,0.193,Belgorod
2020-08-08 00:00:00+00:00,21.961666,0.0,0.19251043,Belgorod
2020-08-09 00:00:00+00:00,21.418957,0.0,0.1956667,Belgorod
2020-08-10 00:00:00+00:00,21.810104,0.15,0.19762498,Belgorod
2020-08-11 00:00:00+00:00,21.855417,0.0,0.19861457,Belgorod
2020-08-12 00:00:00+00:00,18.524166,1.5749998,0.1978854,Belgorod
2020-08-13 00:00:00+00:00,15.985626,0.05,0.20342708,Belgorod
2020-08-14 00:00:00+00:00,15.140833,1.7,0.20785417,Belgorod
2020-08-15 00:00:00+00:00,15.299168,0.0,0.21139583,Belgorod
2020-08-16 00:00:00+00:00,17.310625,0.27500004,0.2141979,Belgorod
2020-08-17 00:00:00+00:00,21.134583,0.0,0.21016666,Belgorod
2020-08-18 00:00:00+00:00,22.173124,0.1,0.20868747,Belgorod
2020-08-19 00:00:00+00:00,22.73927,0.0,0.20309375,Belgorod
2020-08-20 00:00:00+00:00,22.30073,0.05,0.20352086,Belgorod
2020-08-21 00:00:00+00:00,19.853855,2.7,0.20335418,Belgorod
2020-08-22 00:00:00+00:00,17.915833,2.05,0.20119789,Belgorod
2020-08-23 00:00:00+00:00,19.169998,0.0,0.20939581,Belgorod
2020-08-24 00:00:00+00:00,20.27625,0.0,0.20310418,Belgorod
2020-08-25 00:00:00+00:00,21.690313,0.0,0.20088542,Belgorod
2020-08-26 00:00:00+00:00,20.27104,0.15,0.20797913,Belgorod
2020-08-27 00:00:00+00:00,19.464272,0.125,0.20812497,Belgorod
2020-08-28 00:00:00+00:00,18.105417,2.4499998,0.20509374,Belgorod
2020-08-29 00:00:00+00:00,18.431458,0.0,0.20363544,Belgorod
2020-08-30 00:00:00+00:00,21.33927,0.0,0.20165624,Belgorod
2020-08-31 00:00:00+00:00,23.048645,0.0,0.19503123,Belgorod
2020-09-01 00:00:00+00:00,23.942917,0.0,0.1924479,Belgorod
2020-09-02 00:00:00+00:00,25.029375,0.0,0.18689585,Belgorod
2020-09-03 00:00:00+00:00,24.654896,0.0,0.185,Belgorod
2020-09-04 00:00:00+00:00,21.718958,0.05,0.18642709,Belgorod
2020-09-05 00:00:00+00:00,18.929373,0.475,0.186625,Belgorod
2020-09-06 00:00:00+00:00,20.311146,0.0,0.18660416,Belgorod
2020-09-07 00:00:00+00:00,20.159584,0.0,0.18447916,Belgorod
2020-09-08 00:00:00+00:00,16.47677,0.9,0.18621875,Belgorod
2020-09-09 00:00:00+00:00,15.900208,0.0,0.18727084,Belgorod
2020-09-10 00:00:00+00:00,18.512186,0.0,0.18663543,Belgorod
2020-09-11 00:00:00+00:00,16.096043,0.0,0.18340623,Belgorod
2020-09-12 00:00:00+00:00,13.850208,0.0,0.1888021,Belgorod
2020-09-13 00:00:00+00:00,16.159061,0.0,0.19338545,Belgorod
2020-09-14 00:00:00+00:00,17.387709,0.0,0.19002086,Belgorod
2020-09-15 00:00:00+00:00,17.880417,0.0,0.18694793,Belgorod
2020-09-16 00:00:00+00:00,16.227812,0.025,0.1866354,Belgorod
2020-09-17 00:00:00+00:00,18.979374,0.47500002,0.18576042,Belgorod
2020-09-18 00:00:00+00:00,11.885104,0.8,0.18401042,Belgorod
2020-09-19 00:00:00+00:00,12.401251,0.0,0.18190625,Belgorod
2020-09-20 00:00:00+00:00,11.2335415,0.0,0.18161461,Belgorod
2020-09-21 00:00:00+00:00,11.266355,0.0,0.18771876,Belgorod
2020-09-22 00:00:00+00:00,13.677813,0.0,0.18487501,Belgorod
2020-09-23 00:00:00+00:00,15.743958,0.0,0.1854271,Belgorod
2020-09-24 00:00:00+00:00,16.468437,0.0,0.18832293,Belgorod
2020-09-25 00:00:00+00:00,17.480417,0.0,0.19116665,Belgorod
2020-09-26 00:00:00+00:00,18.596563,0.05,0.19170837,Belgorod
2020-09-27 00:00:00+00:00,17.2075,1.525,0.19126043,Belgorod
2020-09-28 00:00:00+00:00,15.960104,1.5,0.19076037,Belgorod
2020-09-29 00:00:00+00:00,15.721042,0.35000002,0.19670834,Belgorod
2020-09-30 00:00:00+00:00,17.42052,0.025,0.20089583,Belgorod
2020-10-01 00:00:00+00:00,16.622604,0.05,0.19828127,Belgorod
2020-10-02 00:00:00+00:00,16.097603,1.375,0.19539586,Belgorod
2020-10-03 00:00:00+00:00,15.705417,0.025,0.19529167,Belgorod
2020-10-04 00:00:00+00:00,14.826771,0.0,0.19691667,Belgorod
2020-10-05 00:00:00+00:00,14.255417,0.0,0.20022917,Belgorod
2020-10-06 00:00:00+00:00,14.598125,0.0,0.19995831,Belgorod
2020-10-07 00:00:00+00:00,15.48927,0.0,0.19467707,Belgorod
2020-10-08 00:00:00+00:00,14.690834,0.0,0.19032294,Belgorod
2020-10-09 00:00:00+00:00,14.374166,0.0,0.19247916,Belgorod
2020-10-10 00:00:00+00:00,13.866876,0.0,0.19107291,Belgorod
2020-10-11 00:00:00+00:00,13.240833,3.225,0.19395836,Belgorod
2020-10-12 00:00:00+00:00,14.301771,1.0250001,0.1918646,Belgorod
2020-10-13 00:00:00+00:00,15.61323,0.0,0.18777083,Belgorod
2020-10-14 00:00:00+00:00,15.499168,1.1,0.18647917,Belgorod
2020-10-15 00:00:00+00:00,13.323647,0.3,0.18409377,Belgorod
2020-10-16 00:00:00+00:00,13.118439,1.275,0.18135417,Belgorod
2020-10-17 00:00:00+00:00,12.529375,6.4500003,0.18537502,Belgorod
2020-10-18 00:00:00+00:00,10.550208,7.7749996,0.20281251,Belgorod
2020-10-19 00:00:00+00:00,6.9262495,0.525,0.21541664,Belgorod
2020-10-20 00:00:00+00:00,5.7559376,0.1,0.22096874,Belgorod
2020-10-21 00:00:00+00:00,5.8502083,1.125,0.22508332,Belgorod
2020-10-22 00:00:00+00:00,9.267396,0.025,0.22725001,Belgorod
2020-10-23 00:00:00+00:00,12.88875,0.0,0.22756252,Belgorod
2020-10-24 00:00:00+00:00,12.161146,1.8000001,0.2254375,Belgorod
2020-10-25 00:00:00+00:00,11.013229,0.9,0.22627085,Belgorod
2020-10-26 00:00:00+00:00,9.943958,0.0,0.22560419,Belgorod
2020-10-27 00:00:00+00:00,8.42,0.075,0.22520836,Belgorod
2020-10-28 00:00:00+00:00,7.137708,0.0,0.22531252,Belgorod
2020-10-29 00:00:00+00:00,7.0856247,0.05,0.22555211,Belgorod
2020-10-30 00:00:00+00:00,8.700209,2.475,0.22488543,Belgorod
2020-10-31 00:00:00+00:00,9.693438,9.45,0.22826041,Belgorod
2020-11-01 00:00:00+00:00,9.777292,6.2000003,0.25484374,Belgorod
2020-11-02 00:00:00+00:00,9.587187,12.525001,0.29902083,Belgorod
2020-11-03 00:00:00+00:00,8.2491665,0.975,0.32471874,Belgorod
2020-11-04 00:00:00+00:00,8.027292,0.0,0.32668754,Belgorod
2020-11-05 00:00:00+00:00,7.802291,0.0,0.32537496,Belgorod
2020-11-06 00:00:00+00:00,6.711667,0.25,0.32442707,Belgorod
2020-11-07 00:00:00+00:00,6.550729,0.125,0.3229375,Belgorod
2020-11-08 00:00:00+00:00,7.7022924,0.70000005,0.32112497,Belgorod
2020-11-09 00:00:00+00:00,6.608542,0.05,0.31878126,Belgorod
2020-11-10 00:00:00+00:00,2.8012502,0.0,0.31710416,Belgorod
2020-11-11 00:00:00+00:00,1.2575,0.0,0.31493747,Belgorod
2020-11-12 00:00:00+00:00,0.26114586,0.0,0.31205207,Belgorod
2020-11-13 00:00:00+00:00,-1.1076041,0.0,0.30790627,Belgorod
2020-11-14 00:00:00+00:00,-1.1180208,0.125,0.3053854,Belgorod
2020-11-15 00:00:00+00:00,-1.2914582,2.7000003,0.30366665,Belgorod
2020-11-16 00:00:00+00:00,-4.5534377,5.45,0.30197915,Belgorod
2020-11-17 00:00:00+00:00,-5.9857297,0.1,0.30038545,Belgorod
2020-11-18 00:00:00+00:00,-7.5247917,0.0,0.29895836,Belgorod
2020-11-19 00:00:00+00:00,-6.9253125,0.0,0.29765624,Belgorod
2020-11-20 00:00:00+00:00,-4.3930206,0.0,0.29630208,Belgorod
2020-11-21 00:00:00+00:00,-4.3638544,2.875,0.2951354,Belgorod
2020-11-22 00:00:00+00:00,-4.043542,1.55,0.29404163,Belgorod
2020-11-23 00:00:00+00:00,0.06843744,1.575,0.29301038,Belgorod
2020-11-24 00:00:00+00:00,1.2882291,1.5500001,0.29393753,Belgorod
2020-11-25 00:00:00+00:00,0.6429167,1.7500001,0.2994479,Belgorod
2020-11-26 00:00:00+00:00,1.1340625,0.275,0.30442712,Belgorod
2020-11-27 00:00:00+00:00,3.909583,0.15,0.30704165,Belgorod
2020-11-28 00:00:00+00:00,3.8627083,2.6,0.31158334,Belgorod
2020-11-29 00:00:00+00:00,2.945,0.84999996,0.31784374,Belgorod
2020-11-30 00:00:00+00:00,2.2325,0.35000002,0.3221354,Belgorod
2020-12-01 00:00:00+00:00,-1.9706249,0.0,0.32338542,Belgorod
2020-12-02 00:00:00+00:00,-4.410208,0.17500001,0.32283333,Belgorod
2020-12-03 00:00:00+00:00,-4.256563,2.15,0.32136458,Belgorod
2020-12-04 00:00:00+00:00,-3.62375,0.125,0.3195417,Belgorod
2020-12-05 00:00:00+00:00,-5.9070835,0.0,0.31766665,Belgorod
2020-12-06 00:00:00+00:00,-7.6643753,0.0,0.31584376,Belgorod
2020-12-07 00:00:00+00:00,-8.128959,0.0,0.31402087,Belgorod
2020-12-08 00:00:00+00:00,-5.9836464,0.0,0.31222916,Belgorod
2020-12-09 00:00:00+00:00,-5.4008336,0.0,0.3105104,Belgorod
2020-12-10 00:00:00+00:00,-5.570104,0.0,0.30882293,Belgorod
2020-12-11 00:00:00+00:00,-5.5346875,0.0,0.30725002,Belgorod
2020-12-12 00:00:00+00:00,-4.201354,2.325,0.30569795,Belgorod
2020-12-13 00:00:00+00:00,-2.539896,0.17500001,0.3042708,Belgorod
2020-12-14 00:00:00+00:00,-2.0622916,6.4,0.3039896,Belgorod
2020-12-15 00:00:00+00:00,-1.9253124,6.775,0.30755213,Belgorod
2020-12-16 00:00:00+00:00,-2.3044791,0.0,0.3092084,Belgorod
2020-12-17 00:00:00+00:00,-1.0456251,0.0,0.31054175,Belgorod
2020-12-18 00:00:00+00:00,-0.6513542,0.025,0.31029174,Belgorod
2020-12-19 00:00:00+00:00,-1.5445833,2.8749995,0.3103334,Belgorod
2020-12-20 00:00:00+00:00,-2.6878126,0.0,0.31005213,Belgorod
2020-12-21 00:00:00+00:00,-5.184167,0.0,0.30937505,Belgorod
2020-12-22 00:00:00+00:00,-6.84875,0.0,0.30843753,Belgorod
2020-12-23 00:00:00+00:00,-8.16698,0.0,0.30741665,Belgorod
2020-12-24 00:00:00+00:00,-4.571146,0.22500002,0.30620828,Belgorod
2020-12-25 00:00:00+00:00,-4.628959,11.55,0.3050208,Belgorod
2020-12-26 00:00:00+00:00,-0.40343747,2.8750002,0.304375,Belgorod
2020-12-27 00:00:00+00:00,-2.4779167,0.0,0.30613545,Belgorod
2020-12-28 00:00:00+00:00,-5.4451046,0.0,0.30570835,Belgorod
2020-12-29 00:00:00+00:00,-2.4190626,0.0,0.30529168,Belgorod
2020-12-30 00:00:00+00:00,-0.27218747,0.87500006,0.3053959,Belgorod
2020-12-31 00:00:00+00:00,-0.926875,0.17500001,0.30854172,Belgorod
2021-01-01 00:00:00+00:00,-0.14510418,3.3000002,0.3104271,Belgorod
2021-01-02 00:00:00+00:00,0.8361459,2.275,0.3216667,Belgorod
2021-01-03 00:00:00+00:00,-0.24822918,0.025,0.33263546,Belgorod
2021-01-04 00:00:00+00:00,-1.0430207,0.0,0.33422923,Belgorod
2021-01-05 00:00:00+00:00,-2.09875,0.0,0.3334375,Belgorod
2021-01-06 00:00:00+00:00,-1.5576043,0.625,0.33209378,Belgorod
2021-01-07 00:00:00+00:00,1.8064584,5.55,0.33356252,Belgorod
2021-01-08 00:00:00+00:00,1.8059378,5.5250006,0.37384376,Belgorod
2021-01-09 00:00:00+00:00,-0.40968752,1.0500001,0.37291667,Belgorod
2021-01-10 00:00:00+00:00,-1.2940626,0.25,0.36654168,Belgorod
2021-01-11 00:00:00+00:00,-3.3622913,0.025,0.3606042,Belgorod
2021-01-12 00:00:00+00:00,-2.4440625,0.025,0.35548955,Belgorod
2021-01-13 00:00:00+00:00,-3.3820834,11.625,0.35132292,Belgorod
2021-01-14 00:00:00+00:00,-6.209167,0.0,0.34929162,Belgorod
2021-01-15 00:00:00+00:00,-4.8622913,0.90000004,0.34661463,Belgorod
2021-01-16 00:00:00+00:00,-13.220103,0.40000004,0.34377083,Belgorod
2021-01-17 00:00:00+00:00,-17.700314,0.0,0.34098962,Belgorod
2021-01-18 00:00:00+00:00,-14.537292,2.1750002,0.3383333,Belgorod
2021-01-19 00:00:00+00:00,-16.272188,0.75000006,0.33586457,Belgorod
2021-01-20 00:00:00+00:00,-18.808647,0.0,0.3336354,Belgorod
2021-01-21 00:00:00+00:00,-11.821146,0.475,0.33162504,Belgorod
2021-01-22 00:00:00+00:00,0.65749997,0.0,0.33015624,Belgorod
2021-01-23 00:00:00+00:00,2.4090626,0.425,0.34248957,Belgorod
2021-01-24 00:00:00+00:00,2.8929167,1.1,0.36436456,Belgorod
2021-01-25 00:00:00+00:00,0.8809375,0.525,0.3685,Belgorod
2021-01-26 00:00:00+00:00,2.2017708,7.4,0.3674687,Belgorod
2021-01-27 00:00:00+00:00,1.8486458,8.100001,0.38741666,Belgorod
2021-01-28 00:00:00+00:00,1.8205208,3.25,0.39503127,Belgorod
2021-01-29 00:00:00+00:00,-0.8721875,3.8500001,0.38959372,Belgorod
2021-01-30 00:00:00+00:00,-0.6336459,7.125,0.3812188,Belgorod
2021-01-31 00:00:00+00:00,-0.8268751,6.7750006,0.3967083,Belgorod
2021-02-01 00:00:00+00:00,-1.7622917,17.199999,0.39320832,Belgorod
2021-02-02 00:00:00+00:00,-0.50968754,2.1,0.39981252,Belgorod
2021-02-03 00:00:00+00:00,0.9038542,0.425,0.39065623,Belgorod
2021-02-04 00:00:00+00:00,2.8757293,6.125,0.39540625,Belgorod
2021-02-05 00:00:00+00:00,-5.102396,1.8500001,0.40978128,Belgorod
2021-02-06 00:00:00+00:00,-9.04302,0.2,0.3973333,Belgorod
2021-02-07 00:00:00+00:00,-15.3185425,0.0,0.3885417,Belgorod
2021-02-08 00:00:00+00:00,-11.340938,0.3,0.38190624,Belgorod
2021-02-09 00:00:00+00:00,-8.663855,12.375,0.376625,Belgorod
2021-02-10 00:00:00+00:00,-3.6070833,3.325,0.3724062,Belgorod
2021-02-11 00:00:00+00:00,-3.4175,2.875,0.3704375,Belgorod
2021-02-12 00:00:00+00:00,0.4694793,10.275,0.3966146,Belgorod
2021-02-13 00:00:00+00:00,-12.197708,0.75000006,0.40197918,Belgorod
2021-02-14 00:00:00+00:00,-13.4904175,0.17500001,0.39267707,Belgorod
2021-02-15 00:00:00+00:00,-13.870104,0.0,0.38775,Belgorod
2021-02-16 00:00:00+00:00,-15.85448,0.0,0.3827813,Belgorod
2021-02-17 00:00:00+00:00,-13.075314,0.0,0.37861457,Belgorod
2021-02-18 00:00:00+00:00,-11.538334,0.0,0.37529162,Belgorod
2021-02-19 00:00:00+00:00,-13.531041,0.0,0.3723958,Belgorod
2021-02-20 00:00:00+00:00,-9.389895,0.125,0.36979166,Belgorod
2021-02-21 00:00:00+00:00,-2.083646,1.7500002,0.3674375,Belgorod
2021-02-22 00:00:00+00:00,-1.6638541,2.5500002,0.36794788,Belgorod
2021-02-23 00:00:00+00:00,-16.495104,0.0,0.3703333,Belgorod
2021-02-24 00:00:00+00:00,-11.815937,0.6500001,0.36865625,Belgorod
2021-02-25 00:00:00+00:00,-1.4039583,0.275,0.36721876,Belgorod
2021-02-26 00:00:00+00:00,4.1772914,0.0,0.3860625,Belgorod
2021-02-27 00:00:00+00:00,1.9590625,0.1,0.3951354,Belgorod
2021-02-28 00:00:00+00:00,1.1554167,1.1500001,0.39271876,Belgorod
2021-03-01 00:00:00+00:00,-0.4836459,0.075,0.38977093,Belgorod
2021-03-02 00:00:00+00:00,0.5153125,3.1750002,0.38581255,Belgorod
2021-03-03 00:00:00+00:00,-0.04458332,0.22500001,0.38240623,Belgorod
2021-03-04 00:00:00+00:00,3.0502083,0.22500001,0.3799271,Belgorod
2021-03-05 00:00:00+00:00,0.5996875,0.425,0.3794896,Belgorod
2021-03-06 00:00:00+00:00,-2.9477086,0.45000002,0.37661457,Belgorod
2021-03-07 00:00:00+00:00,-1.0883334,0.45000005,0.37321874,Belgorod
2021-03-08 00:00:00+00:00,-0.9180208,2.6,0.36998954,Belgorod
2021-03-09 00:00:00+00:00,-5.202396,0.375,0.36732298,Belgorod
2021-03-10 00:00:00+00:00,-6.7185416,0.05,0.36501038,Belgorod
2021-03-11 00:00:00+00:00,-9.468021,0.025,0.36321872,Belgorod
2021-03-12 00:00:00+00:00,-7.513334,0.2,0.36164585,Belgorod
2021-03-13 00:00:00+00:00,-3.0633333,2.075,0.36009374,Belgorod
2021-03-14 00:00:00+00:00,1.923125,0.025,0.3594792,Belgorod
2021-03-15 00:00:00+00:00,3.0658336,0.0,0.36472923,Belgorod
2021-03-16 00:00:00+00:00,2.1647916,0.0,0.3647292,Belgorod
2021-03-17 00:00:00+00:00,1.0611459,1.575,0.36421874,Belgorod
2021-03-18 00:00:00+00:00,0.13562497,0.57500005,0.36365622,Belgorod
2021-03-19 00:00:00+00:00,0.41270828,0.0,0.3631562,Belgorod
2021-03-20 00:00:00+00:00,0.17000005,1.95,0.3613021,Belgorod
2021-03-21 00:00:00+00:00,0.31843752,0.875,0.35905206,Belgorod
2021-03-22 00:00:00+00:00,1.1569792,0.1,0.35616666,Belgorod
2021-03-23 00:00:00+00:00,0.38614583,3.0249999,0.35468745,Belgorod
2021-03-24 00:00:00+00:00,0.8121876,0.775,0.35219792,Belgorod
2021-03-25 00:00:00+00:00,2.2684376,0.05,0.35082293,Belgorod
2021-03-26 00:00:00+00:00,3.3580208,0.0,0.3486771,Belgorod
2021-03-27 00:00:00+00:00,4.181979,1.1,0.34235418,Belgorod
2021-03-28 00:00:00+00:00,4.228854,0.05,0.33762503,Belgorod
2021-03-29 00:00:00+00:00,2.9205208,0.17500001,0.33522916,Belgorod
2021-03-30 00:00:00+00:00,1.6330208,0.0,0.32957295,Belgorod
2021-03-31 00:00:00+00:00,4.5200005,0.0,0.32620835,Belgorod
2021-04-01 00:00:00+00:00,8.177813,0.0,0.3247396,Belgorod
2021-04-02 00:00:00+00:00,9.635625,1.2500001,0.32368755,Belgorod
2021-04-03 00:00:00+00:00,4.181979,3.0499997,0.32401037,Belgorod
2021-04-04 00:00:00+00:00,3.297604,2.825,0.3282292,Belgorod
2021-04-05 00:00:00+00:00,3.5069792,0.3,0.33018753,Belgorod
2021-04-06 00:00:00+00:00,5.9278126,0.0,0.32966673,Belgorod
2021-04-07 00:00:00+00:00,5.830416,8.200001,0.33202085,Belgorod
2021-04-08 00:00:00+00:00,3.716354,0.575,0.34284377,Belgorod
2021-04-09 00:00:00+00:00,3.8877082,0.175,0.33888543,Belgorod
2021-04-10 00:00:00+00:00,5.405417,0.0,0.33854166,Belgorod
2021-04-11 00:00:00+00:00,8.540833,0.0,0.333,Belgorod
2021-04-12 00:00:00+00:00,13.022083,0.05,0.31979164,Belgorod
2021-04-13 00:00:00+00:00,13.18823,0.0,0.31103122,Belgorod
2021-04-14 00:00:00+00:00,12.075209,0.20000002,0.30537498,Belgorod
2021-04-15 00:00:00+00:00,10.601771,0.65,0.3067396,Belgorod
2021-04-16 00:00:00+00:00,8.890832,1.2,0.30008334,Belgorod
2021-04-17 00:00:00+00:00,8.056458,2.9499998,0.2933125,Belgorod
2021-04-18 00:00:00+00:00,7.661667,7.5,0.29691666,Belgorod
2021-04-19 00:00:00+00:00,8.972083,3.6,0.31657293,Belgorod
2021-04-20 00:00:00+00:00,8.287708,12.549999,0.3293854,Belgorod
2021-04-21 00:00:00+00:00,7.31375,2.4,0.36128128,Belgorod
2021-04-22 00:00:00+00:00,9.890312,0.375,0.35871878,Belgorod
2021-04-23 00:00:00+00:00,10.867916,6.3500004,0.35184374,Belgorod
2021-04-24 00:00:00+00:00,5.712708,3.6499996,0.3576458,Belgorod
2021-04-25 00:00:00+00:00,5.4293747,0.3,0.353,Belgorod
2021-04-26 00:00:00+00:00,6.9075003,4.625,0.34425,Belgorod
2021-04-27 00:00:00+00:00,4.7429166,1.575,0.3435625,Belgorod
2021-04-28 00:00:00+00:00,6.1278124,0.125,0.3396875,Belgorod
2021-04-29 00:00:00+00:00,8.88927,0.0,0.3300104,Belgorod
2021-04-30 00:00:00+00:00,13.251772,0.05,0.31516665,Belgorod
2021-05-01 00:00:00+00:00,14.450728,1.7250001,0.30392706,Belgorod
2021-05-02 00:00:00+00:00,16.775728,0.92499995,0.2971354,Belgorod
2021-05-03 00:00:00+00:00,15.460625,4.3,0.2895521,Belgorod
2021-05-04 00:00:00+00:00,8.579375,0.325,0.28957295,Belgorod
2021-05-05 00:00:00+00:00,11.561146,0.0,0.2908125,Belgorod
2021-05-06 00:00:00+00:00,13.699167,2.375,0.2797396,Belgorod
2021-05-07 00:00:00+00:00,12.283542,1.8,0.27465624,Belgorod
2021-05-08 00:00:00+00:00,11.911667,12.3,0.2801146,Belgorod
2021-05-09 00:00:00+00:00,7.9288535,0.95,0.29894787,Belgorod
2021-05-10 00:00:00+00:00,9.846042,3.35,0.29945832,Belgorod
2021-05-11 00:00:00+00:00,11.426771,0.575,0.29533333,Belgorod
2021-05-12 00:00:00+00:00,10.12677,3.95,0.29134372,Belgorod
2021-05-13 00:00:00+00:00,13.483021,4.6000004,0.29988545,Belgorod
2021-05-14 00:00:00+00:00,18.53875,0.52500004,0.2983958,Belgorod
2021-05-15 00:00:00+00:00,17.534061,0.0,0.29166666,Belgorod
2021-05-16 00:00:00+00:00,20.026249,0.0,0.27922916,Belgorod
2021-05-17 00:00:00+00:00,21.948647,0.0,0.26216665,Belgorod
2021-05-18 00:00:00+00:00,17.498125,6.05,0.2507917,Belgorod
2021-05-19 00:00:00+00:00,13.792397,6.4500003,0.2551354,Belgorod
2021-05-20 00:00:00+00:00,13.7752075,5.7999997,0.2691875,Belgorod
2021-05-21 00:00:00+00:00,13.984063,1.375,0.2779167,Belgorod
2021-05-22 00:00:00+00:00,15.239271,0.15,0.27591667,Belgorod
2021-05-23 00:00:00+00:00,17.091354,0.025,0.26732293,Belgorod
2021-05-24 00:00:00+00:00,16.19344,6.425,0.26171875,Belgorod
2021-05-25 00:00:00+00:00,17.909061,0.0,0.26942706,Belgorod
2021-05-26 00:00:00+00:00,19.173126,0.0,0.26570833,Belgorod
2021-05-27 00:00:00+00:00,20.22052,0.025,0.25654167,Belgorod
2021-05-28 00:00:00+00:00,21.110104,0.0,0.24857292,Belgorod
2021-05-29 00:00:00+00:00,20.703333,6.2249994,0.24296877,Belgorod
2021-05-30 00:00:00+00:00,16.837189,9.9,0.2488125,Belgorod
2021-05-31 00:00:00+00:00,12.329374,0.05,0.27432287,Belgorod
2021-06-01 00:00:00+00:00,11.545,3.975,0.27942705,Belgorod
2021-06-02 00:00:00+00:00,15.418958,1.8249999,0.28141665,Belgorod
2021-06-03 00:00:00+00:00,13.841354,5.825,0.28866667,Belgorod
2021-06-04 00:00:00+00:00,15.640312,0.6999999,0.29197913,Belgorod
2021-06-05 00:00:00+00:00,14.5075,3.175,0.29101044,Belgorod
2021-06-06 00:00:00+00:00,15.537188,4.45,0.29354164,Belgorod
2021-06-07 00:00:00+00:00,15.943957,4.1000004,0.297625,Belgorod
2021-06-08 00:00:00+00:00,16.780416,2.875,0.299125,Belgorod
2021-06-09 00:00:00+00:00,17.533539,2.9750001,0.29592708,Belgorod
2021-06-10 00:00:00+00:00,17.9575,5.2,0.29365623,Belgorod
2021-06-11 00:00:00+00:00,17.867395,10.275,0.30679166,Belgorod
2021-06-12 00:00:00+00:00,17.55698,6.7749996,0.32409376,Belgorod
2021-06-13 00:00:00+00:00,19.358541,1.225,0.32788542,Belgorod
2021-06-14 00:00:00+00:00,20.913229,0.675,0.31932294,Belgorod
2021-06-15 00:00:00+00:00,21.40125,1.725,0.30813542,Belgorod
2021-06-16 00:00:00+00:00,21.206459,4.025,0.3003125,Belgorod
2021-06-17 00:00:00+00:00,22.30802,0.22500001,0.29296872,Belgorod
2021-06-18 00:00:00+00:00,21.57,0.0,0.28221875,Belgorod
2021-06-19 00:00:00+00:00,22.32,0.0,0.2700625,Belgorod
2021-06-20 00:00:00+00:00,23.02677,0.0,0.2602083,Belgorod
2021-06-21 00:00:00+00:00,25.247602,0.0,0.25096875,Belgorod
2021-06-22 00:00:00+00:00,26.584583,0.0,0.24454167,Belgorod
2021-06-23 00:00:00+00:00,27.312187,0.0,0.2392604,Belgorod
2021-06-24 00:00:00+00:00,27.152813,0.0,0.23752083,Belgorod
2021-06-25 00:00:00+00:00,27.43198,0.05,0.2318125,Belgorod
2021-06-26 00:00:00+00:00,27.311146,0.375,0.22580208,Belgorod
2021-06-27 00:00:00+00:00,26.294477,1.0749999,0.22215627,Belgorod
2021-06-28 00:00:00+00:00,22.312187,4.45,0.22114581,Belgorod
2021-06-29 00:00:00+00:00,21.11427,2.7999997,0.21998957,Belgorod
2021-06-30 00:00:00+00:00,20.618958,4.05,0.22283332,Belgorod
2021-07-01 00:00:00+00:00,22.654896,0.075,0.22166666,Belgorod
2021-07-02 00:00:00+00:00,23.522606,3.325,0.21575,Belgorod
2021-07-03 00:00:00+00:00,23.899689,3.3,0.21305211,Belgorod
2021-07-04 00:00:00+00:00,22.897083,3.4249997,0.21927083,Belgorod
2021-07-05 00:00:00+00:00,21.898645,5.925,0.22260419,Belgorod
2021-07-06 00:00:00+00:00,19.852812,4.3,0.23042709,Belgorod
2021-07-07 00:00:00+00:00,21.78875,0.0,0.2358542,Belgorod
2021-07-08 00:00:00+00:00,22.18927,0.0,0.23072919,Belgorod
2021-07-09 00:00:00+00:00,24.043438,0.0,0.22364582,Belgorod
2021-07-10 00:00:00+00:00,24.985624,0.0,0.21775001,Belgorod
2021-07-11 00:00:00+00:00,25.798643,0.3,0.21494791,Belgorod
2021-07-12 00:00:00+00:00,25.80177,0.0,0.2096875,Belgorod
2021-07-13 00:00:00+00:00,24.239792,0.0,0.20802087,Belgorod
2021-07-14 00:00:00+00:00,25.0075,0.0,0.20496877,Belgorod
2021-07-15 00:00:00+00:00,26.336145,0.3,0.20046873,Belgorod
2021-07-16 00:00:00+00:00,23.441874,8.05,0.19984376,Belgorod
2021-07-17 00:00:00+00:00,25.418957,0.05,0.19848958,Belgorod
2021-07-18 00:00:00+00:00,26.487709,0.05,0.19396879,Belgorod
2021-07-19 00:00:00+00:00,27.311666,0.025,0.18982291,Belgorod
2021-07-20 00:00:00+00:00,26.453335,0.025,0.18542707,Belgorod
2021-07-21 00:00:00+00:00,23.284584,15.174999,0.1926875,Belgorod
2021-07-22 00:00:00+00:00,20.28302,1.4,0.2148646,Belgorod
2021-07-23 00:00:00+00:00,19.565311,0.0,0.21930209,Belgorod
2021-07-24 00:00:00+00:00,20.543438,0.22500001,0.22152083,Belgorod
2021-07-25 00:00:00+00:00,21.212708,0.0,0.21565625,Belgorod
2021-07-26 00:00:00+00:00,22.591877,0.0,0.21222915,Belgorod
2021-07-27 00:00:00+00:00,23.683018,0.0,0.20807296,Belgorod
2021-07-28 00:00:00+00:00,24.026249,2.05,0.20909376,Belgorod
2021-07-29 00:00:00+00:00,25.060104,1.1750001,0.20226043,Belgorod
2021-07-30 00:00:00+00:00,24.53458,2.8999999,0.19958335,Belgorod
2021-07-31 00:00:00+00:00,24.348125,0.35000002,0.19762501,Belgorod
2021-08-01 00:00:00+00:00,25.578854,0.0,0.19261459,Belgorod
2021-08-02 00:00:00+00:00,26.904896,0.85,0.18767707,Belgorod
2021-08-03 00:00:00+00:00,23.112709,1.2250001,0.18773958,Belgorod
2021-08-04 00:00:00+00:00,21.57573,0.025,0.18854167,Belgorod
2021-08-05 00:00:00+00:00,22.71479,0.0,0.19257292,Belgorod
2021-08-06 00:00:00+00:00,26.535624,0.0,0.19381249,Belgorod
2021-08-07 00:00:00+00:00,26.675209,0.125,0.19566666,Belgorod
2021-08-08 00:00:00+00:00,25.909582,0.05,0.19953127,Belgorod
2021-08-09 00:00:00+00:00,27.358541,0.0,0.20064582,Belgorod
2021-08-10 00:00:00+00:00,25.778854,0.275,0.19698957,Belgorod
2021-08-11 00:00:00+00:00,25.598125,0.125,0.19495834,Belgorod
2021-08-12 00:00:00+00:00,24.042915,0.05,0.19066666,Belgorod
2021-08-13 00:00:00+00:00,21.216875,0.47500002,0.19091667,Belgorod
2021-08-14 00:00:00+00:00,20.747084,0.0,0.19593748,Belgorod
2021-08-15 00:00:00+00:00,21.603334,0.1,0.19828126,Belgorod
2021-08-16 00:00:00+00:00,23.648643,0.0,0.1941875,Belgorod
2021-08-17 00:00:00+00:00,25.071562,0.22500001,0.18839584,Belgorod
2021-08-18 00:00:00+00:00,26.30177,0.95,0.18420833,Belgorod
2021-08-19 00:00:00+00:00,25.665834,0.625,0.18219793,Belgorod
2021-08-20 00:00:00+00:00,24.309065,1.0500001,0.18335417,Belgorod
2021-08-21 00:00:00+00:00,20.984585,5.975,0.18840624,Belgorod
2021-08-22 00:00:00+00:00,20.412708,0.17500001,0.18843749,Belgorod
2021-08-23 00:00:00+00:00,19.423647,0.1,0.19054168,Belgorod
2021-08-24 00:00:00+00:00,19.504375,0.0,0.1915625,Belgorod
2021-08-25 00:00:00+00:00,21.205416,0.9499999,0.19662501,Belgorod
2021-08-26 00:00:00+00:00,23.094477,0.2,0.19690627,Belgorod
2021-08-27 00:00:00+00:00,20.091875,11.4,0.2023229,Belgorod
2021-08-28 00:00:00+00:00,21.028332,0.1,0.20651044,Belgorod
2021-08-29 00:00:00+00:00,23.295,0.025,0.20228125,Belgorod
2021-08-30 00:00:00+00:00,23.59552,0.0,0.19764583,Belgorod
2021-08-31 00:00:00+00:00,22.087708,0.47500002,0.19449998,Belgorod
2021-09-01 00:00:00+00:00,19.118958,0.725,0.19324999,Belgorod
2021-09-02 00:00:00+00:00,14.160625,12.949999,0.20079167,Belgorod
2021-09-03 00:00:00+00:00,13.055937,0.57500005,0.21243751,Belgorod
2021-09-04 00:00:00+00:00,11.872084,1.5250001,0.21864584,Belgorod
2021-09-05 00:00:00+00:00,10.01375,0.25,0.22428122,Belgorod
2021-09-06 00:00:00+00:00,9.490833,0.025,0.22623958,Belgorod
2021-09-07 00:00:00+00:00,10.43198,0.0,0.22459376,Belgorod
2021-09-08 00:00:00+00:00,12.985625,0.0,0.22401044,Belgorod
2021-09-09 00:00:00+00:00,16.011665,0.0,0.22031248,Belgorod
2021-09-10 00:00:00+00:00,17.317917,0.0,0.21083337,Belgorod
2021-09-11 00:00:00+00:00,18.487188,0.0,0.2050417,Belgorod
2021-09-12 00:00:00+00:00,19.699165,0.0,0.20184374,Belgorod
2021-09-13 00:00:00+00:00,19.59969,0.075,0.20098957,Belgorod
2021-09-14 00:00:00+00:00,18.262186,0.0,0.19622919,Belgorod
2021-09-15 00:00:00+00:00,13.130416,0.0,0.19417709,Belgorod
2021-09-16 00:00:00+00:00,11.4825,0.0,0.19527087,Belgorod
2021-09-17 00:00:00+00:00,13.014271,0.75,0.19685414,Belgorod
2021-09-18 00:00:00+00:00,12.828854,4.825,0.19787502,Belgorod
2021-09-19 00:00:00+00:00,13.31323,16.375,0.20970833,Belgorod
2021-09-20 00:00:00+00:00,12.165313,3.0249996,0.2375625,Belgorod
2021-09-21 00:00:00+00:00,9.778854,2.25,0.25033337,Belgorod
2021-09-22 00:00:00+00:00,8.559063,0.70000005,0.25864583,Belgorod
2021-09-23 00:00:00+00:00,8.593437,1.95,0.2656354,Belgorod
2021-09-24 00:00:00+00:00,8.939792,4.45,0.27218747,Belgorod
2021-09-25 00:00:00+00:00,10.867916,1.325,0.28235418,Belgorod
2021-09-26 00:00:00+00:00,11.629896,2.5499997,0.28933334,Belgorod
2021-09-27 00:00:00+00:00,9.866875,0.625,0.292625,Belgorod
2021-09-28 00:00:00+00:00,8.992916,1.1,0.2953958,Belgorod
2021-09-29 00:00:00+00:00,7.660104,0.0,0.29773962,Belgorod
2021-09-30 00:00:00+00:00,6.867396,0.0,0.29676044,Belgorod
2021-10-01 00:00:00+00:00,7.5298953,0.0,0.29356247,Belgorod
2021-10-02 00:00:00+00:00,8.365313,0.025,0.29358333,Belgorod
2021-10-03 00:00:00+00:00,9.969999,0.0,0.29416665,Belgorod
2021-10-04 00:00:00+00:00,9.01375,0.0,0.2920521,Belgorod
2021-10-05 00:00:00+00:00,9.286666,0.075,0.28975004,Belgorod
2021-10-06 00:00:00+00:00,6.4215627,0.0,0.28533337,Belgorod
2021-10-07 00:00:00+00:00,5.7960415,0.0,0.2807604,Belgorod
2021-10-08 00:00:00+00:00,5.5486455,0.0,0.2751562,Belgorod
2021-10-09 00:00:00+00:00,5.818437,0.0,0.26933333,Belgorod
2021-10-10 00:00:00+00:00,7.055937,0.0,0.26290625,Belgorod
2021-10-11 00:00:00+00:00,7.775729,0.0,0.25604165,Belgorod
2021-10-12 00:00:00+00:00,9.8324995,0.22500001,0.2500625,Belgorod
2021-10-13 00:00:00+00:00,12.302292,1.85,0.24182293,Belgorod
2021-10-14 00:00:00+00:00,9.849688,3.125,0.24723959,Belgorod
2021-10-15 00:00:00+00:00,6.6283326,0.075,0.2553229,Belgorod
2021-10-16 00:00:00+00:00,7.9762506,0.025,0.25596875,Belgorod
2021-10-17 00:00:00+00:00,8.451771,0.0,0.25317705,Belgorod
2021-10-18 00:00:00+00:00,7.806979,0.3,0.25191665,Belgorod
2021-10-19 00:00:00+00:00,5.0783334,0.25,0.2500521,Belgorod
2021-10-20 00:00:00+00:00,4.574167,0.32500002,0.24940628,Belgorod
2021-10-21 00:00:00+00:00,11.64448,0.375,0.24413542,Belgorod
2021-10-22 00:00:00+00:00,11.746563,0.0,0.24003121,Belgorod
2021-10-23 00:00:00+00:00,9.688229,0.025,0.23768753,Belgorod
2021-10-24 00:00:00+00:00,5.0293746,0.4,0.23453127,Belgorod
2021-10-25 00:00:00+00:00,1.6179166,0.0,0.23212501,Belgorod
2021-10-26 00:00:00+00:00,1.3595834,0.0,0.23066671,Belgorod
2021-10-27 00:00:00+00:00,3.216875,0.0,0.22961456,Belgorod
2021-10-28 00:00:00+00:00,6.1673956,1.775,0.22689587,Belgorod
2021-10-29 00:00:00+00:00,6.51375,0.0,0.22814582,Belgorod
2021-10-30 00:00:00+00:00,5.2246876,0.0,0.22628127,Belgorod
2021-10-31 00:00:00+00:00,4.7335415,0.0,0.22291668,Belgorod
2021-11-01 00:00:00+00:00,5.5017705,0.0,0.22082293,Belgorod
2021-11-02 00:00:00+00:00,8.848646,4.125,0.22028126,Belgorod
2021-11-03 00:00:00+00:00,9.581459,4.125,0.22152087,Belgorod
2021-11-04 00:00:00+00:00,10.017917,0.525,0.22555205,Belgorod
2021-11-05 00:00:00+00:00,11.765313,0.32500002,0.23007292,Belgorod
2021-11-06 00:00:00+00:00,8.516354,2.325,0.23413542,Belgorod
2021-11-07 00:00:00+00:00,6.436146,0.075,0.23857293,Belgorod
2021-11-08 00:00:00+00:00,7.6533327,0.2,0.24057287,Belgorod
2021-11-09 00:00:00+00:00,3.1939585,0.275,0.24194792,Belgorod
2021-11-10 00:00:00+00:00,-2.4279165,0.0,0.24262497,Belgorod
2021-11-11 00:00:00+00:00,0.18875003,0.0,0.2426875,Belgorod
2021-11-12 00:00:00+00:00,3.288229,0.0,0.24262501,Belgorod
2021-11-13 00:00:00+00:00,2.8116667,0.0,0.24187502,Belgorod
2021-11-14 00:00:00+00:00,0.9522916,0.35,0.24158333,Belgorod
2021-11-15 00:00:00+00:00,-0.52739584,0.05,0.240875,Belgorod
2021-11-16 00:00:00+00:00,-2.7326043,0.0,0.24047919,Belgorod
2021-11-17 00:00:00+00:00,-3.402396,0.0,0.24012499,Belgorod
2021-11-18 00:00:00+00:00,-3.205,0.0,0.23995833,Belgorod
2021-11-19 00:00:00+00:00,-0.38729167,0.65,0.23974998,Belgorod
2021-11-20 00:00:00+00:00,3.9746876,5.25,0.23987497,Belgorod
2021-11-21 00:00:00+00:00,4.2434373,1.65,0.24138542,Belgorod
2021-11-22 00:00:00+00:00,4.534063,0.3,0.24627084,Belgorod
2021-11-23 00:00:00+00:00,-1.8253124,0.125,0.25003126,Belgorod
2021-11-24 00:00:00+00:00,-3.7966666,0.0,0.25149998,Belgorod
2021-11-25 00:00:00+00:00,-0.32375,0.0,0.25217706,Belgorod
2021-11-26 00:00:00+00:00,-1.32375,0.0,0.25266665,Belgorod
2021-11-27 00:00:00+00:00,1.6970834,4.8749995,0.2536771,Belgorod
2021-11-28 00:00:00+00:00,5.295521,1.7750001,0.2589479,Belgorod
2021-11-29 00:00:00+00:00,9.041875,9.950001,0.27124998,Belgorod
2021-11-30 00:00:00+00:00,3.2408333,0.6,0.31358328,Belgorod
2021-12-01 00:00:00+00:00,-1.0341667,0.925,0.31619787,Belgorod
2021-12-02 00:00:00+00:00,-0.35395837,0.325,0.31414586,Belgorod
2021-12-03 00:00:00+00:00,6.035104,2.6999998,0.31203127,Belgorod
2021-12-04 00:00:00+00:00,-0.5555209,1.45,0.31426042,Belgorod
2021-12-05 00:00:00+00:00,-3.4930208,0.0,0.31505203,Belgorod
2021-12-06 00:00:00+00:00,-1.6378126,1.4000001,0.31359378,Belgorod
2021-12-07 00:00:00+00:00,3.3694792,9.1,0.32658333,Belgorod
2021-12-08 00:00:00+00:00,3.9668746,1.0,0.34197915,Belgorod
2021-12-09 00:00:00+00:00,4.389271,1.875,0.33922917,Belgorod
2021-12-10 00:00:00+00:00,2.6486459,0.275,0.337375,Belgorod
2021-12-11 00:00:00+00:00,-0.3773958,0.2,0.33468747,Belgorod
2021-12-12 00:00:00+00:00,-1.4023958,0.075,0.33164582,Belgorod
2021-12-13 00:00:00+00:00,-2.2898958,0.15,0.32811463,Belgorod
2021-12-14 00:00:00+00:00,-0.95343745,0.0,0.32466668,Belgorod
2021-12-15 00:00:00+00:00,-1.183125,1.7,0.3215729,Belgorod
2021-12-16 00:00:00+00:00,-0.8425,3.2250001,0.31957293,Belgorod
2021-12-17 00:00:00+00:00,0.03510417,2.8500004,0.3199479,Belgorod
2021-12-18 00:00:00+00:00,-1.0086458,1.4749999,0.31955206,Belgorod
2021-12-19 00:00:00+00:00,-0.65291667,10.725,0.31797916,Belgorod
2021-12-20 00:00:00+00:00,-2.6789584,0.70000005,0.31667706,Belgorod
2021-12-21 00:00:00+00:00,-11.3550005,0.20000002,0.31508338,Belgorod
2021-12-22 00:00:00+00:00,-16.522709,0.125,0.31318754,Belgorod
2021-12-23 00:00:00+00:00,-16.651875,0.0,0.31112495,Belgorod
2021-12-24 00:00:00+00:00,-12.44927,2.6000001,0.30903125,Belgorod
2021-12-25 00:00:00+00:00,-3.1815624,2.1750002,0.30708337,Belgorod
2021-12-26 00:00:00+00:00,-9.99198,0.125,0.30592707,Belgorod
2021-12-27 00:00:00+00:00,-11.01073,0.0,0.30461457,Belgorod
2021-12-28 00:00:00+00:00,-13.0893755,4.125,0.30310422,Belgorod
2021-12-29 00:00:00+00:00,-7.814896,5.4749994,0.30166662,Belgorod
2021-12-30 00:00:00+00:00,-5.4247923,0.225,0.3002604,Belgorod
2021-12-31 00:00:00+00:00,-4.6549997,0.5,0.2988854,Belgorod
2020-01-01 00:00:00+00:00,-1.0333834,1.3399999,0.30986673,Saratov
2020-01-02 00:00:00+00:00,-4.872133,0.9,0.309175,Saratov
2020-01-03 00:00:00+00:00,-2.22005,0.08,0.30845833,Saratov
2020-01-04 00:00:00+00:00,-0.97255003,0.02,0.30765,Saratov
2020-01-05 00:00:00+00:00,-0.32380003,1.5600001,0.30726665,Saratov
2020-01-06 00:00:00+00:00,-0.87338334,2.6,0.30719995,Saratov
2020-01-07 00:00:00+00:00,-2.8017166,1.5400002,0.3070833,Saratov
2020-01-08 00:00:00+00:00,-5.0863,0.46000004,0.30685833,Saratov
2020-01-09 00:00:00+00:00,-4.2275496,0.84,0.30646667,Saratov
2020-01-10 00:00:00+00:00,-3.83755,0.56000006,0.3059,Saratov
2020-01-11 00:00:00+00:00,-2.91255,3.0800002,0.30555835,Saratov
2020-01-12 00:00:00+00:00,-3.8933835,1.1800001,0.305375,Saratov
2020-01-13 00:00:00+00:00,-3.1513,3.3,0.3046833,Saratov
2020-01-14 00:00:00+00:00,-1.1058832,0.060000002,0.30419165,Saratov
2020-01-15 00:00:00+00:00,-2.77755,0.0,0.30386665,Saratov
2020-01-16 00:00:00+00:00,-1.9038,0.34,0.30340832,Saratov
2020-01-17 00:00:00+00:00,-0.69546676,3.02,0.30300003,Saratov
2020-01-18 00:00:00+00:00,-1.3325499,0.0,0.3026917,Saratov
2020-01-19 00:00:00+00:00,-1.4608834,0.0,0.3024667,Saratov
2020-01-20 00:00:00+00:00,-2.1854665,0.08,0.3022167,Saratov
2020-01-21 00:00:00+00:00,-0.53005,3.4,0.30189165,Saratov
2020-01-22 00:00:00+00:00,-0.27505,1.9399999,0.3021583,Saratov
2020-01-23 00:00:00+00:00,-4.3863,0.58000004,0.30365837,Saratov
2020-01-24 00:00:00+00:00,-8.492132,0.86,0.3043834,Saratov
2020-01-25 00:00:00+00:00,-0.5458833,3.2199998,0.30458337,Saratov
2020-01-26 00:00:00+00:00,-2.3729668,0.44,0.30535,Saratov
2020-01-27 00:00:00+00:00,-2.3013,0.78000003,0.30605835,Saratov
2020-01-28 00:00:00+00:00,-7.3421335,2.8,0.30735832,Saratov
2020-01-29 00:00:00+00:00,-3.2892165,7.1,0.307775,Saratov
2020-01-30 00:00:00+00:00,-0.05838331,2.1799998,0.31075,Saratov
2020-01-31 00:00:00+00:00,-0.48754996,0.48000002,0.31495833,Saratov
2020-02-01 00:00:00+00:00,-1.0488001,0.88,0.31676662,Saratov
2020-02-02 00:00:00+00:00,-0.16171667,3.8200002,0.3173083,Saratov
2020-02-03 00:00:00+00:00,1.8137,5.38,0.339775,Saratov
2020-02-04 00:00:00+00:00,-1.3913001,1.28,0.35438338,Saratov
2020-02-05 00:00:00+00:00,-4.843383,0.0,0.35343337,Saratov
2020-02-06 00:00:00+00:00,-8.077967,0.0,0.3510583,Saratov
2020-02-07 00:00:00+00:00,-8.174217,1.6200001,0.348525,Saratov
2020-02-08 00:00:00+00:00,-10.705883,0.3,0.34620833,Saratov
2020-02-09 00:00:00+00:00,-15.50755,0.0,0.34402496,Saratov
2020-02-10 00:00:00+00:00,-9.157967,0.02,0.34185836,Saratov
2020-02-11 00:00:00+00:00,-7.7837996,0.0,0.33993334,Saratov
2020-02-12 00:00:00+00:00,-8.00755,0.24000004,0.3381417,Saratov
2020-02-13 00:00:00+00:00,-6.84505,1.8599999,0.33648333,Saratov
2020-02-14 00:00:00+00:00,-8.201716,0.44000006,0.33498332,Saratov
2020-02-15 00:00:00+00:00,-5.7550497,0.32,0.3335833,Saratov
2020-02-16 00:00:00+00:00,-3.552967,0.2,0.3326167,Saratov
2020-02-17 00:00:00+00:00,-1.38505,0.04,0.33165005,Saratov
2020-02-18 00:00:00+00:00,0.34911665,0.0,0.33106667,Saratov
2020-02-19 00:00:00+00:00,0.6732833,1.4,0.33417496,Saratov
2020-02-20 00:00:00+00:00,-0.65755,0.0,0.34351665,Saratov
2020-02-21 00:00:00+00:00,-2.3667166,0.0,0.34910002,Saratov
2020-02-22 00:00:00+00:00,-3.2008834,0.04,0.35127503,Saratov
2020-02-23 00:00:00+00:00,-1.28755,3.0400002,0.35132498,Saratov
2020-02-24 00:00:00+00:00,0.92661667,3.1200001,0.3519,Saratov
2020-02-25 00:00:00+00:00,0.41245008,9.12,0.3622667,Saratov
2020-02-26 00:00:00+00:00,-0.9821334,0.120000005,0.36746663,Saratov
2020-02-27 00:00:00+00:00,4.170783,1.1400001,0.37268335,Saratov
2020-02-28 00:00:00+00:00,4.6862,4.86,0.39884168,Saratov
2020-02-29 00:00:00+00:00,0.022866582,0.72,0.39763334,Saratov
2020-03-01 00:00:00+00:00,-0.4204666,0.0,0.3898417,Saratov
2020-03-02 00:00:00+00:00,1.3091167,0.0,0.38543335,Saratov
2020-03-03 00:00:00+00:00,2.1049502,0.68,0.38222504,Saratov
2020-03-04 00:00:00+00:00,2.4907832,0.9,0.37927496,Saratov
2020-03-05 00:00:00+00:00,1.1920333,0.0,0.3765833,Saratov
2020-03-06 00:00:00+00:00,2.2616167,0.0,0.37422502,Saratov
2020-03-07 00:00:00+00:00,3.1357832,0.0,0.3704583,Saratov
2020-03-08 00:00:00+00:00,5.2574496,0.34,0.3651,Saratov
2020-03-09 00:00:00+00:00,7.15495,0.48000002,0.35857502,Saratov
2020-03-10 00:00:00+00:00,8.429533,0.0,0.35118333,Saratov
2020-03-11 00:00:00+00:00,8.39995,0.88,0.34715,Saratov
2020-03-12 00:00:00+00:00,7.409117,2.22,0.34533334,Saratov
2020-03-13 00:00:00+00:00,7.5303674,0.84000003,0.34414166,Saratov
2020-03-14 00:00:00+00:00,2.5191166,6.66,0.34520835,Saratov
2020-03-15 00:00:00+00:00,-0.08671675,1.6600001,0.35299164,Saratov
2020-03-16 00:00:00+00:00,-0.27546668,0.3,0.355475,Saratov
2020-03-17 00:00:00+00:00,1.2987,0.0,0.35414162,Saratov
2020-03-18 00:00:00+00:00,3.0466168,0.0,0.35118335,Saratov
2020-03-19 00:00:00+00:00,5.465783,0.17999999,0.3468666,Saratov
2020-03-20 00:00:00+00:00,3.8095336,2.44,0.34055007,Saratov
2020-03-21 00:00:00+00:00,1.9716167,2.42,0.33946663,Saratov
2020-03-22 00:00:00+00:00,-0.14338318,14.4800005,0.341675,Saratov
2020-03-23 00:00:00+00:00,-2.3579667,7.3199997,0.35046664,Saratov
2020-03-24 00:00:00+00:00,-4.594217,1.4399999,0.35244995,Saratov
2020-03-25 00:00:00+00:00,-3.4892166,0.04,0.3510583,Saratov
2020-03-26 00:00:00+00:00,1.9078667,0.0,0.3494583,Saratov
2020-03-27 00:00:00+00:00,4.7828665,0.0,0.35065836,Saratov
2020-03-28 00:00:00+00:00,6.0966167,0.0,0.35068336,Saratov
2020-03-29 00:00:00+00:00,8.534117,0.0,0.34469163,Saratov
2020-03-30 00:00:00+00:00,9.747867,0.0,0.3388417,Saratov
2020-03-31 00:00:00+00:00,9.9862,0.22,0.329,Saratov
2020-04-01 00:00:00+00:00,0.7757833,0.0,0.32067505,Saratov
2020-04-02 00:00:00+00:00,2.9557834,0.0,0.31942496,Saratov
2020-04-03 00:00:00+00:00,5.2870336,0.0,0.312925,Saratov
2020-04-04 00:00:00+00:00,8.030783,0.02,0.30602503,Saratov
2020-04-05 00:00:00+00:00,5.0999503,0.62,0.29814166,Saratov
2020-04-06 00:00:00+00:00,1.1982833,1.5,0.29565006,Saratov
2020-04-07 00:00:00+00:00,0.9678667,0.16,0.29218334,Saratov
2020-04-08 00:00:00+00:00,7.097867,0.17999999,0.28589162,Saratov
2020-04-09 00:00:00+00:00,9.7262,0.02,0.28236666,Saratov
2020-04-10 00:00:00+00:00,9.6074505,0.0,0.272,Saratov
2020-04-11 00:00:00+00:00,7.1661997,6.8599997,0.269625,Saratov
2020-04-12 00:00:00+00:00,1.8316168,10.4,0.27006668,Saratov
2020-04-13 00:00:00+00:00,2.8461998,0.1,0.27455837,Saratov
2020-04-14 00:00:00+00:00,8.639116,0.0,0.2746,Saratov
2020-04-15 00:00:00+00:00,7.5962,5.6400003,0.2790833,Saratov
2020-04-16 00:00:00+00:00,5.050783,2.8,0.29171667,Saratov
2020-04-17 00:00:00+00:00,6.04495,3.8799999,0.30184165,Saratov
2020-04-18 00:00:00+00:00,4.9407835,0.68,0.30903336,Saratov
2020-04-19 00:00:00+00:00,5.797033,0.1,0.3089917,Saratov
2020-04-20 00:00:00+00:00,7.330784,11.82,0.30889168,Saratov
2020-04-21 00:00:00+00:00,4.57745,6.18,0.34329998,Saratov
2020-04-22 00:00:00+00:00,3.8532836,2.3600001,0.35012498,Saratov
2020-04-23 00:00:00+00:00,3.6891167,0.52000004,0.34764165,Saratov
2020-04-24 00:00:00+00:00,7.1524496,0.42,0.339825,Saratov
2020-04-25 00:00:00+00:00,12.8162,0.22,0.3310667,Saratov
2020-04-26 00:00:00+00:00,12.714117,0.0,0.32131663,Saratov
2020-04-27 00:00:00+00:00,11.114533,2.96,0.311325,Saratov
2020-04-28 00:00:00+00:00,7.4257836,1.8,0.306475,Saratov
2020-04-29 00:00:00+00:00,11.306616,0.0,0.30168334,Saratov
2020-04-30 00:00:00+00:00,15.158701,0.0,0.292075,Saratov
2020-05-01 00:00:00+00:00,15.370784,0.0,0.28221667,Saratov
2020-05-02 00:00:00+00:00,14.583282,0.04,0.26965,Saratov
2020-05-03 00:00:00+00:00,14.570369,0.0,0.25594163,Saratov
2020-05-04 00:00:00+00:00,18.070368,0.0,0.24086666,Saratov
2020-05-05 00:00:00+00:00,19.38245,0.62,0.2312833,Saratov
2020-05-06 00:00:00+00:00,17.398283,2.1200001,0.22765835,Saratov
2020-05-07 00:00:00+00:00,17.214535,4.4,0.22950836,Saratov
2020-05-08 00:00:00+00:00,17.30245,2.76,0.23569167,Saratov
2020-05-09 00:00:00+00:00,13.999533,8.4,0.23635833,Saratov
2020-05-10 00:00:00+00:00,12.184117,1.7,0.24454999,Saratov
2020-05-11 00:00:00+00:00,11.409533,2.26,0.253725,Saratov
2020-05-12 00:00:00+00:00,15.1403675,0.060000002,0.25595832,Saratov
2020-05-13 00:00:00+00:00,12.266201,4.1400003,0.256975,Saratov
2020-05-14 00:00:00+00:00,10.723284,0.65999997,0.26013333,Saratov
2020-05-15 00:00:00+00:00,10.72745,2.6799998,0.26426667,Saratov
2020-05-16 00:00:00+00:00,9.432033,0.28,0.2676,Saratov
2020-05-17 00:00:00+00:00,11.710783,0.35999998,0.26415837,Saratov
2020-05-18 00:00:00+00:00,12.580783,2.52,0.25759163,Saratov
2020-05-19 00:00:00+00:00,9.1387005,3.72,0.25616664,Saratov
2020-05-20 00:00:00+00:00,10.413699,0.14,0.25643334,Saratov
2020-05-21 00:00:00+00:00,11.771618,1.9799999,0.25532502,Saratov
2020-05-22 00:00:00+00:00,11.777034,0.26000002,0.254125,Saratov
2020-05-23 00:00:00+00:00,11.592867,9.940001,0.2535917,Saratov
2020-05-24 00:00:00+00:00,12.436617,0.48000002,0.26411664,Saratov
2020-05-25 00:00:00+00:00,14.344533,0.78000003,0.26126668,Saratov
2020-05-26 00:00:00+00:00,16.395367,3.2,0.25745,Saratov
2020-05-27 00:00:00+00:00,16.815784,0.0,0.25631666,Saratov
2020-05-28 00:00:00+00:00,18.186619,0.0,0.2514,Saratov
2020-05-29 00:00:00+00:00,20.361616,0.0,0.24335,Saratov
2020-05-30 00:00:00+00:00,21.509117,0.93999994,0.23539999,Saratov
2020-05-31 00:00:00+00:00,18.334118,0.120000005,0.22964163,Saratov
2020-06-01 00:00:00+00:00,18.538282,2.0800002,0.22659166,Saratov
2020-06-02 00:00:00+00:00,17.634533,5.82,0.22835836,Saratov
2020-06-03 00:00:00+00:00,20.627867,1.9,0.23857501,Saratov
2020-06-04 00:00:00+00:00,18.777035,1.52,0.24560001,Saratov
2020-06-05 00:00:00+00:00,17.657034,3.72,0.246725,Saratov
2020-06-06 00:00:00+00:00,19.306618,2.7000003,0.24373333,Saratov
2020-06-07 00:00:00+00:00,19.4737,4.1,0.24229999,Saratov
2020-06-08 00:00:00+00:00,19.904533,3.3799999,0.2452167,Saratov
2020-06-09 00:00:00+00:00,20.085367,0.98,0.2414833,Saratov
2020-06-10 00:00:00+00:00,21.7712,0.52000004,0.23373334,Saratov
2020-06-11 00:00:00+00:00,23.452866,0.0,0.22415002,Saratov
2020-06-12 00:00:00+00:00,24.528698,0.0,0.21439168,Saratov
2020-06-13 00:00:00+00:00,21.91245,0.24000001,0.20865834,Saratov
2020-06-14 00:00:00+00:00,18.215366,0.22,0.20945832,Saratov
2020-06-15 00:00:00+00:00,18.7487,0.0,0.20726666,Saratov
2020-06-16 00:00:00+00:00,20.419117,0.0,0.20141669,Saratov
2020-06-17 00:00:00+00:00,22.990366,0.02,0.19552499,Saratov
2020-06-18 00:00:00+00:00,23.947449,0.71999997,0.18988332,Saratov
2020-06-19 00:00:00+00:00,21.877449,0.0,0.18570831,Saratov
2020-06-20 00:00:00+00:00,23.926617,0.0,0.18444167,Saratov
2020-06-21 00:00:00+00:00,21.918285,3.6600003,0.18264998,Saratov
2020-06-22 00:00:00+00:00,17.877033,0.120000005,0.1878,Saratov
2020-06-23 00:00:00+00:00,18.827034,0.24000001,0.19201668,Saratov
2020-06-24 00:00:00+00:00,18.01245,6.8799996,0.19465002,Saratov
2020-06-25 00:00:00+00:00,16.404533,0.32,0.19835,Saratov
2020-06-26 00:00:00+00:00,17.18745,0.120000005,0.1991917,Saratov
2020-06-27 00:00:00+00:00,21.677034,0.060000002,0.19525003,Saratov
2020-06-28 00:00:00+00:00,21.5337,5.6400003,0.19258337,Saratov
2020-06-29 00:00:00+00:00,17.25245,7.66,0.197625,Saratov
2020-06-30 00:00:00+00:00,17.175365,0.2,0.205425,Saratov
2020-07-01 00:00:00+00:00,19.9037,0.22,0.20838332,Saratov
2020-07-02 00:00:00+00:00,22.896618,0.2,0.202475,Saratov
2020-07-03 00:00:00+00:00,24.505783,0.0,0.19886668,Saratov
2020-07-04 00:00:00+00:00,26.844116,0.0,0.19368334,Saratov
2020-07-05 00:00:00+00:00,27.955784,0.0,0.18953334,Saratov
2020-07-06 00:00:00+00:00,28.727032,0.0,0.18690002,Saratov
2020-07-07 00:00:00+00:00,30.6562,0.0,0.181425,Saratov
2020-07-08 00:00:00+00:00,30.927868,0.0,0.17774166,Saratov
2020-07-09 00:00:00+00:00,28.335367,0.14,0.17535834,Saratov
2020-07-10 00:00:00+00:00,23.234533,0.34,0.17333333,Saratov
2020-07-11 00:00:00+00:00,23.7337,0.02,0.17435834,Saratov
2020-07-12 00:00:00+00:00,26.525366,0.1,0.17280002,Saratov
2020-07-13 00:00:00+00:00,29.577866,0.0,0.172175,Saratov
2020-07-14 00:00:00+00:00,29.602032,0.2,0.17445835,Saratov
2020-07-15 00:00:00+00:00,24.098698,0.1,0.17784166,Saratov
2020-07-16 00:00:00+00:00,21.4487,0.34,0.18399167,Saratov
2020-07-17 00:00:00+00:00,22.420782,0.0,0.18486667,Saratov
2020-07-18 00:00:00+00:00,20.2612,0.42000002,0.18675,Saratov
2020-07-19 00:00:00+00:00,20.886198,0.44,0.18454999,Saratov
2020-07-20 00:00:00+00:00,21.8687,0.0,0.18416667,Saratov
2020-07-21 00:00:00+00:00,22.655365,0.02,0.17714168,Saratov
2020-07-22 00:00:00+00:00,22.81995,0.28,0.17610833,Saratov
2020-07-23 00:00:00+00:00,21.121616,0.14,0.1743333,Saratov
2020-07-24 00:00:00+00:00,19.652866,0.0,0.17515834,Saratov
2020-07-25 00:00:00+00:00,20.0862,0.0,0.17539169,Saratov
2020-07-26 00:00:00+00:00,20.872032,0.0,0.17244165,Saratov
2020-07-27 00:00:00+00:00,21.219116,0.0,0.17024167,Saratov
2020-07-28 00:00:00+00:00,22.263283,0.02,0.16792502,Saratov
2020-07-29 00:00:00+00:00,23.856617,0.0,0.16667497,Saratov
2020-07-30 00:00:00+00:00,26.009953,1.0400001,0.16481665,Saratov
2020-07-31 00:00:00+00:00,22.693281,6.84,0.16688332,Saratov
2020-08-01 00:00:00+00:00,19.294949,17.1,0.19016668,Saratov
2020-08-02 00:00:00+00:00,17.728283,0.36,0.21580002,Saratov
2020-08-03 00:00:00+00:00,18.310368,0.28000003,0.22005002,Saratov
2020-08-04 00:00:00+00:00,18.480368,2.2600002,0.21783333,Saratov
2020-08-05 00:00:00+00:00,23.085783,0.0,0.21391669,Saratov
2020-08-06 00:00:00+00:00,25.764948,0.0,0.20587496,Saratov
2020-08-07 00:00:00+00:00,25.110783,0.17999999,0.19961666,Saratov
2020-08-08 00:00:00+00:00,21.533283,0.0,0.19368334,Saratov
2020-08-09 00:00:00+00:00,19.491617,0.08,0.19324999,Saratov
2020-08-10 00:00:00+00:00,18.917034,0.0,0.19221666,Saratov
2020-08-11 00:00:00+00:00,18.008701,0.0,0.19166668,Saratov
2020-08-12 00:00:00+00:00,19.840366,1.96,0.190775,Saratov
2020-08-13 00:00:00+00:00,18.038284,3.52,0.18999998,Saratov
2020-08-14 00:00:00+00:00,15.190366,0.9,0.19208331,Saratov
2020-08-15 00:00:00+00:00,13.845784,2.66,0.195825,Saratov
2020-08-16 00:00:00+00:00,14.924952,0.120000005,0.19654998,Saratov
2020-08-17 00:00:00+00:00,17.445782,2.3799999,0.19859168,Saratov
2020-08-18 00:00:00+00:00,16.222034,0.0,0.19974166,Saratov
2020-08-19 00:00:00+00:00,17.4862,0.0,0.1993917,Saratov
2020-08-20 00:00:00+00:00,15.6812,0.0,0.19629169,Saratov
2020-08-21 00:00:00+00:00,15.429117,0.0,0.19675833,Saratov
2020-08-22 00:00:00+00:00,16.625366,0.02,0.195875,Saratov
2020-08-23 00:00:00+00:00,16.908283,0.02,0.19654168,Saratov
2020-08-24 00:00:00+00:00,19.001616,0.08,0.19705,Saratov
2020-08-25 00:00:00+00:00,21.9137,0.0,0.193525,Saratov
2020-08-26 00:00:00+00:00,23.113285,0.0,0.19272499,Saratov
2020-08-27 00:00:00+00:00,22.819534,0.0,0.19236667,Saratov
2020-08-28 00:00:00+00:00,22.184534,0.24000001,0.19070832,Saratov
2020-08-29 00:00:00+00:00,19.432451,2.78,0.18746667,Saratov
2020-08-30 00:00:00+00:00,18.876202,0.0,0.18743333,Saratov
2020-08-31 00:00:00+00:00,21.525784,0.0,0.18584168,Saratov
2020-09-01 00:00:00+00:00,23.45995,0.0,0.18430002,Saratov
2020-09-02 00:00:00+00:00,20.84745,0.0,0.181675,Saratov
2020-09-03 00:00:00+00:00,16.180782,0.0,0.18531665,Saratov
2020-09-04 00:00:00+00:00,15.949949,0.0,0.18946669,Saratov
2020-09-05 00:00:00+00:00,17.030785,0.0,0.18760833,Saratov
2020-09-06 00:00:00+00:00,18.160784,0.0,0.188125,Saratov
2020-09-07 00:00:00+00:00,18.8512,0.0,0.18540832,Saratov
2020-09-08 00:00:00+00:00,20.480366,0.28,0.18734999,Saratov
2020-09-09 00:00:00+00:00,14.524533,2.98,0.18755002,Saratov
2020-09-10 00:00:00+00:00,15.352033,0.02,0.18896666,Saratov
2020-09-11 00:00:00+00:00,16.110783,0.36,0.19401667,Saratov
2020-09-12 00:00:00+00:00,13.067034,0.0,0.19527498,Saratov
2020-09-13 00:00:00+00:00,14.721617,0.0,0.19819164,Saratov
2020-09-14 00:00:00+00:00,13.98245,2.58,0.20171666,Saratov
2020-09-15 00:00:00+00:00,13.704117,0.34000003,0.2049,Saratov
2020-09-16 00:00:00+00:00,11.296201,0.02,0.20995001,Saratov
2020-09-17 00:00:00+00:00,12.55495,0.0,0.21077499,Saratov
2020-09-18 00:00:00+00:00,15.330783,3.0,0.21241668,Saratov
2020-09-19 00:00:00+00:00,10.882033,5.3200006,0.21346664,Saratov
2020-09-20 00:00:00+00:00,9.612867,1.18,0.2227833,Saratov
2020-09-21 00:00:00+00:00,10.507033,0.0,0.23158331,Saratov
2020-09-22 00:00:00+00:00,13.943283,0.0,0.23259997,Saratov
2020-09-23 00:00:00+00:00,14.702449,0.0,0.22909164,Saratov
2020-09-24 00:00:00+00:00,14.424533,0.0,0.2245167,Saratov
2020-09-25 00:00:00+00:00,14.2537,0.0,0.21783336,Saratov
2020-09-26 00:00:00+00:00,14.006617,0.0,0.21729998,Saratov
2020-09-27 00:00:00+00:00,12.228701,0.0,0.21551666,Saratov
2020-09-28 00:00:00+00:00,12.39745,0.0,0.21320835,Saratov
2020-09-29 00:00:00+00:00,13.520784,0.0,0.21038333,Saratov
2020-09-30 00:00:00+00:00,14.415782,0.0,0.20640834,Saratov
2020-10-01 00:00:00+00:00,14.435367,0.0,0.20452502,Saratov
2020-10-02 00:00:00+00:00,13.7428665,0.0,0.203,Saratov
2020-10-03 00:00:00+00:00,13.302034,0.0,0.20129168,Saratov
2020-10-04 00:00:00+00:00,12.135783,0.0,0.20046668,Saratov
2020-10-05 00:00:00+00:00,8.9095335,0.0,0.20033331,Saratov
2020-10-06 00:00:00+00:00,9.374117,0.0,0.19853331,Saratov
2020-10-07 00:00:00+00:00,10.675783,0.0,0.19742502,Saratov
2020-10-08 00:00:00+00:00,11.032034,0.0,0.19318333,Saratov
2020-10-09 00:00:00+00:00,10.820368,0.0,0.19390833,Saratov
2020-10-10 00:00:00+00:00,10.107033,0.0,0.19268331,Saratov
2020-10-11 00:00:00+00:00,10.0812,0.0,0.18942502,Saratov
2020-10-12 00:00:00+00:00,11.797867,0.02,0.18718334,Saratov
2020-10-13 00:00:00+00:00,13.0362,0.0,0.18455002,Saratov
2020-10-14 00:00:00+00:00,13.3782835,0.0,0.18599167,Saratov
2020-10-15 00:00:00+00:00,13.8278675,0.26000002,0.188575,Saratov
2020-10-16 00:00:00+00:00,13.920784,0.14000002,0.18913333,Saratov
2020-10-17 00:00:00+00:00,8.829534,0.2,0.189675,Saratov
2020-10-18 00:00:00+00:00,11.914949,0.36,0.18938333,Saratov
2020-10-19 00:00:00+00:00,9.432867,0.64,0.1906667,Saratov
2020-10-20 00:00:00+00:00,6.5162,0.17999999,0.19305833,Saratov
2020-10-21 00:00:00+00:00,3.3812,0.04,0.19347498,Saratov
2020-10-22 00:00:00+00:00,4.1353664,0.14,0.19452497,Saratov
2020-10-23 00:00:00+00:00,9.169534,2.6399999,0.19484167,Saratov
2020-10-24 00:00:00+00:00,11.261618,2.9199998,0.19544166,Saratov
2020-10-25 00:00:00+00:00,8.318283,11.44,0.20524165,Saratov
2020-10-26 00:00:00+00:00,5.51245,0.0,0.22638336,Saratov
2020-10-27 00:00:00+00:00,1.4141166,0.0,0.23075831,Saratov
2020-10-28 00:00:00+00:00,0.30994996,0.0,0.23395832,Saratov
2020-10-29 00:00:00+00:00,2.0953667,0.08,0.23548333,Saratov
2020-10-30 00:00:00+00:00,5.0349503,1.8799999,0.23663333,Saratov
2020-10-31 00:00:00+00:00,6.9070334,1.0200001,0.23939165,Saratov
2020-11-01 00:00:00+00:00,6.7362,1.8800001,0.24302502,Saratov
2020-11-02 00:00:00+00:00,5.4762,0.58000004,0.246575,Saratov
2020-11-03 00:00:00+00:00,5.2828665,0.76,0.24808332,Saratov
2020-11-04 00:00:00+00:00,5.4895334,0.060000002,0.24883334,Saratov
2020-11-05 00:00:00+00:00,4.4599504,0.44,0.24824166,Saratov
2020-11-06 00:00:00+00:00,5.3712,1.7,0.24880004,Saratov
2020-11-07 00:00:00+00:00,3.60745,1.68,0.25033334,Saratov
2020-11-08 00:00:00+00:00,6.0695333,2.56,0.25208333,Saratov
2020-11-09 00:00:00+00:00,2.7049499,0.22,0.2552,Saratov
2020-11-10 00:00:00+00:00,0.6645333,0.7800001,0.25758338,Saratov
2020-11-11 00:00:00+00:00,-0.27546668,0.36000004,0.25904998,Saratov
2020-11-12 00:00:00+00:00,-0.5275499,0.1,0.25966662,Saratov
2020-11-13 00:00:00+00:00,-0.24380001,0.18,0.26009163,Saratov
2020-11-14 00:00:00+00:00,-1.0663,0.02,0.25979996,Saratov
2020-11-15 00:00:00+00:00,-5.7071333,0.18000002,0.25926664,Saratov
2020-11-16 00:00:00+00:00,-7.8238,0.0,0.25904164,Saratov
2020-11-17 00:00:00+00:00,-7.7862997,0.0,0.2584917,Saratov
2020-11-18 00:00:00+00:00,-7.7154665,0.0,0.25785,Saratov
2020-11-19 00:00:00+00:00,-7.099633,0.0,0.25734162,Saratov
2020-11-20 00:00:00+00:00,-6.0567164,0.0,0.2565833,Saratov
2020-11-21 00:00:00+00:00,-6.3054667,0.0,0.25609165,Saratov
2020-11-22 00:00:00+00:00,-4.8854666,0.0,0.25536665,Saratov
2020-11-23 00:00:00+00:00,-3.0479667,2.4,0.25485834,Saratov
2020-11-24 00:00:00+00:00,-0.62088335,3.6199996,0.254275,Saratov
2020-11-25 00:00:00+00:00,-0.55796665,1.38,0.2538417,Saratov
2020-11-26 00:00:00+00:00,-1.7558835,0.26000002,0.25326666,Saratov
2020-11-27 00:00:00+00:00,-1.3383834,4.3199997,0.2531417,Saratov
2020-11-28 00:00:00+00:00,-0.29963326,0.64000005,0.25329167,Saratov
2020-11-29 00:00:00+00:00,-1.7754666,0.1,0.25443333,Saratov
2020-11-30 00:00:00+00:00,-6.020883,0.0,0.2549167,Saratov
2020-12-01 00:00:00+00:00,-10.308383,0.0,0.25500003,Saratov
2020-12-02 00:00:00+00:00,-15.065466,0.0,0.25461668,Saratov
2020-12-03 00:00:00+00:00,-15.5679655,0.0,0.25425,Saratov
2020-12-04 00:00:00+00:00,-13.101717,0.0,0.253475,Saratov
2020-12-05 00:00:00+00:00,-11.855883,0.0,0.25295836,Saratov
2020-12-06 00:00:00+00:00,-12.6008835,0.0,0.2523667,Saratov
2020-12-07 00:00:00+00:00,-11.6388,0.0,0.251825,Saratov
2020-12-08 00:00:00+00:00,-8.88505,0.0,0.25137502,Saratov
2020-12-09 00:00:00+00:00,-10.237549,0.0,0.25075,Saratov
2020-12-10 00:00:00+00:00,-11.0663,0.0,0.2502417,Saratov
2020-12-11 00:00:00+00:00,-11.872967,0.0,0.24971668,Saratov
2020-12-12 00:00:00+00:00,-10.110467,0.0,0.24906668,Saratov
2020-12-13 00:00:00+00:00,-10.725467,0.0,0.24878332,Saratov
2020-12-14 00:00:00+00:00,-10.825883,0.0,0.24832499,Saratov
2020-12-15 00:00:00+00:00,-9.284216,2.0,0.2479583,Saratov
2020-12-16 00:00:00+00:00,-6.8875504,0.22,0.24761665,Saratov
2020-12-17 00:00:00+00:00,-5.317134,0.120000005,0.24716668,Saratov
2020-12-18 00:00:00+00:00,-1.4063,0.22,0.24679999,Saratov
2020-12-19 00:00:00+00:00,-9.424633,0.50000006,0.24699166,Saratov
2020-12-20 00:00:00+00:00,-12.810883,0.18000002,0.24695,Saratov
2020-12-21 00:00:00+00:00,-13.466299,0.0,0.24668333,Saratov
2020-12-22 00:00:00+00:00,-12.1721325,0.0,0.2466,Saratov
2020-12-23 00:00:00+00:00,-12.395467,0.0,0.24643335,Saratov
2020-12-24 00:00:00+00:00,-11.422966,0.04,0.2462583,Saratov
2020-12-25 00:00:00+00:00,-11.380466,0.64000005,0.24606666,Saratov
2020-12-26 00:00:00+00:00,-6.209216,12.320001,0.24575834,Saratov
2020-12-27 00:00:00+00:00,-2.9688,4.78,0.24560001,Saratov
2020-12-28 00:00:00+00:00,-10.500466,0.0,0.24544168,Saratov
2020-12-29 00:00:00+00:00,-9.207133,0.0,0.24540003,Saratov
2020-12-30 00:00:00+00:00,-9.218383,0.02,0.24511671,Saratov
2020-12-31 00:00:00+00:00,-6.7592173,0.02,0.24489169,Saratov
2021-01-01 00:00:00+00:00,-6.145467,0.04,0.24458337,Saratov
2021-01-02 00:00:00+00:00,-5.9613,1.6600001,0.24440002,Saratov
2021-01-03 00:00:00+00:00,-2.0867167,0.1,0.2442083,Saratov
2021-01-04 00:00:00+00:00,-2.7988,0.0,0.24399999,Saratov
2021-01-05 00:00:00+00:00,-6.49255,0.0,0.24388333,Saratov
2021-01-06 00:00:00+00:00,-10.562134,0.14,0.24364996,Saratov
2021-01-07 00:00:00+00:00,-5.4475503,1.9,0.24339166,Saratov
2021-01-08 00:00:00+00:00,-1.8108833,6.0999994,0.24299999,Saratov
2021-01-09 00:00:00+00:00,-0.41171664,11.9,0.24311665,Saratov
2021-01-10 00:00:00+00:00,-1.2692167,0.28,0.24414162,Saratov
2021-01-11 00:00:00+00:00,-8.445467,0.46000004,0.24559999,Saratov
2021-01-12 00:00:00+00:00,-10.629634,1.2600001,0.24619167,Saratov
2021-01-13 00:00:00+00:00,-10.05505,6.0,0.2464333,Saratov
2021-01-14 00:00:00+00:00,-6.7933836,7.6799994,0.24659999,Saratov
2021-01-15 00:00:00+00:00,-6.712966,9.18,0.24639997,Saratov
2021-01-16 00:00:00+00:00,-8.6425495,1.7799997,0.24637496,Saratov
2021-01-17 00:00:00+00:00,-17.22005,0.0,0.2462,Saratov
2021-01-18 00:00:00+00:00,-19.1888,2.34,0.2462,Saratov
2021-01-19 00:00:00+00:00,-20.570467,0.14,0.24628332,Saratov
2021-01-20 00:00:00+00:00,-21.029633,0.1,0.24648333,Saratov
2021-01-21 00:00:00+00:00,-16.577967,2.38,0.24655834,Saratov
2021-01-22 00:00:00+00:00,-6.6204667,1.6199999,0.24694994,Saratov
2021-01-23 00:00:00+00:00,-0.8767168,0.86,0.24729161,Saratov
2021-01-24 00:00:00+00:00,0.42078334,0.48000002,0.24875829,Saratov
2021-01-25 00:00:00+00:00,-1.6658833,0.3,0.2516083,Saratov
2021-01-26 00:00:00+00:00,-2.2204666,0.16000001,0.2535083,Saratov
2021-01-27 00:00:00+00:00,-3.4975502,0.14000002,0.25484997,Saratov
2021-01-28 00:00:00+00:00,-5.374634,0.26000002,0.2564,Saratov
2021-01-29 00:00:00+00:00,-3.4692166,0.5,0.25711665,Saratov
2021-01-30 00:00:00+00:00,-1.5579667,2.7599998,0.25732496,Saratov
2021-01-31 00:00:00+00:00,-1.8808835,2.12,0.25765,Saratov
2021-02-01 00:00:00+00:00,-1.8212999,5.82,0.25809997,Saratov
2021-02-02 00:00:00+00:00,0.7253666,10.7,0.267,Saratov
2021-02-03 00:00:00+00:00,-0.65629995,1.38,0.28070834,Saratov
2021-02-04 00:00:00+00:00,1.7395332,2.82,0.29571667,Saratov
2021-02-05 00:00:00+00:00,-0.057966698,4.9,0.34078336,Saratov
2021-02-06 00:00:00+00:00,-10.922966,0.26,0.35597503,Saratov
2021-02-07 00:00:00+00:00,-17.3763,0.04,0.35190836,Saratov
2021-02-08 00:00:00+00:00,-18.610466,0.0,0.34785828,Saratov
2021-02-09 00:00:00+00:00,-18.2288,5.06,0.34401664,Saratov
2021-02-10 00:00:00+00:00,-13.077967,4.54,0.3405917,Saratov
2021-02-11 00:00:00+00:00,-8.342549,5.08,0.3375,Saratov
2021-02-12 00:00:00+00:00,-2.5275502,0.73999995,0.33482498,Saratov
2021-02-13 00:00:00+00:00,-4.7142167,1.7,0.33455005,Saratov
2021-02-14 00:00:00+00:00,-12.661716,0.54,0.33369166,Saratov
2021-02-15 00:00:00+00:00,-18.234632,0.0,0.33166665,Saratov
2021-02-16 00:00:00+00:00,-21.88255,0.0,0.3298667,Saratov
2021-02-17 00:00:00+00:00,-20.95755,0.0,0.32804996,Saratov
2021-02-18 00:00:00+00:00,-18.964634,0.08,0.32640833,Saratov
2021-02-19 00:00:00+00:00,-17.030468,0.0,0.3247334,Saratov
2021-02-20 00:00:00+00:00,-18.6013,0.1,0.32335833,Saratov
2021-02-21 00:00:00+00:00,-14.941716,1.6400001,0.32199997,Saratov
2021-02-22 00:00:00+00:00,-15.68255,1.5,0.32077497,Saratov
2021-02-23 00:00:00+00:00,-25.588383,0.0,0.31958336,Saratov
2021-02-24 00:00:00+00:00,-23.004217,0.0,0.3189083,Saratov
2021-02-25 00:00:00+00:00,-14.618799,6.7599998,0.31864166,Saratov
2021-02-26 00:00:00+00:00,-2.744633,3.4,0.3177583,Saratov
2021-02-27 00:00:00+00:00,-0.31713337,1.0,0.3192583,Saratov
2021-02-28 00:00:00+00:00,-11.595467,0.08,0.32425007,Saratov
2021-03-01 00:00:00+00:00,-11.770884,0.0,0.32795832,Saratov
2021-03-02 00:00:00+00:00,-2.8546333,4.44,0.32995,Saratov
2021-03-03 00:00:00+00:00,-3.1654665,0.32,0.33103338,Saratov
2021-03-04 00:00:00+00:00,-1.6188002,0.18,0.33195835,Saratov
2021-03-05 00:00:00+00:00,-1.5317167,1.2,0.3331583,Saratov
2021-03-06 00:00:00+00:00,-6.3133836,0.48000002,0.33507496,Saratov
2021-03-07 00:00:00+00:00,-6.584217,0.82000005,0.33446667,Saratov
2021-03-08 00:00:00+00:00,-2.3508832,1.8800001,0.33375835,Saratov
2021-03-09 00:00:00+00:00,-7.920883,0.28000003,0.3334667,Saratov
2021-03-10 00:00:00+00:00,-13.698382,0.04,0.3326083,Saratov
2021-03-11 00:00:00+00:00,-17.107965,0.0,0.3313583,Saratov
2021-03-12 00:00:00+00:00,-13.7988,0.0,0.33021665,Saratov
2021-03-13 00:00:00+00:00,-10.117966,0.04,0.3292083,Saratov
2021-03-14 00:00:00+00:00,-5.6508837,0.65999997,0.328175,Saratov
2021-03-15 00:00:00+00:00,-4.889634,0.0,0.32727498,Saratov
2021-03-16 00:00:00+00:00,-4.39505,0.1,0.32639167,Saratov
2021-03-17 00:00:00+00:00,-3.689217,2.8799999,0.325675,Saratov
2021-03-18 00:00:00+00:00,-1.5604666,0.76,0.32499164,Saratov
2021-03-19 00:00:00+00:00,-1.3963,0.120000005,0.32542497,Saratov
2021-03-20 00:00:00+00:00,-1.9354664,0.1,0.32599998,Saratov
2021-03-21 00:00:00+00:00,-3.0829668,0.22,0.32669997,Saratov
2021-03-22 00:00:00+00:00,-0.83546656,0.0,0.32704997,Saratov
2021-03-23 00:00:00+00:00,0.080366716,5.5800004,0.32944167,Saratov
2021-03-24 00:00:00+00:00,0.48370004,1.0400001,0.33592498,Saratov
2021-03-25 00:00:00+00:00,-0.113800034,0.0,0.3460917,Saratov
2021-03-26 00:00:00+00:00,-0.37129992,0.0,0.354625,Saratov
2021-03-27 00:00:00+00:00,0.55953336,0.0,0.3637167,Saratov
2021-03-28 00:00:00+00:00,0.67245,3.04,0.37244168,Saratov
2021-03-29 00:00:00+00:00,-0.60088336,1.26,0.37560004,Saratov
2021-03-30 00:00:00+00:00,-1.0783833,0.0,0.37957498,Saratov
2021-03-31 00:00:00+00:00,1.4095333,0.0,0.38535833,Saratov
2021-04-01 00:00:00+00:00,4.3116164,0.0,0.3978167,Saratov
2021-04-02 00:00:00+00:00,5.093283,0.0,0.40123335,Saratov
2021-04-03 00:00:00+00:00,4.7537003,0.64000005,0.39496666,Saratov
2021-04-04 00:00:00+00:00,2.5012,0.84,0.38858333,Saratov
2021-04-05 00:00:00+00:00,3.2957833,0.8,0.3829833,Saratov
2021-04-06 00:00:00+00:00,1.7903668,11.18,0.38224167,Saratov
2021-04-07 00:00:00+00:00,5.571616,0.7,0.3884,Saratov
2021-04-08 00:00:00+00:00,8.701616,3.3,0.39109167,Saratov
2021-04-09 00:00:00+00:00,4.6457834,5.4999995,0.39143333,Saratov
2021-04-10 00:00:00+00:00,7.7099495,2.92,0.38806668,Saratov
2021-04-11 00:00:00+00:00,10.87245,1.6,0.380725,Saratov
2021-04-12 00:00:00+00:00,13.858282,0.0,0.36984167,Saratov
2021-04-13 00:00:00+00:00,13.668699,0.0,0.35494167,Saratov
2021-04-14 00:00:00+00:00,13.751617,0.0,0.34326667,Saratov
2021-04-15 00:00:00+00:00,14.610784,0.0,0.32518333,Saratov
2021-04-16 00:00:00+00:00,14.163701,0.02,0.31979164,Saratov
2021-04-17 00:00:00+00:00,13.402451,2.3200002,0.3045583,Saratov
2021-04-18 00:00:00+00:00,11.2949505,0.7200001,0.295675,Saratov
2021-04-19 00:00:00+00:00,9.132032,2.1799998,0.28743333,Saratov
2021-04-20 00:00:00+00:00,5.6607833,9.839999,0.28672498,Saratov
2021-04-21 00:00:00+00:00,6.3441167,7.7400007,0.30770832,Saratov
2021-04-22 00:00:00+00:00,9.149533,1.5799999,0.31792504,Saratov
2021-04-23 00:00:00+00:00,9.202033,1.24,0.31881666,Saratov
2021-04-24 00:00:00+00:00,8.885366,3.48,0.317375,Saratov
2021-04-25 00:00:00+00:00,5.879117,0.26000002,0.32176667,Saratov
2021-04-26 00:00:00+00:00,8.004534,0.18,0.3186583,Saratov
2021-04-27 00:00:00+00:00,6.8228674,2.08,0.31422502,Saratov
2021-04-28 00:00:00+00:00,5.9853663,0.66,0.31236666,Saratov
2021-04-29 00:00:00+00:00,7.5741167,0.0,0.30775833,Saratov
2021-04-30 00:00:00+00:00,11.6712,0.04,0.300425,Saratov
2021-05-01 00:00:00+00:00,13.481201,4.18,0.29673332,Saratov
2021-05-02 00:00:00+00:00,13.8112,0.060000002,0.29266664,Saratov
2021-05-03 00:00:00+00:00,18.320784,1.72,0.2869417,Saratov
2021-05-04 00:00:00+00:00,13.74245,5.44,0.29140836,Saratov
2021-05-05 00:00:00+00:00,9.283283,0.02,0.28820834,Saratov
2021-05-06 00:00:00+00:00,13.5862,0.0,0.28047496,Saratov
2021-05-07 00:00:00+00:00,14.0062,1.26,0.271075,Saratov
2021-05-08 00:00:00+00:00,15.3362,0.04,0.26456666,Saratov
2021-05-09 00:00:00+00:00,16.7337,3.8,0.25946665,Saratov
2021-05-10 00:00:00+00:00,17.197033,6.04,0.26536664,Saratov
2021-05-11 00:00:00+00:00,11.447451,3.4599998,0.26633334,Saratov
2021-05-12 00:00:00+00:00,14.787867,6.2999997,0.2733333,Saratov
2021-05-13 00:00:00+00:00,18.925365,2.6200001,0.2765833,Saratov
2021-05-14 00:00:00+00:00,22.312866,0.0,0.272025,Saratov
2021-05-15 00:00:00+00:00,23.27995,0.0,0.26084998,Saratov
2021-05-16 00:00:00+00:00,23.799114,0.0,0.24839166,Saratov
2021-05-17 00:00:00+00:00,24.075785,0.0,0.23443334,Saratov
2021-05-18 00:00:00+00:00,24.579117,0.04,0.22529168,Saratov
2021-05-19 00:00:00+00:00,23.678286,0.98,0.21565835,Saratov
2021-05-20 00:00:00+00:00,17.738283,4.2400002,0.21013334,Saratov
2021-05-21 00:00:00+00:00,20.575367,0.08,0.20976667,Saratov
2021-05-22 00:00:00+00:00,23.364117,0.76000005,0.20735833,Saratov
2021-05-23 00:00:00+00:00,23.985785,1.4799999,0.20608333,Saratov
2021-05-24 00:00:00+00:00,21.796616,0.64,0.2055,Saratov
2021-05-25 00:00:00+00:00,18.350784,2.0399997,0.20680833,Saratov
2021-05-26 00:00:00+00:00,18.462452,0.0,0.20453334,Saratov
2021-05-27 00:00:00+00:00,19.103703,0.0,0.20182502,Saratov
2021-05-28 00:00:00+00:00,21.994116,0.0,0.19615833,Saratov
2021-05-29 00:00:00+00:00,22.090784,1.0600001,0.18882498,Saratov
2021-05-30 00:00:00+00:00,22.977451,0.52,0.18551664,Saratov
2021-05-31 00:00:00+00:00,18.662867,1.8399999,0.19363335,Saratov
2021-06-01 00:00:00+00:00,18.149952,0.64,0.20013335,Saratov
2021-06-02 00:00:00+00:00,18.8062,1.8199999,0.19990833,Saratov
2021-06-03 00:00:00+00:00,15.279117,16.76,0.20561667,Saratov
2021-06-04 00:00:00+00:00,14.73995,9.26,0.24271667,Saratov
2021-06-05 00:00:00+00:00,16.189533,4.4,0.2545,Saratov
2021-06-06 00:00:00+00:00,16.865784,3.94,0.26321667,Saratov
2021-06-07 00:00:00+00:00,18.54745,3.22,0.26774997,Saratov
2021-06-08 00:00:00+00:00,19.242868,3.02,0.26883334,Saratov
2021-06-09 00:00:00+00:00,19.818283,3.3200002,0.268375,Saratov
2021-06-10 00:00:00+00:00,19.8112,3.7599998,0.26817498,Saratov
2021-06-11 00:00:00+00:00,19.127449,9.5199995,0.27503332,Saratov
2021-06-12 00:00:00+00:00,19.755367,5.54,0.28254998,Saratov
2021-06-13 00:00:00+00:00,21.129116,2.1399999,0.28264168,Saratov
2021-06-14 00:00:00+00:00,21.081615,5.92,0.2799917,Saratov
2021-06-15 00:00:00+00:00,22.073282,3.5600002,0.30323333,Saratov
2021-06-16 00:00:00+00:00,22.191616,1.5,0.29669166,Saratov
2021-06-17 00:00:00+00:00,21.619116,0.0,0.2860083,Saratov
2021-06-18 00:00:00+00:00,19.179117,0.0,0.27484164,Saratov
2021-06-19 00:00:00+00:00,19.745367,0.0,0.26330835,Saratov
2021-06-20 00:00:00+00:00,23.146198,0.0,0.24829999,Saratov
2021-06-21 00:00:00+00:00,25.521618,0.0,0.23327498,Saratov
2021-06-22 00:00:00+00:00,27.416616,0.0,0.22198334,Saratov
2021-06-23 00:00:00+00:00,27.7862,0.0,0.21381664,Saratov
2021-06-24 00:00:00+00:00,27.298283,0.0,0.20692499,Saratov
2021-06-25 00:00:00+00:00,28.099533,0.0,0.20132503,Saratov
2021-06-26 00:00:00+00:00,28.44245,0.08,0.19758333,Saratov
2021-06-27 00:00:00+00:00,29.0162,0.060000002,0.19201668,Saratov
2021-06-28 00:00:00+00:00,29.277868,0.2,0.19004168,Saratov
2021-06-29 00:00:00+00:00,27.079117,1.3399999,0.18906668,Saratov
2021-06-30 00:00:00+00:00,22.554533,7.6,0.19216666,Saratov
2021-07-01 00:00:00+00:00,21.697033,1.9799999,0.20272501,Saratov
2021-07-02 00:00:00+00:00,22.353283,3.1,0.21010001,Saratov
2021-07-03 00:00:00+00:00,23.611202,0.95999986,0.2090083,Saratov
2021-07-04 00:00:00+00:00,23.721615,5.2400002,0.20811668,Saratov
2021-07-05 00:00:00+00:00,21.936617,0.02,0.21217498,Saratov
2021-07-06 00:00:00+00:00,21.858282,0.0,0.216875,Saratov
2021-07-07 00:00:00+00:00,21.977032,0.0,0.2141,Saratov
2021-07-08 00:00:00+00:00,22.731617,0.0,0.21144998,Saratov
2021-07-09 00:00:00+00:00,25.700367,0.0,0.206525,Saratov
2021-07-10 00:00:00+00:00,26.751617,0.0,0.1999,Saratov
2021-07-11 00:00:00+00:00,25.215368,0.0,0.19399166,Saratov
2021-07-12 00:00:00+00:00,22.3987,0.0,0.19128335,Saratov
2021-07-13 00:00:00+00:00,23.8487,0.0,0.18958333,Saratov
2021-07-14 00:00:00+00:00,25.643698,0.3,0.18516667,Saratov
2021-07-15 00:00:00+00:00,25.569534,0.8,0.18125,Saratov
2021-07-16 00:00:00+00:00,26.599533,0.0,0.17883332,Saratov
2021-07-17 00:00:00+00:00,27.018284,0.3,0.17600834,Saratov
2021-07-18 00:00:00+00:00,28.267035,0.0,0.17829165,Saratov
2021-07-19 00:00:00+00:00,29.24995,0.0,0.17619999,Saratov
2021-07-20 00:00:00+00:00,27.969116,1.9199998,0.17415002,Saratov
2021-07-21 00:00:00+00:00,27.045782,1.86,0.17715833,Saratov
2021-07-22 00:00:00+00:00,22.849533,0.44,0.180775,Saratov
2021-07-23 00:00:00+00:00,20.805368,0.0,0.19076666,Saratov
2021-07-24 00:00:00+00:00,20.727451,0.04,0.20144168,Saratov
2021-07-25 00:00:00+00:00,20.18995,0.0,0.20024166,Saratov
2021-07-26 00:00:00+00:00,20.518284,0.0,0.19787502,Saratov
2021-07-27 00:00:00+00:00,22.120367,0.02,0.19815001,Saratov
2021-07-28 00:00:00+00:00,23.38245,0.0,0.19325835,Saratov
2021-07-29 00:00:00+00:00,24.248283,0.44,0.1934583,Saratov
2021-07-30 00:00:00+00:00,25.682034,2.1,0.18925002,Saratov
2021-07-31 00:00:00+00:00,24.76995,1.96,0.18666668,Saratov
2021-08-01 00:00:00+00:00,26.015783,0.04,0.18296666,Saratov
2021-08-02 00:00:00+00:00,28.3287,0.0,0.180175,Saratov
2021-08-03 00:00:00+00:00,28.791199,1.9200001,0.17857501,Saratov
2021-08-04 00:00:00+00:00,24.876198,1.9799999,0.17882498,Saratov
2021-08-05 00:00:00+00:00,22.642033,0.0,0.17490833,Saratov
2021-08-06 00:00:00+00:00,23.22495,0.0,0.17715003,Saratov
2021-08-07 00:00:00+00:00,24.702034,0.0,0.17625001,Saratov
2021-08-08 00:00:00+00:00,26.737865,0.0,0.17315833,Saratov
2021-08-09 00:00:00+00:00,27.270782,0.0,0.17270835,Saratov
2021-08-10 00:00:00+00:00,27.49245,0.0,0.17136668,Saratov
2021-08-11 00:00:00+00:00,28.5862,0.0,0.17169167,Saratov
2021-08-12 00:00:00+00:00,29.178284,0.0,0.16996665,Saratov
2021-08-13 00:00:00+00:00,26.831615,5.1600003,0.16694166,Saratov
2021-08-14 00:00:00+00:00,24.157034,8.099998,0.20468335,Saratov
2021-08-15 00:00:00+00:00,24.893284,0.1,0.20664999,Saratov
2021-08-16 00:00:00+00:00,25.628284,1.6,0.20329168,Saratov
2021-08-17 00:00:00+00:00,25.91953,0.3,0.20473333,Saratov
2021-08-18 00:00:00+00:00,27.656616,0.0,0.20071666,Saratov
2021-08-19 00:00:00+00:00,29.357868,0.0,0.19705832,Saratov
2021-08-20 00:00:00+00:00,28.774952,0.0,0.19369999,Saratov
2021-08-21 00:00:00+00:00,27.321619,0.72,0.193575,Saratov
2021-08-22 00:00:00+00:00,25.286617,0.28,0.19592497,Saratov
2021-08-23 00:00:00+00:00,23.407036,2.24,0.19730833,Saratov
2021-08-24 00:00:00+00:00,21.802032,1.56,0.20835833,Saratov
2021-08-25 00:00:00+00:00,20.277035,0.0,0.21361668,Saratov
2021-08-26 00:00:00+00:00,20.574533,0.0,0.21094999,Saratov
2021-08-27 00:00:00+00:00,20.9812,0.04,0.20900002,Saratov
2021-08-28 00:00:00+00:00,19.157032,0.14000002,0.20395,Saratov
2021-08-29 00:00:00+00:00,18.455366,0.0,0.20098336,Saratov
2021-08-30 00:00:00+00:00,19.138283,0.0,0.19870833,Saratov
2021-08-31 00:00:00+00:00,21.321201,0.0,0.19819167,Saratov
2021-09-01 00:00:00+00:00,22.182034,1.2,0.19653334,Saratov
2021-09-02 00:00:00+00:00,18.682034,6.2,0.197625,Saratov
2021-09-03 00:00:00+00:00,14.292868,23.42,0.23771667,Saratov
2021-09-04 00:00:00+00:00,11.72995,0.7,0.2509333,Saratov
2021-09-05 00:00:00+00:00,10.494116,0.24000001,0.25973332,Saratov
2021-09-06 00:00:00+00:00,10.007033,0.32,0.261275,Saratov
2021-09-07 00:00:00+00:00,10.302867,0.08,0.25928333,Saratov
2021-09-08 00:00:00+00:00,13.322866,0.0,0.25735,Saratov
2021-09-09 00:00:00+00:00,15.460367,0.060000002,0.25460833,Saratov
2021-09-10 00:00:00+00:00,18.168283,0.04,0.24936667,Saratov
2021-09-11 00:00:00+00:00,14.637034,0.08,0.24364164,Saratov
2021-09-12 00:00:00+00:00,16.4162,0.060000002,0.24062498,Saratov
2021-09-13 00:00:00+00:00,18.249533,0.02,0.23499997,Saratov
2021-09-14 00:00:00+00:00,19.1162,0.3,0.23019166,Saratov
2021-09-15 00:00:00+00:00,14.2237,0.32,0.22774999,Saratov
2021-09-16 00:00:00+00:00,9.979116,1.58,0.22766666,Saratov
2021-09-17 00:00:00+00:00,9.137033,0.08,0.23045003,Saratov
2021-09-18 00:00:00+00:00,9.056199,0.08,0.23065832,Saratov
2021-09-19 00:00:00+00:00,9.207867,0.58000004,0.23102498,Saratov
2021-09-20 00:00:00+00:00,9.597033,6.4600005,0.23722498,Saratov
2021-09-21 00:00:00+00:00,12.650783,5.86,0.24373332,Saratov
2021-09-22 00:00:00+00:00,12.340366,6.660001,0.2564083,Saratov
2021-09-23 00:00:00+00:00,10.6712,4.5800004,0.27108333,Saratov
2021-09-24 00:00:00+00:00,10.112867,5.4800005,0.288725,Saratov
2021-09-25 00:00:00+00:00,10.745783,0.060000002,0.30588332,Saratov
2021-09-26 00:00:00+00:00,10.465783,8.119999,0.31423333,Saratov
2021-09-27 00:00:00+00:00,10.130783,4.22,0.33561665,Saratov
2021-09-28 00:00:00+00:00,7.281617,0.18,0.34053335,Saratov
2021-09-29 00:00:00+00:00,6.2274504,0.0,0.34195003,Saratov
2021-09-30 00:00:00+00:00,7.0545335,0.08,0.33994165,Saratov
2021-10-01 00:00:00+00:00,8.16745,0.0,0.33537495,Saratov
2021-10-02 00:00:00+00:00,9.444117,0.02,0.33103332,Saratov
2021-10-03 00:00:00+00:00,8.77245,0.08,0.32768336,Saratov
2021-10-04 00:00:00+00:00,8.61495,0.02,0.32478333,Saratov
2021-10-05 00:00:00+00:00,5.79745,0.0,0.32086664,Saratov
2021-10-06 00:00:00+00:00,4.6862,0.0,0.3167833,Saratov
2021-10-07 00:00:00+00:00,5.0537004,0.0,0.31014168,Saratov
2021-10-08 00:00:00+00:00,4.925783,0.0,0.3031083,Saratov
2021-10-09 00:00:00+00:00,6.018283,0.0,0.29539996,Saratov
2021-10-10 00:00:00+00:00,6.042033,0.0,0.28534168,Saratov
2021-10-11 00:00:00+00:00,7.2374496,0.0,0.27630004,Saratov
2021-10-12 00:00:00+00:00,9.368283,0.0,0.26924166,Saratov
2021-10-13 00:00:00+00:00,10.6137,0.1,0.26215836,Saratov
2021-10-14 00:00:00+00:00,10.0537,0.9,0.25666666,Saratov
2021-10-15 00:00:00+00:00,8.123701,0.04,0.25458336,Saratov
2021-10-16 00:00:00+00:00,6.7162004,0.2,0.2531333,Saratov
2021-10-17 00:00:00+00:00,8.816616,1.18,0.25145,Saratov
2021-10-18 00:00:00+00:00,8.913282,0.78000003,0.24976663,Saratov
2021-10-19 00:00:00+00:00,4.7487,1.54,0.24999997,Saratov
2021-10-20 00:00:00+00:00,3.118283,0.18,0.25101668,Saratov
2021-10-21 00:00:00+00:00,6.5257835,2.8,0.25275,Saratov
2021-10-22 00:00:00+00:00,11.28495,0.0,0.25516668,Saratov
2021-10-23 00:00:00+00:00,10.877033,2.8600001,0.25605834,Saratov
2021-10-24 00:00:00+00:00,6.5236998,0.76000005,0.25782502,Saratov
2021-10-25 00:00:00+00:00,2.09745,0.70000005,0.2616333,Saratov
2021-10-26 00:00:00+00:00,0.61869997,0.0,0.26530004,Saratov
2021-10-27 00:00:00+00:00,2.9770334,0.0,0.2649666,Saratov
2021-10-28 00:00:00+00:00,4.7487,1.0600001,0.26295835,Saratov
2021-10-29 00:00:00+00:00,5.791617,0.36,0.26361665,Saratov
2021-10-30 00:00:00+00:00,5.9557834,0.0,0.26375833,Saratov
2021-10-31 00:00:00+00:00,5.8470335,0.0,0.26239166,Saratov
2021-11-01 00:00:00+00:00,5.438283,0.0,0.25870836,Saratov
2021-11-02 00:00:00+00:00,5.927867,0.0,0.2569333,Saratov
2021-11-03 00:00:00+00:00,4.6112,0.34,0.25631666,Saratov
2021-11-04 00:00:00+00:00,2.6970334,1.6599998,0.25588334,Saratov
2021-11-05 00:00:00+00:00,3.79245,0.08,0.25490832,Saratov
2021-11-06 00:00:00+00:00,5.15745,2.76,0.25393328,Saratov
2021-11-07 00:00:00+00:00,4.940783,1.7999998,0.25590003,Saratov
2021-11-08 00:00:00+00:00,5.4062,0.68,0.25870833,Saratov
2021-11-09 00:00:00+00:00,5.102866,1.5799998,0.2617417,Saratov
2021-11-10 00:00:00+00:00,-1.9658833,0.060000002,0.26690832,Saratov
2021-11-11 00:00:00+00:00,-2.3888001,0.43999997,0.26870003,Saratov
2021-11-12 00:00:00+00:00,0.63161665,1.76,0.26971665,Saratov
2021-11-13 00:00:00+00:00,2.1953666,0.48000002,0.27062505,Saratov
2021-11-14 00:00:00+00:00,1.1587001,1.72,0.27135003,Saratov
2021-11-15 00:00:00+00:00,-1.2342167,2.1599998,0.27186665,Saratov
2021-11-16 00:00:00+00:00,-3.5888,0.0,0.27185833,Saratov
2021-11-17 00:00:00+00:00,-2.2129664,0.22,0.27215832,Saratov
2021-11-18 00:00:00+00:00,-2.4092166,0.0,0.27224165,Saratov
2021-11-19 00:00:00+00:00,-2.0267165,1.32,0.27225834,Saratov
2021-11-20 00:00:00+00:00,0.7282834,7.5199995,0.27251667,Saratov
2021-11-21 00:00:00+00:00,1.3216166,1.7,0.27656668,Saratov
2021-11-22 00:00:00+00:00,1.0828667,4.6800003,0.2852083,Saratov
2021-11-23 00:00:00+00:00,-4.9633837,0.0,0.29244995,Saratov
2021-11-24 00:00:00+00:00,-7.146716,0.060000002,0.29452503,Saratov
2021-11-25 00:00:00+00:00,-1.5167167,0.32,0.29517502,Saratov
2021-11-26 00:00:00+00:00,-0.7667167,0.0,0.2952167,Saratov
2021-11-27 00:00:00+00:00,-0.75463337,0.54,0.2948417,Saratov
2021-11-28 00:00:00+00:00,0.71911657,3.4199996,0.29525834,Saratov
2021-11-29 00:00:00+00:00,2.9241166,7.8600006,0.30533332,Saratov
2021-11-30 00:00:00+00:00,4.3349504,9.999999,0.34218332,Saratov
2021-12-01 00:00:00+00:00,-0.22296664,4.56,0.35081667,Saratov
2021-12-02 00:00:00+00:00,-1.6829666,0.7200001,0.34937504,Saratov
2021-12-03 00:00:00+00:00,2.6895332,1.0200001,0.346375,Saratov
2021-12-04 00:00:00+00:00,2.400783,6.4,0.3494917,Saratov
2021-12-05 00:00:00+00:00,-2.6817164,3.5800004,0.35474163,Saratov
2021-12-06 00:00:00+00:00,-4.6196337,0.060000002,0.35196668,Saratov
2021-12-07 00:00:00+00:00,-4.7500505,0.0,0.34794998,Saratov
2021-12-08 00:00:00+00:00,0.2178667,0.3,0.344575,Saratov
2021-12-09 00:00:00+00:00,-0.98963326,0.26000002,0.3420083,Saratov
2021-12-10 00:00:00+00:00,-1.6871334,0.24000001,0.3394584,Saratov
2021-12-11 00:00:00+00:00,-5.0213003,0.0,0.3367833,Saratov
2021-12-12 00:00:00+00:00,-7.870883,0.0,0.33418337,Saratov
2021-12-13 00:00:00+00:00,-6.7533827,0.0,0.33170003,Saratov
2021-12-14 00:00:00+00:00,-4.620883,0.1,0.32932502,Saratov
2021-12-15 00:00:00+00:00,-2.5354667,0.46000004,0.32709998,Saratov
2021-12-16 00:00:00+00:00,-2.0492167,0.2,0.32505006,Saratov
2021-12-17 00:00:00+00:00,-1.23255,3.3200002,0.323175,Saratov
2021-12-18 00:00:00+00:00,-1.6550499,6.9800005,0.32147497,Saratov
2021-12-19 00:00:00+00:00,-2.5537999,4.1800003,0.31989998,Saratov
2021-12-20 00:00:00+00:00,-0.96671665,2.4199996,0.31851673,Saratov
2021-12-21 00:00:00+00:00,-8.603383,0.26000002,0.31804997,Saratov
2021-12-22 00:00:00+00:00,-16.4063,0.94000006,0.31754166,Saratov
2021-12-23 00:00:00+00:00,-21.194218,0.04,0.31657496,Saratov
2021-12-24 00:00:00+00:00,-19.010883,0.0,0.31538332,Saratov
2021-12-25 00:00:00+00:00,-7.577133,8.68,0.31409168,Saratov
2021-12-26 00:00:00+00:00,-10.029217,3.5,0.31288335,Saratov
2021-12-27 00:00:00+00:00,-13.615883,0.04,0.31177497,Saratov
2021-12-28 00:00:00+00:00,-16.518383,0.0,0.310675,Saratov
2021-12-29 00:00:00+00:00,-16.356716,4.4,0.3096,Saratov
2021-12-30 00:00:00+00:00,-9.613383,2.16,0.3086167,Saratov
2021-12-31 00:00:00+00:00,-5.3129663,2.0400002,0.30765003,Saratov
2020-01-01 00:00:00+00:00,-5.0736833,1.3000001,0.24665003,Altai
2020-01-02 00:00:00+00:00,-3.6061833,0.74,0.24625,Altai
2020-01-03 00:00:00+00:00,-4.807017,0.14000002,0.246,Altai
2020-01-04 00:00:00+00:00,-5.99535,0.14,0.24580002,Altai
2020-01-05 00:00:00+00:00,-6.1907663,0.0,0.24575002,Altai
2020-01-06 00:00:00+00:00,-10.504099,0.0,0.24563332,Altai
2020-01-07 00:00:00+00:00,-13.7416,0.04,0.24553335,Altai
2020-01-08 00:00:00+00:00,-14.601601,0.22000003,0.24519166,Altai
2020-01-09 00:00:00+00:00,-16.414516,0.0,0.24484162,Altai
2020-01-10 00:00:00+00:00,-17.71035,0.0,0.24460828,Altai
2020-01-11 00:00:00+00:00,-17.116602,0.0,0.24444997,Altai
2020-01-12 00:00:00+00:00,-11.369934,0.42000002,0.243925,Altai
2020-01-13 00:00:00+00:00,-10.197433,0.7400001,0.24354999,Altai
2020-01-14 00:00:00+00:00,-9.925766,0.16,0.24340001,Altai
2020-01-15 00:00:00+00:00,-6.1749334,1.1000001,0.24340001,Altai
2020-01-16 00:00:00+00:00,-7.3966002,0.9000001,0.24319999,Altai
2020-01-17 00:00:00+00:00,-6.5866,8.76,0.24290833,Altai
2020-01-18 00:00:00+00:00,-6.49535,2.56,0.24268337,Altai
2020-01-19 00:00:00+00:00,-6.771184,3.9999995,0.24260001,Altai
2020-01-20 00:00:00+00:00,-17.747852,0.1,0.24246669,Altai
2020-01-21 00:00:00+00:00,-13.29035,1.6599998,0.24199998,Altai
2020-01-22 00:00:00+00:00,-8.080767,2.2400002,0.24171667,Altai
2020-01-23 00:00:00+00:00,-3.9286835,2.96,0.24167499,Altai
2020-01-24 00:00:00+00:00,-1.1536833,0.86,0.24159999,Altai
2020-01-25 00:00:00+00:00,-2.64785,3.6599998,0.24159999,Altai
2020-01-26 00:00:00+00:00,-9.787017,0.54,0.24155,Altai
2020-01-27 00:00:00+00:00,-4.9374332,2.0400002,0.2414,Altai
2020-01-28 00:00:00+00:00,-5.2066,3.8200002,0.24116668,Altai
2020-01-29 00:00:00+00:00,-15.944934,0.74000007,0.24080834,Altai
2020-01-30 00:00:00+00:00,-21.75327,0.0,0.24049167,Altai
2020-01-31 00:00:00+00:00,-21.478268,0.0,0.2404,Altai
2020-02-01 00:00:00+00:00,-18.5241,0.0,0.24028334,Altai
2020-02-02 00:00:00+00:00,-15.123683,0.0,0.24020001,Altai
2020-02-03 00:00:00+00:00,-7.362849,0.32,0.240025,Altai
2020-02-04 00:00:00+00:00,-4.5582666,0.44,0.23969166,Altai
2020-02-05 00:00:00+00:00,-4.6082664,0.02,0.23959999,Altai
2020-02-06 00:00:00+00:00,-2.4145167,0.64000005,0.2395,Altai
2020-02-07 00:00:00+00:00,-2.3732667,1.5200001,0.23937497,Altai
2020-02-08 00:00:00+00:00,2.4938166,0.62,0.23928332,Altai
2020-02-09 00:00:00+00:00,1.9792331,6.6399994,0.24155834,Altai
2020-02-10 00:00:00+00:00,-8.46035,2.9999995,0.24657503,Altai
2020-02-11 00:00:00+00:00,-17.2741,0.64,0.24867502,Altai
2020-02-12 00:00:00+00:00,-17.015766,0.0,0.24938336,Altai
2020-02-13 00:00:00+00:00,-11.517434,0.0,0.24960002,Altai
2020-02-14 00:00:00+00:00,-7.929517,0.0,0.24965003,Altai
2020-02-15 00:00:00+00:00,-8.317017,0.0,0.24960002,Altai
2020-02-16 00:00:00+00:00,-7.9207673,0.28,0.2495,Altai
2020-02-17 00:00:00+00:00,-5.2641,0.44,0.24940002,Altai
2020-02-18 00:00:00+00:00,-7.4524336,1.22,0.24925835,Altai
2020-02-19 00:00:00+00:00,-4.9903502,4.92,0.2490417,Altai
2020-02-20 00:00:00+00:00,-3.6224332,1.9200001,0.24900003,Altai
2020-02-21 00:00:00+00:00,-4.5036836,0.02,0.24886665,Altai
2020-02-22 00:00:00+00:00,-4.576183,7.1200004,0.24884167,Altai
2020-02-23 00:00:00+00:00,-4.8032665,2.06,0.24885833,Altai
2020-02-24 00:00:00+00:00,-6.42285,0.24000004,0.249,Altai
2020-02-25 00:00:00+00:00,-8.919516,0.0,0.2488,Altai
2020-02-26 00:00:00+00:00,-8.303683,0.22,0.24879165,Altai
2020-02-27 00:00:00+00:00,-1.3553499,6.6,0.24866661,Altai
2020-02-28 00:00:00+00:00,-1.4670167,1.0800002,0.24889997,Altai
2020-02-29 00:00:00+00:00,-1.6278499,0.42,0.24921665,Altai
2020-03-01 00:00:00+00:00,-2.0707664,0.0,0.2496833,Altai
2020-03-02 00:00:00+00:00,-1.2328498,0.08,0.24974164,Altai
2020-03-03 00:00:00+00:00,-2.0832667,1.9400002,0.24960831,Altai
2020-03-04 00:00:00+00:00,-3.1882668,1.1400001,0.24944997,Altai
2020-03-05 00:00:00+00:00,-3.7686832,0.68,0.2492083,Altai
2020-03-06 00:00:00+00:00,-9.599516,1.2799999,0.24917498,Altai
2020-03-07 00:00:00+00:00,-14.304517,0.3,0.2488083,Altai
2020-03-08 00:00:00+00:00,-7.0266,2.86,0.24876662,Altai
2020-03-09 00:00:00+00:00,-3.2657666,2.74,0.24859993,Altai
2020-03-10 00:00:00+00:00,-5.6266,1.7399995,0.24848327,Altai
2020-03-11 00:00:00+00:00,-8.552016,0.0,0.24823329,Altai
2020-03-12 00:00:00+00:00,-5.5774336,0.0,0.2481583,Altai
2020-03-13 00:00:00+00:00,-4.1195164,0.0,0.2478333,Altai
2020-03-14 00:00:00+00:00,0.31673327,0.2,0.24779996,Altai
2020-03-15 00:00:00+00:00,3.6609,0.43999997,0.24900833,Altai
2020-03-16 00:00:00+00:00,1.6475666,0.120000005,0.265025,Altai
2020-03-17 00:00:00+00:00,2.4683998,1.1,0.283225,Altai
2020-03-18 00:00:00+00:00,-0.73618335,0.82,0.30406666,Altai
2020-03-19 00:00:00+00:00,-1.2224333,0.08,0.309125,Altai
2020-03-20 00:00:00+00:00,0.18715003,0.0,0.31039166,Altai
2020-03-21 00:00:00+00:00,3.7338166,2.04,0.32304996,Altai
2020-03-22 00:00:00+00:00,0.5463166,1.9399998,0.35760832,Altai
2020-03-23 00:00:00+00:00,-5.855767,0.0,0.357175,Altai
2020-03-24 00:00:00+00:00,-9.341184,0.04,0.35060006,Altai
2020-03-25 00:00:00+00:00,-7.593683,0.0,0.34494165,Altai
2020-03-26 00:00:00+00:00,-4.0428495,0.0,0.340275,Altai
2020-03-27 00:00:00+00:00,0.5909001,1.2,0.33690003,Altai
2020-03-28 00:00:00+00:00,-1.0620167,1.86,0.33513328,Altai
2020-03-29 00:00:00+00:00,-1.0957668,0.24000001,0.33326668,Altai
2020-03-30 00:00:00+00:00,0.13673332,0.0,0.33419168,Altai
2020-03-31 00:00:00+00:00,1.9396502,0.0,0.33839163,Altai
2020-04-01 00:00:00+00:00,3.9692333,0.0,0.343575,Altai
2020-04-02 00:00:00+00:00,8.06715,0.65999997,0.3534,Altai
2020-04-03 00:00:00+00:00,5.5396504,0.32,0.36604166,Altai
2020-04-04 00:00:00+00:00,3.1871498,0.0,0.35996667,Altai
2020-04-05 00:00:00+00:00,5.4709,0.0,0.35095003,Altai
2020-04-06 00:00:00+00:00,6.8346496,0.08,0.34636664,Altai
2020-04-07 00:00:00+00:00,10.270067,0.04,0.34795836,Altai
2020-04-08 00:00:00+00:00,3.0154834,2.36,0.34237498,Altai
2020-04-09 00:00:00+00:00,1.4779834,4.6,0.33694172,Altai
2020-04-10 00:00:00+00:00,2.4717336,0.58000004,0.33230832,Altai
2020-04-11 00:00:00+00:00,4.1754827,0.0,0.32839167,Altai
2020-04-12 00:00:00+00:00,5.9300666,0.02,0.32203335,Altai
2020-04-13 00:00:00+00:00,7.06715,0.84000003,0.3179417,Altai
2020-04-14 00:00:00+00:00,8.432983,0.02,0.31104168,Altai
2020-04-15 00:00:00+00:00,6.0113163,3.02,0.30565834,Altai
2020-04-16 00:00:00+00:00,8.03965,0.17999999,0.29853338,Altai
2020-04-17 00:00:00+00:00,9.9284,0.0,0.28606668,Altai
2020-04-18 00:00:00+00:00,10.17965,0.0,0.27030003,Altai
2020-04-19 00:00:00+00:00,11.1884,0.0,0.25659168,Altai
2020-04-20 00:00:00+00:00,13.610483,0.0,0.24186668,Altai
2020-04-21 00:00:00+00:00,14.737567,0.0,0.22910829,Altai
2020-04-22 00:00:00+00:00,17.6509,0.0,0.21776669,Altai
2020-04-23 00:00:00+00:00,20.337149,0.04,0.20789166,Altai
2020-04-24 00:00:00+00:00,20.276731,0.22,0.20030832,Altai
2020-04-25 00:00:00+00:00,10.499651,1.8800001,0.19579168,Altai
2020-04-26 00:00:00+00:00,10.412149,0.3,0.19678335,Altai
2020-04-27 00:00:00+00:00,14.046735,0.02,0.19505832,Altai
2020-04-28 00:00:00+00:00,20.225065,0.14000002,0.18834165,Altai
2020-04-29 00:00:00+00:00,18.723816,0.8,0.18599167,Altai
2020-04-30 00:00:00+00:00,15.196733,1.6,0.18414167,Altai
2020-05-01 00:00:00+00:00,14.7313175,0.3,0.18763332,Altai
2020-05-02 00:00:00+00:00,13.788401,0.04,0.18725002,Altai
2020-05-03 00:00:00+00:00,16.579233,1.0,0.18448333,Altai
2020-05-04 00:00:00+00:00,6.876317,7.0,0.18878336,Altai
2020-05-05 00:00:00+00:00,5.63465,1.18,0.19820002,Altai
2020-05-06 00:00:00+00:00,9.5709,0.060000002,0.20653336,Altai
2020-05-07 00:00:00+00:00,14.707983,0.08,0.20790835,Altai
2020-05-08 00:00:00+00:00,15.184649,0.0,0.20211668,Altai
2020-05-09 00:00:00+00:00,16.384232,0.0,0.19335833,Altai
2020-05-10 00:00:00+00:00,20.044651,0.0,0.18894167,Altai
2020-05-11 00:00:00+00:00,21.5134,0.08,0.1863,Altai
2020-05-12 00:00:00+00:00,21.31965,0.060000002,0.17945835,Altai
2020-05-13 00:00:00+00:00,22.418814,0.0,0.17755835,Altai
2020-05-14 00:00:00+00:00,22.40715,0.08,0.17668334,Altai
2020-05-15 00:00:00+00:00,21.787567,0.04,0.18021664,Altai
2020-05-16 00:00:00+00:00,18.601316,0.060000002,0.17855833,Altai
2020-05-17 00:00:00+00:00,21.152151,0.0,0.18351667,Altai
2020-05-18 00:00:00+00:00,22.477983,0.0,0.18193331,Altai
2020-05-19 00:00:00+00:00,21.470066,0.98,0.18092503,Altai
2020-05-20 00:00:00+00:00,16.968401,4.28,0.17925002,Altai
2020-05-21 00:00:00+00:00,15.435068,4.1400003,0.18349166,Altai
2020-05-22 00:00:00+00:00,15.681735,1.96,0.19450834,Altai
2020-05-23 00:00:00+00:00,17.965067,0.1,0.19176665,Altai
2020-05-24 00:00:00+00:00,19.767149,0.04,0.18607502,Altai
2020-05-25 00:00:00+00:00,22.842152,0.02,0.18395832,Altai
2020-05-26 00:00:00+00:00,24.491734,0.14000002,0.18371665,Altai
2020-05-27 00:00:00+00:00,12.669649,0.5,0.18333332,Altai
2020-05-28 00:00:00+00:00,13.137149,0.0,0.1884583,Altai
2020-05-29 00:00:00+00:00,17.271317,0.38,0.18705,Altai
2020-05-30 00:00:00+00:00,18.060066,0.120000005,0.18326665,Altai
2020-05-31 00:00:00+00:00,19.9284,0.0,0.18410833,Altai
2020-06-01 00:00:00+00:00,23.395065,0.04,0.179725,Altai
2020-06-02 00:00:00+00:00,20.119232,2.1,0.17810833,Altai
2020-06-03 00:00:00+00:00,15.137566,0.0,0.17927502,Altai
2020-06-04 00:00:00+00:00,13.527565,0.24000001,0.18634167,Altai
2020-06-05 00:00:00+00:00,9.911734,4.5199995,0.186625,Altai
2020-06-06 00:00:00+00:00,11.427149,1.16,0.18734166,Altai
2020-06-07 00:00:00+00:00,16.409233,0.54,0.18672498,Altai
2020-06-08 00:00:00+00:00,19.751316,0.42000002,0.18469164,Altai
2020-06-09 00:00:00+00:00,16.176731,3.3,0.18634164,Altai
2020-06-10 00:00:00+00:00,16.040483,0.56000006,0.19051668,Altai
2020-06-11 00:00:00+00:00,18.062567,0.0,0.18805,Altai
2020-06-12 00:00:00+00:00,21.6259,0.02,0.18323335,Altai
2020-06-13 00:00:00+00:00,24.565899,0.120000005,0.18318334,Altai
2020-06-14 00:00:00+00:00,20.246733,5.52,0.18473332,Altai
2020-06-15 00:00:00+00:00,15.086316,0.120000005,0.18433332,Altai
2020-06-16 00:00:00+00:00,16.216732,0.22,0.18529168,Altai
2020-06-17 00:00:00+00:00,20.100067,0.48000002,0.18187502,Altai
2020-06-18 00:00:00+00:00,17.355482,6.5,0.182025,Altai
2020-06-19 00:00:00+00:00,12.657149,6.46,0.18901667,Altai
2020-06-20 00:00:00+00:00,10.4934,6.5,0.21097498,Altai
2020-06-21 00:00:00+00:00,12.681317,0.62,0.224225,Altai
2020-06-22 00:00:00+00:00,16.891317,0.0,0.22254166,Altai
2020-06-23 00:00:00+00:00,19.796316,0.0,0.21169999,Altai
2020-06-24 00:00:00+00:00,21.925482,0.060000002,0.20078334,Altai
2020-06-25 00:00:00+00:00,21.900066,0.120000005,0.19550002,Altai
2020-06-26 00:00:00+00:00,23.218819,0.35999998,0.18931668,Altai
2020-06-27 00:00:00+00:00,24.779232,0.04,0.18715003,Altai
2020-06-28 00:00:00+00:00,17.416317,0.060000002,0.18675,Altai
2020-06-29 00:00:00+00:00,20.7834,0.060000002,0.18806666,Altai
2020-06-30 00:00:00+00:00,22.52215,0.1,0.18600002,Altai
2020-07-01 00:00:00+00:00,20.587566,1.1,0.18258335,Altai
2020-07-02 00:00:00+00:00,20.500898,4.02,0.17970833,Altai
2020-07-03 00:00:00+00:00,23.02215,0.66,0.17859168,Altai
2020-07-04 00:00:00+00:00,21.2734,1.22,0.17614996,Altai
2020-07-05 00:00:00+00:00,19.836735,3.64,0.17719164,Altai
2020-07-06 00:00:00+00:00,19.477982,7.8599997,0.18628332,Altai
2020-07-07 00:00:00+00:00,20.18965,3.04,0.19155,Altai
2020-07-08 00:00:00+00:00,20.581316,1.02,0.19449167,Altai
2020-07-09 00:00:00+00:00,23.078817,0.78000003,0.19609165,Altai
2020-07-10 00:00:00+00:00,20.249233,16.42,0.20825,Altai
2020-07-11 00:00:00+00:00,17.917566,1.04,0.2329,Altai
2020-07-12 00:00:00+00:00,20.567984,0.48000002,0.2269083,Altai
2020-07-13 00:00:00+00:00,19.461733,2.3600001,0.22055836,Altai
2020-07-14 00:00:00+00:00,21.173399,0.87999994,0.21872501,Altai
2020-07-15 00:00:00+00:00,21.205067,0.04,0.21184163,Altai
2020-07-16 00:00:00+00:00,21.190483,0.0,0.20464167,Altai
2020-07-17 00:00:00+00:00,25.505484,0.0,0.19738333,Altai
2020-07-18 00:00:00+00:00,23.477982,0.0,0.1905917,Altai
2020-07-19 00:00:00+00:00,23.092566,0.0,0.18550834,Altai
2020-07-20 00:00:00+00:00,24.726732,0.02,0.18099165,Altai
2020-07-21 00:00:00+00:00,21.877983,1.6999998,0.17785,Altai
2020-07-22 00:00:00+00:00,19.749651,0.060000002,0.17833333,Altai
2020-07-23 00:00:00+00:00,19.918816,0.2,0.17957501,Altai
2020-07-24 00:00:00+00:00,21.291733,5.78,0.18046667,Altai
2020-07-25 00:00:00+00:00,20.595484,7.5600004,0.18597499,Altai
2020-07-26 00:00:00+00:00,18.665066,4.8599997,0.19570833,Altai
2020-07-27 00:00:00+00:00,19.055065,1.6200001,0.20048335,Altai
2020-07-28 00:00:00+00:00,19.294231,3.4600003,0.19959167,Altai
2020-07-29 00:00:00+00:00,17.896732,10.26,0.20575002,Altai
2020-07-30 00:00:00+00:00,16.080067,5.52,0.22200832,Altai
2020-07-31 00:00:00+00:00,17.5659,1.64,0.22294167,Altai
2020-08-01 00:00:00+00:00,19.5384,0.04,0.217725,Altai
2020-08-02 00:00:00+00:00,21.34965,0.0,0.20751667,Altai
2020-08-03 00:00:00+00:00,22.240065,0.0,0.19992498,Altai
2020-08-04 00:00:00+00:00,23.006315,0.0,0.19417499,Altai
2020-08-05 00:00:00+00:00,21.909231,0.0,0.19127499,Altai
2020-08-06 00:00:00+00:00,22.040483,0.0,0.18964164,Altai
2020-08-07 00:00:00+00:00,21.037983,0.67999995,0.18917498,Altai
2020-08-08 00:00:00+00:00,21.375067,0.34,0.185675,Altai
2020-08-09 00:00:00+00:00,23.310482,0.0,0.18180831,Altai
2020-08-10 00:00:00+00:00,23.55132,0.64,0.18079999,Altai
2020-08-11 00:00:00+00:00,23.501318,1.86,0.17847502,Altai
2020-08-12 00:00:00+00:00,21.880901,1.3399999,0.17859998,Altai
2020-08-13 00:00:00+00:00,19.316319,5.6400003,0.18418336,Altai
2020-08-14 00:00:00+00:00,17.380068,3.94,0.18583332,Altai
2020-08-15 00:00:00+00:00,16.510065,0.16,0.18810003,Altai
2020-08-16 00:00:00+00:00,17.8209,0.1,0.18696664,Altai
2020-08-17 00:00:00+00:00,20.139233,0.08,0.1819,Altai
2020-08-18 00:00:00+00:00,19.00965,6.3399997,0.18434165,Altai
2020-08-19 00:00:00+00:00,18.216316,2.6000001,0.18695834,Altai
2020-08-20 00:00:00+00:00,17.629232,0.16000001,0.19151667,Altai
2020-08-21 00:00:00+00:00,17.795483,0.56,0.19756666,Altai
2020-08-22 00:00:00+00:00,17.173399,1.26,0.19613333,Altai
2020-08-23 00:00:00+00:00,16.220484,1.9400002,0.19691667,Altai
2020-08-24 00:00:00+00:00,17.06465,0.52,0.19704168,Altai
2020-08-25 00:00:00+00:00,14.395067,13.76,0.20682499,Altai
2020-08-26 00:00:00+00:00,15.78215,0.98,0.23554167,Altai
2020-08-27 00:00:00+00:00,17.183817,4.8,0.23611669,Altai
2020-08-28 00:00:00+00:00,15.2684,5.66,0.24714164,Altai
2020-08-29 00:00:00+00:00,16.506733,0.18,0.25333336,Altai
2020-08-30 00:00:00+00:00,17.721735,0.02,0.24585834,Altai
2020-08-31 00:00:00+00:00,18.405483,0.0,0.2349,Altai
2020-09-01 00:00:00+00:00,20.71215,0.02,0.22656667,Altai
2020-09-02 00:00:00+00:00,22.034649,0.02,0.221175,Altai
2020-09-03 00:00:00+00:00,20.480066,4.5600004,0.21783333,Altai
2020-09-04 00:00:00+00:00,10.815066,3.06,0.22141667,Altai
2020-09-05 00:00:00+00:00,8.9571495,0.64000005,0.22649999,Altai
2020-09-06 00:00:00+00:00,9.1959,1.8799999,0.22742501,Altai
2020-09-07 00:00:00+00:00,9.90215,4.2,0.22791669,Altai
2020-09-08 00:00:00+00:00,8.61215,4.38,0.23485835,Altai
2020-09-09 00:00:00+00:00,8.68715,2.62,0.24134164,Altai
2020-09-10 00:00:00+00:00,9.548816,1.7,0.24302499,Altai
2020-09-11 00:00:00+00:00,10.836317,0.66,0.24180833,Altai
2020-09-12 00:00:00+00:00,11.292984,0.0,0.23636667,Altai
2020-09-13 00:00:00+00:00,12.494234,0.0,0.228825,Altai
2020-09-14 00:00:00+00:00,14.038816,0.0,0.21916671,Altai
2020-09-15 00:00:00+00:00,16.599234,0.04,0.21470833,Altai
2020-09-16 00:00:00+00:00,16.547565,0.78000003,0.21125832,Altai
2020-09-17 00:00:00+00:00,14.439234,3.1799998,0.21262498,Altai
2020-09-18 00:00:00+00:00,11.99465,1.64,0.21275835,Altai
2020-09-19 00:00:00+00:00,12.33465,0.38000003,0.21521667,Altai
2020-09-20 00:00:00+00:00,13.6984,0.0,0.21427503,Altai
2020-09-21 00:00:00+00:00,16.536318,0.0,0.20925002,Altai
2020-09-22 00:00:00+00:00,11.40715,1.3,0.20854168,Altai
2020-09-23 00:00:00+00:00,10.022566,5.62,0.20938334,Altai
2020-09-24 00:00:00+00:00,7.1709,12.46,0.22109167,Altai
2020-09-25 00:00:00+00:00,6.2692327,9.6,0.25338334,Altai
2020-09-26 00:00:00+00:00,6.2342334,4.2400002,0.27458337,Altai
2020-09-27 00:00:00+00:00,6.5096498,0.24000001,0.28066665,Altai
2020-09-28 00:00:00+00:00,7.3313165,0.02,0.27879995,Altai
2020-09-29 00:00:00+00:00,4.8525667,6.8799996,0.28321666,Altai
2020-09-30 00:00:00+00:00,3.6688168,0.22000003,0.28574163,Altai
2020-10-01 00:00:00+00:00,5.1209,0.04,0.2850833,Altai
2020-10-02 00:00:00+00:00,4.7038164,0.0,0.28024164,Altai
2020-10-03 00:00:00+00:00,5.335067,0.0,0.2767333,Altai
2020-10-04 00:00:00+00:00,8.014233,1.52,0.26943335,Altai
2020-10-05 00:00:00+00:00,1.7988167,8.059999,0.27075833,Altai
2020-10-06 00:00:00+00:00,1.4288166,0.2,0.27533334,Altai
2020-10-07 00:00:00+00:00,1.8721498,4.7400002,0.276375,Altai
2020-10-08 00:00:00+00:00,-0.7320167,3.7400002,0.28121668,Altai
2020-10-09 00:00:00+00:00,0.4750666,0.34,0.2825083,Altai
2020-10-10 00:00:00+00:00,2.3317332,1.04,0.2814417,Altai
2020-10-11 00:00:00+00:00,4.0413165,3.3000004,0.28210834,Altai
2020-10-12 00:00:00+00:00,6.036733,6.4,0.29089165,Altai
2020-10-13 00:00:00+00:00,5.826734,4.9800005,0.31079167,Altai
2020-10-14 00:00:00+00:00,6.6658998,0.0,0.3099,Altai
2020-10-15 00:00:00+00:00,9.8909,0.28000003,0.30156666,Altai
2020-10-16 00:00:00+00:00,8.315483,0.24000001,0.29428336,Altai
2020-10-17 00:00:00+00:00,12.111734,0.2,0.28932497,Altai
2020-10-18 00:00:00+00:00,4.308817,5.04,0.2851083,Altai
2020-10-19 00:00:00+00:00,2.2909,0.0,0.28803337,Altai
2020-10-20 00:00:00+00:00,6.539233,0.0,0.28369996,Altai
2020-10-21 00:00:00+00:00,9.271317,0.0,0.27854165,Altai
2020-10-22 00:00:00+00:00,6.040484,3.06,0.2758667,Altai
2020-10-23 00:00:00+00:00,1.69715,3.52,0.27726665,Altai
2020-10-24 00:00:00+00:00,-2.4620166,1.68,0.2798167,Altai
2020-10-25 00:00:00+00:00,0.6079833,2.36,0.28052503,Altai
2020-10-26 00:00:00+00:00,6.2096496,1.8399999,0.28041667,Altai
2020-10-27 00:00:00+00:00,8.6859,2.62,0.28104997,Altai
2020-10-28 00:00:00+00:00,0.6475667,2.54,0.279025,Altai
2020-10-29 00:00:00+00:00,-0.9507667,2.94,0.2806166,Altai
2020-10-30 00:00:00+00:00,1.2888167,1.28,0.28119168,Altai
2020-10-31 00:00:00+00:00,1.3267334,0.0,0.280575,Altai
2020-11-01 00:00:00+00:00,1.5767335,0.0,0.27795,Altai
2020-11-02 00:00:00+00:00,1.5779833,0.56000006,0.27728334,Altai
2020-11-03 00:00:00+00:00,-1.1149333,1.3999997,0.2770833,Altai
2020-11-04 00:00:00+00:00,-1.4203501,0.7,0.27630833,Altai
2020-11-05 00:00:00+00:00,2.1013167,0.68,0.27598333,Altai
2020-11-06 00:00:00+00:00,3.5892334,0.02,0.2745833,Altai
2020-11-07 00:00:00+00:00,5.884234,0.0,0.2704,Altai
2020-11-08 00:00:00+00:00,9.827983,1.22,0.26568335,Altai
2020-11-09 00:00:00+00:00,3.227983,5.2999997,0.2674083,Altai
2020-11-10 00:00:00+00:00,1.1500665,6.16,0.27095833,Altai
2020-11-11 00:00:00+00:00,3.0388165,2.32,0.27753335,Altai
2020-11-12 00:00:00+00:00,-0.88326657,4.9799995,0.28166667,Altai
2020-11-13 00:00:00+00:00,-3.608683,0.20000002,0.28434998,Altai
2020-11-14 00:00:00+00:00,-4.64285,0.1,0.28467497,Altai
2020-11-15 00:00:00+00:00,-3.3391,1.6,0.28385827,Altai
2020-11-16 00:00:00+00:00,-7.311183,2.3600001,0.2827583,Altai
2020-11-17 00:00:00+00:00,-10.255767,0.54,0.28153333,Altai
2020-11-18 00:00:00+00:00,-13.88785,0.02,0.28024167,Altai
2020-11-19 00:00:00+00:00,-12.458267,0.0,0.27885,Altai
2020-11-20 00:00:00+00:00,-8.014517,0.32,0.2775833,Altai
2020-11-21 00:00:00+00:00,-7.6345167,0.0,0.27639997,Altai
2020-11-22 00:00:00+00:00,-6.744517,0.38000003,0.2751333,Altai
2020-11-23 00:00:00+00:00,-6.068683,1.9599998,0.2740417,Altai
2020-11-24 00:00:00+00:00,-6.383683,0.34,0.27295834,Altai
2020-11-25 00:00:00+00:00,-7.6224337,0.0,0.271975,Altai
2020-11-26 00:00:00+00:00,-9.658685,0.0,0.2712,Altai
2020-11-27 00:00:00+00:00,-11.2807665,0.0,0.2702583,Altai
2020-11-28 00:00:00+00:00,-9.912433,0.48000002,0.26949167,Altai
2020-11-29 00:00:00+00:00,-8.074934,0.16,0.26852497,Altai
2020-11-30 00:00:00+00:00,-11.747434,0.0,0.26768333,Altai
2020-12-01 00:00:00+00:00,-11.547851,0.0,0.26687497,Altai
2020-12-02 00:00:00+00:00,-13.125351,0.0,0.2661,Altai
2020-12-03 00:00:00+00:00,-15.549934,0.0,0.26522502,Altai
2020-12-04 00:00:00+00:00,-16.375769,0.0,0.26445007,Altai
2020-12-05 00:00:00+00:00,-18.146183,0.0,0.2637,Altai
2020-12-06 00:00:00+00:00,-18.056185,0.0,0.262825,Altai
2020-12-07 00:00:00+00:00,-16.501184,0.22,0.2621166,Altai
2020-12-08 00:00:00+00:00,-8.607017,9.3,0.26134163,Altai
2020-12-09 00:00:00+00:00,-12.174517,1.26,0.26060832,Altai
2020-12-10 00:00:00+00:00,-10.713683,2.46,0.25999168,Altai
2020-12-11 00:00:00+00:00,-10.208683,0.58000004,0.25937504,Altai
2020-12-12 00:00:00+00:00,-11.699934,0.9000001,0.258825,Altai
2020-12-13 00:00:00+00:00,-10.9386835,0.8000001,0.25853333,Altai
2020-12-14 00:00:00+00:00,-9.761184,0.3,0.25825,Altai
2020-12-15 00:00:00+00:00,-10.218683,0.42000008,0.25804165,Altai
2020-12-16 00:00:00+00:00,-12.552433,0.22000003,0.2578833,Altai
2020-12-17 00:00:00+00:00,-9.888682,0.02,0.25744995,Altai
2020-12-18 00:00:00+00:00,-8.486183,0.0,0.25729162,Altai
2020-12-19 00:00:00+00:00,-6.804934,0.0,0.25664997,Altai
2020-12-20 00:00:00+00:00,-7.212434,4.0,0.25646663,Altai
2020-12-21 00:00:00+00:00,-13.631601,0.84000003,0.256025,Altai
2020-12-22 00:00:00+00:00,-13.681183,1.7600002,0.25579998,Altai
2020-12-23 00:00:00+00:00,-8.9466,3.8400002,0.25555,Altai
2020-12-24 00:00:00+00:00,-6.955767,5.68,0.255075,Altai
2020-12-25 00:00:00+00:00,-18.518267,1.8799999,0.2548417,Altai
2020-12-26 00:00:00+00:00,-31.236599,0.0,0.2544,Altai
2020-12-27 00:00:00+00:00,-31.764935,0.0,0.2541917,Altai
2020-12-28 00:00:00+00:00,-25.338684,0.0,0.25375834,Altai
2020-12-29 00:00:00+00:00,-15.6966,0.26000005,0.2534417,Altai
2020-12-30 00:00:00+00:00,-13.6991,1.5400001,0.25301665,Altai
2020-12-31 00:00:00+00:00,-21.237848,1.7,0.25264168,Altai
2021-01-01 00:00:00+00:00,-23.460348,0.86000013,0.25225002,Altai
2021-01-02 00:00:00+00:00,-28.933681,0.38000005,0.25189167,Altai
2021-01-03 00:00:00+00:00,-30.558681,0.0,0.25159997,Altai
2021-01-04 00:00:00+00:00,-27.4066,0.0,0.25120002,Altai
2021-01-05 00:00:00+00:00,-25.777435,0.0,0.25065836,Altai
2021-01-06 00:00:00+00:00,-25.532017,0.0,0.2504167,Altai
2021-01-07 00:00:00+00:00,-25.056185,0.0,0.25020003,Altai
2021-01-08 00:00:00+00:00,-27.08285,0.0,0.2498333,Altai
2021-01-09 00:00:00+00:00,-20.676601,0.0,0.2493833,Altai
2021-01-10 00:00:00+00:00,-10.173266,2.58,0.24919999,Altai
2021-01-11 00:00:00+00:00,-7.693267,5.04,0.24906667,Altai
2021-01-12 00:00:00+00:00,-10.718683,2.3799999,0.24851665,Altai
2021-01-13 00:00:00+00:00,-18.814934,1.5999999,0.2484,Altai
2021-01-14 00:00:00+00:00,-24.775768,0.0,0.24831668,Altai
2021-01-15 00:00:00+00:00,-23.690767,0.0,0.24819998,Altai
2021-01-16 00:00:00+00:00,-14.478683,0.0,0.24817498,Altai
2021-01-17 00:00:00+00:00,-8.10035,0.04,0.24819998,Altai
2021-01-18 00:00:00+00:00,-7.21035,0.56,0.24785833,Altai
2021-01-19 00:00:00+00:00,-17.09035,0.2,0.24742499,Altai
2021-01-20 00:00:00+00:00,-15.433268,0.58000004,0.24720001,Altai
2021-01-21 00:00:00+00:00,-6.8232665,3.44,0.24720001,Altai
2021-01-22 00:00:00+00:00,-14.352434,5.2400002,0.24718335,Altai
2021-01-23 00:00:00+00:00,-16.507015,0.62000006,0.24670835,Altai
2021-01-24 00:00:00+00:00,-26.205349,0.46000004,0.24650002,Altai
2021-01-25 00:00:00+00:00,-27.557016,0.6600001,0.24640003,Altai
2021-01-26 00:00:00+00:00,-16.201183,2.24,0.24635835,Altai
2021-01-27 00:00:00+00:00,-4.909933,3.1200001,0.24620004,Altai
2021-01-28 00:00:00+00:00,-4.8428497,0.3,0.24592504,Altai
2021-01-29 00:00:00+00:00,-4.4845166,0.0,0.2457417,Altai
2021-01-30 00:00:00+00:00,-9.258267,0.14000002,0.24570003,Altai
2021-01-31 00:00:00+00:00,-13.615351,0.0,0.24562502,Altai
2021-02-01 00:00:00+00:00,-13.882017,0.0,0.24553338,Altai
2021-02-02 00:00:00+00:00,-10.051184,0.02,0.24529171,Altai
2021-02-03 00:00:00+00:00,-2.7853498,6.94,0.24520004,Altai
2021-02-04 00:00:00+00:00,-3.8257668,3.5199997,0.24520004,Altai
2021-02-05 00:00:00+00:00,-4.092017,1.4,0.24510005,Altai
2021-02-06 00:00:00+00:00,-1.4036834,0.32000002,0.24518338,Altai
2021-02-07 00:00:00+00:00,-1.5386834,2.0,0.24520004,Altai
2021-02-08 00:00:00+00:00,-2.40535,7.5199995,0.24529171,Altai
2021-02-09 00:00:00+00:00,-15.500351,0.64000005,0.24618337,Altai
2021-02-10 00:00:00+00:00,-20.182016,0.62000006,0.24660835,Altai
2021-02-11 00:00:00+00:00,-26.537018,0.060000002,0.2467,Altai
2021-02-12 00:00:00+00:00,-26.676601,0.0,0.24679999,Altai
2021-02-13 00:00:00+00:00,-21.452017,0.0,0.24679999,Altai
2021-02-14 00:00:00+00:00,-9.4457655,0.0,0.24654166,Altai
2021-02-15 00:00:00+00:00,-5.224517,0.04,0.24644999,Altai
2021-02-16 00:00:00+00:00,-1.8220167,0.3,0.24643335,Altai
2021-02-17 00:00:00+00:00,-5.227433,2.2599998,0.24667504,Altai
2021-02-18 00:00:00+00:00,-8.087851,5.08,0.24695,Altai
2021-02-19 00:00:00+00:00,-6.7240996,5.7200003,0.25070003,Altai
2021-02-20 00:00:00+00:00,-19.85535,0.0,0.25460833,Altai
2021-02-21 00:00:00+00:00,-14.662018,0.54,0.25499168,Altai
2021-02-22 00:00:00+00:00,-15.793268,3.3199997,0.25495833,Altai
2021-02-23 00:00:00+00:00,-16.448267,0.04,0.25506666,Altai
2021-02-24 00:00:00+00:00,-7.707433,3.92,0.255,Altai
2021-02-25 00:00:00+00:00,-18.254517,1.4599998,0.25486666,Altai
2021-02-26 00:00:00+00:00,-22.269516,0.14000002,0.25470835,Altai
2021-02-27 00:00:00+00:00,-22.682434,0.04,0.25461668,Altai
2021-02-28 00:00:00+00:00,-12.604934,4.06,0.25435832,Altai
2021-03-01 00:00:00+00:00,-2.18035,8.14,0.25478333,Altai
2021-03-02 00:00:00+00:00,-6.748683,1.5200001,0.25501662,Altai
2021-03-03 00:00:00+00:00,-9.119933,1.0600002,0.25508332,Altai
2021-03-04 00:00:00+00:00,-6.550349,0.060000002,0.25502497,Altai
2021-03-05 00:00:00+00:00,-4.1486835,1.86,0.255,Altai
2021-03-06 00:00:00+00:00,-4.068683,1.0600001,0.25484166,Altai
2021-03-07 00:00:00+00:00,-4.7440996,0.26000002,0.254825,Altai
2021-03-08 00:00:00+00:00,-3.0724332,1.6200001,0.25468335,Altai
2021-03-09 00:00:00+00:00,-8.498683,0.1,0.2545,Altai
2021-03-10 00:00:00+00:00,-0.78326654,1.22,0.25480837,Altai
2021-03-11 00:00:00+00:00,-4.238267,1.8,0.25663334,Altai
2021-03-12 00:00:00+00:00,-9.2891,7.6800003,0.2572167,Altai
2021-03-13 00:00:00+00:00,-17.0091,2.2599998,0.25740004,Altai
2021-03-14 00:00:00+00:00,-16.923267,0.0,0.2572667,Altai
2021-03-15 00:00:00+00:00,-14.513684,0.0,0.2572667,Altai
2021-03-16 00:00:00+00:00,-13.642016,0.0,0.25720006,Altai
2021-03-17 00:00:00+00:00,-12.2866,0.04,0.25700003,Altai
2021-03-18 00:00:00+00:00,-8.9561825,1.36,0.25675836,Altai
2021-03-19 00:00:00+00:00,-6.7924333,0.0,0.25658333,Altai
2021-03-20 00:00:00+00:00,-0.75243336,0.0,0.25659168,Altai
2021-03-21 00:00:00+00:00,1.2125666,0.04,0.25729164,Altai
2021-03-22 00:00:00+00:00,0.8184001,0.7800001,0.26020834,Altai
2021-03-23 00:00:00+00:00,1.3567333,1.22,0.27014166,Altai
2021-03-24 00:00:00+00:00,-2.3945167,2.9,0.28195,Altai
2021-03-25 00:00:00+00:00,-1.1732666,4.2,0.28486666,Altai
2021-03-26 00:00:00+00:00,-4.0449333,0.65999997,0.28621668,Altai
2021-03-27 00:00:00+00:00,-0.054516625,0.58000004,0.28635836,Altai
2021-03-28 00:00:00+00:00,1.6142334,3.2,0.29964167,Altai
2021-03-29 00:00:00+00:00,-1.8920166,2.9199996,0.31215832,Altai
2021-03-30 00:00:00+00:00,-3.3749337,0.40000004,0.31330833,Altai
2021-03-31 00:00:00+00:00,-5.529933,0.0,0.31234163,Altai
2021-04-01 00:00:00+00:00,-5.2065997,0.0,0.31096667,Altai
2021-04-02 00:00:00+00:00,-1.2320166,0.0,0.30971664,Altai
2021-04-03 00:00:00+00:00,0.5017335,0.0,0.30983332,Altai
2021-04-04 00:00:00+00:00,1.1638167,0.0,0.31484166,Altai
2021-04-05 00:00:00+00:00,5.550067,0.0,0.333525,Altai
2021-04-06 00:00:00+00:00,3.15215,0.060000002,0.36170834,Altai
2021-04-07 00:00:00+00:00,1.95215,0.52000004,0.370825,Altai
2021-04-08 00:00:00+00:00,3.427567,3.64,0.36865833,Altai
2021-04-09 00:00:00+00:00,2.39965,0.04,0.37034997,Altai
2021-04-10 00:00:00+00:00,3.0221498,0.0,0.36470836,Altai
2021-04-11 00:00:00+00:00,3.4292336,0.0,0.36044165,Altai
2021-04-12 00:00:00+00:00,5.5767336,0.26,0.35680002,Altai
2021-04-13 00:00:00+00:00,3.0146499,0.24000001,0.35414165,Altai
2021-04-14 00:00:00+00:00,5.3109,0.0,0.35109168,Altai
2021-04-15 00:00:00+00:00,7.1742334,0.0,0.34651667,Altai
2021-04-16 00:00:00+00:00,10.05715,0.26000002,0.34222502,Altai
2021-04-17 00:00:00+00:00,2.0017333,1.0600001,0.33094996,Altai
2021-04-18 00:00:00+00:00,7.2179832,2.3600001,0.32369167,Altai
2021-04-19 00:00:00+00:00,-2.5003498,1.6199999,0.32639167,Altai
2021-04-20 00:00:00+00:00,-4.3482666,0.0,0.320825,Altai
2021-04-21 00:00:00+00:00,-1.1761833,0.3,0.31656668,Altai
2021-04-22 00:00:00+00:00,0.06381662,0.44000006,0.31130838,Altai
2021-04-23 00:00:00+00:00,2.0459,0.08,0.30642503,Altai
2021-04-24 00:00:00+00:00,3.7617333,0.04,0.301275,Altai
2021-04-25 00:00:00+00:00,6.18215,0.0,0.29344165,Altai
2021-04-26 00:00:00+00:00,10.655483,1.3199999,0.28468332,Altai
2021-04-27 00:00:00+00:00,11.611318,2.9599998,0.28266665,Altai
2021-04-28 00:00:00+00:00,14.050484,0.28,0.28050002,Altai
2021-04-29 00:00:00+00:00,14.068399,2.72,0.26940835,Altai
2021-04-30 00:00:00+00:00,9.033816,5.04,0.267775,Altai
2021-05-01 00:00:00+00:00,6.6854835,1.3600001,0.2700833,Altai
2021-05-02 00:00:00+00:00,6.3163166,0.08,0.27019167,Altai
2021-05-03 00:00:00+00:00,12.091734,0.0,0.26220837,Altai
2021-05-04 00:00:00+00:00,9.898817,0.120000005,0.25322503,Altai
2021-05-05 00:00:00+00:00,13.335901,0.0,0.24164167,Altai
2021-05-06 00:00:00+00:00,19.575901,0.0,0.23351666,Altai
2021-05-07 00:00:00+00:00,13.195483,1.74,0.22409168,Altai
2021-05-08 00:00:00+00:00,14.481733,0.0,0.21979997,Altai
2021-05-09 00:00:00+00:00,14.878817,0.0,0.20936665,Altai
2021-05-10 00:00:00+00:00,12.437566,0.02,0.2007,Altai
2021-05-11 00:00:00+00:00,13.120067,0.0,0.19923334,Altai
2021-05-12 00:00:00+00:00,14.1334,0.14,0.19823334,Altai
2021-05-13 00:00:00+00:00,12.597983,2.26,0.19443333,Altai
2021-05-14 00:00:00+00:00,12.799234,0.32,0.19272499,Altai
2021-05-15 00:00:00+00:00,16.8809,0.04,0.19044167,Altai
2021-05-16 00:00:00+00:00,20.743399,0.120000005,0.18836668,Altai
2021-05-17 00:00:00+00:00,19.264233,0.6,0.18896666,Altai
2021-05-18 00:00:00+00:00,20.818401,1.0,0.18930002,Altai
2021-05-19 00:00:00+00:00,13.084233,10.18,0.1904,Altai
2021-05-20 00:00:00+00:00,6.1171503,2.86,0.19865,Altai
2021-05-21 00:00:00+00:00,7.7175665,0.02,0.20680836,Altai
2021-05-22 00:00:00+00:00,13.682567,2.2600002,0.20576665,Altai
2021-05-23 00:00:00+00:00,21.336735,0.18000002,0.20199165,Altai
2021-05-24 00:00:00+00:00,19.7884,0.34,0.2002,Altai
2021-05-25 00:00:00+00:00,23.202566,0.0,0.19679165,Altai
2021-05-26 00:00:00+00:00,25.956732,0.0,0.19099167,Altai
2021-05-27 00:00:00+00:00,21.270067,2.28,0.19039169,Altai
2021-05-28 00:00:00+00:00,12.555484,0.0,0.18908331,Altai
2021-05-29 00:00:00+00:00,14.161734,0.0,0.19096665,Altai
2021-05-30 00:00:00+00:00,17.133816,0.0,0.18877499,Altai
2021-05-31 00:00:00+00:00,20.159649,0.0,0.18568332,Altai
2021-06-01 00:00:00+00:00,22.1534,0.0,0.18122499,Altai
2021-06-02 00:00:00+00:00,23.552984,0.16,0.1790083,Altai
2021-06-03 00:00:00+00:00,21.985897,2.2,0.17596668,Altai
2021-06-04 00:00:00+00:00,16.281733,9.3,0.17925002,Altai
2021-06-05 00:00:00+00:00,10.226733,5.48,0.19570835,Altai
2021-06-06 00:00:00+00:00,15.96965,0.0,0.20355001,Altai
2021-06-07 00:00:00+00:00,19.391315,0.0,0.199875,Altai
2021-06-08 00:00:00+00:00,20.9609,0.0,0.19383332,Altai
2021-06-09 00:00:00+00:00,16.242151,0.3,0.190725,Altai
2021-06-10 00:00:00+00:00,14.1384,0.0,0.19265832,Altai
2021-06-11 00:00:00+00:00,14.212151,0.0,0.19374998,Altai
2021-06-12 00:00:00+00:00,13.706317,0.9,0.19470832,Altai
2021-06-13 00:00:00+00:00,15.6709,0.44,0.19277498,Altai
2021-06-14 00:00:00+00:00,16.877567,0.93999994,0.19171669,Altai
2021-06-15 00:00:00+00:00,18.620068,0.0,0.19033334,Altai
2021-06-16 00:00:00+00:00,21.8334,0.0,0.18820831,Altai
2021-06-17 00:00:00+00:00,23.233816,0.0,0.18606667,Altai
2021-06-18 00:00:00+00:00,25.047983,0.02,0.18257499,Altai
2021-06-19 00:00:00+00:00,17.641735,10.08,0.18419167,Altai
2021-06-20 00:00:00+00:00,11.728816,4.6400003,0.20354167,Altai
2021-06-21 00:00:00+00:00,12.888817,11.280001,0.207775,Altai
2021-06-22 00:00:00+00:00,12.305066,5.6400003,0.23093334,Altai
2021-06-23 00:00:00+00:00,13.542984,10.379999,0.24274997,Altai
2021-06-24 00:00:00+00:00,11.677151,9.9,0.27620834,Altai
2021-06-25 00:00:00+00:00,12.192984,2.92,0.29203328,Altai
2021-06-26 00:00:00+00:00,14.919233,0.14000002,0.28658336,Altai
2021-06-27 00:00:00+00:00,17.793818,0.1,0.27473336,Altai
2021-06-28 00:00:00+00:00,18.597149,1.1,0.2656667,Altai
2021-06-29 00:00:00+00:00,18.584234,2.0400002,0.257175,Altai
2021-06-30 00:00:00+00:00,20.331318,0.68,0.24939167,Altai
2021-07-01 00:00:00+00:00,21.3609,0.52,0.24239163,Altai
2021-07-02 00:00:00+00:00,20.243816,0.0,0.23419169,Altai
2021-07-03 00:00:00+00:00,22.626316,0.0,0.22505835,Altai
2021-07-04 00:00:00+00:00,25.100483,0.0,0.21522501,Altai
2021-07-05 00:00:00+00:00,27.285065,0.0,0.20734167,Altai
2021-07-06 00:00:00+00:00,25.387566,9.360001,0.20647499,Altai
2021-07-07 00:00:00+00:00,18.681316,3.4800003,0.20733336,Altai
2021-07-08 00:00:00+00:00,17.6309,0.0,0.21444997,Altai
2021-07-09 00:00:00+00:00,18.953815,0.86,0.21588333,Altai
2021-07-10 00:00:00+00:00,20.229233,2.8200002,0.21197501,Altai
2021-07-11 00:00:00+00:00,19.657566,9.26,0.21131667,Altai
2021-07-12 00:00:00+00:00,20.06465,4.4200006,0.22476666,Altai
2021-07-13 00:00:00+00:00,21.89507,3.2799995,0.22700834,Altai
2021-07-14 00:00:00+00:00,20.726734,3.56,0.22559169,Altai
2021-07-15 00:00:00+00:00,15.487149,0.6999999,0.23440003,Altai
2021-07-16 00:00:00+00:00,17.720901,0.58000004,0.23228335,Altai
2021-07-17 00:00:00+00:00,17.639233,0.34,0.22746663,Altai
2021-07-18 00:00:00+00:00,20.101315,1.12,0.22416668,Altai
2021-07-19 00:00:00+00:00,19.102983,0.96000004,0.21916668,Altai
2021-07-20 00:00:00+00:00,20.443817,2.7999997,0.21437499,Altai
2021-07-21 00:00:00+00:00,20.89715,0.7,0.20953336,Altai
2021-07-22 00:00:00+00:00,22.9659,0.53999996,0.20627499,Altai
2021-07-23 00:00:00+00:00,21.322567,4.3399997,0.20373333,Altai
2021-07-24 00:00:00+00:00,21.799234,0.9799999,0.19982499,Altai
2021-07-25 00:00:00+00:00,24.382984,0.120000005,0.19345,Altai
2021-07-26 00:00:00+00:00,22.065899,2.4,0.19161668,Altai
2021-07-27 00:00:00+00:00,17.3284,0.36,0.19360833,Altai
2021-07-28 00:00:00+00:00,17.404232,0.02,0.19479999,Altai
2021-07-29 00:00:00+00:00,18.925066,0.0,0.19245,Altai
2021-07-30 00:00:00+00:00,18.207567,0.08,0.19000834,Altai
2021-07-31 00:00:00+00:00,20.264652,0.060000002,0.18469168,Altai
2021-08-01 00:00:00+00:00,22.4784,0.0,0.178425,Altai
2021-08-02 00:00:00+00:00,23.963818,0.120000005,0.17581667,Altai
2021-08-03 00:00:00+00:00,22.193815,3.48,0.17259169,Altai
2021-08-04 00:00:00+00:00,19.715067,4.96,0.17005832,Altai
2021-08-05 00:00:00+00:00,18.392982,5.18,0.17115836,Altai
2021-08-06 00:00:00+00:00,18.875898,1.1400001,0.17767498,Altai
2021-08-07 00:00:00+00:00,20.075068,0.58000004,0.18041667,Altai
2021-08-08 00:00:00+00:00,21.913815,0.38,0.18033335,Altai
2021-08-09 00:00:00+00:00,21.281315,7.920001,0.18240002,Altai
2021-08-10 00:00:00+00:00,18.727566,10.18,0.20394167,Altai
2021-08-11 00:00:00+00:00,17.3834,5.7,0.21925834,Altai
2021-08-12 00:00:00+00:00,17.91715,1.4000001,0.22644997,Altai
2021-08-13 00:00:00+00:00,14.838816,13.040001,0.24139169,Altai
2021-08-14 00:00:00+00:00,13.91965,1.6199999,0.2690417,Altai
2021-08-15 00:00:00+00:00,15.7313175,0.44,0.2716,Altai
2021-08-16 00:00:00+00:00,18.491314,0.0,0.26720834,Altai
2021-08-17 00:00:00+00:00,19.8909,0.02,0.25829166,Altai
2021-08-18 00:00:00+00:00,19.775482,0.02,0.24906668,Altai
2021-08-19 00:00:00+00:00,18.945066,2.08,0.24066666,Altai
2021-08-20 00:00:00+00:00,16.7759,1.0200001,0.23386666,Altai
2021-08-21 00:00:00+00:00,13.920484,0.0,0.22985001,Altai
2021-08-22 00:00:00+00:00,15.379232,0.0,0.22541666,Altai
2021-08-23 00:00:00+00:00,17.916317,0.08,0.21918336,Altai
2021-08-24 00:00:00+00:00,19.728817,0.0,0.21294169,Altai
2021-08-25 00:00:00+00:00,20.570902,0.0,0.2087417,Altai
2021-08-26 00:00:00+00:00,20.835066,0.0,0.20352502,Altai
2021-08-27 00:00:00+00:00,20.151318,0.0,0.1986167,Altai
2021-08-28 00:00:00+00:00,20.3059,0.0,0.19653335,Altai
2021-08-29 00:00:00+00:00,20.69465,2.6000001,0.19303331,Altai
2021-08-30 00:00:00+00:00,16.59465,1.72,0.19389997,Altai
2021-08-31 00:00:00+00:00,13.680901,0.28000003,0.20390001,Altai
2021-09-01 00:00:00+00:00,13.652983,0.08,0.21034999,Altai
2021-09-02 00:00:00+00:00,14.620483,0.04,0.21120834,Altai
2021-09-03 00:00:00+00:00,14.775067,0.0,0.21084997,Altai
2021-09-04 00:00:00+00:00,16.542149,0.0,0.20375833,Altai
2021-09-05 00:00:00+00:00,19.2384,0.0,0.19386669,Altai
2021-09-06 00:00:00+00:00,20.318817,0.0,0.18655,Altai
2021-09-07 00:00:00+00:00,18.253399,0.120000005,0.18356667,Altai
2021-09-08 00:00:00+00:00,18.980482,4.5800004,0.18434167,Altai
2021-09-09 00:00:00+00:00,11.399233,0.84000003,0.18474999,Altai
2021-09-10 00:00:00+00:00,13.890066,1.3,0.186775,Altai
2021-09-11 00:00:00+00:00,12.894234,6.3599997,0.18715835,Altai
2021-09-12 00:00:00+00:00,9.582567,5.3,0.19876668,Altai
2021-09-13 00:00:00+00:00,9.326734,0.22,0.20767501,Altai
2021-09-14 00:00:00+00:00,11.89465,0.17999999,0.21219997,Altai
2021-09-15 00:00:00+00:00,15.136734,0.0,0.2058583,Altai
2021-09-16 00:00:00+00:00,15.405482,0.0,0.20021668,Altai
2021-09-17 00:00:00+00:00,18.479233,2.1000001,0.195175,Altai
2021-09-18 00:00:00+00:00,10.681734,3.1999998,0.19608334,Altai
2021-09-19 00:00:00+00:00,10.235483,1.78,0.19730003,Altai
2021-09-20 00:00:00+00:00,6.2942333,1.6200001,0.19995835,Altai
2021-09-21 00:00:00+00:00,5.553817,1.28,0.20336667,Altai
2021-09-22 00:00:00+00:00,5.3534,1.3800001,0.20669167,Altai
2021-09-23 00:00:00+00:00,4.3909,2.2199998,0.20860001,Altai
2021-09-24 00:00:00+00:00,4.077983,1.0,0.21129999,Altai
2021-09-25 00:00:00+00:00,5.739233,2.92,0.21465833,Altai
2021-09-26 00:00:00+00:00,2.0817332,1.9400002,0.22054167,Altai
2021-09-27 00:00:00+00:00,3.4717336,0.0,0.22425833,Altai
2021-09-28 00:00:00+00:00,5.2838163,1.8399998,0.22715001,Altai
2021-09-29 00:00:00+00:00,7.210067,5.3799996,0.23379163,Altai
2021-09-30 00:00:00+00:00,5.509233,5.34,0.23994169,Altai
2021-10-01 00:00:00+00:00,4.0475664,2.8400002,0.2554167,Altai
2021-10-02 00:00:00+00:00,2.06465,3.56,0.26223335,Altai
2021-10-03 00:00:00+00:00,2.6904836,1.8799999,0.2662167,Altai
2021-10-04 00:00:00+00:00,4.1154833,5.06,0.27011666,Altai
2021-10-05 00:00:00+00:00,2.3129833,3.36,0.28310835,Altai
2021-10-06 00:00:00+00:00,1.3838167,4.3599997,0.29012504,Altai
2021-10-07 00:00:00+00:00,2.2663167,1.48,0.290775,Altai
2021-10-08 00:00:00+00:00,4.4925666,0.71999997,0.29131663,Altai
2021-10-09 00:00:00+00:00,6.41965,0.0,0.29056665,Altai
2021-10-10 00:00:00+00:00,7.186316,0.16000001,0.28564167,Altai
2021-10-11 00:00:00+00:00,4.2292333,4.7799997,0.28463334,Altai
2021-10-12 00:00:00+00:00,0.8350667,1.9199998,0.29336667,Altai
2021-10-13 00:00:00+00:00,2.7425666,0.28,0.2949417,Altai
2021-10-14 00:00:00+00:00,3.7108998,0.0,0.29254168,Altai
2021-10-15 00:00:00+00:00,2.7550669,0.0,0.28712496,Altai
2021-10-16 00:00:00+00:00,2.8025665,0.0,0.28199166,Altai
2021-10-17 00:00:00+00:00,2.2334,0.0,0.27903333,Altai
2021-10-18 00:00:00+00:00,2.4704833,0.0,0.27577502,Altai
2021-10-19 00:00:00+00:00,3.1800668,0.0,0.26965004,Altai
2021-10-20 00:00:00+00:00,6.23215,0.0,0.26474166,Altai
2021-10-21 00:00:00+00:00,9.582567,0.16,0.258325,Altai
2021-10-22 00:00:00+00:00,3.8192334,1.0,0.25485003,Altai
2021-10-23 00:00:00+00:00,5.2683997,1.36,0.25536665,Altai
2021-10-24 00:00:00+00:00,7.973816,0.1,0.25470003,Altai
2021-10-25 00:00:00+00:00,7.261733,0.0,0.25291663,Altai
2021-10-26 00:00:00+00:00,7.4409,0.02,0.250225,Altai
2021-10-27 00:00:00+00:00,-1.0232667,1.4999999,0.2478083,Altai
2021-10-28 00:00:00+00:00,-1.05285,0.0,0.24699166,Altai
2021-10-29 00:00:00+00:00,3.1529832,0.02,0.24601667,Altai
2021-10-30 00:00:00+00:00,0.84673345,1.3,0.24494167,Altai
2021-10-31 00:00:00+00:00,0.7004833,5.7,0.24449167,Altai
2021-11-01 00:00:00+00:00,1.2388166,5.16,0.24508336,Altai
2021-11-02 00:00:00+00:00,-6.689934,10.240001,0.25339165,Altai
2021-11-03 00:00:00+00:00,-12.772851,0.08,0.26080003,Altai
2021-11-04 00:00:00+00:00,-12.132433,0.0,0.2624917,Altai
2021-11-05 00:00:00+00:00,-6.6791,0.48000002,0.26272503,Altai
2021-11-06 00:00:00+00:00,-3.1899333,1.0199999,0.26251662,Altai
2021-11-07 00:00:00+00:00,-0.85910016,0.120000005,0.26210827,Altai
2021-11-08 00:00:00+00:00,0.15839997,0.0,0.2617083,Altai
2021-11-09 00:00:00+00:00,-0.58701676,0.0,0.26129168,Altai
2021-11-10 00:00:00+00:00,0.8950666,0.84,0.2607,Altai
2021-11-11 00:00:00+00:00,1.4109001,3.0799994,0.2612,Altai
2021-11-12 00:00:00+00:00,1.6134001,0.56,0.26212496,Altai
2021-11-13 00:00:00+00:00,-0.48618335,1.36,0.26254168,Altai
2021-11-14 00:00:00+00:00,0.15298332,1.86,0.26272497,Altai
2021-11-15 00:00:00+00:00,-1.8599335,2.6200001,0.26254997,Altai
2021-11-16 00:00:00+00:00,-5.847433,1.6200001,0.26225835,Altai
2021-11-17 00:00:00+00:00,-6.0849338,4.8,0.26175004,Altai
2021-11-18 00:00:00+00:00,-9.522433,1.86,0.26125836,Altai
2021-11-19 00:00:00+00:00,-14.569101,1.14,0.26070002,Altai
2021-11-20 00:00:00+00:00,-9.864515,0.16000001,0.26013333,Altai
2021-11-21 00:00:00+00:00,-6.243266,0.0,0.25934997,Altai
2021-11-22 00:00:00+00:00,-0.33243337,2.3799999,0.25873327,Altai
2021-11-23 00:00:00+00:00,-0.059933305,7.46,0.2583583,Altai
2021-11-24 00:00:00+00:00,-2.2970166,3.8799999,0.25883332,Altai
2021-11-25 00:00:00+00:00,-1.9166,13.459999,0.27164167,Altai
2021-11-26 00:00:00+00:00,-12.949516,0.14000002,0.28647503,Altai
2021-11-27 00:00:00+00:00,-7.831183,0.65999997,0.28683332,Altai
2021-11-28 00:00:00+00:00,-7.76785,0.36000004,0.28545833,Altai
2021-11-29 00:00:00+00:00,-10.4057665,0.0,0.28411666,Altai
2021-11-30 00:00:00+00:00,-7.89785,0.0,0.28249997,Altai
2021-12-01 00:00:00+00:00,-7.66035,0.0,0.28096667,Altai
2021-12-02 00:00:00+00:00,-4.2566,0.0,0.27939168,Altai
2021-12-03 00:00:00+00:00,0.9167334,3.8799999,0.2779917,Altai
2021-12-04 00:00:00+00:00,-2.8495166,0.36000004,0.2775417,Altai
2021-12-05 00:00:00+00:00,-4.58035,0.0,0.2769,Altai
2021-12-06 00:00:00+00:00,-2.7915998,1.6200001,0.27595836,Altai
2021-12-07 00:00:00+00:00,-3.9799333,3.06,0.27507502,Altai
2021-12-08 00:00:00+00:00,-16.7066,0.30000004,0.27418333,Altai
2021-12-09 00:00:00+00:00,-18.6191,0.14,0.27316672,Altai
2021-12-10 00:00:00+00:00,-10.579516,0.32000002,0.27218336,Altai
2021-12-11 00:00:00+00:00,-9.492017,0.0,0.27114996,Altai
2021-12-12 00:00:00+00:00,-9.799517,1.0799999,0.27024165,Altai
2021-12-13 00:00:00+00:00,-13.514517,3.52,0.26935834,Altai
2021-12-14 00:00:00+00:00,-15.022017,0.44000006,0.26846665,Altai
2021-12-15 00:00:00+00:00,-11.3716,1.1800001,0.26771665,Altai
2021-12-16 00:00:00+00:00,-5.484933,4.92,0.26684168,Altai
2021-12-17 00:00:00+00:00,-3.5370166,1.24,0.2662167,Altai
2021-12-18 00:00:00+00:00,-3.3832664,1.5400001,0.26558334,Altai
2021-12-19 00:00:00+00:00,-3.85535,1.2,0.26509166,Altai
2021-12-20 00:00:00+00:00,-1.4316002,1.2199999,0.26458332,Altai
2021-12-21 00:00:00+00:00,-3.2036834,0.85999984,0.2642833,Altai
2021-12-22 00:00:00+00:00,-6.9678497,0.0,0.26375833,Altai
2021-12-23 00:00:00+00:00,-2.9132667,1.24,0.26321667,Altai
2021-12-24 00:00:00+00:00,-3.5182667,0.28000003,0.26288334,Altai
2021-12-25 00:00:00+00:00,-6.788684,0.87999994,0.26243335,Altai
2021-12-26 00:00:00+00:00,-6.7582664,0.18,0.2620917,Altai
2021-12-27 00:00:00+00:00,-9.2241,1.26,0.26177502,Altai
2021-12-28 00:00:00+00:00,-9.523267,0.060000002,0.2612334,Altai
2021-12-29 00:00:00+00:00,-7.9732666,1.86,0.26073337,Altai
2021-12-30 00:00:00+00:00,-18.297434,0.5,0.26029998,Altai
2021-12-31 00:00:00+00:00,-20.434101,0.0,0.2599,Altai
2020-01-01 00:00:00+00:00,4.104875,0.8,0.26253125,Stavropol
2020-01-02 00:00:00+00:00,1.4892498,0.22500001,0.2619896,Stavropol
2020-01-03 00:00:00+00:00,-0.6242916,0.0,0.26195836,Stavropol
2020-01-04 00:00:00+00:00,-0.6180417,0.0,0.26190624,Stavropol
2020-01-05 00:00:00+00:00,0.27206254,0.0,0.26158333,Stavropol
2020-01-06 00:00:00+00:00,0.018937513,0.0,0.2610521,Stavropol
2020-01-07 00:00:00+00:00,0.35331252,1.2500001,0.26060417,Stavropol
2020-01-08 00:00:00+00:00,1.11425,4.1000004,0.2607292,Stavropol
2020-01-09 00:00:00+00:00,-0.07324995,4.3749995,0.26109377,Stavropol
2020-01-10 00:00:00+00:00,-0.4966874,1.1750001,0.26150003,Stavropol
2020-01-11 00:00:00+00:00,1.5663333,2.15,0.26202086,Stavropol
2020-01-12 00:00:00+00:00,2.682479,8.075,0.27759376,Stavropol
2020-01-13 00:00:00+00:00,0.38820833,0.025,0.2895833,Stavropol
2020-01-14 00:00:00+00:00,2.0283127,0.15,0.29122916,Stavropol
2020-01-15 00:00:00+00:00,1.1121666,1.1,0.29077083,Stavropol
2020-01-16 00:00:00+00:00,0.4408125,0.0,0.2915104,Stavropol
2020-01-17 00:00:00+00:00,1.0981042,0.0,0.29126036,Stavropol
2020-01-18 00:00:00+00:00,-0.32220834,0.45000005,0.29087505,Stavropol
2020-01-19 00:00:00+00:00,-0.49668753,0.0,0.29039586,Stavropol
2020-01-20 00:00:00+00:00,-1.7446041,0.0,0.28875005,Stavropol
2020-01-21 00:00:00+00:00,-1.8539792,0.0,0.2872708,Stavropol
2020-01-22 00:00:00+00:00,3.267375,1.3000001,0.28598955,Stavropol
2020-01-23 00:00:00+00:00,1.2960211,5.1000004,0.28864583,Stavropol
2020-01-24 00:00:00+00:00,-2.585229,0.85,0.28990626,Stavropol
2020-01-25 00:00:00+00:00,1.3918542,0.125,0.28877082,Stavropol
2020-01-26 00:00:00+00:00,1.8856041,0.875,0.28811458,Stavropol
2020-01-27 00:00:00+00:00,2.7345624,0.0,0.28705204,Stavropol
2020-01-28 00:00:00+00:00,3.1012292,0.0,0.2865208,Stavropol
2020-01-29 00:00:00+00:00,2.5632083,0.52500004,0.28799993,Stavropol
2020-01-30 00:00:00+00:00,3.05175,0.77500004,0.2877083,Stavropol
2020-01-31 00:00:00+00:00,1.1762292,5.8000007,0.2876979,Stavropol
2020-02-01 00:00:00+00:00,1.0960208,0.05,0.29045832,Stavropol
2020-02-02 00:00:00+00:00,4.4090414,0.7750001,0.29215628,Stavropol
2020-02-03 00:00:00+00:00,7.6777916,3.825,0.29459378,Stavropol
2020-02-04 00:00:00+00:00,3.158521,4.4,0.3064375,Stavropol
2020-02-05 00:00:00+00:00,2.2283125,0.275,0.3104375,Stavropol
2020-02-06 00:00:00+00:00,6.518937,1.15,0.30975002,Stavropol
2020-02-07 00:00:00+00:00,2.952792,7.675001,0.31875,Stavropol
2020-02-08 00:00:00+00:00,-3.5946043,3.6,0.3306354,Stavropol
2020-02-09 00:00:00+00:00,-7.8550215,0.125,0.33043754,Stavropol
2020-02-10 00:00:00+00:00,-7.3545003,0.0,0.32798958,Stavropol
2020-02-11 00:00:00+00:00,-5.394604,0.0,0.32516664,Stavropol
2020-02-12 00:00:00+00:00,-1.3763751,0.975,0.32242706,Stavropol
2020-02-13 00:00:00+00:00,1.532479,0.25,0.31994796,Stavropol
2020-02-14 00:00:00+00:00,0.8637291,0.375,0.31767708,Stavropol
2020-02-15 00:00:00+00:00,0.6116458,0.0,0.31533337,Stavropol
2020-02-16 00:00:00+00:00,0.03820836,0.17500001,0.31301042,Stavropol
2020-02-17 00:00:00+00:00,0.78977084,0.0,0.31107292,Stavropol
2020-02-18 00:00:00+00:00,1.958,0.0,0.30846876,Stavropol
2020-02-19 00:00:00+00:00,3.3835208,0.0,0.30569792,Stavropol
2020-02-20 00:00:00+00:00,3.579875,0.0,0.3026458,Stavropol
2020-02-21 00:00:00+00:00,2.333,0.17500001,0.30025002,Stavropol
2020-02-22 00:00:00+00:00,2.7100835,0.075,0.29922915,Stavropol
2020-02-23 00:00:00+00:00,2.7678957,1.7249999,0.3007396,Stavropol
2020-02-24 00:00:00+00:00,4.916333,1.5749999,0.3015521,Stavropol
2020-02-25 00:00:00+00:00,3.525709,0.55,0.30317706,Stavropol
2020-02-26 00:00:00+00:00,3.8007085,0.0,0.30142707,Stavropol
2020-02-27 00:00:00+00:00,8.291854,0.0,0.2943854,Stavropol
2020-02-28 00:00:00+00:00,7.2902913,0.1,0.28934374,Stavropol
2020-02-29 00:00:00+00:00,4.150708,0.375,0.28782293,Stavropol
2020-03-01 00:00:00+00:00,2.451229,3.2749999,0.28576043,Stavropol
2020-03-02 00:00:00+00:00,3.2356043,0.0,0.28559372,Stavropol
2020-03-03 00:00:00+00:00,5.060604,0.0,0.28201038,Stavropol
2020-03-04 00:00:00+00:00,9.55175,0.0,0.26997918,Stavropol
2020-03-05 00:00:00+00:00,8.933001,0.0,0.25885418,Stavropol
2020-03-06 00:00:00+00:00,8.565291,0.15,0.25640622,Stavropol
2020-03-07 00:00:00+00:00,9.787167,0.0,0.25568753,Stavropol
2020-03-08 00:00:00+00:00,9.27623,0.0,0.2480208,Stavropol
2020-03-09 00:00:00+00:00,10.037167,0.0,0.23924996,Stavropol
2020-03-10 00:00:00+00:00,8.338728,0.0,0.2380729,Stavropol
2020-03-11 00:00:00+00:00,11.803834,0.075,0.24191663,Stavropol
2020-03-12 00:00:00+00:00,11.336646,0.25,0.2369479,Stavropol
2020-03-13 00:00:00+00:00,10.910604,0.0,0.23208337,Stavropol
2020-03-14 00:00:00+00:00,11.623105,0.85,0.22261456,Stavropol
2020-03-15 00:00:00+00:00,5.7053957,4.875,0.22169796,Stavropol
2020-03-16 00:00:00+00:00,0.7684167,2.5,0.22226039,Stavropol
2020-03-17 00:00:00+00:00,1.3147708,0.57500005,0.22584373,Stavropol
2020-03-18 00:00:00+00:00,2.2647707,0.775,0.23541664,Stavropol
2020-03-19 00:00:00+00:00,2.7887294,3.525,0.23908332,Stavropol
2020-03-20 00:00:00+00:00,5.817896,0.9,0.244875,Stavropol
2020-03-21 00:00:00+00:00,7.532479,0.17500001,0.24446878,Stavropol
2020-03-22 00:00:00+00:00,8.7705,0.0,0.23792706,Stavropol
2020-03-23 00:00:00+00:00,9.2705,0.0,0.23710418,Stavropol
2020-03-24 00:00:00+00:00,7.4267497,0.0,0.23600002,Stavropol
2020-03-25 00:00:00+00:00,7.9168544,0.0,0.23803127,Stavropol
2020-03-26 00:00:00+00:00,8.994458,0.0,0.23585415,Stavropol
2020-03-27 00:00:00+00:00,9.0564375,0.0,0.23448956,Stavropol
2020-03-28 00:00:00+00:00,9.578834,0.0,0.23399997,Stavropol
2020-03-29 00:00:00+00:00,10.819458,0.0,0.22630207,Stavropol
2020-03-30 00:00:00+00:00,10.204355,2.1,0.22265625,Stavropol
2020-03-31 00:00:00+00:00,11.0824795,0.65,0.22059374,Stavropol
2020-04-01 00:00:00+00:00,8.9205,2.225,0.21532291,Stavropol
2020-04-02 00:00:00+00:00,2.9413333,4.425,0.21468753,Stavropol
2020-04-03 00:00:00+00:00,5.255396,0.0,0.21739586,Stavropol
2020-04-04 00:00:00+00:00,9.021542,0.0,0.2204479,Stavropol
2020-04-05 00:00:00+00:00,10.259042,0.0,0.21737504,Stavropol
2020-04-06 00:00:00+00:00,6.116854,0.0,0.21817708,Stavropol
2020-04-07 00:00:00+00:00,3.7262292,0.0,0.21509379,Stavropol
2020-04-08 00:00:00+00:00,4.927271,0.0,0.20727082,Stavropol
2020-04-09 00:00:00+00:00,7.3569584,0.0,0.19967708,Stavropol
2020-04-10 00:00:00+00:00,8.578312,0.0,0.19408336,Stavropol
2020-04-11 00:00:00+00:00,9.493416,0.275,0.19047916,Stavropol
2020-04-12 00:00:00+00:00,7.030916,0.175,0.19041668,Stavropol
2020-04-13 00:00:00+00:00,7.366333,0.0,0.19519791,Stavropol
2020-04-14 00:00:00+00:00,11.748104,0.0,0.1909375,Stavropol
2020-04-15 00:00:00+00:00,13.860085,2.15,0.18787499,Stavropol
2020-04-16 00:00:00+00:00,6.9293537,1.5,0.19273959,Stavropol
2020-04-17 00:00:00+00:00,12.182999,0.0,0.19510418,Stavropol
2020-04-18 00:00:00+00:00,13.459562,0.0,0.1914271,Stavropol
2020-04-19 00:00:00+00:00,14.516334,0.5,0.18436462,Stavropol
2020-04-20 00:00:00+00:00,13.763208,4.35,0.18436457,Stavropol
2020-04-21 00:00:00+00:00,9.211646,0.8,0.18762499,Stavropol
2020-04-22 00:00:00+00:00,8.860604,0.025,0.19284374,Stavropol
2020-04-23 00:00:00+00:00,8.840292,0.125,0.19364583,Stavropol
2020-04-24 00:00:00+00:00,10.809563,0.0,0.19062503,Stavropol
2020-04-25 00:00:00+00:00,11.844458,0.0,0.19,Stavropol
2020-04-26 00:00:00+00:00,12.542376,0.125,0.18771873,Stavropol
2020-04-27 00:00:00+00:00,12.335605,0.72499996,0.17970833,Stavropol
2020-04-28 00:00:00+00:00,11.019459,0.025,0.17999999,Stavropol
2020-04-29 00:00:00+00:00,13.438729,0.0,0.18403123,Stavropol
2020-04-30 00:00:00+00:00,15.5824795,0.0,0.1788542,Stavropol
2020-05-01 00:00:00+00:00,16.32154,0.0,0.17491664,Stavropol
2020-05-02 00:00:00+00:00,16.459042,1.3249999,0.17332292,Stavropol
2020-05-03 00:00:00+00:00,16.98977,3.0,0.1735104,Stavropol
2020-05-04 00:00:00+00:00,18.004875,1.0,0.17027085,Stavropol
2020-05-05 00:00:00+00:00,17.580397,4.0,0.16801043,Stavropol
2020-05-06 00:00:00+00:00,16.965813,14.650002,0.18238541,Stavropol
2020-05-07 00:00:00+00:00,14.080397,8.35,0.21807292,Stavropol
2020-05-08 00:00:00+00:00,13.958,5.8,0.23341669,Stavropol
2020-05-09 00:00:00+00:00,11.744459,5.375,0.25621876,Stavropol
2020-05-10 00:00:00+00:00,12.455917,0.0,0.26344794,Stavropol
2020-05-11 00:00:00+00:00,14.730917,0.17500001,0.25923955,Stavropol
2020-05-12 00:00:00+00:00,17.585606,0.025,0.24952084,Stavropol
2020-05-13 00:00:00+00:00,17.716856,0.95000005,0.23954165,Stavropol
2020-05-14 00:00:00+00:00,13.848625,0.0,0.23360418,Stavropol
2020-05-15 00:00:00+00:00,19.491856,1.025,0.22405207,Stavropol
2020-05-16 00:00:00+00:00,19.478834,1.0999999,0.21523958,Stavropol
2020-05-17 00:00:00+00:00,14.4887295,0.025,0.21027082,Stavropol
2020-05-18 00:00:00+00:00,15.67675,1.95,0.20893753,Stavropol
2020-05-19 00:00:00+00:00,16.261126,0.025,0.2057604,Stavropol
2020-05-20 00:00:00+00:00,19.492897,0.22500001,0.19828124,Stavropol
2020-05-21 00:00:00+00:00,20.779873,0.35,0.19057292,Stavropol
2020-05-22 00:00:00+00:00,18.81425,16.35,0.19012502,Stavropol
2020-05-23 00:00:00+00:00,11.253313,8.525001,0.22910416,Stavropol
2020-05-24 00:00:00+00:00,12.977272,0.275,0.24827081,Stavropol
2020-05-25 00:00:00+00:00,14.40696,1.6500001,0.2505417,Stavropol
2020-05-26 00:00:00+00:00,16.441854,0.075,0.25054166,Stavropol
2020-05-27 00:00:00+00:00,19.418419,0.0,0.24369791,Stavropol
2020-05-28 00:00:00+00:00,22.027792,0.0,0.23355204,Stavropol
2020-05-29 00:00:00+00:00,22.435083,3.5500002,0.2221146,Stavropol
2020-05-30 00:00:00+00:00,18.32675,3.0749998,0.21612501,Stavropol
2020-05-31 00:00:00+00:00,18.73769,0.75000006,0.21075001,Stavropol
2020-06-01 00:00:00+00:00,19.967377,2.5,0.20330207,Stavropol
2020-06-02 00:00:00+00:00,21.392895,0.975,0.19808331,Stavropol
2020-06-03 00:00:00+00:00,19.966854,4.125,0.19414584,Stavropol
2020-06-04 00:00:00+00:00,19.61477,5.1499996,0.19763543,Stavropol
2020-06-05 00:00:00+00:00,19.155918,1.075,0.20311455,Stavropol
2020-06-06 00:00:00+00:00,21.661646,0.0,0.20308334,Stavropol
2020-06-07 00:00:00+00:00,23.411646,0.0,0.19685413,Stavropol
2020-06-08 00:00:00+00:00,24.336124,0.0,0.190375,Stavropol
2020-06-09 00:00:00+00:00,25.881435,0.0,0.18553126,Stavropol
2020-06-10 00:00:00+00:00,26.580917,0.15,0.1806146,Stavropol
2020-06-11 00:00:00+00:00,27.649666,0.025,0.1744375,Stavropol
2020-06-12 00:00:00+00:00,26.208,0.975,0.16997916,Stavropol
2020-06-13 00:00:00+00:00,23.784561,2.025,0.166875,Stavropol
2020-06-14 00:00:00+00:00,25.166855,3.15,0.16138542,Stavropol
2020-06-15 00:00:00+00:00,24.291332,2.0,0.15847917,Stavropol
2020-06-16 00:00:00+00:00,26.125189,0.425,0.1588125,Stavropol
2020-06-17 00:00:00+00:00,24.161125,2.5249999,0.15995836,Stavropol
2020-06-18 00:00:00+00:00,23.583,0.55,0.16390626,Stavropol
2020-06-19 00:00:00+00:00,24.731438,1.8249999,0.16493748,Stavropol
2020-06-20 00:00:00+00:00,25.315292,1.475,0.16543747,Stavropol
2020-06-21 00:00:00+00:00,24.882479,3.2250001,0.16712499,Stavropol
2020-06-22 00:00:00+00:00,25.217377,0.525,0.17542706,Stavropol
2020-06-23 00:00:00+00:00,27.125187,0.025,0.17321874,Stavropol
2020-06-24 00:00:00+00:00,27.161648,0.425,0.1722604,Stavropol
2020-06-25 00:00:00+00:00,24.29446,0.17500001,0.17315623,Stavropol
2020-06-26 00:00:00+00:00,22.33248,0.0,0.17432292,Stavropol
2020-06-27 00:00:00+00:00,22.760084,0.0,0.17162502,Stavropol
2020-06-28 00:00:00+00:00,23.887688,0.0,0.16873959,Stavropol
2020-06-29 00:00:00+00:00,26.485605,0.0,0.16590625,Stavropol
2020-06-30 00:00:00+00:00,25.756958,0.32500002,0.16279167,Stavropol
2020-07-01 00:00:00+00:00,27.391335,0.05,0.16194794,Stavropol
2020-07-02 00:00:00+00:00,27.387165,0.0,0.16002086,Stavropol
2020-07-03 00:00:00+00:00,27.344978,0.0,0.15872917,Stavropol
2020-07-04 00:00:00+00:00,28.484562,0.0,0.15789586,Stavropol
2020-07-05 00:00:00+00:00,29.197582,0.0,0.15591666,Stavropol
2020-07-06 00:00:00+00:00,30.75644,0.0,0.15435416,Stavropol
2020-07-07 00:00:00+00:00,32.288208,0.0,0.15294789,Stavropol
2020-07-08 00:00:00+00:00,29.211124,1.2750001,0.15139581,Stavropol
2020-07-09 00:00:00+00:00,25.932999,3.3749998,0.15080208,Stavropol
2020-07-10 00:00:00+00:00,24.732998,0.0,0.15520832,Stavropol
2020-07-11 00:00:00+00:00,27.106958,0.0,0.15545833,Stavropol
2020-07-12 00:00:00+00:00,30.031435,0.0,0.15216666,Stavropol
2020-07-13 00:00:00+00:00,27.626749,1.1999999,0.15336457,Stavropol
2020-07-14 00:00:00+00:00,25.910603,0.32500002,0.15223958,Stavropol
2020-07-15 00:00:00+00:00,25.027792,0.0,0.15186457,Stavropol
2020-07-16 00:00:00+00:00,27.111124,0.0,0.14966665,Stavropol
2020-07-17 00:00:00+00:00,26.482998,2.625,0.15086457,Stavropol
2020-07-18 00:00:00+00:00,26.87154,0.0,0.15487498,Stavropol
2020-07-19 00:00:00+00:00,29.419458,0.0,0.15532291,Stavropol
2020-07-20 00:00:00+00:00,30.615814,0.0,0.15373957,Stavropol
2020-07-21 00:00:00+00:00,24.3455,5.35,0.1538125,Stavropol
2020-07-22 00:00:00+00:00,25.234566,0.0,0.15812501,Stavropol
2020-07-23 00:00:00+00:00,26.022062,0.0,0.15914583,Stavropol
2020-07-24 00:00:00+00:00,26.325708,0.0,0.16033332,Stavropol
2020-07-25 00:00:00+00:00,27.353312,0.15,0.15640622,Stavropol
2020-07-26 00:00:00+00:00,27.878834,0.0,0.15646876,Stavropol
2020-07-27 00:00:00+00:00,27.36008,0.5,0.1558125,Stavropol
2020-07-28 00:00:00+00:00,27.334042,0.55,0.16095832,Stavropol
2020-07-29 00:00:00+00:00,24.812168,1.6999999,0.16098961,Stavropol
2020-07-30 00:00:00+00:00,26.817375,0.0,0.16211459,Stavropol
2020-07-31 00:00:00+00:00,27.131435,0.0,0.16014585,Stavropol
2020-08-01 00:00:00+00:00,25.052792,10.05,0.15922917,Stavropol
2020-08-02 00:00:00+00:00,21.290813,8.975,0.16690627,Stavropol
2020-08-03 00:00:00+00:00,21.942896,0.37500003,0.17041668,Stavropol
2020-08-04 00:00:00+00:00,22.84602,0.0,0.16912502,Stavropol
2020-08-05 00:00:00+00:00,23.12779,0.0,0.1673229,Stavropol
2020-08-06 00:00:00+00:00,25.55279,0.05,0.16389582,Stavropol
2020-08-07 00:00:00+00:00,28.54133,0.0,0.16422917,Stavropol
2020-08-08 00:00:00+00:00,28.89706,0.0,0.1626875,Stavropol
2020-08-09 00:00:00+00:00,26.51842,0.0,0.16165625,Stavropol
2020-08-10 00:00:00+00:00,25.99654,0.0,0.16050002,Stavropol
2020-08-11 00:00:00+00:00,25.34602,0.0,0.15820833,Stavropol
2020-08-12 00:00:00+00:00,26.7955,0.0,0.15681249,Stavropol
2020-08-13 00:00:00+00:00,24.427273,0.875,0.15541668,Stavropol
2020-08-14 00:00:00+00:00,22.636646,0.0,0.15469792,Stavropol
2020-08-15 00:00:00+00:00,20.977272,0.0,0.15392707,Stavropol
2020-08-16 00:00:00+00:00,20.137688,0.0,0.15328126,Stavropol
2020-08-17 00:00:00+00:00,21.655918,0.0,0.15378125,Stavropol
2020-08-18 00:00:00+00:00,24.534042,0.0,0.1533229,Stavropol
2020-08-19 00:00:00+00:00,25.991856,0.0,0.15257291,Stavropol
2020-08-20 00:00:00+00:00,26.942896,0.0,0.15138543,Stavropol
2020-08-21 00:00:00+00:00,23.348625,2.25,0.15175,Stavropol
2020-08-22 00:00:00+00:00,21.972063,0.17500001,0.15192705,Stavropol
2020-08-23 00:00:00+00:00,21.704876,0.0,0.15202081,Stavropol
2020-08-24 00:00:00+00:00,21.646023,0.0,0.1515625,Stavropol
2020-08-25 00:00:00+00:00,22.648106,0.0,0.15070835,Stavropol
2020-08-26 00:00:00+00:00,23.55748,0.0,0.15030208,Stavropol
2020-08-27 00:00:00+00:00,25.155396,0.0,0.14937499,Stavropol
2020-08-28 00:00:00+00:00,25.153313,0.575,0.14903122,Stavropol
2020-08-29 00:00:00+00:00,23.668419,0.075,0.14940625,Stavropol
2020-08-30 00:00:00+00:00,24.498104,0.0,0.14925,Stavropol
2020-08-31 00:00:00+00:00,25.27779,0.0,0.14923957,Stavropol
2020-09-01 00:00:00+00:00,25.027794,0.0,0.14848958,Stavropol
2020-09-02 00:00:00+00:00,26.711124,0.0,0.14862499,Stavropol
2020-09-03 00:00:00+00:00,26.519981,0.0,0.14918748,Stavropol
2020-09-04 00:00:00+00:00,25.23873,0.025,0.14887498,Stavropol
2020-09-05 00:00:00+00:00,24.080397,0.025,0.14872915,Stavropol
2020-09-06 00:00:00+00:00,22.633522,3.375,0.14861456,Stavropol
2020-09-07 00:00:00+00:00,23.094982,2.4250002,0.14978126,Stavropol
2020-09-08 00:00:00+00:00,23.528313,1.075,0.1508646,Stavropol
2020-09-09 00:00:00+00:00,22.728313,0.50000006,0.15146874,Stavropol
2020-09-10 00:00:00+00:00,20.668419,0.0,0.15161458,Stavropol
2020-09-11 00:00:00+00:00,22.216856,0.0,0.15166667,Stavropol
2020-09-12 00:00:00+00:00,23.003834,0.0,0.15094794,Stavropol
2020-09-13 00:00:00+00:00,21.615292,0.0,0.15060416,Stavropol
2020-09-14 00:00:00+00:00,21.78352,0.0,0.15037498,Stavropol
2020-09-15 00:00:00+00:00,20.853313,0.0,0.14991666,Stavropol
2020-09-16 00:00:00+00:00,20.194458,0.0,0.14943752,Stavropol
2020-09-17 00:00:00+00:00,18.657999,0.0,0.1491771,Stavropol
2020-09-18 00:00:00+00:00,21.553314,1.65,0.14871877,Stavropol
2020-09-19 00:00:00+00:00,16.093416,0.8000001,0.14832291,Stavropol
2020-09-20 00:00:00+00:00,15.616854,0.0,0.14883333,Stavropol
2020-09-21 00:00:00+00:00,15.844979,0.0,0.14911456,Stavropol
2020-09-22 00:00:00+00:00,17.253834,0.0,0.14897916,Stavropol
2020-09-23 00:00:00+00:00,18.923103,0.0,0.14887498,Stavropol
2020-09-24 00:00:00+00:00,18.965813,0.0,0.14909375,Stavropol
2020-09-25 00:00:00+00:00,20.341335,0.0,0.14896874,Stavropol
2020-09-26 00:00:00+00:00,19.995502,0.15,0.149,Stavropol
2020-09-27 00:00:00+00:00,18.796541,0.0,0.14875,Stavropol
2020-09-28 00:00:00+00:00,17.63873,0.05,0.14862499,Stavropol
2020-09-29 00:00:00+00:00,17.446022,0.0,0.14862499,Stavropol
2020-09-30 00:00:00+00:00,17.310083,0.0,0.1485,Stavropol
2020-10-01 00:00:00+00:00,17.185604,0.6750001,0.1483958,Stavropol
2020-10-02 00:00:00+00:00,16.90748,2.4999998,0.14839582,Stavropol
2020-10-03 00:00:00+00:00,16.496021,0.3,0.14907292,Stavropol
2020-10-04 00:00:00+00:00,17.362688,0.125,0.14912498,Stavropol
2020-10-05 00:00:00+00:00,16.665293,0.075,0.14913541,Stavropol
2020-10-06 00:00:00+00:00,15.964771,0.0,0.14935416,Stavropol
2020-10-07 00:00:00+00:00,15.453834,0.0,0.14949998,Stavropol
2020-10-08 00:00:00+00:00,14.673105,0.0,0.14899999,Stavropol
2020-10-09 00:00:00+00:00,15.867375,0.0,0.14949998,Stavropol
2020-10-10 00:00:00+00:00,16.03821,0.0,0.14896874,Stavropol
2020-10-11 00:00:00+00:00,16.192375,0.0,0.14913541,Stavropol
2020-10-12 00:00:00+00:00,16.150188,0.0,0.14899999,Stavropol
2020-10-13 00:00:00+00:00,16.823105,0.0,0.14880207,Stavropol
2020-10-14 00:00:00+00:00,17.079355,0.0,0.14835416,Stavropol
2020-10-15 00:00:00+00:00,17.768938,0.0,0.14825,Stavropol
2020-10-16 00:00:00+00:00,18.079874,0.0,0.14833334,Stavropol
2020-10-17 00:00:00+00:00,18.067896,0.0,0.14787498,Stavropol
2020-10-18 00:00:00+00:00,17.641335,0.0,0.1475,Stavropol
2020-10-19 00:00:00+00:00,16.669458,6.8,0.14717707,Stavropol
2020-10-20 00:00:00+00:00,12.410084,0.22500001,0.14998958,Stavropol
2020-10-21 00:00:00+00:00,10.1970625,0.0,0.15245834,Stavropol
2020-10-22 00:00:00+00:00,10.612166,0.0,0.1536146,Stavropol
2020-10-23 00:00:00+00:00,13.038208,0.0,0.15430208,Stavropol
2020-10-24 00:00:00+00:00,13.465292,0.0,0.15456247,Stavropol
2020-10-25 00:00:00+00:00,16.027271,0.0,0.15477082,Stavropol
2020-10-26 00:00:00+00:00,13.201229,0.0,0.15568748,Stavropol
2020-10-27 00:00:00+00:00,11.815291,0.17500001,0.15528123,Stavropol
2020-10-28 00:00:00+00:00,13.030396,0.45000002,0.15549996,Stavropol
2020-10-29 00:00:00+00:00,14.703314,0.275,0.15574996,Stavropol
2020-10-30 00:00:00+00:00,15.041334,0.6,0.15580207,Stavropol
2020-10-31 00:00:00+00:00,14.029875,0.95,0.1563229,Stavropol
2020-11-01 00:00:00+00:00,13.945499,1.775,0.15703124,Stavropol
2020-11-02 00:00:00+00:00,13.310604,3.0,0.16098955,Stavropol
2020-11-03 00:00:00+00:00,12.505917,2.4499998,0.1671875,Stavropol
2020-11-04 00:00:00+00:00,10.127791,0.0,0.17117706,Stavropol
2020-11-05 00:00:00+00:00,9.487167,0.0,0.17409374,Stavropol
2020-11-06 00:00:00+00:00,7.1434164,0.025,0.17628126,Stavropol
2020-11-07 00:00:00+00:00,7.9803967,1.5,0.1774792,Stavropol
2020-11-08 00:00:00+00:00,7.8205004,0.37500003,0.17806248,Stavropol
2020-11-09 00:00:00+00:00,8.191334,0.125,0.17898959,Stavropol
2020-11-10 00:00:00+00:00,7.4069586,0.35,0.17976041,Stavropol
2020-11-11 00:00:00+00:00,2.9658122,0.0,0.18024999,Stavropol
2020-11-12 00:00:00+00:00,1.1918541,0.0,0.18071873,Stavropol
2020-11-13 00:00:00+00:00,0.023104161,0.0,0.18107292,Stavropol
2020-11-14 00:00:00+00:00,0.65383327,0.0,0.18111458,Stavropol
2020-11-15 00:00:00+00:00,1.4908124,0.17500001,0.18134376,Stavropol
2020-11-16 00:00:00+00:00,1.9720626,2.0249999,0.18144794,Stavropol
2020-11-17 00:00:00+00:00,1.8533125,8.375,0.18185419,Stavropol
2020-11-18 00:00:00+00:00,0.07102081,10.125001,0.18358335,Stavropol
2020-11-19 00:00:00+00:00,0.7975834,2.45,0.185625,Stavropol
2020-11-20 00:00:00+00:00,3.0949788,3.15,0.18873958,Stavropol
2020-11-21 00:00:00+00:00,1.4626875,4.35,0.19388542,Stavropol
2020-11-22 00:00:00+00:00,1.0908127,4.425,0.2004375,Stavropol
2020-11-23 00:00:00+00:00,0.04706253,0.125,0.20470834,Stavropol
2020-11-24 00:00:00+00:00,2.591854,1.425,0.20785418,Stavropol
2020-11-25 00:00:00+00:00,2.3335207,0.925,0.21677081,Stavropol
2020-11-26 00:00:00+00:00,1.6996665,3.8499997,0.22554165,Stavropol
2020-11-27 00:00:00+00:00,0.122583315,0.075,0.2315625,Stavropol
2020-11-28 00:00:00+00:00,1.5533128,0.075,0.2343646,Stavropol
2020-11-29 00:00:00+00:00,3.7585208,0.97500014,0.23655204,Stavropol
2020-11-30 00:00:00+00:00,3.6324792,0.22500001,0.23894793,Stavropol
2020-12-01 00:00:00+00:00,1.0491459,0.25000003,0.24044792,Stavropol
2020-12-02 00:00:00+00:00,0.076229244,0.32500005,0.24184379,Stavropol
2020-12-03 00:00:00+00:00,-1.0388751,0.20000002,0.24254167,Stavropol
2020-12-04 00:00:00+00:00,-0.36699995,0.27500004,0.2426666,Stavropol
2020-12-05 00:00:00+00:00,-2.4524167,0.50000006,0.24273959,Stavropol
2020-12-06 00:00:00+00:00,-5.0420003,0.95000005,0.24254167,Stavropol
2020-12-07 00:00:00+00:00,-5.005021,0.62499994,0.24221876,Stavropol
2020-12-08 00:00:00+00:00,-3.407625,0.32500005,0.24182288,Stavropol
2020-12-09 00:00:00+00:00,-1.7508541,0.125,0.24132292,Stavropol
2020-12-10 00:00:00+00:00,-0.91543746,0.15,0.24093752,Stavropol
2020-12-11 00:00:00+00:00,-0.034708306,0.0,0.24061461,Stavropol
2020-12-12 00:00:00+00:00,1.8007084,0.42500004,0.2400938,Stavropol
2020-12-13 00:00:00+00:00,1.6824791,1.0500002,0.23981255,Stavropol
2020-12-14 00:00:00+00:00,2.3840415,0.9500001,0.24040626,Stavropol
2020-12-15 00:00:00+00:00,2.7033126,0.2,0.2428021,Stavropol
2020-12-16 00:00:00+00:00,1.6626874,4.625,0.24813545,Stavropol
2020-12-17 00:00:00+00:00,-0.39512506,0.17500001,0.25921875,Stavropol
2020-12-18 00:00:00+00:00,0.46320832,0.0,0.26254165,Stavropol
2020-12-19 00:00:00+00:00,0.9491459,0.0,0.26413542,Stavropol
2020-12-20 00:00:00+00:00,0.24966665,1.0249999,0.26476038,Stavropol
2020-12-21 00:00:00+00:00,-0.4748125,0.47500002,0.2645312,Stavropol
2020-12-22 00:00:00+00:00,-2.5097084,1.1250001,0.26416662,Stavropol
2020-12-23 00:00:00+00:00,-2.2117915,5.5750003,0.26372916,Stavropol
2020-12-24 00:00:00+00:00,-6.074292,0.5,0.26309374,Stavropol
2020-12-25 00:00:00+00:00,-5.003979,0.0,0.26238543,Stavropol
2020-12-26 00:00:00+00:00,-0.5477291,0.25,0.26162496,Stavropol
2020-12-27 00:00:00+00:00,1.6132085,1.4499999,0.26122916,Stavropol
2020-12-28 00:00:00+00:00,0.22831248,0.32500002,0.2620208,Stavropol
2020-12-29 00:00:00+00:00,0.12102087,0.05,0.26262498,Stavropol
2020-12-30 00:00:00+00:00,0.52779174,0.025,0.26321876,Stavropol
2020-12-31 00:00:00+00:00,1.4340417,0.30000004,0.26354167,Stavropol
2021-01-01 00:00:00+00:00,1.5402918,0.17500001,0.2631979,Stavropol
2021-01-02 00:00:00+00:00,1.642375,0.1,0.26339582,Stavropol
2021-01-03 00:00:00+00:00,1.1335208,0.075,0.26357293,Stavropol
2021-01-04 00:00:00+00:00,0.9059167,0.075,0.2640417,Stavropol
2021-01-05 00:00:00+00:00,1.7382084,0.0,0.26387498,Stavropol
2021-01-06 00:00:00+00:00,2.0350835,0.05,0.26330212,Stavropol
2021-01-07 00:00:00+00:00,3.8668542,0.0,0.26246873,Stavropol
2021-01-08 00:00:00+00:00,4.4996667,0.1,0.26267707,Stavropol
2021-01-09 00:00:00+00:00,5.653313,0.3,0.2628854,Stavropol
2021-01-10 00:00:00+00:00,2.5772707,5.65,0.26330203,Stavropol
2021-01-11 00:00:00+00:00,-0.3935625,4.3749995,0.26327083,Stavropol
2021-01-12 00:00:00+00:00,-0.47845834,3.7,0.26291665,Stavropol
2021-01-13 00:00:00+00:00,3.827271,1.95,0.26804167,Stavropol
2021-01-14 00:00:00+00:00,2.9100833,1.875,0.27758336,Stavropol
2021-01-15 00:00:00+00:00,0.1793541,4.05,0.28369796,Stavropol
2021-01-16 00:00:00+00:00,-0.71543753,0.05,0.2855937,Stavropol
2021-01-17 00:00:00+00:00,-2.3305416,2.5,0.28509375,Stavropol
2021-01-18 00:00:00+00:00,-3.8180416,3.3249998,0.28429168,Stavropol
2021-01-19 00:00:00+00:00,-5.939396,0.625,0.2833333,Stavropol
2021-01-20 00:00:00+00:00,-7.809708,0.6,0.282,Stavropol
2021-01-21 00:00:00+00:00,-7.1935625,0.0,0.28079167,Stavropol
2021-01-22 00:00:00+00:00,-0.13887505,0.0,0.27947918,Stavropol
2021-01-23 00:00:00+00:00,0.7934166,0.0,0.2788021,Stavropol
2021-01-24 00:00:00+00:00,-0.07637504,0.0,0.27842712,Stavropol
2021-01-25 00:00:00+00:00,1.4668541,0.0,0.27820835,Stavropol
2021-01-26 00:00:00+00:00,2.1538334,0.0,0.2774688,Stavropol
2021-01-27 00:00:00+00:00,2.7616458,0.17500001,0.27734375,Stavropol
2021-01-28 00:00:00+00:00,3.4632082,1.0,0.2769792,Stavropol
2021-01-29 00:00:00+00:00,2.0439374,1.3249999,0.2766875,Stavropol
2021-01-30 00:00:00+00:00,3.013729,0.0,0.277125,Stavropol
2021-01-31 00:00:00+00:00,3.1053956,0.275,0.2778229,Stavropol
2021-02-01 00:00:00+00:00,4.0064373,0.075,0.2780729,Stavropol
2021-02-02 00:00:00+00:00,5.0277915,0.0,0.27633333,Stavropol
2021-02-03 00:00:00+00:00,6.2116456,0.0,0.2725208,Stavropol
2021-02-04 00:00:00+00:00,7.025187,0.025,0.26592705,Stavropol
2021-02-05 00:00:00+00:00,5.7960205,3.325,0.26251042,Stavropol
2021-02-06 00:00:00+00:00,0.008520912,4.375,0.26608336,Stavropol
2021-02-07 00:00:00+00:00,-2.9347084,6.374999,0.26879168,Stavropol
2021-02-08 00:00:00+00:00,-3.7378335,4.0,0.2682396,Stavropol
2021-02-09 00:00:00+00:00,-0.1774168,1.475,0.26871878,Stavropol
2021-02-10 00:00:00+00:00,4.085604,0.25,0.27323958,Stavropol
2021-02-11 00:00:00+00:00,6.556437,0.05,0.27890626,Stavropol
2021-02-12 00:00:00+00:00,6.1189375,0.22500001,0.28251043,Stavropol
2021-02-13 00:00:00+00:00,-0.6784583,1.825,0.28429168,Stavropol
2021-02-14 00:00:00+00:00,-1.7331457,0.65000004,0.28528124,Stavropol
2021-02-15 00:00:00+00:00,-5.0112705,6.3749995,0.28287503,Stavropol
2021-02-16 00:00:00+00:00,-7.3675203,5.7,0.28206256,Stavropol
2021-02-17 00:00:00+00:00,-11.24252,5.25,0.2808855,Stavropol
2021-02-18 00:00:00+00:00,-13.191999,0.175,0.27991664,Stavropol
2021-02-19 00:00:00+00:00,-10.664917,0.0,0.27878124,Stavropol
2021-02-20 00:00:00+00:00,-9.88575,0.0,0.27775002,Stavropol
2021-02-21 00:00:00+00:00,-5.448771,0.125,0.2765938,Stavropol
2021-02-22 00:00:00+00:00,0.8955,4.875,0.2762604,Stavropol
2021-02-23 00:00:00+00:00,-8.977417,5.1000004,0.28486457,Stavropol
2021-02-24 00:00:00+00:00,-17.302416,0.0,0.29077083,Stavropol
2021-02-25 00:00:00+00:00,-7.9112706,0.0,0.292,Stavropol
2021-02-26 00:00:00+00:00,3.161125,1.25,0.2965,Stavropol
2021-02-27 00:00:00+00:00,6.352792,1.325,0.31427085,Stavropol
2021-02-28 00:00:00+00:00,1.8642501,10.400001,0.32678124,Stavropol
2021-03-01 00:00:00+00:00,1.0371667,0.35000002,0.33461457,Stavropol
2021-03-02 00:00:00+00:00,1.8455,0.3,0.33275,Stavropol
2021-03-03 00:00:00+00:00,1.5574793,3.8000002,0.3312917,Stavropol
2021-03-04 00:00:00+00:00,1.2908124,0.0,0.32995835,Stavropol
2021-03-05 00:00:00+00:00,3.3882084,0.0,0.3252604,Stavropol
2021-03-06 00:00:00+00:00,6.6934166,1.5,0.31801045,Stavropol
2021-03-07 00:00:00+00:00,-1.1477292,1.55,0.31470835,Stavropol
2021-03-08 00:00:00+00:00,0.26112494,0.0,0.31095833,Stavropol
2021-03-09 00:00:00+00:00,1.8246669,2.225,0.30558336,Stavropol
2021-03-10 00:00:00+00:00,-1.9003334,0.37500003,0.30333328,Stavropol
2021-03-11 00:00:00+00:00,-4.9925213,5.05,0.30109376,Stavropol
2021-03-12 00:00:00+00:00,-6.920125,2.55,0.29911458,Stavropol
2021-03-13 00:00:00+00:00,-4.4180417,0.0,0.29719794,Stavropol
2021-03-14 00:00:00+00:00,-0.57741666,0.0,0.29525,Stavropol
2021-03-15 00:00:00+00:00,2.5564377,0.05,0.29335418,Stavropol
2021-03-16 00:00:00+00:00,4.223625,0.85,0.29489583,Stavropol
2021-03-17 00:00:00+00:00,6.629875,1.7,0.29865634,Stavropol
2021-03-18 00:00:00+00:00,4.673625,5.65,0.30829167,Stavropol
2021-03-19 00:00:00+00:00,5.8835206,1.15,0.3159896,Stavropol
2021-03-20 00:00:00+00:00,4.701229,3.9750004,0.31574997,Stavropol
2021-03-21 00:00:00+00:00,3.5439374,0.5,0.3197708,Stavropol
2021-03-22 00:00:00+00:00,4.585083,0.9000001,0.31855202,Stavropol
2021-03-23 00:00:00+00:00,6.597062,7.2749996,0.32238543,Stavropol
2021-03-24 00:00:00+00:00,3.2043543,3.35,0.33609372,Stavropol
2021-03-25 00:00:00+00:00,3.6194582,0.35000002,0.33862495,Stavropol
2021-03-26 00:00:00+00:00,4.286646,0.8999999,0.33529162,Stavropol
2021-03-27 00:00:00+00:00,5.936125,0.0,0.3294583,Stavropol
2021-03-28 00:00:00+00:00,6.1595626,2.3,0.3233854,Stavropol
2021-03-29 00:00:00+00:00,5.788729,0.37500003,0.32020834,Stavropol
2021-03-30 00:00:00+00:00,6.9335203,0.15,0.31226045,Stavropol
2021-03-31 00:00:00+00:00,6.260083,0.0,0.30491665,Stavropol
2021-04-01 00:00:00+00:00,7.244979,0.0,0.29929167,Stavropol
2021-04-02 00:00:00+00:00,8.85175,0.125,0.29458332,Stavropol
2021-04-03 00:00:00+00:00,10.365292,0.3,0.28407288,Stavropol
2021-04-04 00:00:00+00:00,11.515291,1.075,0.2790521,Stavropol
2021-04-05 00:00:00+00:00,12.534563,6.925,0.27565622,Stavropol
2021-04-06 00:00:00+00:00,8.381958,0.72499996,0.27961463,Stavropol
2021-04-07 00:00:00+00:00,11.540292,0.525,0.27723956,Stavropol
2021-04-08 00:00:00+00:00,13.362167,0.1,0.2686875,Stavropol
2021-04-09 00:00:00+00:00,8.161125,4.4249997,0.26292711,Stavropol
2021-04-10 00:00:00+00:00,7.050709,1.0999999,0.27109373,Stavropol
2021-04-11 00:00:00+00:00,9.630397,0.70000005,0.27288538,Stavropol
2021-04-12 00:00:00+00:00,9.799146,2.25,0.27628124,Stavropol
2021-04-13 00:00:00+00:00,11.264251,2.65,0.2776979,Stavropol
2021-04-14 00:00:00+00:00,10.769459,1.9000001,0.27922916,Stavropol
2021-04-15 00:00:00+00:00,12.586124,0.15,0.27614588,Stavropol
2021-04-16 00:00:00+00:00,14.15123,0.3,0.26684374,Stavropol
2021-04-17 00:00:00+00:00,11.827791,4.2500005,0.2634375,Stavropol
2021-04-18 00:00:00+00:00,12.278833,3.275,0.2673542,Stavropol
2021-04-19 00:00:00+00:00,13.847584,7.0,0.27490625,Stavropol
2021-04-20 00:00:00+00:00,16.578835,2.5749998,0.2789271,Stavropol
2021-04-21 00:00:00+00:00,11.915291,6.25,0.287125,Stavropol
2021-04-22 00:00:00+00:00,12.300708,3.825,0.28759372,Stavropol
2021-04-23 00:00:00+00:00,12.787167,2.2999997,0.29068747,Stavropol
2021-04-24 00:00:00+00:00,12.735603,0.42500004,0.28490627,Stavropol
2021-04-25 00:00:00+00:00,10.275708,2.55,0.27963543,Stavropol
2021-04-26 00:00:00+00:00,10.745501,14.4,0.2885,Stavropol
2021-04-27 00:00:00+00:00,10.729876,0.05,0.31375003,Stavropol
2021-04-28 00:00:00+00:00,12.7955,0.525,0.3095521,Stavropol
2021-04-29 00:00:00+00:00,14.406958,3.975,0.30285415,Stavropol
2021-04-30 00:00:00+00:00,15.30123,0.475,0.29941666,Stavropol
2021-05-01 00:00:00+00:00,16.462168,0.675,0.28980213,Stavropol
2021-05-02 00:00:00+00:00,18.580917,0.075,0.2769375,Stavropol
2021-05-03 00:00:00+00:00,19.758,0.0,0.26064587,Stavropol
2021-05-04 00:00:00+00:00,14.965293,5.2,0.25143746,Stavropol
2021-05-05 00:00:00+00:00,12.6345625,0.0,0.24972914,Stavropol
2021-05-06 00:00:00+00:00,15.035084,0.0,0.24442707,Stavropol
2021-05-07 00:00:00+00:00,15.599667,0.0,0.23307292,Stavropol
2021-05-08 00:00:00+00:00,18.635605,0.0,0.22137502,Stavropol
2021-05-09 00:00:00+00:00,12.047062,9.5,0.21793748,Stavropol
2021-05-10 00:00:00+00:00,9.486647,1.25,0.22903125,Stavropol
2021-05-11 00:00:00+00:00,10.742896,2.4500003,0.23343748,Stavropol
2021-05-12 00:00:00+00:00,14.437687,0.025,0.2310625,Stavropol
2021-05-13 00:00:00+00:00,18.480915,0.0,0.22383335,Stavropol
2021-05-14 00:00:00+00:00,22.191334,0.0,0.21358332,Stavropol
2021-05-15 00:00:00+00:00,22.574667,0.79999995,0.20643751,Stavropol
2021-05-16 00:00:00+00:00,24.200708,0.0,0.19672917,Stavropol
2021-05-17 00:00:00+00:00,22.698105,2.475,0.19138542,Stavropol
2021-05-18 00:00:00+00:00,18.89498,4.8,0.18805207,Stavropol
2021-05-19 00:00:00+00:00,17.71425,2.2,0.18942711,Stavropol
2021-05-20 00:00:00+00:00,20.266333,0.0,0.18915623,Stavropol
2021-05-21 00:00:00+00:00,23.717896,0.0,0.18477085,Stavropol
2021-05-22 00:00:00+00:00,23.892376,1.8999999,0.17906249,Stavropol
2021-05-23 00:00:00+00:00,22.769459,1.725,0.18183333,Stavropol
2021-05-24 00:00:00+00:00,21.070501,9.125,0.1813021,Stavropol
2021-05-25 00:00:00+00:00,17.227272,13.450001,0.21373957,Stavropol
2021-05-26 00:00:00+00:00,17.4955,2.75,0.23445836,Stavropol
2021-05-27 00:00:00+00:00,19.516335,0.125,0.23402081,Stavropol
2021-05-28 00:00:00+00:00,21.66425,0.0,0.22606252,Stavropol
2021-05-29 00:00:00+00:00,23.274668,0.8,0.21459377,Stavropol
2021-05-30 00:00:00+00:00,18.627792,8.1,0.21847914,Stavropol
2021-05-31 00:00:00+00:00,20.333,0.025,0.22649999,Stavropol
2021-06-01 00:00:00+00:00,22.974148,2.675,0.22230208,Stavropol
2021-06-02 00:00:00+00:00,19.38248,6.825,0.22170834,Stavropol
2021-06-03 00:00:00+00:00,17.456959,7.325,0.23412499,Stavropol
2021-06-04 00:00:00+00:00,17.666332,3.8,0.2438854,Stavropol
2021-06-05 00:00:00+00:00,16.986645,5.6749997,0.25839582,Stavropol
2021-06-06 00:00:00+00:00,17.678312,4.7749996,0.26060414,Stavropol
2021-06-07 00:00:00+00:00,16.485603,4.7999997,0.2700104,Stavropol
2021-06-08 00:00:00+00:00,18.315292,0.025,0.27667707,Stavropol
2021-06-09 00:00:00+00:00,19.78248,1.75,0.26839584,Stavropol
2021-06-10 00:00:00+00:00,19.554354,0.95,0.26007295,Stavropol
2021-06-11 00:00:00+00:00,20.334044,0.95,0.25140625,Stavropol
2021-06-12 00:00:00+00:00,21.922064,5.325,0.2401146,Stavropol
2021-06-13 00:00:00+00:00,19.43821,9.675,0.24538542,Stavropol
2021-06-14 00:00:00+00:00,21.860605,0.55,0.24653128,Stavropol
2021-06-15 00:00:00+00:00,22.919458,0.2,0.2396771,Stavropol
2021-06-16 00:00:00+00:00,25.57623,0.0,0.2316042,Stavropol
2021-06-17 00:00:00+00:00,23.268417,7.575,0.2303854,Stavropol
2021-06-18 00:00:00+00:00,23.115292,0.25,0.2327396,Stavropol
2021-06-19 00:00:00+00:00,26.063728,0.0,0.22682296,Stavropol
2021-06-20 00:00:00+00:00,26.023628,0.0,0.22278127,Stavropol
2021-06-21 00:00:00+00:00,26.586124,0.0,0.21668749,Stavropol
2021-06-22 00:00:00+00:00,27.486124,0.075,0.21122916,Stavropol
2021-06-23 00:00:00+00:00,27.40175,0.0,0.20525,Stavropol
2021-06-24 00:00:00+00:00,27.45227,0.7,0.2008333,Stavropol
2021-06-25 00:00:00+00:00,27.932478,0.1,0.1929375,Stavropol
2021-06-26 00:00:00+00:00,28.293938,0.075,0.1861875,Stavropol
2021-06-27 00:00:00+00:00,27.327791,3.9,0.18070832,Stavropol
2021-06-28 00:00:00+00:00,26.811125,4.75,0.1790625,Stavropol
2021-06-29 00:00:00+00:00,24.481438,5.700001,0.19240625,Stavropol
2021-06-30 00:00:00+00:00,24.708,0.05,0.20288542,Stavropol
2021-07-01 00:00:00+00:00,26.171541,0.0,0.19738542,Stavropol
2021-07-02 00:00:00+00:00,28.199667,0.0,0.1891354,Stavropol
2021-07-03 00:00:00+00:00,29.119457,0.0,0.18090625,Stavropol
2021-07-04 00:00:00+00:00,28.549667,6.25,0.17879167,Stavropol
2021-07-05 00:00:00+00:00,24.484564,1.9250001,0.1907604,Stavropol
2021-07-06 00:00:00+00:00,24.350708,0.22500002,0.19350001,Stavropol
2021-07-07 00:00:00+00:00,24.335606,3.75,0.19158332,Stavropol
2021-07-08 00:00:00+00:00,24.669977,0.025,0.19153124,Stavropol
2021-07-09 00:00:00+00:00,24.65748,0.0,0.18656251,Stavropol
2021-07-10 00:00:00+00:00,26.199667,0.0,0.18179166,Stavropol
2021-07-11 00:00:00+00:00,26.891853,0.0,0.178875,Stavropol
2021-07-12 00:00:00+00:00,28.65696,0.0,0.1749583,Stavropol
2021-07-13 00:00:00+00:00,28.161123,0.0,0.1710521,Stavropol
2021-07-14 00:00:00+00:00,27.255394,0.0,0.16903125,Stavropol
2021-07-15 00:00:00+00:00,28.240292,0.0,0.16707292,Stavropol
2021-07-16 00:00:00+00:00,29.598104,0.0,0.16517708,Stavropol
2021-07-17 00:00:00+00:00,30.113207,0.0,0.16172917,Stavropol
2021-07-18 00:00:00+00:00,30.343937,0.0,0.15924999,Stavropol
2021-07-19 00:00:00+00:00,31.556957,0.0,0.1575104,Stavropol
2021-07-20 00:00:00+00:00,32.41529,0.0,0.15544792,Stavropol
2021-07-21 00:00:00+00:00,33.052273,0.0,0.15348959,Stavropol
2021-07-22 00:00:00+00:00,27.005917,7.5750003,0.15269792,Stavropol
2021-07-23 00:00:00+00:00,23.210606,2.5249999,0.15840627,Stavropol
2021-07-24 00:00:00+00:00,24.80227,0.3,0.1646875,Stavropol
2021-07-25 00:00:00+00:00,26.279875,0.0,0.16539583,Stavropol
2021-07-26 00:00:00+00:00,27.35748,0.0,0.16371875,Stavropol
2021-07-27 00:00:00+00:00,20.434042,13.975,0.16803126,Stavropol
2021-07-28 00:00:00+00:00,21.83873,0.20000002,0.17503124,Stavropol
2021-07-29 00:00:00+00:00,24.580915,0.0,0.174375,Stavropol
2021-07-30 00:00:00+00:00,25.650187,0.0,0.17236456,Stavropol
2021-07-31 00:00:00+00:00,27.205395,0.0,0.16677083,Stavropol
2021-08-01 00:00:00+00:00,28.687166,0.0,0.16328123,Stavropol
2021-08-02 00:00:00+00:00,29.384562,0.3,0.15998957,Stavropol
2021-08-03 00:00:00+00:00,30.004875,0.0,0.15919791,Stavropol
2021-08-04 00:00:00+00:00,30.343416,0.05,0.15740624,Stavropol
2021-08-05 00:00:00+00:00,29.935083,0.0,0.15804169,Stavropol
2021-08-06 00:00:00+00:00,30.374146,0.0,0.157375,Stavropol
2021-08-07 00:00:00+00:00,30.417374,0.875,0.155625,Stavropol
2021-08-08 00:00:00+00:00,29.600706,1.25,0.15277086,Stavropol
2021-08-09 00:00:00+00:00,29.739769,0.05,0.15409376,Stavropol
2021-08-10 00:00:00+00:00,29.232998,1.3499999,0.15478125,Stavropol
2021-08-11 00:00:00+00:00,28.662165,0.15,0.15476042,Stavropol
2021-08-12 00:00:00+00:00,28.060604,1.85,0.151375,Stavropol
2021-08-13 00:00:00+00:00,28.384563,0.35000002,0.1502292,Stavropol
2021-08-14 00:00:00+00:00,25.440292,5.15,0.15311459,Stavropol
2021-08-15 00:00:00+00:00,22.68248,9.075001,0.17471875,Stavropol
2021-08-16 00:00:00+00:00,22.693417,12.225,0.22631252,Stavropol
2021-08-17 00:00:00+00:00,24.78196,0.0,0.23758337,Stavropol
2021-08-18 00:00:00+00:00,26.401228,0.0,0.23258337,Stavropol
2021-08-19 00:00:00+00:00,25.503311,0.075,0.22737503,Stavropol
2021-08-20 00:00:00+00:00,24.552273,4.6,0.22263543,Stavropol
2021-08-21 00:00:00+00:00,24.211124,0.175,0.21581252,Stavropol
2021-08-22 00:00:00+00:00,25.440292,1.0,0.20828125,Stavropol
2021-08-23 00:00:00+00:00,24.2205,1.425,0.20390625,Stavropol
2021-08-24 00:00:00+00:00,23.465294,0.52500004,0.20359375,Stavropol
2021-08-25 00:00:00+00:00,23.760084,0.0,0.20144793,Stavropol
2021-08-26 00:00:00+00:00,24.936125,0.0,0.197875,Stavropol
2021-08-27 00:00:00+00:00,26.965292,0.0,0.19158334,Stavropol
2021-08-28 00:00:00+00:00,27.192375,0.0,0.18654168,Stavropol
2021-08-29 00:00:00+00:00,27.609564,0.0,0.18335417,Stavropol
2021-08-30 00:00:00+00:00,25.979874,0.0,0.18058333,Stavropol
2021-08-31 00:00:00+00:00,25.046543,0.025,0.17940624,Stavropol
2021-09-01 00:00:00+00:00,25.421022,3.375,0.17736459,Stavropol
2021-09-02 00:00:00+00:00,20.729355,9.299999,0.1798125,Stavropol
2021-09-03 00:00:00+00:00,15.979355,0.85,0.18645833,Stavropol
2021-09-04 00:00:00+00:00,16.75123,0.0,0.19114584,Stavropol
2021-09-05 00:00:00+00:00,18.672585,0.625,0.1957604,Stavropol
2021-09-06 00:00:00+00:00,14.543416,1.3249999,0.19708332,Stavropol
2021-09-07 00:00:00+00:00,14.690811,0.0,0.19955209,Stavropol
2021-09-08 00:00:00+00:00,15.5720625,0.1,0.19944791,Stavropol
2021-09-09 00:00:00+00:00,15.992896,0.175,0.19840625,Stavropol
2021-09-10 00:00:00+00:00,17.956959,0.0,0.1956875,Stavropol
2021-09-11 00:00:00+00:00,18.841333,0.125,0.19333331,Stavropol
2021-09-12 00:00:00+00:00,18.515293,0.52500004,0.19116667,Stavropol
2021-09-13 00:00:00+00:00,18.96425,0.125,0.18993747,Stavropol
2021-09-14 00:00:00+00:00,20.343937,0.025,0.1849896,Stavropol
2021-09-15 00:00:00+00:00,21.963728,0.0,0.18027082,Stavropol
2021-09-16 00:00:00+00:00,18.357481,1.55,0.18059376,Stavropol
2021-09-17 00:00:00+00:00,14.711125,0.45000005,0.17991666,Stavropol
2021-09-18 00:00:00+00:00,17.266333,0.0,0.17842707,Stavropol
2021-09-19 00:00:00+00:00,18.284563,0.275,0.17736462,Stavropol
2021-09-20 00:00:00+00:00,19.256437,1.45,0.17533334,Stavropol
2021-09-21 00:00:00+00:00,19.150707,4.05,0.17283334,Stavropol
2021-09-22 00:00:00+00:00,14.578314,8.949999,0.1783854,Stavropol
2021-09-23 00:00:00+00:00,13.056438,3.15,0.19323958,Stavropol
2021-09-24 00:00:00+00:00,12.178833,7.95,0.22025,Stavropol
2021-09-25 00:00:00+00:00,11.882479,5.75,0.23936458,Stavropol
2021-09-26 00:00:00+00:00,14.912167,1.625,0.25457293,Stavropol
2021-09-27 00:00:00+00:00,13.149667,2.425,0.26297918,Stavropol
2021-09-28 00:00:00+00:00,11.578834,0.175,0.27004164,Stavropol
2021-09-29 00:00:00+00:00,10.7705,0.025,0.2714584,Stavropol
2021-09-30 00:00:00+00:00,8.876229,0.0,0.272875,Stavropol
2021-10-01 00:00:00+00:00,8.825188,5.05,0.27321875,Stavropol
2021-10-02 00:00:00+00:00,11.061646,0.47500005,0.27801043,Stavropol
2021-10-03 00:00:00+00:00,11.448104,3.85,0.27941665,Stavropol
2021-10-04 00:00:00+00:00,8.721021,6.775001,0.28960416,Stavropol
2021-10-05 00:00:00+00:00,9.081958,3.8499997,0.30028123,Stavropol
2021-10-06 00:00:00+00:00,7.521021,1.5749998,0.30402085,Stavropol
2021-10-07 00:00:00+00:00,7.633521,0.05,0.30307293,Stavropol
2021-10-08 00:00:00+00:00,7.871021,0.0,0.2974167,Stavropol
2021-10-09 00:00:00+00:00,8.698103,0.0,0.29261458,Stavropol
2021-10-10 00:00:00+00:00,10.032479,0.0,0.28772914,Stavropol
2021-10-11 00:00:00+00:00,12.017375,0.075,0.28362498,Stavropol
2021-10-12 00:00:00+00:00,13.915813,0.0,0.2848437,Stavropol
2021-10-13 00:00:00+00:00,14.541334,1.0500001,0.2866875,Stavropol
2021-10-14 00:00:00+00:00,14.880917,0.8,0.28167707,Stavropol
2021-10-15 00:00:00+00:00,13.4887295,0.15,0.27534378,Stavropol
2021-10-16 00:00:00+00:00,13.208521,0.45000002,0.2700521,Stavropol
2021-10-17 00:00:00+00:00,14.286646,2.375,0.26389587,Stavropol
2021-10-18 00:00:00+00:00,13.586124,1.875,0.25991666,Stavropol
2021-10-19 00:00:00+00:00,9.8220625,0.05,0.25705206,Stavropol
2021-10-20 00:00:00+00:00,5.821021,0.0,0.25475,Stavropol
2021-10-21 00:00:00+00:00,6.9720626,0.0,0.25209376,Stavropol
2021-10-22 00:00:00+00:00,10.8116455,0.0,0.24167706,Stavropol
2021-10-23 00:00:00+00:00,12.040812,0.0,0.23098959,Stavropol
2021-10-24 00:00:00+00:00,11.298105,4.25,0.22415623,Stavropol
2021-10-25 00:00:00+00:00,4.7319584,9.05,0.22732295,Stavropol
2021-10-26 00:00:00+00:00,2.6454997,0.0,0.23716667,Stavropol
2021-10-27 00:00:00+00:00,3.2106042,0.0,0.2426771,Stavropol
2021-10-28 00:00:00+00:00,5.8085213,0.0,0.24481253,Stavropol
2021-10-29 00:00:00+00:00,7.4043546,0.125,0.2448438,Stavropol
2021-10-30 00:00:00+00:00,7.4856043,0.0,0.24460417,Stavropol
2021-10-31 00:00:00+00:00,8.939772,0.4,0.24585418,Stavropol
2021-11-01 00:00:00+00:00,11.673625,0.9749999,0.24781248,Stavropol
2021-11-02 00:00:00+00:00,11.61998,0.5,0.2502917,Stavropol
2021-11-03 00:00:00+00:00,11.023624,0.22500001,0.25067708,Stavropol
2021-11-04 00:00:00+00:00,10.990813,1.6999999,0.25041667,Stavropol
2021-11-05 00:00:00+00:00,11.366334,0.075,0.25123957,Stavropol
2021-11-06 00:00:00+00:00,9.681959,0.0,0.2511667,Stavropol
2021-11-07 00:00:00+00:00,9.517896,0.175,0.25098956,Stavropol
2021-11-08 00:00:00+00:00,10.552271,0.05,0.24944793,Stavropol
2021-11-09 00:00:00+00:00,11.2543545,1.3,0.24773957,Stavropol
2021-11-10 00:00:00+00:00,3.558,7.4249997,0.25178126,Stavropol
2021-11-11 00:00:00+00:00,1.1460209,0.0,0.26075,Stavropol
2021-11-12 00:00:00+00:00,3.8205001,0.0,0.26421875,Stavropol
2021-11-13 00:00:00+00:00,6.361124,0.0,0.2650521,Stavropol
2021-11-14 00:00:00+00:00,4.1220627,0.0,0.26507297,Stavropol
2021-11-15 00:00:00+00:00,3.4621668,0.55,0.2638021,Stavropol
2021-11-16 00:00:00+00:00,-1.0654376,0.0,0.26370835,Stavropol
2021-11-17 00:00:00+00:00,-1.2716875,0.0,0.26341665,Stavropol
2021-11-18 00:00:00+00:00,1.3397708,0.0,0.26393753,Stavropol
2021-11-19 00:00:00+00:00,3.9793544,0.275,0.2624896,Stavropol
2021-11-20 00:00:00+00:00,6.125708,1.35,0.2591667,Stavropol
2021-11-21 00:00:00+00:00,7.496541,0.95000005,0.25934377,Stavropol
2021-11-22 00:00:00+00:00,7.2705,0.0,0.2561979,Stavropol
2021-11-23 00:00:00+00:00,7.7158136,4.7250004,0.2560417,Stavropol
2021-11-24 00:00:00+00:00,0.9699791,6.875,0.26909375,Stavropol
2021-11-25 00:00:00+00:00,-0.57377076,0.0,0.27267706,Stavropol
2021-11-26 00:00:00+00:00,1.7741458,0.0,0.2730834,Stavropol
2021-11-27 00:00:00+00:00,3.8481042,0.375,0.2728854,Stavropol
2021-11-28 00:00:00+00:00,6.308521,0.525,0.27257293,Stavropol
2021-11-29 00:00:00+00:00,9.221022,0.15,0.27203122,Stavropol
2021-11-30 00:00:00+00:00,10.288208,6.9750004,0.27244788,Stavropol
2021-12-01 00:00:00+00:00,5.197063,2.975,0.282125,Stavropol
2021-12-02 00:00:00+00:00,2.9908128,2.075,0.28816664,Stavropol
2021-12-03 00:00:00+00:00,3.2621665,0.0,0.29036456,Stavropol
2021-12-04 00:00:00+00:00,4.9428954,0.0,0.28937495,Stavropol
2021-12-05 00:00:00+00:00,5.4064374,1.15,0.28675002,Stavropol
2021-12-06 00:00:00+00:00,5.0757084,0.0,0.28485417,Stavropol
2021-12-07 00:00:00+00:00,5.819458,0.35000002,0.28438544,Stavropol
2021-12-08 00:00:00+00:00,7.5178947,0.625,0.28390622,Stavropol
2021-12-09 00:00:00+00:00,8.083521,0.82500005,0.28335416,Stavropol
2021-12-10 00:00:00+00:00,7.1080003,0.1,0.28276038,Stavropol
2021-12-11 00:00:00+00:00,2.632479,0.0,0.28225,Stavropol
2021-12-12 00:00:00+00:00,0.2637292,0.0,0.28042704,Stavropol
2021-12-13 00:00:00+00:00,1.2090417,0.0,0.27878124,Stavropol
2021-12-14 00:00:00+00:00,4.9074793,0.05,0.27761453,Stavropol
2021-12-15 00:00:00+00:00,5.2955003,0.125,0.27643746,Stavropol
2021-12-16 00:00:00+00:00,4.3569584,0.025,0.27498958,Stavropol
2021-12-17 00:00:00+00:00,4.8064375,2.65,0.27442706,Stavropol
2021-12-18 00:00:00+00:00,4.561646,4.3,0.2738333,Stavropol
2021-12-19 00:00:00+00:00,0.66112506,0.775,0.27802086,Stavropol
2021-12-20 00:00:00+00:00,1.6001875,4.2999997,0.2816146,Stavropol
2021-12-21 00:00:00+00:00,0.27570838,3.225,0.28528124,Stavropol
2021-12-22 00:00:00+00:00,-4.8711667,1.7750001,0.2875625,Stavropol
2021-12-23 00:00:00+00:00,-6.5498123,0.225,0.2879687,Stavropol
2021-12-24 00:00:00+00:00,-7.3373127,0.0,0.28741664,Stavropol
2021-12-25 00:00:00+00:00,-2.1373124,1.95,0.2864479,Stavropol
2021-12-26 00:00:00+00:00,3.4819582,1.2999998,0.28659374,Stavropol
2021-12-27 00:00:00+00:00,2.9465413,1.95,0.29325,Stavropol
2021-12-28 00:00:00+00:00,1.6705,0.22500001,0.2977292,Stavropol
2021-12-29 00:00:00+00:00,1.6059167,0.0,0.29635423,Stavropol
2021-12-30 00:00:00+00:00,2.021021,0.0,0.29470834,Stavropol
2021-12-31 00:00:00+00:00,2.405396,0.15,0.29297918,Stavropol
2022-01-01 00:00:00+00:00,1.4402168,5.0600004,0.42904168,Rostov
2022-01-02 00:00:00+00:00,-1.3485334,1.9,0.443475,Rostov
2022-01-03 00:00:00+00:00,-2.8185334,6.88,0.4362917,Rostov
2022-01-04 00:00:00+00:00,1.05355,1.7,0.44528332,Rostov
2022-01-05 00:00:00+00:00,1.0206332,2.14,0.4414917,Rostov
2022-01-06 00:00:00+00:00,7.7423005,0.16,0.4533167,Rostov
2022-01-07 00:00:00+00:00,3.9122996,0.38000003,0.453125,Rostov
2022-01-08 00:00:00+00:00,-3.6614501,0.0,0.44395,Rostov
2022-01-09 00:00:00+00:00,-1.0181167,0.0,0.4360667,Rostov
2022-01-10 00:00:00+00:00,0.55355006,0.28000003,0.43062502,Rostov
2022-01-11 00:00:00+00:00,1.4931333,1.8400002,0.42736667,Rostov
2022-01-12 00:00:00+00:00,-3.1493669,7.16,0.42988333,Rostov
2022-01-13 00:00:00+00:00,-10.5627,1.36,0.430525,Rostov
2022-01-14 00:00:00+00:00,-2.2831168,4.8,0.4264833,Rostov
2022-01-15 00:00:00+00:00,-1.6543667,1.36,0.42560834,Rostov
2022-01-16 00:00:00+00:00,-3.2802002,0.16,0.42343336,Rostov
2022-01-17 00:00:00+00:00,-1.4356165,1.6,0.42015833,Rostov
2022-01-18 00:00:00+00:00,-0.50228333,4.5799994,0.4197417,Rostov
2022-01-19 00:00:00+00:00,-3.9943664,0.48000002,0.4199583,Rostov
2022-01-20 00:00:00+00:00,-5.8385334,0.1,0.41760835,Rostov
2022-01-21 00:00:00+00:00,-2.1031165,4.2,0.41538334,Rostov
2022-01-22 00:00:00+00:00,-2.5097833,2.9799998,0.41595834,Rostov
2022-01-23 00:00:00+00:00,-2.7443664,5.5199995,0.41469997,Rostov
2022-01-24 00:00:00+00:00,-4.8531165,2.4999998,0.41293335,Rostov
2022-01-25 00:00:00+00:00,-5.721867,0.58000004,0.41085833,Rostov
2022-01-26 00:00:00+00:00,-4.9685335,0.34,0.40885836,Rostov
2022-01-27 00:00:00+00:00,-5.492283,1.0600001,0.407,Rostov
2022-01-28 00:00:00+00:00,-6.24895,0.84000003,0.40520835,Rostov
2022-01-29 00:00:00+00:00,0.5085499,3.2400002,0.40485835,Rostov
2022-01-30 00:00:00+00:00,-0.61978334,0.9,0.40834165,Rostov
2022-01-31 00:00:00+00:00,1.0489666,1.24,0.4111917,Rostov
2022-02-01 00:00:00+00:00,0.63313335,0.1,0.41755834,Rostov
2022-02-02 00:00:00+00:00,2.4677167,6.08,0.4255666,Rostov
2022-02-03 00:00:00+00:00,3.16605,4.36,0.45027503,Rostov
2022-02-04 00:00:00+00:00,0.38730004,1.24,0.45368332,Rostov
2022-02-05 00:00:00+00:00,-2.7210333,0.58000004,0.44542497,Rostov
2022-02-06 00:00:00+00:00,-1.9026998,2.34,0.438725,Rostov
2022-02-07 00:00:00+00:00,0.7381333,1.72,0.4351333,Rostov
2022-02-08 00:00:00+00:00,2.4889667,7.0,0.43988332,Rostov
2022-02-09 00:00:00+00:00,1.6889668,6.7200003,0.45819998,Rostov
2022-02-10 00:00:00+00:00,1.3402168,0.56000006,0.45768338,Rostov
2022-02-11 00:00:00+00:00,3.8606334,0.66,0.45300832,Rostov
2022-02-12 00:00:00+00:00,3.4902167,6.3399997,0.45250836,Rostov
2022-02-13 00:00:00+00:00,-0.29019994,0.02,0.4552583,Rostov
2022-02-14 00:00:00+00:00,-0.94103324,0.0,0.4477667,Rostov
2022-02-15 00:00:00+00:00,0.037716724,0.0,0.44188333,Rostov
2022-02-16 00:00:00+00:00,1.2539667,0.0,0.43736666,Rostov
2022-02-17 00:00:00+00:00,2.8064666,0.08,0.43407497,Rostov
2022-02-18 00:00:00+00:00,3.8418832,4.0199995,0.4324917,Rostov
2022-02-19 00:00:00+00:00,4.401883,0.68,0.43345833,Rostov
2022-02-20 00:00:00+00:00,4.919383,1.08,0.4324833,Rostov
2022-02-21 00:00:00+00:00,3.81855,1.9200001,0.43171668,Rostov
2022-02-22 00:00:00+00:00,5.71605,0.4,0.42962497,Rostov
2022-02-23 00:00:00+00:00,7.2193832,1.0200001,0.42584166,Rostov
2022-02-24 00:00:00+00:00,4.9218836,2.8,0.4281667,Rostov
2022-02-25 00:00:00+00:00,5.941467,0.2,0.42953333,Rostov
2022-02-26 00:00:00+00:00,4.385633,3.52,0.42978334,Rostov
2022-02-27 00:00:00+00:00,2.7118833,0.4,0.43127498,Rostov
2022-02-28 00:00:00+00:00,2.0989666,0.02,0.42856663,Rostov
2022-03-01 00:00:00+00:00,2.8306334,0.54,0.42583328,Rostov
2022-03-02 00:00:00+00:00,2.6502166,2.24,0.4251667,Rostov
2022-03-03 00:00:00+00:00,4.6956334,8.38,0.43341666,Rostov
2022-03-04 00:00:00+00:00,3.1189666,1.1800001,0.44620004,Rostov
2022-03-05 00:00:00+00:00,1.5427166,2.8199997,0.44426665,Rostov
2022-03-06 00:00:00+00:00,-1.5960333,0.4,0.43969998,Rostov
2022-03-07 00:00:00+00:00,-1.3372834,0.08,0.4343416,Rostov
2022-03-08 00:00:00+00:00,-0.74645,2.98,0.43079996,Rostov
2022-03-09 00:00:00+00:00,-1.6835333,0.42000002,0.42775002,Rostov
2022-03-10 00:00:00+00:00,-3.1302,0.02,0.424975,Rostov
2022-03-11 00:00:00+00:00,-3.8576999,0.14,0.42265835,Rostov
2022-03-12 00:00:00+00:00,-5.4289503,0.26000002,0.42049998,Rostov
2022-03-13 00:00:00+00:00,-5.0777,0.0,0.41848335,Rostov
2022-03-14 00:00:00+00:00,-2.2422833,0.04,0.4166917,Rostov
2022-03-15 00:00:00+00:00,-1.0222833,1.5799999,0.41503334,Rostov
2022-03-16 00:00:00+00:00,-4.4143667,0.0,0.41365004,Rostov
2022-03-17 00:00:00+00:00,-5.3085337,0.58000004,0.41219172,Rostov
2022-03-18 00:00:00+00:00,-4.1556163,0.060000002,0.41088325,Rostov
2022-03-19 00:00:00+00:00,-2.83645,0.0,0.40965828,Rostov
2022-03-20 00:00:00+00:00,-0.9418667,0.0,0.4085084,Rostov
2022-03-21 00:00:00+00:00,2.64605,0.0,0.40723333,Rostov
2022-03-22 00:00:00+00:00,1.6981332,0.0,0.40500003,Rostov
2022-03-23 00:00:00+00:00,2.0160499,0.0,0.4028584,Rostov
2022-03-24 00:00:00+00:00,2.0381331,0.0,0.4,Rostov
2022-03-25 00:00:00+00:00,2.323133,0.32000002,0.39560837,Rostov
2022-03-26 00:00:00+00:00,5.573133,0.1,0.39199165,Rostov
2022-03-27 00:00:00+00:00,2.7773004,5.72,0.38921666,Rostov
2022-03-28 00:00:00+00:00,0.9131333,0.0,0.392025,Rostov
2022-03-29 00:00:00+00:00,7.9060493,0.0,0.38617498,Rostov
2022-03-30 00:00:00+00:00,10.931467,0.0,0.37745833,Rostov
2022-03-31 00:00:00+00:00,12.27355,0.0,0.36566666,Rostov
2022-04-01 00:00:00+00:00,14.579799,2.42,0.361,Rostov
2022-04-02 00:00:00+00:00,16.236883,2.02,0.35274166,Rostov
2022-04-03 00:00:00+00:00,12.808133,2.1599998,0.33613333,Rostov
2022-04-04 00:00:00+00:00,6.565217,2.3,0.33245832,Rostov
2022-04-05 00:00:00+00:00,4.9006333,0.26000002,0.33462504,Rostov
2022-04-06 00:00:00+00:00,7.423133,0.18,0.33343327,Rostov
2022-04-07 00:00:00+00:00,10.495634,0.0,0.33014995,Rostov
2022-04-08 00:00:00+00:00,11.721883,0.74,0.32482502,Rostov
2022-04-09 00:00:00+00:00,11.715216,1.9599998,0.32228336,Rostov
2022-04-10 00:00:00+00:00,14.221883,0.0,0.31894162,Rostov
2022-04-11 00:00:00+00:00,15.709384,0.0,0.3144833,Rostov
2022-04-12 00:00:00+00:00,11.791467,13.68,0.3128667,Rostov
2022-04-13 00:00:00+00:00,6.8723006,6.080001,0.33660835,Rostov
2022-04-14 00:00:00+00:00,6.96605,3.02,0.34984997,Rostov
2022-04-15 00:00:00+00:00,10.258134,0.8,0.35666665,Rostov
2022-04-16 00:00:00+00:00,10.867716,0.120000005,0.3577583,Rostov
2022-04-17 00:00:00+00:00,13.4198,0.0,0.35476667,Rostov
2022-04-18 00:00:00+00:00,14.176883,0.65999997,0.3499333,Rostov
2022-04-19 00:00:00+00:00,15.674383,3.8199997,0.3447583,Rostov
2022-04-20 00:00:00+00:00,10.990217,6.38,0.35785002,Rostov
2022-04-21 00:00:00+00:00,10.077299,4.2799997,0.36560833,Rostov
2022-04-22 00:00:00+00:00,9.334383,2.9599998,0.3678667,Rostov
2022-04-23 00:00:00+00:00,11.4202175,0.0,0.3696583,Rostov
2022-04-24 00:00:00+00:00,13.763965,1.54,0.36463338,Rostov
2022-04-25 00:00:00+00:00,15.671051,0.02,0.356525,Rostov
2022-04-26 00:00:00+00:00,18.46855,0.0,0.34660834,Rostov
2022-04-27 00:00:00+00:00,18.07105,0.14,0.33648333,Rostov
2022-04-28 00:00:00+00:00,15.381048,0.0,0.324775,Rostov
2022-04-29 00:00:00+00:00,13.866882,2.1200001,0.3168667,Rostov
2022-04-30 00:00:00+00:00,12.747716,2.0,0.31225836,Rostov
2022-05-01 00:00:00+00:00,12.065633,0.84,0.309375,Rostov
2022-05-02 00:00:00+00:00,9.024383,3.5800004,0.308375,Rostov
2022-05-03 00:00:00+00:00,9.545633,0.0,0.31287497,Rostov
2022-05-04 00:00:00+00:00,12.788966,0.3,0.31126666,Rostov
2022-05-05 00:00:00+00:00,12.334384,5.7799997,0.31142503,Rostov
2022-05-06 00:00:00+00:00,9.475634,1.2999998,0.31935003,Rostov
2022-05-07 00:00:00+00:00,10.5523,0.0,0.31869164,Rostov
2022-05-08 00:00:00+00:00,12.1698,0.0,0.31323332,Rostov
2022-05-09 00:00:00+00:00,14.191465,0.04,0.3056833,Rostov
2022-05-10 00:00:00+00:00,10.031883,0.1,0.298575,Rostov
2022-05-11 00:00:00+00:00,10.855634,1.08,0.29629165,Rostov
2022-05-12 00:00:00+00:00,15.3073,0.04,0.28985834,Rostov
2022-05-13 00:00:00+00:00,16.7223,0.8,0.28122503,Rostov
2022-05-14 00:00:00+00:00,14.464383,5.74,0.27540833,Rostov
2022-05-15 00:00:00+00:00,15.648134,0.72,0.27496666,Rostov
2022-05-16 00:00:00+00:00,14.944382,0.56000006,0.27250838,Rostov
2022-05-17 00:00:00+00:00,13.720217,1.64,0.26974168,Rostov
2022-05-18 00:00:00+00:00,13.001883,10.54,0.27059165,Rostov
2022-05-19 00:00:00+00:00,12.252717,7.8600006,0.2914583,Rostov
2022-05-20 00:00:00+00:00,13.544383,2.52,0.31333333,Rostov
2022-05-21 00:00:00+00:00,13.583551,11.160001,0.32734996,Rostov
2022-05-22 00:00:00+00:00,15.23855,3.2,0.35555,Rostov
2022-05-23 00:00:00+00:00,12.916466,0.18,0.35708326,Rostov
2022-05-24 00:00:00+00:00,12.926466,0.0,0.3545083,Rostov
2022-05-25 00:00:00+00:00,15.241049,0.04,0.34734166,Rostov
2022-05-26 00:00:00+00:00,17.264385,0.28,0.33673337,Rostov
2022-05-27 00:00:00+00:00,17.29105,0.42000002,0.32728332,Rostov
2022-05-28 00:00:00+00:00,19.116049,0.02,0.31700832,Rostov
2022-05-29 00:00:00+00:00,21.015633,0.0,0.30565006,Rostov
2022-05-30 00:00:00+00:00,22.8773,0.0,0.29388335,Rostov
2022-05-31 00:00:00+00:00,25.010214,0.84000003,0.28385833,Rostov
2022-06-01 00:00:00+00:00,24.429798,0.98,0.27678332,Rostov
2022-06-02 00:00:00+00:00,24.4573,0.32,0.27078336,Rostov
2022-06-03 00:00:00+00:00,24.113132,0.0,0.2677917,Rostov
2022-06-04 00:00:00+00:00,24.656883,0.04,0.26351666,Rostov
2022-06-05 00:00:00+00:00,24.62855,0.42,0.25556666,Rostov
2022-06-06 00:00:00+00:00,21.111465,0.02,0.24941666,Rostov
2022-06-07 00:00:00+00:00,20.520216,0.0,0.25270838,Rostov
2022-06-08 00:00:00+00:00,21.84355,0.0,0.25104165,Rostov
2022-06-09 00:00:00+00:00,22.279383,0.0,0.24723332,Rostov
2022-06-10 00:00:00+00:00,23.345215,0.0,0.24340832,Rostov
2022-06-11 00:00:00+00:00,24.354801,0.0,0.23948331,Rostov
2022-06-12 00:00:00+00:00,25.699383,0.08,0.23555835,Rostov
2022-06-13 00:00:00+00:00,24.7723,0.0,0.23254165,Rostov
2022-06-14 00:00:00+00:00,24.313969,0.02,0.23135833,Rostov
2022-06-15 00:00:00+00:00,22.512716,2.1399999,0.22912502,Rostov
2022-06-16 00:00:00+00:00,20.943552,3.92,0.2304,Rostov
2022-06-17 00:00:00+00:00,20.867298,0.0,0.23520832,Rostov
2022-06-18 00:00:00+00:00,22.036049,0.0,0.236375,Rostov
2022-06-19 00:00:00+00:00,23.623968,0.0,0.2313833,Rostov
2022-06-20 00:00:00+00:00,25.036884,0.0,0.23071668,Rostov
2022-06-21 00:00:00+00:00,26.060633,0.64,0.22692502,Rostov
2022-06-22 00:00:00+00:00,22.922718,6.6400003,0.22767499,Rostov
2022-06-23 00:00:00+00:00,19.666468,0.82,0.23295835,Rostov
2022-06-24 00:00:00+00:00,20.029385,0.7799999,0.23659997,Rostov
2022-06-25 00:00:00+00:00,20.98605,0.70000005,0.23708332,Rostov
2022-06-26 00:00:00+00:00,24.473553,1.6600001,0.23678334,Rostov
2022-06-27 00:00:00+00:00,24.556883,0.76,0.24407499,Rostov
2022-06-28 00:00:00+00:00,22.5023,1.18,0.24910831,Rostov
2022-06-29 00:00:00+00:00,23.080215,0.22,0.243975,Rostov
2022-06-30 00:00:00+00:00,21.750217,0.0,0.24065833,Rostov
2022-07-01 00:00:00+00:00,22.728134,0.0,0.23330002,Rostov
2022-07-02 00:00:00+00:00,18.428135,0.36,0.23060834,Rostov
2022-07-03 00:00:00+00:00,21.2173,0.0,0.23371665,Rostov
2022-07-04 00:00:00+00:00,23.813967,0.02,0.22894165,Rostov
2022-07-05 00:00:00+00:00,24.235632,0.0,0.22462502,Rostov
2022-07-06 00:00:00+00:00,24.585217,0.0,0.22037502,Rostov
2022-07-07 00:00:00+00:00,24.896465,0.0,0.21615,Rostov
2022-07-08 00:00:00+00:00,25.898136,0.0,0.21353333,Rostov
2022-07-09 00:00:00+00:00,27.960217,0.0,0.21008332,Rostov
2022-07-10 00:00:00+00:00,29.153967,0.02,0.20653336,Rostov
2022-07-11 00:00:00+00:00,23.9223,8.48,0.20562503,Rostov
2022-07-12 00:00:00+00:00,23.911467,0.45999998,0.20600836,Rostov
2022-07-13 00:00:00+00:00,23.847715,1.18,0.20303333,Rostov
2022-07-14 00:00:00+00:00,23.113132,0.32000002,0.20979163,Rostov
2022-07-15 00:00:00+00:00,23.129383,0.0,0.21207502,Rostov
2022-07-16 00:00:00+00:00,23.897717,1.46,0.20783338,Rostov
2022-07-17 00:00:00+00:00,26.093134,0.02,0.20522499,Rostov
2022-07-18 00:00:00+00:00,23.769384,1.3999999,0.20475836,Rostov
2022-07-19 00:00:00+00:00,21.513966,0.0,0.20931664,Rostov
2022-07-20 00:00:00+00:00,22.985216,0.0,0.21228334,Rostov
2022-07-21 00:00:00+00:00,21.046467,0.9200001,0.21183331,Rostov
2022-07-22 00:00:00+00:00,19.740215,2.6599998,0.21194167,Rostov
2022-07-23 00:00:00+00:00,18.86855,6.8600006,0.21935835,Rostov
2022-07-24 00:00:00+00:00,20.8723,1.6600001,0.22605832,Rostov
2022-07-25 00:00:00+00:00,22.611465,5.46,0.22868332,Rostov
2022-07-26 00:00:00+00:00,21.908966,2.52,0.2272,Rostov
2022-07-27 00:00:00+00:00,22.169382,2.1399999,0.22445002,Rostov
2022-07-28 00:00:00+00:00,24.800632,0.24000004,0.22309165,Rostov
2022-07-29 00:00:00+00:00,27.074802,0.0,0.21785834,Rostov
2022-07-30 00:00:00+00:00,26.555634,0.17999999,0.21298334,Rostov
2022-07-31 00:00:00+00:00,26.379383,0.91999996,0.20955834,Rostov
2022-08-01 00:00:00+00:00,27.793133,0.02,0.20655832,Rostov
2022-08-02 00:00:00+00:00,27.227299,0.53999996,0.20337501,Rostov
2022-08-03 00:00:00+00:00,25.500631,3.9,0.20241666,Rostov
2022-08-04 00:00:00+00:00,27.211884,1.7,0.20188335,Rostov
2022-08-05 00:00:00+00:00,26.312302,1.78,0.20169167,Rostov
2022-08-06 00:00:00+00:00,26.799799,0.8,0.20378335,Rostov
2022-08-07 00:00:00+00:00,26.51563,0.0,0.20335832,Rostov
2022-08-08 00:00:00+00:00,27.0548,0.0,0.20202501,Rostov
2022-08-09 00:00:00+00:00,27.088135,0.0,0.19944169,Rostov
2022-08-10 00:00:00+00:00,28.433132,0.0,0.19793335,Rostov
2022-08-11 00:00:00+00:00,29.598965,0.060000002,0.19657502,Rostov
2022-08-12 00:00:00+00:00,29.188969,0.8,0.19463336,Rostov
2022-08-13 00:00:00+00:00,28.966885,0.04,0.19468331,Rostov
2022-08-14 00:00:00+00:00,30.251883,0.060000002,0.19475001,Rostov
2022-08-15 00:00:00+00:00,31.221884,0.04,0.1937833,Rostov
2022-08-16 00:00:00+00:00,29.968552,0.02,0.19228332,Rostov
2022-08-17 00:00:00+00:00,29.11272,0.02,0.19069168,Rostov
2022-08-18 00:00:00+00:00,24.993134,8.32,0.19553332,Rostov
2022-08-19 00:00:00+00:00,24.863968,3.1399999,0.20550832,Rostov
2022-08-20 00:00:00+00:00,24.780216,4.32,0.21110003,Rostov
2022-08-21 00:00:00+00:00,25.34605,0.14000002,0.2122333,Rostov
2022-08-22 00:00:00+00:00,25.916468,0.0,0.21139169,Rostov
2022-08-23 00:00:00+00:00,26.8623,0.0,0.20843332,Rostov
2022-08-24 00:00:00+00:00,26.365215,0.0,0.20478335,Rostov
2022-08-25 00:00:00+00:00,26.423136,0.0,0.20178337,Rostov
2022-08-26 00:00:00+00:00,26.069386,0.0,0.19998334,Rostov
2022-08-27 00:00:00+00:00,26.87355,0.14000002,0.19899164,Rostov
2022-08-28 00:00:00+00:00,27.833136,0.0,0.19743334,Rostov
2022-08-29 00:00:00+00:00,26.7673,0.08,0.1959167,Rostov
2022-08-30 00:00:00+00:00,26.816883,0.0,0.194575,Rostov
2022-08-31 00:00:00+00:00,27.163965,0.16,0.192375,Rostov
2022-09-01 00:00:00+00:00,25.918552,0.28,0.190825,Rostov
2022-09-02 00:00:00+00:00,21.62355,0.0,0.18995829,Rostov
2022-09-03 00:00:00+00:00,20.565634,3.6799998,0.18985,Rostov
2022-09-04 00:00:00+00:00,17.827301,2.7199998,0.19013332,Rostov
2022-09-05 00:00:00+00:00,14.357717,0.04,0.19532499,Rostov
2022-09-06 00:00:00+00:00,14.255216,0.59999996,0.20004165,Rostov
2022-09-07 00:00:00+00:00,13.302716,0.0,0.20027502,Rostov
2022-09-08 00:00:00+00:00,14.581467,0.0,0.2042667,Rostov
2022-09-09 00:00:00+00:00,15.170215,0.45999998,0.20457502,Rostov
2022-09-10 00:00:00+00:00,13.326883,0.0,0.2011083,Rostov
2022-09-11 00:00:00+00:00,16.039799,0.060000002,0.20024166,Rostov
2022-09-12 00:00:00+00:00,17.04105,8.62,0.19811666,Rostov
2022-09-13 00:00:00+00:00,17.169384,8.26,0.24162498,Rostov
2022-09-14 00:00:00+00:00,15.637716,2.4199998,0.25746664,Rostov
2022-09-15 00:00:00+00:00,17.92105,5.66,0.26234168,Rostov
2022-09-16 00:00:00+00:00,20.466883,9.24,0.280525,Rostov
2022-09-17 00:00:00+00:00,20.355217,0.18,0.299825,Rostov
2022-09-18 00:00:00+00:00,24.341883,0.0,0.29845002,Rostov
2022-09-19 00:00:00+00:00,17.380215,5.46,0.29612502,Rostov
2022-09-20 00:00:00+00:00,16.415216,1.6199999,0.31063333,Rostov
2022-09-21 00:00:00+00:00,17.313133,5.000001,0.31763333,Rostov
2022-09-22 00:00:00+00:00,15.072716,6.7,0.33080834,Rostov
2022-09-23 00:00:00+00:00,13.257299,11.3,0.33865,Rostov
2022-09-24 00:00:00+00:00,11.320216,4.48,0.35204166,Rostov
2022-09-25 00:00:00+00:00,11.992717,0.34000003,0.35662502,Rostov
2022-09-26 00:00:00+00:00,14.250633,0.16,0.3540166,Rostov
2022-09-27 00:00:00+00:00,16.990635,0.060000002,0.349375,Rostov
2022-09-28 00:00:00+00:00,17.047716,2.16,0.34468335,Rostov
2022-09-29 00:00:00+00:00,17.341467,0.38000003,0.34357503,Rostov
2022-09-30 00:00:00+00:00,17.33855,0.14,0.33945003,Rostov
2022-10-01 00:00:00+00:00,19.088133,0.22,0.33224168,Rostov
2022-10-02 00:00:00+00:00,20.491467,0.82,0.32493335,Rostov
2022-10-03 00:00:00+00:00,14.826883,3.78,0.32185835,Rostov
2022-10-04 00:00:00+00:00,14.453549,1.9200001,0.32384998,Rostov
2022-10-05 00:00:00+00:00,12.783966,0.16,0.32257503,Rostov
2022-10-06 00:00:00+00:00,11.721049,0.0,0.3210166,Rostov
2022-10-07 00:00:00+00:00,13.1448,0.0,0.31839168,Rostov
2022-10-08 00:00:00+00:00,14.347301,0.0,0.3118834,Rostov
2022-10-09 00:00:00+00:00,15.248967,0.78000003,0.3077333,Rostov
2022-10-10 00:00:00+00:00,14.018133,5.46,0.30799168,Rostov
2022-10-11 00:00:00+00:00,10.723551,6.440001,0.31570834,Rostov
2022-10-12 00:00:00+00:00,10.489383,0.48000002,0.3292083,Rostov
2022-10-13 00:00:00+00:00,9.903133,0.04,0.33337504,Rostov
2022-10-14 00:00:00+00:00,9.649384,0.08,0.33220834,Rostov
2022-10-15 00:00:00+00:00,7.5373,0.0,0.33100834,Rostov
2022-10-16 00:00:00+00:00,7.91355,0.0,0.32888335,Rostov
2022-10-17 00:00:00+00:00,7.5798006,0.0,0.3263083,Rostov
2022-10-18 00:00:00+00:00,9.150633,0.0,0.31538334,Rostov
2022-10-19 00:00:00+00:00,11.010218,0.0,0.30344164,Rostov
2022-10-20 00:00:00+00:00,9.673966,6.28,0.30123335,Rostov
2022-10-21 00:00:00+00:00,6.4581327,2.4199998,0.30785838,Rostov
2022-10-22 00:00:00+00:00,6.089383,0.0,0.31265834,Rostov
2022-10-23 00:00:00+00:00,8.739384,4.04,0.3146667,Rostov
2022-10-24 00:00:00+00:00,9.73855,7.1,0.32664165,Rostov
2022-10-25 00:00:00+00:00,8.848134,1.22,0.3326167,Rostov
2022-10-26 00:00:00+00:00,9.675633,9.4800005,0.34193334,Rostov
2022-10-27 00:00:00+00:00,10.155634,4.1600003,0.37315,Rostov
2022-10-28 00:00:00+00:00,6.9902167,0.5,0.37445,Rostov
2022-10-29 00:00:00+00:00,7.34105,0.120000005,0.37154996,Rostov
2022-10-30 00:00:00+00:00,10.645633,6.56,0.37324166,Rostov
2022-10-31 00:00:00+00:00,6.6289663,4.2,0.37996668,Rostov
2022-11-01 00:00:00+00:00,3.8172996,0.0,0.38196668,Rostov
2022-11-02 00:00:00+00:00,4.6568832,1.5,0.378925,Rostov
2022-11-03 00:00:00+00:00,4.6127167,0.65999997,0.37968332,Rostov
2022-11-04 00:00:00+00:00,3.9627166,1.14,0.37960833,Rostov
2022-11-05 00:00:00+00:00,3.6973,0.88,0.38090834,Rostov
2022-11-06 00:00:00+00:00,3.0856333,0.02,0.38041666,Rostov
2022-11-07 00:00:00+00:00,2.9818833,0.0,0.37915,Rostov
2022-11-08 00:00:00+00:00,4.47855,0.0,0.37622502,Rostov
2022-11-09 00:00:00+00:00,6.0622997,0.120000005,0.3741167,Rostov
2022-11-10 00:00:00+00:00,5.9631333,0.04,0.37300834,Rostov
2022-11-11 00:00:00+00:00,5.4648,0.18,0.37099165,Rostov
2022-11-12 00:00:00+00:00,6.5889664,0.060000002,0.36964172,Rostov
2022-11-13 00:00:00+00:00,8.691466,0.4,0.36766666,Rostov
2022-11-14 00:00:00+00:00,5.455633,0.04,0.36507505,Rostov
2022-11-15 00:00:00+00:00,-0.40686664,0.0,0.36154997,Rostov
2022-11-16 00:00:00+00:00,1.1122999,0.26000002,0.35931665,Rostov
2022-11-17 00:00:00+00:00,7.3068833,6.08,0.36036667,Rostov
2022-11-18 00:00:00+00:00,6.543967,6.8599997,0.38495,Rostov
2022-11-19 00:00:00+00:00,8.051466,6.88,0.39606667,Rostov
2022-11-20 00:00:00+00:00,7.1785493,1.52,0.4105,Rostov
2022-11-21 00:00:00+00:00,11.845217,0.76,0.4082333,Rostov
2022-11-22 00:00:00+00:00,11.159384,8.339999,0.40890828,Rostov
2022-11-23 00:00:00+00:00,4.088967,0.49999994,0.41428334,Rostov
2022-11-24 00:00:00+00:00,4.175633,0.0,0.4075667,Rostov
2022-11-25 00:00:00+00:00,5.016051,0.58000004,0.401725,Rostov
2022-11-26 00:00:00+00:00,4.075633,1.5000002,0.39792502,Rostov
2022-11-27 00:00:00+00:00,2.16105,2.4999998,0.39988333,Rostov
2022-11-28 00:00:00+00:00,-0.27645,0.0,0.4019,Rostov
2022-11-29 00:00:00+00:00,-2.9681165,0.0,0.39779168,Rostov
2022-11-30 00:00:00+00:00,-2.9264498,0.0,0.3940917,Rostov
2022-12-01 00:00:00+00:00,-2.931867,0.0,0.39069167,Rostov
2022-12-02 00:00:00+00:00,-3.2727,0.0,0.38759995,Rostov
2022-12-03 00:00:00+00:00,-5.4764504,0.0,0.3847833,Rostov
2022-12-04 00:00:00+00:00,-8.2027,0.0,0.38215,Rostov
2022-12-05 00:00:00+00:00,-7.33895,0.0,0.37970835,Rostov
2022-12-06 00:00:00+00:00,-7.020617,0.0,0.37742496,Rostov
2022-12-07 00:00:00+00:00,-6.0827,0.02,0.37532502,Rostov
2022-12-08 00:00:00+00:00,-1.6831167,0.6,0.37334168,Rostov
2022-12-09 00:00:00+00:00,0.12438331,0.060000002,0.3715083,Rostov
2022-12-10 00:00:00+00:00,1.4593834,0.3,0.36998335,Rostov
2022-12-11 00:00:00+00:00,3.5252166,0.34,0.3683084,Rostov
2022-12-12 00:00:00+00:00,3.3514664,1.24,0.36930004,Rostov
2022-12-13 00:00:00+00:00,1.6118834,4.8600006,0.37545833,Rostov
2022-12-14 00:00:00+00:00,-0.7822833,1.64,0.37990835,Rostov
2022-12-15 00:00:00+00:00,-1.44395,1.28,0.38149166,Rostov
2022-12-16 00:00:00+00:00,0.8593833,1.24,0.38449997,Rostov
2022-12-17 00:00:00+00:00,3.8048,4.12,0.38899168,Rostov
2022-12-18 00:00:00+00:00,4.70855,2.76,0.39204168,Rostov
2022-12-19 00:00:00+00:00,-2.6456168,0.0,0.39745006,Rostov
2022-12-20 00:00:00+00:00,-3.7431169,0.0,0.39527503,Rostov
2022-12-21 00:00:00+00:00,-1.5927,0.20000002,0.39266664,Rostov
2022-12-22 00:00:00+00:00,0.41230002,0.0,0.39016667,Rostov
2022-12-23 00:00:00+00:00,0.31438333,0.0,0.3877833,Rostov
2022-12-24 00:00:00+00:00,0.9302166,0.0,0.3857167,Rostov
2022-12-25 00:00:00+00:00,0.99855006,0.58,0.3841083,Rostov
2022-12-26 00:00:00+00:00,0.3664666,3.7,0.38620836,Rostov
2022-12-27 00:00:00+00:00,0.48354998,4.7400002,0.39058334,Rostov
2022-12-28 00:00:00+00:00,2.5156333,6.7600007,0.40641665,Rostov
2022-12-29 00:00:00+00:00,0.024383357,0.02,0.41245836,Rostov
2022-12-30 00:00:00+00:00,2.0627167,0.060000002,0.4089667,Rostov
2022-12-31 00:00:00+00:00,4.1672997,0.08,0.40484166,Rostov
2023-01-01 00:00:00+00:00,4.843133,0.78,0.40212503,Rostov
2023-01-02 00:00:00+00:00,7.3693833,0.0,0.39974162,Rostov
2023-01-03 00:00:00+00:00,6.1302166,0.0,0.39567503,Rostov
2023-01-04 00:00:00+00:00,4.66855,0.04,0.39228332,Rostov
2023-01-05 00:00:00+00:00,1.8923,5.0,0.39055005,Rostov
2023-01-06 00:00:00+00:00,3.0810502,9.12,0.40355,Rostov
2023-01-07 00:00:00+00:00,-11.894784,0.35999998,0.4135166,Rostov
2023-01-08 00:00:00+00:00,-14.019366,0.0,0.41161662,Rostov
2023-01-09 00:00:00+00:00,-12.060617,0.0,0.408175,Rostov
2023-01-10 00:00:00+00:00,-13.649783,0.0,0.40475002,Rostov
2023-01-11 00:00:00+00:00,-10.597283,0.0,0.4014666,Rostov
2023-01-12 00:00:00+00:00,-3.15645,0.02,0.398425,Rostov
2023-01-13 00:00:00+00:00,-1.0926998,0.08,0.39580837,Rostov
2023-01-14 00:00:00+00:00,-1.5964501,0.50000006,0.3935333,Rostov
2023-01-15 00:00:00+00:00,-1.3989502,1.4,0.3915167,Rostov
2023-01-16 00:00:00+00:00,-0.6127,0.40000004,0.38974166,Rostov
2023-01-17 00:00:00+00:00,-0.15895,0.0,0.38826668,Rostov
2023-01-18 00:00:00+00:00,0.2181333,0.1,0.3872417,Rostov
2023-01-19 00:00:00+00:00,0.6789667,0.0,0.38685837,Rostov
2023-01-20 00:00:00+00:00,-1.1585335,0.0,0.38619995,Rostov
2023-01-21 00:00:00+00:00,-1.9202,0.0,0.385375,Rostov
2023-01-22 00:00:00+00:00,-1.0006166,0.0,0.38425007,Rostov
2023-01-23 00:00:00+00:00,-2.2481165,0.0,0.3830917,Rostov
2023-01-24 00:00:00+00:00,-2.7901998,0.0,0.38205838,Rostov
2023-01-25 00:00:00+00:00,-3.0135334,0.0,0.3809083,Rostov
2023-01-26 00:00:00+00:00,-3.991867,0.0,0.37978333,Rostov
2023-01-27 00:00:00+00:00,-4.115617,0.0,0.37867507,Rostov
2023-01-28 00:00:00+00:00,-2.2872834,0.04,0.37755004,Rostov
2023-01-29 00:00:00+00:00,0.008966625,0.36,0.37656668,Rostov
2023-01-30 00:00:00+00:00,0.16396666,0.36,0.3760333,Rostov
2023-01-31 00:00:00+00:00,0.49563327,0.9,0.37565002,Rostov
2023-02-01 00:00:00+00:00,0.18104999,0.98,0.3769334,Rostov
2023-02-02 00:00:00+00:00,-1.3368666,1.26,0.37778336,Rostov
2023-02-03 00:00:00+00:00,-1.4339501,1.4,0.37806672,Rostov
2023-02-04 00:00:00+00:00,-1.3210332,2.22,0.37809166,Rostov
2023-02-05 00:00:00+00:00,-1.6677,0.14000002,0.3780833,Rostov
2023-02-06 00:00:00+00:00,-4.2547836,0.1,0.37745005,Rostov
2023-02-07 00:00:00+00:00,-6.4443674,3.14,0.37672502,Rostov
2023-02-08 00:00:00+00:00,-7.3297834,1.4599999,0.37584168,Rostov
2023-02-09 00:00:00+00:00,-8.966034,0.0,0.37497506,Rostov
2023-02-10 00:00:00+00:00,-8.831867,0.0,0.37411672,Rostov
2023-02-11 00:00:00+00:00,-6.5381165,0.0,0.37314162,Rostov
2023-02-12 00:00:00+00:00,-2.6406167,4.2799997,0.3723417,Rostov
2023-02-13 00:00:00+00:00,-4.6943665,0.58000004,0.3714667,Rostov
2023-02-14 00:00:00+00:00,-0.8847834,7.5200005,0.37098333,Rostov
2023-02-15 00:00:00+00:00,-4.3164496,0.6,0.37250835,Rostov
2023-02-16 00:00:00+00:00,-7.610617,0.17999999,0.3733833,Rostov
2023-02-17 00:00:00+00:00,-7.5364504,4.3,0.37339163,Rostov
2023-02-18 00:00:00+00:00,-3.8135333,9.96,0.37397498,Rostov
2023-02-19 00:00:00+00:00,1.3685501,1.2799999,0.39316666,Rostov
2023-02-20 00:00:00+00:00,-0.42395002,3.3799999,0.41360837,Rostov
2023-02-21 00:00:00+00:00,0.7372999,8.88,0.4213667,Rostov
2023-02-22 00:00:00+00:00,-3.5797832,1.64,0.4326083,Rostov
2023-02-23 00:00:00+00:00,-9.494367,0.0,0.42818338,Rostov
2023-02-24 00:00:00+00:00,-5.935617,0.0,0.42288327,Rostov
2023-02-25 00:00:00+00:00,0.13104996,0.8,0.41868338,Rostov
2023-02-26 00:00:00+00:00,6.9164667,0.71999997,0.42001668,Rostov
2023-02-27 00:00:00+00:00,7.951884,0.54,0.43056664,Rostov
2023-02-28 00:00:00+00:00,3.9798,0.46000004,0.4381083,Rostov
2023-03-01 00:00:00+00:00,0.58771676,0.18,0.43424997,Rostov
2023-03-02 00:00:00+00:00,-1.0010333,0.0,0.42785,Rostov
2023-03-03 00:00:00+00:00,1.6914667,0.02,0.42225832,Rostov
2023-03-04 00:00:00+00:00,3.3672996,0.14000002,0.41778335,Rostov
2023-03-05 00:00:00+00:00,4.1277165,0.94000006,0.41463333,Rostov
2023-03-06 00:00:00+00:00,1.0885502,3.6,0.41688332,Rostov
2023-03-07 00:00:00+00:00,2.82355,1.9,0.41854173,Rostov
2023-03-08 00:00:00+00:00,7.3485503,0.68,0.417175,Rostov
2023-03-09 00:00:00+00:00,8.018967,1.28,0.41497502,Rostov
2023-03-10 00:00:00+00:00,9.545217,0.91999996,0.4084083,Rostov
2023-03-11 00:00:00+00:00,10.926883,2.24,0.4052833,Rostov
2023-03-12 00:00:00+00:00,10.031881,4.52,0.405325,Rostov
2023-03-13 00:00:00+00:00,2.3923,0.98,0.41157502,Rostov
2023-03-14 00:00:00+00:00,3.05355,0.04,0.40933332,Rostov
2023-03-15 00:00:00+00:00,6.8993835,0.120000005,0.40514165,Rostov
2023-03-16 00:00:00+00:00,8.135633,0.060000002,0.40324998,Rostov
2023-03-17 00:00:00+00:00,8.598133,2.34,0.4039917,Rostov
2023-03-18 00:00:00+00:00,7.475633,1.0200001,0.40681666,Rostov
2023-03-19 00:00:00+00:00,7.6177163,0.74000007,0.40697497,Rostov
2023-03-20 00:00:00+00:00,9.59605,0.060000002,0.40326667,Rostov
2023-03-21 00:00:00+00:00,9.184799,0.22,0.3981167,Rostov
2023-03-22 00:00:00+00:00,9.419383,0.060000002,0.39033335,Rostov
2023-03-23 00:00:00+00:00,10.186049,0.0,0.38413328,Rostov
2023-03-24 00:00:00+00:00,10.5098,0.02,0.37617502,Rostov
2023-03-25 00:00:00+00:00,10.787299,0.0,0.3670333,Rostov
2023-03-26 00:00:00+00:00,10.402718,2.58,0.36090836,Rostov
2023-03-27 00:00:00+00:00,8.379801,3.2399998,0.3604917,Rostov
2023-03-28 00:00:00+00:00,9.736466,1.28,0.3634667,Rostov
2023-03-29 00:00:00+00:00,8.844383,5.96,0.37352496,Rostov
2023-03-30 00:00:00+00:00,2.0256333,24.6,0.42514998,Rostov
2023-03-31 00:00:00+00:00,3.227717,2.56,0.44181672,Rostov
2023-04-01 00:00:00+00:00,5.57605,0.02,0.4426333,Rostov
2023-04-02 00:00:00+00:00,7.8373003,0.1,0.43070835,Rostov
2023-04-03 00:00:00+00:00,9.882299,0.96000004,0.41996664,Rostov
2023-04-04 00:00:00+00:00,11.420217,0.1,0.41225833,Rostov
2023-04-05 00:00:00+00:00,12.891884,0.32,0.4013583,Rostov
2023-04-06 00:00:00+00:00,11.601049,0.9200001,0.39370832,Rostov
2023-04-07 00:00:00+00:00,12.548134,0.36,0.38694167,Rostov
2023-04-08 00:00:00+00:00,11.651467,1.5800002,0.379775,Rostov
2023-04-09 00:00:00+00:00,8.86355,1.4,0.38055,Rostov
2023-04-10 00:00:00+00:00,11.567717,0.0,0.37750834,Rostov
2023-04-11 00:00:00+00:00,13.63855,0.58000004,0.37143332,Rostov
2023-04-12 00:00:00+00:00,14.035217,3.2,0.36678335,Rostov
2023-04-13 00:00:00+00:00,11.788549,5.16,0.3627,Rostov
2023-04-14 00:00:00+00:00,8.429383,14.88,0.38480002,Rostov
2023-04-15 00:00:00+00:00,5.6214666,0.42000002,0.40708333,Rostov
2023-04-16 00:00:00+00:00,5.8756332,0.0,0.4079167,Rostov
2023-04-17 00:00:00+00:00,8.67855,0.0,0.40004167,Rostov
2023-04-18 00:00:00+00:00,10.037717,0.04,0.38925835,Rostov
2023-04-19 00:00:00+00:00,11.328134,1.64,0.38132504,Rostov
2023-04-20 00:00:00+00:00,11.414384,4.84,0.38395828,Rostov
2023-04-21 00:00:00+00:00,10.494801,4.3399997,0.39385,Rostov
2023-04-22 00:00:00+00:00,10.196883,2.78,0.40009165,Rostov
2023-04-23 00:00:00+00:00,10.1043825,0.68,0.40014163,Rostov
2023-04-24 00:00:00+00:00,11.950632,5.68,0.395825,Rostov
2023-04-25 00:00:00+00:00,11.955633,3.06,0.4029583,Rostov
2023-04-26 00:00:00+00:00,13.814383,0.08,0.40128332,Rostov
2023-04-27 00:00:00+00:00,16.539799,0.64,0.39005,Rostov
2023-04-28 00:00:00+00:00,15.9173,1.6200001,0.38029996,Rostov
2023-04-29 00:00:00+00:00,16.4273,9.06,0.38639998,Rostov
2023-04-30 00:00:00+00:00,12.533133,0.86,0.39629164,Rostov
2023-05-01 00:00:00+00:00,11.636466,1.24,0.39337498,Rostov
2023-05-02 00:00:00+00:00,11.42855,1.2,0.38966662,Rostov
2023-05-03 00:00:00+00:00,12.1252165,0.02,0.38286668,Rostov
2023-05-04 00:00:00+00:00,15.049799,0.0,0.37145835,Rostov
2023-05-05 00:00:00+00:00,16.615215,0.04,0.35882503,Rostov
2023-05-06 00:00:00+00:00,16.175632,0.060000002,0.34762496,Rostov
2023-05-07 00:00:00+00:00,12.172716,2.0,0.339925,Rostov
2023-05-08 00:00:00+00:00,9.261049,7.16,0.34099168,Rostov
2023-05-09 00:00:00+00:00,9.151884,4.1800003,0.3481083,Rostov
2023-05-10 00:00:00+00:00,8.934801,4.9199996,0.36647502,Rostov
2023-05-11 00:00:00+00:00,9.215216,0.68,0.37486666,Rostov
2023-05-12 00:00:00+00:00,11.991467,0.02,0.3708083,Rostov
2023-05-13 00:00:00+00:00,14.147301,0.0,0.36201668,Rostov
2023-05-14 00:00:00+00:00,15.200216,0.71999997,0.35059166,Rostov
2023-05-15 00:00:00+00:00,16.356884,0.52,0.33728337,Rostov
2023-05-16 00:00:00+00:00,15.268133,0.8,0.32521665,Rostov
2023-05-17 00:00:00+00:00,16.158133,0.060000002,0.31514168,Rostov
2023-05-18 00:00:00+00:00,18.354382,0.0,0.30513334,Rostov
2023-05-19 00:00:00+00:00,18.733133,0.0,0.2940166,Rostov
2023-05-20 00:00:00+00:00,19.10605,0.0,0.28470832,Rostov
2023-05-21 00:00:00+00:00,18.213133,0.38,0.2804417,Rostov
2023-05-22 00:00:00+00:00,16.8048,3.2200005,0.28146666,Rostov
2023-05-23 00:00:00+00:00,18.262716,2.3,0.28281665,Rostov
2023-05-24 00:00:00+00:00,19.298132,3.6200001,0.28276664,Rostov
2023-05-25 00:00:00+00:00,19.83355,4.42,0.28390002,Rostov
2023-05-26 00:00:00+00:00,21.341883,7.62,0.28512505,Rostov
2023-05-27 00:00:00+00:00,18.77355,8.200001,0.301975,Rostov
2023-05-28 00:00:00+00:00,19.820633,2.94,0.309525,Rostov
2023-05-29 00:00:00+00:00,19.725216,9.86,0.31841666,Rostov
2023-05-30 00:00:00+00:00,20.0048,4.72,0.3311,Rostov
2023-05-31 00:00:00+00:00,18.969799,12.24,0.34841666,Rostov
2023-06-01 00:00:00+00:00,18.157719,12.38,0.3618667,Rostov
2023-06-02 00:00:00+00:00,18.629383,1.8799999,0.36924163,Rostov
2023-06-03 00:00:00+00:00,19.818548,1.14,0.36429995,Rostov
2023-06-04 00:00:00+00:00,18.74355,6.3599997,0.35669997,Rostov
2023-06-05 00:00:00+00:00,16.850634,5.1,0.37329167,Rostov
2023-06-06 00:00:00+00:00,17.317717,0.0,0.3661333,Rostov
2023-06-07 00:00:00+00:00,18.089382,0.0,0.35454166,Rostov
2023-06-08 00:00:00+00:00,19.811049,0.0,0.34276664,Rostov
2023-06-09 00:00:00+00:00,21.470217,0.0,0.3290083,Rostov
2023-06-10 00:00:00+00:00,22.222301,0.7,0.3184333,Rostov
2023-06-11 00:00:00+00:00,19.230633,7.4800005,0.31129998,Rostov
2023-06-12 00:00:00+00:00,19.188133,1.0600001,0.30872503,Rostov
2023-06-13 00:00:00+00:00,21.560635,0.84,0.30674165,Rostov
2023-06-14 00:00:00+00:00,22.0798,0.62,0.30505002,Rostov
2023-06-15 00:00:00+00:00,21.876467,0.34,0.30024168,Rostov
2023-06-16 00:00:00+00:00,20.910633,1.86,0.29534167,Rostov
2023-06-17 00:00:00+00:00,21.069384,5.8,0.29185,Rostov
2023-06-18 00:00:00+00:00,22.393549,0.56000006,0.28829998,Rostov
2023-06-19 00:00:00+00:00,20.080217,0.0,0.27989167,Rostov
2023-06-20 00:00:00+00:00,20.492298,0.0,0.27221668,Rostov
2023-06-21 00:00:00+00:00,21.09355,0.46000004,0.26466665,Rostov
2023-06-22 00:00:00+00:00,18.512716,0.0,0.25679168,Rostov
2023-06-23 00:00:00+00:00,20.748966,0.08,0.25205,Rostov
2023-06-24 00:00:00+00:00,23.343966,0.68,0.24408333,Rostov
2023-06-25 00:00:00+00:00,23.15063,1.54,0.23839998,Rostov
2023-06-26 00:00:00+00:00,22.018965,4.3199997,0.24003331,Rostov
2023-06-27 00:00:00+00:00,20.260218,10.3,0.25174165,Rostov
2023-06-28 00:00:00+00:00,21.577301,0.42,0.25769168,Rostov
2023-06-29 00:00:00+00:00,22.331882,1.78,0.25885004,Rostov
2023-06-30 00:00:00+00:00,20.088966,1.1400001,0.25844166,Rostov
2023-07-01 00:00:00+00:00,20.410215,6.96,0.25840837,Rostov
2023-07-02 00:00:00+00:00,23.156467,0.18,0.25432503,Rostov
2023-07-03 00:00:00+00:00,25.058552,0.18,0.24609165,Rostov
2023-07-04 00:00:00+00:00,26.622717,0.38000003,0.23815,Rostov
2023-07-05 00:00:00+00:00,28.498135,0.0,0.23310836,Rostov
2023-07-06 00:00:00+00:00,29.188135,0.0,0.22974166,Rostov
2023-07-07 00:00:00+00:00,30.083965,0.0,0.2270333,Rostov
2023-07-08 00:00:00+00:00,26.331884,2.3600001,0.22614999,Rostov
2023-07-09 00:00:00+00:00,24.798132,2.3,0.22486666,Rostov
2023-07-10 00:00:00+00:00,20.810215,3.7400002,0.22579166,Rostov
2023-07-11 00:00:00+00:00,19.27605,4.54,0.2351667,Rostov
2023-07-12 00:00:00+00:00,18.782299,6.4800005,0.24117501,Rostov
2023-07-13 00:00:00+00:00,20.305218,0.08,0.25223333,Rostov
2023-07-14 00:00:00+00:00,23.4448,3.18,0.24810834,Rostov
2023-07-15 00:00:00+00:00,22.229801,1.26,0.24250002,Rostov
2023-07-16 00:00:00+00:00,20.982718,0.3,0.24056669,Rostov
2023-07-17 00:00:00+00:00,22.081465,0.1,0.23904999,Rostov
2023-07-18 00:00:00+00:00,23.59605,0.0,0.23602498,Rostov
2023-07-19 00:00:00+00:00,22.313549,2.28,0.2318083,Rostov
2023-07-20 00:00:00+00:00,22.381052,0.08,0.22686668,Rostov
2023-07-21 00:00:00+00:00,24.277716,0.5,0.22523332,Rostov
2023-07-22 00:00:00+00:00,24.383966,0.02,0.21975,Rostov
2023-07-23 00:00:00+00:00,24.24855,5.4000006,0.22169165,Rostov
2023-07-24 00:00:00+00:00,22.805634,2.9599998,0.22045,Rostov
2023-07-25 00:00:00+00:00,24.273968,0.0,0.22033334,Rostov
2023-07-26 00:00:00+00:00,26.242718,0.0,0.21991667,Rostov
2023-07-27 00:00:00+00:00,27.956049,0.0,0.21820834,Rostov
2023-07-28 00:00:00+00:00,23.860218,4.54,0.21688335,Rostov
2023-07-29 00:00:00+00:00,21.359383,1.68,0.21780832,Rostov
2023-07-30 00:00:00+00:00,22.826885,0.120000005,0.21998337,Rostov
2023-07-31 00:00:00+00:00,24.987717,0.0,0.22058335,Rostov
2023-08-01 00:00:00+00:00,26.896465,0.1,0.21760833,Rostov
2023-08-02 00:00:00+00:00,26.054382,2.06,0.21575835,Rostov
2023-08-03 00:00:00+00:00,25.661469,1.06,0.21404164,Rostov
2023-08-04 00:00:00+00:00,27.183132,0.0,0.21401663,Rostov
2023-08-05 00:00:00+00:00,29.415634,0.0,0.21434167,Rostov
2023-08-06 00:00:00+00:00,31.3198,0.0,0.2092,Rostov
2023-08-07 00:00:00+00:00,30.744385,0.0,0.20527498,Rostov
2023-08-08 00:00:00+00:00,28.84855,0.0,0.20477498,Rostov
2023-08-09 00:00:00+00:00,28.198553,0.18,0.2064,Rostov
2023-08-10 00:00:00+00:00,27.381466,3.64,0.20691666,Rostov
2023-08-11 00:00:00+00:00,29.238968,4.2200003,0.2135417,Rostov
2023-08-12 00:00:00+00:00,26.97105,2.84,0.21840832,Rostov
2023-08-13 00:00:00+00:00,25.63855,6.4799995,0.22713332,Rostov
2023-08-14 00:00:00+00:00,25.166882,0.0,0.22464168,Rostov
2023-08-15 00:00:00+00:00,25.404799,0.0,0.22242501,Rostov
2023-08-16 00:00:00+00:00,26.545633,0.0,0.21876666,Rostov
2023-08-17 00:00:00+00:00,25.487719,0.0,0.21485834,Rostov
2023-08-18 00:00:00+00:00,26.026468,0.04,0.213775,Rostov
2023-08-19 00:00:00+00:00,28.347717,0.0,0.21235001,Rostov
2023-08-20 00:00:00+00:00,28.202717,0.0,0.21007499,Rostov
2023-08-21 00:00:00+00:00,28.328135,0.0,0.20778331,Rostov
2023-08-22 00:00:00+00:00,25.735632,0.0,0.20629999,Rostov
2023-08-23 00:00:00+00:00,23.4748,0.060000002,0.20705834,Rostov
2023-08-24 00:00:00+00:00,21.804382,0.0,0.20844999,Rostov
2023-08-25 00:00:00+00:00,21.211884,0.53999996,0.209475,Rostov
2023-08-26 00:00:00+00:00,19.451883,0.0,0.20844166,Rostov
2023-08-27 00:00:00+00:00,21.5648,0.0,0.20914166,Rostov
2023-08-28 00:00:00+00:00,24.928967,0.04,0.20694998,Rostov
2023-08-29 00:00:00+00:00,19.3923,0.0,0.20575836,Rostov
2023-08-30 00:00:00+00:00,19.568134,0.0,0.20676665,Rostov
2023-08-31 00:00:00+00:00,22.327717,0.0,0.20388332,Rostov
2023-09-01 00:00:00+00:00,24.541885,0.14000002,0.20231667,Rostov
2023-09-02 00:00:00+00:00,24.86605,1.8399999,0.20054166,Rostov
2023-09-03 00:00:00+00:00,24.7323,0.0,0.2015667,Rostov
2023-09-04 00:00:00+00:00,23.290216,1.14,0.20365,Rostov
2023-09-05 00:00:00+00:00,20.897717,2.26,0.20277497,Rostov
2023-09-06 00:00:00+00:00,20.82855,0.6,0.20338336,Rostov
2023-09-07 00:00:00+00:00,19.6973,0.1,0.20856667,Rostov
2023-09-08 00:00:00+00:00,15.921049,0.0,0.20803332,Rostov
2023-09-09 00:00:00+00:00,13.866049,1.1,0.21293335,Rostov
2023-09-10 00:00:00+00:00,14.641884,0.35999998,0.21445832,Rostov
2023-09-11 00:00:00+00:00,15.864385,0.02,0.224475,Rostov
2023-09-12 00:00:00+00:00,15.647301,0.02,0.22805834,Rostov
2023-09-13 00:00:00+00:00,15.527718,0.060000002,0.22747497,Rostov
2023-09-14 00:00:00+00:00,15.721884,0.04,0.22986667,Rostov
2023-09-15 00:00:00+00:00,16.868967,2.7800002,0.22855833,Rostov
2023-09-16 00:00:00+00:00,14.593132,7.8199997,0.23397501,Rostov
2023-09-17 00:00:00+00:00,15.785215,0.060000002,0.2387667,Rostov
2023-09-18 00:00:00+00:00,16.9623,0.060000002,0.24155834,Rostov
2023-09-19 00:00:00+00:00,17.4998,0.0,0.24095836,Rostov
2023-09-20 00:00:00+00:00,18.323132,0.0,0.240375,Rostov
2023-09-21 00:00:00+00:00,18.572718,0.060000002,0.23865835,Rostov
2023-09-22 00:00:00+00:00,19.461048,0.0,0.23553333,Rostov
2023-09-23 00:00:00+00:00,19.762714,0.0,0.23326667,Rostov
2023-09-24 00:00:00+00:00,20.125217,0.0,0.22861667,Rostov
2023-09-25 00:00:00+00:00,19.336048,0.32,0.22760835,Rostov
2023-09-26 00:00:00+00:00,19.778965,0.0,0.22785,Rostov
2023-09-27 00:00:00+00:00,19.238132,0.0,0.22596666,Rostov
2023-09-28 00:00:00+00:00,19.929798,0.0,0.2223833,Rostov
2023-09-29 00:00:00+00:00,18.589382,0.0,0.22067502,Rostov
2023-09-30 00:00:00+00:00,18.3223,0.0,0.21856666,Rostov
2023-10-01 00:00:00+00:00,17.92855,0.0,0.21805832,Rostov
2023-10-02 00:00:00+00:00,17.60855,2.84,0.21805,Rostov
2023-10-03 00:00:00+00:00,15.578967,1.0400001,0.21690002,Rostov
2023-10-04 00:00:00+00:00,13.5627165,0.0,0.22213331,Rostov
2023-10-05 00:00:00+00:00,13.809801,0.64,0.22602502,Rostov
2023-10-06 00:00:00+00:00,14.018132,0.52000004,0.2297,Rostov
2023-10-07 00:00:00+00:00,12.661049,0.9,0.23401669,Rostov
2023-10-08 00:00:00+00:00,13.002716,24.42,0.24717498,Rostov
2023-10-09 00:00:00+00:00,7.1285505,0.82,0.29046664,Rostov
2023-10-10 00:00:00+00:00,7.163966,0.08,0.30179995,Rostov
2023-10-11 00:00:00+00:00,4.0660496,0.060000002,0.30547506,Rostov
2023-10-12 00:00:00+00:00,5.6477165,0.0,0.30504167,Rostov
2023-10-13 00:00:00+00:00,9.8039665,0.0,0.30229166,Rostov
2023-10-14 00:00:00+00:00,12.04855,0.0,0.29702502,Rostov
2023-10-15 00:00:00+00:00,13.274384,0.0,0.29130834,Rostov
2023-10-16 00:00:00+00:00,13.278966,2.44,0.28683335,Rostov
2023-10-17 00:00:00+00:00,7.8577166,0.02,0.28552502,Rostov
2023-10-18 00:00:00+00:00,6.045633,0.0,0.28519168,Rostov
2023-10-19 00:00:00+00:00,7.721466,0.04,0.28413334,Rostov
2023-10-20 00:00:00+00:00,10.904384,0.5,0.28169996,Rostov
2023-10-21 00:00:00+00:00,14.224798,0.58000004,0.27785835,Rostov
2023-10-22 00:00:00+00:00,9.418133,0.0,0.2757667,Rostov
2023-10-23 00:00:00+00:00,14.75355,0.0,0.27279168,Rostov
2023-10-24 00:00:00+00:00,12.598967,0.0,0.26960832,Rostov
2023-10-25 00:00:00+00:00,10.058133,2.2,0.26884168,Rostov
2023-10-26 00:00:00+00:00,11.3273,9.640001,0.27540833,Rostov
2023-10-27 00:00:00+00:00,14.260216,7.56,0.29179165,Rostov
2023-10-28 00:00:00+00:00,16.440216,4.3,0.31199998,Rostov
2023-10-29 00:00:00+00:00,12.429383,0.02,0.31937498,Rostov
2023-10-30 00:00:00+00:00,10.2223,0.0,0.32002503,Rostov
2023-10-31 00:00:00+00:00,12.1123,0.0,0.31696662,Rostov
2023-11-01 00:00:00+00:00,12.036467,0.0,0.31336668,Rostov
2023-11-02 00:00:00+00:00,12.391884,1.8,0.31264168,Rostov
2023-11-03 00:00:00+00:00,9.434801,3.3,0.31302497,Rostov
2023-11-04 00:00:00+00:00,11.008966,0.36000004,0.31625003,Rostov
2023-11-05 00:00:00+00:00,12.358967,0.76,0.31670833,Rostov
2023-11-06 00:00:00+00:00,12.305217,10.940001,0.32115832,Rostov
2023-11-07 00:00:00+00:00,10.973967,0.0,0.33604166,Rostov
2023-11-08 00:00:00+00:00,9.623967,0.76000005,0.33860835,Rostov
2023-11-09 00:00:00+00:00,9.7673,6.88,0.34849995,Rostov
2023-11-10 00:00:00+00:00,5.88605,0.0,0.3558417,Rostov
2023-11-11 00:00:00+00:00,6.37605,0.0,0.35505,Rostov
2023-11-12 00:00:00+00:00,11.328549,7.0999994,0.35628337,Rostov
2023-11-13 00:00:00+00:00,9.078134,1.1,0.3587667,Rostov
2023-11-14 00:00:00+00:00,5.8198,15.9800005,0.387625,Rostov
2023-11-15 00:00:00+00:00,8.288134,15.039999,0.41736668,Rostov
2023-11-16 00:00:00+00:00,7.200217,2.22,0.42855006,Rostov
2023-11-17 00:00:00+00:00,5.8735504,1.96,0.42345834,Rostov
2023-11-18 00:00:00+00:00,4.124383,0.1,0.41874164,Rostov
2023-11-19 00:00:00+00:00,4.0231333,10.1,0.419775,Rostov
2023-11-20 00:00:00+00:00,5.735217,4.66,0.43599167,Rostov
2023-11-21 00:00:00+00:00,-1.2593668,0.08,0.42868328,Rostov
2023-11-22 00:00:00+00:00,-4.055617,2.9199998,0.421,Rostov
2023-11-23 00:00:00+00:00,-4.5052,3.6599998,0.41340834,Rostov
2023-11-24 00:00:00+00:00,5.214383,4.08,0.41623336,Rostov
2023-11-25 00:00:00+00:00,6.541883,8.0,0.43084997,Rostov
2023-11-26 00:00:00+00:00,9.866466,5.74,0.437075,Rostov
2023-11-27 00:00:00+00:00,3.630633,0.3,0.44148335,Rostov
2023-11-28 00:00:00+00:00,0.45813328,0.120000005,0.4333333,Rostov
2023-11-29 00:00:00+00:00,4.0014668,5.0199995,0.42894164,Rostov
2023-11-30 00:00:00+00:00,3.4302166,6.2400002,0.44409162,Rostov
2023-12-01 00:00:00+00:00,4.5110497,5.2400002,0.44677505,Rostov
2023-12-02 00:00:00+00:00,9.009799,3.8600001,0.45420003,Rostov
2023-12-03 00:00:00+00:00,11.06855,0.6,0.4476416,Rostov
2023-12-04 00:00:00+00:00,3.2923005,2.88,0.43800002,Rostov
2023-12-05 00:00:00+00:00,-3.382283,0.82,0.4311667,Rostov
2023-12-06 00:00:00+00:00,-2.8381164,0.26,0.42564163,Rostov
2023-12-07 00:00:00+00:00,-2.406033,0.38,0.42105,Rostov
2023-12-08 00:00:00+00:00,-2.4089499,0.46000004,0.41711658,Rostov
2023-12-09 00:00:00+00:00,-0.84519994,0.16,0.41381663,Rostov
2023-12-10 00:00:00+00:00,-3.2793667,2.24,0.41150007,Rostov
2023-12-11 00:00:00+00:00,-2.5610335,2.8200002,0.41053328,Rostov
2023-12-12 00:00:00+00:00,-3.7152,4.7200003,0.4127167,Rostov
2023-12-13 00:00:00+00:00,-6.078533,3.2399998,0.41238332,Rostov
2023-12-14 00:00:00+00:00,-3.7131164,0.0,0.40973338,Rostov
2023-12-15 00:00:00+00:00,-1.3768666,6.12,0.40994167,Rostov
2023-12-16 00:00:00+00:00,-3.4743667,0.16000001,0.41209167,Rostov
2023-12-17 00:00:00+00:00,-2.3022835,0.8,0.41123334,Rostov
2023-12-18 00:00:00+00:00,1.5298,0.84000003,0.41065,Rostov
2023-12-19 00:00:00+00:00,2.5472999,0.1,0.41517502,Rostov
2023-12-20 00:00:00+00:00,4.259383,0.02,0.4221417,Rostov
2023-12-21 00:00:00+00:00,2.8539665,0.38000003,0.4253834,Rostov
2023-12-22 00:00:00+00:00,4.7698,4.66,0.42547497,Rostov
2023-12-23 00:00:00+00:00,2.9289665,8.78,0.43851668,Rostov
2023-12-24 00:00:00+00:00,-0.4577,4.2000003,0.44448334,Rostov
2023-12-25 00:00:00+00:00,0.47021657,5.6,0.43871665,Rostov
2023-12-26 00:00:00+00:00,5.2560496,1.78,0.45126662,Rostov
2023-12-27 00:00:00+00:00,6.7023,6.7,0.45514998,Rostov
2023-12-28 00:00:00+00:00,1.1981332,0.1,0.4538417,Rostov
2023-12-29 00:00:00+00:00,4.012717,0.08,0.44490832,Rostov
2023-12-30 00:00:00+00:00,4.91105,0.0,0.43804997,Rostov
2023-12-31 00:00:00+00:00,4.521883,0.16,0.431825,Rostov
2022-01-01 00:00:00+00:00,-0.8935417,5.1499996,0.29781252,Belgorod
2022-01-02 00:00:00+00:00,-5.8133335,1.2750001,0.29705212,Belgorod
2022-01-03 00:00:00+00:00,-3.2216668,11.200001,0.29671875,Belgorod
2022-01-04 00:00:00+00:00,-5.841979,1.1250001,0.30117705,Belgorod
2022-01-05 00:00:00+00:00,0.7658334,4.825,0.30821875,Belgorod
2022-01-06 00:00:00+00:00,1.7158333,1.45,0.34322917,Belgorod
2022-01-07 00:00:00+00:00,-2.9565628,0.90000004,0.35998958,Belgorod
2022-01-08 00:00:00+00:00,-8.130521,0.0,0.35570836,Belgorod
2022-01-09 00:00:00+00:00,-4.046146,2.85,0.3504583,Belgorod
2022-01-10 00:00:00+00:00,-1.083125,1.375,0.3457812,Belgorod
2022-01-11 00:00:00+00:00,-5.3352084,1.6999998,0.34182292,Belgorod
2022-01-12 00:00:00+00:00,-13.814896,0.025,0.3380729,Belgorod
2022-01-13 00:00:00+00:00,-13.827396,1.325,0.33453125,Belgorod
2022-01-14 00:00:00+00:00,-0.45031255,5.125,0.33196872,Belgorod
2022-01-15 00:00:00+00:00,-3.0477085,0.70000005,0.33430207,Belgorod
2022-01-16 00:00:00+00:00,-3.5029168,0.52500004,0.33433327,Belgorod
2022-01-17 00:00:00+00:00,-1.9721874,3.6,0.33285415,Belgorod
2022-01-18 00:00:00+00:00,-2.6346874,6.9000006,0.33105215,Belgorod
2022-01-19 00:00:00+00:00,-9.272188,1.625,0.32925,Belgorod
2022-01-20 00:00:00+00:00,-8.965417,0.6,0.32710415,Belgorod
2022-01-21 00:00:00+00:00,-3.5977085,4.85,0.32495832,Belgorod
2022-01-22 00:00:00+00:00,-4.471667,0.62500006,0.3229271,Belgorod
2022-01-23 00:00:00+00:00,-6.1555214,0.22500001,0.32110423,Belgorod
2022-01-24 00:00:00+00:00,-7.1018753,1.2250001,0.31932294,Belgorod
2022-01-25 00:00:00+00:00,-8.737292,1.7,0.3175833,Belgorod
2022-01-26 00:00:00+00:00,-8.900312,1.4250001,0.31589586,Belgorod
2022-01-27 00:00:00+00:00,-9.160209,0.1,0.31428126,Belgorod
2022-01-28 00:00:00+00:00,-4.733646,3.1750002,0.3128125,Belgorod
2022-01-29 00:00:00+00:00,-0.67114586,2.375,0.31142703,Belgorod
2022-01-30 00:00:00+00:00,-2.033125,1.3000001,0.3101979,Belgorod
2022-01-31 00:00:00+00:00,-0.9060417,3.3249998,0.3089375,Belgorod
2022-02-01 00:00:00+00:00,-2.8919792,0.32500002,0.30779168,Belgorod
2022-02-02 00:00:00+00:00,-3.1435416,2.1999998,0.30668753,Belgorod
2022-02-03 00:00:00+00:00,-1.3294791,2.25,0.3056354,Belgorod
2022-02-04 00:00:00+00:00,-4.357604,0.25000003,0.3046354,Belgorod
2022-02-05 00:00:00+00:00,-8.6622925,0.725,0.30365622,Belgorod
2022-02-06 00:00:00+00:00,-2.6732292,0.9000001,0.3026771,Belgorod
2022-02-07 00:00:00+00:00,-0.89770824,1.8000001,0.3017604,Belgorod
2022-02-08 00:00:00+00:00,0.36010417,3.35,0.3041354,Belgorod
2022-02-09 00:00:00+00:00,-2.0680208,0.55,0.31063545,Belgorod
2022-02-10 00:00:00+00:00,0.40177083,1.45,0.3140937,Belgorod
2022-02-11 00:00:00+00:00,0.841875,1.1,0.3234375,Belgorod
2022-02-12 00:00:00+00:00,-1.558125,1.675,0.34038538,Belgorod
2022-02-13 00:00:00+00:00,-5.010208,0.0,0.34183332,Belgorod
2022-02-14 00:00:00+00:00,-4.3602085,0.0,0.34034377,Belgorod
2022-02-15 00:00:00+00:00,-4.9784374,0.0,0.33812496,Belgorod
2022-02-16 00:00:00+00:00,-1.5628126,0.275,0.33580214,Belgorod
2022-02-17 00:00:00+00:00,1.8866667,1.35,0.34028128,Belgorod
2022-02-18 00:00:00+00:00,1.1283333,3.55,0.38583332,Belgorod
2022-02-19 00:00:00+00:00,0.56374997,3.125,0.3966771,Belgorod
2022-02-20 00:00:00+00:00,0.5611459,0.175,0.40395835,Belgorod
2022-02-21 00:00:00+00:00,0.97208333,0.0,0.3974792,Belgorod
2022-02-22 00:00:00+00:00,3.4382296,0.325,0.40285417,Belgorod
2022-02-23 00:00:00+00:00,0.38041654,0.17500001,0.40521875,Belgorod
2022-02-24 00:00:00+00:00,-0.70604163,0.0,0.39579165,Belgorod
2022-02-25 00:00:00+00:00,-1.5294793,4.8,0.38848957,Belgorod
2022-02-26 00:00:00+00:00,0.16583334,2.8249998,0.3835208,Belgorod
2022-02-27 00:00:00+00:00,-0.3378125,0.05,0.37944794,Belgorod
2022-02-28 00:00:00+00:00,-0.7992708,0.32500005,0.3751458,Belgorod
2022-03-01 00:00:00+00:00,0.4871875,0.0,0.3722396,Belgorod
2022-03-02 00:00:00+00:00,0.5215625,2.65,0.3715208,Belgorod
2022-03-03 00:00:00+00:00,0.70385414,6.475,0.37161458,Belgorod
2022-03-04 00:00:00+00:00,-0.13364585,9.224999,0.37469798,Belgorod
2022-03-05 00:00:00+00:00,-2.418021,6.5,0.37356248,Belgorod
2022-03-06 00:00:00+00:00,-4.283125,0.025,0.36992708,Belgorod
2022-03-07 00:00:00+00:00,-4.9049997,0.6,0.3664375,Belgorod
2022-03-08 00:00:00+00:00,-5.5945835,0.425,0.3633646,Belgorod
2022-03-09 00:00:00+00:00,-5.772709,1.8499999,0.36065626,Belgorod
2022-03-10 00:00:00+00:00,-9.884167,2.8999999,0.35828122,Belgorod
2022-03-11 00:00:00+00:00,-10.573229,0.87500006,0.35613537,Belgorod
2022-03-12 00:00:00+00:00,-10.889376,0.075,0.35420835,Belgorod
2022-03-13 00:00:00+00:00,-9.27323,0.025,0.35248965,Belgorod
2022-03-14 00:00:00+00:00,-3.3701043,0.3,0.35089576,Belgorod
2022-03-15 00:00:00+00:00,-4.476354,0.075,0.34973955,Belgorod
2022-03-16 00:00:00+00:00,-8.5477085,0.0,0.34845835,Belgorod
2022-03-17 00:00:00+00:00,-8.144583,0.17500001,0.3473646,Belgorod
2022-03-18 00:00:00+00:00,-9.021667,0.0,0.3461979,Belgorod
2022-03-19 00:00:00+00:00,-8.968021,0.0,0.34515622,Belgorod
2022-03-20 00:00:00+00:00,-5.4643745,0.0,0.34454164,Belgorod
2022-03-21 00:00:00+00:00,0.7507292,0.0,0.34905207,Belgorod
2022-03-22 00:00:00+00:00,1.0002084,0.0,0.36246878,Belgorod
2022-03-23 00:00:00+00:00,3.2788541,0.0,0.37206247,Belgorod
2022-03-24 00:00:00+00:00,3.730938,0.0,0.3790729,Belgorod
2022-03-25 00:00:00+00:00,3.1934376,0.0,0.38272917,Belgorod
2022-03-26 00:00:00+00:00,6.6470833,3.15,0.38333336,Belgorod
2022-03-27 00:00:00+00:00,-0.7607292,1.2750001,0.38571873,Belgorod
2022-03-28 00:00:00+00:00,1.2324998,0.0,0.37910417,Belgorod
2022-03-29 00:00:00+00:00,9.097604,3.375,0.3735,Belgorod
2022-03-30 00:00:00+00:00,6.983021,3.3,0.37662497,Belgorod
2022-03-31 00:00:00+00:00,9.434584,2.15,0.37934378,Belgorod
2022-04-01 00:00:00+00:00,11.186146,7.05,0.38387495,Belgorod
2022-04-02 00:00:00+00:00,12.798125,1.75,0.3810938,Belgorod
2022-04-03 00:00:00+00:00,4.9575,1.725,0.3774896,Belgorod
2022-04-04 00:00:00+00:00,2.6356254,1.25,0.37159374,Belgorod
2022-04-05 00:00:00+00:00,3.9252076,1.3000001,0.36733332,Belgorod
2022-04-06 00:00:00+00:00,6.751771,1.55,0.36315626,Belgorod
2022-04-07 00:00:00+00:00,10.674168,0.025,0.36107293,Belgorod
2022-04-08 00:00:00+00:00,11.174167,4.375,0.35584372,Belgorod
2022-04-09 00:00:00+00:00,10.859062,0.39999998,0.3574063,Belgorod
2022-04-10 00:00:00+00:00,12.67677,0.92499995,0.35219795,Belgorod
2022-04-11 00:00:00+00:00,13.856978,3.525,0.34656253,Belgorod
2022-04-12 00:00:00+00:00,11.27677,5.025,0.3535416,Belgorod
2022-04-13 00:00:00+00:00,12.30698,4.675,0.35872918,Belgorod
2022-04-14 00:00:00+00:00,9.381458,3.2250006,0.37480205,Belgorod
2022-04-15 00:00:00+00:00,9.527813,0.175,0.36929163,Belgorod
2022-04-16 00:00:00+00:00,11.4574995,10.275001,0.3626771,Belgorod
2022-04-17 00:00:00+00:00,8.7387495,6.325,0.38317707,Belgorod
2022-04-18 00:00:00+00:00,9.724688,7.0499997,0.39335418,Belgorod
2022-04-19 00:00:00+00:00,13.518436,6.8,0.39618748,Belgorod
2022-04-20 00:00:00+00:00,9.724688,9.15,0.41023958,Belgorod
2022-04-21 00:00:00+00:00,8.166354,0.17500001,0.40773958,Belgorod
2022-04-22 00:00:00+00:00,9.064792,0.2,0.39359373,Belgorod
2022-04-23 00:00:00+00:00,11.025208,0.575,0.38372922,Belgorod
2022-04-24 00:00:00+00:00,11.4366665,4.4750004,0.3829375,Belgorod
2022-04-25 00:00:00+00:00,13.33875,0.0,0.3801875,Belgorod
2022-04-26 00:00:00+00:00,14.99552,0.15,0.36498958,Belgorod
2022-04-27 00:00:00+00:00,12.172604,0.3,0.35440624,Belgorod
2022-04-28 00:00:00+00:00,10.643437,0.025,0.3449896,Belgorod
2022-04-29 00:00:00+00:00,9.556458,0.05,0.33446872,Belgorod
2022-04-30 00:00:00+00:00,9.000208,0.05,0.32709378,Belgorod
2022-05-01 00:00:00+00:00,8.556458,0.025,0.31986463,Belgorod
2022-05-02 00:00:00+00:00,9.708021,0.0,0.30632293,Belgorod
2022-05-03 00:00:00+00:00,12.374687,0.0,0.29195833,Belgorod
2022-05-04 00:00:00+00:00,12.255937,3.8000002,0.2845104,Belgorod
2022-05-05 00:00:00+00:00,7.852812,0.0,0.2783333,Belgorod
2022-05-06 00:00:00+00:00,8.978855,0.0,0.26663542,Belgorod
2022-05-07 00:00:00+00:00,10.392396,0.0,0.25164586,Belgorod
2022-05-08 00:00:00+00:00,12.585105,0.025,0.24010417,Belgorod
2022-05-09 00:00:00+00:00,11.266875,2.6750002,0.23227085,Belgorod
2022-05-10 00:00:00+00:00,7.604375,1.425,0.23230207,Belgorod
2022-05-11 00:00:00+00:00,10.27,0.6,0.23152083,Belgorod
2022-05-12 00:00:00+00:00,16.562708,1.6250001,0.22697917,Belgorod
2022-05-13 00:00:00+00:00,15.172605,0.0,0.21937498,Belgorod
2022-05-14 00:00:00+00:00,13.831979,6.6,0.2188958,Belgorod
2022-05-15 00:00:00+00:00,12.588749,0.975,0.21971874,Belgorod
2022-05-16 00:00:00+00:00,12.195,0.275,0.21936458,Belgorod
2022-05-17 00:00:00+00:00,11.078334,0.52500004,0.21672918,Belgorod
2022-05-18 00:00:00+00:00,10.626249,3.65,0.21266665,Belgorod
2022-05-19 00:00:00+00:00,13.108542,0.0,0.21266666,Belgorod
2022-05-20 00:00:00+00:00,13.873646,1.05,0.20839578,Belgorod
2022-05-21 00:00:00+00:00,12.234583,16.225,0.20803124,Belgorod
2022-05-22 00:00:00+00:00,11.181458,6.125,0.232125,Belgorod
2022-05-23 00:00:00+00:00,10.379896,0.0,0.24538544,Belgorod
2022-05-24 00:00:00+00:00,12.03198,0.0,0.2448125,Belgorod
2022-05-25 00:00:00+00:00,14.260626,0.0,0.23753124,Belgorod
2022-05-26 00:00:00+00:00,15.055417,3.4249997,0.23023959,Belgorod
2022-05-27 00:00:00+00:00,15.622083,0.275,0.22758336,Belgorod
2022-05-28 00:00:00+00:00,15.086668,2.4249997,0.22409374,Belgorod
2022-05-29 00:00:00+00:00,12.5075,2.0249999,0.22155207,Belgorod
2022-05-30 00:00:00+00:00,16.980417,0.9,0.21918753,Belgorod
2022-05-31 00:00:00+00:00,19.885626,8.975,0.2158229,Belgorod
2022-06-01 00:00:00+00:00,20.228333,1.525,0.2151875,Belgorod
2022-06-02 00:00:00+00:00,21.279375,4.35,0.21440624,Belgorod
2022-06-03 00:00:00+00:00,20.045,7.3,0.22068751,Belgorod
2022-06-04 00:00:00+00:00,17.952291,0.025,0.22988543,Belgorod
2022-06-05 00:00:00+00:00,17.605417,0.025,0.22673957,Belgorod
2022-06-06 00:00:00+00:00,17.637188,0.0,0.22152081,Belgorod
2022-06-07 00:00:00+00:00,18.748125,0.0,0.21535417,Belgorod
2022-06-08 00:00:00+00:00,19.449688,0.0,0.2094375,Belgorod
2022-06-09 00:00:00+00:00,20.229374,0.0,0.2033646,Belgorod
2022-06-10 00:00:00+00:00,21.940311,0.0,0.19806248,Belgorod
2022-06-11 00:00:00+00:00,23.287708,0.55,0.19408332,Belgorod
2022-06-12 00:00:00+00:00,22.21427,6.875,0.18994793,Belgorod
2022-06-13 00:00:00+00:00,20.26948,5.0,0.19313541,Belgorod
2022-06-14 00:00:00+00:00,22.00177,2.45,0.1934271,Belgorod
2022-06-15 00:00:00+00:00,17.491354,7.525,0.2097292,Belgorod
2022-06-16 00:00:00+00:00,17.767918,0.32500002,0.21139587,Belgorod
2022-06-17 00:00:00+00:00,18.803854,0.35000002,0.20712501,Belgorod
2022-06-18 00:00:00+00:00,18.192915,3.8999999,0.20768748,Belgorod
2022-06-19 00:00:00+00:00,20.753855,0.0,0.20731251,Belgorod
2022-06-20 00:00:00+00:00,23.842916,0.0,0.20537502,Belgorod
2022-06-21 00:00:00+00:00,24.369999,1.0999999,0.20116666,Belgorod
2022-06-22 00:00:00+00:00,18.116356,15.0,0.20284374,Belgorod
2022-06-23 00:00:00+00:00,18.06427,16.025,0.2236771,Belgorod
2022-06-24 00:00:00+00:00,18.222084,10.775001,0.26215625,Belgorod
2022-06-25 00:00:00+00:00,19.444479,1.6249999,0.2692604,Belgorod
2022-06-26 00:00:00+00:00,22.440832,0.0,0.26591665,Belgorod
2022-06-27 00:00:00+00:00,22.489271,0.0,0.25638545,Belgorod
2022-06-28 00:00:00+00:00,24.35281,0.65000004,0.2462396,Belgorod
2022-06-29 00:00:00+00:00,21.080938,0.0,0.23930205,Belgorod
2022-06-30 00:00:00+00:00,20.255415,0.0,0.2348021,Belgorod
2022-07-01 00:00:00+00:00,19.671562,0.0,0.22909373,Belgorod
2022-07-02 00:00:00+00:00,17.55125,0.0,0.22594789,Belgorod
2022-07-03 00:00:00+00:00,21.065834,0.0,0.22205207,Belgorod
2022-07-04 00:00:00+00:00,23.742916,0.0,0.21459377,Belgorod
2022-07-05 00:00:00+00:00,24.355936,0.0,0.20737498,Belgorod
2022-07-06 00:00:00+00:00,25.617393,0.0,0.20338541,Belgorod
2022-07-07 00:00:00+00:00,24.824688,1.0,0.19800001,Belgorod
2022-07-08 00:00:00+00:00,25.297081,0.0,0.19344795,Belgorod
2022-07-09 00:00:00+00:00,25.524687,0.125,0.18962498,Belgorod
2022-07-10 00:00:00+00:00,25.53146,0.9000001,0.18690625,Belgorod
2022-07-11 00:00:00+00:00,21.965834,6.2750006,0.19042708,Belgorod
2022-07-12 00:00:00+00:00,19.484062,0.37500003,0.20538545,Belgorod
2022-07-13 00:00:00+00:00,20.100729,0.525,0.20496875,Belgorod
2022-07-14 00:00:00+00:00,18.228853,4.6,0.2039375,Belgorod
2022-07-15 00:00:00+00:00,21.442396,0.775,0.20311457,Belgorod
2022-07-16 00:00:00+00:00,20.209583,6.1750007,0.20053126,Belgorod
2022-07-17 00:00:00+00:00,19.267918,2.85,0.20153123,Belgorod
2022-07-18 00:00:00+00:00,16.786144,5.45,0.20653127,Belgorod
2022-07-19 00:00:00+00:00,17.823124,0.05,0.2087292,Belgorod
2022-07-20 00:00:00+00:00,18.32677,7.775,0.20302084,Belgorod
2022-07-21 00:00:00+00:00,15.703334,3.75,0.21218748,Belgorod
2022-07-22 00:00:00+00:00,16.578854,5.3,0.22885418,Belgorod
2022-07-23 00:00:00+00:00,19.204895,2.6,0.24722916,Belgorod
2022-07-24 00:00:00+00:00,21.60125,0.22500001,0.25006253,Belgorod
2022-07-25 00:00:00+00:00,20.82573,5.9249997,0.24521874,Belgorod
2022-07-26 00:00:00+00:00,19.495,10.1,0.2541354,Belgorod
2022-07-27 00:00:00+00:00,21.829895,0.375,0.26070833,Belgorod
2022-07-28 00:00:00+00:00,22.998127,0.95000005,0.25409374,Belgorod
2022-07-29 00:00:00+00:00,20.849686,0.05,0.24620838,Belgorod
2022-07-30 00:00:00+00:00,20.706978,0.0,0.2392292,Belgorod
2022-07-31 00:00:00+00:00,21.577812,0.0,0.23274998,Belgorod
2022-08-01 00:00:00+00:00,22.661667,0.0,0.22697915,Belgorod
2022-08-02 00:00:00+00:00,22.275208,6.25,0.22763541,Belgorod
2022-08-03 00:00:00+00:00,20.598125,11.125,0.25614586,Belgorod
2022-08-04 00:00:00+00:00,21.68771,11.424999,0.3000833,Belgorod
2022-08-05 00:00:00+00:00,21.938751,2.85,0.33092707,Belgorod
2022-08-06 00:00:00+00:00,23.774687,0.1,0.32073957,Belgorod
2022-08-07 00:00:00+00:00,23.47625,0.0,0.30469793,Belgorod
2022-08-08 00:00:00+00:00,23.830936,0.025,0.29085416,Belgorod
2022-08-09 00:00:00+00:00,24.159584,0.35000002,0.2792188,Belgorod
2022-08-10 00:00:00+00:00,23.893959,2.9,0.27087498,Belgorod
2022-08-11 00:00:00+00:00,24.343958,1.0,0.26480207,Belgorod
2022-08-12 00:00:00+00:00,25.464272,0.425,0.25739586,Belgorod
2022-08-13 00:00:00+00:00,23.594479,1.65,0.2523542,Belgorod
2022-08-14 00:00:00+00:00,24.392916,2.35,0.24823955,Belgorod
2022-08-15 00:00:00+00:00,26.477812,0.125,0.24068752,Belgorod
2022-08-16 00:00:00+00:00,24.659063,0.8,0.234375,Belgorod
2022-08-17 00:00:00+00:00,24.804375,2.075,0.22874999,Belgorod
2022-08-18 00:00:00+00:00,24.0325,0.325,0.22144791,Belgorod
2022-08-19 00:00:00+00:00,21.179375,7.45,0.21726042,Belgorod
2022-08-20 00:00:00+00:00,21.111668,2.575,0.22001043,Belgorod
2022-08-21 00:00:00+00:00,21.468958,1.425,0.22260419,Belgorod
2022-08-22 00:00:00+00:00,24.045519,0.0,0.22115627,Belgorod
2022-08-23 00:00:00+00:00,24.509583,0.0,0.21567708,Belgorod
2022-08-24 00:00:00+00:00,24.218437,0.0,0.21014585,Belgorod
2022-08-25 00:00:00+00:00,25.078854,0.0,0.20620835,Belgorod
2022-08-26 00:00:00+00:00,25.234062,0.0,0.2047604,Belgorod
2022-08-27 00:00:00+00:00,24.674688,0.625,0.20340621,Belgorod
2022-08-28 00:00:00+00:00,24.321041,6.525,0.19896878,Belgorod
2022-08-29 00:00:00+00:00,21.935102,0.45,0.19942707,Belgorod
2022-08-30 00:00:00+00:00,23.62677,0.25,0.19872916,Belgorod
2022-08-31 00:00:00+00:00,21.611664,0.05,0.19578123,Belgorod
2022-09-01 00:00:00+00:00,16.62104,1.6749998,0.19446877,Belgorod
2022-09-02 00:00:00+00:00,13.473125,0.0,0.20177081,Belgorod
2022-09-03 00:00:00+00:00,13.281458,0.725,0.209875,Belgorod
2022-09-04 00:00:00+00:00,11.92,5.45,0.20989583,Belgorod
2022-09-05 00:00:00+00:00,11.538749,1.2749999,0.21302085,Belgorod
2022-09-06 00:00:00+00:00,10.184583,0.3,0.21571876,Belgorod
2022-09-07 00:00:00+00:00,11.056979,0.025,0.22221872,Belgorod
2022-09-08 00:00:00+00:00,11.628854,0.1,0.22625005,Belgorod
2022-09-09 00:00:00+00:00,9.376771,0.0,0.22754169,Belgorod
2022-09-10 00:00:00+00:00,10.322603,0.025,0.22903122,Belgorod
2022-09-11 00:00:00+00:00,11.548125,2.7000003,0.22620833,Belgorod
2022-09-12 00:00:00+00:00,12.161666,10.324999,0.22932293,Belgorod
2022-09-13 00:00:00+00:00,11.827812,10.525001,0.27410418,Belgorod
2022-09-14 00:00:00+00:00,10.907499,3.5499997,0.28995836,Belgorod
2022-09-15 00:00:00+00:00,14.234583,2.45,0.29867706,Belgorod
2022-09-16 00:00:00+00:00,15.697084,4.1,0.30764586,Belgorod
2022-09-17 00:00:00+00:00,14.759063,11.525,0.319375,Belgorod
2022-09-18 00:00:00+00:00,18.159061,14.875001,0.37686458,Belgorod
2022-09-19 00:00:00+00:00,12.0325,0.325,0.37431252,Belgorod
2022-09-20 00:00:00+00:00,12.306458,5.2749996,0.3646354,Belgorod
2022-09-21 00:00:00+00:00,11.58823,4.5,0.37454167,Belgorod
2022-09-22 00:00:00+00:00,10.808021,0.025,0.36835417,Belgorod
2022-09-23 00:00:00+00:00,9.437708,14.875,0.38194793,Belgorod
2022-09-24 00:00:00+00:00,9.138229,1.7750001,0.39074996,Belgorod
2022-09-25 00:00:00+00:00,9.798646,6.9249997,0.39240623,Belgorod
2022-09-26 00:00:00+00:00,11.805416,2.2,0.3855937,Belgorod
2022-09-27 00:00:00+00:00,13.055418,15.600001,0.39803123,Belgorod
2022-09-28 00:00:00+00:00,13.760104,2.8,0.40495834,Belgorod
2022-09-29 00:00:00+00:00,13.618439,0.1,0.38859376,Belgorod
2022-09-30 00:00:00+00:00,15.515835,2.05,0.38054162,Belgorod
2022-10-01 00:00:00+00:00,16.611666,5.825,0.38711458,Belgorod
2022-10-02 00:00:00+00:00,16.041874,16.375,0.3932604,Belgorod
2022-10-03 00:00:00+00:00,10.718958,3.55,0.41404167,Belgorod
2022-10-04 00:00:00+00:00,10.512188,1.8749999,0.40245837,Belgorod
2022-10-05 00:00:00+00:00,8.705417,1.9749999,0.3969375,Belgorod
2022-10-06 00:00:00+00:00,10.763229,0.17500001,0.38808334,Belgorod
2022-10-07 00:00:00+00:00,11.231459,0.025,0.3790833,Belgorod
2022-10-08 00:00:00+00:00,10.137188,0.0,0.36986452,Belgorod
2022-10-09 00:00:00+00:00,11.861668,0.45,0.36071876,Belgorod
2022-10-10 00:00:00+00:00,10.681979,15.975,0.37030208,Belgorod
2022-10-11 00:00:00+00:00,9.102813,4.7749996,0.4002396,Belgorod
2022-10-12 00:00:00+00:00,8.771563,0.0,0.3931042,Belgorod
2022-10-13 00:00:00+00:00,7.7929163,0.125,0.38390625,Belgorod
2022-10-14 00:00:00+00:00,6.297604,0.025,0.3777917,Belgorod
2022-10-15 00:00:00+00:00,4.7819796,0.0,0.37347916,Belgorod
2022-10-16 00:00:00+00:00,4.3590627,0.0,0.36620834,Belgorod
2022-10-17 00:00:00+00:00,5.4825,0.0,0.359375,Belgorod
2022-10-18 00:00:00+00:00,10.812708,0.0,0.3516875,Belgorod
2022-10-19 00:00:00+00:00,9.595521,1.525,0.34883332,Belgorod
2022-10-20 00:00:00+00:00,7.152292,2.35,0.34658334,Belgorod
2022-10-21 00:00:00+00:00,4.477813,0.0,0.34728125,Belgorod
2022-10-22 00:00:00+00:00,4.925729,0.425,0.34731248,Belgorod
2022-10-23 00:00:00+00:00,7.9647923,11.225,0.35294792,Belgorod
2022-10-24 00:00:00+00:00,8.318438,0.85,0.37583333,Belgorod
2022-10-25 00:00:00+00:00,8.491354,1.6500001,0.37430206,Belgorod
2022-10-26 00:00:00+00:00,9.503332,18.025,0.40088543,Belgorod
2022-10-27 00:00:00+00:00,7.028854,1.5500001,0.4149167,Belgorod
2022-10-28 00:00:00+00:00,6.2179165,0.075,0.4036458,Belgorod
2022-10-29 00:00:00+00:00,9.4210415,4.5750003,0.39677083,Belgorod
2022-10-30 00:00:00+00:00,10.881979,1.775,0.40204167,Belgorod
2022-10-31 00:00:00+00:00,2.7752085,2.5249999,0.40087497,Belgorod
2022-11-01 00:00:00+00:00,2.3366668,0.0,0.39284375,Belgorod
2022-11-02 00:00:00+00:00,4.4575005,0.52500004,0.38627085,Belgorod
2022-11-03 00:00:00+00:00,4.278333,0.8,0.3834896,Belgorod
2022-11-04 00:00:00+00:00,2.5903125,2.6,0.38281253,Belgorod
2022-11-05 00:00:00+00:00,0.8090624,0.22500001,0.3837917,Belgorod
2022-11-06 00:00:00+00:00,1.645,0.05,0.381,Belgorod
2022-11-07 00:00:00+00:00,1.4564583,0.0,0.37983334,Belgorod
2022-11-08 00:00:00+00:00,2.1840625,0.075,0.37675002,Belgorod
2022-11-09 00:00:00+00:00,3.7548957,0.0,0.37611458,Belgorod
2022-11-10 00:00:00+00:00,3.3496873,0.025,0.3748646,Belgorod
2022-11-11 00:00:00+00:00,5.1960416,0.05,0.37427083,Belgorod
2022-11-12 00:00:00+00:00,8.116875,0.25,0.37196878,Belgorod
2022-11-13 00:00:00+00:00,8.890833,0.025,0.36773956,Belgorod
2022-11-14 00:00:00+00:00,2.3788543,0.025,0.36389583,Belgorod
2022-11-15 00:00:00+00:00,-1.0310419,0.175,0.36066666,Belgorod
2022-11-16 00:00:00+00:00,2.0241666,5.7500005,0.36033332,Belgorod
2022-11-17 00:00:00+00:00,-1.6727083,10.6,0.36732292,Belgorod
2022-11-18 00:00:00+00:00,-3.7602081,3.0499997,0.36925006,Belgorod
2022-11-19 00:00:00+00:00,-0.96489584,13.750001,0.38684374,Belgorod
2022-11-20 00:00:00+00:00,-2.245104,6.9749994,0.4079479,Belgorod
2022-11-21 00:00:00+00:00,1.2944791,7.875,0.41357288,Belgorod
2022-11-22 00:00:00+00:00,5.5543747,11.25,0.42542708,Belgorod
2022-11-23 00:00:00+00:00,-1.0956249,6.75,0.4195625,Belgorod
2022-11-24 00:00:00+00:00,-1.4591666,0.25000003,0.40734375,Belgorod
2022-11-25 00:00:00+00:00,1.0314583,0.87499994,0.39999998,Belgorod
2022-11-26 00:00:00+00:00,1.2715625,0.125,0.39635417,Belgorod
2022-11-27 00:00:00+00:00,0.2075,0.8500001,0.39513537,Belgorod
2022-11-28 00:00:00+00:00,-1.9221877,0.40000004,0.39254165,Belgorod
2022-11-29 00:00:00+00:00,-4.5815625,0.0,0.38843745,Belgorod
2022-11-30 00:00:00+00:00,-4.3977084,0.0,0.38460422,Belgorod
2022-12-01 00:00:00+00:00,-3.8039582,0.0,0.38115624,Belgorod
2022-12-02 00:00:00+00:00,-3.8935413,0.0,0.37804168,Belgorod
2022-12-03 00:00:00+00:00,-6.1857295,0.0,0.37529168,Belgorod
2022-12-04 00:00:00+00:00,-9.115938,0.0,0.37271875,Belgorod
2022-12-05 00:00:00+00:00,-8.7977085,0.0,0.37034374,Belgorod
2022-12-06 00:00:00+00:00,-7.566459,0.0,0.36816663,Belgorod
2022-12-07 00:00:00+00:00,-7.130521,0.425,0.36608332,Belgorod
2022-12-08 00:00:00+00:00,-2.9175,6.675,0.36415625,Belgorod
2022-12-09 00:00:00+00:00,0.36791664,10.175001,0.3658333,Belgorod
2022-12-10 00:00:00+00:00,2.6069791,7.05,0.3909062,Belgorod
2022-12-11 00:00:00+00:00,4.8147917,2.95,0.413125,Belgorod
2022-12-12 00:00:00+00:00,3.3408334,16.3,0.41920835,Belgorod
2022-12-13 00:00:00+00:00,0.98458326,15.175,0.42686453,Belgorod
2022-12-14 00:00:00+00:00,-3.5935416,0.57500005,0.41645834,Belgorod
2022-12-15 00:00:00+00:00,-4.11125,0.45000002,0.4058021,Belgorod
2022-12-16 00:00:00+00:00,-0.2857292,2.1,0.39809376,Belgorod
2022-12-17 00:00:00+00:00,3.5054166,6.0249996,0.4025938,Belgorod
2022-12-18 00:00:00+00:00,0.33875033,0.90000004,0.4160833,Belgorod
2022-12-19 00:00:00+00:00,-5.6070833,0.0,0.40683335,Belgorod
2022-12-20 00:00:00+00:00,-3.3914583,1.4000001,0.39917707,Belgorod
2022-12-21 00:00:00+00:00,-0.8669792,2.0,0.39295834,Belgorod
2022-12-22 00:00:00+00:00,1.2595834,0.17500001,0.38825,Belgorod
2022-12-23 00:00:00+00:00,2.910625,1.9749999,0.39107293,Belgorod
2022-12-24 00:00:00+00:00,2.600729,2.4249997,0.3968125,Belgorod
2022-12-25 00:00:00+00:00,1.7397918,4.425,0.40022922,Belgorod
2022-12-26 00:00:00+00:00,0.55125,2.775,0.4004271,Belgorod
2022-12-27 00:00:00+00:00,0.5538541,6.475,0.3983958,Belgorod
2022-12-28 00:00:00+00:00,0.1548958,1.75,0.40311453,Belgorod
2022-12-29 00:00:00+00:00,0.1022917,1.4000001,0.40023953,Belgorod
2022-12-30 00:00:00+00:00,2.3658335,0.15,0.3964271,Belgorod
2022-12-31 00:00:00+00:00,1.9377084,0.55,0.40076038,Belgorod
2023-01-01 00:00:00+00:00,5.5095835,4.025,0.40446877,Belgorod
2023-01-02 00:00:00+00:00,6.2314577,0.0,0.40199998,Belgorod
2023-01-03 00:00:00+00:00,5.622604,0.8,0.39763543,Belgorod
2023-01-04 00:00:00+00:00,1.7731252,0.275,0.392875,Belgorod
2023-01-05 00:00:00+00:00,0.29760417,6.975,0.3881667,Belgorod
2023-01-06 00:00:00+00:00,-8.231042,1.8000002,0.39094788,Belgorod
2023-01-07 00:00:00+00:00,-17.837812,0.0,0.38993752,Belgorod
2023-01-08 00:00:00+00:00,-16.106041,0.0,0.38600004,Belgorod
2023-01-09 00:00:00+00:00,-11.751875,0.0,0.3821458,Belgorod
2023-01-10 00:00:00+00:00,-12.434167,0.0,0.37854168,Belgorod
2023-01-11 00:00:00+00:00,-11.393542,0.0,0.37520832,Belgorod
2023-01-12 00:00:00+00:00,-6.360729,0.0,0.37215626,Belgorod
2023-01-13 00:00:00+00:00,-3.38625,0.0,0.36947915,Belgorod
2023-01-14 00:00:00+00:00,-3.2367709,0.05,0.36715627,Belgorod
2023-01-15 00:00:00+00:00,-4.078958,0.20000002,0.36522916,Belgorod
2023-01-16 00:00:00+00:00,-2.7331252,0.50000006,0.3635521,Belgorod
2023-01-17 00:00:00+00:00,-0.4711458,0.5,0.3621979,Belgorod
2023-01-18 00:00:00+00:00,1.0694792,6.55,0.36462498,Belgorod
2023-01-19 00:00:00+00:00,2.2981253,1.9499999,0.38923964,Belgorod
2023-01-20 00:00:00+00:00,0.5111459,0.0,0.3917917,Belgorod
2023-01-21 00:00:00+00:00,-2.8513541,0.0,0.38834375,Belgorod
2023-01-22 00:00:00+00:00,-2.3383334,0.0,0.3849271,Belgorod
2023-01-23 00:00:00+00:00,-3.7607293,0.0,0.3818854,Belgorod
2023-01-24 00:00:00+00:00,-4.618021,0.0,0.37915626,Belgorod
2023-01-25 00:00:00+00:00,-5.0003123,0.0,0.3766771,Belgorod
2023-01-26 00:00:00+00:00,-5.157604,0.0,0.37434372,Belgorod
2023-01-27 00:00:00+00:00,-4.5935416,0.0,0.3721458,Belgorod
2023-01-28 00:00:00+00:00,-5.801875,0.0,0.3700521,Belgorod
2023-01-29 00:00:00+00:00,-3.6878126,0.5749999,0.36828122,Belgorod
2023-01-30 00:00:00+00:00,-3.8966665,0.0,0.36651042,Belgorod
2023-01-31 00:00:00+00:00,-2.7794788,0.22500001,0.3649375,Belgorod
2023-02-01 00:00:00+00:00,-1.6690624,0.5500001,0.36360416,Belgorod
2023-02-02 00:00:00+00:00,-1.1857293,0.675,0.36240625,Belgorod
2023-02-03 00:00:00+00:00,-0.56854165,1.5500001,0.36168745,Belgorod
2023-02-04 00:00:00+00:00,-2.1695833,0.9250001,0.36083332,Belgorod
2023-02-05 00:00:00+00:00,-3.995625,0.275,0.35977083,Belgorod
2023-02-06 00:00:00+00:00,-4.2951045,0.17500001,0.35864586,Belgorod
2023-02-07 00:00:00+00:00,-8.485729,0.0,0.35751042,Belgorod
2023-02-08 00:00:00+00:00,-8.689375,0.0,0.3564583,Belgorod
2023-02-09 00:00:00+00:00,-6.358125,0.8000001,0.35541666,Belgorod
2023-02-10 00:00:00+00:00,-4.1675,0.125,0.3544792,Belgorod
2023-02-11 00:00:00+00:00,-3.4773958,0.52500004,0.35353127,Belgorod
2023-02-12 00:00:00+00:00,-3.6727083,4.3249993,0.3527917,Belgorod
2023-02-13 00:00:00+00:00,-4.6273956,2.5500002,0.35211465,Belgorod
2023-02-14 00:00:00+00:00,-0.53364587,3.5749998,0.3514792,Belgorod
2023-02-15 00:00:00+00:00,-3.7341669,0.55,0.35125002,Belgorod
2023-02-16 00:00:00+00:00,-7.913854,0.275,0.35102087,Belgorod
2023-02-17 00:00:00+00:00,-10.35552,0.0,0.35075006,Belgorod
2023-02-18 00:00:00+00:00,-6.1904173,9.275,0.350125,Belgorod
2023-02-19 00:00:00+00:00,0.30645838,1.725,0.35062498,Belgorod
2023-02-20 00:00:00+00:00,-2.296146,1.5500002,0.35225,Belgorod
2023-02-21 00:00:00+00:00,-1.2008333,8.05,0.35411456,Belgorod
2023-02-22 00:00:00+00:00,-12.854479,0.0,0.35721868,Belgorod
2023-02-23 00:00:00+00:00,-14.9836445,0.0,0.35783336,Belgorod
2023-02-24 00:00:00+00:00,-5.456563,0.0,0.3574166,Belgorod
2023-02-25 00:00:00+00:00,0.87156254,2.25,0.35835415,Belgorod
2023-02-26 00:00:00+00:00,2.616875,3.625,0.39846873,Belgorod
2023-02-27 00:00:00+00:00,-0.76958334,4.025,0.4087917,Belgorod
2023-02-28 00:00:00+00:00,-3.8966668,0.0,0.40176043,Belgorod
2023-03-01 00:00:00+00:00,-3.0675,1.0500001,0.39510417,Belgorod
2023-03-02 00:00:00+00:00,-1.5987501,0.075,0.39021873,Belgorod
2023-03-03 00:00:00+00:00,1.5288543,0.45,0.38707295,Belgorod
2023-03-04 00:00:00+00:00,0.8345833,1.125,0.38712502,Belgorod
2023-03-05 00:00:00+00:00,-1.1893749,0.575,0.38605207,Belgorod
2023-03-06 00:00:00+00:00,-2.8253124,0.725,0.38302085,Belgorod
2023-03-07 00:00:00+00:00,0.05489564,1.35,0.38030204,Belgorod
2023-03-08 00:00:00+00:00,3.1746874,2.8999999,0.38305208,Belgorod
2023-03-09 00:00:00+00:00,5.658021,1.4250001,0.39114583,Belgorod
2023-03-10 00:00:00+00:00,2.9564586,1.8,0.39208335,Belgorod
2023-03-11 00:00:00+00:00,5.598646,5.0,0.38828123,Belgorod
2023-03-12 00:00:00+00:00,4.4903126,6.0999994,0.4038646,Belgorod
2023-03-13 00:00:00+00:00,-0.59041667,0.0,0.40135413,Belgorod
2023-03-14 00:00:00+00:00,2.766354,0.0,0.39320832,Belgorod
2023-03-15 00:00:00+00:00,4.4965625,1.75,0.38599998,Belgorod
2023-03-16 00:00:00+00:00,5.3726044,2.75,0.38566667,Belgorod
2023-03-17 00:00:00+00:00,4.03875,1.6999999,0.38945833,Belgorod
2023-03-18 00:00:00+00:00,2.2283332,0.0,0.38946876,Belgorod
2023-03-19 00:00:00+00:00,1.0814583,1.325,0.38820833,Belgorod
2023-03-20 00:00:00+00:00,2.8210418,0.05,0.38657296,Belgorod
2023-03-21 00:00:00+00:00,3.094479,0.075,0.38418746,Belgorod
2023-03-22 00:00:00+00:00,5.8460417,0.0,0.3795729,Belgorod
2023-03-23 00:00:00+00:00,7.85125,0.425,0.37770832,Belgorod
2023-03-24 00:00:00+00:00,10.293958,0.1,0.37316665,Belgorod
2023-03-25 00:00:00+00:00,11.578334,0.9250001,0.36454165,Belgorod
2023-03-26 00:00:00+00:00,8.689792,2.8500001,0.3623438,Belgorod
2023-03-27 00:00:00+00:00,7.800208,1.2500001,0.36613542,Belgorod
2023-03-28 00:00:00+00:00,9.015312,2.275,0.36492705,Belgorod
2023-03-29 00:00:00+00:00,4.491354,4.2749996,0.3739271,Belgorod
2023-03-30 00:00:00+00:00,2.3986459,5.225,0.38292706,Belgorod
2023-03-31 00:00:00+00:00,1.2976041,8.525002,0.39037502,Belgorod
2023-04-01 00:00:00+00:00,4.45125,1.0,0.3951979,Belgorod
2023-04-02 00:00:00+00:00,7.622604,0.0,0.39968753,Belgorod
2023-04-03 00:00:00+00:00,8.12677,2.775,0.38890624,Belgorod
2023-04-04 00:00:00+00:00,8.711145,0.375,0.3864375,Belgorod
2023-04-05 00:00:00+00:00,10.5564575,0.025,0.3828021,Belgorod
2023-04-06 00:00:00+00:00,11.839272,2.125,0.37710413,Belgorod
2023-04-07 00:00:00+00:00,11.472604,1.7249999,0.37477082,Belgorod
2023-04-08 00:00:00+00:00,9.943438,0.85,0.3675729,Belgorod
2023-04-09 00:00:00+00:00,8.765313,0.0,0.36137503,Belgorod
2023-04-10 00:00:00+00:00,8.404374,0.0,0.3547709,Belgorod
2023-04-11 00:00:00+00:00,10.619479,0.0,0.34335417,Belgorod
2023-04-12 00:00:00+00:00,10.885625,1.375,0.33644795,Belgorod
2023-04-13 00:00:00+00:00,9.268436,9.625,0.33360416,Belgorod
2023-04-14 00:00:00+00:00,6.0918746,6.05,0.35652086,Belgorod
2023-04-15 00:00:00+00:00,4.5111456,0.1,0.366,Belgorod
2023-04-16 00:00:00+00:00,6.599687,0.0,0.36258334,Belgorod
2023-04-17 00:00:00+00:00,8.452812,0.0,0.35498962,Belgorod
2023-04-18 00:00:00+00:00,9.474688,0.025,0.3450938,Belgorod
2023-04-19 00:00:00+00:00,9.744479,2.675,0.339875,Belgorod
2023-04-20 00:00:00+00:00,9.371563,4.7000003,0.3351458,Belgorod
2023-04-21 00:00:00+00:00,7.3809376,9.1,0.34951043,Belgorod
2023-04-22 00:00:00+00:00,8.210104,1.55,0.36534375,Belgorod
2023-04-23 00:00:00+00:00,10.472604,0.84999996,0.3644583,Belgorod
2023-04-24 00:00:00+00:00,10.824687,0.6999999,0.3581667,Belgorod
2023-04-25 00:00:00+00:00,10.021563,7.5250006,0.3590104,Belgorod
2023-04-26 00:00:00+00:00,12.57052,0.175,0.3580104,Belgorod
2023-04-27 00:00:00+00:00,13.706459,2.3,0.35001042,Belgorod
2023-04-28 00:00:00+00:00,13.533021,12.875,0.35175002,Belgorod
2023-04-29 00:00:00+00:00,9.858021,1.775,0.38971877,Belgorod
2023-04-30 00:00:00+00:00,8.6866665,6.674999,0.39653122,Belgorod
2023-05-01 00:00:00+00:00,8.273646,0.625,0.39040625,Belgorod
2023-05-02 00:00:00+00:00,8.576771,0.0,0.38259375,Belgorod
2023-05-03 00:00:00+00:00,11.898646,0.0,0.3716979,Belgorod
2023-05-04 00:00:00+00:00,14.692395,0.0,0.35964584,Belgorod
2023-05-05 00:00:00+00:00,13.2075,0.725,0.34975,Belgorod
2023-05-06 00:00:00+00:00,7.9017706,0.3,0.34109375,Belgorod
2023-05-07 00:00:00+00:00,6.773646,0.0,0.3331563,Belgorod
2023-05-08 00:00:00+00:00,7.4710417,0.0,0.32183334,Belgorod
2023-05-09 00:00:00+00:00,8.795,0.075,0.31074998,Belgorod
2023-05-10 00:00:00+00:00,8.894479,0.20000002,0.3034896,Belgorod
2023-05-11 00:00:00+00:00,10.104375,0.47500002,0.2965938,Belgorod
2023-05-12 00:00:00+00:00,12.27,0.625,0.28835413,Belgorod
2023-05-13 00:00:00+00:00,15.085625,0.0,0.27659371,Belgorod
2023-05-14 00:00:00+00:00,16.453854,0.25,0.26705208,Belgorod
2023-05-15 00:00:00+00:00,15.295522,0.05,0.25743753,Belgorod
2023-05-16 00:00:00+00:00,15.183021,0.0,0.24534371,Belgorod
2023-05-17 00:00:00+00:00,16.246563,0.0,0.23662503,Belgorod
2023-05-18 00:00:00+00:00,18.309063,0.0,0.22630207,Belgorod
2023-05-19 00:00:00+00:00,19.365833,0.0,0.21777081,Belgorod
2023-05-20 00:00:00+00:00,17.003857,0.3,0.21396874,Belgorod
2023-05-21 00:00:00+00:00,15.665313,1.4749999,0.21012503,Belgorod
2023-05-22 00:00:00+00:00,17.648127,0.275,0.2119479,Belgorod
2023-05-23 00:00:00+00:00,15.654375,5.25,0.21661459,Belgorod
2023-05-24 00:00:00+00:00,17.394478,7.0,0.22253124,Belgorod
2023-05-25 00:00:00+00:00,17.464792,4.15,0.24135418,Belgorod
2023-05-26 00:00:00+00:00,18.740313,1.4250001,0.2466354,Belgorod
2023-05-27 00:00:00+00:00,18.975729,1.05,0.24744795,Belgorod
2023-05-28 00:00:00+00:00,17.115313,0.025,0.24986458,Belgorod
2023-05-29 00:00:00+00:00,16.45125,0.59999996,0.24621879,Belgorod
2023-05-30 00:00:00+00:00,15.17,7.1000004,0.24756248,Belgorod
2023-05-31 00:00:00+00:00,16.820518,0.0,0.25003123,Belgorod
2023-06-01 00:00:00+00:00,15.937187,0.0,0.24518749,Belgorod
2023-06-02 00:00:00+00:00,18.910625,0.0,0.23585415,Belgorod
2023-06-03 00:00:00+00:00,15.848646,1.8499999,0.22676042,Belgorod
2023-06-04 00:00:00+00:00,12.560104,0.0,0.22392705,Belgorod
2023-06-05 00:00:00+00:00,13.716354,0.0,0.22184375,Belgorod
2023-06-06 00:00:00+00:00,16.224167,0.0,0.21817708,Belgorod
2023-06-07 00:00:00+00:00,18.5825,0.0,0.21038538,Belgorod
2023-06-08 00:00:00+00:00,19.530418,0.65,0.20761457,Belgorod
2023-06-09 00:00:00+00:00,20.841354,0.1,0.20120832,Belgorod
2023-06-10 00:00:00+00:00,20.821041,1.675,0.19910416,Belgorod
2023-06-11 00:00:00+00:00,15.991875,5.8750005,0.19966668,Belgorod
2023-06-12 00:00:00+00:00,13.539271,1.925,0.20871876,Belgorod
2023-06-13 00:00:00+00:00,15.7856245,0.125,0.21455207,Belgorod
2023-06-14 00:00:00+00:00,16.885103,1.25,0.21627083,Belgorod
2023-06-15 00:00:00+00:00,19.325207,0.125,0.21834373,Belgorod
2023-06-16 00:00:00+00:00,20.30281,0.15,0.21643753,Belgorod
2023-06-17 00:00:00+00:00,21.621563,0.0,0.21094793,Belgorod
2023-06-18 00:00:00+00:00,20.807503,0.0,0.20687503,Belgorod
2023-06-19 00:00:00+00:00,19.199688,0.0,0.20280209,Belgorod
2023-06-20 00:00:00+00:00,20.31896,0.57500005,0.20137498,Belgorod
2023-06-21 00:00:00+00:00,19.112186,0.0,0.19778126,Belgorod
2023-06-22 00:00:00+00:00,19.536667,0.025,0.19928125,Belgorod
2023-06-23 00:00:00+00:00,20.571041,5.55,0.19642706,Belgorod
2023-06-24 00:00:00+00:00,22.409063,0.025,0.19379169,Belgorod
2023-06-25 00:00:00+00:00,19.398125,2.075,0.19231251,Belgorod
2023-06-26 00:00:00+00:00,15.231979,22.575003,0.22308335,Belgorod
2023-06-27 00:00:00+00:00,15.648646,5.0499997,0.24276042,Belgorod
2023-06-28 00:00:00+00:00,17.308022,3.3999999,0.2435,Belgorod
2023-06-29 00:00:00+00:00,17.286144,5.5499997,0.25810418,Belgorod
2023-06-30 00:00:00+00:00,16.080936,10.425,0.28143752,Belgorod
2023-07-01 00:00:00+00:00,19.33406,0.45000002,0.2993646,Belgorod
2023-07-02 00:00:00+00:00,22.016354,1.025,0.29282293,Belgorod
2023-07-03 00:00:00+00:00,22.04552,5.8,0.28346878,Belgorod
2023-07-04 00:00:00+00:00,22.096561,4.1,0.2785104,Belgorod
2023-07-05 00:00:00+00:00,24.209583,0.275,0.27042705,Belgorod
2023-07-06 00:00:00+00:00,24.990833,3.8750002,0.27012503,Belgorod
2023-07-07 00:00:00+00:00,26.062187,0.425,0.26538545,Belgorod
2023-07-08 00:00:00+00:00,24.38094,3.225,0.2581771,Belgorod
2023-07-09 00:00:00+00:00,19.727812,7.3999996,0.28146878,Belgorod
2023-07-10 00:00:00+00:00,18.765835,1.7499999,0.28728127,Belgorod
2023-07-11 00:00:00+00:00,16.805939,0.40000004,0.2853125,Belgorod
2023-07-12 00:00:00+00:00,15.681458,0.375,0.28067708,Belgorod
2023-07-13 00:00:00+00:00,19.324167,0.975,0.27654168,Belgorod
2023-07-14 00:00:00+00:00,20.213228,9.125,0.28586453,Belgorod
2023-07-15 00:00:00+00:00,19.145,0.925,0.29604167,Belgorod
2023-07-16 00:00:00+00:00,19.241875,0.77500004,0.2913125,Belgorod
2023-07-17 00:00:00+00:00,20.612188,0.1,0.28228122,Belgorod
2023-07-18 00:00:00+00:00,21.80802,1.1750001,0.27257293,Belgorod
2023-07-19 00:00:00+00:00,18.40021,0.0,0.26721877,Belgorod
2023-07-20 00:00:00+00:00,19.450209,0.475,0.26108333,Belgorod
2023-07-21 00:00:00+00:00,19.105417,6.3500004,0.26015627,Belgorod
2023-07-22 00:00:00+00:00,19.004896,1.3,0.26081252,Belgorod
2023-07-23 00:00:00+00:00,19.048126,3.125,0.26775002,Belgorod
2023-07-24 00:00:00+00:00,19.348646,0.0,0.2722812,Belgorod
2023-07-25 00:00:00+00:00,22.115313,0.0,0.26696873,Belgorod
2023-07-26 00:00:00+00:00,24.165833,2.4750001,0.26218748,Belgorod
2023-07-27 00:00:00+00:00,25.196043,4.35,0.25727084,Belgorod
2023-07-28 00:00:00+00:00,20.6325,22.900002,0.26415625,Belgorod
2023-07-29 00:00:00+00:00,18.881458,10.1,0.3265,Belgorod
2023-07-30 00:00:00+00:00,19.772083,0.2,0.3215,Belgorod
2023-07-31 00:00:00+00:00,20.993439,1.775,0.3099271,Belgorod
2023-08-01 00:00:00+00:00,22.053854,1.1750001,0.30593753,Belgorod
2023-08-02 00:00:00+00:00,21.658022,3.725,0.31132293,Belgorod
2023-08-03 00:00:00+00:00,23.060623,0.3,0.30870834,Belgorod
2023-08-04 00:00:00+00:00,23.75698,0.025,0.29987502,Belgorod
2023-08-05 00:00:00+00:00,25.12625,0.0,0.28969792,Belgorod
2023-08-06 00:00:00+00:00,26.974688,0.0,0.27931252,Belgorod
2023-08-07 00:00:00+00:00,26.46479,8.275,0.27015626,Belgorod
2023-08-08 00:00:00+00:00,21.441355,0.0,0.27716666,Belgorod
2023-08-09 00:00:00+00:00,20.209063,0.20000002,0.27740622,Belgorod
2023-08-10 00:00:00+00:00,22.006979,8.05,0.27520832,Belgorod
2023-08-11 00:00:00+00:00,23.068436,9.900001,0.2783125,Belgorod
2023-08-12 00:00:00+00:00,20.902292,5.5000005,0.31273958,Belgorod
2023-08-13 00:00:00+00:00,19.948647,0.0,0.30348957,Belgorod
2023-08-14 00:00:00+00:00,21.145521,0.0,0.2952292,Belgorod
2023-08-15 00:00:00+00:00,23.131977,0.1,0.28384376,Belgorod
2023-08-16 00:00:00+00:00,22.390312,0.0,0.27242708,Belgorod
2023-08-17 00:00:00+00:00,21.636665,0.0,0.2655416,Belgorod
2023-08-18 00:00:00+00:00,23.778854,0.075,0.25939584,Belgorod
2023-08-19 00:00:00+00:00,25.462187,0.0,0.2533542,Belgorod
2023-08-20 00:00:00+00:00,24.975729,0.025,0.24775,Belgorod
2023-08-21 00:00:00+00:00,21.607498,3.7749999,0.2456979,Belgorod
2023-08-22 00:00:00+00:00,19.103855,1.45,0.25159377,Belgorod
2023-08-23 00:00:00+00:00,18.699167,0.32500002,0.2584896,Belgorod
2023-08-24 00:00:00+00:00,18.196562,0.25,0.2586354,Belgorod
2023-08-25 00:00:00+00:00,17.606457,0.125,0.25588545,Belgorod
2023-08-26 00:00:00+00:00,18.312187,0.1,0.2540313,Belgorod
2023-08-27 00:00:00+00:00,22.391874,0.25,0.24932292,Belgorod
2023-08-28 00:00:00+00:00,22.309582,0.175,0.24340624,Belgorod
2023-08-29 00:00:00+00:00,19.310623,0.97499996,0.24312498,Belgorod
2023-08-30 00:00:00+00:00,20.08406,0.0,0.2430104,Belgorod
2023-08-31 00:00:00+00:00,20.604895,0.0,0.24037504,Belgorod
2023-09-01 00:00:00+00:00,21.521563,2.7749999,0.23867708,Belgorod
2023-09-02 00:00:00+00:00,19.392918,5.000001,0.24106249,Belgorod
2023-09-03 00:00:00+00:00,18.489792,0.0,0.24614584,Belgorod
2023-09-04 00:00:00+00:00,19.347603,1.3499999,0.25013542,Belgorod
2023-09-05 00:00:00+00:00,18.743958,0.075,0.24839583,Belgorod
2023-09-06 00:00:00+00:00,18.550209,0.0,0.24653125,Belgorod
2023-09-07 00:00:00+00:00,15.10073,0.0,0.2472396,Belgorod
2023-09-08 00:00:00+00:00,13.7325,0.1,0.25403127,Belgorod
2023-09-09 00:00:00+00:00,11.48875,0.25,0.25485414,Belgorod
2023-09-10 00:00:00+00:00,14.047605,0.05,0.25797918,Belgorod
2023-09-11 00:00:00+00:00,14.647083,0.05,0.2601875,Belgorod
2023-09-12 00:00:00+00:00,13.77677,0.025,0.26246879,Belgorod
2023-09-13 00:00:00+00:00,13.328334,0.0,0.26150003,Belgorod
2023-09-14 00:00:00+00:00,13.610625,0.0,0.26119792,Belgorod
2023-09-15 00:00:00+00:00,13.079375,0.35000002,0.2611771,Belgorod
2023-09-16 00:00:00+00:00,15.048124,0.0,0.26054162,Belgorod
2023-09-17 00:00:00+00:00,15.32052,0.0,0.25645828,Belgorod
2023-09-18 00:00:00+00:00,15.759063,0.0,0.25533333,Belgorod
2023-09-19 00:00:00+00:00,16.795,0.0,0.2500521,Belgorod
2023-09-20 00:00:00+00:00,17.517916,0.0,0.24564582,Belgorod
2023-09-21 00:00:00+00:00,17.797604,0.0,0.24224997,Belgorod
2023-09-22 00:00:00+00:00,18.084583,0.0,0.23745835,Belgorod
2023-09-23 00:00:00+00:00,17.821562,0.0,0.23548959,Belgorod
2023-09-24 00:00:00+00:00,17.65073,0.0,0.23263544,Belgorod
2023-09-25 00:00:00+00:00,17.220001,0.0,0.23168752,Belgorod
2023-09-26 00:00:00+00:00,17.67625,0.025,0.22685416,Belgorod
2023-09-27 00:00:00+00:00,17.249687,0.0,0.2230104,Belgorod
2023-09-28 00:00:00+00:00,16.222084,0.0,0.22081247,Belgorod
2023-09-29 00:00:00+00:00,15.527812,0.0,0.21883334,Belgorod
2023-09-30 00:00:00+00:00,16.685102,0.0,0.21657294,Belgorod
2023-10-01 00:00:00+00:00,16.821043,0.025,0.21278122,Belgorod
2023-10-02 00:00:00+00:00,13.153334,1.4,0.21443748,Belgorod
2023-10-03 00:00:00+00:00,10.975208,0.0,0.21944793,Belgorod
2023-10-04 00:00:00+00:00,13.036146,0.025,0.2239479,Belgorod
2023-10-05 00:00:00+00:00,12.568959,0.1,0.22465622,Belgorod
2023-10-06 00:00:00+00:00,10.537188,2.1999998,0.22725001,Belgorod
2023-10-07 00:00:00+00:00,8.634583,8.625,0.23449999,Belgorod
2023-10-08 00:00:00+00:00,8.467396,0.47500002,0.24394791,Belgorod
2023-10-09 00:00:00+00:00,4.5496874,0.62500006,0.25491667,Belgorod
2023-10-10 00:00:00+00:00,3.595,3.0249996,0.2631979,Belgorod
2023-10-11 00:00:00+00:00,3.319479,0.0,0.26938543,Belgorod
2023-10-12 00:00:00+00:00,9.144479,0.0,0.26872915,Belgorod
2023-10-13 00:00:00+00:00,10.2179165,1.5250001,0.2688333,Belgorod
2023-10-14 00:00:00+00:00,10.437708,0.0,0.2690729,Belgorod
2023-10-15 00:00:00+00:00,12.971042,0.8249999,0.26633328,Belgorod
2023-10-16 00:00:00+00:00,8.071563,15.499999,0.2774583,Belgorod
2023-10-17 00:00:00+00:00,4.712708,0.425,0.302625,Belgorod
2023-10-18 00:00:00+00:00,5.5387497,0.40000004,0.3068125,Belgorod
2023-10-19 00:00:00+00:00,6.6241665,1.5,0.30868745,Belgorod
2023-10-20 00:00:00+00:00,10.031458,24.525,0.34272918,Belgorod
2023-10-21 00:00:00+00:00,6.97,12.575,0.40345833,Belgorod
2023-10-22 00:00:00+00:00,6.9252086,0.075,0.39413542,Belgorod
2023-10-23 00:00:00+00:00,12.783542,1.625,0.38306248,Belgorod
2023-10-24 00:00:00+00:00,8.130417,0.475,0.37583333,Belgorod
2023-10-25 00:00:00+00:00,5.249687,5.7250004,0.37110412,Belgorod
2023-10-26 00:00:00+00:00,4.1673956,9.775,0.39679167,Belgorod
2023-10-27 00:00:00+00:00,8.062187,13.725,0.4083333,Belgorod
2023-10-28 00:00:00+00:00,11.042917,12.150001,0.41516668,Belgorod
2023-10-29 00:00:00+00:00,6.721042,0.025,0.40470833,Belgorod
2023-10-30 00:00:00+00:00,10.114271,0.0,0.3905417,Belgorod
2023-10-31 00:00:00+00:00,12.148646,0.0,0.37889588,Belgorod
2023-11-01 00:00:00+00:00,12.306978,5.9749994,0.37132287,Belgorod
2023-11-02 00:00:00+00:00,9.01375,3.25,0.37810418,Belgorod
2023-11-03 00:00:00+00:00,5.5554166,0.0,0.37903124,Belgorod
2023-11-04 00:00:00+00:00,9.424687,1.1499999,0.37655208,Belgorod
2023-11-05 00:00:00+00:00,12.0720825,2.8,0.3747188,Belgorod
2023-11-06 00:00:00+00:00,10.8272915,6.8,0.38450003,Belgorod
2023-11-07 00:00:00+00:00,8.677813,0.025,0.38741672,Belgorod
2023-11-08 00:00:00+00:00,8.286146,16.925,0.38979167,Belgorod
2023-11-09 00:00:00+00:00,7.0397916,4.225,0.41257292,Belgorod
2023-11-10 00:00:00+00:00,5.397083,0.025,0.4006979,Belgorod
2023-11-11 00:00:00+00:00,4.7840624,1.35,0.3897187,Belgorod
2023-11-12 00:00:00+00:00,8.994478,6.999999,0.39993745,Belgorod
2023-11-13 00:00:00+00:00,5.77625,1.7750001,0.3995208,Belgorod
2023-11-14 00:00:00+00:00,4.128333,3.725,0.39328128,Belgorod
2023-11-15 00:00:00+00:00,5.7012496,2.025,0.39702082,Belgorod
2023-11-16 00:00:00+00:00,5.1788545,5.25,0.39777085,Belgorod
2023-11-17 00:00:00+00:00,2.750729,1.075,0.40404165,Belgorod
2023-11-18 00:00:00+00:00,-1.6872917,0.0,0.39829168,Belgorod
2023-11-19 00:00:00+00:00,-1.3477083,2.575,0.3921875,Belgorod
2023-11-20 00:00:00+00:00,-3.370104,12.775001,0.3876875,Belgorod
2023-11-21 00:00:00+00:00,-6.9258337,0.0,0.3828125,Belgorod
2023-11-22 00:00:00+00:00,-9.141979,0.0,0.37845835,Belgorod
2023-11-23 00:00:00+00:00,-6.8409376,1.825,0.37464583,Belgorod
2023-11-24 00:00:00+00:00,1.079375,3.375,0.3771667,Belgorod
2023-11-25 00:00:00+00:00,-0.7477084,1.7500001,0.38652086,Belgorod
2023-11-26 00:00:00+00:00,2.6377084,24.2,0.40477085,Belgorod
2023-11-27 00:00:00+00:00,-0.80447924,3.3500004,0.4234687,Belgorod
2023-11-28 00:00:00+00:00,-3.1341665,0.175,0.40837505,Belgorod
2023-11-29 00:00:00+00:00,1.0121875,11.5,0.4037187,Belgorod
2023-11-30 00:00:00+00:00,-2.626875,0.075,0.407875,Belgorod
2023-12-01 00:00:00+00:00,-1.3049998,9.125,0.4006042,Belgorod
2023-12-02 00:00:00+00:00,-2.1758332,1.325,0.39631248,Belgorod
2023-12-03 00:00:00+00:00,0.56375,2.7250001,0.3984792,Belgorod
2023-12-04 00:00:00+00:00,-4.700834,0.17500001,0.40178126,Belgorod
2023-12-05 00:00:00+00:00,-4.281563,0.0,0.39561456,Belgorod
2023-12-06 00:00:00+00:00,-4.894583,0.0,0.38979164,Belgorod
2023-12-07 00:00:00+00:00,-4.402396,0.40000004,0.38468748,Belgorod
2023-12-08 00:00:00+00:00,-5.13625,1.4750001,0.38033333,Belgorod
2023-12-09 00:00:00+00:00,-4.93,5.6000004,0.37659377,Belgorod
2023-12-10 00:00:00+00:00,-4.9435415,2.525,0.37336457,Belgorod
2023-12-11 00:00:00+00:00,-3.8909373,7.8,0.3705,Belgorod
2023-12-12 00:00:00+00:00,-3.4086456,10.125,0.36810416,Belgorod
2023-12-13 00:00:00+00:00,-9.166458,1.075,0.36585414,Belgorod
2023-12-14 00:00:00+00:00,-5.07375,13.425001,0.3639375,Belgorod
2023-12-15 00:00:00+00:00,-4.163854,5.225,0.37140626,Belgorod
2023-12-16 00:00:00+00:00,-4.288334,0.025,0.37310416,Belgorod
2023-12-17 00:00:00+00:00,-0.664896,1.6750001,0.37197924,Belgorod
2023-12-18 00:00:00+00:00,1.0611459,0.6,0.37969792,Belgorod
2023-12-19 00:00:00+00:00,1.2189584,0.05,0.39940628,Belgorod
2023-12-20 00:00:00+00:00,2.5090623,0.57500005,0.42542708,Belgorod
2023-12-21 00:00:00+00:00,2.636146,0.65000004,0.42927086,Belgorod
2023-12-22 00:00:00+00:00,2.4720833,1.85,0.42140627,Belgorod
2023-12-23 00:00:00+00:00,0.51843745,3.8249998,0.42429167,Belgorod
2023-12-24 00:00:00+00:00,-1.6372917,0.775,0.41138542,Belgorod
2023-12-25 00:00:00+00:00,-0.48416668,3.3000002,0.40132293,Belgorod
2023-12-26 00:00:00+00:00,2.1939585,2.475,0.40261462,Belgorod
2023-12-27 00:00:00+00:00,2.7486458,2.075,0.41167712,Belgorod
2023-12-28 00:00:00+00:00,-0.8039583,0.3,0.4091146,Belgorod
2023-12-29 00:00:00+00:00,2.2517707,0.0,0.40116665,Belgorod
2023-12-30 00:00:00+00:00,2.8840625,0.125,0.39998963,Belgorod
2023-12-31 00:00:00+00:00,2.4564583,0.57500005,0.3991562,Belgorod
2022-01-01 00:00:00+00:00,-3.6638,5.06,0.3067166,Saratov
2022-01-02 00:00:00+00:00,-4.4042163,0.91999996,0.30589995,Saratov
2022-01-03 00:00:00+00:00,-11.875883,1.48,0.30519995,Saratov
2022-01-04 00:00:00+00:00,-10.716299,1.7,0.30456665,Saratov
2022-01-05 00:00:00+00:00,-13.615049,4.06,0.3038917,Saratov
2022-01-06 00:00:00+00:00,-0.52796674,3.2599998,0.3035167,Saratov
2022-01-07 00:00:00+00:00,-0.5967167,2.78,0.31025836,Saratov
2022-01-08 00:00:00+00:00,-8.0696335,0.02,0.31618333,Saratov
2022-01-09 00:00:00+00:00,-11.662967,0.0,0.317725,Saratov
2022-01-10 00:00:00+00:00,-8.550883,0.36,0.31829163,Saratov
2022-01-11 00:00:00+00:00,-5.750883,3.4599998,0.3182333,Saratov
2022-01-12 00:00:00+00:00,-5.1096334,7.2599998,0.3179666,Saratov
2022-01-13 00:00:00+00:00,-7.2038,8.1,0.31789997,Saratov
2022-01-14 00:00:00+00:00,-8.416717,7.0199995,0.31722498,Saratov
2022-01-15 00:00:00+00:00,-5.891717,2.1200001,0.31647497,Saratov
2022-01-16 00:00:00+00:00,-6.5538,0.28000003,0.31647497,Saratov
2022-01-17 00:00:00+00:00,-6.6958833,0.76,0.31619167,Saratov
2022-01-18 00:00:00+00:00,-1.5342166,4.5,0.31568334,Saratov
2022-01-19 00:00:00+00:00,-2.99005,2.86,0.31505832,Saratov
2022-01-20 00:00:00+00:00,-7.6587996,0.02,0.31441665,Saratov
2022-01-21 00:00:00+00:00,-9.4862995,1.82,0.31347495,Saratov
2022-01-22 00:00:00+00:00,-5.7917166,9.24,0.3128,Saratov
2022-01-23 00:00:00+00:00,-8.391299,3.42,0.311975,Saratov
2022-01-24 00:00:00+00:00,-10.522966,0.120000005,0.31123334,Saratov
2022-01-25 00:00:00+00:00,-12.255466,0.34,0.31042498,Saratov
2022-01-26 00:00:00+00:00,-10.815466,0.62,0.3096083,Saratov
2022-01-27 00:00:00+00:00,-9.185466,1.0600002,0.30887502,Saratov
2022-01-28 00:00:00+00:00,-9.156717,1.2600001,0.30810004,Saratov
2022-01-29 00:00:00+00:00,-7.7250504,2.3200002,0.30740833,Saratov
2022-01-30 00:00:00+00:00,-2.5342166,1.7,0.306775,Saratov
2022-01-31 00:00:00+00:00,-1.72505,4.84,0.30623335,Saratov
2022-02-01 00:00:00+00:00,-1.23755,1.28,0.30579996,Saratov
2022-02-02 00:00:00+00:00,-1.4708831,6.7599998,0.30560833,Saratov
2022-02-03 00:00:00+00:00,-0.0629667,11.719999,0.30545,Saratov
2022-02-04 00:00:00+00:00,-1.5142167,2.5800002,0.30739164,Saratov
2022-02-05 00:00:00+00:00,-4.6546335,0.14000002,0.30833334,Saratov
2022-02-06 00:00:00+00:00,-7.2913003,0.2,0.30852497,Saratov
2022-02-07 00:00:00+00:00,-6.6017165,0.08,0.30859163,Saratov
2022-02-08 00:00:00+00:00,-2.93255,2.3400002,0.30859998,Saratov
2022-02-09 00:00:00+00:00,-1.8983834,9.38,0.30859998,Saratov
2022-02-10 00:00:00+00:00,-2.9458833,2.6799998,0.30856663,Saratov
2022-02-11 00:00:00+00:00,-1.4717166,4.34,0.30832502,Saratov
2022-02-12 00:00:00+00:00,-2.317967,1.16,0.30855837,Saratov
2022-02-13 00:00:00+00:00,-5.15755,0.02,0.30845004,Saratov
2022-02-14 00:00:00+00:00,-6.2600493,0.02,0.30829167,Saratov
2022-02-15 00:00:00+00:00,-7.3817167,0.0,0.30785003,Saratov
2022-02-16 00:00:00+00:00,-9.472967,0.0,0.30740002,Saratov
2022-02-17 00:00:00+00:00,-6.2875495,0.18000002,0.30681667,Saratov
2022-02-18 00:00:00+00:00,-1.3371332,2.5800002,0.3064167,Saratov
2022-02-19 00:00:00+00:00,-0.24255005,2.9599998,0.30697504,Saratov
2022-02-20 00:00:00+00:00,0.4487,2.24,0.30955833,Saratov
2022-02-21 00:00:00+00:00,-1.8946335,0.08,0.31549996,Saratov
2022-02-22 00:00:00+00:00,0.58161664,0.2,0.31925002,Saratov
2022-02-23 00:00:00+00:00,0.50036657,4.52,0.33184165,Saratov
2022-02-24 00:00:00+00:00,-2.77755,0.060000002,0.34219998,Saratov
2022-02-25 00:00:00+00:00,-1.8054664,0.45999995,0.343225,Saratov
2022-02-26 00:00:00+00:00,0.3857833,1.3,0.342075,Saratov
2022-02-27 00:00:00+00:00,0.24911669,7.5600004,0.3503333,Saratov
2022-02-28 00:00:00+00:00,-1.1221333,2.7,0.3538583,Saratov
2022-03-01 00:00:00+00:00,-1.2683835,0.0,0.35279998,Saratov
2022-03-02 00:00:00+00:00,-2.5663,0.0,0.35186666,Saratov
2022-03-03 00:00:00+00:00,-2.1792169,1.3000001,0.34960833,Saratov
2022-03-04 00:00:00+00:00,-0.7792166,13.76,0.34905005,Saratov
2022-03-05 00:00:00+00:00,-1.5567168,4.62,0.358275,Saratov
2022-03-06 00:00:00+00:00,-7.04755,0.120000005,0.35823333,Saratov
2022-03-07 00:00:00+00:00,-6.9821334,0.060000002,0.35542503,Saratov
2022-03-08 00:00:00+00:00,-5.3092165,1.44,0.35278338,Saratov
2022-03-09 00:00:00+00:00,-6.068383,3.1,0.35035,Saratov
2022-03-10 00:00:00+00:00,-6.856717,6.4799995,0.34803328,Saratov
2022-03-11 00:00:00+00:00,-10.16005,0.8,0.34599167,Saratov
2022-03-12 00:00:00+00:00,-13.052549,0.0,0.3439083,Saratov
2022-03-13 00:00:00+00:00,-12.952135,0.04,0.34219164,Saratov
2022-03-14 00:00:00+00:00,-6.4750504,2.2,0.3406583,Saratov
2022-03-15 00:00:00+00:00,-7.4092164,0.74000007,0.33949167,Saratov
2022-03-16 00:00:00+00:00,-7.705884,2.24,0.33810836,Saratov
2022-03-17 00:00:00+00:00,-9.3313,0.46000004,0.33679166,Saratov
2022-03-18 00:00:00+00:00,-9.175467,0.0,0.33561668,Saratov
2022-03-19 00:00:00+00:00,-9.045467,0.0,0.33451667,Saratov
2022-03-20 00:00:00+00:00,-3.71255,0.0,0.3336833,Saratov
2022-03-21 00:00:00+00:00,-0.046300016,0.26000002,0.33318335,Saratov
2022-03-22 00:00:00+00:00,-1.7908834,0.0,0.33343333,Saratov
2022-03-23 00:00:00+00:00,-1.6058832,0.0,0.33373335,Saratov
2022-03-24 00:00:00+00:00,-1.4942168,0.0,0.3348917,Saratov
2022-03-25 00:00:00+00:00,-1.0579666,0.0,0.34315,Saratov
2022-03-26 00:00:00+00:00,0.7191166,1.1600001,0.35915,Saratov
2022-03-27 00:00:00+00:00,-0.21255001,3.4199996,0.38408333,Saratov
2022-03-28 00:00:00+00:00,-3.9167168,1.0600001,0.3890167,Saratov
2022-03-29 00:00:00+00:00,2.7537,1.5200001,0.39310837,Saratov
2022-03-30 00:00:00+00:00,3.0391169,4.96,0.42053336,Saratov
2022-03-31 00:00:00+00:00,3.6957831,0.5,0.42990834,Saratov
2022-04-01 00:00:00+00:00,6.110367,5.56,0.43233332,Saratov
2022-04-02 00:00:00+00:00,9.754951,3.3,0.43430835,Saratov
2022-04-03 00:00:00+00:00,8.394951,0.88,0.42785835,Saratov
2022-04-04 00:00:00+00:00,2.7082832,2.8799999,0.41862506,Saratov
2022-04-05 00:00:00+00:00,1.5541168,0.060000002,0.4116417,Saratov
2022-04-06 00:00:00+00:00,4.2562003,1.0,0.41015834,Saratov
2022-04-07 00:00:00+00:00,7.344533,0.02,0.40795833,Saratov
2022-04-08 00:00:00+00:00,10.537033,0.0,0.39408332,Saratov
2022-04-09 00:00:00+00:00,7.9087,2.3600001,0.3847417,Saratov
2022-04-10 00:00:00+00:00,10.10995,0.060000002,0.38181666,Saratov
2022-04-11 00:00:00+00:00,11.975782,0.0,0.36915,Saratov
2022-04-12 00:00:00+00:00,12.550784,0.02,0.35856667,Saratov
2022-04-13 00:00:00+00:00,11.597449,14.719999,0.36481667,Saratov
2022-04-14 00:00:00+00:00,7.943283,6.6799994,0.37866664,Saratov
2022-04-15 00:00:00+00:00,7.674533,1.3600001,0.39141667,Saratov
2022-04-16 00:00:00+00:00,9.2962,0.120000005,0.386375,Saratov
2022-04-17 00:00:00+00:00,10.699533,0.62,0.377625,Saratov
2022-04-18 00:00:00+00:00,13.176199,0.48000002,0.37209168,Saratov
2022-04-19 00:00:00+00:00,15.160784,0.1,0.36524165,Saratov
2022-04-20 00:00:00+00:00,14.955366,2.2,0.35715833,Saratov
2022-04-21 00:00:00+00:00,11.328699,2.94,0.35386664,Saratov
2022-04-22 00:00:00+00:00,9.560783,4.48,0.35555,Saratov
2022-04-23 00:00:00+00:00,9.5187,1.6199999,0.3589,Saratov
2022-04-24 00:00:00+00:00,11.489532,0.08,0.35207504,Saratov
2022-04-25 00:00:00+00:00,13.731618,0.04,0.34676665,Saratov
2022-04-26 00:00:00+00:00,16.731617,0.24000001,0.3361333,Saratov
2022-04-27 00:00:00+00:00,16.806202,2.86,0.32646665,Saratov
2022-04-28 00:00:00+00:00,11.047449,0.34,0.32308334,Saratov
2022-04-29 00:00:00+00:00,8.67995,0.08,0.317525,Saratov
2022-04-30 00:00:00+00:00,9.767866,0.060000002,0.30963334,Saratov
2022-05-01 00:00:00+00:00,6.7599497,0.0,0.30067497,Saratov
2022-05-02 00:00:00+00:00,7.606617,0.0,0.29195836,Saratov
2022-05-03 00:00:00+00:00,10.275367,0.0,0.28195,Saratov
2022-05-04 00:00:00+00:00,13.062449,0.22,0.26893336,Saratov
2022-05-05 00:00:00+00:00,7.8970337,0.76000005,0.26170832,Saratov
2022-05-06 00:00:00+00:00,6.4974504,0.0,0.25766668,Saratov
2022-05-07 00:00:00+00:00,8.832033,0.0,0.24975836,Saratov
2022-05-08 00:00:00+00:00,11.263283,0.0,0.23648334,Saratov
2022-05-09 00:00:00+00:00,12.692451,0.56,0.22570834,Saratov
2022-05-10 00:00:00+00:00,7.3087006,2.1799998,0.22304997,Saratov
2022-05-11 00:00:00+00:00,6.0766163,8.660001,0.22540002,Saratov
2022-05-12 00:00:00+00:00,9.759117,1.9,0.23357499,Saratov
2022-05-13 00:00:00+00:00,14.706616,2.1200001,0.239375,Saratov
2022-05-14 00:00:00+00:00,13.5970335,0.22,0.23798332,Saratov
2022-05-15 00:00:00+00:00,11.756616,6.4800005,0.23348334,Saratov
2022-05-16 00:00:00+00:00,11.2341175,4.04,0.24187498,Saratov
2022-05-17 00:00:00+00:00,10.278283,2.7,0.24970002,Saratov
2022-05-18 00:00:00+00:00,10.72495,2.7199998,0.25365835,Saratov
2022-05-19 00:00:00+00:00,11.4912,0.64,0.25524163,Saratov
2022-05-20 00:00:00+00:00,9.927867,1.56,0.25375003,Saratov
2022-05-21 00:00:00+00:00,8.521616,0.16,0.252375,Saratov
2022-05-22 00:00:00+00:00,9.218699,4.2,0.2510583,Saratov
2022-05-23 00:00:00+00:00,9.145367,1.64,0.25334996,Saratov
2022-05-24 00:00:00+00:00,11.29745,0.0,0.25154167,Saratov
2022-05-25 00:00:00+00:00,9.242033,0.04,0.24704167,Saratov
2022-05-26 00:00:00+00:00,13.383699,0.26000002,0.24274997,Saratov
2022-05-27 00:00:00+00:00,14.280367,6.04,0.23690835,Saratov
2022-05-28 00:00:00+00:00,15.953283,2.52,0.23727503,Saratov
2022-05-29 00:00:00+00:00,15.234533,4.4,0.23695835,Saratov
2022-05-30 00:00:00+00:00,15.1362,0.58000004,0.23890834,Saratov
2022-05-31 00:00:00+00:00,17.625784,0.0,0.23470001,Saratov
2022-06-01 00:00:00+00:00,19.444532,0.17999999,0.22534163,Saratov
2022-06-02 00:00:00+00:00,20.515783,0.0,0.21636668,Saratov
2022-06-03 00:00:00+00:00,22.0237,0.82000005,0.20980832,Saratov
2022-06-04 00:00:00+00:00,20.257034,2.9,0.20500001,Saratov
2022-06-05 00:00:00+00:00,20.143284,2.42,0.20018332,Saratov
2022-06-06 00:00:00+00:00,16.004534,18.640001,0.22906666,Saratov
2022-06-07 00:00:00+00:00,16.756199,0.14,0.25215834,Saratov
2022-06-08 00:00:00+00:00,16.404533,0.17999999,0.24844165,Saratov
2022-06-09 00:00:00+00:00,18.341618,0.0,0.24167505,Saratov
2022-06-10 00:00:00+00:00,21.214533,0.0,0.23274164,Saratov
2022-06-11 00:00:00+00:00,22.207449,0.02,0.22405002,Saratov
2022-06-12 00:00:00+00:00,19.361202,0.0,0.21671668,Saratov
2022-06-13 00:00:00+00:00,18.326618,0.0,0.21239166,Saratov
2022-06-14 00:00:00+00:00,20.99995,0.0,0.20819168,Saratov
2022-06-15 00:00:00+00:00,22.549952,3.0,0.20343332,Saratov
2022-06-16 00:00:00+00:00,19.848286,4.0600004,0.20182502,Saratov
2022-06-17 00:00:00+00:00,19.588284,0.42,0.19977501,Saratov
2022-06-18 00:00:00+00:00,19.953283,0.28,0.19676667,Saratov
2022-06-19 00:00:00+00:00,20.960783,0.060000002,0.19330001,Saratov
2022-06-20 00:00:00+00:00,23.328283,2.6,0.19214168,Saratov
2022-06-21 00:00:00+00:00,22.80495,0.68000007,0.19235,Saratov
2022-06-22 00:00:00+00:00,24.0387,1.44,0.19134167,Saratov
2022-06-23 00:00:00+00:00,21.977865,12.64,0.193425,Saratov
2022-06-24 00:00:00+00:00,20.864117,5.96,0.20339164,Saratov
2022-06-25 00:00:00+00:00,21.441618,0.4,0.20834164,Saratov
2022-06-26 00:00:00+00:00,21.681618,0.0,0.20428331,Saratov
2022-06-27 00:00:00+00:00,20.960783,0.0,0.19821668,Saratov
2022-06-28 00:00:00+00:00,20.534533,0.86,0.19374165,Saratov
2022-06-29 00:00:00+00:00,16.4487,0.0,0.19280836,Saratov
2022-06-30 00:00:00+00:00,18.16245,0.02,0.19258331,Saratov
2022-07-01 00:00:00+00:00,14.509532,8.92,0.19583334,Saratov
2022-07-02 00:00:00+00:00,15.675783,19.22,0.22691667,Saratov
2022-07-03 00:00:00+00:00,18.420784,2.1599998,0.2624666,Saratov
2022-07-04 00:00:00+00:00,18.493284,0.48000002,0.26714996,Saratov
2022-07-05 00:00:00+00:00,17.4487,0.02,0.2617833,Saratov
2022-07-06 00:00:00+00:00,19.172867,0.0,0.25295836,Saratov
2022-07-07 00:00:00+00:00,22.1887,0.0,0.24226665,Saratov
2022-07-08 00:00:00+00:00,24.153698,0.060000002,0.23295,Saratov
2022-07-09 00:00:00+00:00,24.9087,0.0,0.22328337,Saratov
2022-07-10 00:00:00+00:00,25.88245,0.02,0.2156333,Saratov
2022-07-11 00:00:00+00:00,27.306202,0.1,0.21009164,Saratov
2022-07-12 00:00:00+00:00,26.994953,0.76000005,0.20404999,Saratov
2022-07-13 00:00:00+00:00,23.646618,8.42,0.21144167,Saratov
2022-07-14 00:00:00+00:00,22.037035,11.48,0.22588333,Saratov
2022-07-15 00:00:00+00:00,20.222448,0.16,0.25055835,Saratov
2022-07-16 00:00:00+00:00,22.365368,1.02,0.2487417,Saratov
2022-07-17 00:00:00+00:00,22.852865,1.3199999,0.2412,Saratov
2022-07-18 00:00:00+00:00,22.123281,4.88,0.23701668,Saratov
2022-07-19 00:00:00+00:00,19.1637,0.0,0.23431666,Saratov
2022-07-20 00:00:00+00:00,18.997034,0.46000004,0.23190829,Saratov
2022-07-21 00:00:00+00:00,18.669535,6.3399997,0.23219168,Saratov
2022-07-22 00:00:00+00:00,18.944117,2.42,0.2377334,Saratov
2022-07-23 00:00:00+00:00,20.487034,5.48,0.23960833,Saratov
2022-07-24 00:00:00+00:00,21.2562,3.2599998,0.23842497,Saratov
2022-07-25 00:00:00+00:00,20.7887,4.9199996,0.23712501,Saratov
2022-07-26 00:00:00+00:00,21.647034,3.0000005,0.24187501,Saratov
2022-07-27 00:00:00+00:00,23.206202,0.58000004,0.23675,Saratov
2022-07-28 00:00:00+00:00,24.539951,0.060000002,0.22953331,Saratov
2022-07-29 00:00:00+00:00,23.048283,4.7799997,0.22445834,Saratov
2022-07-30 00:00:00+00:00,22.559532,0.22,0.22048333,Saratov
2022-07-31 00:00:00+00:00,22.340366,1.4,0.21776667,Saratov
2022-08-01 00:00:00+00:00,22.331202,0.0,0.21430835,Saratov
2022-08-02 00:00:00+00:00,23.114117,0.0,0.21019165,Saratov
2022-08-03 00:00:00+00:00,23.611202,0.0,0.20705834,Saratov
2022-08-04 00:00:00+00:00,24.662033,0.0,0.20430832,Saratov
2022-08-05 00:00:00+00:00,25.091618,0.04,0.20178333,Saratov
2022-08-06 00:00:00+00:00,24.863699,0.0,0.19859166,Saratov
2022-08-07 00:00:00+00:00,25.038284,0.02,0.19581668,Saratov
2022-08-08 00:00:00+00:00,25.220364,0.0,0.19436666,Saratov
2022-08-09 00:00:00+00:00,25.332033,0.04,0.19285001,Saratov
2022-08-10 00:00:00+00:00,26.064533,0.0,0.19086666,Saratov
2022-08-11 00:00:00+00:00,25.53495,0.35999998,0.18931669,Saratov
2022-08-12 00:00:00+00:00,24.621616,0.0,0.1874667,Saratov
2022-08-13 00:00:00+00:00,24.2587,0.02,0.18826666,Saratov
2022-08-14 00:00:00+00:00,24.31745,0.0,0.18849166,Saratov
2022-08-15 00:00:00+00:00,23.301617,0.0,0.18783335,Saratov
2022-08-16 00:00:00+00:00,24.840368,0.0,0.185975,Saratov
2022-08-17 00:00:00+00:00,24.757868,0.7,0.18459168,Saratov
2022-08-18 00:00:00+00:00,23.767866,4.4000006,0.18315001,Saratov
2022-08-19 00:00:00+00:00,18.8637,7.6,0.19732499,Saratov
2022-08-20 00:00:00+00:00,20.031616,0.2,0.20192501,Saratov
2022-08-21 00:00:00+00:00,22.189533,0.0,0.20216668,Saratov
2022-08-22 00:00:00+00:00,24.246616,0.0,0.19934997,Saratov
2022-08-23 00:00:00+00:00,24.120367,0.0,0.19829167,Saratov
2022-08-24 00:00:00+00:00,25.134533,0.0,0.19541667,Saratov
2022-08-25 00:00:00+00:00,24.6512,0.0,0.19533333,Saratov
2022-08-26 00:00:00+00:00,24.567451,0.0,0.19409166,Saratov
2022-08-27 00:00:00+00:00,25.391201,0.0,0.19093335,Saratov
2022-08-28 00:00:00+00:00,26.280369,0.0,0.19230834,Saratov
2022-08-29 00:00:00+00:00,26.997034,0.02,0.18703333,Saratov
2022-08-30 00:00:00+00:00,25.8962,0.04,0.18413334,Saratov
2022-08-31 00:00:00+00:00,24.962032,0.02,0.18173334,Saratov
2022-09-01 00:00:00+00:00,21.250784,7.8,0.18155833,Saratov
2022-09-02 00:00:00+00:00,16.388285,0.04,0.1969,Saratov
2022-09-03 00:00:00+00:00,13.177032,0.04,0.2112833,Saratov
2022-09-04 00:00:00+00:00,11.7324505,8.440001,0.22021666,Saratov
2022-09-05 00:00:00+00:00,11.351618,0.24000001,0.22678335,Saratov
2022-09-06 00:00:00+00:00,9.739117,2.6799998,0.23379998,Saratov
2022-09-07 00:00:00+00:00,10.385784,0.42000002,0.23822498,Saratov
2022-09-08 00:00:00+00:00,10.5162,1.96,0.24210837,Saratov
2022-09-09 00:00:00+00:00,9.405783,0.72,0.24490002,Saratov
2022-09-10 00:00:00+00:00,9.04745,0.02,0.24500835,Saratov
2022-09-11 00:00:00+00:00,10.53495,0.0,0.24533334,Saratov
2022-09-12 00:00:00+00:00,12.189534,0.14000002,0.24778333,Saratov
2022-09-13 00:00:00+00:00,12.800783,8.2,0.24960832,Saratov
2022-09-14 00:00:00+00:00,13.904117,6.66,0.26050833,Saratov
2022-09-15 00:00:00+00:00,12.7237,2.1999998,0.27107498,Saratov
2022-09-16 00:00:00+00:00,14.2562,2.86,0.27779996,Saratov
2022-09-17 00:00:00+00:00,15.707868,6.160001,0.289875,Saratov
2022-09-18 00:00:00+00:00,18.382866,1.82,0.29410833,Saratov
2022-09-19 00:00:00+00:00,18.550783,2.98,0.295075,Saratov
2022-09-20 00:00:00+00:00,14.485785,1.64,0.29553336,Saratov
2022-09-21 00:00:00+00:00,16.03245,2.2199998,0.29811668,Saratov
2022-09-22 00:00:00+00:00,16.808283,4.58,0.303475,Saratov
2022-09-23 00:00:00+00:00,17.653702,2.3,0.30577502,Saratov
2022-09-24 00:00:00+00:00,13.116617,0.26000002,0.31072506,Saratov
2022-09-25 00:00:00+00:00,10.112451,4.4800005,0.31366667,Saratov
2022-09-26 00:00:00+00:00,9.550784,2.06,0.31876665,Saratov
2022-09-27 00:00:00+00:00,11.352449,4.7400002,0.32190832,Saratov
2022-09-28 00:00:00+00:00,13.66245,11.02,0.34525004,Saratov
2022-09-29 00:00:00+00:00,14.423284,5.52,0.35909167,Saratov
2022-09-30 00:00:00+00:00,13.143283,0.46000004,0.35641664,Saratov
2022-10-01 00:00:00+00:00,14.5187,2.06,0.35224998,Saratov
2022-10-02 00:00:00+00:00,17.130785,2.6200001,0.35241666,Saratov
2022-10-03 00:00:00+00:00,14.272449,6.2,0.35014167,Saratov
2022-10-04 00:00:00+00:00,12.134117,4.9399996,0.3593,Saratov
2022-10-05 00:00:00+00:00,11.90745,3.7400002,0.3675917,Saratov
2022-10-06 00:00:00+00:00,9.635783,0.6,0.367525,Saratov
2022-10-07 00:00:00+00:00,10.65995,0.3,0.36255,Saratov
2022-10-08 00:00:00+00:00,9.672033,0.0,0.35669166,Saratov
2022-10-09 00:00:00+00:00,10.768284,0.04,0.3500667,Saratov
2022-10-10 00:00:00+00:00,11.09245,4.8199997,0.34713334,Saratov
2022-10-11 00:00:00+00:00,10.366617,6.7200003,0.3586667,Saratov
2022-10-12 00:00:00+00:00,9.419117,3.3799999,0.3663083,Saratov
2022-10-13 00:00:00+00:00,7.9916167,0.6600001,0.36810833,Saratov
2022-10-14 00:00:00+00:00,5.752033,0.35999998,0.3646583,Saratov
2022-10-15 00:00:00+00:00,4.224533,0.16,0.35918337,Saratov
2022-10-16 00:00:00+00:00,4.277867,0.0,0.35539165,Saratov
2022-10-17 00:00:00+00:00,5.0162,0.04,0.3523667,Saratov
2022-10-18 00:00:00+00:00,9.382867,1.76,0.348325,Saratov
2022-10-19 00:00:00+00:00,11.384951,2.7000003,0.34576666,Saratov
2022-10-20 00:00:00+00:00,7.4749503,2.9000003,0.34780836,Saratov
2022-10-21 00:00:00+00:00,5.0016165,1.8999999,0.35080832,Saratov
2022-10-22 00:00:00+00:00,3.5274498,0.2,0.35093334,Saratov
2022-10-23 00:00:00+00:00,4.8732834,0.32,0.35083336,Saratov
2022-10-24 00:00:00+00:00,6.0591164,5.62,0.35498333,Saratov
2022-10-25 00:00:00+00:00,3.6107833,0.2,0.36299998,Saratov
2022-10-26 00:00:00+00:00,1.8132836,1.28,0.36114997,Saratov
2022-10-27 00:00:00+00:00,1.5020332,6.5,0.36287498,Saratov
2022-10-28 00:00:00+00:00,1.9528666,1.5000001,0.36647502,Saratov
2022-10-29 00:00:00+00:00,3.1203666,1.1800001,0.36843336,Saratov
2022-10-30 00:00:00+00:00,7.1257834,7.8,0.38010833,Saratov
2022-10-31 00:00:00+00:00,2.10995,2.2599998,0.39135832,Saratov
2022-11-01 00:00:00+00:00,1.3087,0.9000001,0.38564166,Saratov
2022-11-02 00:00:00+00:00,0.73078334,1.06,0.3802917,Saratov
2022-11-03 00:00:00+00:00,1.0653667,0.7,0.37587503,Saratov
2022-11-04 00:00:00+00:00,1.74495,1.68,0.37163335,Saratov
2022-11-05 00:00:00+00:00,1.88745,1.6800001,0.37326667,Saratov
2022-11-06 00:00:00+00:00,1.0803667,0.08,0.37502494,Saratov
2022-11-07 00:00:00+00:00,1.2678666,0.04,0.37236667,Saratov
2022-11-08 00:00:00+00:00,2.2353666,0.02,0.37008327,Saratov
2022-11-09 00:00:00+00:00,3.0286999,0.060000002,0.36675003,Saratov
2022-11-10 00:00:00+00:00,4.665783,0.08,0.36346665,Saratov
2022-11-11 00:00:00+00:00,5.3387003,0.08,0.360475,Saratov
2022-11-12 00:00:00+00:00,6.2787,3.7400002,0.35812497,Saratov
2022-11-13 00:00:00+00:00,7.0920334,1.8799999,0.36230832,Saratov
2022-11-14 00:00:00+00:00,0.11870004,0.44000006,0.36169997,Saratov
2022-11-15 00:00:00+00:00,-1.9696335,0.16,0.35995,Saratov
2022-11-16 00:00:00+00:00,-2.3658834,3.7599998,0.35777497,Saratov
2022-11-17 00:00:00+00:00,-0.24505,12.460001,0.35635835,Saratov
2022-11-18 00:00:00+00:00,2.6162002,10.940001,0.38695005,Saratov
2022-11-19 00:00:00+00:00,-1.1413001,4.88,0.39928335,Saratov
2022-11-20 00:00:00+00:00,0.06953331,3.6799998,0.39909166,Saratov
2022-11-21 00:00:00+00:00,-0.24380007,10.960001,0.3934583,Saratov
2022-11-22 00:00:00+00:00,0.08036671,6.38,0.395025,Saratov
2022-11-23 00:00:00+00:00,2.1991165,6.78,0.40837497,Saratov
2022-11-24 00:00:00+00:00,0.8828667,0.18,0.40456668,Saratov
2022-11-25 00:00:00+00:00,0.90036666,0.0,0.39898333,Saratov
2022-11-26 00:00:00+00:00,-0.49129996,0.0,0.39456668,Saratov
2022-11-27 00:00:00+00:00,-3.5813003,0.0,0.38935834,Saratov
2022-11-28 00:00:00+00:00,-5.5733833,0.0,0.3845833,Saratov
2022-11-29 00:00:00+00:00,-7.4263,0.0,0.3802083,Saratov
2022-11-30 00:00:00+00:00,-7.4321337,0.0,0.37638333,Saratov
2022-12-01 00:00:00+00:00,-5.7638,0.0,0.37305003,Saratov
2022-12-02 00:00:00+00:00,-6.768384,0.0,0.37013334,Saratov
2022-12-03 00:00:00+00:00,-10.271299,0.0,0.36750826,Saratov
2022-12-04 00:00:00+00:00,-10.740466,0.0,0.36508337,Saratov
2022-12-05 00:00:00+00:00,-9.872549,0.0,0.36275837,Saratov
2022-12-06 00:00:00+00:00,-10.3404665,0.0,0.36059165,Saratov
2022-12-07 00:00:00+00:00,-12.4288,0.0,0.35857493,Saratov
2022-12-08 00:00:00+00:00,-11.66505,0.3,0.356875,Saratov
2022-12-09 00:00:00+00:00,-8.627967,0.3,0.35530004,Saratov
2022-12-10 00:00:00+00:00,-6.492133,0.08,0.35394174,Saratov
2022-12-11 00:00:00+00:00,-3.4808834,0.120000005,0.35291663,Saratov
2022-12-12 00:00:00+00:00,-6.5892167,0.0,0.3531333,Saratov
2022-12-13 00:00:00+00:00,-7.1533837,0.0,0.35224164,Saratov
2022-12-14 00:00:00+00:00,-4.985883,3.86,0.3513,Saratov
2022-12-15 00:00:00+00:00,-5.669217,0.1,0.35042506,Saratov
2022-12-16 00:00:00+00:00,-4.683383,0.060000002,0.34950837,Saratov
2022-12-17 00:00:00+00:00,-2.1775498,2.24,0.3488667,Saratov
2022-12-18 00:00:00+00:00,0.6082834,4.68,0.36157504,Saratov
2022-12-19 00:00:00+00:00,-4.099633,0.38,0.37546667,Saratov
2022-12-20 00:00:00+00:00,-4.284217,0.3,0.374725,Saratov
2022-12-21 00:00:00+00:00,-3.1533835,0.0,0.3726583,Saratov
2022-12-22 00:00:00+00:00,-0.9613001,0.48000002,0.37076667,Saratov
2022-12-23 00:00:00+00:00,0.54536676,0.18,0.36990836,Saratov
2022-12-24 00:00:00+00:00,-0.9108833,0.1,0.36895838,Saratov
2022-12-25 00:00:00+00:00,-2.4621334,0.94000006,0.36759996,Saratov
2022-12-26 00:00:00+00:00,-2.57755,0.7200001,0.3663083,Saratov
2022-12-27 00:00:00+00:00,-3.7988,0.84000003,0.364775,Saratov
2022-12-28 00:00:00+00:00,-5.2317166,5.4199996,0.36318332,Saratov
2022-12-29 00:00:00+00:00,-3.1525502,1.64,0.36163336,Saratov
2022-12-30 00:00:00+00:00,-1.3317167,3.9,0.3603417,Saratov
2022-12-31 00:00:00+00:00,0.4632833,5.5,0.36315003,Saratov
2023-01-01 00:00:00+00:00,0.95953333,2.74,0.36970833,Saratov
2023-01-02 00:00:00+00:00,2.1066165,0.9,0.3870833,Saratov
2023-01-03 00:00:00+00:00,0.09703328,6.32,0.39424163,Saratov
2023-01-04 00:00:00+00:00,0.5953666,0.70000005,0.40355,Saratov
2023-01-05 00:00:00+00:00,-2.90755,1.8,0.39880833,Saratov
2023-01-06 00:00:00+00:00,-9.952133,3.8799999,0.39244998,Saratov
2023-01-07 00:00:00+00:00,-23.2413,0.0,0.387325,Saratov
2023-01-08 00:00:00+00:00,-20.814634,0.08,0.38285837,Saratov
2023-01-09 00:00:00+00:00,-23.910467,0.0,0.37914997,Saratov
2023-01-10 00:00:00+00:00,-24.38005,0.0,0.37595835,Saratov
2023-01-11 00:00:00+00:00,-22.147133,0.0,0.37326664,Saratov
2023-01-12 00:00:00+00:00,-16.685465,0.0,0.3709667,Saratov
2023-01-13 00:00:00+00:00,-13.485049,0.0,0.36903334,Saratov
2023-01-14 00:00:00+00:00,-11.751716,0.0,0.36733335,Saratov
2023-01-15 00:00:00+00:00,-10.5663,0.0,0.36580834,Saratov
2023-01-16 00:00:00+00:00,-10.112551,0.18000002,0.36441666,Saratov
2023-01-17 00:00:00+00:00,-8.546717,0.14000002,0.36315832,Saratov
2023-01-18 00:00:00+00:00,-7.5433836,0.0,0.36197495,Saratov
2023-01-19 00:00:00+00:00,-8.909634,0.08,0.36088336,Saratov
2023-01-20 00:00:00+00:00,-9.607134,0.0,0.35978335,Saratov
2023-01-21 00:00:00+00:00,-9.183383,0.0,0.35886666,Saratov
2023-01-22 00:00:00+00:00,-7.8133836,0.0,0.357975,Saratov
2023-01-23 00:00:00+00:00,-9.743383,0.0,0.35723332,Saratov
2023-01-24 00:00:00+00:00,-9.583799,0.0,0.3564083,Saratov
2023-01-25 00:00:00+00:00,-9.509633,0.0,0.35575,Saratov
2023-01-26 00:00:00+00:00,-7.934633,0.0,0.35480836,Saratov
2023-01-27 00:00:00+00:00,-8.5487995,0.0,0.35433334,Saratov
2023-01-28 00:00:00+00:00,-11.167133,0.0,0.3537834,Saratov
2023-01-29 00:00:00+00:00,-7.9771333,0.46000004,0.35324174,Saratov
2023-01-30 00:00:00+00:00,-3.5392165,0.58000004,0.35260844,Saratov
2023-01-31 00:00:00+00:00,-2.8588002,1.0200001,0.35239178,Saratov
2023-02-01 00:00:00+00:00,-5.935467,0.82000005,0.3528084,Saratov
2023-02-02 00:00:00+00:00,-5.6762996,1.4000001,0.3526584,Saratov
2023-02-03 00:00:00+00:00,-5.0108833,2.54,0.35240003,Saratov
2023-02-04 00:00:00+00:00,-7.0021334,0.120000005,0.35288334,Saratov
2023-02-05 00:00:00+00:00,-9.583799,0.0,0.35307497,Saratov
2023-02-06 00:00:00+00:00,-14.33005,0.0,0.3529083,Saratov
2023-02-07 00:00:00+00:00,-12.074217,0.0,0.35240835,Saratov
2023-02-08 00:00:00+00:00,-10.38255,0.0,0.3520917,Saratov
2023-02-09 00:00:00+00:00,-7.934633,0.17999999,0.35160837,Saratov
2023-02-10 00:00:00+00:00,-7.1550508,0.0,0.35138336,Saratov
2023-02-11 00:00:00+00:00,-7.3913,0.0,0.350975,Saratov
2023-02-12 00:00:00+00:00,-5.90255,3.1200001,0.35071665,Saratov
2023-02-13 00:00:00+00:00,-4.3208833,1.4800001,0.35025,Saratov
2023-02-14 00:00:00+00:00,-6.23005,4.62,0.3502,Saratov
2023-02-15 00:00:00+00:00,-8.0800495,1.2800001,0.34990832,Saratov
2023-02-16 00:00:00+00:00,-9.0863,1.7400001,0.3495417,Saratov
2023-02-17 00:00:00+00:00,-8.000051,1.5199999,0.3492417,Saratov
2023-02-18 00:00:00+00:00,-8.496301,0.32,0.3490334,Saratov
2023-02-19 00:00:00+00:00,-9.492967,2.1799998,0.3487,Saratov
2023-02-20 00:00:00+00:00,-6.462966,2.52,0.3486,Saratov
2023-02-21 00:00:00+00:00,-3.94255,1.9200001,0.34845835,Saratov
2023-02-22 00:00:00+00:00,-8.590051,1.0600001,0.34800005,Saratov
2023-02-23 00:00:00+00:00,-14.276716,0.060000002,0.34780005,Saratov
2023-02-24 00:00:00+00:00,-12.194217,0.1,0.34785002,Saratov
2023-02-25 00:00:00+00:00,-4.03755,1.26,0.34785002,Saratov
2023-02-26 00:00:00+00:00,1.8245332,5.48,0.35388336,Saratov
2023-02-27 00:00:00+00:00,0.84369993,3.44,0.38409168,Saratov
2023-02-28 00:00:00+00:00,-4.4138,0.67999995,0.398275,Saratov
2023-03-01 00:00:00+00:00,-4.9108834,0.86,0.3969083,Saratov
2023-03-02 00:00:00+00:00,-6.4150496,0.060000002,0.394775,Saratov
2023-03-03 00:00:00+00:00,-2.0308833,0.48000002,0.39234167,Saratov
2023-03-04 00:00:00+00:00,-0.6667167,2.58,0.39051667,Saratov
2023-03-05 00:00:00+00:00,-0.9071334,1.7,0.39089996,Saratov
2023-03-06 00:00:00+00:00,-2.9229667,0.02,0.39103335,Saratov
2023-03-07 00:00:00+00:00,-3.4829667,0.4,0.38885835,Saratov
2023-03-08 00:00:00+00:00,1.5320333,4.62,0.39024168,Saratov
2023-03-09 00:00:00+00:00,3.5949502,2.64,0.41916665,Saratov
2023-03-10 00:00:00+00:00,4.7053666,0.86,0.42253333,Saratov
2023-03-11 00:00:00+00:00,1.55245,0.24000001,0.41312504,Saratov
2023-03-12 00:00:00+00:00,7.104117,4.02,0.406425,Saratov
2023-03-13 00:00:00+00:00,1.3787,3.92,0.411925,Saratov
2023-03-14 00:00:00+00:00,0.32578337,0.0,0.40263337,Saratov
2023-03-15 00:00:00+00:00,2.7341168,0.0,0.39377502,Saratov
2023-03-16 00:00:00+00:00,5.7011995,0.0,0.38778335,Saratov
2023-03-17 00:00:00+00:00,7.0412,0.34,0.37951666,Saratov
2023-03-18 00:00:00+00:00,2.5103667,1.9,0.37702504,Saratov
2023-03-19 00:00:00+00:00,4.415783,0.02,0.37680835,Saratov
2023-03-20 00:00:00+00:00,5.46495,0.04,0.3751667,Saratov
2023-03-21 00:00:00+00:00,6.42245,0.0,0.37101665,Saratov
2023-03-22 00:00:00+00:00,5.994117,0.0,0.3651833,Saratov
2023-03-23 00:00:00+00:00,6.6124496,0.0,0.359325,Saratov
2023-03-24 00:00:00+00:00,8.839533,0.68,0.35198337,Saratov
2023-03-25 00:00:00+00:00,10.279116,0.18,0.3500917,Saratov
2023-03-26 00:00:00+00:00,12.360367,0.54,0.34625834,Saratov
2023-03-27 00:00:00+00:00,10.096201,1.5600001,0.34223327,Saratov
2023-03-28 00:00:00+00:00,8.64245,0.36,0.34137502,Saratov
2023-03-29 00:00:00+00:00,8.6474495,0.120000005,0.34025833,Saratov
2023-03-30 00:00:00+00:00,7.1887007,3.28,0.34275836,Saratov
2023-03-31 00:00:00+00:00,3.6603665,2.98,0.35909167,Saratov
2023-04-01 00:00:00+00:00,5.8274503,0.38,0.36304998,Saratov
2023-04-02 00:00:00+00:00,7.2287,0.24000001,0.35704166,Saratov
2023-04-03 00:00:00+00:00,8.964533,0.0,0.34987503,Saratov
2023-04-04 00:00:00+00:00,10.400783,0.66,0.34037498,Saratov
2023-04-05 00:00:00+00:00,10.901199,0.02,0.335725,Saratov
2023-04-06 00:00:00+00:00,11.428701,0.0,0.32970834,Saratov
2023-04-07 00:00:00+00:00,8.3112,0.0,0.32309166,Saratov
2023-04-08 00:00:00+00:00,5.3970327,0.0,0.31720835,Saratov
2023-04-09 00:00:00+00:00,6.1987,0.060000002,0.3103833,Saratov
2023-04-10 00:00:00+00:00,7.5236998,0.04,0.30254164,Saratov
2023-04-11 00:00:00+00:00,8.939534,0.0,0.29218334,Saratov
2023-04-12 00:00:00+00:00,11.205783,0.04,0.28145832,Saratov
2023-04-13 00:00:00+00:00,12.486616,6.46,0.27543336,Saratov
2023-04-14 00:00:00+00:00,4.9362,11.62,0.29384166,Saratov
2023-04-15 00:00:00+00:00,2.4057832,0.0,0.31440836,Saratov
2023-04-16 00:00:00+00:00,4.97245,0.0,0.3129167,Saratov
2023-04-17 00:00:00+00:00,6.8420324,0.0,0.30379996,Saratov
2023-04-18 00:00:00+00:00,9.112451,0.0,0.29609165,Saratov
2023-04-19 00:00:00+00:00,10.239117,0.0,0.28703335,Saratov
2023-04-20 00:00:00+00:00,11.712033,0.0,0.27661663,Saratov
2023-04-21 00:00:00+00:00,11.332867,2.04,0.26800838,Saratov
2023-04-22 00:00:00+00:00,10.263284,1.64,0.2651666,Saratov
2023-04-23 00:00:00+00:00,11.332867,0.060000002,0.263675,Saratov
2023-04-24 00:00:00+00:00,13.23745,0.3,0.25796664,Saratov
2023-04-25 00:00:00+00:00,11.993283,15.220001,0.25874168,Saratov
2023-04-26 00:00:00+00:00,12.727034,1.6599998,0.27565,Saratov
2023-04-27 00:00:00+00:00,15.093283,0.0,0.27649167,Saratov
2023-04-28 00:00:00+00:00,16.728699,0.0,0.270925,Saratov
2023-04-29 00:00:00+00:00,18.205366,1.26,0.26389164,Saratov
2023-04-30 00:00:00+00:00,19.883701,0.38000003,0.2585334,Saratov
2023-05-01 00:00:00+00:00,16.489948,2.08,0.25421667,Saratov
2023-05-02 00:00:00+00:00,12.880366,2.4,0.25444168,Saratov
2023-05-03 00:00:00+00:00,13.84745,0.42000002,0.25316662,Saratov
2023-05-04 00:00:00+00:00,16.0112,0.0,0.24973333,Saratov
2023-05-05 00:00:00+00:00,16.42995,0.72,0.24088335,Saratov
2023-05-06 00:00:00+00:00,11.9928665,3.02,0.23760001,Saratov
2023-05-07 00:00:00+00:00,8.545366,0.42,0.23622501,Saratov
2023-05-08 00:00:00+00:00,8.411201,0.0,0.23364167,Saratov
2023-05-09 00:00:00+00:00,8.937868,0.0,0.23083332,Saratov
2023-05-10 00:00:00+00:00,11.564533,0.060000002,0.22635832,Saratov
2023-05-11 00:00:00+00:00,10.4412,6.14,0.22281668,Saratov
2023-05-12 00:00:00+00:00,10.944532,3.72,0.23845,Saratov
2023-05-13 00:00:00+00:00,14.5112,0.04,0.24847499,Saratov
2023-05-14 00:00:00+00:00,14.863284,1.42,0.24545833,Saratov
2023-05-15 00:00:00+00:00,13.408282,1.9399999,0.24349168,Saratov
2023-05-16 00:00:00+00:00,14.772034,1.54,0.24379165,Saratov
2023-05-17 00:00:00+00:00,17.96245,0.0,0.24311669,Saratov
2023-05-18 00:00:00+00:00,17.485367,0.0,0.23904164,Saratov
2023-05-19 00:00:00+00:00,16.77745,0.0,0.231975,Saratov
2023-05-20 00:00:00+00:00,16.247868,0.78,0.22765002,Saratov
2023-05-21 00:00:00+00:00,18.1787,0.0,0.22414167,Saratov
2023-05-22 00:00:00+00:00,20.09245,0.060000002,0.22051671,Saratov
2023-05-23 00:00:00+00:00,20.551617,4.1400003,0.21606669,Saratov
2023-05-24 00:00:00+00:00,22.602451,1.24,0.21110001,Saratov
2023-05-25 00:00:00+00:00,23.044535,1.3399999,0.2081,Saratov
2023-05-26 00:00:00+00:00,22.972034,0.76,0.20535831,Saratov
2023-05-27 00:00:00+00:00,21.905783,4.1400003,0.20123331,Saratov
2023-05-28 00:00:00+00:00,20.8087,1.0400001,0.20437498,Saratov
2023-05-29 00:00:00+00:00,20.31995,0.060000002,0.20506665,Saratov
2023-05-30 00:00:00+00:00,22.578283,1.72,0.20324166,Saratov
2023-05-31 00:00:00+00:00,21.079533,1.28,0.20357499,Saratov
2023-06-01 00:00:00+00:00,18.801617,0.91999996,0.20589998,Saratov
2023-06-02 00:00:00+00:00,18.716198,2.24,0.20427501,Saratov
2023-06-03 00:00:00+00:00,20.2837,0.0,0.20233333,Saratov
2023-06-04 00:00:00+00:00,17.451618,1.7800001,0.20084167,Saratov
2023-06-05 00:00:00+00:00,16.551617,0.26,0.20335834,Saratov
2023-06-06 00:00:00+00:00,16.359951,1.8,0.20414166,Saratov
2023-06-07 00:00:00+00:00,16.996616,0.0,0.20535836,Saratov
2023-06-08 00:00:00+00:00,18.842033,0.04,0.20271663,Saratov
2023-06-09 00:00:00+00:00,20.884117,0.0,0.19568333,Saratov
2023-06-10 00:00:00+00:00,21.4612,0.65999997,0.19229166,Saratov
2023-06-11 00:00:00+00:00,14.8487015,3.48,0.19226667,Saratov
2023-06-12 00:00:00+00:00,13.562868,2.7599998,0.19630834,Saratov
2023-06-13 00:00:00+00:00,16.910782,4.42,0.20140836,Saratov
2023-06-14 00:00:00+00:00,22.0762,0.02,0.20266667,Saratov
2023-06-15 00:00:00+00:00,21.620783,9.040001,0.20750833,Saratov
2023-06-16 00:00:00+00:00,21.469116,1.7600002,0.20899999,Saratov
2023-06-17 00:00:00+00:00,21.888699,0.78000003,0.20624168,Saratov
2023-06-18 00:00:00+00:00,18.007032,0.0,0.20114999,Saratov
2023-06-19 00:00:00+00:00,15.125781,0.0,0.20127502,Saratov
2023-06-20 00:00:00+00:00,16.394115,2.2,0.20518334,Saratov
2023-06-21 00:00:00+00:00,14.588701,3.42,0.20599166,Saratov
2023-06-22 00:00:00+00:00,15.375368,0.28,0.20798334,Saratov
2023-06-23 00:00:00+00:00,15.864116,9.14,0.21373332,Saratov
2023-06-24 00:00:00+00:00,18.29745,3.8999996,0.21905835,Saratov
2023-06-25 00:00:00+00:00,16.58745,1.6800001,0.228475,Saratov
2023-06-26 00:00:00+00:00,18.044949,0.02,0.23293333,Saratov
2023-06-27 00:00:00+00:00,17.550785,6.24,0.220475,Saratov
2023-06-28 00:00:00+00:00,17.329533,3.4,0.21917501,Saratov
2023-06-29 00:00:00+00:00,21.092033,4.7799997,0.22078335,Saratov
2023-06-30 00:00:00+00:00,19.782866,5.5799994,0.23428333,Saratov
2023-07-01 00:00:00+00:00,18.299116,3.8399997,0.24299166,Saratov
2023-07-02 00:00:00+00:00,20.40995,2.5400002,0.24629998,Saratov
2023-07-03 00:00:00+00:00,23.150368,1.24,0.24156666,Saratov
2023-07-04 00:00:00+00:00,23.068285,3.72,0.23464164,Saratov
2023-07-05 00:00:00+00:00,23.674118,0.22000003,0.23181668,Saratov
2023-07-06 00:00:00+00:00,25.24245,0.0,0.22426668,Saratov
2023-07-07 00:00:00+00:00,26.352865,0.0,0.21607502,Saratov
2023-07-08 00:00:00+00:00,27.928701,0.26,0.20943335,Saratov
2023-07-09 00:00:00+00:00,27.142864,4.08,0.20966668,Saratov
2023-07-10 00:00:00+00:00,25.317451,5.7000003,0.20987502,Saratov
2023-07-11 00:00:00+00:00,19.170784,0.84000003,0.22861667,Saratov
2023-07-12 00:00:00+00:00,17.287867,0.58000004,0.23421665,Saratov
2023-07-13 00:00:00+00:00,16.775784,2.08,0.23714168,Saratov
2023-07-14 00:00:00+00:00,17.7087,2.3,0.24034162,Saratov
2023-07-15 00:00:00+00:00,16.606617,17.880001,0.246575,Saratov
2023-07-16 00:00:00+00:00,17.9687,6.7599998,0.27291667,Saratov
2023-07-17 00:00:00+00:00,19.16745,2.24,0.27985835,Saratov
2023-07-18 00:00:00+00:00,21.297033,0.35999998,0.2780583,Saratov
2023-07-19 00:00:00+00:00,20.086617,1.3999999,0.27545834,Saratov
2023-07-20 00:00:00+00:00,18.772867,0.04,0.2743,Saratov
2023-07-21 00:00:00+00:00,18.422033,5.38,0.27084166,Saratov
2023-07-22 00:00:00+00:00,19.477451,0.1,0.27106664,Saratov
2023-07-23 00:00:00+00:00,19.13245,3.04,0.27008334,Saratov
2023-07-24 00:00:00+00:00,20.049952,0.35999998,0.26636666,Saratov
2023-07-25 00:00:00+00:00,21.597033,0.02,0.25774997,Saratov
2023-07-26 00:00:00+00:00,24.256617,0.0,0.248525,Saratov
2023-07-27 00:00:00+00:00,26.737452,0.04,0.23801668,Saratov
2023-07-28 00:00:00+00:00,28.119534,0.060000002,0.22856668,Saratov
2023-07-29 00:00:00+00:00,22.9562,4.52,0.22608332,Saratov
2023-07-30 00:00:00+00:00,19.746199,1.38,0.22780833,Saratov
2023-07-31 00:00:00+00:00,21.219532,0.0,0.22815001,Saratov
2023-08-01 00:00:00+00:00,22.397867,0.0,0.22585003,Saratov
2023-08-02 00:00:00+00:00,23.978283,0.38000003,0.22521667,Saratov
2023-08-03 00:00:00+00:00,23.682034,1.6199999,0.22434998,Saratov
2023-08-04 00:00:00+00:00,25.477451,0.060000002,0.21842499,Saratov
2023-08-05 00:00:00+00:00,26.764532,0.0,0.21204999,Saratov
2023-08-06 00:00:00+00:00,26.300365,0.0,0.20673335,Saratov
2023-08-07 00:00:00+00:00,25.008698,0.0,0.20194165,Saratov
2023-08-08 00:00:00+00:00,25.613285,0.0,0.19904998,Saratov
2023-08-09 00:00:00+00:00,25.0987,0.04,0.19730833,Saratov
2023-08-10 00:00:00+00:00,24.903702,0.0,0.19521664,Saratov
2023-08-11 00:00:00+00:00,26.02745,0.0,0.1938,Saratov
2023-08-12 00:00:00+00:00,26.401617,0.0,0.19359998,Saratov
2023-08-13 00:00:00+00:00,26.057032,3.86,0.19150834,Saratov
2023-08-14 00:00:00+00:00,24.259949,5.4999995,0.20181663,Saratov
2023-08-15 00:00:00+00:00,23.534115,0.02,0.20209166,Saratov
2023-08-16 00:00:00+00:00,22.379116,0.56,0.20458333,Saratov
2023-08-17 00:00:00+00:00,23.07995,0.84,0.20633331,Saratov
2023-08-18 00:00:00+00:00,25.8237,0.0,0.20520833,Saratov
2023-08-19 00:00:00+00:00,26.026203,0.0,0.20516667,Saratov
2023-08-20 00:00:00+00:00,24.692867,0.120000005,0.19945835,Saratov
2023-08-21 00:00:00+00:00,23.184948,3.52,0.19791667,Saratov
2023-08-22 00:00:00+00:00,18.754116,3.4599998,0.20302501,Saratov
2023-08-23 00:00:00+00:00,17.783281,1.4,0.2156583,Saratov
2023-08-24 00:00:00+00:00,17.191198,1.28,0.2175,Saratov
2023-08-25 00:00:00+00:00,15.114534,3.8399997,0.22341666,Saratov
2023-08-26 00:00:00+00:00,14.610367,0.48000002,0.23403332,Saratov
2023-08-27 00:00:00+00:00,16.262033,0.88,0.24054165,Saratov
2023-08-28 00:00:00+00:00,14.203282,0.04,0.24069998,Saratov
2023-08-29 00:00:00+00:00,14.127032,0.02,0.23905835,Saratov
2023-08-30 00:00:00+00:00,15.182033,0.0,0.23608334,Saratov
2023-08-31 00:00:00+00:00,16.299118,0.0,0.23122501,Saratov
2023-09-01 00:00:00+00:00,17.364948,0.0,0.22416668,Saratov
2023-09-02 00:00:00+00:00,18.699533,0.0,0.21775003,Saratov
2023-09-03 00:00:00+00:00,18.242867,0.0,0.21305001,Saratov
2023-09-04 00:00:00+00:00,19.012867,0.0,0.2092833,Saratov
2023-09-05 00:00:00+00:00,19.387033,0.0,0.20674999,Saratov
2023-09-06 00:00:00+00:00,19.39995,0.04,0.20255832,Saratov
2023-09-07 00:00:00+00:00,14.523283,0.4,0.20243335,Saratov
2023-09-08 00:00:00+00:00,10.960367,3.56,0.20518331,Saratov
2023-09-09 00:00:00+00:00,11.54245,4.9,0.20820832,Saratov
2023-09-10 00:00:00+00:00,14.5778675,0.3,0.21408334,Saratov
2023-09-11 00:00:00+00:00,13.606618,0.84,0.22106667,Saratov
2023-09-12 00:00:00+00:00,11.961201,2.4599998,0.22610831,Saratov
2023-09-13 00:00:00+00:00,12.817866,3.6599998,0.23163334,Saratov
2023-09-14 00:00:00+00:00,12.983284,3.6799998,0.240925,Saratov
2023-09-15 00:00:00+00:00,12.832868,2.42,0.25308332,Saratov
2023-09-16 00:00:00+00:00,13.884534,1.9200001,0.25997502,Saratov
2023-09-17 00:00:00+00:00,15.5862,0.28000003,0.258675,Saratov
2023-09-18 00:00:00+00:00,15.490784,0.0,0.2563417,Saratov
2023-09-19 00:00:00+00:00,14.6803665,0.28000003,0.25326672,Saratov
2023-09-20 00:00:00+00:00,14.64995,0.0,0.24873333,Saratov
2023-09-21 00:00:00+00:00,16.117867,0.0,0.24419169,Saratov
2023-09-22 00:00:00+00:00,16.962032,0.0,0.23833337,Saratov
2023-09-23 00:00:00+00:00,16.995367,0.0,0.23248334,Saratov
2023-09-24 00:00:00+00:00,17.474533,0.0,0.22844167,Saratov
2023-09-25 00:00:00+00:00,18.047033,0.0,0.22622499,Saratov
2023-09-26 00:00:00+00:00,16.557034,0.02,0.22308335,Saratov
2023-09-27 00:00:00+00:00,14.917868,0.0,0.22165003,Saratov
2023-09-28 00:00:00+00:00,13.2162,0.0,0.219825,Saratov
2023-09-29 00:00:00+00:00,15.002451,0.0,0.21715002,Saratov
2023-09-30 00:00:00+00:00,14.035367,0.0,0.21318333,Saratov
2023-10-01 00:00:00+00:00,14.506617,0.0,0.21111664,Saratov
2023-10-02 00:00:00+00:00,14.2987,0.0,0.20954165,Saratov
2023-10-03 00:00:00+00:00,13.072451,0.0,0.21046667,Saratov
2023-10-04 00:00:00+00:00,11.780367,0.0,0.215325,Saratov
2023-10-05 00:00:00+00:00,11.941617,3.5600002,0.21653335,Saratov
2023-10-06 00:00:00+00:00,11.364533,1.64,0.21807499,Saratov
2023-10-07 00:00:00+00:00,7.9291167,4.04,0.2243,Saratov
2023-10-08 00:00:00+00:00,8.8862,2.3799999,0.23145834,Saratov
2023-10-09 00:00:00+00:00,5.174117,0.88,0.23534164,Saratov
2023-10-10 00:00:00+00:00,4.082866,1.24,0.24068332,Saratov
2023-10-11 00:00:00+00:00,2.7995331,0.120000005,0.2450917,Saratov
2023-10-12 00:00:00+00:00,5.6537004,0.0,0.24815834,Saratov
2023-10-13 00:00:00+00:00,8.324117,0.8,0.2505833,Saratov
2023-10-14 00:00:00+00:00,7.9937005,0.0,0.25384998,Saratov
2023-10-15 00:00:00+00:00,11.643701,0.0,0.2542917,Saratov
2023-10-16 00:00:00+00:00,12.380784,0.96000004,0.25304168,Saratov
2023-10-17 00:00:00+00:00,6.6220336,3.8999996,0.25472504,Saratov
2023-10-18 00:00:00+00:00,5.3020334,0.04,0.26094997,Saratov
2023-10-19 00:00:00+00:00,5.4362,0.88,0.26384997,Saratov
2023-10-20 00:00:00+00:00,6.6807837,8.280001,0.26684168,Saratov
2023-10-21 00:00:00+00:00,5.4328666,12.6,0.3079,Saratov
2023-10-22 00:00:00+00:00,2.8637,0.04,0.328125,Saratov
2023-10-23 00:00:00+00:00,8.382867,2.4199998,0.33385,Saratov
2023-10-24 00:00:00+00:00,7.3707833,0.7000001,0.34001666,Saratov
2023-10-25 00:00:00+00:00,-0.1867166,0.0,0.33860835,Saratov
2023-10-26 00:00:00+00:00,-0.9833833,2.52,0.3369333,Saratov
2023-10-27 00:00:00+00:00,-0.020466637,4.06,0.33620003,Saratov
2023-10-28 00:00:00+00:00,5.3224497,8.92,0.35315,Saratov
2023-10-29 00:00:00+00:00,4.9957833,1.1,0.37657505,Saratov
2023-10-30 00:00:00+00:00,3.6670334,0.02,0.37234166,Saratov
2023-10-31 00:00:00+00:00,9.476617,1.6600001,0.36794168,Saratov
2023-11-01 00:00:00+00:00,10.077034,0.0,0.360175,Saratov
2023-11-02 00:00:00+00:00,10.20495,1.5799999,0.35505,Saratov
2023-11-03 00:00:00+00:00,5.8536997,0.0,0.35315832,Saratov
2023-11-04 00:00:00+00:00,2.95995,0.0,0.35014164,Saratov
2023-11-05 00:00:00+00:00,5.2991166,0.5,0.34674168,Saratov
2023-11-06 00:00:00+00:00,8.3574505,4.9800005,0.34594163,Saratov
2023-11-07 00:00:00+00:00,8.204117,8.92,0.36430836,Saratov
2023-11-08 00:00:00+00:00,7.514117,0.6,0.37359172,Saratov
2023-11-09 00:00:00+00:00,6.9261994,15.4,0.38549167,Saratov
2023-11-10 00:00:00+00:00,4.891617,1.96,0.40225834,Saratov
2023-11-11 00:00:00+00:00,3.1591165,0.0,0.39189166,Saratov
2023-11-12 00:00:00+00:00,4.7857833,3.7,0.38356668,Saratov
2023-11-13 00:00:00+00:00,7.1153655,4.0,0.389275,Saratov
2023-11-14 00:00:00+00:00,3.8478668,3.1800003,0.38743335,Saratov
2023-11-15 00:00:00+00:00,3.0124497,3.56,0.38787502,Saratov
2023-11-16 00:00:00+00:00,3.1016169,0.36,0.3892167,Saratov
2023-11-17 00:00:00+00:00,0.8662,1.82,0.3846333,Saratov
2023-11-18 00:00:00+00:00,-3.1163,0.3,0.38141665,Saratov
2023-11-19 00:00:00+00:00,-4.846717,0.120000005,0.3766333,Saratov
2023-11-20 00:00:00+00:00,-1.2458832,16.62,0.37315002,Saratov
2023-11-21 00:00:00+00:00,-1.0567167,5.7400002,0.37531668,Saratov
2023-11-22 00:00:00+00:00,-5.91755,1.3599999,0.374525,Saratov
2023-11-23 00:00:00+00:00,-10.081301,0.34,0.37035832,Saratov
2023-11-24 00:00:00+00:00,-2.1071334,4.8399997,0.36720836,Saratov
2023-11-25 00:00:00+00:00,0.93745005,1.04,0.36980832,Saratov
2023-11-26 00:00:00+00:00,2.3637002,5.72,0.38951665,Saratov
2023-11-27 00:00:00+00:00,1.4107835,1.5,0.40116662,Saratov
2023-11-28 00:00:00+00:00,-1.82255,0.120000005,0.39525,Saratov
2023-11-29 00:00:00+00:00,-3.0317166,1.6800001,0.3881083,Saratov
2023-11-30 00:00:00+00:00,-0.022133315,7.0799994,0.38472503,Saratov
2023-12-01 00:00:00+00:00,-2.1888,5.4800005,0.38478333,Saratov
2023-12-02 00:00:00+00:00,-2.8321333,1.96,0.38549167,Saratov
2023-12-03 00:00:00+00:00,-2.9104664,5.38,0.38355,Saratov
2023-12-04 00:00:00+00:00,-2.6483834,0.18,0.38881665,Saratov
2023-12-05 00:00:00+00:00,-6.7900496,0.120000005,0.3857583,Saratov
2023-12-06 00:00:00+00:00,-7.3446336,0.02,0.3813,Saratov
2023-12-07 00:00:00+00:00,-9.595467,0.0,0.37738338,Saratov
2023-12-08 00:00:00+00:00,-13.8688,0.0,0.37397495,Saratov
2023-12-09 00:00:00+00:00,-13.693384,2.2000003,0.37084997,Saratov
2023-12-10 00:00:00+00:00,-12.516299,0.2,0.36809167,Saratov
2023-12-11 00:00:00+00:00,-12.2163,1.6,0.36555,Saratov
2023-12-12 00:00:00+00:00,-15.1163,0.04,0.363275,Saratov
2023-12-13 00:00:00+00:00,-13.195883,1.32,0.36109167,Saratov
2023-12-14 00:00:00+00:00,-9.767134,0.14,0.3591417,Saratov
2023-12-15 00:00:00+00:00,-9.951715,5.0,0.35734996,Saratov
2023-12-16 00:00:00+00:00,-8.95755,1.78,0.3556916,Saratov
2023-12-17 00:00:00+00:00,-6.800467,2.02,0.35425,Saratov
2023-12-18 00:00:00+00:00,-1.0017166,0.48000002,0.35309172,Saratov
2023-12-19 00:00:00+00:00,0.06328331,0.50000006,0.35306668,Saratov
2023-12-20 00:00:00+00:00,1.7337002,2.7,0.3651917,Saratov
2023-12-21 00:00:00+00:00,2.4462,0.34,0.39435834,Saratov
2023-12-22 00:00:00+00:00,1.3045334,1.5000001,0.40506664,Saratov
2023-12-23 00:00:00+00:00,-0.7383834,3.72,0.40010005,Saratov
2023-12-24 00:00:00+00:00,-0.8954667,2.4199996,0.39343333,Saratov
2023-12-25 00:00:00+00:00,-2.3350499,0.88,0.3879083,Saratov
2023-12-26 00:00:00+00:00,-0.94296664,1.8799999,0.383675,Saratov
2023-12-27 00:00:00+00:00,-0.18421668,2.3400002,0.38078326,Saratov
2023-12-28 00:00:00+00:00,-3.6296334,2.7,0.37967503,Saratov
2023-12-29 00:00:00+00:00,-1.9925503,0.70000005,0.37725002,Saratov
2023-12-30 00:00:00+00:00,1.4757833,0.44,0.37799168,Saratov
2023-12-31 00:00:00+00:00,1.5220333,2.86,0.3905167,Saratov
2022-01-01 00:00:00+00:00,-17.078684,0.0,0.2592833,Altai
2022-01-02 00:00:00+00:00,-11.534517,0.0,0.25864166,Altai
2022-01-03 00:00:00+00:00,-5.8874335,0.0,0.2581583,Altai
2022-01-04 00:00:00+00:00,-2.759933,1.36,0.25764167,Altai
2022-01-05 00:00:00+00:00,-8.352016,2.28,0.2572667,Altai
2022-01-06 00:00:00+00:00,-13.694934,0.08,0.2569,Altai
2022-01-07 00:00:00+00:00,-10.478266,0.86,0.25643337,Altai
2022-01-08 00:00:00+00:00,-3.6932664,0.94000006,0.25609168,Altai
2022-01-09 00:00:00+00:00,-4.7636833,2.6799998,0.25615835,Altai
2022-01-10 00:00:00+00:00,-12.408267,0.2,0.2559,Altai
2022-01-11 00:00:00+00:00,-16.665768,0.0,0.25548333,Altai
2022-01-12 00:00:00+00:00,-14.615768,0.08,0.25509164,Altai
2022-01-13 00:00:00+00:00,-15.996183,0.26000002,0.2548,Altai
2022-01-14 00:00:00+00:00,-13.664934,0.58000004,0.25437498,Altai
2022-01-15 00:00:00+00:00,-3.11535,2.98,0.254,Altai
2022-01-16 00:00:00+00:00,-0.28493333,1.56,0.25384998,Altai
2022-01-17 00:00:00+00:00,-3.3803506,2.96,0.25585833,Altai
2022-01-18 00:00:00+00:00,-10.362433,0.24000001,0.2571,Altai
2022-01-19 00:00:00+00:00,-12.774933,0.0,0.25792503,Altai
2022-01-20 00:00:00+00:00,-15.3666,0.04,0.25800002,Altai
2022-01-21 00:00:00+00:00,-16.992016,0.0,0.25800002,Altai
2022-01-22 00:00:00+00:00,-18.853683,0.0,0.25773332,Altai
2022-01-23 00:00:00+00:00,-18.835768,0.0,0.25708333,Altai
2022-01-24 00:00:00+00:00,-16.761185,0.08,0.25676665,Altai
2022-01-25 00:00:00+00:00,-17.775766,0.2,0.25638333,Altai
2022-01-26 00:00:00+00:00,-12.745768,2.8599997,0.25604168,Altai
2022-01-27 00:00:00+00:00,-14.756185,0.22000003,0.25549167,Altai
2022-01-28 00:00:00+00:00,-17.266184,0.0,0.25520834,Altai
2022-01-29 00:00:00+00:00,-17.176184,0.0,0.25484163,Altai
2022-01-30 00:00:00+00:00,-11.354517,0.04,0.25443333,Altai
2022-01-31 00:00:00+00:00,-9.708266,0.24000001,0.25414997,Altai
2022-02-01 00:00:00+00:00,-10.877017,0.2,0.25379163,Altai
2022-02-02 00:00:00+00:00,-12.5391,0.04,0.25354165,Altai
2022-02-03 00:00:00+00:00,-14.72035,0.0,0.25344998,Altai
2022-02-04 00:00:00+00:00,-15.607016,0.0,0.25299996,Altai
2022-02-05 00:00:00+00:00,-13.9491,0.0,0.25289166,Altai
2022-02-06 00:00:00+00:00,-13.969518,0.0,0.25276667,Altai
2022-02-07 00:00:00+00:00,-12.38285,0.0,0.2522667,Altai
2022-02-08 00:00:00+00:00,-9.947433,0.82000005,0.25192493,Altai
2022-02-09 00:00:00+00:00,-15.444099,0.22,0.25179997,Altai
2022-02-10 00:00:00+00:00,-19.681183,0.0,0.25157496,Altai
2022-02-11 00:00:00+00:00,-21.37785,0.0,0.25119165,Altai
2022-02-12 00:00:00+00:00,-17.412851,0.14,0.25085,Altai
2022-02-13 00:00:00+00:00,-7.9140997,1.4000002,0.25079998,Altai
2022-02-14 00:00:00+00:00,-6.4695168,0.86000013,0.25065833,Altai
2022-02-15 00:00:00+00:00,-8.314516,3.9999995,0.250375,Altai
2022-02-16 00:00:00+00:00,-14.787851,1.4199998,0.25,Altai
2022-02-17 00:00:00+00:00,-10.907018,1.0600001,0.249975,Altai
2022-02-18 00:00:00+00:00,-8.272017,0.24000001,0.25023332,Altai
2022-02-19 00:00:00+00:00,-11.188266,0.0,0.25059995,Altai
2022-02-20 00:00:00+00:00,-12.45285,0.0,0.25091666,Altai
2022-02-21 00:00:00+00:00,-7.8553495,0.0,0.25109997,Altai
2022-02-22 00:00:00+00:00,-4.4132667,0.65999997,0.2514,Altai
2022-02-23 00:00:00+00:00,-3.3549333,1.76,0.2514,Altai
2022-02-24 00:00:00+00:00,-3.5870166,0.0,0.25149164,Altai
2022-02-25 00:00:00+00:00,-2.6745167,1.22,0.25159997,Altai
2022-02-26 00:00:00+00:00,-5.3545165,1.9799999,0.25159997,Altai
2022-02-27 00:00:00+00:00,-8.9741,0.0,0.25159997,Altai
2022-02-28 00:00:00+00:00,-10.0941,0.0,0.25139996,Altai
2022-03-01 00:00:00+00:00,-8.145766,0.22,0.25139996,Altai
2022-03-02 00:00:00+00:00,-6.930767,1.2,0.25131664,Altai
2022-03-03 00:00:00+00:00,-9.152849,0.0,0.251075,Altai
2022-03-04 00:00:00+00:00,-5.9432664,0.1,0.25103334,Altai
2022-03-05 00:00:00+00:00,-2.5207665,0.6,0.25079998,Altai
2022-03-06 00:00:00+00:00,2.83715,2.54,0.25199994,Altai
2022-03-07 00:00:00+00:00,1.4188167,1.44,0.270425,Altai
2022-03-08 00:00:00+00:00,-9.214101,2.58,0.2822,Altai
2022-03-09 00:00:00+00:00,-12.439516,0.0,0.28345832,Altai
2022-03-10 00:00:00+00:00,-11.766184,0.42000002,0.2834083,Altai
2022-03-11 00:00:00+00:00,-13.114515,0.0,0.28384167,Altai
2022-03-12 00:00:00+00:00,-11.951183,0.0,0.2839917,Altai
2022-03-13 00:00:00+00:00,-10.0636835,4.2599998,0.28385836,Altai
2022-03-14 00:00:00+00:00,-11.144517,1.3199999,0.28365836,Altai
2022-03-15 00:00:00+00:00,-9.941184,0.86,0.2833334,Altai
2022-03-16 00:00:00+00:00,-9.664517,0.62000006,0.28292498,Altai
2022-03-17 00:00:00+00:00,-11.809517,0.0,0.28235,Altai
2022-03-18 00:00:00+00:00,-10.519516,0.0,0.28186664,Altai
2022-03-19 00:00:00+00:00,-9.865767,0.0,0.28140834,Altai
2022-03-20 00:00:00+00:00,-9.64785,0.0,0.28077498,Altai
2022-03-21 00:00:00+00:00,-5.23535,0.56,0.2802833,Altai
2022-03-22 00:00:00+00:00,-3.8236833,3.1200001,0.28004164,Altai
2022-03-23 00:00:00+00:00,-4.278683,3.3400002,0.27985,Altai
2022-03-24 00:00:00+00:00,-2.8374333,6.78,0.27953333,Altai
2022-03-25 00:00:00+00:00,-2.79785,0.34,0.27946666,Altai
2022-03-26 00:00:00+00:00,-3.1849334,0.14000002,0.27959165,Altai
2022-03-27 00:00:00+00:00,-2.6049333,2.36,0.27975002,Altai
2022-03-28 00:00:00+00:00,-0.10368327,0.46000004,0.2812333,Altai
2022-03-29 00:00:00+00:00,1.37465,1.38,0.28984165,Altai
2022-03-30 00:00:00+00:00,0.53715,1.64,0.30170834,Altai
2022-03-31 00:00:00+00:00,2.3942332,0.02,0.31883332,Altai
2022-04-01 00:00:00+00:00,3.4317334,0.0,0.34329998,Altai
2022-04-02 00:00:00+00:00,4.730483,1.38,0.36635834,Altai
2022-04-03 00:00:00+00:00,5.400067,0.9,0.38158336,Altai
2022-04-04 00:00:00+00:00,6.5959,0.0,0.38655,Altai
2022-04-05 00:00:00+00:00,9.801733,0.0,0.38684168,Altai
2022-04-06 00:00:00+00:00,8.745067,2.8,0.3853583,Altai
2022-04-07 00:00:00+00:00,3.8446503,0.32,0.37870836,Altai
2022-04-08 00:00:00+00:00,3.5721505,5.3,0.372975,Altai
2022-04-09 00:00:00+00:00,1.8000667,0.1,0.36678332,Altai
2022-04-10 00:00:00+00:00,1.8488169,0.0,0.3546,Altai
2022-04-11 00:00:00+00:00,1.9571501,0.0,0.34559163,Altai
2022-04-12 00:00:00+00:00,4.9267335,0.0,0.336375,Altai
2022-04-13 00:00:00+00:00,6.6742334,0.0,0.32489166,Altai
2022-04-14 00:00:00+00:00,7.012151,0.0,0.3119667,Altai
2022-04-15 00:00:00+00:00,9.436733,0.0,0.30065835,Altai
2022-04-16 00:00:00+00:00,12.5213175,0.0,0.28827503,Altai
2022-04-17 00:00:00+00:00,13.727983,0.02,0.27301666,Altai
2022-04-18 00:00:00+00:00,12.464651,0.3,0.25939998,Altai
2022-04-19 00:00:00+00:00,3.6408997,3.0400002,0.25160003,Altai
2022-04-20 00:00:00+00:00,4.699233,2.9599998,0.25716668,Altai
2022-04-21 00:00:00+00:00,6.161733,18.579998,0.27536666,Altai
2022-04-22 00:00:00+00:00,0.8950666,2.02,0.30635002,Altai
2022-04-23 00:00:00+00:00,0.55631673,1.12,0.30735832,Altai
2022-04-24 00:00:00+00:00,-0.8324332,0.36,0.30481666,Altai
2022-04-25 00:00:00+00:00,4.420067,0.0,0.300525,Altai
2022-04-26 00:00:00+00:00,7.038817,0.18,0.2930833,Altai
2022-04-27 00:00:00+00:00,9.4634,0.04,0.28031665,Altai
2022-04-28 00:00:00+00:00,13.3042345,0.04,0.26726666,Altai
2022-04-29 00:00:00+00:00,16.330067,0.0,0.25305834,Altai
2022-04-30 00:00:00+00:00,17.213398,0.0,0.23771667,Altai
2022-05-01 00:00:00+00:00,20.035067,0.66,0.22950001,Altai
2022-05-02 00:00:00+00:00,13.952982,1.38,0.22738333,Altai
2022-05-03 00:00:00+00:00,8.844233,0.0,0.22470836,Altai
2022-05-04 00:00:00+00:00,8.800484,0.04,0.22142498,Altai
2022-05-05 00:00:00+00:00,10.333817,0.060000002,0.2104334,Altai
2022-05-06 00:00:00+00:00,16.4384,0.0,0.20002499,Altai
2022-05-07 00:00:00+00:00,6.16965,2.2400002,0.19370836,Altai
2022-05-08 00:00:00+00:00,6.349233,0.060000002,0.1935,Altai
2022-05-09 00:00:00+00:00,9.851732,0.0,0.19034164,Altai
2022-05-10 00:00:00+00:00,11.161733,0.0,0.18862501,Altai
2022-05-11 00:00:00+00:00,12.646734,0.0,0.18098333,Altai
2022-05-12 00:00:00+00:00,15.33215,0.0,0.172525,Altai
2022-05-13 00:00:00+00:00,17.676733,0.1,0.16705836,Altai
2022-05-14 00:00:00+00:00,20.832981,1.1,0.16634168,Altai
2022-05-15 00:00:00+00:00,17.507984,5.84,0.16361667,Altai
2022-05-16 00:00:00+00:00,19.23715,0.1,0.16458334,Altai
2022-05-17 00:00:00+00:00,21.600483,0.0,0.16498335,Altai
2022-05-18 00:00:00+00:00,22.03923,0.02,0.16649167,Altai
2022-05-19 00:00:00+00:00,20.1159,3.92,0.169525,Altai
2022-05-20 00:00:00+00:00,18.0984,0.04,0.17221665,Altai
2022-05-21 00:00:00+00:00,22.0359,0.0,0.16990001,Altai
2022-05-22 00:00:00+00:00,20.389233,0.82,0.17143331,Altai
2022-05-23 00:00:00+00:00,15.311317,0.04,0.1752,Altai
2022-05-24 00:00:00+00:00,19.956734,0.0,0.17701668,Altai
2022-05-25 00:00:00+00:00,22.147566,0.0,0.17769167,Altai
2022-05-26 00:00:00+00:00,23.533401,0.120000005,0.1761,Altai
2022-05-27 00:00:00+00:00,22.70465,0.0,0.17813334,Altai
2022-05-28 00:00:00+00:00,22.076319,0.04,0.1777,Altai
2022-05-29 00:00:00+00:00,17.970901,2.56,0.18139999,Altai
2022-05-30 00:00:00+00:00,21.192982,0.0,0.18274167,Altai
2022-05-31 00:00:00+00:00,20.63215,4.62,0.18256667,Altai
2022-06-01 00:00:00+00:00,13.845067,12.560001,0.18815,Altai
2022-06-02 00:00:00+00:00,11.510066,2.56,0.20380834,Altai
2022-06-03 00:00:00+00:00,13.458399,3.58,0.21121669,Altai
2022-06-04 00:00:00+00:00,10.082566,3.48,0.21575001,Altai
2022-06-05 00:00:00+00:00,9.497983,10.26,0.23392501,Altai
2022-06-06 00:00:00+00:00,11.339651,0.24000001,0.24714169,Altai
2022-06-07 00:00:00+00:00,14.310484,0.16,0.24459167,Altai
2022-06-08 00:00:00+00:00,16.982983,0.1,0.2365,Altai
2022-06-09 00:00:00+00:00,17.994234,0.34,0.22630835,Altai
2022-06-10 00:00:00+00:00,22.644232,0.17999999,0.21532497,Altai
2022-06-11 00:00:00+00:00,24.650066,0.5,0.20575833,Altai
2022-06-12 00:00:00+00:00,23.243816,0.9599999,0.19945836,Altai
2022-06-13 00:00:00+00:00,24.727566,0.02,0.19514164,Altai
2022-06-14 00:00:00+00:00,22.048817,3.3400002,0.1924167,Altai
2022-06-15 00:00:00+00:00,19.69965,5.5600004,0.19261667,Altai
2022-06-16 00:00:00+00:00,16.547983,3.8200004,0.19664998,Altai
2022-06-17 00:00:00+00:00,17.149235,6.5,0.20934999,Altai
2022-06-18 00:00:00+00:00,18.671314,2.72,0.21399999,Altai
2022-06-19 00:00:00+00:00,17.87715,9.38,0.215175,Altai
2022-06-20 00:00:00+00:00,18.9184,1.04,0.21798334,Altai
2022-06-21 00:00:00+00:00,22.45715,1.22,0.21924166,Altai
2022-06-22 00:00:00+00:00,23.55923,0.28000003,0.21759169,Altai
2022-06-23 00:00:00+00:00,23.465067,0.0,0.2121,Altai
2022-06-24 00:00:00+00:00,21.95965,0.120000005,0.20618334,Altai
2022-06-25 00:00:00+00:00,25.282566,0.08,0.20325835,Altai
2022-06-26 00:00:00+00:00,27.4734,0.70000005,0.19739166,Altai
2022-06-27 00:00:00+00:00,21.03715,15.94,0.20187502,Altai
2022-06-28 00:00:00+00:00,17.306732,0.02,0.2138,Altai
2022-06-29 00:00:00+00:00,21.544651,0.26,0.21294999,Altai
2022-06-30 00:00:00+00:00,16.200483,0.02,0.20961669,Altai
2022-07-01 00:00:00+00:00,17.591316,0.0,0.20646665,Altai
2022-07-02 00:00:00+00:00,16.689234,0.4,0.20255001,Altai
2022-07-03 00:00:00+00:00,17.575068,1.6200001,0.19802502,Altai
2022-07-04 00:00:00+00:00,21.202982,0.16,0.19594999,Altai
2022-07-05 00:00:00+00:00,19.827984,8.4800005,0.19484165,Altai
2022-07-06 00:00:00+00:00,17.080898,10.860001,0.20985,Altai
2022-07-07 00:00:00+00:00,19.949232,0.36000004,0.22060832,Altai
2022-07-08 00:00:00+00:00,19.118816,4.72,0.21811667,Altai
2022-07-09 00:00:00+00:00,20.469233,1.76,0.21390001,Altai
2022-07-10 00:00:00+00:00,22.657566,0.0,0.20799167,Altai
2022-07-11 00:00:00+00:00,23.858814,0.02,0.19982497,Altai
2022-07-12 00:00:00+00:00,21.341732,0.0,0.19269167,Altai
2022-07-13 00:00:00+00:00,18.334234,0.120000005,0.18885835,Altai
2022-07-14 00:00:00+00:00,17.713816,3.8799999,0.18767498,Altai
2022-07-15 00:00:00+00:00,17.027567,5.2200003,0.19269165,Altai
2022-07-16 00:00:00+00:00,20.145065,3.5,0.19256665,Altai
2022-07-17 00:00:00+00:00,19.753399,13.88,0.20054166,Altai
2022-07-18 00:00:00+00:00,17.336315,1.0,0.21398334,Altai
2022-07-19 00:00:00+00:00,17.710484,1.0,0.21297498,Altai
2022-07-20 00:00:00+00:00,20.488817,0.8,0.21004167,Altai
2022-07-21 00:00:00+00:00,21.973816,1.74,0.20801668,Altai
2022-07-22 00:00:00+00:00,20.008816,3.5799994,0.2060833,Altai
2022-07-23 00:00:00+00:00,19.224234,1.9599998,0.20423332,Altai
2022-07-24 00:00:00+00:00,16.55132,5.66,0.20576665,Altai
2022-07-25 00:00:00+00:00,17.350065,0.17999999,0.21217498,Altai
2022-07-26 00:00:00+00:00,20.026733,0.0,0.207725,Altai
2022-07-27 00:00:00+00:00,21.920067,0.0,0.20165834,Altai
2022-07-28 00:00:00+00:00,22.763819,0.08,0.19494167,Altai
2022-07-29 00:00:00+00:00,23.364235,3.4599998,0.18855834,Altai
2022-07-30 00:00:00+00:00,21.414234,4.04,0.187475,Altai
2022-07-31 00:00:00+00:00,21.5659,3.6,0.19386666,Altai
2022-08-01 00:00:00+00:00,19.303814,8.820001,0.20436668,Altai
2022-08-02 00:00:00+00:00,18.807566,3.3200002,0.22269166,Altai
2022-08-03 00:00:00+00:00,17.832567,0.1,0.22662501,Altai
2022-08-04 00:00:00+00:00,17.718817,0.0,0.2210333,Altai
2022-08-05 00:00:00+00:00,17.935898,0.0,0.21530834,Altai
2022-08-06 00:00:00+00:00,19.399235,0.0,0.20799167,Altai
2022-08-07 00:00:00+00:00,20.583399,0.4,0.20204166,Altai
2022-08-08 00:00:00+00:00,21.161734,0.16000001,0.197725,Altai
2022-08-09 00:00:00+00:00,21.492567,1.58,0.19462499,Altai
2022-08-10 00:00:00+00:00,20.6384,5.1800003,0.19183333,Altai
2022-08-11 00:00:00+00:00,20.288399,8.86,0.19841667,Altai
2022-08-12 00:00:00+00:00,19.722982,4.8599997,0.2115,Altai
2022-08-13 00:00:00+00:00,18.731733,11.539999,0.22233331,Altai
2022-08-14 00:00:00+00:00,18.307983,0.9200001,0.22596666,Altai
2022-08-15 00:00:00+00:00,15.411734,0.02,0.22486667,Altai
2022-08-16 00:00:00+00:00,12.651732,0.38000003,0.22398332,Altai
2022-08-17 00:00:00+00:00,11.871317,4.3199997,0.22556667,Altai
2022-08-18 00:00:00+00:00,10.622149,3.56,0.23105833,Altai
2022-08-19 00:00:00+00:00,10.366317,2.6399999,0.23508334,Altai
2022-08-20 00:00:00+00:00,12.23715,0.9000001,0.23559168,Altai
2022-08-21 00:00:00+00:00,14.682983,0.64,0.23459168,Altai
2022-08-22 00:00:00+00:00,13.612567,1.6200001,0.2332,Altai
2022-08-23 00:00:00+00:00,13.889234,0.1,0.23161669,Altai
2022-08-24 00:00:00+00:00,15.073817,0.0,0.226525,Altai
2022-08-25 00:00:00+00:00,17.354233,0.0,0.21871665,Altai
2022-08-26 00:00:00+00:00,18.26715,0.3,0.21221666,Altai
2022-08-27 00:00:00+00:00,17.048399,0.62,0.20820835,Altai
2022-08-28 00:00:00+00:00,13.07715,0.0,0.20406668,Altai
2022-08-29 00:00:00+00:00,16.36215,0.0,0.1988,Altai
2022-08-30 00:00:00+00:00,18.79715,0.0,0.1928667,Altai
2022-08-31 00:00:00+00:00,20.059649,0.04,0.18870834,Altai
2022-09-01 00:00:00+00:00,22.470066,0.0,0.18507501,Altai
2022-09-02 00:00:00+00:00,18.826733,0.0,0.18143332,Altai
2022-09-03 00:00:00+00:00,18.7109,0.0,0.178825,Altai
2022-09-04 00:00:00+00:00,21.320065,0.3,0.17830834,Altai
2022-09-05 00:00:00+00:00,16.915066,0.0,0.17544165,Altai
2022-09-06 00:00:00+00:00,22.9659,0.0,0.17232499,Altai
2022-09-07 00:00:00+00:00,23.244232,0.18,0.17166667,Altai
2022-09-08 00:00:00+00:00,13.814234,0.0,0.16833335,Altai
2022-09-09 00:00:00+00:00,13.075899,0.02,0.17105836,Altai
2022-09-10 00:00:00+00:00,13.855066,0.0,0.17224167,Altai
2022-09-11 00:00:00+00:00,13.587151,7.0399995,0.17215836,Altai
2022-09-12 00:00:00+00:00,9.666733,3.2599998,0.18390834,Altai
2022-09-13 00:00:00+00:00,8.389234,3.1,0.194925,Altai
2022-09-14 00:00:00+00:00,8.579649,0.0,0.20093334,Altai
2022-09-15 00:00:00+00:00,8.621317,0.17999999,0.204,Altai
2022-09-16 00:00:00+00:00,9.482567,0.060000002,0.20199998,Altai
2022-09-17 00:00:00+00:00,10.1550665,0.0,0.19929999,Altai
2022-09-18 00:00:00+00:00,10.658816,0.0,0.1925,Altai
2022-09-19 00:00:00+00:00,11.945901,0.0,0.18647501,Altai
2022-09-20 00:00:00+00:00,13.883817,0.0,0.18070832,Altai
2022-09-21 00:00:00+00:00,15.435484,0.0,0.17253332,Altai
2022-09-22 00:00:00+00:00,17.576317,0.0,0.16872498,Altai
2022-09-23 00:00:00+00:00,14.766317,0.0,0.16614166,Altai
2022-09-24 00:00:00+00:00,13.501317,0.0,0.16525835,Altai
2022-09-25 00:00:00+00:00,16.901733,2.94,0.16395833,Altai
2022-09-26 00:00:00+00:00,10.485901,4.5400004,0.16649166,Altai
2022-09-27 00:00:00+00:00,9.148817,2.8399997,0.17538331,Altai
2022-09-28 00:00:00+00:00,3.8446498,5.7799997,0.17948332,Altai
2022-09-29 00:00:00+00:00,-0.5482667,3.6800003,0.189375,Altai
2022-09-30 00:00:00+00:00,0.30798334,3.72,0.19649167,Altai
2022-10-01 00:00:00+00:00,0.2434001,0.4,0.20390835,Altai
2022-10-02 00:00:00+00:00,0.4800667,0.0,0.20659168,Altai
2022-10-03 00:00:00+00:00,1.5213168,0.0,0.20735832,Altai
2022-10-04 00:00:00+00:00,2.6954834,0.0,0.20515001,Altai
2022-10-05 00:00:00+00:00,5.5429835,1.36,0.20222501,Altai
2022-10-06 00:00:00+00:00,6.0083995,2.44,0.20324163,Altai
2022-10-07 00:00:00+00:00,6.411317,0.0,0.1986583,Altai
2022-10-08 00:00:00+00:00,12.333816,0.0,0.19413331,Altai
2022-10-09 00:00:00+00:00,11.747151,1.0600001,0.18948334,Altai
2022-10-10 00:00:00+00:00,7.872567,0.84,0.18870834,Altai
2022-10-11 00:00:00+00:00,9.130899,0.1,0.18807499,Altai
2022-10-12 00:00:00+00:00,8.750067,1.2399998,0.188425,Altai
2022-10-13 00:00:00+00:00,5.2742333,0.0,0.18836664,Altai
2022-10-14 00:00:00+00:00,4.68965,0.0,0.18606666,Altai
2022-10-15 00:00:00+00:00,6.6188173,0.0,0.18244168,Altai
2022-10-16 00:00:00+00:00,10.352567,1.8399999,0.17633332,Altai
2022-10-17 00:00:00+00:00,7.71715,2.42,0.17233333,Altai
2022-10-18 00:00:00+00:00,4.1117334,1.96,0.1688,Altai
2022-10-19 00:00:00+00:00,4.8359003,0.93999994,0.1667,Altai
2022-10-20 00:00:00+00:00,6.3654833,6.44,0.16958332,Altai
2022-10-21 00:00:00+00:00,9.412566,2.04,0.17574167,Altai
2022-10-22 00:00:00+00:00,13.705066,2.94,0.17929165,Altai
2022-10-23 00:00:00+00:00,4.1454835,2.5799997,0.18303332,Altai
2022-10-24 00:00:00+00:00,-0.34909993,0.16,0.18916665,Altai
2022-10-25 00:00:00+00:00,-1.0191001,0.0,0.19150832,Altai
2022-10-26 00:00:00+00:00,2.9592333,0.71999997,0.19291666,Altai
2022-10-27 00:00:00+00:00,3.9167335,6.78,0.19528332,Altai
2022-10-28 00:00:00+00:00,-1.0695167,0.5400001,0.198975,Altai
2022-10-29 00:00:00+00:00,-2.70535,0.0,0.20144168,Altai
2022-10-30 00:00:00+00:00,-0.75409997,1.4799999,0.2032083,Altai
2022-10-31 00:00:00+00:00,0.97006667,5.5,0.20499997,Altai
2022-11-01 00:00:00+00:00,0.80464995,0.14000002,0.2090333,Altai
2022-11-02 00:00:00+00:00,1.8209,0.04,0.21248333,Altai
2022-11-03 00:00:00+00:00,1.5679834,0.3,0.21450837,Altai
2022-11-04 00:00:00+00:00,1.6113167,0.060000002,0.21656665,Altai
2022-11-05 00:00:00+00:00,2.5321498,1.7,0.21890004,Altai
2022-11-06 00:00:00+00:00,0.20381665,0.66,0.22005835,Altai
2022-11-07 00:00:00+00:00,-0.7995166,0.7800001,0.22083333,Altai
2022-11-08 00:00:00+00:00,-1.0461833,2.5,0.22119164,Altai
2022-11-09 00:00:00+00:00,-1.6945165,1.2600001,0.22146669,Altai
2022-11-10 00:00:00+00:00,-0.93326676,1.26,0.22135003,Altai
2022-11-11 00:00:00+00:00,-0.81243336,2.5800002,0.22124164,Altai
2022-11-12 00:00:00+00:00,-0.4382667,7.96,0.22109167,Altai
2022-11-13 00:00:00+00:00,0.3717333,3.6399999,0.22120833,Altai
2022-11-14 00:00:00+00:00,2.5338168,3.58,0.22280833,Altai
2022-11-15 00:00:00+00:00,2.5017333,4.46,0.23779997,Altai
2022-11-16 00:00:00+00:00,-1.1361833,2.9,0.24853332,Altai
2022-11-17 00:00:00+00:00,-5.6257668,1.4,0.25069168,Altai
2022-11-18 00:00:00+00:00,-8.9491005,0.20000002,0.25105834,Altai
2022-11-19 00:00:00+00:00,-6.3616,2.0,0.25091666,Altai
2022-11-20 00:00:00+00:00,-12.363267,1.4600003,0.25007498,Altai
2022-11-21 00:00:00+00:00,-10.6516,0.060000002,0.24915,Altai
2022-11-22 00:00:00+00:00,-5.4911833,0.5400001,0.24829164,Altai
2022-11-23 00:00:00+00:00,-16.383266,0.62000006,0.24737501,Altai
2022-11-24 00:00:00+00:00,-18.722017,0.02,0.24632497,Altai
2022-11-25 00:00:00+00:00,-14.424101,7.559999,0.24521668,Altai
2022-11-26 00:00:00+00:00,-27.859934,0.14000002,0.24415001,Altai
2022-11-27 00:00:00+00:00,-29.946598,0.0,0.24333334,Altai
2022-11-28 00:00:00+00:00,-27.549103,0.0,0.2423,Altai
2022-11-29 00:00:00+00:00,-25.513268,0.0,0.24149168,Altai
2022-11-30 00:00:00+00:00,-22.594103,0.0,0.24057499,Altai
2022-12-01 00:00:00+00:00,-20.762852,0.0,0.23964998,Altai
2022-12-02 00:00:00+00:00,-19.82035,0.0,0.23889165,Altai
2022-12-03 00:00:00+00:00,-21.814098,0.0,0.238025,Altai
2022-12-04 00:00:00+00:00,-18.038685,0.32,0.23725834,Altai
2022-12-05 00:00:00+00:00,-19.118267,0.36000004,0.23660834,Altai
2022-12-06 00:00:00+00:00,-23.379517,0.36000004,0.23573332,Altai
2022-12-07 00:00:00+00:00,-25.641602,0.02,0.23498335,Altai
2022-12-08 00:00:00+00:00,-25.078268,0.0,0.23439999,Altai
2022-12-09 00:00:00+00:00,-20.175768,0.060000002,0.23374161,Altai
2022-12-10 00:00:00+00:00,-16.44535,2.26,0.233025,Altai
2022-12-11 00:00:00+00:00,-12.887433,4.86,0.23232499,Altai
2022-12-12 00:00:00+00:00,-11.869934,3.7,0.23184998,Altai
2022-12-13 00:00:00+00:00,-12.596601,4.5799994,0.23125,Altai
2022-12-14 00:00:00+00:00,-26.43785,0.060000002,0.23080835,Altai
2022-12-15 00:00:00+00:00,-26.11785,0.0,0.23015001,Altai
2022-12-16 00:00:00+00:00,-19.790768,0.0,0.2296917,Altai
2022-12-17 00:00:00+00:00,-16.864101,0.0,0.229,Altai
2022-12-18 00:00:00+00:00,-16.106602,0.0,0.22874999,Altai
2022-12-19 00:00:00+00:00,-10.091184,3.7,0.228125,Altai
2022-12-20 00:00:00+00:00,-4.6516004,0.2,0.22790834,Altai
2022-12-21 00:00:00+00:00,-6.1261835,2.7199998,0.22742498,Altai
2022-12-22 00:00:00+00:00,-12.7241,1.0,0.22690836,Altai
2022-12-23 00:00:00+00:00,-18.289934,0.48000002,0.22664168,Altai
2022-12-24 00:00:00+00:00,-9.472017,1.5200001,0.22649169,Altai
2022-12-25 00:00:00+00:00,-8.319933,0.3,0.22635002,Altai
2022-12-26 00:00:00+00:00,-10.118684,0.02,0.22648337,Altai
2022-12-27 00:00:00+00:00,-12.72785,0.0,0.22645836,Altai
2022-12-28 00:00:00+00:00,-9.950767,0.65999997,0.22605833,Altai
2022-12-29 00:00:00+00:00,-9.968267,4.0600004,0.22600003,Altai
2022-12-30 00:00:00+00:00,-10.903684,2.4199996,0.22550002,Altai
2022-12-31 00:00:00+00:00,-7.0528502,1.0600002,0.22536668,Altai
2023-01-01 00:00:00+00:00,-7.330766,1.26,0.22481664,Altai
2023-01-02 00:00:00+00:00,-10.585349,0.34,0.22459999,Altai
2023-01-03 00:00:00+00:00,-4.4757667,2.24,0.2244333,Altai
2023-01-04 00:00:00+00:00,-5.3586836,3.42,0.22416663,Altai
2023-01-05 00:00:00+00:00,-1.3341,6.9,0.22379999,Altai
2023-01-06 00:00:00+00:00,-3.4078498,9.320001,0.22381663,Altai
2023-01-07 00:00:00+00:00,-4.05785,0.5400001,0.22386666,Altai
2023-01-08 00:00:00+00:00,0.13881671,2.3,0.22396664,Altai
2023-01-09 00:00:00+00:00,-17.09285,0.52000004,0.22484164,Altai
2023-01-10 00:00:00+00:00,-25.752432,0.120000005,0.22584164,Altai
2023-01-11 00:00:00+00:00,-26.667019,0.060000002,0.22649999,Altai
2023-01-12 00:00:00+00:00,-20.12785,0.9200001,0.22736666,Altai
2023-01-13 00:00:00+00:00,-15.077017,1.8399999,0.22774164,Altai
2023-01-14 00:00:00+00:00,-12.34785,1.0600001,0.22801664,Altai
2023-01-15 00:00:00+00:00,-10.977016,1.5999998,0.22814997,Altai
2023-01-16 00:00:00+00:00,-10.186183,1.36,0.22830835,Altai
2023-01-17 00:00:00+00:00,-8.693266,1.2,0.22857499,Altai
2023-01-18 00:00:00+00:00,-13.052017,0.120000005,0.22830835,Altai
2023-01-19 00:00:00+00:00,-11.4166,1.6,0.2282,Altai
2023-01-20 00:00:00+00:00,-10.574516,2.6399999,0.2282,Altai
2023-01-21 00:00:00+00:00,-23.817017,0.26000002,0.22806668,Altai
2023-01-22 00:00:00+00:00,-21.414518,0.45999998,0.22793332,Altai
2023-01-23 00:00:00+00:00,-10.232433,1.4,0.22765832,Altai
2023-01-24 00:00:00+00:00,-8.8841,1.9400002,0.22746666,Altai
2023-01-25 00:00:00+00:00,-8.7041,2.7800002,0.22721665,Altai
2023-01-26 00:00:00+00:00,-8.948267,0.5,0.22730832,Altai
2023-01-27 00:00:00+00:00,-8.906599,0.0,0.22731666,Altai
2023-01-28 00:00:00+00:00,-9.374517,0.0,0.22754999,Altai
2023-01-29 00:00:00+00:00,-9.8716,0.6,0.22756664,Altai
2023-01-30 00:00:00+00:00,-11.384933,0.04,0.22739999,Altai
2023-01-31 00:00:00+00:00,-14.613268,0.0,0.22714166,Altai
2023-02-01 00:00:00+00:00,-13.432017,0.04,0.22693333,Altai
2023-02-02 00:00:00+00:00,-13.827017,0.0,0.22660002,Altai
2023-02-03 00:00:00+00:00,-14.5091,0.32,0.2265667,Altai
2023-02-04 00:00:00+00:00,-13.449516,2.2000003,0.22639999,Altai
2023-02-05 00:00:00+00:00,-13.222433,0.44000006,0.22615,Altai
2023-02-06 00:00:00+00:00,-9.000351,1.5800002,0.22563334,Altai
2023-02-07 00:00:00+00:00,-8.846601,1.1000001,0.22549167,Altai
2023-02-08 00:00:00+00:00,-15.0620165,0.50000006,0.225275,Altai
2023-02-09 00:00:00+00:00,-18.43285,0.0,0.2249833,Altai
2023-02-10 00:00:00+00:00,-19.683681,0.120000005,0.22460833,Altai
2023-02-11 00:00:00+00:00,-16.325352,0.02,0.22441666,Altai
2023-02-12 00:00:00+00:00,-12.552851,0.38000003,0.22419998,Altai
2023-02-13 00:00:00+00:00,-16.663685,0.18,0.22383332,Altai
2023-02-14 00:00:00+00:00,-18.527018,0.0,0.22363333,Altai
2023-02-15 00:00:00+00:00,-15.195767,0.0,0.22338335,Altai
2023-02-16 00:00:00+00:00,-15.336184,0.02,0.22320001,Altai
2023-02-17 00:00:00+00:00,-15.942433,0.0,0.22293334,Altai
2023-02-18 00:00:00+00:00,-9.881183,1.0,0.22275,Altai
2023-02-19 00:00:00+00:00,-9.445767,2.1200001,0.22242498,Altai
2023-02-20 00:00:00+00:00,-8.3266,0.08,0.22231667,Altai
2023-02-21 00:00:00+00:00,-2.8895164,0.24000001,0.2220583,Altai
2023-02-22 00:00:00+00:00,-1.4449334,0.0,0.22206664,Altai
2023-02-23 00:00:00+00:00,0.7800666,1.7,0.22202496,Altai
2023-02-24 00:00:00+00:00,0.7363167,3.0,0.22340003,Altai
2023-02-25 00:00:00+00:00,-7.6936836,5.7000003,0.22636667,Altai
2023-02-26 00:00:00+00:00,-10.2141,0.34,0.22749165,Altai
2023-02-27 00:00:00+00:00,-7.490349,0.0,0.22820835,Altai
2023-02-28 00:00:00+00:00,-3.0703502,0.36,0.22880001,Altai
2023-03-01 00:00:00+00:00,0.4025666,1.0,0.22964165,Altai
2023-03-02 00:00:00+00:00,2.6800666,4.8599997,0.2315,Altai
2023-03-03 00:00:00+00:00,-1.3482665,9.280001,0.24399999,Altai
2023-03-04 00:00:00+00:00,-6.6645164,0.58000004,0.25394168,Altai
2023-03-05 00:00:00+00:00,-3.8311832,5.78,0.25640002,Altai
2023-03-06 00:00:00+00:00,-2.0545166,0.14000002,0.26221666,Altai
2023-03-07 00:00:00+00:00,1.5442333,6.78,0.26593333,Altai
2023-03-08 00:00:00+00:00,0.03548331,1.3799999,0.298675,Altai
2023-03-09 00:00:00+00:00,-4.224517,1.0600001,0.30308333,Altai
2023-03-10 00:00:00+00:00,-2.5082667,0.0,0.30115002,Altai
2023-03-11 00:00:00+00:00,2.0313165,5.16,0.3015333,Altai
2023-03-12 00:00:00+00:00,-1.6145166,3.1599998,0.3259167,Altai
2023-03-13 00:00:00+00:00,-5.6895165,0.0,0.32692498,Altai
2023-03-14 00:00:00+00:00,-2.78035,0.0,0.3234,Altai
2023-03-15 00:00:00+00:00,0.6742333,0.28,0.32217503,Altai
2023-03-16 00:00:00+00:00,-2.2120166,0.59999996,0.322625,Altai
2023-03-17 00:00:00+00:00,-1.5320166,0.14000002,0.32124168,Altai
2023-03-18 00:00:00+00:00,-1.0032667,0.0,0.32035834,Altai
2023-03-19 00:00:00+00:00,-5.5616,4.2599993,0.32,Altai
2023-03-20 00:00:00+00:00,-11.0891,0.08,0.31845,Altai
2023-03-21 00:00:00+00:00,-8.239934,0.0,0.31563333,Altai
2023-03-22 00:00:00+00:00,-6.27035,0.0,0.3130167,Altai
2023-03-23 00:00:00+00:00,-1.7986834,0.060000002,0.3108917,Altai
2023-03-24 00:00:00+00:00,-0.71535,0.0,0.3095334,Altai
2023-03-25 00:00:00+00:00,1.7525666,0.0,0.30854997,Altai
2023-03-26 00:00:00+00:00,4.157567,0.0,0.31233335,Altai
2023-03-27 00:00:00+00:00,4.517983,0.0,0.32053334,Altai
2023-03-28 00:00:00+00:00,5.6371503,0.0,0.32999167,Altai
2023-03-29 00:00:00+00:00,6.561316,0.24000001,0.3306083,Altai
2023-03-30 00:00:00+00:00,-2.87785,1.4399999,0.3235,Altai
2023-03-31 00:00:00+00:00,-6.292017,0.6999999,0.3159667,Altai
2023-04-01 00:00:00+00:00,-7.0866,0.0,0.31080833,Altai
2023-04-02 00:00:00+00:00,-5.4695168,0.0,0.30687502,Altai
2023-04-03 00:00:00+00:00,-0.14576665,0.0,0.30440837,Altai
2023-04-04 00:00:00+00:00,3.460483,0.0,0.304775,Altai
2023-04-05 00:00:00+00:00,3.1488166,0.0,0.30544168,Altai
2023-04-06 00:00:00+00:00,6.1183996,0.0,0.30364165,Altai
2023-04-07 00:00:00+00:00,5.3775663,0.34,0.30295,Altai
2023-04-08 00:00:00+00:00,-4.1232667,1.1600001,0.29790837,Altai
2023-04-09 00:00:00+00:00,-0.19868335,0.1,0.29510835,Altai
2023-04-10 00:00:00+00:00,4.9150667,0.0,0.2928833,Altai
2023-04-11 00:00:00+00:00,1.6413167,0.32,0.28994998,Altai
2023-04-12 00:00:00+00:00,1.0917332,0.0,0.28583333,Altai
2023-04-13 00:00:00+00:00,6.54215,0.38,0.28116673,Altai
2023-04-14 00:00:00+00:00,4.9917326,9.74,0.27934164,Altai
2023-04-15 00:00:00+00:00,-5.1349325,7.9199996,0.27906668,Altai
2023-04-16 00:00:00+00:00,-5.7932673,0.9200001,0.27915832,Altai
2023-04-17 00:00:00+00:00,-4.609517,8.960001,0.280825,Altai
2023-04-18 00:00:00+00:00,-4.2670164,1.6400001,0.28289995,Altai
2023-04-19 00:00:00+00:00,-5.32285,1.46,0.28248334,Altai
2023-04-20 00:00:00+00:00,-3.9999337,0.0,0.28239167,Altai
2023-04-21 00:00:00+00:00,-1.6274332,0.0,0.28218335,Altai
2023-04-22 00:00:00+00:00,0.6709002,0.0,0.28155002,Altai
2023-04-23 00:00:00+00:00,5.954233,0.02,0.28390834,Altai
2023-04-24 00:00:00+00:00,10.405901,2.3,0.28588334,Altai
2023-04-25 00:00:00+00:00,5.0484,1.2600001,0.28540835,Altai
2023-04-26 00:00:00+00:00,9.651733,1.16,0.28126672,Altai
2023-04-27 00:00:00+00:00,15.0009,0.0,0.2727,Altai
2023-04-28 00:00:00+00:00,17.975063,0.0,0.2613083,Altai
2023-04-29 00:00:00+00:00,12.140482,0.94000006,0.24854164,Altai
2023-04-30 00:00:00+00:00,5.1238165,0.14000002,0.24175835,Altai
2023-05-01 00:00:00+00:00,1.1234,1.1000001,0.24412498,Altai
2023-05-02 00:00:00+00:00,1.2717333,1.3199999,0.24588335,Altai
2023-05-03 00:00:00+00:00,4.45465,0.2,0.2473083,Altai
2023-05-04 00:00:00+00:00,8.052984,0.08,0.24010837,Altai
2023-05-05 00:00:00+00:00,12.426316,0.0,0.22715001,Altai
2023-05-06 00:00:00+00:00,15.160482,0.0,0.21982498,Altai
2023-05-07 00:00:00+00:00,17.220482,0.0,0.20540836,Altai
2023-05-08 00:00:00+00:00,18.461315,0.0,0.19545,Altai
2023-05-09 00:00:00+00:00,17.248402,0.24000001,0.19009167,Altai
2023-05-10 00:00:00+00:00,10.9588175,1.64,0.18594167,Altai
2023-05-11 00:00:00+00:00,15.822983,1.32,0.18567498,Altai
2023-05-12 00:00:00+00:00,10.895899,2.3600001,0.18794169,Altai
2023-05-13 00:00:00+00:00,11.166317,1.54,0.19090001,Altai
2023-05-14 00:00:00+00:00,10.130067,5.3199997,0.19088334,Altai
2023-05-15 00:00:00+00:00,10.661734,0.17999999,0.19939168,Altai
2023-05-16 00:00:00+00:00,13.011316,0.82000005,0.19828334,Altai
2023-05-17 00:00:00+00:00,8.20465,0.1,0.19739167,Altai
2023-05-18 00:00:00+00:00,8.7309,0.0,0.19604166,Altai
2023-05-19 00:00:00+00:00,12.175066,0.0,0.18956667,Altai
2023-05-20 00:00:00+00:00,14.107567,0.0,0.18351667,Altai
2023-05-21 00:00:00+00:00,14.997151,0.0,0.17973334,Altai
2023-05-22 00:00:00+00:00,16.942566,0.0,0.17771664,Altai
2023-05-23 00:00:00+00:00,16.141315,0.08,0.17397499,Altai
2023-05-24 00:00:00+00:00,16.167566,0.0,0.17315002,Altai
2023-05-25 00:00:00+00:00,14.1509,0.120000005,0.17100835,Altai
2023-05-26 00:00:00+00:00,12.29465,0.0,0.16950837,Altai
2023-05-27 00:00:00+00:00,11.341734,1.5600001,0.17025831,Altai
2023-05-28 00:00:00+00:00,12.499234,6.16,0.16673335,Altai
2023-05-29 00:00:00+00:00,14.902567,1.18,0.16666666,Altai
2023-05-30 00:00:00+00:00,14.731733,1.04,0.16782501,Altai
2023-05-31 00:00:00+00:00,16.900066,0.16000001,0.16899166,Altai
2023-06-01 00:00:00+00:00,18.829233,0.0,0.16566664,Altai
2023-06-02 00:00:00+00:00,21.571316,0.0,0.16232498,Altai
2023-06-03 00:00:00+00:00,23.993816,0.0,0.16356666,Altai
2023-06-04 00:00:00+00:00,26.310068,0.0,0.16205,Altai
2023-06-05 00:00:00+00:00,26.992569,0.0,0.15804999,Altai
2023-06-06 00:00:00+00:00,27.82965,0.02,0.15714999,Altai
2023-06-07 00:00:00+00:00,28.889648,0.02,0.15783331,Altai
2023-06-08 00:00:00+00:00,28.705898,0.3,0.15597498,Altai
2023-06-09 00:00:00+00:00,25.077566,10.24,0.15582499,Altai
2023-06-10 00:00:00+00:00,16.782984,7.0600004,0.17654166,Altai
2023-06-11 00:00:00+00:00,16.895483,0.02,0.19312502,Altai
2023-06-12 00:00:00+00:00,19.01465,0.36,0.19370833,Altai
2023-06-13 00:00:00+00:00,17.538816,1.82,0.19197498,Altai
2023-06-14 00:00:00+00:00,14.222982,0.38000003,0.189775,Altai
2023-06-15 00:00:00+00:00,16.994648,0.0,0.19117501,Altai
2023-06-16 00:00:00+00:00,19.407566,0.0,0.18790835,Altai
2023-06-17 00:00:00+00:00,22.204649,0.0,0.18490833,Altai
2023-06-18 00:00:00+00:00,21.7134,0.44,0.18525834,Altai
2023-06-19 00:00:00+00:00,25.533398,0.04,0.1861917,Altai
2023-06-20 00:00:00+00:00,19.859234,2.58,0.18230833,Altai
2023-06-21 00:00:00+00:00,17.872982,0.62,0.18471667,Altai
2023-06-22 00:00:00+00:00,16.7784,0.62,0.18104164,Altai
2023-06-23 00:00:00+00:00,16.756733,1.32,0.18152499,Altai
2023-06-24 00:00:00+00:00,13.5259,8.46,0.18557502,Altai
2023-06-25 00:00:00+00:00,14.655067,0.42000002,0.19140837,Altai
2023-06-26 00:00:00+00:00,17.522568,0.16,0.1919417,Altai
2023-06-27 00:00:00+00:00,20.938816,4.02,0.18760833,Altai
2023-06-28 00:00:00+00:00,17.740482,5.1400003,0.18711665,Altai
2023-06-29 00:00:00+00:00,17.085484,1.2400001,0.18893333,Altai
2023-06-30 00:00:00+00:00,17.161732,8.719999,0.1938,Altai
2023-07-01 00:00:00+00:00,16.7809,1.24,0.20035832,Altai
2023-07-02 00:00:00+00:00,19.122566,0.0,0.19825001,Altai
2023-07-03 00:00:00+00:00,21.637981,0.0,0.19331667,Altai
2023-07-04 00:00:00+00:00,21.137568,0.0,0.188425,Altai
2023-07-05 00:00:00+00:00,19.843817,3.0000002,0.185275,Altai
2023-07-06 00:00:00+00:00,19.612568,4.26,0.1881417,Altai
2023-07-07 00:00:00+00:00,20.341318,6.9,0.18935832,Altai
2023-07-08 00:00:00+00:00,20.24965,10.160001,0.20671666,Altai
2023-07-09 00:00:00+00:00,19.777567,1.6,0.20050001,Altai
2023-07-10 00:00:00+00:00,19.230064,1.9200001,0.20079169,Altai
2023-07-11 00:00:00+00:00,23.036734,0.04,0.19701669,Altai
2023-07-12 00:00:00+00:00,26.579233,0.52,0.19178334,Altai
2023-07-13 00:00:00+00:00,27.588818,0.2,0.18703334,Altai
2023-07-14 00:00:00+00:00,28.496317,0.0,0.1859417,Altai
2023-07-15 00:00:00+00:00,24.601318,0.08,0.18198335,Altai
2023-07-16 00:00:00+00:00,19.971317,2.86,0.18014169,Altai
2023-07-17 00:00:00+00:00,19.889648,0.18,0.18020001,Altai
2023-07-18 00:00:00+00:00,21.691732,0.0,0.18117502,Altai
2023-07-19 00:00:00+00:00,24.375898,0.060000002,0.17901666,Altai
2023-07-20 00:00:00+00:00,21.1609,7.0800004,0.17944166,Altai
2023-07-21 00:00:00+00:00,23.822983,1.12,0.17870834,Altai
2023-07-22 00:00:00+00:00,19.908401,7.3599997,0.17865002,Altai
2023-07-23 00:00:00+00:00,20.721733,1.3599999,0.18580833,Altai
2023-07-24 00:00:00+00:00,23.362568,0.1,0.18708335,Altai
2023-07-25 00:00:00+00:00,22.0934,0.120000005,0.18461667,Altai
2023-07-26 00:00:00+00:00,22.526318,0.0,0.1848917,Altai
2023-07-27 00:00:00+00:00,21.406734,0.0,0.183575,Altai
2023-07-28 00:00:00+00:00,19.9859,13.139999,0.193225,Altai
2023-07-29 00:00:00+00:00,21.801317,4.0,0.21040002,Altai
2023-07-30 00:00:00+00:00,21.786316,0.96000004,0.21277499,Altai
2023-07-31 00:00:00+00:00,22.320898,0.3,0.20957501,Altai
2023-08-01 00:00:00+00:00,23.136734,0.120000005,0.20323329,Altai
2023-08-02 00:00:00+00:00,24.327984,1.3399999,0.20089169,Altai
2023-08-03 00:00:00+00:00,21.715483,9.26,0.20701666,Altai
2023-08-04 00:00:00+00:00,20.828817,7.3199997,0.22356665,Altai
2023-08-05 00:00:00+00:00,20.800068,11.26,0.25433332,Altai
2023-08-06 00:00:00+00:00,19.433817,3.7599998,0.26110834,Altai
2023-08-07 00:00:00+00:00,18.540066,0.060000002,0.25510833,Altai
2023-08-08 00:00:00+00:00,19.760899,0.0,0.25035003,Altai
2023-08-09 00:00:00+00:00,20.356733,0.04,0.24688335,Altai
2023-08-10 00:00:00+00:00,21.62215,8.34,0.24223332,Altai
2023-08-11 00:00:00+00:00,16.866734,14.840002,0.25689167,Altai
2023-08-12 00:00:00+00:00,14.402983,4.9999995,0.2799333,Altai
2023-08-13 00:00:00+00:00,13.566732,11.140001,0.29208332,Altai
2023-08-14 00:00:00+00:00,12.168817,4.2799997,0.31043333,Altai
2023-08-15 00:00:00+00:00,13.778399,3.8200002,0.308775,Altai
2023-08-16 00:00:00+00:00,15.704649,4.18,0.30605,Altai
2023-08-17 00:00:00+00:00,15.916733,7.700001,0.30971664,Altai
2023-08-18 00:00:00+00:00,15.064232,0.98,0.31755,Altai
2023-08-19 00:00:00+00:00,16.842566,2.04,0.3116333,Altai
2023-08-20 00:00:00+00:00,19.770483,0.34,0.3132,Altai
2023-08-21 00:00:00+00:00,16.832565,2.04,0.30310836,Altai
2023-08-22 00:00:00+00:00,19.58715,0.0,0.2928,Altai
2023-08-23 00:00:00+00:00,21.790066,0.2,0.27910832,Altai
2023-08-24 00:00:00+00:00,22.974232,1.5,0.2649333,Altai
2023-08-25 00:00:00+00:00,20.087566,7.6200004,0.25626668,Altai
2023-08-26 00:00:00+00:00,15.951315,1.7599999,0.26156667,Altai
2023-08-27 00:00:00+00:00,18.747566,0.26000002,0.26052502,Altai
2023-08-28 00:00:00+00:00,18.821733,6.4199996,0.26095003,Altai
2023-08-29 00:00:00+00:00,17.445066,2.44,0.27049166,Altai
2023-08-30 00:00:00+00:00,19.32215,0.0,0.2636417,Altai
2023-08-31 00:00:00+00:00,17.9909,6.08,0.25958335,Altai
2023-09-01 00:00:00+00:00,16.045067,1.1600001,0.26374167,Altai
2023-09-02 00:00:00+00:00,15.8959,2.6399999,0.26192504,Altai
2023-09-03 00:00:00+00:00,17.285069,0.5,0.25981668,Altai
2023-09-04 00:00:00+00:00,16.932985,3.3200002,0.25660837,Altai
2023-09-05 00:00:00+00:00,13.192566,4.9199996,0.26218334,Altai
2023-09-06 00:00:00+00:00,11.182567,8.460001,0.27630836,Altai
2023-09-07 00:00:00+00:00,10.927567,1.0399998,0.28922498,Altai
2023-09-08 00:00:00+00:00,12.6409,0.52,0.28594163,Altai
2023-09-09 00:00:00+00:00,13.3084,0.14,0.27805,Altai
2023-09-10 00:00:00+00:00,15.372149,0.120000005,0.26936665,Altai
2023-09-11 00:00:00+00:00,15.531317,4.04,0.2627583,Altai
2023-09-12 00:00:00+00:00,13.33465,9.940001,0.28536668,Altai
2023-09-13 00:00:00+00:00,13.400482,6.5200005,0.29934168,Altai
2023-09-14 00:00:00+00:00,12.132151,1.5200001,0.30463332,Altai
2023-09-15 00:00:00+00:00,12.874651,1.5999999,0.3054083,Altai
2023-09-16 00:00:00+00:00,13.1688175,1.64,0.30264163,Altai
2023-09-17 00:00:00+00:00,13.7534,1.04,0.29872498,Altai
2023-09-18 00:00:00+00:00,13.9384,1.08,0.29259998,Altai
2023-09-19 00:00:00+00:00,12.785067,3.5199997,0.29035,Altai
2023-09-20 00:00:00+00:00,13.316734,0.44,0.288425,Altai
2023-09-21 00:00:00+00:00,12.657984,2.3,0.28746668,Altai
2023-09-22 00:00:00+00:00,13.989233,2.6,0.28647497,Altai
2023-09-23 00:00:00+00:00,8.291734,7.1200004,0.29800832,Altai
2023-09-24 00:00:00+00:00,6.698817,1.78,0.30666667,Altai
2023-09-25 00:00:00+00:00,6.3509,11.0199995,0.32813334,Altai
2023-09-26 00:00:00+00:00,4.478816,0.16,0.33664167,Altai
2023-09-27 00:00:00+00:00,7.110067,2.54,0.32689166,Altai
2023-09-28 00:00:00+00:00,10.038816,5.6199994,0.3195333,Altai
2023-09-29 00:00:00+00:00,9.623401,3.22,0.32144997,Altai
2023-09-30 00:00:00+00:00,9.29965,8.1,0.32896668,Altai
2023-10-01 00:00:00+00:00,6.2838163,0.48000008,0.32771668,Altai
2023-10-02 00:00:00+00:00,5.4184003,0.0,0.31997505,Altai
2023-10-03 00:00:00+00:00,7.252983,0.0,0.31274164,Altai
2023-10-04 00:00:00+00:00,7.65965,0.0,0.30514163,Altai
2023-10-05 00:00:00+00:00,8.6559,0.02,0.29876667,Altai
2023-10-06 00:00:00+00:00,8.927984,0.0,0.29104167,Altai
2023-10-07 00:00:00+00:00,10.251734,0.16,0.2815,Altai
2023-10-08 00:00:00+00:00,11.9692335,0.66,0.275325,Altai
2023-10-09 00:00:00+00:00,13.3079815,0.02,0.2715083,Altai
2023-10-10 00:00:00+00:00,14.4959,0.0,0.26537505,Altai
2023-10-11 00:00:00+00:00,13.331317,0.02,0.25876665,Altai
2023-10-12 00:00:00+00:00,7.5804834,5.38,0.2574833,Altai
2023-10-13 00:00:00+00:00,5.0025663,3.6599998,0.2705,Altai
2023-10-14 00:00:00+00:00,6.810067,0.7799999,0.27606666,Altai
2023-10-15 00:00:00+00:00,5.8563166,4.2799997,0.28034168,Altai
2023-10-16 00:00:00+00:00,6.16215,0.6,0.28365836,Altai
2023-10-17 00:00:00+00:00,8.182566,0.0,0.28273335,Altai
2023-10-18 00:00:00+00:00,8.583817,0.0,0.27914166,Altai
2023-10-19 00:00:00+00:00,8.60715,0.0,0.27332503,Altai
2023-10-20 00:00:00+00:00,6.6959,0.0,0.2677583,Altai
2023-10-21 00:00:00+00:00,6.1092334,1.4399999,0.2651667,Altai
2023-10-22 00:00:00+00:00,6.8609,3.98,0.26509166,Altai
2023-10-23 00:00:00+00:00,1.7446501,4.2999997,0.27520835,Altai
2023-10-24 00:00:00+00:00,2.8950667,2.82,0.28525,Altai
2023-10-25 00:00:00+00:00,8.692567,0.1,0.29022503,Altai
2023-10-26 00:00:00+00:00,6.7509003,10.1,0.29726666,Altai
2023-10-27 00:00:00+00:00,-2.0736833,0.5,0.3122,Altai
2023-10-28 00:00:00+00:00,-3.0220168,0.0,0.31123334,Altai
2023-10-29 00:00:00+00:00,-1.9761833,3.7599998,0.30911666,Altai
2023-10-30 00:00:00+00:00,1.3667333,6.5799994,0.31331664,Altai
2023-10-31 00:00:00+00:00,1.5663164,7.5800004,0.32673332,Altai
2023-11-01 00:00:00+00:00,0.44256672,5.74,0.3320083,Altai
2023-11-02 00:00:00+00:00,-1.8928502,9.160001,0.33203334,Altai
2023-11-03 00:00:00+00:00,-8.773684,0.82,0.32905,Altai
2023-11-04 00:00:00+00:00,-1.5341002,0.75999993,0.3251,Altai
2023-11-05 00:00:00+00:00,-3.3232665,1.6599998,0.32360834,Altai
2023-11-06 00:00:00+00:00,-3.4711833,0.86,0.32160833,Altai
2023-11-07 00:00:00+00:00,-1.5424334,0.5200001,0.31926665,Altai
2023-11-08 00:00:00+00:00,-2.5382667,0.0,0.316975,Altai
2023-11-09 00:00:00+00:00,-1.4003502,0.120000005,0.31477502,Altai
2023-11-10 00:00:00+00:00,2.0358999,0.2,0.31305003,Altai
2023-11-11 00:00:00+00:00,1.8984001,0.8800001,0.31392497,Altai
2023-11-12 00:00:00+00:00,2.9246502,2.92,0.31683332,Altai
2023-11-13 00:00:00+00:00,1.7663167,3.0,0.322325,Altai
2023-11-14 00:00:00+00:00,1.5967333,2.3000002,0.32570833,Altai
2023-11-15 00:00:00+00:00,2.0471501,0.0,0.3257583,Altai
2023-11-16 00:00:00+00:00,4.7421503,0.5,0.32600835,Altai
2023-11-17 00:00:00+00:00,4.79215,3.48,0.32439163,Altai
2023-11-18 00:00:00+00:00,9.86965,0.98,0.3241,Altai
2023-11-19 00:00:00+00:00,-1.0070168,1.18,0.3219833,Altai
2023-11-20 00:00:00+00:00,-6.191183,0.28000003,0.3192833,Altai
2023-11-21 00:00:00+00:00,-8.752433,0.04,0.31660834,Altai
2023-11-22 00:00:00+00:00,-6.53285,0.0,0.31413335,Altai
2023-11-23 00:00:00+00:00,-0.81326675,1.3,0.31197494,Altai
2023-11-24 00:00:00+00:00,1.3867334,2.2800002,0.31038332,Altai
2023-11-25 00:00:00+00:00,-2.0432665,2.44,0.3109167,Altai
2023-11-26 00:00:00+00:00,0.3750667,0.40000004,0.311025,Altai
2023-11-27 00:00:00+00:00,-1.37535,0.0,0.31020004,Altai
2023-11-28 00:00:00+00:00,-3.3586833,0.0,0.30906668,Altai
2023-11-29 00:00:00+00:00,-2.3399334,0.120000005,0.30781668,Altai
2023-11-30 00:00:00+00:00,1.6242335,1.1600001,0.30659166,Altai
2023-12-01 00:00:00+00:00,-0.23284993,1.22,0.30556664,Altai
2023-12-02 00:00:00+00:00,-0.40910006,1.64,0.3046,Altai
2023-12-03 00:00:00+00:00,0.5658999,12.160001,0.30615002,Altai
2023-12-04 00:00:00+00:00,-8.700767,0.96000016,0.31416664,Altai
2023-12-05 00:00:00+00:00,-1.80535,11.179999,0.315125,Altai
2023-12-06 00:00:00+00:00,-4.070767,6.66,0.3218667,Altai
2023-12-07 00:00:00+00:00,-19.85285,1.0599998,0.32776663,Altai
2023-12-08 00:00:00+00:00,-26.618683,0.060000002,0.3261667,Altai
2023-12-09 00:00:00+00:00,-26.86785,0.0,0.32317504,Altai
2023-12-10 00:00:00+00:00,-26.698685,0.0,0.32043332,Altai
2023-12-11 00:00:00+00:00,-26.320349,0.0,0.31802496,Altai
2023-12-12 00:00:00+00:00,-28.202433,0.0,0.3160167,Altai
2023-12-13 00:00:00+00:00,-28.097849,0.0,0.31427497,Altai
2023-12-14 00:00:00+00:00,-21.39285,0.68,0.31291664,Altai
2023-12-15 00:00:00+00:00,-21.474934,0.0,0.31162497,Altai
2023-12-16 00:00:00+00:00,-18.617851,0.26000002,0.310525,Altai
2023-12-17 00:00:00+00:00,-22.654516,0.18000002,0.3096667,Altai
2023-12-18 00:00:00+00:00,-20.069515,0.0,0.30878332,Altai
2023-12-19 00:00:00+00:00,-10.104517,1.0600001,0.30798334,Altai
2023-12-20 00:00:00+00:00,-5.524517,2.46,0.30746663,Altai
2023-12-21 00:00:00+00:00,-4.0449333,2.3600001,0.3066916,Altai
2023-12-22 00:00:00+00:00,-2.39785,0.16,0.30645,Altai
2023-12-23 00:00:00+00:00,-6.2124333,0.0,0.3063917,Altai
2023-12-24 00:00:00+00:00,-5.3482666,0.0,0.3057167,Altai
2023-12-25 00:00:00+00:00,-1.1099335,0.08,0.30560002,Altai
2023-12-26 00:00:00+00:00,-0.62409997,2.1799998,0.30644995,Altai
2023-12-27 00:00:00+00:00,-2.86535,1.5400001,0.30732498,Altai
2023-12-28 00:00:00+00:00,-1.1574334,0.7,0.3096333,Altai
2023-12-29 00:00:00+00:00,-0.25951663,0.7,0.31195003,Altai
2023-12-30 00:00:00+00:00,-4.1978498,2.3600001,0.313025,Altai
2023-12-31 00:00:00+00:00,-3.7874336,5.22,0.31334996,Altai
2022-01-01 00:00:00+00:00,3.599146,2.1,0.29065633,Stavropol
2022-01-02 00:00:00+00:00,1.9616458,7.1749997,0.29836458,Stavropol
2022-01-03 00:00:00+00:00,-0.96231234,2.2250001,0.30497918,Stavropol
2022-01-04 00:00:00+00:00,4.517895,2.8,0.30657288,Stavropol
2022-01-05 00:00:00+00:00,4.0840416,0.55,0.31012502,Stavropol
2022-01-06 00:00:00+00:00,6.105917,0.0,0.30858332,Stavropol
2022-01-07 00:00:00+00:00,7.050187,0.025,0.30646876,Stavropol
2022-01-08 00:00:00+00:00,2.2022707,0.05,0.30421877,Stavropol
2022-01-09 00:00:00+00:00,1.6522709,0.0,0.30074996,Stavropol
2022-01-10 00:00:00+00:00,3.5673752,0.55,0.2975521,Stavropol
2022-01-11 00:00:00+00:00,3.7965417,0.825,0.30290627,Stavropol
2022-01-12 00:00:00+00:00,3.8465416,3.4500003,0.3131354,Stavropol
2022-01-13 00:00:00+00:00,-5.119604,3.225,0.31298962,Stavropol
2022-01-14 00:00:00+00:00,-1.4961667,1.4000001,0.31018752,Stavropol
2022-01-15 00:00:00+00:00,-0.8477291,4.2,0.31054166,Stavropol
2022-01-16 00:00:00+00:00,-2.328979,1.0749999,0.30864584,Stavropol
2022-01-17 00:00:00+00:00,-3.1091874,0.2,0.30607295,Stavropol
2022-01-18 00:00:00+00:00,-0.8164792,0.3,0.30375004,Stavropol
2022-01-19 00:00:00+00:00,-2.4159584,1.0,0.3014688,Stavropol
2022-01-20 00:00:00+00:00,-3.9649167,0.97500014,0.29923964,Stavropol
2022-01-21 00:00:00+00:00,-2.1732497,0.225,0.2976666,Stavropol
2022-01-22 00:00:00+00:00,-0.2300208,0.5999999,0.29562497,Stavropol
2022-01-23 00:00:00+00:00,0.34341675,1.1,0.29431245,Stavropol
2022-01-24 00:00:00+00:00,-0.047729135,2.35,0.29424992,Stavropol
2022-01-25 00:00:00+00:00,-1.93575,2.35,0.29441667,Stavropol
2022-01-26 00:00:00+00:00,-1.9404376,0.075,0.2937292,Stavropol
2022-01-27 00:00:00+00:00,-2.401896,0.425,0.29340628,Stavropol
2022-01-28 00:00:00+00:00,-3.0196042,0.025,0.29259372,Stavropol
2022-01-29 00:00:00+00:00,0.0053958297,0.2,0.29138538,Stavropol
2022-01-30 00:00:00+00:00,-0.16231245,0.25,0.29146877,Stavropol
2022-01-31 00:00:00+00:00,0.9996667,1.1250001,0.2921979,Stavropol
2022-02-01 00:00:00+00:00,2.161125,0.825,0.29228127,Stavropol
2022-02-02 00:00:00+00:00,2.63925,0.0,0.29280213,Stavropol
2022-02-03 00:00:00+00:00,2.630396,0.025,0.2935104,Stavropol
2022-02-04 00:00:00+00:00,2.1710207,4.6749997,0.2938229,Stavropol
2022-02-05 00:00:00+00:00,-0.79616666,1.225,0.2949375,Stavropol
2022-02-06 00:00:00+00:00,-0.3253333,2.425,0.2959895,Stavropol
2022-02-07 00:00:00+00:00,1.0840416,0.37500003,0.29644787,Stavropol
2022-02-08 00:00:00+00:00,3.1533124,1.3000001,0.2974375,Stavropol
2022-02-09 00:00:00+00:00,3.5814376,5.625001,0.3086146,Stavropol
2022-02-10 00:00:00+00:00,1.63925,0.52500004,0.31231254,Stavropol
2022-02-11 00:00:00+00:00,3.9408126,0.55,0.31181252,Stavropol
2022-02-12 00:00:00+00:00,4.1220627,0.625,0.30763543,Stavropol
2022-02-13 00:00:00+00:00,0.34810418,1.55,0.30656248,Stavropol
2022-02-14 00:00:00+00:00,-0.6414792,0.0,0.3043958,Stavropol
2022-02-15 00:00:00+00:00,0.8538333,0.0,0.3023646,Stavropol
2022-02-16 00:00:00+00:00,1.8939376,0.05,0.29996878,Stavropol
2022-02-17 00:00:00+00:00,1.6574792,0.05,0.29695833,Stavropol
2022-02-18 00:00:00+00:00,3.0470629,0.0,0.29590625,Stavropol
2022-02-19 00:00:00+00:00,3.9220624,0.175,0.29448956,Stavropol
2022-02-20 00:00:00+00:00,5.606437,0.45000002,0.28877082,Stavropol
2022-02-21 00:00:00+00:00,5.018417,4.45,0.2859271,Stavropol
2022-02-22 00:00:00+00:00,6.1335206,0.0,0.28613544,Stavropol
2022-02-23 00:00:00+00:00,6.2236247,0.0,0.28271878,Stavropol
2022-02-24 00:00:00+00:00,7.2767496,0.0,0.28294793,Stavropol
2022-02-25 00:00:00+00:00,6.5772715,0.27500004,0.27917707,Stavropol
2022-02-26 00:00:00+00:00,7.669979,0.47500002,0.27735418,Stavropol
2022-02-27 00:00:00+00:00,5.760604,0.17500001,0.27657294,Stavropol
2022-02-28 00:00:00+00:00,4.944979,0.125,0.27887502,Stavropol
2022-03-01 00:00:00+00:00,4.884042,1.375,0.28116667,Stavropol
2022-03-02 00:00:00+00:00,3.992896,2.325,0.28325,Stavropol
2022-03-03 00:00:00+00:00,6.2454996,2.8,0.28657293,Stavropol
2022-03-04 00:00:00+00:00,4.0777917,0.47500002,0.28921875,Stavropol
2022-03-05 00:00:00+00:00,3.7814376,0.125,0.2903646,Stavropol
2022-03-06 00:00:00+00:00,-0.05762499,1.25,0.29094794,Stavropol
2022-03-07 00:00:00+00:00,0.06424999,0.0,0.28959373,Stavropol
2022-03-08 00:00:00+00:00,1.3142499,2.625,0.2875833,Stavropol
2022-03-09 00:00:00+00:00,0.8246667,2.175,0.28915623,Stavropol
2022-03-10 00:00:00+00:00,0.62310416,0.375,0.28886455,Stavropol
2022-03-11 00:00:00+00:00,-1.3524166,1.5500001,0.29016668,Stavropol
2022-03-12 00:00:00+00:00,-2.9310625,0.35000002,0.28821874,Stavropol
2022-03-13 00:00:00+00:00,-1.9888752,0.0,0.28795832,Stavropol
2022-03-14 00:00:00+00:00,-1.9117916,0.0,0.28604162,Stavropol
2022-03-15 00:00:00+00:00,-0.38731247,3.05,0.2849583,Stavropol
2022-03-16 00:00:00+00:00,-4.088875,0.725,0.28392708,Stavropol
2022-03-17 00:00:00+00:00,-5.070646,0.0,0.2830937,Stavropol
2022-03-18 00:00:00+00:00,-2.6097083,0.025,0.2821979,Stavropol
2022-03-19 00:00:00+00:00,-2.0867915,0.47500005,0.28133333,Stavropol
2022-03-20 00:00:00+00:00,-2.251896,0.0,0.2803229,Stavropol
2022-03-21 00:00:00+00:00,0.5397707,0.0,0.2792396,Stavropol
2022-03-22 00:00:00+00:00,1.5965416,0.075,0.27823952,Stavropol
2022-03-23 00:00:00+00:00,1.948625,0.0,0.27444795,Stavropol
2022-03-24 00:00:00+00:00,2.1413333,2.5,0.27368754,Stavropol
2022-03-25 00:00:00+00:00,2.27675,4.125,0.2738229,Stavropol
2022-03-26 00:00:00+00:00,3.7955,1.2750001,0.2783646,Stavropol
2022-03-27 00:00:00+00:00,5.359042,4.175,0.27953127,Stavropol
2022-03-28 00:00:00+00:00,0.9116459,0.8000001,0.2800625,Stavropol
2022-03-29 00:00:00+00:00,7.1793537,0.0,0.27807295,Stavropol
2022-03-30 00:00:00+00:00,10.512167,0.1,0.27113545,Stavropol
2022-03-31 00:00:00+00:00,12.600187,0.0,0.2631563,Stavropol
2022-04-01 00:00:00+00:00,15.004876,0.0,0.25453123,Stavropol
2022-04-02 00:00:00+00:00,17.692375,0.45000002,0.2433021,Stavropol
2022-04-03 00:00:00+00:00,15.789772,4.3999996,0.22773959,Stavropol
2022-04-04 00:00:00+00:00,10.335604,0.9499999,0.22364585,Stavropol
2022-04-05 00:00:00+00:00,5.308521,5.7749996,0.23066664,Stavropol
2022-04-06 00:00:00+00:00,7.1871667,0.875,0.23767707,Stavropol
2022-04-07 00:00:00+00:00,10.244458,0.0,0.23771878,Stavropol
2022-04-08 00:00:00+00:00,10.884042,0.92499995,0.23881245,Stavropol
2022-04-09 00:00:00+00:00,12.168938,2.475,0.23684376,Stavropol
2022-04-10 00:00:00+00:00,14.483522,0.0,0.23172916,Stavropol
2022-04-11 00:00:00+00:00,15.056958,0.0,0.22280212,Stavropol
2022-04-12 00:00:00+00:00,9.919458,12.4,0.22434376,Stavropol
2022-04-13 00:00:00+00:00,7.837167,0.15,0.24731249,Stavropol
2022-04-14 00:00:00+00:00,9.131958,1.075,0.25166667,Stavropol
2022-04-15 00:00:00+00:00,8.678312,1.0,0.25480208,Stavropol
2022-04-16 00:00:00+00:00,11.3585205,0.05,0.2543229,Stavropol
2022-04-17 00:00:00+00:00,13.822583,0.0,0.24983332,Stavropol
2022-04-18 00:00:00+00:00,15.341854,0.1,0.24613538,Stavropol
2022-04-19 00:00:00+00:00,16.677792,1.3,0.24156253,Stavropol
2022-04-20 00:00:00+00:00,12.572583,2.275,0.24365625,Stavropol
2022-04-21 00:00:00+00:00,11.804354,0.35000002,0.24756248,Stavropol
2022-04-22 00:00:00+00:00,11.094978,0.2,0.24414587,Stavropol
2022-04-23 00:00:00+00:00,12.372062,0.025,0.24152082,Stavropol
2022-04-24 00:00:00+00:00,15.679354,0.0,0.23465624,Stavropol
2022-04-25 00:00:00+00:00,17.328314,0.0,0.22585416,Stavropol
2022-04-26 00:00:00+00:00,19.92727,0.0,0.21681249,Stavropol
2022-04-27 00:00:00+00:00,19.812168,0.0,0.20783332,Stavropol
2022-04-28 00:00:00+00:00,19.330917,0.425,0.19887498,Stavropol
2022-04-29 00:00:00+00:00,16.03925,7.7750006,0.19996877,Stavropol
2022-04-30 00:00:00+00:00,16.069458,10.7,0.21382293,Stavropol
2022-05-01 00:00:00+00:00,12.633,5.45,0.23137501,Stavropol
2022-05-02 00:00:00+00:00,9.257479,14.700001,0.25067708,Stavropol
2022-05-03 00:00:00+00:00,10.456438,0.075,0.26620832,Stavropol
2022-05-04 00:00:00+00:00,14.328834,0.0,0.26761454,Stavropol
2022-05-05 00:00:00+00:00,12.065812,18.3,0.27824998,Stavropol
2022-05-06 00:00:00+00:00,8.107479,8.05,0.3247396,Stavropol
2022-05-07 00:00:00+00:00,8.5356045,2.0,0.33063543,Stavropol
2022-05-08 00:00:00+00:00,10.959563,0.1,0.32753122,Stavropol
2022-05-09 00:00:00+00:00,13.167376,0.0,0.31742707,Stavropol
2022-05-10 00:00:00+00:00,11.469978,0.95000005,0.30694792,Stavropol
2022-05-11 00:00:00+00:00,11.055917,0.22500001,0.29877082,Stavropol
2022-05-12 00:00:00+00:00,13.115292,0.0,0.287,Stavropol
2022-05-13 00:00:00+00:00,15.784041,0.0,0.2707083,Stavropol
2022-05-14 00:00:00+00:00,18.231438,0.0,0.25613546,Stavropol
2022-05-15 00:00:00+00:00,18.123104,0.1,0.24211454,Stavropol
2022-05-16 00:00:00+00:00,16.891853,0.075,0.23180209,Stavropol
2022-05-17 00:00:00+00:00,15.593416,1.2,0.22571877,Stavropol
2022-05-18 00:00:00+00:00,16.781437,0.20000002,0.21997918,Stavropol
2022-05-19 00:00:00+00:00,14.2126875,2.875,0.21527083,Stavropol
2022-05-20 00:00:00+00:00,12.916855,4.2749996,0.21527083,Stavropol
2022-05-21 00:00:00+00:00,16.168417,0.42500004,0.21732292,Stavropol
2022-05-22 00:00:00+00:00,18.937687,0.15,0.21262497,Stavropol
2022-05-23 00:00:00+00:00,16.008,1.925,0.20746872,Stavropol
2022-05-24 00:00:00+00:00,13.886645,1.675,0.20699997,Stavropol
2022-05-25 00:00:00+00:00,14.992375,1.05,0.20435417,Stavropol
2022-05-26 00:00:00+00:00,16.955915,0.05,0.19629169,Stavropol
2022-05-27 00:00:00+00:00,18.0955,0.0,0.19242705,Stavropol
2022-05-28 00:00:00+00:00,20.9455,0.0,0.18414584,Stavropol
2022-05-29 00:00:00+00:00,22.634562,0.0,0.17745835,Stavropol
2022-05-30 00:00:00+00:00,25.571022,0.0,0.17178123,Stavropol
2022-05-31 00:00:00+00:00,26.182478,0.6,0.1701146,Stavropol
2022-06-01 00:00:00+00:00,26.164772,0.0,0.16927081,Stavropol
2022-06-02 00:00:00+00:00,25.697063,0.0,0.16860417,Stavropol
2022-06-03 00:00:00+00:00,25.312166,0.0,0.16979165,Stavropol
2022-06-04 00:00:00+00:00,26.404354,0.175,0.16920833,Stavropol
2022-06-05 00:00:00+00:00,25.654877,0.22500001,0.16657293,Stavropol
2022-06-06 00:00:00+00:00,24.003313,2.65,0.16373958,Stavropol
2022-06-07 00:00:00+00:00,22.484564,0.075,0.16425,Stavropol
2022-06-08 00:00:00+00:00,24.205395,0.0,0.16149999,Stavropol
2022-06-09 00:00:00+00:00,23.765293,0.275,0.1603958,Stavropol
2022-06-10 00:00:00+00:00,24.543417,0.275,0.15893748,Stavropol
2022-06-11 00:00:00+00:00,25.902271,0.0,0.15602085,Stavropol
2022-06-12 00:00:00+00:00,26.003832,0.0,0.1581354,Stavropol
2022-06-13 00:00:00+00:00,22.630398,0.175,0.15945831,Stavropol
2022-06-14 00:00:00+00:00,24.177269,0.725,0.15951042,Stavropol
2022-06-15 00:00:00+00:00,22.75852,3.3,0.16383335,Stavropol
2022-06-16 00:00:00+00:00,22.756958,1.8,0.16844794,Stavropol
2022-06-17 00:00:00+00:00,21.711645,1.9,0.17284375,Stavropol
2022-06-18 00:00:00+00:00,23.192898,0.275,0.17667708,Stavropol
2022-06-19 00:00:00+00:00,24.805916,0.1,0.17447917,Stavropol
2022-06-20 00:00:00+00:00,26.817375,0.0,0.16379169,Stavropol
2022-06-21 00:00:00+00:00,27.274664,0.075,0.15824999,Stavropol
2022-06-22 00:00:00+00:00,24.136124,2.75,0.15803126,Stavropol
2022-06-23 00:00:00+00:00,20.433521,8.5,0.1584479,Stavropol
2022-06-24 00:00:00+00:00,21.489773,3.7749999,0.16225001,Stavropol
2022-06-25 00:00:00+00:00,22.398106,7.8500004,0.17887501,Stavropol
2022-06-26 00:00:00+00:00,22.337687,19.5,0.2074479,Stavropol
2022-06-27 00:00:00+00:00,23.180918,14.324999,0.2531458,Stavropol
2022-06-28 00:00:00+00:00,21.652271,2.675,0.26799998,Stavropol
2022-06-29 00:00:00+00:00,23.46946,0.0,0.25285417,Stavropol
2022-06-30 00:00:00+00:00,23.229876,1.75,0.2368646,Stavropol
2022-07-01 00:00:00+00:00,23.122583,0.425,0.2241042,Stavropol
2022-07-02 00:00:00+00:00,20.390812,0.0,0.21490628,Stavropol
2022-07-03 00:00:00+00:00,21.105396,0.0,0.20636459,Stavropol
2022-07-04 00:00:00+00:00,23.185604,0.0,0.20002088,Stavropol
2022-07-05 00:00:00+00:00,24.529354,0.025,0.19126038,Stavropol
2022-07-06 00:00:00+00:00,24.392897,0.0,0.18452081,Stavropol
2022-07-07 00:00:00+00:00,23.830915,0.0,0.17768751,Stavropol
2022-07-08 00:00:00+00:00,25.397062,0.0,0.17271875,Stavropol
2022-07-09 00:00:00+00:00,26.974148,0.075,0.16790625,Stavropol
2022-07-10 00:00:00+00:00,28.863728,0.025,0.1640625,Stavropol
2022-07-11 00:00:00+00:00,25.422583,5.3000007,0.1620833,Stavropol
2022-07-12 00:00:00+00:00,24.672064,1.4749999,0.16402085,Stavropol
2022-07-13 00:00:00+00:00,24.11477,2.1000001,0.16997918,Stavropol
2022-07-14 00:00:00+00:00,23.273624,1.3249999,0.1751979,Stavropol
2022-07-15 00:00:00+00:00,24.29498,0.0,0.17909378,Stavropol
2022-07-16 00:00:00+00:00,27.080399,2.375,0.17557293,Stavropol
2022-07-17 00:00:00+00:00,27.541332,1.3499999,0.16793752,Stavropol
2022-07-18 00:00:00+00:00,25.948103,3.35,0.16495831,Stavropol
2022-07-19 00:00:00+00:00,20.201752,13.4,0.1735729,Stavropol
2022-07-20 00:00:00+00:00,19.523106,9.65,0.21052082,Stavropol
2022-07-21 00:00:00+00:00,22.545502,0.15,0.22227082,Stavropol
2022-07-22 00:00:00+00:00,21.550188,1.025,0.21697918,Stavropol
2022-07-23 00:00:00+00:00,19.954353,7.45,0.21354164,Stavropol
2022-07-24 00:00:00+00:00,20.90071,1.325,0.2135833,Stavropol
2022-07-25 00:00:00+00:00,22.762167,0.275,0.21076041,Stavropol
2022-07-26 00:00:00+00:00,23.544456,2.575,0.20206249,Stavropol
2022-07-27 00:00:00+00:00,21.180918,10.750001,0.20925002,Stavropol
2022-07-28 00:00:00+00:00,23.10748,0.15,0.22460416,Stavropol
2022-07-29 00:00:00+00:00,25.947584,0.0,0.21856248,Stavropol
2022-07-30 00:00:00+00:00,27.66477,0.0,0.20919792,Stavropol
2022-07-31 00:00:00+00:00,27.68248,0.075,0.19946875,Stavropol
2022-08-01 00:00:00+00:00,28.144459,0.0,0.19059375,Stavropol
2022-08-02 00:00:00+00:00,28.013206,0.125,0.18297917,Stavropol
2022-08-03 00:00:00+00:00,27.82727,1.25,0.1740104,Stavropol
2022-08-04 00:00:00+00:00,28.730394,0.0,0.16822918,Stavropol
2022-08-05 00:00:00+00:00,27.307999,2.1,0.16366667,Stavropol
2022-08-06 00:00:00+00:00,24.892376,0.3,0.16215624,Stavropol
2022-08-07 00:00:00+00:00,24.5455,0.3,0.16587502,Stavropol
2022-08-08 00:00:00+00:00,25.028313,0.025,0.16551042,Stavropol
2022-08-09 00:00:00+00:00,26.18248,0.0,0.1608021,Stavropol
2022-08-10 00:00:00+00:00,27.593414,0.0,0.1588854,Stavropol
2022-08-11 00:00:00+00:00,28.533522,0.25,0.15917708,Stavropol
2022-08-12 00:00:00+00:00,27.562687,2.5,0.15758333,Stavropol
2022-08-13 00:00:00+00:00,28.82779,0.0,0.15971875,Stavropol
2022-08-14 00:00:00+00:00,29.30123,0.0,0.16041666,Stavropol
2022-08-15 00:00:00+00:00,30.160082,0.0,0.1605,Stavropol
2022-08-16 00:00:00+00:00,29.763208,0.025,0.16028124,Stavropol
2022-08-17 00:00:00+00:00,29.565292,0.275,0.1574375,Stavropol
2022-08-18 00:00:00+00:00,26.380396,12.775,0.15680207,Stavropol
2022-08-19 00:00:00+00:00,26.02102,0.225,0.15420835,Stavropol
2022-08-20 00:00:00+00:00,26.978832,0.0,0.15854166,Stavropol
2022-08-21 00:00:00+00:00,26.079353,0.0,0.16333333,Stavropol
2022-08-22 00:00:00+00:00,25.685604,0.0,0.16302082,Stavropol
2022-08-23 00:00:00+00:00,25.922062,0.0,0.16217707,Stavropol
2022-08-24 00:00:00+00:00,26.193935,0.0,0.16087498,Stavropol
2022-08-25 00:00:00+00:00,26.017895,0.0,0.15779166,Stavropol
2022-08-26 00:00:00+00:00,26.136126,0.0,0.15615624,Stavropol
2022-08-27 00:00:00+00:00,27.163729,0.0,0.15579167,Stavropol
2022-08-28 00:00:00+00:00,27.743416,0.0,0.15678124,Stavropol
2022-08-29 00:00:00+00:00,26.641333,0.2,0.15530209,Stavropol
2022-08-30 00:00:00+00:00,27.72519,0.0,0.15366669,Stavropol
2022-08-31 00:00:00+00:00,29.062166,0.0,0.15214585,Stavropol
2022-09-01 00:00:00+00:00,29.996021,0.0,0.15195832,Stavropol
2022-09-02 00:00:00+00:00,27.539772,0.0,0.15369791,Stavropol
2022-09-03 00:00:00+00:00,27.600708,0.05,0.15686458,Stavropol
2022-09-04 00:00:00+00:00,24.887169,1.0999999,0.15631251,Stavropol
2022-09-05 00:00:00+00:00,16.936125,0.1,0.15575002,Stavropol
2022-09-06 00:00:00+00:00,17.91946,0.0,0.15734375,Stavropol
2022-09-07 00:00:00+00:00,16.477793,0.625,0.16137502,Stavropol
2022-09-08 00:00:00+00:00,17.226229,0.05,0.16270833,Stavropol
2022-09-09 00:00:00+00:00,17.998627,0.0,0.15943748,Stavropol
2022-09-10 00:00:00+00:00,17.14394,0.0,0.15780208,Stavropol
2022-09-11 00:00:00+00:00,17.519459,0.0,0.15688542,Stavropol
2022-09-12 00:00:00+00:00,21.079353,1.55,0.15546876,Stavropol
2022-09-13 00:00:00+00:00,18.638208,13.150001,0.158375,Stavropol
2022-09-14 00:00:00+00:00,17.767374,3.775,0.17756249,Stavropol
2022-09-15 00:00:00+00:00,18.681961,0.5500001,0.18161461,Stavropol
2022-09-16 00:00:00+00:00,21.052273,0.375,0.18460417,Stavropol
2022-09-17 00:00:00+00:00,22.592896,0.3,0.18532288,Stavropol
2022-09-18 00:00:00+00:00,25.392376,0.0,0.1831875,Stavropol
2022-09-19 00:00:00+00:00,20.192375,2.575,0.18072918,Stavropol
2022-09-20 00:00:00+00:00,19.375708,4.425,0.18440622,Stavropol
2022-09-21 00:00:00+00:00,19.667898,13.474999,0.1866875,Stavropol
2022-09-22 00:00:00+00:00,17.498625,5.7749996,0.23360416,Stavropol
2022-09-23 00:00:00+00:00,16.37154,9.225,0.25470835,Stavropol
2022-09-24 00:00:00+00:00,11.854355,7.5250006,0.27081248,Stavropol
2022-09-25 00:00:00+00:00,13.460084,0.375,0.27561456,Stavropol
2022-09-26 00:00:00+00:00,15.042896,0.0,0.27006248,Stavropol
2022-09-27 00:00:00+00:00,17.078835,0.0,0.26244792,Stavropol
2022-09-28 00:00:00+00:00,18.755917,0.15,0.25491667,Stavropol
2022-09-29 00:00:00+00:00,18.334042,2.1999998,0.24655205,Stavropol
2022-09-30 00:00:00+00:00,19.581438,0.1,0.23729163,Stavropol
2022-10-01 00:00:00+00:00,20.15175,0.0,0.22749996,Stavropol
2022-10-02 00:00:00+00:00,20.958,0.0,0.22154166,Stavropol
2022-10-03 00:00:00+00:00,16.88248,4.05,0.21822917,Stavropol
2022-10-04 00:00:00+00:00,16.744457,6.1,0.21896876,Stavropol
2022-10-05 00:00:00+00:00,15.284041,15.500001,0.23611459,Stavropol
2022-10-06 00:00:00+00:00,13.2955,7.075,0.2759896,Stavropol
2022-10-07 00:00:00+00:00,13.204355,0.0,0.27446872,Stavropol
2022-10-08 00:00:00+00:00,14.977792,0.0,0.26962498,Stavropol
2022-10-09 00:00:00+00:00,16.712688,1.2,0.2658854,Stavropol
2022-10-10 00:00:00+00:00,16.435083,8.450001,0.2652292,Stavropol
2022-10-11 00:00:00+00:00,13.465814,0.25,0.2724583,Stavropol
2022-10-12 00:00:00+00:00,11.7699795,0.1,0.26898953,Stavropol
2022-10-13 00:00:00+00:00,11.26425,0.0,0.2648646,Stavropol
2022-10-14 00:00:00+00:00,12.208,0.1,0.2605,Stavropol
2022-10-15 00:00:00+00:00,11.68821,1.8249999,0.25815627,Stavropol
2022-10-16 00:00:00+00:00,11.463208,0.1,0.25881252,Stavropol
2022-10-17 00:00:00+00:00,10.140291,3.55,0.2580625,Stavropol
2022-10-18 00:00:00+00:00,10.55175,0.0,0.25798956,Stavropol
2022-10-19 00:00:00+00:00,11.691854,0.925,0.2569062,Stavropol
2022-10-20 00:00:00+00:00,12.392896,7.0249996,0.26217708,Stavropol
2022-10-21 00:00:00+00:00,8.786125,0.59999996,0.2733542,Stavropol
2022-10-22 00:00:00+00:00,6.9559164,0.0,0.27329168,Stavropol
2022-10-23 00:00:00+00:00,8.5772705,0.17500001,0.27267706,Stavropol
2022-10-24 00:00:00+00:00,10.9783125,2.8249998,0.27084377,Stavropol
2022-10-25 00:00:00+00:00,9.90227,0.25,0.27106246,Stavropol
2022-10-26 00:00:00+00:00,9.386646,0.45,0.26935413,Stavropol
2022-10-27 00:00:00+00:00,10.7543545,2.375,0.26713544,Stavropol
2022-10-28 00:00:00+00:00,9.604875,0.95000005,0.2685521,Stavropol
2022-10-29 00:00:00+00:00,7.579354,0.2,0.2703646,Stavropol
2022-10-30 00:00:00+00:00,10.396021,2.5749998,0.2688021,Stavropol
2022-10-31 00:00:00+00:00,9.7022705,8.025,0.27060416,Stavropol
2022-11-01 00:00:00+00:00,4.5689373,0.0,0.28107294,Stavropol
2022-11-02 00:00:00+00:00,7.410083,2.3500001,0.2841875,Stavropol
2022-11-03 00:00:00+00:00,7.2053957,5.6,0.30169788,Stavropol
2022-11-04 00:00:00+00:00,6.6746664,6.3999996,0.31797916,Stavropol
2022-11-05 00:00:00+00:00,6.2814374,0.47500002,0.3290833,Stavropol
2022-11-06 00:00:00+00:00,3.9757082,0.025,0.32812503,Stavropol
2022-11-07 00:00:00+00:00,3.836125,0.0,0.32626042,Stavropol
2022-11-08 00:00:00+00:00,6.2413335,0.22500001,0.32255206,Stavropol
2022-11-09 00:00:00+00:00,7.315292,0.675,0.31955206,Stavropol
2022-11-10 00:00:00+00:00,6.6517506,0.92499995,0.31864583,Stavropol
2022-11-11 00:00:00+00:00,7.484562,0.025,0.31710422,Stavropol
2022-11-12 00:00:00+00:00,5.809042,0.1,0.3146979,Stavropol
2022-11-13 00:00:00+00:00,8.480396,0.47500002,0.31151038,Stavropol
2022-11-14 00:00:00+00:00,6.663729,0.42500004,0.30810422,Stavropol
2022-11-15 00:00:00+00:00,2.0673752,0.0,0.3055938,Stavropol
2022-11-16 00:00:00+00:00,2.3668542,0.0,0.30152085,Stavropol
2022-11-17 00:00:00+00:00,7.2053957,0.47500002,0.29897916,Stavropol
2022-11-18 00:00:00+00:00,8.469979,1.2249999,0.2957917,Stavropol
2022-11-19 00:00:00+00:00,10.010604,1.8500001,0.29452083,Stavropol
2022-11-20 00:00:00+00:00,11.471022,0.1,0.2930625,Stavropol
2022-11-21 00:00:00+00:00,11.935083,0.0,0.2903854,Stavropol
2022-11-22 00:00:00+00:00,10.575188,0.05,0.28725004,Stavropol
2022-11-23 00:00:00+00:00,7.659041,0.0,0.28546873,Stavropol
2022-11-24 00:00:00+00:00,7.424667,0.0,0.2833438,Stavropol
2022-11-25 00:00:00+00:00,8.324146,2.175,0.28085414,Stavropol
2022-11-26 00:00:00+00:00,7.4606037,3.55,0.28378126,Stavropol
2022-11-27 00:00:00+00:00,5.182479,5.6250005,0.3003646,Stavropol
2022-11-28 00:00:00+00:00,2.9470625,0.075,0.30608332,Stavropol
2022-11-29 00:00:00+00:00,-0.07481255,0.0,0.30570832,Stavropol
2022-11-30 00:00:00+00:00,-0.08158341,0.0,0.30377084,Stavropol
2022-12-01 00:00:00+00:00,0.26008323,0.0,0.30146873,Stavropol
2022-12-02 00:00:00+00:00,0.47883335,0.0,0.29895833,Stavropol
2022-12-03 00:00:00+00:00,-2.4800208,0.42500007,0.29735413,Stavropol
2022-12-04 00:00:00+00:00,-4.9987707,0.40000007,0.29569796,Stavropol
2022-12-05 00:00:00+00:00,-4.519083,0.25000003,0.29404163,Stavropol
2022-12-06 00:00:00+00:00,-5.122208,0.0,0.2925625,Stavropol
2022-12-07 00:00:00+00:00,-3.4602292,0.0,0.29113543,Stavropol
2022-12-08 00:00:00+00:00,-0.21127082,0.0,0.28981256,Stavropol
2022-12-09 00:00:00+00:00,1.1840415,0.025,0.28855208,Stavropol
2022-12-10 00:00:00+00:00,2.1293542,0.0,0.28726038,Stavropol
2022-12-11 00:00:00+00:00,3.7548752,0.0,0.28605205,Stavropol
2022-12-12 00:00:00+00:00,4.3376875,0.025,0.2840521,Stavropol
2022-12-13 00:00:00+00:00,2.7507083,1.025,0.28230205,Stavropol
2022-12-14 00:00:00+00:00,1.9345624,2.25,0.2836458,Stavropol
2022-12-15 00:00:00+00:00,0.84758335,0.45000005,0.28597912,Stavropol
2022-12-16 00:00:00+00:00,1.8413332,0.675,0.28596875,Stavropol
2022-12-17 00:00:00+00:00,3.0777917,0.0,0.28543752,Stavropol
2022-12-18 00:00:00+00:00,5.1132083,0.375,0.28485417,Stavropol
2022-12-19 00:00:00+00:00,0.29133326,6.55,0.2853229,Stavropol
2022-12-20 00:00:00+00:00,-3.0321043,0.0,0.28696874,Stavropol
2022-12-21 00:00:00+00:00,-2.5680416,0.0,0.2874584,Stavropol
2022-12-22 00:00:00+00:00,-1.5539792,0.0,0.2873125,Stavropol
2022-12-23 00:00:00+00:00,0.03352079,0.125,0.28708336,Stavropol
2022-12-24 00:00:00+00:00,0.2533126,0.05,0.28683335,Stavropol
2022-12-25 00:00:00+00:00,0.45018747,0.0,0.28668752,Stavropol
2022-12-26 00:00:00+00:00,0.18820833,0.0,0.28623962,Stavropol
2022-12-27 00:00:00+00:00,1.0637292,0.82500005,0.28551042,Stavropol
2022-12-28 00:00:00+00:00,2.0481043,4.0249996,0.2880625,Stavropol
2022-12-29 00:00:00+00:00,-0.111270815,0.075,0.2927083,Stavropol
2022-12-30 00:00:00+00:00,0.336125,0.0,0.29359373,Stavropol
2022-12-31 00:00:00+00:00,3.539771,0.0,0.29255205,Stavropol
2023-01-01 00:00:00+00:00,6.6736255,0.0,0.29085416,Stavropol
2023-01-02 00:00:00+00:00,10.229353,0.025,0.28908336,Stavropol
2023-01-03 00:00:00+00:00,7.4783125,0.0,0.28503132,Stavropol
2023-01-04 00:00:00+00:00,5.4689374,1.7749999,0.28225,Stavropol
2023-01-05 00:00:00+00:00,2.5100834,0.05,0.2828125,Stavropol
2023-01-06 00:00:00+00:00,4.4564376,5.35,0.28284377,Stavropol
2023-01-07 00:00:00+00:00,-5.6029377,1.175,0.28752083,Stavropol
2023-01-08 00:00:00+00:00,-11.613874,0.0,0.29054165,Stavropol
2023-01-09 00:00:00+00:00,-10.274812,0.0,0.29122916,Stavropol
2023-01-10 00:00:00+00:00,-10.180541,0.17500001,0.29082292,Stavropol
2023-01-11 00:00:00+00:00,-5.366479,0.30000004,0.29011464,Stavropol
2023-01-12 00:00:00+00:00,-0.6904374,0.0,0.28922918,Stavropol
2023-01-13 00:00:00+00:00,0.54654163,0.0,0.28840625,Stavropol
2023-01-14 00:00:00+00:00,-0.046687603,0.0,0.28777084,Stavropol
2023-01-15 00:00:00+00:00,0.04758334,0.0,0.28732294,Stavropol
2023-01-16 00:00:00+00:00,0.40591663,0.0,0.28660417,Stavropol
2023-01-17 00:00:00+00:00,0.25956252,0.0,0.28609377,Stavropol
2023-01-18 00:00:00+00:00,1.3751874,0.0,0.28529167,Stavropol
2023-01-19 00:00:00+00:00,1.4678959,0.0,0.28466666,Stavropol
2023-01-20 00:00:00+00:00,0.48456258,0.0,0.28435415,Stavropol
2023-01-21 00:00:00+00:00,2.1001875,0.025,0.28404164,Stavropol
2023-01-22 00:00:00+00:00,2.0835207,0.025,0.28296876,Stavropol
2023-01-23 00:00:00+00:00,1.1783124,0.0,0.2815729,Stavropol
2023-01-24 00:00:00+00:00,-0.27689588,0.025,0.28133333,Stavropol
2023-01-25 00:00:00+00:00,-2.0722084,0.0,0.28053126,Stavropol
2023-01-26 00:00:00+00:00,-3.2534583,0.0,0.2800521,Stavropol
2023-01-27 00:00:00+00:00,-2.232104,0.0,0.27937502,Stavropol
2023-01-28 00:00:00+00:00,-0.10189584,0.05,0.2786458,Stavropol
2023-01-29 00:00:00+00:00,1.2121668,0.20000002,0.27806243,Stavropol
2023-01-30 00:00:00+00:00,0.7053958,0.575,0.2777083,Stavropol
2023-01-31 00:00:00+00:00,1.1845624,0.05,0.27746874,Stavropol
2023-02-01 00:00:00+00:00,1.4824791,0.275,0.27662495,Stavropol
2023-02-02 00:00:00+00:00,-0.13679168,2.5749998,0.27663538,Stavropol
2023-02-03 00:00:00+00:00,-0.9847083,0.05,0.27641663,Stavropol
2023-02-04 00:00:00+00:00,-1.3164792,0.05,0.2763437,Stavropol
2023-02-05 00:00:00+00:00,-2.4248126,0.22500002,0.2760312,Stavropol
2023-02-06 00:00:00+00:00,-3.7430418,2.9250002,0.27555206,Stavropol
2023-02-07 00:00:00+00:00,-5.906584,9.525001,0.27498958,Stavropol
2023-02-08 00:00:00+00:00,-7.984709,7.2999997,0.2747396,Stavropol
2023-02-09 00:00:00+00:00,-11.246166,0.125,0.27407295,Stavropol
2023-02-10 00:00:00+00:00,-11.19825,0.0,0.27360418,Stavropol
2023-02-11 00:00:00+00:00,-7.333146,0.0,0.27308336,Stavropol
2023-02-12 00:00:00+00:00,-3.9425206,1.2500001,0.27257288,Stavropol
2023-02-13 00:00:00+00:00,-5.16075,2.075,0.2719271,Stavropol
2023-02-14 00:00:00+00:00,-1.47325,1.8000002,0.27168748,Stavropol
2023-02-15 00:00:00+00:00,-2.2086668,2.3000002,0.27164575,Stavropol
2023-02-16 00:00:00+00:00,-6.206583,0.125,0.27196872,Stavropol
2023-02-17 00:00:00+00:00,-4.9060626,5.55,0.27184373,Stavropol
2023-02-18 00:00:00+00:00,-0.87845814,5.075,0.2713854,Stavropol
2023-02-19 00:00:00+00:00,2.513729,3.3000002,0.28192708,Stavropol
2023-02-20 00:00:00+00:00,2.18925,7.35,0.317625,Stavropol
2023-02-21 00:00:00+00:00,2.198625,4.425,0.33919787,Stavropol
2023-02-22 00:00:00+00:00,2.3814373,1.7,0.3466354,Stavropol
2023-02-23 00:00:00+00:00,-4.063875,0.025,0.34327084,Stavropol
2023-02-24 00:00:00+00:00,-3.4508543,0.0,0.33903122,Stavropol
2023-02-25 00:00:00+00:00,0.2652917,0.0,0.3353958,Stavropol
2023-02-26 00:00:00+00:00,6.1246667,0.0,0.33249995,Stavropol
2023-02-27 00:00:00+00:00,6.3262286,0.0,0.32717708,Stavropol
2023-02-28 00:00:00+00:00,9.558521,3.0500002,0.3206771,Stavropol
2023-03-01 00:00:00+00:00,5.3793545,0.5500001,0.3170104,Stavropol
2023-03-02 00:00:00+00:00,0.554875,0.05,0.31704167,Stavropol
2023-03-03 00:00:00+00:00,2.3465414,0.125,0.31617707,Stavropol
2023-03-04 00:00:00+00:00,3.5350835,7.0250006,0.3233646,Stavropol
2023-03-05 00:00:00+00:00,6.4069586,0.9999998,0.33057293,Stavropol
2023-03-06 00:00:00+00:00,4.3512287,7.575,0.33629167,Stavropol
2023-03-07 00:00:00+00:00,3.6199791,0.0,0.34512493,Stavropol
2023-03-08 00:00:00+00:00,6.656438,0.0,0.33817706,Stavropol
2023-03-09 00:00:00+00:00,7.471542,0.0,0.3292604,Stavropol
2023-03-10 00:00:00+00:00,9.681437,0.8000001,0.32574996,Stavropol
2023-03-11 00:00:00+00:00,11.128834,1.475,0.31612498,Stavropol
2023-03-12 00:00:00+00:00,10.578833,0.15,0.3095938,Stavropol
2023-03-13 00:00:00+00:00,4.956437,3.8750002,0.30832294,Stavropol
2023-03-14 00:00:00+00:00,4.705917,0.0,0.30842713,Stavropol
2023-03-15 00:00:00+00:00,7.3309164,0.0,0.3061875,Stavropol
2023-03-16 00:00:00+00:00,9.039249,0.0,0.30243748,Stavropol
2023-03-17 00:00:00+00:00,9.744458,1.3499999,0.2985938,Stavropol
2023-03-18 00:00:00+00:00,9.799147,1.875,0.2999583,Stavropol
2023-03-19 00:00:00+00:00,10.334563,0.225,0.30092704,Stavropol
2023-03-20 00:00:00+00:00,10.183001,2.475,0.29746878,Stavropol
2023-03-21 00:00:00+00:00,8.913208,1.9999999,0.29791668,Stavropol
2023-03-22 00:00:00+00:00,10.431437,0.0,0.29563543,Stavropol
2023-03-23 00:00:00+00:00,11.491855,0.0,0.29069793,Stavropol
2023-03-24 00:00:00+00:00,10.677792,1.8249998,0.28754166,Stavropol
2023-03-25 00:00:00+00:00,11.821021,0.05,0.28465623,Stavropol
2023-03-26 00:00:00+00:00,10.3376875,3.475,0.28232294,Stavropol
2023-03-27 00:00:00+00:00,9.833521,1.5,0.28253126,Stavropol
2023-03-28 00:00:00+00:00,11.968417,0.25,0.28251046,Stavropol
2023-03-29 00:00:00+00:00,10.25748,7.475,0.28070834,Stavropol
2023-03-30 00:00:00+00:00,3.2908127,2.9500005,0.29091662,Stavropol
2023-03-31 00:00:00+00:00,4.6309166,0.0,0.29559377,Stavropol
2023-04-01 00:00:00+00:00,6.2001877,0.0,0.29272914,Stavropol
2023-04-02 00:00:00+00:00,8.233,0.20000002,0.2861458,Stavropol
2023-04-03 00:00:00+00:00,10.973625,0.55,0.2790521,Stavropol
2023-04-04 00:00:00+00:00,13.088729,0.0,0.2708854,Stavropol
2023-04-05 00:00:00+00:00,12.029354,0.17500001,0.2622708,Stavropol
2023-04-06 00:00:00+00:00,10.704354,0.625,0.25835416,Stavropol
2023-04-07 00:00:00+00:00,11.968938,0.075,0.25502083,Stavropol
2023-04-08 00:00:00+00:00,10.997064,6.375,0.25402084,Stavropol
2023-04-09 00:00:00+00:00,10.534563,2.175,0.25957292,Stavropol
2023-04-10 00:00:00+00:00,12.979874,0.0,0.2626354,Stavropol
2023-04-11 00:00:00+00:00,13.122063,0.1,0.26018748,Stavropol
2023-04-12 00:00:00+00:00,14.603833,0.25,0.25572917,Stavropol
2023-04-13 00:00:00+00:00,12.050709,2.975,0.2519375,Stavropol
2023-04-14 00:00:00+00:00,12.672584,4.45,0.25133336,Stavropol
2023-04-15 00:00:00+00:00,8.218416,1.125,0.26215622,Stavropol
2023-04-16 00:00:00+00:00,5.9647703,0.0,0.26202077,Stavropol
2023-04-17 00:00:00+00:00,7.5533123,0.0,0.25951043,Stavropol
2023-04-18 00:00:00+00:00,10.1241455,0.025,0.25440627,Stavropol
2023-04-19 00:00:00+00:00,12.316333,0.70000005,0.2505729,Stavropol
2023-04-20 00:00:00+00:00,13.157478,3.9250002,0.24708335,Stavropol
2023-04-21 00:00:00+00:00,12.680918,2.4,0.26055208,Stavropol
2023-04-22 00:00:00+00:00,11.257999,3.8999999,0.26215625,Stavropol
2023-04-23 00:00:00+00:00,12.237167,0.5,0.2626771,Stavropol
2023-04-24 00:00:00+00:00,14.444458,1.35,0.2605,Stavropol
2023-04-25 00:00:00+00:00,13.496021,1.1,0.2575,Stavropol
2023-04-26 00:00:00+00:00,15.329874,0.025,0.25314584,Stavropol
2023-04-27 00:00:00+00:00,16.465813,0.025,0.24584378,Stavropol
2023-04-28 00:00:00+00:00,16.589249,0.25,0.24211457,Stavropol
2023-04-29 00:00:00+00:00,15.72727,5.4,0.23946875,Stavropol
2023-04-30 00:00:00+00:00,12.202792,8.9,0.24862498,Stavropol
2023-05-01 00:00:00+00:00,12.885084,5.0,0.2621979,Stavropol
2023-05-02 00:00:00+00:00,12.393937,4.3,0.27716672,Stavropol
2023-05-03 00:00:00+00:00,12.747583,0.325,0.28113538,Stavropol
2023-05-04 00:00:00+00:00,14.893417,0.22500001,0.2752604,Stavropol
2023-05-05 00:00:00+00:00,16.108,0.05,0.26485416,Stavropol
2023-05-06 00:00:00+00:00,17.508,0.0,0.2537604,Stavropol
2023-05-07 00:00:00+00:00,16.010605,0.9,0.24595837,Stavropol
2023-05-08 00:00:00+00:00,12.266854,4.825,0.24641663,Stavropol
2023-05-09 00:00:00+00:00,11.515292,2.4,0.25290626,Stavropol
2023-05-10 00:00:00+00:00,12.659042,10.775002,0.2595625,Stavropol
2023-05-11 00:00:00+00:00,10.425708,4.725,0.28242707,Stavropol
2023-05-12 00:00:00+00:00,13.153834,0.3,0.28491664,Stavropol
2023-05-13 00:00:00+00:00,12.81425,5.425,0.282,Stavropol
2023-05-14 00:00:00+00:00,11.492375,4.9250007,0.29173958,Stavropol
2023-05-15 00:00:00+00:00,15.379875,0.55,0.28963542,Stavropol
2023-05-16 00:00:00+00:00,16.014772,0.925,0.2807604,Stavropol
2023-05-17 00:00:00+00:00,15.430918,0.22500001,0.26920834,Stavropol
2023-05-18 00:00:00+00:00,17.579876,0.0,0.25846875,Stavropol
2023-05-19 00:00:00+00:00,19.160606,0.0,0.24557294,Stavropol
2023-05-20 00:00:00+00:00,19.324146,0.925,0.23411459,Stavropol
2023-05-21 00:00:00+00:00,18.322582,1.125,0.22762501,Stavropol
2023-05-22 00:00:00+00:00,17.092896,6.025,0.2261771,Stavropol
2023-05-23 00:00:00+00:00,20.104355,0.05,0.2290833,Stavropol
2023-05-24 00:00:00+00:00,22.204355,0.425,0.22498955,Stavropol
2023-05-25 00:00:00+00:00,22.436127,3.425,0.21393752,Stavropol
2023-05-26 00:00:00+00:00,21.383522,16.9,0.218375,Stavropol
2023-05-27 00:00:00+00:00,19.68873,1.4749999,0.23336458,Stavropol
2023-05-28 00:00:00+00:00,22.255917,0.225,0.23061462,Stavropol
2023-05-29 00:00:00+00:00,22.234564,0.525,0.2256875,Stavropol
2023-05-30 00:00:00+00:00,21.108002,4.4,0.22541665,Stavropol
2023-05-31 00:00:00+00:00,20.802792,8.05,0.22811458,Stavropol
2023-06-01 00:00:00+00:00,18.705917,7.1500006,0.25141665,Stavropol
2023-06-02 00:00:00+00:00,19.822063,0.9250001,0.25821874,Stavropol
2023-06-03 00:00:00+00:00,21.830917,0.15,0.25059378,Stavropol
2023-06-04 00:00:00+00:00,20.863209,7.725,0.24677086,Stavropol
2023-06-05 00:00:00+00:00,19.24446,7.1,0.2770521,Stavropol
2023-06-06 00:00:00+00:00,18.95227,0.675,0.2817396,Stavropol
2023-06-07 00:00:00+00:00,18.361124,0.075,0.2752292,Stavropol
2023-06-08 00:00:00+00:00,20.38404,0.0,0.26272917,Stavropol
2023-06-09 00:00:00+00:00,21.610605,0.0,0.2500521,Stavropol
2023-06-10 00:00:00+00:00,21.722061,0.4,0.24112502,Stavropol
2023-06-11 00:00:00+00:00,21.798103,3.8999996,0.2355729,Stavropol
2023-06-12 00:00:00+00:00,23.059042,3.9250004,0.23087503,Stavropol
2023-06-13 00:00:00+00:00,24.48977,3.9,0.22589585,Stavropol
2023-06-14 00:00:00+00:00,23.536123,3.775,0.2310729,Stavropol
2023-06-15 00:00:00+00:00,21.509563,9.075001,0.2436354,Stavropol
2023-06-16 00:00:00+00:00,21.593418,1.0500001,0.25227085,Stavropol
2023-06-17 00:00:00+00:00,21.519459,1.7500001,0.248375,Stavropol
2023-06-18 00:00:00+00:00,22.54602,0.525,0.23944795,Stavropol
2023-06-19 00:00:00+00:00,22.110607,2.075,0.23324999,Stavropol
2023-06-20 00:00:00+00:00,20.109562,0.425,0.23001039,Stavropol
2023-06-21 00:00:00+00:00,21.58144,0.15,0.22403128,Stavropol
2023-06-22 00:00:00+00:00,21.380396,0.075,0.21402082,Stavropol
2023-06-23 00:00:00+00:00,22.236645,0.0,0.20562501,Stavropol
2023-06-24 00:00:00+00:00,23.543417,0.0,0.19515625,Stavropol
2023-06-25 00:00:00+00:00,25.298624,0.77500004,0.18691666,Stavropol
2023-06-26 00:00:00+00:00,25.929356,8.75,0.178,Stavropol
2023-06-27 00:00:00+00:00,22.191336,11.625001,0.19109373,Stavropol
2023-06-28 00:00:00+00:00,23.01425,0.0,0.21000004,Stavropol
2023-06-29 00:00:00+00:00,24.617897,1.4749999,0.20725003,Stavropol
2023-06-30 00:00:00+00:00,20.32623,3.4250002,0.20583335,Stavropol
2023-07-01 00:00:00+00:00,21.66998,1.5999999,0.20687497,Stavropol
2023-07-02 00:00:00+00:00,24.04446,0.0,0.20608333,Stavropol
2023-07-03 00:00:00+00:00,26.291855,0.0,0.19853126,Stavropol
2023-07-04 00:00:00+00:00,27.771019,0.0,0.19120833,Stavropol
2023-07-05 00:00:00+00:00,28.459044,0.0,0.18665627,Stavropol
2023-07-06 00:00:00+00:00,29.285604,0.0,0.18407294,Stavropol
2023-07-07 00:00:00+00:00,29.51998,0.0,0.18121871,Stavropol
2023-07-08 00:00:00+00:00,27.042376,2.7499998,0.17835416,Stavropol
2023-07-09 00:00:00+00:00,25.134563,12.0,0.17914581,Stavropol
2023-07-10 00:00:00+00:00,22.16269,7.075,0.19788541,Stavropol
2023-07-11 00:00:00+00:00,21.058521,0.92499995,0.2143333,Stavropol
2023-07-12 00:00:00+00:00,21.331438,1.0,0.21328124,Stavropol
2023-07-13 00:00:00+00:00,22.403313,1.55,0.21429166,Stavropol
2023-07-14 00:00:00+00:00,24.9205,0.0,0.20808333,Stavropol
2023-07-15 00:00:00+00:00,24.448624,0.77500004,0.20079167,Stavropol
2023-07-16 00:00:00+00:00,22.478312,0.125,0.19721876,Stavropol
2023-07-17 00:00:00+00:00,22.33352,0.37500003,0.19678125,Stavropol
2023-07-18 00:00:00+00:00,23.93925,0.325,0.195375,Stavropol
2023-07-19 00:00:00+00:00,24.587687,0.725,0.19129166,Stavropol
2023-07-20 00:00:00+00:00,24.506437,0.37500003,0.18571874,Stavropol
2023-07-21 00:00:00+00:00,27.10019,0.75,0.18232292,Stavropol
2023-07-22 00:00:00+00:00,27.348103,0.0,0.1780417,Stavropol
2023-07-23 00:00:00+00:00,27.309042,2.875,0.17961459,Stavropol
2023-07-24 00:00:00+00:00,23.40071,11.650001,0.18179165,Stavropol
2023-07-25 00:00:00+00:00,23.856438,0.0,0.20243749,Stavropol
2023-07-26 00:00:00+00:00,25.836647,0.0,0.2024375,Stavropol
2023-07-27 00:00:00+00:00,26.543938,0.0,0.19741668,Stavropol
2023-07-28 00:00:00+00:00,23.805918,15.875,0.19962499,Stavropol
2023-07-29 00:00:00+00:00,22.572062,0.0,0.21177086,Stavropol
2023-07-30 00:00:00+00:00,23.148104,0.0,0.21149999,Stavropol
2023-07-31 00:00:00+00:00,25.912687,0.0,0.20834374,Stavropol
2023-08-01 00:00:00+00:00,26.643938,0.0,0.20247917,Stavropol
2023-08-02 00:00:00+00:00,26.51998,0.175,0.19533335,Stavropol
2023-08-03 00:00:00+00:00,26.448103,4.4000006,0.18392706,Stavropol
2023-08-04 00:00:00+00:00,26.26425,0.0,0.18601042,Stavropol
2023-08-05 00:00:00+00:00,28.841854,0.0,0.18590626,Stavropol
2023-08-06 00:00:00+00:00,30.039772,0.0,0.18162498,Stavropol
2023-08-07 00:00:00+00:00,31.005915,0.0,0.175375,Stavropol
2023-08-08 00:00:00+00:00,30.824144,0.0,0.17323957,Stavropol
2023-08-09 00:00:00+00:00,30.975185,0.0,0.17184375,Stavropol
2023-08-10 00:00:00+00:00,30.560604,0.75,0.17154166,Stavropol
2023-08-11 00:00:00+00:00,30.76321,0.0,0.17028125,Stavropol
2023-08-12 00:00:00+00:00,29.761644,0.0,0.16872919,Stavropol
2023-08-13 00:00:00+00:00,29.93196,0.425,0.16562502,Stavropol
2023-08-14 00:00:00+00:00,30.123625,0.125,0.16418752,Stavropol
2023-08-15 00:00:00+00:00,28.4955,0.05,0.1635,Stavropol
2023-08-16 00:00:00+00:00,28.315813,0.0,0.16105211,Stavropol
2023-08-17 00:00:00+00:00,28.474667,0.0,0.16135417,Stavropol
2023-08-18 00:00:00+00:00,27.684565,0.0,0.16284373,Stavropol
2023-08-19 00:00:00+00:00,28.716854,0.0,0.16383335,Stavropol
2023-08-20 00:00:00+00:00,28.961647,0.0,0.16378121,Stavropol
2023-08-21 00:00:00+00:00,29.381958,0.0,0.16088542,Stavropol
2023-08-22 00:00:00+00:00,29.41373,0.0,0.15758331,Stavropol
2023-08-23 00:00:00+00:00,26.635082,0.225,0.15864584,Stavropol
2023-08-24 00:00:00+00:00,24.462168,0.0,0.15827084,Stavropol
2023-08-25 00:00:00+00:00,23.718937,0.0,0.15726039,Stavropol
2023-08-26 00:00:00+00:00,22.206959,0.0,0.1563021,Stavropol
2023-08-27 00:00:00+00:00,22.374666,0.0,0.15527083,Stavropol
2023-08-28 00:00:00+00:00,25.35227,0.0,0.15433331,Stavropol
2023-08-29 00:00:00+00:00,21.902792,0.0,0.15355206,Stavropol
2023-08-30 00:00:00+00:00,21.442896,0.0,0.15281248,Stavropol
2023-08-31 00:00:00+00:00,24.10123,0.0,0.15272914,Stavropol
2023-09-01 00:00:00+00:00,25.758522,0.0,0.15175,Stavropol
2023-09-02 00:00:00+00:00,25.829357,0.425,0.15125,Stavropol
2023-09-03 00:00:00+00:00,26.15696,0.3,0.15096876,Stavropol
2023-09-04 00:00:00+00:00,23.235603,2.375,0.15165624,Stavropol
2023-09-05 00:00:00+00:00,24.952272,0.05,0.15103123,Stavropol
2023-09-06 00:00:00+00:00,22.91946,2.8,0.15079166,Stavropol
2023-09-07 00:00:00+00:00,22.141855,0.0,0.15338543,Stavropol
2023-09-08 00:00:00+00:00,18.189772,0.0,0.15470833,Stavropol
2023-09-09 00:00:00+00:00,16.544458,2.025,0.15696876,Stavropol
2023-09-10 00:00:00+00:00,13.587166,0.425,0.15667707,Stavropol
2023-09-11 00:00:00+00:00,16.59602,0.025,0.15970832,Stavropol
2023-09-12 00:00:00+00:00,17.390291,0.025,0.16223957,Stavropol
2023-09-13 00:00:00+00:00,18.12675,0.025,0.16323958,Stavropol
2023-09-14 00:00:00+00:00,18.353313,0.525,0.16209377,Stavropol
2023-09-15 00:00:00+00:00,19.237688,0.025,0.16190623,Stavropol
2023-09-16 00:00:00+00:00,16.90071,11.8,0.16222917,Stavropol
2023-09-17 00:00:00+00:00,14.947584,0.85,0.16750002,Stavropol
2023-09-18 00:00:00+00:00,16.394459,0.0,0.17320833,Stavropol
2023-09-19 00:00:00+00:00,18.08144,0.0,0.17306249,Stavropol
2023-09-20 00:00:00+00:00,18.616856,0.0,0.17247917,Stavropol
2023-09-21 00:00:00+00:00,19.683,0.575,0.17023958,Stavropol
2023-09-22 00:00:00+00:00,19.674145,0.0,0.16771874,Stavropol
2023-09-23 00:00:00+00:00,20.15175,0.0,0.16590625,Stavropol
2023-09-24 00:00:00+00:00,20.336647,0.0,0.16690627,Stavropol
2023-09-25 00:00:00+00:00,19.233522,0.5,0.16746873,Stavropol
2023-09-26 00:00:00+00:00,19.192896,0.0,0.16767709,Stavropol
2023-09-27 00:00:00+00:00,19.166332,0.0,0.16764584,Stavropol
2023-09-28 00:00:00+00:00,19.693417,0.0,0.16592708,Stavropol
2023-09-29 00:00:00+00:00,18.72675,0.0,0.16554168,Stavropol
2023-09-30 00:00:00+00:00,17.943937,0.0,0.1651771,Stavropol
2023-10-01 00:00:00+00:00,18.54394,0.0,0.16538541,Stavropol
2023-10-02 00:00:00+00:00,18.197584,1.25,0.16571876,Stavropol
2023-10-03 00:00:00+00:00,16.397062,3.6,0.16842711,Stavropol
2023-10-04 00:00:00+00:00,15.993938,0.55,0.17234373,Stavropol
2023-10-05 00:00:00+00:00,15.733522,0.0,0.1750104,Stavropol
2023-10-06 00:00:00+00:00,15.644459,1.15,0.17800003,Stavropol
2023-10-07 00:00:00+00:00,14.13248,1.125,0.17808335,Stavropol
2023-10-08 00:00:00+00:00,16.27675,0.475,0.17909375,Stavropol
2023-10-09 00:00:00+00:00,8.344979,6.075,0.18353125,Stavropol
2023-10-10 00:00:00+00:00,8.3845625,2.975,0.19014587,Stavropol
2023-10-11 00:00:00+00:00,6.7283125,1.425,0.19608334,Stavropol
2023-10-12 00:00:00+00:00,5.9449787,0.0,0.20066665,Stavropol
2023-10-13 00:00:00+00:00,9.303833,0.0,0.19909374,Stavropol
2023-10-14 00:00:00+00:00,11.609563,0.0,0.19120832,Stavropol
2023-10-15 00:00:00+00:00,13.03873,0.025,0.18640625,Stavropol
2023-10-16 00:00:00+00:00,15.314251,0.725,0.18268752,Stavropol
2023-10-17 00:00:00+00:00,9.388208,0.275,0.18244793,Stavropol
2023-10-18 00:00:00+00:00,9.735604,0.625,0.18455204,Stavropol
2023-10-19 00:00:00+00:00,10.15852,1.35,0.18494792,Stavropol
2023-10-20 00:00:00+00:00,10.7491455,0.0,0.18496874,Stavropol
2023-10-21 00:00:00+00:00,15.648105,0.0,0.18177085,Stavropol
2023-10-22 00:00:00+00:00,12.378833,0.0,0.17810419,Stavropol
2023-10-23 00:00:00+00:00,14.783001,0.025,0.17550002,Stavropol
2023-10-24 00:00:00+00:00,15.3012295,0.25,0.1741354,Stavropol
2023-10-25 00:00:00+00:00,12.840813,0.7,0.1725729,Stavropol
2023-10-26 00:00:00+00:00,15.846542,2.8,0.17243749,Stavropol
2023-10-27 00:00:00+00:00,15.708521,2.35,0.17535418,Stavropol
2023-10-28 00:00:00+00:00,19.079353,0.7,0.17827083,Stavropol
2023-10-29 00:00:00+00:00,16.031437,0.1,0.178625,Stavropol
2023-10-30 00:00:00+00:00,13.748104,0.0,0.1768229,Stavropol
2023-10-31 00:00:00+00:00,14.070501,0.0,0.17267707,Stavropol
2023-11-01 00:00:00+00:00,12.654875,0.05,0.17054166,Stavropol
2023-11-02 00:00:00+00:00,14.755917,0.0,0.17085417,Stavropol
2023-11-03 00:00:00+00:00,13.17727,2.1,0.17121875,Stavropol
2023-11-04 00:00:00+00:00,13.173104,0.05,0.17198959,Stavropol
2023-11-05 00:00:00+00:00,12.750708,0.0,0.17052083,Stavropol
2023-11-06 00:00:00+00:00,13.134042,4.125,0.17026041,Stavropol
2023-11-07 00:00:00+00:00,13.650708,0.025,0.1698125,Stavropol
2023-11-08 00:00:00+00:00,11.083521,0.0,0.16846873,Stavropol
2023-11-09 00:00:00+00:00,11.599668,5.775,0.16972914,Stavropol
2023-11-10 00:00:00+00:00,7.134042,0.0,0.17523958,Stavropol
2023-11-11 00:00:00+00:00,7.171541,0.0,0.17819792,Stavropol
2023-11-12 00:00:00+00:00,11.898625,0.075,0.18042706,Stavropol
2023-11-13 00:00:00+00:00,10.950189,5.35,0.18311459,Stavropol
2023-11-14 00:00:00+00:00,7.8814373,2.0,0.18531248,Stavropol
2023-11-15 00:00:00+00:00,7.882479,3.125,0.19172917,Stavropol
2023-11-16 00:00:00+00:00,8.387167,13.85,0.20869792,Stavropol
2023-11-17 00:00:00+00:00,6.3793535,0.6,0.2385729,Stavropol
2023-11-18 00:00:00+00:00,6.0465417,0.075,0.24462497,Stavropol
2023-11-19 00:00:00+00:00,7.663729,5.1,0.24959376,Stavropol
2023-11-20 00:00:00+00:00,8.421541,4.325,0.2580625,Stavropol
2023-11-21 00:00:00+00:00,3.069458,0.125,0.2632708,Stavropol
2023-11-22 00:00:00+00:00,3.5064375,4.925,0.2656354,Stavropol
2023-11-23 00:00:00+00:00,-0.16856244,15.15,0.291,Stavropol
2023-11-24 00:00:00+00:00,4.9012294,0.4,0.30805206,Stavropol
2023-11-25 00:00:00+00:00,8.373104,1.925,0.31893748,Stavropol
2023-11-26 00:00:00+00:00,9.178312,0.725,0.31553125,Stavropol
2023-11-27 00:00:00+00:00,5.2324796,2.8,0.31425,Stavropol
2023-11-28 00:00:00+00:00,2.4731042,0.525,0.31591666,Stavropol
2023-11-29 00:00:00+00:00,4.746021,0.575,0.31457287,Stavropol
2023-11-30 00:00:00+00:00,6.906438,2.275,0.31553122,Stavropol
2023-12-01 00:00:00+00:00,7.0319586,0.125,0.31678122,Stavropol
2023-12-02 00:00:00+00:00,10.276751,0.525,0.31332287,Stavropol
2023-12-03 00:00:00+00:00,9.4835205,0.0,0.3081771,Stavropol
2023-12-04 00:00:00+00:00,8.556437,0.4,0.30202085,Stavropol
2023-12-05 00:00:00+00:00,1.0178958,1.975,0.29952085,Stavropol
2023-12-06 00:00:00+00:00,0.006958306,2.15,0.299875,Stavropol
2023-12-07 00:00:00+00:00,0.41060412,3.2499995,0.29993752,Stavropol
2023-12-08 00:00:00+00:00,1.4731042,0.47500002,0.30197918,Stavropol
2023-12-09 00:00:00+00:00,3.1548753,0.77500004,0.30318746,Stavropol
2023-12-10 00:00:00+00:00,-0.101374924,4.45,0.30480212,Stavropol
2023-12-11 00:00:00+00:00,-0.8440833,0.05,0.30685413,Stavropol
2023-12-12 00:00:00+00:00,-0.501375,0.875,0.30659372,Stavropol
2023-12-13 00:00:00+00:00,-1.4008541,6.0499997,0.30642712,Stavropol
2023-12-14 00:00:00+00:00,-2.5409584,0.125,0.30679172,Stavropol
2023-12-15 00:00:00+00:00,-0.20241648,1.5250001,0.30628127,Stavropol
2023-12-16 00:00:00+00:00,-0.36595827,2.725,0.30580208,Stavropol
2023-12-17 00:00:00+00:00,-4.7550206,9.475,0.30659375,Stavropol
2023-12-18 00:00:00+00:00,1.1095626,1.075,0.30692706,Stavropol
2023-12-19 00:00:00+00:00,2.1647708,0.1,0.31410417,Stavropol
2023-12-20 00:00:00+00:00,0.8866461,0.0,0.32045835,Stavropol
2023-12-21 00:00:00+00:00,1.3908124,0.0,0.32235417,Stavropol
2023-12-22 00:00:00+00:00,2.8033123,0.1,0.3227604,Stavropol
2023-12-23 00:00:00+00:00,1.9100833,2.9,0.32360417,Stavropol
2023-12-24 00:00:00+00:00,0.20279172,2.7749999,0.32752082,Stavropol
2023-12-25 00:00:00+00:00,1.5793542,3.95,0.32726043,Stavropol
2023-12-26 00:00:00+00:00,8.474146,2.225,0.34479165,Stavropol
2023-12-27 00:00:00+00:00,8.453313,7.8250003,0.35163543,Stavropol
2023-12-28 00:00:00+00:00,2.4267497,0.15,0.34809372,Stavropol
2023-12-29 00:00:00+00:00,2.1736252,0.0,0.3437604,Stavropol
2023-12-30 00:00:00+00:00,3.1496668,0.0,0.33890626,Stavropol
2023-12-31 00:00:00+00:00,5.0783124,0.15,0.33559373,Stavropol
2024-01-01 00:00:00+00:00,1.2964667,0.0,0.427425,Rostov
2024-01-02 00:00:00+00:00,5.8356333,6.1,0.42585832,Rostov
2024-01-03 00:00:00+00:00,0.6848001,3.28,0.4381833,Rostov
2024-01-04 00:00:00+00:00,2.6714664,8.379999,0.44588333,Rostov
2024-01-05 00:00:00+00:00,5.1889663,10.12,0.46203333,Rostov
2024-01-06 00:00:00+00:00,0.011050033,0.08,0.46547502,Rostov
2024-01-07 00:00:00+00:00,0.47354993,1.26,0.45440832,Rostov
2024-01-08 00:00:00+00:00,-5.5756164,14.719998,0.44969997,Rostov
2024-01-09 00:00:00+00:00,-10.849367,2.9,0.44704166,Rostov
2024-01-10 00:00:00+00:00,-8.0814495,0.22,0.44062504,Rostov
2024-01-11 00:00:00+00:00,-3.1806169,2.94,0.43577498,Rostov
2024-01-12 00:00:00+00:00,-8.608117,4.02,0.434375,Rostov
2024-01-13 00:00:00+00:00,-16.50645,0.0,0.43099165,Rostov
2024-01-14 00:00:00+00:00,-10.60145,2.0400002,0.4275834,Rostov
2024-01-15 00:00:00+00:00,-2.0843663,4.4199996,0.4248917,Rostov
2024-01-16 00:00:00+00:00,0.9448002,5.7799997,0.43121666,Rostov
2024-01-17 00:00:00+00:00,-3.4985332,0.32,0.45162496,Rostov
2024-01-18 00:00:00+00:00,-1.41645,0.060000002,0.44590002,Rostov
2024-01-19 00:00:00+00:00,2.5452168,3.78,0.44995832,Rostov
2024-01-20 00:00:00+00:00,3.479383,7.94,0.47068334,Rostov
2024-01-21 00:00:00+00:00,-3.5785332,1.42,0.46701664,Rostov
2024-01-22 00:00:00+00:00,-7.06145,0.0,0.45700002,Rostov
2024-01-23 00:00:00+00:00,-9.2777,0.0,0.4496583,Rostov
2024-01-24 00:00:00+00:00,-8.963118,0.0,0.44378337,Rostov
2024-01-25 00:00:00+00:00,-3.3439503,1.8400002,0.43875837,Rostov
2024-01-26 00:00:00+00:00,-0.12228334,2.8200002,0.4353417,Rostov
2024-01-27 00:00:00+00:00,-0.71895003,2.42,0.43606663,Rostov
2024-01-28 00:00:00+00:00,-2.658533,2.3,0.434475,Rostov
2024-01-29 00:00:00+00:00,-5.32145,0.34000003,0.43156666,Rostov
2024-01-30 00:00:00+00:00,-3.6752,0.0,0.42862496,Rostov
2024-01-31 00:00:00+00:00,-1.3364501,0.0,0.42587504,Rostov
2024-02-01 00:00:00+00:00,0.00813334,0.02,0.42360005,Rostov
2024-02-02 00:00:00+00:00,0.64479995,0.120000005,0.42370835,Rostov
2024-02-03 00:00:00+00:00,-0.32519993,1.5400001,0.42529172,Rostov
2024-02-04 00:00:00+00:00,2.5802166,5.2399993,0.43181664,Rostov
2024-02-05 00:00:00+00:00,2.2389667,5.7,0.445325,Rostov
2024-02-06 00:00:00+00:00,0.40188327,1.5800002,0.4516333,Rostov
2024-02-07 00:00:00+00:00,4.705633,2.4,0.44979167,Rostov
2024-02-08 00:00:00+00:00,6.0814667,5.62,0.45084167,Rostov
2024-02-09 00:00:00+00:00,1.1893833,10.6,0.45567498,Rostov
2024-02-10 00:00:00+00:00,2.0914664,12.860001,0.4621417,Rostov
2024-02-11 00:00:00+00:00,4.7123,4.04,0.465875,Rostov
2024-02-12 00:00:00+00:00,7.2647996,0.16000001,0.46257496,Rostov
2024-02-13 00:00:00+00:00,4.847717,0.04,0.4619,Rostov
2024-02-14 00:00:00+00:00,3.7910504,0.0,0.45713335,Rostov
2024-02-15 00:00:00+00:00,-2.1293664,0.0,0.45123333,Rostov
2024-02-16 00:00:00+00:00,-5.5322833,0.04,0.44454998,Rostov
2024-02-17 00:00:00+00:00,-4.582283,0.62,0.43936664,Rostov
2024-02-18 00:00:00+00:00,-2.0176997,0.46000004,0.43535835,Rostov
2024-02-19 00:00:00+00:00,-1.4897833,0.58000004,0.43199167,Rostov
2024-02-20 00:00:00+00:00,-3.4364498,0.0,0.42910832,Rostov
2024-02-21 00:00:00+00:00,-3.3535335,0.0,0.4265,Rostov
2024-02-22 00:00:00+00:00,-2.42395,0.08,0.42423335,Rostov
2024-02-23 00:00:00+00:00,-0.71019995,0.0,0.42217502,Rostov
2024-02-24 00:00:00+00:00,-1.1060333,0.0,0.42006665,Rostov
2024-02-25 00:00:00+00:00,-2.2260334,0.0,0.41789168,Rostov
2024-02-26 00:00:00+00:00,-1.5210334,0.0,0.41574168,Rostov
2024-02-27 00:00:00+00:00,-0.58269995,0.0,0.41358328,Rostov
2024-02-28 00:00:00+00:00,-0.64519995,0.0,0.41142496,Rostov
2024-02-29 00:00:00+00:00,0.29563335,0.0,0.40934172,Rostov
2024-03-01 00:00:00+00:00,0.7852167,0.0,0.40768337,Rostov
2024-03-02 00:00:00+00:00,2.8206334,0.0,0.40627503,Rostov
2024-03-03 00:00:00+00:00,1.44855,0.0,0.40454167,Rostov
2024-03-04 00:00:00+00:00,0.84396666,0.0,0.40285835,Rostov
2024-03-05 00:00:00+00:00,0.6223,0.0,0.4014166,Rostov
2024-03-06 00:00:00+00:00,1.3768834,0.0,0.40016666,Rostov
2024-03-07 00:00:00+00:00,-1.7676998,0.0,0.39899173,Rostov
2024-03-08 00:00:00+00:00,-2.6277,0.0,0.39810833,Rostov
2024-03-09 00:00:00+00:00,-0.30228332,0.0,0.39757496,Rostov
2024-03-10 00:00:00+00:00,1.1273,1.58,0.3967333,Rostov
2024-03-11 00:00:00+00:00,-1.9631166,1.54,0.3959,Rostov
2024-03-12 00:00:00+00:00,-1.9135332,0.0,0.39543337,Rostov
2024-03-13 00:00:00+00:00,0.64313334,0.0,0.39508334,Rostov
2024-03-14 00:00:00+00:00,2.5327165,0.22,0.39485002,Rostov
2024-03-15 00:00:00+00:00,3.6523004,0.45999998,0.39541665,Rostov
2024-03-16 00:00:00+00:00,3.72855,0.0,0.39589998,Rostov
2024-03-17 00:00:00+00:00,3.348133,0.6399999,0.39475006,Rostov
2024-03-18 00:00:00+00:00,5.2131333,0.9,0.39575833,Rostov
2024-03-19 00:00:00+00:00,5.601466,0.0,0.3909,Rostov
2024-03-20 00:00:00+00:00,3.0868833,0.0,0.38980833,Rostov
2024-03-21 00:00:00+00:00,1.6468834,0.08,0.3880833,Rostov
2024-03-22 00:00:00+00:00,1.9856335,0.060000002,0.3865,Rostov
2024-03-23 00:00:00+00:00,2.4427166,0.55999994,0.3862416,Rostov
2024-03-24 00:00:00+00:00,5.5435495,0.060000002,0.38397503,Rostov
2024-03-25 00:00:00+00:00,7.009384,0.50000006,0.3810167,Rostov
2024-03-26 00:00:00+00:00,6.4985495,0.52,0.37530836,Rostov
2024-03-27 00:00:00+00:00,8.100216,0.22,0.368275,Rostov
2024-03-28 00:00:00+00:00,8.302717,0.14,0.361325,Rostov
2024-03-29 00:00:00+00:00,10.3752165,3.9,0.3468499,Rostov
2024-03-30 00:00:00+00:00,11.257717,2.1599998,0.35125837,Rostov
2024-03-31 00:00:00+00:00,12.115633,0.0,0.34916663,Rostov
2024-04-01 00:00:00+00:00,14.308968,0.0,0.3423,Rostov
2024-04-02 00:00:00+00:00,15.545633,0.0,0.3333333,Rostov
2024-04-03 00:00:00+00:00,14.405632,7.72,0.32570833,Rostov
2024-04-04 00:00:00+00:00,12.617716,1.6199999,0.3316,Rostov
2024-04-05 00:00:00+00:00,10.708133,0.26000002,0.33404166,Rostov
2024-04-06 00:00:00+00:00,8.8748,0.0,0.330225,Rostov
2024-04-07 00:00:00+00:00,12.349799,0.060000002,0.324025,Rostov
2024-04-08 00:00:00+00:00,14.560217,0.0,0.31663334,Rostov
2024-04-09 00:00:00+00:00,14.663966,0.0,0.30925837,Rostov
2024-04-10 00:00:00+00:00,15.103968,0.0,0.3025333,Rostov
2024-04-11 00:00:00+00:00,17.126049,0.0,0.2940083,Rostov
2024-04-12 00:00:00+00:00,18.54355,0.24000001,0.28481668,Rostov
2024-04-13 00:00:00+00:00,16.814383,1.6200001,0.27840835,Rostov
2024-04-14 00:00:00+00:00,15.686884,0.02,0.2726,Rostov
2024-04-15 00:00:00+00:00,15.654383,6.5,0.27146667,Rostov
2024-04-16 00:00:00+00:00,17.920216,0.1,0.2709,Rostov
2024-04-17 00:00:00+00:00,19.988134,0.0,0.26723337,Rostov
2024-04-18 00:00:00+00:00,20.348967,0.18,0.26234168,Rostov
2024-04-19 00:00:00+00:00,14.858549,3.0,0.26120836,Rostov
2024-04-20 00:00:00+00:00,16.613548,0.74,0.26460004,Rostov
2024-04-21 00:00:00+00:00,17.22855,1.12,0.26334998,Rostov
2024-04-22 00:00:00+00:00,14.157717,0.36,0.26225832,Rostov
2024-04-23 00:00:00+00:00,14.90605,1.06,0.2599917,Rostov
2024-04-24 00:00:00+00:00,15.928134,0.08,0.26229167,Rostov
2024-04-25 00:00:00+00:00,21.23605,0.28,0.26424164,Rostov
2024-04-26 00:00:00+00:00,20.9248,0.32,0.26059166,Rostov
2024-04-27 00:00:00+00:00,19.71105,0.28000003,0.2593333,Rostov
2024-04-28 00:00:00+00:00,20.493551,0.0,0.25647503,Rostov
2024-04-29 00:00:00+00:00,18.72855,0.82,0.2539583,Rostov
2024-04-30 00:00:00+00:00,14.081883,3.6600003,0.25345832,Rostov
2024-05-01 00:00:00+00:00,14.929384,1.24,0.2591917,Rostov
2024-05-02 00:00:00+00:00,16.5423,0.36,0.25626665,Rostov
2024-05-03 00:00:00+00:00,15.275633,0.0,0.25150833,Rostov
2024-05-04 00:00:00+00:00,8.507299,0.0,0.24860835,Rostov
2024-05-05 00:00:00+00:00,10.148967,0.0,0.24878332,Rostov
2024-05-06 00:00:00+00:00,13.641466,0.0,0.24525833,Rostov
2024-05-07 00:00:00+00:00,16.816883,0.0,0.24068336,Rostov
2024-05-08 00:00:00+00:00,13.097715,0.3,0.23755002,Rostov
2024-05-09 00:00:00+00:00,10.922716,0.0,0.23595834,Rostov
2024-05-10 00:00:00+00:00,11.407717,0.0,0.23424165,Rostov
2024-05-11 00:00:00+00:00,15.105634,1.26,0.23132499,Rostov
2024-05-12 00:00:00+00:00,13.165634,1.04,0.22929999,Rostov
2024-05-13 00:00:00+00:00,10.605216,0.0,0.23595834,Rostov
2024-05-14 00:00:00+00:00,11.851883,0.0,0.23467498,Rostov
2024-05-15 00:00:00+00:00,12.1373,1.08,0.23145,Rostov
2024-05-16 00:00:00+00:00,12.151467,0.96000004,0.23424998,Rostov
2024-05-17 00:00:00+00:00,12.735634,0.1,0.23691669,Rostov
2024-05-18 00:00:00+00:00,14.0998,0.26,0.23451667,Rostov
2024-05-19 00:00:00+00:00,15.281885,0.66,0.23343334,Rostov
2024-05-20 00:00:00+00:00,16.9173,0.02,0.23117504,Rostov
2024-05-21 00:00:00+00:00,18.954384,0.0,0.22757502,Rostov
2024-05-22 00:00:00+00:00,20.156883,0.0,0.2236083,Rostov
2024-05-23 00:00:00+00:00,20.733967,0.0,0.22019999,Rostov
2024-05-24 00:00:00+00:00,18.73355,0.0,0.21751666,Rostov
2024-05-25 00:00:00+00:00,16.883133,0.0,0.21682498,Rostov
2024-05-26 00:00:00+00:00,16.9923,0.54,0.21642499,Rostov
2024-05-27 00:00:00+00:00,19.865215,0.0,0.21631666,Rostov
2024-05-28 00:00:00+00:00,21.288548,0.0,0.21423335,Rostov
2024-05-29 00:00:00+00:00,22.195633,0.1,0.212075,Rostov
2024-05-30 00:00:00+00:00,23.594799,0.16,0.20944166,Rostov
2024-05-31 00:00:00+00:00,23.343967,1.64,0.20759165,Rostov
2024-06-01 00:00:00+00:00,23.372717,0.16,0.20693333,Rostov
2024-06-02 00:00:00+00:00,24.60938,0.0,0.20535831,Rostov
2024-06-03 00:00:00+00:00,24.850216,0.0,0.20373335,Rostov
2024-06-04 00:00:00+00:00,25.911884,0.04,0.20374167,Rostov
2024-06-05 00:00:00+00:00,27.077301,1.02,0.19937499,Rostov
2024-06-06 00:00:00+00:00,27.192715,0.44,0.19859996,Rostov
2024-06-07 00:00:00+00:00,24.280216,1.46,0.19606665,Rostov
2024-06-08 00:00:00+00:00,24.390635,0.02,0.19691667,Rostov
2024-06-09 00:00:00+00:00,24.202717,0.93999994,0.19552496,Rostov
2024-06-10 00:00:00+00:00,25.288967,0.14,0.1945,Rostov
2024-06-11 00:00:00+00:00,26.171051,0.14000002,0.19328335,Rostov
2024-06-12 00:00:00+00:00,26.652302,0.88,0.19196667,Rostov
2024-06-13 00:00:00+00:00,24.94938,2.72,0.19275832,Rostov
2024-06-14 00:00:00+00:00,25.197716,0.02,0.196325,Rostov
2024-06-15 00:00:00+00:00,27.070633,1.0800002,0.19990833,Rostov
2024-06-16 00:00:00+00:00,25.0023,0.72,0.203275,Rostov
2024-06-17 00:00:00+00:00,24.605633,1.04,0.20614167,Rostov
2024-06-18 00:00:00+00:00,24.792301,3.8200002,0.20038334,Rostov
2024-06-19 00:00:00+00:00,26.04688,0.0,0.197975,Rostov
2024-06-20 00:00:00+00:00,27.213135,1.72,0.19515836,Rostov
2024-06-21 00:00:00+00:00,20.89605,1.5,0.19359168,Rostov
2024-06-22 00:00:00+00:00,22.676882,0.0,0.19694999,Rostov
2024-06-23 00:00:00+00:00,24.134384,0.0,0.19897504,Rostov
2024-06-24 00:00:00+00:00,25.354383,1.82,0.19558333,Rostov
2024-06-25 00:00:00+00:00,21.560217,0.70000005,0.19462502,Rostov
2024-06-26 00:00:00+00:00,20.18105,0.86,0.20125833,Rostov
2024-06-27 00:00:00+00:00,20.129799,2.8400002,0.20175834,Rostov
2024-06-28 00:00:00+00:00,21.683966,0.24000001,0.20006666,Rostov
2024-06-29 00:00:00+00:00,23.035217,0.04,0.20005834,Rostov
2024-06-30 00:00:00+00:00,25.727716,0.0,0.19490834,Rostov
2024-07-01 00:00:00+00:00,25.99855,0.0,0.19152501,Rostov
2024-07-02 00:00:00+00:00,27.196049,0.0,0.19110832,Rostov
2024-07-03 00:00:00+00:00,27.95105,0.0,0.19119997,Rostov
2024-07-04 00:00:00+00:00,29.212301,0.08,0.18801668,Rostov
2024-07-05 00:00:00+00:00,30.589382,0.1,0.18619166,Rostov
2024-07-06 00:00:00+00:00,30.374384,0.52,0.18464997,Rostov
2024-07-07 00:00:00+00:00,30.214382,0.16,0.18347499,Rostov
2024-07-08 00:00:00+00:00,31.663136,0.56,0.18245001,Rostov
2024-07-09 00:00:00+00:00,30.148968,0.3,0.18146665,Rostov
2024-07-10 00:00:00+00:00,29.215631,0.0,0.180375,Rostov
2024-07-11 00:00:00+00:00,29.532299,0.0,0.17951669,Rostov
2024-07-12 00:00:00+00:00,27.77605,0.0,0.17889166,Rostov
2024-07-13 00:00:00+00:00,25.93105,0.0,0.17833333,Rostov
2024-07-14 00:00:00+00:00,26.781467,0.0,0.17791665,Rostov
2024-07-15 00:00:00+00:00,29.331467,0.02,0.17736664,Rostov
2024-07-16 00:00:00+00:00,30.969385,0.0,0.17692497,Rostov
2024-07-17 00:00:00+00:00,30.914383,0.0,0.17653331,Rostov
2024-07-18 00:00:00+00:00,31.125217,0.0,0.17616668,Rostov
2024-07-19 00:00:00+00:00,31.535633,0.08,0.17573334,Rostov
2024-07-20 00:00:00+00:00,28.543966,0.0,0.17551664,Rostov
2024-07-21 00:00:00+00:00,28.261883,0.0,0.17530832,Rostov
2024-07-22 00:00:00+00:00,28.363968,5.62,0.17520832,Rostov
2024-07-23 00:00:00+00:00,23.779799,9.72,0.17525832,Rostov
2024-07-24 00:00:00+00:00,21.89605,1.9199998,0.18352501,Rostov
2024-07-25 00:00:00+00:00,22.6773,0.0,0.19496666,Rostov
2024-07-26 00:00:00+00:00,24.17105,0.120000005,0.19802499,Rostov
2024-07-27 00:00:00+00:00,24.013552,0.0,0.19469166,Rostov
2024-07-28 00:00:00+00:00,25.161884,0.0,0.19505,Rostov
2024-07-29 00:00:00+00:00,27.505219,0.38,0.19582501,Rostov
2024-07-30 00:00:00+00:00,25.091885,0.84,0.19340833,Rostov
2024-07-31 00:00:00+00:00,23.283968,0.08,0.19319999,Rostov
2024-08-01 00:00:00+00:00,24.24355,0.060000002,0.19344166,Rostov
2024-08-02 00:00:00+00:00,25.201885,0.04,0.19411664,Rostov
2024-08-03 00:00:00+00:00,25.54605,0.0,0.19399998,Rostov
2024-08-04 00:00:00+00:00,27.450216,0.02,0.19170833,Rostov
2024-08-05 00:00:00+00:00,24.331884,5.7399993,0.1913,Rostov
2024-08-06 00:00:00+00:00,22.746883,5.3,0.19253334,Rostov
2024-08-07 00:00:00+00:00,23.291468,1.6600001,0.19974165,Rostov
2024-08-08 00:00:00+00:00,24.524384,0.04,0.20658334,Rostov
2024-08-09 00:00:00+00:00,24.236465,0.0,0.20778331,Rostov
2024-08-10 00:00:00+00:00,24.741882,0.0,0.2087417,Rostov
2024-08-11 00:00:00+00:00,26.4473,0.0,0.2074,Rostov
2024-08-12 00:00:00+00:00,22.815216,0.58000004,0.20436665,Rostov
2024-08-13 00:00:00+00:00,21.2423,0.0,0.2035083,Rostov
2024-08-14 00:00:00+00:00,20.818134,0.0,0.20264998,Rostov
2024-08-15 00:00:00+00:00,21.677301,0.02,0.20085001,Rostov
2024-08-16 00:00:00+00:00,21.720633,0.0,0.19885,Rostov
2024-08-17 00:00:00+00:00,21.868967,0.0,0.1971,Rostov
2024-08-18 00:00:00+00:00,23.807716,0.0,0.19415835,Rostov
2024-08-19 00:00:00+00:00,25.123966,0.0,0.19220832,Rostov
2024-08-20 00:00:00+00:00,26.631886,0.0,0.19055,Rostov
2024-08-21 00:00:00+00:00,27.862717,0.0,0.18910834,Rostov
2024-08-22 00:00:00+00:00,28.893133,0.02,0.18764165,Rostov
2024-08-23 00:00:00+00:00,28.611053,0.02,0.18639998,Rostov
2024-08-24 00:00:00+00:00,26.773968,0.02,0.18541667,Rostov
2024-08-25 00:00:00+00:00,25.319382,0.0,0.18446667,Rostov
2024-08-26 00:00:00+00:00,26.121048,0.0,0.18367499,Rostov
2024-08-27 00:00:00+00:00,27.0698,0.0,0.18301669,Rostov
2024-08-28 00:00:00+00:00,27.095633,0.0,0.18238333,Rostov
2024-08-29 00:00:00+00:00,25.871052,0.120000005,0.18176667,Rostov
2024-08-30 00:00:00+00:00,26.30105,0.0,0.18136664,Rostov
2024-08-31 00:00:00+00:00,27.303553,0.0,0.1808583,Rostov
2024-09-01 00:00:00+00:00,26.611887,0.08,0.18034163,Rostov
2024-09-02 00:00:00+00:00,26.568548,1.9399999,0.17990832,Rostov
2024-09-03 00:00:00+00:00,24.502718,1.1800001,0.17968334,Rostov
2024-09-04 00:00:00+00:00,24.581049,0.0,0.17970002,Rostov
2024-09-05 00:00:00+00:00,23.108967,0.0,0.17875837,Rostov
2024-09-06 00:00:00+00:00,20.388966,0.0,0.178575,Rostov
2024-09-07 00:00:00+00:00,19.364384,0.0,0.1783,Rostov
2024-09-08 00:00:00+00:00,20.472715,0.0,0.17784165,Rostov
2024-09-09 00:00:00+00:00,21.183132,0.82,0.177675,Rostov
2024-09-10 00:00:00+00:00,22.0373,4.2799997,0.17962499,Rostov
2024-09-11 00:00:00+00:00,24.145634,0.0,0.18202499,Rostov
2024-09-12 00:00:00+00:00,24.501883,0.26,0.18316667,Rostov
2024-09-13 00:00:00+00:00,23.567717,0.0,0.18299167,Rostov
2024-09-14 00:00:00+00:00,23.48355,0.0,0.18253335,Rostov
2024-09-15 00:00:00+00:00,22.3373,0.0,0.18226667,Rostov
2024-09-16 00:00:00+00:00,22.070217,0.0,0.18235001,Rostov
2024-09-17 00:00:00+00:00,21.4173,0.060000002,0.18262503,Rostov
2024-09-18 00:00:00+00:00,18.215218,0.0,0.18313335,Rostov
2024-09-19 00:00:00+00:00,16.420633,0.0,0.1836,Rostov
2024-09-20 00:00:00+00:00,17.1198,0.0,0.18371665,Rostov
2024-09-21 00:00:00+00:00,17.871464,0.0,0.18377498,Rostov
2024-09-22 00:00:00+00:00,18.9123,0.0,0.18393332,Rostov
2024-09-23 00:00:00+00:00,19.433966,0.02,0.18384999,Rostov
2024-09-24 00:00:00+00:00,17.618967,0.02,0.18414998,Rostov
2024-09-25 00:00:00+00:00,16.7848,0.0,0.18420835,Rostov
2024-09-26 00:00:00+00:00,18.387716,0.0,0.18382499,Rostov
2024-09-27 00:00:00+00:00,17.803967,0.0,0.18451667,Rostov
2024-09-28 00:00:00+00:00,17.926464,0.0,0.18436667,Rostov
2024-09-29 00:00:00+00:00,18.742716,0.0,0.18428333,Rostov
2024-09-30 00:00:00+00:00,20.104801,0.0,0.18403335,Rostov
2024-10-01 00:00:00+00:00,18.531467,0.0,0.18355834,Rostov
2024-10-02 00:00:00+00:00,16.59605,0.0,0.18308333,Rostov
2024-10-03 00:00:00+00:00,16.123966,0.0,0.18259999,Rostov
2024-10-04 00:00:00+00:00,16.879383,0.0,0.18214168,Rostov
2024-10-05 00:00:00+00:00,17.594799,0.0,0.18178333,Rostov
2024-10-06 00:00:00+00:00,19.0023,0.0,0.18135002,Rostov
2024-10-07 00:00:00+00:00,19.45855,0.08,0.18108337,Rostov
2024-10-08 00:00:00+00:00,16.815634,0.16,0.18136668,Rostov
2024-10-09 00:00:00+00:00,15.0548,0.0,0.18215835,Rostov
2024-10-10 00:00:00+00:00,13.6123,0.0,0.18365833,Rostov
2024-10-11 00:00:00+00:00,14.46105,0.04,0.18374167,Rostov
2024-10-12 00:00:00+00:00,11.132299,0.0,0.18360834,Rostov
2024-10-13 00:00:00+00:00,9.461884,1.3800001,0.18398336,Rostov
2024-10-14 00:00:00+00:00,9.0973,0.56000006,0.18449168,Rostov
2024-10-15 00:00:00+00:00,10.723967,2.8999999,0.18549167,Rostov
2024-10-16 00:00:00+00:00,10.458966,0.56000006,0.18689165,Rostov
2024-10-17 00:00:00+00:00,8.935217,3.02,0.18915,Rostov
2024-10-18 00:00:00+00:00,6.5023003,1.7199999,0.19442502,Rostov
2024-10-19 00:00:00+00:00,6.1127167,0.44000006,0.20132498,Rostov
2024-10-20 00:00:00+00:00,5.8343835,1.5200001,0.21330002,Rostov
2024-10-21 00:00:00+00:00,7.4656324,0.32000002,0.22525835,Rostov
2024-10-22 00:00:00+00:00,7.9068823,0.0,0.23523334,Rostov
2024-10-23 00:00:00+00:00,10.5398,0.0,0.2351,Rostov
2024-10-24 00:00:00+00:00,9.758966,0.0,0.23547502,Rostov
2024-10-25 00:00:00+00:00,7.6881332,2.3600001,0.23611665,Rostov
2024-10-26 00:00:00+00:00,5.5418835,0.1,0.23878331,Rostov
2024-10-27 00:00:00+00:00,5.2998,0.0,0.24351668,Rostov
2024-10-28 00:00:00+00:00,7.6022997,0.56000006,0.24509999,Rostov
2024-10-29 00:00:00+00:00,9.57855,0.87999994,0.2475417,Rostov
2024-10-30 00:00:00+00:00,7.5839667,0.0,0.24958336,Rostov
2024-10-31 00:00:00+00:00,9.4298,3.14,0.25030833,Rostov
2024-11-01 00:00:00+00:00,9.956467,0.18,0.252275,Rostov
2024-11-02 00:00:00+00:00,11.7773,4.48,0.2538833,Rostov
2024-11-03 00:00:00+00:00,3.3031335,0.62,0.26367497,Rostov
2024-11-04 00:00:00+00:00,2.8914666,4.9,0.27182502,Rostov
2024-11-05 00:00:00+00:00,0.56813335,0.64,0.28131664,Rostov
2024-11-06 00:00:00+00:00,3.0202165,1.44,0.28450832,Rostov
2024-11-07 00:00:00+00:00,7.0647993,0.2,0.2864917,Rostov
2024-11-08 00:00:00+00:00,6.608133,0.3,0.28819162,Rostov
2024-11-09 00:00:00+00:00,5.7368836,0.0,0.289625,Rostov
2024-11-10 00:00:00+00:00,4.51355,0.0,0.29081666,Rostov
2024-11-11 00:00:00+00:00,4.1927166,0.0,0.29245836,Rostov
2024-11-12 00:00:00+00:00,3.9398003,0.02,0.30994165,Rostov
2024-11-13 00:00:00+00:00,3.4377167,0.0,0.33537504,Rostov
2024-11-14 00:00:00+00:00,3.6927161,0.36,0.33719167,Rostov
2024-11-15 00:00:00+00:00,4.3889666,1.04,0.33655834,Rostov
2024-11-16 00:00:00+00:00,2.5027168,0.30000004,0.3382167,Rostov
2024-11-17 00:00:00+00:00,1.6302166,0.0,0.33787498,Rostov
2024-11-18 00:00:00+00:00,1.8764668,0.08,0.33559164,Rostov
2024-11-19 00:00:00+00:00,3.5873,0.26000002,0.33458334,Rostov
2024-11-20 00:00:00+00:00,3.7552166,0.0,0.33449164,Rostov
2024-11-21 00:00:00+00:00,8.75355,2.94,0.33536667,Rostov
2024-11-22 00:00:00+00:00,5.3323,2.1399999,0.34276667,Rostov
2024-11-23 00:00:00+00:00,9.351466,1.96,0.34659165,Rostov
2024-11-24 00:00:00+00:00,4.4998,7.0199995,0.3612,Rostov
2024-11-25 00:00:00+00:00,2.1902165,2.42,0.3736084,Rostov
2024-11-26 00:00:00+00:00,1.4585501,1.4200001,0.37075,Rostov
2024-11-27 00:00:00+00:00,1.5527166,2.98,0.36575836,Rostov
2024-11-28 00:00:00+00:00,1.2227166,0.32,0.36952496,Rostov
2024-11-29 00:00:00+00:00,0.17563336,0.0,0.37164998,Rostov
2024-11-30 00:00:00+00:00,-0.81186664,0.0,0.37191668,Rostov
2024-12-01 00:00:00+00:00,-0.9039499,0.0,0.37347502,Rostov
2024-12-02 00:00:00+00:00,-0.90269995,0.0,0.37375838,Rostov
2024-12-03 00:00:00+00:00,0.46479997,0.02,0.372375,Rostov
2024-12-04 00:00:00+00:00,-0.0014500141,0.6600001,0.36774993,Rostov
2024-12-05 00:00:00+00:00,-0.47353345,0.58000004,0.36228332,Rostov
2024-12-06 00:00:00+00:00,-0.84311676,1.3800001,0.35905832,Rostov
2024-12-07 00:00:00+00:00,-1.3302001,0.16,0.35645002,Rostov
2024-12-08 00:00:00+00:00,0.27688324,0.58000004,0.35309994,Rostov
2024-12-09 00:00:00+00:00,0.87938344,0.060000002,0.34891668,Rostov
2024-12-10 00:00:00+00:00,1.85105,2.56,0.3466166,Rostov
2024-12-11 00:00:00+00:00,2.2814667,4.56,0.35052496,Rostov
2024-12-12 00:00:00+00:00,1.5239666,3.92,0.35770833,Rostov
2024-12-13 00:00:00+00:00,-3.4081168,2.6999998,0.3647167,Rostov
2024-12-14 00:00:00+00:00,-5.5931168,0.0,0.36579996,Rostov
2024-12-15 00:00:00+00:00,-2.026867,3.06,0.36456668,Rostov
2024-12-16 00:00:00+00:00,0.9227166,4.7599998,0.366425,Rostov
2024-12-17 00:00:00+00:00,3.3322997,6.18,0.379225,Rostov
2024-12-18 00:00:00+00:00,1.1527166,1.3000001,0.40368336,Rostov
2024-12-19 00:00:00+00:00,-2.56395,0.14000002,0.40084165,Rostov
2024-12-20 00:00:00+00:00,1.2993834,0.0,0.39645833,Rostov
2024-12-21 00:00:00+00:00,1.2014666,0.16,0.3931583,Rostov
2024-12-22 00:00:00+00:00,2.0364666,1.4200001,0.39264995,Rostov
2024-12-23 00:00:00+00:00,3.3293831,2.34,0.39671665,Rostov
2024-12-24 00:00:00+00:00,2.4939666,0.2,0.40077502,Rostov
2024-12-25 00:00:00+00:00,2.2981334,0.02,0.39850837,Rostov
2024-12-26 00:00:00+00:00,1.2785499,1.08,0.39580002,Rostov
2024-12-27 00:00:00+00:00,-1.1685336,0.04,0.3936,Rostov
2024-12-28 00:00:00+00:00,-2.2285333,0.22,0.39060828,Rostov
2024-12-29 00:00:00+00:00,-1.9206165,0.0,0.38609165,Rostov
2024-12-30 00:00:00+00:00,-2.1485333,0.0,0.382675,Rostov
2024-12-31 00:00:00+00:00,0.75605,0.060000002,0.37957495,Rostov
2024-01-01 00:00:00+00:00,0.92520833,3.3000002,0.39409375,Belgorod
2024-01-02 00:00:00+00:00,1.9814581,4.5249996,0.40165624,Belgorod
2024-01-03 00:00:00+00:00,-10.6675,0.55,0.40068752,Belgorod
2024-01-04 00:00:00+00:00,-9.295104,6.6249995,0.39432293,Belgorod
2024-01-05 00:00:00+00:00,-7.421667,2.5749998,0.38846877,Belgorod
2024-01-06 00:00:00+00:00,-6.8555207,5.6,0.3834583,Belgorod
2024-01-07 00:00:00+00:00,-12.83573,0.275,0.3792917,Belgorod
2024-01-08 00:00:00+00:00,-17.989895,0.0,0.37577084,Belgorod
2024-01-09 00:00:00+00:00,-13.717501,0.05,0.3727292,Belgorod
2024-01-10 00:00:00+00:00,-5.5357294,1.1750001,0.37006247,Belgorod
2024-01-11 00:00:00+00:00,-3.1258333,4.4249997,0.36789584,Belgorod
2024-01-12 00:00:00+00:00,-13.590417,0.05,0.3659167,Belgorod
2024-01-13 00:00:00+00:00,-18.669582,0.0,0.3642499,Belgorod
2024-01-14 00:00:00+00:00,-9.708646,1.525,0.36257288,Belgorod
2024-01-15 00:00:00+00:00,-3.9654164,0.95,0.36114585,Belgorod
2024-01-16 00:00:00+00:00,-1.2680209,8.925,0.3624688,Belgorod
2024-01-17 00:00:00+00:00,-11.349271,0.025,0.3659479,Belgorod
2024-01-18 00:00:00+00:00,-5.0648966,5.425,0.36646873,Belgorod
2024-01-19 00:00:00+00:00,1.864271,16.05,0.42645833,Belgorod
2024-01-20 00:00:00+00:00,-4.1560416,4.75,0.4204375,Belgorod
2024-01-21 00:00:00+00:00,-8.0008335,0.125,0.40845835,Belgorod
2024-01-22 00:00:00+00:00,-9.508125,0.0,0.40046874,Belgorod
2024-01-23 00:00:00+00:00,-7.447188,0.0,0.39369792,Belgorod
2024-01-24 00:00:00+00:00,-4.4102087,0.6,0.38792706,Belgorod
2024-01-25 00:00:00+00:00,-2.1971874,2.4,0.3830729,Belgorod
2024-01-26 00:00:00+00:00,-0.47010416,2.025,0.3793021,Belgorod
2024-01-27 00:00:00+00:00,-0.10447919,1.3,0.37687495,Belgorod
2024-01-28 00:00:00+00:00,-1.0164584,0.70000005,0.37528127,Belgorod
2024-01-29 00:00:00+00:00,-3.0440626,0.075,0.37325,Belgorod
2024-01-30 00:00:00+00:00,-2.5367708,0.0,0.37108338,Belgorod
2024-01-31 00:00:00+00:00,-1.9076041,0.0,0.36898962,Belgorod
2024-02-01 00:00:00+00:00,0.20385419,0.57500005,0.36795834,Belgorod
2024-02-02 00:00:00+00:00,-0.70395833,0.8,0.3750729,Belgorod
2024-02-03 00:00:00+00:00,-0.77843744,3.0749998,0.37637505,Belgorod
2024-02-04 00:00:00+00:00,1.6075001,0.675,0.38291672,Belgorod
2024-02-05 00:00:00+00:00,-0.25031248,3.025,0.38939583,Belgorod
2024-02-06 00:00:00+00:00,-2.7201042,0.05,0.3873333,Belgorod
2024-02-07 00:00:00+00:00,1.8330208,3.7499998,0.39086455,Belgorod
2024-02-08 00:00:00+00:00,-2.711771,0.47500002,0.4029792,Belgorod
2024-02-09 00:00:00+00:00,-5.7883334,1.4,0.3977083,Belgorod
2024-02-10 00:00:00+00:00,-3.2872915,3.35,0.3927917,Belgorod
2024-02-11 00:00:00+00:00,-1.3352084,2.625,0.38860416,Belgorod
2024-02-12 00:00:00+00:00,3.5767708,3.375,0.40126044,Belgorod
2024-02-13 00:00:00+00:00,4.8658333,4.1000004,0.4243229,Belgorod
2024-02-14 00:00:00+00:00,2.7111456,1.0,0.42143747,Belgorod
2024-02-15 00:00:00+00:00,-0.9857292,0.27500004,0.4125833,Belgorod
2024-02-16 00:00:00+00:00,-4.3794794,1.8499999,0.40403128,Belgorod
2024-02-17 00:00:00+00:00,-4.305521,0.0,0.39722916,Belgorod
2024-02-18 00:00:00+00:00,-1.8779166,2.2749999,0.39158335,Belgorod
2024-02-19 00:00:00+00:00,-3.924271,0.025,0.38677087,Belgorod
2024-02-20 00:00:00+00:00,-4.4003124,0.025,0.38264582,Belgorod
2024-02-21 00:00:00+00:00,-2.9935417,2.95,0.37901035,Belgorod
2024-02-22 00:00:00+00:00,-1.674792,5.125,0.37585416,Belgorod
2024-02-23 00:00:00+00:00,-0.8581251,0.35,0.37388545,Belgorod
2024-02-24 00:00:00+00:00,-0.44562492,0.0,0.37333333,Belgorod
2024-02-25 00:00:00+00:00,-2.5826042,0.0,0.37342706,Belgorod
2024-02-26 00:00:00+00:00,-2.7982292,0.0,0.37145835,Belgorod
2024-02-27 00:00:00+00:00,-2.2925,0.0,0.36932284,Belgorod
2024-02-28 00:00:00+00:00,-1.8721877,0.0,0.36719793,Belgorod
2024-02-29 00:00:00+00:00,-0.5133332,0.0,0.3652395,Belgorod
2024-03-01 00:00:00+00:00,-0.30291668,0.0,0.36382294,Belgorod
2024-03-02 00:00:00+00:00,0.61479163,0.0,0.363375,Belgorod
2024-03-03 00:00:00+00:00,0.21374995,0.0,0.3632083,Belgorod
2024-03-04 00:00:00+00:00,-0.7107292,0.0,0.3614688,Belgorod
2024-03-05 00:00:00+00:00,-0.48625004,0.0,0.36040625,Belgorod
2024-03-06 00:00:00+00:00,-2.4034376,0.025,0.35972917,Belgorod
2024-03-07 00:00:00+00:00,-3.045104,0.0,0.35846877,Belgorod
2024-03-08 00:00:00+00:00,-1.3185415,0.0,0.35698962,Belgorod
2024-03-09 00:00:00+00:00,-1.8471875,0.025,0.3555729,Belgorod
2024-03-10 00:00:00+00:00,-2.5654166,0.90000004,0.35405207,Belgorod
2024-03-11 00:00:00+00:00,-4.618021,0.0,0.3527604,Belgorod
2024-03-12 00:00:00+00:00,-2.4372916,0.0,0.35163546,Belgorod
2024-03-13 00:00:00+00:00,0.10072908,0.0,0.35035416,Belgorod
2024-03-14 00:00:00+00:00,1.0439583,0.1,0.34903127,Belgorod
2024-03-15 00:00:00+00:00,2.2976043,0.0,0.34805208,Belgorod
2024-03-16 00:00:00+00:00,2.2012503,0.05,0.34753126,Belgorod
2024-03-17 00:00:00+00:00,3.5226042,0.25,0.34718746,Belgorod
2024-03-18 00:00:00+00:00,4.7434373,1.5,0.34729165,Belgorod
2024-03-19 00:00:00+00:00,4.415313,3.375,0.34973958,Belgorod
2024-03-20 00:00:00+00:00,3.295,0.0,0.35441664,Belgorod
2024-03-21 00:00:00+00:00,0.7897918,0.0,0.35616663,Belgorod
2024-03-22 00:00:00+00:00,1.6694791,0.0,0.35410416,Belgorod
2024-03-23 00:00:00+00:00,3.6835413,0.325,0.35191667,Belgorod
2024-03-24 00:00:00+00:00,6.8809376,0.90000004,0.34837496,Belgorod
2024-03-25 00:00:00+00:00,5.9918747,0.15,0.34251037,Belgorod
2024-03-26 00:00:00+00:00,7.1361456,0.375,0.33634377,Belgorod
2024-03-27 00:00:00+00:00,4.2127085,0.0,0.33250004,Belgorod
2024-03-28 00:00:00+00:00,7.7038536,0.375,0.33032295,Belgorod
2024-03-29 00:00:00+00:00,11.048645,2.3500001,0.32857293,Belgorod
2024-03-30 00:00:00+00:00,10.210104,0.075,0.32576045,Belgorod
2024-03-31 00:00:00+00:00,13.229375,0.0,0.31409377,Belgorod
2024-04-01 00:00:00+00:00,14.679895,0.0,0.30364585,Belgorod
2024-04-02 00:00:00+00:00,16.247604,0.0,0.29014584,Belgorod
2024-04-03 00:00:00+00:00,12.617396,0.175,0.28561458,Belgorod
2024-04-04 00:00:00+00:00,9.263228,0.425,0.27975002,Belgorod
2024-04-05 00:00:00+00:00,4.9809375,0.0,0.27731255,Belgorod
2024-04-06 00:00:00+00:00,7.215312,0.15,0.27646872,Belgorod
2024-04-07 00:00:00+00:00,12.353334,0.0,0.2700625,Belgorod
2024-04-08 00:00:00+00:00,14.015833,0.0,0.26350003,Belgorod
2024-04-09 00:00:00+00:00,15.121563,0.0,0.25292712,Belgorod
2024-04-10 00:00:00+00:00,17.536146,0.0,0.24070837,Belgorod
2024-04-11 00:00:00+00:00,19.022083,0.0,0.23023963,Belgorod
2024-04-12 00:00:00+00:00,15.578333,0.0,0.22219789,Belgorod
2024-04-13 00:00:00+00:00,13.571563,0.2,0.21752083,Belgorod
2024-04-14 00:00:00+00:00,14.208542,0.82500005,0.21313542,Belgorod
2024-04-15 00:00:00+00:00,12.989271,2.45,0.21116665,Belgorod
2024-04-16 00:00:00+00:00,11.2960415,4.0750003,0.21441667,Belgorod
2024-04-17 00:00:00+00:00,16.09396,2.125,0.21749999,Belgorod
2024-04-18 00:00:00+00:00,16.418436,4.6,0.21862498,Belgorod
2024-04-19 00:00:00+00:00,10.373123,1.25,0.21782291,Belgorod
2024-04-20 00:00:00+00:00,11.7804165,3.5,0.2173125,Belgorod
2024-04-21 00:00:00+00:00,15.57677,4.6749997,0.2200312,Belgorod
2024-04-22 00:00:00+00:00,10.3741665,0.5500001,0.22516668,Belgorod
2024-04-23 00:00:00+00:00,9.747084,1.475,0.22746874,Belgorod
2024-04-24 00:00:00+00:00,10.730417,2.925,0.2313125,Belgorod
2024-04-25 00:00:00+00:00,18.211145,0.425,0.23411456,Belgorod
2024-04-26 00:00:00+00:00,17.635103,2.125,0.23424998,Belgorod
2024-04-27 00:00:00+00:00,16.384583,1.175,0.23593754,Belgorod
2024-04-28 00:00:00+00:00,14.646562,1.6499999,0.23525003,Belgorod
2024-04-29 00:00:00+00:00,14.131458,2.175,0.23557289,Belgorod
2024-04-30 00:00:00+00:00,14.087188,0.0,0.23313537,Belgorod
2024-05-01 00:00:00+00:00,15.90802,0.0,0.22477084,Belgorod
2024-05-02 00:00:00+00:00,15.30698,2.9750001,0.2158125,Belgorod
2024-05-03 00:00:00+00:00,10.42,0.0,0.21159378,Belgorod
2024-05-04 00:00:00+00:00,7.7246876,0.0,0.20968749,Belgorod
2024-05-05 00:00:00+00:00,13.431458,0.25,0.20632291,Belgorod
2024-05-06 00:00:00+00:00,16.25698,0.275,0.20183334,Belgorod
2024-05-07 00:00:00+00:00,16.00021,3.4750004,0.19762503,Belgorod
2024-05-08 00:00:00+00:00,8.416353,0.0,0.19706252,Belgorod
2024-05-09 00:00:00+00:00,5.916875,0.0,0.19830208,Belgorod
2024-05-10 00:00:00+00:00,9.87573,0.1,0.19528124,Belgorod
2024-05-11 00:00:00+00:00,11.86948,2.1499999,0.19104168,Belgorod
2024-05-12 00:00:00+00:00,8.023125,0.075,0.19060418,Belgorod
2024-05-13 00:00:00+00:00,7.464271,0.4,0.19155209,Belgorod
2024-05-14 00:00:00+00:00,8.711145,0.0,0.19296876,Belgorod
2024-05-15 00:00:00+00:00,10.475208,0.0,0.19190626,Belgorod
2024-05-16 00:00:00+00:00,11.135626,0.0,0.18926041,Belgorod
2024-05-17 00:00:00+00:00,11.412708,0.82500005,0.1859271,Belgorod
2024-05-18 00:00:00+00:00,15.002292,0.3,0.18328124,Belgorod
2024-05-19 00:00:00+00:00,16.168438,0.125,0.1772292,Belgorod
2024-05-20 00:00:00+00:00,18.209583,0.025,0.176,Belgorod
2024-05-21 00:00:00+00:00,18.892397,1.9499998,0.17391668,Belgorod
2024-05-22 00:00:00+00:00,19.024166,3.875,0.16902083,Belgorod
2024-05-23 00:00:00+00:00,19.022602,2.475,0.16537501,Belgorod
2024-05-24 00:00:00+00:00,17.062708,0.0,0.16471875,Belgorod
2024-05-25 00:00:00+00:00,16.422606,0.0,0.16704166,Belgorod
2024-05-26 00:00:00+00:00,17.986145,0.0,0.16470833,Belgorod
2024-05-27 00:00:00+00:00,21.187708,0.0,0.16639581,Belgorod
2024-05-28 00:00:00+00:00,21.113749,0.0,0.16814584,Belgorod
2024-05-29 00:00:00+00:00,21.395521,0.0,0.17072919,Belgorod
2024-05-30 00:00:00+00:00,22.027813,0.0,0.17078125,Belgorod
2024-05-31 00:00:00+00:00,20.225729,7.3499994,0.16980208,Belgorod
2024-06-01 00:00:00+00:00,21.452293,0.375,0.16688542,Belgorod
2024-06-02 00:00:00+00:00,24.20073,0.0,0.16713542,Belgorod
2024-06-03 00:00:00+00:00,23.131458,0.65000004,0.16412497,Belgorod
2024-06-04 00:00:00+00:00,23.509584,0.0,0.16460417,Belgorod
2024-06-05 00:00:00+00:00,22.299164,6.8500004,0.16931249,Belgorod
2024-06-06 00:00:00+00:00,21.60698,4.1250005,0.17036459,Belgorod
2024-06-07 00:00:00+00:00,21.181978,0.57500005,0.17098957,Belgorod
2024-06-08 00:00:00+00:00,21.08302,1.9999999,0.17154169,Belgorod
2024-06-09 00:00:00+00:00,21.57573,0.17500001,0.17095834,Belgorod
2024-06-10 00:00:00+00:00,24.227814,0.0,0.17281248,Belgorod
2024-06-11 00:00:00+00:00,25.441353,0.975,0.17003125,Belgorod
2024-06-12 00:00:00+00:00,24.383018,8.525,0.17000002,Belgorod
2024-06-13 00:00:00+00:00,19.834583,0.62500006,0.17441666,Belgorod
2024-06-14 00:00:00+00:00,20.739271,0.0,0.18130209,Belgorod
2024-06-15 00:00:00+00:00,21.90802,6.05,0.18596874,Belgorod
2024-06-16 00:00:00+00:00,21.228333,14.975,0.21412499,Belgorod
2024-06-17 00:00:00+00:00,20.43198,4.875,0.24220833,Belgorod
2024-06-18 00:00:00+00:00,21.372082,2.5249999,0.24896878,Belgorod
2024-06-19 00:00:00+00:00,22.974686,0.25,0.24510421,Belgorod
2024-06-20 00:00:00+00:00,20.508541,8.075,0.23845834,Belgorod
2024-06-21 00:00:00+00:00,18.70177,0.5,0.23686457,Belgorod
2024-06-22 00:00:00+00:00,20.031979,0.0,0.23232295,Belgorod
2024-06-23 00:00:00+00:00,21.293959,13.975,0.22672915,Belgorod
2024-06-24 00:00:00+00:00,19.793438,6.675,0.23779167,Belgorod
2024-06-25 00:00:00+00:00,17.435625,5.775,0.24664581,Belgorod
2024-06-26 00:00:00+00:00,17.615313,2.275,0.25047913,Belgorod
2024-06-27 00:00:00+00:00,18.822603,0.22500001,0.24981248,Belgorod
2024-06-28 00:00:00+00:00,20.750208,0.0,0.24393752,Belgorod
2024-06-29 00:00:00+00:00,22.027292,0.0,0.23501045,Belgorod
2024-06-30 00:00:00+00:00,24.418959,0.0,0.22408335,Belgorod
2024-07-01 00:00:00+00:00,25.040312,0.225,0.21455209,Belgorod
2024-07-02 00:00:00+00:00,25.744999,0.075,0.20531249,Belgorod
2024-07-03 00:00:00+00:00,27.33667,0.0,0.20036457,Belgorod
2024-07-04 00:00:00+00:00,27.296041,0.3,0.19734377,Belgorod
2024-07-05 00:00:00+00:00,26.20698,0.4,0.19247916,Belgorod
2024-07-06 00:00:00+00:00,22.219479,0.0,0.1897396,Belgorod
2024-07-07 00:00:00+00:00,22.839272,0.0,0.1881875,Belgorod
2024-07-08 00:00:00+00:00,25.897602,0.2,0.1868125,Belgorod
2024-07-09 00:00:00+00:00,26.202291,0.975,0.18484375,Belgorod
2024-07-10 00:00:00+00:00,26.34552,0.59999996,0.18321873,Belgorod
2024-07-11 00:00:00+00:00,26.336147,0.35000002,0.18430209,Belgorod
2024-07-12 00:00:00+00:00,24.314793,0.0,0.1844271,Belgorod
2024-07-13 00:00:00+00:00,24.760105,0.0,0.18772918,Belgorod
2024-07-14 00:00:00+00:00,27.056458,0.275,0.18553126,Belgorod
2024-07-15 00:00:00+00:00,27.766874,1.2,0.18196876,Belgorod
2024-07-16 00:00:00+00:00,27.779375,0.15,0.17959374,Belgorod
2024-07-17 00:00:00+00:00,28.199686,0.0,0.17741667,Belgorod
2024-07-18 00:00:00+00:00,28.423122,0.1,0.17625,Belgorod
2024-07-19 00:00:00+00:00,25.036144,0.075,0.17423958,Belgorod
2024-07-20 00:00:00+00:00,23.447083,0.0,0.17211461,Belgorod
2024-07-21 00:00:00+00:00,23.518957,0.1,0.17045832,Belgorod
2024-07-22 00:00:00+00:00,22.802292,0.925,0.16868752,Belgorod
2024-07-23 00:00:00+00:00,21.096043,8.625,0.16795835,Belgorod
2024-07-24 00:00:00+00:00,19.80698,0.0,0.167375,Belgorod
2024-07-25 00:00:00+00:00,21.63979,0.275,0.16666666,Belgorod
2024-07-26 00:00:00+00:00,22.110104,0.0,0.16584374,Belgorod
2024-07-27 00:00:00+00:00,22.213749,0.0,0.16460416,Belgorod
2024-07-28 00:00:00+00:00,23.848646,0.32500002,0.16352084,Belgorod
2024-07-29 00:00:00+00:00,22.418438,1.7,0.16276044,Belgorod
2024-07-30 00:00:00+00:00,18.128853,6.7749996,0.16301042,Belgorod
2024-07-31 00:00:00+00:00,19.603855,0.525,0.165625,Belgorod
2024-08-01 00:00:00+00:00,20.16948,0.0,0.16832292,Belgorod
2024-08-02 00:00:00+00:00,20.079897,0.17500001,0.17,Belgorod
2024-08-03 00:00:00+00:00,21.600729,0.0,0.16968751,Belgorod
2024-08-04 00:00:00+00:00,19.485104,10.675,0.17204167,Belgorod
2024-08-05 00:00:00+00:00,19.885103,0.22500001,0.18186459,Belgorod
2024-08-06 00:00:00+00:00,21.066355,0.175,0.18559375,Belgorod
2024-08-07 00:00:00+00:00,21.336145,0.575,0.1834271,Belgorod
2024-08-08 00:00:00+00:00,19.896042,1.375,0.1811875,Belgorod
2024-08-09 00:00:00+00:00,20.57,0.2,0.1795521,Belgorod
2024-08-10 00:00:00+00:00,21.575207,0.17500001,0.17654169,Belgorod
2024-08-11 00:00:00+00:00,21.069477,0.2,0.17483333,Belgorod
2024-08-12 00:00:00+00:00,17.761667,0.675,0.17715625,Belgorod
2024-08-13 00:00:00+00:00,16.710625,2.375,0.18069792,Belgorod
2024-08-14 00:00:00+00:00,18.141354,0.32500002,0.18572915,Belgorod
2024-08-15 00:00:00+00:00,19.12625,0.15,0.18577084,Belgorod
2024-08-16 00:00:00+00:00,19.26427,0.0,0.18371877,Belgorod
2024-08-17 00:00:00+00:00,20.734062,0.0,0.18155211,Belgorod
2024-08-18 00:00:00+00:00,22.82573,0.0,0.18320832,Belgorod
2024-08-19 00:00:00+00:00,24.409063,0.0,0.18342708,Belgorod
2024-08-20 00:00:00+00:00,25.65177,0.0,0.18203126,Belgorod
2024-08-21 00:00:00+00:00,26.547083,0.0,0.17818747,Belgorod
2024-08-22 00:00:00+00:00,26.866352,0.0,0.17456248,Belgorod
2024-08-23 00:00:00+00:00,25.125729,0.22500001,0.17464584,Belgorod
2024-08-24 00:00:00+00:00,25.216354,0.0,0.17419793,Belgorod
2024-08-25 00:00:00+00:00,25.709583,0.0,0.1738854,Belgorod
2024-08-26 00:00:00+00:00,25.161144,0.0,0.17346875,Belgorod
2024-08-27 00:00:00+00:00,24.487188,0.0,0.17459375,Belgorod
2024-08-28 00:00:00+00:00,24.561666,0.0,0.17660414,Belgorod
2024-08-29 00:00:00+00:00,24.190311,0.0,0.17727083,Belgorod
2024-08-30 00:00:00+00:00,24.23823,0.0,0.17565629,Belgorod
2024-08-31 00:00:00+00:00,25.139269,0.0,0.17498957,Belgorod
2024-09-01 00:00:00+00:00,23.684582,0.0,0.17283335,Belgorod
2024-09-02 00:00:00+00:00,24.054895,0.025,0.17091668,Belgorod
2024-09-03 00:00:00+00:00,22.067398,0.1,0.1695833,Belgorod
2024-09-04 00:00:00+00:00,22.338228,0.0,0.16830209,Belgorod
2024-09-05 00:00:00+00:00,20.128853,0.0,0.1669271,Belgorod
2024-09-06 00:00:00+00:00,18.2825,0.0,0.16572918,Belgorod
2024-09-07 00:00:00+00:00,18.206459,0.0,0.16472921,Belgorod
2024-09-08 00:00:00+00:00,19.175209,0.0,0.16382289,Belgorod
2024-09-09 00:00:00+00:00,19.962187,0.625,0.16293748,Belgorod
2024-09-10 00:00:00+00:00,20.716354,0.0,0.16228123,Belgorod
2024-09-11 00:00:00+00:00,22.117916,0.35,0.16178122,Belgorod
2024-09-12 00:00:00+00:00,24.032497,0.075,0.16112499,Belgorod
2024-09-13 00:00:00+00:00,22.97104,0.0,0.16053122,Belgorod
2024-09-14 00:00:00+00:00,22.38302,0.0,0.16001041,Belgorod
2024-09-15 00:00:00+00:00,21.675209,0.0,0.15944791,Belgorod
2024-09-16 00:00:00+00:00,21.191875,0.0,0.15897916,Belgorod
2024-09-17 00:00:00+00:00,20.712708,0.0,0.15845832,Belgorod
2024-09-18 00:00:00+00:00,17.546043,0.0,0.15810415,Belgorod
2024-09-19 00:00:00+00:00,15.950729,0.0,0.15777084,Belgorod
2024-09-20 00:00:00+00:00,16.584063,0.0,0.15764584,Belgorod
2024-09-21 00:00:00+00:00,16.599688,0.0,0.1574271,Belgorod
2024-09-22 00:00:00+00:00,17.376251,0.0,0.15709373,Belgorod
2024-09-23 00:00:00+00:00,15.7908325,0.0,0.15675,Belgorod
2024-09-24 00:00:00+00:00,15.779896,0.0,0.15671873,Belgorod
2024-09-25 00:00:00+00:00,15.201772,0.0,0.15626043,Belgorod
2024-09-26 00:00:00+00:00,17.195,0.0,0.15600002,Belgorod
2024-09-27 00:00:00+00:00,18.127811,0.025,0.15586461,Belgorod
2024-09-28 00:00:00+00:00,19.760626,0.0,0.15565628,Belgorod
2024-09-29 00:00:00+00:00,18.188751,0.0,0.15555212,Belgorod
2024-09-30 00:00:00+00:00,18.420523,0.0,0.15539585,Belgorod
2024-10-01 00:00:00+00:00,18.338749,0.0,0.15513542,Belgorod
2024-10-02 00:00:00+00:00,16.66948,0.0,0.15486456,Belgorod
2024-10-03 00:00:00+00:00,15.602291,0.0,0.15463537,Belgorod
2024-10-04 00:00:00+00:00,16.16427,0.0,0.15449995,Belgorod
2024-10-05 00:00:00+00:00,17.463228,2.3,0.15435413,Belgorod
2024-10-06 00:00:00+00:00,19.273645,0.675,0.15424997,Belgorod
2024-10-07 00:00:00+00:00,17.84604,2.45,0.15424997,Belgorod
2024-10-08 00:00:00+00:00,11.0824995,5.3999996,0.1551979,Belgorod
2024-10-09 00:00:00+00:00,11.840313,0.0,0.16004167,Belgorod
2024-10-10 00:00:00+00:00,11.856459,0.0,0.16632292,Belgorod
2024-10-11 00:00:00+00:00,14.099689,0.0,0.17220835,Belgorod
2024-10-12 00:00:00+00:00,11.444479,0.0,0.17502083,Belgorod
2024-10-13 00:00:00+00:00,7.5986457,2.7000003,0.1776354,Belgorod
2024-10-14 00:00:00+00:00,6.202812,7.3999996,0.18258335,Belgorod
2024-10-15 00:00:00+00:00,8.54552,0.45000005,0.19370833,Belgorod
2024-10-16 00:00:00+00:00,7.749687,0.125,0.20269789,Belgorod
2024-10-17 00:00:00+00:00,6.252291,0.17500001,0.20859374,Belgorod
2024-10-18 00:00:00+00:00,5.363229,3.0249999,0.21188542,Belgorod
2024-10-19 00:00:00+00:00,5.1528125,1.7500001,0.2179271,Belgorod
2024-10-20 00:00:00+00:00,6.4293747,0.15,0.22540626,Belgorod
2024-10-21 00:00:00+00:00,7.6741667,0.0,0.22843753,Belgorod
2024-10-22 00:00:00+00:00,8.831458,0.0,0.22834376,Belgorod
2024-10-23 00:00:00+00:00,10.535104,0.0,0.2267188,Belgorod
2024-10-24 00:00:00+00:00,7.892396,0.025,0.22695836,Belgorod
2024-10-25 00:00:00+00:00,7.5215616,0.875,0.22670837,Belgorod
2024-10-26 00:00:00+00:00,4.384063,0.0,0.22806248,Belgorod
2024-10-27 00:00:00+00:00,6.8007293,0.075,0.22845832,Belgorod
2024-10-28 00:00:00+00:00,7.340833,0.275,0.22863543,Belgorod
2024-10-29 00:00:00+00:00,7.0491667,0.0,0.22737505,Belgorod
2024-10-30 00:00:00+00:00,5.837708,0.0,0.2255729,Belgorod
2024-10-31 00:00:00+00:00,7.385104,3.975,0.22575,Belgorod
2024-11-01 00:00:00+00:00,8.194479,1.2250001,0.22809374,Belgorod
2024-11-02 00:00:00+00:00,6.7694793,1.9250001,0.22944796,Belgorod
2024-11-03 00:00:00+00:00,1.8116666,0.37500003,0.23197913,Belgorod
2024-11-04 00:00:00+00:00,0.8653125,11.6,0.23608334,Belgorod
2024-11-05 00:00:00+00:00,-0.77010417,0.22500001,0.24032292,Belgorod
2024-11-06 00:00:00+00:00,3.6033335,2.225,0.24535418,Belgorod
2024-11-07 00:00:00+00:00,6.6809373,0.325,0.2568229,Belgorod
2024-11-08 00:00:00+00:00,5.7012496,0.32500002,0.26552084,Belgorod
2024-11-09 00:00:00+00:00,3.998125,0.0,0.27181247,Belgorod
2024-11-10 00:00:00+00:00,2.82,0.05,0.27494788,Belgorod
2024-11-11 00:00:00+00:00,3.3814583,0.0,0.27742708,Belgorod
2024-11-12 00:00:00+00:00,1.9528123,0.0,0.30286458,Belgorod
2024-11-13 00:00:00+00:00,1.81375,0.0,0.32941663,Belgorod
2024-11-14 00:00:00+00:00,0.20958334,4.5249996,0.3279375,Belgorod
2024-11-15 00:00:00+00:00,0.45489582,0.70000005,0.32609376,Belgorod
2024-11-16 00:00:00+00:00,1.2736458,0.0,0.32453123,Belgorod
2024-11-17 00:00:00+00:00,3.2929168,0.0,0.32720834,Belgorod
2024-11-18 00:00:00+00:00,3.368958,0.0,0.32554165,Belgorod
2024-11-19 00:00:00+00:00,2.1470833,0.2,0.32220834,Belgorod
2024-11-20 00:00:00+00:00,3.7731252,0.0,0.31635416,Belgorod
2024-11-21 00:00:00+00:00,7.8726044,11.1,0.31801042,Belgorod
2024-11-22 00:00:00+00:00,2.0892708,0.775,0.3327396,Belgorod
2024-11-23 00:00:00+00:00,6.168437,27.475,0.363625,Belgorod
2024-11-24 00:00:00+00:00,-0.83,0.9499999,0.3762813,Belgorod
2024-11-25 00:00:00+00:00,-3.1221876,0.0,0.36585417,Belgorod
2024-11-26 00:00:00+00:00,-1.9326041,0.0,0.35819793,Belgorod
2024-11-27 00:00:00+00:00,-2.2039583,0.025,0.35221875,Belgorod
2024-11-28 00:00:00+00:00,-1.627396,0.2,0.34730208,Belgorod
2024-11-29 00:00:00+00:00,-0.8826041,0.0,0.34314582,Belgorod
2024-11-30 00:00:00+00:00,-1.1622916,0.0,0.3394375,Belgorod
2024-12-01 00:00:00+00:00,-0.6820833,0.0,0.33615622,Belgorod
2024-12-02 00:00:00+00:00,-0.8904167,0.05,0.33325008,Belgorod
2024-12-03 00:00:00+00:00,-1.8565625,0.0,0.33059373,Belgorod
2024-12-04 00:00:00+00:00,-1.0977083,0.0,0.32814586,Belgorod
2024-12-05 00:00:00+00:00,-1.5185417,0.075,0.32595828,Belgorod
2024-12-06 00:00:00+00:00,-2.527917,2.6499999,0.3240104,Belgorod
2024-12-07 00:00:00+00:00,-1.7643751,0.82500005,0.32217705,Belgorod
2024-12-08 00:00:00+00:00,-1.4242709,0.0,0.32038543,Belgorod
2024-12-09 00:00:00+00:00,-0.0508333,0.0,0.31873956,Belgorod
2024-12-10 00:00:00+00:00,-0.2659375,2.5999997,0.31811458,Belgorod
2024-12-11 00:00:00+00:00,0.29500008,5.325,0.3195104,Belgorod
2024-12-12 00:00:00+00:00,-2.671146,4.675,0.3309375,Belgorod
2024-12-13 00:00:00+00:00,-5.765938,1.9250001,0.3336875,Belgorod
2024-12-14 00:00:00+00:00,-6.676354,0.0,0.33281252,Belgorod
2024-12-15 00:00:00+00:00,-1.1992708,4.4499993,0.33111453,Belgorod
2024-12-16 00:00:00+00:00,0.09864584,5.5,0.329625,Belgorod
2024-12-17 00:00:00+00:00,0.98614585,1.7250001,0.33528125,Belgorod
2024-12-18 00:00:00+00:00,-2.9013543,0.90000004,0.34153125,Belgorod
2024-12-19 00:00:00+00:00,-4.347708,1.3750001,0.34148955,Belgorod
2024-12-20 00:00:00+00:00,2.754896,0.05,0.35360414,Belgorod
2024-12-21 00:00:00+00:00,1.6054167,3.2499998,0.36995834,Belgorod
2024-12-22 00:00:00+00:00,0.42208332,0.75,0.37410414,Belgorod
2024-12-23 00:00:00+00:00,1.3647919,1.2750001,0.37463546,Belgorod
2024-12-24 00:00:00+00:00,1.4429166,0.275,0.37490624,Belgorod
2024-12-25 00:00:00+00:00,1.1835417,0.0,0.3709583,Belgorod
2024-12-26 00:00:00+00:00,-1.095625,0.0,0.3675521,Belgorod
2024-12-27 00:00:00+00:00,-1.8060417,0.0,0.3629271,Belgorod
2024-12-28 00:00:00+00:00,-1.1227083,0.0,0.35862496,Belgorod
2024-12-29 00:00:00+00:00,-1.4185417,0.0,0.35489586,Belgorod
2024-12-30 00:00:00+00:00,-0.6555208,0.05,0.35167706,Belgorod
2024-12-31 00:00:00+00:00,0.45958328,0.0,0.34905207,Belgorod
2024-01-01 00:00:00+00:00,-5.404633,0.86,0.39395833,Saratov
2024-01-02 00:00:00+00:00,-2.7054667,10.82,0.38973334,Saratov
2024-01-03 00:00:00+00:00,-7.4054656,5.0200005,0.39664167,Saratov
2024-01-04 00:00:00+00:00,-14.552549,1.76,0.39515,Saratov
2024-01-05 00:00:00+00:00,-13.0696335,0.88,0.38949165,Saratov
2024-01-06 00:00:00+00:00,-11.837967,2.14,0.38453335,Saratov
2024-01-07 00:00:00+00:00,-15.522135,2.3,0.3803833,Saratov
2024-01-08 00:00:00+00:00,-18.966717,0.0,0.37680835,Saratov
2024-01-09 00:00:00+00:00,-15.4963,0.22,0.37374997,Saratov
2024-01-10 00:00:00+00:00,-15.715883,2.88,0.3710917,Saratov
2024-01-11 00:00:00+00:00,-12.89755,5.0999994,0.3688333,Saratov
2024-01-12 00:00:00+00:00,-15.497549,0.8,0.36699995,Saratov
2024-01-13 00:00:00+00:00,-23.347965,0.0,0.36546665,Saratov
2024-01-14 00:00:00+00:00,-20.143383,0.16000001,0.36409172,Saratov
2024-01-15 00:00:00+00:00,-7.966716,4.1,0.36313334,Saratov
2024-01-16 00:00:00+00:00,-2.0737998,5.2200003,0.36196667,Saratov
2024-01-17 00:00:00+00:00,-6.9654665,4.36,0.3609583,Saratov
2024-01-18 00:00:00+00:00,-13.780049,0.14,0.3604,Saratov
2024-01-19 00:00:00+00:00,-2.0338001,4.7200003,0.362875,Saratov
2024-01-20 00:00:00+00:00,-0.22755007,8.200001,0.38169998,Saratov
2024-01-21 00:00:00+00:00,-7.99005,2.78,0.3881417,Saratov
2024-01-22 00:00:00+00:00,-17.145466,0.0,0.38451666,Saratov
2024-01-23 00:00:00+00:00,-17.333801,0.0,0.3815417,Saratov
2024-01-24 00:00:00+00:00,-12.756716,0.060000002,0.37890834,Saratov
2024-01-25 00:00:00+00:00,-10.18255,0.1,0.3764667,Saratov
2024-01-26 00:00:00+00:00,-5.0729666,1.5199999,0.374175,Saratov
2024-01-27 00:00:00+00:00,-6.6162996,0.7000001,0.37200835,Saratov
2024-01-28 00:00:00+00:00,-9.5613,0.060000002,0.3700917,Saratov
2024-01-29 00:00:00+00:00,-7.7954674,0.0,0.3684833,Saratov
2024-01-30 00:00:00+00:00,-3.7392166,0.54,0.36706662,Saratov
2024-01-31 00:00:00+00:00,-4.5350504,0.08,0.36573333,Saratov
2024-02-01 00:00:00+00:00,-2.5867167,2.8,0.36441666,Saratov
2024-02-02 00:00:00+00:00,-0.86046666,0.78000003,0.3632667,Saratov
2024-02-03 00:00:00+00:00,-4.9904666,0.26,0.36308333,Saratov
2024-02-04 00:00:00+00:00,-0.5858833,2.64,0.36240837,Saratov
2024-02-05 00:00:00+00:00,-0.67046666,3.6,0.36250004,Saratov
2024-02-06 00:00:00+00:00,-4.4992166,1.7000002,0.36218333,Saratov
2024-02-07 00:00:00+00:00,-5.4763002,3.2,0.36161664,Saratov
2024-02-08 00:00:00+00:00,-4.4358835,1.24,0.36580834,Saratov
2024-02-09 00:00:00+00:00,-10.683801,0.0,0.3682917,Saratov
2024-02-10 00:00:00+00:00,-13.032133,0.0,0.36699998,Saratov
2024-02-11 00:00:00+00:00,-12.136717,0.02,0.36561665,Saratov
2024-02-12 00:00:00+00:00,-5.4238,8.639999,0.36421672,Saratov
2024-02-13 00:00:00+00:00,0.3637001,1.44,0.37875003,Saratov
2024-02-14 00:00:00+00:00,-10.549216,1.24,0.39121667,Saratov
2024-02-15 00:00:00+00:00,-16.25255,0.0,0.38854998,Saratov
2024-02-16 00:00:00+00:00,-14.882968,0.0,0.38529167,Saratov
2024-02-17 00:00:00+00:00,-11.505884,0.0,0.38254997,Saratov
2024-02-18 00:00:00+00:00,-7.279216,1.86,0.38019168,Saratov
2024-02-19 00:00:00+00:00,-6.469217,2.5599997,0.37815005,Saratov
2024-02-20 00:00:00+00:00,-9.575883,0.0,0.37635002,Saratov
2024-02-21 00:00:00+00:00,-11.928801,0.0,0.3747583,Saratov
2024-02-22 00:00:00+00:00,-13.03005,0.0,0.37311664,Saratov
2024-02-23 00:00:00+00:00,-13.537967,0.0,0.37174997,Saratov
2024-02-24 00:00:00+00:00,-13.112134,0.0,0.37056664,Saratov
2024-02-25 00:00:00+00:00,-13.472967,0.0,0.36952502,Saratov
2024-02-26 00:00:00+00:00,-12.402967,0.0,0.36855,Saratov
2024-02-27 00:00:00+00:00,-11.491716,0.0,0.36758333,Saratov
2024-02-28 00:00:00+00:00,-9.5638,0.0,0.36671668,Saratov
2024-02-29 00:00:00+00:00,-6.302966,0.0,0.3658417,Saratov
2024-03-01 00:00:00+00:00,-4.9954667,0.0,0.3651916,Saratov
2024-03-02 00:00:00+00:00,-4.997967,0.0,0.3654583,Saratov
2024-03-03 00:00:00+00:00,-6.151717,0.0,0.3661583,Saratov
2024-03-04 00:00:00+00:00,-7.1008835,0.0,0.36561665,Saratov
2024-03-05 00:00:00+00:00,-6.4367166,0.0,0.36530003,Saratov
2024-03-06 00:00:00+00:00,-5.547967,0.04,0.36494172,Saratov
2024-03-07 00:00:00+00:00,-8.91755,0.0,0.36448336,Saratov
2024-03-08 00:00:00+00:00,-6.705467,0.2,0.36423331,Saratov
2024-03-09 00:00:00+00:00,-4.7804666,0.96000004,0.3637583,Saratov
2024-03-10 00:00:00+00:00,-6.950467,0.3,0.36399168,Saratov
2024-03-11 00:00:00+00:00,-8.27005,0.120000005,0.36371666,Saratov
2024-03-12 00:00:00+00:00,-5.2538004,0.3,0.36318332,Saratov
2024-03-13 00:00:00+00:00,-4.788383,0.0,0.36344168,Saratov
2024-03-14 00:00:00+00:00,-3.564217,0.0,0.36550832,Saratov
2024-03-15 00:00:00+00:00,-2.6571333,0.0,0.36839166,Saratov
2024-03-16 00:00:00+00:00,-1.8763001,0.0,0.3727583,Saratov
2024-03-17 00:00:00+00:00,-1.2088,0.38000003,0.37538335,Saratov
2024-03-18 00:00:00+00:00,-2.3813,0.0,0.37758335,Saratov
2024-03-19 00:00:00+00:00,-2.3508835,0.0,0.3815167,Saratov
2024-03-20 00:00:00+00:00,-2.5942166,0.0,0.38569167,Saratov
2024-03-21 00:00:00+00:00,-2.7908835,0.0,0.39029166,Saratov
2024-03-22 00:00:00+00:00,-1.9721334,0.0,0.39603335,Saratov
2024-03-23 00:00:00+00:00,-0.06796658,0.0,0.40422496,Saratov
2024-03-24 00:00:00+00:00,2.0441167,0.48000002,0.41031665,Saratov
2024-03-25 00:00:00+00:00,2.6778665,0.0,0.41819167,Saratov
2024-03-26 00:00:00+00:00,1.8245335,8.14,0.4223,Saratov
2024-03-27 00:00:00+00:00,1.7616167,4.7200003,0.4274667,Saratov
2024-03-28 00:00:00+00:00,1.4145334,0.0,0.41845003,Saratov
2024-03-29 00:00:00+00:00,3.7445335,0.73999995,0.41438332,Saratov
2024-03-30 00:00:00+00:00,4.2303667,2.72,0.41650835,Saratov
2024-03-31 00:00:00+00:00,7.9507837,0.42,0.414575,Saratov
2024-04-01 00:00:00+00:00,10.96245,0.0,0.40250835,Saratov
2024-04-02 00:00:00+00:00,12.86495,0.0,0.39515835,Saratov
2024-04-03 00:00:00+00:00,13.063284,0.48000002,0.38653332,Saratov
2024-04-04 00:00:00+00:00,11.1716175,0.65999997,0.37900832,Saratov
2024-04-05 00:00:00+00:00,9.31745,1.6600001,0.3758917,Saratov
2024-04-06 00:00:00+00:00,5.8320336,0.46000004,0.37790835,Saratov
2024-04-07 00:00:00+00:00,6.569117,0.02,0.37803334,Saratov
2024-04-08 00:00:00+00:00,11.42495,0.0,0.37385,Saratov
2024-04-09 00:00:00+00:00,13.657034,0.060000002,0.3669083,Saratov
2024-04-10 00:00:00+00:00,14.119118,0.14,0.35898334,Saratov
2024-04-11 00:00:00+00:00,14.050367,0.0,0.3497584,Saratov
2024-04-12 00:00:00+00:00,15.730783,0.1,0.33725,Saratov
2024-04-13 00:00:00+00:00,10.619116,0.02,0.33215833,Saratov
2024-04-14 00:00:00+00:00,9.911616,0.71999997,0.32623333,Saratov
2024-04-15 00:00:00+00:00,11.246201,5.7400002,0.32746667,Saratov
2024-04-16 00:00:00+00:00,10.672867,0.9199999,0.32963333,Saratov
2024-04-17 00:00:00+00:00,17.353283,0.24000001,0.32771665,Saratov
2024-04-18 00:00:00+00:00,18.5562,0.0,0.32088333,Saratov
2024-04-19 00:00:00+00:00,17.235783,0.52000004,0.31103334,Saratov
2024-04-20 00:00:00+00:00,14.623285,1.04,0.30458337,Saratov
2024-04-21 00:00:00+00:00,19.685781,0.4,0.2918917,Saratov
2024-04-22 00:00:00+00:00,17.141619,1.8,0.28257498,Saratov
2024-04-23 00:00:00+00:00,14.7412,1.56,0.27738336,Saratov
2024-04-24 00:00:00+00:00,13.324951,0.0,0.27377498,Saratov
2024-04-25 00:00:00+00:00,15.889117,0.04,0.26711667,Saratov
2024-04-26 00:00:00+00:00,18.279118,0.28000003,0.26134172,Saratov
2024-04-27 00:00:00+00:00,20.119534,0.0,0.25701672,Saratov
2024-04-28 00:00:00+00:00,19.620367,2.06,0.24955836,Saratov
2024-04-29 00:00:00+00:00,13.039533,4.9199996,0.24583335,Saratov
2024-04-30 00:00:00+00:00,13.6907835,0.0,0.24473333,Saratov
2024-05-01 00:00:00+00:00,14.065367,0.8,0.24132502,Saratov
2024-05-02 00:00:00+00:00,10.844118,0.060000002,0.23953333,Saratov
2024-05-03 00:00:00+00:00,5.41245,0.02,0.24042499,Saratov
2024-05-04 00:00:00+00:00,5.1795325,0.0,0.24089997,Saratov
2024-05-05 00:00:00+00:00,10.280783,1.36,0.23734164,Saratov
2024-05-06 00:00:00+00:00,10.374117,0.9799999,0.23418336,Saratov
2024-05-07 00:00:00+00:00,16.805367,3.44,0.23184165,Saratov
2024-05-08 00:00:00+00:00,9.206201,0.32,0.22995,Saratov
2024-05-09 00:00:00+00:00,4.28745,0.9200001,0.23322502,Saratov
2024-05-10 00:00:00+00:00,6.765783,0.1,0.23371668,Saratov
2024-05-11 00:00:00+00:00,11.5437,2.16,0.23090835,Saratov
2024-05-12 00:00:00+00:00,8.124533,7.7600007,0.23276663,Saratov
2024-05-13 00:00:00+00:00,7.441616,0.04,0.2471917,Saratov
2024-05-14 00:00:00+00:00,8.227449,0.0,0.24705,Saratov
2024-05-15 00:00:00+00:00,9.20995,0.02,0.24182498,Saratov
2024-05-16 00:00:00+00:00,10.369116,0.73999995,0.23640831,Saratov
2024-05-17 00:00:00+00:00,12.381201,0.02,0.22802499,Saratov
2024-05-18 00:00:00+00:00,13.4512,0.28000003,0.22280002,Saratov
2024-05-19 00:00:00+00:00,12.863699,0.0,0.21915834,Saratov
2024-05-20 00:00:00+00:00,14.954534,0.0,0.21115002,Saratov
2024-05-21 00:00:00+00:00,18.16745,0.060000002,0.20269164,Saratov
2024-05-22 00:00:00+00:00,18.879534,3.1200001,0.19460833,Saratov
2024-05-23 00:00:00+00:00,15.707866,2.54,0.19101666,Saratov
2024-05-24 00:00:00+00:00,12.308283,0.0,0.18804999,Saratov
2024-05-25 00:00:00+00:00,15.428284,0.0,0.18626669,Saratov
2024-05-26 00:00:00+00:00,18.87995,0.0,0.17859167,Saratov
2024-05-27 00:00:00+00:00,15.642034,0.120000005,0.17645,Saratov
2024-05-28 00:00:00+00:00,16.385784,0.0,0.17654166,Saratov
2024-05-29 00:00:00+00:00,19.361618,0.0,0.17425834,Saratov
2024-05-30 00:00:00+00:00,22.797451,0.0,0.17021668,Saratov
2024-05-31 00:00:00+00:00,25.2362,0.04,0.16786669,Saratov
2024-06-01 00:00:00+00:00,25.481617,0.1,0.16607499,Saratov
2024-06-02 00:00:00+00:00,21.97995,2.34,0.16472499,Saratov
2024-06-03 00:00:00+00:00,23.833282,0.66,0.16576667,Saratov
2024-06-04 00:00:00+00:00,24.446615,1.0400001,0.16614167,Saratov
2024-06-05 00:00:00+00:00,24.58745,0.42,0.16661668,Saratov
2024-06-06 00:00:00+00:00,23.838284,3.92,0.17113334,Saratov
2024-06-07 00:00:00+00:00,21.3662,5.5,0.17501666,Saratov
2024-06-08 00:00:00+00:00,21.02245,2.28,0.18355832,Saratov
2024-06-09 00:00:00+00:00,21.372032,0.68,0.1899667,Saratov
2024-06-10 00:00:00+00:00,23.431616,0.14000002,0.18726668,Saratov
2024-06-11 00:00:00+00:00,26.04662,0.02,0.18204167,Saratov
2024-06-12 00:00:00+00:00,26.799948,1.16,0.17910834,Saratov
2024-06-13 00:00:00+00:00,25.72995,2.92,0.17856666,Saratov
2024-06-14 00:00:00+00:00,24.153284,2.62,0.17925832,Saratov
2024-06-15 00:00:00+00:00,24.924114,1.36,0.18025002,Saratov
2024-06-16 00:00:00+00:00,27.764118,0.08,0.18044166,Saratov
2024-06-17 00:00:00+00:00,26.863699,1.46,0.17854166,Saratov
2024-06-18 00:00:00+00:00,25.493702,1.86,0.17624167,Saratov
2024-06-19 00:00:00+00:00,23.217865,0.28000003,0.17829166,Saratov
2024-06-20 00:00:00+00:00,24.360367,0.4,0.17958334,Saratov
2024-06-21 00:00:00+00:00,20.458284,18.98,0.19185,Saratov
2024-06-22 00:00:00+00:00,18.635366,4.1,0.237625,Saratov
2024-06-23 00:00:00+00:00,18.3962,0.18000002,0.24856666,Saratov
2024-06-24 00:00:00+00:00,19.0787,0.04,0.24385831,Saratov
2024-06-25 00:00:00+00:00,16.624119,0.02,0.23851664,Saratov
2024-06-26 00:00:00+00:00,17.510366,1.06,0.23511668,Saratov
2024-06-27 00:00:00+00:00,18.328283,0.48000002,0.22967501,Saratov
2024-06-28 00:00:00+00:00,18.0062,0.14000002,0.226125,Saratov
2024-06-29 00:00:00+00:00,20.223286,0.120000005,0.22246668,Saratov
2024-06-30 00:00:00+00:00,20.766617,0.0,0.21378334,Saratov
2024-07-01 00:00:00+00:00,24.526617,0.060000002,0.20601669,Saratov
2024-07-02 00:00:00+00:00,26.228703,0.04,0.19736665,Saratov
2024-07-03 00:00:00+00:00,27.384115,0.0,0.19250834,Saratov
2024-07-04 00:00:00+00:00,27.733282,3.4,0.18884167,Saratov
2024-07-05 00:00:00+00:00,28.432032,0.72,0.18605001,Saratov
2024-07-06 00:00:00+00:00,28.357864,0.060000002,0.18440834,Saratov
2024-07-07 00:00:00+00:00,25.88245,1.7,0.18422501,Saratov
2024-07-08 00:00:00+00:00,23.685368,0.0,0.18115,Saratov
2024-07-09 00:00:00+00:00,23.900784,0.0,0.17879167,Saratov
2024-07-10 00:00:00+00:00,26.062866,0.0,0.17584166,Saratov
2024-07-11 00:00:00+00:00,24.958282,0.18,0.17314167,Saratov
2024-07-12 00:00:00+00:00,21.745367,0.0,0.17157498,Saratov
2024-07-13 00:00:00+00:00,21.249119,0.0,0.17075002,Saratov
2024-07-14 00:00:00+00:00,23.755367,0.0,0.17017499,Saratov
2024-07-15 00:00:00+00:00,25.73078,0.0,0.16672501,Saratov
2024-07-16 00:00:00+00:00,25.555368,0.1,0.16414167,Saratov
2024-07-17 00:00:00+00:00,25.225782,0.0,0.163725,Saratov
2024-07-18 00:00:00+00:00,26.771616,0.0,0.16210833,Saratov
2024-07-19 00:00:00+00:00,25.668283,0.24000001,0.1609,Saratov
2024-07-20 00:00:00+00:00,25.040367,0.2,0.15998334,Saratov
2024-07-21 00:00:00+00:00,24.239117,0.2,0.16019167,Saratov
2024-07-22 00:00:00+00:00,24.079952,0.04,0.15882498,Saratov
2024-07-23 00:00:00+00:00,20.92745,0.22,0.15820831,Saratov
2024-07-24 00:00:00+00:00,19.909534,0.48000002,0.15803331,Saratov
2024-07-25 00:00:00+00:00,20.337452,2.7199998,0.15783331,Saratov
2024-07-26 00:00:00+00:00,18.855366,0.34,0.157675,Saratov
2024-07-27 00:00:00+00:00,20.166615,0.0,0.15749998,Saratov
2024-07-28 00:00:00+00:00,23.088284,0.060000002,0.15725832,Saratov
2024-07-29 00:00:00+00:00,23.753284,2.2999997,0.15717499,Saratov
2024-07-30 00:00:00+00:00,21.324533,3.3,0.16030833,Saratov
2024-07-31 00:00:00+00:00,20.497036,0.44,0.16975833,Saratov
2024-08-01 00:00:00+00:00,20.651617,1.4999998,0.17478332,Saratov
2024-08-02 00:00:00+00:00,20.254534,0.45999998,0.17962499,Saratov
2024-08-03 00:00:00+00:00,20.724117,0.26000002,0.18159997,Saratov
2024-08-04 00:00:00+00:00,22.101618,0.91999996,0.18246667,Saratov
2024-08-05 00:00:00+00:00,22.313284,1.86,0.18300834,Saratov
2024-08-06 00:00:00+00:00,21.400784,8.1,0.18672499,Saratov
2024-08-07 00:00:00+00:00,21.798698,2.8799999,0.18163335,Saratov
2024-08-08 00:00:00+00:00,21.051199,6.06,0.178525,Saratov
2024-08-09 00:00:00+00:00,19.763699,2.6599998,0.18349168,Saratov
2024-08-10 00:00:00+00:00,20.451199,0.46000004,0.18766668,Saratov
2024-08-11 00:00:00+00:00,20.920366,3.8600001,0.18829998,Saratov
2024-08-12 00:00:00+00:00,17.864117,0.62,0.19080834,Saratov
2024-08-13 00:00:00+00:00,17.245783,1.8799999,0.1962,Saratov
2024-08-14 00:00:00+00:00,16.849117,2.56,0.20010833,Saratov
2024-08-15 00:00:00+00:00,16.652866,0.35999998,0.20127499,Saratov
2024-08-16 00:00:00+00:00,17.03245,0.0,0.20205,Saratov
2024-08-17 00:00:00+00:00,18.569117,0.02,0.19969165,Saratov
2024-08-18 00:00:00+00:00,22.270784,0.0,0.19718334,Saratov
2024-08-19 00:00:00+00:00,22.403702,5.1800003,0.19466667,Saratov
2024-08-20 00:00:00+00:00,24.075367,1.02,0.18643335,Saratov
2024-08-21 00:00:00+00:00,22.349533,0.45999998,0.18294168,Saratov
2024-08-22 00:00:00+00:00,19.848286,0.0,0.18100001,Saratov
2024-08-23 00:00:00+00:00,20.326616,0.0,0.17954166,Saratov
2024-08-24 00:00:00+00:00,22.3512,0.26000002,0.17895001,Saratov
2024-08-25 00:00:00+00:00,22.043283,0.14,0.17658333,Saratov
2024-08-26 00:00:00+00:00,21.6212,0.060000002,0.17554167,Saratov
2024-08-27 00:00:00+00:00,22.2512,0.0,0.17543332,Saratov
2024-08-28 00:00:00+00:00,22.272034,0.0,0.1731,Saratov
2024-08-29 00:00:00+00:00,23.5662,0.0,0.17036667,Saratov
2024-08-30 00:00:00+00:00,23.218283,0.02,0.16833332,Saratov
2024-08-31 00:00:00+00:00,21.212868,0.0,0.16688333,Saratov
2024-09-01 00:00:00+00:00,20.421616,0.0,0.16575003,Saratov
2024-09-02 00:00:00+00:00,21.160784,0.0,0.16424164,Saratov
2024-09-03 00:00:00+00:00,21.162868,0.0,0.16493335,Saratov
2024-09-04 00:00:00+00:00,18.5762,0.04,0.164875,Saratov
2024-09-05 00:00:00+00:00,15.416201,0.0,0.16590002,Saratov
2024-09-06 00:00:00+00:00,15.572451,0.0,0.16700833,Saratov
2024-09-07 00:00:00+00:00,17.825785,0.0,0.16725832,Saratov
2024-09-08 00:00:00+00:00,19.697866,0.0,0.16559167,Saratov
2024-09-09 00:00:00+00:00,21.550367,0.0,0.16524997,Saratov
2024-09-10 00:00:00+00:00,20.737034,0.14000002,0.16530833,Saratov
2024-09-11 00:00:00+00:00,22.337032,0.0,0.1649417,Saratov
2024-09-12 00:00:00+00:00,22.217869,0.0,0.16458333,Saratov
2024-09-13 00:00:00+00:00,19.746616,0.0,0.16504997,Saratov
2024-09-14 00:00:00+00:00,19.616617,0.0,0.16509998,Saratov
2024-09-15 00:00:00+00:00,19.358284,0.060000002,0.16525832,Saratov
2024-09-16 00:00:00+00:00,19.720783,0.04,0.16433333,Saratov
2024-09-17 00:00:00+00:00,17.556616,0.0,0.16481666,Saratov
2024-09-18 00:00:00+00:00,14.475782,0.0,0.16656667,Saratov
2024-09-19 00:00:00+00:00,15.719116,0.0,0.16639169,Saratov
2024-09-20 00:00:00+00:00,15.353284,0.02,0.166675,Saratov
2024-09-21 00:00:00+00:00,16.5662,0.0,0.16656666,Saratov
2024-09-22 00:00:00+00:00,15.247867,0.0,0.166675,Saratov
2024-09-23 00:00:00+00:00,11.334117,0.0,0.16598333,Saratov
2024-09-24 00:00:00+00:00,11.477033,0.0,0.16595833,Saratov
2024-09-25 00:00:00+00:00,11.324117,0.0,0.1663,Saratov
2024-09-26 00:00:00+00:00,12.995784,0.0,0.16635835,Saratov
2024-09-27 00:00:00+00:00,14.667033,0.0,0.16588332,Saratov
2024-09-28 00:00:00+00:00,15.329117,0.0,0.1652,Saratov
2024-09-29 00:00:00+00:00,16.0587,0.0,0.16459164,Saratov
2024-09-30 00:00:00+00:00,17.761618,0.0,0.1644583,Saratov
2024-10-01 00:00:00+00:00,16.907867,0.0,0.16351666,Saratov
2024-10-02 00:00:00+00:00,16.568285,0.0,0.16271666,Saratov
2024-10-03 00:00:00+00:00,14.2012005,0.0,0.1623833,Saratov
2024-10-04 00:00:00+00:00,13.139117,0.0,0.16362499,Saratov
2024-10-05 00:00:00+00:00,14.86745,0.02,0.163325,Saratov
2024-10-06 00:00:00+00:00,15.832451,0.38,0.16308333,Saratov
2024-10-07 00:00:00+00:00,18.11745,0.0,0.16282499,Saratov
2024-10-08 00:00:00+00:00,16.275366,0.9,0.16178334,Saratov
2024-10-09 00:00:00+00:00,12.113701,0.96000004,0.16246669,Saratov
2024-10-10 00:00:00+00:00,9.977034,0.060000002,0.16385002,Saratov
2024-10-11 00:00:00+00:00,6.009117,0.0,0.16404167,Saratov
2024-10-12 00:00:00+00:00,3.3641167,0.0,0.16284999,Saratov
2024-10-13 00:00:00+00:00,2.0695333,0.0,0.16343333,Saratov
2024-10-14 00:00:00+00:00,2.9070334,0.18,0.16313334,Saratov
2024-10-15 00:00:00+00:00,4.8536997,2.44,0.16500834,Saratov
2024-10-16 00:00:00+00:00,5.417033,4.36,0.16750833,Saratov
2024-10-17 00:00:00+00:00,5.8591166,1.8399999,0.17155834,Saratov
2024-10-18 00:00:00+00:00,6.599533,6.04,0.17891666,Saratov
2024-10-19 00:00:00+00:00,6.110367,4.9999995,0.19639167,Saratov
2024-10-20 00:00:00+00:00,6.6541166,3.6,0.21629167,Saratov
2024-10-21 00:00:00+00:00,7.1686997,0.02,0.23101667,Saratov
2024-10-22 00:00:00+00:00,8.2828665,0.0,0.23728335,Saratov
2024-10-23 00:00:00+00:00,9.913284,0.48000002,0.23944998,Saratov
2024-10-24 00:00:00+00:00,8.103284,0.14,0.24150829,Saratov
2024-10-25 00:00:00+00:00,5.2270327,2.08,0.24452503,Saratov
2024-10-26 00:00:00+00:00,3.80745,0.24000001,0.2464833,Saratov
2024-10-27 00:00:00+00:00,3.9491165,0.16,0.24828334,Saratov
2024-10-28 00:00:00+00:00,4.3687,0.5,0.25042495,Saratov
2024-10-29 00:00:00+00:00,5.7328672,2.1200001,0.25322503,Saratov
2024-10-30 00:00:00+00:00,3.944533,1.26,0.2592833,Saratov
2024-10-31 00:00:00+00:00,3.2699502,6.62,0.26829165,Saratov
2024-11-01 00:00:00+00:00,4.1970334,9.8,0.2875083,Saratov
2024-11-02 00:00:00+00:00,5.6249504,3.2,0.32500833,Saratov
2024-11-03 00:00:00+00:00,-0.8683831,0.120000005,0.335625,Saratov
2024-11-04 00:00:00+00:00,-0.7721333,4.9800005,0.3344167,Saratov
2024-11-05 00:00:00+00:00,-1.9929667,3.6,0.33384997,Saratov
2024-11-06 00:00:00+00:00,-3.13505,0.1,0.33077502,Saratov
2024-11-07 00:00:00+00:00,-0.9008834,0.9000001,0.32783327,Saratov
2024-11-08 00:00:00+00:00,0.7553666,0.88,0.32735834,Saratov
2024-11-09 00:00:00+00:00,2.05495,0.0,0.3297,Saratov
2024-11-10 00:00:00+00:00,3.7582831,0.02,0.33344167,Saratov
2024-11-11 00:00:00+00:00,1.1716167,0.0,0.33558333,Saratov
2024-11-12 00:00:00+00:00,0.14536667,0.0,0.34456667,Saratov
2024-11-13 00:00:00+00:00,0.38286662,0.58000004,0.35027498,Saratov
2024-11-14 00:00:00+00:00,-0.12504998,0.62,0.3472,Saratov
2024-11-15 00:00:00+00:00,0.8366167,1.9599998,0.3471083,Saratov
2024-11-16 00:00:00+00:00,0.5228666,0.36,0.3450917,Saratov
2024-11-17 00:00:00+00:00,1.0216167,0.0,0.3431166,Saratov
2024-11-18 00:00:00+00:00,2.1024501,0.02,0.343175,Saratov
2024-11-19 00:00:00+00:00,1.1012,0.9200001,0.342575,Saratov
2024-11-20 00:00:00+00:00,1.0303667,0.0,0.34492502,Saratov
2024-11-21 00:00:00+00:00,3.2957833,0.02,0.34571669,Saratov
2024-11-22 00:00:00+00:00,2.2766166,6.32,0.35799164,Saratov
2024-11-23 00:00:00+00:00,4.1232834,0.26000002,0.36226672,Saratov
2024-11-24 00:00:00+00:00,1.1382834,4.8200006,0.36819997,Saratov
2024-11-25 00:00:00+00:00,-1.5775499,1.6599998,0.367225,Saratov
2024-11-26 00:00:00+00:00,-2.6504664,0.0,0.36336666,Saratov
2024-11-27 00:00:00+00:00,-2.0179667,0.8,0.35896665,Saratov
2024-11-28 00:00:00+00:00,-1.3371334,1.3799999,0.35743338,Saratov
2024-11-29 00:00:00+00:00,-1.3729668,0.0,0.3546583,Saratov
2024-11-30 00:00:00+00:00,-0.7379667,0.060000002,0.35129166,Saratov
2024-12-01 00:00:00+00:00,-0.89921665,0.02,0.34655005,Saratov
2024-12-02 00:00:00+00:00,-1.3771333,0.28000003,0.34125,Saratov
2024-12-03 00:00:00+00:00,-1.4267166,0.0,0.33917502,Saratov
2024-12-04 00:00:00+00:00,-3.5600498,0.0,0.33734998,Saratov
2024-12-05 00:00:00+00:00,-3.5263,0.02,0.33568335,Saratov
2024-12-06 00:00:00+00:00,-5.04755,0.0,0.33412498,Saratov
2024-12-07 00:00:00+00:00,-7.1529665,0.02,0.3326667,Saratov
2024-12-08 00:00:00+00:00,-6.6788,0.0,0.3311917,Saratov
2024-12-09 00:00:00+00:00,-5.5088,0.0,0.3296333,Saratov
2024-12-10 00:00:00+00:00,-4.5558834,0.0,0.32834166,Saratov
2024-12-11 00:00:00+00:00,-2.0167167,0.14000002,0.32711664,Saratov
2024-12-12 00:00:00+00:00,-1.9538,10.219999,0.3262167,Saratov
2024-12-13 00:00:00+00:00,-5.61255,0.84000003,0.32638332,Saratov
2024-12-14 00:00:00+00:00,-8.539633,1.28,0.32565004,Saratov
2024-12-15 00:00:00+00:00,-5.645466,4.1800003,0.32459998,Saratov
2024-12-16 00:00:00+00:00,-1.9479668,4.3,0.32364166,Saratov
2024-12-17 00:00:00+00:00,-1.3113,3.08,0.32283336,Saratov
2024-12-18 00:00:00+00:00,-5.8258834,1.6599998,0.3221417,Saratov
2024-12-19 00:00:00+00:00,-11.229216,0.04,0.32119167,Saratov
2024-12-20 00:00:00+00:00,-6.270883,0.76000005,0.32041663,Saratov
2024-12-21 00:00:00+00:00,-1.1442168,0.24000001,0.32036668,Saratov
2024-12-22 00:00:00+00:00,-1.3042167,1.8000002,0.32077497,Saratov
2024-12-23 00:00:00+00:00,-5.6158834,0.96000004,0.32164162,Saratov
2024-12-24 00:00:00+00:00,-6.6233826,2.56,0.32146662,Saratov
2024-12-25 00:00:00+00:00,-2.7842166,0.88,0.32109994,Saratov
2024-12-26 00:00:00+00:00,-3.3225498,0.16,0.32041663,Saratov
2024-12-27 00:00:00+00:00,-4.4108834,0.0,0.319925,Saratov
2024-12-28 00:00:00+00:00,-4.21255,0.1,0.3193917,Saratov
2024-12-29 00:00:00+00:00,-6.73005,0.0,0.31880003,Saratov
2024-12-30 00:00:00+00:00,-6.6117163,0.2,0.31810838,Saratov
2024-12-31 00:00:00+00:00,-1.5742166,2.08,0.31751668,Saratov
2024-01-01 00:00:00+00:00,-1.6320168,1.12,0.31291664,Altai
2024-01-02 00:00:00+00:00,-1.0145166,6.02,0.31238332,Altai
2024-01-03 00:00:00+00:00,-13.660767,3.4,0.31194168,Altai
2024-01-04 00:00:00+00:00,-14.964518,0.120000005,0.3115,Altai
2024-01-05 00:00:00+00:00,-3.683683,1.36,0.31057507,Altai
2024-01-06 00:00:00+00:00,-4.5866003,1.22,0.3101334,Altai
2024-01-07 00:00:00+00:00,-6.676183,2.0800002,0.30942506,Altai
2024-01-08 00:00:00+00:00,-1.90535,7.2600007,0.30883336,Altai
2024-01-09 00:00:00+00:00,-16.68285,0.02,0.308325,Altai
2024-01-10 00:00:00+00:00,-7.537017,4.92,0.3082333,Altai
2024-01-11 00:00:00+00:00,-12.320767,1.2,0.31215835,Altai
2024-01-12 00:00:00+00:00,-17.541183,0.0,0.31239167,Altai
2024-01-13 00:00:00+00:00,-9.967434,0.02,0.3123333,Altai
2024-01-14 00:00:00+00:00,-6.1628504,5.98,0.31239167,Altai
2024-01-15 00:00:00+00:00,-21.637018,0.0,0.31475836,Altai
2024-01-16 00:00:00+00:00,-23.996601,0.0,0.3150167,Altai
2024-01-17 00:00:00+00:00,-24.714935,0.0,0.3144583,Altai
2024-01-18 00:00:00+00:00,-22.673267,0.0,0.31414166,Altai
2024-01-19 00:00:00+00:00,-19.3241,0.0,0.31359166,Altai
2024-01-20 00:00:00+00:00,-18.155767,0.0,0.31260836,Altai
2024-01-21 00:00:00+00:00,-18.597433,0.0,0.3119417,Altai
2024-01-22 00:00:00+00:00,-19.207851,0.0,0.3111667,Altai
2024-01-23 00:00:00+00:00,-15.523682,0.0,0.3103417,Altai
2024-01-24 00:00:00+00:00,-12.847017,0.0,0.30964166,Altai
2024-01-25 00:00:00+00:00,-10.317433,0.02,0.30881664,Altai
2024-01-26 00:00:00+00:00,-9.91035,0.0,0.30811664,Altai
2024-01-27 00:00:00+00:00,-9.469934,0.46000004,0.30756664,Altai
2024-01-28 00:00:00+00:00,-10.934934,1.24,0.30698332,Altai
2024-01-29 00:00:00+00:00,-16.586601,0.68,0.30633336,Altai
2024-01-30 00:00:00+00:00,-17.832018,0.18,0.30580837,Altai
2024-01-31 00:00:00+00:00,-10.629933,0.46000004,0.3054084,Altai
2024-02-01 00:00:00+00:00,-8.0791,0.28000003,0.3048833,Altai
2024-02-02 00:00:00+00:00,-7.423683,1.72,0.30458334,Altai
2024-02-03 00:00:00+00:00,-9.335767,1.44,0.30400833,Altai
2024-02-04 00:00:00+00:00,-4.363267,0.73999995,0.30380002,Altai
2024-02-05 00:00:00+00:00,-5.9799333,0.04,0.30420834,Altai
2024-02-06 00:00:00+00:00,-8.198267,0.0,0.3045917,Altai
2024-02-07 00:00:00+00:00,-6.097017,0.72,0.3047083,Altai
2024-02-08 00:00:00+00:00,-3.677433,1.5000001,0.30449998,Altai
2024-02-09 00:00:00+00:00,1.7909,8.78,0.30485833,Altai
2024-02-10 00:00:00+00:00,-2.1445167,10.240001,0.32373333,Altai
2024-02-11 00:00:00+00:00,-13.452016,1.18,0.3330167,Altai
2024-02-12 00:00:00+00:00,-16.24285,0.46000004,0.3331667,Altai
2024-02-13 00:00:00+00:00,-12.622017,0.0,0.332025,Altai
2024-02-14 00:00:00+00:00,-7.8666,8.58,0.330725,Altai
2024-02-15 00:00:00+00:00,-25.729517,0.02,0.329375,Altai
2024-02-16 00:00:00+00:00,-28.828684,0.02,0.3283167,Altai
2024-02-17 00:00:00+00:00,-24.273266,0.96000016,0.32726666,Altai
2024-02-18 00:00:00+00:00,-25.4166,0.34,0.32600835,Altai
2024-02-19 00:00:00+00:00,-28.431183,0.0,0.32493335,Altai
2024-02-20 00:00:00+00:00,-28.351599,0.0,0.32403332,Altai
2024-02-21 00:00:00+00:00,-28.36535,0.0,0.32308328,Altai
2024-02-22 00:00:00+00:00,-25.468266,0.0,0.32219997,Altai
2024-02-23 00:00:00+00:00,-19.602852,0.0,0.32133332,Altai
2024-02-24 00:00:00+00:00,-18.229935,0.0,0.320425,Altai
2024-02-25 00:00:00+00:00,-14.267433,1.7,0.3195917,Altai
2024-02-26 00:00:00+00:00,-11.275351,1.6600001,0.31880838,Altai
2024-02-27 00:00:00+00:00,-12.140349,0.08,0.31794998,Altai
2024-02-28 00:00:00+00:00,-11.449933,0.0,0.31714165,Altai
2024-02-29 00:00:00+00:00,-7.9099326,0.16000001,0.31648332,Altai
2024-03-01 00:00:00+00:00,-6.962433,1.3800001,0.31569162,Altai
2024-03-02 00:00:00+00:00,-7.5699334,0.36,0.31506667,Altai
2024-03-03 00:00:00+00:00,-8.543684,0.120000005,0.31445,Altai
2024-03-04 00:00:00+00:00,-7.1116004,3.1199994,0.3138667,Altai
2024-03-05 00:00:00+00:00,-5.2682667,0.060000002,0.31322503,Altai
2024-03-06 00:00:00+00:00,-5.710767,0.0,0.31303337,Altai
2024-03-07 00:00:00+00:00,-5.6874332,0.68,0.312575,Altai
2024-03-08 00:00:00+00:00,-7.6940994,0.58000004,0.3122,Altai
2024-03-09 00:00:00+00:00,-1.897433,0.060000002,0.311625,Altai
2024-03-10 00:00:00+00:00,1.3154833,0.96000004,0.31531668,Altai
2024-03-11 00:00:00+00:00,-1.53535,2.1399999,0.32215002,Altai
2024-03-12 00:00:00+00:00,-3.3982666,5.26,0.32454166,Altai
2024-03-13 00:00:00+00:00,-7.281183,0.76000005,0.3254667,Altai
2024-03-14 00:00:00+00:00,-8.240351,0.38000003,0.32485837,Altai
2024-03-15 00:00:00+00:00,-8.379933,0.7600001,0.32374167,Altai
2024-03-16 00:00:00+00:00,-5.042017,1.1,0.32285833,Altai
2024-03-17 00:00:00+00:00,-3.2420166,0.04,0.3218667,Altai
2024-03-18 00:00:00+00:00,-2.727433,0.0,0.321275,Altai
2024-03-19 00:00:00+00:00,1.1292334,1.12,0.324825,Altai
2024-03-20 00:00:00+00:00,-2.24785,1.3599999,0.33476663,Altai
2024-03-21 00:00:00+00:00,-6.6357665,0.0,0.33699164,Altai
2024-03-22 00:00:00+00:00,-4.362433,0.0,0.3347667,Altai
2024-03-23 00:00:00+00:00,-1.85035,0.0,0.33533332,Altai
2024-03-24 00:00:00+00:00,-0.1945167,0.0,0.34145,Altai
2024-03-25 00:00:00+00:00,1.2542334,1.2,0.3538,Altai
2024-03-26 00:00:00+00:00,-0.54535,0.08,0.3611583,Altai
2024-03-27 00:00:00+00:00,3.6450665,0.060000002,0.36610833,Altai
2024-03-28 00:00:00+00:00,4.4100666,0.5,0.3764667,Altai
2024-03-29 00:00:00+00:00,5.2675667,1.6599998,0.38430002,Altai
2024-03-30 00:00:00+00:00,4.2409,2.34,0.3857,Altai
2024-03-31 00:00:00+00:00,1.9500666,1.0200001,0.38035002,Altai
2024-04-01 00:00:00+00:00,2.7600665,0.74000007,0.37184167,Altai
2024-04-02 00:00:00+00:00,3.925483,1.3399999,0.367225,Altai
2024-04-03 00:00:00+00:00,2.5109,0.28,0.36394995,Altai
2024-04-04 00:00:00+00:00,5.010066,0.0,0.35879165,Altai
2024-04-05 00:00:00+00:00,8.1863165,0.0,0.35086662,Altai
2024-04-06 00:00:00+00:00,9.686733,0.0,0.3395416,Altai
2024-04-07 00:00:00+00:00,6.77715,0.120000005,0.33235833,Altai
2024-04-08 00:00:00+00:00,8.171316,0.88,0.32385004,Altai
2024-04-09 00:00:00+00:00,7.643817,3.92,0.32418334,Altai
2024-04-10 00:00:00+00:00,4.4434,6.6200004,0.336325,Altai
2024-04-11 00:00:00+00:00,1.6029835,5.1800003,0.3439,Altai
2024-04-12 00:00:00+00:00,-0.33826667,0.24000004,0.34515828,Altai
2024-04-13 00:00:00+00:00,6.5488176,0.42000002,0.34374166,Altai
2024-04-14 00:00:00+00:00,11.559234,1.2,0.33884165,Altai
2024-04-15 00:00:00+00:00,7.7792344,2.98,0.3356083,Altai
2024-04-16 00:00:00+00:00,3.4346497,0.24000001,0.32795,Altai
2024-04-17 00:00:00+00:00,9.131317,1.0200001,0.32145,Altai
2024-04-18 00:00:00+00:00,12.723816,1.6600001,0.31738335,Altai
2024-04-19 00:00:00+00:00,10.82715,7.0800004,0.3164,Altai
2024-04-20 00:00:00+00:00,6.0629835,0.0,0.31352502,Altai
2024-04-21 00:00:00+00:00,9.965067,0.0,0.3059,Altai
2024-04-22 00:00:00+00:00,10.004649,0.14000002,0.29406667,Altai
2024-04-23 00:00:00+00:00,3.6396499,0.62,0.2839333,Altai
2024-04-24 00:00:00+00:00,-0.7941,0.38000003,0.28045005,Altai
2024-04-25 00:00:00+00:00,0.5034,0.2,0.27692494,Altai
2024-04-26 00:00:00+00:00,3.0146499,0.0,0.27235833,Altai
2024-04-27 00:00:00+00:00,6.6863165,0.0,0.26689172,Altai
2024-04-28 00:00:00+00:00,11.5284,0.38000003,0.25970834,Altai
2024-04-29 00:00:00+00:00,11.446317,6.34,0.2535166,Altai
2024-04-30 00:00:00+00:00,5.154234,3.6199996,0.2578833,Altai
2024-05-01 00:00:00+00:00,2.5913167,8.5,0.27280003,Altai
2024-05-02 00:00:00+00:00,7.257983,5.1800003,0.28350836,Altai
2024-05-03 00:00:00+00:00,9.026733,2.1200001,0.28815,Altai
2024-05-04 00:00:00+00:00,12.145899,2.5,0.28890833,Altai
2024-05-05 00:00:00+00:00,13.574234,6.84,0.28444165,Altai
2024-05-06 00:00:00+00:00,7.4229836,0.9,0.29394165,Altai
2024-05-07 00:00:00+00:00,11.482985,0.02,0.29195,Altai
2024-05-08 00:00:00+00:00,13.786734,0.060000002,0.281125,Altai
2024-05-09 00:00:00+00:00,16.516315,0.0,0.26769167,Altai
2024-05-10 00:00:00+00:00,18.419233,1.3199999,0.2533083,Altai
2024-05-11 00:00:00+00:00,12.1434,7.4,0.24703331,Altai
2024-05-12 00:00:00+00:00,12.390901,0.0,0.24732499,Altai
2024-05-13 00:00:00+00:00,15.469233,0.0,0.24065003,Altai
2024-05-14 00:00:00+00:00,19.263401,3.0400002,0.232325,Altai
2024-05-15 00:00:00+00:00,12.161317,11.059999,0.23389998,Altai
2024-05-16 00:00:00+00:00,9.880899,0.16,0.24498335,Altai
2024-05-17 00:00:00+00:00,12.564651,0.0,0.24167499,Altai
2024-05-18 00:00:00+00:00,16.812151,0.0,0.23404165,Altai
2024-05-19 00:00:00+00:00,17.135067,4.5199995,0.22873333,Altai
2024-05-20 00:00:00+00:00,16.607151,5.4000006,0.23117499,Altai
2024-05-21 00:00:00+00:00,15.2000675,2.6399999,0.23260002,Altai
2024-05-22 00:00:00+00:00,14.446317,3.6,0.23349166,Altai
2024-05-23 00:00:00+00:00,15.819651,2.22,0.23095,Altai
2024-05-24 00:00:00+00:00,16.216732,0.82000005,0.22640833,Altai
2024-05-25 00:00:00+00:00,12.204234,3.6800003,0.22481665,Altai
2024-05-26 00:00:00+00:00,11.77965,7.8,0.235225,Altai
2024-05-27 00:00:00+00:00,11.069233,10.160001,0.2513,Altai
2024-05-28 00:00:00+00:00,7.503817,8.320001,0.28958336,Altai
2024-05-29 00:00:00+00:00,9.480066,6.1400003,0.297875,Altai
2024-05-30 00:00:00+00:00,7.7854834,6.1400003,0.3089667,Altai
2024-05-31 00:00:00+00:00,7.3363166,3.42,0.31851667,Altai
2024-06-01 00:00:00+00:00,10.079649,0.0,0.30892497,Altai
2024-06-02 00:00:00+00:00,13.027567,2.8399997,0.29858333,Altai
2024-06-03 00:00:00+00:00,14.703816,0.9,0.29442495,Altai
2024-06-04 00:00:00+00:00,12.983816,7.1,0.29720002,Altai
2024-06-05 00:00:00+00:00,14.307566,0.04,0.3028583,Altai
2024-06-06 00:00:00+00:00,20.371317,2.3200002,0.29319167,Altai
2024-06-07 00:00:00+00:00,20.030897,6.46,0.28881663,Altai
2024-06-08 00:00:00+00:00,19.678816,5.7599998,0.29359996,Altai
2024-06-09 00:00:00+00:00,18.415483,5.0,0.29946667,Altai
2024-06-10 00:00:00+00:00,20.357983,8.76,0.29484996,Altai
2024-06-11 00:00:00+00:00,19.4659,12.58,0.31436667,Altai
2024-06-12 00:00:00+00:00,16.920483,5.16,0.3311917,Altai
2024-06-13 00:00:00+00:00,18.905067,1.1,0.32466668,Altai
2024-06-14 00:00:00+00:00,21.778816,0.54,0.30988336,Altai
2024-06-15 00:00:00+00:00,22.0434,7.5,0.298,Altai
2024-06-16 00:00:00+00:00,22.024231,2.3600001,0.29320836,Altai
2024-06-17 00:00:00+00:00,23.529648,2.6,0.28459167,Altai
2024-06-18 00:00:00+00:00,18.807148,4.9199996,0.28305,Altai
2024-06-19 00:00:00+00:00,15.2192335,0.04,0.28198332,Altai
2024-06-20 00:00:00+00:00,16.210484,0.75999993,0.27550003,Altai
2024-06-21 00:00:00+00:00,21.862982,0.0,0.26463336,Altai
2024-06-22 00:00:00+00:00,24.566734,0.060000002,0.25164166,Altai
2024-06-23 00:00:00+00:00,25.727985,0.0,0.23975833,Altai
2024-06-24 00:00:00+00:00,26.557983,0.3,0.23166668,Altai
2024-06-25 00:00:00+00:00,24.694233,1.8399999,0.22618333,Altai
2024-06-26 00:00:00+00:00,25.50715,0.0,0.22125833,Altai
2024-06-27 00:00:00+00:00,26.027985,0.0,0.21412496,Altai
2024-06-28 00:00:00+00:00,26.50465,0.0,0.20867503,Altai
2024-06-29 00:00:00+00:00,27.471317,0.08,0.20504168,Altai
2024-06-30 00:00:00+00:00,24.165066,11.96,0.2042,Altai
2024-07-01 00:00:00+00:00,22.262568,7.1800003,0.22116669,Altai
2024-07-02 00:00:00+00:00,21.263401,0.62,0.22735831,Altai
2024-07-03 00:00:00+00:00,19.187984,5.06,0.22878332,Altai
2024-07-04 00:00:00+00:00,19.191317,3.5199997,0.22920835,Altai
2024-07-05 00:00:00+00:00,19.15965,4.78,0.2319,Altai
2024-07-06 00:00:00+00:00,20.5909,1.3199999,0.23359165,Altai
2024-07-07 00:00:00+00:00,21.426733,5.2000003,0.23371668,Altai
2024-07-08 00:00:00+00:00,20.74715,14.0,0.24102502,Altai
2024-07-09 00:00:00+00:00,18.687151,6.5,0.2568583,Altai
2024-07-10 00:00:00+00:00,19.407566,0.66,0.262025,Altai
2024-07-11 00:00:00+00:00,21.247982,0.44000006,0.25607502,Altai
2024-07-12 00:00:00+00:00,22.212982,0.24000001,0.24711664,Altai
2024-07-13 00:00:00+00:00,22.966318,0.0,0.23678334,Altai
2024-07-14 00:00:00+00:00,23.782984,0.16,0.22838333,Altai
2024-07-15 00:00:00+00:00,25.529652,0.26000002,0.22158334,Altai
2024-07-16 00:00:00+00:00,21.25465,5.84,0.22153333,Altai
2024-07-17 00:00:00+00:00,22.9759,2.22,0.22423336,Altai
2024-07-18 00:00:00+00:00,21.929651,9.04,0.22462504,Altai
2024-07-19 00:00:00+00:00,20.71715,6.8599997,0.23223333,Altai
2024-07-20 00:00:00+00:00,19.761318,7.9199996,0.247625,Altai
2024-07-21 00:00:00+00:00,20.264233,6.2200003,0.28488335,Altai
2024-07-22 00:00:00+00:00,19.2959,8.160001,0.30114165,Altai
2024-07-23 00:00:00+00:00,21.2034,0.5,0.29736668,Altai
2024-07-24 00:00:00+00:00,23.433817,0.08,0.2861833,Altai
2024-07-25 00:00:00+00:00,23.415066,0.28000003,0.27560002,Altai
2024-07-26 00:00:00+00:00,25.026316,0.0,0.26584998,Altai
2024-07-27 00:00:00+00:00,24.799234,0.58000004,0.25613335,Altai
2024-07-28 00:00:00+00:00,22.745483,7.2400002,0.25468335,Altai
2024-07-29 00:00:00+00:00,21.778814,11.78,0.28081667,Altai
2024-07-30 00:00:00+00:00,21.654234,0.28000003,0.27475,Altai
2024-07-31 00:00:00+00:00,22.321316,0.08,0.26386666,Altai
2024-08-01 00:00:00+00:00,23.4784,0.0,0.253425,Altai
2024-08-02 00:00:00+00:00,24.4334,0.0,0.24365833,Altai
2024-08-03 00:00:00+00:00,22.927982,8.940001,0.23824167,Altai
2024-08-04 00:00:00+00:00,21.225485,0.5400001,0.24169163,Altai
2024-08-05 00:00:00+00:00,18.982151,5.6,0.24100836,Altai
2024-08-06 00:00:00+00:00,19.880901,2.58,0.24507499,Altai
2024-08-07 00:00:00+00:00,21.022152,4.44,0.24389167,Altai
2024-08-08 00:00:00+00:00,20.647984,4.08,0.24512501,Altai
2024-08-09 00:00:00+00:00,20.292984,11.48,0.25915,Altai
2024-08-10 00:00:00+00:00,18.533817,11.9800005,0.29869166,Altai
2024-08-11 00:00:00+00:00,16.107983,1.26,0.31237498,Altai
2024-08-12 00:00:00+00:00,17.373816,1.78,0.30560833,Altai
2024-08-13 00:00:00+00:00,19.942566,0.4,0.2973166,Altai
2024-08-14 00:00:00+00:00,22.946316,0.24000001,0.28365004,Altai
2024-08-15 00:00:00+00:00,23.972149,1.6200001,0.27052498,Altai
2024-08-16 00:00:00+00:00,20.370483,5.2799997,0.26630002,Altai
2024-08-17 00:00:00+00:00,20.35465,1.14,0.26785833,Altai
2024-08-18 00:00:00+00:00,18.436316,5.0,0.264175,Altai
2024-08-19 00:00:00+00:00,17.875065,4.16,0.26559168,Altai
2024-08-20 00:00:00+00:00,19.879232,4.5600004,0.26410833,Altai
2024-08-21 00:00:00+00:00,17.457567,3.7599998,0.2608,Altai
2024-08-22 00:00:00+00:00,18.350483,0.48000002,0.25858337,Altai
2024-08-23 00:00:00+00:00,20.968817,2.82,0.251975,Altai
2024-08-24 00:00:00+00:00,20.01715,2.66,0.24834163,Altai
2024-08-25 00:00:00+00:00,15.825483,6.84,0.25032502,Altai
2024-08-26 00:00:00+00:00,15.059649,2.06,0.25577497,Altai
2024-08-27 00:00:00+00:00,14.760066,0.96000004,0.2567667,Altai
2024-08-28 00:00:00+00:00,15.365901,0.0,0.25517502,Altai
2024-08-29 00:00:00+00:00,16.245066,0.16,0.25190002,Altai
2024-08-30 00:00:00+00:00,16.152567,2.6599998,0.2505667,Altai
2024-08-31 00:00:00+00:00,14.905484,10.300001,0.25414166,Altai
2024-09-01 00:00:00+00:00,12.759649,9.42,0.27566665,Altai
2024-09-02 00:00:00+00:00,11.141733,4.8599997,0.30244166,Altai
2024-09-03 00:00:00+00:00,12.796316,10.36,0.31611666,Altai
2024-09-04 00:00:00+00:00,13.260485,5.12,0.32930002,Altai
2024-09-05 00:00:00+00:00,13.851733,9.320001,0.34082502,Altai
2024-09-06 00:00:00+00:00,10.700483,0.9,0.34880832,Altai
2024-09-07 00:00:00+00:00,10.591318,1.2,0.34111664,Altai
2024-09-08 00:00:00+00:00,11.551733,2.74,0.33603334,Altai
2024-09-09 00:00:00+00:00,13.0804825,0.42000002,0.3300083,Altai
2024-09-10 00:00:00+00:00,13.682567,1.52,0.32199997,Altai
2024-09-11 00:00:00+00:00,10.839232,0.04,0.31549168,Altai
2024-09-12 00:00:00+00:00,9.4434,1.3199999,0.31011665,Altai
2024-09-13 00:00:00+00:00,9.8159,0.93999994,0.30888337,Altai
2024-09-14 00:00:00+00:00,10.6284,1.1800001,0.30601668,Altai
2024-09-15 00:00:00+00:00,9.402984,6.2200003,0.30567497,Altai
2024-09-16 00:00:00+00:00,4.887983,0.14000002,0.31664166,Altai
2024-09-17 00:00:00+00:00,5.2542334,0.060000002,0.3106833,Altai
2024-09-18 00:00:00+00:00,7.4079833,0.0,0.30228332,Altai
2024-09-19 00:00:00+00:00,10.051733,0.0,0.289625,Altai
2024-09-20 00:00:00+00:00,13.692151,0.8999999,0.27477497,Altai
2024-09-21 00:00:00+00:00,13.5492325,1.5799998,0.2639167,Altai
2024-09-22 00:00:00+00:00,14.3784,0.0,0.25372502,Altai
2024-09-23 00:00:00+00:00,13.172983,1.36,0.24635002,Altai
2024-09-24 00:00:00+00:00,8.247984,0.5,0.24437496,Altai
2024-09-25 00:00:00+00:00,5.5909,0.26,0.24510834,Altai
2024-09-26 00:00:00+00:00,4.0684,0.32,0.24397504,Altai
2024-09-27 00:00:00+00:00,2.6604836,0.9200001,0.24441664,Altai
2024-09-28 00:00:00+00:00,3.4508998,0.02,0.24232498,Altai
2024-09-29 00:00:00+00:00,6.2033997,0.0,0.239,Altai
2024-09-30 00:00:00+00:00,11.1359005,0.120000005,0.23161669,Altai
2024-10-01 00:00:00+00:00,12.831732,0.0,0.22001667,Altai
2024-10-02 00:00:00+00:00,9.341733,0.02,0.21056671,Altai
2024-10-03 00:00:00+00:00,5.116733,0.0,0.20752501,Altai
2024-10-04 00:00:00+00:00,6.1242332,0.0,0.20249996,Altai
2024-10-05 00:00:00+00:00,7.9908996,0.0,0.19547501,Altai
2024-10-06 00:00:00+00:00,12.097982,0.5,0.18974166,Altai
2024-10-07 00:00:00+00:00,10.536316,0.08,0.18494163,Altai
2024-10-08 00:00:00+00:00,8.386733,0.02,0.18354167,Altai
2024-10-09 00:00:00+00:00,11.736733,0.64,0.18245001,Altai
2024-10-10 00:00:00+00:00,7.3234,0.120000005,0.18114166,Altai
2024-10-11 00:00:00+00:00,5.4363165,5.9800005,0.18076667,Altai
2024-10-12 00:00:00+00:00,0.12715006,9.460001,0.19259167,Altai
2024-10-13 00:00:00+00:00,-2.9411833,0.44000006,0.20419998,Altai
2024-10-14 00:00:00+00:00,-2.47535,0.84000003,0.20782502,Altai
2024-10-15 00:00:00+00:00,-1.6536834,0.0,0.209475,Altai
2024-10-16 00:00:00+00:00,-1.3778499,0.0,0.21059167,Altai
2024-10-17 00:00:00+00:00,-1.3016,0.0,0.21109167,Altai
2024-10-18 00:00:00+00:00,-1.0161833,0.0,0.21149166,Altai
2024-10-19 00:00:00+00:00,-0.28534994,0.0,0.2116417,Altai
2024-10-20 00:00:00+00:00,2.8042333,0.0,0.21193333,Altai
2024-10-21 00:00:00+00:00,4.6563163,1.22,0.21262503,Altai
2024-10-22 00:00:00+00:00,3.1671503,0.48000002,0.21479169,Altai
2024-10-23 00:00:00+00:00,4.317983,3.0800002,0.21800835,Altai
2024-10-24 00:00:00+00:00,5.420067,3.8199997,0.22749166,Altai
2024-10-25 00:00:00+00:00,7.292983,1.76,0.23304999,Altai
2024-10-26 00:00:00+00:00,7.2834,2.3,0.23704168,Altai
2024-10-27 00:00:00+00:00,5.9759,1.5199999,0.24056664,Altai
2024-10-28 00:00:00+00:00,5.07965,9.04,0.250675,Altai
2024-10-29 00:00:00+00:00,1.3829833,4.4400005,0.2643083,Altai
2024-10-30 00:00:00+00:00,0.9871501,0.8,0.26980835,Altai
2024-10-31 00:00:00+00:00,1.5292333,3.58,0.27187505,Altai
2024-11-01 00:00:00+00:00,1.8708999,1.8199997,0.2781,Altai
2024-11-02 00:00:00+00:00,4.0354834,1.36,0.2822083,Altai
2024-11-03 00:00:00+00:00,7.282567,0.56000006,0.2836167,Altai
2024-11-04 00:00:00+00:00,9.193399,3.02,0.28301668,Altai
2024-11-05 00:00:00+00:00,-0.43201655,3.9600005,0.28831667,Altai
2024-11-06 00:00:00+00:00,3.4058998,5.48,0.29634997,Altai
2024-11-07 00:00:00+00:00,-0.13910003,0.71999997,0.305375,Altai
2024-11-08 00:00:00+00:00,-2.598683,1.12,0.30218333,Altai
2024-11-09 00:00:00+00:00,-4.2928495,0.70000005,0.2998833,Altai
2024-11-10 00:00:00+00:00,-0.8974333,6.7799997,0.2979583,Altai
2024-11-11 00:00:00+00:00,-2.3253503,7.4200006,0.29585004,Altai
2024-11-12 00:00:00+00:00,-9.76785,0.7,0.3036417,Altai
2024-11-13 00:00:00+00:00,-11.019934,0.78000003,0.31275836,Altai
2024-11-14 00:00:00+00:00,-7.3036833,4.9,0.31019998,Altai
2024-11-15 00:00:00+00:00,-2.75285,2.3399997,0.30779168,Altai
2024-11-16 00:00:00+00:00,-5.3474336,0.18000002,0.30565,Altai
2024-11-17 00:00:00+00:00,-3.8995166,0.02,0.30369166,Altai
2024-11-18 00:00:00+00:00,-3.5586834,0.0,0.30179167,Altai
2024-11-19 00:00:00+00:00,-4.707017,0.0,0.2999833,Altai
2024-11-20 00:00:00+00:00,-5.0732665,0.96000004,0.29835,Altai
2024-11-21 00:00:00+00:00,-0.96201646,3.6599998,0.29671663,Altai
2024-11-22 00:00:00+00:00,-4.119517,1.86,0.29543334,Altai
2024-11-23 00:00:00+00:00,-8.741183,0.04,0.29415,Altai
2024-11-24 00:00:00+00:00,-7.8116007,1.02,0.29285002,Altai
2024-11-25 00:00:00+00:00,-8.785767,0.0,0.29156667,Altai
2024-11-26 00:00:00+00:00,-9.90785,0.0,0.29044998,Altai
2024-11-27 00:00:00+00:00,-11.000349,0.0,0.289425,Altai
2024-11-28 00:00:00+00:00,-9.424517,0.0,0.28830832,Altai
2024-11-29 00:00:00+00:00,-4.9528494,0.08,0.28738332,Altai
2024-11-30 00:00:00+00:00,-7.182017,0.0,0.28652495,Altai
2024-12-01 00:00:00+00:00,-7.5191,1.4200001,0.28559166,Altai
2024-12-02 00:00:00+00:00,-7.5641007,0.72,0.28503335,Altai
2024-12-03 00:00:00+00:00,-7.052433,0.060000002,0.28425837,Altai
2024-12-04 00:00:00+00:00,-7.242434,0.0,0.28368336,Altai
2024-12-05 00:00:00+00:00,-7.7741,0.0,0.28335002,Altai
2024-12-06 00:00:00+00:00,-7.4120164,0.38000003,0.2826167,Altai
2024-12-07 00:00:00+00:00,-5.2282667,2.06,0.28222507,Altai
2024-12-08 00:00:00+00:00,-11.794934,1.5599998,0.2815167,Altai
2024-12-09 00:00:00+00:00,-18.383266,0.1,0.28114167,Altai
2024-12-10 00:00:00+00:00,-22.090351,0.0,0.28067502,Altai
2024-12-11 00:00:00+00:00,-12.537018,0.16000001,0.28005832,Altai
2024-12-12 00:00:00+00:00,-8.463684,0.060000002,0.27964997,Altai
2024-12-13 00:00:00+00:00,-8.868683,0.0,0.27919167,Altai
2024-12-14 00:00:00+00:00,-4.7982664,0.39999998,0.27862498,Altai
2024-12-15 00:00:00+00:00,-2.3816,4.14,0.27811664,Altai
2024-12-16 00:00:00+00:00,-13.00535,0.38000003,0.2778,Altai
2024-12-17 00:00:00+00:00,-17.25327,0.0,0.27740833,Altai
2024-12-18 00:00:00+00:00,-12.812433,0.0,0.27681667,Altai
2024-12-19 00:00:00+00:00,-9.335767,0.0,0.2765583,Altai
2024-12-20 00:00:00+00:00,-6.9678497,1.26,0.27608332,Altai
2024-12-21 00:00:00+00:00,-9.494933,0.46000004,0.2757,Altai
2024-12-22 00:00:00+00:00,-12.04035,0.9000001,0.27531666,Altai
2024-12-23 00:00:00+00:00,-15.134933,0.68000007,0.27476662,Altai
2024-12-24 00:00:00+00:00,-18.459517,0.0,0.27444997,Altai
2024-12-25 00:00:00+00:00,-21.07035,0.0,0.27425832,Altai
2024-12-26 00:00:00+00:00,-17.2191,0.0,0.2738,Altai
2024-12-27 00:00:00+00:00,-8.9041,0.9200001,0.2736,Altai
2024-12-28 00:00:00+00:00,-5.0716,4.2599993,0.2730167,Altai
2024-12-29 00:00:00+00:00,-6.7795167,1.36,0.27280003,Altai
2024-12-30 00:00:00+00:00,-7.9466004,0.59999996,0.27260837,Altai
2024-12-31 00:00:00+00:00,-12.415767,0.04,0.27222508,Altai
2024-01-01 00:00:00+00:00,3.129354,0.025,0.33071873,Stavropol
2024-01-02 00:00:00+00:00,3.531958,0.35000002,0.32509372,Stavropol
2024-01-03 00:00:00+00:00,3.5225835,2.1,0.32214588,Stavropol
2024-01-04 00:00:00+00:00,3.8715413,4.4,0.3251667,Stavropol
2024-01-05 00:00:00+00:00,5.1314373,4.8250003,0.33210415,Stavropol
2024-01-06 00:00:00+00:00,3.9361248,0.65000004,0.33548957,Stavropol
2024-01-07 00:00:00+00:00,3.9215415,0.0,0.33077085,Stavropol
2024-01-08 00:00:00+00:00,0.6116458,4.025,0.32829165,Stavropol
2024-01-09 00:00:00+00:00,-2.6091876,6.775,0.3397708,Stavropol
2024-01-10 00:00:00+00:00,-5.7935624,0.0,0.34043747,Stavropol
2024-01-11 00:00:00+00:00,-1.81075,0.0,0.33654162,Stavropol
2024-01-12 00:00:00+00:00,-2.8508544,5.275,0.33320835,Stavropol
2024-01-13 00:00:00+00:00,-11.0685625,0.275,0.33016667,Stavropol
2024-01-14 00:00:00+00:00,-8.573771,0.0,0.32711458,Stavropol
2024-01-15 00:00:00+00:00,-3.9659584,0.1,0.3242396,Stavropol
2024-01-16 00:00:00+00:00,1.0251874,1.1,0.32195836,Stavropol
2024-01-17 00:00:00+00:00,-1.1961666,0.05,0.32220834,Stavropol
2024-01-18 00:00:00+00:00,-0.6477291,0.0,0.32127088,Stavropol
2024-01-19 00:00:00+00:00,1.81425,0.0,0.31965625,Stavropol
2024-01-20 00:00:00+00:00,3.963729,0.425,0.31724998,Stavropol
2024-01-21 00:00:00+00:00,-1.1383542,7.675,0.3169583,Stavropol
2024-01-22 00:00:00+00:00,-4.7461667,3.6999993,0.3159375,Stavropol
2024-01-23 00:00:00+00:00,-9.075334,0.05,0.31440625,Stavropol
2024-01-24 00:00:00+00:00,-10.163876,0.0,0.31286463,Stavropol
2024-01-25 00:00:00+00:00,-5.7367916,0.0,0.31129166,Stavropol
2024-01-26 00:00:00+00:00,-4.2998123,0.0,0.30982292,Stavropol
2024-01-27 00:00:00+00:00,-2.1227293,1.6750002,0.30834374,Stavropol
2024-01-28 00:00:00+00:00,-2.1164792,1.1250001,0.30719793,Stavropol
2024-01-29 00:00:00+00:00,-5.6253333,0.05,0.30615622,Stavropol
2024-01-30 00:00:00+00:00,-7.799292,0.0,0.30503124,Stavropol
2024-01-31 00:00:00+00:00,-3.0498126,0.0,0.3039271,Stavropol
2024-02-01 00:00:00+00:00,-0.7185625,0.0,0.3033542,Stavropol
2024-02-02 00:00:00+00:00,2.004875,2.375,0.3050625,Stavropol
2024-02-03 00:00:00+00:00,0.36945838,1.5250001,0.31380206,Stavropol
2024-02-04 00:00:00+00:00,2.752271,4.2,0.3185521,Stavropol
2024-02-05 00:00:00+00:00,3.1001878,17.1,0.3383854,Stavropol
2024-02-06 00:00:00+00:00,2.7210207,4.0,0.38502085,Stavropol
2024-02-07 00:00:00+00:00,7.97727,2.7,0.3849792,Stavropol
2024-02-08 00:00:00+00:00,9.705397,0.0,0.3744584,Stavropol
2024-02-09 00:00:00+00:00,8.6918545,1.825,0.36495835,Stavropol
2024-02-10 00:00:00+00:00,9.612166,0.0,0.3553854,Stavropol
2024-02-11 00:00:00+00:00,9.226229,0.05,0.3490104,Stavropol
2024-02-12 00:00:00+00:00,9.265812,0.0,0.34590626,Stavropol
2024-02-13 00:00:00+00:00,7.669979,0.0,0.33826038,Stavropol
2024-02-14 00:00:00+00:00,7.3048744,0.0,0.33206248,Stavropol
2024-02-15 00:00:00+00:00,1.3178959,1.725,0.33045828,Stavropol
2024-02-16 00:00:00+00:00,-2.5992916,2.5,0.3306458,Stavropol
2024-02-17 00:00:00+00:00,-1.8909583,0.52500004,0.32899994,Stavropol
2024-02-18 00:00:00+00:00,-0.29825002,0.05,0.32688537,Stavropol
2024-02-19 00:00:00+00:00,0.4507084,1.575,0.3257396,Stavropol
2024-02-20 00:00:00+00:00,-0.951375,0.45000005,0.32639587,Stavropol
2024-02-21 00:00:00+00:00,-1.0248125,0.025,0.32588542,Stavropol
2024-02-22 00:00:00+00:00,-0.113875,0.0,0.32566664,Stavropol
2024-02-23 00:00:00+00:00,1.0585208,0.45000002,0.3239583,Stavropol
2024-02-24 00:00:00+00:00,-0.35918748,0.0,0.32163543,Stavropol
2024-02-25 00:00:00+00:00,-0.5529375,0.0,0.31925005,Stavropol
2024-02-26 00:00:00+00:00,0.1913333,0.0,0.31798953,Stavropol
2024-02-27 00:00:00+00:00,0.9184166,0.0,0.3164896,Stavropol
2024-02-28 00:00:00+00:00,0.8585208,0.0,0.31475005,Stavropol
2024-02-29 00:00:00+00:00,0.8830001,0.0,0.31221876,Stavropol
2024-03-01 00:00:00+00:00,1.7507083,0.0,0.31110415,Stavropol
2024-03-02 00:00:00+00:00,3.190813,0.1,0.30799997,Stavropol
2024-03-03 00:00:00+00:00,3.3757086,0.50000006,0.30396873,Stavropol
2024-03-04 00:00:00+00:00,2.8455,0.05,0.30256253,Stavropol
2024-03-05 00:00:00+00:00,3.163729,0.025,0.29965624,Stavropol
2024-03-06 00:00:00+00:00,3.951229,0.4,0.29832292,Stavropol
2024-03-07 00:00:00+00:00,1.2705,2.8749995,0.3016875,Stavropol
2024-03-08 00:00:00+00:00,0.09133331,1.3,0.30547917,Stavropol
2024-03-09 00:00:00+00:00,1.7913333,0.17500001,0.30854163,Stavropol
2024-03-10 00:00:00+00:00,2.5939374,0.0,0.30525,Stavropol
2024-03-11 00:00:00+00:00,1.256958,2.025,0.30412507,Stavropol
2024-03-12 00:00:00+00:00,0.37414575,0.0,0.30381256,Stavropol
2024-03-13 00:00:00+00:00,1.398625,0.25,0.30091664,Stavropol
2024-03-14 00:00:00+00:00,3.600187,1.2,0.2995938,Stavropol
2024-03-15 00:00:00+00:00,5.305917,0.32500002,0.29933333,Stavropol
2024-03-16 00:00:00+00:00,4.6064377,1.6750002,0.30126035,Stavropol
2024-03-17 00:00:00+00:00,5.96425,0.1,0.29925004,Stavropol
2024-03-18 00:00:00+00:00,7.6600833,0.15,0.29608327,Stavropol
2024-03-19 00:00:00+00:00,7.4095626,0.425,0.29428127,Stavropol
2024-03-20 00:00:00+00:00,4.3652916,0.77500004,0.29447922,Stavropol
2024-03-21 00:00:00+00:00,4.569458,0.0,0.29542705,Stavropol
2024-03-22 00:00:00+00:00,4.528833,1.25,0.2964584,Stavropol
2024-03-23 00:00:00+00:00,4.016333,2.3999999,0.29929167,Stavropol
2024-03-24 00:00:00+00:00,6.4819584,0.1,0.29952088,Stavropol
2024-03-25 00:00:00+00:00,4.9085207,5.45,0.29967707,Stavropol
2024-03-26 00:00:00+00:00,5.7538333,0.92499995,0.30519792,Stavropol
2024-03-27 00:00:00+00:00,8.336646,0.40000004,0.30296877,Stavropol
2024-03-28 00:00:00+00:00,9.313209,0.025,0.29363543,Stavropol
2024-03-29 00:00:00+00:00,11.512167,0.45,0.28178126,Stavropol
2024-03-30 00:00:00+00:00,11.057479,8.35,0.27526042,Stavropol
2024-03-31 00:00:00+00:00,12.092376,0.0,0.27333334,Stavropol
2024-04-01 00:00:00+00:00,13.516853,0.0,0.26445836,Stavropol
2024-04-02 00:00:00+00:00,14.4262295,0.0,0.25469792,Stavropol
2024-04-03 00:00:00+00:00,14.593417,2.9499998,0.24643749,Stavropol
2024-04-04 00:00:00+00:00,12.804874,0.6999999,0.24182288,Stavropol
2024-04-05 00:00:00+00:00,12.686126,0.0,0.23852086,Stavropol
2024-04-06 00:00:00+00:00,11.37102,0.0,0.234125,Stavropol
2024-04-07 00:00:00+00:00,12.397584,0.0,0.2283854,Stavropol
2024-04-08 00:00:00+00:00,13.869979,0.0,0.21904169,Stavropol
2024-04-09 00:00:00+00:00,14.032479,0.025,0.21326043,Stavropol
2024-04-10 00:00:00+00:00,14.127792,0.075,0.21122922,Stavropol
2024-04-11 00:00:00+00:00,15.615293,0.075,0.21102086,Stavropol
2024-04-12 00:00:00+00:00,17.223625,0.0,0.20642711,Stavropol
2024-04-13 00:00:00+00:00,16.374666,3.8749998,0.20022917,Stavropol
2024-04-14 00:00:00+00:00,15.365812,0.65000004,0.19795834,Stavropol
2024-04-15 00:00:00+00:00,16.18977,0.5,0.19810417,Stavropol
2024-04-16 00:00:00+00:00,19.101229,0.0,0.19555208,Stavropol
2024-04-17 00:00:00+00:00,20.653833,0.0,0.1917917,Stavropol
2024-04-18 00:00:00+00:00,20.558,0.0,0.18604165,Stavropol
2024-04-19 00:00:00+00:00,18.47675,0.3,0.18405207,Stavropol
2024-04-20 00:00:00+00:00,19.588207,0.05,0.18258333,Stavropol
2024-04-21 00:00:00+00:00,18.840292,2.1499999,0.18165627,Stavropol
2024-04-22 00:00:00+00:00,16.55123,0.05,0.1798125,Stavropol
2024-04-23 00:00:00+00:00,17.066854,0.0,0.18001044,Stavropol
2024-04-24 00:00:00+00:00,18.818417,0.0,0.18374999,Stavropol
2024-04-25 00:00:00+00:00,20.836645,0.0,0.19021876,Stavropol
2024-04-26 00:00:00+00:00,20.248627,0.0,0.18986459,Stavropol
2024-04-27 00:00:00+00:00,20.150187,0.0,0.19004165,Stavropol
2024-04-28 00:00:00+00:00,21.613728,0.0,0.19133334,Stavropol
2024-04-29 00:00:00+00:00,21.404354,0.25,0.19061458,Stavropol
2024-04-30 00:00:00+00:00,15.647584,2.9750001,0.19011457,Stavropol
2024-05-01 00:00:00+00:00,14.951228,5.725,0.19222917,Stavropol
2024-05-02 00:00:00+00:00,17.13404,0.0,0.18776043,Stavropol
2024-05-03 00:00:00+00:00,17.644978,0.025,0.18392709,Stavropol
2024-05-04 00:00:00+00:00,11.996021,5.325,0.18245831,Stavropol
2024-05-05 00:00:00+00:00,6.915292,12.025,0.19386457,Stavropol
2024-05-06 00:00:00+00:00,11.3585205,0.05,0.20776042,Stavropol
2024-05-07 00:00:00+00:00,13.78873,0.57500005,0.20941666,Stavropol
2024-05-08 00:00:00+00:00,15.961126,0.475,0.20737502,Stavropol
2024-05-09 00:00:00+00:00,13.56425,4.0499997,0.20513543,Stavropol
2024-05-10 00:00:00+00:00,12.8428955,2.95,0.2100833,Stavropol
2024-05-11 00:00:00+00:00,15.306959,2.5249999,0.21567708,Stavropol
2024-05-12 00:00:00+00:00,14.735605,3.8999996,0.21712498,Stavropol
2024-05-13 00:00:00+00:00,11.587688,0.47500002,0.21921876,Stavropol
2024-05-14 00:00:00+00:00,11.153313,2.25,0.22093748,Stavropol
2024-05-15 00:00:00+00:00,11.292376,2.275,0.22251044,Stavropol
2024-05-16 00:00:00+00:00,12.146542,5.65,0.22454166,Stavropol
2024-05-17 00:00:00+00:00,11.9418545,4.375,0.22600001,Stavropol
2024-05-18 00:00:00+00:00,13.2955,0.05,0.22902083,Stavropol
2024-05-19 00:00:00+00:00,14.965292,0.0,0.22599998,Stavropol
2024-05-20 00:00:00+00:00,16.735605,0.0,0.21585417,Stavropol
2024-05-21 00:00:00+00:00,18.506958,0.0,0.20535414,Stavropol
2024-05-22 00:00:00+00:00,18.591854,0.0,0.19685417,Stavropol
2024-05-23 00:00:00+00:00,18.86946,0.0,0.18962498,Stavropol
2024-05-24 00:00:00+00:00,18.853832,1.175,0.18484376,Stavropol
2024-05-25 00:00:00+00:00,15.56998,0.075,0.18346873,Stavropol
2024-05-26 00:00:00+00:00,17.080917,1.6500001,0.18376042,Stavropol
2024-05-27 00:00:00+00:00,19.15696,0.22500001,0.18213543,Stavropol
2024-05-28 00:00:00+00:00,20.585604,0.075,0.17852083,Stavropol
2024-05-29 00:00:00+00:00,21.86946,0.0,0.17386457,Stavropol
2024-05-30 00:00:00+00:00,23.854876,0.0,0.16831252,Stavropol
2024-05-31 00:00:00+00:00,24.567896,0.95,0.1628229,Stavropol
2024-06-01 00:00:00+00:00,21.805916,7.55,0.16631249,Stavropol
2024-06-02 00:00:00+00:00,23.601229,0.0,0.18186459,Stavropol
2024-06-03 00:00:00+00:00,25.197582,0.0,0.178875,Stavropol
2024-06-04 00:00:00+00:00,26.970499,0.0,0.17509374,Stavropol
2024-06-05 00:00:00+00:00,27.739773,0.0,0.17163542,Stavropol
2024-06-06 00:00:00+00:00,27.997065,0.075,0.16858333,Stavropol
2024-06-07 00:00:00+00:00,25.441332,0.575,0.16449998,Stavropol
2024-06-08 00:00:00+00:00,25.747583,0.0,0.16467708,Stavropol
2024-06-09 00:00:00+00:00,24.218414,8.775,0.16642709,Stavropol
2024-06-10 00:00:00+00:00,22.955395,3.15,0.17138542,Stavropol
2024-06-11 00:00:00+00:00,23.529354,6.200001,0.1713854,Stavropol
2024-06-12 00:00:00+00:00,25.51998,1.15,0.16653125,Stavropol
2024-06-13 00:00:00+00:00,24.422585,5.25,0.16246873,Stavropol
2024-06-14 00:00:00+00:00,25.33925,1.0,0.16482294,Stavropol
2024-06-15 00:00:00+00:00,28.278313,0.0,0.15920836,Stavropol
2024-06-16 00:00:00+00:00,26.37571,0.82500005,0.15809377,Stavropol
2024-06-17 00:00:00+00:00,26.460602,0.475,0.15605208,Stavropol
2024-06-18 00:00:00+00:00,26.35748,1.1750001,0.14883333,Stavropol
2024-06-19 00:00:00+00:00,27.794981,0.32500002,0.14496875,Stavropol
2024-06-20 00:00:00+00:00,28.589771,0.9,0.14509375,Stavropol
2024-06-21 00:00:00+00:00,23.55852,3.5500002,0.14577085,Stavropol
2024-06-22 00:00:00+00:00,23.625187,0.0,0.14726041,Stavropol
2024-06-23 00:00:00+00:00,25.32727,0.0,0.14816667,Stavropol
2024-06-24 00:00:00+00:00,28.431438,0.0,0.14808334,Stavropol
2024-06-25 00:00:00+00:00,25.938728,0.8000001,0.14785418,Stavropol
2024-06-26 00:00:00+00:00,21.212688,0.175,0.14939582,Stavropol
2024-06-27 00:00:00+00:00,19.832481,4.4000006,0.15358335,Stavropol
2024-06-28 00:00:00+00:00,22.053833,0.025,0.15694794,Stavropol
2024-06-29 00:00:00+00:00,22.805918,0.0,0.15448956,Stavropol
2024-06-30 00:00:00+00:00,25.737165,0.0,0.1523646,Stavropol
2024-07-01 00:00:00+00:00,25.887165,0.0,0.14997919,Stavropol
2024-07-02 00:00:00+00:00,24.005396,0.35000002,0.15042709,Stavropol
2024-07-03 00:00:00+00:00,25.865292,1.1,0.1494375,Stavropol
2024-07-04 00:00:00+00:00,28.698103,0.0,0.14964582,Stavropol
2024-07-05 00:00:00+00:00,31.133522,0.0,0.14878124,Stavropol
2024-07-06 00:00:00+00:00,31.469458,1.1249999,0.14805207,Stavropol
2024-07-07 00:00:00+00:00,31.989767,0.0,0.14758335,Stavropol
2024-07-08 00:00:00+00:00,32.21998,0.0,0.14735419,Stavropol
2024-07-09 00:00:00+00:00,31.336123,0.0,0.14693752,Stavropol
2024-07-10 00:00:00+00:00,29.470497,3.0,0.14661461,Stavropol
2024-07-11 00:00:00+00:00,28.007479,1.6,0.18092708,Stavropol
2024-07-12 00:00:00+00:00,29.342897,0.0,0.17990626,Stavropol
2024-07-13 00:00:00+00:00,26.30748,0.0,0.17644791,Stavropol
2024-07-14 00:00:00+00:00,26.498104,0.0,0.17300001,Stavropol
2024-07-15 00:00:00+00:00,29.102272,0.0,0.16836458,Stavropol
2024-07-16 00:00:00+00:00,31.286646,0.0,0.1644271,Stavropol
2024-07-17 00:00:00+00:00,31.115292,0.0,0.16086459,Stavropol
2024-07-18 00:00:00+00:00,29.913208,0.0,0.15796876,Stavropol
2024-07-19 00:00:00+00:00,31.308521,0.0,0.15553126,Stavropol
2024-07-20 00:00:00+00:00,29.217373,0.9,0.15365627,Stavropol
2024-07-21 00:00:00+00:00,28.671022,0.125,0.15225002,Stavropol
2024-07-22 00:00:00+00:00,29.592896,0.6,0.15090628,Stavropol
2024-07-23 00:00:00+00:00,26.311125,10.300001,0.151625,Stavropol
2024-07-24 00:00:00+00:00,24.29498,0.70000005,0.16174999,Stavropol
2024-07-25 00:00:00+00:00,23.388208,0.05,0.1696875,Stavropol
2024-07-26 00:00:00+00:00,25.569456,0.65000004,0.16910419,Stavropol
2024-07-27 00:00:00+00:00,25.243416,1.95,0.1646354,Stavropol
2024-07-28 00:00:00+00:00,24.809565,0.0,0.16395831,Stavropol
2024-07-29 00:00:00+00:00,26.848623,0.0,0.15968749,Stavropol
2024-07-30 00:00:00+00:00,27.505915,2.275,0.15777083,Stavropol
2024-07-31 00:00:00+00:00,24.75748,0.65000004,0.15812498,Stavropol
2024-08-01 00:00:00+00:00,25.154877,0.0,0.15814584,Stavropol
2024-08-02 00:00:00+00:00,26.600187,0.0,0.15677083,Stavropol
2024-08-03 00:00:00+00:00,27.95123,0.0,0.15755208,Stavropol
2024-08-04 00:00:00+00:00,29.27154,0.0,0.15579166,Stavropol
2024-08-05 00:00:00+00:00,27.553312,0.5,0.15473959,Stavropol
2024-08-06 00:00:00+00:00,25.255917,4.65,0.15528126,Stavropol
2024-08-07 00:00:00+00:00,23.924147,4.475,0.16233334,Stavropol
2024-08-08 00:00:00+00:00,25.474146,0.0,0.16546874,Stavropol
2024-08-09 00:00:00+00:00,26.565815,0.0,0.16699998,Stavropol
2024-08-10 00:00:00+00:00,27.205395,0.0,0.16497917,Stavropol
2024-08-11 00:00:00+00:00,27.580915,0.05,0.16262501,Stavropol
2024-08-12 00:00:00+00:00,26.33821,0.05,0.15971877,Stavropol
2024-08-13 00:00:00+00:00,24.748627,0.0,0.15854166,Stavropol
2024-08-14 00:00:00+00:00,22.09602,3.675,0.15795831,Stavropol
2024-08-15 00:00:00+00:00,22.742376,0.0,0.15717709,Stavropol
2024-08-16 00:00:00+00:00,23.090294,0.075,0.15621877,Stavropol
2024-08-17 00:00:00+00:00,23.437689,0.0,0.15526043,Stavropol
2024-08-18 00:00:00+00:00,24.962688,0.0,0.15403126,Stavropol
2024-08-19 00:00:00+00:00,25.393938,0.025,0.153125,Stavropol
2024-08-20 00:00:00+00:00,26.931957,0.0,0.15211457,Stavropol
2024-08-21 00:00:00+00:00,27.873627,0.0,0.15127082,Stavropol
2024-08-22 00:00:00+00:00,28.38925,0.075,0.15054165,Stavropol
2024-08-23 00:00:00+00:00,28.041332,0.1,0.14981247,Stavropol
2024-08-24 00:00:00+00:00,25.135605,1.025,0.14936456,Stavropol
2024-08-25 00:00:00+00:00,23.766333,0.9250001,0.14897914,Stavropol
2024-08-26 00:00:00+00:00,22.981438,6.8500004,0.15073958,Stavropol
2024-08-27 00:00:00+00:00,25.668415,0.0,0.15198958,Stavropol
2024-08-28 00:00:00+00:00,25.493937,0.575,0.15085416,Stavropol
2024-08-29 00:00:00+00:00,25.855394,0.0,0.15049998,Stavropol
2024-08-30 00:00:00+00:00,25.273104,0.0,0.15057293,Stavropol
2024-08-31 00:00:00+00:00,25.274147,4.3250003,0.15302084,Stavropol
2024-09-01 00:00:00+00:00,26.014774,0.05,0.15060416,Stavropol
2024-09-02 00:00:00+00:00,26.71685,0.125,0.14945835,Stavropol
2024-09-03 00:00:00+00:00,25.641855,0.65000004,0.14878124,Stavropol
2024-09-04 00:00:00+00:00,24.353832,3.1000001,0.14905208,Stavropol
2024-09-05 00:00:00+00:00,22.498623,1.15,0.15030207,Stavropol
2024-09-06 00:00:00+00:00,20.163729,3.875,0.15141667,Stavropol
2024-09-07 00:00:00+00:00,19.414772,0.025,0.15591666,Stavropol
2024-09-08 00:00:00+00:00,20.23977,0.0,0.15890625,Stavropol
2024-09-09 00:00:00+00:00,21.566334,0.65,0.16104168,Stavropol
2024-09-10 00:00:00+00:00,23.674145,1.1,0.16145834,Stavropol
2024-09-11 00:00:00+00:00,24.559042,0.0,0.15990627,Stavropol
2024-09-12 00:00:00+00:00,24.174147,0.05,0.1594271,Stavropol
2024-09-13 00:00:00+00:00,23.611124,0.0,0.1589375,Stavropol
2024-09-14 00:00:00+00:00,22.923103,0.0,0.15807293,Stavropol
2024-09-15 00:00:00+00:00,21.068417,0.0,0.15687501,Stavropol
2024-09-16 00:00:00+00:00,21.169458,0.82500005,0.15593751,Stavropol
2024-09-17 00:00:00+00:00,20.481438,2.125,0.15559375,Stavropol
2024-09-18 00:00:00+00:00,18.019459,0.4,0.15496872,Stavropol
2024-09-19 00:00:00+00:00,17.363209,0.0,0.15478125,Stavropol
2024-09-20 00:00:00+00:00,17.449667,0.0,0.15530205,Stavropol
2024-09-21 00:00:00+00:00,18.324146,0.075,0.15476042,Stavropol
2024-09-22 00:00:00+00:00,19.125708,0.0,0.1542396,Stavropol
2024-09-23 00:00:00+00:00,18.06321,2.35,0.15329166,Stavropol
2024-09-24 00:00:00+00:00,18.078835,2.675,0.15414582,Stavropol
2024-09-25 00:00:00+00:00,16.759563,2.9250002,0.15502082,Stavropol
2024-09-26 00:00:00+00:00,17.625189,4.0000005,0.16007292,Stavropol
2024-09-27 00:00:00+00:00,17.40696,0.0,0.1639375,Stavropol
2024-09-28 00:00:00+00:00,17.029875,0.0,0.16404165,Stavropol
2024-09-29 00:00:00+00:00,18.365292,0.0,0.1625521,Stavropol
2024-09-30 00:00:00+00:00,18.778313,0.0,0.16182293,Stavropol
2024-10-01 00:00:00+00:00,17.43925,0.125,0.16046876,Stavropol
2024-10-02 00:00:00+00:00,12.5616455,15.775002,0.17219792,Stavropol
2024-10-03 00:00:00+00:00,14.103313,1.0999999,0.1833125,Stavropol
2024-10-04 00:00:00+00:00,15.398105,0.0,0.18683332,Stavropol
2024-10-05 00:00:00+00:00,16.266333,0.0,0.18531252,Stavropol
2024-10-06 00:00:00+00:00,17.45227,0.0,0.1813542,Stavropol
2024-10-07 00:00:00+00:00,18.806957,0.025,0.17796876,Stavropol
2024-10-08 00:00:00+00:00,17.679874,1.175,0.17670834,Stavropol
2024-10-09 00:00:00+00:00,16.61477,0.0,0.17564583,Stavropol
2024-10-10 00:00:00+00:00,15.041855,0.0,0.17441669,Stavropol
2024-10-11 00:00:00+00:00,14.827271,0.35,0.17343749,Stavropol
2024-10-12 00:00:00+00:00,14.069458,0.30000004,0.17333335,Stavropol
2024-10-13 00:00:00+00:00,11.946541,1.7,0.17338543,Stavropol
2024-10-14 00:00:00+00:00,10.010083,0.97499996,0.1743854,Stavropol
2024-10-15 00:00:00+00:00,12.731958,0.425,0.17605212,Stavropol
2024-10-16 00:00:00+00:00,12.954355,4.4999995,0.17812501,Stavropol
2024-10-17 00:00:00+00:00,10.631958,22.900002,0.20428124,Stavropol
2024-10-18 00:00:00+00:00,8.1293545,2.3,0.24449998,Stavropol
2024-10-19 00:00:00+00:00,7.1783123,0.17500001,0.25014582,Stavropol
2024-10-20 00:00:00+00:00,6.5027914,2.4500003,0.2537917,Stavropol
2024-10-21 00:00:00+00:00,6.1382084,1.0,0.26061457,Stavropol
2024-10-22 00:00:00+00:00,7.101229,0.125,0.26526037,Stavropol
2024-10-23 00:00:00+00:00,8.868417,0.0,0.2648958,Stavropol
2024-10-24 00:00:00+00:00,11.373625,1.05,0.26322916,Stavropol
2024-10-25 00:00:00+00:00,8.854875,4.95,0.26155207,Stavropol
2024-10-26 00:00:00+00:00,6.413729,2.425,0.26843747,Stavropol
2024-10-27 00:00:00+00:00,4.6392503,0.0,0.27345836,Stavropol
2024-10-28 00:00:00+00:00,7.4746666,0.0,0.2747813,Stavropol
2024-10-29 00:00:00+00:00,10.091854,1.05,0.27246878,Stavropol
2024-10-30 00:00:00+00:00,10.229355,0.8000001,0.27141663,Stavropol
2024-10-31 00:00:00+00:00,11.575188,0.9,0.26945838,Stavropol
2024-11-01 00:00:00+00:00,11.565813,1.8499999,0.26970834,Stavropol
2024-11-02 00:00:00+00:00,12.877272,0.925,0.26823956,Stavropol
2024-11-03 00:00:00+00:00,4.893417,1.075,0.26811457,Stavropol
2024-11-04 00:00:00+00:00,4.6439376,7.275,0.27006248,Stavropol
2024-11-05 00:00:00+00:00,1.4491458,1.75,0.27862498,Stavropol
2024-11-06 00:00:00+00:00,4.3236246,0.2,0.28185415,Stavropol
2024-11-07 00:00:00+00:00,8.491854,0.05,0.2839792,Stavropol
2024-11-08 00:00:00+00:00,8.236126,0.05,0.28480205,Stavropol
2024-11-09 00:00:00+00:00,5.773104,0.0,0.28393748,Stavropol
2024-11-10 00:00:00+00:00,5.4350834,0.0,0.28264582,Stavropol
2024-11-11 00:00:00+00:00,5.3428955,0.2,0.282375,Stavropol
2024-11-12 00:00:00+00:00,4.483521,0.025,0.29829168,Stavropol
2024-11-13 00:00:00+00:00,4.259042,0.0,0.31202084,Stavropol
2024-11-14 00:00:00+00:00,5.6939373,0.075,0.3074375,Stavropol
2024-11-15 00:00:00+00:00,6.7913337,2.375,0.30477083,Stavropol
2024-11-16 00:00:00+00:00,4.560084,8.725,0.3194271,Stavropol
2024-11-17 00:00:00+00:00,2.4757085,0.0,0.33597916,Stavropol
2024-11-18 00:00:00+00:00,2.821021,0.0,0.3386146,Stavropol
2024-11-19 00:00:00+00:00,5.118417,1.075,0.33664584,Stavropol
2024-11-20 00:00:00+00:00,6.262166,0.0,0.33977085,Stavropol
2024-11-21 00:00:00+00:00,8.528833,0.0,0.3365,Stavropol
2024-11-22 00:00:00+00:00,7.3236246,0.52500004,0.33217704,Stavropol
2024-11-23 00:00:00+00:00,8.940812,0.05,0.3305208,Stavropol
2024-11-24 00:00:00+00:00,5.849667,2.625,0.3293958,Stavropol
2024-11-25 00:00:00+00:00,3.449146,1.9000001,0.32854167,Stavropol
2024-11-26 00:00:00+00:00,3.8470628,2.9,0.33273962,Stavropol
2024-11-27 00:00:00+00:00,1.3996667,15.5,0.34623957,Stavropol
2024-11-28 00:00:00+00:00,1.5314375,4.7749996,0.3630729,Stavropol
2024-11-29 00:00:00+00:00,2.294979,0.075,0.37225002,Stavropol
2024-11-30 00:00:00+00:00,1.2970625,0.0,0.37517703,Stavropol
2024-12-01 00:00:00+00:00,-0.15189584,0.0,0.38340622,Stavropol
2024-12-02 00:00:00+00:00,0.41425,0.0,0.3872083,Stavropol
2024-12-03 00:00:00+00:00,1.3663332,0.20000002,0.38738543,Stavropol
2024-12-04 00:00:00+00:00,1.6038333,0.825,0.38258332,Stavropol
2024-12-05 00:00:00+00:00,1.6652917,0.15,0.37478125,Stavropol
2024-12-06 00:00:00+00:00,1.5548749,0.125,0.37381244,Stavropol
2024-12-07 00:00:00+00:00,0.6955,0.50000006,0.36998957,Stavropol
2024-12-08 00:00:00+00:00,3.4225836,1.5250001,0.36741668,Stavropol
2024-12-09 00:00:00+00:00,3.717896,0.27500004,0.36434376,Stavropol
2024-12-10 00:00:00+00:00,3.902271,0.0,0.3593646,Stavropol
2024-12-11 00:00:00+00:00,4.436125,2.5749998,0.35388547,Stavropol
2024-12-12 00:00:00+00:00,5.358,3.3250003,0.36919793,Stavropol
2024-12-13 00:00:00+00:00,-1.7716874,2.25,0.3724375,Stavropol
2024-12-14 00:00:00+00:00,-5.025333,0.25,0.36667708,Stavropol
2024-12-15 00:00:00+00:00,-3.5253334,0.1,0.36145836,Stavropol
2024-12-16 00:00:00+00:00,-0.07325001,2.625,0.35905206,Stavropol
2024-12-17 00:00:00+00:00,4.1694584,17.199999,0.3766354,Stavropol
2024-12-18 00:00:00+00:00,3.583,5.725,0.41031253,Stavropol
2024-12-19 00:00:00+00:00,0.1751875,0.175,0.39289582,Stavropol
2024-12-20 00:00:00+00:00,1.1606041,0.0,0.38029164,Stavropol
2024-12-21 00:00:00+00:00,3.3600833,0.0,0.37238544,Stavropol
2024-12-22 00:00:00+00:00,3.8231044,0.40000004,0.36889586,Stavropol
2024-12-23 00:00:00+00:00,4.066334,0.475,0.3653021,Stavropol
2024-12-24 00:00:00+00:00,3.31425,0.2,0.36855212,Stavropol
2024-12-25 00:00:00+00:00,3.4001875,0.025,0.36547914,Stavropol
2024-12-26 00:00:00+00:00,1.5736251,0.125,0.36192712,Stavropol
2024-12-27 00:00:00+00:00,-0.41127083,0.40000007,0.3647709,Stavropol
2024-12-28 00:00:00+00:00,-0.7503333,2.275,0.36185414,Stavropol
2024-12-29 00:00:00+00:00,-1.7758541,0.075,0.36034378,Stavropol
2024-12-30 00:00:00+00:00,-1.4466875,0.075,0.3552187,Stavropol
2024-12-31 00:00:00+00:00,2.1908123,0.05,0.354125,Stavropol
